packet_row,report_date,recall_number,recalling_firm,status,classification,product_type,product_description,reason_for_recall,distribution_pattern,code_info
1,20260527,H-0814-2026,"PS Seasoning & Spices, Inc.",Ongoing,Class I,Food,"Ellsworth Sour Cream + Onion Seasoning, Part #:  180000113.  Net Wt 25.00 lbs (11.3kg).  PS Seasoning & Spices
216 W Pleasant St Iron Ridge WI  53035",Product was made with milk powder recalled by the supplier due to Salmonella contamination.,Nationwide,Lot #: 2026-51127
2,20260527,H-0835-2026,JOHN B SANFILIPPO & SONS INC,Ongoing,Class I,Food,"Good & Gather Mexican Street Corn Trail Mix 8 oz bag UPC 085239270240, 8 bags per case",potential presence of Salmonella,Nationwide,BEST BY 23/MAR/2027 GY
3,20260527,H-0844-2026,Ghirardelli Chocolate Company,Ongoing,Class I,Food,"GHIRARDELLI SWEET GROUND POWDER WHITE CHOCOLATE FLAVORED NET WT 50oz (3lbs 2oz) 1.41kg  Distributed by
Ghirardelli Chocolate Company, San Leandro, CA 94578, U.S.A.  UPC: 747599620386",Potential contamination with Salmonella.,"U.S. Distribution Pattern: AK, AZ, CA, FL, GA, ID, IL, IN, KY, MD, ME, MN, NC, NJ, NV, NY, OH, OK, OR, PA, SC, TN, TX, UT, VA, WA, WI. Foreign Distribution Pattern: Canada, Guatemala, Japan, Philippines, United Kingdom, South Korea.","Lot, Best if Used By: S394260, 7/31/2027; S494260, 7/31/2027; S594260, 7/31/2027."
4,20260527,H-0788-2026,LIQUID BLENZ CORP,Ongoing,Class II,Food,Menopause Bully 16 oz and 32 oz.,May be under-processed resulting in growth of Clostridium botulinum and lists health claims.,NY and online sales,16oz with upc: 860010984420 & 32oz with upc: 860010984437 Lots: not provided
5,20260527,H-0822-2026,Solina U.S. Holding,Ongoing,Class I,Food,"Solina 6036195 Ranch Seasoning, 50lb bag",potential to be contaminated with Salmonella,MI WI PA IL GA CA KS,"Lot: 334386, 334882-334883; Use by: 06/20/2026, 07/14/2026"
6,20260527,H-0812-2026,"Fontana Flavors, Inc",Ongoing,Class I,Food,"VG7274D1 Natural Cream of Mushroom Type Flavor, Net Weight:  50 lbs. bag.  Item #:  R5302.    For Further
Processing.  Fontana Flavors, Janesville, WI.",Product was made with milk powder recalled by the supplier due to Salmonella contamination.,"IL, TN, and outside the US to Canada","Lot Numbers:  110625F06, 112425F08, 032626F07."
7,20260527,H-0836-2026,JOHN B SANFILIPPO & SONS INC,Ongoing,Class I,Food,"Fisher Tex Mex Trail Mix 30 oz plastic jar UPC 070690275941, 6 jars per case",potential presence of Salmonella,Nationwide,BEST BY 08/06/27
8,20260527,H-0808-2026,Wellnov Supplements LLC,Ongoing,Class II,Food,"Liposomal Sleep Spray. Dosage: 6 sprays Liquid. Packaging: Aluminum bottle. 30 ml. Firm Address: VitaminAlly
LLC Chandler, AZ 85225","Deviations from current Good Manufacturing Practices (cGMP) that could lead to bacterial
pathogen and possible C. Botulinum concerns.",Products were distributed nationwide and the United States Territory of Puerto Rico.,Distribution Dates: 10/01/2025-04/08/2026 Lot Number SL0925 Expiry Date 09/2027
9,20260527,H-0823-2026,Solina U.S. Holding,Ongoing,Class I,Food,"Solina 6036443 Cheddar Cheese Powder Seasoning, 50lb bag",potential to be contaminated with Salmonella,MI WI PA IL GA CA KS,Lot:335491; Use By: 07/14/2026
10,20260527,H-0817-2026,"PS Seasoning & Spices, Inc.",Ongoing,Class I,Food,"Blackstone Parmesan Ranch Seasoning, Net Wt 7.3 oz (207g).  UPC 7 17604-04106 2.  Manufactured for North
Atlantic Imports, LLC, Logan, UT  84321.",Product was made with milk powder recalled by the supplier due to Salmonella contamination.,Nationwide,Lot #: 2025-43282  Exp 07/04/2027 or 07/05/2027 Lot 2025-46172  Exp 08/05/2027  Lot 2026-54751  Exp 08/14/2027
11,20260527,H-0807-2026,Wellnov Supplements LLC,Ongoing,Class II,Food,"Liposomal B12 Spray. Dosage: 3 sprays Liquid. Packaging: Aluminum bottle. 30 ml. Firm Address: VitaminAlly LLC Chandler, AZ 85225","Deviations from current Good Manufacturing Practices (cGMP) that could lead to bacterial
pathogen and possible C. Botulinum concerns.",Products were distributed nationwide and the United States Territory of Puerto Rico.,Distribution Dates: 10/01/2024-04/08/2026 Lot Number MB1024  Expiry Date 10/2026
12,20260527,H-0838-2026,Ghirardelli Chocolate Company,Ongoing,Class I,Food,"GHIRARDELLI PERFECTLY PREMIUM FRAPPE MIX FROZEN HOT COCOA NET WT 50oz (3lbs 2oz) 1.42kg Ingredients: ***
nonfat dry milk ***  Distributed by Ghirardelli Chocolate Company, San Leandro, CA 94578, U.S.A.  UPC:
747599662133",Potential contamination with Salmonella.,"U.S. Distribution Pattern: AK, AZ, CA, FL, GA, ID, IL, IN, KY, MD, ME, MN, NC, NJ, NV, NY, OH, OK, OR, PA, SC, TN, TX, UT, VA, WA, WI. Foreign Distribution Pattern: Canada, Guatemala, Japan, Philippines, United Kingdom, South Korea.","Lot, Best if Used By: S195260, 5/31/2027; S195261, 6/30/2027; S295260, 6/30/2027; S393260, 7/31/2027; S487260, 9/30/2027; S587260, 9/30/2027."
13,20260527,H-0827-2026,Solina U.S. Holding,Ongoing,Class I,Food,"Solina 6036087 Cr¿me Fraiche Spice Seasoning, 25lb bag",potential to be contaminated with Salmonella,MI WI PA IL GA CA KS,Lot: 334409; Use by: 06/21/2026
14,20260527,H-0826-2026,Solina U.S. Holding,Ongoing,Class I,Food,"Solina 6036277 Garlic Cream Sauce Seasoning, 40lb bag",potential to be contaminated with Salmonella,MI WI PA IL GA CA KS,Lot: 335086; Use By: 7/8/2026
15,20260527,H-0802-2026,Wellnov Supplements LLC,Ongoing,Class II,Food,"Liposomal Kids Liquid Multivitamin Drops. Dosage: 3mL Liquid. Packaging: Aluminum bottle. 90 ml. Firm Address:
Vitaminally LLC Chandler, AZ 85225","Deviations from current Good Manufacturing Practices (cGMP) that could lead to bacterial
pathogen and possible C. Botulinum concerns.",Products were distributed nationwide and the United States Territory of Puerto Rico.,Distribution Dates: 06/01/2025-04/08/2026 Lot Number KM0625 Expiry Date 06/2027
16,20260527,H-0824-2026,Solina U.S. Holding,Ongoing,Class I,Food,"Solina 6036554 Parmesan Breadstick Sauce Seasoning, 40lb bag",potential to be contaminated with Salmonella,MI WI PA IL GA CA KS,"Lot: 334856-334860; Use By: 07/05/2026, 07/06/2026"
17,20260527,H-0789-2026,LIQUID BLENZ CORP,Ongoing,Class II,Food,Fibroid Bully 16 oz and 32 oz.,May be under-processed resulting in growth of Clostridium botulinum and lists health claims.,NY and online sales,16 oz with upc: 860010984406 & 32 oz with upc: 860010984413 Lots: not provided
18,20260527,H-0830-2026,"Pork King Good, LLC",Ongoing,Class I,Food,"Pork King Good Onion & Sour Cream Seasoning.  Net Wt. 3 oz (85G) bottle.  UPC 8 50008-53861 2.  Made by Pork
King Good, Milwaukee, WI  53110.",Seasoning was made with recalled California Dairies milk powder due to Salmonella contamination.,"AL, AZ, CA, FL, GA,IL, IN, MD, MI, MO, MS, MT, NC, ND, NE, NH, NY, OH, PA, RI, TN, TX, UT, VA, WA, WI","Lot Number 329-5, Best if Used By 5/30/2027;   Lot Number 004-6, Best if Used By 6/30/2027;    Lot Number 029-6, Best if Used By 6/30/2027."
19,20260527,H-0840-2026,Ghirardelli Chocolate Company,Ongoing,Class I,Food,"GHIRARDELLI PERFECTLY PREMIUM FRAPPE MIX WHITE MOCHA NET WT 50oz (3lbs 2oz) 1.42kg Ingredients: *** nonfat dry
milk ***  Distributed by Ghirardelli Chocolate Company, San Leandro, CA 94578, U.S.A.  UPC: 747599662096",Potential contamination with Salmonella.,"U.S. Distribution Pattern: AK, AZ, CA, FL, GA, ID, IL, IN, KY, MD, ME, MN, NC, NJ, NV, NY, OH, OK, OR, PA, SC, TN, TX, UT, VA, WA, WI. Foreign Distribution Pattern: Canada, Guatemala, Japan, Philippines, United Kingdom, South Korea.","Lot, Best if Used By: S297261, 5/31/2027; S297262, 6/30/2027; S393262, 7/31/2027."
20,20260527,H-0790-2026,LIQUID BLENZ CORP,Ongoing,Class II,Food,Prostate Bully 16 oz and 32 oz,May be under-processed resulting in growth of Clostridium botulinum and lists health claims.,NY and online sales,"16 oz with upc: 860010984444 & 32 oz with upc: 860010984451 Lots: PB11333, PB29969, PB57444, PB00880, PB48552;"
21,20260527,H-0783-2026,LIQUID BLENZ CORP,Ongoing,Class II,Food,Blackseed Bitters 16 oz and 32 oz.,May be under-processed resulting in growth of Clostridium botulinum and lists health claims.,NY and online sales,"16 oz. with upc: 860005735020 & 32 oz with upc: 860005735037 Lots: BS62367, BS25400, BS11595, BS75444, BS75721, BS90605, BS34888"
22,20260527,H-0791-2026,LIQUID BLENZ CORP,Ongoing,Class II,Food,Pure Shilajit Tonic 16 oz and 32 oz,May be under-processed resulting in growth of Clostridium botulinum and lists health claims.,NY and online sales,16 oz with upc: 860010984482 & 32 oz with upc: 860010984499 Lots: not provided
23,20260527,H-0845-2026,Ghirardelli Chocolate Company,Ongoing,Class I,Food,"GHIRARDELLI SWEET GROUND POWDER CHOCOLATE & COCOA NET WT 48oz (3lbs) 1.36kg  Distributed by Ghirardelli
Chocolate Company, San Leandro, CA 94578, U.S.A.  UPC: 747599620232",Potential contamination with Salmonella.,"U.S. Distribution Pattern: AK, AZ, CA, FL, GA, ID, IL, IN, KY, MD, ME, MN, NC, NJ, NV, NY, OH, OK, OR, PA, SC, TN, TX, UT, VA, WA, WI. Foreign Distribution Pattern: Canada, Guatemala, Japan, Philippines, United Kingdom, South Korea.","Lot, Best if Used By: S293260, 12/31/2027; S293261, 1/31/2028."
24,20260527,H-0799-2026,Wellnov Supplements LLC,Ongoing,Class II,Food,"Liposomal Mens 50+ Liquid Multivitamin Drops. Dosage: 3mL Liquid. Packaging: Aluminum bottle. 90 ml. Firm
Address: Vitaminally LLC Chandler, AZ 85225.","Deviations from current Good Manufacturing Practices (cGMP) that could lead to bacterial
pathogen and possible C. Botulinum concerns.",Products were distributed nationwide and the United States Territory of Puerto Rico.,Distribution dates: 06/01/2025-04/08/2026 Lot Number M+0625 Expiry Date 06/2027
25,20260527,H-0829-2026,Solina U.S. Holding,Ongoing,Class I,Food,"Solina 6022487 Garlic Herb Topping, 50lb bag",potential to be contaminated with Salmonella,MI WI PA IL GA CA KS,Lot: 335367; Use by: 07/13/2026
26,20260527,H-0834-2026,JOHN B SANFILIPPO & SONS INC,Ongoing,Class I,Food,"Squirrel Brand Town & Country Mix 16 oz can UPC 07223805251 and 7.5 oz can UPC 07223805450.  16 oz 12 cans per
case.  7.5 oz 6 cans per case",potential presence of Salmonella,Nationwide,BEST BY 05/01/27 BEST BY 05/25/27 BEST BY 05/28/27 BEST BY 02/10/27
27,20260527,H-0831-2026,JOHN B SANFILIPPO & SONS INC,Ongoing,Class I,Food,"Southern Style Nuts Gourmet Hunter Mix 23 oz plastic jar UPC 085839073319 and 36 oz plastic jar UPC
085839071483.  23 oz 6 jars per case case and 96 jars per display.  36 oz 6 jars per case",potential presence of Salmonella,Nationwide,BEST BY 01/28/27  BEST BY 02/05/27  BEST BY 02/12/27  BEST BY 02/17/27  BEST BY 03/03/27  BEST BY 03/14/27  BEST BY 02/05/27  BEST BY 26/FEB/2027  BEST BY 13/MAR/2027  BEST BY 02/APR/2027
28,20260527,H-0832-2026,JOHN B SANFILIPPO & SONS INC,Ongoing,Class I,Food,"Southern Style Nuts Hunter Mix 30 oz plastic jar UPC 085839916302, 4 jars per case",potential presence of Salmonella,Nationwide,BEST BY 01/29/27  BEST BY 02/03/27  BEST BY 02/10/27  BEST BY 02/19/27  BEST BY 02/24/27  BEST BY 03/02/27  BEST BY 03/10/27  BEST BY 03/16/27
29,20260527,H-0804-2026,Wellnov Supplements LLC,Ongoing,Class II,Food,"Liposomal Prenatal+Postnatal Liquid Multivitamin Drops - Iron Free. Dosage: 3mL Liquid. Packaging: Aluminum
bottle. 90 ml. Firm Address: Vitaminally LLC Chandler, AZ 85225","Deviations from current Good Manufacturing Practices (cGMP) that could lead to bacterial
pathogen and possible C. Botulinum concerns.",Products were distributed nationwide and the United States Territory of Puerto Rico.,Distribution Dates: 09/01/2024-04/08/2026 Lot Number PN0824  Expiry Date 08/2026
30,20260527,H-0843-2026,Ghirardelli Chocolate Company,Ongoing,Class I,Food,"GHIRARDELLI PERFECTLY PREMIUM FRAPPE MIX VANILLA NET WT 48oz (3lbs) 1.36kg Ingredients: *** nonfat dry milk
***  Distributed by Ghirardelli Chocolate Company, San Leandro, CA 94578, U.S.A.  UPC: 747599621055",Potential contamination with Salmonella.,"U.S. Distribution Pattern: AK, AZ, CA, FL, GA, ID, IL, IN, KY, MD, ME, MN, NC, NJ, NV, NY, OH, OK, OR, PA, SC, TN, TX, UT, VA, WA, WI. Foreign Distribution Pattern: Canada, Guatemala, Japan, Philippines, United Kingdom, South Korea.","Lot, Best if Used By: S495260, 3/31/2027; S495261, 6/30/2027; S594262, 7/31/2027."
31,20260527,H-0801-2026,Wellnov Supplements LLC,Ongoing,Class II,Food,"Liposomal Collagen Booster. Dosage: 3mL Liquid. Packaging: Aluminum bottle. 90 ml. Firm Address: Vitaminally
LLC Chandler, AZ 85225.","Deviations from current Good Manufacturing Practices (cGMP) that could lead to bacterial
pathogen and possible C. Botulinum concerns.",Products were distributed nationwide and the United States Territory of Puerto Rico.,Distribution Dates: 06/01/2025-04/08/2026 Lot Number CB0625 Expiry Date 06/2027
32,20260527,H-0800-2026,Wellnov Supplements LLC,Ongoing,Class II,Food,"Liposomal Women's Liquid Multivitamin Drops with Iron. Dosage: 3mL Liquid. Packaging: Aluminum bottle. 90 ml.
Firm Address: Vitaminally LLC Chandler, AZ 85225.","Deviations from current Good Manufacturing Practices (cGMP) that could lead to bacterial
pathogen and possible C. Botulinum concerns.",Products were distributed nationwide and the United States Territory of Puerto Rico.,Distribution dates: 06/01/2025-04/08/2026 Lot Number WM0625  Expiry Date 06/2027
33,20260527,H-0848-2026,Stoltzfus Family Dairy LLC,Ongoing,Class I,Food,"Stoltzfus Family Farm Sour Cream and Onion cheese curds, 8-ounce",Product may be contaminated with Salmonella.,"NY, PA","Best by: 03/25/2026, 04/23/2026, 04/29/2026, 05/06/2026 UPC Codes: 8 59166 00201 0"
34,20260527,H-0809-2026,"Llorens Pharmaceuticals International Division, Inc.",Ongoing,Class II,Food,"Vitamin B-Complex, Vitamin C & Folic Acid Dietary Supplement, Net Wt. 8 FL Oz (237mL) Amber PET modern round
24-400 bottle, 47 SERVING PER BOTTLE, 24 bottles- 8 FL Oz (237mL) Amber PET modern round bottles per package,
Store at room. Mnfg by: Llorens Pharmaceutical Miami, FL",Foreign object: black particulate matter,"Distributed to MO, IL, NJ, NY, TX, FL, PR, MA, OK, VA, MN, IA, OH, GA, WI, WA, CA, IN, NC, CO, TN, MA, MO, WV, AZ, DE",Lot: B2025 Expiration Date:08/27
35,20260527,H-0806-2026,Wellnov Supplements LLC,Ongoing,Class II,Food,"Liposomal D3+B12 Spray. Dosage: 3 sprays Liquid. Packaging: Aluminum bottle. 30 ml. Firm Address: VitaminAlly
LLC Chandler, AZ 85225.","Deviations from current Good Manufacturing Practices (cGMP) that could lead to bacterial
pathogen and possible C. Botulinum concerns.",Products were distributed nationwide and the United States Territory of Puerto Rico.,Distribution Dates: 10/01/2024-04/08/2026 Lot Number DB1024 Expiry Date 10/2026
36,20260527,H-0803-2026,Wellnov Supplements LLC,Ongoing,Class II,Food,"Liposomal Women's Liquid Multivitamin Drops - Iron Free. Dosage: 3ml Liquid. Packaging: Aluminum bottle. 90
ml. Firm Address: Vitaminally LLC Chandler, AZ 85225.","Deviations from current Good Manufacturing Practices (cGMP) that could lead to bacterial
pathogen and possible C. Botulinum concerns.",Products were distributed nationwide and the United States Territory of Puerto Rico.,Distribution Dates: 10/01/2024-04/08/2026 Lot Number:WN0924 Expiry Date:09/2026
37,20260527,H-0842-2026,Ghirardelli Chocolate Company,Ongoing,Class I,Food,"GHIRARDELLI PERFECTLY PREMIUM FRAPPE MIX CHOCOLATE FLAVORED NET WT 50oz (3lbs 2oz) 1.42kg Ingredients: ***
nonfat dry milk ***  Distributed by Ghirardelli Chocolate Company, San Leandro, CA 94578, U.S.A.  UPC:
747599662003",Potential contamination with Salmonella.,"U.S. Distribution Pattern: AK, AZ, CA, FL, GA, ID, IL, IN, KY, MD, ME, MN, NC, NJ, NV, NY, OH, OK, OR, PA, SC, TN, TX, UT, VA, WA, WI. Foreign Distribution Pattern: Canada, Guatemala, Japan, Philippines, United Kingdom, South Korea.","Lot, Best if Used By: S397261, 2/28/2027; S397262, 4/30/2027; S397263, 6/30/2027."
38,20260527,H-0787-2026,LIQUID BLENZ CORP,Ongoing,Class II,Food,Immunity Enhancer Elderberry 16 oz and 32 oz.,May be under-processed resulting in growth of Clostridium botulinum and lists health claims.,NY and online sales,16 oz with upc: 860005735099 & 32 oz with upc: 195893965434 Lots: not provided
39,20260527,H-0797-2026,Wellnov Supplements LLC,Ongoing,Class II,Food,"Liposomal Womens 50+ Liquid Multivitamin Drops. Dosage: 3ml Liquid. Packaging: Aluminum bottle. 90 ml. Firm
Address: Vitaminally LLC Chandler, AZ 85225.","Deviations from current Good Manufacturing Practices (cGMP) that could lead to bacterial
pathogen and possible C. Botulinum concerns.",Products were distributed nationwide and the United States Territory of Puerto Rico.,Distribution dates: 10/01/2024-04/08/2026 Lot Number: W+0925  Expiry Date: 09/2027
40,20260527,H-0794-2026,LIQUID BLENZ CORP,Ongoing,Class II,Food,Liquid Blenz Good Brain Tonic 16 oz and 32 oz,May be under-processed resulting in growth of Clostridium botulinum and lists health claims.,NY and online sales,16 oz with UPC: 860010984468 & 32 oz with UPC: 860010984475 Lots: not provided
41,20260527,H-0798-2026,Wellnov Supplements LLC,Ongoing,Class II,Food,"Liposomal Mens Liquid Multivitamin  Drops. Dosage: 3mL Liquid. Packaging: Aluminum bottle. 90 ml. Firm
Address: Vitaminally LLC Chandler, AZ 85225.","Deviations from current Good Manufacturing Practices (cGMP) that could lead to bacterial
pathogen and possible C. Botulinum concerns.",Products were distributed nationwide and the United States Territory of Puerto Rico.,Distribution dates: 10/01/2024-04/08/2026 Lot Number MM0925  Expiry Date 09/2027
42,20260527,H-0828-2026,Solina U.S. Holding,Ongoing,Class I,Food,"YT 6027393 Spicy Ranch Blend, 50lb bag",potential to be contaminated with Salmonella,MI WI PA IL GA CA KS,Lot: 334912; Use by: 10/04/2026
43,20260527,H-0785-2026,LIQUID BLENZ CORP,Ongoing,Class II,Food,Pure Diabetes Bully 16 oz and 32 oz.,May be under-processed resulting in growth of Clostridium botulinum and lists health claims.,NY and online sales,"16 oz with upc: 195893374878 & 32 oz with upc: 195893984466 Lots: DB58525, DB58885, DB21000, DB58661, DB25909, DB09550, DB66236, DB52855"
44,20260527,H-0825-2026,Solina U.S. Holding,Ongoing,Class I,Food,"Solina 6036786 Instant Country Gravy Seasoning, 40lb bag",potential to be contaminated with Salmonella,MI WI PA IL GA CA KS,"Lot: 334910,334911; Use by: 01/07/2027; 01/09/2027"
45,20260527,H-0782-2026,LIQUID BLENZ CORP,Ongoing,Class II,Food,Liquid Blenz Soursop Bitters 16 oz and 32 oz.,May be under-processed resulting in growth of Clostridium botulinum and lists health claims.,NY and online sales,"16 oz with upc: 860005735006 & 32 oz with upc: 860005735013 Lots: SS75223, SS00669, SS95811, SS95114, SS11139, SS54495, SS81258, SS44886"
46,20260527,H-0795-2026,Wellnov Supplements LLC,Ongoing,Class II,Food,"Joint Nourish. Dosage:2 tablespoons (30mL). Liquid. For Oral use. Packaging: Plastic Bottle. Net Volume:480
ml. Firm Address: VitaminAlly LLC Chandler, AZ 85225.","Deviations from current Good Manufacturing Practices (cGMP) that could lead to bacterial
pathogen contamination and possible C. Botulinum concerns.",Products were distributed nationwide and the United States Territory of Puerto Rico.,Distribution dates: 10/01/2025-04/08/2026 Lot Number JN0925 Expiry Date   09/2027
47,20260527,H-0793-2026,LIQUID BLENZ CORP,Ongoing,Class II,Food,Flat Belly Bully 16 oz and 32 oz,May be under-processed resulting in growth of Clostridium botulinum and lists health claims.,NY and online sales,"16 oz with upc: 196852337118 & 32 oz with upc: 196852926770 Lots: : FBB5552, FBB6226, FBB8166, FBB8536, FBB7757, FBB5277"
48,20260527,H-0784-2026,LIQUID BLENZ CORP,Ongoing,Class II,Food,Sea Moss Tonic 16 oz and 32. oz.,May be under-processed resulting in growth of Clostridium botulinum and lists health claims.,NY and online sales,16 oz with upc: 196852654833 & 32 oz with upc: 196852456406 Lots: not provided
49,20260527,H-0818-2026,"PS Seasoning & Spices, Inc.",Ongoing,Class I,Food,"PSW21585 Save A Lot Bind 50#, Part #:  20009709.  PS Seasoning & Spices 216 W Pleasant St Iron Ridge, WI  53035.",Product was made with milk powder recalled by the supplier due to Salmonella contamination.,Nationwide,Lot #: 2025-44885  Exp 6/3/ 2028   Lot #: 2026-57603  Exp 09/21/2028
50,20260527,H-0811-2026,"Fontana Flavors, Inc",Ongoing,Class I,Food,"C0017D Natural & Artificial White Cheddar Cheese Flavor, Net Weight:  50 lbs. bag.  Item #:  8500101.  For
Further Processing.  Fontana Flavors, Janesville, WI.",Product was made with milk powder recalled by the supplier due to Salmonella contamination.,"IL, TN, and outside the US to Canada","Lot Numbers:  111925F01#1, 111925F01#2, 111925F01#3, 111925F01#4, 111925F02#1, 111925F02#2, 120925F01#1, 120925F01#2, 121725F01#1, 121725F01#2, 121725F01#3, 121725F01#4, 020426F03#1, 020426F03#2, 022426F02#1, 022426F02#2, 032426F02#1, 032426F02#2, 032426F03#1, 032426F03#2."
51,20260527,H-0813-2026,"Fontana Flavors, Inc",Ongoing,Class I,Food,"C7139D1 Natural Parmesan Cheese Flavor, Net Weight:  50 lbs. bags.  Item #:  202405.  For Further Processing.
Fontana Foods, Janesville, WI.",Product was made with milk powder recalled by the supplier due to Salmonella contamination.,"IL, TN, and outside the US to Canada","Lot Numbers:  120925F02, 010726F02, 022426F03, 031226F08, 032426F04."
52,20260527,H-0792-2026,LIQUID BLENZ CORP,Ongoing,Class II,Food,Blood Pressure Bully 16 oz and 32 oz,May be under-processed resulting in growth of Clostridium botulinum and lists health claims.,NY and online sales,"16 oz with upc: 196852985432 & 32 oz with upc: 196852553129 Lots: BP02581, BP83283, BP14888, BP95123, BP75660"
53,20260527,H-0805-2026,Wellnov Supplements LLC,Ongoing,Class II,Food,"Liposomal D3-5000IU Spray Dosage: 3 sprays Liquid. Packaging: Aluminum bottle. 30 ml. Firm Address:
Vitaminally LLC Chandler, AZ 85225.","Deviations from current Good Manufacturing Practices (cGMP) that could lead to bacterial
pathogen and possible C. Botulinum concerns.",Products were distributed nationwide and the United States Territory of Puerto Rico.,Distribution Dates: 10/01/2024-04/08/2026 Lot Number DS1024 Expiry Date 10/2026
54,20260527,H-0847-2026,Ghirardelli Chocolate Company,Ongoing,Class I,Food,"GHIRARDELLI PERFECTLY PREMIUM FRAPPE MIX CLASSIC WHITE NET WT 50oz (3lbs 2oz) 1.42kg Ingredients: *** nonfat
dry milk ***  GHIRARDELLI PERFECTLY PREMIUM FRAPPE MIX CLASSIC WHITE NET WT 10lbs (4.54kg) Ingredients: ***
nonfat dry milk ***  GHIRARDELLI PERFECTLY PREMIUM FRAPPE MIX CLASSIC WHITE NET WT 30LB (13.62kg) Ingredients:
*** nonfat dry milk ***  Distributed by Ghirardelli Chocolate Company, San Leandro, CA 94578, U.S.A.  UPC
(50oz): 747599662010 UPC (10lbs): 747599662034 UPC (30lbs): 747599419027",Potential contamination with Salmonella.,"U.S. Distribution Pattern: AK, AZ, CA, FL, GA, ID, IL, IN, KY, MD, ME, MN, NC, NJ, NV, NY, OH, OK, OR, PA, SC, TN, TX, UT, VA, WA, WI. Foreign Distribution Pattern: Canada, Guatemala, Japan, Philippines, United Kingdom, South Korea.","---50oz--- Lot, Best if Used By: S193260, 6/30/2027; S193261, 7/31/2027.  ---10lbs--- Lot, Best if Used By: S296260A03, 7/31/2027; S292260A03, 7/31/2027; S292260A03, 8/31/2027; S292261A03, 8/31/2027.  ---30lbs--- Lot, Best if Used By: S396260A03, 7/31/2027; S496260A03, 7/31/2027."
55,20260527,H-0839-2026,Ghirardelli Chocolate Company,Ongoing,Class I,Food,"GHIRARDELLI PERFECTLY PREMIUM FRAPPE MIX MOCHA NET WT 50oz (3lbs 2oz) 1.42kg Ingredients: *** nonfat dry milk
***  Distributed by Ghirardelli Chocolate Company, San Leandro, CA 94578, U.S.A.  UPC: 747599662119",Potential contamination with Salmonella.,"U.S. Distribution Pattern: AK, AZ, CA, FL, GA, ID, IL, IN, KY, MD, ME, MN, NC, NJ, NV, NY, OH, OK, OR, PA, SC, TN, TX, UT, VA, WA, WI. Foreign Distribution Pattern: Canada, Guatemala, Japan, Philippines, United Kingdom, South Korea.","Lot, Best if Used By: S295261, 4/30/2027; S295262, 6/30/2027; S395260, 6/30/2027; S588260, 6/30/2027; S187260, 8/31/2027."
56,20260527,H-0815-2026,"PS Seasoning & Spices, Inc.",Ongoing,Class I,Food,"1P Original Smokehouse Unit for 300 lbs. of Meat, Part #: 180002964.  Net Wt 15.10 lbs (6.85kg).  PS Seasoning
& Spices 216W Pleasant St Iron Ridge, WI  53035.",Product was made with milk powder recalled by the supplier due to Salmonella contamination.,Nationwide,Lot #: 2025-44770  Exp 05/27/2027
57,20260527,H-0820-2026,Solina U.S. Holding,Ongoing,Class I,Food,"Solina 6035415 Sourdough Cheese Crouton Seasoning, 50lb bag",potential to be contaminated with Salmonella,MI WI PA IL GA CA KS,Lot: 355048; Use by 7/8/2026
58,20260527,H-0816-2026,"PS Seasoning & Spices, Inc.",Ongoing,Class I,Food,"1P Jalapeno Heat Unit for 300 lbs of Meat, Part #:  180002945.  Net Wt 18 lbs (8.20kg).   PS Seasoning &
Spices 216W Pleasant St Iron Ridge, WI  53035.",Product was made with milk powder recalled by the supplier due to Salmonella contamination.,Nationwide,Lot #: 2025-44769  Exp 05/27/2027
59,20260527,H-0786-2026,LIQUID BLENZ CORP,Ongoing,Class II,Food,Pure Libido Drink 16 oz and 32 oz.,May be under-processed resulting in growth of Clostridium botulinum and lists health claims.,NY and online sales,"16 oz with upc: 195893463176 & 32 oz with upc: 195893949991 Lots: LB08560, LB18863, LB76882, LB84633, LB55881"
60,20260527,H-0833-2026,JOHN B SANFILIPPO & SONS INC,Ongoing,Class I,Food,"Squirrel Brand Travelers Mix 16 oz can UPC 07223899166, 12 cans per case",potential presence of Salmonella,Nationwide,BEST BY 04/30/27  BEST BY 05/28/27  BEST BY 06/24/27
61,20260527,H-0819-2026,"PS Seasoning & Spices, Inc.",Ongoing,Class I,Food,"Non Fat Dry Milk 1#, Part #: 02000014P.  Net Wt 1 lb (453g)  PS Seasoning & Spices 216 W Pleasant St Iron Ridge, WI  53035.",Product was made with milk powder recalled by the supplier due to Salmonella contamination.,Nationwide,Lot #: 2025-45065  Exp 06/06/2027
62,20260527,H-0821-2026,Solina U.S. Holding,Ongoing,Class I,Food,"Solina 6035687 Bayou Blackened Ranch Seasoning, 25lb bag",potential to be contaminated with Salmonella,MI WI PA IL GA CA KS,Lot: 335314-335315; Use by 07/13/2026
63,20260527,H-0810-2026,Shining Sea Fish Co. LLC,Ongoing,Class I,Food,"MA Cohen's Kippered Herring vacuum packed, weight provided at retail, UPC  7232577992",Clostridium botulinum is an uncontrolled hazard,MI,"LOT 25079 Expiration May 03 2026, LOT 25055 Expiration May 12 2026, LOT 25028 Expiration June 03 2026, LOT 26344 Expiration July 22 2026"
64,20260527,H-0796-2026,Wellnov Supplements LLC,Ongoing,Class II,Food,"FulviLife Complex. Dosage:2 tablespoons (30mL). Liquid. Packaging: Plastic Bottle. Net Volume:16 fl oz (480
ml). Firm Address: VitaminAlly LLC Chandler, AZ 85225.","Deviations from current Good Manufacturing Practices (cGMP) that could lead to bacterial
pathogen and possible C. Botulinum concerns.",Products were distributed nationwide and the United States Territory of Puerto Rico.,Distribution dates: 10/01/2024-04/08/2026 Lot Number: FL1024  Expiry Date: 10/2026
65,20260527,H-0846-2026,Ghirardelli Chocolate Company,Ongoing,Class I,Food,"GHIRARDELLI PREMIUM HOT COCOA MIX NET WT 32oz (2lbs) 907g Ingredients: *** nonfat dry milk ***  Distributed by
Ghirardelli Chocolate Company, San Leandro, CA 94578, U.S.A.  UPC: 747599620126",Potential contamination with Salmonella.,"U.S. Distribution Pattern: AK, AZ, CA, FL, GA, ID, IL, IN, KY, MD, ME, MN, NC, NJ, NV, NY, OH, OK, OR, PA, SC, TN, TX, UT, VA, WA, WI. Foreign Distribution Pattern: Canada, Guatemala, Japan, Philippines, United Kingdom, South Korea.","Lot, Best if Used By: S550250A04, 5/31/2027; S149250A04, 6/30/2027; S249250A04, 6/30/2027; S349250A04, 6/30/2027; S449250A04, 6/30/2027; S549250A04, 6/30/2027."
66,20260527,H-0841-2026,Ghirardelli Chocolate Company,Ongoing,Class I,Food,"GHIRARDELLI PERFECTLY PREMIUM FRAPPE MIX CHOCOLATE FLAVORED NET WT 10lbs (4.54kg) Ingredients: *** nonfat dry
milk ***  GHIRARDELLI PERFECTLY PREMIUM FRAPPE MIX CHOCOLATE FLAVORED NET WT 30LB (13.61kg) Ingredients: ***
nonfat dry milk ***  Distributed by Ghirardelli Chocolate Company, San Leandro, CA 94578  UPC (10lbs):
747599662027 UPC (30lbs): 747599418983",Potential contamination with Salmonella.,"U.S. Distribution Pattern: AK, AZ, CA, FL, GA, ID, IL, IN, KY, MD, ME, MN, NC, NJ, NV, NY, OH, OK, OR, PA, SC, TN, TX, UT, VA, WA, WI. Foreign Distribution Pattern: Canada, Guatemala, Japan, Philippines, United Kingdom, South Korea.","---10lbs--- Lot, Best if Used By: S295260A03, 7/31/2027; S395260A03, 7/31/2027.  ---30lbs--- Lot, Best if Used By: S195260A03, 5/31/2027; S195261A03, 7/31/2027; S291260A03, 7/31/2027; S295260A03, 7/31/2027; S596260A03, 7/31/2027; S191260A03, 8/31/2027; S291261A03, 8/31/2027."
67,20260520,H-0770-2026,Dakota Honey Company,Ongoing,Class II,Food,"Dakota Honey Company Spreadable Spun Honey, Salted Caramel.  Stir before use.   Produced in Winner, SD.
Packaged in the following sized plastic jars:   1.  Net Wt 4 oz (113g) UPC 8 60012-41981 4.   2.  Net Wt 12 oz
(340g) UPC 8 60010-57964 0.",Foreign object (stainless steel dust/flakes or shreds of plastic),"Retail locations in FL, GA, and SD   Internet sales Nationwide","Honey does not have any code on container.   1.  4 oz spun honey purchased from December 19, 2025 to April 3, 2026   2.  12 oz spun honey purchased from February 25, 2026 to April 3, 2026"
68,20260520,H-0773-2026,FINESALER LLC,Terminated,Class II,Food,Alain MILLIAT; MARMELADE ORANGE; 300 g 10.6 oz; packaged in glass jars,"Product may contain foreign objects, specifically glass.",MA,C250422AT DDM: 04/2028
69,20260520,H-0775-2026,WE R NUTS,Ongoing,Class II,Food,"Uncle Giuseppe's Marketplace Milk Chocolate Bridge Mix, 11 oz Net Wt, packed in clear tamper resistant plastic
container. UPC 812235023309.  Distributed by: WE R NUTS LLC, 99 Seaview Blvd, Port Washington, NY 11050","Contains undeclared allergens (cashews, milk, and soy).","NY, NJ",Sell By dates range from 9/4/26-11/6/26. UPC: 812235023309
70,20260520,H-0771-2026,Dakota Honey Company,Ongoing,Class II,Food,"Dakota Honey Company Spreadable Spun Honey, Jalapeno.  Stir before use.   Produced in Winner, SD.  Packaged in
the following sized plastic jars:   1.  Net Wt 4 oz (113g) UPC 8 60012-41982 1.   2.  Net Wt 12 oz (340g)  UPC
8 60010-57965 7.",Foreign object (stainless steel dust/flakes or shreds of plastic),"Retail locations in FL, GA, and SD   Internet sales Nationwide","Honey does not have any code on container.   1.  4 oz spun honey purchased from December 19, 2025 to April 3, 2026   2.  12 oz spun honey purchased from February 25, 2026 to April 3, 2026"
71,20260520,H-0772-2026,Dakota Honey Company,Ongoing,Class II,Food,"Dakota Honey Company the Honey Flight.  4 Flavors of Spreadable Spun Honey Original - Salted Caramel -
Cinnamon - Jalapeno.  UPC 8 60010-57968 8.  4 - 4 oz (340g) jars.  Net Wt 16 oz (454g).   Produced in Winner,
SD.",Foreign object (stainless steel dust/flakes or shreds of plastic),"Retail locations in FL, GA, and SD   Internet sales Nationwide","Honey does not have any code on container.   4 oz spun honey Flights purchased from December 19, 2025 to April 3, 2026"
72,20260520,H-0778-2026,Raja Foods and Vegetables Inc.,Ongoing,Class II,Food,Swad Mango Flavored Masala Candy,Contains undeclared Blue 1,"NY, NJ, DE, MA, PA, MD, CT, CA, NH, VT,",Lot: RF CA25301 UPC: 5117939557 Use by: APRIL 2027
73,20260520,H-0853-2026,"Pure Ground Ingredients, Inc.",Completed,Class I,Food,"Pure Ground Ingredients-Organic Peppermint Leaf Powder. wholesale bulk; tea/food manufacturers. Closed
container stored in a cool settings at ambient/room temperature, free of direct sunlight. Packaging: Box with
poly liner. Net wt: total produced 581 lbs. Firm Name/Address: Pure Ground Ingredients; 2535 Business Parkway,
Minden NV 89423",Product has the potential to be contaminated with Salmonella.,Distributed to CA.,"Lot#: PEPO-5234171TZM-PW-858Q, Best if used by: January 2028"
74,20260520,H-0774-2026,"Ferris Coffee and Nut Company, Inc.",Ongoing,Class II,Food,"Frederik's by meijer Vanilla Bourbon Trail Mix, packed in plastic retail-sized black bag NET WT 9 OZ (255g).
On the back of the bag is both lot number and a stamped expiration date. UPC 719283 357212; 12-9oz retail
units per case.",Undeclared allergens (wheat and soy).,"Distributed in IL, IN, KY, MI, OH, and WI.","lot # 6069-1, expiration date of 12/10/26."
75,20260520,H-0781-2026,Sugar Foods LLC,Ongoing,Class I,Food,"Kroger HOMESTYLE Cheese AND Garlic CROUTONS NET WT 5 OZ (141g) UPC 0 11110 81353 4 DISTRIBUTED BY THE KROGER
CO., CINCINNATI, OHIO 45202","Possible Salmonella in croutons. The firm was notified by their supplier that the non-fat milk
powder used to manufacture the product was recalled due to possible salmonella.","Product was shipped to distribution centers in the following states: IN, TN & WI.",BEST IF USED BY FEB 17 27  BEST IF USED BY FEB 18 27  BEST IF USED BY FEB 27 27  BEST IF USED BY FEB 28 27  BEST IF USED BY MAR 6 27  BEST IF USED BY MAR 9 27  BEST IF USED BY MAR 21 27  BEST IF USED BY APR 1 27 BEST IF USED BY APR 7 27
76,20260520,H-0779-2026,"Prospector Popcorn, LLC",Ongoing,Class II,Food,"Prospector Popcorn brand Belgian Chocolate Toffee flavored popcorn; Ingredients: Non-GMO popcorn, brown sugar,
corn syrup, butter, vanilla, baking soda, sea salt, white chocolate (sugar, palm kernel fat, skimmed milk
powder [12%], emulsifier [lecithins], natural vanilla flavoring), dark chocolate (sugar, palm kernel fat, fat
reduced cocoa powder [20%], emulsifiers [lecithins], natural vanilla flavoring), pretzels (flour, water, salt,
malt, dextrose, canola oil, yeast, soda), tofee bits (sugar, butter, almonds), coarse sea salt.; CONTAINS:
MILK, TREE NUTS (ALMONDS), WHEAT; Produced in a facility that is shared with gluten, nuts, dairy, and soy.;
Manufactured by: Prospector Popcord, LLC, Ridgefield, CT 06877; UPC: 850073852125","Products contain undeclared soy, specifically soy lecithin.",CT and NY,"Expiration dates August 5 - October 24, 2026"
77,20260520,H-0769-2026,Dakota Honey Company,Ongoing,Class II,Food,"Dakota Honey Company Spreadable Spun Honey, Cinnamon-Infused.  Stir before use.   Produced in Winner, SD.
Packaged in the following sized plastic jars:   1.  Net Wt 4 oz (113g) UPC 8 60012-41980 7.   2.  Net Wt 12 oz
(340g)  UPC 8 60010-57963 3.",Foreign object (stainless steel dust/flakes or shreds of plastic),"Retail locations in FL, GA, and SD   Internet sales Nationwide","Honey does not have any code on container.   1.  4 oz spun honey purchased from December 19, 2025 to April 3, 2026   2.  12 oz spun honey purchased from February 25, 2026 to April 3, 2026"
78,20260520,H-0777-2026,Raja Foods and Vegetables Inc.,Ongoing,Class II,Food,Swad Orange Flavored Masala Candy,Contains undeclared FD&C Yellow 6,"NY, NJ, DE, MA, PA, MD, CT, CA, NH, VT,",Lot: RF CA25233 UPC Codes: 5117939577 Use by: FEBRUARY 2027
79,20260520,H-0780-2026,"Ocinet, Inc.",Ongoing,Class II,Food,"...And Kimchi branded kimchi; packaged in 3 sizes of glass containers (126oz, 63oz, 30oz);  126oz UPC-
8541200408 62oz UPC- 8651200409 30oz UPC- 8541200411",Undeclared allergen ingredient (fish),"Product was distributed to locations in California, Texas and Georgia.",No lot numbers provided. Recall includes all product.
80,20260520,H-0768-2026,Dakota Honey Company,Ongoing,Class II,Food,"Dakota Honey Company Spreadable Spun Honey, Original.  Stir before use.  Produced in Winner, SD.  Packaged in
the following sized plastic jars:   1.  Net Wt 4 oz (113g) UPC 8 60010-57969 5.   2.  Net Wt 12 oz (340g)  UPC
8 60010-57961 9.",Foreign object (stainless steel dust/flakes or shreds of plastic),"Retail locations in FL, GA, and SD   Internet sales Nationwide","Honey does not have any code on container.   1.  4 oz spun honey purchased from December 19, 2025 to April 3, 2026   2.  12 oz spun honey purchased from February 25, 2026 to April 3, 2026"
81,20260513,H-0756-2026,Silver Moon LP dba Loard's Ice Cream,Ongoing,Class II,Food,"Banana Ice Cream - 32 oz (4 labels: Mollie Stone's; Dehoff's; Farmer Joe's, Piazza's Fine Foods) UPC: 8-12017-00903",Undeclared Yellow #5,Loard's brand distributed to Loard's Ice Cream parlors located in Northern California. Private labels distributed to grocery stores located in Northern California.,UPC: 8-12017-00903
82,20260513,H-0745-2026,Silver Moon LP dba Loard's Ice Cream,Ongoing,Class II,Food,Loard's Peppermint Ice Cream - 32 oz; 56 oz,"Undeclared Milk, Soy, Red #40.",Loard's brand distributed to Loard's Ice Cream parlors located in Northern California. Private labels distributed to grocery stores located in Northern California.,None
83,20260513,H-0699-2026,California Dairies Inc.,Ongoing,Class I,Food,"Low Heat Non-Fat Dried Milk Powder - paper bags 25 kg.  (packed under 5 labels: Off Grade NFDM Variable; Extra
Grade NFDM Standard rBST Free; Grade A NFDM LH Basic; Grade A NFDM LH Standard rBST Free; Grade A NFDM LH Tier
1 rBST Free)",Potential contamination with Salmonella.,"U.S. Distribution: Unknown and to be determined during RAC assignment. Domestic consignees pick-up product from CDI. Foreign Distribution: Mexico, Philippines, Dominican Republic.",Batch Codes for recalled product all start with  A  or  B    full list below. Batch Codes and Production Date: B22725-01-A 8/15/2025; B22725-01-B 8/15/2025; B22725-01-C 8/15/2025; B22725-01-D 8/15/2025; B22725-01-E 8/15/2025; B22725-01-F 8/15/2025; B22725-01-G 8/15/2025; B22725-01-H 8/15/2025; B22825-01-A 8/16/2025; B22825-01-B 8/16/2025; B22825-02-A 8/16/2025; B22825-02-B 8/16/2025; B22825-02-C 8/16/2025; B22825-02-D 8/16/2025; B22825-02-E 8/16/2025; B22825-02-F 8/16/2025; B22825-02-G 8/16/2025; B22825-02-H 8/16/2025; B22825-03-A 8/16/2025; B22825-03-B 8/16/2025; B22825-03-C 8/16/2025; B22825-03-D 8/16/2025; B22825-03-E 8/16/2025; B22825-03-F 8/16/2025; B22825-03-G 8/16/2025; B22825-03-H 8/16/2025; B22825-04-A 8/16/2025; B22825-04-B 8/16/2025; B22825-04-C 8/16/2025; B22825-04-D 8/16/2025; B22825-04-E 8/16/2025; B22825-04-F 8/16/2025; B22825-04-G 8/16/2025; B22825-04-H 8/16/2025; B22825-05-A 8/16/2025; B22825-05-B 8/16/2025; B22825-05-C 8/16/2025; B22825-05-D 8/16/2025; B22825-05-E 8/16/2025; B22825-05-F 8/16/2025; B22825-05-G 8/16/2025; B22825-05-H 8/16/2025; B22925-05-A 8/17/2025; B22925-05-B 8/17/2025; B22925-05-C 8/17/2025; B22925-05-D 8/17/2025; B22925-05-E 8/17/2025; B22925-05-F 8/17/2025; B22925-05-G 8/17/2025; B22925-05-H 8/17/2025; B22925-06-A 8/17/2025; B22925-06-B 8/17/2025; B22925-06-C 8/17/2025; B22925-06-D 8/17/2025; B22925-06-E 8/17/2025; B22925-06-F 8/17/2025; B22925-06-G 8/17/2025; B22925-06-H 8/17/2025; B23025-01-A 8/18/2025; B23025-01-B 8/18/2025; B23025-01-C 8/18/2025; B23025-01-D 8/18/2025; B23025-01-E 8/18/2025; B23025-01-F 8/18/2025; B23025-01-G 8/18/2025; B23025-01-H 8/18/2025; B23025-02-A 8/18/2025; B23025-02-B 8/18/2025; B23025-02-C 8/18/2025; B23025-02-D 8/18/2025; B23025-02-E 8/18/2025; B23025-02-F 8/18/2025; B23025-02-G 8/18/2025; B23025-02-H 8/18/2025; B23025-03-A 8/18/2025; B23025-03-B 8/18/2025; B23025-03-C 8/18/2025; B23025-03-D 8/18/2025; B23025-03-E 8/18/2025; B23025-03-F 8/18/2025; B23025-03-G 8/18/2025; B23025-03-H 8/18/2025; B23025-04-A 8/18/2025; B23025-04-B 8/18/2025; B23025-04-C 8/18/2025; B23025-04-D 8/18/2025; B23025-04-E 8/18/2025; B23025-04-F 8/18/2025; B23025-04-G 8/18/2025; B23025-04-H 8/18/2025; B23125-10-A 8/19/2025; B23125-10-B 8/19/2025; B23125-10-C 8/19/2025; B23125-10-D 8/19/2025; B23125-10-E 8/19/2025; B23125-10-F 8/19/2025; B23125-10-G 8/19/2025; B23125-10-H 8/19/2025; B23425-02-A 8/22/2025; B23425-02-B 8/22/2025; B23425-02-C 8/22/2025; B23425-02-D 8/22/2025; B23425-02-E 8/22/2025; B23425-02-F 8/22/2025; B23425-02-G 8/22/2025; B23425-02-H 8/22/2025; B23425-03-A 8/22/2025; B23425-03-B 8/22/2025; B23425-03-C 8/22/2025; B23425-03-D 8/22/2025; B23425-03-E 8/22/2025; B23425-03-F 8/22/2025; B23425-03-G 8/22/2025; B23425-03-H 8/22/2025; B23625-01-A 8/24/2025; B23625-01-B 8/24/2025; B23625-01-C 8/24/2025; B23625-01-D 8/24/2025; B23625-01-E 8/24/2025; B23625-01-F 8/24/2025; B23625-01-G 8/24/2025; B23625-01-H 8/24/2025; B23625-02-A 8/24/2025; B23625-02-B 8/24/2025; B23625-02-C 8/24/2025; B23625-02-D 8/24/2025; B23625-02-E 8/24/2025; B23625-02-F 8/24/2025; B23625-02-G 8/24/2025; B23625-02-H 8/24/2025; B23925-05-A 8/27/2025; B23925-05-B 8/27/2025; B23925-05-C 8/27/2025; B23925-05-D 8/27/2025; B23925-05-E 8/27/2025; B23925-05-F 8/27/2025; B23925-05-G 8/27/2025; B23925-05-H 8/27/2025; B23925-06-A 8/27/2025; B23925-06-B 8/27/2025; B23925-06-C 8/27/2025; B23925-06-D 8/27/2025; B23925-06-E 8/27/2025; B23925-06-F 8/27/2025; B23925-06-G 8/27/2025; B23925-06-H 8/27/2025; B24025-06-A 8/28/2025; B24025-06-B 8/28/2025; B24025-06-C 8/28/2025; B24025-06-D 8/28/2025; B24025-06-E 8/28/2025; B24025-06-F 8/28/2025; B24025-06-G 8/28/2025; B24025-06-H 8/28/2025; B24025-07-A 8/28/2025; B24025-07-B 8/28/2025; B24025-07-C 8/28/2025; B24025-07-D 8/28/2025; B24025-07-E 8/28/2025; B24025-07-F 8/28/2025; B24025-07-G 8/28/2025; B24025-07-H 8/28/2025; B24125-01-A 8/29/2025; B24125-01-B 8/29/2025; B24125-01-C 8/29/2025; B24125-01-D 8/29/2025; B24125-01-E 8/29/2025; B24125-01-F 8/29/2025; B24125-01-G 8/29/2025; B24125-01-H 8/29/2025; B24125-02-A 8/29/2025; B24125-02-B 8/29/2025; B24125-02-C 8/29/2025; B24125-02-D 8/29/2025; B24125-02-E 8/29/2025; B24125-02-F 8/29/2025; B24125-02-G 8/29/2025; B24125-02-H 8/29/2025; B24125-03-A 8/29/2025; B24125-03-B 8/29/2025; B24125-03-C 8/29/2025; B24125-03-D 8/29/2025; B24125-03-E 8/29/2025; B24125-03-F 8/29/2025; B24125-03-G 8/29/2025; B24125-03-H 8/29/2025; B24125-04-A 8/29/2025; B24125-04-B 8/29/2025; B24125-04-C 8/29/2025; B24125-04-D 8/29/2025; B24125-04-E 8/29/2025; B24125-04-F 8/29/2025; B24125-04-G 8/29/2025; B24125-04-H 8/29/2025; B24125-05-A 8/29/2025; B24125-05-B 8/29/2025; B24125-05-C 8/29/2025; B24125-05-D 8/29/2025; B24125-05-E 8/29/2025; B24125-05-F 8/29/2025; B24125-05-G 8/29/2025; B24125-05-H 8/29/2025; B24125-06-A 8/29/2025; B24125-06-B 8/29/2025; B24125-06-C 8/29/2025; B24125-06-D 8/29/2025; B24125-06-E 8/29/2025; B24125-06-F 8/29/2025; B24125-06-G 8/29/2025; B24125-06-H 8/29/2025; B24125-07-A 8/29/2025; B24125-07-B 8/29/2025; B24125-07-C 8/29/2025; B24125-07-D 8/29/2025; B24125-07-E 8/29/2025; B24125-07-F 8/29/2025; B24125-07-G 8/29/2025; B24125-07-H 8/29/2025; B24125-08-A 8/29/2025; B24125-08-B 8/29/2025; B24125-08-C 8/29/2025; B24125-08-D 8/29/2025; B24125-08-E 8/29/2025; B24125-08-F 8/29/2025; B24125-08-G 8/29/2025; B24125-08-H 8/29/2025; B24125-09-A 8/29/2025; B24125-09-B 8/29/2025; B24125-09-C 8/29/2025; B24125-09-D 8/29/2025; B24125-09-E 8/29/2025; B24125-09-F 8/29/2025; B24125-09-G 8/29/2025; B24125-09-H 8/29/2025; B24125-10-A 8/29/2025; B24125-10-B 8/29/2025; B24125-10-C 8/29/2025; B24125-10-D 8/29/2025; B24125-10-E 8/29/2025; B24125-10-F 8/29/2025; B24125-10-G 8/29/2025; B24125-10-H 8/29/2025; B32125-01-A 11/17/2025; B32125-01-B 11/17/2025; B32125-01-C 11/17/2025; B32125-01-D 11/17/2025; B32125-01-E 11/17/2025; B32125-01-F 11/17/2025; B32125-01-G 11/17/2025; B32125-01-H 11/17/2025; B32125-02-A 11/17/2025; B32125-02-B 11/17/2025; B32125-02-C 11/17/2025; B32125-02-D 11/17/2025; B32125-02-E 11/17/2025; B32125-02-F 11/17/2025; B32125-02-G 11/17/2025; B32125-02-H 11/17/2025; B32125-03-A 11/17/2025; B32125-03-B 11/17/2025; B32125-03-C 11/17/2025; B32125-03-D 11/17/2025; B32125-03-E 11/17/2025; B32125-03-F 11/17/2025; B32125-03-G 11/17/2025; B32125-03-H 11/17/2025; B32125-04-A 11/17/2025; B32125-04-B 11/17/2025; B32125-04-C 11/17/2025; B32125-04-D 11/17/2025; B32125-04-E 11/17/2025; B32125-04-F 11/17/2025; B32125-04-G 11/17/2025; B32125-04-H 11/17/2025; B32125-05-A 11/17/2025; B32125-05-B 11/17/2025; B32125-05-C 11/17/2025; B32125-05-D 11/17/2025; B32125-05-E 11/17/2025; B32125-05-F 11/17/2025; B32125-05-G 11/17/2025; B32125-05-H 11/17/2025; B32125-06-A 11/17/2025; B32125-06-B 11/17/2025; B32125-06-C 11/17/2025; B32125-06-D 11/17/2025; B32125-06-E 11/17/2025; B32125-06-F 11/17/2025; B32125-06-G 11/17/2025; B32125-06-H 11/17/2025; B32125-07-A 11/17/2025; B32125-07-B 11/17/2025; B32125-07-C 11/17/2025; B32125-07-D 11/17/2025; B32125-07-E 11/17/2025; B32125-07-F 11/17/2025; B32125-07-G 11/17/2025; B32125-07-H 11/17/2025; B32125-08-A 11/17/2025; B32125-08-B 11/17/2025; B32125-08-C 11/17/2025; B32125-08-D 11/17/2025; B32125-08-E 11/17/2025; B32125-08-F 11/17/2025; B32125-08-G 11/17/2025; B32125-08-H 11/17/2025; B32125-09-A 11/17/2025; B32125-09-B 11/17/2025; B32125-09-C 11/17/2025; B32125-09-D 11/17/2025; B32125-09-E 11/17/2025; B32125-09-F 11/17/2025; B32125-09-G 11/17/2025; B32125-09-H 11/17/2025; B32125-10-A 11/17/2025; B32125-10-B 11/17/2025; B32125-10-C 11/17/2025; B32125-10-D 11/17/2025; B32125-10-E 11/17/2025; B32125-10-F 11/17/2025; B32125-10-G 11/17/2025; B32125-10-H 11/17/2025; B32125-11-A 11/17/2025; B32125-11-B 11/17/2025; B32125-11-C 11/17/2025; B32125-11-D 11/17/2025; B32125-11-E 11/17/2025; B32125-11-F 11/17/2025; B32125-11-G 11/17/2025; B32125-11-H 11/17/2025; B32125-12-A 11/17/2025; B32125-12-B 11/17/2025; B32125-12-C 11/17/2025; B32125-12-D 11/17/2025; B32125-12-E 11/17/2025; B32125-12-F 11/17/2025; B32125-12-G 11/17/2025; B32125-12-H 11/17/2025; B32125-13-A 11/17/2025; B32125-13-B 11/17/2025; B32125-13-C 11/17/2025; B32125-13-D 11/17/2025; B32225-01-A 11/18/2025; B32225-01-B 11/18/2025; B32225-01-C 11/18/2025; B32225-01-D 11/18/2025; B32225-01-E 11/18/2025; B32225-01-F 11/18/2025; B32225-01-G 11/18/2025; B32225-01-H 11/18/2025; B32225-02-A 11/18/2025; B32225-02-B 11/18/2025; B32225-02-C 11/18/2025; B32225-02-D 11/18/2025; B32225-02-E 11/18/2025; B32225-02-F 11/18/2025; B32225-02-G 11/18/2025; B32225-02-H 11/18/2025; B32225-03-A 11/18/2025; B32225-03-B 11/18/2025; B32225-03-C 11/18/2025; B32225-03-D 11/18/2025; B32225-03-E 11/18/2025; B32225-03-F 11/18/2025; B32225-03-G 11/18/2025; B32225-03-H 11/18/2025; B32225-04-A 11/18/2025; B32225-04-B 11/18/2025; B32225-04-C 11/18/2025; B32225-04-D 11/18/2025; B32225-04-E 11/18/2025; B32225-04-F 11/18/2025; B32225-04-G 11/18/2025; B32225-04-H 11/18/2025; B32225-05-A 11/18/2025; B32225-05-B 11/18/2025; B32225-05-C 11/18/2025; B32225-05-D 11/18/2025; B32225-05-E 11/18/2025; B32225-05-F 11/18/2025; B32225-05-G 11/18/2025; B32225-05-H 11/18/2025; B32225-06-A 11/18/2025; B32225-06-B 11/18/2025; B32225-06-C 11/18/2025; B32225-06-D 11/18/2025; B32225-06-E 11/18/2025; B32225-06-F 11/18/2025; B32225-06-G 11/18/2025; B32225-06-H 11/18/2025; B32225-07-A 11/18/2025; B32225-07-B 11/18/2025; B32225-07-C 11/18/2025; B32225-07-D 11/18/2025; B32225-07-E 11/18/2025; B32225-07-F 11/18/2025; B32225-07-G 11/18/2025; B32225-07-H 11/18/2025; B32225-08-A 11/18/2025; B32225-08-B 11/18/2025; B32225-08-C 11/18/2025; B32225-08-D 11/18/2025; B32225-08-E 11/18/2025; B32225-08-F 11/18/2025; B32325-04-A 11/19/2025; B32325-04-B 11/19/2025; B32325-04-C 11/19/2025; B32325-04-D 11/19/2025; B32325-04-E 11/19/2025; B32325-04-F 11/19/2025; B32325-04-G 11/19/2025; B32325-04-H 11/19/2025; B32325-05-A 11/19/2025; B32325-05-B 11/19/2025; B32325-05-C 11/19/2025; B32325-05-D 11/19/2025; B32325-05-E 11/19/2025; B32325-05-F 11/19/2025; B32325-05-G 11/19/2025; B32325-05-H 11/19/2025; B32325-06-A 11/19/2025; B32325-06-B 11/19/2025; B32325-06-C 11/19/2025; B32325-06-D 11/19/2025; B32325-06-E 11/19/2025; B32325-06-F 11/19/2025; B32325-06-G 11/19/2025; B32325-06-H 11/19/2025; B32325-07-A 11/19/2025; B32325-07-B 11/19/2025; B32325-07-C 11/19/2025; B32325-07-D 11/19/2025; B32325-07-E 11/19/2025; B32325-07-F 11/19/2025; B32325-07-G 11/19/2025; B32325-07-H 11/19/2025; B32325-08-A 11/19/2025; B32325-08-B 11/19/2025; B32325-08-C 11/19/2025; B32325-08-D 11/19/2025; B32325-08-E 11/19/2025; B32325-08-F 11/19/2025; B32325-08-G 11/19/2025; B32325-08-H 11/19/2025; B32325-09-A 11/19/2025; B32325-09-B 11/19/2025; B32325-09-C 11/19/2025; B32325-09-D 11/19/2025; B32325-09-E 11/19/2025; B32325-09-F 11/19/2025; B32325-09-G 11/19/2025; B32325-09-H 11/19/2025; B32325-10-A 11/19/2025; B32325-10-B 11/19/2025; B32325-10-C 11/19/2025; B32325-10-D 11/19/2025; B32325-10-E 11/19/2025; B32325-10-F 11/19/2025; B32325-10-G 11/19/2025; B32325-10-H 11/19/2025; B32325-11-A 11/19/2025; B32325-11-B 11/19/2025; B32325-11-C 11/19/2025; B32325-11-D 11/19/2025; B32325-11-E 11/19/2025; B32325-11-F 11/19/2025; B32325-11-G 11/19/2025; B32325-11-H 11/19/2025; B32325-12-A 11/19/2025; B32325-12-B 11/19/2025; B32325-12-C 11/19/2025; B32325-12-D 11/19/2025; B32325-12-E 11/19/2025; B32325-12-F 11/19/2025; B32325-12-G 11/19/2025; B32325-12-H 11/19/2025; B32325-13-A 11/19/2025; B32325-13-B 11/19/2025; B32325-13-C 11/19/2025; B32325-13-D 11/19/2025; B32325-13-E 11/19/2025; B32325-13-F 11/19/2025; B32325-13-G 11/19/2025; B32325-13-H 11/19/2025; B32325-14-A 11/19/2025; B32325-14-B 11/19/2025; B32325-14-C 11/19/2025; B32325-14-D 11/19/2025; B32325-14-E 11/19/2025; B32325-14-F 11/19/2025; B32425-01-A 11/20/2025; B32425-01-B 11/20/2025; B32425-01-C 11/20/2025; B32425-01-D 11/20/2025; B32425-01-E 11/20/2025; B32425-01-F 11/20/2025; B32425-01-G 11/20/2025; B32425-01-H 11/20/2025; B32425-02-A 11/20/2025; B32425-02-B 11/20/2025; B32425-02-C 11/20/2025; B32425-02-D 11/20/2025; B32425-02-E 11/20/2025; B32425-02-F 11/20/2025; B32425-02-G 11/20/2025; B32425-02-H 11/20/2025; B32425-03-A 11/20/2025; B32425-03-B 11/20/2025; B32425-03-C 11/20/2025; B32425-03-D 11/20/2025; B32425-03-E 11/20/2025; B32425-03-F 11/20/2025; B32425-03-G 11/20/2025; B32425-03-H 11/20/2025; B32425-04-A 11/20/2025; B32425-04-B 11/20/2025; B32425-04-C 11/20/2025; B32425-04-D 11/20/2025; B32425-04-E 11/20/2025; B32425-04-F 11/20/2025; B32425-04-G 11/20/2025; B32425-04-H 11/20/2025; B32425-05-A 11/20/2025; B32425-05-B 11/20/2025; B32425-05-C 11/20/2025; B32425-05-D 11/20/2025; B32425-05-E 11/20/2025; B32425-05-F 11/20/2025; B32425-05-G 11/20/2025; B32425-05-H 11/20/2025; B32425-06-A 11/20/2025; B32425-06-B 11/20/2025; B32425-06-C 11/20/2025; B32425-06-D 11/20/2025; B32425-06-E 11/20/2025; B32425-06-F 11/20/2025; B32425-06-G 11/20/2025; B32425-06-H 11/20/2025; B32425-07-A 11/20/2025; B32425-07-B 11/20/2025; B32425-07-C 11/20/2025; B32425-07-D 11/20/2025; B32425-07-E 11/20/2025; B32425-07-F 11/20/2025; B32425-07-G 11/20/2025; B32425-07-H 11/20/2025; B32425-08-A 11/20/2025; B32425-08-B 11/20/2025; B32425-08-C 11/20/2025; B32425-08-D 11/20/2025; B32425-08-E 11/20/2025; B32425-08-F 11/20/2025; B32425-08-G 11/20/2025; B32425-08-H 11/20/2025; B32425-09-A 11/20/2025; B32425-09-B 11/20/2025; B32425-09-C 11/20/2025; B32425-09-D 11/20/2025; B32425-09-E 11/20/2025; B32425-09-F 11/20/2025; B32425-09-G 11/20/2025; B32425-09-H 11/20/2025; B32425-10-A 11/20/2025; B32425-10-B 11/20/2025; B32425-10-C 11/20/2025; B32425-10-D 11/20/2025; B32425-10-E 11/20/2025; B32425-10-F 11/20/2025; B32425-10-G 11/20/2025; B32425-10-H 11/20/2025; B32425-11-A 11/20/2025; B32425-11-B 11/20/2025; B32425-11-C 11/20/2025; B32425-11-D 11/20/2025; B32425-11-E 11/20/2025; B32425-11-F 11/20/2025; B32425-11-G 11/20/2025; B32425-11-H 11/20/2025; B32425-12-A 11/20/2025; B32425-12-B 11/20/2025; B32425-12-C 11/20/2025; B32425-12-D 11/20/2025; B32425-12-E 11/20/2025; B32425-12-F 11/20/2025; B32425-12-G 11/20/2025; B32425-12-H 11/20/2025; B32425-13-A 11/20/2025; B32425-13-B 11/20/2025; B32425-13-C 11/20/2025; B32425-13-D 11/20/2025; B32425-13-E 11/20/2025; B32425-13-F 11/20/2025; B32425-13-G 11/20/2025; B32425-13-H 11/20/2025; B32425-14-A 11/20/2025; B32425-14-B 11/20/2025; B32425-14-C 11/20/2025; B32625-10-A 11/22/2025; B32625-10-B 11/22/2025; B32625-10-C 11/22/2025; B32625-10-D 11/22/2025; B32625-10-E 11/22/2025; B32625-10-F 11/22/2025; B32625-10-G 11/22/2025; B32625-10-H 11/22/2025; B32625-11-A 11/22/2025; B32625-11-B 11/22/2025; B32625-11-C 11/22/2025; B32625-11-D 11/22/2025; B32625-11-E 11/22/2025; B32625-11-F 11/22/2025; B32625-11-G 11/22/2025; B32625-11-H 11/22/2025; B32625-12-A 11/22/2025; B32625-12-B 11/22/2025; B32625-12-C 11/22/2025; B32625-12-D 11/22/2025; B32625-12-E 11/22/2025; B32625-12-F 11/22/2025; B32625-12-G 11/22/2025; B32625-12-H 11/22/2025; B24925-01-A 9/6/2025; B24925-01-B 9/6/2025; B24925-01-C 9/6/2025; B24925-01-D 9/6/2025; B24925-01-E 9/6/2025; B24925-01-F 9/6/2025; B24925-01-G 9/6/2025; B22925-01-A 8/17/2025; B22925-01-B 8/17/2025; B22925-01-C 8/17/2025; B22925-01-D 8/17/2025; B22925-04-A 8/17/2025.
84,20260513,H-0764-2026,Raw Farm LLC,Ongoing,Class I,Food,"RAW FARM RAW CHEDDAR SIMPLY SHREDDED Original MADE WITH: WHOLE RAW MILK TRULY RAW - NEVER WARMED ABOVE 102F
MADE IN THE USA KEEP REFRIGERATED INGREDIENTS: WHOLE RAW MILK, VEGETABLE RENNET, CULTURES, KOSHER SEA SALT
Produced By: RAW FARM, LLC www.rawfarmusa.com  8 oz (227g) UPC: 835204001184",Multi-state outbreak of E. coli O157:H7.,"U.S. distribution: AZ, CA, CO, FL, GA, IL, IN, MD, NV, TX. Foreign distribution: None.","8 oz - BATCH: 20260212, BEST BY: 5/13/2026 and all prior batches/dates."
85,20260513,H-0711-2026,"Horizon Organic Dairy, LLC",Completed,Class II,Food,"Horizon Organic Chocolate Organic Lowfat Milk. Saleable Unit UPC: 742365004322 (6-8 FL OZ Milk Boxes). Case:
ORG MILK 1% DHA CHOCOLATE 3/6PK (item 136518). Case UPC: 742365004322. Three 6-Packs, 18-8 FL OZ Containers
(236 mL)/case. Individual milk boxes are packed in 8-oz Tetra Pak cartons. Distributed by: Horizon Organic
Dairy, LLC (Horizon) 12303 Airport Way Suite 200 Broomfield, CO 80021. Shelf Stable, refrigerate after
opening.",Package integrity compromised.,"Distributed to the following states: AZ, CA, NV, OR.",BEST BY 14 AUG 2026 and BEST BY 15 AUG 2026
86,20260513,H-0767-2026,Wehah Farms,Ongoing,Class II,Food,"LUNDBERG FAMILY FAMRS WHITE RICE JASMINE NET WT 32 OZ (2 lb) 907 g  Manufactured and Distributed by: Lundberg
Family Farms Richvale, CA 95974  UPC: 073416040281",Potential contamination with foreign materials.,"U.S. States: CA, CT, FL, IL, NC, NH, NY, PA, TN, VT, WA, WI. Foreign distribution: None","Lot, Best Before: 260201MA, 01FEB2027; 260202MA, 02FEB2027."
87,20260513,H-0837-2026,Givaudan Flavors Corp,Ongoing,Class I,Food,"Bulk WN-976-782-1 Seasoning for Cheese Sauce, Net Wt. 43.50 lbs., in a brown kraft bag",Product has the potential to be contaminated with Salmonella.,1 manufacturer in MO,Batch: CS00140785; Expiry Date: 26 SEP 2026
88,20260513,H-0701-2026,Walker Honey Co,Ongoing,Class II,Food,"Fain s Blackberry Honey Spread, 12oz net wt., UPC  01832213862",Creamed honey products may contain stainless steel dust/flakes and/or small particles or shreds of plastic.,Texas,Packed after 12/1/2025
89,20260513,H-0724-2026,Silver Moon LP dba Loard's Ice Cream,Ongoing,Class II,Food,Loard's Champagne Sherbert - 32 oz,"Undeclared Milk, Red #40.",Loard's brand distributed to Loard's Ice Cream parlors located in Northern California. Private labels distributed to grocery stores located in Northern California.,None
90,20260513,H-0698-2026,California Dairies Inc.,Ongoing,Class I,Food,"Low Heat Non-Fat Dried Milk Powder - plastic totes (NTE) 2200 lbs.  (packed under 5 labels: Off Grade NFDM
Variable; Grade A NFDM LH Basic; Grade A NFDM LH Green Loop rBST Free; Grade A NFDM LH Standard NC rBST Free;
NFDM LH Variable Standard)",Potential contamination with Salmonella.,"U.S. Distribution: Unknown and to be determined during RAC assignment. Domestic consignees pick-up product from CDI. Foreign Distribution: Mexico, Philippines, Dominican Republic.",Batch Codes for recalled product all start with  A  or  B    full list below. Batch Code and Production Date: B22625-01-1 8/14/2025; B22625-01-2 8/14/2025; B22625-01-3 8/14/2025; B22625-01-4 8/14/2025; B22625-01-5 8/14/2025; B22625-01-6 8/14/2025; B22625-01-7 8/14/2025; B22625-01-8 8/14/2025; B22625-02-1 8/14/2025; B22625-02-2 8/14/2025; B22625-02-3 8/14/2025; B22625-02-4 8/14/2025; B22625-02-5 8/14/2025; B22625-02-6 8/14/2025; B22625-02-7 8/14/2025; B22625-02-8 8/14/2025; B22625-03-1 8/14/2025; B22625-03-2 8/14/2025; B22625-03-3 8/14/2025; B22625-03-4 8/14/2025; B22625-03-5 8/14/2025; B22625-03-6 8/14/2025; B22625-03-7 8/14/2025; B22625-03-8 8/14/2025; B22625-04-1 8/14/2025; B22625-04-2 8/14/2025; B22625-04-3 8/14/2025; B22625-04-4 8/14/2025; B22625-04-5 8/14/2025; B22625-04-6 8/14/2025; B22625-04-7 8/14/2025; B22625-04-8 8/14/2025; B22625-05-1 8/14/2025; B22625-05-2 8/14/2025; B22625-05-3 8/14/2025; B22625-05-4 8/14/2025; B22625-05-5 8/14/2025; B22625-05-6 8/14/2025; B22625-05-7 8/14/2025; B22625-05-8 8/14/2025; B22625-06-1 8/14/2025; B22625-06-2 8/14/2025; B22625-06-3 8/14/2025; B22625-06-4 8/14/2025; B22625-06-5 8/14/2025; B22625-06-6 8/14/2025; B22625-06-7 8/14/2025; B22625-06-8 8/14/2025; B22625-07-1 8/14/2025; B22625-07-2 8/14/2025; B22625-07-3 8/14/2025; B22625-07-4 8/14/2025; B22625-07-5 8/14/2025; B22625-07-6 8/14/2025; B22625-07-7 8/14/2025; B22625-07-8 8/14/2025; B22625-08-1 8/14/2025; B22625-08-2 8/14/2025; B22625-08-3 8/14/2025; B22625-08-4 8/14/2025; B22625-08-5 8/14/2025; B22625-08-6 8/14/2025; B22625-08-7 8/14/2025; B22625-08-8 8/14/2025; B22625-09-1 8/14/2025; B22625-09-2 8/14/2025; B22625-09-3 8/14/2025; B22625-09-4 8/14/2025; B22625-09-5 8/14/2025; B22625-09-6 8/14/2025; B22625-09-7 8/14/2025; B22625-10-1 8/14/2025; B22625-10-2 8/14/2025; B22625-10-3 8/14/2025; B22625-10-4 8/14/2025; B22625-10-5 8/14/2025; B22625-10-6 8/14/2025; B22625-10-7 8/14/2025; B22625-10-8 8/14/2025; B22625-11-1 8/14/2025; B22625-11-2 8/14/2025; B22625-11-3 8/14/2025; B22625-11-4 8/14/2025; B22625-11-5 8/14/2025; B22625-11-6 8/14/2025; B22625-11-7 8/14/2025; B22625-11-8 8/14/2025; B22625-12-1 8/14/2025; B22625-12-2 8/14/2025; B22625-12-3 8/14/2025; B22625-12-4 8/14/2025; B22625-12-5 8/14/2025; B22625-12-6 8/14/2025; B22625-12-7 8/14/2025; B22625-12-8 8/14/2025; B22625-13-1 8/14/2025; B22625-13-2 8/14/2025; B22625-13-3 8/14/2025; B22625-13-4 8/14/2025; B22625-13-5 8/14/2025; B22625-13-6 8/14/2025; B22625-13-7 8/14/2025; B22625-13-8 8/14/2025; B22725-02-1 8/15/2025; B22725-02-2 8/15/2025; B22725-02-3 8/15/2025; B22725-02-4 8/15/2025; B22725-02-5 8/15/2025; B22725-02-6 8/15/2025; B22725-02-7 8/15/2025; B22725-02-8 8/15/2025; B22725-03-1 8/15/2025; B22725-03-2 8/15/2025; B22725-03-3 8/15/2025; B22725-03-4 8/15/2025; B22725-03-5 8/15/2025; B22725-03-6 8/15/2025; B22725-03-7 8/15/2025; B22725-03-8 8/15/2025; B22725-04-1 8/15/2025; B22725-04-2 8/15/2025; B22725-04-3 8/15/2025; B22725-04-4 8/15/2025; B22725-04-5 8/15/2025; B22725-04-6 8/15/2025; B22725-04-7 8/15/2025; B22725-04-8 8/15/2025; B22725-05-1 8/15/2025; B22725-05-2 8/15/2025; B22725-05-3 8/15/2025; B22725-05-4 8/15/2025; B22725-05-5 8/15/2025; B22725-05-6 8/15/2025; B22725-05-7 8/15/2025; B22725-05-8 8/15/2025; B22725-06-1 8/15/2025; B22725-06-2 8/15/2025; B22725-06-3 8/15/2025; B22725-06-4 8/15/2025; B22725-06-5 8/15/2025; B22725-06-6 8/15/2025; B22725-06-7 8/15/2025; B22725-06-8 8/15/2025; B22725-07-1 8/15/2025; B22725-07-2 8/15/2025; B22725-07-6 8/15/2025; B22725-07-7 8/15/2025; B22725-07-8 8/15/2025; B22725-08-1 8/15/2025; B22725-08-2 8/15/2025; B22725-08-3 8/15/2025; B22725-08-4 8/15/2025; B22725-08-5 8/15/2025; B22725-08-6 8/15/2025; B22725-08-7 8/15/2025; B22725-08-8 8/15/2025; B22725-09-1 8/15/2025; B22725-09-2 8/15/2025; B22725-09-3 8/15/2025; B22725-09-4 8/15/2025; B22725-09-5 8/15/2025; B22725-09-6 8/15/2025; B22725-09-7 8/15/2025; B22725-09-8 8/15/2025; B22825-01-1 8/16/2025; B22825-01-2 8/16/2025; B22825-01-3 8/16/2025; B22825-01-4 8/16/2025; B22825-01-5 8/16/2025; B22825-01-6 8/16/2025; B22825-01-7 8/16/2025; B22825-01-8 8/16/2025; B22825-02-1 8/16/2025; B22825-02-2 8/16/2025; B22825-02-3 8/16/2025; B22825-02-4 8/16/2025; B22825-02-5 8/16/2025; B22825-02-6 8/16/2025; B22825-02-7 8/16/2025; B22825-02-8 8/16/2025; B22825-03-1 8/16/2025; B22825-03-2 8/16/2025; B22825-03-3 8/16/2025; B22825-03-4 8/16/2025; B22825-03-5 8/16/2025; B22825-03-6 8/16/2025; B22825-03-7 8/16/2025; B22825-03-8 8/16/2025; B22825-04-1 8/16/2025; B22825-04-2 8/16/2025; B22825-04-3 8/16/2025; B22825-04-4 8/16/2025; B22825-04-5 8/16/2025; B22825-04-6 8/16/2025; B22825-04-7 8/16/2025; B22825-04-8 8/16/2025; B22825-05-1 8/16/2025; B22825-05-2 8/16/2025; B22825-05-3 8/16/2025; B22825-05-4 8/16/2025; B22825-05-5 8/16/2025; B22825-05-6 8/16/2025; B22825-05-7 8/16/2025; B22825-05-8 8/16/2025; B22825-06-1 8/16/2025; B22825-06-2 8/16/2025; B22825-06-3 8/16/2025; B22825-06-4 8/16/2025; B22825-06-5 8/16/2025; B22825-06-6 8/16/2025; B22825-06-7 8/16/2025; B22825-06-8 8/16/2025; B22825-07-1 8/16/2025; B22825-07-2 8/16/2025; B22825-07-3 8/16/2025; B22825-07-4 8/16/2025; B22825-07-5 8/16/2025; B22825-07-6 8/16/2025; B22825-07-7 8/16/2025; B22825-07-8 8/16/2025; B22825-08-1 8/16/2025; B22825-08-2 8/16/2025; B22825-08-3 8/16/2025; B22825-08-4 8/16/2025; B22825-08-5 8/16/2025; B22825-08-6 8/16/2025; B22825-08-7 8/16/2025; B22825-08-8 8/16/2025; B22825-09-1 8/16/2025; B22825-09-2 8/16/2025; B22825-09-3 8/16/2025; B22825-09-4 8/16/2025; B22825-09-5 8/16/2025; B22825-09-6 8/16/2025; B22825-09-7 8/16/2025; B22825-09-8 8/16/2025; B22825-10-1 8/16/2025; B22825-10-2 8/16/2025; B22825-10-3 8/16/2025; B22825-10-4 8/16/2025; B22825-10-5 8/16/2025; B22825-10-6 8/16/2025; B22825-10-7 8/16/2025; B22825-10-8 8/16/2025; B22825-11-1 8/16/2025; B22825-11-2 8/16/2025; B22825-11-3 8/16/2025; B22825-11-4 8/16/2025; B22825-11-5 8/16/2025; B22825-11-6 8/16/2025; B22825-11-7 8/16/2025; B22825-11-8 8/16/2025; B22825-12-1 8/16/2025; B22825-12-2 8/16/2025; B22825-12-3 8/16/2025; B22825-12-4 8/16/2025; B22825-12-5 8/16/2025; B22825-12-6 8/16/2025; B22825-12-7 8/16/2025; B22825-12-8 8/16/2025; B22925-01-1 8/17/2025; B22925-01-2 8/17/2025; B22925-01-3 8/17/2025; B22925-01-4 8/17/2025; B22925-01-5 8/17/2025; B22925-01-6 8/17/2025; B22925-01-7 8/17/2025; B22925-01-8 8/17/2025; B22925-02-1 8/17/2025; B22925-02-2 8/17/2025; B22925-02-3 8/17/2025; B22925-02-4 8/17/2025; B22925-02-5 8/17/2025; B22925-02-6 8/17/2025; B22925-02-7 8/17/2025; B22925-02-8 8/17/2025; B22925-03-1 8/17/2025; B22925-03-2 8/17/2025; B22925-03-3 8/17/2025; B22925-03-4 8/17/2025; B22925-03-5 8/17/2025; B22925-03-6 8/17/2025; B22925-03-7 8/17/2025; B22925-03-8 8/17/2025; B22925-04-1 8/17/2025; B22925-04-2 8/17/2025; B22925-04-3 8/17/2025; B22925-04-4 8/17/2025; B22925-04-5 8/17/2025; B22925-04-6 8/17/2025; B22925-04-7 8/17/2025; B22925-04-8 8/17/2025; B22925-05-1 8/17/2025; B22925-05-2 8/17/2025; B22925-05-3 8/17/2025; B22925-05-4 8/17/2025; B22925-05-5 8/17/2025; B22925-05-6 8/17/2025; B22925-05-7 8/17/2025; B22925-05-8 8/17/2025; B22925-06-1 8/17/2025; B22925-06-2 8/17/2025; B22925-06-3 8/17/2025; B22925-06-4 8/17/2025; B22925-06-5 8/17/2025; B22925-06-6 8/17/2025; B22925-06-7 8/17/2025; B22925-06-8 8/17/2025; B22925-07-1 8/17/2025; B22925-07-2 8/17/2025; B22925-07-3 8/17/2025; B22925-07-4 8/17/2025; B22925-07-5 8/17/2025; B22925-07-6 8/17/2025; B22925-07-7 8/17/2025; B22925-07-8 8/17/2025; B22925-08-1 8/17/2025; B22925-08-2 8/17/2025; B22925-08-3 8/17/2025; B22925-08-4 8/17/2025; B22925-08-5 8/17/2025; B22925-08-6 8/17/2025; B22925-08-7 8/17/2025; B22925-08-8 8/17/2025; B22925-09-1 8/17/2025; B22925-09-2 8/17/2025; B22925-09-3 8/17/2025; B22925-09-4 8/17/2025; B22925-09-5 8/17/2025; B22925-09-6 8/17/2025; B22925-09-7 8/17/2025; B22925-09-8 8/17/2025; B22925-10-1 8/17/2025; B22925-10-2 8/17/2025; B22925-10-3 8/17/2025; B22925-10-4 8/17/2025; B22925-10-5 8/17/2025; B22925-10-6 8/17/2025; B22925-10-7 8/17/2025; B22925-10-8 8/17/2025; A32325-01-1 11/19/2025; A32325-01-2 11/19/2025; A32325-01-3 11/19/2025; A32325-05-1 11/19/2025; A32325-05-2 11/19/2025; A32325-05-3 11/19/2025; A32325-05-4 11/19/2025; A32325-05-5 11/19/2025; A32325-05-6 11/19/2025; A32325-05-7 11/19/2025; A32325-05-8 11/19/2025; A32325-06-1 11/19/2025; A32325-06-2 11/19/2025; A32325-06-3 11/19/2025; A32325-06-4 11/19/2025; A32325-06-5 11/19/2025; A32325-06-6 11/19/2025; A32325-06-7 11/19/2025; A32325-06-8 11/19/2025; A32325-07-1 11/19/2025; A32325-07-2 11/19/2025; A32325-07-3 11/19/2025; A32325-07-5 11/19/2025; A32325-07-6 11/19/2025; A32325-07-7 11/19/2025; A32325-07-8 11/19/2025; A32425-02-1 11/20/2025; A32425-02-2 11/20/2025; A32425-04-3 11/20/2025; B32525-01-1 11/21/2025; B32525-01-2 11/21/2025; B32525-01-3 11/21/2025; B32525-01-4 11/21/2025; B32525-01-5 11/21/2025; B32525-01-6 11/21/2025; B32525-01-7 11/21/2025; B32525-01-8 11/21/2025; B32525-02-1 11/21/2025; B32525-02-2 11/21/2025; B32525-02-3 11/21/2025; B32525-02-4 11/21/2025; B32525-02-5 11/21/2025; B32525-02-6 11/21/2025; B32525-02-7 11/21/2025; B32525-02-8 11/21/2025; B32525-03-1 11/21/2025; B32525-03-2 11/21/2025; B32525-03-3 11/21/2025; B32525-03-4 11/21/2025; B32525-03-5 11/21/2025; B32525-03-6 11/21/2025; B32525-03-7 11/21/2025; B32525-03-8 11/21/2025; B32525-04-4 11/21/2025; B32525-05-1 11/21/2025; B32525-05-2 11/21/2025; B32525-05-3 11/21/2025; B32525-05-4 11/21/2025; B32525-05-5 11/21/2025; B32525-05-6 11/21/2025; B32525-05-7 11/21/2025; B32525-05-8 11/21/2025; B32525-06-1 11/21/2025; B32525-06-2 11/21/2025; B32525-06-3 11/21/2025; B32525-06-4 11/21/2025; B32525-06-5 11/21/2025; B32525-06-6 11/21/2025; B32525-06-7 11/21/2025; B32525-06-8 11/21/2025; B32525-07-1 11/21/2025; B32525-07-3 11/21/2025; B32525-07-8 11/21/2025; B32525-08-1 11/21/2025; B32525-08-2 11/21/2025; B32525-08-3 11/21/2025; B32525-08-4 11/21/2025; B32525-08-5 11/21/2025; B32525-08-6 11/21/2025; B32525-08-7 11/21/2025; B32525-08-8 11/21/2025; B32525-09-1 11/21/2025; B32525-09-2 11/21/2025; B32525-09-3 11/21/2025; B32525-09-4 11/21/2025; B32525-09-5 11/21/2025; B32525-09-6 11/21/2025; B32525-09-7 11/21/2025; B32525-09-8 11/21/2025; B32525-10-1 11/21/2025; B32525-10-2 11/21/2025; B32525-10-3 11/21/2025; B32525-10-4 11/21/2025; B32525-10-5 11/21/2025; B32525-10-6 11/21/2025; B32525-10-7 11/21/2025; B32525-10-8 11/21/2025; B32525-11-1 11/21/2025; B32525-11-2 11/21/2025; B32525-11-4 11/21/2025; B32525-12-4 11/21/2025; B32525-12-5 11/21/2025; B32525-12-6 11/21/2025; B32525-12-7 11/21/2025; B32525-12-8 11/21/2025; B32525-13-1 11/21/2025; B32525-13-2 11/21/2025; B32525-13-3 11/21/2025; B32525-13-4 11/21/2025; B32525-13-5 11/21/2025; B32525-13-6 11/21/2025; B32525-13-7 11/21/2025; B32525-13-8 11/21/2025; B32525-14-1 11/21/2025; B32525-14-2 11/21/2025; B32525-14-3 11/21/2025; B32525-14-4 11/21/2025; B32525-14-5 11/21/2025; B32625-01-1 11/22/2025; B32625-01-2 11/22/2025; B32625-01-3 11/22/2025; B32625-01-4 11/22/2025; B32625-01-5 11/22/2025; B32625-01-6 11/22/2025; B32625-01-7 11/22/2025; B32625-01-8 11/22/2025; B32625-02-1 11/22/2025; B32625-02-2 11/22/2025; B32625-02-3 11/22/2025; B32625-02-4 11/22/2025; B32625-02-5 11/22/2025; B32625-02-6 11/22/2025; B32625-02-7 11/22/2025; B32625-02-8 11/22/2025; B32625-03-1 11/22/2025; B32625-03-2 11/22/2025; B32625-03-3 11/22/2025; B32625-03-4 11/22/2025; B32625-03-5 11/22/2025; B32625-03-6 11/22/2025; B32625-03-7 11/22/2025; B32625-03-8 11/22/2025; B32625-04-1 11/22/2025; B32625-04-2 11/22/2025; B32625-04-3 11/22/2025; B32625-05-3 11/22/2025; B32625-05-4 11/22/2025; B32625-05-5 11/22/2025; B32625-05-6 11/22/2025; B32625-05-7 11/22/2025; B32625-05-8 11/22/2025; B32625-06-1 11/22/2025; B32625-06-2 11/22/2025; B32625-06-3 11/22/2025; B32625-06-4 11/22/2025; B32625-06-5 11/22/2025; B32625-06-6 11/22/2025; B32625-06-7 11/22/2025; B32625-06-8 11/22/2025; A32625-07-1 11/22/2025; A32625-07-2 11/22/2025; A32625-07-3 11/22/2025; A32625-07-4 11/22/2025; A32625-07-5 11/22/2025; A32625-07-6 11/22/2025; A32625-07-7 11/22/2025; A32625-07-8 11/22/2025; A32625-08-1 11/22/2025; A32625-08-2 11/22/2025; A32625-08-3 11/22/2025; A32625-08-4 11/22/2025; A32625-08-5 11/22/2025; A32625-08-6 11/22/2025; A32625-08-7 11/22/2025; A32625-08-8 11/22/2025; A32625-09-1 11/22/2025.
91,20260513,H-0691-2026,Griffith Foods Inc.,Ongoing,Class I,Food,"Costco Service Deli Department 63 MEATLOAF SEASONING MORE FLV Pack Size: 4-5lb. Bags Net Weight: 20lbs Allergy
Information: CONTAINS: MILK, WHEAT Packed BY: Griffith Foods STONECREST, GA 30058","Potential Salmonella contamination. The firm was notified from their supplier that the nonfat
dry milk may be contaminated with Salmonella.","Product was shipped to the following states: AZ, CA, CO, FL, GA, IL, LA, MD, MI, NC, PA, SC, TN, TX & WA.","Lot 669648 Use By: 2-18-2027, Lot 669649 Use By: 2-18-2027, Lot 669650 Use By: 2-18-2027, Lot 669651 Use By: 2-19-2027, Lot 669652 Use By: 2-19-2027, Lot 669653 Use By: 2-19-2027, Lot 669654 Use By: 2-19-2027 & Lot 669655 Use By: 2-19-2027."
92,20260513,H-0696-2026,"Falcon Trading Co., Inc.",Ongoing,Class III,Food,SunRidge Farms Organic CHILI BEAN BLEND CERTIFIED ORGANIC BY QAI NET WT. 15 LBS  Item: 003056 UPC: 086700030561,"Potential contamination with pesticides, haloxyfop and thiamethoxam","U.S. Distribution: CA, CO, HI, MO, TX, VT, WA. Foreign Distribution: None.","Lots: 3132585, 2652535, 0282570, 2302416."
93,20260513,H-0760-2026,Silver Moon LP dba Loard's Ice Cream,Ongoing,Class II,Food,"Chocolate Showers Ice Cream - 32 oz (5 labels: Mollie Stone's; Dehoff's; Farmer Joe's, Piazza's Fine Foods,
and Berkeley Bowl) UPC: 8-12017-00918",Undeclared Soy (with mitigating circumstances),Loard's brand distributed to Loard's Ice Cream parlors located in Northern California. Private labels distributed to grocery stores located in Northern California.,UPC: 8-12017-00918
94,20260513,H-0737-2026,Silver Moon LP dba Loard's Ice Cream,Ongoing,Class II,Food,Loard's Lime Sherbert - 32 oz,"Undeclared Milk, Wheat, Soy, Yellow #5, Green #3.",Loard's brand distributed to Loard's Ice Cream parlors located in Northern California. Private labels distributed to grocery stores located in Northern California.,None
95,20260513,H-0719-2026,Silver Moon LP dba Loard's Ice Cream,Ongoing,Class II,Food,Loard's Brownie Nut Fudge Ice Cream - 32 oz,"Undeclared Milk, Walnuts, Eggs, Wheat, Soy.",Loard's brand distributed to Loard's Ice Cream parlors located in Northern California. Private labels distributed to grocery stores located in Northern California.,None
96,20260513,H-0757-2026,Silver Moon LP dba Loard's Ice Cream,Ongoing,Class III,Food,"Burgundy Cherry Ice Cream - 32 oz (4 labels: Mollie Stone's; Dehoff's; Farmer Joe's, Piazza's Fine Foods) UPC: 8-12017-00909","Undeclared Red #40, Blue #1, Blue #2",Loard's brand distributed to Loard's Ice Cream parlors located in Northern California. Private labels distributed to grocery stores located in Northern California.,UPC: 8-12017-00909
97,20260513,H-0736-2026,Silver Moon LP dba Loard's Ice Cream,Ongoing,Class II,Food,Loard's Lemon Chiffon Ice Cream - 32 oz,"Undeclared Milk, Eggs, Yellow #5.",Loard's brand distributed to Loard's Ice Cream parlors located in Northern California. Private labels distributed to grocery stores located in Northern California.,None
98,20260513,H-0754-2026,Silver Moon LP dba Loard's Ice Cream,Ongoing,Class II,Food,Loard's Ube Ice Cream - 32 oz,"Undeclared Milk, Red #3, Red #40, Blue #1, Blue #2.",Loard's brand distributed to Loard's Ice Cream parlors located in Northern California. Private labels distributed to grocery stores located in Northern California.,None
99,20260513,H-0687-2026,Tops Markets LLC,Terminated,Class III,Food,Garland Fresh Peeled Garlic 6 oz. bag,"The potential contamination with Clostridium botulinum, due to risk of temperature abuse during
chilled storage at the firm","NY, VT, PA",UPC: 00068826753408 UPC: UPC: 00071894000005 Codes: all
100,20260513,H-0759-2026,Silver Moon LP dba Loard's Ice Cream,Ongoing,Class III,Food,"Peppermint Ice Cream - 32 oz (4 labels: Mollie Stone's; Dehoff's; Farmer Joe's, Piazza's Fine Foods) UPC: 8-12017-00933",Undeclared Red #40,Loard's brand distributed to Loard's Ice Cream parlors located in Northern California. Private labels distributed to grocery stores located in Northern California.,UPC: 8-12017-00933
101,20260513,H-0708-2026,Walker Honey Co,Ongoing,Class II,Food,"Natural Creamed Honey, 671333101377 *These product labels may also say  Whipped Honey  instead of  Creamed
Honey  as labels and size were changed in this timeline from 14 oz Creamed Honey to 11 oz Whipped Honey. The
UPC codes remained the same. Packaged in Glass jars  UPC Code: 671333101377",Creamed honey products may contain stainless steel dust/flakes and/or small particles or shreds of plastic.,Texas,packed after 12/1/2025
102,20260513,H-0707-2026,Walker Honey Co,Ongoing,Class II,Food,"Lemon Creamed Honey, 671333101353 *These product labels may also say  Whipped Honey  instead of  Creamed Honey
as labels and size were changed in this timeline from 14 oz Creamed Honey to 11 oz Whipped Honey. The UPC
codes remained the same. Packaged in Glass jars  UPC Code:  671333101353",Creamed honey products may contain stainless steel dust/flakes and/or small particles or shreds of plastic.,Texas,packed after 12/1/2025
103,20260513,H-0703-2026,Walker Honey Co,Ongoing,Class II,Food,"Blackberry Creamed Honey 671333101308 * These product labels may also say  Whipped Honey  instead of  Creamed
Honey  as labels and size were changed in this timeline from 14 oz Creamed Honey to 11 oz Whipped Honey.The
UPC codes remained the same. Packaged in Glass jars  UPC Code:  671333101308",Creamed honey products may contain stainless steel dust/flakes and/or small particles or shreds of plastic.,Texas,packed after 12/1/2025
104,20260513,H-0713-2026,Silver Moon LP dba Loard's Ice Cream,Ongoing,Class II,Food,Loard's Almond Joy Ice Cream - 32 oz,"Undeclared Milk, Almonds, Soy, Sulfites.",Loard's brand distributed to Loard's Ice Cream parlors located in Northern California. Private labels distributed to grocery stores located in Northern California.,None
105,20260513,H-0695-2026,"Falcon Trading Co., Inc.",Ongoing,Class III,Food,"SunRidge Farms Organic Black Beans CERTIFIED ORGANIC BY QAI NET WT. 25 LBS. ORIGEN: ARGENTINA EXPORTADOR:
ESPAR SRL FECHA PRODUCCION: 11/13/2023  Item: 003040 UPC: 086700930403","Potential contamination with pesticides, haloxyfop and thiamethoxam","U.S. Distribution: CA, CO, HI, MO, TX, VT, WA. Foreign Distribution: None.",Lot: PND-23-11-36
106,20260513,H-0712-2026,French Broad Chocolate Factory,Ongoing,Class I,Food,"french broad CHOCOLATE bette's bake sale (a multi-flavor bonbon assortment). 6-piece NET WT. 2.5 OZ (70.75G);
12-piece NET WT. 5 OZ (141.75G); and 24-piece NET WT. 10 OZ (283.5G), French Broad Chocolate Crafted in
Asheville, NC 28801, USA","Undeclared nut allergen (walnut) due to mislabeling. The product's printed tasting guide
incorrectly identifies the Walnut Fudge and Peach Cobbler flavor chocolates (bonbons). Consumers
relying on the printed materials could mistakenly consume a nut-containing bonbon.","Product was shipped to the following states: AL, AR, AZ, CA, CO, CT, DC, FL, GA, IA, IL, IN, KY, LA, MA, MD, MI, MN, MO, MS, MT, NC, NE, NH, NJ, NM, NY, OH, OK, OR, PA, SC, SD, TN, TX, UT, VA, VT, WA, WI & WV.",6-piece: Batch 260414 Best By Jun. 29 2026 & Batch 260417 Best By Jun. 30 2026 12-piece: Batch 260414 Best By Jun. 22 2026 & Batch 260417 Best By Jun. 30 2026 24-piece: Batch 260414 Best By Jun. 29 2026 & Batch 260417 Best By Jun. 30 2026
107,20260513,H-0726-2026,Silver Moon LP dba Loard's Ice Cream,Ongoing,Class II,Food,Loard's Chocolate Marble Ice Cream - 32 oz,Undeclared Milk.,Loard's brand distributed to Loard's Ice Cream parlors located in Northern California. Private labels distributed to grocery stores located in Northern California.,None
108,20260513,H-0730-2026,Silver Moon LP dba Loard's Ice Cream,Ongoing,Class II,Food,Loard's Coconut Pineapple Ice Cream - 32 oz; 56 oz,Undeclared Milk.,Loard's brand distributed to Loard's Ice Cream parlors located in Northern California. Private labels distributed to grocery stores located in Northern California.,None
109,20260513,H-0693-2026,Griffith Foods Inc.,Ongoing,Class I,Food,"MILK-N-EGG MIX NET WEIGHT: 50 LBS, PROCESSED FROM NONFAT DRIED MILK, DRIED WHEY, DRIED EGG WHITES CONTAINS:
EGG, MILK Mfred By: Griffith Goods, One Griffith Way, Stonecrest, GA","Potential Salmonella contamination. The firm was notified from their supplier that the nonfat
dry milk may be contaminated with Salmonella.","Product was shipped to the following states: AZ, CA, CO, FL, GA, IL, LA, MD, MI, NC, PA, SC, TN, TX & WA.","L 669896 Use By: 2-17-2027, L 669833 Use By: 2-16-2027, L 668712 Use By: 2-16-2027, L 668711 Use By: 2-16-2027, L 668710 Use By: 2-16-2027, L 668709 Use By: 2-16-2027 & L 668708 Use By: 2-16-2027."
110,20260513,H-0706-2026,Walker Honey Co,Ongoing,Class II,Food,"Hatch Creamed Honey  671333101339 * These product labels may also say  Whipped Honey  instead of  Creamed
Honey  as labels and size were changed in this timeline from 14 oz Creamed Honey to 11 oz Whipped Honey. The
UPC codes remained the same. Packaged in Glass jars  UPC Code:  671333101339",Creamed honey products may contain stainless steel dust/flakes and/or small particles or shreds of plastic.,Texas,packed after 12/1/2025
111,20260513,H-0765-2026,Raw Farm LLC,Ongoing,Class I,Food,RAW FARM SHREDDED RAW CHEDDAR 80 OZ [BULK ITEM]  UPC: 835204000194,Multi-state outbreak of E. coli O157:H7.,"U.S. distribution: AZ, CA, CO, FL, GA, IL, IN, MD, NV, TX. Foreign distribution: None.","80 oz - BATCH: 2026020, BEST BY: 5/6/2026 and all prior batches/dates."
112,20260513,H-0743-2026,Silver Moon LP dba Loard's Ice Cream,Ongoing,Class II,Food,Loard's Peanut Butter Fudge Ice Cream - 32 oz,"Undeclared Milk, Peanuts.",Loard's brand distributed to Loard's Ice Cream parlors located in Northern California. Private labels distributed to grocery stores located in Northern California.,None
113,20260513,H-0697-2026,"Falcon Trading Co., Inc.",Ongoing,Class III,Food,SunRidge Farms Organic SUNSET SOUP MIX CERTIFIED ORGANIC BY QAI NET WT. 25 LBS  Item: 013000 UPC: 086700130001,"Potential contamination with pesticides, haloxyfop and thiamethoxam","U.S. Distribution: CA, CO, HI, MO, TX, VT, WA. Foreign Distribution: None.","Lots: 0062614, 3132500, 2162598, 1252536, 3552404, 2612435."
114,20260513,H-0714-2026,Silver Moon LP dba Loard's Ice Cream,Ongoing,Class II,Food,Loard's Banana Ice Cream - 32 oz; 56 oz,"Undeclared Milk, Yellow #5.",Loard's brand distributed to Loard's Ice Cream parlors located in Northern California. Private labels distributed to grocery stores located in Northern California.,None
115,20260513,H-0762-2026,Raw Farm LLC,Ongoing,Class I,Food,"RAW FARM RAW CHEDDAR Original NEVER WARMED ABOVE 102F (TRULY RAW) MADE WITH WHOLE RAW MILK MADE IN USA KEEP
REFRIGERATED INGREDIENTS: whole raw milk, vegetable rennet, cultures, kosher sea salt Produced By: RAW FARM,
LLC www.rawfarmusa.com  8 oz (227g) UPC: 835204001177  16 oz (454g) UPC: 835204000156",Multi-state outbreak of E. coli O157:H7.,"U.S. distribution: AZ, CA, CO, FL, GA, IL, IN, MD, NV, TX. Foreign distribution: None.","8 oz - BATCH: 20260212, BEST BY: 5/13/2026 and all prior batches/dates. 16 oz - BATCH: 20251027-4, BEST BY: 8/23/2026 and all prior batches/dates."
116,20260513,H-0704-2026,Walker Honey Co,Ongoing,Class II,Food,"Cinnamon Creamed Honey 671333101360 * These product labels may also say  Whipped Honey  instead of  Creamed
Honey  as labels and size were changed in this timeline from 14 oz Creamed Honey to 11 oz Whipped Honey. The
UPC codes remained the same. Packaged in Glass jars  UPC:  671333101360",Creamed honey products may contain stainless steel dust/flakes and/or small particles or shreds of plastic.,Texas,packed after 12/1/2025
117,20260513,H-0746-2026,Silver Moon LP dba Loard's Ice Cream,Ongoing,Class II,Food,Loard's Pistachio Ice Cream - 32 oz,"Undeclared Milk, Pistachios, Yellow #5, Blue #1.",Loard's brand distributed to Loard's Ice Cream parlors located in Northern California. Private labels distributed to grocery stores located in Northern California.,None
118,20260513,H-0689-2026,SUNGAL INC,Terminated,Class II,Food,"XZL, Jelly Snacks, 12.68 OZ, Bag. 12 Bags per Case.",Product Contains undeclared FD&C Yellow #5 & #6 and Red #40,"The product was distributed to the following states : NY, RI",UPC CODE 6926475202449
119,20260513,H-0758-2026,Silver Moon LP dba Loard's Ice Cream,Ongoing,Class II,Food,"Chocolate Mint Ice Cream - 32 oz (4 labels: Mollie Stone's; Dehoff's; Farmer Joe's, Piazza's Fine Foods) UPC: 8-12017-00917","Undeclared Soy (with mitigating circumstances), Yellow #5, Blue #1",Loard's brand distributed to Loard's Ice Cream parlors located in Northern California. Private labels distributed to grocery stores located in Northern California.,UPC: 8-12017-00917
120,20260513,H-0744-2026,Silver Moon LP dba Loard's Ice Cream,Ongoing,Class II,Food,Loard's Pecan Praline Ice Cream - 32 oz,"Undeclared Milk, Pecans.",Loard's brand distributed to Loard's Ice Cream parlors located in Northern California. Private labels distributed to grocery stores located in Northern California.,None
121,20260513,H-0733-2026,Silver Moon LP dba Loard's Ice Cream,Ongoing,Class II,Food,Loard's Egg Nog Ice Cream - 32 oz,"Undeclared Milk, Eggs, Yellow #5.",Loard's brand distributed to Loard's Ice Cream parlors located in Northern California. Private labels distributed to grocery stores located in Northern California.,None
122,20260513,H-0761-2026,Target Corporation,Ongoing,Class II,Food,"Good & Gather Fresh from Our Deli.  Sesame Teriyaki Chicken with Rice.  Net Wt 18.0 oz (1.125lb).  Keep
Refrigerated.  DPCI # 878-02-0227.  UPC (01) 00250086000009 (3922) 00999.   Distributed by SuperTarget Mpls,
MN  55403.",Undeclared allergens (sesame and soy),"AL, AZ, CA, CO, FL, GA, IA, IL, IN, KS, LA, MN, MO, NC, ND, NE, OK, TN, TX, UT, VA, WI",Use or Freeze By:  4/15/26 through 4/27/26
123,20260513,H-0750-2026,Silver Moon LP dba Loard's Ice Cream,Ongoing,Class II,Food,Loard's Rocky Road Ice Cream - 56 oz,"Undeclared Milk, Walnuts, Eggs.",Loard's brand distributed to Loard's Ice Cream parlors located in Northern California. Private labels distributed to grocery stores located in Northern California.,None
124,20260513,H-0728-2026,Silver Moon LP dba Loard's Ice Cream,Ongoing,Class II,Food,Loard's Chocolate Showers Ice Cream - 32 oz; 56 oz,"Undeclared Milk, Soy.",Loard's brand distributed to Loard's Ice Cream parlors located in Northern California. Private labels distributed to grocery stores located in Northern California.,None
125,20260513,H-0742-2026,Silver Moon LP dba Loard's Ice Cream,Ongoing,Class II,Food,Loard's Orange Sherbert - 32 oz,"Undeclared Milk, Yellow #5.",Loard's brand distributed to Loard's Ice Cream parlors located in Northern California. Private labels distributed to grocery stores located in Northern California.,None
126,20260513,H-0747-2026,Silver Moon LP dba Loard's Ice Cream,Ongoing,Class II,Food,Loard's Pumpkin Ice Cream - 32 oz,"Undeclared Milk, Yellow #6.",Loard's brand distributed to Loard's Ice Cream parlors located in Northern California. Private labels distributed to grocery stores located in Northern California.,None
127,20260513,H-0690-2026,Disaronno Ingredients S.p.a.,Ongoing,Class II,Food,"Montebianco, 113542 Base Vegan, 2 Kg (4.41 Lb) Bag, packed 8 bags per master case of 2 Kg (4.41 lb) each total
case weight,16 Kg / 35.27 lb","Undeclared allergen Milk. The presence of the milk allergen in the product was found to exceed
acceptable levels despite the product being labeled with the statement *May contain milk. *",Product distributed in MD,Lot#L070725 0727  BBE: 31.07.2027
128,20260513,H-0709-2026,Walker Honey Co,Ongoing,Class II,Food,"Darkside of the Hive Creamed Honey/Salted Chocolate Creamed Honey 671333101414 *These product labels may also
say  Whipped Honey  instead of  Creamed Honey  as labels and size were changed in this timeline from 14 oz
Creamed Honey to 11 oz Whipped Honey. The UPC codes remained the same. Packaged in Glass jars  UPC Code:
671333101414",Creamed honey products may contain stainless steel dust/flakes and/or small particles or shreds of plastic.,Texas,packed after 12/1/2025
129,20260513,H-0751-2026,Silver Moon LP dba Loard's Ice Cream,Ongoing,Class II,Food,Loard's Sea Salt Caramel Ice Cream - 32 oz,"Undeclared Milk, Soy, Sulfites.",Loard's brand distributed to Loard's Ice Cream parlors located in Northern California. Private labels distributed to grocery stores located in Northern California.,None
130,20260513,H-0725-2026,Silver Moon LP dba Loard's Ice Cream,Ongoing,Class II,Food,Loard's Cherry Vanilla Ice Cream - 32 oz,"Undeclared Milk, Red #40.",Loard's brand distributed to Loard's Ice Cream parlors located in Northern California. Private labels distributed to grocery stores located in Northern California.,None
131,20260513,H-0729-2026,Silver Moon LP dba Loard's Ice Cream,Ongoing,Class II,Food,Loard's Chocolate Ice Cream - 32 oz; 56 oz,Undeclared Milk.,Loard's brand distributed to Loard's Ice Cream parlors located in Northern California. Private labels distributed to grocery stores located in Northern California.,None
132,20260513,H-0740-2026,Silver Moon LP dba Loard's Ice Cream,Ongoing,Class II,Food,Loard's Mocha Almond Fudge Ice Cream - 32 oz,"Undeclared Milk, Almonds, Soy.",Loard's brand distributed to Loard's Ice Cream parlors located in Northern California. Private labels distributed to grocery stores located in Northern California.,None
133,20260513,H-0755-2026,Silver Moon LP dba Loard's Ice Cream,Ongoing,Class II,Food,Loard's Vanilla Ice Cream - 32 oz; 56 oz,Undeclared Milk.,Loard's brand distributed to Loard's Ice Cream parlors located in Northern California. Private labels distributed to grocery stores located in Northern California.,None
134,20260513,H-0723-2026,Silver Moon LP dba Loard's Ice Cream,Ongoing,Class II,Food,Loard's Caramel Cashew Ice Cream - 32 oz,"Undeclared Milk, Cashews, Soy, Sulfites.",Loard's brand distributed to Loard's Ice Cream parlors located in Northern California. Private labels distributed to grocery stores located in Northern California.,None
135,20260513,H-0748-2026,Silver Moon LP dba Loard's Ice Cream,Ongoing,Class II,Food,Loard's Rainbow Sherbert - 32 oz,"Undeclared Milk, Soy, Yellow #5, Red #40, Green #3.",Loard's brand distributed to Loard's Ice Cream parlors located in Northern California. Private labels distributed to grocery stores located in Northern California.,None
136,20260513,H-0753-2026,Silver Moon LP dba Loard's Ice Cream,Ongoing,Class II,Food,Loard's Toasted Almond Ice Cream - 32 oz,"Undeclared Milk, Almonds.",Loard's brand distributed to Loard's Ice Cream parlors located in Northern California. Private labels distributed to grocery stores located in Northern California.,None
137,20260513,H-0738-2026,Silver Moon LP dba Loard's Ice Cream,Ongoing,Class II,Food,Loard's Mango Ice Cream - 32 oz; 56 oz,"Undeclared Milk, Yellow #5.",Loard's brand distributed to Loard's Ice Cream parlors located in Northern California. Private labels distributed to grocery stores located in Northern California.,None
138,20260513,H-0715-2026,Silver Moon LP dba Loard's Ice Cream,Ongoing,Class II,Food,Loard's Black Raspberry Marble Ice Cream - 32 oz,"Undeclared Milk, Red #40, Blue #1.",Loard's brand distributed to Loard's Ice Cream parlors located in Northern California. Private labels distributed to grocery stores located in Northern California.,None
139,20260513,H-0710-2026,Walker Honey Co,Ongoing,Class II,Food,"Hatch Green Chile Creamed Honey 671333101339 * These product labels may also say  Whipped Honey  instead of
Creamed Honey  as labels and size were changed in this timeline from 14 oz Creamed Honey to 11 oz Whipped
Honey. The UPC codes remained the same. Packaged in Glass  jars  UPC Code: 671333101339",Creamed honey products may contain stainless steel dust/flakes and/or small particles or shreds of plastic.,Texas,packed after 12/1/2025
140,20260513,H-0739-2026,Silver Moon LP dba Loard's Ice Cream,Ongoing,Class II,Food,Loard's Maple Walnut Ice Cream - 32 oz,"Undeclared Milk, Walnuts, Sulfites.",Loard's brand distributed to Loard's Ice Cream parlors located in Northern California. Private labels distributed to grocery stores located in Northern California.,None
141,20260513,H-0763-2026,Raw Farm LLC,Ongoing,Class I,Food,"RAW FARM RAW CHEDDAR Jalapeno NEVER WARMED ABOVE 102F (TRULY RAW) MADE WITH WHOLE RAW MILK MADE IN USA KEEP
REFRIGERATED INGREDIENTS: whole raw milk, vegetable rennet, cultures, kosher sea salt, 100% organic chili
powder jalapeno, air dried green jalapeno peppers Produced By: RAW FARM, LLC www.rawfarmusa.com  8 oz (227g)
UPC: 835204000330  16 oz (454g) UPC: 835204000354",Multi-state outbreak of E. coli O157:H7.,"U.S. distribution: AZ, CA, CO, FL, GA, IL, IN, MD, NV, TX. Foreign distribution: None.","8 oz - BATCH: 20251128-2J, BEST BY: 9/24/2026 and all prior batches/dates. 16 oz - BATCH: 20251128-1J, BEST BY: 9/24/2026 and all prior batches/dates."
142,20260513,H-0721-2026,Silver Moon LP dba Loard's Ice Cream,Ongoing,Class II,Food,Loard's Butter Brickle Ice Cream - 32 oz,"Undeclared Milk, Almonds, Soy.",Loard's brand distributed to Loard's Ice Cream parlors located in Northern California. Private labels distributed to grocery stores located in Northern California.,None
143,20260513,H-0766-2026,Raw Farm LLC,Ongoing,Class I,Food,RAW FARM ORIGINAL RAW CHEDDAR 80 OZ [BULK ITEM]  UPC: 835204001160,Multi-state outbreak of E. coli O157:H7.,"U.S. distribution: AZ, CA, CO, FL, GA, IL, IN, MD, NV, TX. Foreign distribution: None.","80 oz - BATCH: 20251015-4, BEST BY: 8/11/2026 and all prior batches/dates."
144,20260513,H-0716-2026,Silver Moon LP dba Loard's Ice Cream,Ongoing,Class II,Food,Loard's Black Raspberry Ice Cream - 32 oz,"Undeclared Milk, Red #40, Blue #1.",Loard's brand distributed to Loard's Ice Cream parlors located in Northern California. Private labels distributed to grocery stores located in Northern California.,None
145,20260513,H-0735-2026,Silver Moon LP dba Loard's Ice Cream,Ongoing,Class II,Food,Loard's Horchata Ice Cream - 32 oz,"Undeclared Milk, Soy.",Loard's brand distributed to Loard's Ice Cream parlors located in Northern California. Private labels distributed to grocery stores located in Northern California.,None
146,20260513,H-0727-2026,Silver Moon LP dba Loard's Ice Cream,Ongoing,Class II,Food,Loard's Chocolate Mint Ice Cream - 32 oz; 56 oz,"Undeclared Milk, Soy, Yellow #5, Blue #1.",Loard's brand distributed to Loard's Ice Cream parlors located in Northern California. Private labels distributed to grocery stores located in Northern California.,None
147,20260513,H-0700-2026,California Dairies Inc.,Ongoing,Class I,Food,Buttermilk Powder - paper bags 25 kg.  (packed under 1 label: BMP Extra Grade Standard),Potential contamination with Salmonella.,"U.S. Distribution: Unknown and to be determined during RAC assignment. Domestic consignees pick-up product from CDI. Foreign Distribution: Mexico, Philippines, Dominican Republic.",Batch Codes for recalled product all start with  A  or  B    full list below. Batch Codes and Production Date: A22525-08-A 8/13/2025; A22525-08-B 8/13/2025; A22525-08-C 8/13/2025; A22525-08-D 8/13/2025; A22525-08-E 8/13/2025; A22525-08-F 8/13/2025; A22525-08-G 8/13/2025; A22525-08-H 8/13/2025.
148,20260513,H-0752-2026,Silver Moon LP dba Loard's Ice Cream,Ongoing,Class II,Food,Loard's Strawberry Ice Cream - 32 oz; 56 oz,"Undeclared Milk, Red #40.",Loard's brand distributed to Loard's Ice Cream parlors located in Northern California. Private labels distributed to grocery stores located in Northern California.,None
149,20260513,H-0717-2026,Silver Moon LP dba Loard's Ice Cream,Ongoing,Class II,Food,Loard's Black Walnut Ice Cream - 32 oz; 56 oz,"Undeclared Milk, Walnuts.",Loard's brand distributed to Loard's Ice Cream parlors located in Northern California. Private labels distributed to grocery stores located in Northern California.,None
150,20260513,H-0692-2026,Griffith Foods Inc.,Ongoing,Class I,Food,"MILK WASH NET WEIGHT: 50OZ (1417g) Packed Exclusively For: Chick-fil-A, Inc. 5200 Buffington Road Atlanta, GA 30349","Potential Salmonella contamination. The firm was notified from their supplier that the nonfat
dry milk may be contaminated with Salmonella.","Product was shipped to the following states: AZ, CA, CO, FL, GA, IL, LA, MD, MI, NC, PA, SC, TN, TX & WA.","L 671742 Best By AUG 30 2026, L 671741 Best By AUG 30 2026, L 670653 Best By AUG 24 2026, L 669617 Best By AUG 17 2026, L 669616 Best By AUG 17 2026, L 669611 Best By AUG 16 2026 & L 669610 Best By AUG 16 2026."
151,20260513,H-0741-2026,Silver Moon LP dba Loard's Ice Cream,Ongoing,Class II,Food,Loard's Mocha Chip Ice Cream - 32 oz; 56 oz,Undeclared Milk.,Loard's brand distributed to Loard's Ice Cream parlors located in Northern California. Private labels distributed to grocery stores located in Northern California.,None
152,20260513,H-0731-2026,Silver Moon LP dba Loard's Ice Cream,Ongoing,Class II,Food,Loard's Coffee Ice Cream - 32 oz,Undeclared Milk.,Loard's brand distributed to Loard's Ice Cream parlors located in Northern California. Private labels distributed to grocery stores located in Northern California.,None
153,20260513,H-0749-2026,Silver Moon LP dba Loard's Ice Cream,Ongoing,Class II,Food,Loard's Raspberry Sherbert - 32 oz,"Undeclared Milk, Red #40.",Loard's brand distributed to Loard's Ice Cream parlors located in Northern California. Private labels distributed to grocery stores located in Northern California.,None
154,20260513,H-0734-2026,Silver Moon LP dba Loard's Ice Cream,Ongoing,Class II,Food,Loard's Green Tea Ice Cream - 32 oz,"Undeclared Milk, Yellow #5.",Loard's brand distributed to Loard's Ice Cream parlors located in Northern California. Private labels distributed to grocery stores located in Northern California.,None
155,20260513,H-0732-2026,Silver Moon LP dba Loard's Ice Cream,Ongoing,Class II,Food,Loard's Cookies and Cream Ice Cream - 32 oz; 56 oz,"Undeclared Milk, Wheat, Soy.",Loard's brand distributed to Loard's Ice Cream parlors located in Northern California. Private labels distributed to grocery stores located in Northern California.,None
156,20260513,H-0720-2026,Silver Moon LP dba Loard's Ice Cream,Ongoing,Class II,Food,Loard's Burgundy Cherry Ice Cream - 32 oz,"Undeclared Milk, Red #40, Blue #1, Blue #2.",Loard's brand distributed to Loard's Ice Cream parlors located in Northern California. Private labels distributed to grocery stores located in Northern California.,None
157,20260513,H-0702-2026,Walker Honey Co,Ongoing,Class II,Food,"Raspberry Creamed Honey 671333101322 ¿  These product labels may also say  Whipped Honey  instead of  Creamed
Honey  as labels and size were changed in this timeline from 14 oz Creamed Honey to 11 oz Whipped Honey, UPC
Code: 671333101322",Creamed honey products may contain stainless steel dust/flakes and/or small particles or shreds of plastic.,Texas,packed after 12/1/2025
158,20260513,H-0776-2026,"Post Consumer Brands, LLC",Completed,Class II,Food,"Publix Bran Flakes, Wheat Cereal.  Net Wt 18oz (1 lb 2 oz) 510g.  UPC 0 41415-24305 7.   Distributed by Publix
Super Markets, Inc. Lakeland, FL 33802.",Foreign Material (plastic),"AL, FL, GA, NC",SKU   4141524305  Item Number   47026 Lot Code   OCT0526RBA (all time stamps)
159,20260513,H-0688-2026,Tops Markets LLC,Terminated,Class III,Food,Christopher Ranch Peeled Garlic 6 oz.,"The potential contamination with Clostridium botulinum, due to risk of temperature abuse during
chilled storage at the firm","NY, VT, PA",UPC: 00007457410852  Codes: all
160,20260513,H-0718-2026,Silver Moon LP dba Loard's Ice Cream,Ongoing,Class II,Food,Loard's Blueberry Cheesecake Ice Cream - 32 oz,"Undeclared Milk, Red #40, Blue #1.",Loard's brand distributed to Loard's Ice Cream parlors located in Northern California. Private labels distributed to grocery stores located in Northern California.,None
161,20260513,H-0722-2026,Silver Moon LP dba Loard's Ice Cream,Ongoing,Class II,Food,Loard's Butterscotch Marble Ice Cream - 32 oz,Undeclared Milk.,Loard's brand distributed to Loard's Ice Cream parlors located in Northern California. Private labels distributed to grocery stores located in Northern California.,None
162,20260513,H-0694-2026,Green Organic Vegetables,Ongoing,Class II,Food,Woodstock Organic Shelled Edamame 10 oz. and 48 oz.,Foreign object: metal pieces,Nationwide,Woodstock Organic Shelled Edamame 10 oz. UPC:0-4256300780-5 Lot Code: 20425GOLY with Best by: 07/23/2027 Lot Code: 20525GOLY with Best by: 07/24/2027 Lot Code: 32025GOLY with Best by: 11/16/2027  Woodstock Organic Shelled Edamame 3 lbs. UPC: 0-4256301242-7 Lot Code: 20425GOLY with Best by: 07/23/2027
163,20260513,H-0705-2026,Walker Honey Co,Ongoing,Class II,Food,"Dark Pecan Creamed Honey/Pecan Creamed Honey 671333101407 * These product labels may also say  Whipped Honey
instead of  Creamed Honey  as labels and size were changed in this timeline from 14 oz Creamed Honey to 11 oz
Whipped Honey. The UPC codes remained the same. Packaged in Glass jars  UPC Code: 671333101407",Creamed honey products may contain stainless steel dust/flakes and/or small particles or shreds of plastic.,Texas,packed after 12/1/2025
164,20260506,H-0679-2026,Hadson (Toko) Trading Co. Inc.,Ongoing,Class II,Food,Negita Cracker- Shrimp 2.8oz,Contains undeclared FD&C Yellow 6,"CT, GA, IL, MA, MD, NJ, NY, OH, PA, TX, UT, VA",UPC code: 4975934313310 Best by: 1/6/2027
165,20260506,H-0677-2026,"Guangdong Zonegoing Food Co., LTD",Ongoing,Class II,Food,"52USA brand POPPING BOBA; PASSION FRUIT FLAVOR; Net wt: 7 lb (3.2kg); Ingredients Drinking water, fructose
syrup, food additives (hydroxypropyl distarch phosphate (E1442), calcium lactate (E327), DL-malic acid (E296),
sodium alginate (E401), citric acid (E330), carrageenan (EE407), potassium chloride (E508), potassium sorbate
(E202), guar gum (E412), trisodium citrate (E331), beta-carotene (E160a). sucralose (E955), tartrazine (E102),
sunset yellow (E110)), food flavors.; CONTAINS NO JUICE; Shelf Life: 18 months; Distributed for Felicific
Inc., Queens, NY 11435;  PRODUCT OF CHINA; UPC 8 1018 42125 1","Products contain unapproved colors, specifically tartrazine (FD&C Yellow 5), sunset yellow (FD&C
Yellow 6), and allura red (FD&C Red 40).",NY,"Lot Numbers: 20250813 Expiration Date: Feb 8, 2027"
166,20260506,H-0678-2026,"Guangdong Zonegoing Food Co., LTD",Ongoing,Class II,Food,"52USA brand POPPING BOBA; MANGO FLAVOR; Net wt: 7 lb (3.2kg); Ingredients Drinking water, fructose syrup, food
additives (hydroxypropyl distarch phosphate (E1442), calcium lactate (E327), DL-malic acid (E296), sodium
alginate (E401), citric acid (E330), carrageenan (EE407), potassium chloride (E508), potassium sorbate (E202),
guar gum (E412), trisodium citrate (E331), beta-carotene (E160a). sucralose (E955), tartrazine (E102), sunset
yellow (E110)), food flavors.; CONTAINS NO JUICE; Shelf Life: 18 months; Distributed for Felicific Inc.,
Queens, NY 11435;  PRODUCT OF CHINA; UPC 8 1018 42124 4","Products contain unapproved colors, specifically tartrazine (FD&C Yellow 5), sunset yellow (FD&C
Yellow 6), and allura red (FD&C Red 40).",NY,"Lot Numbers: 20250813 Expiration Date: Feb 8, 2027"
167,20260506,H-0680-2026,"LACTALIS CANADA, INC",Ongoing,Class II,Food,"Specially SELECTED brand Vanilla Creme Brulee; NET WT 3.6oz (103g); INGREDIENTS: CREAM (MILK, CREAM), FROZEN
YOLK MIX (EGG YOLK, SUGAR) SUGAR, NATURAL VANILLA FLAVOR, TAPIOCA STARCH, CARRAGEENAN; TOPPING INGREDIENTS:
CARAMEL FLAKES (SUGAR, GLUCOSE SYRUP); CONTAINS: MILK, EGGS. MAY CONTAIN: WHEAT, SOY; DIST.SOLD EXCLUSIVELY
BY: ALDI BATAVIA, IL; packaged in glass jars","Product may contain foreign objects, specifically glass.","NY, IN, FL, IL, VA, MD, and MI",Best Before/Use By Date: 5/9/2026 Product Number: 710298-4099100342826 Barcode: 4099100342826
168,20260506,H-0675-2026,Schreiber Foods Inc,Terminated,Class II,Food,"Top Lid Label:  Einstein Bros Bagels Honey Almond Double-Whipped Shmear.  Cup Label:  Plain Whipped Cream
Cheese Spread.  Net Wt 6 oz (170g).  UPC 8 75343 00001 3.  Keep Refrigerated.  Made For Einstein Noah
Restaurant Group Inc., Lakewood, CO 80228.",Undeclared allergen (almond).,"CA, CO, OR, SC",Best if Used By:  Jul 21 2026
169,20260506,H-0676-2026,"Guangdong Zonegoing Food Co., LTD",Ongoing,Class II,Food,"52USA brand POPPING BOBA; STRAWBERRY FLAVOR; Net wt: 7 lb (3.2kg); Ingredients Drinking water, fructose syrup,
food additives (hydroxypropyl distarch phosphate (E1442), calcium lactate (E327), DL-malic acid (E296), sodium
alginate (E401), citric acid (E330), carageenan (EE407), potassium chloride (E508), potassium sorbate (E202),
guar gum (E412), trisodium citrate (E331), sucralose (E955), allura red (E129), food flavors.; CONTAINS NO
JUICE; Shelf Life: 18 months; Distributed for Felicific Inc., Queens, NY 11435;  PRODUCT OF CHINA; UPC 8 10185
42123 7","Products contain unapproved colors, specifically tartrazine (FD&C Yellow 5), sunset yellow (FD&C
Yellow 6), and allura red (FD&C Red 40).",NY,"Lot Numbers: 20250813 Expiration Date: Feb 8, 2027"
170,20260506,H-0684-2026,"The Mochi Ice Cream Company, LLC",Terminated,Class II,Food,My Mochi Strawberry flavored Non-Dairy Frozen Dessert; 7.5 oz; 6 pieces per container.  UPC# 0-70934-99645-8,Foreign object found inside retail container.,Product was distributed to 6 retail consignees with several locations nationwide.,Lot# 041-26 BEST BUY 2/20/2027
171,20260506,H-0685-2026,"King Juice Company, Inc.",Ongoing,Class II,Food,"Calypso Tropic Tango Lemonade.  16 FL oz (1PT) (473 ML).  UPC 0 79581-18709 7.  Keep Refrigerated After
Opening.  King Juice Company, Inc., Milwaukee, Wisconsin 53221.",Product contains undeclared Yellow No. 5.,"Nationwide.  Outside the US to Australia, New Zealand, Singapore, and Trinidad and Tobago",All Lot Codes including and prior to 01APR2027
172,20260506,H-0683-2026,Ganesha Enterprises LLC,Ongoing,Class II,Food,"KLG, Kesar Mukhwas, perishable, 24 months, flexible plastic, 200 gm, 818812022208, Ganesha Enterprises LLC,
5200 Sigstrom Drive, Carson City, Nevada 89706 USA.","Undeclared food colorings (Yellow 6, Blue 1, and Yellow 5) and unapproved Acid Red 14.","Product was distributed in the following states: CA, GA,  IL, NY, and TN.","IKS265, 07/2027"
173,20260506,H-0686-2026,HEMU TRADING INC,Ongoing,Class I,Food,"Black label with blue lettering. FOOD Korean Food, ENOKI MUSHROOM, 150g clear plastic package; Product of
Korea, Keep Refrigerated. Distributed by Hemu Trading Inc. UPC: 8801234567893",product tested positive for Listeria Monocytogenes.,"5 direct account consignees located in CA, FL and MD.",Lot code:215
174,20260429,H-0669-2026,Ethnic Foods Inc,Ongoing,Class II,Food,"Bombay Kitchen brand Tikka Sev; Net Wt 9oz (255g); INGREDIENTS: Chickpea Flour, Water, Non-GMO Expeller
Pressed Canola Oil, Spices, Salt, FD&C Tomato Color and Citric Acid; CAUTION: May Contain Traces of Peanuts,
Cashews and/or Tree Nuts; Manufactured by Bombay Kitchen Foods Port Washington, NY 11050","Product(s) contain undeclared colors, FD&C Yellow #6 and FD&C Red #40",NJ,UPC: 808550100085
175,20260429,H-0682-2026,Costco Wholesale Corporation,Ongoing,Class I,Food,"Kirkland Signature Traditional Madeleines 12 Count/net wt. 18oz., Item #2000012, UPC 000020000127. Plastic
clamshell container is packed with 9 pieces of Filled Heart Madeleines.  Distributed by Costco Wholesale Corp.
Seattle, WA.   Label of recalled package is read in part: TRADITIONAL MADELEINES***INGREDIENTS: WHEAT FLOUR
**EGGS, BUTTER (CREAM) ***ALLERGEN INFORMATION: CONTAINS WHEAT, EGG, MILK*** PRODUCED ON EQUIPMENT THAT ALSO
PROCESSES PEANUTS, TREE NUTS AND SESAME***.",Undeclared hazelnut and soy lecithin.,"Distributed in CA, CO, FL, IL, MT, VA, WA, WI, and in Puerto Rico.",Pack Date: 3/30/26 to 4/6/26 Sell By: 04/2/26 to 4/9/26
176,20260429,H-0671-2026,Summit Import Corporation,Terminated,Class II,Food,"Spice Powder, 4 oz, Plastic Bag",Lead level was higher than NYSAGM Standard.,"The recalled product was distributed to the following states: NY, NJ, SC, ME, FL, PA, MA, VA",06204
177,20260429,H-0670-2026,Ethnic Foods Inc,Ongoing,Class II,Food,"Bombay Kitchen brand Punjabi Mix; Net Wt 9oz (255g); INGREDIENTS: Chickpea Flour, Water, Non-GMO Expeller
Pressed Canola Oil, Chana Dal (Split Bengal Gram), Brown Lentils (Masoor), Chickpeas, Rice Flakes, Puffed
Rice, Spices, Sugar, Peanuts, Raisins, Yogurt (pasteurized Grade A Milk and Cultures), Green Chilli, Salt,
FD&C tomato Color and Citric Acid; CONTAINS: Peanuts, Milk; CAUTION: May Contain Traces of Peanuts, Cashews
and/or Tree Nuts; Manufactured by Bombay Kitchen Foods Port Washington, NY 11050","Product(s) contain undeclared colors, FD&C Yellow #6 and FD&C Red #40",NJ,UPC: 808550100016
178,20260429,H-0672-2026,"Marquez Brothers International, Inc.",Ongoing,Class II,Food,Bulk Horchata Powder  3951 (100547) 1/25 HORCHATA  UPC: 042743-19015-0 Item: 100547,Undeclared milk.,"Domestic distribution: AK, AL, AR, AZ, CA, CO, FL, IA, ID, IL, IN, KS, LA, MI, MN, MO, MT, NE, NM, NV, OH, OK, OR, TN, TX, UT, VA, WA, WI. Foreign distribution: Canada, Japan.","Lot, Expiration: HR02224, 01/23/26; HR06124, 03/05/26; HR16524, 06/14/26; HR23624, 08/27/26; HR34124, 12/11/26; HR07125, 03/13/27; HR09025, 04/03/27; HR23425, 08/27/27; HR34425, 12/15/27; HR01926, 01/28/28."
179,20260429,H-0666-2026,Unistel Industries Inc.,Ongoing,Class I,Food,"SALUTE SEASONINGS; Ground All Spice; Net Wt 16oz; Unistel Industries 650 Blossom Road Rochester, NY 14610; UPC: 7 69203 01617 0",Product may be contaminated with Salmonella.,"CA, HI, WA","Lot: A6040, A6054, A6068"
180,20260429,H-0674-2026,"Marquez Brothers International, Inc.",Ongoing,Class II,Food,"EL MEXICANO agua fresca de horchata Instant Horchata Drink NET WT 12oz (340g) INGREDIENTS: *** MILK SUBSTITUTE
(WHEY *** LACTOSE ***  DISTRIBUTED BY MARQUEZ BROTHERS INTERNATIONAL, INC. San Jose CA 95138  UPC:
042743190204 Item: 102279",Undeclared milk.,"Domestic distribution: AK, AL, AR, AZ, CA, CO, FL, IA, ID, IL, IN, KS, LA, MI, MN, MO, MT, NE, NM, NV, OH, OK, OR, TN, TX, UT, VA, WA, WI. Foreign distribution: Canada, Japan.","Lot, Expiration: HR02324, 01/26/26; HR02324, 01/29/26; HR06424, 03/07/26; HR09924, 04/09/26; HR10024, 04/10/26; HR12924, 05/09/26; HR13024, 05/13/26; HR13024, 05/14/26; HR16424, 06/13/26; HR17824, 06/27/26; HR17824, 06/28/26; HR21124, 07/30/26; HR21224, 07/31/26; HR23524, 08/26/26; HR23624, 08/27/26; HR26724, 09/25/26; HR29724, 10/24/26; HR29824, 10/25/26; HR29924, 11/19/26; HR32424, 11/20/26; HR02225, 01/23/27; HR02225, 01/24/27; HR05825, 03/05/27; HR05925, 03/06/27; HR08625, 03/28/27; HR08625, 03/31/27; HR08725, 04/01/27; HR15725, 06/09/27; HR16025, 06/10/27; HR16225, 06/12/27; HR16325, 06/13/27; HR19125, 07/11/27; HR19225, 07/15/27; HR23325, 08/22/27; HR23225, 08/21/27; HR27925, 10/08/27; HR28225, 10/13/27; HR34425, 12/15/27; HR34525, 12/16/27."
181,20260429,H-0673-2026,"Marquez Brothers International, Inc.",Ongoing,Class II,Food,"EL MEXICANO horchata casera Instant Horchata Drink NET WT 14oz (396g) INGREDIENTS: *** MILK SUBSTITUTE (WHEY
*** LACTOSE ***  DISTRIBUTED BY MARQUEZ BROTHERS INTERNATIONAL, INC. San Jose CA 95138  UPC: 042743190266
Item: 102284",Undeclared milk.,"Domestic distribution: AK, AL, AR, AZ, CA, CO, FL, IA, ID, IL, IN, KS, LA, MI, MN, MO, MT, NE, NM, NV, OH, OK, OR, TN, TX, UT, VA, WA, WI. Foreign distribution: Canada, Japan.","Lot, Expiration: HC10124,  04/11/26; HC16524, 06/14/26; HC21324, 08/01/26; HC29924, 10/28/26; HC06625, 03/06/27; HC06625, 03/07/27; HC16325, 06/13/27; HC19525, 07/15/27; HC28325, 10/13/27; HC28325, 10/14/27."
182,20260429,H-0667-2026,Mondelez Global Llc,Ongoing,Class II,Food,CHIPS AHOY! Baked Bites Brookie .22.4 oz Carton ( 2.8 oz pouch )  and 7.7 oz Carton ( 1.4 oz pouch),Hard corn starch lumps were found in the product,"The product was distributed to the following States : MN, PA, OH,IL, IN,TN,KY,FL,NC,TN,WI, VA",Case/UPC 1 00 44000 08667 8  Best When Used By Dates 09MAY2026 10MAY2026 11MAY2026 12MAY2026  Case/UPC 1 00 44000 08565 7  Best When Used By Dates  12MAY2026 18MAY2026
183,20260422,H-0665-2026,Booey's Gourmet LLC,Completed,Class II,Food,"Booey's Dragon's Breath sauce, 15.2oz ringneck glass bottle. UPC on bottle: 7 01936 29222 3.  There are 12
bottles per case. Manufactured Exclusively for  BOOEYS GOURMET 3924 N. Cannon St. Spokane, WA 99205.  Label
declares: INGREDIENTS: Contains Soy and Wheat. *** Soy Sauce (Water, Soybeans, Wheat, Salt ***Squid Sauce
(Anchovy Extract) ***Sesame Oil***.","Ingredients statement declares Anchovy and Sasame, but Contains statement does not declare Fish
(Anchovy) and Sesame.",Distributed in WA.,None
184,20260422,H-0664-2026,Bee Well Honey Farm & Supply Inc.,Terminated,Class III,Food,"Raw & Unfiltered Bee Well Wildflower Honey NET wT. 12 OZ (340g) UPC 8 32587 00003 2, NET WT. 22 OZ (624g) UPC
8 32587 00002 5 & NET WT. 44 OZ (1.25g) UPC 8 32587 00001 8 100% Pure Honey Bee Well Honey 909 W. Main Street
Pickens, SC 29671","High sugar content. The firm was notified by the FDA that sample results were positive for a
high C4 sugar content.",Product was shipped to retailers in South Carolina.,7/24/29
185,20260422,H-0681-2026,PURE PALM C/O DVD,Ongoing,Class II,Food,"Label is predominantly green with white lettering in a clear plastic clamshell container.  Pure Palm dates-
Medjool Dates Net Wt. 16OZ  UPC: 852160007005","mislabeled Coconut Date Bites. (product is coconut covered, label is for regular date bites)","Product was distributed to a single Direct Account with multiple locations across several East Coast states including (Delaware, Pennsylvania, New Jersey, Maryland, New York)",LOT CODE PP0576D1 BEST BY:02/26/2027
186,20260415,H-0656-2026,Connecticut Crab Company LLC,Terminated,Class II,Food,Crab Cakes various sizes sold to food service,"May be temperature abused, which may result in growth of Clostridium botulinum",NY and NJ,"Production on March 9, 11, 13, 16 & 18 in 2026 Unit Size: Our crabcakes are custom made and go from .5oz up to 5oz per cake 1.5 - Container Description: They are shipped in shrimp boxes that generally weigh between 4-5lbs 1.6 - Total Package Size: They contain from 20 up to 135 crabcakes per box depending on the cake size"
187,20260415,H-0652-2026,Zarlengo Italian Ice,Ongoing,Class II,Food,"Zarlengo's Double Dark Chocolate Gelato packaged in 1 Gallon bucket/pail - white round food and freezer grade
High-Density Polyethylene bucket/pail with tamper resistant lid.","Soy Lecithin listed in ingredients statement, but Soy is not mentioned in the contains statement.","IL, IN and TX","Lot Codes:  6 fl oz cups--- 00226, 03026, 05426, 33825   16 fl oz (or pint) -- 33825   1 gallon--05726"
188,20260415,H-0650-2026,Zarlengo Italian Ice,Ongoing,Class II,Food,"Zarlengo's Chocolate Chocolate Chip Gelato packaged in multiple sizes (6 fl oz cups, 16 fl oz cups, 32 fl oz
cups, 1-gallon bucket/pail and 2-gallon bucket/pail) , Net Wt. 6 fl oz cups - clear freezer grade and round
Polyethylene terephthalate cup with peelable paper lid, laminated with heat-sealable plastic, 16 fl oz cups
and 32 fl oz cups translucent freezer grade and round High-Density Polyethylene container with lid and
1-Gallon and 2-Gallon bucket/pail - white round food and freezer grade High-Density Polyethylene bucket/pail
with tamper resistant lid.","Soy Lecithin listed in ingredients statement, but Soy is not mentioned in the contains statement.","IL, IN and TX","Lot Codes:  6 fl oz cups--- 03026, 00226, 05426, 05726   16 fl oz (or pint) -- 33825  32 fl oz-- 33825  1 gallon-- 03026"
189,20260415,H-0662-2026,Riverence Provisions LLC,Ongoing,Class II,Food,"Riverence Smoked Trout Dip, net wt. 7oz. Product is perishable, refrigerated, packaged in plastic tub. Product
is shipped to consignee frozen by the case (12/7oz. units per case).   Retail container UPC 7 07651 30561 3.
Case item UPC #007076513057   Label declares Ingredients: Smoked Trout, Whipped Cream Cheese, Sour Cream,
Horseradish, Lemon Juice, Dill, Black Pepper. Contains: Fish (Rainbow Trout).",Label declares cream cheese but does not declare milk,"Distributed in CA, MA, NJ, NY, OR, TX, UT, VT.","Lot #25339, 26037, and 26057.   Best By Dates: 12/5/2026, 8/6/2027, and 8/27/2027 is marked on the side of the case. However, these best before dates are for the cases while the product is frozen.   Once an individual unit is moved out of the case and into refrigeration the shelf life is 45-days. Therefore, the consumer of an individual unit will not see the best before dates associated with a case of frozen product.   Direct consignees were instructed to add a best before date to an individual unit based on the date moved from a freezer to a refrigerator."
190,20260415,H-0654-2026,"Pure Vitamins and Natural Supplements, LLC",Ongoing,Class I,Food,"Blue Bull Extreme Male Enhancement Supplement, total of 15 pouches per box, Net Wt 15 G each pouch. Dosage:
Consume Entire Pouch 30 Minutes before Intercourse. Produced by Blue Bull Corporation Made In USA. UPC Code
707443349917",FDA analysis revealed the presence of undeclared sildenafil,New Jersey,EXP Date 02/2029
191,20260415,H-0657-2026,MEI YU CHENG DA TRADING INC,Terminated,Class III,Food,"DADI NONGFU DRIED SALT CHILLI VEGETABLE(S); Ingredients: Radish, chili, roasted sesame, prickly ash, edible
salt, soybean oil, edible vinegar, white granulated sugar, spices, food additives (sodium glutamate, citric
acid, sodium benzoate, potassium sorbate, sodium saccharin, acesulfame, sucralose, disodium EDTA, turmeric).;
Allergen: This product contains sesame and soy products; Net Wt. 14.1 oz(400g)",Products contain banned sweetener: cyclamates.,"NY, PA, FL",All Codes
192,20260415,H-0655-2026,"Pure Vitamins and Natural Supplements, LLC",Ongoing,Class I,Food,"Red Bull Extreme Male Enhancement Supplement, total of 15 pouches per box, Net Wt 15 G each pouch. Dosage:
Consume Entire Pouch 30 Minutes before Intercourse. Produced by Red Bull Corporation. Turkey
www.redbullhoney.com UPC Code 9554100205595",FDA analysis revealed the presence of undeclared sildenafil,New Jersey,B/N ORB524  MFG Date: MAY 2024  EXP DATE: MAY 2029
193,20260415,H-0658-2026,MEI YU CHENG DA TRADING INC,Terminated,Class III,Food,"Olive Skewers individually wrapped and packaged in clear plastic bag; 500g; INGREDIENTS: Olive, edible salt,
white sugar, monosodium glutamate, licorice, cloves, food additives (citric acid, DL malic acid, saccharin,
sodium saccharin, steviol glycosides, aspartame, vanillin, ethyl malt powder, lemon yellow, carmine, sodium
benzoate, potassium sorbate, sodium metabisulfite); MANUFACTURER: Fuzhou Hangzhengiou food Co. Ltd; UPC: 6
922279 985205",Products contain banned sweetener: cyclamates.,"NY, PA, FL",2025-02-20
194,20260415,H-0668-2026,AYCO FARMS INC,Terminated,Class I,Food,"Fresh Cantaloupe (Whole, Fresh), brand name Ayco, wrapped in food safe plastic bags packed in corrugated
cardboard cartons; 6-12 melons per box; individual carton count per label. Keep refrigerated; store between 36
40¿F.",Potential Salmonella Contamination,"Distributed to PA, FL, CA, NY. No foreign distribution and none to government agencies.","Lot Numbers: GC26257, GC26270, GC26288, GC26289, GC26290, GC26294, GC26299, GC26301, GC26307, GC26308, GC26311, GC26312, GC26313, GC26318, GC26325, GC26326, GC26328, SCX2601, SCX2606, SCX2611, SCX2614, SCX2622, SCX2625, SCX2629, SCX2633, SGC2601, SGC2602, SGC2607"
195,20260415,H-0651-2026,Zarlengo Italian Ice,Ongoing,Class II,Food,"Zarlengo's Chocolate Gelato packaged in multiple sizes (6 fl oz cups, 16 fl oz cups, 32 fl oz cups and
1-gallon bucket/pail) , Net Wt. 6 fl oz cups - clear freezer grade and round Polyethylene terephthalate cup
with peelable paper lid, laminated with heat-sealable plastic, 16 fl oz cups and 32 fl oz cups translucent
freezer grade and round High-Density Polyethylene container with lid and 1 Gallon bucket/pail - white round
food and freezer grade High-Density Polyethylene bucket/pail with tamper resistant lid.","Soy Lecithin listed in ingredients statement, but Soy is not mentioned in the contains statement.","IL, IN and TX","Lot Codes:  6 fl oz cups--- 00226, 03026, 05426, 33825   16 fl oz (or pint) -- 33825   1 gallon--05726"
196,20260415,H-0653-2026,"Pure Vitamins and Natural Supplements, LLC",Ongoing,Class I,Food,"Boner Bears Honey Male Enhancement 100% Wildflower Honey, total of 15 pouches per box, Net Wt 15 G each pouch.
Dosage: Consume 1 entire pouch 30 minutes before Intercourse. MANUFACTURED IN: FLORIDA. UPC 788362191603",FDA analysis revealed the presence of undeclared sildenafil and Tadalafil,New Jersey,Lot # BBH0128   EXP 01/28
197,20260415,H-0659-2026,"F&S Fresh Foods, Inc.",Terminated,Class II,Food,"ReadyMeals Turkey Bacon & Cheddar Pretzel Duo Sandwich, perishable, Keep Refrigerated, plastic clamshell, net
wt. 10 oz, UPC 8 26766 25036 3. Distributed By F&S Fresh Foods Vineland, NJ 08360.  Label declares CONTAINS
EGG, MILK, SOY, WHEAT.",Undeclared sesame. Sandwich contains visible sesame but label does not declare sesame.,distributed in OR,"Best if Used By: 04/06/26   Lot: FSNW 089  Manufacturing location (Clackamas, OR) Julian Date"
198,20260415,H-0663-2026,"Blueroot Health, Inc.",Ongoing,Class II,Food,"Vital Nutrients Aller-C (vitamin C, citrus bioflavonoids, isoquercitrin, and bromelain)100 count bottles and 200 count bottles","Contains undeclared egg, soy, and hazelnut","Alaska, Arizona, California, Colorado, Connecticut, Florida, Georgia, Hawaii, Iowa, Idaho, Illinois, Indiana, Kansas, Kentucky, Massachusetts, Maryland, Maine, Michigan, Minnesota, Mississippi, Montana, North Carolina, New Hampshire, New Jersey, New Mexico, Nevada, New York, Ohio, Oregon, Pennsylvania, South Carolina, Tennessee, Texas, Utah, Virginia, Vermont, Washington, Wisconsin, West Virginia, & Wyoming","100 count bottles - UPC: 693465524114,693465000083 Lot: 25E04-A, 25E04-B, 25E04 Expiration date: 05/27  200 count bottles - UPC:693465524213,693465000090 Lot: 25E04-B Expiration date: 05/27"
199,20260408,H-0645-2026,"The Maros Group, LLC",Terminated,Class II,Food,Prickly Pear Jelly. 9 oz (268 g) glass bottle with gold cap.,Undeclared milk.,Distributed in AZ.,"lot code: 2250416 Sell by date: 042326 (April 23, 2026) 053026 (May 30, 2026) 061126 (June 11, 2026)  Lot code: 2250616 Sell by Date: 061126 (June 11, 2026)"
200,20260408,H-0640-2026,Lone Star Dairy Products LLC,Ongoing,Class I,Food,Spray Dried Dairy Powder 25 kg bags or 1 metric ton totes,Salmonella spp. identified in finished product testing,USA,"NFDM Low Heat, NFDM High Heat, and SMP Medium Heat Lot Codes : 26015B; 26016B; 26017B; 26018B; 26019B; 26022B; 26023B; 26024B; 26024BT; 26025B; 26025BT; 26026B; 26027B; 26028B; 26029B; 26030B; 26034B; 26035B; 26040B; 26041B; 26041BT; 26042B; 26042BT; 26043B; 26044B; 26046BT; 26047BT; 26048BT. The products were packaged in 25 kg bags or 1 metric ton totes."
201,20260408,H-0638-2026,JFE FRANCHISING INC,Ongoing,Class II,Food,"""       Dumpling Vegetable   4.5 oz                                                        011110658067 ""
Loaded Dumpling Vegetable   5.7 oz                                        011110696953",Foreign Object (Glass),"AK, AR, AZ, CA, OR, CO, CT, DC, DE, ID, IN, KY, LA, MA, MD, ME, MI, MN, MS, MT, ND, NH, NJ, NV, NY, OH, OK, OR, PA, TN, TX, UT, VA, VT, WA, WI, WV, WY",tba
202,20260408,H-0634-2026,Pocas International Corp.,Terminated,Class III,Food,POPPING BOBA RTD MIXED BERRY HIBISCUS TEA 12 X 13.8OZ,Packaging integrity issue that may compromise product quality .,"The product was distributed to the following states: NY, VA, FL, MA, TX, LA, UT, CA and Canada",Will be provided by firm
203,20260408,H-0639-2026,JFE FRANCHISING INC,Ongoing,Class II,Food,"""       Dumpling Party Tray (20pcs) Vegetable   13 oz                    011110661173 "" Dumpling Party Tray
(40pcs) Vegetable   26 oz                    011110661180 "" Cheetos Flamin  Hot Loaded Dumpling Vegetable
6oz              011110663474",Foreign Object (Glass),"AK, AR, AZ, CA, OR, CO, CT, DC, DE, ID, IN, KY, LA, MA, MD, ME, MI, MN, MS, MT, ND, NH, NJ, NV, NY, OH, OK, OR, PA, TN, TX, UT, VA, VT, WA, WI, WV, WY",tba
204,20260408,H-0635-2026,Pocas International Corp.,Terminated,Class III,Food,POPPING BOBA RTD STRAWBERRY DRAGON F/OOLONG TEA 12 X 13.8OZ,Packaging integrity issue that may compromise product quality .,"The product was distributed to the following states: NY, VA, FL, MA, TX, LA, UT, CA and Canada",Will be provided by firm
205,20260408,H-0636-2026,Pocas International Corp.,Terminated,Class III,Food,POPPING BOBA RTD MANGO PASSION FRUIT GREEN TEA 12 X 13.8OZ,Packaging integrity issue that may compromise product quality .,"The product was distributed to the following states: NY, VA, FL, MA, TX, LA, UT, CA and Canada",Will be provided by firm
206,20260408,H-0633-2026,Pocas International Corp.,Terminated,Class III,Food,POPPING BOBA RTD PEACH OOLONG TEA 12 X 13.8OZ,Packaging integrity issue that may compromise product quality .,"The product was distributed to the following states: NY, VA, FL, MA, TX, LA, UT, CA and Canada",Will be provided by firm
207,20260408,H-0644-2026,"The Maros Group, LLC",Terminated,Class II,Food,Mama Rose's Prickly Pear Salad Dressing. 12 oz (340 g) glass bottle with gold cap.,Undeclared sulfites.,Distributed in AZ.,"lot code: 2250624  Sell by Date: 060926 (June 9, 2026) 062526 (June 25, 2026) 062526 (June 25, 2026) 062526 (June 25, 2026)"
208,20260408,H-0660-2026,"Imu-Tek Animal Health, Incorporated",Ongoing,Class II,Food,"Imu-Tek Colostrum-5 120 Capsules; 30% IgG, 2 capsules 2x/day, orally with 8 ounces of water, support a healthy
immune system, 3 year shelf life, plastic bottle, inner liner seal and shrink band seal, 500 mg capsule,  7
38654 00026 7, Imu-Tek, Inc. Ft. Collins, CO  80524.",Product is potentially under-processed.,"Product distributed in the following states: AK, AL, AZ, CA, CO, CT, FL, HI, IA, ID, IL, IN, MA, MD, MO,  MS, NC, NE, NH, NV, NY, OK, OR,  SC, TN, TX, UT, WA, WI, WY.","Lot #013, 092826 Expiration"
209,20260408,H-0641-2026,Super World Trading Inc.,Ongoing,Class III,Food,"MEI HEONG YUEN TANGERINE FLAVOR ROASTED PEANUTS; NET 9.17 oz (260g); Ingredients: Peanuts, Salt, Sugar,
Liquorice, Spices, Sodium Cyclamate, Acesulfame-K, Vanilla, Ethyl Maltol; Shelf Life: 18 Months; Manufacturer:
Heshan Mei Heong Yuen Food Pte Ltd; Distributor in USA: Super World Trading Inc 28 Varick Ave. Brooklyn, NY
11237 UPC: 6912449124312",Products contain cyclamates (banned sweetener),"CO, CT, DE, FL, GA, IL, MA, MD, MI, NY, NC, NJ, OH, OR, PA, TX, UT, VA, WA","MFD: 2050721, EXP 20270120, FIRM CODE: 401019"
210,20260408,H-0646-2026,HEYTEA USA INC,Ongoing,Class II,Food,"Coconut Drink 1; NET VOLUME: 1L; Ingredients: Coconut water, freshly squeezed coconut gravy, white granulated
sugar, emulsion stabilizer [sodium caseinate, mono- and diglycerides fatty acid esters, sucrose fatty acid
esters]; Storage Condition: Room temperature; Manufactured in: Hainan, China; imported By: HK HEYTEA FOOD AND
BEVERAGE MANAGEMENT LIMITED; For catering establishment; UPC: 673367992785",Product contains undeclared milk.,"New York, New Jersey, Massachusetts, Virginia, Maryland, California, Washington, Texas",Batch Numbers: 2025/03/25 2025/04/06 2025/04/12 2025/08/17 2025/09/04 2025/09/08 2025/09/18
211,20260408,H-0637-2026,TG FOODS INC,Terminated,Class II,Food,"Divided Sunset Multi Collagen Peptides, 8 Ounce, Stand-up Pouch, UPC Code: 8 50005 60689 5","The product states wild caught marine collagen and eggshell membrane collagen in ingredient
statement but does not state EGG and the specific species of FISH parenthetically or via a
Contains statement.","AL, AR, AZ, CA, CO, DE, FL, GA, IA, IL, IN, KS, KY, LA, MI, MO, MS, NC, NH, NY, OH, OR, PA, TN, TX, UT, VA, WI",All product in distribution as of 2/27/2026
212,20260408,H-0661-2026,"Imu-Tek Animal Health, Incorporated",Ongoing,Class II,Food,"Imu-Tek Colostrum-5 Powder; 30% IgG,1,000 mg 2x/day, orally with 8 ounces of water, support a healthy immune
system, 3 year shelf life, plastic bottle, inner liner seal and shrink band exterior seal, 24 ounces (680
grams) powder, 7 38654 00052 6, ImuTek Laboratories, Fort Collins,  CO  80524.",Product is potentially under-processed.,"Product distributed in the following states: AK, AL, AZ, CA, CO, CT, FL, HI, IA, ID, IL, IN, MA, MD, MO,  MS, NC, NE, NH, NV, NY, OK, OR,  SC, TN, TX, UT, WA, WI, WY.","Lot #22, 020528 Expiration"
213,20260408,H-0642-2026,Super World Trading Inc.,Ongoing,Class III,Food,"MEI HEONG YUEN WALNUT FLAVOR ROASTED PEANUTS; 9.17 oz (260g); Ingredients: Peanuts, Salt, Liquorice, Sugar,
Spices, Sodium Cyclamate, Acesulfame-K, Vanilla, Ethyl Maltol; Shelf Life: 18 Months; Manufacturer: Heshan Mei
Heong Yuen Food Pte Ltd; Distributor in USA: Super World Trading Inc 28 Varick Ave. Brooklyn, NY 11237; UPC:
6912449124282",Products contain cyclamates (banned sweetener),"CO, CT, DE, FL, GA, IL, MA, MD, MI, NY, NC, NJ, OH, OR, PA, TX, UT, VA, WA","MFD:20250717, EXP:20270116, FIRM CODE: 401020"
214,20260408,H-0643-2026,Super World Trading Inc.,Ongoing,Class III,Food,"MEI HEONG YUEN GARLIC FLAVOR ROASTED PEANUTS; 9.17 oz (260g); Ingredients: Peanuts, Salt, Garlic, Liquorice,
Sugar, Saccharin; Shelf Life: 18 Months; Manufacturer: Heshan Mei Heong Yuen Food Pte Ltd; Distributor in USA:
Super World Trading Inc 28 Varick Ave. Brooklyn, NY 11237; UPC: 6912449124329",Products contain cyclamates (banned sweetener),"CO, CT, DE, FL, GA, IL, MA, MD, MI, NY, NC, NJ, OH, OR, PA, TX, UT, VA, WA","MFD: 20250710, EXP:20270109, FIRM CODE: 401021"
215,20260401,H-0628-2026,Mangalm LLC,Ongoing,Class II,Food,Tops GOLD Stuffed Red Chilli Pickle NET QTY.: 31.74oz PRODUCT OF INDIA UPC: 8904288611953 INGREDIENTS:***Mustard Oil***,Potential adulteration with erucic acid from mustard oil ingredient.,"U.S. Distribution: CA, NV, OR, UT, WA. Foreign Distribution: None.",UPC: 8904288611953
216,20260401,H-0599-2026,Ajinomoto Foods North America Inc.,Ongoing,Class II,Food,"Item 6430093 Ajinomoto Green Gyoza Vegetable & Edamame Dumplings 12ct. Retail bag UPC: None.  Product
packaging is flexible bags in a master case or flexible bags in cartons in a master case. There are 20/12ct.
bags per case. Case UPC 10071757080246.  All products are intended to be stored frozen and fully cooked to
165F before eating.",Foreign objects are glass varying in size from 1-3cm long and 2-4mm wide.,"Distributed in AK, AL, AR, AZ, CA, CO, CT, DE, FL, GA, ID, IL, IN, KS, KY, LA, MA, MD, MI, MN, MO, MS, MT, NC, ND, NE, NH, NJ, NV, NY, OH, OK, OR, PA, RI, SC, TN, TX, UT, VA, WA, WI, and WY.",Best If Use By Dates Range: 06/19/2026 to 04/10/2027  Best By Dates: 6/19/2026 6/20/2026 7/17/2026 7/28/2026 8/6/2026 8/7/2026 9/18/2026 10/24/2026 11/7/2026 11/14/2026 12/12/2026 2/1/2027 2/11/2027 2/28/2027 3/5/2027 3/19/2027 4/2/2027 4/10/2027
217,20260401,H-0596-2026,Ajinomoto Foods North America Inc.,Ongoing,Class II,Food,"Item 81097 Ajinomoto Ling Ling Restaurant Style Fried Rice Savory Vegetable - A Chinese Style Fried Rice with
Edamame, Carrots, Fire Roasted Corn & Red Bell Peppers Prepared with Sweet Soy Sauce Infused Rice. Net wt.
17oz. Retail box UPC 010878810915.  Product packaging is flexible bags in a master case or flexible bags in
cartons in a master case. There are 6/17oz. boxes per case. Case UPC 10010878810912.  All products are
intended to be stored frozen and fully cooked to 165F before eating.",Foreign objects are glass varying in size from 1-3cm long and 2-4mm wide.,"Distributed in AK, AL, AR, AZ, CA, CO, CT, DE, FL, GA, ID, IL, IN, KS, KY, LA, MA, MD, MI, MN, MO, MS, MT, NC, ND, NE, NH, NJ, NV, NY, OH, OK, OR, PA, RI, SC, TN, TX, UT, VA, WA, WI, and WY.",Best By Dates:  9/21/2026 3/8/2027
218,20260401,H-0622-2026,"Rose and Shore, Inc.",Ongoing,Class II,Food,"14"" Margarita Thin Crust Pizza; 8 units per case. Keep Frozen UPC code: 1713940060",potential foreign object (metal pieces) in ingredient (Tomatoes),"Product was distributed to a single retail chain with locations in the following states: California, Oregon, Arizona, Idaho, and Texas.","Lots 12255, 22265, 12415."
219,20260401,H-0629-2026,Mangalm LLC,Ongoing,Class II,Food,Tops GOLD Green Chilli Pickle NET QTY.: 31.74oz PRODUCT OF INDIA UPC: 8904288612837 INGREDIENTS:***Mustard Oil***,Potential adulteration with erucic acid from mustard oil ingredient.,"U.S. Distribution: CA, NV, OR, UT, WA. Foreign Distribution: None.",UPC: 8904288612837
220,20260401,H-0600-2026,Ajinomoto Foods North America Inc.,Ongoing,Class II,Food,"Item 6430143 Ajinomoto Vegetable Gyoza Dumplings 12ct. Net wt. 8.92oz. per package. Retail package UPC:
071757055483.  Product packaging is flexible bags in a master case or flexible bags in cartons in a master
case. There are 20/8.92oz. packages or 11.15 lbs. per case. Carton UPC 10071757055480.   All products are
intended to be stored frozen and fully cooked to 165F before eating.",Foreign objects are glass varying in size from 1-3cm long and 2-4mm wide.,"Distributed in AK, AL, AR, AZ, CA, CO, CT, DE, FL, GA, ID, IL, IN, KS, KY, LA, MA, MD, MI, MN, MO, MS, MT, NC, ND, NE, NH, NJ, NV, NY, OH, OK, OR, PA, RI, SC, TN, TX, UT, VA, WA, WI, and WY.",Best By Dates: 10/13/2026 12/13/2026 3/7/2027
221,20260401,H-0647-2026,"Siluetaya, LLC",Ongoing,Class I,Food,"SiluetaYa Mexican Tejocote Roots Supplement Pieces; 7g/bottle; Dietary Supplement,  UPC#: 7500464462411, Lot:
US1220 "" Expiration Date: 06/2027",Product contains yellow oleander,"Product was distributed directly to consumers via internet sales in AZ, CA, NM, NY, TX, UT","Lot: US1220, Expiration Date: 06/2027"
222,20260401,H-0597-2026,Ajinomoto Foods North America Inc.,Ongoing,Class II,Food,"Item 81146 Ajinomoto Tai Pei Shrimp Fried Rice - Shrimp, vegetables & fried rice with oyster flavored sauce.
Net wt. 48oz or 3lbs. per box.  Retail box UPC 070077811465.  Product packaging is flexible bags in a master
case or flexible bags in cartons in a master case. There are 4/48oz. boxes or 12lbs. per case. Case UPC
10070077811462.  All products are intended to be stored frozen and fully cooked to 165F before eating.",Foreign objects are glass varying in size from 1-3cm long and 2-4mm wide.,"Distributed in AK, AL, AR, AZ, CA, CO, CT, DE, FL, GA, ID, IL, IN, KS, KY, LA, MA, MD, MI, MN, MO, MS, MT, NC, ND, NE, NH, NJ, NV, NY, OH, OK, OR, PA, RI, SC, TN, TX, UT, VA, WA, WI, and WY.",Best By Dates Range: 01/18/2027 to 3/10/2027  Best By Dates 1/18/2027 1/21/2027 2/16/2027 3/10/2027
223,20260401,H-0592-2026,Ajinomoto Foods North America Inc.,Ongoing,Class II,Food,"Item 5650233 Trader Joe's Vegetable Fried Rice, net wt. 1lb per bag. Retail bag UPC 00521482.  Product
packaging is flexible bags in a master case or flexible bags in cartons in a master case. There are 24/1lb.
bags per case. Case UPC 10052148200001.   All products are intended to be stored frozen and fully cooked to
165F before eating.",Foreign objects are glass varying in size from 1-3cm long and 2-4mm wide.,"Distributed in AK, AL, AR, AZ, CA, CO, CT, DE, FL, GA, ID, IL, IN, KS, KY, LA, MA, MD, MI, MN, MO, MS, MT, NC, ND, NE, NH, NJ, NV, NY, OH, OK, OR, PA, RI, SC, TN, TX, UT, VA, WA, WI, and WY.",Best By Dates Range: 2/28/2026 to 11/19/2026  Best By Dates: 2/28/2026 3/3/2026 3/4/2026 3/8/2026 3/10/2026 3/17/2026 3/18/2026 3/20/2026 3/22/2026 3/25/2026 3/31/2026 4/1/2026 4/2/2026 4/9/2026 4/10/2026 4/11/2026 4/12/2026 4/23/2026 4/24/2026 4/28/2026 4/29/2026 4/30/2026 5/3/2026 5/8/2026 5/12/2026 5/13/2026 5/14/2026 5/16/2026 5/21/2026 5/22/2026 5/27/2026 5/28/2026 5/29/2026 5/31/2026 6/4/2026 6/14/2026 6/19/2026 6/20/2026 6/26/2026 6/27/2026 7/7/2026 7/10/2026 7/11/2026 7/14/2026 7/21/2026 7/26/2026 7/28/2026 7/30/2026 7/31/2026 8/7/2026 8/8/2026 8/11/2026 8/12/2026 8/18/2026 8/19/2026 8/20/2026 8/21/2026 8/25/2026 8/26/2026 9/2/2026 9/3/2026 9/10/2026 9/11/2026 9/15/2026 9/16/2026 9/17/2026 9/24/2026 9/25/2026 9/29/2026 10/2/2026 10/6/2026 10/7/2026 10/13/2026 10/14/2026 10/18/2026 10/22/2026 10/23/2026 10/25/2026 10/27/2026 11/5/2026 11/6/2026 11/8/2026 11/19/2026
224,20260401,H-0631-2026,Lidl US TRADING,Ongoing,Class II,Food,"Favorina Chocolate Ladybugs German-Style Nougat, Net Wt 3.52 oz (100g).  UPC 2030 4492.  Distributed By Lidl
US, LLC, 3500 S. Clark St, Arlington, VA  22202.  Product of Germany.",Label does not specify type of tree nut contained in the product.,"DC, DE, GA, MD, NC, NJ, NY, PA, SC, VA",Best If Used By:  Jun 30 2026
225,20260401,H-0624-2026,Mangalm LLC,Ongoing,Class II,Food,"Tops GOLD Mixed Pickle NET QTY.: 31.74oz PRODUCT OF INDIA UPC: 8904288611380 INGREDIENTS:***Mustard Oil***
Tops GOLD Mixed Pickle NET QTY.: 158.73oz PRODUCT OF INDIA UPC: 8904288612950 INGREDIENTS:***Mustard Oil***",Potential adulteration with erucic acid from mustard oil ingredient.,"U.S. Distribution: CA, NV, OR, UT, WA. Foreign Distribution: None.",UPC: 8904288611380; 8904288612950
226,20260401,H-0630-2026,Albertsons Companies LLC,Terminated,Class II,Food,"Lucerne 2% Cottage Cheese 2% Milkfat Small Curd Vitamin A Added Grade A. Net wt.24oz. Perishable and keep
refrigerated. Consumer package is a plastic cup with foil lid and clear plastic lid. UPC 0 21130 07662 8.
Distributed by Lucerne Foods, Inc PO Box 99, Pleasanton, CA.  Product is distributed in a 6-pack case that
consists of a flat cardboard tray and clear plastic film. There are no graphics on the distribution unit. The
cases are broken down and product is merchandised as a single 24 oz.","Metal fragments. The potential foreign object is a hard, metal (stainless steel), curled spring.
Dimensions of a similar spring measure 2.27mm in cross-sectional thickness and 25.38mm in coil
width. Spring ends are not sharp but may be sharp if broken/ cut.","Distributed in AK, ID, CA, OR, and WA.",BEST BEFORE MAR 31 2026.
227,20260401,H-0590-2026,"Western Mixers Produce & Nuts, Inc.",Ongoing,Class II,Food,"Chilli Spanish Peanuts, Treasured Harvest brand, 25lb clear plastic bag container.  UPC:none Item code: 2608-25",Foreign object (glass) found inside sealed container of finished product.,Distribution was to two consignees who have a total of 53 retail locations nationwide.,Lot#: 260230 Expiration date: 1/23/2027
228,20260401,H-0612-2026,"American Laboratories, LLC",Terminated,Class II,Food,"Pepsin 1:3000 Powder, 50 kg, Item #FTI-G0193-00, American Laboratories 5036 South 33rd Street, Omaha, Nebraska
68107. Packed in double poly-lined cardboard drums or boxes.",Potential Salmonella contamination.,"11 direct wholesale accounts located in AZ, CA, FL, MO, NM, OH, SC, UT, WI. 1 direct wholesale account located in Australia.","Manufacturing code: 001 Lot Code: 00160041 Reevaluation date: February 2, 2029"
229,20260401,H-0605-2026,Pacific Coast Fresh CO,Ongoing,Class II,Food,"King Harvest brand Roasted Red Pepper Hummus. Product is packed in 10 and 17 oz plastic tubs with a clear film
seal and a lid.  Keep Refrigerated - Handcrafted in Portland OR kingharvesthummus.com.  Roasted Red Pepper
Hummus 10 oz. UPC 025726 311278 Roasted Red Pepper Hummus 17 oz. UPC 025726 311261",Foreign material (aluminum pieces).,Distributed in OR and WA.,Best By Dates: 3/2/2026
230,20260401,H-0619-2026,Bakkavor,Ongoing,Class II,Food,"Roasted Tomato Parmesan Focaccia Bread sold under the brand names of FREDERIK'S by meijer SLOW-ROASTED TOMATO
& SHREDDED PARMESAN CHEESE NET WT 13.75 OZ (390g) UPC 7 13733 88387 0 DIST. BY MEIJER DISTRIBUTION, INC. GRAND
RAPIDS, MI 49544;   fresh & simple Roasted Tomato & Parmesan Focaccia NET WT. 13.75 oz (390g) UPC 8 50061
35318 4 Distributed By: Bakkavor Foods USA Inc., Charlotte, NC 28273;   HT Traders Roasted Tomato & Parmesan
FOCACCIA NET WT. 13.75 oz (390g) UPC 0 72036 95631 6 PROUDLY DISTRIBUTED BY: HARRIS TEETER, LLC MATTHEWS, NC
28105  TRADER JOE'S FOCACCIA BREAD Roasted Tomato & Parmesan NET WT. 14 OZ (397g) UPC 0064 4358 DIST. & SOLD
EXCLUSIVELY BY: TRADER JOE'S, MONROVIA, CA 91016","Metal fragments in bread. The firm discovered metal fragments in various bread products. They
determined the cause to be roasted tomatoes provided by one of their ingredient suppliers.","Product was shipped to the following states: AZ, CA, CT, FL, IL, MI, NC, NJ, TX & VA.","Frederik's by Meijer Slow Roasted Tomato & Parm Focaccia: Lot 20359045 UB 4/27/26,  Lot 20360217 UB 4/28/26, Lot 20367746 UB 7/3/26 & Lot 20373614 UB 8/3/26.  Fresh & Simple Roasted Tomato Parmesan Focaccia: Lot 20370988 UB 7/19/26  HT Traders Roasted Tomato Parmesan Focaccia: Lot 20360340 UB 5/1/26 & Lot 20368264 UB 7/7/26  Trader Joe's Focaccia Bread Roasted Tomato & Parm: Lot 20366937 UB 7/26/26  Lot 20367144 UB 7/27/26, Lot 20367326 UB 7/28/26, Lot 20367484 UB 7/29/26, Lot 20369659 UB 8/11/26, Lot 20370576 UB 8/13/26, Lot 20371292 UB 8/18/26, Lot 20371619 UB 8/19/26, Lot 20367326 UB 8/20/26, Lot 20375535 UB 9/14/26, Lot 20376542 UB 9/27/26, Lot 20376732 UB 9/28/26, Lot 20376925 UB 9/29/26, Lot 20377124 UB 9/30/26, Lot 20377366 UB 10/1/26, Lot 20378027 UB 10/6/26, Lot 20378264 UB 10/7/26, Lot 20378471 UB 10/8/26, Lot 20379131 UB 10/11/26, Lot 20379267 UB 10/12/26, Lot 20379723 UB 10/13/26, Lot 20380072 UB 10/14/26 & Lot 20380255 UB 10/15/26."
231,20260401,H-0615-2026,Savannah Bee Company Inc.,Terminated,Class II,Food,"SAVANNAH BEE COMPANY HONEY BBQ SAUCE MUSTARD NET 16 FL OZ (453g), PACKED IN BOTTLES. INGREDIENTS: MUSTARD
(DISTILLED VINEGAR, WATER, MUSTARD SEED, SALT, SPICES (INCLUDING PAPRIKA AND TUMERIC), NATURAL FLAVOR,
GARLIC), HONEY, WATER, DISTILLED VINEGAR, SUGAR, TOMATO CONCENTRATE, HABANERO PEPPERS, GARLIC, SPICES, SALT,
ONION, POTASSIUM SORBATE, SODIUM BENZOATE, NATURAL FLAVOR UPC 8 50033 93758 9 BOTTLED BY: BOBBEES FOR SAVANNAH
BEE COMPANY 211 JONNY MERCER BLVD, SAVANNAH, GA 31410","Undeclared Allergens: Soy & Wheat. The firm was notified by a customer that the product is
labeled as Savannah Bee Company Honey BBQ Sauce ""Mustard"", but the product inside the bottle is
a different flavor of BBQ sauce. After investigation, the firm determined that the product in
the bottle is their Honey BBQ Sauce ""Sweet"". The BBQ sauce ""Sweet"" contains wheat and soy which
is not listed on the BBQ Sauce ""Mustard"" label.","Product was shipped to the following states: AL, AR, AZ, CA, CO, CT, DE, FL, GA, IA, ID, IL, IN, KS, KY, LA, MA, MD, ME, MI, MN, MO, MS, MT, NC, ND, NE, NH, NJ, NV, NY, OH, OK, OR, PA, RI, SC, SD, TN, TX, UT, VA, WA, WI & WY.",BIL1360525 BEST BEFORE 05/16/27
232,20260401,H-0598-2026,Ajinomoto Foods North America Inc.,Ongoing,Class II,Food,"Item 81153 Kroger Chinese Inspiration Vegetable Fried Rice - Blend of long grain rice assorted vegetables &
egg. Net wt. 22oz. Retail box UPC 011110041623.  Product packaging is flexible bags in a master case or
flexible bags in cartons in a master case. There are 6/22oz. boxes or 8.25 lbs. per case. Case UPC
10011110041620.   All products are intended to be stored frozen and fully cooked to 165F before eating.",Foreign objects are glass varying in size from 1-3cm long and 2-4mm wide.,"Distributed in AK, AL, AR, AZ, CA, CO, CT, DE, FL, GA, ID, IL, IN, KS, KY, LA, MA, MD, MI, MN, MO, MS, MT, NC, ND, NE, NH, NJ, NV, NY, OH, OK, OR, PA, RI, SC, TN, TX, UT, VA, WA, WI, and WY.",Best If Use By Dates Range: 03/03/2026 to 01/22/2027  Best By Dates: 3/3/2026 3/11/2026 3/17/2026 4/7/2026 4/22/2026 4/28/2026 5/5/2026 7/15/2026 8/1/2026 8/4/2026 8/18/2026 9/3/2026 9/5/2026 10/2/2026 10/13/2026 11/20/2026 11/21/2026 11/22/2026 12/12/2026 12/13/2026 1/5/2027 1/21/2027 1/22/2027
233,20260401,H-0623-2026,"South Florida Food, LLC",Ongoing,Class II,Food,"Pan de Bono (Cheese Bread), 100 units per Paper Cardboard Box, Net Wt 14.4 lb. KEEP FROZEN",Undeclared Soy.,Products distribute in FL,Lot #: 02/26/26 Expiration date:07/26/2026
234,20260401,H-0591-2026,Ajinomoto Foods North America Inc.,Ongoing,Class II,Food,"Item 5650173 Trader Joe's Japanese Style Fried Rice with Edamame, Tofu, and Hijiki Seaweed. SKU #097908. Net
wt. 1lb. per bag. Retail bag UPC 00979085.  Product packaging is flexible bags in a master case or flexible
bags in cartons in a master case. There are 24/1lb. bags per case. Case UPC 10097908500001.  All products are
intended to be stored frozen and fully cooked to 165F before eating.",Foreign objects are glass varying in size from 1-3cm long and 2-4mm wide.,"Distributed in AK, AL, AR, AZ, CA, CO, CT, DE, FL, GA, ID, IL, IN, KS, KY, LA, MA, MD, MI, MN, MO, MS, MT, NC, ND, NE, NH, NJ, NV, NY, OH, OK, OR, PA, RI, SC, TN, TX, UT, VA, WA, WI, and WY.",Best By Dates Range: 2/28/2026 to 11/14/2026  Best By Dates: 2/28/2026 3/7/2026 3/14/2026 3/21/2026 3/28/2026 4/3/2026 4/4/2026 4/16/2026 4/17/2026 4/25/2026 5/2/2026 5/9/2026 5/23/2026 5/30/2026 6/5/2026 6/6/2026 6/12/2026 6/13/2026 7/8/2026 7/9/2026 7/17/2026 7/18/2026 7/24/2026 7/25/2026 8/1/2026 8/15/2026 8/22/2026 9/12/2026 9/26/2026 10/3/2026 10/10/2026 10/17/2026 10/24/2026 10/30/2026 10/31/2026 11/7/2026 11/14/2026
235,20260401,H-0608-2026,Pacific Coast Fresh CO,Ongoing,Class II,Food,"King Harvest brand Black Olive Hummus. Product is packed in 10oz plastic tubs with a clear film seal and a
lid.  Keep Refrigerated - Handcrafted in Portland OR kingharvesthummus.com.  Black Olive Hummus 10 oz. UPC
025726 311216",Foreign material (aluminum pieces).,Distributed in OR and WA.,Best By Date: 3/2/2026
236,20260401,H-0595-2026,Ajinomoto Foods North America Inc.,Ongoing,Class II,Food,"Item 5654390 Ajinomoto Golden Tiger Vegetable Fried Rice - Long grain white rice and crispy vegetables in a
savory sauce. Net wt. 3lbs per bag. Retail bag UPC 076366565439.  Product packaging is flexible bags in a
master case or flexible bags in cartons in a master case. There are 4/3lb. bags or 12 lbs. per case. Case UPC
10076366565436.   All products are intended to be stored frozen and fully cooked to 165F before eating.",Foreign objects are glass varying in size from 1-3cm long and 2-4mm wide.,"Distributed in AK, AL, AR, AZ, CA, CO, CT, DE, FL, GA, ID, IL, IN, KS, KY, LA, MA, MD, MI, MN, MO, MS, MT, NC, ND, NE, NH, NJ, NV, NY, OH, OK, OR, PA, RI, SC, TN, TX, UT, VA, WA, WI, and WY.",Best By Dates Range: 6/7/2026 to 7/10/2027  Best By Dates: 6/7/2026 7/7/2026 8/17/2026 9/10/2026 10/21/2026 12/2/2026 2/21/2027 4/3/2027 5/3/2027 7/10/2027
237,20260401,H-0603-2026,"NRS Enterprises, Inc. dba Sunflour Bakery",Ongoing,Class II,Food,"Sunflour Bakery Hamburger Bun, 18oz plastic bag containing 6 buns.  UPC- 832971001522",Undeclared sesame seed ingredient in hamburger buns.,Product was distributed to one local retail consignee in the Orange County area.,Expiration date: 02/24/2026
238,20260401,H-0626-2026,Mangalm LLC,Ongoing,Class II,Food,Tops GOLD Lime Pickle NET QTY.: 31.74oz PRODUCT OF INDIA UPC: 8904288611397 INGREDIENTS:***Mustard Oil***,Potential adulteration with erucic acid from mustard oil ingredient.,"U.S. Distribution: CA, NV, OR, UT, WA. Foreign Distribution: None.",UPC: 8904288611397
239,20260401,H-0604-2026,Pacific Coast Fresh CO,Ongoing,Class II,Food,"King Harvest brand Jalapeno Hummus. Product is packed in 10 and 17 oz plastic tubs with a clear film seal and
a lid.  Keep Refrigerated - Handcrafted in Portland OR kingharvesthummus.com.  Jalapeno Hummus 10 oz. UPC
025726 310042 Jalapeno Hummus 17 oz. UPC 025726 310059",Foreign material (aluminum pieces).,Distributed in OR and WA.,Best By Date: 3/9/2026
240,20260401,H-0593-2026,Ajinomoto Foods North America Inc.,Ongoing,Class II,Food,"Item 5650883 Ajinomoto Teppanyaki Style Vegetable Fried Rice - Japanese-style fried rice made with colorful
vegetables in an aromatic garlic butter sauce. There are 6/9oz. bags per box or 54oz per box. Retail box UPC
071757508835.  Product packaging is flexible bags in a master case or flexible bags in cartons in a master
case. There are 8/54oz boxes or 27lb. per case. Case UPC 10071757508832.   All products are intended to be
stored frozen and fully cooked to 165F before eating.",Foreign objects are glass varying in size from 1-3cm long and 2-4mm wide.,"Distributed in AK, AL, AR, AZ, CA, CO, CT, DE, FL, GA, ID, IL, IN, KS, KY, LA, MA, MD, MI, MN, MO, MS, MT, NC, ND, NE, NH, NJ, NV, NY, OH, OK, OR, PA, RI, SC, TN, TX, UT, VA, WA, WI, and WY.",Best If Use By Dates Range: 5/21/2026 to 05/05/2027  Best If Use By Dates: 5/21/2026 5/22/2026 5/25/2026 6/3/2026 6/4/2026 6/5/2026 6/6/2026 6/11/2026 6/12/2026 6/13/2026 6/16/2026 6/17/2026 7/2/2026 7/3/2026 7/6/2026 7/7/2026 7/8/2026 7/9/2026 7/21/2026 8/5/2026 8/6/2026 8/10/2026 8/11/2026 8/18/2026 8/19/2026 8/20/2026 8/24/2026 8/25/2026 8/26/2026 9/3/2026 9/4/2026 9/5/2026 9/6/2026 9/10/2026 9/11/2026 9/12/2026 9/13/2026 9/18/2026 9/20/2026 9/24/2026 10/1/2026 10/23/2026 10/24/2026 10/28/2026 11/7/2026 11/8/2026 11/13/2026 12/12/2026 12/13/2026 12/20/2026 1/23/2027 1/24/2027 1/25/2027 2/19/2027 2/21/2027 2/22/2027 2/27/2027 2/28/2027 3/5/2027 3/12/2027 3/25/2027 3/26/2027 4/10/2027 4/30/2027 5/5/2027
241,20260401,H-0625-2026,Mangalm LLC,Ongoing,Class II,Food,"Tops GOLD Mango Pickle NET QTY.: 31.74oz PRODUCT OF INDIA UPC: 8904288611373 INGREDIENTS:***Mustard Oil***
Tops GOLD Mango Pickle NET QTY.: 158.73oz PRODUCT OF INDIA UPC: 8904288611915; 8904288613025
INGREDIENTS:***Mustard Oil***",Potential adulteration with erucic acid from mustard oil ingredient.,"U.S. Distribution: CA, NV, OR, UT, WA. Foreign Distribution: None.",UPC: 8904288611373; 8904288611915
242,20260401,H-0589-2026,"Western Mixers Produce & Nuts, Inc.",Ongoing,Class II,Food,"Chilli Spanish Peanuts, First Street brand, 11oz clear plastic container.  UPC: None Item Code: 2608-T20",Foreign object (glass) found inside sealed container of finished product.,Distribution was to two consignees who have a total of 53 retail locations nationwide.,"Lot#: 260422, 260442, 260543, Expiration date: 2/11/2027, 2/13/2027, 2/23/2027"
243,20260401,H-0594-2026,Ajinomoto Foods North America Inc.,Ongoing,Class II,Food,"Item 5650893 Ajinomoto Japanese-Style Vegetable Fried Rice made with hijiki seaweed, fried tofu, edamame, and
other colorful vegetables in an umami dashi sauce Net wt. 17oz. Retail box UPC 071757508934.  Product
packaging is flexible bags in a master case or flexible bags in cartons in a master case. There are 8/17oz.
boxes or 8.5 lbs. per case. Case UPC 10071757508931.  All products are intended to be stored frozen and fully
cooked to 165F before eating.",Foreign objects are glass varying in size from 1-3cm long and 2-4mm wide.,"Distributed in AK, AL, AR, AZ, CA, CO, CT, DE, FL, GA, ID, IL, IN, KS, KY, LA, MA, MD, MI, MN, MO, MS, MT, NC, ND, NE, NH, NJ, NV, NY, OH, OK, OR, PA, RI, SC, TN, TX, UT, VA, WA, WI, and WY.",Best By Date: 8/21/2026
244,20260401,H-0648-2026,Distribuidora de Alimentos Sendero LLC,Ongoing,Class I,Food,Gorditas de Azucar UPC 860010238134,Gorditas and Doraditas are missing the following allergens in product label: Wheat and Soy,Texas,All expiration dates
245,20260401,H-0617-2026,"Sevillo Fine Foods, Inc",Ongoing,Class II,Food,"Slow Roasted Diced Tomatoes (SKU 900, UPC 00823338009008). Frozen. Shelf life: 365 days (frozen) from date of
manufacture; 30 days (refrigerated, unopened); 7 days (refrigerated, opened). Plastic poly liner inside
cardboard box (bulk). Net weight: 24 lbs. Firm: Sevillo Fine Foods, Salt Lake City UT, 84115.",Product may contain foreign material (metal fragments).,Distributed to CA and NC.,Lot 2022501- expires 7/21/2026 Lot 2182501- expires 8/6/2026 Lot 2232501- expires 8/11/2026 Lot 2732501- expires 9/30/2026 Lot 2742501- expires 10/1/2026
246,20260401,H-0607-2026,Pacific Coast Fresh CO,Ongoing,Class II,Food,"King Harvest brand Balsamic Hummus. Product is packed in 10oz plastic tubs with a clear film seal and a lid.
Keep Refrigerated - Handcrafted in Portland OR kingharvesthummus.com.  Balsamic Hummus 10 oz. UPC 025726
310097",Foreign material (aluminum pieces).,Distributed in OR and WA.,Best By Date: 3/2/2026
247,20260401,H-0601-2026,Ajinomoto Foods North America Inc.,Ongoing,Class II,Food,"Item 6430153 Ajinomoto Vegetable Gyoza Dumplings. Net wt. 24.7oz. per bag. Retail box UPC: 071757010109.
Product packaging is flexible bags in a master case or flexible bags in cartons in a master case. There are
8/24.7oz bags or 12.34lb. per case. Case UPC 10071757010106.   All products are intended to be stored frozen
and fully cooked to 165F before eating.",Foreign objects are glass varying in size from 1-3cm long and 2-4mm wide.,"Distributed in AK, AL, AR, AZ, CA, CO, CT, DE, FL, GA, ID, IL, IN, KS, KY, LA, MA, MD, MI, MN, MO, MS, MT, NC, ND, NE, NH, NJ, NV, NY, OH, OK, OR, PA, RI, SC, TN, TX, UT, VA, WA, WI, and WY.",Best If Use By Dates: 4/30/2027 7/15/2027
248,20260401,H-0616-2026,"Sevillo Fine Foods, Inc",Ongoing,Class II,Food,"Slow Roasted Diced Tomatoes (SKU 821, UPC 00823338008216). Frozen. Shelf life: 365 days (frozen) from date of
manufacture; 30 days (refrigerated, unopened); 7 days (refrigerated, opened). Plastic poly liner inside
cardboard box (bulk). Net weight: 24 lbs. Firm: Sevillo Fine Foods, Salt Lake City UT, 84115.",Product may contain foreign material (metal fragments).,Distributed to CA and NC.,Lot 1782501- expires 6/27/2026 Lot 2122501-expires 7/31/2026
249,20260401,H-0610-2026,"American Laboratories, LLC",Terminated,Class II,Food,"Pepsin Full Strength Powder, 50 kg, Item #5000545, American Laboratories 5036 South 33rd Street, Omaha,
Nebraska 68107. Packed in double poly-lined cardboard drums or boxes.",Potential Salmonella contamination.,"11 direct wholesale accounts located in AZ, CA, FL, MO, NM, OH, SC, UT, WI. 1 direct wholesale account located in Australia.","Manufacturing code: 294 Lot Code: 29460025 Reevaluation date: January 20, 2029"
250,20260401,H-0618-2026,Bakkavor,Ongoing,Class II,Food,"Basil Pesto & Mozzarella Pizza NET WT. 13.90OZ (394g) UPC 8 57919 00785 5 Distributed by: Grocery Delivery
E-Services New York, NY 10005","Metal fragments in bread. The firm discovered metal fragments in various bread products. They
determined the cause to be roasted tomatoes provided by one of their ingredient suppliers.","Product was shipped to the following states: AZ, CA, CT, FL, IL, MI, NC, NJ, TX & VA.","Hello Fresh Basil Pesto and Mozzarella Pizza: Lot 20367483 UB 6/29/26, Lot 20367483 UB 6/30/26, Lot 20377537 UB 9/4/26 & Lot 20377821 UB 9/5/26."
251,20260401,H-0627-2026,Mangalm LLC,Ongoing,Class II,Food,Tops GOLD Khatta Meetha Pickle NET QTY.: 33.51oz PRODUCT OF INDIA UPC: 8904288611427 INGREDIENTS:***Mustard Oil***,Potential adulteration with erucic acid from mustard oil ingredient.,"U.S. Distribution: CA, NV, OR, UT, WA. Foreign Distribution: None.",UPC: 8904288611427
252,20260401,H-0649-2026,Distribuidora de Alimentos Sendero LLC,Ongoing,Class I,Food,Doraditas de Azucar UPC 5901234123457,Gorditas and Doraditas are missing the following allergens in product label: Wheat and Soy,Texas,All expiration dates
253,20260401,H-0632-2026,Nuts.com Inc.,Terminated,Class I,Food,"Nuts.com, Espresso Malted Milk Balls, 1 lb. sealed pouch & 20 lb. clear poly bag in Nuts.com cardboard box .
Packages are only sold individually .","Undeclared Allergen - Wheat and Soy (from Soy Lecithin). The ingredient statement and allergen
information do not include wheat or soy.",The recalled product was distributed throughout the US.,Product SKU Item Name  5106-01 Espresso Malted Milk Balls
254,20260401,H-0609-2026,Pacific Coast Fresh CO,Ongoing,Class II,Food,"King Harvest brand Spinach Hummus. Product is packed in 10oz plastic tubs with a clear film seal and a lid.
Keep Refrigerated - Handcrafted in Portland OR kingharvesthummus.com.  Spinach Hummus 10 oz. UPC 025726 311087",Foreign material (aluminum pieces).,Distributed in OR and WA.,Best By Date: 2/27/2026
255,20260401,H-0606-2026,Pacific Coast Fresh CO,Ongoing,Class II,Food,"King Harvest brand Sundried Tomato Hummus. Product is packed in 10oz plastic tubs with a clear film seal and a
lid.  Keep Refrigerated - Handcrafted in Portland OR kingharvesthummus.com.  Sundried Tomato Hummus 10 oz. UPC
025726 311186.",Foreign material (aluminum pieces).,Distributed in OR and WA.,Best By Date: 3/2/2026
256,20260401,H-0602-2026,Herbal Creations USA,Ongoing,Class II,Food,Bulk packaged Colustrum Powder. packaged with generic product label.,Bulk packaged dietary ingredient manufacturer product label does not declare Milk as an allergen ingredient.,Product is distributed to 30 US customers who receive and further process/package product prior to distribution.,Lots: SSC40-2402 SWC15-2403; HCFCPDEX24006/01; HCFCPDEX24006/02; HCFCPDEX24006/04; HFCPDEX24006/05; HCFCPDEX24007/01; HCFCPDEX24008/03; HCFCPDEX24010/01;  HCFCPDEX24010/02; HCFCPDEX24012/01; HCFCPDEX25001/01; HCFCPDEX25001/02; HCFCPDEX25005/01; HCFCPDEX25005/02; HCFCPDEX25005/03; HCFCPDEX25007/05; HCFCPDEX25007/06
257,20260401,H-0611-2026,"American Laboratories, LLC",Terminated,Class II,Food,"Pepsin 1:10,000 Powder, 10 kg, Item #FTI-G0193-00, American Laboratories 5036 South 33rd Street, Omaha,
Nebraska 68107. Packed in double poly-lined cardboard drums or boxes.",Potential Salmonella contamination.,"11 direct wholesale accounts located in AZ, CA, FL, MO, NM, OH, SC, UT, WI. 1 direct wholesale account located in Australia.","Manufacturing code: 005 Lot Code: 00560021 Reevaluation date: January 19, 2029"
258,20260325,H-0581-2026,"SAPUTO CHEESE USA, INC",Completed,Class II,Food,"Great Value Fat Free Cottage Cheese Small Curd 0% Milkfat NET WT 24OZ UPC 0 78742 37339  3  DISTRIBUTED BY:
Walmart Inc., Bentonville, AR 72716","Potentially under pasteurized. The firm was notified by the California Department of Agriculture
that due to the broken seal on the pasteurizer, the products may be under pasteurized, and they
should recall the products.","Product was shipped to the following states: AL, AZ, CA, IL, MO, MS, NM, NV, UT, WA & WY.",BEST IF USED BY APR-01-26 B2 PLT#06-71 & BEST IF USED BY APR-03-26 PLT #06-71
259,20260325,H-0585-2026,Wawa Beverage Company,Terminated,Class II,Food,Wawa Reduced Fat Milk 2% 16 oz (Pint),Foreign plastic material discovered on fill line.,"The recalled product was distributed to the following States: NJ,MD, DE, PA",UPC: 0072619101438
260,20260325,H-0582-2026,"SAPUTO CHEESE USA, INC",Completed,Class II,Food,"Great Value Lowfat Cottage Cheese Small Curd 2% Milkfat NET WT 24OZ UPC 0 78742 11673  0 DISTRIBUTED BY:
Walmart Inc., Bentonville, AR 72716","Potentially under pasteurized. The firm was notified by the California Department of Agriculture
that due to the broken seal on the pasteurizer, the products may be under pasteurized, and they
should recall the products.","Product was shipped to the following states: AL, AZ, CA, IL, MO, MS, NM, NV, UT, WA & WY.","BEST IF USED BY APR-01-26 PLT #06-71, BEST IF USED BY APR-02-26 PLT #06-71 & BEST IF USED BY APR-03-26 PLT #06-71"
261,20260325,H-0578-2026,BlueFrog Foods,Ongoing,Class II,Food,"GREENWAY FARMS of Georgia JALAPENO DILL PICKLES CHIPS Net Wt 16 fl oz (473 ml) UPC 8 57866 00506 5 Produced
by: Greenway Farms of Georgia, LLC Roberta, GA Packed by Blue Frog Food, LLC for Green way Farms of Georgia,
LLC 5875 Love St Austell, GA 30168",No process authority,Product was shipped to one facility in GA.,Lot # 043/12/2026 EXP DATE 02/12/2027
262,20260325,H-0583-2026,"SAPUTO CHEESE USA, INC",Completed,Class II,Food,"Great Value Cottage Cheese Small Curd 4% Milkfat NET WT 16oZ UPC 0 78742 37235 8; 24oz UPC 0 78742 37236 5 &
3lb UPC 0 78742 14797 0 DISTRIBUTED BY: Walmart Inc., Bentonville, AR 72716","Potentially under pasteurized. The firm was notified by the California Department of Agriculture
that due to the broken seal on the pasteurizer, the products may be under pasteurized, and they
should recall the products.","Product was shipped to the following states: AL, AZ, CA, IL, MO, MS, NM, NV, UT, WA & WY.",16oz Tub: BEST IF USED BY APR-02-26 PLT #06-71  24oz tub: BEST IF USED BY APR-03-26 PLT# 06-71   3LB TUB: BEST IF USED BY APR-01-26 B2 PLT#06-71 & BEST IF USED BY APR-02-26 B3 PLT# 06-71
263,20260325,H-0569-2026,"Winder Laboratories, LLC",Ongoing,Class III,Food,"Multivitamin with Fluoride Chewable Tablets Grape Flavor Rx NDC 75826-169-10 0.25 mg 100 TABLETS UPC 3 15826
16910 2; NDC 75826-171-10 1mg 100 TABLETS UPC 3 15826 17110 5 Manufactured by: WINDER LABORATORIES LLC Winder,
GA 30680",Subpotent. During an FDA inspection it was discovered that the product was subpotent for Vitamin D.,"Product was shipped to the following states: AL, AZ, CA, FL, HI, IA, IL, IN, MA, MI, MO, MS, NC, NJ, NY, OR, PA, PR, RI, TN, TX, UT, WA, WI & WV.",Lot 1692303 SN: 138909557498 EXP: 2025-10-26 & Lot 1692304 SN 131163901709 EXP: 2025-10-26; LOT 1712301 SN: 163590222021 EXP: 2025-11-14
264,20260325,H-0586-2026,Wawa Beverage Company,Terminated,Class II,Food,"Wawa Double Dutch Chocolate Milk ,16 oz (Pint) Plastic bottle Store Refrigerated",Foreign plastic material discovered on fill line.,"The recalled product was distributed to the following States: NJ,MD, DE, PA",UPC: 007261910
265,20260325,H-0575-2026,Dreamland Inc,Terminated,Class I,Food,"Dreamland's Zaatar Chickpea Salad is packaged in poly bags with a generic label which declares ""chickpeas,
cumin, zataar, turmeric, dill, onion, garlic, parsley"". Dreamland distributed bulk cases (2/5lbs. bags per
case) to Haggen store. Bulk 5lbs. bags were not sold directly to consumers.  Haggen stores unpacked 5lb. bags
of chickpea salad into cold food pan at salad bar (without mixing with other ingredients), consumers packed
product in grab & go containers, and Haggen applied scale label when members paid at the register.","Undeclared Sesame, Soy, Wheat",Distributed in WA.,Sell by 02/28/26  Sell by 03/01/26
266,20260325,H-0576-2026,"Kradjian Importing Company, Inc.",Terminated,Class I,Food,"MID EAST Jordanian Zaatar spice mix; NET Wt. 5lb plastic bag;  UPC: 094379607038 Packed by: Propack Inc.  Sunvalley, CA 91354",Undeclared allergen ingredients (sesame and wheat) in Zaatar Spice mix.,Distribution is to bakeries for further processing into various Zaatar breads and pastries.,m-dd format of repacking
267,20260325,H-0572-2026,Bluegrass Ingredients Inc.,Completed,Class I,Food,"Butter-Rich Powder, Net Weight 50 LB., packaged in a multiply Kraft bag with poly liner",Potential Salmonella contamination,"FL, IL, MD","Product Number: BDF0006B, Lot: 6018, Best By: 1/18/2027"
268,20260325,H-0579-2026,"SAPUTO CHEESE USA, INC",Completed,Class II,Food,"CLOVER SONOMA COTTAGE CHEESE LOW FAT 2% MILKFAT NET WT 16OZ UPC 0 70852 54400 7  & 32OZ UPC 0 70852 54200 3
DISTRIBUTED BY: CLOVER-STORNETTA FARMS LLC PETALUMA, CA 94952","Potentially under pasteurized. The firm was notified by the California Department of Agriculture
that due to the broken seal on the pasteurizer, the products may be under pasteurized, and they
should recall the products.","Product was shipped to the following states: AL, AZ, CA, IL, MO, MS, NM, NV, UT, WA & WY.",BEST IF USED BY MAR-31-26 A3 PLT# 06-71
269,20260325,N/A,"Shaman Botanicals, LLC",Ongoing,Class I,Food,"Product label reads in part as ""WHITE VEIN ADVANCED ALKALOIDS CHEWABLE TABLETS 225mg 7-Hydroxymitragynine per
container (7.5mg 7-OH per serving) LEMON DIETARY SUPPLEMENT Net Wt. 0.25 oz 30 TABLETS Supplement Facts
7-hydroxymitragynine 7.5 mg MANUFACTURED BY: Konig Products, LLC 30 N Gould Street, Suite R, Sheridan, WY
82801""; Packaging: White child-resistant plastic bottle with sticker label applied","A sample of the product revealed the active ingredient is in a quantity greater than the labeled
specification.","Firm has provided the following information: 14 wholesalers, 108 Distributors, 46 Company-owned stores, 2202 online customers",B#AAW.501.3; UPC 810057763779 (sometimes proceeded by 00); all expiration dates
270,20260325,H-0571-2026,"FRITO-LAY NORTH AMERICA, INC.",Terminated,Class I,Food,Miss Vickies Spicy Dill Pickle; 8 oz bag,Undeclared Allergen: Milk,"Arkansas, Louisiana, Mississippi, New Mexico, Oklahoma, and Texas.","""Guaranteed Fresh"" date of  21 APR 2026  And one of these 9-digit Manufacturing Codes  38U301414  48U101514"
271,20260325,H-0570-2026,Dr. Praeger's Sensible Foods Inc.,Ongoing,Class II,Food,"Simply Nature, Spinach Bites, 12 oz retail unit, Plastic wrapped bites inside of a retail box. Keep Frozen.",This product has the  possibility of contamination with rodent hair.,"The adulterated product was distributed to the following states: MD, PA",Lot Number: G25CF-02B Product Number: AL-SP UPC: 4099100247992
272,20260325,H-0588-2026,Wawa Beverage Company,Terminated,Class II,Food,"Wawa Chocolate Low-fat Milk 16 oz , (Pint) Plastic bottle .Store Refrigerated",Foreign plastic material discovered on fill line.,"The recalled product was distributed to the following States: NJ,MD, DE, PA",UPC: 00726191014908
273,20260325,H-0577-2026,BlueFrog Foods,Ongoing,Class II,Food,"GREENWAY FARMS of Georgia GARLIC DILL PICKLES CHIPS Net Wt 16 fl oz (473 ml) UPC 8 57866 00501 0 Produced by:
Greenway Farms of Georgia, LLC Roberta, GA Packed by Blue Frog Food, LLC for Green way Farms of Georgia, LLC
5875 Love St Austell, GA 30168",No process authority,Product was shipped to one facility in GA.,Lot # 049/18/2026 EXP DATE 02/18/2026
274,20260325,H-0580-2026,"SAPUTO CHEESE USA, INC",Completed,Class II,Food,"CLOVER SONOMA SOUR CREAM NET WT 8OZ UPC 0 70852 61800 5  & 16OZ UPC 0 70852 61500 4 DISTRIBUTED BY: CLOVER-
STORNETTA FARMS LLC PETALUMA, CA 94952","Potentially under pasteurized. The firm was notified by the California Department of Agriculture
that due to the broken seal on the pasteurizer, the products may be under pasteurized, and they
should recall the products.","Product was shipped to the following states: AL, AZ, CA, IL, MO, MS, NM, NV, UT, WA & WY.",BEST IF USED BY APR-17-26 B2 PLT#06-71
275,20260325,H-0573-2026,Bluegrass Ingredients Inc.,Completed,Class I,Food,"Butter Powder, Net Weight 50 LB., packaged in a multiply Kraft bag with poly liner",Positive Salmonella contamination,"FL, IL, MD","Product Number: BDF0006, Lot: 6018, Best By: 1/18/2027"
276,20260325,H-0587-2026,Wawa Beverage Company,Terminated,Class II,Food,"Wawa Cookies & Cream Milk 16 oz (Pint), Plastic bottle Store Refrigerated",Foreign plastic material discovered on fill line.,"The recalled product was distributed to the following States: NJ,MD, DE, PA",UPC: 0072619015158
277,20260325,H-0584-2026,ASUKAR FOODS CORP,Ongoing,Class II,Food,"TETAS Mireya, Cherry Milkshake (Colita con Leche), i unit Popsicle,  Net wt 6OZ. 170GRS. KEEP FROZEN. UPC Code 83822654822",Undeclared allergen: Soy Lecithin,FL,Expiration Date (s): 03/30/2027
278,20260318,H-0552-2026,Uncle Ray's LLC,Ongoing,Class II,Food,"Lowes Foods sour cream and onion flavored potato chips, 8oz. bag, UPC 7 41643 05576 6, 9 retail units per case","Inaccurate nutritional data in Nutrition Facts including but not limited to, understated sodium
content. Undeclared ingredients including but not limited to, monosodium glutamate.",NC,"21FEB2026, 28FEB2026, 12MAR2026, 19MAR2026, 02APR2026, 01JUL2026, 15JUL2026, 01OCT2026, 22OCT2026, 19NOV2026, 09DEC2026"
279,20260318,H-0551-2026,"Willamette Valley Pie Company, LLC",Terminated,Class II,Food,"Frozen Raw Bulk 9 inch Blueberry Crumble Pie ES (4 pies/case). Net wt. 38oz. UPC  00022518893257. Handmade -
Willamette Valley Pie Company LLC. 1651 Eska Way, Silverton, OR.  Frozen raw pies were sold frozen in bulk
packaging to grocery retailers' in-store bakeries. They are intended to be baked by the retailer before
consumer sale.   Frozen raw pies were not sold to consumers at retail stores.    Product is labeled with
BAKING INSTRUCTIONS: Preheat convection oven to 340 degrees Fahrenheit. Bake pies for 70-80 minutes. Ovens
will vary. Adjust time and temperature accordingly to ensure center of pie reaches 210F.",Potential contamination with listeria monocytogenes.,Distributed in IL and OR,"Lot 601316, Best By 1/13/2028"
280,20260318,H-0567-2026,Made Fresh Salads Inc,Ongoing,Class I,Food,Made Fresh Salads brand Whipped Cream Cheese; 5 lb white plastic tub,Products may be contaminated with Listeria monocytogenes.,New York,All expiration dates through 2/27/2026.
281,20260318,H-0621-2026,"House Of Flavors, Inc.",Completed,Class I,Food,"House of Flavors 4893 Chicago Vanilla Naturally Flavored Ice Cream, 3 GAL tub",Undeclared egg,IL,"24059, 24130, 24207, 24342, 25105, 25120, 25134, 25206, 25254, 25301"
282,20260318,H-0561-2026,Made Fresh Salads Inc,Ongoing,Class I,Food,Made Fresh Salads brand Lox Cream Cheese; 5 lb white plastic tub,Products may be contaminated with Listeria monocytogenes.,New York,All expiration dates through 2/27/2026.
283,20260318,H-0562-2026,Made Fresh Salads Inc,Ongoing,Class I,Food,Made Fresh Salads brand Scallion Cream Cheese; 5 lb white plastic tub,Products may be contaminated with Listeria monocytogenes.,New York,All expiration dates through 2/27/2026.
284,20260318,H-0613-2026,CNC Noodle Corporation,Ongoing,Class II,Food,"Secondary Packaging: STEAM NOODLES INGREDIENTS: ENRICHED FLOUR, WATER, STARCH, SALT, POTASSIUM, CARBONATE AND
BENZOATE OF SODA ADDED AS PRESERVATIVEM F.D. & C. YELLOW COLOR #5 & #6 (TARTRAZINE) ARTIFICIAL COLORS)
Primary Packaging: CHINA NOODLE CO. STEAM NOODLE NET WEIGHT 10 LBS. (4536 grams) PERISHABLE KEEP REFRIGERATED
INGREDIENTS: ENRICHED WHEAT FLOUR (BLEACHED WHEAT FLOUR, NIACIN, IRON, ASCORBIC ACID, THIAMIN MONONITRATE,
RIBOFLAVIN), WATER, SALT, SOYBEAN OIL, SODIUM BI-CARBONATE, 1/1000 BENZOATE OF SODIUM, DUSTED WITH CORN
STARCH, ADDED AS A PRESERVATIVE, F.D. & C. YELLOW COLOR #5 AND #6 (TARTRAZINE) (ARTIFICIAL COLORS). ALLERGY
INFORMATION: WHEAT",Undeclared wheat.,"U.S. Distribution: CA, NV. Foreign Distribution: None",Lot code (Julian date): 047; 054; 056; 058 Item code: 1113
285,20260318,H-0563-2026,Made Fresh Salads Inc,Ongoing,Class I,Food,Made Fresh Salads brand Strawberry Cream Cheese; 5 lb white plastic tub,Products may be contaminated with Listeria monocytogenes.,New York,All expiration dates through 2/27/2026.
286,20260318,H-0554-2026,"Cocos Wholesale and Imports, LLC",Completed,Class II,Food,"Coco's Italian Market Cannoli Making Kit with 6 Cannoli Shells & Cream, Net Wt. 8 oz. (227g), Keep Frozen,
packaged in a plastic container, UPC 0680334992716","Label lists flour as a sub-ingredient of the shells, and ricotta cheese as a sub-ingredient of
the cream but does not declare wheat or milk.",TN,Product Number: 9927816; all lot codes within shelf life
287,20260318,H-0550-2026,"Willamette Valley Pie Company, LLC",Terminated,Class II,Food,"Frozen Raw Bulk 8 inch Blueberry Crumble Pie (4 pies/case). Net wt. 24.5oz. UPC 0002251881223. Handmade -
Willamette Valley Pie Company LLC. 1651 Eska Way, Silverton, OR.  Frozen Raw pies were sold frozen in bulk
packaging to grocery retailers' in-store bakeries. They are intended to be baked by the retailer before
consumer sale.   Frozen pies were not sold to consumers at retail stores.    Product is labeled with BAKING
INSTRUCTIONS:   Convection Oven: Preheat convection oven to 350 degrees F. Bake pies for 25 minutes. Reduce
heat to 335 degrees. Bake for an additional 30-35 minutes. Ovens will vary. Adjust time and temperature
accordingly.  Conventional Oven: Preheat to 350 degrees F. Bake for 40-45 minutes.  Suggestions: Brush a sugar
wash, then sprinkle with turbinado sugar, or use egg wash before baking. For best results, allow to cool 3-4
hours.",Potential contamination with listeria monocytogenes.,Distributed in IL and OR,"Lot 601926, Best By 1/19/2028."
288,20260318,H-0557-2026,Made Fresh Salads Inc,Ongoing,Class I,Food,Made Fresh Salads brand Blueberry Cream Cheese; 5 lb white plastic tub,Products may be contaminated with Listeria monocytogenes.,New York,All expiration dates through 2/27/2026.
289,20260318,H-0547-2026,Palmetto Gourmet Foods Inc.,Ongoing,Class II,Food,"VEGETARIAN CHICKEN FLAVOR RAMEN Express Net wt 3oz (85g) Ingredients: Enriched unbleached flour (wheat
flour***) Vegetable oil***"" Contains: Wheat, Soy. UPC 8 10037 81061 5 Produced by PALMETTO GOURMET FOODS, INC
SALUDA, SC 29138",Product contains undeclared Yellow #5,"Product was shipped to the following states: AL, AR, AZ, CA, CO, CT, DE, FL, GA, IA, IL, IN, KS, KY, LA, MI, MO, MS, NC, NE, NH, NJ, NY, OH, OK, OR, PA, TN, TX, UT, VA & WI.",All products with Best By Date before 01/15/2027
290,20260318,H-0558-2026,Made Fresh Salads Inc,Ongoing,Class I,Food,Made Fresh Salads brand Garlic & Herb Cream Cheese; 5 lb white plastic tub,Products may be contaminated with Listeria monocytogenes.,New York,All expiration dates through 2/27/2026.
291,20260318,H-0555-2026,Made Fresh Salads Inc,Ongoing,Class I,Food,Made Fresh Salads brand Apple Cinnamon Cream Cheese; 5 lb white plastic tub,Products may be contaminated with Listeria monocytogenes.,New York,All expiration dates through 2/27/2026.
292,20260318,H-0565-2026,Made Fresh Salads Inc,Ongoing,Class I,Food,Made Fresh Salads brand Vegetable Cream Cheese; 5 lb white plastic tub,Products may be contaminated with Listeria monocytogenes.,New York,All expiration dates through 2/27/2026.
293,20260318,H-0553-2026,"Cocos Wholesale and Imports, LLC",Completed,Class II,Food,"Coco's Italian Market Heat-n-Eat Fettuccini Alfredo in homemade Alfredo Sauce, Net Wt. 19 oz. (510g), Keep
Frozen, packaged in a microwaveable plastic container, UPC 0680334993607","Label lists semolina and durum flour as sub-ingredients of the pasta, but does not declare wheat",TN,Product Number: 993607; all lot codes within shelf life
294,20260318,H-0545-2026,"Tipp Distributors, Inc. dba Novamex",Ongoing,Class III,Food,C2O Coconut Water with Pulp (17.5 oz) 15 Pack UPC: 8-50274-00792-8,"The outer cardboard box for the canned coconut water has the incorrect Nutrition Facts Panel and
Ingredient List, which does not include added sugar (5g per 17.5oz can), while the primary
packaging (the can) has the correct Nutrition Facts Panel and Ingredient List.","CO, CA, AZ, WA, TX, FL, IL, MO, NJ, MN, MI",Expiry 4/3/2027 to 6/5/2027
295,20260318,H-0559-2026,Made Fresh Salads Inc,Ongoing,Class I,Food,Made Fresh Salads brand Jalapeno Cream Cheese; 5 lb white plastic tub,Products may be contaminated with Listeria monocytogenes.,New York,All expiration dates through 2/27/2026.
296,20260318,H-0566-2026,Made Fresh Salads Inc,Ongoing,Class I,Food,Made Fresh Salads brand Walnut Raisin Cream Cheese; 5 lb white plastic tub,Products may be contaminated with Listeria monocytogenes.,New York,All expiration dates through 2/27/2026.
297,20260318,H-0560-2026,Made Fresh Salads Inc,Ongoing,Class I,Food,Made Fresh Salads brand Jalapeno Cheddar Cream Cheese; 5 lb white plastic tub,Products may be contaminated with Listeria monocytogenes.,New York,All expiration dates through 2/27/2026.
298,20260318,H-0614-2026,CNC Noodle Corporation,Ongoing,Class II,Food,"Secondary Packaging: ZHONG HUA CHAO MIAN NOODLE INGREDIENTS: ENRICHED FLOUR, WATER, STARCH, SALT, POTASSIUM,
CARBONATE AND BENZOATE OF SODA ADDED AS PRESERVATIVE F.D. & C. YELLOW COLOR #5 & #5 (TARTRAZINE) ARTIFICIAL
COLORS)  Primary Packaging: CHINA NOODLE CO. FRESH NOODLE NET WEIGHT 10 LBS. (4536 grams) PERISHABLE KEEP
REFRIGERATED INGREDIENTS: ENRICHED WHEAT FLOUR (BLEACHED WHEAT FLOUR, NIACIN, IRON, ASCORBIC ACID, THIAMIN
MONONITRATE, RIBOFLAVIN), WATER, SALT, SODIUM BI-CARBONATE, 1/1000 BENZOATE OF SODA, DUSTED WITH CORN STARCH,
ADDED AS A PRESERVATIVE, F.D. & C. YELLOW COLOR #5 AND #6 (TARTRAZINE) (ARTIFICIAL COLORS). ALLERGY
INFORMATION: WHEAT",Undeclared wheat and Yellow #6.,"U.S. Distribution: CA, NV. Foreign Distribution: None",Lot code (Julian date): 051; 055 Item code: 1138
299,20260318,H-0549-2026,Polski Ogrod Sp. z o.o.,Terminated,Class II,Food,"Hortex Mieszanka 9 - skBadnikowa Spring vegetable mix with 9 ingredients, net wt 15.87oz., UPC 5 900477 018735
>, 14 units per case",potential contamination with glass,IL,LOT: SoC1070925
300,20260318,H-0546-2026,Ambrosia Brands LLC,Ongoing,Class I,Food,"Rosabella brand MORINGA; DIETARY SUPPLEMENT CAPSULES; 60 capsules per bottle; Distributed by: Ambrosia Brands,
LLC, 625 Randall Ave, St. 100, Cheyenne, WY 82001; SUGGESTED USE: As a dietary supplement, take two (2) veggie
capsules once a day. For best results, take 20-30 min before a meal with an 8oz. glass of water or as directed
by your health professional; UPC: 8 60012 16172 0",Product may be contaminated with Salmonella,"Nationwide in the United States, including American Samoa, Northern Mariana Islands, Puerto Rico, and Virgin Islands.  International distribution to consumers in: Algeria, Anguilla, Australia, Austria, Bahrain, Belgium, Bosnia and Herzegovina, Brazil, Brunei, Bulgaria, Canada, Chile, Colombia, Croatia, Cyprus, Czech Republic, Denmark, Djibouti, Dominican Republic, Egypt, Estonia, Faroe Islands, Finland, France, French Polynesia,  Georgia, Germany, Gibraltar, Greece, Hong Kong, Hungary, Iceland, India, Indonesia, Ireland, Israel, Italy, Japan, Jordan, Kuwait, Latvia, Lithuania, Luxembourg, Malaysia, Malta, Marshall Islands, Mexico, Nauru, New Zealand, Netherlands,  Norway, Oman, Pakistan, Peru, Philippines, Poland, Portugal, Qatar, Romania, Saudi Arabia, Serbia, Singapore, Slovakia, Slovenia, South Africa, South Korea, Spain, Suriname, Sweden, Switzerland, Taiwan, Thailand, Trinidad and Tobago, Turkey, United Arab Emirates, United Kingdom, Venezuela, and Zimbabwe.",Lot # - Expiration Date:  5020591 - 03/2027 5020592 - 03/2027 5020593 - 03/2027 5020594 - 03/2027 5020595 - 03/2027 5020596 - 03/2027 5030246 - 04/2027 5030247 - 04/2027 5030248 - 04/2027 5030249 - 04/2027 5030250 - 04/2027 5030251 - 04/2027 5040270 - 05/2027 5040271 - 05/2027 5040272 - 05/2027 5040273 - 05/2027 5040274 - 05/2027 5040275 - 05/2027 5040276 - 05/2027 5040277 - 05/2027 5040278 - 05/2027 5040279 - 05/2027 5050053 - 6/2027 5050054 - 6/2027 5050055 - 6/2027 5050056 - 6/2027 5060069 - 07/2027 5060070 - 07/2027 5060071 - 07/2027 5060072 - 07/2027 5060073 - 07/2027 5060074 - 07/2027 5060075 - 07/2027 5060076 - 07/2027 5060077 - 07/2027 5060078 - 07/2027 5060079 - 07/2027 5060080 - 07/2027 5080084 - 9/2027 5080085 - 9/2027 5080086 - 9/2027 5090107 - 10/2027 5090108 - 10/2027 5090109 - 10/2027 5090113 - 10/2027 5090114 - 10/2027 5090115 - 10/2027 5090116 - 10/2027 5090117 - 10/2027 5090118 - 10/2027 5100039 - 11/2027 5100048 - 11/2027
301,20260318,H-0548-2026,Palmetto Gourmet Foods Inc.,Ongoing,Class II,Food,"VEGETARIAN CHICKEN FLAVOR RAMEN Express Net wt 3oz (85g) Ingredients: Enriched unbleached flour (wheat
flour***) Palm oil***"" Contains: Wheat, Soy. UPC 8 10037 81004 2 Produced by PALMETTO GOURMET FOODS, INC
SALUDA, SC 29138",Product contains undeclared Yellow #5,"Product was shipped to the following states: AL, AR, AZ, CA, CO, CT, DE, FL, GA, IA, IL, IN, KS, KY, LA, MI, MO, MS, NC, NE, NH, NJ, NY, OH, OK, OR, PA, TN, TX, UT, VA & WI.",All products with Best By Date before 01/15/2027
302,20260318,H-0568-2026,Made Fresh Salads Inc,Ongoing,Class I,Food,Made Fresh Salads brand Tofu Whipped; 5 lb white plastic tub,Products may be contaminated with Listeria monocytogenes.,New York,All expiration dates through 2/27/2026.
303,20260318,H-0564-2026,Made Fresh Salads Inc,Ongoing,Class I,Food,Made Fresh Salads brand Sundried Tomato Cream Cheese; 5 lb white plastic tub,Products may be contaminated with Listeria monocytogenes.,New York,All expiration dates through 2/27/2026.
304,20260318,H-0556-2026,Made Fresh Salads Inc,Ongoing,Class I,Food,Made Fresh Salads brand Caramel Apple Cream Cheese; 5 lb white plastic tub,Products may be contaminated with Listeria monocytogenes.,New York,All expiration dates through 2/27/2026.
305,20260311,H-0543-2026,"Juniper Granola, LLC",Terminated,Class I,Food,"Junebar Chocolate Cherry All Natural Snack Bar; INGREDIENTS: ORGANIC ALMOND BUTTER, DATE PASTE, ORGANIC BLACK
BEANS, ORGANIC SWEET POTATOES, GLUTEN FREE ROLLED OATS, SEMI-SWEET SOY FREE VEGAN CHOCOLATE CHIPS (ORGANIC
CANE SUGAR, UNSWEETENED CHOCOLATE, COCOA BUTTER), DRIED CHERRIES, ALMONDS; OAT FLOUR, COCOA POWDER, ORANGE
ZEST, VANILLA EXTRACT (VANILLA BEAN EXTRACTIVES IN WATER, ALCOHOL), FLAX, CINNAMON, SEA SALT, BAKING POWDER;
ALLERGEN WARNING: CONTAINS TREE NUTS (ALMOND, COCONUT), PRODUCED ON EQUPMENT ALSO HANDLING PEANUT, SESAME.
PRODUCED IN A FACILITY THAT ALSO PROCESES GLUTEN PRODUCTS. KEEP REFRIGERATED; UPC: 8 60012 38462 4",Products contain undeclared milk and soy.,New York,"Lot L1300, including L1300A and L1300B.  Lot number is stamped on the back, near the bottom of each individual bar pouch."
306,20260311,H-0544-2026,"IF Holding II, LLC",Ongoing,Class II,Food,"tippy toes apple pear banana 6 months & up baby food 2-4OZ (113g) PACKS NET WT 8 OZ (226g)  DISTRIBUTED BY
TOPCO ASSOCIATES LLC ELK GROVE VILLAGE, IL 60007 1-888-423-0139 PRODUCT OF USA  UPC: 036800265783",Potential contamination with patulin.,U.S. Consignees: IL,Lot: 07174 BB: 07/17/2026
307,20260311,H-0542-2026,"Juniper Granola, LLC",Terminated,Class I,Food,"Junebar Peanut Chocolate Chip All Natural Snack Bar; INGREDIENTS: ORGANIC PEANUT BUTTER, DATE PASTE, ORGANIC
BLACK BEANS, ORGANIC SWEET POTATOES, GLUTEN FREE ROLLED OATS, SEMI-SWEET SOY FREE VEGAN SHOCOLATE CHIPS
(ORGANIC CANE SUGAR, UNSWEETENED CHOCOLATE, COCOA BUTTER), PEANUTS, OAT FLOUR, VANILLA EXTRACT (VANILLA BEAN
EXTRATIVES IN WATER, ALCOHOL), FLAX, CINNAMON, SEA SALT, BAKING POWDER; ALLERGEN WARNING: CONTAINS PEANUTS,
TREE NUTS (ALMOND, COCONUT), PRODUCED ON EQUIPMENT ALSO HANDLING PEANUT, SESAME, PRODUCED IN A FACILITY THAT
ALSO PROCESSES GLUTEN PRODUCTS. KEEP REFRIGERATED.; UPC 8 60012 38461 7",Products contain undeclared milk and soy.,New York,"Lot L1300, including L1300A and L1300B.  Lot number is stamped on the back, near the bottom of each individual bar pouch."
308,20260311,H-0540-2026,"Italianway Import, Inc.",Terminated,Class II,Food,"VERGANI 1944 MILANO 'PANDORO CLASSICO' Gluten Free, 600g NET WT. 1 LBS. 5.2 OZ., packaged in paper cartons, 6
units per case. Lot 217666, UPC 8002114019833",Potential contamination with foreign material (Teflon fragments) from flaking cooking molds.,"Distributed in: FL, MI, NJ",Lot code: L217666 Expiration: 04/08/2026
309,20260311,H-0574-2026,Karns Prime And Fancy Foods,Terminated,Class I,Food,"Karns Foods, Mini Dark Chocolate Raspberry Cups, 8 oz Clear plastic tamper evident packs, 36-42 packed per breakout",Product may contain undeclared peanuts.,The recalled product was only distributed in the State of Pennsylvania.,"07851, packed on 9/18/2025"
310,20260311,H-0538-2026,"Bader Enterprises, Inc.",Ongoing,Class II,Food,"Premium Food Jordan Almonds, packed in 2.0 oz and 3.5 oz clear flexible plastic packaging.",Contains undeclared allergen (wheat) and colors (FD&C Blue 1 Lake and FD&C Blue 2 Lake).,"NJ, NY","Size: 2.0 oz Net Wt. 57 grams, Lot/Unit Numbers: 6, BEST BY: DEC 2028, UPC Codes: 015750199171  Size: 3.5 oz Net Wt. 99 grams, Lot/Unit Numbers: 6, BEST BY: DEC 2028, UPC Codes: 015750299215"
311,20260311,H-0620-2026,"Perfect Pasta, Incorporated",Terminated,Class I,Food,"Lobster & Crab Ravioli. Keep Frozen.  Contains: Wheat, Eggs, Milk, Crustaceans-Shellfish. Product is intended
to be further cooked. Weight: 1-10 pound (4.5g). Use within 6 months.
801-541-9292-www.FunarosPerfectPasta.com. 1391 So. 300 West Slc, Ut 84115.","Undeclared shrimp, crab, lobster, pollock (fish), whiting (fish), and soy.",Distributed to consignees in Utah only.,Made on: JAN 19 2026
312,20260311,H-0539-2026,"Bader Enterprises, Inc.",Ongoing,Class II,Food,"Premium Food Bubble Gum, packed in 2.5 oz clear flexible plastic packaging, all lots and codes. Sold in unit case of 30 LB.",Contains undeclared colors (FD&C Blue 1 Lake and FD&C Blue 2 Lake).,"NJ, NY",Lot/Unit Numbers: 13 BEST BY : DEC-2028 UPC Codes: 015747199269
313,20260304,H-0530-2026,MIN JIANG FOOD STORE INC DBA KOI KOI TRADING,Terminated,Class I,Food,"Fish Ball, Frozen, 40 pieces per pack, 200g Wt. UPC# 810093891338",Undeclared allergen ingredient (Wheat and Sesame),"Product was distributed to 50 consignees across the following states; CA, HI, TX, CO, GA, OR, NJ, WA. Product was primarily distributed to restaurants and retail grocery stores.",Item# 27010
314,20260304,H-0535-2026,"Valley Springs Artesian Gold, LLC",Ongoing,Class II,Food,"Valley Springs 100% Natural Bottled Water.  Fluoride Added.  1 Gal Net, 128 Fl. Oz.  UPC 0 31193-01301 0.
Bottled by Valley Springs/Artesian Gold, LLC, Portage WI  53901.",Water was bottled under insanitary conditions.,"IL, WI",All Codes
315,20260304,H-0525-2026,TENGEN USA TRADING CORP,Terminated,Class III,Food,"YO!MAN CUCUMBER (FRESH HUNAN FLAVOR); Ingredients: Cucumber, chili pepper, edible vegetable oil, salt, water,
sugar, brewing vinegar, food additives (monosodium glutamate, sodium dehydroacetate, potassium sorbate,
streptoccoccus lactis, sodium D-isoacsorbate, disodium ethylenediaminetetraacetatic acid, sodium
metabisulphite, citric acid, lactic acid, glacial acetic acid, xanthan gum), food flavors and fragrances; NET
WT. 4.42oz.(125g); SHELF LIFE: 10 MONTHS; PRODUCT OF CHINA; Distributed by: Tengen USA Trading Corp 262 48th
Street,Brooklyn,NY 11220; UPC: 4 895235 529602",Product contains undeclared cyclamates.,"NY, PA, FL, LA, TX",2024 -08-01 (production date)
316,20260304,H-0526-2026,TENGEN USA TRADING CORP,Terminated,Class III,Food,"YO!MAN LETTUCE (SPICY FLAVOR); Ingredients: Lettuce, chili pepper, edible vegetable oil, salt, water, sugar,
food additives (monosodium glutamate, potassium sorbate, streptoccoccus lactis,  sodium dehydroacetate, sodium
D-isoacsorbate, disodium ethylenediaminetetraacetatic acid, sodium metabisulphite, citric acid, lactic acid,
glacial acetic acid, sucralose, xanthan gum, disodium 5'flavoring ribonucleotide), food flavors and
fragrances; NET WT. 4.42oz.(125g); SHELF LIFE: 9 MONTHS; PRODUCT OF CHINA; Distributed by: Tengen USA Trading
Corp 262 48th Street,Brooklyn,NY 11220; UPC: 4 895235 529626",Product contains undeclared cyclamates.,"NY, PA, FL, LA, TX",2024-08-01 (production date)
317,20260304,H-0532-2026,MIN JIANG FOOD STORE INC DBA KOI KOI TRADING,Terminated,Class I,Food,"Fish Ball, Frozen, 4 pieces per pack, 5lbs Wt. UPC# 810093891320",Undeclared allergen ingredient (Wheat and Sesame),"Product was distributed to 50 consignees across the following states; CA, HI, TX, CO, GA, OR, NJ, WA. Product was primarily distributed to restaurants and retail grocery stores.",Item# 27530 Expiration: 11/11/2027
318,20260304,H-0533-2026,"Navitas, LLC.",Ongoing,Class I,Food,"NAVITAS ORGANICS  ORGANIC CHIA SEEDS  NET WT 8 OZ (227g)  INGREDIENTS: CERTIFIED ORGANIC CHIA SEED (SALVIA
HISPANICA).  Product of Mexico/Argentina/Paraguay.  Distributed by Navitas Organics Novato, CA USA 94949  UPC:
858847000284",Potential contamination with Salmonella.,"U.S. Distribution: CA, CO, CT, FL, GA, IA, IL, IN, KY, MA, MD, MS, NC, NH, NJ, NM, NV, NY, OH, OR, PA, TN, TX, VT, WA, WI.  Foreign Distribution: None",W31025283 - Best If Used By: End APR 2027 W31025286 - Best If Used By: End APR 2027 W31025287 - Best If Used By: End APR 2027 W31025311 - Best If Used By: End MAY 2027 W31025314 - Best If Used By: End MAY 2027 W31025315 - Best If Used By: End MAY 2027 W31025316 - Best If Used By: End MAY 2027 W31025317 - Best If Used By: End MAY 2027
319,20260304,H-0541-2026,"SLADE GORTON & CO., INC.",Ongoing,Class II,Food,Wellsley Farms Farm- Raised Atlantic Salmon Net WT. 32 oz. (2 lbs.) 907 g,Contaminated with Listeria monocytogenes,MD,"Lot 3896 Prod June 30, 2025, BB June 30, 2027 UPC Code: 888670025963"
320,20260304,H-0531-2026,MIN JIANG FOOD STORE INC DBA KOI KOI TRADING,Terminated,Class I,Food,"Fish Ball, Frozen, 20 pieces per pack, 400g Wt. UPC# 810093891325",Undeclared allergen ingredient (Wheat and Sesame),"Product was distributed to 50 consignees across the following states; CA, HI, TX, CO, GA, OR, NJ, WA. Product was primarily distributed to restaurants and retail grocery stores.",Item# 27550
321,20260304,H-0529-2026,SB FOOD LLC,Ongoing,Class II,Food,"Yoyo  Gummy Grape Plus Flavor, 2.8 Oz (80g) , Plastic Bag, 24 bags per case",The products contain an unallowed color Carmoisine (E122) - Acid Red 14.,"The adulterated product was distributed to the following states: AR, GA, IA, IN, KY, MD, MN, NE, NY, OH, PA, TN, TX, VA, WA.",11/11/24
322,20260304,H-0536-2026,"Valley Springs Artesian Gold, LLC",Ongoing,Class II,Food,"Valley Springs Steamed Distilled Water.  1 Gal Net, 128 Fl. Oz.  UPC 0 31193-00601 2.  Bottled by Valley
Springs/Artesian Gold, LLC, Portage WI  53901.",Water was bottled under insanitary conditions.,"IL, WI",All Codes
323,20260304,H-0523-2026,J2C Hawaii  LLC,Terminated,Class II,Food,"Tiki Bar Candy Dark Chocolatey Peanut Butter & Pretzel. Net wt: Approx: 2 oz (57g). UPC 8 55725 00514 0. Taste
of Maui Snacks dba of J2C Hawaii, LLC PO Box 1023, Wailuku HI 96793.  The product label is read in parts:
***INGREDIENTS: Sugar***Whey Powder, Nonfat Milk Powder, Soy Lecithin***Peanut Butter (peanuts, peanut
oil***), Pretzels (wheat flour***buttermilk solids***CONTAINS MILK AND SOY ***May contain wheat, peanuts and
tree nuts***""",Ingredients List declares peanut but the Contains statement does not declare peanut,Distributed in HI only.,All packages with BB 11/26 or before
324,20260304,H-0528-2026,SB FOOD LLC,Ongoing,Class II,Food,"Yoyo  Gummy Tropical Flavor, 2.8 Oz (80g) , Plastic Bag, 24 bags per case",The products contain an unallowed color Carmoisine (E122) - Acid Red 14.,"The adulterated product was distributed to the following states: AR, GA, IA, IN, KY, MD, MN, NE, NY, OH, PA, TN, TX, VA, WA.",11/11/24
325,20260304,H-0518-2026,Gerber Products Company dba Nestle Infant Nutrition,Ongoing,Class II,Food,"Gerber Arrowroot Biscuits, Net Wt. 5.5 oz. (155g), packaged in a plastic resealable bag with UPC 015000005962,
packed 4 bags/case with UPC 015000935726; Made for Gerber Products Co., Fremont, MI 49413","Downstream recall. Product contains arrowroot flour ingredient that was voluntarily recalled by
the supplier due to potential contamination of soft kraft paper/plastic bag pieces.",Nationwide and Puerto Rico,Product Number: 12212034  Batch Code/Best If Used By Date: - 5198565504 BB: 16 OCT 2026 - 5202565504 BB: 20 OCT 2026 - 5203565504 BB: 21 OCT 2026 - 5204565504 BB: 22 OCT 2026 - 5205565504 BB: 23 OCT 2026 - 5209565504 BB: 27 OCT 2026 - 5210565504 BB: 28 OCT 2026 - 5211565504 BB: 29 OCT 2026 - 5233565504 BB: 20 NOV 2026 - 5238565504 BB: 25 NOV 2026 - 5239565504 BB: 26 NOV 2026 - 5239565505 BB: 26 NOV 2026  - 5240565505 BB: 27 NOV 2026  - 5245565505 BB: 02 DEC 2026 - 5246565505 BB: 03 DEC 2026  - 5251565505 BB: 08 DEC 2026  - 5252565505 BB: 09 DEC 2026 - 5253565505 BB: 10 DEC 2026  - 5254565505 BB: 11 DEC 2026  - 5258565505 BB: 15 DEC 2026  - 5259565505 BB: 16 DEC 2026
326,20260304,H-0527-2026,SB FOOD LLC,Ongoing,Class II,Food,"Yoyo  Gummy Assorted Flavor, 2.8 Oz (80g) , Plastic Bag, 24 bags per case",The products contain an unallowed color Carmoisine (E122) - Acid Red 14.,"The adulterated product was distributed to the following states: AR, GA, IA, IN, KY, MD, MN, NE, NY, OH, PA, TN, TX, VA, WA.",11/11/24
327,20260304,H-0522-2026,Oregon Potato Company LLC,Ongoing,Class I,Food,"IQF Blueberry (30lbs. cases and 1400 lbs. totes), product of USA. Product is packaged in polyethylene bag
within a corrugated 30lbs. case or packaged in polyethylene liner within a Gaylord 1400lbs. tote.  Product was
not sold to consumers from retail stores. Willamette Valley Fruit Company 2994 82nd Ave. NE Salem OR 97305",Listeria monocytogenes,"Distributed in MI, OR, WA, WI and in Canada.","Lot codes on 30 lbs. CASES:     2055 B2, 2065 B1, and 2065 B3. Lot codes on 1400 lbs. TOTES: 3305 A1 and 3305 B1.  Expiration dates or best-by date: 2055 B2 expiration 7/23/2027 2065 B1 expiration 7/24/2027 2065 B3 expiration 7/24/2027 3305 A1 expiration 11/25/2027 3305 B1 expiration 11/25/2027"
328,20260304,H-0534-2026,"Valley Springs Artesian Gold, LLC",Ongoing,Class II,Food,"Valley Springs 100% Natural Bottled Water packaged in the following size plastic jug with plastic caps:   1.
1 Gal Net 128 Fl oz.  UPC 0 31193-00701 9.   Bottled by Valley Springs/Artesian Gold, LLC, Portage WI  53901.
2.  2.5 Gallon Net (320 Fl oz./9.4L).  UPC 0 31193-01501 4.  Bottled by Valley Springs/Artesian Gold, LLC,
Portage WI  53901.   3. Infant Water, 1 Gal Net, 128 FL. Oz.  Not sterile.  Use as directed by physician or by
labeling directions for use of infant formula.  UPC 0 31193-01401 7.    4.  Daisy's Doggy Water, 1 Gal Net,
128 FL. Oz.  100% Pure Water.  No Chlorine.  UPC 0 31193-90100 3.  Bottled by Valley Springs/Artesian Gold,
LLC, Portage WI  53901.  Distributed by DDW LLC, 109 S. Thompson Rd., Sun Prairie, WI  53590.",Water was bottled under insanitary conditions.,"IL, WI",All Codes
329,20260304,H-0524-2026,LUBNA QUALITY PRODUCTS INC.,Ongoing,Class III,Food,Mung Beans packaged in 4lb polybags; 6-4lb bags per carton,Presence of Thiamethoxam-PESTICIDE,Texas and Louisiana,"Lot: JAN 2025, Batch KI/050122"
330,20260304,H-0519-2026,Prime Food Processing LLC.,Ongoing,Class I,Food,"Prime Food Processing Dried Croaker Fish; NET WT: 8oz (227g); Ingredients: Croaker Fish, Salt; CONTAINS: FISH
(CROAKER FISH); DISTRIBUTED BY: PFP LLC, Brooklyn, NY, 11211, USA; Product must be thoroughly cleaned and
cooked before consumption.; PRODUCT OF VIETNAM; UPC: 6 946976 818000",Uneviscerated Fish,"AZ, CA, FL, GA, HI, ID, MA, MD, MO, NJ, NV, NY, OH, OK, PA, VA, WA, WI",Item #AF1410 Expiration: 12-28-27 UPC Codes: #946976818000
331,20260225,H-0514-2026,Lotus Mom Corporation dba Indian Kitchen Mart,Ongoing,Class I,Food,"Brass Pital Pot 4-quart.  Sticker label: BRASS HAMMERED HANDI NO 3 UPC 7 023672 414398 US $ 74.99  Sticker
label: IKM INDIAN KITCHEN MART",Potential contamination with leachable lead.,"U.S. Distribution: CA, CO",UPC: 7 023672 414398
332,20260225,H-0513-2026,Lotus Mom Corporation dba Indian Kitchen Mart,Ongoing,Class II,Food,Aluminum Kadai with Metal Handles Size 5.  A-Cook MADE IN INDIA SIZE 5  Sticker label: $$24.99+TX,Potential contamination with leachable lead.,"U.S. Distribution: CA, CO",
333,20260225,H-0510-2026,Art Monkey LLC dba Why Not Natural,Terminated,Class I,Food,"Why Not Natural Moringa Capsules 120 capsule bottle marked with lot # A25G051 on the bottom and with an
expiration date of 07/2028 stamped on the bottom.",Potential to be contaminated with Salmonella,Nationwide,lot # A25G051
334,20260225,H-0537-2026,"Pure Solutions, Inc.",Ongoing,Class II,Food,"Pure Factors Professional Nighttime Sleep Formula and Pure Formulas Sleep Reset, Net Wt., 1 fl oz (30 ml)
liquid dietary supplement, Glass bottle with dropper cap. (Individual 1 fl oz bottles (not sold in case lots)",Label declares bovine colostrum but does not declare milk allergen.,"Product was distributed to: AR, FL, CO, CA, CT, HI, IN, IL, ID, IA, KS, KY, LA, OH, OK, OR, MA, MI, MN, MO, GA, NC, NE, ND, NY, PA, SC, TN, NJ, UT, TX, VA , WA, WV, WI, WY",LOT: 0528D911 Expiration Date: May 2028
335,20260225,H-0517-2026,"Reser's Fine Foods, Inc.",Terminated,Class I,Food,"The Tuna Salad product container is mislabeled with a Chicken Salad lid, which states: Molly Kitchen's Chicken
Salad, 789953, NET WT. 5 LB (2.26 kg) per plastic tub. UPC 7 5810830149 8. Distributed by US Foods, Inc.
Rosemont, IL 60018. The lid declares Contains: Eggs, Milk, Wheat.  The immediate 5-lb tub has no side labeling
(besides the lid).  The master cardboard case label is correct and states: Molly Kitchen's Tuna Salad, (item
#) 794599, 2/5 LB tubs per case, Net Wt. 10 LB (4.53 kg). UPC 075810876447. Distributed by US Foods, Inc.
Rosemont, IL 60018. Contains: Egg, Wheat, Fish (Tuna).",Undeclared fish allergen (tuna). Tuna Salad was mislabeled as Chicken Salad.,"Distributed in AZ, CA, NV, UT and WA.",Lot 1410100754 Use By FEB/21/26
336,20260225,H-0516-2026,H & N Group Inc.,Ongoing,Class II,Food,"Frozen Cooked Medium Shrimp Peeled & Deveined, Tail Off-White Shrimp; 1 lbs retail plastic bag.  UPC: 041220333035","Product manufactured under insanitary conditions whereby it may have been contaminated with
Cesium-137 (Cs-137)",Product was distributed to a single retail consignee with multiple locations (~30) in the greater Houston and Gulf Coast areas.,""" Lot EA14 25118, bearing a  Best By  date of October 28, 2026   "" Lot EA14 25119, bearing a  Best By  date of October 29, 2026"
337,20260225,H-0511-2026,Lotus Mom Corporation dba Indian Kitchen Mart,Ongoing,Class II,Food,"IKM Aluminum Saucepan 9"" with Wooden Handle.  Sticker label: ALUMINIUM PAN 2 SIDE POUTED WOODEN HANDLE 9"" UPC
7 023672 411878 US $ 17.99  Sticker label: IKM INDIAN KITCHEN MART",Potential contamination with leachable lead.,"U.S. Distribution: CA, CO",UPC: 7 023672 411878
338,20260225,H-0512-2026,Lotus Mom Corporation dba Indian Kitchen Mart,Ongoing,Class II,Food,Brass Tope.  Sticker label: $29.99+TAX,Potential contamination with leachable lead.,"U.S. Distribution: CA, CO",
339,20260225,H-0515-2026,Woodland Foods LLC,Terminated,Class II,Food,"Woodland Gourmet Arrowroot Flour item code H59EE86, Net Wt. 55 lb., bag in box",Possible presence of Foreign Material,KY,LOT ID 2479025 2478961 2490352 2495607 2494472 2495650 2495529 2495593
340,20260218,H-0495-2026,MG Foods-Compass Group,Terminated,Class II,Food,"Spicy Breakfast Burrito in a flour tortilla.  Net Weight 10 oz (283g)   Scrambled eggs, Salsa, Potatoes,
Jalapenos, Cheddar, Green Pepper & Onion.  UPC 1 00001-00029 7.  Keep Refrigerated.  Manufactured By:  MG
Foods, Oak Creek, WI  53154.",foreign material (small hard plastic fragments),"IA, IL, IN, KY, MN, OH, WI","Fresh Thru dates: 1/21/26, 1/22/26, 1/25/26, 1/26/26, 1/27/26,"
341,20260218,H-0490-2026,KPCM New York Inc.,Ongoing,Class II,Food,"a.) Preema brand Bright Red Food Colour Powder; Net Weight .88oz/25gm; packaged in small plastic bottle;
INGREDIENTS: SODIUM CHLORIDE, COLOUR (TARTRAZINE, CARMOSINE, ALLURA RED) CHECK THE LEGAL LIMIT, CONTAINS NO
ANIMAL MATTER. E102, E122, E129 may have an adverse effect on activity and attention in children  b.) Preema
brand Orange Food Colour Powder; Net Weight .88oz/25gm; packaged in a small plastic bottle; INGREDIENTS:
SODIUM CHLORIDE, COLOUR (TARTRAZINE, CARMOSINE, ALLURA RED) CHECK THE LEGAL LIMIT, CONTAINS NO ANIMAL MATTER.
E102, E122, E129 may have an adverse effect on activity and attention in children","Products contain banned color, carmoisine and undeclared FD&C Yellow 5 and FD&C Red 40","NY, MA",a.) EAN: 5021507271194; Batch No.: 3757; Best before 05/2027  b.) EAN: 5021507999463; Batch No.: 3902; Best before 08/2027
342,20260218,H-0498-2026,Cacao Art,Ongoing,Class II,Food,"Crunchy Caramel artisan dark chocolate with crunch brown sugar caramel pieces 60% Cacao, NET WT 2 oz (60g),
Ingredients *Cocoa Butter, Soy Lecithin (Emulsifier), Butter (Cream, Natural Flavor) CONTAINS: SOY.   Garcia
Nevett chocolatier de miami, packaged in plastic envelope inside paper envelope, 10 bars per box.","Undeclared allergen - milk.  Product contains butter; cream is listed as a sub-ingredient of the
butter, but milk is not declared in the ingredients or a contains statement.",Product was distributed only in Florida,EXP 07 2026
343,20260218,H-0520-2026,"TKS Co-pack Manufacturing, LLC",Completed,Class II,Food,"Aonic Complete Hers. Dosage: Single serving liquid dietary supplement drink shot, 34 ml (1.1 Fl oz) in plastic
bottle, induction sealed closed with plastic lid. Each bottle is a serving intended to be taken orally as a
dietary supplement. Shipping unit: two 15 count decorated boxes in a corrugated Aonic Master Shipper.  Firm
Name and Address on Label: Aonic Inc. 2261 MarketStreet #5416 San Francisco, CA 94114 USA.","Possible coliforms, E.coli, and/or Pseudomonas aeruginosa contamination.",Distributed to customer in Utah.,Lot 5349A BB 12/27;  Lot 5363A BB 12/27
344,20260218,H-0489-2026,Carrot Top Kitchens LLC,Terminated,Class I,Food,"Carrot Top Kitchens Lime Ginger Hummus; contains chickpeas, tahini, fresh ginger, lime juice & zest, salt; 8 oz.",Contains undeclared sesame,NY,enjoy or freeze by 08/10/2025
345,20260218,H-0509-2026,"Karison Foods & Snacks, Inc.",Terminated,Class II,Food,"Karison brand PANJIRI; NET WT. 12 oz.; Ingredients: Wheat Flour, Butter, Almonds, Sugar, Lotus Seeds, Fennel
Seeds, Flax Seeds, Edible Gum, Ginger Powder, Zero Trans Fat Vegetable Shortening; UPC: 8 97307 00243 7;
Distributed By: Karison Foods & Snacks Inc.; 34 Willowdale Ave., Port Washington, NY 11050; Manufactured in a
facility that processes Milk, Eggs, Soybean, Tree nuts, Wheat, Peanuts and other Nuts. Product is packaged in
clear plastic containers, 12-(12 oz) units/case.","Product contains milk, which is undeclared in the ingredient statement.","NY, NJ, VA","Expiration date Aug 29, 2026"
346,20260218,H-0488-2026,Carrot Top Kitchens LLC,Terminated,Class I,Food,"Carrot Top Kitchens Cherry Pepper Hummus; contains chickpeas, tahini, pickled cherry peppers, vinegar, garlic, salt; 8 oz.",Contains undeclared sesame,NY,enjoy or freeze by 08/10/2025
347,20260218,H-0504-2026,Ventura Foods LLC,Terminated,Class II,Food,"CREAMY PEANUT BUTTER NET WT 1.12 OZ(32g)/STRAWBERRY JAM NET WT 1 OZ (28g) POCO PAC  DISTRIBUTED BY DYMA
BRANDS, INC. ATLANTA, GA 30328 CREAMY PEANUT BUTTER NET WT 1.12 OZ(32g)/STRAWBERRY JAM NET WT 1 OZ (28g) POCO
PAC DISTRIBUTED BY DYMA BRANDS, INC. ATLANTA, GA 30328","Foreign material. During production, the firm found pieces of blue plastic in a filter.","Product was shipped to the following states: AL, AR, AZ, CA, CO, CT, FL, GA, IA, ID, IL, IN, KS, LA, MA, MD, MI, MN, MO, MS, MT, NC, ND, NE, NH, NJ, NM, NV, NY, OH, OK, OR, PA, SC, TN, TX, UT, VA, WA & WI.","86419: Lot# D090F03 96422: Lot# D091F03, Lot# D105F03"
348,20260218,H-0486-2026,Carrot Top Kitchens LLC,Terminated,Class I,Food,"Carrot Top Kitchens Sundried Tomato and Caper Hummus; contains chickpeas, sundried tomatoes, tahini, capers, vinegar, salt; 8 oz.",Contains undeclared sesame,NY,enjoy or freeze by 08/10/2025
349,20260218,H-0521-2026,"TKS Co-pack Manufacturing, LLC",Completed,Class II,Food,"Aonic Complete His. Dosage: Single serving liquid dietary supplement drink shot, 34 ml (1.1 Fl oz) in plastic
bottle, induction sealed closed with plastic lid. Each bottle is a serving intended to be taken orally as a
dietary supplement. Sipping unit: two 15 count decorated boxes in a corrugated Aonic Master Shipper. Firm Name
and Address on Label: Aonic Inc. 2261 MarketStreet #5416 San Francisco, CA 94114 USA.","Possible coliforms, E.coli, and/or Pseudomonas aeruginosa contamination.",Distributed to customer in Utah.,Lot 5349A BB 12/27;  Lot 5363A BB 12/27
350,20260218,H-0503-2026,Ventura Foods LLC,Terminated,Class II,Food,"CREAMY PEANUT BUTTER NET WT 1.12 OZ(32g)/GRAPE JELLY NET WT 1 OZ (28g) POCO PAC DISTRIBUTED BY DYMA BRANDS,
INC. ATLANTA, GA 30328 CREAMY PEANUT BUTTER NET WT 1.12 OZ(32g)/GRAPE JELLY NET WT 1 OZ (28g) POCO PAC
DISTRIBUTED BY DYMA BRANDS, INC. ATLANTA, GA 30328","Foreign material. During production, the firm found pieces of blue plastic in a filter.","Product was shipped to the following states: AL, AR, AZ, CA, CO, CT, FL, GA, IA, ID, IL, IN, KS, LA, MA, MD, MI, MN, MO, MS, MT, NC, ND, NE, NH, NJ, NM, NV, NY, OH, OK, OR, PA, SC, TN, TX, UT, VA, WA & WI.","86418: Lot# D086F03 96420: Lot# D076F03, Lot# D077F03, Lot# D102F03 & Lot#D104F03"
351,20260218,H-0494-2026,ISLAND CRAB CORPORATION,Terminated,Class II,Food,Smoked Grouper Dip 7lb plastic tub with tamper proof lid 1/7lb tub per case. Keep Refrigerated.,"Undeclared Milk, Eggs, Sodium metabisulfite",Florida,Expiration Date 01/20/2026 Expiration Date 01/26/2026
352,20260218,H-0505-2026,"Karison Foods & Snacks, Inc.",Terminated,Class II,Food,"Karison brand BESAN LADDOO; NET WT. 12 oz.; Ingredients: Gram Flour, Butter, Sugar, Zero Trans Fat Vegetable
Shortening, Almonds, Cardamom; UPC: 8 9730700240 6; Distributed By: Karson Foods & Snacks Inc., 34 Willowdale
Ave., Port Washington, NY 11050; Manufactured in a facility that processes Milk, Eggs, Soybean, Tree nuts,
Wheat, Peanuts and other Nuts. Product is packaged in clear plastic containers, 12-(12 oz) units/case.","Product contains milk, which is undeclared in the ingredient statement.","NY, NJ, VA","Expiration date Aug 29, 2026"
353,20260218,H-0493-2026,McCain Foods USA Inc,Completed,Class II,Food,"Sonic Tots, item number SON00543. Frozen potato product is packaged in clear unlabeled poly bags (6/5 lb), Net
Wt 30 lbs (13.61 kg)/ case. UPC 0 00 72714 00543 5.  Manufactured By: McCain Foods USA Inc. Oakbrook Terrace,
IL.",Foreign material (small hard plastic fragments).,"Distributed in AK, AL, AR, AZ, CA, CO, FL, GA, HI, ID, KS, KY, LA, MI, MN, MS, MO, NE, NM, NV, OK, OH, OR, PA, TX, UT, WA, WI.","Batch Code: 1005486334  Production Code: B 292 / 5  Interpretation of production code as: McCain Burley, ID 10/19/2025"
354,20260218,H-0485-2026,Carrot Top Kitchens LLC,Terminated,Class I,Food,"Carrot Top Kitchens Lemon & Garlic  Hummus; contains chickpeas, tahini, lemon juice & zest, garlic, salt; 8 oz.",Contains undeclared sesame,NY,enjoy or freeze by 08/10/2025
355,20260218,H-0496-2026,Lee's Commissary,Terminated,Class II,Food,"Brand: Red Button Movie House Popcorn Pack Size: 24 oz. / 680g. SKU/UPC:4117281332 Shelf life: 150 days.
Packaging: Plastic bag Production location: Lee s Commissary 888 W 1600 S Unit 130, Logan Ut. 84321
Distributed by: Associated Food Stores",Product may contain foreign material.,"Distributed to Utah, Arizona, Idaho, Colorado, Montana, Oregon, Nevada, Wyoming.","LOT CODES: 08012026, 12012026, 13012026, 14012026, 15012026 and 19012026 BEST BY DATE: 6/11/2026, 06/12/2026, 06/13/2026, 06/14/2026, and 06/18/2026"
356,20260218,H-0497-2026,Domino Foods Inc,Terminated,Class III,Food,"Sodexo Stars Saccharin (Pink) Packets, Sugar Substitute, Net Wt 0.035 oz. (1g), Manufactured by Domino Foods,
Inc., West Palm Beach, FL 33041",Undeclared Aspartame,"Product distributed in AR, AZ, CA, IL, KS, KY, LA, MN, MO, MS, NE, NM, TN, TX","Lot # 35414, 35416, 35421, 35435"
357,20260218,H-0508-2026,"Karison Foods & Snacks, Inc.",Terminated,Class II,Food,"Karison brand ALSI PINNI; NET WT. 12 oz.; Ingredients: Wheat Flour, Butter, Sugar Flax Seeds, Almonds, Zero
Trans Fat, Vegetable Shortening; UPC: 8 97307 00251 2; Distributed By: Karison Foods & Snacks Inc.; 34
Willowdale Ave., Port Washington, NY 11050; Manufactured in a facility that processes Milk, Eggs, Soybean,
Tree nuts, Wheat, Peanuts and other Nuts. Product is packaged in clear plastic containers, 12-(12 oz)
units/case.","Product contains milk, which is undeclared in the ingredient statement.","NY, NJ, VA","Expiration date Aug 29, 2026"
358,20260218,H-0492-2026,McCain Foods USA Inc,Completed,Class II,Food,"Ore-Ida Tater Tots shaped potatoes, item number OIF00215A. Frozen potato product is packaged in clear
unlabeled poly bag (6/5 lb bags), Net Wt. 30 lbs (13.6 kg)/ case. UPC on 30 lbs case label: 1 00 72714 00215
8. Manufactured by McCain Foods USA Inc.  McCain distributed this product to foodservice accounts and product
was not sold at retail stores.",Foreign material (small hard plastic fragments).,"Distributed in AK, AL, AR, AZ, CA, CO, FL, GA, HI, ID, KS, KY, LA, MI, MN, MS, MO, NE, NM, NV, OK, OH, OR, PA, TX, UT, WA, WI.",Expanded Batch Codes: 1005475084  1005476076  1005477012  1005498350   Expanded Use By Dates: E 20271006 E 20271007 E 20271008 E 20271103
359,20260218,H-0491-2026,Costco Wholesale Corporation,Terminated,Class I,Food,"Kirkland Signature Costco item #1181272 Mini Beignets filled with Caramel 22CT. UPC 000011 812722. Product is
packaged in a clear clamshell container. ALLERGENS INFORMATION: CONTAINS WHEAT, EGG, MILK, SOY. Distributed by
Costco Wholesale Corp. PO Box 34535 Seattle, WA.",Undeclared hazelnut.,"Distributed in Alabama, Arizona, California, Colorado, Florida, Georgia, Hawaii, Idaho, Illinois, Iowa, Louisiana, Michigan, Missouri, Nevada, New Jersey, New York, Ohio, Oregon, Pennsylvania, South Dakota, Tennessee, Texas, Virginia, and Washington.","Pack Dates:     Jan 16, 26 - Jan 30, 26 Sell by Dates: Jan 19, 26 -   Feb 2, 26"
360,20260218,H-0507-2026,"Karison Foods & Snacks, Inc.",Terminated,Class II,Food,"Karison brand NO SUGAR ADDED BESAN LADDOO; Ingredients: Gram Flour, Butter, Zero Trans Fat Vegetable
Shortening (Hydrogenated Soybean Oil), Pistachio, Almonds, Sweetener with Nutrasweet; UPC: 8 97397 00221 5;
Distributed By: Karison Foods & Snacks, Inc, 34 Willowdale Ave., Port Washington, N.Y. 11050; NET WT. 12 oz.;
Manufactured in a facility that processes Milk, Eggs, Soybean, Tree nuts, Wheat, Peanuts and other Nuts.
Product is packaged in clear plastic containers, 12-(12 oz) units/case.","Product contains milk, which is undeclared in the ingredient statement.","NY, NJ, VA","Expiration date Aug 29, 2026"
361,20260218,H-0506-2026,"Karison Foods & Snacks, Inc.",Terminated,Class II,Food,"Karison brand PUNJABI PINNI; NET WT. 12 oz.; Ingredients: Wheat Flour, Butter, Sugar, Almonds, Zero Trans Fat,
Vegetable Shortening; UPC: 8 97307 00215 4; Distributed By: Karison Foods & Snacks Inc., 34 Willowdale Ave.,
Port Washington, NY 11050; Manufactured in a facility that processes Milk, Eggs, Soybean, Tree nuts, Wheat,
Peanuts and other Nuts. Product is packaged in clear plastic containers, 12-(12 oz) units/case.","Product contains milk, which is undeclared in the ingredient statement.","NY, NJ, VA","Expiration date Aug 29, 2026"
362,20260218,H-0502-2026,Ventura Foods LLC,Terminated,Class II,Food,"CREAMY PEANUT BUTTER NET WT 0.75 OZ(21g) DISTRIBUTED BY US FOODS, ROSEMONT, IL 60018; PEANUT BUTTER NET WT.
0.5OZ & NET WT 0.75OZ DIST BY: DYMA BRANDS, INC. ATLANTA, GA 30328;  Product also sold under the following
brand names: FLAVOR Fresh PEANUT BUTTER NET WT 0.75 OZ(21g) DISTRIBUTED BY: DYMA BRANDS, INC. ATLANTA, GA
30328; HOUSE RECIPE CREAMY PEANUT BUTTER NET WT 0.75 OZ (21.2g) DISTRIBUTED BY SYSCO COROPRATION, HOUSTON,
TEXAS 77077; Katy's Kitchen SMOOTH PEANUT BUTTER NET WT 0.75 OZ (21g) MARKETED BY INDEPENDENT MARKETING
ALLIANCE HOUSTIN, TX 77043 PEANUT BUTTER creamy NET WT 0.75 OZ (21g) FOR DISTRIBUTION EXCLUSIVELY BY GORDON
FOOD SERVICE WYOMING, MI 49509; CREAMY PEANUT BUTTER NET WT 1.12 OZ(32g) POCO PAC DISTRIBUTED BY DYMA BRANDS,
INC. ATLANTA, GA 30328","Foreign material. During production, the firm found pieces of blue plastic in a filter.","Product was shipped to the following states: AL, AR, AZ, CA, CO, CT, FL, GA, IA, ID, IL, IN, KS, LA, MA, MD, MI, MN, MO, MS, MT, NC, ND, NE, NH, NJ, NM, NV, NY, OH, OK, OR, PA, SC, TN, TX, UT, VA, WA & WI.","88652:  Lot# D077F01, Lot# D079F01, Lot# D080F01, Lot# D083F01, Lot# D084F01, Lot# D086F01, Lot# D087F01, Lot# D090F01, Lot# D091F01, Lot# D092F01, Lot# D093F01, Lot# D095F01, Lot# D097F01, Lot# D098F01, Lot# D099F01, Lot# D106F01, Lot# D107F01 88640: Lot# D076F01, Lot# D085F01, Lot# D102F01 72445: Lot# D077F01, Lot# D078F01, Lot# D079F01, Lot# D085F01, Lot# D091F01, Lot# D092F01, Lot# D100F01, Lot# D101F01, Lot# D102F01, Lot# D104F01 & Lot# D105F01. 88660: Lot# D077F01, Lot# D076F01, Lot# D102F01 96435: Lot# D080F01, Lot# D094F01 86442: Lot# D100F02, Lot# D101F02 86433: Lot# D077F02, Lot# D078F02, Lot# D083F02, Lot# D084F02, Lot# D086F02, Lot# D104F02, Lot# D105F02, Lot# D106F02, Lot# D107F02"
363,20260218,H-0487-2026,Carrot Top Kitchens LLC,Terminated,Class I,Food,"Carrot Top Kitchens White Truffle Hummus; contains chickpeas, tahini, truffle oil, lemon, salt; 8 oz.",Contains undeclared sesame,NY,enjoy or freeze by 08/10/2025
364,20260211,H-0472-2026,Diva Fam Inc,Ongoing,Class II,Food,Sea Moss Gel Superfood; 16 FL OZ; Glass jar sold individually. Passion Fruit- UPC# 5061033691882,potential Clostridium botulinum contamination,Product is distributed nationwide through 31 different retail customers and direct to consumers through online sales.,"Lot Codes: Passion Fruit- F1001, F1002, F1003, F1004, F1005, F1006, F1007, F1008, F2001, F2002"
365,20260211,H-0462-2026,Beacon Promotions Inc,Ongoing,Class II,Food,"Repackaged M&Ms candies, Net Wt 1.3 oz.  Item BB458BG.  Labeled with the following promotional company names.
1.  Next Up,  2.  Smith Pro,   3.  Jaxport, Jacksonville Port Authority,   4.  Climax Molybdenum, A Freeport-
McMoRan Company,   5.  University of Maryland, School of Public Policy,   6.  Liberty University Environmental
Health & Safety,   7.  Subaru,   8.  Trinity Cyb3r,   9.  Candy Treats,  10.  JSE, Jordan & Skala Engineers,
11. Dropbox DocSend,   12. PP, Prosperity Promotions,   13. Northwest Indian College Foundation,   14. FES
Branding Solutions,  15. Berkshire Hathaway Guard Insurance Companies,  16. merry maids Annual 26 Conference,
17. BW, Best Western,   18. Morgan Stanley,  19. tufin,   20. Compliments of Pioneer,   21. A.D. Morgan,
Construction Manager, Design Builder, General Contractor,   22. Adobe,   23. xfinity,  24. Fundermax
Interiors,  25. White Cup,  26. Acadia Commercial,  27. Aviagen,  28. ORG Expo,  29. Make Your Mark  For
nutrition facts, information, and ingredients, go to https://hpgbrands.com/sugarspot-nutrition/","Undeclared allergens (milk, soy, and peanut)","AL, AZ, CA, FL, IA, KS, KY, MA, MD, MN, NC, NY, OH, PA, SD, TN, TX, VA, WA, WI","Lot L450ARCLV03, Best By 12/1/2025 Lot L502FLHKP01, Best By 1/1/2026 Lot L523CMHKP01, Best By 6/30/2026  Lot L537GMHKP01, Best By 9/1/2026"
366,20260211,H-0459-2026,"Tai Phat Wholesalers, LLC",Ongoing,Class I,Food,"Sofit, Seedless Red Dates, 12 oz package, Plastic bags, 50 packages per case",Undeclared sulfites,"The product was distributed to the following states: FL, GA, IA, NC",Barcode: 4897056443990
367,20260211,H-0469-2026,Diva Fam Inc,Ongoing,Class II,Food,Sea Moss Gel Superfood; 16 FL OZ; Glass jar sold individually. Wildcrafted- UPC# 5065006235073,potential Clostridium botulinum contamination,Product is distributed nationwide through 31 different retail customers and direct to consumers through online sales.,"Lot Codes: Wildcrafted- R1001, R1002, R1003, R1004, R1005, R1006, R1007, R1008, R2001, R2002, R2003, R2004, R250218, R250326, R250611"
368,20260211,H-0478-2026,Diva Fam Inc,Ongoing,Class II,Food,Sea Moss Gel Superfood; 16 FL OZ; Glass jar sold individually. Soursop- UPC# 5061033691875,potential Clostridium botulinum contamination,Product is distributed nationwide through 31 different retail customers and direct to consumers through online sales.,"Lot Codes: Soursop- Q1001, Q1002, Q1003, Q1004, Q1005, Q1006, Q1007, Q1008, Q1009, Q1010, Q1011, Q1012, Q1013, Q1014, Q1015, Q1016, Q1017, Q1018, Q2001, Q2002, Q2003, Q2004, Q2005, Q2006"
369,20260211,H-0481-2026,VH FOODS INC,Terminated,Class I,Food,"Bread Crumbs, Outside The Breadbox brand, net wt. 8 oz, UPC 873799001554.  Product is packaged in a clear
stand up pouch. Intended use   baking. Condition/Shelf Life   shelf stable, 180 days. Firm name Outside The
Breadbox, 2027 W Colorado Ave. Colorado Springs, CO.",Undeclared allergens: egg and milk,"Distributed to the following states: CO, MS, ND, NE, RI, TN, TX, and WI.",Lot code: 0325 and BEST BY DATE 05/25/26
370,20260211,H-0467-2026,Diva Fam Inc,Ongoing,Class II,Food,Sea Moss Gel Superfood; 16 FL OZ; Glass jar sold individually. Mango- UPC# 5065006235875,potential Clostridium botulinum contamination,Product is distributed nationwide through 31 different retail customers and direct to consumers through online sales.,"Lot Codes: Mango- N1001, N1002, N1003, N1004, N1005, N1006, N1007, N1008, N1009, N1010, N1011, N1012, N1013, N1014, N1015, N1016, N1017, N1018, N1019, N2001, N2002, N2003, N2004, N2005, N2006, N2007, N2008, N2009, N2010, N2011, N2012, N2013, N2014, N2015, MA250104, MA250114, MA250117, MA250119, MA250131, MA250207, MA250220, MA250225, MA250305, MA250311, MA250312, MA250315, MA250318, MA250325, MA250330, MA250410, MA250413, MA250418, MA250421, MA250423, MA250430, MA250503, MA250506, MA250508, MA250512, MA250521, MA250525, MA250527, MA250608"
371,20260211,H-0483-2026,"Imu-Tek Animal Health, Incorporated",Ongoing,Class II,Food,"Imu-Tek Immuno-5 Colostrum Powder 7 oz.   Intended Use:  Dietary Supplement for People.  (Some customers use
this for their pets).Packaging:  Plastic jar with Sealed lid. Net Weight:  7 ounces. UPC:7 38654 00033 5 Firm
name on label:  Imu-Tek, 3541 East Vine Drive, Fort Collins, CO  80524",Undeclared milk allergen,"Distributed in : AZ, CA, CO, FL, MA, ME, MN, NC, NH, OK, RI, TN, TX, UT, and WI.","Lot #216, Expiration 4/16/2027"
372,20260211,H-0477-2026,Diva Fam Inc,Ongoing,Class II,Food,Sea Moss Gel Superfood; 16 FL OZ; Glass jar sold individually. 5 Blend in 1- UPC# 5061033690052,potential Clostridium botulinum contamination,Product is distributed nationwide through 31 different retail customers and direct to consumers through online sales.,"Lot Codes: 5 Blends in 1- G1001, G1002, G1003, G1004, G1005, G1006, G1007, G1008, G1009, G1010, G1011, G1012, G1013, G1014, G1015, G1016, G1017, G1018, G1019, G1020, G1021, G1022, G1023, G1024, G1025, G2001, G2002, G2003, G2004, G2005, G2006, G2007, G2008, G2009, G2010, G2011, G2012, G2013, G2014, G2015, G2016, G2017, G2018, ABG250102, ABG250104, ABG250119, ABG250129, ABG250218, ABG250225, ABG250227, ABG250303, ABG250305, ABG250310, ABG250313, ABG250316, ABG250319, ABG250321, ABG250407, ABG250425, ABG250501, ABG250510, ABG250512, ABG250520, ABG250522, ABG250604"
373,20260211,H-0482-2026,"Khee Trading, Inc.",Ongoing,Class II,Food,"Product is Frozen Half Shell Oysters in 15-16 pound blocks. Packaged in generic brown cardboard boxes. Side
panel reads: HAFL SHELL OYSTER Spec: 144PCS; Imported by: Khee Trading Inc., Compton, CA Side panel reads:
Method of harvest: Farm Raised Country of Origin: Republic of Korea  UPC: 850040844054",Imported oysters potentially contaminated with Norovirus,"CA, NV, TX, CO, IL, ID, AZ",Lot number: B250222 (Harvest Date: 2/22/2025) (Best By: 2/22/2027)  B250310 (Harvest Date: 3/10/2025) (Best By: 3/10/2027) B250327 (Harvest Date: 3/27/2025) (Best By: 3/27/2027) B250330 (Harvest Date: 3/30/2025) (Best By: 3/30/2027) B250331 (Harvest Date: 3/31/2025) (Best By: 3/31/2027) B250226 (Harvest Date: 2/26/2025) (Best By: 2/26/2027) B250213 (Harvest Date: 2/13/2025) (Best By: 2/13/2027) B250416 (Harvest Date: 4/16/2025) (Best By: 4/16/2027) B250418 (Harvest Date: 4/18/2025) (Best By: 4/18/2027)
374,20260211,H-0455-2026,Everpress Juice,Terminated,Class I,Food,"JUICE from the Raw, cashew milk",Under-processed product may contain pathogenic bacteria that could harm to humans.,"The adulterated product was distributed the following states : AK,AZ CA, HI,ID,MT,NV,OR,UT,WA,AR,CO,IL,IN,LA,MN,MO,MS,ND,OK,SD,TN,TX,WY",The firm is in the process of getting the agency the information
375,20260211,H-0480-2026,Diva Fam Inc,Ongoing,Class II,Food,Sea Moss Gel Superfood; 16 FL OZ; Glass jar sold individually. Orange- UPC# 5061033692926,potential Clostridium botulinum contamination,Product is distributed nationwide through 31 different retail customers and direct to consumers through online sales.,"Lot Codes: Orange- O1001, O1002, O1003, O1004, O1005, O1006, O1007, O2001, O2002"
376,20260211,H-0468-2026,Diva Fam Inc,Ongoing,Class II,Food,Sea Moss Gel Superfood; 16 FL OZ; Glass jar sold individually. Pineapple- UPC# 5065006235288,potential Clostridium botulinum contamination,Product is distributed nationwide through 31 different retail customers and direct to consumers through online sales.,"Lot Codes: Pineapple- P1001, P1002, P1003, P1004, P1005, P1006, P1007, P1008, P1009, P1010, P1011, P1012, P1013, P1014, P1015, P1016, P2001, P2002, P2003, P2004, P241230, P250104, P250109, P250116, P250119, P250207, P250217, P250228, P250304, P250309, P250314, P250319, P250324, P250331, P250405, P250409, P250413, P250418, P250424, P250501, P250506, P250513, P250519, P250527, P250611"
377,20260211,H-0456-2026,Everpress Juice,Terminated,Class I,Food,"JUICE from the Raw, cashew coffee milk",Under-processed product may contain pathogenic bacteria that could harm to humans.,"The adulterated product was distributed the following states : AK,AZ CA, HI,ID,MT,NV,OR,UT,WA,AR,CO,IL,IN,LA,MN,MO,MS,ND,OK,SD,TN,TX,WY",The firm is in the process of getting the agency the information
378,20260211,H-0443-2026,"Prima Foods International, Inc.",Terminated,Class III,Food,"BarbaCuban 455 Everything Sauce (Original), Net Wt 12 oz (355 ml) glass bottle and 1 gallon HDPE Industrial
Plastic Jugs, ¿ gallon HDPE Industrial Plastic Jugs. packaged in 12x12 fl oz, 6x12 fl oz, 4x1 gallon, 4x1/2
gallons. Refrigerate after opening. UPC Code 7 19660 00091 5, Kehe Case Code 1 99284 27227 9",Undeclared Quinine,Distributed in Florida,"Lot Codes: #171/24, #172/24, #190/24, #213/24, #214/24, #218/24, #221/24, #390/24, #331/24, #337/24, #009/25, #051/25, #133/25, #163/25, #170/25, #182/25, #251/25, #282/25.   Best by dates:  12/2025 through 05/2027"
379,20260211,H-0484-2026,Willy Pete's Chocolate Company LLC,Terminated,Class III,Food,"Willy Pete's Chocolates brand Almond Despair; Dark Chocolate with Coconuts, Almonds, & Carolina Reapers;
Ingredients: Sugar, Vegetable Oil, (Palm Kernel Oil & Hydrogentated Palm Kernel Oil), Cocoa Powder (processed
with Alkali), Soy Lecithin (An Emulsifier), Whey Powder (Milk) & Salt. Coconut, Sugar, Water Propylene Glycol
(Sustains Freshness), Salt, Sodium Metabisulfite (Preserves Whiteness). Macadamia nuts & Carolina Reaper
Powder; Contains Milk and Soy. Tree Nuts. May contain traces of peanuts; UPC:  0 987261 5","Almonds are not declared in the ingredient statement. Almond is included in description of
product on front label.","MA, SC, CT",No additional coding. UPC Codes: 09872615
380,20260211,H-0501-2026,"B.C. Williams Bakery Service, Inc",Ongoing,Class I,Food,"Swiss Chocolate Cake Mix; 50 lb. multi-wall, kraft, poly-lined moisture proof bags",Undeclared Milk Allergen,Nationwide,072925-220 and 071825-36
381,20260211,H-0452-2026,Everpress Juice,Terminated,Class I,Food,"JUICE from the Raw, pineapple mint",Under-processed product may contain pathogenic bacteria that could harm to humans.,"The adulterated product was distributed the following states : AK,AZ CA, HI,ID,MT,NV,OR,UT,WA,AR,CO,IL,IN,LA,MN,MO,MS,ND,OK,SD,TN,TX,WY",The firm is in the process of getting the agency the information
382,20260211,H-0475-2026,Diva Fam Inc,Ongoing,Class II,Food,Sea Moss Gel Superfood; 16 FL OZ; Glass jar sold individually. Cherry- UPC# 5061033691264,potential Clostridium botulinum contamination,Product is distributed nationwide through 31 different retail customers and direct to consumers through online sales.,"Lot Codes: Cherry- C1001, C1002, C1003, C1004, C1005, C1006, C1007, C1008, C1009, C1010, C1011, C1012, C2001, C2002, C2003, C250428, C250506, C250511, C250518"
383,20260211,H-0448-2026,"Prima Foods International, Inc.",Terminated,Class III,Food,"BarbaCuban Havana Gold, Net Wt. 12 oz (355 ml). Packed in 12 oz glass bottles. UPC code 7 19660 00097 7",Undeclared Quinine,Distributed in Florida,Lot Codes:  #233/24  Best by date: 02/2026
384,20260211,H-0454-2026,Everpress Juice,Terminated,Class I,Food,"JUICE from the Raw, spicy lemonade",Under-processed product may contain pathogenic bacteria that could harm to humans.,"The adulterated product was distributed the following states : AK,AZ CA, HI,ID,MT,NV,OR,UT,WA,AR,CO,IL,IN,LA,MN,MO,MS,ND,OK,SD,TN,TX,WY",The firm is in the process of getting the agency the information
385,20260211,H-0471-2026,Diva Fam Inc,Ongoing,Class II,Food,Sea Moss Gel Superfood; 16 FL OZ; Glass jar sold individually. Elderberry- UPC# 5065006235189,potential Clostridium botulinum contamination,Product is distributed nationwide through 31 different retail customers and direct to consumers through online sales.,"Lot Codes: Elderberry- E1001, E1002, E1003, E1004, E1005, E1006, E1007, E1008, E1009, E1010, E1011, E1012, E1013, E1014, E1015, E1016, E1017, E1018, E1019, E2001, E2002, E2003, E2004, E2005, E2006, E250102, E250116, E250117, E250207, E250216, E250219, E250227, E250304, E250307, E250309, E250317, E250321, E250326, E250403, E250406, E250410, E250419, E250422, E250429, E250430, E250502, E250504, E250511, E250518, E250528, E250602, E250609, E250615"
386,20260211,H-0460-2026,Tradin Organics USA LLC,Ongoing,Class I,Food,"Organic Chia Seed Black Origin: PARAGUAY Net weight: 55.12 LBS Produced for: Tradin Organics USA, LLC, Aptos",Potential contamination with Salmonella.,"U.S. distribution: CA, CO, NY Foreign distribution: Canada",Manufacturer Lot: CHN-BIO-OF-54-072024 Tradin Organics Batch: PUS-24472-12
387,20260211,H-0447-2026,"Prima Foods International, Inc.",Terminated,Class III,Food,"BarbaCuban Cubama White Truffle Sauce, Net Wt. 12 oz (355 ml). Packed in 12 oz glass bottles and 1 gallon HDPE
Industrial Plastic Jugs, ¿ gallon HDPE Industrial Plastic Jugs. packaged in 12x12 fl oz, 6x12 fl oz, 4x1
gallon, 4x1/2 gallons. UPC code 7 19660 00190 5",Undeclared Quinine,Distributed in Florida,Lot Codes:  #233/24  Best by date: 02/2026
388,20260211,H-0446-2026,"Prima Foods International, Inc.",Terminated,Class III,Food,"BarbaCuban Ram Air Red Zesty Ketchup, Net Wt. 12 oz (355 ml) 12 oz glass bottles, and 1 gallon HDPE Industrial
Plastic Jugs, ¿ gallon HDPE Industrial Plastic Jugs. packaged in 12x12 fl oz, 6x12 fl oz, 4x1 gallon, 4x1/2
gallons. UPC code 0 07196 60000 7",Undeclared Quinine,Distributed in Florida,Lot Codes:  #133/25  Best by dates:  11/2026
389,20260211,H-0479-2026,Diva Fam Inc,Ongoing,Class II,Food,Sea Moss Gel Superfood; 16 FL OZ; Glass jar sold individually. Lemon Pie- UPC# 5061033691271,potential Clostridium botulinum contamination,Product is distributed nationwide through 31 different retail customers and direct to consumers through online sales.,"Lot Codes: Lemon Pie- L1001, L1002, L1003, L1004, L1005, L1006, L1007, L1008, L1009, L1010, L1011, L1012, L1013, L2001, L2002, L250221, L250225, L250304, L250316, L250428, L250506"
390,20260211,H-0499-2026,"B.C. Williams Bakery Service, Inc",Ongoing,Class I,Food,"Spice Cake Mix; 50 lb. multi-wall, kraft, poly-lined moisture proof bags",Undeclared Milk Allergen,Nationwide,Batch 221
391,20260211,H-0500-2026,"B.C. Williams Bakery Service, Inc",Ongoing,Class I,Food,"Bread and Roll Mix; 50 lb. multi-wall, kraft, poly-lined moisture proof bags",Undeclared Milk Allergen,Nationwide,Lot #072225-217 Lot #072225-218 Lot #080325-200 Lot #080325-201 Lot #081625-203 Lot #081625-204 Lot #092225-222 Lot #092225-223 Lot #092225-224 Lot #092225-225 Lot #092225-226 Lot #092225-227 Lot #092225-228 Lot #101725-208 Lot #101725-209
392,20260211,H-0461-2026,Beacon Promotions Inc,Ongoing,Class II,Food,"Repackaged M&Ms Peanut candies, Net Wt 1.3 oz.  Item BB471BG.  Labeled as Make Your Mark.    For nutrition
facts information and ingredients, go to https://hpgbrands.com/sugarspot-nutrition/","Undeclared allergens (milk, soy, and peanut)","AL, AZ, CA, FL, IA, KS, KY, MA, MD, MN, NC, NY, OH, PA, SD, TN, TX, VA, WA, WI","Lot M1823200, Best By dates:  4/30/2026"
393,20260211,H-0442-2026,Optiwize Inc.,Completed,Class III,Food,OptiWize Health   OptiWize Collagen Plus 320 count bottle; White bottle with black lid.,"The firm initiated a voluntary recall after NSF testing showed that labeled ingredient
quantities did not align with analytical test results, manganese level was below label quantity.",Nationwide via Amazon distribution,OHB25230
394,20260211,H-0444-2026,"Prima Foods International, Inc.",Terminated,Class III,Food,"BarbaCuban 90 Miles to Mojo Marinade, Net Wt 12 oz (355 ml) 12 oz glass bottles,1 gallon HDPE Industrial
Plastic Jugs, ¿ gallon HDPE Industrial Plastic Jugs. packaged in 12x12 fl oz, 6x12 fl oz, 4x1 gallon, 4x1/2
gallons. UPC code 7 19660 00096 0",Undeclared Quinine,Distributed in Florida,"Lot Codes: #225/24, #289/24, #347/24, #023/25, #036/25, #128/25, #202/25, #246/25, #323/25.  Best by dates: 02/2026 through 05/2027"
395,20260211,H-0474-2026,Diva Fam Inc,Ongoing,Class II,Food,Sea Moss Gel Superfood; 16 FL OZ; Glass jar sold individually. Strawberry- UPC# 5065006235271,potential Clostridium botulinum contamination,Product is distributed nationwide through 31 different retail customers and direct to consumers through online sales.,"Lot Codes: Strawberry- S1001, S1002, S1003, S1004, S1005, S1006, S1007, S1008, S1009, S1010, S1011, S1012, S1013, S1014, S1015, S1016, S1017, S1018, S1019, S1020, S2001, S2002, S2003, S2004, S2005, S2006, S2007, S2008, S2009, S2010, S2011, S250102, S250109, S250115, S250116, S250124, S250129, S250204, S250207, S250214, S250216, S250221, S250224, S250303, S250306, S250309, S250317, S250321, S250326, S250403, S250406, S250410, S250414, S250416, S250422, S250429, S250507, S250514, S250518, S250526, S250601, S250615"
396,20260211,H-0463-2026,"Organic Spices, Inc",Ongoing,Class II,Food,"spicely ORGANIC garlic salt  NO ARTIFICIAL COLORING NO GLUTEN - NO MSG - NO SOY NO PRESERVATIVES - NO WHEAT NO
SUGAR - NO SALT - NO IRRADIATION  Net wt: 3.4oz (96g)  Ingredients: Salt, *Garlic *Organic  www.spicely.com
Organic Spices Inc, Fremont CA 94538  UPC: 826998007643",Product contains salt and is mislabeled,"U.S. Distribution: CA, CO, IL, IN, MI, NC, NY, OH, OR, PA, TX, UT, WA","Lot: 250211 BB: 09/16/2031, 10/30/2031"
397,20260211,H-0441-2026,Fazt & Loud LLC,Ongoing,Class III,Food,"Lost and Found Energy, Sour Gummy Bear, 12pck, 16oz Cans Case UPC: 850075595655 Can UPC: 850075595662 Aluminum Can Packaged","Recall is due to a misprint on the label that incorrectly identifies the total caffeine content
on the can. The item contains 300mg of caffeine, instead of 150mg as provided on the can.",Nationwide,LOT #: MO-00911 BB Date: 11/13/2027
398,20260211,H-0440-2026,Rich Products Corp,Terminated,Class II,Food,"GLUTEN FREE 14"" SEASONED VEGAN PIZZA CRUST; INGREDIENTS: WATER, RICE FLOUR, POTATO STARCH, RICE STARCH,
TAPIOCA STARCH, CANE SUGAR, MODIFIED RICE STARCH, POTATO FLOUR, PEA FIBER, CONTAINS LESS THAN 2% OF THE
FOLLOWING: CANOLA OIL, YEAST, SALT, CELLULOSE GEL, EXTRA VIRGIN OLIVE OIL, GARLIC POWDER, SPICES, XANTHAN GUM,
CELLULOSE GUM, CULTURED BROW RICE, BROWN RICE FLOUR, CITRIC ACID, LACTIC ACID; MAY CONTAIN MILK AND EGGS;
MANUFACTURED BY VENCE BAKERY; Net Case Wt: 14 LB 6 OZ (6.52 KG); Unit Net Wt: 11.5 OZ (326 G); COUNT: 20; KEEP
FROZEN;  GTIN code on shipper case (01) 0 0859955 00412 6",Product contains undeclared milk and egg,"CA, IL, GA, AZ, IN, DE",Product Code 19923 Lot Code/Batch ID 0002979162 Best if Used By: 5/10/26
399,20260211,H-0465-2026,"Organic Spices, Inc",Ongoing,Class II,Food,"spicely ORGANIC sumac  NO ARTIFICIAL COLORING NO GLUTEN - NO MSG - NO SOY NO PRESERVATIVES - NO WHEAT NO SUGAR
- NO SALT - NO IRRADIATION  Net wt: 2oz (56g)  Ingredients: Organic Sumac, Salt  www.spicely.com Organic
Spices Inc, Fremont CA 94538  UPC: 826998007339",Product contains salt and is mislabeled,"U.S. Distribution: CA, CO, IL, IN, MI, NC, NY, OH, OR, PA, TX, UT, WA","Lot: 103656B BB: 07/01/2031, 07/02/2031"
400,20260211,H-0453-2026,Everpress Juice,Terminated,Class I,Food,"JUICE from the Raw, upbeat",Under-processed product may contain pathogenic bacteria that could harm to humans.,"The adulterated product was distributed the following states : AK,AZ CA, HI,ID,MT,NV,OR,UT,WA,AR,CO,IL,IN,LA,MN,MO,MS,ND,OK,SD,TN,TX,WY",The firm is in the process of getting the agency the information
401,20260211,H-0470-2026,Diva Fam Inc,Ongoing,Class II,Food,Sea Moss Gel Superfood; 16 FL OZ; Glass jar sold individually. Apple and Cinnamon- UPC# 5065006235776,potential Clostridium botulinum contamination,Product is distributed nationwide through 31 different retail customers and direct to consumers through online sales.,"Lot Codes: Apple and Cinnamon- A1001, A1002, A1003, A1004, A1005, A1006, A1007, A1008, A1009, A1010, A1011, A2001, A2002, A2003, A2004, AC250218, AC250324, AC250409, AC250605"
402,20260211,H-0466-2026,VENZU TRADERS LLC,Ongoing,Class II,Food,"CINNAMON POWDER NET WT : 3.5 oz (100g) PRODUCT OF INDIA UPC 7 46241 29537 8 Distributed by: Venzu Traders LLC
venzutraders@outlook.com",Potential contamination with heavy metal (lead).,"U.S. Distribution: CA, NV, WA",UPC: 7 46241 29537 8
403,20260211,H-0476-2026,Diva Fam Inc,Ongoing,Class II,Food,Sea Moss Gel Superfood; 16 FL OZ; Glass jar sold individually. Mango and Pineapple- UPC# 5065006235301,potential Clostridium botulinum contamination,Product is distributed nationwide through 31 different retail customers and direct to consumers through online sales.,"Lot Codes: Mango and Pineapple- M1001, M1002, M1003, M1004, M1005, M1006, M1007, M1008, M1009, M1010, M1011, M1012, M1013, M1014, M1015, M1016, M1017, M1018, M1019, M1020, M1021, M1022, M1023, M1024, M1025, M1026, M1027, M1028, M1029, M1030, M1031, M1032, M1033, M1034, M1035, M1036, M1037, M1038, M1039, M1040, M2001, M2002, M2003, M2004, M2005, M2006, M2007, M2008, M2009, M2010, M2011, M2012, M2013, M2014, M2015, M2016, M2017, M2018, M2019, M2020, M2021, M2022, M2023, M2024, M2025, M2026, M2027, M2028, M2029, M2030, M2031, M250102, M250107, M250115, M250119, M250129, M250131, M250207, M250214, M250220, M250223, M250301, M250307, M250311, M250312, M250314, M250315, M250321, M250323, M250326, M250402, M250404, M250413, M250415, M250418, M250421, M250424, M250430, M250431, M250503, M250508, M250509, M250515, M250519, M250521, M250527, M250531, M250603, M250608"
404,20260211,H-0473-2026,Diva Fam Inc,Ongoing,Class II,Food,Sea Moss Gel Superfood; 16 FL OZ; Glass jar sold individually. Blue Spirulina and Raspberry- UPC# 5065006235813,potential Clostridium botulinum contamination,Product is distributed nationwide through 31 different retail customers and direct to consumers through online sales.,"Lot Codes: Blue Spirulina and Raspberry- B1001, B1002, B1003, B1004, B1005, B1006, B1007, B1008, B1009, B1010, B1011, B1012, B1013, B1014, B1015, B1016, B1017, B1018, B2001, B2002, B2003, B2004, B2005, B2006, B2007, SPB241229, SPB250104, SPB250119, SPB250124, SPB250207, SPB250219, SPB250225, SPB250301, SPB250306, SPB250310, SPB250318, SPB250323, SPB250404, SPB250429, SPB250502, SPB250506, SPB250514, SPB250520, SPB250521"
405,20260211,H-0464-2026,"Organic Spices, Inc",Ongoing,Class II,Food,"spicely ORGANIC celery salt  NO ARTIFICIAL COLORING NO GLUTEN - NO MSG - NO SOY NO PRESERVATIVES - NO WHEAT NO
SUGAR - NO SALT - NO IRRADIATION  Net wt: 2.4oz (68g)  Ingredients: Salt, *Celery Seeds *Organic
www.spicely.com Organic Spices Inc, Fremont CA 94538  UPC: 826998007605",Product contains salt and is mislabeled,"U.S. Distribution: CA, CO, IL, IN, MI, NC, NY, OH, OR, PA, TX, UT, WA",Lot: 250312 BB: 07/09/2031
406,20260211,H-0449-2026,WinCo Foods LLC,Terminated,Class II,Food,"WinCo Foods Deli Margherita Pizza Thin Crust, Item #67279. Net wt. 17oz. UPC 0267279 807987. Product is Take &
Bake and sold refrigerated in a plastic flexible film as a single retail unit with a 5 day Sell-By date.
Distributed by WinCo Foods 650 N. Armstrong Pl. Boise, ID.",Product may contain foreign material (metal fragments).,"Distributed in AZ, CA, ID, MT, NV, OK, OR, TX, UT, and WA.","Julian Codes: 12255, 22265, and 12415"
407,20260211,H-0445-2026,"Prima Foods International, Inc.",Terminated,Class III,Food,"BarbaCuban 455 Everything Sauce (Hot), Net Wt 12 oz (355 ml) 12 oz glass bottles, and 1 gallon HDPE Industrial
Plastic Jugs, ¿ gallon HDPE Industrial Plastic Jugs. packaged in 12x12 fl oz, 6x12 fl oz, 4x1 gallon, 4x1/2
gallons. UPC code 7 19660 00083 0",Undeclared Quinine,Distributed in Florida,"Lot Codes: #190/24, #339/24   Best by dates:  01/2026 through 06/2026"
408,20260211,H-0451-2026,Everpress Juice,Terminated,Class I,Food,"JUICE from the Raw, sweet greens",Under-processed product may contain pathogenic bacteria that could harm to humans.,"The adulterated product was distributed the following states : AK,AZ CA, HI,ID,MT,NV,OR,UT,WA,AR,CO,IL,IN,LA,MN,MO,MS,ND,OK,SD,TN,TX,WY",The firm is in the process of getting the agency the information
409,20260211,H-0450-2026,Everpress Juice,Terminated,Class I,Food,"JUICE from the Raw, DETOX GREENS",Under-processed product may contain pathogenic bacteria that could harm to humans.,"The adulterated product was distributed the following states : AK,AZ CA, HI,ID,MT,NV,OR,UT,WA,AR,CO,IL,IN,LA,MN,MO,MS,ND,OK,SD,TN,TX,WY",The firm is in the process of getting the agency the information
410,20260204,H-0417-2026,BHARAT BAZAR,Ongoing,Class II,Food,"SOMA KITCHEN NATURAL ASAFOETIDA Net Wt. 4 oz (0.25 lb) Product of India Manufactured for and Imported by:
Bharat Bazar, Fremont, CA 94539 Use by : JULY-2027 Lot : NATL/ASFTP/G/24 (BB/ASFTP/G/24) UPC : 4 973993 173586
Ingredients :- Natural Hing",Undeclared wheat.,U.S. distribution: CA Foreign distribution: N/A,Use by : JULY-2027 Lot : NATL/ASFTP/G/24 (BB/ASFTP/G/24) UPC : 4 973993 173586
411,20260204,H-0424-2026,"Prima Vera Nueva, Inc.",Ongoing,Class II,Food,"Mushroom, Spinach & Salsa Tamales with 2 Cheeses  Ingredients: Organic Corn Flour Masa, Mushrooms, Spinach,
Onions, Jalapenos, Jack and White Cheddar Cheese (pasteurized milk, cheese cultures, salt and enzymes),
Butter, Salt, Spices, Baking Powder (Sodium Acid Pyrophosphate, Sodium Bicarbonate, Corn Starch and
Monocalcium Phosphate).  Microwave: In husk approx. 90 seconds per tamale. Steam: In husk approx. 15 minutes.
Primavera 17070 Sonoma Hwy. Sonoma, CA 95476 (707) 939-9350 Perishable Keep Refrigerated Net Wt. 24oz.  UPC:
748732000249",Potential contamination with biological hazards (Listeria monocytogenes).,"U.S. Distribution: CA, NV",UPC: 748732000249
412,20260204,H-0432-2026,"Prima Vera Nueva, Inc.",Ongoing,Class II,Food,"Roasted Green Chile & Jack Cheese Tamales  Ingredients: Organic Corn Flour Masa, Roasted Green Chiles, Jack
Cheese (Pasteurized Milk, Cheese Cultures, Salt, Enzymes), Non-GMO Corn, Butter, Salt, Spices, Baking Powder
(Sodium Acid Pyrophosphate, Sodium Bicarbonate, Corn Starch and Monocalcium Phosphate), Water, Citric Acid.
Microwave: In husk approx. 90 seconds per tamale. Steam: In husk approx. 15 minutes.  Primavera 17070 Sonoma
Hwy. Sonoma, CA 95476 (707) 939-9350 Perishable Keep Refrigerated Net Wt. 24oz.  UPC: 748732000034",Potential contamination with biological hazards (Listeria monocytogenes).,"U.S. Distribution: CA, NV",UPC: 748732000034
413,20260204,H-0438-2026,Weaver's Brew LLC,Terminated,Class II,Food,"Goldenroot Lemon Ginger Jalapeno Ginger Beer.  12 oz. (355 ml)  UPC 8 50052-32820 7.  Keep Cold.  Manufactured
By Goldenroot, 3841 Market St #113, Denton, TX  76209.",Ginger Beer products might contain ginger juice that did not undergo the required pasteurization process.,Texas and California,All Use By Dates up to 6/14/26.
414,20260204,H-0430-2026,"Prima Vera Nueva, Inc.",Ongoing,Class II,Food,"Butternut Squash Tamales with Roasted Green Chiles, NO DAIRY  Ingredients: Organic Corn Flour Masa, Organic
Butternut Squash, Roasted Green Chiles, Non-GMO Corn, Non-hydrogenated Vegetable Shortening, Salt, Spices,
Baking Powder (Sodium Acid Pyrophosphate, Sodium Bicarbonate, Corn Starch and Monocalcium Phosphate).
Microwave: In husk approx. 90 seconds per tamale. Steam: In husk approx. 15 minutes.  Primavera 17070 Sonoma
Hwy. Sonoma, CA 95476 (707) 939-9350 Perishable Keep Refrigerated Net Wt. 24oz.  UPC: 748732000300",Potential contamination with biological hazards (Listeria monocytogenes).,"U.S. Distribution: CA, NV",UPC: 748732000300
415,20260204,H-0423-2026,"Prima Vera Nueva, Inc.",Ongoing,Class II,Food,"Butternut Squash Tamales With Roasted Green Chiles, Corn & Jack Cheese  Ingredients: Organic Corn Flour Masa,
Organic Butternut Squash, Organic Roasted Green Chiles, Non-GMO Corn, Organic Jalapeno Jack Cheese
(Pasteurized Milk, Cheese Cultures, Salt and Enzymes), Organic Butter, Salt, Spices, Baking Powder (Sodium
Acid Pyrophosphate, Sodium Bicarbonate, Corn Starch and Monocalcium Phosphate).  Microwave: In husk approx. 90
seconds per tamale. Steam: In husk approx. 15 minutes.  Primavera 17070 Sonoma Hwy. Sonoma, CA 95476 (707)
939-9350 Perishable Keep Refrigerated Net Wt. 24oz.  UPC: 748732000232",Potential contamination with biological hazards (Listeria monocytogenes).,"U.S. Distribution: CA, NV",UPC: 748732000232
416,20260204,H-0431-2026,"Prima Vera Nueva, Inc.",Ongoing,Class II,Food,"Black Bean Bonanza Tamales with Black Beans and Jack Cheese  Ingredients: Organic Corn Flour Masa, Black
Beans, Jack Cheese (Pasteurized Milk, Cheese Cultures, Salt, Enzymes), Salsa (Tomatoes, Onions, Chiles, Garlic
& Cilantro), Butter, Non-GMO Corn, Salt, Spices, Baking Powder (Sodium Acid Pyrophosphate, Sodium Bicarbonate,
Corn Starch and Monocalcium Phosphate).  Microwave: In husk approx. 90 seconds per tamale. Steam: In husk
approx. 15 minutes.  Primavera 17070 Sonoma Hwy. Sonoma, CA 95476 (707) 939-9350 Perishable Keep Refrigerated
Net Wt. 24oz.  UPC: 748732000218",Potential contamination with biological hazards (Listeria monocytogenes).,"U.S. Distribution: CA, NV",UPC: 748732000218
417,20260204,H-0428-2026,"Prima Vera Nueva, Inc.",Ongoing,Class II,Food,"Black Bean Bonanza Tamales with Black Beans NO DAIRY  Ingredients: Organic Corn Flour Masa, Black Beans, Salsa
(Tomatoes, Onions, Chiles, Garlic & Cilantro), Non-GMO Corn, Non-hydrogenated Vegetable Shortening, Salt,
Spices, Baking Powder (Sodium Acid Pyrophosphate, Sodium Bicarbonate, Corn Starch and Monocalcium Phosphate).
Microwave: In husk approx. 90 seconds per tamale. Steam: In husk approx. 15 minutes.  Primavera 17070 Sonoma
Hwy. Sonoma, CA 95476 (707) 939-9350 Perishable Keep Refrigerated Net Wt. 24oz.  UPC: 748732000287",Potential contamination with biological hazards (Listeria monocytogenes).,"U.S. Distribution: CA, NV",UPC: 748732000287
418,20260204,H-0419-2026,"Keurig DR Pepper, Inc.",Terminated,Class II,Food,"McCafe Premium Roast Decaf Coffee K-Cup Pods, Net Wt. 29 oz (823g), packaged as an 84-count carton, UPC
043000073438. Distributed By: Keurig Green Mountain, Inc. Burlington, MA 01803 U.S.A.","Product is labeled as decaf, but might contain caffeine.","CA, IN, NV",Best By 17 NOV 2026  LA hh:mm  PL070 5321 or 5322 Batch Number: 5101564894 Material Number: 5000358463 ASIN: B07GCNDL91
419,20260204,H-0429-2026,"Prima Vera Nueva, Inc.",Ongoing,Class II,Food,"Roasted Green Chile Tamales NO DAIRY  Ingredients: Organic Corn Flour Masa, Roasted Green Chiles, Non-GMO
Corn, Non-hydrogenated Vegetable Shortening, Salt, Spices, Baking Powder (Sodium Acid Pyrophosphate, Sodium
Bicarbonate, Corn Starch and Monocalcium Phosphate), Water, Citric Acid.  Microwave: In husk approx. 90
seconds per tamale. Steam: In husk approx. 15 minutes.  Primavera 17070 Sonoma Hwy. Sonoma, CA 95476 (707)
939-9350 Perishable Keep Refrigerated Net Wt. 24oz.  UPC: 748732000270",Potential contamination with biological hazards (Listeria monocytogenes).,"U.S. Distribution: CA, NV",UPC: 748732000270
420,20260204,H-0433-2026,"SUPERFOODS, INC.",Completed,Class I,Food,"Live it Up brand Super Greens; Chlorella, Spirulina, Wheatgrass, Kale, Broccoli, Spinach, Barley grass,
Moringa, Parsley; Whole food dietary supplement powder; 30 day supply; NET WT. 8.5OZ (240G); Manufactured for
Superfoods, Inc.; UPC: 860013190804  b.) Live it Up brand Super Greens; Chlorella, Spirulina, Wheatgrass,
Kale, Broccoli, Spinach, Barley grass, Moringa, Parsley; Whole food dietary supplement powder; 30-0.28oz (8g)
STICKS - NET WT. 8.47oz (240g); Manufactured for Superfoods, Inc.; UPC: 850077468063",Products may be contaminated with Salmonella Typhimurium,"Nationwide, including Puerto Rico, Guam, and Virgin Islands; United Kingdom","The lot code is printed on the bottom back of the packaging in black and begins with the letter ""A"".   Expiration dates from 08/2026 to 01/2028.   2024 Lots: AA24H013, A24I019, A24J012, A24J041, A24K019, A24L001, A24L013, A24L036, A24L035  2025 Lots: A25A009, A25A017, A25A018, A25B005, A25B004, A25C018, A25C022, A25D021, A25E005, A25E007, A25F019, A25G033, A25F029, A25G065, A25H005, A25H012, A25I005, A25I010, A25I032, A25J005, A25J028, A25J037, A25K007, A25K013, A25L006  Stick Pack Products: 32825-1, 34425-1"
421,20260204,H-0439-2026,Weaver's Brew LLC,Terminated,Class II,Food,"Goldenroot Yuzu Ginger Lemongrass Ginger Beer.  12 oz. (355 ml)  UPC 8 50052-32817 7.  Keep Cold.
Manufactured By Goldenroot, 3841 Market St #113, Denton, TX  76209.",Ginger Beer products might contain ginger juice that did not undergo the required pasteurization process.,Texas and California,All Use By Dates up to 6/14/26.
422,20260204,H-0436-2026,Weaver's Brew LLC,Terminated,Class II,Food,"Goldenroot Lemon Double Ginger, Ginger Beer.  12 oz. (355 ml)  UPC 8 50052-32819 1.  Keep Cold.  Manufactured
By Goldenroot, 3841 Market St #113, Denton, TX  76209.",Ginger Beer products might contain ginger juice that did not undergo the required pasteurization process.,Texas and California,All Use By Dates up to 6/14/26.
423,20260204,H-0434-2026,"SUPERFOODS, INC.",Completed,Class I,Food,"a.) Live it Up brand Super Greens; Natural Wild Berry Flavor; Chlorella, Spirulina, Wheatgrass, Kale,
Broccoli, Spinach, Barley grass, Moringa, Parsley; Whole food dietary supplement powder; 30 day supply; NET
WT. 9.49oz (269.16g); Manufactured for Superfoods, Inc.; UPC: 860013190811  b.) Live it Up brand Super Greens;
Natural Wild Berry Flavor; Chlorella, Spirulina, Wheatgrass, Kale, Broccoli, Spinach, Barley grass, Moringa,
Parsley; Whole food dietary supplement powder; 30-0.32oz (9g) STICKS - NET WT. 9.52oz (270g); Manufactured for
Superfoods, Inc.; UPC: 850077468070",Products may be contaminated with Salmonella Typhimurium,"Nationwide, including Puerto Rico, Guam, and Virgin Islands; United Kingdom","The lot code is printed on the bottom back of the packaging in black and begins with the letter ""A"".   Expiration dates from 08/2026 to 01/2028.   2024 Lots: A24G012, A24I036, A24J005, A24J032, A24J037, A24K028, A24L014, A24L019, A24L032  2025 Lots: A25A005, A25A058, A25B006, A25D010, A25D036, A25D041, A25E008, A25F021, A25H009, A25H030, A25H045, A25I011, A25J036, A25K035  Stick Pack Products: 32925-1, 34525-1"
424,20260204,H-0421-2026,"Plant Based Innovations, LLC",Terminated,Class II,Food,"HIGHER HARVEST by H-E-B brand; Dairy Free Coconut Based YOGURT; STRAWBERRY; YOGURT ALTERNATIVE; NET WT 5.3 OZ;
INGREDIENTS: COCONUT MILK (WATER, COCONUT CREAM, MODIFIED TAPIOCA STARCH), STRAWBERRIES, CANE SUGAR, WATER,
STARCH, NATURAL FLAVOR, FRUITS AND VEGETABLE JUICE (FOR COLOR) LOCUST BEAN GUM, LEMON JUICE CONCENTRATE, LIVE
AND ACTIVE CULTURES, VITAMIN B12; CONTAINS: COCONUT",Contains undeclared Almonds,TX,Lot 322 Expiration: 1/2/2026
425,20260204,H-0435-2026,Weaver's Brew LLC,Terminated,Class II,Food,"Goldenroot Lemon Ginger Elderberry Ginger Beer.  12 oz. (355 ml)  UPC 8 50052-32818 4.  Keep Cold.
Manufactured By Goldenroot, 3841 Market St #113, Denton, TX  76209.",Ginger Beer products might contain ginger juice that did not undergo the required pasteurization process.,Texas and California,All Use By Dates up to 6/14/26.
426,20260204,H-0420-2026,NEW WAY IMPORT INC,Ongoing,Class III,Food,"Preserved Mustard in Soybean Oil; original packaging is predominantly green with gold accents and black
Chinese lettering.  UPC: 6 927393 804265",Undeclared allergen ingredient (wheat).,Product was distributed to 23 retail locations in California.,Expiration date: MAY-20-2026
427,20260204,H-0427-2026,"Prima Vera Nueva, Inc.",Ongoing,Class II,Food,"BBQ Chipotle Bean & White Cheddar Tamales  Ingredients: Organic Corn Flour Masa, Beans, Jack Cheese
(Pasteurized Milk, Cheese Cultures, Salt and Enzymes), Salsa (Tomatoes, Onions, Chiles, Garlic & Cilantro),
Butter, Non-GMO Corn, Salt, Spices, Baking Powder (Sodium Acid Pyrophosphate, Sodium Bicarbonate, Corn Starch
and Monocalcium Phosphate).  Microwave: In husk approx. 90 seconds per tamale. Steam: In husk approx. 15
minutes.  Primavera 17070 Sonoma Hwy. Sonoma, CA 95476 (707) 939-9350 Perishable Keep Refrigerated Net Wt.
24oz.  UPC: 748732000256",Potential contamination with biological hazards (Listeria monocytogenes).,"U.S. Distribution: CA, NV",UPC: 748732000256
428,20260204,H-0426-2026,"Prima Vera Nueva, Inc.",Ongoing,Class II,Food,"Mushroom, Spinach & Salsa Tamales No Dairy  Ingredients: Organic Corn Flour Masa, Mushrooms, Spinach,
Tomatoes, Onions, Jalapenos, Non-hydrogenated Vegetable Shortning, Salt, Spices, Baking Powder.  Microwave: In
husk approx. 90 seconds per tamale. Steam: In husk approx. 15 minutes.  Primavera 17070 Sonoma Hwy. Sonoma, CA
95476 (707) 939-9350 Perishable Keep Refrigerated Net Wt. 24oz.  UPC: 748732000317",Potential contamination with biological hazards (Listeria monocytogenes).,"U.S. Distribution: CA, NV",UPC: 748732000317
429,20260204,H-0418-2026,QUTEN RESEARCH INSTITIUTE LLC,Ongoing,Class II,Food,"Qunol, Extra Strength Turmeric Capsule, 1000mg ,HDPE bottle with cap, BIO7771   120 count bottle, BIO7772 120
count bottle ,BIO8281 60 count bottle   .",Mold contamination detected for raw material lots that were produced in July and used in finished goods.,"The product was distributed to the following states: TX, FL, CA, NC, MI, MN, VA, NJ, MA, OH, IL,AL, CT, TN, NY, MO, PA, RI, SC, OK, GA, MN, WI, NV, IN, IA, CO, LA, NC, OR, KY, DE,",Part Number      Lot 12811C120      BIO7771 12811C120BJ     BIO7772 12811C60      BIO8281
430,20260204,H-0422-2026,"Mount Olive Pickle Company, Inc.",Ongoing,Class II,Food,"Hannaford hamburger dill pickle chips 16 FL OZ (1 PT) 473mL glass jar. UPC 0 41268 14889 9 DISTRIBUTED BY:
HANNAFORD BROS. CO. SCARBOROUGH, ME 04074",Glass in Pickles. The firm received complaints of glass found in the product.,Product was shipped to warehouses in ME & NY.,1PD2585D 02:39 BEST IF USED BY MAR 03 2028
431,20260204,H-0437-2026,Weaver's Brew LLC,Terminated,Class II,Food,"Goldenroot Lemon Ginger Hibiscus Ginger Beer.  12 oz. (355 ml)  UPC 8 50052-32821 4.  Keep Cold.  Manufactured
By Goldenroot, 3841 Market St #113, Denton, TX  76209.",Ginger Beer products might contain ginger juice that did not undergo the required pasteurization process.,Texas and California,All Use By Dates up to 6/14/26.
432,20260204,H-0425-2026,"Prima Vera Nueva, Inc.",Ongoing,Class II,Food,"Roasted Pumpkin & White Cheddar Tamales  Ingredients: Organic Corn Flour Masa, Pumpkin, Green Chile, Sharp
Cheddar Cheese (Pasteurized Milk, Cheese Cultures, Salt and Enzymes), Butter, Salt, Spices, Baking Powder
(Sodium Acid Pyrophosphate, Sodium Bicarbonate, Corn Starch and Monocalcium Phosphate). Contains Milk
Microwave: In husk approx. 90 seconds per tamale. Steam: In husk approx. 15 minutes.  Primavera 17070 Sonoma
Hwy. Sonoma, CA 95476 (707) 939-9350 Perishable Keep Refrigerated Net Wt. 24oz.  UPC: 748732000263",Potential contamination with biological hazards (Listeria monocytogenes).,"U.S. Distribution: CA, NV",UPC: 748732000263
433,20260128,H-0416-2026,White Castle System,Terminated,Class I,Food,"White Castle Original Sliders, Net Wt. 6.35 oz. (180g), packaged as a 4-count carton, each containing 2-Two
Packs. UPC 082988029693, packed 6 cartons per case.",Undeclared allergens (milk and soy).,"IL, OH, TX","Lot Codes: 9H203521, 9H203522 Best By: 18APR2026"
434,20260128,H-0409-2026,"Gregory's Foods, Inc",Ongoing,Class I,Food,"Gregory's Foods Bag Full of Cookies, White Chocolate Macadamia Nut, frozen cookie dough.  Net Wt 2 lbs 8.5 oz
(1148g).   UPC 8 30825-00124 7.   Keep Frozen.  Gregory's Foods, Inc., 1301 Trapp Road, Eagan, MN  55121.",Undeclared peanuts.,"MN, ND, NE, WI",Lot # 120625190 Best By 12/6/2026
435,20260128,H-0415-2026,CATAO MARKET LLC,Terminated,Class II,Food,"Mini Gaceniga Authentic Cuban Loaf Cake Classic (Net Wt. 12 oz (340g)) packaged in wax paper, placed in clear
bag and packed in cardboard carton. 12/ 12 oz per master case.",Undeclared colors FD&C Yellow #5,Product distributed only in FL.,Product identified by Best By dates (12/18/2025 through 03/18/2026)
436,20260128,H-0411-2026,GOLD STAR DISTRIBUTION INC,Ongoing,Class II,Food,"All human food products distributed from the firm.  Including but not limited to:  snack foods, candy, gum,
cooking oil, canned fruit and beans, honey, Dietary supplements, peanut butter, oatmeal, rice, dry peas and
beans, ramen, cold cereal, hot sauce, lemon juice, crackers, canned sardines tuna and Oyster, sauces,
seasonings, sugar, bottled and canned beverages, coffee and filters and creamer, tea bags, canned pasta,
dates, flour, baby food",Potential exposure of rodents and rodent activity in the distribution center.,"IN, MN, ND",all codes of products purchased from this firm.
437,20260128,H-0406-2026,Southern Rocklobster LTD USA,Ongoing,Class II,Food,"Australian Greenlip Abalone, Frozen, 9 pieces, Net Wt. 23.5 OZ UPC:  9335533013342",Potential Listeria Monocytogenes contamination,Product was distributed to one customer in multiple locations throughout California.,Lot# 5996 Best Before: 29/11/2027
438,20260128,H-0458-2026,Lily's Bakery Factory,Terminated,Class II,Food,"Cuban Crackers Galletas Cubanas, Net Wt 8Oz (226g). Distributed by Best Floridian, LLC. UPC 5700300060","Undeclared colors FD&C yellow #5, FD&C yellow #6, and FD&C red 40",Product was only distributed in Florida.,Expiration 05/01/2026
439,20260128,H-0412-2026,CATAO MARKET LLC,Terminated,Class II,Food,"Gacen¿iga Authentic Cuban Loaf Cake Classic (Net Wt. 24 oz (680g)) packaged in wax paper, placed in clear bag
and packed in cardboard carton. 12/ 24 oz per master case.",Undeclared colors FD&C Yellow #5,Product distributed only in FL.,Product identified by Best By dates (12/18/2025 through 03/18/2026)
440,20260128,H-0407-2026,Anthony's BBQ,Terminated,Class I,Food,"Anthony's Barbecue & Dip-It Sauce, 15 oz. (425g) glass bottle, UPC 6 89076 62272 1. Anthony's BBQ Sauce PO Box
3239 Harbor, OR 97415.  The ingredients statement on the recalled bottle is declared as ""***Ingredients:
Tomatoes, Brown Sugar, Distilled Water, Distilled Vinegar, Garlic, Onion, Liquid Smoke, Salt, Mustard Seed,
Natural Flavor, Corn syrup, Turmeric, Paprika, Pepper, Hydrolyzed soy protein, Caramel color, 1/10 of 1%
Benzoate of Soda***.",Undeclared allergen (fish). Anthony's Barbecue & Dip-It Sauce label does not declare Worcestershire (Anchovy).,Distributed only in OR.,None
441,20260128,H-0414-2026,CATAO MARKET LLC,Terminated,Class II,Food,"Mini Gaceniga Authentic Cuban Loaf Cake Raisins (Net Wt. 12 oz (340g)) packaged in wax paper, placed in clear
bag and packed in cardboard carton. 12/ 12 oz per master case.",Undeclared colors FD&C Yellow #5,Product distributed only in FL.,Product identified by Best By dates (12/18/2025 through 03/18/2026)
442,20260128,H-0457-2026,Bakkavor,Ongoing,Class II,Food,"MEAL SIMPLE RED LENTIL DAL SOUP NET WT. 16 OZ (1 LB) 454g UPC 1 97870 07333 0 MADE WITH PRIDE AND CARE FOR
H-E-B-, SAN ANTONIO, TEXAS 78204",Undeclared Milk.  Wrong product in container.,All product was shipped to one distribution center in TX.,Lot: 882428 Best By Date 1/11/2026
443,20260128,H-0413-2026,CATAO MARKET LLC,Terminated,Class II,Food,"Gaceniga Authentic Cuban Loaf Cake Raisins (Net Wt. 24 oz (680g)) packaged in wax paper placed in clear bag
and packed in cardboard carton. 12/ 24 oz per master case.",Undeclared colors FD&C Yellow #5,Product distributed only in FL.,Product identified by Best By dates (12/18/2025 through 03/18/2026)
444,20260121,H-0389-2026,"GUSTO GROUP, INC.",Terminated,Class II,Food,"Shrimp Paste (Klong Kone) 'M' ,  16 oz, 24 count , PLastic Jar,  24 packages/ case",Product tested high for lead.,"The recalled product was distributed to the following states: IA, NJ",DPA159  Shrimp Paste (Klong Kone) 'M'
445,20260121,H-0394-2026,Sanders Candy Factory Inc,Ongoing,Class II,Food,Frosted Almond; 20 lbs (bulk);  No UPC#  Bulk Product Code: 23208,elevated levels of aflatoxin,"Product was distributed to one customer. Problem was identified by customer, and no affected product was distributed to consumers.",Lot codes: 058.25 & 070.25
446,20260121,H-0393-2026,Organic Living Superfoods Llc,Ongoing,Class I,Food,Healthy Truth brand Moringa Powder; 5lb and 20lb,Products may be contaminated with Salmonella Richmond.,"MD, NC, WA, CT, PA",TBD
447,20260121,H-0400-2026,Troemner Farm,Terminated,Class I,Food,"Troemner Family Farm Pfeffernusse Cookies, 6oz and 12oz bags","undeclared soy, wheat, milk",MI,product does not have lot or best by code
448,20260121,H-0395-2026,"Ukrop's Homestyle Foods, LLC",Ongoing,Class II,Food,"Ukrop's 6"" Pound Cake with Buttercream Icing/Confetti NET WT 30 OZ (1.88lb/851g) CONTAINS: Egg, Milk, Wheat
Made in a production area that also uses soy and tree nuts. UPC 7 22515 91849 5 Ukrop's Homestyle Foods, LLC
Richmond, VA 23","Undeclared Soy. Label did not include soy, which was used in product.",Product was shipped to VA & WV.,BEST BY 12/15/25
449,20260121,H-0399-2026,Fran's Chocolates Ltd,Terminated,Class I,Food,"Fran s PureBar Almondmilk Chocolate 46% Madagascar Plant-Based, net wt. 1.1oz, UPC 7 49668 24280 2.
Ingredients: Sugar, cocoa butter, cocoa beans, almonds, sunflower lecithin, vanilla extract. May contain
traces of milk, peanuts and sesame. Fran's Chocolates, Ltd. Seattle, WA 98108.",undeclared hazelnut.,"Distributed in CO, MA, NV, WA and online at www.frans.com",None
450,20260121,H-0404-2026,Herbs Forever,Terminated,Class I,Food,HerbsForever- Gastro Care; Ayruvedic Herbal Supplement; 90 VEGE Capsules; Extract 800 MG each capsule. UPC: 8 07814 00124 3,Potential undeclared allergen ingredient (Wheat),Product is sold primarily on-line nationwide.,Batch: 124-4 Expiration date: 1/2029
451,20260121,H-0390-2026,"GUSTO GROUP, INC.",Terminated,Class II,Food,"DPA161 Shrimp Paste (Klong Kone) 'L'  ,  32 oz, 12 count  , PLastic Jar,  12 packages / cases",Product tested high for lead.,"The recalled product was distributed to the following states: IA, NJ",DPA161 Shrimp Paste (Klong Kone) 'L'
452,20260121,H-0387-2026,Mangalm LLC,Ongoing,Class II,Food,"Tops Mixed Fruit Jam  INGREDIENTS: Sugar, Mixed Fruit Pulp 48% (Apple, Pear, Guava, Pineapple, Banana, Mango,
Grapes, Papaya), Gelling Agent (Pectin - INS 440), Acidity Regulator (Citric Acid - INS 330), Preservative
(Sodium Benzoate - INS 211, Potassium metabisulphite - INS 224), Food Colour (Carmoisine - INS 122), Nature
Identical Flavouring Substances (Apple & Pineapple) & Artificial Flavouring Substances (Banana, Raspberry &
Strawberry).  Allergen Advice: Contains Sulphite, May Contain Soy & Wheat.  PRODUCT OF INDIA  Brand Owned &
Mktd. by: G.D. Foods Mfg. (I) Pvt. Ltd. C-1/119, Janak Puri, New Delhi - 110058 (INDIA)  Mfd. by: G.D. Foods
Mfg. (I) Pvt. Ltd. Plot No. SP-15&16. RIICO Industrial Area, Neemrana-301705, Dist. - Kotputli-Behror,
Rajasthan (INDIA)  Imported and Distributed by: Mangalm LLC California, USA Email: info@mangalm.com Phone:
925-302-6025  UPC: 8 904288 626025 Batch No.: 4F1101 Best Before: 10.06.26 NET QTY.: 16.75 oz (475g)",Unapproved color (carmoisine).,U.S. distribution: CA Foreign distribution: None,UPC: 8 904288 626025 Batch No.: 4F1101 Best Before: 10.06.26
453,20260121,H-0396-2026,"Ukrop's Homestyle Foods, LLC",Ongoing,Class II,Food,"Ukrop's 6"" Pound Cake with Buttercream Icing/Pink Roses NET WT 44 OZ (2.75lb/1.25kg) CONTAINS: Egg, Milk,
Wheat Made in a production area that also uses soy and tree nuts. UPC 7 22515 91452 7 Ukrop's Homestyle Foods,
LLC Richmond, VA 23230","Undeclared Soy. Label did not include soy, which was used in product.",Product was shipped to VA & WV.,BEST BY 12/15/25
454,20260121,H-0402-2026,One Roof LLC,Ongoing,Class I,Food,"Atwater's, Holiday Cookie Tin, 19.65 ounces, Round metal tin with a window lid","Undeclared tree nut allergens: almonds, pecans, and walnuts.",The recall product was distributed to the following state: MD,no code
455,20260121,H-0397-2026,"Ukrop's Homestyle Foods, LLC",Ongoing,Class II,Food,"Ukrop's 6"" Pound Cake with Buttercream Icing/Red Roses NET WT 30 OZ (2.06lb/936g) UPC 7 22515 91452 7 and
Ukrop's 8"" Pound Cake with Buttercream Icing/Red Roses NET WT 44 OZ (2.75lb/1.25kg) UPC 7 22515 91456 5
CONTAINS: Egg, Milk, Wheat Made in a production area that also uses soy and tree nuts. Ukrop's Homestyle
Foods, LLC Richmond, VA 23230","Undeclared Soy. Label did not include soy, which was used in product.",Product was shipped to VA & WV.,BEST BY 12/15/25
456,20260121,H-0401-2026,"AZ Gems, Inc.",Ongoing,Class II,Food,"Jumbo RAW SHRIMP, All Natural, Chemical Free, No artificial ingredients, NET WT. 32 OZ (2 LB) 907g UPC: 1 93968 00697 6",elevated levels of chloramphenicol in frozen shrimp,Product was shipped nationwide and distributed exclusively under the Member's Mark label.,Product Codes: 231874 4D20 & 231874 4D21 Best By: 4/19/2026 & 4/20/2026
457,20260121,H-0384-2026,"House Of Flavors, Inc.",Completed,Class II,Food,"1972 Banana Pudding Ice Cream, 3 GAL, UPC 0 75196 00556 6",Undeclared soy lecithin,AL AZ CT GA IA IL IN KY MI MN MO NC NJ NY OH TN TX VA,"Lot numbers: 22236, 23175, 24019, 24051, 25070, 25247"
458,20260121,H-0403-2026,"WFM Purchasing, LP",Ongoing,Class I,Food,Brussel Sprouts & Kale Slaw,Undeclared Fish and Egg Allergen,"New York, New Jersey and Virginia",No code
459,20260121,H-0386-2026,Mangalm LLC,Ongoing,Class II,Food,"Tops Strawberry Jam  INGREDIENTS: Sugar, Strawberry Pulp 30%, Gelling Agent (Pectin - INS 440), Acidity
Regulator (Citric Acid - INS 330), Preservative (Sodium Benzoate - INS 211, Potassium Metabisulphite - INS
224), Food Colour (Carmoisine - INS 122), Nature Identical Flavouring Substances - Strawberry.   Allergen
Advice: Contains Sulphite, May Contain Soy & Wheat.  PRODUCT OF INDIA  Brand Owned & Mktd. by: G.D. Foods Mfg.
(I) Pvt. Ltd. C-1/119, Janak Puri, New Delhi - 110058 (INDIA)  Mfd. by: G.D. Foods Mfg. (I) Pvt. Ltd. Plot No.
SP-15&16. RIICO Industrial Area, Neemrana-301705, Dist. - Kotputli-Behror, Rajasthan (INDIA)  Imported and
Distributed by: Mangalm LLC California, USA Email: info@mangalm.com Phone: 925-302-6025  UPC: 8 904288 626322
Batch No.: 4F1101 Best Before: 10.06.26 NET QTY.: 16.75 oz (475g)",Unapproved color (carmoisine).,U.S. distribution: CA Foreign distribution: None,UPC: 8 904288 626322 Batch No.: 4F1101 Best Before: 10.06.26
460,20260121,H-0385-2026,ASK Foods Inc,Terminated,Class III,Food,"Publix Rice & Pigeon Peas, Net Wt 32 oz (2lb), Plastic tray with clear lid, black film, and a pre-printed
label. 6 (2lb) containers per case .",Undeclared Allergen (Soy),"The adulterated product was distributed to one state, FL","5387-4, 5387-5, & 5387-6"
461,20260121,H-0398-2026,WhiteWave - Louisville Pilot Plant,Terminated,Class II,Food,"So Delicious Dairy Free Salted Caramel Cluster Cashewmilk, Non-Dairy Frozen Dessert, One Pint (473 mL). UPC
744473 476138. Manufactured By/For So Delicious Dairy Free Eugene, OR 97402  So Delicious Dairy Free Salted
Caramel Cluster Cashewmilk, Non-Dairy Frozen Dessert. Net wt. 500mL. UPC 744473 276134. Product of the U.S.A.
Distributed by Danone Inc., Boucherville, Quebec J4B 1E6",Foreign material,Distributed in the U.S. nationwide and in Canada.,"***In the US*** All Best By dates from 11 DEC 2025 and before 8 AUG 2027  S05-33 25218 20:05  S05-33 is the Plant Code, 25 is the Year, 218 is the Julian Date, 20:05 is the Time of fill.  ***In Canada*** BB: 14 Feb 2026 BB: 13 Apr 2026  BB: 14 May 2026  BB: 4 Jun 2026  BB: 31 Jul 2026 BB: 13 Aug 2026  BB: 2 Jan 2027  BB: 3 Jan 2027  BB: 4 Jan 202,  BB: 19 Jun 2027  BB: 20 Jun 2027 BB: 21 Jun 2027  BB: 9 Jul 2027 BB: 10 Jul 2027"
462,20260121,H-0388-2026,EUREKA INC,Ongoing,Class II,Food,"Cinnamon, Clear Plastic Container, 100G,  UPC 6251136 034139",Elevated levels of lead.,a total of 11 retail and 1 wholesale customers across two states (California and Michigan),"Lot code: Batch No.: 06 B:02, Best by date: May 2026."
463,20260121,H-0383-2026,"House Of Flavors, Inc.",Completed,Class II,Food,"2248 Banana Pudding Ice Cream, 3 GAL, UPC 7 65265 81237 8",Undeclared soy lecithin,AL AZ CT GA IA IL IN KY MI MN MO NC NJ NY OH TN TX VA,"Lot numbers: 23222, 23283, 24019, 24051, 24248, 25070, 25247"
464,20260121,H-0405-2026,Herbs Forever,Terminated,Class I,Food,HerbsForever- Hingwastika Churna ; Ayruvedic Herbal Supplement; 90 VEGE Capsules; 100 GMS UPC: 8 07814 00622 4,Potential undeclared allergen ingredient (Wheat),Product is sold primarily on-line nationwide.,Batch: 622-2 Expiration date: 6/2029
465,20260114,H-0366-2026,D. Coluccio & Sons Inc.,Terminated,Class II,Food,Sapori Amaretti Almonds 175 g Cookies,Contains elevated levels of hydrocyanic acid,"NY, NJ, GA, CA",Lot L355122 1 - Best Before Date: 02.05.2026 LotL355246 1 - Best Before Date: 03.09.2026
466,20260114,H-0360-2026,Rovira Biscuit Corporation,Terminated,Class II,Food,"Vanilla Econo, Galletas de Vainilla, 8 paquets per Net Wt. 9.6 oz box (272 g), 6 box per case. UPC 072981005022","Undeclared colors FD&C Yellow #6, and FD&C Red 40","GA, TX, MA, IL, MD, USVI and Puerto Rico. Foreign Panama and BVI",Lot numbers:  11625 12725 21325 40725 50625 52625 60925 71525 80425 91624 91825 92925 103025 111124 111325 112524 121624 062425
467,20260114,H-0376-2026,McCain Foods USA Inc,Terminated,Class II,Food,"Sysco Imperial Potato Tater Barrel, item number 1000006067. Frozen potato product is packaged in 6/5 lb. clear
unlabeled poly bags per case. UPC 1 07 34730 62740 0.  Distributed by Sysco Corporation, Houston, TX. Product
of U.S.A.",Clear hard plastic fragments.,"Distributed in AK, AZ, CA, CO, FL, HI, IA, ID, IL, KS, KY, LA, MI, MN, MO, MS, MT, NE, NM, ND, NV, OR, TX, UT, WA, WI.","Batch Codes: 1005482717, 1005483735, 1005484702, 1005485462, 1005485660  Production Dates: 11505 R, 11605 R, 11705 R, 11705 R, 11805 R  11805 R represents date 10/18/2025 and R is Plant Identifier for McCain Burley."
468,20260114,H-0352-2026,Lund Food Holdings Inc,Terminated,Class I,Food,"Lunds & Byerlys Monster Cookies, Net Wt 10.0 oz (284g).. UPC 0 18169-66862 7.  Lunds & Byerlys, Edina, MN  55424","Undeclared allergens (Peanut, Egg, Soy)",MN,Lot 501301
469,20260114,H-0354-2026,Fresh & Ready Foods LLC,Terminated,Class II,Food,"Spicy Breakfast Burrito, Sprig & Sprout brand, Ready to Eat. Refrigerated. Net wt. 9.1oz. UPC 100001000297,
SS00297v02. Fresh & Ready Foods, 701 Monster Rd, Renton, WA 98057.",Foreign material.,Distributed in OR and WA.,LPK1WA336 Best By: 12 DEC
470,20260114,H-0381-2026,"GBC Food Services, LLC",Ongoing,Class I,Food,EverRoast Chicken Caesar Salad 850042244142 Net Wt: 8.5 oz (255g),Potential presence of Listeria monocytogenes.,Kentucky and Indiana,UPC 850042244142  Best By 11/9/2025-11/22/2025
471,20260114,H-0351-2026,Town Food Service Equip Co Inc,Ongoing,Class II,Food,"Town Food Service EQ CO Inc. brand Aluminum Sauce Pans in 1QT, 1.5QT, 2 QT, and 3QT sizes; UPC Codes:
843784003559, 843784003566, 843784003573, 843784003580",Product found to contain leachable lead levels.,"AL, AR, AZ, CA, CO, FL, GA, IL, KY, LA, MA, MD, ME, MI, MN, MO, MS, NC, NJ, NM, NV, NY, OH, OK, PA, RI, SC, SD, TN, TX, UT, VT, WA, WV, Puerto Rico and Quebec City , Canada",No other coding.
472,20260114,H-0371-2026,"Ambriola Co., Inc., The",Completed,Class I,Food,"Sam's Pecorino Romano grated, 1.5 lb Plastic Bags, 12 units per case",Product tested positive for Listeria Monocytogenes.,"The recalled product was distributed to the following states: AZ, CA, CO, CT, DE, FL, GA, IL, IN, MA, ME, NJ, NY, OH, OR, PA, TX, VA, WA, WI",Lot number(s):  1000570107 1000570766 1000572513
473,20260114,H-0377-2026,ZIYAD BROTHERS IMPORTING,Terminated,Class II,Food,"Baraka French Style Puff Pastry 1lb and 1.5lbs sizes, UPCs 8 22514 28540 3 and 8 22514 28550 2, both sizes 12
retail units per wholesale case",May contain partially hydrogenated oils,Nationwide,LOT 165024 EXP 13.JUN.2026 LOT 352024 EXP 17.DEC.2025 LOT 048025 EXP 17.FEB.2027 LOT 146025 EXP 26.MAY.2027 LOT 164024 EXP 12.JUN.2026 LOT 097025 EXP 07.APR.2027
474,20260114,H-0353-2026,Fresh & Ready Foods LLC,Terminated,Class II,Food,"Spicy Veggie Breakfast Burrito, Fresh to You, Ready to Eat, Refrigerated. Net wt. 9.1oz. UPC 100000010310,
LPK110310V06. Fresh & Ready Foods, 701 Monster Rd, Renton, WA 98057",Foreign material.,Distributed in OR and WA.,LPK1WA336 Best By: 12 DEC
475,20260114,H-0375-2026,McCain Foods USA Inc,Terminated,Class II,Food,"Ore-Ida Tater Tots shaped potatoes, item number OIF00215A. Frozen potato product is packaged in clear
unlabeled poly bag per case. Net wt. 30 lbs. UPC 1 00 72714 00215 8. McCain Foodservice Solutions.",Clear hard plastic fragments.,"Distributed in AK, AZ, CA, CO, FL, HI, IA, ID, IL, KS, KY, LA, MI, MN, MO, MS, MT, NE, NM, ND, NV, OR, TX, UT, WA, WI.","Batch Codes: 1005479808, 1005477924, 1005478883, 1005480444, 1005480875, 1005481627, 1005481770  Production Dates: E 20271009, E 20271010, E 20271011, E 20271012, E 20271013, E 20271014"
476,20260114,H-0379-2026,DIRECT SOURCE SEAFOOD LLC,Terminated,Class II,Food,"waterfront BISTRO brand Frozen Raw Shrimp EZ PEEL SHELL & TAIL ON Colossal 8-12 Count per Lb. Net wt. 32oz
(2LB). Product is packaged in white flexible plastic pouch with multicolored labeling. UPC is 0 21130 13224 9.
Product of Indonesia. DISTRIBUTED BY LUCERNE FOODS, INC. P.O. BOX 99 PLEASANTON, CA 94566.",Shrimp may be contaminated with Cesium-137 (Cs-137).,"Market 32 brand frozen raw shrimp was sold in CT, MA, NH, NY, PA, and VT.  waterfront BISTRO frozen raw shrimp was sold in CO, IA, ID, IL, IN, MT, ND, NV, OR, UT, and WY.",DSBMS2559 25115 S5060-5100 Best If Used By: APR 25 2027  DSBMS2559 25116 S5060-5100 Best If Used By: APR 26 2027  Code is interpreted as follows: DS = Direct Source Seafood BMS = Bahari Makmur Sejati 2559 = code assigned to imported container 25115 = Julian date of production 25116 = Julian date of production S5060-5100 = Plant-specific code
477,20260114,H-0392-2026,MAYEJ COMERCIALIZADORA S. de R.L. de C.V.,Ongoing,Class II,Food,"Italian Parsley packaged in 24lb boxes, 40 bunches per box in plastic.",pathogen Cyclospora cayetanensis,Nationwide,"Factura 154 - 75530 (1434328, 1434330, 1434330, 1434331, 1434332,1434333, 1434334. Factura 168   75613 (1436064, 1436065, 1436066, 1436067, 1436068, 1436069, 1436070, 1436071) Factura 177   75700 (1437701, 1437702, 1437703, 1437704, 1437705, 1437706, 1437707, 1737708)"
478,20260114,H-0372-2026,"Ambriola Co., Inc., The",Completed,Class I,Food,"Boar's Head Pecorino Romano Grated, 5-pound plastic bag (unit)",Product tested positive for Listeria Monocytogenes.,"The recalled product was distributed to the following states: AZ, CA, CO, CT, DE, FL, GA, IL, IN, MA, ME, NJ, NY, OH, OR, PA, TX, VA, WA, WI",Lot number(s):  1000570093 1000570738
479,20260114,H-0378-2026,ZIYAD BROTHERS IMPORTING,Terminated,Class II,Food,"Baraka Gourmet Pastry Kunafe 6.7oz., UPC 822514291060, 18 retail units per wholesale case",May contain partially hydrogenated oils,Nationwide,LOT 164024 EXP 15.JUN.2026 LOT 340024 EXP  07.DEC.2025 LOT 049025 EXP 18.FEB.2027 LOT 155025 EXP 04.JUN.2027
480,20260114,H-0410-2026,South Asian Food Inc.,Terminated,Class I,Food,Bengal King Jhal Chanachur food treats 12.34oz (350gm),Contains undeclared peanuts,"CA, NY, NJ, DE, VA, FL, GA, MA, MD, WI",lot B No.HCNCU1205/24  expiration date of June-2026 UPC:  8941153046243.
481,20260114,H-0369-2026,"Ambriola Co., Inc., The",Completed,Class I,Food,"Pinna Grated Pecorino Romano 2/10, 10-pound plastic bags (units)",Product tested positive for Listeria Monocytogenes.,"The recalled product was distributed to the following states: AZ, CA, CO, CT, DE, FL, GA, IL, IN, MA, ME, NJ, NY, OH, OR, PA, TX, VA, WA, WI",Lot number(s): 1000572486
482,20260114,H-0355-2026,Fresh & Ready Foods LLC,Terminated,Class II,Food,"Spicy Egg Potatoes Cheese Tacos, Fresh to You brand, Ready to Eat, Refrigerated. Net wt. 6.3oz. UPC
100000010389, LPK110369V06. Fresh & Ready Foods, 701 Monster Rd, Renton, WA 98057.",Foreign material.,Distributed in OR and WA.,LPK1WA336 Best By: 12 DEC
483,20260114,H-0382-2026,"GBC Food Services, LLC",Ongoing,Class I,Food,EverRoast Chicken Caesar Wrap 85004224455 Net Wt: 11.25 oz (303g),Potential presence of Listeria monocytogenes.,Kentucky and Indiana,UPC 85004224455  Best By 11/9/2025-11/22/2025
484,20260114,H-0408-2026,Meijer Inc,Terminated,Class II,Food,"Meijer Steam Distilled Water, 128 FL OZ (1 GAL) 3.78L, packaged in a plastic jug with red plastic lid, UPC
041250841197, Dist. By Meijer Distribution, Inc. Grand Rapids, MI 49544, packed 4 per case",Floating black foreign substance in the product,"IL, IN, KY, OH, MI, WI",SELL BY OCT 04 2026 Lot Code: 39-222 #3 Product ID (PID): 472859 Meijer Item Code (MIC): 477910
485,20260114,H-0359-2026,Rovira Biscuit Corporation,Terminated,Class II,Food,"Tempting Crackers Tray, Rovira, 3 foil wrap trays per Net Wt. 8oz box (Net Wt 5 oz trays), 6 box per case. UPC
072981003127  Tempting Crackers, Rovira, 12 packets (Net Wt. 1.0 oz (30 g) bag) per box, 12/ 1.0 oz packets
box, 6/ 12-1oz box per case. UPC 072981003127","Undeclared colors FD&C Yellow #6, and FD&C Red 40","GA, TX, MA, IL, MD, USVI and Puerto Rico. Foreign Panama and BVI",Lot numbers:  10725 21025 31025 50426 50525 63025 70125 80924 91925 111824
486,20260114,H-0357-2026,"Sam Dry Fruits and Nuts Enterprises, Inc",Ongoing,Class I,Food,Sam Dry Fruits & Nuts PISTACHIO Meats Whole LOT #: PK00459 NET WEIGHT: 30 LBS PACK DATE: AUGUST/2025 EXPIRATION DATE: AUGUST/2027,Potential contamination with Salmonella.,U.S. Distribution: None Foreign Distribution: Canada,LOT #: PK00459
487,20260114,H-0361-2026,Rovira Biscuit Corporation,Terminated,Class II,Food,"Vanilla Treats Crackers, Rovira, Net Wt. 31 oz (878.83 g) cans, 6/31oz cans per case.  Mini Vanilla Treats,
Rovira, 12 to go packs (0.8oz (22.7g) each), Net Wt 9.6 oz (272g), 6/9.6oz boxes per case. UPC072981005374","Undeclared colors FD&C Yellow #6, and FD&C Red 40","GA, TX, MA, IL, MD, USVI and Puerto Rico. Foreign Panama and BVI",Lot numbers: 6/31 oz cans 11625 12725 21325 30325 40725 42926 50625 52625 60925 62425 70125 71525 80425 91624 91825 92925 103025 111124 111325 112524 112525 121624  Lot number: 6/9.6oz  11625 12725 21325 30325 40725 42926 50625 52625 60925 62425 70125 71525 80425 91624 91825 92925 103025 111124 111325 112524 112525 121624
488,20260114,H-0358-2026,Rovira Biscuit Corporation,Terminated,Class II,Food,"Snack Crackers 100to en boca (ciento en boca) Rovira, Net Wt. 1.5 oz, 12 pack Snack Crackers to go, 12 packets
(Net Wt 1.5 oz bag) per box, 12/ 1.5 oz packets box, 6 box per case. UPC 072981023064  100to en boca (ciento
en boca), Rovira, Net Wt. 7 oz, 7 pack Snack Crackers to go, 7 packets (Net Wt 1 oz bag) per box, 18/7oz box
per case. UPC 072981003035  100to en boca (ciento en boca) Rovira, tray, Net Wt. 18 oz, 6 packets (Net Wt 1.5
oz tray) per box per case. UPC 072981003073","Undeclared colors FD&C Yellow #6, and FD&C Red 40","GA, TX, MA, IL, MD, USVI and Puerto Rico. Foreign Panama and BVI",Lot numbers: 12/ 1.5 oz 11625 12725 21325 40725 50125 52625 60925 62425 71525 80425 91624 91825 92925 103025 111124 111325 112524 121624 011625  Lot numbers: 18/ 7 oz 10825 10925 11025 21125 21225 31425 31725 31825 42225 42325 42425 42525 42926 51225 51325 53025 60225 61725 61825 62025 70125 72425 72925 82125 82225 82825 91824 102125 102225 102325 102425 102725 102825 120924
489,20260114,H-0380-2026,DIRECT SOURCE SEAFOOD LLC,Terminated,Class II,Food,"MARKET 32 by Price Chopper brand, frozen RAW SHRIMP easy peel shell on 26/30 count per pound. Net 16oz.
Product is packaged in a clear flexible plastic package with brown label and blue and green printing. UPC is 0
41735 01358 3.    Product of Indonesia. PROUDLY DISTRIBUTED BY PRICE CHOPPER, INC. SCHENECTADY, NY 12306.",Shrimp may be contaminated with Cesium-137 (Cs-137).,"Market 32 brand frozen raw shrimp was sold in CT, MA, NH, NY, PA, and VT.  waterfront BISTRO frozen raw shrimp was sold in CO, IA, ID, IL, IN, MT, ND, NV, OR, UT, and WY.","DSBMS2557 25112 Best By: 04/22/27 DS503 139 T  DSBMS2557 25113 Best By: 04/23/27 DS503 139 T  DSBMS2557 25114 Best By: 04/24/27 DS503 080 T  DSBMS2558 25116 Best By: 04/26/27 DS504 080 T  DSBMS2558 25117 Best By: 04/27/27 DS504 139 T  Code is interpreted as follows: DS = Direct Source Seafood BMS = Bahari Makmur Sejati 2557 = code assigned to imported container 2558 = code assigned to imported container 25113, 25114, 25116, 25117 = Julian date of production DS503 or DS504 = Plant-specific code"
490,20260114,H-0373-2026,"Ambriola Co., Inc., The",Completed,Class I,Food,"Ambriola Piccante grated Pecorino Romano, 5 and 10-pound plastic bags (units)",Product tested positive for Listeria Monocytogenes.,"The recalled product was distributed to the following states: AZ, CA, CO, CT, DE, FL, GA, IL, IN, MA, ME, NJ, NY, OH, OR, PA, TX, VA, WA, WI",Lot number(s): 1000572981 1000570737 1000570092 1000572487
491,20260114,H-0356-2026,Fresh & Ready Foods LLC,Terminated,Class II,Food,"Eggs Potatoes Cheese Tacos, Evergreen Refreshments brand, Ready to Eat, Refrigerated. Net wt. 6.3 oz. UPC
100040103898, EG03698v01. Fresh & Ready Foods, 701 Monster Rd, Renton, WA 98057.",Foreign material.,Distributed in OR and WA.,LPK1WA336 Best By: 12 DEC
492,20260114,H-0367-2026,"Ambriola Co., Inc., The",Completed,Class I,Food,"Locatelli Grated Pecorino Romano 4 oz and 8 oz plastic cup & lid, 12 units per case",Product tested positive for Listeria Monocytogenes.,"The recalled product was distributed to the following states: AZ, CA, CO, CT, DE, FL, GA, IL, IN, MA, ME, NJ, NY, OH, OR, PA, TX, VA, WA, WI",Lot Numbers: 1000572472 1000570734 1000570735 1000570736 1000572482 1000572483 1000572485
493,20260114,H-0370-2026,"Ambriola Co., Inc., The",Completed,Class I,Food,"Boar's Head Grated Pecorino Romano, 6 oz Plastic Cup & Lid, 12 units per case",Product tested positive for Listeria Monocytogenes.,"The recalled product was distributed to the following states: AZ, CA, CO, CT, DE, FL, GA, IL, IN, MA, ME, NJ, NY, OH, OR, PA, TX, VA, WA, WI",Lot number(s): 1000572486
494,20260114,H-0362-2026,Rovira Biscuit Corporation,Terminated,Class II,Food,"Vainilla Crackers, Great Value (Galletas Vainilla)8 Foil Packets (17 g each), Net Wt.9.6 oz (272 g) box, 6
boxes per case. UPC 072981005022","Undeclared colors FD&C Yellow #6, and FD&C Red 40","GA, TX, MA, IL, MD, USVI and Puerto Rico. Foreign Panama and BVI",Lot numbers:  11625 12725 21325 30325 40725 42926 50625 52625 60925 62425 70125 71525 80425 91624 91825 92925 103025 111124 111325 112524 112525 121624 011625
495,20260114,H-0368-2026,"Ambriola Co., Inc., The",Completed,Class I,Food,"Locatelli Grated Pecorino Romano, 5 and 10-pound plastic bags (units)",Product tested positive for Listeria Monocytogenes.,"The recalled product was distributed to the following states: AZ, CA, CO, CT, DE, FL, GA, IL, IN, MA, ME, NJ, NY, OH, OR, PA, TX, VA, WA, WI",Lot numbers:  1000570725 1000572476 1000570724 1000572475 1000570726 1000570727 1000572477
496,20260114,H-0363-2026,Rovira Biscuit Corporation,Terminated,Class II,Food,"Tita Crackers Rovira, 3 (1/2 oz (15g) Foil Fresh Packets Net Wt.8 oz (226.8 g) boxes, 6/8oz boxes per case.
UPC 072981005121  Tita Crackers Rovira, Net Wt. 24 oz (680 g) boxes, 6/24 oz boxes per case. UPC 072981005343
Tita Crackers Rovira, Net Wt 24 oz (680 g) cans, 6/24 oz boxes per case.","Undeclared colors FD&C Yellow #6, and FD&C Red 40","GA, TX, MA, IL, MD, USVI and Puerto Rico. Foreign Panama and BVI",Lot numbers: 6/8oz  13125 21025 22425 31725 42125 42926 51925 61625 62325 70125 71425 72225 81125 90225 92225 100725 101424 110625 112224  Lot numbers: 6/24oz  13125 21025 22425 31725 42125 42926 51925 61625 62325 71425 72225 81125 90225 92225 100725 101424 110625 112224 120825  Lot number: 420/24 oz cans 110625
497,20260114,H-0374-2026,"Ambriola Co., Inc., The",Completed,Class I,Food,"Locatelli Grated Pecorino Romano 48/8oz Shipper, Plastic Cup & Lid, 48 units per case",Product tested positive for Listeria Monocytogenes.,"The recalled product was distributed to the following states: AZ, CA, CO, CT, DE, FL, GA, IL, IN, MA, ME, NJ, NY, OH, OR, PA, TX, VA, WA, WI",Lot numbers:  1000570750 1000572499 1000572514
498,20260107,H-0391-2026,Tom Bumble LLC,Ongoing,Class II,Food,"Tom Bumble Nutty Peanut Butter Flake Candy with Peanut & Chocolate GF V. Product is shelf stable, gold foil
wrapping with paper label and cardboard outer box in some cases. Oregon Bark 2630 NE Sandy Blvd. Portland,
Oregon 97232  2 Bars Boxes marked  50/50  or  Nutty  4 Bars Boxes marked  50/50 or  NUTTY  24 count boxes
labeled  Nutty   UPC 852905007024 (1.2oz)  UPC 852905007055 (2.2oz)  UPC 852905007031 (4.5oz)",Foreign material.,Distributed nationwide,Best By dates between 5/21/26 - 6/9/26.
499,20260107,H-0350-2026,Bendon Publishing,Completed,Class III,Food,"1) Paw Patrol Heart-Shaped Gummy Candies, Mixed Fruit, Net Wt. 7 oz (200g), packaged in a cardboard box with
heart-shaped top, UPC 805219643846, Distributed by Bendon, Inc.  2) Mickey Mouse Heart-Shaped Gummies, Mixed
Fruit, Net Wt. 7 oz (200g), packaged in a cardboard box with heart-shaped top, UPC 805219643853, Distributed
by Bendon, Inc.  3) Stitch Heart-Shaped Gummies, Tropical, Net Wt. 7 oz (200g), packaged in a cardboard box
with heart-shaped top, UPC 805219643860, Distributed by Bendon, Inc.  4) SpongeBob Squarepants Heart-Shaped
Gummy Candy, Tropical, Net Wt. 7 oz (200g), packaged in a cardboard box with heart-shaped top, UPC
805219644225, Distributed by Bendon, Inc.  5) Toy Story Multipack Size Gummies, Mixed Fruit, Net Wt. 6.35 oz
(180g), packaged in a plastic bag containing 20 mini size packs (0.4 oz each), UPC 805219643914, Distributed
by Bendon, Inc.",Unapproved color additive - chlorophyllin copper complex,"Distributors in FL, MN, TX, WA",1) Lot# 3514-8A; Best Before 08/19/2027; Internal Item#: PC64384-WMPDQ 2) Lot# 3514-8B; Best Before 08/19/2027; Internal Item#: PC64385-WMPDQ 3) Lot# 3514-8C; Best Before 08/19/2027; Internal Item#: PC64386-WMPDQ 4) Lot# 3514-8D; Best Before 08/19/2027; Internal Item#: PC64422-WMPDQ 5) Lot# 3514-8E; Best Before 08/19/2027; Internal Item#: PC64391-WMPDQ
500,20260107,H-0349-2026,INDIAN COOKWARE AND APPLIANCE LLC,Ongoing,Class II,Food,ALUMINIUM HAMMERED KADAI SIZE 7 8 901000 000057 MADE IN INDIA,Potential contamination due to leachable lead.,U.S. Distribution: CA,UPC: 8 901000 000057
