date,buyer_country,supplier_country,buyer,supplier,buyer_address,supplier_address,notify_party,notify_address,manufacturer,origin_country,destination_country,port_of_loading,port_of_discharge,hs_code,product_description,shipping_marks,quantity,quantity_unit,weight_kg,amount_usd,bill_number,container_number,brand
2026-01-06,美国,中国,GUANGZHOU BUTONG IMPORT & EXPORT TRADE CO LTD,GUANGZHOU BUTONG IMPORT & EXPORT TRADE CO LTD, C/O FBA401 INDEPE NDENCE ROAD , ROOM 616 NO 2 JI NKENG GUANGXING HONGMIAN ROAD NANC ,N/A,N/A,,"CN, CHINA",,"SHENZHEN,YANTIAN","NEW YORK,NY",854340,STONE METAL FENCE,NO MARKS,102.0,CTN,1674.0,0.0,AMZDCN25IP6FCV3I,CAIU9395768,
2026-01-06,美国,中国,STARS AND STRIPES TRADE INC,GUANGZHOU XINHE PACKAGING PRODUCTS CO LTD,453 S SPRING ST STE 400 LOS ANGELESCA 90013 , NO 10 PACIFIC 7TH ROAD XINTANG ZENGCHENG DISTRICT GUANGZ HOU CITY ,STARS AND STRIPES TRADE INC,453 S SPRING ST STE 400 LOS ANGELESCA 90013 ,,"CN, CHINA",,SHANGHAI,LOS ANGELES,392220,PLASTIC BAG,NO MARKS,1109.0,CTN,17200.0,0.0,KSCNKSI25120340,GESU6863235,
2026-01-06,美国,中国,ECHOHAVEN MILL GLOBAL LINK CO LTD,GUANGZHOU GANCAN TRADE CO LTD, 1224 FERN RIDGE PKWY STE 302 SAINT LOUIS MO 6314 SAINT LOUIS MISSOUR I 63141 US , SHOP 51 NO 34 QIUYUE STREET QIAO CHENG ROAD HAIZHU DISTRICT GUANGZH OU CITY GUANGZHOU CN ,N/A,N/A,,"CN, CHINA",,SHANGHAI,"NEW YORK,NY",847990,TRASH CAN HS CODE:,NO MARKS,718.0,CTN,10621.0,0.0,SKEMZG2512070092,OOLU6974993,
2026-01-06,美国,中国,URBANHAVEN LIVING INC,GUANGZHOU ZHUO RUI SMART HOME TECHNOLOGY CO LTD,33 WINTERFIELD RD , ROOM 911 912 NO 8 PAZHOU AVENUE EA ST HAIZHU DIST ,URBANHAVEN LIVING INC,33 WINTERFIELD RD ,,"CN, CHINA",,"SHENZHEN,YANTIAN","NEW YORK,NY",300230,MIRROR MEDICINE CABINETS HS CODE,.,1210.0,CTN,12550.0,0.0,CHQFHHX25110228,FSCU8305113,
2026-01-06,美国,中国,,GUANGZHOU GO JUDY TRADE CO LTD,N/A, NO 605 NO 263 GAOTANG ROAD TIANHE DISTRICT GUANGZHOU CITY 510000 ,N/A,N/A,,"CN, CHINA",,DALIANXINGANG,Baltimore,940161,"DINING CHAIR,TABLE,BAR STOOL","WHS-102811-41564029,WHS-102811-41564018,WHS-1",90.0,CTN,1895.0,0.0,CGGMHSK0518550,MSKU1141288,
2026-01-06,美国,中国,MASLKATY DISTRIBUTION INC,FENGYI GUANGZHOU INTERNATIONAL E C D,41-14B MAIN ST STE B26 FLUSHING NY 11355 US ,ROOM 406 NO 40 DAJINZHONG RD JINGTAI STREET BAIYUN DISTRICT GUANGZHOU GD CHINA ,MASLKATY DISTRIBUTION INC,41-14B MAIN ST STE B26 FLUSHING NY 11355 US ,,"CN, CHINA",,SHANGHAI,LONG BEACH,610821,KNIT MENS PANTS,NO MARKS,4310.0,CTN,7476.0,0.0,SZQEMNGLU2511202,SMCU1107946,
2026-01-06,美国,中国,STARS TRADE INC,GUANGZHOU ISSYZONE TECHNOLOGY CO LTD,1331 PORTO GRANDE DR UNIT 5 DIAMONDBAR CA 91765 , UNIT J101 NO 31 FIFTH XICHA ROAD BAIYUN DISTRICT GUANGZHOU ,STARS TRADE INC,1331 PORTO GRANDE DR UNIT 5 DIAMONDBAR CA 91765 ,,"CN, CHINA",,"SHENZHEN,YANTIAN","NEW YORK,NY",853990,LAMP THIS SHIPMENT DOES NOT CONTAIN SOLID WOOD PACKING MATERIALS,NO MARKS,1052.0,PKG,10930.0,0.0,OSTISZNYC25C5192,OOLU9642333,
2026-01-06,美国,中国,RISING INDUSTRIAL CO LTD,GUANGZHOU FUYOU IMPORT & EXPORT TRADE CO LTD, 4195 CHINO HILLS PKWYSTE E132 CHINOHILLS CA 9170991709 , ROOM 605 RONGHUIB UILDING NO 302 ZHICHENG AVENUE G UANGZHOU ECONOMIC AND ,RISING INDUSTRIAL CO LTD, 4195 CHINO HILLS PKWYSTE E132 CHINOHILLS CA 9170991709 ,,"CN, CHINA",,"SHENZHEN,YANTIAN","NEW YORK,NY",611512,HOSE,NO MARKS,682.0,CTN,6800.0,136000.0,CHIASEF251123375,UETU6427060,
2026-01-06,美国,中国,HORIZON INTERNATIONAL TRADE INC,GUANGZHOU TOKER TRADE CO LTD,ADD50 W SAN FERNANDO ST SAN JOSE CA 95113 , ADDNO 101 DE XING ROAD WANG GANG JIA HE STREET BAI YUN DISTRICT GU ANGZHOU CHINA ,HORIZON INTERNATIONAL TRADE INC,ADD50 W SAN FERNANDO ST SAN JOSE CA 95113 ,,"CN, CHINA",,"SHENZHEN,YANTIAN","NEW YORK,NY",392690,PLASTIC BEADS,NO MARKS,1141.0,CTN,18713.0,0.0,MFNOMF25111311,SEGU4743338,
2026-01-06,美国,中国,SAINT GOBAIN ABRASIVES INC,GUANGZHOU QIANYANG METALS MACHINE,351 STORES STREET STOREHOUSE 8 , RM 808 G-2 NO 26 CHENYUE ROAD HAIZHU DISTRICT GUANGZHOU CHINA ,N/A,N/A,,"CN, CHINA",,XIAMEN,"NEW YORK,NY",691490,FUSED ALUMINA ZIRCONIA PACKAGES PALLETS,P.O.NO.4503908614,19.0,PKG,19380.0,0.0,CHSL534688604XMN,TLLU2872930,
2026-01-06,美国,中国,ARZNWZZD STRATEGAC INC,GUANGZHOU XIN YUN INTERNATIONAL TRADE CO LTD,6203 SAN IGNACIO AVE NUM 110 SAN J OSE CA 95119 , ROOM B405 NO 25 YUENA SOUTH STREET HUANGSHA AVENUE LIWAN DIST RICT GUANGZHOU ,ARZNWZZD STRATEGAC INC,6203 SAN IGNACIO AVE NUM 110 SAN J OSE CA 95119 ,,"CN, CHINA",,"SHENZHEN,YANTIAN","NEW YORK,NY",847480,POWER OUTLET HS CODE THIS SHIPMENT CO NTAINS NO SOLID WOOD PACKING MATERIALS,.,46.0,PKG,26210.0,0.0,WAZRWTNYC512105,CSNU1639737,
2026-01-06,美国,中国,DESIGNPAC GIFTS,KOYEE GUANGZHOU TRADE CO LTD,2457 WEST NORTH AVE MELROSE PARK IL UNITED STATES, RM 1008 WEST TOWER TIME SQUARE 3 GUANGZHOU GD CHINA ,1 800 FLOWERS INC,7800 BAYBERRY ROAD SUITE 200 JACKSONVILLE FL UNITED STATES ,,"CN, CHINA",,XIAMEN,"NEW YORK,NY",871500,BABY KEEPSAKES SET SHIPPER STATES THAT THIS SHIPMENT CONTAINS NO WOOD PACKAGING MATERIALS,"DESIGNPAC GIFTS , LLC. PURCHASE ORDER #: IPO087790 DESIGNPAC ITEM #: REU195007997 DESCRIPTION: BABY KEEPSAKES SET W/BOX&RSC BLUE CTN #: OF 104 QTY PER CARTON: 6 SETS VENDOR: KOYEE MADE IN: CHINA DESIGNPAC GIFTS , LLC. PURCHASE ORDER #: IPO087790 DESIGNPAC ITEM #: REU195007383 DESCRIPTION: BABY KEEPSAKES SET W/BOX&RSC -PINK CTN #: OF 104 QTY PER CARTON: 6 SETS VENDOR: KOYEE MADE IN: CHINA",208.0,CTN,2038.0,0.0,OOLU2164728770,OOLU0453030,
2026-01-06,美国,中国,FANDOME INC,GUANGZHOU MANCHESTER UNITED PLASTIC PRODUCTS CO LTD,7175 W JEFFERSON AVE STE 2450LAKEWOOD CO 80235 DENVER CO 80235 US ,NO 27 QINGYI STRE ET FUBEI ROAD BEICUN GUANGZHOU C N ,FANDOME INC,7175 W JEFFERSON AVE STE 2450LAKEWOOD CO 80235 DENVER US ,,"CN, CHINA",,"SHENZHEN,YANTIAN","NEW YORK,NY",853949,LAMPS THIS SHIPMENT CONTAINS NO SOLID WOOD P ACKING MATERIALS,NO MARKS,730.0,CTN,12510.0,0.0,SHVL2511NYC4539F,DFSU7049705,
2026-01-06,美国,中国,SAKURA NAIL SYSTEM LLC,GUANGZHOU GUANHONG COSMETICS CO LT,214 BEAU TREE DR WILLMINGTON USA DE 19810 US , NO 16 XIAHE ROAD JIANGGAO INDUSTRIAL BAIYUN DISTRICT GUANGZHOU CN ,SAKURA NAIL SYSTEM LLC,214 BEAU TREE DR WILLMINGTON USA DE US ,,"CN, CHINA",,"SHENZHEN,YANTIAN","NEW YORK,NY",960329,UN NO.: IMO CLASS.: NAIL POLI SH KIT DIP POWDER COLOR BOOK UV GEL POLISH COLOR CHART PARAFFIN MACHINE NAIL LAMP P EDICURE KIT,NO MARKS,1345.0,CTN,17002.0,0.0,TSIJTSL25120117,TEMU6279562,
2026-01-06,美国,中国,GQWE HONOR TRADE CO LTD,GUANGZHOU GANCAN TRADE CO LTD, 177 S PECKHAM RD AZUSA CALIFORNIA 91702 US , SHOP 51 NO 34 QIUYUE STREET QIAO CHENG ROAD HAIZHU DISTRICT GUANGZH OU CITY GUANGZHOU CN ,N/A,N/A,,"CN, CHINA",,"SHENZHEN,YANTIAN","NEW YORK,NY",420292,BACKPACK HS CODE:,NO MARKS,992.0,CTN,11658.0,0.0,SKEMZG2512030031,FFAU6894297,
2026-01-06,美国,中国,ARYXALOR BRYXALOR CYXALITH INC,GUANGZHOU HEHEBA TRADE CO LTD,233 E MAIN ST STE 207 BOZEMAN GALATIN MONTANA 59715 US , ROOM A102 FUN CREATIVE COMMUNITY NO 371JIANPENG ROAD HELONG STREET BAIYUN DISTRICT GUANGZHOU CN ,N/A,N/A,,"CN, CHINA",,"SHENZHEN,YANTIAN","NEW YORK,NY",390799,POLYESTER CARPET HS CODE:,NO MARKS,635.0,PKG,8106.0,0.0,SKEMZG2512010040,TRHU7267493,
2026-01-06,美国,中国,GUANGZHOU AOCHUANSI TECHNOLOGY CO LTD,GUANGZHOU AOCHUANSI TECHNOLOGY CO LTD, C/O FBA24208 SAN MICHELE RD ,169 HAIBIN ROAD NANSHA STREET ROOM 801 D239 ,N/A,N/A,,"CN, CHINA",,SHANGHAI,LOS ANGELES,841899,DOOR HINGES,NO MARKS,56.0,CTN,929.0,0.0,AMZDCN25C4G4VI5R,SEKU4334268,
2026-01-06,美国,中国,ZHUOLIN SERVICE INC,GUANGZHOU HEMAIHEDA TRADE CO LT,4521 CAMPUS DR STE 571 IRVINE CA 92603 IRVINE CALIFORNIA 92603 US , FAZHAN ROAD THE PEARL RIVER RIVER ADMINISTRATIVEDISTRICT NANSHA DIST RICT GUANGZHOU CITY GUANGZHOU CN ,N/A,N/A,,"CN, CHINA",,NINGBO,LONG BEACH,851210,BICYCLE BASKET HS CODE:,NO MARKS,1048.0,CTN,12111.0,0.0,SKEMZG2512140096,SMCU1045968,
2026-01-06,美国,中国,FUYAO AUTOMOTIVE NORTH AMERICA INC,GUANGZHOU FUYAO GLASS COMPANY,909 NORTH SHELDON ROAD PLYMOUTH MI 48170 UNITED STATES , LIMIT NO 1 SOUTH XINYAO ROAD XINTANG TOW GUANGZHOU GD 510000 CHINA ,PHISON INTERNATIONAL INC,SUITE 120 555 WEST PIERCE ROAD ITASCA IL 60143 UNITED STATES ,,"CN, CHINA",,"SHENZHEN,YANTIAN","NEW YORK,NY",700719,TEMPERED SAFETY GLASSTEMPERED SAFETY GLASSTEMPERED SAFETY GLASSTEMPERED SAFETY GLASSTEMPERED SAFETY GLASS,FYGZLRU251121-1 FYGZLRU251121-2 FYGZLRU251121-3 FYGZLRU251121-4 FYGZLRU251121-5NO MARKSNO MARKSNO MARKSNO MARKS,375.0,PKG,96398.0,0.0,COSU6436169670,"TIIU5352550,FSCU8925177,OOCU8810740,TGHU6678477,FFAU2299510",
2026-01-06,美国,中国,GUANGZHOU YUEFA E COMMERCE CO LTD,GUANGZHOU YUEFA E COMMERCE CO LTD, C/O FBA24208 SAN MICHELE RD , NO 109 BUILDING 2 NO 967 TIANYUAN ROAD ,N/A,N/A,,"CN, CHINA",,"SHENZHEN,YANTIAN",LOS ANGELES,830250,TENSIONER OIL PAN ENGINE BRACKET SENSOR BEARING,NO MARKS,47.0,CTN,868.0,0.0,AMZDCN25JTJBMYYB,EGHU9482272,
2026-01-06,美国,中国,AST BEARINGS LLC,GUANGZHOU ZHIKAI IMPORT & EXPORT,55 SAMUEL BARNET BOULEVARD NEW BEDFORD MA 02745 US ,1708 ZHONG JING BUILDING 2ND OF NO 406 HUA SUI SUIROAD,N/A,N/A,,"CN, CHINA",,SHANGHAI,"NEW YORK,NY",848250,BEARINGS /BUSHINGS,NO MARKS,71.0,CTN,1318.0,0.0,DFDSRAF0064292,HAMU2112302,
2026-01-06,美国,中国,MORRIS TRADE CO LTD,GUANGZHOU COUNSELOR TRADE CO LT, 202 N CEDAR AVE SUITE #1 OWATONNA OWATONNA MINNESOTA 55060 US , ROOM 313 NO 2 YUNQUANZHI STREET GUANGYUAN EASTROAD YUEXIU DISTRICT GUANGZHOU CITY GUANGZHOU CN ,N/A,N/A,,"CN, CHINA",,"SHENZHEN,YANTIAN","NEW YORK,NY",842832,STORAGE BUCKET HS CODE:,NO MARKS,745.0,PKG,12075.0,0.0,SKEMZG2512010042,OOCU7504560,
2026-01-06,美国,中国,GUANGZHOU MANJIE TRADE CO LTD,GUANGZHOU MANJIE TRADE CO LTD, C/O FBA4121 COYOTE CANYON ROAD , RM 205 BLDG E D51 SCI & TECH PARK NO 1 SHITAN EAST ROAD ,N/A,N/A,,"CN, CHINA",,NINGBO,LOS ANGELES,820411,PLASTIC CONTAINER BOX,NO MARKS,1021.0,CTN,16336.0,0.0,AMZDCN25LSUUY3E4,FANU1429228,
2026-01-06,美国,中国,MENDOZA RETAIL LLC,GUANGZHOU JIUYOU TRADE CO LTD,200W 3RD ST STE100 NEWPORT KY 4107 1 , ROOM 302-3 BUILDING A NO 2 DONGPI NG DONGKENG STREET YONGPING STREET BAIYUN DISTRICT ,MENDOZA RETAIL LLC,200W 3RD ST STE100 NEWPORT KY 4107 1 ,,"CN, CHINA",,SHANGHAI,LOS ANGELES,731300,PLASTIC FITNESS HOOP,NO MARKS,668.0,CTN,13264.0,0.0,SZQNSSZ25124903,ECMU7141883,
2026-01-06,美国,中国,MASLMIO TRADE INC,GUANGZHOU SHIYUANSHI INTERNATIONAL,41-14B MAIN ST STE B26 FLUSHING NY 11355 UNITED STATES ,322 401 FOURTH FLOOR NO 28 JIANZHONG ROAD TIANHE DISTRICT GU ANGZHOU,MASLMIO TRADE INC,41-14B MAIN ST STE B26 FLUSHING NY 11355 UNITED STATES ,,"CN, CHINA",,SHANGHAI,LONG BEACH,610311,BOYS CASUAL SUITS,NO MARKS,776.0,CTN,7469.0,0.0,SZQEMNGLU2511207,SMCU1202753,
2026-01-06,美国,中国,QUANTUMHARBOR TECHNOLOGIES INC,GUANGZHOU LONGYIGOU INTERNATIONAL TRADE CO LTD,461 W WOODBURY ROAD UNIT #709 ALTADENA CA 91001 , ROOM 101 NO 67 ME NGTIAN STREET HUANGPU DISTRICT GU ANGZHOU CITY ,QUANTUMHARBOR TECHNOLOGIES INC,461 W WOODBURY ROAD UNIT #709 ALTADENA CA 91001 ,,"CN, CHINA",,"SHENZHEN,YANTIAN","NEW YORK,NY",630252,TABLE,N/A,136.0,CTN,12120.0,0.0,GUGWMC251200422,TCKU7958331,
2026-01-06,美国,中国,HOSSEN TRADE LIMITED,GUANGZHOU KERUI INNOVATION TECH CO LTD, C/O FBA 401 INDEPENDENCE ROAD , ROOM 1906 NO 68 HUADI AVEN UE MIDDLE LIWAN DISTRICT GUANGZHO ,LINGOO TRADE LIMITED, C/O AMAZON C OM SERVICES INC 401 INDEPENDENCE R OAD ,,"CN, CHINA",,"SHENZHEN,YANTIAN","NEW YORK,NY",843320,"STORAGE BAG FOAM CUTTER GYM BAG TRAVEL DUFFEL BAGS CANVAS BAG WRITEBORAD SET ROOF TAPE CONNECTION LINE PAINT SET WATER HOSE ACRYLIC PHOTO FRAME HOT MELT GLUE RAIN CHAIN RV SEALANT WATER PUMP RV SURGE PROTECTOR CHEST WADERS GYMNASTIC RINGS ROTARY CUTTER FLY FISHING VEST TRANSFORMER,CHARGER SOCKET PANEL,KAYAK COVER,PRESSURE REDUCING VALVE",NO MARKS,125.0,CTN,1845.0,0.0,AMZDCN25SADBELDO,CAIU9395768,
2026-01-06,美国,中国,JINDIAN PACKAGING INC,GUANGZHOU NEW SMART TECHNOLOGY CO LTD,235 KNAPP AVE FOR MOREHEAD KY 4035 1 , UNIT2223 22/F YANS TOWER 25-27 WONG CHUK HANG ROAD ABERDEEN HK ,JINDIAN PACKAGING INC,235 KNAPP AVE FOR MOREHEAD KY 4035 1 ,,"CN, CHINA",,"SHENZHEN,YANTIAN","NEW YORK,NY",481960,STORAGE BOX,NO MARKS,937.0,CTN,13320.0,0.0,SXYHARISE2512009,OOCU7039685,
2026-01-06,美国,中国,AZMERE USA INC,GUANGZHOU GLORY IMPORT & EXPORT CO LTD,1220 BROADWAY NEW YORK NY-10001U SA1347208-5128 , ROOM 1216 NO 136 YINGBIN AVENUE HUADU DISTRICT GUANGZHOUCI TY GUANGDONG PROVINCE CHINA ,AZMERE USA INC,1220 BROADWAY NEW YORK NY-10001U SA1347208-5128 ,,"CN, CHINA",,"SHENZHEN,YANTIAN","NEW YORK,NY",330790,PERFUMERY PRODUCTS,NO MARKS,1532.0,CTN,25331.0,0.0,TXSLSZF25120131,TCNU1178414,
2026-01-06,美国,中国,URBANHAVEN LIVING INC,GUANGZHOU ZHUO RUI SMART HOME TECHNOLOGY CO LTD,33 WINTERFIELD RD , ROOM 911 912 NO 8 PAZHOU AVENUE EA ST HAIZHU DIST ,URBANHAVEN LIVING INC,33 WINTERFIELD RD ,,"CN, CHINA",,"SHENZHEN,YANTIAN","NEW YORK,NY",300230,MIRROR MEDICINE CABINETS HS CODE,.,1311.0,CTN,13650.0,0.0,CHQFHHX25120045,TCNU6694780,
2026-01-06,美国,中国,GUANGZHOU DEJUN INVESTMENT CO LTD,GUANGZHOU DEJUN INVESTMENT CO LTD, C/O FBA5990 N CAJON BLVD , 421 LAI KING ROAD NORTH LAI CHENG STREET ,GUANGZHOU DEJUN INVESTMENT CO LTD, 421 LAI KING ROAD NORTH LAI CHENG STREET ,,"CN, CHINA",,"SHENZHEN,YANTIAN",LOS ANGELES,480240,PEEL AND STICK WALLPAPER,FBA194W75530,23.0,CTN,389.0,0.0,AMZDCN253JJ2K6JO,EITU9304292,
2026-01-06,美国,中国,SHENZHEN AGEXING CO LTD,AUWEY TECHNOLOGY GUANGZHOU CO, C/O FBA 24208 SAN MICHELE RD ,L TD HUANGPU AVENUE ROOM 714 NO 656 ,N/A,N/A,,"CN, CHINA",,"SHENZHEN,YANTIAN",LOS ANGELES,950629,SURFBOARD TRACTION PAD SURFBOARD LEASH,NO MARKS,30.0,CTN,318.0,0.0,AMZDCN25ZCBW3VQP,EITU9181048,
2026-01-06,美国,中国,ALEATY INC,GUANGZHOU BEI NUO YI TRADE CO,18421 BUTTONWOOD LN ROWLAND HGHTS CALIFORNIA 91748 US ,L 4 /F NO 8 SYNTHETIC SOUTH ROAD SH ILING TOWNHUADU DISTRICT GUANGZHOU CN ,PRIME EVERY WEEK INC,9630 OAK ST BELLFLOWER US ,,"CN, CHINA",,"SHENZHEN,YANTIAN","NEW YORK,NY",481960,STORAGE BOX,NO MARKS,1115.0,CTN,17960.0,0.0,PLGJSZ25118561,EGSU1313032,
2026-01-06,美国,中国,FURNIZON GROUP,GUANGZHOU JONATHAN TRADE CO LTD, CORP 3827 N LAFAYETTE ST STE 132 DENVER CO 80205 , SHOP 101 NO 17 BEIZHAN ROAD YUEXI U DISTRICT GUANGZHOU CITY ,FURNIZON GROUP, CORP 3827 N LAFAYETTE ST STE 132 DENVER CO 80205 ,,"CN, CHINA",,"SHENZHEN,YANTIAN","NEW YORK,NY",732290,"FAN SHIPPER DECLARE THAT THIS SHIPMENT CONTAINS SOLID WOOD PACKING MATERIALS,BUT HAS BEEN FUMIGATED",NO MARKS,1886.0,PKG,27780.0,0.0,VIFCVITFE2512083,EISU8253941,
2026-01-06,美国,中国,GUANGZHO USA NGMEI CULTURE MEDIA CO LTD,GUANGZHO USA NGMEI CULTURE MEDIA CO LTD, C/O FBA550 OAK RIDGE ROAD , ROOM 818 8 FLOOR NO 1498 FA NGHUA ROAD RENHE VILLAGE ,N/A,N/A,,"CN, CHINA",,"SHENZHEN,YANTIAN","NEW YORK,NY",392030,BANNER TABLE MATS STOVE MAT KEYBOARD MAT,NO MARKS,7.0,CTN,115.0,0.0,AMZDCN25ES32NATM,CAAU6185549,
2026-01-06,美国,中国,GLOBAL TEST SUPPLY LLC,GUANGZHOU LANDTEK INSTRUMENTS CO,312 RALEIGH ST STE 9 ,L 3RD FLOOR SHAWEI INDUSTRIAL ZONE NO 5 HAILONG R HAIZHONG VILLAGE ZHONGNAN STREET LIWAN DISTRICT ,GLOBAL TEST SUPPLY LLC,312 RALEIGH ST STE 9 ,,"CN, CHINA",,"SHENZHEN,YANTIAN","NEW YORK,NY",901730,ULTRASONIC THICKNESS GAUGE SHORE HARDNESS TESTER GLOSS METER,GLOBAL ????,41.0,CTN,659.0,0.0,TTOGSHP00297307,TXGU5506670,
2026-01-06,美国,中国,BEST IN TECH INC,GUANGZHOU CHUANGHONG ELECTRONICS CO LTD,170 CIRCLE DR N PISCATAWAY NJ 08854 US , B2 SANJIANG ROAD INDUSTRY DONGJING VILLAGE HUADU DISTRICT GUANGZHOU CHINA CN ,BEST IN TECH INC,170 CIRCLE DR N PISCATAWAY NJ 08854 US ,,"CN, CHINA",,"SHENZHEN,YANTIAN","NEW YORK,NY",852729,FM RADIO WITH SPEAKER CHARGING CABLE,NO MARKS,963.0,CTN,9994.0,0.0,ACUCTSZ25110047,EGSU1821692,
2026-01-06,美国,中国,YUANWEI TRADE LIMITED,GUANGZHOU TIANYI INFORMATION TECHNOLOGY CO LTD, 1055 WILSHIRE BLVD 900B LOS ANGELESCA 90017 , ROOM 309 NO 6 W ANGGANG INDUSTRIAL 2ND ROAD BAIYUN DISTRICT GUANGZHOU 510000 ,YUANWEI TRADE LIMITED, 1055 WILSHIRE BLVD 900B LOS ANGELESCA 90017 ,,"CN, CHINA",,SHANGHAI,LOS ANGELES,481960,STORAGE BOX/WOMAN TOP,NO MARKS,1025.0,CTN,17300.0,0.0,KSCNKSI25120347,TCNU9980072,
2026-01-06,美国,中国,H G WEBER&CO INC,GUANGZHOU MIGHTY DRAGON PACKAGING M,COMPANY 4863 HANOVERVILLE RD STE B BETHLEHEM PA 18020 ATTN : MR RONALD REESETEL:+1-920-894-2221 ,BUILDING A101 NO 23 LIANGDIHOUDI YUAN KENGTOU VILLAGE NANCUNTOWN PAN YU DISTRICT GUANGZHOU ,PROAMPAC BETHLEHEM,4863 HANOVERVILLE RD STE B BETHLEHEM PA 18020 ATTN : MR RONALD REESE TEL:+1-920-894-2221,,"CN, CHINA",,"SHENZHEN,YANTIAN","NEW YORK,NY",847439,"SHAFLESS UNWIND STAND MODEL SL- S/NO: THIS SHIPMENT CONTAINS SOLID WOOD PACKING MATERIALS,BUT HAS BEEN FUMIGATED.",PAC WORLDWIDE CORPORATION,1.0,PKG,4280.0,0.0,OERT210742Y00001,TLLU4258751,
2026-01-06,美国,中国,KMCC INC,GUANGZHOU W Q S INTERNATIONAL TRADEO LTD,18351 COLIMA RD 425ROWLAND HEIGHT S CA 91748 ,306 NO 90 FENGLE SOUTH ROAD HUANGPU DISTRICT GUANGZHOU GUANGDON ,KMCC INC,18351 COLIMA RD 425ROWLAND HEIGHT S CA 91748 ,,"CN, CHINA",,Pusan,"NEW YORK,NY",420299,LDPE PLASTIC BAGS,NO MARKS,2250.0,CTN,11085.0,0.0,SFOKTAO25110991,FFAU4832589,
2026-01-06,美国,中国,PKMI CREEK INC,GUANGZHOU CHAOYAN TRADE LTD,13402 YORBA AVE CHINO CA 91710 UNITED STATES OF CHINO CA91710 US ,NO 44 BANGNAN STREET BAIYUN DIST GUANGZHOU GD 510080 CHINA GUANGZHOU GD510080 CN ,PKMICREEK INC,13402 YORBA AVE CHINO CA 91710 UNITED STATES OF CHINOCA91710 US ,,"CN, CHINA",,SHANGHAI,LOS ANGELES,851621,STORAGE BAGS,NO MARKS,970.0,CTN,15158.0,0.0,PPILS2CM945684,TRHU6494300,
2026-01-06,美国,中国,GERGTK WOOTUNMAN LLC,GUANGZHOU BAMING SCIENCE AND TECHNO,1121 SE BROADWAY DR LEES SUMMIT MO 64081 US ,ROOM 1508 NO 1068 XINGANG EAST R OAD HAIZHU DISTRICT GUANGZHOU CN ,TRESTLE TRANS INC,4740 GREEN RIVER RD #113D CORONA US ,,"CN, CHINA",,SHANGHAI,"NEW YORK,NY",940490,BEDDING,NO MARKS,1912.0,CTN,9222.0,0.0,CIECCA25121544,CAAU5771191,
2026-01-06,美国,中国,PROYAFASHION INC,GUANGZHOU HAOXIANG LEATHER PRODUCTS NO,317 VANDERVOORT AVE BROOKLYN NEW YORK NY 11211 NEW YORK 11211 US ,5 JIANDONG ROAD FLOOR 2&3 SHI L ING TOWN HUADUDISTRICT GUANGZHOU CN,N/A,N/A,,"CN, CHINA",,"SHENZHEN,YANTIAN","NEW YORK,NY",420232,HANDBAG THIS SHIPMENT CONTAINS NO SOLID WOOD PACKING MATERIALS,NO MARKS,652.0,CTN,14257.0,0.0,SXCOSZOE25112016,FSCU8139305,
2026-01-06,美国,中国,MONARCH TRADE CO LTD,GUANGZHOU LANTU CHUANGTUO IMPORT & EXPORT TRADE CO LTD, 12362 BEACH BLVD STE 33 STANTON CA 90680 , ROOM 30 1 BUILDING 1 KENGKOU ELECTRONIC D IGITAL BASE NO 9 HUAXI ROAD ,MONARCH TRADE CO LTD, 12362 BEACH BLVD STE 33 STANTON CA 90680 ,,"CN, CHINA",,"SHENZHEN,YANTIAN","NEW YORK,NY",392220,PLASTIC BULB,NO MARKS,864.0,CTN,11805.0,0.0,MFNOMF25111308,OOCU5890253,
2026-01-06,美国,中国,SCLONGER INC,GUANGZHOU HEMAIHEDA TRADE CO LT,314 BERTRAM AVE STATEN ISLAND NY 1 0312 US , ROOM 241 FLOOR 2 NO 3 1ST LANE FAZHAN ROAD THE PEARL RIVER RIVER ADMINISTRATIVE DISTRICT NANSHA CN ,SCLONGER INC,314 BERTRAM AVE STATEN ISLAND NY 1 0312 US ,,"CN, CHINA",,XIAMEN,"NEW YORK,NY",392010,PLASTIC FILM TOPPER DIGITAL PIANO METAL LANTERN WITH GLASS FLOOR MAT,NM,1111.0,PCS,13400.0,0.0,RSLCZG2512030041,EISU8350751,
2026-01-06,美国,中国,FUTURE TRADE INC,GUANGZHOU ISSYZONE TECHNOLOGY CO,13350 ARVIDSON RD CHINO CA 91710 CHINO CALIFORNIA 91710 US ,L UNIT J101 NO 31 FIFTH XICHA ROAD BAIYUN DISTRICT GUANGZHOU CN ,N/A,N/A,,"CN, CHINA",,"SHENZHEN,YANTIAN","NEW YORK,NY",853990,LAMP,NO MARKS,922.0,CTN,11445.0,0.0,SZLOVLSZ25111034,EMCU1562416,
2026-01-06,美国,中国,GUANGZHOUAODUNDIANZISHANGWU YOUXIAN GONGSI CO FBA5990 N CAJON,JIANGSU LIYANG SMART HOME CO LTD,BLVD , NO 330 INDUSTRIAL CONCENTRATION ZONE QIUJI TOWN ,N/A,N/A,,"CN, CHINA",,NINGBO,LOS ANGELES,761300,COMPRESSED SOFA,NO MARKS,126.0,CTN,2205.0,0.0,AMZDCN25RBEV5WVG,MRSU7719203,
2026-01-06,美国,中国,RARLON INC,GUANGZHOU HUAMINGHU DEP ST CO LTD,2501 CHATHAM RD STE 5350 SPRINGFIELD IL 62704 , C71301 3RD FLOOR NO 597 SHIMAXIAHUA1ST ROAD JUNHE STREET BAIYUN GUANGZHOU 510440 ,RARLON INC,2501 CHATHAM RD STE 5350 SPRINGFIELD IL 62704 ,,"CN, CHINA",,"SHENZHEN,YANTIAN","OAKLAND, CA",940140,SOFA,NO MARKS,280.0,CTN,18676.0,0.0,WMSRL2JEO5120122,ECMU5511295,
2026-01-06,美国,中国,GUANGZHOU BENSE LIGHT CO LTD,GUANGZHOU BENSE LIGHT CO LTD, C/O F BA6120 CLINKER DRIVE , HUADUQU ZHANQIANLU 26HAO ZHISAN 40 6 SHI ,GUANGZHOU BENSE LIGHT CO LTD, HUADUQU ZHANQIANLU 26HAO ZHISAN 40 6 SHI ,,"CN, CHINA",,"SHENZHEN,YANTIAN",LOS ANGELES,853949,"MM LAMPS, CM LAMPS",N/A,62.0,CTN,936.0,0.0,AMZDCN257KGAGIFH,TGBU6302868,
2026-01-06,美国,中国,NEW WORLD CREATION INC,GUANGZHOU WODE TEXTILE GARMENT CO,OF NEW YORK 610 GRAND AVE RIDGEFIELD NJ 07657 ,6F NO 27 MAIN WORKSHOP LIXIN 12THR OAD XINTANG TOWN ZENGCHENG DISTRIC T GUANGZHOU TEXTILE GARMENT CO L ,NEW WORLD CREATION INC,OF NEW YORK 610 GRAND AVE RIDGEFIELD NJ 07657 ,,"CN, CHINA",,"SHENZHEN,YANTIAN","NEW YORK,NY",640520,WOMEN WOVEN VEST WOMEN WOVEN SKIRT WOMEN WOVEN PANTS WOMEN WOVEN SHORTS,NO MARKS,1402.0,CTN,10515.0,0.0,QAAWAD11009014A,SELU4517728,
2026-01-06,美国,中国,WORLDTRADE PARTNERS TRADE INC,GUANGZHOU DAY DAY TRADE CO LTD,601 S FIGUEROA ST LOS ANGELES CALIFORNIA 90017 US , NO 13 HAILIN ROAD DAO VILLAGE LAN KAI TOWNNANHAI DISTRICT GUANGZHOU CN ,WORLDTRADE PARTNERS TRADE INC,601 S FIGUEROA ST LOS ANGELES US ,,"CN, CHINA",,"SHENZHEN,YANTIAN","NEW YORK,NY",270300,LITTER BOX,NO MARKS,688.0,CTN,9090.0,0.0,PLGJSZ25118563,EISU8205178,
2026-01-06,美国,中国,CLEVARA INC,GUANGZHOU MOLA NETWORK TECHNOLOGY C,5441 S MACADAM AVE STE R PORTLAND OR 97239 TEL:7148671109 LEE PORTLAND US ,ROOM 1115 NO 20 QIDE ROAD HELONG STREET BAIYUNDISTRICT GUANGZHOU CITY GUANGZHOU CN ,CLEVARA INC,5441 S MACADAM AVE STE R PORTLAND OR 97239 TEL:7148671109 LEE PORTLAND US ,,"CN, CHINA",,NINGBO,LONG BEACH,848220,GLASS CUP,NO MARKS,1065.0,CTN,13576.0,0.0,NGWICJJ25121754,SMCU1218370,
2026-01-06,美国,中国,CLEAR TOUCH INTERACTIVE INC,GUANGZHOU ERGOENJOY TECHNOLOGY CO,1100 THOUSAND OAKS BOULEVARD GREEN VILLE SOUTH CAROLINA 29607 US ,NO 6 YUNPU ROAD 4TH HUANGPU GUANGZ HOU CN ,CLEAR TOUCH INTERACTIVE INC,1100 THOUSAND OAKS BOULEVARD GREEN VILLE US ,,"CN, CHINA",,"SHENZHEN,YANTIAN",Charleston,902230,PART ( / ) OF X HQ HAND-CRANKED STAND,NO MARKS,112.0,PKG,3572.0,0.0,CWQGESZX2502569B,CMAU6200947,
2026-01-06,美国,中国,NIOURK LLC,GUANGZHOU YUANJUN IMP,PASCAL FROMAGER MBR2915 OGLETOWN RD NO 2463 ,ROOM 103 NO 20 NO 3 WEST LANE TANGXIA ,NIOURK LLC,PASCAL FROMAGER MBR2915 OGLETOWN RD NO 2463 ,,"CN, CHINA",,XIAMEN,"NEW YORK,NY",710410,QUARTZ PRODUCTS,NO MARKS,7.0,PKG,27350.0,0.0,KSHVJX25120012,SEGU2839873,
2026-01-06,美国,中国,JIEGUAN SERVICE INC,GUANGZHOU COUNSELOR TRADE CO LT,4521 CAMPUS DR STE 571 IRVINE CALIFORNIA 92603 US , ROOM 313 NO 2 YUNQUANZHI STREET GUANGYUAN EASTROAD YUEXIU DISTRICT GUANGZHOU CITY GUANGZHOU CN ,N/A,N/A,,"CN, CHINA",,"SHENZHEN,YANTIAN","NEW YORK,NY",844120,SMALL PASTIC BAGS HS CODE:,NO MARKS,867.0,CTN,6809.0,0.0,SKEMZG2512030029,CSNU7103274,
2026-01-06,美国,中国,ICE PLASTIC INC,GUANGZHOU DAWIE IMPORT & EXPORT C,1338W COWLES ST LONG BEACH CA 9081 3 ,ROOM 102 NO 584 BAIYUN AVENUE NOR TH ROAD BAIYUN DISTRICT GUANGZHOU ,ICE PLASTIC INC,1338W COWLES ST LONG BEACH CA 9081 3 ,,"CN, CHINA",,"SHENZHEN,YANTIAN","NEW YORK,NY",621149,WOMEN S JACKET,NO MARKS,1380.0,CTN,16747.0,0.0,NMBHNBME25110147,TCLU6313675,
2026-01-06,美国,中国,YHT TRADE CO INC,FENGYI GUANGZHOU INTERNATIONAL E C D, 1624 MARKET ST STE 226 NO78258DENVERCO80202 ,ROOM 406 NO 40 DAJINZHONG RD JINGTAI STREET BAIYUN DISTRICT GUANGZHOU GD CHINA ,YHT TRADE CO INC, 1624 MARKET ST STE 226 NO78258DENVERCO80202 ,,"CN, CHINA",,SHANGHAI,"NEW YORK,NY",610821,MENS SHORT PANTS,NO MARKS,1857.0,CTN,10874.0,0.0,SZQEMNGLU2511116,OOLU6802398,
2026-01-06,美国,中国,EDIKTED LLC,GUANGZHOU EVERGREEN TRADE SERVICE CO LTD,910 FOULK RD SUITE 201 WILMINGTON DELAWARE 19803 USA , NO E3807-5 GUANGDA FABRIC COMMERCAIL TOWN BAIYUN DIST GUANGZHOU GD 510000 CHINA ,EDIKTED LLC,910 FOULK RD SUITE 201 WILMINGTON DELAWARE 19803 USA ,,"CN, CHINA",,"SHENZHEN,YANTIAN",LONG BEACH,830400,BELT BODYSUIT CARDIGAN CORSET CROP TOP DRESS HOODIE JACKET JEANS KNITTED TOP PANTS POLY BAG ROMPER SHORT JEANS SHORTS SKIRT SKORT STRAPLESS SWEATER SWEATPANTS SWEATSHIRT SWIMWEAR BOTTOM TANK TOP TOP WOMEN S SHIRT HSCODE:,NO MARKS,923.0,CTN,11790.0,0.0,HNLTZS25JA0515,CAAU9563302,
2026-01-06,美国,中国,GUANGZHOU HAODIAN TECHNOLOGY CO,CARTIST AUTOPARTS LIMITED,L TD C/O FBA401 INDEPENDENCE ROAD , RM 1205 12/F TAI SANG BANK BLDG 130-132 DES VOEUX RD CENTRAL ,N/A,N/A,,"CN, CHINA",,"SHENZHEN,YANTIAN","NEW YORK,NY",722920,CAR AIR FILTER CAR DASH MAT CAR STEERING WHEEL COVER,NO MARKS,14.0,CTN,172.0,0.0,AMZDCN253ZAS3ANZ,CAIU9395768,
2026-01-06,美国,中国,TOTO USA INC,TOTO GUANGZHOU CO LTD,1155 SOUTHERN ROAD MORROW GA 30260 US , PLANT NO 2 NO 715 XING NAN ROAD NAN CUN TOWN PANYU GUANGZHOU CITY GUANGDONG 511440 CN ,N/A,N/A,,"CN, CHINA",,HONG KONG,"NEW YORK,NY",871420,FAUCET AND ACCESSORIES HTS:,TOTO U.S.A INC MADE IN CHINA P/NO.1-1,7.0,CTN,67.0,0.0,EXDO61X8155959,TCLU4086588,
2026-01-06,美国,中国,GUANGZHOUMOHANMIYA C O FBA,GUANG ZHOU MO HAN MI YA DIAN ZI SHA NG WU LTD,5990 N CAJON BLVD,ROOM XIANG XUE STREETWEST 299 ,N/A,N/A,,"CN, CHINA",,"SHENZHEN,YANTIAN",LOS ANGELES,830250,SHELF BRACKET,NO MARKS,442.0,CTN,5774.0,0.0,AMZDCN25KCA32CWA,EGHU9482272,
2026-01-06,美国,中国,BISCUIT TECHNOLOGY LIMITED,GUANGZHOU MIZE TRADE CO LTD, C/O FBA 24208 SAN MICHELE RD , ROOM 605 NO 2817 KAICHUANG AVENUE ,N/A,N/A,,"CN, CHINA",,"SHENZHEN,YANTIAN",LOS ANGELES,760200,PLASTIC CONTAINER,NO MARKS,58.0,CTN,389.0,0.0,AMZDCN25EKKJW3QX,GCXU5333157,
2026-01-06,美国,中国,KMCC INC,GUANGZHOU W Q S INTERNATIONAL TRAD,18351 COLIMA RD #425 ROWLAND HEIGHTS CA 91748 USA ,306 NO 90 FENGLE SOUTH ROAD HUANGPUDISTRICT GUANGZHOU GUANGDONG CHINA,N/A,N/A,,"CN, CHINA",,NINGBO,"NEW YORK,NY",950510,PLASTIC CUP CHRISTMAS TREE,NO MARKS,1304.0,CTN,6865.0,0.0,PPILNB125111953,FANU1090690,
2026-01-06,美国,中国,ARTECH ELECTRONICS HK LIMITED,GUANGZHOU H & F ELECTRONICS TECHNOL OGY CO LTD, C/O F BA4000 SOUTH HAMNER AVENUE , ROOM 101 BUILDING 1 NO 32 NEW STREET XIAOWU NANSHA ,N/A,N/A,,"CN, CHINA",,"SHENZHEN,YANTIAN",LOS ANGELES,851929,RECORD PLAYER,NO MARKS,930.0,CTN,8470.0,0.0,AMZDCN25B7VHQEQO,EMCU1646836,
2026-01-06,美国,中国,PROMEXPLUS LLC,GUANGZHOU HONGBANG LEATHER CO LTD,[KEA] 469 7TH AVENUE SUITE 1241 , NO 93 NANLING EAST ROAD BAIYUN DIC T ,PROMEXPLUS LLC,[KEA] 469 7TH AVENUE SUITE 1241 ,,"CN, CHINA",,SHANGHAI,"NEW YORK,NY",481730,LEATHER WALLET,FSCU8921696,4.0,CTN,38.0,0.0,SDBJ6300597821,FSCU8921696,
2026-01-06,美国,中国,GUANGZHOU SARIYO INC,GUANGDONG VISIDIR CO LTD,C/O FBA 5990 N CAJON BLVD , ROOM 1404 NO 1 SHANGPIN 1ST STREET NANSHA DISTRICT GUANGZHOU ,N/A,N/A,,"CN, CHINA",,"SHENZHEN,YANTIAN",LOS ANGELES,720421,HANDMADE STAINLESS STEEL SINK,NO MARKS,478.0,CTN,7214.0,0.0,AMZDCN253FPF3JWI,EGSU9554674,
2026-01-06,美国,中国,,GUANGZHOU GO JUDY TRADE CO LTD,N/A, NO 605 NO 263 GAOTANG ROAD TIANHE DISTRICT GUANGZHOU CITY 510000 ,N/A,N/A,,"CN, CHINA",,SHANGHAI,"NEW YORK,NY",842860,DINING CHAIR,WHS-102811-41713546,44.0,CTN,813.0,0.0,CGGMSGH5059849,SEKU4635467,
2026-01-06,美国,中国,HEAARTH USA INC,GUANGZHOU YUANLONG TRADE CO LTD,418 BROADWAY STE 10136 ALBANY NY 12207 US , ROOM 401 BUILDING 4 NO 30ZHONGSH AN WEST ROAD GUANGZHOU CN ,N/A,N/A,,"CN, CHINA",,Port of Seattle,"NEW YORK,NY",611599,SOCKS,NO MARKS,1914.0,CTN,8492.0,0.0,TLKPSHAATL5D058X,FSCU8789738,
2026-01-06,美国,中国,SUMIRIKO TENNESSEE INC,SUMIRIKO AUTOMOTIVE GUANGZHOU CO,199 POTTERTOWN ROAD MIDWAY TN 37809 ,NO 331 XINAN ROAD YONGHE ECONOMIC ZGETDD GUANGZHOU CHINA 511356 ,N/A,N/A,,"CN, CHINA",,"SHENZHEN,SHEKOU","HOUSTON,TX",851939,"CUSHION, F TANK BUSH A CONTROL ARM RR BUSH B,CONTROL ARM RR BUSH A UPR ARM BRR BUSH B UPR ARM BRR BUSH B, LWR ARM A RR BUSH B UPR ARM BRR TORQUEROD LWR PALLETS CONTAINNING CARTONS",SRKGZ-DTR INV.NO.SRKGZ2-CG019-250449 C NO. 1-26 MADE IN CHINA,1410.0,PKG,11085.0,0.0,CHSL533515698CAN,FCIU9312123,
2026-01-06,美国,中国,ATI PRODUCTS INC,GUANGZHOU EAGLE ELECTRONIC TECHNOLO,1020 22ND AVE ,4/F NO 6 HUADU DISTRICT LONGNAN RO AD,ATI PRODUCTS INC,1020 22ND AVE ,,"CN, CHINA",,"SHENZHEN,YANTIAN","NEW YORK,NY",722920,CAR LIGHTS,"A&I PO #??MODEL DESCRIPTION :??QUANTITY:??MADE IN CHINA????AS PER PROFORMA INVOICE??GZ250910-149A(PO#617958A)??THAT NON-WOOD PACKING MATERIAL IS USED??HS CODE:85122010,85122090??13PALLETS=201 CARTONS??",201.0,CTN,2998.0,0.0,DMALSZXD20200,TLLU4262540,
2026-01-06,美国,中国,AIP&P INDUSTRIES INC,GUANGZHOU CARRY INT&APOS L FREIGHT,SONWIL DISTRIBUTION CENTER INC 24 75 GEORGE URBAN BLVD DEPEW NY 140 43 ,RM601 NO 19 ZHIHE ALLEY SHANGBU VI LLAGE TONGDEWEI BAIYUN DISTRICT GUANGZHOU CHINA ,N/A,N/A,,"CN, CHINA",,SHANGHAI,"NEW YORK,NY",761410,PVC CORE WHITE;PVC PRESS POLISHED;FULL FACE SILVER SHEET;INDIGO CORE,NO MARKS,43.0,PKG,25725.0,0.0,TXSLJYBUF2511031,ECMU5423363,
2026-01-06,美国,中国,NEBULACREST INC,GUANGZHOU SHENDIANWEI TRADE CO LT,15040 SEVENTH ST #1010 VICTORVILL E CA 92395 CUS VICTORVILLE US , ROOM 4008 BUILDING B NO 140-214 YINGBIN ROAD LUOPU STREET PANYU D ISTRICT GUANGZHOU CITY 511 CN ,N/A,N/A,,"CN, CHINA",,SHANGHAI,"NEW YORK,NY",851830,PHONE CASE,NO MARKS,1041.0,CTN,18230.0,0.0,CGLSCSH25111502,OOCU9716928,
2026-01-06,美国,中国,GUANGZHOUSHI ZHIERCHENG MAOYI CO,GUANGZHOUXIPASHIMAOYIYOUXIANGONGSI,L TD C/O FBA24208 SAN MICHELE RD ,BAIYUNQU SANYUANLIDADAO846HAO ERCENG 234-25FANG ,N/A,N/A,,"CN, CHINA",,"SHENZHEN,YANTIAN",LOS ANGELES,900410,SUNGLASSES,NO MARKS,46.0,CTN,700.0,0.0,AMZDCN257Q34YZBF,TXGU5731644,
2026-01-06,美国,中国,LW BUSINESS INC,GUANGZHOU GANCAN TRADE CO LTD,86 DERFUSS LANE BLAUVELT NY 10913 BLAUVELT NY US , SHOP 51 NO 34 QIUYUE STREET QIAO CHENG ROAD HAIZHU DISTRICT GUANGZ HOU CITY GUANGZHOU CN ,N/A,N/A,,"CN, CHINA",,SHANGHAI,"NEW YORK,NY",851621,STORAGE BASKET HS CODE: RECYCLE WA STE BAG HS CODE:,NO MARKS,524.0,PKG,16336.0,0.0,NPSCSELSHA252575,OOCU6436667,
2026-01-06,美国,中国,FUNCUBIR LTD,GUANGZHOU HAISHI BIOLOGICAL TECHNOL THE 1ST,1614 WELTON ST DENVER CO 80202 ,FLOOR AND 2ND FLOOR NO 10 SONGYUAN ROAD XIAMAO BAIYUNHU STR EET BAIYUN DISTRICT GUANGZHOU ,FUNCUBIR LTD,1614 WELTON ST DENVER CO 80202 ,,"CN, CHINA",,"SHENZHEN,YANTIAN","NEW YORK,NY",330510,SHAMPOO THIS SHIPMENT CONTAINS NO SOLID WOOD PACKING MATERIALS.,NO MARKS,1292.0,PKG,20403.0,0.0,SYLCGZSD25110141,OOCU9043107,
2026-01-06,美国,中国,ATLAS CREST INNOVATIONS INC,GUANGZHOU TIANYI INFORMATION TECHNOLOGY CO LTD,10687 W HIGHWAY 156 WEST FORK AR 7 2774 , ROOM 309 NO 6 W ANGGANG INDUSTRIAL 2ND ROAD BAIYUN DISTRICT GUANGZHOU 510000 ,ATLAS CREST INNOVATIONS INC,10687 W HIGHWAY 156 WEST FORK AR 7 2774 ,,"CN, CHINA",,SHANGHAI,LOS ANGELES,481960,STORAGE BOX/WOMAN TOP,NO MARKS,792.0,CTN,13900.0,0.0,KSCNKSI25120349,CMAU7873480,
2026-01-06,美国,中国,EVERGREEN FOOD TRADE INC,GUANGZHOU RESTAURANT GROUP,59-18 56TH ROAD , LIKOFU NO 565 XINGNAN ROAD NANCUN TOWN PANYU ,EVERGREEN FOOD TRADE INC,59-18 56TH ROAD ,,"CN, CHINA",,"SHENZHEN,YANTIAN","NEW YORK,NY",030624,FROZEN DIMSUM,NO MARKS,1853.0,PKG,15271.0,0.0,SCNAHWSE25110029,OOLU6446050,
2026-01-06,美国,中国,QIANGKUAI SUPPLY CHAIN SERVICES LTD,GUANGZHOU QINGKUAI ELECTRONIC COMME RCE CO LTD,4000 SOUTH HAMNER AVENUE ONTARIO CA91761 US POC2 ,ROOM 3101 383 HANXI ROAD EAST NANCUN TOWN PANYU DISTRICT GU ,MOREAL CORP, 30 N GOULD ST STE R SHERIDAN WY 82 801 OP1@CARGOKARMA COM GERRY@CARGOK ,,"CN, CHINA",,"SHENZHEN,YANTIAN",LOS ANGELES,701790,COOLING RACK GRILL GREASE TRAY SET COFFEE MACHINE FILTER ACCESSORIES ALUMINUM FOIL COVER MASON JAR GLASS JAR GERMINATION TRAY SET SPROUTING TRAYS GLASS COVER HYDROMETER SEEDLING TRAY,NO MARKS,677.0,CTN,10836.0,0.0,AMZDCN25VDV5MFLM,CAAU5764295,
2026-01-06,美国,中国,GUANGZHOU YIHAO XIANGBAO MAOYI YOUXIANGONGSI,GUANGZHOU KERUI INNOVATION TECH CO LTD, ROAD , ROOM 1906 NO 68 HUADI AVEN UE MIDDLE LIWAN DISTRICT GUANGZHO ,LINGOO TRADE LIMITED, C/O AMAZON C OM SERVICES INC 401 INDEPENDENCE R OAD ,,"CN, CHINA",,"SHENZHEN,YANTIAN","NEW YORK,NY",392690,"STORAGE BAG SCISSORS TRAVEL DUFFEL BAGS CANVAS BAG PLASTIC BOX FOAM CUTTER HOT MELT GLUE BEER BARREL TAP BACKPACK LED LIGHTING TIRE LEVER CONNECTION LINE WRITEBORAD SET BARBER APRON HEATER LIGHT BULB PLUG COUPLING LOCK GRIP BELT PAINT SET RV DOOR LOCK RV SURGE PROTECTOR CAMPING FOLDING CHAIR FUSE BOX WATER HOSE,SOCKET WATER PUMP,RV SEWER BRACKET",NO MARKS,131.0,CTN,1965.0,0.0,AMZDCN25SAY2MWAA,TGBU4158999,
2026-01-06,美国,中国,GRANITE CITY ELECTRIC SUPPLY COMPAN,GUANGZHOU PULSAR LIGHTING LTD,19 QUINCY AVENUEQUINCY MA 02169 US,NO 10 DONGXING ROAD CHADONG AVENUE SHIJI TOWN PANYU DISTRICT GUANGZHO U GUANGDONG CN ,N/A,N/A,,"CN, CHINA",,"SHENZHEN,YANTIAN","NEW YORK,NY",900140,"STEEL, GLASS & ACRYLIC PENDANT LIGHT; EXTRA GLASS DISCS HS CODE: , TOT AL: COMPLETE FIXTURE, EXTRA GLASS DISCS , FAUX WOOD CRATES/PALLETS S.T.C BOXS",BLOOM LIGHTING GROUP INC. MAPLEWOOD AT BR EWSTER BL5914,21.0,BOX,583.0,0.0,QWIQATLBOS250442,TRHU8567469,
2026-01-06,美国,中国,GUANGZHOU BIGZ E COMMERCE CO LTD,GUANGZHOU YIZHIQINGNIAO IMPORT & EXPORT CO LT, C/O FBA5990 N CAJON BLVD ,DYING BIN DA DAO 103 HAO ,N/A,N/A,,"CN, CHINA",,"SHENZHEN,YANTIAN",LOS ANGELES,966505,FESTIVAL DECORATIVE GIFT BOXES,NO MARKS,40.0,CTN,823.0,0.0,AMZDCN25P6FD3VMI,TLLU8507750,
2026-01-06,美国,中国,GUANGZHOU YINYOU TRADE CO LTD,GUANGZHOU YINYOU TRADE CO LTD, C /O FBA5990 N CAJON BLVD , ROOM 499 F486 NO 89 YANLING ROAD BAIYUN DISTRICT ,N/A,N/A,,"CN, CHINA",,"SHENZHEN,YANTIAN",LOS ANGELES,392530,VENETIAN BLINDS,FBA194MQ22ZD,40.0,CTN,593.0,0.0,AMZDCN25THDP7FC2,EGHU9150241,
2026-01-06,美国,中国,PILOTAGE SERVICE INC,GUANGZHOU SHENDIANWEI TRADE CO LT,4521 CAMPUS DR STE 337 IRVINE CALIFORNIA 92603 US , ROOM 4008 BUILDING B NO 140-214 YINGBIN ROAD LUOPU STREET PANYU DI STRICT GUANGZHOU CN ,N/A,N/A,,"CN, CHINA",,"SHENZHEN,YANTIAN","NEW YORK,NY",851830,PHONE CASE,NO MARKS,736.0,CTN,12000.0,0.0,OBLMOBSZ25112064,OOLU9067384,
2026-01-06,美国,中国,VAN GUARLY TRADE INC,GUANGZHOU SHENDIANWEI TRADE CO LT,4498 MAIN ST SUITE 9 BUFFALO NY 14 2263215713454 , ROOM 4008 BUILDING B NO 140-214 YINGBIN ROAD LUOPU STREET PANYUDI STRICT GUANGZHOU CITY 511400 ,VAN GUARLY TRADE INC,4498 MAIN ST SUITE 9 BUFFALO NY 14 2263215713454 ,,"CN, CHINA",,"SHENZHEN,YANTIAN","NEW YORK,NY",230910,CAT FEEDER,NO MARKS,986.0,CTN,10814.0,216280.0,NIUK251124005,TXGU4115937,
2026-01-06,美国,中国,DJOSOFT CONSULT LLC,GUANGZHOU AIBANGTAIXING TRADE CO,9719 LAUREN BRIAR LN HUMBLE TEXAS 77396 US ,A150 ROOM 103 NO 137 HEGUANG ROAD TIANHE DISTRICT GUANGZHOU CN ,DJOSOFT CONSULT LLC,9719 LAUREN BRIAR LN HUMBLE US ,,"CN, CHINA",,"SHENZHEN,YANTIAN","HOUSTON,TX",761010,DOORS SANITARY HS /,NO MARKS,417.0,PKG,25670.0,0.0,FEVMSZXF25112140,BMOU4275651,
2026-01-06,美国,中国,HOSHINO USA,GUANGZHOU HOSHINO GAKKI MFG CO LTD,NC 1726 WINCHESTER ROAD BENSALEM PA 19020 US , NO 26 JUNDA ROAD EAST SECTION GUANGZHOU ECONOMIC TECHNOLOGICAL DEVELOPMENT DISTRICT ,NNR GLOBAL LOGISTICS HOOK CREEK,BLVD & 145TH AVE UNIT C-1A VALLEY STREAM NY 11581 TEL OFFICE: 516 561 5011 ,,"CN, CHINA",,HONG KONG,"NEW YORK,NY",999900,"DRUM MUSICAL MERCHANDISE SHIPPER DECLARED THIS SHIPMENT CONTAINS NO WOOD PACKING MATERIALS . T/S FROM HUANGPU TO HONG KONG EX. SHUN FENG ON NOV. , ON BOARD SHUN FENG AT PORT OF LOADING HUANGPU,CHINA ON NOV. , PORT OF DISCHARGE NEW YORK,NY WITH TRANSHIPMENT AT HONG KONG THE SAME THE SAME THE SAME THE SAME THE SAME THE SAME THE SAME THE SAME THE SAME THE SAME THE SAME",H.G.T. H.G.T. BENSALEM VIA NEW YORK MADE IN CHINA C/NO. F0907-F1039 F1042-F1043 F1106 G9478-G9538 G9553-G9727 H4651-H4653 J4345-J4346 J4387-J4411 J4414-J4415 J4569-J4573 J4585-J4592 J4722-J4779 J4782-J4784 J4786-J4793 J4795-J4820 J4822 J4827 J5432,515.0,CTN,6032.0,0.0,EGLV147501786426,TXGU6584682,
2026-01-06,美国,中国,YOUNGLINGZ LLC,GUANGZHOU AOWEILA LUGGAGE CO LTD,1940 BUTLER LOOP RICHLAND WASHINGT ON 99354 US , NO 18 XINHUA ROAD FURONG AVENUE SH ILING TOWN HUADU DISTRICT GUANGZHO U CN ,YOUNGLINGZ LLC,1940 BUTLER LOOP RICHLAND US ,,"CN, CHINA",,"SHENZHEN,YANTIAN","TACOMA,WA",871680,LUGGAGE CARTON HS CODE,YOUNGLINGZ,1155.0,PKG,5390.0,0.0,FEVMSZXF25112810,BEAU5422454,
2026-01-06,美国,中国,MASLKATY DISTRIBUTION INC,GUANGZHOU CAI MAO TRADE CO LTD,CONTACT ADD 41 14B MAIN ST STE B26 FLUSHING NY 11355 US , NO 597 SHI MA XIA HUA YI ROAD JUNHESTREET BAIYUN DISTRICT GUANGZHOU G D CN ,MASLKATY DISTRIBUTION INC,CONTACT ADD 41 14B MAIN ST STE B26 FLUSHING NY 11355 US ,,"CN, CHINA",,SHANGHAI,LONG BEACH,610821,KNIT LADIES PANTS,NO MARKS,991.0,CTN,10778.0,0.0,OSTISHLGB25C0534,CAIU5880410,
2026-01-06,美国,中国,JIEGUAN SERVICE INC,GUANGZHOU GANCAN TRADE CO LTD,4521 CAMPUS DR STE 571 IRVINE CA 92603USA , SHOP 51 NO 34 QIUYUE STREET QIAO CHENG ROAD HAIZHU DISTRICT GUANGZ HOU CITY CHINA ,JIEGUAN SERVICE INC,4521 CAMPUS DR STE 571 IRVINE CA 92603USA ,,"CN, CHINA",,QINGDAO,LONG BEACH,670290,ARTIFICIAL FLOWERS LARGE GARBAGE BAG THIS SHIPMENT CONTAINS NO SOLID WOOD PACKING MATERIALS.,NO MARKS,1005.0,PCS,15626.0,0.0,RSLCQDAF2512222A,SMCU1093082,
2026-01-06,美国,中国,GUANGZHOU BIGZ E COMMERCE CO LTD,GUANGZHOU YIZHIQINGNIAO IMPORT & EXPORT CO LT, C/O FBA401 INDEPENDENCE ROAD ,DYING BIN DA DAO 103 HAO ,N/A,N/A,,"CN, CHINA",,Pusan,"NEW YORK,NY",966505,FESTIVAL DECORATIVE GIFT BOXES,NO MARKS,172.0,CTN,3062.0,0.0,AMZDCN25PSZOF6HA,CAAU9302063,
2026-01-06,美国,中国,SESAME TRADE INC,GUANGZHOU BEI NUO YI TRADE CO,2108 N ST STE N SACRAMENTO CALIFORNIA 95816 US ,L 4 /F NO 8 SYNTHETIC SOUTH ROAD SH ILING TOWNHUADU DISTRICT GUANGZHOU CN ,PRIME EVERY WEEK INC,9630 OAK ST BELLFLOWER US ,,"CN, CHINA",,"SHENZHEN,YANTIAN","NEW YORK,NY",392220,PLASTIC PAD,NO MARKS,511.0,CTN,13250.0,0.0,PLGJSZ25128771,EGSU9840657,
2026-01-06,美国,中国,NINON CORP,GUANGZHOU BUYTHEM TECHNOLOGY CO, 501 FINNEGANS LANE NORTH BRUNSWICK NJ 08902 ,L TD RM 1001 BLDG 2 NO 684 SHIB EI GONGYE RD DASHI ST PANYU DIS T GUANGZHOU CHINA ,NINON CORP, 501 FINNEGANS LANE NORTH BRUNSWICK NJ 08902 ,,"CN, CHINA",,SHANGHAI,"NEW YORK,NY",842420,GLASS BOTTLE PLASTIC LID SPRAY PUMP,NO MARKS,1273.0,CTN,24562.0,0.0,SAKQSNYC5D01204,CSNU7672692,
2026-01-06,美国,中国,YUANWEI TRADE LIMITED,GUANGZHOU TIANYI INFORMATION TECHNOLOGY CO LTD, 1055 WILSHIRE BLVD 900B LOS ANGELESCA 90017 , ROOM 309 NO 6 W ANGGANG INDUSTRIAL 2ND ROAD BAIYUN DISTRICT GUANGZHOU 510000 ,YUANWEI TRADE LIMITED, 1055 WILSHIRE BLVD 900B LOS ANGELESCA 90017 ,,"CN, CHINA",,SHANGHAI,LOS ANGELES,481960,STORAGE BOX/WOMAN TOP,NO MARKS,965.0,CTN,14000.0,0.0,KSCNKSI25120345,CAIU7185675,
2026-01-06,美国,中国,GUANGZHOU ZHONGSU XINXIKEJI YOUXIAN GONGSI C O FBA5990 N CAJON,GUANGZHOU ZHONGSU XINXIKEJI YOUXIAN,BLVD ,GONGSIHUANGSHIJIEDAO LIUTIEGANGLU8HAO ,N/A,N/A,,"CN, CHINA",,"SHENZHEN,YANTIAN",LOS ANGELES,940360,WOODEN FURNITURE LEGS,NO MARKS,210.0,CTN,2377.0,0.0,AMZDCN25VFYKBBDO,EGHU9150241,
2026-01-06,美国,中国,YOSHINO TRADE INC,MAO MAO YE TRADE GUANGZHOU CO,15543 SE BYBEE DR PORTLAND OR 9723 6 TEL:+86-1-909-481-8999 YOSHINO-BOND@OUTLOOK COM EIN:39-507978 US ,101 BUILDING 2 LANTIANCANG NO 6 DALANG WEST ROAD BAIYUNHU STREET BAIYUN DISTRICT GUANGZHOU CN ,N/A,N/A,,"CN, CHINA",,NINGBO,LONG BEACH,440410,TOILET PLUNGER HS CODE: STICKER LABELS HS CODE: THIS SHIPMENT C ONTAIN NO SOLID WOODEN PACKAGE.,NO MARKS,1024.0,CTN,16834.0,0.0,NWTQWT2025E8631,SMCU1193420,
2026-01-06,美国,中国,YXL INT INC,GUANGZHOU YUESHIXIANG TRADE CO LTD,5101 SANTA MONICA BLVD STE 8 NUM258 LOS ANGELES CA 90029 US , C48 ROOM 615 FLOOR 6 NO 4 LINGSHAN EAST ROAD TIANHE DISTRICT GUANGZHOU CN ,YXL INT INC,5101 SANTA MONICA BLVD STE 8 NUM258 LOS ANGELES CA 90029 US ,,"CN, CHINA",,"SHENZHEN,YANTIAN","NEW YORK,NY",848220,PLASTIC CUP,HD-Z-NYTOR66-8,742.0,PKG,8440.0,0.0,ACUCTSZ25120006,CSNU7534902,
2026-01-06,美国,中国,GUANGZHOU SHENGYING TRADE CO LTD,GUANGDONG ZONGHENG HOME FURNISHING CO LTD, C/O FBA5990 N CAJON BLVD ,ROOM 302 NO 183 BAOGANG AV ENUE ,N/A,N/A,,"CN, CHINA",,SHANGHAI,LOS ANGELES,940140,FOLDING SOFA,N,585.0,CTN,5581.0,0.0,AMZDCN2575LVLONW,TXGU6936145,
2026-01-06,美国,中国,A STERLING TRADE INC,GUANGZHOU LANTU CHUANGTUO IMPORT & EXPORT TRADE CO LTD,250 E OLIVE AVE STE 350 BURBANK CA 91502 , ROOM 30 1 BUILDING 1 KENGKOU ELECTRONIC D IGITAL BASE NO 9 HUAXI ROAD ,A STERLING TRADE INC,250 E OLIVE AVE STE 350 BURBANK CA 91502 ,,"CN, CHINA",,"SHENZHEN,YANTIAN","NEW YORK,NY",851621,STORAGE BAG,NO MARKS,867.0,CTN,12662.0,0.0,MFNOMF25111309,OOLU9678085,
2026-01-06,美国,中国,NEW HP SUPPLY LLC,GUANGZHOU JUNLING TRADE CO LTD,6840 - 65TH ST SUITE 150 SACRAMEN TO CA 95828 916 -698-4698 , ROOM 318-A NO 75 LUOPU ROAD LUO PU STREET PANY U DISTRICT GUANGZHOU ,NEW HP SUPPLY LLC,6840 - 65TH ST SUITE 150 SACRAMEN TO CA 95828 916 -698-4698 ,,"CN, CHINA",,"SHENZHEN,SHEKOU","OAKLAND, CA",420299,JOSS PAPER JOSS MATERIAL THE SHIPMENT CONTAINS NO WOOD PACKING MATERIALS.,.,878.0,CTN,14400.0,0.0,BKGASZF25110551,WHSU9016112,
2026-01-06,美国,中国,ATLAS CREST INNOVATIONS INC,GUANGZHOU TIANYI INFORMATION TECHNOLOGY CO LTD,10687 W HIGHWAY 156 WEST FORK AR 7 2774 , ROOM 309 NO 6 W ANGGANG INDUSTRIAL 2ND ROAD BAIYUN DISTRICT GUANGZHOU 510000 ,ATLAS CREST INNOVATIONS INC,10687 W HIGHWAY 156 WEST FORK AR 7 2774 ,,"CN, CHINA",,SHANGHAI,LOS ANGELES,481960,STORAGE BOX/PHONE CASE,NO MARKS,680.0,CTN,8900.0,0.0,KSCNKSI25120352,APHU7373390,
2026-01-06,美国,中国,FMI BRANDS INC,GUANGZHOU FMI MACHINERY COMPANY,C/O AIR SEA AMERICA3500 WEST VALLEYHWY N SUITE B 106 AUBURN WA 98001 US , LIM #19 SHINAN ROAD DONGCHONG TOWN NAN SHA DISTRICT GUANGZHOU GUANGZHOU CN ,N/A,N/A,,"CN, CHINA",,"SHENZHEN,YANTIAN","TACOMA,WA",852610,"OUTLAND FIREBOWL PREMIUM ,DROP SHIP PACKA GING",NO MARKS,736.0,CTN,9818.0,0.0,TLKPSZXSEA5D002X,TGBU5518929,
2026-01-06,美国,中国,ZHUOLIN SERVICE INC,GUANGZHOU HEMAIHEDA TRADE CO LTD,4521 CAMPUS DR STE 571 IRVINE CA 92603 , ROOM 241 FLOOR 2 NO 3 1ST L ANE FAZHAN ROAD THE PEARL RIVER R IVER ADMINISTRATIVE DISTRICT ,ZHUOLIN SERVICE INC,4521 CAMPUS DR STE 571 IRVINE CA 92603 ,,"CN, CHINA",,NINGBO,LONG BEACH,851621,STORAGE BINS,NO MARKS,1065.0,CTN,15937.0,0.0,NIPANBMS25120529,SMCU1198904,
2026-01-06,美国,中国,GUANGZHOU VANCE PHOTOELECTRIC TECHN OLOGY CO LT,GUANGZHOU VANCE PHOTOELECTRIC TECHN OLOGY,D C/O FBA5990 N CAJON BLVD ,FLOOR NO295 HUADI STREET L IWAN DISTRICT LIWAN ,N/A,N/A,,"CN, CHINA",,"SHENZHEN,YANTIAN",LOS ANGELES,854110,LED BUILB WITH FAN LIGHT,NO MARKS,200.0,CTN,600.0,0.0,AMZDCN25FMINPWW4,EGHU9623880,
2026-01-06,美国,中国,ZENITH SKY LTD,GUANGZHOU TINGFEN TRADE CO LTD,500 DELAWARE AVE STE 1 #1960 WILMI NGTON DE 19899 WILMINGTON 19899 U S , NO 58 ZHAOBU XINWU NORTH STREET YUEHU VILLAGE XIANCUN TOWN ZENGCHE NG DISTRICT GUANGZHOU GUANGZHOU CN ,ZENITH SKY LTD,500 DELAWARE AVE STE 1 #1960 WILMI NGTON DE 19899 WILMINGTON US ,,"CN, CHINA",,"SHENZHEN,YANTIAN","NEW YORK,NY",701391,HOME DECORATION/BOOKSHELF/WALL LAMP THIS SHI PMENT CONTAINS NO WOOD PACKING MATERIALS /,NO MARKS,972.0,CTN,11100.0,0.0,TXSVTSZX25112691,EMCU8330752,
2026-01-06,美国,中国,VIZ PLASTIC PRODUCTS LTD,GUANGZHOU DE HONG XI PACKAGING MATERIAL CO LTD,210 INDUSTRIAL PKWY , ROOM 109 NO 13 CHANG BU ZHUANG EAST ROAD HUADU ,N/A,N/A,,"CN, CHINA",,"SHENZHEN,YANTIAN","NEW YORK,NY",732690,HOUSEHOLD GOODS(ADHESIVE TAPE),VIZ,120.0,CTN,1886.0,0.0,SCQHSZXSEB000293,FFAU2961972,
2026-01-06,美国,中国,REUBENT INC,GUANGZHOU ZHONGCHEN CULTURE DEVELOPMENT CO LTD,1299 WASHINGTON AVE UNIT 120 GOLDENCO 80401 , ROOM A903 NO 38 WANGGANG ROAD JIAHE STREET BAIYUN DISTRICT GUANGZHOU CHINA ,REUBENT INC,1299 WASHINGTON AVE UNIT 120 GOLDENCO 80401 ,,"CN, CHINA",,"SHENZHEN,YANTIAN","NEW YORK,NY",930320,WATER PUMP HS CODE,NO MARKS,2294.0,PKG,22060.0,0.0,EKISEL2025110846,EGHU9543969,
2026-01-06,美国,中国,ALPHA AROMATICS INC,GUANGZHOU CHIYANG SCENT TECHNOLOGY,RIDC INDUSTRIAL PARK 290 ALPHA DR ,1F-9F BUILDING 10 CIMC CENTER NO 3 CHANXINGYI ROAD XIANCHONG VILLAGE CHENCUN TOWN SH UNDE DISTRICT,N/A,N/A,,"CN, CHINA",,"SHENZHEN,YANTIAN","TACOMA,WA",961610,SCENT DIFFUSER,NO MARKS,1212.0,CTN,9090.0,0.0,FTNVSSZXS0011578,SEGU4480885,
2026-01-06,美国,中国,DIOCESE INC,GUANGZHOU SHENDIANWEI TRADE CO LTD,9410 BUNSEN PKWY STE 320 LOUISVILLEKY 40220 JAY 5166108325 AN@YHQG LOGISTICS COM , ROOM 4008 BUILDING B NO 140 214 YINGBIN ROAD LUOPU STREET PANYU DISTRICT GUANGZHOU ,DIOCESE INC,9410 BUNSEN PKWY STE 320 LOUISVILLEKY 40220 JAY 5166108325 AN@YHQG LOGISTICS COM ,,"CN, CHINA",,"SHENZHEN,YANTIAN","NEW YORK,NY",270300,CAT LITTER BOX,NO MARKS,435.0,CTN,5942.0,0.0,FLXT00003520363A,ECMU7741677,
2026-01-06,美国,中国,LUMINACORE INC,GUANGZHOU SHENDIANWEI TRADE CO LT,60 W MITCHELL HAMMOCK RD OVIEDO FL 32765 OVIEDO US , ROOM 4008 BUILDING B NO 140-214 YINGBIN ROAD LUOPU STREET PANYU DI STRICT GUANGZHOU CITY 511400 CN ,N/A,N/A,,"CN, CHINA",,"SHENZHEN,YANTIAN","NEW YORK,NY",851830,PHONE CASE,NO MARKS,965.0,CTN,13059.0,0.0,CGLSCSZ25111297,CSNU6764990,
2026-01-06,美国,中国,HOTABREDA TRADE INC,GUANGZHOU LE CHAO TRADE CO LTD,41-14B MAIN ST STE B26 FLUSHING NY 11355 , NO 129 DONGPING NORTH ROAD YONGPINGSTREET BAIYUN DISTRICT GUANGZHOU C ITY GD CN ,HOTABREDA TRADE INC,41-14B MAIN ST STE B26 FLUSHING NY 11355 ,,"CN, CHINA",,SHANGHAI,LONG BEACH,610821,MENS CASUAL SETS MENS PANTS,NO MARKS,4065.0,CTN,9825.0,0.0,SZQEMNGLU2511201,CAAU8717717,
2026-01-06,美国,中国,TRACKFLOW COMMERCE LLC,GUANGZHOU TINGFEN TRADE CO LTD,2210 BLAKE ST STE 101 A DENVER CO 80205 DENVER COLORADO 80205 US , NO 58 ZHAOBU XINWU NORTH STREET YUEHU VILLAGE XIANCUN TOWN ZENGCHE NG DISTRICT GUANGZHOU GUANGZHOU CN ,N/A,N/A,,"CN, CHINA",,SHANGHAI,"NEW YORK,NY",621149,WOVEN WOMEN S SKIRTS KNITTED WOMEN S VESTS,NO MARKS,3219.0,CTN,13054.0,0.0,SXCOSHE25123125,CXDU2215204,
2026-01-06,美国,中国,BELLIDE BASIC DAILY INC,GUANGZHOU WODE TEXTILE GARMENT CO LTD,605 NIAGARA FALLS BLVD AMHERST NY 14226 USA , 6F NO 27MAIN WORKSHOP LIXIN 12 TH ROAD XINTANG TOWN ZENGCHENG DIS TRICT GUANGZHOU GUANGDONG CHINA ,NEW WORLD CREATION INC,OF NEW YORK 610 GRAND AVE RIDGEFIELD NJ 07657 USA ,,"CN, CHINA",,SHANGHAI,"NEW YORK,NY",640520,WOMEN WOVEN VEST WOMEN WOVEN SKIRT,NO MARKS,2154.0,CTN,8831.0,0.0,GFSHSHA51210042A,CXDU2192095,
2026-01-06,美国,中国,SUMMA HAWAII INC,GUANGZHOU LOOKS TRADE CO LTD,970 N KALAHEO AVE SUITE A200 , ROOM 808-809 BUILDING A GUANGZHOU AIRPORT CENTER NO 3GREENLAND 3RD STREET ,WORKSHOP HOSPITALITY COMPANY INC, 205 DOLOMITE DRIVE ,,"CN, CHINA",,SHANGHAI,"NEW YORK,NY",,BENCHPILLOWCHAIRSOFAOTTOMANBENCHPILLOWCHAIRSOFAOTTOMANBENCHPILLOWCHAIRSOFAOTTOMANBENCHPILLOWCHAIRSOFAOTTOMANBENCHPILLOWCHAIRSOFAOTTOMANBENCHPILLOWCHAIRSOFAOTTOMANBENCHPILLOWCHAIRSOFAOTTOMANBENCHPILLOWCHAIRSOFAOTTOMAN,NMNMNMNMNMNMNMNM,879.0,PKG,27388.0,0.0,SCQHSHASEC000320,"ECMU4795978,TCLU9592280,CMAU5221307,ECMU8155710,CMAU4851913,CMAU6468565,ECMU8175342,ECMU8064014",
2026-01-06,美国,中国,RIORESOLUTION LLC,GUANGZHOU HUADU TOP STAGE LIGHT EQU,69 BROOKSIDE AVE CHESTER NEW YORK 10921 US ,BUILDING 2 NO 39 JINGHU AVENUE HU ADU DISTRICT GUANGZHOU CN ,N/A,N/A,,"CN, CHINA",,"SHENZHEN,YANTIAN","NEW YORK,NY",845610,LED D DANCE FLOOR HS: ADVERTISING SCREEN HS; W LASER LIGHT HS: SNOW MACHINE HS:,RIO (MADE IN CHINA),23.0,PKG,2395.0,0.0,CUTWNYK25120005,XYLU8241130,
2026-01-06,美国,中国,NEBULACREST INC,GUANGZHOU SHENDIANWEI TRADE CO LT,15040 SEVENTH ST #1010 VICTORVILLE CA 92395 , ROOM 4008 BUILDING B NO 140-214 YINGBIN ROAD LUOPU STREET PANYUDI STRICT GUANGZHOU CITY 511400 ,NEBULACREST INC,15040 SEVENTH ST #1010 VICTORVILLE CA 92395 ,,"CN, CHINA",,"SHENZHEN,YANTIAN","NEW YORK,NY",851830,PHONE CASE,NO MARKS,381.0,CTN,8010.0,0.0,GSDRHCBL585911,EMCU8064776,
2026-01-06,美国,中国,O UBIQUE INC,GUANGZHOU CHIDALI TRADE CO LTD,244 MADISON AVE STE 1666 NY NEW YORK 10016 US , ROOM 302 BUILDING 2 NO 3 HUA AN MIDDLEROAD HUADU DISTRICT GUANGZHOU C N ,N/A,N/A,,"CN, CHINA",,"SHENZHEN,YANTIAN","NEW YORK,NY",900190,MIRROR,NO MARKS,927.0,CTN,10000.0,0.0,OBLMOBSZ25120154,OOCU8965886,
2026-01-06,美国,中国,LANCO APPAREL LLC,GUANGZHOU TAILORIA MANUFACTORY CO,469 7TH AVE FL 10 NEW YORK NY 10018 ,ROOM 6602-6603 CITIC PLAZA NO 233 TIANHEBEI ROAD TIANHE DISTRICT GUA NGZHOU CHINA ,LANCO APPAREL LLC,469 7TH AVE FL 10 NEW YORK NY 10018 ,,"CN, CHINA",,SHANGHAI,"NEW YORK,NY",610422,LADIES KNITTED CARDIGAN LADIES KNITTED PULLOVER LADIES KNITTED SKIRT,NO MARKS,685.0,CTN,8391.0,0.0,SZIFMPSE25120030,RFCU4120714,
2026-01-06,美国,中国,ZENCRAFT SOLUTIONS INC,GUANGZHOU DASHENG INTERNATIONAL SUP NO,15902A HALLIBURTON RD#1175 HACIENDAHEIGHTS CA 91745 HACIENDA HEIGHTS CA US ,111 1ST FLOOR BUILDING 9 NO 1 ERHENG ROAD WESTDISTRICT HELONG STREET BAIYUN DISTRICT GUANGZHOU CN,N/A,N/A,,"CN, CHINA",,"SHENZHEN,YANTIAN","NEW YORK,NY",940190,CAR SEAT COVER,NO MARKS,1001.0,CTN,12280.0,0.0,NPSCSZE25120040,BMOU5661920,
2026-01-06,美国,中国,GUANGZHOU TIANZE ELECTRONIC COMMERC E CO LT,GUANGZHOU TIANZE ELECTRONIC COMMERC E CO LT, C/O FBA4121 COYOTE CANYON RD ,RM 1705 NO 9 HUAQIANG RD TIANHE ,GUANGZHOU TIANZE ELECTRONIC COMMERC E CO LT,RM 1705 NO 9 HUAQIANG RD TIANHE ,,"CN, CHINA",,"SHENZHEN,YANTIAN",LOS ANGELES,691200,CERAMIC BOWLS CERAMIC PLATES,NO MARKS,139.0,CTN,1363.0,0.0,AMZDCN25FJYQ7VD2,CAAU6011070,
2026-01-06,美国,中国,NANZHAOXIAN JIECHENG JIAJUYONGPING XIAOSHOU,GUANGZHOU PANANA TRADE CO LTD, AVE , 410 4TH FLOOR NAXIN TECHNOLOGY PA RK NO 1108 YUNZHENG AVENUE GUANGZH ,N/A,N/A,,"CN, CHINA",,SHANGHAI,LOS ANGELES,630641,AIR MATTRESSES,NO MARKS,117.0,CTN,803.0,0.0,AMZDCN25T6MSI2LY,TLLU4957018,
2026-01-06,美国,中国,ELITE INDUSTRIAL INC,GUANGZHOU FUYOU IMPORT & EXPORT TRADE CO LTD,36 S 18TH AVE STE D BRIGHTON CO 80601 USA , ROOM 605 RONGHUI BUILDING NO 302 ZHICHENG AVENUE GUANGZHOU ECONOMIC AND TECHNOLOGICA ,ELITE INDUSTRIAL INC,36 S 18TH AVE STE D BRIGHTON CO 80601 USA ,,"CN, CHINA",,"SHENZHEN,YANTIAN","NEW YORK,NY",590500,WALL MIRROR HS CODE:,NO MARKS,1038.0,CTN,13168.0,0.0,HYSLFSZX12250475,CSLU6155867,
2026-01-06,美国,中国,EVERGREEN FOOD TRADE INC,GUANGZHOU RESTAURANT GROUP,59-18 56TH ROAD , LIKOFU NO 565 XINGNAN ROAD NANCUN TOWN PANYU ,EVERGREEN FOOD TRADE INC,59-18 56TH ROAD ,,"CN, CHINA",,"SHENZHEN,YANTIAN","NEW YORK,NY",030624,FROZEN DIMSUM,NO MARKS,1854.0,PKG,13464.0,0.0,SCNAHWSE25120005,OOLU6463360,
2026-01-06,美国,中国,FIASMIO DISTRIBUTION INC,GUANGZHOU LAI SHUN CROSS BORDER E C D,41-14B MAIN ST STE B26 FLUSHING NY 11355 USA ,ROOM 406 NO 40 DAJINZHONG RD JINGTAI STREET BAIYUN DISTRICT GUANGZHOU GD CHINA ,FIASMIO DISTRIBUTION INC,41-14B MAIN ST STE B26 FLUSHING NY 11355 USA ,,"CN, CHINA",,SHANGHAI,LONG BEACH,630252,KNIT MENS CASUAL SETS KNIT MENS PANTS,NO MARKS,4280.0,CTN,8995.0,0.0,SZQEMNGLU2511200,SMCU1124732,
2026-01-06,美国,中国,GX INNOVATIONS LLC,GUANGZHOU YOUXUAN FASHION CO LTD,247 WEST 37TH ST801 NEW YORK NY 10 018 U S A , 3F NO 10 NO 2 QIJIE ROAD NANCU N TOWN PANYU DISTRICT GUANGZHOU C ITY 511400 CHINA ,GX INNOVATIONS LLC,247 WEST 37TH ST801 NEW YORK NY 10 018 U S A ,,"CN, CHINA",,"SHENZHEN,YANTIAN","NEW YORK,NY",630720,LADIES WOVENKNITTED DRESS HTS CODE: HTS CODE: BN POLYESTER WOVEN DRESS BN POLYESTER WOVEN DRESS BN POLYESTER WOVEN DRESS BN POLYESTER WOVEN DRESS BN POLYESTER WOVEN DRESS BN POLYESTER KNITTED DRESS BN POLYESTER KNITTED DRESS A POLYESTER NYLON WOVEN DRESS A POLYESTER METALLIC WOVEN DRESS A POLYESTER NYLON METALLIC WOVEN DRESS X POLYESTER WOVEN DRESS X NYLON KNITTED DRESS THIS SHIPMENT CONTAINS NO WOOD PACKAGING MATERIALS,NM,6988.0,PCS,7350.0,0.0,RSLCSNAF2512145A,EGSU1366897,
2026-01-06,美国,中国,GUANGZHOU BIGZ E COMMERCE CO LTD,GUANGZHOU YIZHIQINGNIAO IMPORT & EXPORT CO LT, C/O FBA24300 NANDINA AVE ,DYING BIN DA DAO 103 HAO ,N/A,N/A,,"CN, CHINA",,"SHENZHEN,YANTIAN",LOS ANGELES,441033,FESTIVAL DECORATIVE GIFT BOXES FESTIVAL DECORATIVE PAPER SHREDS,NO MARKS,171.0,CTN,3082.0,0.0,AMZDCN25ZRU6WQA5,TCNU1489946,
2026-01-06,美国,中国,CBG FIT LLC,GUANGZHOU YUESHIXIANG TRADE CO,48 RALPH ST 2ND FLOOR ,C48 ROOM 615 FLOOR 6 NO 4 LINGSH AN EAST ROAD TIANHE DISTRICT ,CBG FIT LLC,48 RALPH ST 2ND FLOOR ,,"CN, CHINA",,"SHENZHEN,YANTIAN","NEW YORK,NY",190300,FROZEN TAPIOCA PEAR,NO MARKS,1300.0,PKG,18900.0,0.0,SMMBSSZX7291898,DFOU6133036,
2026-01-06,美国,中国,SU PAI INTERNATIONAL TRADE INC,GUANGZHOU XINGBU TRADE CO LTD,324 S DIAMOND BAR BLVD UNIT NUM717DIAMOND BAR CA 91765 , ROOM 421 NO 73 MIDDLE YANJIANG R OAD DASHIJIE PANYU DISTRICT GUAN GZHOU ,SU PAI INTERNATIONAL TRADE INC,324 S DIAMOND BAR BLVD UNIT NUM717DIAMOND BAR CA 91765 ,,"CN, CHINA",,"SHENZHEN,YANTIAN","NEW YORK,NY",702000,PLASTIC CUP HOLDER/GLASS POT,NO MARKS,651.0,CTN,13200.0,0.0,GUGWMC251102244,TGBU4865456,
2026-01-06,美国,中国,MAGELLAN TRADE INC,GUANGZHOU SHIMA TECHNOLOGY CO LTD,1500 MCCONNOR PKWY STE 100 SCHAUMB URG IL 60173 , ROOM 1101 T4 TIANGUI ROAD NO 10 3 GUANGZHOU HUADU GUANGDONG 510803 ,MAGELLAN TRADE INC,1500 MCCONNOR PKWY STE 100 SCHAUMB URG IL 60173 ,,"CN, CHINA",,"SHENZHEN,YANTIAN","NEW YORK,NY",441033,DECORATIVE PANEL,NO MARKS,1142.0,CTN,19300.0,0.0,SYLCFCL2511AT45,TGBU9223530,
2026-01-06,美国,中国,NEBULACREST INC,GUANGZHOU SHENDIANWEI TRADE CO LT,15040 SEVENTH ST #1010 VICTORVILL E CA 92395 VICTORVILLE US , ROOM 4008 BUILDING B NO 140-214 YINGBIN ROAD LUOPU STREET PANYU DI STRICT GUANGZHOU CITY 511400 CN ,N/A,N/A,,"CN, CHINA",,"SHENZHEN,YANTIAN","NEW YORK,NY",851830,PHONE CASE,NO MARKS,1086.0,CTN,13000.0,0.0,CGLSCSZ25111621,FFAU3494770,
2026-01-06,美国,中国,DR BROWN S COMPANY,POLYBELL GUANGZHOU LIMITED, 4433 FYLER AVE ST LOUIS MO 63116 USA , NO 50 WEST STREET XIHU VILLAGE RENHE TOWN BAIYUN DISTRICT GUANGZHOU CHINA ,DR BROWN S COMPANY, 4433 FYLER AVE ST LOUIS MO 63116 USA ,,"CN, CHINA",,"SHENZHEN,YANTIAN","TACOMA,WA",391000,SILICONE PACIFIERS HS CODE: THIS SHIPMENT CONTAINS NO SOLID WOOD PACKING MATERIALS,DRBROWN S,5820.0,CTN,4945.0,0.0,HNLTSZ25JA1141,BMOU6273302,
2026-01-06,美国,中国,YL BUSINESS INC,GUANGZHOU HAOSHI TRADE CO LTD,3350 SW MITCHELL ST PORTLAND OR 97 239 , ROOM 308 NO 56 TONGHE BAISHAN EAS T ROAD BAIYUN DISTRICT GUANGZHOU CITY ,JL CUSTOMS SERVICE LLC,20418 EAST WALNUT DRIVE NORTH UNIT S 1B & 1C DIAMOND BAR CA 91789 ,,"CN, CHINA",,QINGDAO,LONG BEACH,630190,AREA RUG ARTIFICIAL FLOWERS,NO MARKS,1067.0,CTN,16979.0,0.0,NIPANBMS25120119,SMCU1019974,
2026-01-06,美国,中国,MEAN WELL USA INC,MEAN WELL GUANGZHOU ELECTRONICS CO LTD,44030 FREMONT BLVD FREMONT CA 94538 U S A , NO 11 JINGU SOUTH ROAD HUAD U DISTRICT GUANGZHOU CHINA POSTAL ,N/A,N/A,,"CN, CHINA",,"SHENZHEN,YANTIAN","OAKLAND, CA",251319,SWITCHING POWER SUPPLY CTNS= PLTS HS CODE THIS SHIPMENT CONTAINS SOLID WOOD PACK ING MATERIALS WHICH HAVE BEEN HEAT TREATED,MW USA IN DIAMOND SAN FRANCISCO C/NO.1-167 . .,167.0,CTN,2338.0,0.0,DMERDFS702036045,TTNU8336474,
2026-01-06,美国,中国,ZARAL TRADE INC,MAO MAO YE TRADE GUANGZHOU CO,4430 NE 79TH AVE PORTLAND OREGON OR97218 US ,LANTIANCANG NO 6 DALANG WEST ROAD BAIYUNHUSTREET BAIYUN DISTRICT GUANGZHOU CITY GUANGZHOU CN ,N/A,N/A,,"CN, CHINA",,NINGBO,LONG BEACH,392030,FLOOR MAT HSCODE: DOOR MAT HSCOD E:,NO MARKS,1174.0,CTN,15269.0,0.0,SKEMZG2512140094,CAIU9918196,
2026-01-06,美国,中国,FASHION BOX INC,GUANGZHOU SAINASI LEATHER GOODS CO,67-02 UTOPIA PKWY FLUSHING NY 1136 5 NEW YORK 11365 US ,8 JINSHI 4 STREET 3-5F SHILING TO WN HUADU DISTR GUANGZHOU CN ,N/A,N/A,,"CN, CHINA",,"SHENZHEN,YANTIAN","NEW YORK,NY",180610,PU HANDBAG HS CODE: PU PURSE HS CODE:,NO MARKS,603.0,CTN,11350.0,0.0,SKEMZG2511260030,TGBU4716534,
2026-01-06,美国,中国,GUANGZHOU WOFEI MAOYIYOUXIANGONGSI C O FBA24208 SAN MICHELE,GUANGZHOU WOFEI MAOYIYOUXIANGONGSI YONGPING SUBDISTRICT, RD ,ROOM 601 BUIL DING A3 NO 83 XUESHANTANG STREET ,N/A,N/A,,"CN, CHINA",,"SHENZHEN,YANTIAN",LOS ANGELES,640411,WOMEN SNOW BOOTS WOMEN SNOW BOOTS,NO MARKS,78.0,CTN,772.0,0.0,AMZDCN25ZGSDMXLF,TRHU4591180,
2026-01-06,美国,中国,DR BROWNS COMPANY,POLYBELL GUANGZHOU LIMITED, 4433 FYLER AVE ST LOUIS MO 63116 USA , NO 50 WEST STREET XIHU VILLAGE RENHE TOWN BAIYUN DISTRICT GUANGZHOU CHINA ,DR BROWNS COMPANY, 4433 FYLER AVE ST LOUIS MO 63116 USA ,,"CN, CHINA",,"SHENZHEN,YANTIAN","TACOMA,WA",281511,TRAINING CUPS HS CODE: THIS SHIPMENT CONTAINS NO SOLID WOOD PACKING MATERIALS,DRBROWN S,1900.0,CTN,7030.0,0.0,HNLTSZ25JA0975,YMLU8846278,
2026-01-06,美国,中国,GRANDEE IMPORT & EXPORT INC,GUANGZHOU JINBAO GARMENT CO LTD,522 NATHAN ROAD YAU MA TEI , HUIMEI SCENCE NORTH ROAD ZENGCHENG ,BOBENS TRADE CO INC, RECEIVING 1140 MOTOR PKWY STE B ,,"CN, CHINA",,"SHENZHEN,YANTIAN","NEW YORK,NY",620469,MEN S JEANS BOY S JEANS KIDS JEANS,ORDER NO.:??STYLE NO.:??CARTON NO.:??MADE IN CHINA??,2179.0,CTN,16070.0,0.0,ITIFSSZX2592969,EITU9072582,
2026-01-06,美国,中国,DIVINE APPAREL INC,GUANGZHOU CHAOHUI HANDICRAFT CO LT,246 W 38TH ST RM 1402 , #15 WEST RD LICUN DASHI TOWN PANY U DISTRICT ,DIVINE APPAREL INC,246 W 38TH ST RM 1402 ,,"CN, CHINA",,"SHENZHEN,YANTIAN","NEW YORK,NY",630720,WOMEN SUIT AND DRESS,DRESSES BY NUBIANO??STELLAR LOOKS??,125.0,CTN,1633.0,0.0,CRFNS00761468,CSLU6297265,
2026-01-06,美国,中国,NEORY LLC,GUANGZHOU HUAMINGHU DEP ST CO LT,MARIA MORALES MBR2310 PARKLAKE DR NE STE 477 NEW YORK NY US , C71301 3RD FLOOR NO 597 SHIMAXIAHUA1ST ROAD JUNHE YANTIAN SHENZHEN CN ,NEORY LLC,MARIA MORALES MBR2310 PARKLAKE DR NE STE 477 NEW YORK NY US ,,"CN, CHINA",,"SHENZHEN,YANTIAN","NEW YORK,NY",940140,SOFA PARTS,NO MARKS,276.0,CTN,10522.0,0.0,SZLOZBHK25111388,EMCU8957418,
2026-01-06,美国,中国,FUYAO AUTOMOTIVE NORTH AMERICA INC,GUANGZHOU FUYAO GLASS COMPANY,909 NORTH SHELDON ROAD PLYMOUTH MI 48170 UNITED STATES , LIMIT NO 1 SOUTH XINYAO ROAD XINTANG TOW GUANGZHOU GD 510000 CHINA ,PHISON INTERNATIONAL INC,SUITE 120 555 WEST PIERCE ROAD ITASCA IL 60143 UNITED STATES ,,"CN, CHINA",,"SHENZHEN,YANTIAN","NEW YORK,NY",700719,TEMPERED SAFETY GLASSTEMPERED SAFETY GLASS,FYGZLRU251205-1 FYGZLRU251205-2NO MARKS,138.0,PKG,34114.0,0.0,COSU6437769830,"OOLU9687528,CSNU8205497",
2026-01-06,美国,中国,HONGLIN TRADE LIMITED,GUANGZHOU YUNTENG LOGISTICS CO LT, 595 BLOSSOM RD ROCHESTER NY 14610 ROCHESTER NY US ,ROOM 117 NO 80 HENAN MIDDLE ROAD HEBIAN VILLAGE HELONG STREET BA IYUN DISTRICT GUANGZHOU CN ,N/A,N/A,,"CN, CHINA",,"SHENZHEN,YANTIAN","OAKLAND, CA",090190,COFFEE TABLE,NO MARKS,1032.0,CTN,18157.0,0.0,NPSCSELSZX254003,OOLU6934563,
2026-01-06,美国,中国,MOREMORE APPAREL INC,GUANGZHOU WODE TEXTILE GARMENT CO LTD,3154 GLENDALE BLVD STE 1035 LOS ANGELES CA 90039 USA , 6F NO 27MAIN WORKSHOP LIXIN 12 TH ROAD XINTANG TOWN ZENGCHENG DIS TRICT GUANGZHOU CHINA ,NEW WORLD CREATION INC,OF NEW YORK 610 GRAND AVE RIDGEFIELD NJ 07657 USA ,,"CN, CHINA",,SHANGHAI,"NEW YORK,NY",640520,WOMEN WOVEN VEST WOMEN WOVEN SKIRT,NO MARKS,1374.0,CTN,7014.0,0.0,GFSHSHA51210534,CXDU1867002,
2026-01-06,美国,中国,GUANGZHOU YINUO CO LTD,GUANGZHOU RUIWEI JEWELRY CO LTD, C/O FBA 24208 SAN MICHELE RD , NO 50 SHATOU STREET 5TH FLOOR YIM ING BUILDING GUANG ZHOUGUANG DONG51 ,N/A,N/A,,"CN, CHINA",,"SHENZHEN,YANTIAN",LOS ANGELES,741910,BRACELET CHAIN EARRINGS RING,NO MARKS,60.0,CTN,584.0,0.0,AMZDCN2556AOQDPJ,TRHU4591180,
2026-01-06,美国,中国,CLEVARA INC,GUANGZHOU MOLA NETWORK TECHNOLOGY C,5441 S MACADAM AVE STE R PORTLAND OREGON 97239 US ,ROOM 1115 NO 20 QIDE ROAD HELONG STREET BAIYUN DISTRICT GUANGZHOU CN ,N/A,N/A,,"CN, CHINA",,NINGBO,LONG BEACH,252510,PLASTIC SPACER BLOCK,NO MARKS,842.0,CTN,13458.0,0.0,NXHSNBXH25120946,SMCU1102944,
2026-01-06,美国,中国,URBANHAVEN LIVING INC,GUANGZHOU ZHUO RUI SMART HOME TECHNOLOGY CO LTD,33 WINTERFIELD RD , ROOM 911 912 NO 8 PAZHOU AVENUE EA ST HAIZHU DIST ,URBANHAVEN LIVING INC,33 WINTERFIELD RD ,,"CN, CHINA",,"SHENZHEN,YANTIAN","NEW YORK,NY",300230,MIRROR MEDICINE CABINETS HS CODE,.,1195.0,CTN,14100.0,0.0,CHQFHHX25120050,TGBU8796522,
2026-01-06,美国,中国,ATLAS CREST INNOVATIONS INC,GUANGZHOU TIANYI INFORMATION TECHNOLOGY CO LTD,10687 W HIGHWAY 156 WEST FORK AR 7 2774 , ROOM 309 NO 6 W ANGGANG INDUSTRIAL 2ND ROAD BAIYUN DISTRICT GUANGZHOU 510000 ,ATLAS CREST INNOVATIONS INC,10687 W HIGHWAY 156 WEST FORK AR 7 2774 ,,"CN, CHINA",,SHANGHAI,LOS ANGELES,481960,STORAGE BOX/WOMAN TOP,NO MARKS,868.0,CTN,14900.0,0.0,KSCNKSI25120356,BSIU8606666,
2026-01-06,美国,中国,GX INNOVATIONS LLC,GUANGZHOU YOUXUAN FASHION CO LTD,247 WEST 37TH ST801 NEW YORK NY 10 018 U S A , 3F NO 10 NO 2 QIJIE ROAD NANCU N TOWN PANYU DISTRICT GUANGZHOU C ITY 511400 CHINA ,GX INNOVATIONS LLC,247 WEST 37TH ST801 NEW YORK NY 10 018 U S A ,,"CN, CHINA",,"SHENZHEN,YANTIAN","NEW YORK,NY",540710,LADIES WOVENKNITTED DRESS HTS CODE: HTS CODE: BN POLYESTER WOVEN DRESS BN POLYESTER WOVEN DRESS BN POLYESTER WOVEN DRESS BN POLYESTER WOVEN DRESS XW POLYESTER METALLIC KNITTED DRESS X POLYESTER WOVEN DRESS A POLYESTER NYLON METALLIC WOVEN DRESS A W POLYESTER NYLON METALLIC WOVEN DRESS REMARK CARTONS PCS THIS SHIPMENT CONTAINS NO WOOD PACKAGING MATERIALS,NM,1947.0,PCS,2050.0,0.0,RSLCSNAF2511591A,EGSU3794148,
2026-01-06,美国,中国,,GUANGZHOU GO JUDY TRADE CO LTD,N/A, NO 605 NO 263 GAOTANG ROAD TIANHE DISTRICT GUANGZHOU CITY 510000 ,N/A,N/A,,"CN, CHINA",,SHANGHAI,"NEW YORK,NY",842860,DINING CHAIR,WHS-102811-41686085,45.0,CTN,801.0,0.0,CGGMSGH5058123,MRKU3638559,
2026-01-06,美国,中国,O UBIQUE INC,GUANGZHOU CHIDALI TRADE CO LTD,244 MADISON AVE STE 1666 NEW YORK NY 10016 OUBIQUE@OUTLOOK COM , ROOM 302 BUILDING 2 NO 3 HUA AN MIDDLE ROAD HUADU DISTRICT GUANGZHOU ,KUT INTERNATIONAL CO LTD, FLAT/RM 705 7/F FA YUEN COMM BLDG NO 75 FA YUEN STREET MONG KOK KL ,,"CN, CHINA",,"SHENZHEN,YANTIAN","NEW YORK,NY",900190,MIRROR MIRROR,NO MARKS,1501.0,CTN,15400.0,0.0,EGLV149508116155,MAGU5422699,
2026-01-06,美国,中国,HITACHI ENERGY USA INC,GUANGZHOU MPC POWER INTERNATIONAL C O LTD,744 EXCEL DRIVE HUNKER PA 15639 USA NATALIA TAKIMOTO US ,339 PINGZHONG ROAD TAI PING TOWN CONGHUA DISTRICT 510900 GUANGZHOU CHINA RYAN CN ,N/A,N/A,,"CN, CHINA",,HULUTAO,"NEW YORK,NY",391000,SILICONE COMPOUND HS CODE:,HTV SILICONE GMPC U3H-SLOW CURE,8.0,PKG,7830.0,0.0,CHKMSNYC25148619,TLLU5040851,
2026-01-06,美国,中国,GUANGZHOU HOURONG TRADE CO LTD,SHENZHEN XIEMING TECHNOLOGY CO LT, C/O FBA650 BOULDER DR , D601 BUILDING 2 DONGWU LANE XIAS HUIJING NEW VILLAGE BUJI STREET ,N/A,N/A,,"CN, CHINA",,Pusan,"NEW YORK,NY",830250,PLASTIC BRACKET,NO MARKS,34.0,CTN,357.0,0.0,AMZDCN25MACE3MNH,CAAU7596420,
2026-01-06,美国,中国,CHUYANG TRADE LIMITED,GUANGZHOU MAITELIN IT LTD, 418 BROADWAY STE R ALBANY NY 1220 712207 ,ROOM 811 BUILDING A KAIXIANGE-COM MERCE BUILDING 50 JUYUANSTREET SH ICHA ROAD SHIJING STREET ,CHUYANG TRADE LIMITED, 418 BROADWAY STE R ALBANY NY 1220 712207 ,,"CN, CHINA",,"SHENZHEN,YANTIAN","NEW YORK,NY",851621,STORAGE SIDEBOARD,NO MARKS,783.0,CTN,12108.0,242160.0,CHIASEF251122595,TGBU4709540,
2026-01-06,美国,中国香港,,GUANGZHOU TAN TAT METAL WORKS CO LT,N/A, NO1 NO 1 RD OF NEW GUANGCONG RD YONGXING VILLAGE TAIHE TOWN BAIYUN ,N/A,N/A,,"HK, HONG KONG",,HONG KONG,"NEW YORK,NY",701810,BEADS/CLASPS/IMITATION JEWELRY/PINS,TAN TAT,9.0,CTN,125.0,0.0,OIAGS02071240,TCKU6814561,
2026-01-06,美国,中国,SANTAN TRADE LLC,GUANGZHOU FULLBLOWN TRADE CO,1942 BROADWAY STREET SUITE 314C BO ULDER CO 80302 BOULDER COLORADO 80302 US ,LIMI NO X1301-B8287 1ST BUILDING NO 10 6 FENGZEEAST RD NANSHA DISTRICT G UANGZHOU CN ,SANTAN TRADE LLC,1942 BROADWAY STREET SUITE 314C BO ULDER CO 80302 BOULDER US ,,"CN, CHINA",,"SHENZHEN,YANTIAN","NEW YORK,NY",590500,TABLE: TABLE: STOOL: WALL HANGING KEYCHAIN: SIDEBO ARD: SHELF: WALL MIRROR: WALL MIRROR: VASE: CLOCK: THIS SHIPMENT CONTAINS N O SOLID WOOD PACKING MATERIALS,"SF-ST423 SF-CF410-TOP,SF-CF410-BASE SF-DT158W-TOP SF-CF609,SF-ST458,SF-CF118,SF-ST064 SF- ST517,SF-CF518 SF-S482WH SF-MP128 B588,B234 7-1,B2350-1,B2351-1 SF-BT594 SF-BT603 SF-TS1 32-60 SF-WM201,SF-WM188,SF-WM189 SF-WM607,SF -WM088,SF-WM087,SF-WM129BK-43IN,SF-WM032-60,SF-WM001-2,SF-WM117 SF-FV534,SF-FV533,SF-FV309-30IN,SF-FV309GD-30IN SF-MC126,SF-MC551,SF-M C205,SF-MC553,SF-MC062-80,SF-MC205-60",580.0,CTN,8420.0,0.0,SXCOSZOE25112032,SEGU4159108,
2026-01-06,美国,中国,FUTURE FOCUS AQUILENTRA CO LTD,GUANGZHOU COUNSELOR TRADE CO LT, 1693 YEAGER AVE LA VERNE CALIFORNIA91750 US , ROOM 313 NO 2 YUNQUANZHI STREET GUANGYUAN EASTROAD YUEXIU DISTRICT GUANGZHOU CITY GUANGZHOU CN ,N/A,N/A,,"CN, CHINA",,SHANGHAI,"NEW YORK,NY",950662,LEAF BLOWER HS CODE: PU SOCCER HS CODE:,NO MARKS,786.0,CTN,12229.0,0.0,SKEMZG2512010019,CSNU8199178,
2026-01-06,美国,中国,OPTOMA TECHNOLOGY INC,GUANGZHOU SHIRUI ELECTRONICS CO LTD,47697 WESTINGHOUSE DR , NO 192 KEZHU ROAD SCIENCE PARK ,N/A,N/A,,"CN, CHINA",,"SHENZHEN,YANTIAN","OAKLAND, CA",761511,DIGITAL SIGNAGE HS CODE BOARD HS CODE POT POT CTNS CONTAIN PKG,OPTOMA CORPORATION 1 1 PACKAGE,5.0,CRT,184.0,0.0,NAQAPOAK5842810V,FSCU5726910,
2026-01-06,美国,中国,ZENITH SKY LTD,GUANGZHOU TINGFEN TRADE CO LTD,500 DELAWARE AVE STE 1 #1960 WILMI NGTON DE 19899 WILMINGTON 19899 U S , NO 58 ZHAOBU XINWU NORTH STREET YUEHU VILLAGE XIANCUN TOWN ZENGCHE NG DISTRICT GUANGZHOU GUANGZHOU CN ,ZENITH SKY LTD,500 DELAWARE AVE STE 1 #1960 WILMI NGTON DE 19899 WILMINGTON US ,,"CN, CHINA",,"SHENZHEN,YANTIAN","NEW YORK,NY",090300,HOME DECORATION/DISHWASHER PARTS/FILE HOLDER THIS SHIPMENT CONTAINS NO WOOD PACKING MATE RIALS /,NO MARKS,989.0,CTN,11850.0,0.0,TXSVTSZX25112725,EGHU9464999,
2026-01-06,美国,中国,WORLD MARKET MANAGEMENT SERVICES LL,GUANGZHOU TOPMAX ENTERPRISE LIMITED,1201 MARINA VILLAGE PARKWAY ALAMEDA CA 94501 UNITED STATES , ROOM 216 217 NO 237 XINGANG DONGLU GUANGZHOU GD 510000 CHINA ,WORLD MARKET MANAGEMENT SERVICES LL,1201 MARINA VILLAGE PARKWAY ALAMEDA CA 94501 UNITED STATES ,,"CN, CHINA",,Port of Seattle,"NORFOLK,VA",630110,MACHINE MADE RUGS,NO MARKS,33.0,CTN,5379.0,0.0,COSU6435415820,FFAU3183314,
2026-01-06,美国,中国,YHZ BUSINESS INC,GUANGZHOU GANCAN TRADE CO LTD,11625 SW SETTLER WAY BEAVERTON OR 97008 BEAVERTON OREGON 97008 US , SHOP 51 NO 34 QIUYUE STREET QIAO CHENG ROAD HAIZHU DISTRICT GUANGZH OU CITY GUANGZHOU CN ,N/A,N/A,,"CN, CHINA",,"SHENZHEN,YANTIAN","NEW YORK,NY",841420,FOOT BATH TUB HS CODE:,NO MARKS,840.0,PKG,12029.0,0.0,SKEMZG2512020051,CSNU8471178,
2026-01-06,美国,中国,MEDERER OF NORTH AMERICA INC,TROLLI GUANGZHOU CONFECTIONERY CO,1700 WEST HIGGINS ROAD SUITE 680 DES PLAINES IL60018 US ,SHAWAN PANYU DISTRICT GUANGZHOUCN ,N/A,N/A,,"CN, CHINA",,"SHENZHEN,YANTIAN","NEW YORK,NY",843820,GUMMI CANDIES ( CONFECTIONERY PRODUCT )GUMMI CANDIES (CONFECTIONERY PRODUCT )GUMMI CANDIES ( CONFECTIONERY PRODUCT )GUMMI CANDIES ( CONFECTIONERY PRODUCT )GUMMI CANDIES ( CONFECTIONERY PRODUCT)GUMMI CANDIES ( CONFECTIONERY PRODUCT ),NO MARKSNO MARKSNO MARKSNO MARKSNO MARKSNO MARKS,34080.0,CTN,50404.0,0.0,GBORDX251100829,"ECMU4823508,MAGU5280697,TXGU6936314,CMAU4432500,ECMU5113497,CMAU8740646",
2026-01-06,美国,中国,THERMO FISHER SCIENTIFIC C O HYPER,GUANGZHOU JET BIO FILTRATION PRODUC,9301 INTERMODAL CT N , NO 1 DOUTANG ROAD YONGHE DEVELOPMENT ZONE ,N/A,N/A,,"CN, CHINA",,"SHENZHEN,YANTIAN","TACOMA,WA",732290,SYRINGE DRIVEN FILTERSCONICAL CENTRIFUGE TUBES PLTS = CTNS,NO MARKS,439.0,CTN,1480.0,0.0,OIAGS02072063,DRYU2595852,
2026-01-06,美国,中国,STARS TRADE INC,GUANGZHOU ISSYZONE TECHNOLOGY CO LTD,1331 PORTO GRANDE DR UNIT 5 DIAMON D BAR CA 91765 , UNIT J101 NO 31 FIFTH XICHA ROAD BAIYUN DISTRICT GUANGZHOU ,STARS TRADE INC,1331 PORTO GRANDE DR UNIT 5 DIAMON D BAR CA 91765 ,,"CN, CHINA",,"SHENZHEN,YANTIAN","NEW YORK,NY",853990,LAMP,NO MARKS,847.0,PKG,10305.0,0.0,OSTISZNYC25B6167,OOLU9821468,
2026-01-06,美国,中国,GUANGZHOUSHI HUTU FUSHI YOUXIANGONG SI C O FBA24208 SAN MICHELE,GUANGZHOUSHI HUTU FUSHI YOUXIANGONG, RD ,SIBAIYUNQU BAIYUNHUJIE XIAMAOSHAYUANFANG SHIZIDAJIE 103 HAO A DONG 601 ,N/A,N/A,,"CN, CHINA",,"SHENZHEN,YANTIAN",LOS ANGELES,640520,WOMEN TOP WOMEN SKIRTS WOMEN SUITS,FBA194QTMNW4 FBA194QTMNW4 FBA194QTMNW4,57.0,CTN,1188.0,0.0,AMZDCN25TI4FU5DO,CAAU6011070,
2026-01-06,美国,中国,MASLKATY DISTRIBUTION INC,GUANGZHOU LE CHAO TRADE CO LTD,CONTACT ADD 41 14B MAIN ST STE B26 FLUSHING NY 11355 US , NO 129 DONGPING NORTH ROAD YONGPINGSTREET BAIYUN DISTRICT GUANGZHOU C ITY GD CN ,MASLKATY DISTRIBUTION INC,CONTACT ADD 41 14B MAIN ST STE B26 FLUSHING NY 11355 US ,,"CN, CHINA",,SHANGHAI,LONG BEACH,621020,KNIT WOMEN S COATS,NO MARKS,2282.0,CTN,8070.0,0.0,OSTISHLGB25C0530,TCNU9231979,
2026-01-06,美国,中国,FIASMIO DISTRIBUTION INC,GUANGZHOU SHIYUANSHI,CONTACT ADD 41 14B MAIN ST STE B26 FLUSHING NY 11355 USA ,322 401 FOURTH FLOOR NO 28 JIANZHONG ROAD TIANHE DISTRICT GU ANGZHOU,FIASMIO DISTRIBUTION INC,CONTACT ADD 41 14B MAIN ST STE B26 FLUSHING NY 11355 USA ,,"CN, CHINA",,SHANGHAI,LONG BEACH,610910,KNIT BOYS SHIRTS KNIT LADIES PANTS +INTERNATIONAL TRADING CO LTD,NO MARKS,1234.0,CTN,11561.0,0.0,OSTISHLGB25C0533,SMCU9500559,
2026-01-06,美国,中国,RARLON INC,GUANGZHOU HUAMINGHU DEP ST CO LTD,2501 CHATHAM RD STE 5350 SPRINGFIELD IL 62704 , C71301 3RD FLOOR NO 597 SHIMAXIAHUA1ST ROAD JUNHE STREET BAIYUN GUANGZHOU 510440 ,RARLON INC,2501 CHATHAM RD STE 5350 SPRINGFIELD IL 62704 ,,"CN, CHINA",,"SHENZHEN,YANTIAN","OAKLAND, CA",940140,SOFA,NO MARKS,282.0,CTN,17369.0,0.0,WMSRL2JEO5120123,CMAU3451065,
2026-01-06,美国,中国,GUANGZHOU JUFENG INTERNET TECHNOLOG Y CO,GUANGZHOU JUFENG INTERNET TECHNOLOG Y CO LTD,L C/O FBA4121 COYOTE CANYON R D ,ROOM B274 BUILDING D18 #6 HUANGCUN NORTH ROAD ,GUANGZHOU JUFENG INTERNET TECHNOLOG Y CO LTD,ROOM B274 BUILDING D18 #6 HUANGCUN NORTH ROAD ,,"CN, CHINA",,NINGBO,LOS ANGELES,441299,CLEAR CELLOPHANE WRAP,FBA194YBLJTMU000001-100,100.0,CTN,2080.0,0.0,AMZDCN25OCVTNRKK,ECMU5373149,
2026-01-06,美国,中国,VENUS GROUP,GUANGZHOU ELOV COSMETICS CO LTD,MANAGEMENT INC 130 CHAPARRAL COURT 245 ANAHEIM CA 92808 DOC VENUSGROUPMGT COM , 18 HELONG 5RD XIUSHUI INDUSTRIAL ZONE TOWN BAIYUN DISTRICT GUANGZHOU GUANGDONG CHINA ,VENUS GROUP,MANAGEMENT INC 130 CHAPARRAL COURT 245 ANAHEIM CA 92808 DOC VENUSGROUPMGT COM ,,"CN, CHINA",,"SHENZHEN,YANTIAN","NEW YORK,NY",340130,FACIAL SERUM FACE WASH SKIN CREAM SCRUB MASK,INVOICE NO:GBCELOV056-4 DATE:03-DECEMBER-202 5,11913.0,CTN,25876.0,0.0,CMDUSHZ7685735,TXGU7963757,
2026-01-06,美国,中国,GUANGZHOU ZHONGSU XINXIKEJI YOUXIAN GONGSI C O FBA24208 SAN MICHELE,GUANGZHOU ZHONGSU XINXIKEJI YOUXIAN, RD ,GONGSIHUANGSHIJIEDAO LIUTIEGANGLU8HAO ,N/A,N/A,,"CN, CHINA",,"SHENZHEN,YANTIAN",LOS ANGELES,940360,WOODEN FURNITURE LEGS METAL MOUNTING PLATES METAL FURNITURE LEGS ACRYLIC FURNITURE LEGS,NO MARKS,33.0,CTN,627.0,0.0,AMZDCN25HZONBGRR,EMCU8333540,
2026-01-06,美国,中国,THILLAY INC,GUANGZHOU DINGHONG TRADE CO LTD,208 N BROADWAY STE 450 BILLINGS MT UNITED STATES 59101 , ROOM 320 NO 1 JIANGXIA NORTH MIDDLE ROAD BAIYUN DISTRICT GUANGZHOU GD CHINA 510000 ,THILLAY INC,208 N BROADWAY STE 450 BILLINGS MT UNITED STATES 59101 ,,"CN, CHINA",,Pusan,"NEW YORK,NY",820411,LUNCH BOX,AS ADDRESSED,1320.0,CTN,9269.0,0.0,KFUNA2511400021,MRSU3452607,
2026-01-06,美国,中国,HONGKONG D Z M CO LTD,GUANGZHOU ZHIHONG NETWORK TECHNOLOG Y CO LTD, C/O FBA 2150 US HWY 70 BUSINESS WEST ,SECOND FLOOR NO 1 SHILO NGGANG ROAD DALONG STREET YUELI I ,N/A,N/A,,"CN, CHINA",,"SHENZHEN,YANTIAN","NEW YORK,NY",961220,MOP PADS FILTER DUST BAGS RUBBER COVER MOP PADS FILTER MOP PADS FILTER MOP PADS FILTER MOP PADS DUST BAGS,FBA193T67KL5 FBA193Q545LS FBA193Q545LS FBA193T679VT FBA193T8JH0S FBA193T8JH0S FBA193T94WT8 FBA193T94WT8 FBA193SXCYB6 FBA193SXCYB6 FBA193T4S8Q5 FBA193TTJJ8L,21.0,CTN,237.0,0.0,AMZDCN252MYVJ2HH,BSIU8094301,
2026-01-06,美国,中国,GUANGZHOU WOFEI MAOYIYOUXIANGONGSI C O FBA24208 SAN MICHELE,GUANGZHOU WOFEI MAOYIYOUXIANGONGSI YONGPING SUBDISTRICT, RD ,ROOM 601 BUIL DING A3 NO 83 XUESHANTANG STREET ,N/A,N/A,,"CN, CHINA",,"SHENZHEN,YANTIAN",LOS ANGELES,640299,WOMEN WEDGE SANDALS WOMEN SNOW BOOTS WOMEN FLATS SANDALS WOMEN WEDGE SANDALS WOMEN WEDGE SANDALS WOMEN WEDGE SANDALS CLOGS FOR WOMEN WOMEN FLATS SANDALS WOMEN FLATS SANDALS WOMEN WEDGE SANDALS,NO MARKS,93.0,CTN,1236.0,0.0,AMZDCN25BGXGNK72,EMCU8333540,
2026-01-06,美国,中国,THE SPARK INNOVATIONS,GUANGZHOU YUAN CAI CO LTD,131 RUTGERS DRIVE LAKEWOOD NJ 08701USA ATTN:LEAH SCHWED LAKEWOOD NJ 08701 US, ROOM 301 3RD FLOOR SECOND OF NO 9 10THLANE DA BU ROAD QINGHE JUNHE GUANGZHOU CN ,THE SPARK INNOVATIONS,131 RUTGERS DRIVE LAKEWOOD NJ 08701USA ATTN:LEAH SCHWED LAKEWOOD US,,"CN, CHINA",,"SHENZHEN,YANTIAN","NEW YORK,NY",901920,EDUCATIONAL THERAPY CARDS FLIP BOOK CATALOG THIS SHIPMENT CONTAINS NO SOLID WOOD PACKING MATERIALS,YC1-0963,1100.0,CTN,17186.0,0.0,SHVL2511NYC4546F,TCNU1204914,
2026-01-06,美国,中国,LW BUSINESS INC,GUANGZHOU GANCAN TRADE CO LTD,86 DERFUSS LANE BLAUVELT NY 10913 BLAUVELT NEW YORK 10913 US , SHOP 51 NO 34 QIUYUE STREET QIAO CHENG ROAD HAIZHU DISTRICT GUANGZH OU CITY GUANGZHOU CN ,N/A,N/A,,"CN, CHINA",,"SHENZHEN,YANTIAN","NEW YORK,NY",901780,MEASURING SPOON HS CODE:,NO MARKS,1447.0,CTN,13042.0,0.0,SKEMZG2512020041,CBHU9195477,
2026-01-06,美国,中国,GUANGZHOU XIJING TRADE CO LTD,GUANGZHOU XIJING TRADE CO LTD, C /O FBA6120 CLINKER DRIVE , TANGDONG EAST ROAD TIANHE DISTRICT ROOM C435 4TH FLOOR NO 11 HAIZH ,GUANGZHOU XIJING TRADE CO LTD, 1910 E CENTRAL AVE ,,"CN, CHINA",,NINGBO,LOS ANGELES,851621,KITCHEN STORAGE TOOL,NO MARKS,84.0,CTN,1260.0,0.0,AMZDCN25DFEUXD5Y,SUDU6608260,
2026-01-06,美国,中国,YHZ BUSINESS INC,GUANGZHOU COUNSELOR TRADE CO LT,11625 SW SETTLER WAY BEAVERTON OR 97008 BEAVERTON OREGON 97008 US , ROOM 313 NO 2 YUNQUANZHI STREET GUANGYUAN EASTROAD YUEXIU DISTRICT GUANGZHOU CITY GUANGZHOU CN ,N/A,N/A,,"CN, CHINA",,"SHENZHEN,YANTIAN","NEW YORK,NY",670290,FLOWER STAND HS CODE:,NO MARKS,828.0,PKG,8495.0,0.0,SKEMZG2511250003,TGBU4063471,
2026-01-06,美国,中国,YUANWEI TRADE LIMITED,GUANGZHOU TIAN YI INFORMATION TECHNOLOGY CO LTD, 1055 WILSHIRE BLVD 900B LOS ANGELESCA 90017 , ROOM 309 NO 6 W ANGGANG INDUSTRIAL 2ND ROAD BAIYUN DISTRICT GUANGZHOU ,YUANWEI TRADE LIMITED, 1055 WILSHIRE BLVD 900B LOS ANGELESCA 90017 ,,"CN, CHINA",,SHANGHAI,LOS ANGELES,481960,STORAGE BOX,NO MARKS,721.0,CTN,11300.0,0.0,KSCNKSI25120323,TCNU3035182,
2026-01-06,美国,中国,WIN COMPANY,GUANGZHOU H&T TRADE CO LTD, ADD 543 2ND AVE SAN FRANCISCO CA 9 4118 U S A , ADD NO 1507 EAST TOWER XINGHUI INT ERNATIONAL BUIL DING JINSUI ROAD ZHU JIANG NEW TOW N TIANHE DISTRI ,ABILITY CUSTOMS BROKERS,13910 DOOLITTLE DR SAN LEANDRO CA 94577 ,,"CN, CHINA",,"SHENZHEN,SHEKOU","OAKLAND, CA",392290,WHITE CERAMIC TABLE WARE BAMBOO SKEWER PLASTIC COLANDER IRON WOK THE SHIPMENT CONTAINS NO WOOD PACKING MATERIALS.,. .,1131.0,PKG,19060.0,0.0,BKGASZF25110560,WHSU6700081,
2026-01-06,美国,中国,SESAME TRADE INC,GUANGZHOU BEI NUO YI TRADE CO L,2108 N ST STE N SACRAMENTO CA 9581 6 SACRAMENTO US ,4?/F??NO 8?SYNTHETIC?SOUTH?ROAD ?SHILING?TOWN ?HUADU?DISTRICT ?GUANGZHOU?CITY GUANGDONG?PROVINCE CHI CN ,PRIME EVERY WEEK INC,ADD:9630 OAK ST BELLFLOWER CA 9070 6 BELLFLOWER US ,,"CN, CHINA",,"SHENZHEN,YANTIAN","NEW YORK,NY",630252,PLASTIC TABLECLOTH,NO MARKS,950.0,CTN,15730.0,0.0,SUSSPWL202511282,TXGU7715684,
2026-01-06,美国,中国,FLASOUBO COMMERCE INC,GUANGZHOU ZHAOYUAN TRADE CO LTD,41-14B MAIN ST STE B26 FLUSHING NY 11355 UNITED STATES , NO 106 FENGZE EAST ROAD NANSHA DISTRICT GUANGZHOU CHINA ,FLASOUBO COMMERCE INC,41-14B MAIN ST STE B26 FLUSHING NY 11355 UNITED STATES ,,"CN, CHINA",,SHANGHAI,LONG BEACH,610821,MENS CASUAL SUITS MENS PANTS,NO MARKS,4126.0,CTN,8691.0,0.0,SZQEMNGLU2511199,SMCU1014566,
2026-01-06,美国,中国,,GUANGZHOU GO JUDY TRADE CO LTD,N/A, NO 605 NO 263 GAOTANG ROAD TIANHE DISTRICT GUANGZHOU CITY 510000 ,N/A,N/A,,"CN, CHINA",,SHANGHAI,Baltimore,842860,DINING CHAIR,WHS-102811-41563632,30.0,CTN,335.0,0.0,CGGMSGH5049467,MRSU6050005,
2026-01-06,美国,中国,TEN DRAGONS TRADE INC,GUANGZHOU WEIGO FRESHPACK TECH SERVICE CO LTD,15 S OREGON AVE TACOMA WA 98409 , RM 211 SEASIDE WAREHOUSE XINMIN 4TH ST GEXIN ROAD HAIZHU DISTRICT GUANGZHOU GUANGZHOU CN ,TEN DRAGONS TRADE INC,15 S OREGON AVE TACOMA WA 98409 ,,"CN, CHINA",,"SHENZHEN,YANTIAN","NEW YORK,NY",391590,PET TRAYPET TRAY,NO MARKSNO MARKS,6576.0,CTN,40956.0,0.0,OSTIGZNYC25C0073,"EGSU9342422,EITU1356026",
2026-01-06,美国,中国,BRIGHTPATH TRADE INC,GUANGZHOU YUTENG TRADE CO LTD,2920 E INLAND EMPIRE BLVD SUITE 105ONTARIO CA 91764 ONTARIO US , 9 ROOM 148 B604 6TH FLOOR NO 2 XI NCEN 4TH ROAD TIANHE DISTRICT GUAN GZHOU GUANGZHOU CN ,BRIGHTPATH TRADE INC,2920 E INLAND EMPIRE BLVD SUITE 105ONTARIO CA 91764 ONTARIO US ,,"CN, CHINA",,"SHENZHEN,YANTIAN","OAKLAND, CA",481960,STORAGE BOX HEADSET KEYBOARD PLASTIC STRAWS TENT,NO MARKS,869.0,CTN,15598.0,0.0,YKSEKM251211048,CSGU6709890,
2026-01-06,美国,中国,YUANWEI TRADE LIMITED,GUANGZHOU TIANYI INFORMATION TECHNOLOGY CO LTD, 1055 WILSHIRE BLVD 900B LOS ANGELESCA 90017 , ROOM 309 NO 6 W ANGGANG INDUSTRIAL 2ND ROAD BAIYUN DISTRICT GUANGZHOU 510000 ,YUANWEI TRADE LIMITED, 1055 WILSHIRE BLVD 900B LOS ANGELESCA 90017 ,,"CN, CHINA",,SHANGHAI,LOS ANGELES,481960,STORAGE BOX/WOMAN TOP,NO MARKS,1013.0,CTN,16700.0,0.0,KSCNKSI25120348,ECMU8040305,
2026-01-06,美国,中国,HANHAI COMMERCE INC,GUANGZHOU LAI SHUN CROSS BORDER E C D,5780 SOESTERN COURT UNIT B CHINO CA91710 ,ROOM 406 NO 40 DAJINZHONG RD JINGTAI STREET BAIYUN DISTRICT GUANGZHOU GD CHINA ,HANHAI COMMERCE INC,5780 SOESTERN COURT UNIT B CHINO CA91710 ,,"CN, CHINA",,SHANGHAI,LONG BEACH,851850,BOYS CASUAL SETS,NO MARKS,1048.0,CTN,7825.0,0.0,SZQEMNGLU2511206,SMCU1218003,
2026-01-06,美国,中国,FUYAO GLASS AMERICA INC,GUANGZHOU FUYAO GLASS COMPANY,2801 WEST STROOP ROAD MORAINE OH 45439 UNITED STATES , LIMIT NO 1 SOUTH XINYAO ROAD XINTANG TOW GUANGZHOU GD 510000 CHINA ,PHISON INTERNATIONAL INC,SUITE 120 555 WEST PIERCE ROAD ITASCA IL 60143 UNITED STATES ,,"CN, CHINA",,"SHENZHEN,YANTIAN","NEW YORK,NY",700719,AUTOMOTIVE TEMPERED SAFETY GLASSAUTOMOTIVE TEMPERED SAFETY GLASSAUTOMOTIVE TEMPERED SAFETY GLASS,NO MARKSFYGZLG02251124- 1 FYGZLG02251124- 2 FYGZLG02251124- 3NO MARKS,119.0,PKG,46245.0,0.0,COSU6436704060,"OOCU6537472,EWLU7048680,EWLU7048714",
2026-01-06,美国,中国,XIAOLONGB TRADE INC,GUANGZHOU COUNSELOR TRADE CO LTD,PAUL PAYES 518 HARRISON AVE NUM 1025 LEADVILLE CO 80461 , ROOM 313 NO 2 YUNQUANZHI STRE ET GUANGYUAN EAST ROAD YUEXIU DIS TRICT GUANGZHOU CITY ,XIAOLONGB TRADE INC,PAUL PAYES 518 HARRISON AVE NUM 1025 LEADVILLE CO 80461 ,,"CN, CHINA",,NINGBO,LONG BEACH,420100,DOG SOFA DOG BED,NO MARKS,848.0,CTN,8440.0,0.0,NIPANBMS25120253,CAAU5165595,
2026-01-06,美国,中国,YUANWEI TRADE LIMITED,GUANGZHOU TIAN YI INFORMATION TECHN OLOGY CO LTD, 1055 WILSHIRE BLVD 900B LOS ANGELESCA 90017 , ROOM 309 NO 6 WANGGA NG INDUSTRIAL 2ND ROAD BAIYUN DISTRICT GUANGZHOU ,YUANWEI TRADE LIMITED, 1055 WILSHIRE BLVD 900B LOS ANGELESCA 90017 ,,"CN, CHINA",,NINGBO,LOS ANGELES,481960,STORAGE BOX,NO MARKS,916.0,CTN,14400.0,0.0,KSCNKSI25120319,FFAU5185661,
2026-01-06,美国,中国,HOTABREDA TRADE INC,GUANGZHOU ZHAOYUAN TRADE CO LTD,41-14B MAIN ST STE B26 FLUSHING NY 11355 , NO 106 FENGZE EAST ROAD NANSHA DISTRICT GUANGZHOU CHINA ,HOTABREDA TRADE INC,41-14B MAIN ST STE B26 FLUSHING NY 11355 ,,"CN, CHINA",,SHANGHAI,LONG BEACH,621020,KNIT WOMENS COATS,NO MARKS,1474.0,CTN,10736.0,0.0,SZQEMNGLU2511204,BSIU8492389,
2026-01-06,美国,中国,GUANGZHOU BIGZ E COMMERCE CO LTD,GUANGZHOU YIZHIQINGNIAO IMPORT & EXPORT CO LT, C/O FBA1568 N LINDEN AVE ,DYING BIN DA DAO 103 HAO ,N/A,N/A,,"CN, CHINA",,"SHENZHEN,YANTIAN",LOS ANGELES,441033,FESTIVAL DECORATIVE GIFT BOXES FESTIVAL DECORATIVE PAPER SHREDS,NO MARKS,179.0,CTN,3240.0,0.0,AMZDCN25NADKCR5W,EITU1645517,
2026-01-06,美国,中国,MARS WRIGLEY CONFECTIONERY US LLC,STAR PINE GUANGZHOU TRADE CO LTD,4755 THURMOND TANNER PARKWAY FLOWERY BRANCH GA 30542 USA GA , RM 203 BUILDING 3 SHANGCHENG INTL NO 9 JIESHUN RD NORTH PANYU AVENUE PANYU GUANGZHOU ,MARS WRIGLEY CONFECTIONERY US LLC,4755 THURMOND TANNER PARKWAY FLOWERY BRANCH GA 30542 USA GA ,,"CN, CHINA",,"SHENZHEN,YANTIAN",Savannah,390710,POLYTERPENE RESIN . . . . .,"NET WEIGHT:1,000 KGS 500 KGS GROSS WEIGHT:1,023 KGS 520 KGS P.O.NO.:1008296538 ITEM NUMBER:00010 ITEM DESCRIPTION: RES CARPAL 125 COUNTRY OF ORIGIN: CHINA",780.0,BAG,19957.0,0.0,FSGTCANSE2511069,ONEU1413860,
2026-01-06,美国,中国,ECOCLEAN SOLUTIONS INC,GUANGZHISEN TECHNOLOGY GUANGZHOU,18121 E HAMPDEN AVE UNIT C NUM 716AURORA CO 80013 LONG BEACH US ,901 BUILDING 9-1 POLY NANSHA METROPOLIS NO 1 JINZHOU HUANSHE NG STREET JINLONG ROAD NANSH CN,SHIPPING 1 INC,1783 W 2ND ST POMONA CA 91766 LONG BEACH US ,,"CN, CHINA",,SHANGHAI,LONG BEACH,722920,CAR HEADLIGHT,NO MARKS,1340.0,CTN,15971.0,0.0,YIXEJHDSHS001,FSCU7061096,
2026-01-06,美国,中国,LQUEN TRADE INC,GUANGZHOU COUNSELOR TRADE CO LTD,217 LOWELL RD BUFFALO NY 14217 USA , ROOM 313 NO 2 YUNQUANZHI STREET GUANGYUAN EAST ROAD YUEXIU DISTRICT GUANGZHOU CITY GUANGDONG ,JAAK TRANSPORT INC,21073 PATHFINDER RD SUITE 101 DIAMOND BAR CA 91765 USA ,,"CN, CHINA",,SHANGHAI,"NEW YORK,NY",392220,PLASTIC TUMBLERS HS CODE:,NO MARKS,754.0,CTN,9068.0,0.0,HYSLNSHA12250369,OOCU7761851,
2026-01-06,美国,中国,CLEAR TOUCH INTERACTIVE INC,GUANGZHOU ERGOENJOY TECHNOLOGY CO,1100 THOUSAND OAKS BOULEVARD GREEN VILLE SOUTH CAROLINA 29607 US ,NO 6 YUNPU ROAD 4TH HUANGPU GUANGZ HOU CN ,CLEAR TOUCH INTERACTIVE INC,1100 THOUSAND OAKS BOULEVARD GREEN VILLE US ,,"CN, CHINA",,"SHENZHEN,YANTIAN",Charleston,960400,HAND-CRANKED STANDHAND-CRANKED STANDHAND-CRANKED STANDHAND-CRANKED STAND,NO MARKSNO MARKSNO MARKSNO MARKS,448.0,PKG,14291.0,0.0,CWQGESZX2502570B,"EGSU1522752,EITU9563631,MAGU5395823,EITU9577851",
2026-01-06,美国,中国,STORM TIME TRADE INC,GUANGZHOU ZUNRONG TRADE CO LTD,5675 8TH AVE FLBROOKLYN NY 11220-0000 000 FLBROOKLYN NY US , ROOM 606 NO 14 LANE 7 ZONE 5 KE NGCHUNLI TIANMEI VILLAGE XINHUA ST REET HUADU DISTRICT GUANGZHOU CN ,STORM TIME TRADE INC,5675 8TH AVE FLBROOKLYN NY 11220-0000 000 FLBROOKLYN NY US ,,"CN, CHINA",,SHANGHAI,"NEW YORK,NY",871680,TROLLEY LUGGAGE,SH2508002+GH2508002 IP8825110300121,570.0,CTN,7507.0,0.0,CIECCA25120271,TRHU7516277,
2026-01-06,美国,中国,CYCLONE BRANDS LLC,GUANGZHOU BUNJOIN INTERNATIONAL TRA DING CO LTD,C/O FBA 401 INDEPENDENCE ROAD ,ROOM 401 NO 1933 HUA GUAN ROAD TIANHE DISTRICT GUANGZH ,N/A,N/A,,"CN, CHINA",,Pusan,"NEW YORK,NY",330290,ESSENTIAL OIL READY TO USE,NO MARKS,20.0,CTN,425.0,0.0,AMZDCN257RZJA7FZ,CAAU9302063,
2026-01-06,美国,中国,YHT TRADE CO INC,GUANGZHOU SHIYUANSHI INTERNATIONAL, 1624 MARKET ST STE 226 NO78258DENVERCO80202 ,322 401 FOURTH FLOOR NO 28 JIANZHONG ROAD TIANHE DISTRICT GU ANGZHOU,YHT TRADE CO INC, 1624 MARKET ST STE 226 NO78258DENVERCO80202 ,,"CN, CHINA",,SHANGHAI,"NEW YORK,NY",611011,MENS SHORTSMENS T-SHIRTMENS VEST,NO MARKS,2406.0,CTN,7358.0,0.0,SZQEMNGLU2511118,OOCU8692396,
2026-01-06,美国,中国,RIEKE LLC,GUANGZHOU LIGAO PLASTIC PRODUCTS CO LTD,DBA US DISPENSING 8200 INNOVATION CAMPUS WAY WEST NEW ALBANY OH 43054 CONTACT: ALEX BRANSTOOL , NO 77 ZHENXING BEI RD SHEN SHAN INDUSTRIAL ZONE BAIYUN DISTRICT ,RIEKE LLC,DBA US DISPENSING 8200 INNOVATION CAMPUS WAY WEST NEW ALBANY OH 43054 US ,,"CN, CHINA",,"SHENZHEN,YANTIAN","TACOMA,WA",930320,PLASITC PUMP,NO MARKS,443.0,CTN,6073.0,0.0,LUFRSZN25120395,YMMU7515601,
2026-01-06,美国,中国,SAROR TRADE INC,GUANGZHOU COUNSELOR TRADE CO LT,13165 SW SHORE DR PORTLAND OREGON 97223 US , ROOM 313 NO 2 YUNQUANZHI STREET GUANGYUAN EASTROAD YUEXIU DISTRICT GUANGZHOU CITY GUANGZHOU CN ,N/A,N/A,,"CN, CHINA",,SHANGHAI,"NEW YORK,NY",848220,BLENDER CUP HSCODE: BLENDER LID HSC ODE:,NO MARKS,888.0,CTN,12931.0,0.0,SKEMZG2512060028,GAOU6260310,
2026-01-06,美国,中国,EVERGREEN FOOD TRADE INC,GUANGZHOU RESTAURANT GROUP,59-18 56TH ROAD , LIKOFU NO 565 XINGNAN ROAD NANCUN TOWN PANYU ,EVERGREEN FOOD TRADE INC,59-18 56TH ROAD ,,"CN, CHINA",,"SHENZHEN,YANTIAN","NEW YORK,NY",030624,FROZEN DIMSUM,NO MARKS,1736.0,PKG,12192.0,0.0,SCNAHWSE25120006,OOLU6479520,
2026-01-06,美国,中国,FYRYSRE INC,GUANGZHOU HONGYI TRADE CO LTD,050 OPAL ST NUM 203 BROOMFIELD CO 80020 JASON0316@FOXMAIL COM CO U S , NO 5 DAPING VILLAGE DAGANG STREE T PANYU DISTRICT GUANGZHOU CITY 101 GUANGZHOU CN ,FYRYSRE INC,050 OPAL ST NUM 203 BROOMFIELD CO 80020 JASON0316@FOXMAIL COM CO US ,,"CN, CHINA",,"SHENZHEN,YANTIAN","NEW YORK,NY",940410,AIR MATTRESS THIS SHIPMENT CONTAINS NO SOLID WOODEN PACKING MATERIALS.,NO MARKS,930.0,CTN,18240.0,0.0,SUSSPWL202511653,FFAU3137556,
2026-01-06,美国,中国,KMCC INC,GUANGZHOU W Q S INTERNATIONAL TRAD,18351 COLIMA RD #425 ROWLAND HEIGHTS CA 91748 USA ,306 NO 90 FENGLE SOUTH ROAD HUANGPU DISTRICT GUANGZHOU GUANGDONG CHINA,N/A,N/A,,"CN, CHINA",,NINGBO,"NEW YORK,NY",392410,PLASTIC CUPS,NO MARKS,1271.0,CTN,7498.0,0.0,PPILNB125111954,SEGU6951177,
2026-01-06,美国,中国,WANGXIUYING,GUANGZHOU CRAZY SOFTWARE TECHNOLOGY,28-11 210TH PL BAYSIDE NY 11360 NEW YORK 11360 US ,102 BUILDING 1 NO 3 MINSH ENG HENG STREET GUANGZHOU CN,N/A,N/A,,"CN, CHINA",,"SHENZHEN,YANTIAN","NEW YORK,NY",845230,GAME MACHINE,NO MARKS,42.0,CTN,13940.0,0.0,FSIH2511043763,EGHU8274171,
2026-01-06,美国,中国,NETA GAIN TRADE LLC,GUANGZHOU JISU TONG INTERNATIONAL SUPPLY CHAIN MANAGEMENT CO LTD,11626 TUXFORD ST SUN VALLEY CA 913 52 , 5 TH FLOOR BUILDING 8 DYNAMIC WANGGANG CREATIVE PARK JIAHE WANGGANG BA ,NETA GAIN TRADE LLC,11626 TUXFORD ST SUN VALLEY CA 913 52 ,,"CN, CHINA",,"SHENZHEN,YANTIAN","NEW YORK,NY",940140,FABRIC SOFA,NO MARKS,89.0,CTN,6073.0,121460.0,GSDRHZMOY584388,EITU1454850,
2026-01-06,美国,中国,GOODALL WELL WORLD INC,GUANGZHOU LUNKEN TRADE CO LTD,101 GREENWICH ST STE 301 NEW YORK NY 10006 USA , ADD : NO 8 JIANGXIABEI MIDDLE ROAD HUANGSHI STREET BAIYUN DIST GUANGZHOU 510000 CHINA ,GGT WORLD INC,13195 FLORES STREET SANTA FE SPRINGS CA 90670 USA ,,"CN, CHINA",,"SHENZHEN,YANTIAN","OAKLAND, CA",481960,STORAGE BOX HS CODE:,NO MARKS,842.0,CTN,8330.0,0.0,HYSLFSZX12251153,EGSU9540520,
2026-01-06,美国,中国,TEH TUNG CORP,GUANGZHOU JIELIAN PAPER CO LTD, 8728 DICE ROAD SANTA FE SPRINGS CA 90670 USA SANTA FE SPRINGS 90670 U S , PART 1 OF 101 BUILDING NO 64 GUOMA O AVENUE SOUTHHUALONG TOWN PANYU GUANGZHOU CITY GUANGDONG GUANGZHOU CN ,N/A,N/A,,"CN, CHINA",,"SHENZHEN,YANTIAN",City of New York,480300,PAPER SINGLE FOLD TOWEL JUMBO ROLL PAPER PAPER BEVERAGE NAPKIN PO# A CTN KG PO# B CTN KG,PO#2591314A PO#2591314B,1418.0,CTN,10134.0,0.0,SXCOZSOE25120031,BSIU9341068,
2026-01-06,美国,中国,HSF BUSINESS INC,GUANGZHOU GANCAN TRADE CO LTD,9387 HOT SPRINGS RD CORONA CA 9288 3 CORONA US , SHOP 51 NO 34 QIUYUE STREET QIAO CHENG ROAD HAIZHU DISTRICT GUANGZ HOU CITY GUANGZHOU CN ,JL CUSTOMS SERVICE LLC,20418 EAST WALNUT DRIVE NORTH UNIT S 1B & 1C DIAMOND BAR CA 91789 DI AMOND BAR US ,,"CN, CHINA",,QINGDAO,LONG BEACH,670290,POLYESTER CARPET HS CODE: ARTIFICIA L FLOWERS HS CODE:,NO MARKS,835.0,CTN,12071.0,0.0,QIOQTAOGUS250340,FFAU7805566,
2026-01-06,美国,中国,FLASOUBO COMMERCE INC,FENGYI GUANGZHOU INTERNATIONAL,CONTACT ADD 41 14B MAIN ST STE B26 FLUSHING NY 11355 UNITED STATES ,ROOM 406 NO 40 DAJINZHONG RD JINGTAI STREET BAIYUN DISTRICT GUANGZHOU GD CHINA ,FLASOUBO COMMERCE INC,CONTACT ADD 41 14B MAIN ST STE B26 FLUSHING NY 11355 UNITED STATES ,,"CN, CHINA",,SHANGHAI,LONG BEACH,847439,MEN S PANTS MEN S PULLOVERS GIRL S PULLOVERS + E COMMERCE CO LTD,NO MARKS,2600.0,CTN,10304.0,0.0,OSTISHLGB25C0535,GAZU4174324,
2026-01-06,美国,中国,MESTUNG TRADE LIMITED,GUANGZHOU MAITELIN IT LTD, 418 BROADWAY STER ALBANY NY 1220712207 ,ROOM 811 BUILDING A KAIXIANGE-COM MERCE BUILDING 50 JUYUANSTREET SHI CHA ROAD SHIJING STREET ,MESTUNG TRADE LIMITED, 418 BROADWAY STER ALBANY NY 1220712207 ,,"CN, CHINA",,"SHENZHEN,YANTIAN","OAKLAND, CA",940140,SIDE TABLE PROTECTING DOOR RAILS SOFA,NO MARKS,1082.0,CTN,11012.0,220240.0,CHIASEF251216712,CSNU7833586,
2026-01-06,美国,中国,SHUANGLI GUANGZHOU RIYONGPIN CO LTD,SHUANGLI GUANGZHOU RIYONGPIN CO LTD, C/O FBA550 OAK RIDGE ROAD , ROOM 201-3 201-4 201-5 2ND FLOOR NO 5 LINGSHAN EAST ROAD ,N/A,N/A,,"CN, CHINA",,"SHENZHEN,YANTIAN","NEW YORK,NY",392410,PLASTIC TABLEWARE SET PLASTIC GARBAGE BAG,NO MARKS,1223.0,CTN,9767.0,0.0,AMZDCN25K62W7HIT,BSIU8094301,
2026-01-06,美国,中国,DAFU USA INC,GUANGZHOU JOBAR TRADE CO LTD,7895 TELEGRAPH RD MONTEBELLO CA 90 640 NEW YORK NY US , 91-93 ZHONGSHAN 8TH ROAD LIWAN DIS TRICT GUANGZHOOU CHINA YANTIAN CN ,N/A,N/A,,"CN, CHINA",,"SHENZHEN,YANTIAN","NEW YORK,NY",847940,DOG BIT ROPE,NO MARKS,936.0,CTN,14540.0,0.0,CGLSCSZ25111024,TIIU5347384,
2026-01-06,美国,中国,GUANGZHOUMOHANMIYA C O FBA,GUANG ZHOU MO HAN MI YA DIAN ZI SHA NG WU LTD,5990 N CAJON BLVD,ROOM XIANG XUE STREETWEST 299 ,N/A,N/A,,"CN, CHINA",,"SHENZHEN,YANTIAN",LOS ANGELES,830250,SHELF BRACKET,NO MARKS,431.0,CTN,6509.0,0.0,AMZDCN25USQM7344,TGBU4665695,
2026-01-06,美国,中国,RBW STUDIO LLC,GUANGZHOU WISCON ELECTRIC CO LTD,575 BOICES LN RECEIVEING DEPT/MIKE RIEKER 347-842-4743 X 1009 , 2-3/F BUILDING 4 NO 3 SOUTH ROAD YONGSHAN VILLAGE SHIQI PANYU GUANGZHOU GUANGDONG CHINA 511450 ,N/A,N/A,,"CN, CHINA",,"SHENZHEN,YANTIAN","NEW YORK,NY",854590,METAL LAMP SHADE,N/A,167.0,PKG,1800.0,0.0,EAIDSZS2512043,TLLU4145210,
2026-01-06,美国,中国,LUMINACORE INC,GUANGZHOU SHENDIANWEI TRADE CO LT,60 W MITCHELL HAMMOCK RD OVIEDO FL 32765 OVIEDO US , ROOM 4008 BUILDING B NO 140-214 YINGBIN ROAD LUOPU STREET PANYU DI STRICT GUANGZHOU CITY 511400 CN ,N/A,N/A,,"CN, CHINA",,"SHENZHEN,YANTIAN","NEW YORK,NY",851830,PHONE CASE,NO MARKS,932.0,CTN,12965.0,0.0,CGLSCSZ25111301,CSNU7643077,
2026-01-06,美国,中国,LBFX EMERALD TRADE CO LTD,GUANGZHOU HAOSHI TRADE CO LTD, 21749 BAKER PKWY WALNUT CA 91789 WALNUT CALIFORNIA 91789 US , ROOM 308 NO 56 TONGHE BAISHAN EAS T ROAD BAIYUNDISTRICT GUANGZHOU C ITY GUANGZHOU CN ,N/A,N/A,,"CN, CHINA",,SHANGHAI,LOS ANGELES,550959,SNOW BRUSH HS CODE: SEWING CLIPS HS CODE: POLYESTER TABLECLOTH HS CODE,NO MARKS,896.0,CTN,13151.0,0.0,SKEMZG2512220036,BSIU9527788,
2026-01-06,美国,中国,FXSWEDE AB CO FBA,GUANGZHOU FOURTO SANITARY PRODUCTS CO LTD,4000 SOUTH HAMNER AVENUE,NO 7 SHIYUAN RD#2 XIUQUAN STREET HUADU DISTRICT GUANGZHOU ,N/A,N/A,,"CN, CHINA",,"SHENZHEN,YANTIAN",LOS ANGELES,271290,WAX BEAN KIT WAX WARMER KIT,COMPANY:FXSWEDE AB COMPANY:FXSWEDE AB,993.0,CTN,13080.0,0.0,AMZDCN25MLCSVEI3,TGBU4025110,
2026-01-06,美国,中国,ATLAS CREST INNOVATIONS INC,GUANGZHOU TIANYI INFORMATION TECHNOLOGY CO LTD,10687 W HIGHWAY 156 WEST FORK AR 7 2774 , ROOM 309 NO 6 W ANGGANG INDUSTRIAL 2ND ROAD BAIYUN DISTRICT GUANGZHOU 510000 ,ATLAS CREST INNOVATIONS INC,10687 W HIGHWAY 156 WEST FORK AR 7 2774 ,,"CN, CHINA",,SHANGHAI,LOS ANGELES,481960,STORAGE BOX/WOMAN TOP,NO MARKS,918.0,CTN,14600.0,0.0,KSCNKSI25120351,BSIU8603651,
2026-01-06,美国,中国,KJD GOLD TRADE CO LTD,GUANGZHOU GANCAN TRADE CO LTD, 1693 YEAGER AVE LA VERNE CA 91750 LA VERNE CA US , SHOP 51 NO 34 QIUYUE STREET QIAO CHENG ROAD HAIZHU DISTRICT GUANGZ HOU CITY GUANGZHOU CN ,N/A,N/A,,"CN, CHINA",,SHANGHAI,"NEW YORK,NY",670290,ARTIFICIAL FLOWERS HS CODE: PLASTI C CLIP HS CODE:,NO MARKS,739.0,CTN,10835.0,0.0,NPSCSELSHA252577,OOCU9319598,
2026-01-06,美国,中国,HONGKONG XIAOMAN TECHNOLOGY CO,GUANGZHOU SHOUJIA ELECTRONIC TECHOL OGY CO LTD,LI MITED C/O FBA1494 S WATERMAN AVE ,ROOM 1306 XIN GANG DONG LU 1000 GUANGDONG CHINA CN ,N/A,N/A,,"CN, CHINA",,NINGBO,LOS ANGELES,901600,BARBELL WEIGHTS SET,FBA194DPF4TQ,250.0,CTN,5550.0,0.0,AMZDCN253IO2C5Z5,MRSU7703763,
2026-01-06,美国,中国,WITOP TRADE INC,GUANGZHOU ZHAOYUAN TRADE CO LTD,3654 MAIN ST FL3 FLUSHING NY 11354 USA , NO 106 FENGZE EAST ROAD NANSHA DISTRICT GUANGZHOU CHINA ,WITOP TRADE INC,3654 MAIN ST FL3 FLUSHING NY 11354 USA ,,"CN, CHINA",,SHANGHAI,LONG BEACH,611110,MENS PULLOVERS WOMENS PULLOVERS,NO MARKS,2142.0,CTN,10371.0,0.0,SZQEMNGLU2511205,SMCU1194468,
2026-01-06,美国,中国,ARTECH ELECTRONICS HK LIMITED,GUANGZHOU H & F ELECTRONICS TECHNOL OGY CO LTD, C/O F BA1568 N LINDEN AVE , ROOM 101 BUILDING 1 NO 32 NEW STREET XIAOWU NANSHA ,N/A,N/A,,"CN, CHINA",,"SHENZHEN,YANTIAN",LOS ANGELES,851929,RECORD PLAYER,NO MARKS,196.0,CTN,1588.0,0.0,AMZDCN255NBUFPDD,EITU1645517,
2026-01-06,美国,中国,GUANGZHOUMOHANMIYA C O FBA,GUANG ZHOU MO HAN MI YA DIAN ZI SHA NG WU LTD,5990 N CAJON BLVD,ROOM XIANG XUE STREETWEST 299 ,N/A,N/A,,"CN, CHINA",,"SHENZHEN,YANTIAN",LOS ANGELES,830250,SHELF BRACKET,NO MARKS,420.0,CTN,6733.0,0.0,AMZDCN25MAMZJUSX,EMCU8333540,
2026-01-06,美国,中国,ELITE INDUSTRIAL INC,GUANGZHOU FUYOU IMPORT & EXPORT T,36 S 18TH AVE STE D BRIGHTON CO 8 0601 ,605 RONGHUI BUILDING NO 302 ZHICHENG AVENUE GUANGZHOU ECONOM IC AND TECHNOLOGICAL DEVELOPMENT ZO,ELITE INDUSTRIAL INC,36 S 18TH AVE STE D BRIGHTON CO 8 0601 ,,"CN, CHINA",,"SHENZHEN,YANTIAN","NEW YORK,NY",950350,TOY DANCE MAT,NO MARKS,872.0,CTN,10251.0,205020.0,GSDRXU08584302,EGSU1832470,
2026-01-06,美国,中国,BOCK ADVANCED TRANSGLOBAL TRADE C,GUANGZHOU HAOSHI TRADE CO LTD,4558 BRAZIL ST LOS ANGELES CA 9003 9 LOS ANGELES CALIFORNIA 90039 US , ROOM 308 NO 56 TONGHE BAISHAN EAS T ROAD BAIYUNDISTRICT GUANGZHOU C ITY GUANGZHOU CN ,N/A,N/A,,"CN, CHINA",,"SHENZHEN,YANTIAN","NEW YORK,NY",920410,DIGITAL PIANO HS CODE:,NO MARKS,736.0,CTN,12924.0,0.0,SKEMZG2512010044,TLLU5792946,
2026-01-06,美国,中国,TORMAYS MOONLIGHT TRADE INC,GUANGZHOU LUNKEN TRADE CO LTD,ONE WORLD TRADE CENTER STE B , ADDNO 8 JIANGXIABEI MIDDLE ROAD HUANGSHI STREET BAIYUN DIST ,GGT WORLD INC,13195 FLORES STREET ,,"CN, CHINA",,"SHENZHEN,YANTIAN","NEW YORK,NY",481960,STORAGE BOX,NO MARKS,995.0,CTN,10690.0,0.0,UULNSZ2511DM6250,CSNU7051083,
2026-01-06,美国,中国,COMPANY FULL NAME HS&KM LLC,GUANGZHOU DING YANG COMMERCIAL DIS,NAME:HARPREET SINGHEMAIL: HASINGH1245@GMAIL COM EAST AMHERST NY 14051 US , NO 102 EAST HUADU AVENUE HUADU D ISTRICT GUANGZHOU CITY GUANGZHOU C N ,COMPANY FULL NAME HS&KM LLC,NAME:HARPREET SINGHEMAIL: HASINGH1245@GMAIL COM EAST AMHERST US ,,"CN, CHINA",,"SHENZHEN,YANTIAN","NEW YORK,NY",847990,GLASS SHOWCASE- LOGO BOARD- METAL RACK- CARPET- THIS SHIPMENT CONTAINS NO WOOD PACKAGING MATERIAL S.,NO MARKS,55.0,PCK,7340.0,0.0,THFHENW25120037,SEKU5621513,
2026-01-06,美国,中国,GUANGZHOU MENG QI TRADE CO LTD,GUANGZHOU MENG QI TRADE CO LTD, C/O FBA5990 N CAJON BLVD , FENGZE ROAD GUANGZHOU CITY NO 106 ,LUMELINK INC,10613 W SAM HOUSTON PKWY N HOUSTON TX 77064 YC-OP1@SZYCGJ COM ,,"CN, CHINA",,"SHENZHEN,YANTIAN",LOS ANGELES,950651,LAWN MOWER ACCESSORIES,NO MARKS,1043.0,CTN,11495.0,0.0,AMZDCN25XGVWWQKO,EGSU6365173,
2026-01-06,美国,中国,BEST INITIAL INC,GUANGZHOU PRODECO GROUP CO LTD,1312 17TH ST DENVER CO 80202 , ROOM 1505 15F/L GUANGZHOU INTERNATIONAL ,N/A,N/A,,"CN, CHINA",,"SHENZHEN,YANTIAN","OAKLAND, CA",392610,OFFICE CABINET,NO MARKS,397.0,PKG,16540.0,0.0,SZNGCXE25120143,EMCU8070357,
2026-01-06,美国,中国,AZALEA INNOVATION INC,GUANGZHOU CHIDALI TRADE CO LTD,16723 SHINEDALE DR CANYON COUNTRY CA 91387 AZALEAINNOVATION@OUTLOOK COM , ROOM 302 BUILDING 2 NO 3 HUA AN MIDDLE ROAD HUADU DISTRICT GUANGZHOU ,KUT INTERNATIONAL CO LTD, FLAT/RM 705 7/F FA YUEN COMM BLDG NO 75 FA YUEN STREET MONG KOK KL ,,"CN, CHINA",,"SHENZHEN,YANTIAN","NEW YORK,NY",900190,MIRROR MIRRORMIRROR,NO MARKSNO MARKS,2687.0,CTN,24840.0,0.0,EGLV149508606004,"EITU1666253,EITU1648497",
2026-01-06,美国,中国,APPARATUS LLC,GUANGZHOU XIONGYI PRECISION METAL,80 RICHARDS STREET 5TH FLOOR BROOKLYN NY 11231 US ,HANTANG IND ZONE LANGBIAN VILLAGE SHIJI TOWN PANYU DISTRICT GUANGZHOU CN ,APPARATUS LLC,80 RICHARDS STREET 5TH FLOOR BROOKLYN NY 11231 US ,,"CN, CHINA",,"SHENZHEN,YANTIAN","NEW YORK,NY",940540,LIGHTING PART,APPARATUS,197.0,CTN,1260.0,25200.0,SHPT95171306,FCIU7188121,
2026-01-06,美国,中国,SCN SISTEMA DE CONSULTORES NACIONAL,GUANGZHOU DONGLU INNOVATION TECHNOL,AVENIDA HOMERO #538 INT DEP 801 PISO 8 COLONIA POLANCO V SECCION MIGU EL HIDALGO CIUDAD DE MEXICO CP 11 ,ROOM 612 181 YUNCHENG SOUTH 2ND RO AD SANYANLI STREET BAIYUN DISTRIC T GUANGZHOU GUANGDONG CHINA1351274 ,GANN GROUP,CORP 2323 AVENIDA COSTA 300 SAN DIEGO CA 92154 US TAX ID: 83-068079200 CONTACT MARENN LEIJA+52 8130527088 ,,"CN, CHINA",,NINGBO,"HOUSTON,TX",420321,CYCLING GLOVES,TCS591220336065,1076.0,CTN,17470.0,0.0,SZQNNBSE25116047,CSLU6151814,
2026-01-06,美国,中国,SOURCE FOUNDRY,GUANGZHOU KELAICHUANG PURIFICATION,674 HARRISON ST SAN FRANCISCO CA 9 4107 SAN FRANCISCO CALIFORNIA 94107US , NO 25 TAIAN ROAD XINQIAO DALONG STREET PANYU DISTR GUANGZHOU CN ,N/A,N/A,,"CN, CHINA",,"SHENZHEN,YANTIAN","OAKLAND, CA",841582,CLEAN ROOM AIR SHOWER PASS BOX,NO MARKS,97.0,PKG,4920.0,0.0,OBLMOBSZ25C1152,HPCU2829640,
2026-01-06,美国,中国,JC CABINETRY INC,GUANGZHOU OPEL CO LTD,368 FRONT ST STATEN ISLAND NY UNITED STATES 10304 , 39/F BLOCK E POLY WORLD & TRADE CENTER NO 1022 XINGANG EAST ROAD HAIZHU DISTRICT GUANGZHOU 510220 ,EUYOPIA HONG KONG INTERNATIONAL TRA,ROOM1911 LEE GARDEN ONE 33 HYSA AVENUE CAUSEWAY BAY HONG KONG ,,"CN, CHINA",,"SHENZHEN,YANTIAN","NEW YORK,NY",392620,PVC FLOORING & PVC MOULDING HS CODE#PVC FLOORING & PVC MOULDING HS CODE#,AS ADDRESSEDAS ADDRESSED,54.0,CTN,55548.0,0.0,KFUNA2511280739,"TCKU1656231,TCKU3947540",
2026-01-06,美国,中国,JUSTO COMMERCE LLC,GUANGZHOU GANCAN TRADE CO LTD,1224 FERN RIDGE PKWY STE 302 SAINT LOUIS MO 63141 SAINT LOUIS MISSOUR I 63141 US , SHOP 51 NO 34 QIUYUE STREET QIAO CHENG ROAD HAIZHU DISTRICT GUANGZH OU CITY GUANGZHOU CN ,N/A,N/A,,"CN, CHINA",,SHANGHAI,LOS ANGELES,670420,WIGS OF HUMAN HAIR HSCODE:,NO MARKS,472.0,PKG,8031.0,0.0,SKEMZG2512200067,TIIU6527884,
2026-01-06,美国,中国,SUMMIT TRADE INC,GUANGZHOU SHENDIANWEI TRADE CO LT,1401 21ST ST STE R SACRAMENTO CA 9 5811 SACRAMENTO 95811 US , ROOM 4008 BUILDING B NO 140-214 YINGBIN ROAD LUOPU STREET PANYU D ISTRICT GUANGZHOU CITY 51140 CN ,N/A,N/A,,"CN, CHINA",,"SHENZHEN,YANTIAN","NEW YORK,NY",481960,STORAGE BOX,NO MARKS,992.0,CTN,14618.0,0.0,SLYWSSC2512102,TCLU7945820,
2026-01-06,美国,中国,GUANGZHOU ZHONGSU XINXIKEJI YOUXIAN GONGSI C O FBA5990 N CAJON,GUANGZHOU LAFANNI TRADE CO LTD,BLVD , X1301-H5081 NO 1 BUILING #106 FENG ZEDONG ROAD NANSHA DISTRICT ,N/A,N/A,,"CN, CHINA",,"SHENZHEN,YANTIAN",LOS ANGELES,940360,WOODEN FURNITURE LEGS,NO MARKS,176.0,CTN,1515.0,0.0,AMZDCN25OGQXUSYV,TLLU8507750,
2026-01-06,美国,中国,,GUANGZHOU ZHUOTAI DECORATION DESIGN ENGINEERING CO LTD,N/A, NO 3-1 BAIXI NG ROAD XIUQUANSUB-DISTRICT HUADU DISTRICT GUANGZHOU CITY CN ,N/A,N/A,,"CN, CHINA",,"SHENZHEN,YANTIAN","NEW YORK,NY",845819,BAR COUNTER,NO MARKS,46.0,CTN,5780.0,0.0,BBZLBLC202512019,FFAU5558683,
2026-01-06,美国,中国,EDIKTED LLC,GUANGZHOU EVERGREEN TRADE SERVICE CO LTD,910 FOULK RD SUITE 201 WILMINGTON DELAWARE 19803 CHEN MOYAL USA , ADD: NO E3807-5 GUANGDA FABRIC COMMERCAIL TOWN BAIYUN DIST GUANGZHOU CHINA ,EDIKTED LLC,910 FOULK RD SUITE 201 WILMINGTON DELAWARE 19803 CHEN MOYAL USA ,,"CN, CHINA",,"SHENZHEN,YANTIAN",LONG BEACH,611231,BODYSUIT CORSET DRESS KNITTED TOP NECKLACE PANTS SHORT JEANS SHORTS SKIRT SKORT STRAPLESS SWEATER SWIMWEAR BOTTOM SWIMWEAR TOP TANK TOP TOP WOMEN S SHIRT HS CODE: . . . . . . . . . . . . . . . . .,NO MARKS,903.0,CTN,13340.0,0.0,HNLTZS25JA0526,CAAU8726072,
2026-01-06,美国,中国,ATLAS CREST INNOVATIONS INC,GUANGZHOU TIANYI INFORMATION TECHNOLOGY CO LTD,10687 W HIGHWAY 156 WEST FORK AR 7 2774 , ROOM 309 NO 6 W ANGGANG INDUSTRIAL 2ND ROAD BAIYUN DISTRICT GUANGZHOU 510000 ,ATLAS CREST INNOVATIONS INC,10687 W HIGHWAY 156 WEST FORK AR 7 2774 ,,"CN, CHINA",,SHANGHAI,LOS ANGELES,481960,STORAGE BOX/WOMAN TOP,NO MARKS,921.0,CTN,15100.0,0.0,KSCNKSI25120353,CAAU5967008,
2026-01-06,美国,中国,,GUANGZHOU GO JUDY TRADE CO LTD,N/A, NO 605 NO 263 GAOTANG ROAD TIANHE DISTRICT GUANGZHOU CITY 510000 ,N/A,N/A,,"CN, CHINA",,SHANGHAI,"NEW YORK,NY",940161,"TABLE,DINING CHAIR",WHS-102811-41713357,29.0,CTN,547.0,0.0,CGGMSGH5059843,MRSU4346472,
2026-01-06,美国,中国,GUANGZHOU TIANZE ELECTRONIC CO LTD,GUANGZHOU TIANZE ELECTRONIC CO LTD, C/O FBA4121 COYOTE CANYON RD , ROOM 1705 NO 9 HUAQIANG ROAD TIANHEDISTRICT ,GUANGZHOU TIANZE ELECTRONIC CO LTD, ROOM 1705 NO 9 HUAQIANG ROAD TIANHEDISTRICT ,,"CN, CHINA",,"SHENZHEN,YANTIAN",LOS ANGELES,691200,CERAMIC BOWLS CERAMIC PLATES,NO MARKS,93.0,CTN,1567.0,0.0,AMZDCN25TVN762RB,GCXU5333157,
2026-01-06,美国,中国,MEDERER OF NORTH AMERICA INC,TROLLI GUANGZHOU CONFECTIONERY CO,1700 WEST HIGGINS ROAD SUITE 680 DES PLAINES IL60018 US ,L SHAWAN PANYU DISTRICT GUANGZHOU CN ,N/A,N/A,,"CN, CHINA",,"SHENZHEN,YANTIAN","NEW YORK,NY",843820,GUMMI CANDIES (CONFECTIONERY PRODUCT)GUMMI CANDIES (CONFECTIONERY PRODUCT)GUMMI CANDIES (CONFECTIONERY PRODUCT)GUMMICANDIES (CONFECTIONERY PRODUCT),NO MARKSNO MARKSNO MARKSNO MARKS,8320.0,CTN,57195.0,0.0,GBORDX251200191,"BMOU5487296,FFAU4894997,TEMU7431026,CMAU9681390",
2026-01-06,美国,中国,MARS WRIGLEY CONFECTIONERY US LLC,STAR PINE GUANGZHOU TRADE CO LTD,4755 THURMOND TANNER PARKWAY FLOWERY BRANCH GA 30542 USA , RM 203 3 SHANGCHENGINTL NO 9 JIESHUN NORTH PANYU AVE NUE PANYU GUANGZHOU 511442 ,MARS WRIGLEY CONFECTIONERY US LLC,4755 THURMOND TANNER PARKWAY FLOWERY BRANCH GA 30542 USA ,,"CN, CHINA",,"SHENZHEN,YANTIAN",Savannah,390710,POLYTERPENE RESIN RES CARPAL . . . . .,NET WEIGHT 1 000 KGS 500 KGS GROSS WEIGHT 1 023 KGS 520 KGS P O NO 1008288593 ITEM NUMBER 00010 ITEM DESCRIPTION RES CARPAL 125 COUNTRY OF ORIGIN CHINA,780.0,BAG,19957.0,0.0,OSTIGZSAV25B0349,TRHU4417183,
2026-01-06,美国,中国,MEETPOR INC,GUANGZHOU WANHUI TRADE CO LTD,330 E COSTILA ST SUITE 1020 COLORADO SPRINGS CO 80903 USCOS US , ADD:ROOM 308 NO 5 YAOQUAN STREET Y UEXIU DISTRICTGUANGZHOU CHINA GUANGZHOU CN ,QI CHB INC,22632 GOLDEN SPRINGS DR UNIT 220 D IAMOND BAR CA91765 USDBR US ,,"CN, CHINA",,NINGBO,LOS ANGELES,300650,FLOODSTOP KITS WATER SENSOR VALVE WIRE HAR DNESS SENSOR MANIFOLD,PO NO.: P/N QTY CARTON SIZE,447.0,CTN,6777.0,0.0,GHSENBGH25120870,TCKU2473507,
2026-01-06,美国,中国,ANTUO TRADE INC,GUANGZHOU HANXUAN IMPORT & EXPORT A,92 CORPORATE PARK STE C 204 ,323 3RD FLOOR NO 433 YANLROAD TIANHE DISTRICT,N/A,N/A,,"CN, CHINA",,"SHENZHEN,SHEKOU",Savannah,681011,BUILDING STONE PLATES THE SHIPPER S LOAD AND COUNT,NO MARKS,12.0,PKG,27000.0,0.0,NCZLSZ25111056,WHSU2130838,
2026-01-06,美国,中国,MASLMIO TRADE INC,GUANGZHOU LE CHAO TRADE CO LTD,41-14B MAIN ST STE B26 FLUSHING NY 11355 UNITED STATES , NO 129 DONGPING NORTH ROAD YONGPINGSTREET BAIYUN DISTRICT GUANGZHOU C ITY GD CN ,MASLMIO TRADE INC,41-14B MAIN ST STE B26 FLUSHING NY 11355 UNITED STATES ,,"CN, CHINA",,SHANGHAI,"NEW YORK,NY",621040,KNIT MEN S PANTS KNIT MENS VESTS,NO MARKS,1981.0,CTN,9779.0,0.0,SZQEMNGLU2511115,CBHU9442216,
2026-01-06,美国,中国,GRANDEE IMPORT & EXPORT INC,GUANGZHOU JINBAO GARMENT CO LTD,522 NATHAN ROAD YAU MA TEI , 101 JING HUA SOUTH ROAD PANYU DISTRICT ,BOBENS TRADE CO INC, NEW DELIVE 65 ENGINEERS RD ,,"CN, CHINA",,"SHENZHEN,YANTIAN","NEW YORK,NY",620469,MEN S JEANS BOY S JEANS KIDS JEANS MEN S SHORTS BOY S SHORTS KIDS SHORTS,ORDER NO.:??STYLE NO.:??CARTON NO.:??MADE IN CHINA??,2835.0,CTN,170532.0,63.0,ITIFSSZX2592796,EGSU1028610,
2026-01-06,美国,中国,GUANGZHOU MENG QI TRADE CO LTD,GUANGZHOU MENG QI TRADE CO LTD, C/O FBA4000 SOUTH HAMNER AVENUE , FENGZE ROAD GUANGZHOU CITY NO 106 ,LUMELINK INC,10613 W SAM HOUSTON PKWY N HOUSTON TX 77064 YC-OP1@SZYCGJ COM ,,"CN, CHINA",,"SHENZHEN,YANTIAN",LOS ANGELES,950651,LAWN MOWER ACCESSORIES,NO MARKS,1367.0,CTN,18693.0,0.0,AMZDCN25YZNJCTD6,EGHU9807758,
2026-01-06,美国,中国,YHT TRADE CO INC,GUANGZHOU CAI MAO TRADE CO LTD, 1624 MARKET ST STE 226 NO78258DENVERCO80202 , NO 597 SHI MA XIA HUA YI ROAD JUNHESTREET BAIYUN DISTRICT GUANGZHOU G D CN ,YHT TRADE CO INC, 1624 MARKET ST STE 226 NO78258DENVERCO80202 ,,"CN, CHINA",,SHANGHAI,"NEW YORK,NY",640411,MENS FLAG HOODED SWEATSHIRT,NO MARKS,550.0,CTN,8000.0,0.0,SZQEMNGLU2511166,OOCU9617777,
2026-01-06,美国,中国,TRADEVISTA TRADE INC,GUANGZHOU ZIYU TRADE CO LTD,65 E 55TH ST NEW YORK NY 10022 , 728 SHIBE INDUSTRIAL ROAD DASHI SU B-DISTRICT PANYU DISTRICT GUANGZH OU CHINA ,TRADEVISTA TRADE INC,65 E 55TH ST NEW YORK NY 10022 ,,"CN, CHINA",,SHANGHAI,LOS ANGELES,392210,SHOWER BRUSH,NO MARKS,720.0,CTN,12008.0,0.0,KSCNKSI25120334,CAAU8223801,
2026-01-06,美国,中国,SAROR TRADE INC,MAO MAO YE TRADE GUANGZHOU CO,13165 SW SHORE DR PORTLAND OR 972 23 TEL:+86-1-909-481-8999 SAROR-BOND@OUTLOOK COM OPALL@LINK-TRA US ,101 BUILDING 2 LANTIANCANG NO 6 DALANG WEST ROAD BAIYUNHU STREET BAIYUN DISTRICT GUANGZHOU CN ,N/A,N/A,,"CN, CHINA",,NINGBO,LONG BEACH,392210,PAPER DISPENSER HS CODE: SHOWER HANDLE HS CODE: THIS SHIPMENT CO NTAIN NO SOLID WOODEN PACKAGE.,NO MARKS,876.0,CTN,10819.0,0.0,NWTQWT2025E8629,SMCU1204252,
2026-01-06,美国,中国,GUANGZHOU YIHAO XIANGBAO MAOYI YOUXIANGONGSI,GUANGZHOU KERUI INNOVATION TECH CO LTD, ROAD , ROOM 1906 NO 68 HUADI AVEN UE MIDDLE LIWAN DISTRICT GUANGZHO ,LINGOO TRADE LIMITED, C/O AMAZON C OM SERVICES INC 550 OAK RIDGE ROAD ,,"CN, CHINA",,"SHENZHEN,YANTIAN","NEW YORK,NY",392690,"STORAGE BAG TRAVEL DUFFEL BAGS SCISSORS PLASTIC BOX BEER BARREL TAP BACKPACK LED LIGHTING HOT MELT GLUE CONNECTION LINE FOAM CUTTER LIGHT BULB TIRE LEVER CANVAS BAG GRIP BELT HEATER RV SURGE PROTECTOR WRITEBORAD SET CAMPING FOLDING CHAIR COUPLING LOCK FUSE BOX RV DOOR LOCK PAINT SET PLUG WATER HOSE,SOCKET WATER PUMP,RV SEWER BRACKET",NO MARKS,75.0,CTN,1134.0,0.0,AMZDCN25WNA5PI6F,CAAU6185549,
2026-01-06,美国,中国,MALIN GOETZ 330 SEVENTH,GUANGZHOU AMY PLASTIC TUBE CO LTD,FLOOR NEW YORK NY 10001 USA , RM 147 NO 1 GUANGCHEN RD ZHONGLUOTAN TOWN BAIYUN DIST GUANGZHOU GD CHINA 510000 ,MALIN GOETZ 330 SEVENTH,FLOOR NEW YORK NY 10001 USA ,,"CN, CHINA",,"SHENZHEN,YANTIAN","NEW YORK,NY",750720,EMPTY PLASTIC TUBE HS CODE: PLT= CTNS THIS SHIPMENT CONTAINS NO SOLID WOOD PACKING MATERIALS,MALIN+GOETZ PO-0004069,21.0,CTN,208.0,0.0,HNLTZSA25J0058,CSNU8864724,
2026-01-06,美国,中国,STYLE ON ME APPAREL INC,GUANGZHOU LINGCUI CLOTHING CO LTD,1317 N V ST SPC 120 LOMPOC CA 9 3436 , A BUILDING NO 2 JIUYU ROADJIU YU VILLAGE XINTANG TOWN ZENGCHENG GUANGZHOU CITY GUANGDONG PROVIN ,JODIFL 2727 LONG BEACH, AVE LOS ANGELES CA 90058 ,,"CN, CHINA",,SHANGHAI,LOS ANGELES,640219,"WOMEN WOVEN PANTSWOMEN WOVEN DRESS WOMEN WO VEN SKIRT+CE,CHINA",PO# STYLE# COLOR TOTAL PACK MADE IN CHINA,541.0,CTN,5188.0,0.0,CNIH2512A335944B,TCKU9978872,
2026-01-06,美国,中国,BREDAFIAS TRADE INC,GUANGZHOU LE CHAO TRADE CO LTD,41-14B MAIN ST STE B26 FLUSHING NY 11355 USA , NO 129 DONGPING NORTH ROAD YONGPINGSTREET BAIYUN DISTRICT GUANGZHOU C ITY GD CN ,BREDAFIAS TRADE INC,41-14B MAIN ST STE B26 FLUSHING NY 11355 USA ,,"CN, CHINA",,SHANGHAI,LONG BEACH,611011,LADIES PULLOVERS LADIES PANTS LADIES SHIRTS,NO MARKS,780.0,CTN,11213.0,0.0,SZQEMNGLU2511203,CAIU4395451,
2026-01-06,美国,中国,ELF CO LTD,GUANGZHOU HAINA SHOW EXHIBITION CO, 6025 URBAN ST ,BUILDING B2 NO 10 BAIZU BRIDGE DAYU ROAD BAIYUN DISTRICT ,ELF CO LTD, 6025 URBAN ST ,,"CN, CHINA",,"SHENZHEN,YANTIAN","OAKLAND, CA",481960,STORAGE BOX THIS SHIPMENT CONTAINS NO SOLID WOOD PACKING MATERIALS,.,1602.0,CTN,16180.0,0.0,CHQFHSZ25120180,HMCU9164411,
2026-01-06,美国,中国,GUANGZHOUMOHANMIYA C O FBA,GUANG ZHOU MO HAN MI YA DIAN ZI SHA NG WU LTD,5990 N CAJON BLVD,ROOM XIANG XUE STREETWEST 299 ,N/A,N/A,,"CN, CHINA",,"SHENZHEN,YANTIAN",LOS ANGELES,830250,SHELF BRACKET,NO MARKS,422.0,CTN,5815.0,0.0,AMZDCN25JRWN3C34,CAAU6011070,
2026-01-06,美国,中国,FOREVER FASHION,GUANGZHOU QSP LEATHER CO LTD,10 WEST 33RD STREET SUITE 1222 NE W YORK NEW YORK 10001 US, 107-111 NO 9 EAST SHILING AVENUE SHILING TOWNHUADU DISTRICT GUANGZ HOU GUANGDONG CN ,N/A,N/A,,"CN, CHINA",,"SHENZHEN,YANTIAN","NEW YORK,NY",420221,LADY HANDBAGS,NO MARKS,629.0,CTN,5498.0,0.0,NQICNBQC25110427,TGBU7145784,
2026-01-06,美国,中国,YXL INT INC,GUANGZHOU YUESHIXIANG TRADE CO,5101 SANTA MONICA BLVD STE 8 NUM258 ,C48 ROOM 615 FLOOR 6 NO 4 LINGSH AN EAST ROAD TIANHE DISTRICT ,YXL INT INC,5101 SANTA MONICA BLVD STE 8 NUM258 ,,"CN, CHINA",,"SHENZHEN,YANTIAN","NEW YORK,NY",843340,STRAW,NO MARKS,1155.0,PKG,14550.0,0.0,SMMBSSZX7291856,OOLU9202592,
2026-01-06,美国,中国,ECLIPTISAXIS INC,GUANGZHOU SHIMA TECHNOLOGY CO LTD,361 FALLS RD STE 438 GRAFTON WI 53 024 , ROOM 1101 T4 TIANGUI ROAD NO 10 3 GUANGZHOU HUADU GUANGDONG 510803 ,ECLIPTISAXIS INC,361 FALLS RD STE 438 GRAFTON WI 53 024 ,,"CN, CHINA",,"SHENZHEN,YANTIAN","NEW YORK,NY",441033,DECORATIVE PANEL,NO MARKS,1468.0,CTN,17200.0,0.0,SYLCFCL2511JN89,TGBU9208135,
2026-01-06,美国,中国,TAURUS PRODUCT INC,GUANGZHOU CHIDALI TRADE CO LTD,1338 PALOMARES AVE A LA VERNE CALIFORNIA 91750 US , ROOM 302 BUILDING 2 NO 3 HUA AN MIDDLEROAD HUADU DISTRICT GUANGZHOU C N ,N/A,N/A,,"CN, CHINA",,"SHENZHEN,YANTIAN","NEW YORK,NY",900190,MIRROR,NO MARKS,1245.0,CTN,9500.0,0.0,OBLMOBSZ25120712,OOLU9516850,
2026-01-06,美国,中国,NANZHAOXIAN JIECHENG JIAJUYONGPING XIAOSHOU,GUANGZHOU PANANA TRADE CO LTD, AVE , 410 4TH FLOOR NAXIN TECHNOLOGY PA RK NO 1108 YUNZHENG AVENUE GUANGZH ,N/A,N/A,,"CN, CHINA",,SHANGHAI,LOS ANGELES,630641,AIR MATTRESSES,NO MARKS,94.0,CTN,639.0,0.0,AMZDCN25JTIOD6YX,TGCU5085503,
2026-01-06,美国,中国,FUEGUIA 25 LIMITED,GUANGZHOU FUEGUIA INTERNATIONAL TRA,LIABILITY CO ADD 1500 N GRANT ST STE R DENVER CO80203EMAIL SUPPORT @FUEGUIA25 COMTEL 13478057221 ERIC TSENG ,ROOM 1109 NO 113 WANHUI ER ROAD N ANCUN TOWN PANYU DISTRICT GUANGZH OU CHINA ,FUEGUIA 25 LIMITED,LIABILITY CO ADD 1500 N GRANT ST STE R DENVER CO80203EMAIL SUPPORT @FUEGUIA25 COMTEL 13478057221 ERIC TSENG ,,"CN, CHINA",,SHANGHAI,"NEW YORK,NY",220290,NON HYDROGENATED THICK MILK (MILK DRINK) YELLOWDOUBLE-CUP PAPER HOLDERFOUR-CUP PAPER HOLDER,NO MARKS,830.0,CTN,10400.0,0.0,WJLNSHNYC2512000,TGCU2490924,
2026-01-06,美国,中国,ATLAS CREST INNOVATIONS INC,GUANGZHOU TIANYI INFORMATION TECHNOLOGY CO LTD,10687 W HIGHWAY 156 WEST FORK AR 7 2774 , ROOM 309 NO 6 W ANGGANG INDUSTRIAL 2ND ROAD BAIYUN DISTRICT GUANGZHOU 510000 ,ATLAS CREST INNOVATIONS INC,10687 W HIGHWAY 156 WEST FORK AR 7 2774 ,,"CN, CHINA",,SHANGHAI,LOS ANGELES,481960,STORAGE BOX/HEADBAND,NO MARKS,832.0,CTN,14000.0,0.0,KSCNKSI25120357,ECMU7547759,
2026-01-06,美国,中国,QUANTUMHARBOR TECHNOLOGIES INC,GUANGZHOU LONGYIGOU INTERNATIONAL TRADE CO LTD,461 W WOODBURY ROAD UNIT #709 ALTADENA CA 91001 , ROOM 101 NO 67 ME NGTIAN STREET HUANGPU DISTRICT GU ANGZHOU CITY ,QUANTUMHARBOR TECHNOLOGIES INC,461 W WOODBURY ROAD UNIT #709 ALTADENA CA 91001 ,,"CN, CHINA",,"SHENZHEN,YANTIAN","NEW YORK,NY",902290,TABLES AND CHAIRS,N/A,116.0,CTN,4770.0,0.0,GUGWMC251102337,TCNU5074064,
2026-01-06,美国,中国,ATLAS CREST INNOVATIONS INC,GUANGZHOU TIANYI INFORMATION TECHNOLOGY CO LTD,10687 W HIGHWAY 156 WEST FORK AR 7 2774 , ROOM 309 NO 6 W ANGGANG INDUSTRIAL 2ND ROAD BAIYUN DISTRICT GUANGZHOU 510000 ,ATLAS CREST INNOVATIONS INC,10687 W HIGHWAY 156 WEST FORK AR 7 2774 ,,"CN, CHINA",,SHANGHAI,LOS ANGELES,481960,STORAGE BOX,NO MARKS,896.0,CTN,15300.0,0.0,KSCNKSI25120361,CMAU7720060,
2026-01-06,美国,中国,GUANGZHOU BIGZ E COMMERCE CO LTD,GUANGZHOU YIZHIQINGNIAO IMPORT & EXPORT CO LT, C/O FBA550 OAK RIDGE ROAD ,DYING BIN DA DAO 103 HAO ,N/A,N/A,,"CN, CHINA",,Pusan,"NEW YORK,NY",966505,FESTIVAL DECORATIVE GIFT BOXES,NO MARKS,52.0,CTN,891.0,0.0,AMZDCN257DNS3FPX,MRKU0769220,
2026-01-06,美国,中国,EVERBLAZE TRADE INC,GUANGZHOU LIANGBIAN TRADE CO LTD,312 W 2ND ST CASPER WY 82601 , ROOM E 5 FLOOR WIN G KIN SQUARE NO 29 JIANSHE LIU MA YUEXIU GUANGZHOU ,EVERBLAZE TRADE INC,312 W 2ND ST CASPER WY 82601 ,,"CN, CHINA",,"SHENZHEN,YANTIAN","NEW YORK,NY",390760,POLYETHYLENE PLASTIC BAG,NO MARKS,4407.0,CTN,24980.0,0.0,OSTIGZNYC25C0079,EITU9002477,
2026-01-06,美国,中国,GATWOP LLC,GUANGZHOU JIYU COMMERCE & TRADE CO,18121 E HAMPDEN AVE UNIT C NUM 716AURORA CO 80013 ,ROOM 499 N367 NO 89 YANLING ROAD TIANHE DISTRICT GUANGZHOU CITY ,GATWOP LLC,18121 E HAMPDEN AVE UNIT C NUM 716AURORA CO 80013 ,,"CN, CHINA",,SHANGHAI,"HOUSTON,TX",851821,PAD MOUNTED OIL IMMERSED TRANSFORMER,NO MARKS,2.0,PKG,9920.0,0.0,KIUFKBHZ25110063,BSIU2678123,
2026-01-06,美国,中国,AMEREAM LLC,GUANGZHOU TONGLUOFENG AMUSEMENT EQU,DBA AMERICAN DREAM ADD:1 AMERICAN DREAM WAY EAST RUTHERFORD NJ 07073 NJ US , NO 9 KANGLE 2ND STREET XIANYONG QIAONAN STREET PANYU DISTRICT GUAN GZHOU GUANGDONG PROVINCE CHI CN ,AMEREAM LLC,DBA AMERICAN DREAM ADD:1 AMERICAN DREAM WAY EAST RUTHERFORD NJ 07073 NJ US ,,"CN, CHINA",,"SHENZHEN,YANTIAN","NEW YORK,NY",930629,WHAC-A-MOLE SIDEWINDER WATER GUN FUN,NO MARKS,17.0,PKG,2680.0,0.0,SBYEBSYX25111839,SEKU4357010,
2026-01-06,美国,中国,EONHAVEN INC,GUANGZHOU NEKE TRADE CO LTD,2225 W WELLESLEY AVE STE 103 SPOKA NE WA 99205 , RM 301 3RD FL BLD A DONGYUE BUSIN ESS CENTER NO 1 SHIGANG XIJI STREE T HUANGSHI ST BAIYUN ,EONHAVEN INC,2225 W WELLESLEY AVE STE 103 SPOKA NE WA 99205 ,,"CN, CHINA",,"SHENZHEN,YANTIAN","NEW YORK,NY",700910,REAR BUMPER,NO MARKS,414.0,CTN,3695.0,0.0,SYLCFCL25114N18,CSLU6179880,
2026-01-06,美国,中国,LEN TECH INTL CO LTD,GUANGZHOU YIHENG TECHNOLOGY CO LTD, C/O FBA 24208 SAN MICHELE RD , NO 288 GUANGSHAN 1ST ROAD ROOM 11 9 UNIT 2 BUILDING 1 ,N/A,N/A,,"CN, CHINA",,"SHENZHEN,YANTIAN",LOS ANGELES,852790,PLUG ADAPTER WALL OUTLET POWER STRIP CAR TRANSMITTER,NO MARKS,116.0,CTN,1691.0,0.0,AMZDCN255BGIYZ5I,TGBU6302868,
2026-01-06,美国,中国,PROMEXPLUS LLC,GUANGZHOU SIEN LEATHER CO LTD,[KEA] 469 7TH AVENUE SUITE 1241 , FL1 3RD NO 78 EAST OF CHANGHONG RO AD JIAHE STREET ,PROMEXPLUS LLC,[KEA] 469 7TH AVENUE SUITE 1241 ,,"CN, CHINA",,SHANGHAI,"NEW YORK,NY",842330,LADY S BAG,FSCU8921696,6.0,CTN,66.0,0.0,SDBJ6300597830,FSCU8921696,
2026-01-06,美国,中国,ATLAS CREST INNOVATIONS INC,GUANGZHOU TIANYI INFORMATION TECHNOLOGY CO LTD,10687 W HIGHWAY 156 WEST FORK AR 7 2774 , ROOM 309 NO 6 W ANGGANG INDUSTRIAL 2ND ROAD BAIYUN DISTRICT GUANGZHOU 510000 ,ATLAS CREST INNOVATIONS INC,10687 W HIGHWAY 156 WEST FORK AR 7 2774 ,,"CN, CHINA",,SHANGHAI,LOS ANGELES,481960,STORAGE BOX/WOMAN TOP,NO MARKS,790.0,CTN,14400.0,0.0,KSCNKSI25120355,TEMU7746980,
2026-01-06,美国,中国,TESLA INC,GUANGZHOU JINZHONG AUTO PARTS MANUFACTURING CO LTD,45500 FREMONT BLVD FREMONT CA 94538 UNITED STATES , DONGFENG ROAD AUTO INDUSTRIAL ZONE HUADU GUANGZHOU CHINA 510800 ,N/A,N/A,,"CN, CHINA",,"SHENZHEN,YANTIAN","NEW YORK,NY",441299,CTNS ON PLYWOOD PLTS WHEEL TRIM SHP -A PJ THIS SHIPMENT CONTAINS NO WOOD PACKAGING MATERIAL,NO MARKS,576.0,CTN,6037.0,0.0,CMDUHKA2596452E,FSCU8736532,
2026-01-06,美国,中国,ADVANSYNC LLC,GUANGZHOU MINGOU METAL PRODUCTS CO LTD,C/O FBA 15651 GREENMOUNT RD , NO 233-200 SHIYU ROAD DONGY ONG TOWN ,N/A,N/A,,"CN, CHINA",,Pusan,"NEW YORK,NY",761210,PVC GRADUATION CAP DECORATION,NO MARKS,108.0,CTN,1647.0,0.0,AMZDCN25E6L3RFPO,MRKU0100940,
2026-01-06,美国,中国,NEW IDEA,NGAI KWAN DRAGON & LION ARTS AND CR GUANGZHOU BAIYUN DISTRICT TAOYUAN,707 JACKSON ST SAN FRANCISCO CA 94 133 SAN FRANCISCO US ,LANE THIRTY SIX CN ,N/A,N/A,,"CN, CHINA",,"SHENZHEN,YANTIAN","OAKLAND, CA",701391,ARTISTIC LION & HOLIDAY PRODUCTS,NO MARKS,197.0,PKG,5220.0,0.0,HDWCHWSH25120052,ONEU0443915,
2026-01-06,美国,中国,NETA GAIN TRADE LLC,GUANGZHOU JISU TONG INTERNATIONAL SUPPLY CHAIN MANAGEMENT CO LTD,11626 TUXFORD ST SUN VALLEY CA 913 52 , 5 TH FLOOR BUILDING 8 DYNAMIC WANGGANG CREATIVE PARK JIAHE WANGGANG BA ,NETA GAIN TRADE LLC,11626 TUXFORD ST SUN VALLEY CA 913 52 ,,"CN, CHINA",,"SHENZHEN,YANTIAN","NEW YORK,NY",842860,LEISURE CHAIR,NO MARKS,340.0,CTN,9764.0,195280.0,GSDRHZMOY585512,EMCU8787029,
2026-01-06,美国,中国,HOSSEN TRADE LIMITED,GUANGZHOU KERUI INNOVATION TECH CO LTD, C/O FBA 550 OAK RIDGE ROAD , ROOM 1906 NO 68 HUADI AVEN UE MIDDLE LIWAN DISTRICT GUANGZHO ,LINGOO TRADE LIMITED, C/O AMAZON C OM SERVICES INC 550 OAK RIDGE ROAD ,,"CN, CHINA",,"SHENZHEN,YANTIAN","NEW YORK,NY",851610,"STORAGE BAG GYM BAG TRAVEL DUFFEL BAGS FOAM CUTTER CONNECTION LINE ACRYLIC PHOTO FRAME WRITEBORAD SET CHEST WADERS ROOF TAPE HOT MELT GLUE RAIN CHAIN CANVAS BAG FLY FISHING VEST RV SEALANT WATER HOSE WATER PUMP TRANSFORMER,CHARGER SOCKET PANEL,KAYAK COVER,PRESSURE REDUCING VALVE",NO MARKS,54.0,CTN,823.0,0.0,AMZDCN25AZTBBQLP,BSIU8094301,
2026-01-06,美国,中国,SU PAI INTERNATIONAL TRADE INC,GUANGZHOU XINGBU TRADE CO LTD,324 S DIAMOND BAR BLVD UNIT NUM717 DIAMOND BAR CA91765 , ROOM 421 NO 73 MIDDLE YANJIANG R OAD DASHIJIE PANYU DISTRICT GUANG ZHOU ,SU PAI INTERNATIONAL TRADE INC,324 S DIAMOND BAR BLVD UNIT NUM717 DIAMOND BAR CA91765 ,,"CN, CHINA",,"SHENZHEN,YANTIAN","OAKLAND, CA",392010,PLASTIC PHOTO FRAMEPLASTIC FLOOR MAT,NO MARKS,701.0,CTN,9100.0,0.0,LSDASZX25128795,EGSU1298344,
2026-01-06,美国,中国,FIERY ENERGY INC,GUANGZHOU RUICHENGDA ELECTRONICS CO LTD,C/O FBA 5990 N CAJON BLVD ,0534 ZONE E 2ND FLOOR BUILDIN G B-5 NO 323 SHAPU STREET CENCUN T ,N/A,N/A,,"CN, CHINA",,NINGBO,LOS ANGELES,940380,TRAMPOLINES,FBA1949X5Q5L FBA1949Z495N,878.0,CTN,15383.0,0.0,AMZDCN25UJD53HHE,CAIU8501361,
2026-01-06,美国,中国,RUNCENT TRADE INC,GUANGZHOU KAIWEI TRADE CO LTD,5030 BOARDWALK DRIVE SUITE 818 COLORADO SPRINGS COLORADO 80919 US , HELONG STREET GUANGZHOU CN ,RUNCENT TRADE INC,5030 BOARDWALK DRIVE SUITE 818 COLORADO SPRINGS US ,,"CN, CHINA",,NINGBO,LOS ANGELES,820411,PACKING BOX,NO MARKS,583.0,CTN,13400.0,0.0,SNYLMZ3174341,CMAU7639446,
2026-01-06,美国,中国,NEBULACREST INC,GUANGZHOU SHENDIANWEI TRADE CO LT,15040 SEVENTH ST #1010 VICTORVILL E CA 92395 VICTORVILLE US , ROOM 4008 BUILDING B NO 140-214 YINGBIN ROAD LUOPU STREET PANYU DI STRICT GUANGZHOU CITY 511400 CN ,N/A,N/A,,"CN, CHINA",,"SHENZHEN,YANTIAN","NEW YORK,NY",851830,PHONE CASE,NO MARKS,1201.0,CTN,12266.0,0.0,CGLSCSZ25111622,CSNU6143082,
2026-01-06,美国,中国,SANGAFT TRADE INC,GUANGZHOU HUAMINGHU DEP ST CO LTD,267 J P PARKER RD , C71301 3 ROAD FLOOR NO 597 SHIMAXIAHUA 1ST ROAD JUNHE STREET BAIYUN ,SANGAFT TRADE INC,267 J P PARKER RD ,,"CN, CHINA",,"SHENZHEN,YANTIAN","NEW YORK,NY",940140,SOFA,NO MARKS,376.0,CTN,10077.0,0.0,DWCHSSNZS0075582,OOCU8748411,
2026-01-06,美国,中国,BOUNTIFUL SOURCE TRADE INC,GUANGZHOU WENZHENG TRADE CO LTD,1226 NORTH KING ST NUM 1132 WILMINGTON DE 19801 USA EMAIL:151975972@Q Q COM WILMINGTON DE 19801 US , ROOM 1920 ROOM 11A NO 81-1 NONGLI NXIA ROAD YUEXIU DISTRICT GUANGZHO GUANGZHOU CN ,N/A,N/A,,"CN, CHINA",,XIAMEN,"NEW YORK,NY",392220,PLASTIC BOXES,NO MARKS,903.0,CTN,17500.0,0.0,MLILMXM25120084,EGSU8002182,
2026-01-06,美国,中国,WEI HAOFEN INC,GUANGZHOU TUFU TRADE CO LTD,177 W HIGHWAY 40 BYERS CO 80103 US , ROOM 2411 NO 5 HUANGPU EAST ROAD H UANGPU DISTRICT GUANGZHOU CN ,WEI HAOFEN INC,177 W HIGHWAY 40 BYERS CO US ,,"CN, CHINA",,SHANGHAI,"NEW YORK,NY",621149,WOMEN S JACKET,NO MARKS,24094.0,CTN,10158.0,0.0,ELIIGNG25120008,OOCU9617864,
2026-01-06,美国,中国,FUTURE FOCUS AQUILENTRA CO LTD,GUANGZHOU GANCAN TRADE CO LTD, 1693 YEAGER AVE LA VERNE CA 91750 TEL:1-909-481-8999 EMAIL:OPALL@LIN K-TRANS COM EMAIL:FUTURE-BON US , SHOP 51 NO 34 QIUYUE STREET QIAO CHENG ROAD HAIZHU DISTRICT GUANGZ HOU CITY ZIP CODE:510220 EMA CN ,N/A,N/A,,"CN, CHINA",,NINGBO,LONG BEACH,847150,STORAGE BAG HS CODE: THIS SHIPMENT CONTAIN NO SOLID WOODEN PACKAGE.,NO MARKS,1268.0,CTN,19745.0,0.0,NWTQWT2025E8628,SMCU1279539,
2026-01-06,美国,中国,FLASOUBO COMMERCE INC,GUANGZHOU CAI MAO TRADE CO LTD,CONTACT ADD:41-14B MAIN ST STE B26FLUSHING NY 11355 UNITED STATES FLUSHING NEW YORK 11355 US , NO 597 SHI MA XIA HUA YI ROAD JUNHESTREET BAIYUN DISTRICT GUANGZHOU GDCN GUANGZHOU CN ,N/A,N/A,,"CN, CHINA",,SHANGHAI,"NEW YORK,NY",621040,KNIT WOMEN S SHIRTS KNIT MEN S SHIRTS KNIT WOMEN S VESTS KNIT MEN S PANTS,NO MARKS,1993.0,CTN,9554.0,0.0,SXCOSHE25113905,MAGU4863318,
2026-01-06,美国,中国,GUAN TECH INC,GUANGZHOU LANGTING ELECTRONICS CO,9852 KATELLA AVE STE 284 ANAHEIM CA92804E-MAIL:JACKLI@LINKFASTER-LOGI STICS COM CA CA 92804 US ,NO 28 JUFU WEST ROAD YAYAO TOWN HUADUDISTRICT GUANGZHOU CITY P R CHINAGZ CN ,MELLO DISTRIBUTION,30928 SAN CLEMENTE ST HAYWARD CA 9 4544NAME: MISBAH YASINI CA US ,,"CN, CHINA",,"SHENZHEN,YANTIAN","OAKLAND, CA",851829,SPEAKER,NO MARKS,645.0,CTN,7657.0,0.0,RDIH25120525,FCIU9459876,
2026-01-06,美国,中国,LEDA TECHNOLOGY INC,GUANGZHOU HE QI TONG TRADE CO LTD,11680 QUAY ST BROOMFIELD CO 80020 , RM E21 NO 51 53 55 PUXING ROAD TIANHE GUANGZHOU CHINA ,EDWARD TRANSIT BROKER INC,15000 STAFF CT GARDENA CA 90248 ,,"CN, CHINA",,"SHENZHEN,YANTIAN","NEW YORK,NY",820411,PACKING BOX,NO MARKS,685.0,PKG,6720.0,0.0,MFNOMF25120307,FFAU3580522,
2026-01-06,美国,中国,JUSTIN PRINCE,GUANGZHOU CRAZY SOFTWARE TECHNOLOGY,158 ANTEGO DR ELKTON MD 21921 USA ,201 BUILDING B NO 5 MA XING STREET NANSHA DISTRICT GUANGZHOU 510000,JUSTIN PRINCE,158 ANTEGO DR ELKTON MD 21921 USA ,,"CN, CHINA",,"SHENZHEN,YANTIAN","NEW YORK,NY",846692,GAME MACHINE THIS SHIPMENT CONTAINS NO WOOD PACKAGING MATERIALS.,TJSZX25110135,8.0,PKG,2528.0,0.0,AMIGL250543626A,TCKU7816105,
2026-01-06,美国,中国,OULILANG CO LTD,GUANGZHOU NEW SMART TECHNOLOGY CO LTD, 5403 YANK WAY ARVADA CO 80002 , UNIT2223 22/F YAN&APOS;S TOWER 25-27 WONG CHUK HANG ROAD ABERDEEN HK 999077 ,OULILANG CO LTD, 5403 YANK WAY ARVADA CO 80002 ,,"CN, CHINA",,"SHENZHEN,YANTIAN","NEW YORK,NY",481960,STORAGE BOX,NO MARKS,1045.0,CTN,13650.0,0.0,GSDRHZMSH062144,EGHU9127160,
2026-01-06,美国,中国,ANOTHER JJ FASHION INC,GUANGZHOU LINGCUI CLOTHING CO LTD,95 STATE AVE WYANDANCH NY 11798 , A BUILDING NO 2 JIUYU ROAD JIUYU V ILLAGE XINTANG TOWN ZENGCHENG GUAN GZHOU CITY GUANGDONG PROVINCE CHINA ,NEW WORLD CREATION INC,OF NEW YORK 610 GRAND AVE RIDGE FIELD NJ 07657 U S A ,,"CN, CHINA",,"SHENZHEN,YANTIAN","NEW YORK,NY",640520,WOMEN WOVEN VEST WOMEN WOVEN ROMPER,NO MARKS,1004.0,CTN,5421.0,0.0,QAAWAD11008901B,FFAU3174267,
2026-01-06,美国,中国,YZORALIX ZAVORYTH ARVIXALOR INC,GUANGZHOU HEMAIHEDA TRADE CO LTD,10901 W TOLLER DR STE 316 LITTLETONCO 80127 LITTLETON COLORADO UNITE D STATES , ROOM 241 FLOOR 2 NO 3 1 ST LANE FAZHAN ROAD THE PEARL RI VER RIVER GUANZHOU GUANGDONG CHINA ,N/A,N/A,,"CN, CHINA",,SHANGHAI,"NEW YORK,NY",820411,FLOOR MAT SAFE BOX,NO MARKS,1212.0,CTN,19236.0,0.0,BSYQMHSH25115061,HAMU2206530,
2026-01-06,美国,中国,KMCC INC,GUANGZHOU W Q S INTERNATIONAL TRAD,18351 COLIMA RD #425 ROWLAND HEIGHTS CA 91748 USA ,306 NO 90 FENGLE SOUTH ROAD HUANGPU DISTRICT GUANGZHOU GUANGDONG CHINA,N/A,N/A,,"CN, CHINA",,NINGBO,"NEW YORK,NY",392410,PLASTIC TABLEWARE,NO MARKS,1610.0,CTN,16605.0,0.0,PPILNB125111972,HAMU3705719,
2026-01-06,美国,中国,BREDAFIAS TRADE INC,GUANGZHOU CAI MAO TRADE CO LTD,41-14B MAIN ST STE B26 FLUSHING NY 11355 USA , NO 597 SHI MA XIA HUA YI ROAD JUNHESTREET BAIYUN DISTRICT GUANGZHOU G D CN ,BREDAFIAS TRADE INC,41-14B MAIN ST STE B26 FLUSHING NY 11355 USA ,,"CN, CHINA",,SHANGHAI,LONG BEACH,620412,KNIT MENS CASUAL SUITS,NO MARKS,3110.0,CTN,10885.0,0.0,SZQEMNGLU2511198,CAAU9505646,
2026-01-06,美国,中国,GUANGZHOU TIANZE ELECTRONIC CO LTD,GUANGZHOU TIANZE ELECTRONIC CO LTD, C/O FBA6120 CLINKER DRIVE , RM 1705 NO 9 HUAQIANG RD TIANHE ,GUANGZHOU TIANZE ELECTRONIC CO LTD, RM 1705 NO 9 HUAQIANG RD TIANHE ,,"CN, CHINA",,"SHENZHEN,YANTIAN",LOS ANGELES,691200,CERAMIC BOWLS CERAMIC PLATES,NO MARKS,28.0,CTN,430.0,0.0,AMZDCN25VFNPXEVR,GCXU5333157,
2026-01-06,美国,中国,BROADWAY PARTY RENTALS LTD,GUANGZHOU JUNTU HOUSEWARE CO LTD,990 PATERSON PLANK RD EAST RUTHERFORD NJ 07073 , RM 2106 21/F GOLDEN AUSPICIOUS BUSINESS CENTER NO 5 FUCHANG ROAD GUANGZHOU CHINA ,BROADWAY PARTY RENTALS LTD,990 PATERSON PLANK RD EAST RUTHERFORD NJ 07073 ,,"CN, CHINA",,"SHENZHEN,YANTIAN","NEW YORK,NY",690410,CERAMIC EDGE RECTANGLE PLATTER HS CODE: THIS SHIPMENT CONTAINS NO SOLID WOOD PA CKING MATERIALS CFS/CFS,BPRS ITEM NUMBER: DESCRIPTION: INNER QTY: CARTON QTY: CARTON NUMBER: CARTON MEASUREMENT: NET WEIGHT: GROSS WEIGHT: MADE IN CHINA,67.0,CTN,1200.0,0.0,OERT202702Y03493,TLLU4258751,
2026-01-06,美国,中国,GUANGZHOU BUTONG IMPORT & EXPORT TRADE CO LT,GUANGZHOU BUTONG IMPORT & EXPORT TRADE CO LTD,D C/O FBA550 OAK RI DGE ROAD , ROOM 616 NO 2 JI NKENG GUANGXING HONGMIAN ROAD NANC ,N/A,N/A,,"CN, CHINA",,"SHENZHEN,YANTIAN","NEW YORK,NY",854340,STONE METAL FENCE,NO MARKS,47.0,CTN,786.0,0.0,AMZDCN25R5HDKREF,BSIU8094301,
2026-01-06,美国,中国,LW BUSINESS INC,GUANGZHOU HEMAIHEDA TRADE CO LT,86 DERFUSS LANE BLAUVELT NY 10913 BLAUVELT NEW YORK 10913 US , FAZHAN ROAD THE PEARL RIVER RIVER ADMINISTRATIVEDISTRICT NANSHA DIST RICT GUANGZHOU CITY GUANGZHOU CN ,N/A,N/A,,"CN, CHINA",,"SHENZHEN,YANTIAN","NEW YORK,NY",900510,LIGHT HS CODE:,NO MARKS,701.0,CTN,12193.0,0.0,SKEMZG2512010047,FFAU1596710,
2026-01-06,美国,中国,KMCC INC,GUANGZHOU W Q S INTERNATIONAL TRAD,18351 COLIMA RD #425 ROWLANDHEIGHTS CA 91748 USA ,306 NO 90 FENGLE SOUTH ROAD HUANGPUGUANGZHOU GUANGDONG CHINA,N/A,N/A,,"CN, CHINA",,NINGBO,"NEW YORK,NY",851240,DRY WIPES,NO MARKS,5600.0,CTN,8848.0,0.0,PPILNB125111973,UACU5972825,
2026-01-06,美国,中国,CHUYANG TRADE LIMITED,GUANGZHOU MAITELIN IT LTD, 418 BROADWAY STE R ALBANY NY 1220 712207 ,ROOM 811 BUILDING A KAIXIANGE-COM MERCE BUILDING 50 JUYUANSTREET SHI CHA ROAD SHIJING STREET ,CHUYANG TRADE LIMITED, 418 BROADWAY STE R ALBANY NY 1220 712207 ,,"CN, CHINA",,"SHENZHEN,YANTIAN","NEW YORK,NY",900490,SIDE PROTECTIVE,NO MARKS,867.0,CTN,16080.0,321600.0,CHIASEF251127866,OOCU7038740,
2026-01-06,美国,中国,STOMATOGASTRON INC,GUANGZHOU CHENGCHI TRADE CO LTD,18 LORALEE DRIVE COLONIE NY 12205 JASON0316@FOXMAIL COM , ROOM 301 NO 722 SHALIANG ROAD S HAWAN STREET PANYU DISTRICT GUANG ZHOU CITY ,STOMATOGASTRON INC,18 LORALEE DRIVE COLONIE NY 12205 JASON0316@FOXMAIL COM ,,"CN, CHINA",,"SHENZHEN,YANTIAN","OAKLAND, CA",630210,FOLDING BED,NO MARKS,325.0,CTN,16283.0,0.0,NEIAE2590334Z,EGSU1782580,
2026-01-06,美国,中国,BEST IN TECH INC,GUANGZHOU DONGHAO AUDIO CO LTD,170 CIRCLE DR N PISCATAWAY NJ 08854 US , NO 28-1 YINGCAI ROAD XINYA STREET HUADU DISTRICT GUANGZHOU CITY CN ,BEST IN TECH INC,170 CIRCLE DR N PISCATAWAY NJ 08854 US ,,"CN, CHINA",,"SHENZHEN,YANTIAN","NEW YORK,NY",852729,FM RADIO WITH SPEAKER,NO MARKS,542.0,CTN,6383.0,0.0,ACUCTSZ25110045,TCNU2112556,
2026-01-06,美国,中国,ELECTRONIC CONTROLS COMPANY,GUANGZHOU FORDA SIGNAL CO LTD, 833 W DIAMOND ST , BUILDING C WEST SIDE OF DONGFENG AVE AUTO CITY HUADU DISTR ,N/A,N/A,,"CN, CHINA",,"SHENZHEN,YANTIAN","TACOMA,WA",853990,LED AUTO LAMP,ECCO,142.0,CTN,1406.0,0.0,DFDSSZX71064213,ONEU2674180,
2026-01-06,美国,中国,FIASMIO DISTRIBUTION INC,GUANGZHOU ZHAOYUAN TRADE CO LTD,CONTACT ADD 41 14B MAIN ST STE B26 FLUSHING NY 11355 USA , ADD NO 106 FENGZE EAST ROAD NANSHA DISTRICT GUANGZHOU CHINA ,FIASMIO DISTRIBUTION INC,CONTACT ADD 41 14B MAIN ST STE B26 FLUSHING NY 11355 USA ,,"CN, CHINA",,SHANGHAI,LONG BEACH,611090,KNIT WOMEN S PULLOVERS,NO MARKS,4677.0,CTN,11251.0,0.0,OSTISHLGB25C0531,CAIU9923968,
2026-01-06,美国,中国,BAO REDWOOD CITY INC,GUANGZHOU HE QI TONG TRADE CO LTD,2050 BROADWAY STREET , RM E21 NO 51 53 55 PUXINGROAD TIANHE ,N/A,N/A,,"CN, CHINA",,"SHENZHEN,YANTIAN","OAKLAND, CA",441900,TABLEWARE KITCHENWARE STORAGE CABINET ACOUSTIC PANEL PENDANT LIGHT STOOL BAR TABLE,.,77.0,PKG,4360.0,0.0,CTYOCAN69416731,FBIU5260837,
2026-01-06,美国,中国,RBW FACTORY,GUANGZHOU WISCON ELECTRIC CO LTD, 575 BOICES LN , 2-3/F BUILDING 4 NO 3 SOUTH ROAD YONGSHAN VILLAGE SHIQI PANYU GUANGZHOU GUANGDONG CHINA 511450 ,N/A,N/A,,"CN, CHINA",,"SHENZHEN,YANTIAN","NEW YORK,NY",701890,GLASS LAMP SHADE,N/A,508.0,CTN,1380.0,0.0,EAIDSZS2511125,CSNU5872053,
2026-01-06,美国,中国,DJ SAHIB SINGH GTB LLC,GUANGZHOU FANXING INTELLIGENT PHOTO 1ST,1948 MAPMAKER DRIVE DACULA GEORGIA 30019 US ,FLOOR BUILDING 2 NO 39 JINGH U AVENUE HUADU DISTRICT GUANGZHOU CN ,N/A,N/A,,"CN, CHINA",,"SHENZHEN,YANTIAN","NEW YORK,NY",854110,LED SCREEN HS:,(MADE IN CHINA) SAHIB,18.0,PKG,1796.0,0.0,CUTWNYK25110057,CSNU7987792,
2026-01-06,美国,中国,HORIZON TRADE INC,GUANGZHOU HUAMINGHU DEP ST CO LT,942 BROADWAY ST STE 314C BOULDER CO 80302 USEMAIL:HORIZONINC@ALIYUN COM NEW YORK NY US , C71301 3RD FLOOR NO 597 SHIMAXIAHUA1ST ROAD JUNHE YANTIAN SHENZHEN CN ,HORIZON TRADE INC,942 BROADWAY ST STE 314C BOULDER CO 80302 USEMAIL:HORIZONINC@ALIYUN COM NEW YORK NY US ,,"CN, CHINA",,"SHENZHEN,YANTIAN","NEW YORK,NY",842860,DINING CHAIR,NO MARKS,272.0,CTN,7344.0,0.0,SZLOZBHK25111141,EGSU1093175,
2026-01-06,美国,中国,TRC ELECTRONICS,MEAN WELL GUANGZHOU ELECTRONICS CO,4171 STONY LN ,NO 11 JINGU SOUTH ROAD HUADU DISTRICT ,N/A,N/A,,"CN, CHINA",,"SHENZHEN,YANTIAN","NEW YORK,NY",251319,AMS HBL:CANNYC SCAC CODE:CROISWITCHING POWER SUPPLYHTS CODE: ( CTNS= PLTS)TH IS SHIPMENT CONTAINS SOLID WOODEN PACKINGMATERIALS THAT HAD BEEN HEAT TREATED.,TRC??(IN DIAMOND)??PA??C/NO.1-78,78.0,CTN,1040.0,0.0,CROICANNYC298093,CSNU5872053,
2026-01-06,美国,中国,BRIGHTPATH TRADE INC,GUANGZHOU YUTENG TRADE CO LTD,2920 E INLAND EMPIRE BLVD SUITE 105ONTARIO CA 91764 ONTARIO US , 9 ROOM 148 B604 6TH FLOOR NO 2 XI NCEN 4TH ROAD TIANHE DISTRICT GUAN GZHOU GUANGZHOU CN ,BRIGHTPATH TRADE INC,2920 E INLAND EMPIRE BLVD SUITE 105ONTARIO CA 91764 ONTARIO US ,,"CN, CHINA",,"SHENZHEN,YANTIAN","OAKLAND, CA",481960,KEYBOARD ARTIFICIAL FLOWER HEADSET STORAGE BOX UMBRELLA,NO MARKS,1055.0,CTN,11927.0,0.0,YKSEKM251212001,CSGU6704688,
2026-01-06,美国,中国,LIN FENGXIANG,GUANGZHOU J USA NG TRADE CO LTD, NO 114 ZIXI VILLAGE WUSHAN TOWN DATIAN COUNTYSANMING FUJIAN PROVINCE CHINA 366116 SANMING FUJIANCN , 108 NO 4 LANE 2 NANHUA XIAJIAO VILLAGELUOPU STREET PANYU DISTRIC T GUANGZHOU CN ,N/A,N/A,,"CN, CHINA",,"SHENZHEN,YANTIAN","NEW YORK,NY",252510,BUILDING BLOCK PCS,NO MARKS,162.0,PKG,2492.0,0.0,FSIH2511052048B,CSNU8859179,
2026-01-06,美国,中国,JGG TRADE INC,GUANGZHOU SHENDIANWEI TRADE CO LTD,1805 NOGALES ST ROWLAND HGHTS CA 9 1748 , ROOM 4008 BUILDING B NO 140- 214 YINGBIN ROAD LUOPU STREET PA NYU DISTRICT GUANGZHOU CITY 511400 ,N/A,N/A,,"CN, CHINA",,"SHENZHEN,YANTIAN","NEW YORK,NY",481960,STORAGE BOX,NO MARKS,947.0,CTN,13064.0,0.0,TWXAGTLSE2511144,TGBU4366966,
2026-01-06,美国,中国,ELVIATIONS INTERNATIONAL TRADE LLC,GUANGZHOU FUCHENG TRADE CO LTD,1500 N GRANT ST , ROOM 201 NO 318 JINGANG AVENUE NANSHA STREET NANSHA DISTRICT ,N/A,N/A,,"CN, CHINA",,"SHENZHEN,YANTIAN","NEW YORK,NY",710410,LADIES PCS SET THE SHIPPER S LOAD AND COUNT,NO MARKS,1382.0,CTN,10597.0,0.0,NCZLGVLSE2511058,EITU9041149,
2026-01-06,美国,中国,WANGXIUYING,GUANGZHOU CRAZY SOFTWARE TECHNOLOGY,28-11 210TH PL BAYSIDE NY 11360 NEW YORK 11360 US ,102 BUILDING 1 NO 3 MINSH ENG HENG STREET GUANGZHOU CN,N/A,N/A,,"CN, CHINA",,"SHENZHEN,YANTIAN","NEW YORK,NY",845230,GAME MACHINE,NO MARKS,42.0,CTN,13890.0,0.0,FSIH2511028968,TGBU6991772,
2026-01-06,美国,中国,BANNERSTAKES,GUANGZHOU UFEIYA METAL PRODUCTS CO,250 MELVIN HENLEY DR ,INDUSTRIAL ROAD NO 12-101 XISHAN V HUALONG TOWN PANYU DISTRICT ,N/A,N/A,,"CN, CHINA",,HONG KONG,"NEW YORK,NY",961210,BARRIER PLTS CONTAINS CTNS,BARRIER,50.0,PKG,1022.0,0.0,CHSL535137562CAN,TGBU4124685,
2026-01-06,美国,中国,ARTECH ELECTRONICS HK LIMITED,GUANGZHOU H & F ELECTRONICS TECHNOL OGY CO LTD, C/O FBA4000 SOUTH HAMNER AVENUE , ROOM 101 BUILDING 1 NO 32 NEW STREET XIAOWU NANSHA ,N/A,N/A,,"CN, CHINA",,"SHENZHEN,YANTIAN",LOS ANGELES,851929,RECORD PLAYER,NO MARKS,998.0,CTN,8000.0,0.0,AMZDCN25LBQCLNCJ,EMCU8836925,
2026-01-06,美国,中国,RISING INDUSTRIAL CO LTD,GUANGZHOU FUYOU IMPORT & EXPORT T, 4195 CHINO HILLS PKWY STE E132 CHINO HILLS CA 91709 ,605 RONGHUI BUILDING NO 302 ZHICHENG AVENUE GUANGZHOU ECONOM IC AND TECHNOLOGICAL DEVELOPMENT ZO,RISING INDUSTRIAL CO LTD, 4195 CHINO HILLS PKWY STE E132 CHINO HILLS CA 91709 ,,"CN, CHINA",,"SHENZHEN,YANTIAN","NEW YORK,NY",732183,FIREPLACE CORE,NO MARKS,564.0,CTN,16541.0,330820.0,GSDRXU08584311,TXGU7253694,
2026-01-06,美国,中国,AZALEA INNOVATION INC,GUANGZHOU CHIDALI TRADE CO LTD,16723 SHINEDALE DR CANYON COUNTRY CALIFORNIA 91387 US , ROOM 302 BUILDING 2 NO 3 HUA AN MIDDLEROAD HUADU DISTRICT GUANGZHOU C N ,N/A,N/A,,"CN, CHINA",,"SHENZHEN,YANTIAN","NEW YORK,NY",900190,MIRROR,NO MARKS,913.0,CTN,15550.0,0.0,OBLMOBSZ25120713,TGBU4905380,
2026-01-06,美国,中国,METROTRADE INTL INC,GUANGZHOU LINDA HO TRADE CO LTD,ADD:6565 W SUNSET BLVD SUITE 190 L OS ANGELES CA 90028 US CA 90028 US , ADD:NO 2-1 QIFU 2ND CROSS STREET YUNCHENG SUB-DISTRICT BAIYUN DISTR ICT GZ CN ,METROTRADE INTL INC,ADD:6565 W SUNSET BLVD SUITE 190 L OS ANGELES CA 90028 US US ,,"CN, CHINA",,"SHENZHEN,YANTIAN","NEW YORK,NY",854011,MONITOR,NO MARKS,1203.0,CTN,13084.0,0.0,RDIH25111154,EITU1960226,
2026-01-06,美国,中国,GUANGZHOU BUTONG IMPORT & EXPORT TRADE CO LT,GUANGZHOU BUTONG IMPORT & EXPORT TRADE CO LTD,D C/O FBA550 OAK RI DGE ROAD , ROOM 616 NO 2 JI NKENG GUANGXING HONGMIAN ROAD NANC ,N/A,N/A,,"CN, CHINA",,Pusan,"NEW YORK,NY",680292,STONE,NO MARKS,33.0,CTN,601.0,0.0,AMZDCN25YPNRGVZB,MRKU0769220,
2026-01-06,美国,中国,ROYAL KNIGHTS CLOTHING INC,GUANGZHOU ZHIZHONG TRADE CO LTD,110 E 9TH ST STE A446 LOS ANGELES CA 90079 US , HUASAN ROAD MENGHUABU VILLAGEZHENG GUO TOWN ZENGCHENG DISTRICT GUANGZHOU CN ,N/A,N/A,,"CN, CHINA",,Port of Seattle,"NEW YORK,NY",611011,KNIT PULLOVER/WOVEN SHIRT,NO MARKS,907.0,CTN,6436.0,0.0,TLKPSHAATL5D060X,FFAU6939149,
2026-01-06,美国,中国,ONTI TRADE INC,GUANGZHOU YUNSANG INTERNATIONAL TRA,15902A HALLIBURTON RD #1150HACIENDAHEIGHTS CA 91745 EMAIL:USDP@KLD-S Z COM HACIENDA HEIGHTS 91745 US ,ROOM 1602 NO 1 JINSUI ROAD TIAN HE DISTRICT GUANGZHOU CN ,N/A,N/A,,"CN, CHINA",,"SHENZHEN,YANTIAN","NEW YORK,NY",630260,CHAFING DISH,NO MARKS,1476.0,CTN,16792.0,0.0,SZLOVLSZ25120017,EMCU8363329,
2026-01-06,美国,中国,TESLA INC,GUANGZHOU JINZHONG AUTO PARTS MANUFACTURING CO LTD,45500 FREMONT BLVD FREMONT CA 94538 UNITED STATES , DONGFENG ROAD AUTO INDUSTRIAL ZONE HUADU GUANGZHOU CHINA 510800 ,N/A,N/A,,"CN, CHINA",,"SHENZHEN,YANTIAN","NEW YORK,NY",441299,CTNS ON PLYWOOD PLT WHEEL TRIM SHP -A JK THIS SHIPMENT CONTAINS NO WOOD PACKAGING MATERIAL,NO MARKS,40.0,CTN,3914.0,0.0,CMDUHKA2596452A,FSCU8736532,
2026-01-06,美国,中国,GUANGZHOU ETERNO TRADE COMPANY,GUANGZHOU SUNPENG CO LTD, C/ O FBA5990 N CAJON BLVD , ROOM A03 701 BUILDING 2 NO 30 DONG YI ROAD HUANGGE NANSHA DISTRICT GU ,N/A,N/A,,"CN, CHINA",,"SHENZHEN,YANTIAN",LOS ANGELES,691090,CERAMIC BATHROOM SINK,NO MARKS,996.0,CTN,10314.0,0.0,AMZDCN25L5VUJL5G,EGHU9609768,
2026-01-06,美国,中国香港,THE GELBOTTLE INC,FIRSTNAIL BIOTECHNOLOGY GUANGZHOU CO LTD,606 SE MADISON ST PORTLAND OR 97214 USA PORTLAND OR 97214 US , ROOM 301 AND 401 NO 37 NORTH INDUSTRIAL ROAD JIANGGAO TOWN GUANGZHOU CHINA CN ,THE GELBOTTLE INC,606 SE MADISON ST PORTLAND OR 97214 USA PORTLAND OR 97214 US ,,"HK, HONG KONG",,HONG KONG,"NEW YORK,NY",281122,CTNS PACKED INTO PLTS + CTNS GEL POLISH HS CODE: +THIS SHIPMENT CONTAINS NO WOOD PACKAGING MATERIAL+,USA,244.0,CTN,5032.0,0.0,SUPSGGZS2500216,FFAU1878605,
2026-01-06,美国,中国,ANOTHER JJ FASHION INC,GUANGZHOU LINGCUI CLOTHING CO LTD,95 STATE AVE WYANDANCH NY 11798 , A BUILDING NO 2 JIUYU ROAD JIUYU V ILLAGE XINTANG TOWN ZENGCHENG GUAN GZHOU CITY GUANGDONG PROVINCE CHINA ,NEW BTL,117 FORT LEE ROAD SUITE #B3 LEONIA NJ 07605 USA,,"CN, CHINA",,"SHENZHEN,YANTIAN","NEW YORK,NY",640520,WOMEN WOVEN VEST WOMEN WOVEN SKIRT,NO MARKS,1186.0,CTN,8895.0,0.0,QAAWAD11009206B,FFAU3483034,
2026-01-06,美国,中国,CMMOOR LIMITED,GUANGZHOU SHIMA TECHNOLOGY CO LTD, C/O FBA 650 BOULDER DR , ROOM 1101 T4 TIANGUI ROAD NO 103 ,N/A,N/A,,"CN, CHINA",,Pusan,"NEW YORK,NY",391810,D WALL PANEL PLASTIC WALL STICKER TILE DECORATIVE STICKER BACKSPLASH TILE EDGE ACOUSTIC PANELS DOUBLE-SIDED TAPE,FBA1934110ZD,443.0,CTN,6963.0,0.0,AMZDCN25P3X3FBGC,CAAU7596420,
2026-01-06,美国,中国,WALONG MARKETING INC,GUANGZHOU PALM TRADE CO LTD,6281 REGIO AVE BUENA PARK CA 90620 JULIEL@WALONG COM 714-670-8899 EXT 9137 , NO 21 CONGGUI ROAD AQUATIC PRODUCTSTRADE CENTER AREA A 4 FLOOR AREA A 4 NO 76 LIWAN DISTRICT GUANGZHOU ,WALONG MARKETING INC,6281 REGIO AVE BUENA PARK CA 90620 JULIEL@WALONG COM 714-670-8899 EXT 9137 JULIE LAI ,,"CN, CHINA",,"SHENZHEN,YANTIAN","OAKLAND, CA",270750,LAVA CUSTARD PHOENIX BUN FOODSTUFFS- CTNS LAVA CUSTARD PHOENIX BUN CTNS STEAMED ROLL CTNS OATMEAL & BLACK RICE BUN CENTIGRADE THIS SHIPMENT DOES NOT CONTAIN ANY SOLID WOOD PACKING MATERIALS. TEMPERATURE SET AT - . DEGREES CELSIUS REEFER CONTAINER,THE SAME THE SAME THE SAME THE SAME THE SAME THE SAME THE SAME THE SAME,910.0,CTN,6815.0,0.0,EGLV149590076698,EMCU5410670,
2026-01-06,美国,中国,XIAOLONGB TRADE INC,GUANGZHOU GANCAN TRADE CO LTD,PAUL PAYES 518 HARRISON AVE NUM 1025 LEADVILLE CO LEADVILLE COLORADO 80461 US , SHOP 51 NO 34 QIUYUE STREET QIAO CHENG ROAD HAIZHU DISTRICT GUANGZH OU CITY GUANGZHOU CN ,N/A,N/A,,"CN, CHINA",,QINGDAO,LONG BEACH,960621,POLYESTER CARPET HS CODE: PLASTIC B AFFLE HS CODE:,NO MARKS,847.0,CTN,11647.0,0.0,SKEMZG2512100047,SMCU1029720,
2026-01-06,美国,中国,GLOW THE LOU LLC,GUANGZHOU FANXING INTELLIGENT PHOTO 1ST,118 WATERCREST CT GROVER MISSOURI 63040 US ,FLOOR BUILDING 2 NO 39 JINGH U AVENUE HUADU DISTRICT GUANGZHOU CN ,N/A,N/A,,"CN, CHINA",,"SHENZHEN,YANTIAN","NEW YORK,NY",845691,LED D DANCE FLOOR HS: SPARK MACH INE HS: DRY ICE MACHINE HS:,JAVIER (MADE IN CHINA),22.0,PKG,1958.0,0.0,CUTWNYK25110056,CSNU7987792,
2026-01-06,美国,中国,PILOTAGE SERVICE INC,GUANGZHOU SHENDIANWEI TRADE CO LT,4521 CAMPUS DR STE 337 IRVINE CA 92603 IRVINE US , ROOM 4008 BUILDING B NO 140-214 YINGBIN ROAD LUOPU STREET PANYU DI STRICT GUANGZHOU CITY 511400 CN ,N/A,N/A,,"CN, CHINA",,"SHENZHEN,YANTIAN","NEW YORK,NY",851830,PHONE CASE,NO MARKS,860.0,CTN,13857.0,0.0,CGLSCSZ25111300,TIIU6422374,
2026-01-06,美国,中国,JOHNSONER SHANNON INC,GUANGZHOU HEHEBA TRADE CO LTD,17036 S HARLAN RD STE 108 LATHROP CA 95330TEL+1-909-481-8999EMAIL , ROOM A102 FUN CREATIVE COMMUNITY NO 371 JIANPENG ROAD HELONG STRE ,JOHNSONER SHANNON INC,17036 S HARLAN RD STE 108LATHROP CA 95330TEL+1-909-481-8999EMAIL B ,,"CN, CHINA",,NINGBO,LONG BEACH,841940,PLANT POTS,NO MARKS,877.0,CTN,13341.0,0.0,SFOKHT25121576,SMCU1225337,
2026-01-06,美国,中国,JINDIAN PACKAGING INC,GUANGZHOU NEW SMART TECHNOLOGY CO LTD,235 KNAPP AVE FOR MOREHEAD KY 4035 1 , UNIT2223 22/F YANS TOWER 25-27 WONG CHUK HANG ROAD ABERDEEN HK ,JINDIAN PACKAGING INC,235 KNAPP AVE FOR MOREHEAD KY 4035 1 ,,"CN, CHINA",,"SHENZHEN,YANTIAN","NEW YORK,NY",481960,STORAGE BOX,NO MARKS,964.0,CTN,13350.0,0.0,SXYHARISE2511130,OOCU7130481,
2026-01-06,美国,中国,GUANGZHOU SARIYO INC,GUANGDONG VISIDIR CO LTD,C/O FBA 5990 N CAJON BLVD , ROOM 1404 NO 1 SHANGPIN 1ST STREET NANSHA DISTRICT GUANGZHOU ,N/A,N/A,,"CN, CHINA",,"SHENZHEN,YANTIAN",LOS ANGELES,720421,HANDMADE STAINLESS STEEL SINK,NO MARKS,476.0,CTN,6575.0,0.0,AMZDCN25CQ3KJF4K,EMCU8836653,
2026-01-06,美国,中国,HOY TRADE INC,HETONGDA GUANGZHOU INTERNATIONAL,1805 NOGALES ST ROWLAND HGHTS CA 9 1748 ,106 FLOOR 1 AREA 1 KAISHENG CREATIVE PARK NO 65 QIXINGGANG IN DUSTRIAL ROAD BAIYUN DISTRICT GU,HOY TRADE INC,1805 NOGALES ST ROWLAND HGHTS CA 9 1748 ,,"CN, CHINA",,"SHENZHEN,YANTIAN","NEW YORK,NY",841850,DISPLAY STAND,NO MARKS,600.0,CTN,9088.0,0.0,GSDRHZMSY062382,EGSU1110518,
2026-01-06,美国,中国,NETA GAIN TRADE LLC,GUANGZHOU JISU TONG INTERNATIONAL S 5TH,11626 TUXFORD ST SUN VALLEY CALIFORNIA 91352 US ,FLOOR BUILDING 8 DYNAMIC WANGGANG CREATIVEPARK JIAHE WANGGANG BAI YUN DISTRICT GUANGZHOU CN ,N/A,N/A,,"CN, CHINA",,"SHENZHEN,YANTIAN",City of New York,940140,FABRIC SOFA,NO MARKS,99.0,CTN,9486.0,0.0,NQICNBQC25110976,CAAU5712692,
2026-01-06,美国,中国,DL MAYFAIR INC,GUANGZHOU MASTER LEATHERWARE CO LTD,600 N BROAD STREET SUITE 5 PMB 8155MIDDLETOWN DE 19709 , NO 13 HUACHENGBEI ROAD XICHENG INDUSTRIAL ZONE ,MID AMERICA OVERSEAS INC,11 COMMERCE DRIVE 3RD FLOOR ,,"CN, CHINA",,"SHENZHEN,YANTIAN","NEW YORK,NY",842330,"LADIES BAG PO NO: ,",RETAIL US DC BOXZOOKA FULFILLMENT 300 CAPITAL LANE,9.0,CTN,72.0,0.0,ECGFEVSZX028284,TLLU5040851,
2026-01-06,美国,中国,INNOVATIVE HOME TECHNOLOGIES LLC,UCOM GUANGZHOU COMMERCIAL INDUSTRIAL CO LTD,2184 VALLEY VIEW DR S SAYLORSBURG PA 18353 USA , RM1122 JIN YAN BUILDING NO 120 YAN LING ROAD TIAN HE DISTRICT GUANGZHOU CHINA ,INNOVATIVE HOME TECHNOLOGIES LLC,2184 VALLEY VIEW DR S SAYLORSBURG PA 18353 USA ,,"CN, CHINA",,SHANGHAI,"NEW YORK,NY",481810,TOILET LIFTS,NO MARKS,10.0,PKG,2042.0,0.0,HYSLFSHA12250295,FCIU4768065,
2026-01-06,美国,中国,NETA GAIN TRADE LLC,GUANGZHOU JISU TONG INTERNATIONAL SUPPLY CHAIN MANAGEMENT CO LTD,11626 TUXFORD ST SUN VALLEY CA 91352 USA , 5TH FLOOR BUILDING 8 DYNAMIC WANGGANG CREATIVE PARK JIAHE ,NETA GAIN TRADE LLC,11626 TUXFORD ST SUN VALLEY CA 91352 USA ,,"CN, CHINA",,"SHENZHEN,YANTIAN","NEW YORK,NY",842860,DINING CHAIR HS:,NO MARKS,350.0,CTN,10899.0,0.0,HYSLFCAN11250436,TGBU4022847,
2026-01-06,美国,中国,PRIMETALS TECHNOLOGIES USA LLC,GUANGZHOU SINOMACH SEALING TECHNOLO,250 DIETZ ROAD PLANT 7OH3 , NO 828 MAOGANG ROAD HUANGPU DISTRICT ,PRIMETALS TECHNOLOGIES USA LLC,250 DIETZ ROAD PLANT 7OH3 ,,"CN, CHINA",,"SHENZHEN,YANTIAN","NEW YORK,NY",450410,NECK SEALTHIS SHIPMENT DOES NOT CONTAINS ANY SOLID WOOD PACKING MATERIALS,MORGOIL,5.0,CTN,58.0,0.0,EMLTSZXS00296243,TRHU6990044,
2026-01-06,美国,中国,NEBULACREST INC,GUANGZHOU SHENDIANWEI TRADE CO LT,15040 SEVENTH ST #1010 VICTORVILL E CA 92395 VICTORVILLE US , ROOM 4008 BUILDING B NO 140-214 YINGBIN ROAD LUOPU STREET PANYU DI STRICT GUANGZHOU CITY 511400 CN ,N/A,N/A,,"CN, CHINA",,"SHENZHEN,YANTIAN","NEW YORK,NY",851830,PHONE CASE,NO MARKS,995.0,CTN,14129.0,0.0,CGLSCSZ25111623,OOLU4947176,
2026-01-06,美国,中国,NETA GAIN TRADE LLC,GUANGZHOU JISU TONG INTERNATIONAL SUPPLY CHAIN MANAGEMENT CO LTD,11626 TUXFORD ST SUN VALLEY CA 913 52 , 5 TH FLOOR BUILDING 8 DYNAMIC WANGGANG CREATIVE PARK JIAHE WANGGANG BA ,NETA GAIN TRADE LLC,11626 TUXFORD ST SUN VALLEY CA 913 52 ,,"CN, CHINA",,"SHENZHEN,YANTIAN","NEW YORK,NY",940140,FABRIC SOFA,NO MARKS,64.0,CTN,6450.0,129000.0,GSDRHZMOY062552,EGSU6360952,
2026-01-06,美国,中国,CROSSBORDER INTERNATIONAL INC,GUANGZHOU ROLL VIEW TRADE CO LTD,ADD:220 E 42ND ST NEW YORK NY 10017 USA , ADD:NO 2 YUNCHENG SOUTH SECOND ROAD BAIYUN DISTRICT GUANGZHOU CHINA ,CROSSBORDER INTERNATIONAL INC,ADD:220 E 42ND ST NEW YORK NY 10017 USA ,,"CN, CHINA",,"SHENZHEN,YANTIAN","NEW YORK,NY",851621,STORAGE BAG HS CODE,NO MARKS,893.0,CTN,10050.0,0.0,HYSLFSZX12250468,CSNU6777488,
2026-01-06,美国,中国,FEIKE GROUP INC,GUANGZHOU XINRONG TRADE CO LTD, 507 N CENTRAL AVE GLENDALE CA91203 91203 , ROOM 2613 3RD FLOOR C DISTRICT 25 NORTH HUANGCUN ROAD TIANHEDISTRICT GUANGZHOU ,FEIKE GROUP INC, 507 N CENTRAL AVE GLENDALE CA91203 91203 ,,"CN, CHINA",,"SHENZHEN,YANTIAN","NEW YORK,NY",611011,WOMEN S KNIT PULLOVER,NO MARKS,1608.0,CTN,14500.0,290000.0,CHIASEF251210926,TEMU8037486,
2026-01-06,美国,中国,RUOMU TRADE LLC,GUANGZHOU JIUYOU TRADE CO LTD,7401 CRENSHAW BLVD NUM 2050 LOS ANGELES CA 90043 LOS ANGELES CALIFORNIA 90043 US , ROOM 302-3 BUILDING A NO 2 DONGP ING DONGKENGSTREET YONGPING STREET BAIYUN DISTRICT GUANGZHOU CN ,N/A,N/A,,"CN, CHINA",,SHANGHAI,LOS ANGELES,851830,PLASTIC MOBLE PHONE CASE HS CODE:,NO MARKS,802.0,CTN,11084.0,0.0,SKEMZG2512220060,BMOU5608567,
2026-01-06,美国,中国,WILDLY ENOUGH LLC,GUANGZHOU CITY JINGUAN PRINTING CO,60 INDUSTRIAL PARK RD W SUITE 1 ,17TH FLOOR NO 32 KANGFU ROAD HUANGPU DISTRICT ,N/A,N/A,,"CN, CHINA",,"SHENZHEN,YANTIAN","NEW YORK,NY",950360,PUZZLE CTNS= PLTS THE SHIPPER S LOAD AND COUNT,WEL-PUZZLE,1324.0,CTN,13970.0,0.0,NCZLSZ25111131,EGSU6093460,
2026-01-06,美国,中国,ZHENKS COMMERCE INC,GUANGZHOU JINQIU SUPPLY CHAIN CO LTD,11715 E 51ST AVE DENVER CO 80239 , ROOM A57 SELF-NUMBERED 5012 5TH FLOOR NO 286 MIDDLE ZHONGSHAN AVENUE TIANHE DISTRICT GUANGZHOU ,JAAK TRANSPORT INC,21073 PATHFINDER RD SUITE 101 DIAMOND BAR CA91765 ,,"CN, CHINA",,"SHENZHEN,YANTIAN","NEW YORK,NY",820411,PLASTIC BOX,NO MARKS,1394.0,CTN,12110.0,0.0,NIPANBMS25120054,CSLU6281530,
2026-01-06,美国,中国,YUANWEI TRADE LIMITED,GUANGZHOU TIANYI INFORMATION TECHNOLOGY CO LTD, 1055 WILSHIRE BLVD 900B LOS ANGELESCA 90017 , ROOM 309 NO 6 W ANGGANG INDUSTRIAL 2ND ROAD BAIYUN DISTRICT GUANGZHOU 510000 ,YUANWEI TRADE LIMITED, 1055 WILSHIRE BLVD 900B LOS ANGELESCA 90017 ,,"CN, CHINA",,SHANGHAI,LOS ANGELES,481960,STORAGE BOX/PHONE CASE,NO MARKS,901.0,CTN,15000.0,0.0,KSCNKSI25120346,CMAU9225044,
2026-01-06,美国,中国,BLUE YACHT WORLD INC,GUANGZHOU XIANGYANG TRADE CO LT,420 LEXINGTON AVENUE STE 2429 NEW YORK NY 1017093-4692947 TEAM3A@GGT- WORLD COM;CKNIUDADA@163 COM US , SHOP D487 NO 8 XIDI ERMA ROAD LI WAN DISTRICT GUANGZHOU LOCATION: F LOOR 4 SELF-NUMBERED D87 YIWU CN ,BLUE YACHT WORLD INC,420 LEXINGTON AVENUE STE 2429 NEW YORK NY 1017093-4692947 TEAM3A@GGT- WORLD COM;CKNIUDADA@163 COM US ,,"CN, CHINA",,SHANGHAI,LOS ANGELES,391590,DOOR LOCK PET VEST SUIT,2224796 825001364,853.0,CTN,11231.0,0.0,ZTILTN2949065,TCLU5568922,
2026-01-06,美国,中国,GUANGZHOU LIUYECAO TRADE CO LTD,GUANGZHOU LIUYECAO TRADE CO LTD, C/O FBA650 BOULDER DR , DASHIJIEDAOLICUNXILUYIJIE11HAO3LOU302SHI ,N/A,N/A,,"CN, CHINA",,Pusan,"NEW YORK,NY",630391,DRAPES,NO MARKS,50.0,CTN,272.0,0.0,AMZDCN25ZRPNXOQ5,GESU1170768,
2026-01-06,美国,中国,ELITE INDUSTRIAL INC,GUANGZHOU FUYOU IMPORT & EXPORT T,36 S 18TH AVE STE D BRIGHTON CO 8 0601 ,605 RONGHUI BUILDING NO 302 ZHICHENG AVENUE GUANGZHOU ECONOM IC AND TECHNOLOGICAL DEVELOPMENT ZO,ELITE INDUSTRIAL INC,36 S 18TH AVE STE D BRIGHTON CO 8 0601 ,,"CN, CHINA",,"SHENZHEN,YANTIAN","NEW YORK,NY",590500,WALL MIRROR,NO MARKS,1011.0,CTN,14801.0,296020.0,GSDRXU08584329,TCNU1780442,
2026-01-06,美国,中国,HOSSEN TRADE LIMITED,GUANGZHOU KERUI INNOVATION TECH CO LTD, C/O FBA 550 OAK RIDGE ROAD , ROOM 1906 NO 68 HUADI AVEN UE MIDDLE LIWAN DISTRICT GUANGZHO ,LINGOO TRADE LIMITED, C/O AMAZON C OM SERVICES INC 550 OAK RIDGE ROAD ,,"CN, CHINA",,Pusan,"NEW YORK,NY",481960,"STORAGE BAG TOILETRY BAG TRAVEL DUFFEL BAGS RV SEALANT RV DOOR LOCK CANVAS BAG PLASTIC BOX BEER BARREL TAP TACTICAL EMT POUCH LIGHT BULB,PLUG,PLUG AND SOCKET SET,SOCKET LED LIGHTING FOAM CUTTER HOT MELT GLUE LED EGG CANDLER ROOF TAPE CONNECTION LINE BACKPACK RUBBER STICKY NOTES WATER HOSE FLY FISHING VEST INTELLECTUAL TOYS PAINT SET GYM BAG SLIDE REST STORAGE BOX GYMNASTIC RINGS RV SEWER BRACKET WATER PUMP WOOD SCRABBLE TILES ROTARY CUTTER CHARGER SOCKET PANEL RV SURGE PROTECTOR",NO MARKS,150.0,CTN,2024.0,0.0,AMZDCN25L7WF75WF,MRKU2000298,
2026-01-06,美国,中国,FAM LLC,GUANGZHOU MIAO OU TRADE CO LTD,5553-B BANDINI BLVD SUITE B BELL GARDENS CA 90201 US , NO 35 SHANGLIANTANG STREETXIUSHUI VILLAGE XIAOLOU TOWN GUANGZHOU CN ,N/A,N/A,,"CN, CHINA",,Port of Seattle,"NORFOLK,VA",630252,KNIT TEE/ KNIT POLO/KNIT PULLOVER,NO MARKS,370.0,CTN,4810.0,0.0,TLKPSHAATL5N209X,UETU2244862,
2026-01-06,美国,中国,ARTECH ELECTRONICS HK LIMITED,GUANGZHOU H & F ELECTRONICS TECHNOL OGY CO LTD, C/O FBA4000 SOUTH HAMNER AVENUE , ROOM 101 BUILDING 1 NO 32 NEW STREET XIAOWU NANSHA ,N/A,N/A,,"CN, CHINA",,"SHENZHEN,YANTIAN",LOS ANGELES,851929,RECORD PLAYER,NO MARKS,998.0,CTN,8020.0,0.0,AMZDCN25BHWWMPGV,FCIU9799069,
2026-01-06,美国,中国,CHUYANG TRADE LIMITED,GUANGZHOU MAITELIN IT LTD, 418 BROADWAY STE R ,ROOM 811 BUILDING A KAIXIANG E-COMMERCE BUILDING 50 JUYUAN STRE ,N/A,N/A,,"CN, CHINA",,"SHENZHEN,YANTIAN","NEW YORK,NY",900490,SIDE PROTECTIVE THE SHIPPER S LOAD AND COUNT,NO MARKS,712.0,CTN,14930.0,0.0,NCZLSZ25120142,EGSU1312416,
2026-01-06,美国,中国,TAURUS PRODUCT INC,GUANGZHOU CHIDALI TRADE CO LTD,1338 PALOMARES AVE A LA VERNE CALIFORNIA 91750 US , ROOM 302 BUILDING 2 NO 3 HUA AN MIDDLEROAD HUADU DISTRICT GUANGZHOU C N ,N/A,N/A,,"CN, CHINA",,"SHENZHEN,YANTIAN","NEW YORK,NY",900190,MIRROR,NO MARKS,1492.0,CTN,13380.0,0.0,OBLMOBSZ25111863,FCIU9618263,
2026-01-06,美国,中国,FEIKE GROUP INC,GUANGZHOU XINRONG TRADE CO LTD, 507 N CENTRAL AVE GLENDALE CA 91203 USA , ROOM 2613 3RD FLOOR C DISTRICT 25 NORTH HUANGCUN ROAD TIANHE DISTRICT GUANGZHOU CHINA ,FEIKE GROUP INC, 507 N CENTRAL AVE GLENDALE CA 91203 USA ,,"CN, CHINA",,"SHENZHEN,YANTIAN","NEW YORK,NY",551431,LADY S WOVEN TOP HS CODE,NO MARKS,2450.0,CTN,12240.0,0.0,HYSLFCAN12250133,BSIU5006689,
2026-01-06,美国,中国,ELITE INDUSTRIAL INC,GUANGZHOU FUYOU IMPORT & EXPORT TRADE CO LTD,36 S 18TH AVE STE D BRIGHTON CO 8 0601 , ROOM 605 RONGHUI B UILDING NO 302 ZHICHENG AVENUE GUA NGZHOU ,ELITE INDUSTRIAL INC,36 S 18TH AVE STE D BRIGHTON CO 8 0601 ,,"CN, CHINA",,"SHENZHEN,YANTIAN","OAKLAND, CA",950440,CONGRATUL ATION CARDS,NO MARKS,1563.0,CTN,14667.0,0.0,GSDRHZML816122,EMCU8520080,
2026-01-06,美国,中国,C & O USA TRADE INC,GUANGZHOU UNION PAPER AND PLASTIC P,328 MESEROLE ST BROOKLYN NY UNITED STATES 11206 ,N3005 HUANSHIDONG LU 371-375 YUEXIU DISTRICT GUANGZHOU GD CHINA 510095 ,INTEGRATED CHB INC,175-01 ROCKAWAY BLVD STE 301 JAMAICA NY UNITED STATES 11434 ,,"CN, CHINA",,"SHENZHEN,YANTIAN","NEW YORK,NY",760200,PLASTIC CONTAINER HS CODE#,AS ADDRESSED,1320.0,CTN,9501.0,0.0,KFUNA2511280729,GCXU6047646,
2026-01-05,美国,中国,GUANGZHOU YIAI TRADE CO LTD,LINYI MINGPINHUI HARDWARE TOOLS CO LTD, 410 TERRY AVE N SEATTLE WA 98109 , 1ST FLOOR NO 9 E-3B AREA NORTH INTERNATIONAL HOME AND BUILDING MATERIALS CITY ,TRESTLE TRANS INC,4740 GREEN RIVER RD #113D CORONA CA 92878 ,,"CN, CHINA",,SHANGHAI,Savannah,731420,WIRE MESH,NO MARKS,20.0,PKG,21036.0,0.0,PVIDNB51104928,WHSU5520721,
2026-01-05,美国,中国,HORIZON TRADE INC,GUANGZHOU HUAMINGHU DEP ST CO LTD,1942 BROADWAY ST STE 314C , C71301 3 ROAD FLOOR NO 597 SHIMAXIAHUA 1ST ROAD JUNHE STREET BAIYUN ,HORIZON TRADE INC,1942 BROADWAY ST STE 314C ,,"CN, CHINA",,"SHENZHEN,YANTIAN","NEW YORK,NY",940140,SOFA THIS SHIPMENT CONTAINS NO SOLID WOOD PACKING MATERIALS,NO MARKS,412.0,CTN,11548.0,0.0,DWCHSSNZS0075024,MSMU5465389,
2026-01-05,美国,中国,AMAZON COM INC,GUANGZHOU LONGBIXV ELECTRONIC CO,2020 JOE B JACKSON PKWY MURFREESBO RO TN 37127-7792 UNITED STATES MUR FREESBORO US ,RM402 20 FUQUN COURT FIRST ST XINTAI ZHEN ZENGCHENG DISTRICT GUANGZHOUGUANGZHOU CN ,JCR LOGISTICS INC,9500 SANTA FE SPRINGS RD SANTA FE SPRINGS CA 90670 SEA-US OP@YPLOGIS TICS COM SANTA FE SPRINGS CA US ,,"CN, CHINA",,"SHENZHEN,YANTIAN",Savannah,392490,PLASTIC DISPLAY STANDS PLASTIC PHOTO FRAME PLASTICS BOTTLE BRUSH,NO MARKS,887.0,CTN,8905.0,0.0,BBZLBLC202512033,HPCU4647006,
2026-01-05,美国,中国,MUKU HOME INC,GUANGZHOU LINHE MUYU TECHNOLOGY CO LTD,ADDRESS218 MACHLIN CT R201 WALNUT CA 91789 , BAIYUN DISTRICT GUANGZHOU ,MUKU HOME INC,ADDRESS218 MACHLIN CT R201 WALNUT CA 91789 ,,"CN, CHINA",,"SHENZHEN,YANTIAN",Savannah,701310,OFFICE TABLE,NO MARKS,240.0,CTN,10530.0,0.0,YQNLNJSE3890331,MAGU5630460,
2026-01-05,美国,中国,NIOURK LLC,GUANGZHOU JINGYI SUPPLY CHAIN CO,PASCAL FROMAGER MBR 2915 OGLETOWN RD NO 2463 NEWARK DE 19713 US ,ROOM 201 NO 57 SELF-COMPILED NO 318 JINGANG AVENUE NANSHA SUBD ISTRICT GUANGZHOU CN ,NIOURK LLC,PASCAL FROMAGER MBR 2915 OGLETOWN RD NO 2463 NEWARK DE US ,,"CN, CHINA",,XIAMEN,Savannah,710410,QUARTZ PRODUCTS,NO MARKS,7.0,PKG,24800.0,0.0,THGLXMN25110298,BEAU2294107,
2026-01-05,美国,中国,CAICAI INTERNATIONAL INC,GUANGZHOU SUPERVIM SUPPLY CHAIN CO LTD,5525 S SOTO ST WAREHOUSE D VERNON CA 90058 , ROOM 429-A034 BUILDING B NO 51 CONGYUN ROAD HUANGSHI STREET BAIYUN DISTRICT GUANGZHOU CITY ,QI LIN TRADE INC,15902 HALLIBURTON RD SUITE A #59 H ACIENDA HEIGHTS CA 91745 ,,"CN, CHINA",,"SHENZHEN,YANTIAN","NORFOLK,VA",940360,DINING TABLE,NO MARKS,340.0,PKG,10650.0,0.0,SAKQSZORF2511304,OOLU9077510,
2026-01-05,美国,中国,NIOURK LLC,GUANGZHOU JINGYI SUPPLY CHAIN CO,PASCAL FROMAGER MBR 2915 OGLETOWN RD NO 2463 NEWARK DE 19713 US ,ROOM 201 NO 57 SELF-COMPILED NO 318 JINGANG AVENUE NANSHA SUBD ISTRICT GUANGZHOU CN ,NIOURK LLC,PASCAL FROMAGER MBR 2915 OGLETOWN RD NO 2463 NEWARK DE US ,,"CN, CHINA",,XIAMEN,Savannah,710410,QUARTZ PRODUCTS,NO MARKS,7.0,PKG,24830.0,0.0,THGLXMN25110300,YMLU3626732,
2026-01-05,美国,中国,RARLON INC,GUANGZHOU HUAMINGHU DEP ST CO LTD,2501 CHATHAM RD STE 5350 SPRINGFIELD IL 62704 , C71301 3RD FLOOR NO 597 SHIMAXIAHUA1ST ROAD JUNHE STREET BAIYUN GUANGZHOU 510440 ,RARLON INC,2501 CHATHAM RD STE 5350 SPRINGFIELD IL 62704 ,,"CN, CHINA",,"SHENZHEN,YANTIAN","OAKLAND, CA",940140,SOFA,NO MARKS,240.0,CTN,12240.0,0.0,WMSRL2JEO5110112,MSBU6862263,
2026-01-05,美国,中国,REUBENT INC,GUANGZHOU PENBO DISPLAY PRODUCTS CO,1299 WASHINGTON AVE UNIT 120 GOLDE N CO 80401 ,ROOM 1805-1806 NO 3 TINGYUAN ROAD HAIZHU DISTRI ,REUBENT INC,1299 WASHINGTON AVE UNIT 120 GOLDE N CO 80401 ,,"CN, CHINA",,"SHENZHEN,YANTIAN",Savannah,841850,DISPLAY CABINET,NO MARKS,31.0,PKG,6080.0,0.0,BKGANSF25120054,GOSU1036804,
2026-01-05,美国,越南,SERDANG LLC,MOUNTPAX CO LTD,SUITE 120 675 HEGENBERGER ROAD OAKLAND CA 94621 UNITED STATES , FLAT RM D 10 F UNIONWAY COMMERCIAL HONG KONG HONG KONG ,GUANGZHOU HUIYUNDA INTERNATIONAL LO,ROOM 605 #69 JI AN STREET JIXIAN GUANGZHOU GD 510080 CHINA ,,"VN, VIET NAM",,VUNG TAU,"HOUSTON,TX",940320,COMMODITY: FURNITURE(STORAGE CABINET/SHELF) BED,"IOARESON-251103 -2003 SIENNA.LIU@HYD -GZ.CN,CS008@HY D-GZ.CN, MOUNTPAX@163.CO M",835.0,CTN,21902.0,0.0,COSU6435847420,BSIU9604729,
2026-01-05,美国,中国,REUBENT INC,GUANGZHOU ZHONGCHEN CULTURE DEVELOP,DD: 1299 WASHINGTON AVE UNIT 120 GOLDEN CO 80401EMAIL:OP@RILONINC CO M GOLDEN COLORADO 80401 US ,ROOM A903 NO 38 WANGGANG ROAD JIAH E STREET BAIYUNDISTRICT GUANGZHOU CN ,REUBENT INC,DD: 1299 WASHINGTON AVE UNIT 120 GOLDEN CO 80401EMAIL:OP@RILONINC CO M GOLDEN US ,,"CN, CHINA",,"SHENZHEN,YANTIAN",Savannah,392520,WOODEN DOOR THIS SHIPMENT CONTAINS NO WOOD PACKING MATERIALS.,NO MARKS,145.0,PKG,10630.0,0.0,SMCMSZX25110563,CAAU9544283,
2026-01-05,美国,中国,IVY BEAUTY,GUANGZHOU ORCHARD AROMATHERAPY & SK,25 HARBOR PARK DR PORT WASHINGTON NY 11050 USA STEPHANIE CHOE , NO 38 LIANSHENG INDUSTRIAL PARK HONGQI VILLAGE QINGHONG RD ZHULIAO ST ZHONGLUOTAN TOWN ,IVY BEAUTY,25 HARBOR PARK DR PORT WASHINGTON NY 11050 USA STEPHANIE CHOE ,,"CN, CHINA",,"SHENZHEN,YANTIAN",Savannah,380520,POMADE BEARD OIL,NO MARKS,1246.0,CTN,8228.0,0.0,USCKCNSZX383747,BMOU3177455,
2026-01-05,美国,中国,RARLON INC,GUANGZHOU HUAMINGHU DEP ST CO LTD,2501 CHATHAM RD STE 5350 SPRINGFIELD IL 62704 , C71301 3RD FLOOR NO 597 SHIMAXIAHUA1ST ROAD JUNHE STREET BAIYUN GUANGZHOU 510440 ,RARLON INC,2501 CHATHAM RD STE 5350 SPRINGFIELD IL 62704 ,,"CN, CHINA",,"SHENZHEN,YANTIAN","OAKLAND, CA",940140,SOFA,NO MARKS,230.0,CTN,11960.0,0.0,WMSRL2JEO5110298,MEDU7271840,
2026-01-05,美国,中国,DAFU USA INC,GUANGZHOU LIANGBIAN TRADE CO LTD,7895 TELEGRAPH RD , ROOM E 5 FLOOR WING KIN SQUARE NO 29 JIANSHE LIU MA ROAD YUEXIU DIST GUANGZHO ,DAFU USA INC,7895 TELEGRAPH RD ,,"CN, CHINA",,"SHENZHEN,YANTIAN",Savannah,741819,DISPOSABLE TABLE WARE,NO MARKS,1620.0,CTN,15552.0,0.0,ZIMTSHH31941708,TLLU4936144,
2026-01-05,美国,中国,TEH TUNG CORP,GUANGZHOU JIELIAN PAPER CO LTD, 8728 DICE ROAD SANTA FE SPRINGS CA 90670 TEL: 562-903-9000 FAX: 562 903-9002 , PART 1 OF 101 BUILDING NO 64 GUOMAO AVENUE SOUTH HUALONG TOWN PANYU GUANGZHOU CITY GUANGDONG 511400 ,SUSTAINED DIRECT LTD,UNIT A& B 15/F NEICH TOWER 128 GLOUCESTER ROAD WANCHAI HK TEL: 562-903-9000 ,,"CN, CHINA",,"SHENZHEN,YANTIAN","NORFOLK,VA",262060,PAPER C FOLD TOWEL PAPER C FOLD TOWEL . . JUMBO ROLL PAPER . . @ EMAIL JCHIE@MOREXPRODUCTS.COM EMAIL AWU@TEHTUNGCN.COM @@ MTSLBCO@MARUBENI-TRANS.COM EMAIL MVAN@MOREXPRODUCTS.COM,PO # 4510035385 PO # 4510035385 THE SAME THE SAME THE SAME THE SAME THE SAME,1420.0,CTN,10675.0,0.0,EGLV149508547113,EITU1306410,
2026-01-05,美国,中国,RARLON INC,GUANGZHOU HUAMINGHU DEP ST CO LTD,2501 CHATHAM RD STE 5350 SPRINGFIELD IL 62704 , C71301 3RD FLOOR NO 597 SHIMAXIAHUA1ST ROAD JUNHE STREET BAIYUN GUANGZHOU 510440 ,RARLON INC,2501 CHATHAM RD STE 5350 SPRINGFIELD IL 62704 ,,"CN, CHINA",,"SHENZHEN,YANTIAN","OAKLAND, CA",940140,SOFA,NO MARKS,230.0,CTN,11960.0,0.0,WMSRL2JEO5110297,FCIU7375061,
2026-01-05,美国,中国,HORIZON TRADE INC,GUANGZHOU HUAMINGHU DEP ST CO LTD,1942 BROADWAY ST STE 314C , C71301 3 ROAD FLOOR NO 597 SHIMAXIAHUA 1ST ROAD JUNHE STREET BAIYUN ,HORIZON TRADE INC,1942 BROADWAY ST STE 314C ,,"CN, CHINA",,"SHENZHEN,YANTIAN",Savannah,940360,DINING TABLE SIDEBOARD THIS SHIPMENT CONTAINSNO SOLID WOOD PACKING MATERIALS,NO MARKS,401.0,CTN,19964.0,0.0,DWCHSSNZS0075585,ZCSU7240364,
2026-01-05,美国,中国,NEBULACREST INC,GUANGZHOU SHENDIANWEI TRADE CO LT,15040 SEVENTH ST #1010 VICTORVILL E CA 92395 CUS VICTORVILLE US , ROOM 4008 BUILDING B NO 140-214 YINGBIN ROAD LUOPU STREET PANYU D ISTRICT GUANGZHOU CITY 511 CN ,N/A,N/A,,"CN, CHINA",,SHANGHAI,"NEW YORK,NY",851830,PHONE CASE,NO MARKS,1450.0,CTN,15200.0,0.0,CGLSCSH25110517,OOCU9089577,
2026-01-05,美国,中国,EVERBLAZE TRADE INC,GUANGZHOU LIANGBIAN TRADE CO LTD,312 W 2ND ST , ROOM E 5 FLOOR WING KIN SQUARE NO 29 JIANSHE LIU MA ROAD YUEXIU DIST GUANGZHO ,RDD FREIGHT INTL INC,- LOS ANGELES 17425 RAILROAD ST ,,"CN, CHINA",,"SHENZHEN,YANTIAN",Savannah,741819,DISPOSABLE TABLE WARE,NO MARKS,2713.0,CTN,20841.0,0.0,ZIMTSHH31941720,JXLU6253942,
2026-01-05,美国,中国,PEONY PAVILION INC,GUANGZHOU HE QI TONG TRADE CO LTD,1225 FRANKLIN AVENUE SUITE 328 GA RDEN CITY NY 11530 GARDEN CITY NY 11530 US , RM E21 NO 51 53 55 PUXING ROAD TIANHE GUANGZHOU CHINA GUANGZHOU CN ,PEONY PAVILION INC,1225 FRANKLIN AVENUE SUITE 328 GA RDEN CITY NY 11530 GARDEN CITY NY US ,,"CN, CHINA",,"SHENZHEN,YANTIAN",Savannah,810196,WIRE END FITTING ASSEMBLIES,NO MARKS,22.0,PKG,13390.0,0.0,THGLSZN25111330,YMLU8997973,
2026-01-05,美国,中国,BOOKS FOR LESS LLC,GUANGZHOU MIYI PRINTING CO LTD,20 TIMBER ROAD BRIDGETON NJ 08302 BRIDGETON NJ US , 3/F NO 10 1ST STREET KEHUI JINGU KEXUEDADAO ZHONG HUANGPU DIST G UANGZHOU CITY 510530 CHINA CN ,N/A,N/A,,"CN, CHINA",,"SHENZHEN,YANTIAN","NEW YORK,NY",844090,CHILDREN BOOK,BOOKS FOR LESS TITLE: ISBN: QUANTITY: P CS PER CARTON WEIGHT: KGS COUNTRY OF OR IGIN.: CHINA,1660.0,CTN,22500.0,0.0,NWTQWT2025E8349,CAAU8688898,
2026-01-05,美国,中国,NIOURK LLC,GUANGZHOU JINGYI SUPPLY CHAIN CO,PASCAL FROMAGER MBR2915 OGLETOWN RDNO 2463 NEWARK DE US ,ROOM 201 NO 57 SELF-COMPILED NO 318 JINGANG AVENUE NANSHA SUBD ISTRICT GUANGZHOU CN ,NIOURK LLC,PASCAL FROMAGER MBR2915 OGLETOWN RDNO 2463 NEWARK DE US ,,"CN, CHINA",,XIAMEN,Savannah,710410,QUARTZ PRODUCTS,NO MARKS,7.0,PKG,24820.0,0.0,THGLXMN25110299,YMMU1158805,
2026-01-05,美国,中国,EPL AMERICA LLC,YUXIN RLECTRIC TECHNOLOGY GUANGZHOU CO LTD,187 CANE CREEK BLVD DANVILLE VA 24540 UNITED STATES , 1080 HUANGPU E AST ROAD HUANGPU DISTRICT GUANGZHOU510700 CHINA ,EPL AMERICA LLC,187 CANE CREEK BLVD DANVILLE VA 24540 UNITED STATES ,,"CN, CHINA",,"SHENZHEN,SHEKOU","NORFOLK,VA",843910,PP CAP HS CODE: NO WOOD PACKING MATERIAL USED IN THIS SHIPMENT,NM,948.0,PCS,11345.0,0.0,RSLCSSZX01059161,WHSU9028350,
2026-01-05,美国,中国,RARLON INC,GUANGZHOU HUAMINGHU DEP ST CO LTD,2501 CHATHAM RD STE 5350 SPRINGFIELD IL 62704 , C71301 3RD FLOOR NO 597 SHIMAXIAHUA1ST ROAD JUNHE STREET BAIYUN GUANGZHOU 510440 ,RARLON INC,2501 CHATHAM RD STE 5350 SPRINGFIELD IL 62704 ,,"CN, CHINA",,"SHENZHEN,YANTIAN","OAKLAND, CA",940140,SOFA,NO MARKS,291.0,CTN,11609.0,0.0,WMSRL2JEO5110113,TGCU5126048,
2026-01-05,美国,中国,GUANGZHOU YIAI TRADE CO LTD,LINYI MINGPINHUI HARDWARE TOOLS CO LTD, 410 TERRY AVE N SEATTLE WA 98109 ,1ST FLOOR NO 9 E-3B AREA NORTH INTERNATIONAL HOME AND BUILDING MATERIALS CITY ,TRESTLE TRANS INC,4740 GREEN RIVER RD #113D CORONA CA 92878 ,,"CN, CHINA",,SHANGHAI,Savannah,731420,WIRE MESH,NO MARKS,20.0,PKG,21036.0,0.0,PVIDNB51104929,WHSU6732350,
2026-01-05,美国,中国,PERFECT STIX LLC,GUANGZHOU YIDONGQIN TRADE CO LTD,4776 OLD DIXIE HIGHWAY VERO BEACH FL 32967 USA , FULL SET 155 NO 26 LIANXILI XIAYIXIANG HUANGCUN TIANHE 511495 ,N/A,N/A,,"CN, CHINA",,Pusan,Savannah,940360,WOODEN SPOON WOODEN FORK WOODEN FOOD STICKS,NO MARKS,2111.0,CTN,21886.0,0.0,SVIVTTSN25110001,BMOU6312013,
2026-01-05,美国,中国,MARCO PLASTIC INDUSTRIES INC,GUANGZHOU JINZAN IMPORT & EXPORT CO,367 TALCOTTVILLE ROAD VERNON CT 0 6066 USA VERNON CT 06066 US ,B2/15 15TH STR DEBAO GARDEN QIAONANSTR PANYU GUANGZHOU CN ,MARCO PLASTIC INDUSTRIES INC,367 TALCOTTVILLE ROAD VERNON CT 0 6066 USA VERNON CT US ,,"CN, CHINA",,"SHENZHEN,YANTIAN",Savannah,251741,MARBLE BASE,MARCO AWARDS GROUP,1536.0,CTN,17340.0,0.0,THGLSZN25110975,SEGU2736263,
2026-01-05,美国,中国,SOUTH ASIA FURNITURE MFG,GUANGZHOU JINZAN IMPORT & EXPORT CO LTD,219 AMERICAN AVE, B2/15 15TH STR DEBAO GARDEN QIAONAN STR PANYU ,N/A,N/A,,"CN, CHINA",,"SHENZHEN,SHEKOU","NORFOLK,VA",841440,SOFA TABLE SPLIT WALL-MOUNTED AIR CONDITIONERSOFA TABLE SPLIT WALL-MOUNTED AIR CONDITIONER,NO MARKSNO MARKS,881.0,CTN,9430.0,0.0,CTYOSZX69753091,"WHSU6100805,WHSU8025790",
2026-01-05,美国,中国,OLEKSANDR LLC,GUANGZHOU MONALISA BATH WARE CO LT,12598 CENTRAL AVE CHINO CA 91710 USCNO US , D BUILDING BEIXING GANGTOU INDUSTR IAL AREA HUADONG TOWN HUADU DISTR ICT GUANGZHOU CITY CNGGZ CN ,OLEKSANDR LLC,12598 CENTRAL AVE CHINO CA 91710 USCNO US ,,"CN, CHINA",,"SHENZHEN,YANTIAN",Savannah,901910,MASSAGE THERAPY SPAS,NO MARKS,12.0,PKG,4230.0,0.0,COHEGZSE25C00018,TLLU5793990,
2026-01-05,美国,中国,RARLON INC,GUANGZHOU HUAMINGHU DEP ST CO LTD,2501 CHATHAM RD STE 5350 SPRINGFIELD IL 62704 , C71301 3RD FLOOR NO 597 SHIMAXIAHUA1ST ROAD JUNHE STREET BAIYUN GUANGZHOU 510440 ,RARLON INC,2501 CHATHAM RD STE 5350 SPRINGFIELD IL 62704 ,,"CN, CHINA",,"SHENZHEN,YANTIAN","OAKLAND, CA",940140,LOCKER SOFA,NO MARKS,331.0,CTN,16617.0,0.0,WMSRL2JEO5110299,MSNU9701188,
2026-01-05,美国,中国,GLOBAL STORE SUPPLY INC,GUANGZHOUHAOLINHOUSEWARECO LTD,C/O FBA 5045 PORTSMOUTH BLVD , ROOM 06 07 13/ F BUILDING 3 GAOSHENG PLAZA 163 YINGBIN AVENUE HUADU DI ,N/A,N/A,,"CN, CHINA",,"SHENZHEN,YANTIAN","OAKLAND, CA",848320,PLASTIC HANGER,NO MARKS,1112.0,CTN,2097.0,0.0,AMZDCN2BEHRVUQNI,FDCU0217974,
2026-01-05,美国,中国,GLOBAL STORE SUPPLY INC,GUANGZHOU SUOGLE TECHNOLOGY CO LTD,C/O FBA 5045 PORTSMOUTH BLVD , RM606-611 BUILDING #3 GAOSHENG PLAZA NO 163 YINGBIN AVENUE HUADU DIST ,N/A,N/A,,"CN, CHINA",,"SHENZHEN,YANTIAN","OAKLAND, CA",842330,ACRYLIC PICTURE FRAME BAG SEALER ENVELOPE FOOD CONTAINER-HOUSE HOLD ITEM GROW BAG KRAFT BUBBLE MAILER PAPER BOX PE COURIER BAG PE METALLIC BUBBLE MAILER PE POLY BUBBLE MAILER PLASTIC HANGER PLASTIC PLANTS POT PLASTIC STOOL,NO MARKS,1108.0,CTN,10593.0,0.0,AMZDCN25EHRVUQNI,FDCU0217974,
2026-01-05,美国,中国,BOOKS FOR LESS LLC,GUANGZHOU MIYI PRINTING CO LTD,1859 DACUSVILLE HWY EASLEY SC 29640 , 3/F NO 10 1ST STREET KEHUI JINGU KEXUEDADAO ZHONG HUANGPU DIST GUANGZHOU CITY ,BOOKS FOR LESS LLC,1859 DACUSVILLE HWY EASLEY SC 29640 ,,"CN, CHINA",,"SHENZHEN,YANTIAN",Savannah,844090,CHILDREN BOOK THIS SHIPMENT CONTAINS NO SOLIDWOOD PACKING MATERIALS,.,2348.0,CTN,22500.0,0.0,WAZRWTSAV512073,ZCSU6588524,
2026-01-05,美国,中国,FIERY ENERGY INC,GUANGZHOU RUICHENGDA ELECTRONICS CO LTD,C/O FBA 1494 S WATERMAN AVE ,0534 ZONE E 2ND FLOOR BUILDIN G B-5 NO 323 SHAPU STREET CENCUN T ,N/A,N/A,,"CN, CHINA",,NINGBO,LONG BEACH,901042,KICK SCOOTER STEP STOOL,FBA193Q1246R FBA193JW3552 FBA193JM9FYD FBA193JRKJJN FBA193ZN0FDR,1659.0,CTN,7558.0,0.0,AMZDCN25FTVNVQLS,UETU6029913,
2026-01-05,美国,中国,PUTTERMAN ATHLETICS,GUANGZHOU PANY USA WAN MYGOAL SPORT,815 W VAN BUREN SUITE 520, NO 54-1 XINZHOU AVENUE SHAWAN TOWN PANYU DISTRICT ,N/A,N/A,,"CN, CHINA",,"SHENZHEN,YANTIAN",Savannah,900921,GFC RACKS AND PORTABLE PICKLEBALL NET SYSTEM,GFC RACKS??PRO-PICKLE,116.0,PKG,20090.0,0.0,CRFNS00759096,YMMU7183868,
2026-01-05,美国,中国,RARLON INC,GUANGZHOU HUAMINGHU DEP ST CO LTD,2501 CHATHAM RD STE 5350 SPRINGFIELD IL 62704 , C71301 3RD FLOOR NO 597 SHIMAXIAHUA1ST ROAD JUNHE STREET BAIYUN GUANGZHOU 510440 ,RARLON INC,2501 CHATHAM RD STE 5350 SPRINGFIELD IL 62704 ,,"CN, CHINA",,"SHENZHEN,YANTIAN","OAKLAND, CA",940140,SOFA,NO MARKS,230.0,CTN,11960.0,0.0,WMSRL2JEO5110295,CAAU6820686,
2026-01-05,美国,中国,OMIX ADA,GUANGZHOU RUNXTEEL AUTO PARTS CO LTD,502 VALENTINE INDUSTRIAL PARKWAY EXTENSION PENDERGRASS GA 30567 USA , NO 1913 LIANGSHARD ZHONGLUOTAN BAIYUN DISTRICT GUANGZHOU 510545 CH ,OMIX ADA,502 VALENTINE INDUSTRIAL PARKWAY EXTENSION PENDERGRASS GA 30567 USA ,,"CN, CHINA",,"SHENZHEN,YANTIAN",Savannah,731300,FRONT BUMPER OVERRIDER HOOP NERF BAR RACE RADIO MOUNT HOOP STEP REAR BUMPER,NO MARKS,487.0,PKG,8856.0,0.0,HNLTZS25JA0484,BMOU1262769,
2026-01-05,美国,中国,VIRTUOUS ENTERPRISE LLC,GUANGZHOU HOMI ALUMINIUM CO LTD,233 12TH STREET STE 301 , ROOM 810 MINGO CITY OFFICE 123 YI NGBIN ROAD HUADU DISTRICT ,N/A,N/A,,"CN, CHINA",,"SHENZHEN,YANTIAN",Savannah,760421,"ALUMINUM EXTRUDED PROFILES AND FRAME COMPONENTS FOR FABRICATION OF WINDOW UNITSALUMINUM BARS, RODS, PROFILES - HOLLOW PROFILES OF ALUMINUM ALLOYS. CLASSIFIED UNDER CHAPTER , SECT ION XV.HS CODE: . . TEMPERED SAFETY G LASS PANELS, CUT TO WINDOW SIZE, FOR USE IN ALUMINUM WINDOWSHS CODE: . . PRE-ASSEMB LED ALUMINUM DOORS WITH TEMPERED GLASS PANELSHS CODE: . .ALUMINUM EXTRUDED PROFILES AND FRAME COMPONENTS FOR FABRICATION OF WINDOW UNITSALUMINUM BARS, RODS, PROFILES - HOLLOW PROFILES OF ALUMINUM ALLOYS. CLASSIFIED UNDER CHAPTER , SECT ION XV.HS CODE: . . TEMPERED SAFETY G LASS PANELS, CUT TO WINDOW SIZE, FOR USE IN ALUMINUM WINDOWSHS CODE: . . PRE-ASSEMB LED ALUMINUM DOORS WITH TEMPERED GLASS PANELSHS CODE: . .",NO MARKSNO MARKS,85.0,PKG,11840.0,0.0,BWLECAN59347866,"MEDU4456162,CARU9973986",
2026-01-05,美国,中国,DZRK SUN COMMERCE CO LTD,GUANGZHOU GANCAN TRADE CO LTD, 4558 BRAZIL ST LOS ANGELES CA 90 039 , SHOP 51 NO 34 QIUYUE STREET QIAO CHENG ROAD HAIZHU DISTRICT GUANGZ ,JL CUSTOMS SERVICE LLC,20418 EAST WALNUT DRIVE NORTH UNIT S 1B & 1CDIAMOND BAR CA 91789 ,,"CN, CHINA",,NINGBO,"HOUSTON,TX",854290,SOFA WITH INTEGRATED BED,NO MARKS,1080.0,CTN,15768.0,0.0,SFOKHT25114660,TGBU6510898,
2026-01-05,美国,中国,G A L MANUFACTURINGCORP,ENSOTA GUANGZHOU TECHNOLOGIES LTD,585 GERRARD AVE BRONX,5F BLDG 1 NO 271 HONGMING RD ECONOMIC & TECHNOLOGICAL DEV DIST ,N/A,N/A,,"CN, CHINA",,"SHENZHEN,YANTIAN","NEW YORK,NY",843139,ELEVATOR PARTS-LIGHT CURTAINTHIS SHIPMENT CONTAINS SOLID WOOD PACKING MATERIALS AND HAS BEEN FUMIGATED,G.A.L.,20.0,PKG,5800.0,0.0,DFDSCAN7418239,MSMU3590329,
2026-01-05,美国,中国,GLOBAL STORE SUPPLY INC,GUANGZHOU SINFOO PLASTIC CO LTD,C/O FBA 5045 PORTSMOUTH BLVD , C1-C6 WORKSHOP NO 3 HUAJIANG ROAD HUAHAI INDUSTRIAL ZONE HUADU DIST ,N/A,N/A,,"CN, CHINA",,"SHENZHEN,YANTIAN","OAKLAND, CA",848320,CHROMED IRON WONDER HANGER PLASTIC HANGER PLASTIC HOOK FOR HANGER PLASTIC STOOL,NO MARKS,489.0,CTN,3140.0,0.0,AMZDCN2AEHRVUQNI,FDCU0217974,
2026-01-05,美国,中国,MARC DANIEL ENTERPRISES INC,GUANGZHOU NINE BEAUTY INDUSTRIAL CO LTD,1775 BENTON BLVD SUITE 108 SAVANNAH GA 31407 USA , NO 231 LANBEI ROAD WANAN LANHE TOWN NANSHA DISTRICT GUANGZHOU GUANGDONG CHINA 511458 ,MARC DANIEL ENTERPRISES INC,1775 BENTON BLVD SUITE 108 SAVANNAH GA 31407 USA ,,"CN, CHINA",,"SHENZHEN,YANTIAN",Savannah,845720,STYLING CHAIR SHAMPOO CHAIR STATION STATION DRAWER HANDLES STATION METAL SHELFS HS CODE:,BUY-RITE,331.0,CTN,7020.0,0.0,HNLTZS25JA0175,TCLU9876570,
2026-01-05,美国,中国,GRAVITY INSTALLS LLC,GUANGZHOU SWIFTWING TRADE CO LTD,254 CHAPMAN ROAD SUITE 209 NEW CASTLE DE 19702 NEW CASTLE 19702 US , ROOM 207 2ND FLOOR DESHANG MEETS TIMES CREATIVE VALLEY NO 619 FANGCUN AVENUE WEST LIWAN GUANGZHOU 510360 CN ,FRAYER LOGISTICS CORP,1420 SHIRLEY WAY BEDFORD TX 76022 BEDFORD 76022 US ,,"CN, CHINA",,"SHENZHEN,YANTIAN","NORFOLK,VA",701399,INDOOR AMUSEMENT EQUIPMENTS HS CODE: THIS SHIPMENT CONTAINS NO SOLID WOOD PACKING MATERIALS.,NO MARKS,270.0,PKG,5030.0,0.0,CUOL7563US235561,HAMU1278726,
2026-01-05,美国,中国,DUKERS APPLIANCE CO USA LTD,GUANGZHOU BOAOSI APPLIANCE CO LTD,6185 JIMMY CARTER BLVD STE E NORC ROSS GA 30071 USUXN US , NO 28 LUOGANG HUANGANG NORTH ROAD JUNHE STREET BAIYUN DISTRICT CNGGZ CN ,DUKERS APPLIANCE CO USA LTD,6185 JIMMY CARTER BLVD STE E NORC ROSS GA 30071 USUXN US ,,"CN, CHINA",,"SHENZHEN,YANTIAN",Savannah,732111,"ELECTRIC REFRIGERATOR,GAS COUNTERTOP GRIDDLE,STOCK POT STOVES,STAINLESS STEEL CHARBROILERELECTRIC REFRIGERATOR,GAS COUNTERTOP GRIDDLE,STOCK POT STOVES,STAINLESS STEEL CHARBROILERELECTRIC REFRIGERATOR,GAS COUNTERTOP GRIDDLE,STOCK POT STOVES,STAINLESS STEEL CHARBROILER",NO MARKSNO MARKSNO MARKS,150.0,CTN,22910.0,0.0,COHEGZSE25B00149,"BMOU6329422,FFAU1272449,MAGU5584350",
2026-01-05,美国,中国,HOMEJOY INTERNATIONAL CO LTD,GUANGZHOU TIANYI ZHIHE INTERNATIONA, 201 LAS VEGAS BLVD STE 100 #7530LA S VEGAS NV 89125 LAS VEGAS NEVADA 89125 US , NO 180 JIANGNAN AVENUE CHANGGANGST REET HAIZHU DISTRICT GUANGZHOU CH INA POST GUANGZHOU CN ,N/A,N/A,,"CN, CHINA",,"SHENZHEN,YANTIAN",Savannah,851621,DESKTOP STORAGE THIS SHIPMENT CONTAINS NO WOOD PACKING MATERIALS,NO MARKS,254.0,CTN,19702.0,0.0,SXCOSZOE25120502,JZPU8031726,
2026-01-05,美国,中国,THE PAPER HOUSE CORP,GUANGZHOU LEEPACK INDUSTRIAL CO,SABANA GARDENS INDUSTRIAL PARK LOT 1-5A BO SABANA AJAJO AVE CAMPO RICO ESO CALLE B CAROLINA 00987 ,L HUASHAN SECOND INDUSTRY PARK NO 5 LONGNAN ROAD HUASHAN TOWN HUADU DISTRICT GUANGZHOU GUANGDONG ,NEAR NORTH CUSTOMS BROKERS US INC,400 ESSJAY RD SUITE 320 WILLIAMSVILLE NEW YORK 14221 UNITED STATES ,,"CN, CHINA",,PORT BUSTAMANTE,SAN JUAN,847439,PAPER BOWL HS CODE: PP PLASTIC TABLEWAR E HS CODE: PO# THIS SHIPMENT CONTAINS NO SOLID WOOD PACKING MATERIALS,ECO GUARDIAN,1098.0,CTN,5381.0,0.0,OERT202692Y00025,TCNU3213411,
2026-01-05,美国,中国,JOY CREATE HK LIMITED,GUANGZHOU LANTU CHUANGTUO IMPORT AN D EXPORT TRADE CO LTD, C/O FBA 2690 EAST ARCH AIRPORT ROAD STOCKTON CA 95206 US TCY1 ,ROOM 301 BUILDING 1 KENGKOU ELECTRONIC DIGI ,RANTION TRADE LIMITED, C/O AMAZON COM SERVICES LLC2690 EAST ARCH AIRPORT ROAD STOCKTON CA 95206 US TCY1 ,,"CN, CHINA",,"SHENZHEN,YANTIAN","OAKLAND, CA",920290,MIDI LAUNCHPAD KEYBOARD INSTRUMENT CLARINET BASS DRUM ANCHOR GUITAR EFFECT PEDAL POWER AUDIO MIXER PICCOLO MINI DIGITAL KEYBOARD HEADPHONE AMPLIFIER PAGE TURNER PEDAL POWER AMPLIFIER DRUM STICK BAG DRUM THRONE SYNTHESIZER HOOK UP GUITAR FOOTSTOOL GUITAR EFFECT PEDAL GUITAR STAND METRONOME LYRE HARP MUSICAL INSTRUMENT BAG ACCORDION PHONE STAND RECORDER EARPHONE WIRELESS RECEIVER TRUMPET TUNER SIGNAL CONVERTER DRUM PRACTICE PAD SUSTAIN PEDAL AUDIO AMPLIFIER PATCH CABLE SPEAKER FLUTE,NO MARKS,1025.0,CTN,12580.0,0.0,AMZDCN25BF5D2IAY,MSNU9608347,
2026-01-05,美国,中国,EVERBLAZE TRADE INC,GUANGZHOU LIANGBIAN TRADE CO LTD,312 W 2ND ST , ROOM E 5 FLOOR WING KIN SQUARE NO 29 JIANSHE LIU MA ROAD YUEXIU DISTRICT ,RDD FREIGHT INTL INC,- LOS ANGELES 17425 RAILROAD ST ,,"CN, CHINA",,"SHENZHEN,YANTIAN","NEW YORK,NY",390210,POLYETHYLENE PLASTIC BAG POLYPROPYLENE MESH BAG,.,3657.0,CTN,24610.0,0.0,ZIMTSHH31971968,ZCSU7438616,
2026-01-05,美国,中国,MOSS MOTORS LTD,GUANGZHOU JUNQI INDUSTRIAL CO LTD,WH2 25651 SIMPSON ROAD PETERSBURG VA 2 3803 8909 PETERSBURG 23803 US , 20 ZHENHUA NORTH ROAD SHENSHAN TOW N BAIYUN DISTRECT GUANGZHOU GUANGZHOU CN ,N/A,N/A,,"CN, CHINA",,"SHENZHEN,YANTIAN","NORFOLK,VA",870892,AUTO EXHAUST,NO MARKS,312.0,CTN,3310.0,0.0,SXCOZSOE25100098,SEGU1644007,
2026-01-05,美国,中国,GUANGZHOU CITY HUIHE PHOTOELECTRIC TECH CO LTD,GUANGZHOU CITY HUIHE PHOTOELECTRIC TECH CO LTD, C/O FBA 5045 PORTSMOUTH BLVD , ROOM 101 NO 20 NO 5 FENGXI 2ND R ,N/A,N/A,,"CN, CHINA",,"SHENZHEN,YANTIAN","NORFOLK,VA",844120,SACKS AND BAGS,NO MARKS,159.0,CTN,2657.0,0.0,AMZDCN2AC5NONUXE,SELU4136980,
2026-01-05,美国,中国,TECHLONG INTERNATIONAL INC,GUANGZHOU TECH LONG PACKAGING,3870 LAKEFIELD DRIVE ,23 YUNPU 1 ROAD YUNPU INDUSTRIAL ZO NE,N/A,N/A,,"CN, CHINA",,"SHENZHEN,YANTIAN","NEW YORK,NY",,PALLETIZERPALLETIZERPALLETIZERPALLETIZERPALLETIZERPALLETIZERPALLETIZER,NO MARKSNO MARKSNO MARKSNO MARKSNO MARKSNO MARKSNO MARKS,20.0,PKG,42540.0,0.0,DMERDFS702035885,"ZCSU7192749,SEGU5754466,TLLU4903921,ZCSU7378667,TCLU6018108,ZCSU7326426,BSIU8322778",
2026-01-05,美国,中国,THE PAPER HOUSE CORP,GUANGZHOU LEEPACK INDUSTRIAL CO,SABANA GARDENS INDUSTRIAL PARK LOT 1-5A BO SABANA AJAJO AVE CAMPO RICO ESQ CALLE B CAROLINA ,L HUASHAN SECOND INDUSTRY PARK NO 5 LONGNAN ROAD HUASHAN TOWN HUADU DISTRICT GUANGZHOU GUANGDONG ,NEAR NORTH CUSTOMS BROKERS,400 ESSJAY RD SUITE 320 WILLIAMSVILLE NY 14221 UNITED STATES,,"CN, CHINA",,PORT BUSTAMANTE,SAN JUAN,847439,PAPER BOWL HS CODE: PP PLASTIC TABLEWAR E HS CODE: PO# THIS SHIPMENT CONTAINS NO SOLID WOOD PACKING MATERIALS,ECO GUARDIAN,1098.0,CTN,5271.0,0.0,OERT202692Y00024,CMAU8460012,
2026-01-05,美国,中国,MEI CORP,GUANGZHOU CHUANGWEI TRADE CO LTD,LLC 1132 DIVIDEND COURT , ROOM 1506 BUILDING 15 NEW TOWN EN TREPRENEURSHIP CENTER ZENGCHENG LOW CARBON HEADQU ARTERS PARK ,N/A,N/A,,"CN, CHINA",,"SHENZHEN,YANTIAN",Savannah,841490,A/C COMPRESSORA/C COMPRESSORA/C COMPRESSORA/C COMPRESSOR,501397881??501364784??501368461??501414021??501397881??501364784??501368461??501414021??501397881??501364784??501368461??501414021??501397881??501364784??501368461??501414021??,92.0,PKG,73610.0,0.0,UASI2917179716,"FBLU0143750,MAGU5563110,YMMU6363968,YMMU7193151",
2026-01-05,美国,中国,EXPRESS NEW YORK INC,GUANGZHOU HUADU RONGXING LEATHER FACTORY,821 6TH AVE NEW YORK N Y 100011000 1 ,NO12 YUCAI ROAD SHILING TOWNHUA DUAREA GUANG ZHOU GUANGDONG CHINA ,EXPRESS NEW YORK INC,821 6TH AVE NEW YORK N Y 100011000 1 ,,"CN, CHINA",,"SHENZHEN,YANTIAN","NEW YORK,NY",420221,"PU HANDBAGS, PU SHOULDER BAGS, PU WALLETS, PVC WALLETS, PVC HANDBAGS, EVENING BAG, POLYESTER HANDBAGS POLYESTER BACKPACKS",NO MARKS,537.0,CTN,10910.0,218200.0,CHIASEF251126559,TCNU5416151,
2026-01-04,美国,中国,YUANSHU KEJI GUANGZHOU CO LTD,YUANSHU KEJI GUANGZHOU CO LTD,CO CASTLEGATE LOGISTICS INC 3300 INDIAN AVE PERRIS SMALL PARCEL PERRIS CA 92571 , RM613 B BUILDING 50 JUYUAN ST SH GUANGZHOU 510165 CHINA MAINLAND ,N/A,N/A,,"CN, CHINA",,"SHENZHEN,YANTIAN",LOS ANGELES,730660,"WALL MIRROR, IRON LAMPPOSTS AND BASE",WHS-62715-41928657,209.0,CTN,1482.0,0.0,CGGMYAX3237607,HASU4702059,
2026-01-04,美国,中国,ANNAFLOW CO LTD,GUANGZHOU HEHUIDAO ELECTRONIC TRADE CO LTD, 418 BROADWAY STE R ALBANY NY 12207 , 1ST FLOOR BUILDING 11 WE ST DISTRICT HEBIAN FIVE SOCIETIES HEBIAN STREET BAIYUN DISTRICT ,ANNAFLOW CO LTD, 418 BROADWAY STE R ALBANY NY 12207 ,,"CN, CHINA",,SHANGHAI,LONG BEACH,853990,"WALL LAMP,PENDANT LAMP,TABLE LAMP,CEILING LAMP , , THIS SHIPMENT CONTAINS NO SOLID WOOD PACKING MATERIALS.",. .,1093.0,CTN,7109.0,0.0,PIAHSZF2512215,MATU4647346,
2026-01-04,美国,中国,MAGICARE TECH CORP,GUANGZHOU BAIHUA CO LTD,1940 E LOCUST ST STE A ONTARIO CA 91761 ONTARIO CALIFORNIA 91761 US , NO 88 HONGQI ROAD ZHONGLUOTAN BAIYUN DISTRICT GUAN GUANGZHOU CN ,N/A,N/A,,"CN, CHINA",,"SHENZHEN,YANTIAN",LOS ANGELES,851240,ALCOHOL WET WIPES WET WIPES,MAGICARE,1403.0,CTN,23947.0,0.0,CWQGZJGW25113659,TCNU2051281,
2026-01-04,美国,中国,BIANCHI TRADE CO LTD,GUANGZHOU NEW STORY TRADE CO LT, 17917 SCARECROW PL ROWLAND HEIGHTS CA 91748 ROWLAND HEIGHTS 91748 U S , ROOM 2203 NO 13 ZEXI STREET HAN XI VILLAGEZHONGCUN STREET PANYU DI STRICT GUANGZHOU GUANGZHOU CN ,N/A,N/A,,"CN, CHINA",,"SHENZHEN,YANTIAN",LONG BEACH,481960,STORAGE BOX,NO MARKS,1066.0,CTN,17108.0,0.0,SLYWSSC2512318,TGBU9658908,
2026-01-04,美国,中国,LYT SUPPLY CHAIN INC,GUANGZHOU YAKOO CHEMICAL CO LTD,ADD: 20625 VALLEY BLVD SUITE A WAL NUT CA 91789 BRIAN LIN SUITE A WAL NUT US , NO 13 XINGHUA EAST ROAD TANBU TOWN HUADU DISTRICT GUANGZHOU CITY G UANGDONG PROVINCE CHINA 51082 CN ,LYT SUPPLY CHAIN INC,ADD: 20625 VALLEY BLVD SUITE A WAL NUT CA 91789 BRIAN LIN SUITE A WAL NUT US ,,"CN, CHINA",,Port of Bellingham,LOS ANGELES,321490,PUTTY POLISHING COMPOUND,NO MARKS,283.0,CTN,22996.0,0.0,SUSSPWL202512117,TCNU5922484,
2026-01-04,美国,中国,GLOBALEDGE TRADE INC,GUANGZHOU CHI AO TRADE CO LTD,1120 W BABCOCK ST APT 4 BOZEMAN MT 59715 BOZEMAN US , NO 689 DEXIAN RD QIAONAN ST PANYU DIST GUANGZHOU GUANGZHOU CN ,N/A,N/A,,"CN, CHINA",,NINGBO,LOS ANGELES,710410,BOY S SHORT SET,NO MARKS,2938.0,CTN,7430.0,0.0,CGLSCNG25120432,OOCU8368010,
2026-01-04,美国,中国,ZHONGYI INC,GUANGZHOU MIANHONG ELECTRONIC TECHN NOLOGY CO LTD,228 PARK AVE S 79525 NEW YORK NY10 003 TEL001 6266386959 MAIL LAXIMPORT@RAYHUNTAIR COM , ADD201 NO 2 JINGT IAN STREET HUADONG TOWN HUADU DIS TRICT GUANGZHOU CITY ,C/O RAYHUNT LLC,3780 W CENTURY BLVD INGELWOOD CA 9 0303 TEL 626 857 8555 MAIL LAXIMPORT@RAYHUNTAIR COM XLIU@TRANSLEADGR ,,"CN, CHINA",,SHANGHAI,LONG BEACH,870510,MOBILE PHONE HOLDER DECORATION PANEL,NO MARKS,709.0,CTN,10356.0,0.0,NCACG25120402,CAIU9378441,
2026-01-04,美国,中国,EVERBLAZE TRADE INC,GUANGZHOU LIANGBIAN TRADE CO LTD,312 W 2ND ST CASPER WY 82601 , ROOM E 5 FLOOR WING KIN SQUARE NO 29 JIANSHE LIU MA YUEXIU ,EVERBLAZE TRADE INC,312 W 2ND ST CASPER WY 82601 ,,"CN, CHINA",,"SHENZHEN,YANTIAN",LONG BEACH,392290,DISPOSABLE TABLE WARE PLASTIC LID,NO MARKS,1134.0,CTN,10215.0,0.0,OSTIGZLGB25C0435,TGBU4843164,
2026-01-04,美国,中国,AX FOCUS INTERNATIONAL INC,GUANGZHOU YOUXIANTONG TRADE CO LTD,20955 PATHFINDER RD #100-3 DIAMOND BAR CA 91765 , SIYOU2ND ROAD YUEXIU DISTRICT GUANGZHOU CHINA ,N/A,N/A,,"CN, CHINA",,"SHENZHEN,YANTIAN",LOS ANGELES,870810,GUARD BUMPER,NO MARKS,257.0,PKG,11000.0,0.0,PPILSZXA90854,EITU1166598,
2026-01-04,美国,中国,,GUANGZHOU JUNYUE FOAM EARPLUG CO LTD,N/A, NO 22 OF DABU ROAD XIUQUAN STREET HUADU DISTRICT GUANGZHOU CITY ,N/A,N/A,,"CN, CHINA",,Port of Bellingham,LOS ANGELES,441520,"FWDR REF: CNEE REF: PO EARPLUGS FREIGHT COLLECT, SHIPPER LOAD COUNT PART LOAD CONTAINER(S) COVERED BY BLS:GGZ GGZ B",EI REF: 512482163 SKU,56.0,CTN,4635.0,18704.0,CMDUGGZ2789526B,TCNU3505202,
2026-01-04,美国,中国,HERRERO & SONS CORP,GUANGZHOU MEICHE OPTOELECTRONICS CO,7575 NW 82ND STREET MIAMI FLORIDA 3 ,ROOM 311 NO 998 XINSHI RD BAIYUN ,HERRERO & SONS CORP,7575 NW 82ND STREET MIAMI FLORIDA 3 ,,"CN, CHINA",,"SHENZHEN,YANTIAN",MIAMI,060110,LED CAR BULBS,HERRERO & SONS CORP.,9.0,CTN,74.0,1.0,IFSNMIA25A29657,XHCU5634220,
2026-01-04,美国,,ONTARIO INC,GUANGZHOU JUN SHI TRADE CO LTD,4823 COUNTY RD 6 BROCKVILLE ONTARIOK6V 5T5 CA , ROOM 901 NO 65 ZHONGSHAN ROAD7 LIWAN DISTRICT GUANGZHOU CN ,2522585 ONTARIO INC,4823 COUNTY RD 6 BROCKVILLE CA ,,N/A,,Port of Seattle,"TACOMA,WA",860210,DIESEL GENSET FOR STATIONARY EMERGENCY BACKU P USE,NO MARKS,5.0,PKG,8600.0,0.0,PPILSHP30510,HLBU2421261,
2026-01-04,美国,中国,DC SAFETY SALES CO INC,DC SAFETY MANUFACTURING GUANGZHOU, 6730 SALP BLVD UNIT A THEODORE AL 36582 ,BUILDING A2 NO 17 FU LING EAST ROAD 7 FULING TANG MEI 511340 ,N/A,N/A,,"CN, CHINA",,"SHENZHEN,YANTIAN",LONG BEACH,300650,ROAD SAFETY KITSASSEMBLED FIRST AID KITSCARGOTOTESDUCT TAPEADHESIVE TAPE,.,2026.0,CTN,11969.0,0.0,SVIVKSZX25120144,OOLU9462943,
2026-01-04,美国,中国,SWISWANN INC,GUANGZHOU SUOGLE TECHNOLOGY CO LTD,17855 LONE RANGER TRL CHINO HILLS CA UNITED STATES 91709 , RM606-611 BULDING #3 GAOSHENG PLAZA NO 163 YINGBIN AVENUE HUADU GUANGZHOU GD CHINA 510000 ,GRAND OCEAN CUSTOMS BROKERAGE INC,801 S GARFIELD AVE SUITE#301 ALHAMBRA CA 91801 ALHAMBRA CA UNITED STATES ,,"CN, CHINA",,"SHENZHEN,YANTIAN",LONG BEACH,392062,PE POLY BUBBLE MAILER(HS CODE: ),AS ADDRESSED,605.0,CTN,4260.0,0.0,KFUNTCS8YPC13066,TGHU6678137,
2026-01-04,美国,中国,GUANG ZHOU SHI JINBI TRADE CO LTD,GUANGZHOU KUANGLING TRADE CO LT, C/O FBA24208 SAN MICHELE RD , DROOM 104 NO 20 RONGHUA STREET J INSHA STREET ,N/A,N/A,,"CN, CHINA",,"SHENZHEN,YANTIAN",LOS ANGELES,830210,IRON CONNECTER FOR CABINET,AL0-QY6UKWBGYGVC6,230.0,CTN,3651.0,0.0,AMZDCN25F4YBVDAI,SUDU8832942,
2026-01-04,美国,中国,SHIJIEYU TRADE INC,GUANGZHOU WOFU SUPPLY CHAIN CO LT,4125 KISSENA BLVD APT119A421 FLUSHING NY 11355 FLUSHING 11355 US , ROOMS 501-503 NO 1 PENGSHANG DAYUA N YIHENG ROAD GUANGZHOU CN ,N/A,N/A,,"CN, CHINA",,NINGBO,LONG BEACH,841459,CHARGER,NO MARKS,617.0,CTN,10663.0,0.0,EWLGEWNGBOE23743,MATU2786548,
2026-01-04,美国,中国,ZHONGYI INC,GUANGZHOU MIANHONG ELECTRONIC TECHN OLOGY CO LTD,228 PARK AVE S 79525 NEW YORK NY10 003 TEL001 6266386959 MAIL LAXIMPORT@RAYHUNTAIR COM , ADD201 NO 2 JINGTI AN STREET HUADONG TOWN HUADU DIST RICT GUANGZHOU CITY ,C/O RAYHUNT LLC,3780 W CENTURY BLVD INGELWOOD CA 9 0303 TEL 626 857 8555 MAIL LAXIMPORT@RAYHUNTAIR COM XLIU@TRANSLEADGR ,,"CN, CHINA",,SHANGHAI,LONG BEACH,911320,WATCH BAND,NO MARKS,701.0,CTN,9628.0,0.0,NCACG25120398,MATU2772971,
2026-01-04,美国,中国,ZYERAGAE INC,GUANGZHOU DIZANTONG TRADE CO LT,365 NELSON COURT ARVADA CO 80004 JASON0316@FOXMAIL COM CO US , ROOM 3504 NO 372 HUANSHI EAST ROAD YUEXIU DISTRICT GUANGZHOU GUANGZ HOU CN ,ZYERAGAE INC,365 NELSON COURT ARVADA CO 80004 JASON0316@FOXMAIL COM CO US ,,"CN, CHINA",,"SHENZHEN,YANTIAN",LONG BEACH,940360,DINING TABLE THIS SHIPMENT CONTAINS NO SOLID WOODEN PACKING MATERIALS.,NO MARKS,214.0,CTN,8481.0,0.0,SUSSPWL202512261,EGSU9409613,
2026-01-04,美国,中国,RISING SUN SAPHIANT DOLPHIN INC,GUANGZHO USA RP TRADE CO LTD,350 W COLORADO BLVD STE 201 PASADENA CA 91105 , NO 2 YUNQUAN ZHIJIE GUANGYUAN EAS T ROAD YUEXIU DISTRICT GUANGZHOU CHINA ,RISING SUN SAPHIANT DOLPHIN INC,350 W COLORADO BLVD STE 201 PASADENA CA 91105 ,,"CN, CHINA",,"SHENZHEN,YANTIAN",LONG BEACH,851830,PHONE CASE,NO MARKS,779.0,CTN,13000.0,0.0,MFNOMF25120832,OOCU6861049,
2026-01-04,美国,中国,NAVIE INC,GUANGZHOU YUEXIU DISTRICT COCO CLOTHING COMPANY,1230 LONG BEACH AVE LOS ANGELES CA 90021 , SHOP 6-1 AREA E GROUND FIOOR GUANGZHOU DIYI AVENUE 168 ZHANQIAN ROAD YUEXIU DISTRICT ,NAVIE INC,1230 LONG BEACH AVE LOS ANGELES CA 90021 ,,"CN, CHINA",,SHANGHAI,LONG BEACH,640520,WOMEN S COAT WOMEN S SKIRT WOMEN S SWEATER WOMEN S DRESS WOMEN S JACKET,BEULAH BEULAH STYLE,49.0,CTN,995.0,0.0,SYUISWCGA251251,MATU5182449,
2026-01-04,美国,中国,BLOOM INTERNATIONAL INC,GUANGZHOU HONGSHUO TRADE CO LTD,C/O FBA 5990 N CAJON BLVD , ROOM A613 YUNCHENG XINGYUE NO 26 Q IDE ROAD ,N/A,N/A,,"CN, CHINA",,"SHENZHEN,YANTIAN",LOS ANGELES,732183,CERAMIC PIZZA STONE GRILL HEAT PLATES STAINLESS STEEL GRILL GRATES CAST IRON PLATE SETTER GRILL GRATES HEAT PLATES AND BURNERS KIT GRILL GRATES AND HEAT PLATES KIT,NO MARKS,264.0,CTN,4420.0,0.0,AMZDCN25N66YVUL5,MRSU8542088,
2026-01-04,美国,中国,WISDOM SUPPLY CHAIN LIMITED,GUANGZHOU HAOLUN TRADE DEVELOPMENT CO LTD, 2233 S HACIENDA BLVD SUITE 201 HACIENDA HEIGHT CA 91745 , ROOM 205 NO 255 YI SHENG P LAZAD BLOCK BAIYUN DISTRICT XI CHA LU GUANGZHOU 510407 ,WISDOM SUPPLY CHAIN LIMITED, 2233 S HACIENDA BLVD SUITE 201 HACIENDA HEIGHT CA 91745 ,,"CN, CHINA",,"SHENZHEN,YANTIAN",LOS ANGELES,842850,STROLLER WAGON STROLLER WAGON ACCESSORIES S/C# NAMED ACCOUNT BLOCKSPACE PLUS,PO#W4EP2511,359.0,CTN,9787.0,0.0,TQPI2025120235,MSKU1762834,
2026-01-04,美国,中国,LEE HING INC,GUANGZHOU FUYAO TRADE CO LTD,615 WOOTEN ROAD 170 COLORADO SPRINGS CO 80915 , ROOM 301 BUILDING 6 NO 18 KELIN ROAD TIANHE DISTRICT ,LEE HING INC,615 WOOTEN ROAD 170 COLORADO SPRINGS CO 80915 ,,"CN, CHINA",,"SHENZHEN,YANTIAN",LOS ANGELES,760200,PLASTIC CONTAINER,NO MARKS,1509.0,CTN,9780.0,0.0,CFUIGZDEN2512066,CIMU0316778,
2026-01-04,美国,中国,MUYU TRADE INC,GUANGZHOU LONGYUE TRADE CO LTD,1910 STOUGHTON AVE CHASKA MN 55318 , ROOM 702 BUILDING 2 NO 1 WEISHI R OAD ZENGJIANG STREET ZENGCHENG DI STRICT GUANGZHOU ,MUYU TRADE INC,1910 STOUGHTON AVE CHASKA MN 55318 ,,"CN, CHINA",,"SHENZHEN,YANTIAN",LONG BEACH,640419,NON SLIP MAT,NO MARKS,930.0,CTN,13481.0,0.0,SWMKWSCS2512306,CCLU7815178,
2026-01-04,美国,中国,THETAVOX INC,GUANGZHOU SHIMA TECHNOLOGY CO LTD,1370 VALLEY VISTA DR STE 200 DIAMO ND BAR CA 91765 , ROOM 1101 T4 TIANGUI ROAD NO 103 GUANGZHOU HUADU GUANGDONG510803 ,THETAVOX INC,1370 VALLEY VISTA DR STE 200 DIAMO ND BAR CA 91765 ,,"CN, CHINA",,"SHENZHEN,YANTIAN",LONG BEACH,441033,DECORATIVE PANEL,NO MARKS,972.0,CTN,17900.0,0.0,SYLCFCL25128T48,RFCU4066378,
2026-01-04,美国,中国,GOLDEN SUN COMMERCE INC,GUANGZHOU LUOMA QISHI LEATHER GOODS CO LTD,2100 MARKET ST DENVER CO 802052025 US CO DE 80205 US ,BUILDING A 1ST FLOOR 101S T AND GZ CN ,EVER CUSTOMS INC,2583 E WYANDOTTE CT ONTARIO CALIFO RNIA 91761 UNITED STATES OF PICO R IVERA US ,,"CN, CHINA",,"SHENZHEN,YANTIAN",LONG BEACH,841830,BACKPACK CHEST PACK,NO MARKS,428.0,CTN,4925.0,0.0,EVHL25120897,OOLU9401296,
2026-01-04,美国,中国,TOURJAY HK CO LTD,TOURJAY HK CO LTD, + C/O WFS 6720 KIMBALL AVE CHINO CA 91708 US , ROOM 11 22F THECLOUD 111 TUNG 999077 ,GUANGZHOUHENGFENGLIMAOYIYOUXIANGONG 6730 KIMBALL, AVE CHINO CA 91708 US ,,"CN, CHINA",,"SHENZHEN,YANTIAN",LOS ANGELES,071332,SMALL BOARD,3126922WFA,114.0,CTN,2091.0,0.0,WMSRL3JEO5110031,FANU3720253,
2026-01-04,美国,中国,METROTRADEEINTLLINC 6565 W SUNSET,GUANGZHOU LINDA HO TRADE CO LTD,BLVD SUITE 190LOS ANGELES CA 90028 LOS ANGELES CA 90028 US , NO 2-1 QIFU 2ND CROSS STREET YUNC HENG SUB-DISTRICT BAIYUN GUANGZHOU CN ,N/A,N/A,,"CN, CHINA",,"SHENZHEN,YANTIAN",LONG BEACH,392410,PLASTIC CUPS,NO MARKS,685.0,CTN,9761.0,0.0,TLKPSZXLAX5D191X,OOCU5923608,
2026-01-04,美国,中国,SU PAI INTERNATIONAL TRADE INC,GUANGZHOU XINGBU TRADE CO LTD,324 S DIAMOND BAR BLVD UNIT NUM717 DIAMOND BAR CA91765 , ROOM 421 NO 73 MIDDLE YANJIANG R OAD DASHIJIE PANYU DISTRICT GUANG ZHOU ,SU PAI INTERNATIONAL TRADE INC,324 S DIAMOND BAR BLVD UNIT NUM717 DIAMOND BAR CA91765 ,,"CN, CHINA",,"SHENZHEN,YANTIAN",LONG BEACH,845819,METAL TISSUE HOLDERTOWEL BAR,NO MARKS,615.0,CTN,12700.0,0.0,LSDASZX25128827,TGBU8953370,
2026-01-04,美国,中国,XUANXIANG TRADE LIMITED,GUANGZHOU SHENDIANWEI TRADE CO LT, 9450 CA-27 CHATSWORTH CA 91311 CHA TSWORTH US , ROOM 4008 BUILDING B NO 140-214 YINGBIN ROAD LUOPU STREET PANYU DI STRICT GUANGZHOU CITY 511400 CN ,N/A,N/A,,"CN, CHINA",,"SHENZHEN,YANTIAN","HOUSTON,TX",851830,PHONE CASE,NO MARKS,869.0,CTN,12967.0,0.0,CGLSCSZ25110803,TGBU4606352,
2026-01-04,美国,中国,SEUNG GWANG USA INC,GUANGZHOU SUNRAISE TRADE CO LTD,41-14B MAIN ST STE B26 FLUSHING NY 11355 FLUSHING 11355 US , NO1218 ZHONGSHAN AVENUE MIDDLE TIA NHE DISTRICT G GUANGZHOU CN ,N/A,N/A,,"CN, CHINA",,"SHENZHEN,YANTIAN",LONG BEACH,481960,STORAGE BOX,NO MARKS,859.0,CTN,10540.0,0.0,EWLGEWNGBOE23667,CBHU9437159,
2026-01-04,美国,中国,TRUVA STANDARD INC,GUANGZHOU ZHONGYUE CLOTHING CO LT,2645 ULMERTON RD STE 100 CLEARWATERFL 33762 EMAILTIB0026@126 COM , D XINBAIJIA SHATAI ROAD JINGXI SU B-DISTRICT BAIYUN DISTRICT GUANGZ HOU CITY GUANGDONG PROVINCE ,TRUVA STANDARD INC,2645 ULMERTON RD STE 100 CLEARWATERFL 33762 EMAILTIB0026@126 COM ,,"CN, CHINA",,SHANGHAI,LONG BEACH,420292,BACKPACK,NO MARKS,675.0,CTN,12897.0,0.0,NCACG25120362,BMOU4289779,
2026-01-04,美国,中国,NAYELIDE SHOP SA CV,GUANGZHOU JUNHE INTERNATIONAL LOGIS,CALLE MANUEL FERNANDO SOTO NUMEROEX ,ROOM L357 UNIT 505 NO 8 JINGGAN ,HODOS SUPPLY CHAIN ADVANCE LLC,19141 GOLDEN VALLY RD SUIT 1006 ,,"CN, CHINA",,"SHENZHEN,YANTIAN",LONG BEACH,848220,PLASTIC CUP,NO MARKS,1129.0,CTN,15825.0,0.0,CHQFHSZ25120342,CSGU6704667,
2026-01-04,美国,中国,QUANM HARBOR INC,GUANGZHOU YANZHIKANG TECHNOLOGY CO LTD,435 NICHOLS RD STE 200 KANSAS CITY MO 64112 EMAILQHB0026@126 COM , BUILDING 2 MANWEI INDUSTRIAL P ARK WANZHOU VILLAGE DONGCHONG VIL LAGE NANSHA DISTRICT GUANGZHOU ,QUANM HARBOR INC,435 NICHOLS RD STE 200 KANSAS CITY MO 64112 EMAILQHB0026@126 COM ,,"CN, CHINA",,SHANGHAI,LONG BEACH,920300,KEYBOARD,NO MARKS,862.0,CTN,14045.0,0.0,NCACG25120363,PRSU8852363,
2026-01-04,美国,中国,BLUE YACHT WORLD INC,GUANGZHOU XIANGYANG TRADE CO LT,420 LEXINGTON AVENUE STE 2429 NEW YORK NY 10170 , SHOP D487 NO 8 XIDI ERMA ROAD LI WAN DISTRICT GUANGZHOU LOCATION:F LOOR 4 SELF-NUMBERED D87 ,BLUE YACHT WORLD INC,420 LEXINGTON AVENUE STE 2429 NEW YORK NY 10170 ,,"CN, CHINA",,"SHENZHEN,YANTIAN",LONG BEACH,820411,PLASTIC BOX,NO MARKS,929.0,CTN,13510.0,270200.0,GSDRAE6437413180,OOCU9155215,
2026-01-04,美国,中国,YUANWEI TRADE LIMITED,GUANGZHOU TIANYI INFORMATION TECHNO, 1055 WILSHIRE BLVD 900B LOS ANGELESCA 90017 LOS ANGELES CALIFORNIA 90 017 US ,ROOM 309 NO 6 WANGGANG INDUSTRIAL 2NDROAD BAIYUN DISTRICT GUANGZHOU GUANGZHOU CN ,N/A,N/A,,"CN, CHINA",,NINGBO,LONG BEACH,481960,STORAGE BOX,NO MARKS,1026.0,CTN,16300.0,0.0,STNDSTL25087196,MATU4639090,
2026-01-04,美国,中国,NOVALINK TRADE INC,GUANGZHOU CX PLASTIC PACKAGING CO LTD,233 E MAIN ST STE 210 BOZEMAN MT59715 BOZEMAN MO 59715 US ,NO 4 YUEJIA SECOND STREET SHIM EN GZ CN ,NOVALINK TRADE INC,233 E MAIN ST STE 210 BOZEMAN MT59715 BOZEMAN US ,,"CN, CHINA",,"SHENZHEN,YANTIAN",LONG BEACH,820411,PLASTIC BOX,NO MARKS,1168.0,CTN,14540.0,0.0,EVHL25120866,OOCU5913596,
2026-01-04,美国,中国,NICKELS AND DIMES INC,GUANGZHOU WAKEE AMUSEMENT TECHNOLOG D,1844 N PRESTON ROAD CELINA TX UNITED STATES 75009 ,BLOCK XINLI TOWER #6 XINSHUIKENG SECTION SHIXIN ROAD PANYU DISTRIT GUANGZHOU511400 ,FUN HOOPS INC,500 N ATLANTIC BLVD # 162 MONTEREY PARK CA UNITED STATES 91754 ,,"CN, CHINA",,"SHENZHEN,YANTIAN",LOS ANGELES,290362,AMUSEMENT MACHINE AND PARTS( P LUXURY VERSION/CUTTER/ P ATRIUM VERSION/ P SCOOPER/CLIPPER/GLASS DOOR)HTS:,AS ADDRESSED,34.0,CTN,5340.0,0.0,KFUNA2512280457,MRSU3565687,
2026-01-04,美国,中国,MERCI GLOBAL TRADE INC,GUANGZHOU WELLSON TRADE CO LTD,ADD:15 METROTECH CENTER BROOKLYN NY 11201 USA , ADD:NO 73 YINGJIANG MIDDLE ROAD DASHI SUB-DISTRICT PANYU DISTRICT GUANGZHOU CHINA ,MERCI GLOBAL TRADE INC,ADD:15 METROTECH CENTER BROOKLYN NY 11201 USA ,,"CN, CHINA",,"SHENZHEN,YANTIAN",LONG BEACH,820411,PLASTIC BOX HS CODE:,NO MARKS,740.0,CTN,13600.0,0.0,HYSLFSZX12251255,CSNU7570788,
2026-01-04,美国,中国,ACME DISPLAY FIXTURE CO,GUANGZHOU SINFOO PLASTIC CO LTD,3829 SOUTH BROADWAY STREET LOS ANGELES CA 90037 UNITED STATES LOS ANGELES CA 90037 US LOS ANGELESCA90037 US , C1-C6 WORKSHOP NO 3 HUAJIANG ROAD HUAHAI INDUSTRIAL ZONE HUADU GUANGZHOU 510800 CN GUANGZHOU510800 CN ,N/A,N/A,,"CN, CHINA",,"SHENZHEN,YANTIAN",LONG BEACH,491110,BELT HANGERACRYLIC HOLDER PAPER TAG PRICE LABEL PRICE LABELER TAGPIN TAGGING TOOL,NO MARKS,38.0,CTN,368.0,0.0,SDZHSE25120288,BEAU6228130,
2026-01-04,美国,中国,GUANGZHOU YUEYI TRADE CO LTD,HONGKONG JUANDA TRADE LIMITED, ZHAO YANG 760 CHEMIN DU GOLF VERDU N QC H3E1A85149966201 , OFFICE UNIT B ON 9/F THOMSON COMMERCIAL BUILDING 8 THOMSON ROAD WAN CHAI HONG KONG ,WISELINKCUSTOMS BROKERS LTD,168/169 -8711 ALEXANDRA RD RICHMO ND BC CANADA V6X 1C36046818733 ,,"CN, CHINA",,Pusan,"TACOMA,WA",950632,GOLF CART,NO MARKS,40.0,PKG,6400.0,0.0,SYLCMIGOL212019,FCIU4510620,
2026-01-04,美国,中国,MPK TRADE LLC,GUANGZHOU Q&H TRADE CO LTD,FENG PAN SOLE MBR 9650 TELSTAR AVE UNIT A178-0004 EL MONTE CA CALIF ORNIA 91731 US , 803A NO 1268 GUANGZHOU AVENUE TIAN HE DISTRICT GUANGZHOU CN ,MPK TRADE LLC,FENG PAN SOLE MBR 9650 TELSTAR AVE UNIT A178-0004 EL MONTE CA US ,,"CN, CHINA",,SHANGHAI,"HOUSTON,TX",851621,STORAGE CABINET,NO MARKS,771.0,CTN,17119.0,0.0,NXHSSHXH25111436,EGSU9419123,
2026-01-04,美国,中国,HOWARD CORE COMPANY LLC,GUANGZHOU CREMONA VIOLIN CO LTD,99 SYMPHONY WAY , NO 2 YANYANDAJIE CHONGKOUCUN DASHIJE PANYU ,HOWARD CORE COMPANY LLC,99 SYMPHONY WAY ,,"CN, CHINA",,TIANJIN,LONG BEACH,,VIOLINVIOLACELLO,VIOLIN??VIOLA??CELLO,179.0,CTN,1550.0,0.0,UASI2917465309,YMMU7307254,
2026-01-04,美国,中国,CEYRARE INC,HOMERUN TECHNOLOGY GUANGZHOU CO,1790 30TH ST STE 209 BOULDER COLORADO 80301 US ,ROOM 202 2F A1 BLDG XINJUNSHENGN EW MATERIAL GARDEN NO 3HUANBAO3 RD GUANGZHOU CN ,KALLY TRADE INC,2590 WELTON STREET STE200 PMB7983 DENVER US ,,"CN, CHINA",,"SHENZHEN,YANTIAN",LOS ANGELES,391590,PET DRYER CAT LITTER BOX,NO MARKS,266.0,CTN,4630.0,0.0,CWQGCGS251201014,CMAU3421498,
2026-01-04,美国,中国,PASSAGE TRADE CO LTD,GUANGZHOU TIANYI INFORMATION, 4930 DIRECTORS PL STE 150 SAN DIEGOCA 92121 PASSAGEKUANGYAN@OUTLOOK C OM TEL9567971189 ,ROOM 309 NO 6 WANGGANG INDUSTRIAL 2ND ROAD BAIYUN DISTRICT GUANGZHOU ,PASSAGE TRADE CO LTD, 4930 DIRECTORS PL STE 150 SAN DIEGOCA 92121 PASSAGEKUANGYAN@OUTLOOK C OM TEL9567971189 ,,"CN, CHINA",,SHANGHAI,LONG BEACH,481960,"STORAGE BOX, WOMAN TOP",NO MARKS,877.0,CTN,14900.0,0.0,JLHGJLSHA5120940,TCLU8710537,
2026-01-04,美国,中国,GLOBAL STORE SUPPLY INC,GUANGZHOU HAOLIN HOUSEWARECO LTD,14955 LIMONITE AVE EASTVALE CA 92880 UNITED STATES EASTVALECA 92880 US EASTVALE CA92880 US , ROOM 06 07 13- F BUILDING 3 GAOSHENG PLAZA 163 YINGBIN AVENUE GUANGZHOU 510800 CN GUANGZHOU 510800 CN ,N/A,N/A,,"CN, CHINA",,"SHENZHEN,YANTIAN",LONG BEACH,848320,PLASTIC HANGER,NO MARKS,2666.0,CTN,12250.0,0.0,SDZHSE25120315,CAAU6109003,
2026-01-04,美国,中国,PTUSA INTERNATIONAL CORP,GUANGZHOU ZHILIANGZHI FOOD CO LTD, 1177 FLUSHING AVE SUITE 1 BROOKLYN NY 11237 TEL : 929 510-3170 EMAIL: , ROOM 301 NO 5 NANFENG ROAD DANANKENG DAYUAN STREET BAIYUN DISTRICT GUANGZHOU CHINA TEL: +86 15521006397 ,PTUSA INTERNATIONAL CORP, 1177 FLUSHING AVE SUITE 1 BROOKLYN NY 11237 TEL : 929 510-3170 EMAIL: ,,"CN, CHINA",,"SHENZHEN,YANTIAN",LOS ANGELES,200570,FROZEN BUNS FROZEN BUNS PO#PT THIS CONTAINER DOES NOT CONTAIN ANY SOLID WOOD PACKING MATERIALS. VENT SET (CMH) TEMPERATURE SET AT - . DEGREES CENTIGRADE REEFER CONTAINER,THE SAME THE SAME THE SAME THE SAME THE SAME THE SAME THE SAME,1418.0,PKG,10198.0,0.0,EGLV149509895409,EMCU5664118,
2026-01-04,美国,中国,SU PAI INTERNATIONAL TRADE INC,GUANGZHOU XINGBU TRADE CO LTD,324 S DIAMOND BAR BLVD UNIT NUM717 DIAMOND BAR CA 91765 CUSTOMER@TONG FREE COM LONG BEACH CA US , ROOM 421 NO 73 MIDDLE YANJIANG R OAD DASHIJIE PANYU DISTRICT GUANG ZHOU ZIP CODE: 511430 GUANGZHOU CN ,SU PAI INTERNATIONAL TRADE INC,324 S DIAMOND BAR BLVD UNIT NUM717 DIAMOND BAR CA 91765 CUSTOMER@TONG FREE COM LONG BEACH CA US ,,"CN, CHINA",,SHANGHAI,LONG BEACH,390760,GLASS BOTTLE PHONE CASE,NO MARKS,924.0,CTN,16500.0,0.0,ZTILTN3468498,MATU2735941,
2026-01-04,美国,中国,NEXUS TRADE DYNAMICS INC,LI JIANG GUANGZHOU TRADE CO,737 GUNNISON AVE GRAND JUNCTION CO 81501 ,L NO 1 XINGGANG WEST ROAD HAIZHU D ISTRICT GUANGZHOU CITY GUANGDONG ,NEXUS TRADE DYNAMICS INC,737 GUNNISON AVE GRAND JUNCTION CO 81501 ,,"CN, CHINA",,"SHENZHEN,YANTIAN",LONG BEACH,820411,PAPER BOX,NO MARKS,1051.0,CTN,14720.0,0.0,SZQNSE25124101,FFAU3339710,
2026-01-04,美国,中国,LEVAREJ COMERCIALIZADORA S A,GUANGZHOU WANFAN SUPPLY CHAIN CO LTD,E CV LEC2212025U7 EBANO 8530 JARDINES DEL BOSQUE CP 32539 CD JUAREZ CHIHUAHUA , ROOM 608 6 F NO 217 HELONG 2ND ROAD JIAHE STREET BAIYUN DISTRICT GUANGZHOU CHINA ,LEVAREJ COMERCIALIZADORA S A,E CV LEC2212025U7 EBANO 8530 JARDINES DEL BOSQUE CP 32539 CD JUAREZ CHIHUAHUA ,,"CN, CHINA",,"SHENZHEN,YANTIAN",LOS ANGELES,630691,CAMPING CHAIR,NO MARKS,1090.0,CTN,14390.0,0.0,OSTIGZLAX25C0419,FBIU7906145,
2026-01-04,美国,中国,YINCHUANG TRADE LIMITED,GUANGZHOU PENBO DISPLAY PRODUCTS CO LTD, 1450 ALLERTON AVE , ADDRESSRM 1805-1806 NO 3 TINGYUAN ROAD HAIZHU DISTRI ,YINCHUANG TRADE LIMITED, 1450 ALLERTON AVE ,,"CN, CHINA",,"SHENZHEN,YANTIAN",LOS ANGELES,851621,ACRYLIC STORAGE RACK,NO MARKS,25.0,PKG,5000.0,0.0,UULNSZ2512DM4908,CAJU5296837,
2026-01-04,美国,中国,FENGMI TRADE INC,GUANGZHOU TIAN YI INFORMATION TECHN,1249 S DIAMOND BAR BLVD STE 990 DIAMOND BAR CA 91765 ,ROOM 309 NO 6 WANGGANG INDUSTRIAL 2ND ROAD BAIYUN DISTRICT GUANGZHOU ,FENGMI TRADE INC,1249 S DIAMOND BAR BLVD STE 990 DIAMOND BAR CA 91765 ,,"CN, CHINA",,"SHENZHEN,YANTIAN",LONG BEACH,481960,STORAGE BOX,NO MARKS,799.0,CTN,12100.0,0.0,GSDRHZMJR413410,OOCU9141891,
2026-01-04,美国,中国,HELLA AUTOMOTIVE SALES INC SOE,GUANGZHOU HANMA ELECTRONICS TECHNOL,1117 VICTOR HILL RD VICTOR HILL DISTRIBUTION CENTER,67 ZHONGSHA WEST ROAD JIANGGAO TOWN BAIYUN DISTRICT,N/A,N/A,,"CN, CHINA",,Port of Bellingham,LOS ANGELES,900510,AUTO LIGHT,HELLA??PO 4500282204,116.0,CTN,1626.0,0.0,BWLECAN59351415,TXGU6981606,
2026-01-04,美国,中国,ANDREA VICENTIN,GUANGZHO USA IER STAGE CO LTD,149 GRANADA DR LAKE WORTH 33461 FLO , C3 NO 6 CHANGDUN ROAD GUANYONG VILL ,ANDREA VICENTIN,149 GRANADA DR LAKE WORTH 33461 FLO ,,"CN, CHINA",,"SHENZHEN,YANTIAN",MIAMI,841370,STAGE,SGAIER TRUSS,9.0,PKG,5007.0,15.0,IFSNMIA25A22261,XHCU5634220,
2026-01-04,美国,中国,EONHAVEN INC,GUANGZHOU SHIMA TECHNOLOGY CO LTD,2225 W WELLESLEY AVE STE 103 SPOKA NE WA 99205 , ROOM 1101 T4 TIANGUI ROAD NO 103 GUANGZHOU HUADU GUANGDONG510803 ,EONHAVEN INC,2225 W WELLESLEY AVE STE 103 SPOKA NE WA 99205 ,,"CN, CHINA",,"SHENZHEN,YANTIAN",LONG BEACH,441033,WOODEN DECORATIVE PANEL,NO MARKS,1120.0,CTN,16800.0,0.0,SYLCFCL25128T47,CCLU7947087,
2026-01-04,美国,中国,HIROSAWA AUTOMOTIVE TRIM USA CO,GUANGZHOU WORLD INTERNATIONAL TRADE,43500 GEN MAR NOVI MI 48375 ,2/F #220 GUAN&APOS;ER YONTAI BLDG #81 YONGPING ST BAIYUN DIST GUANGZHOU 510420 ,FIN WHALE LOGISTICS,15342 EL PRADO RD SUITE 200 A CHIN O CA 91710,,"CN, CHINA",,"SHENZHEN,YANTIAN",LONG BEACH,441033,PLASTIC DECORATIVE STRIP,NO MARKS,353.0,CTN,3400.0,0.0,QAAWSZAD12009608,FFAU2600291,
2026-01-04,美国,中国,LPGA BEST HARMONY GLOBALIZED TRADEN,MAO MAO YE TRADE GUANGZHOU CO,1669 PUDDINGSTONE DR LA VERNE CA 9 1750 LA VERNE CALIFORNIA CA 91750 US ,LANTIANCANG NO 6 DALANG WEST ROAD BAIYUNHUSTREET BAIYUN DISTRICT GUANGZHOU CITY GUANGZHOU CN ,N/A,N/A,,"CN, CHINA",,"SHENZHEN,YANTIAN",LOS ANGELES,841451,CEILING FANS HS CODE:,NO MARKS,850.0,CTN,7260.0,0.0,SKEMZG2512110033,SEGU6279988,
2026-01-04,美国,中国,SOLARIX CAPITAL LLC,GUANGZHOU LIFENG TRADE CO LTD,242 COOPERATIVE WAY KALISPELL MT 5 9901 , NO 227 SHATAI SOUTH RD TIANHE DIST GUANGZHOU ,SOLARIX CAPITAL LLC,242 COOPERATIVE WAY KALISPELL MT 5 9901 ,,"CN, CHINA",,SHANGHAI,LOS ANGELES,710410,BOY S KNIT SHORT SET,NO MARKS,2173.0,CTN,7554.0,0.0,DWSHYH1704313912,MAGU5403786,
2026-01-04,美国,中国,SINLEY TRADE INC,GUANGZHOU TIANYI INFORMATION TECHNO,15650 DEVONSHIRE ST STE 104GRANADA HILLS CA 91344 GRANADA HILLS CALIFORNIA 91344 US ,ROOM 309 NO 6 WANGGANG INDUSTRIAL 2NDROAD BAIYUN DISTRICT GUANGZHOU GUANGZHOU CN ,N/A,N/A,,"CN, CHINA",,NINGBO,LONG BEACH,481960,STORAGE BOX,NO MARKS,851.0,CTN,15700.0,0.0,STNDSTL25086965,MATU2543194,
2026-01-04,美国,中国,SOREN GROUP,GUANGZHOU JUN SHI TRADE CO LTD,CORP 1320 VALLEY VISTA DR NUM 106 DIAMOND BAR CA 91765 , ROOM 901 NO 65 ZHONGSHAN ROAD7 LIWAN DISTRICT ,N/A,N/A,,"CN, CHINA",,"SHENZHEN,YANTIAN","NEW YORK,NY",845522,ROLLING DOOR ACCESSORY,MADE IN CHINA,22.0,PKG,25350.0,0.0,SZNGCXE25110253,JZPU8034242,
2026-01-04,美国,中国,MINO AUTOMATION USA INC,GUANGZHOU MINO EQUIPMENT CO LTD,1755 HARMON ROAD AUBURN HILLS DETROIT MI 48326 USA , 500 NINGPU BLVD HUANGPU DISTRICT GUANGZHOU GUANGDONG CHINA ,MINO AUTOMATION USA INC,1755 HARMON ROAD AUBURN HILLS DETROIT MI 48326 USA ,,"CN, CHINA",,"SHENZHEN,YANTIAN",LOS ANGELES,871680,TAKE OUT TROLLEY PVC BOARD DOORFRAME,MPRI-2401 PROJECT,5.0,PKG,2306.0,0.0,SMWJGZ251205251,MRKU3280336,
2026-01-04,美国,中国,SMTC MEX HOLDINGS KUEHNE NAGEL,GUANGZHOU MEKA INDUSTRIAL CO LTD,1401 PULLMAN DR SUITE C EL PASO TX 79936 , BUILDING 4-101 NO 3 LINGHUAN WEST RD SHIQI TOWN PANYU DISTRICT GU ANGZHOU 511450 THE PEOPLES REPU ,SMTC MEX HOLDINGS/KUEHNE NAGEL,1401 PULLMAN DR SUITE C EL PASO TX 79936,,"CN, CHINA",,XIAMEN,LOS ANGELES,853340,CONTROLLER CYLINDER,SMTC,4.0,PKG,1927.0,0.0,TERDLP202512020D,APHU6653919,
2026-01-04,美国,中国,RENNAN J INC,GUANGZHOU ZUOFENGYIFUSHI BUI,DBA INA FASHION 758 E 14TH STREET LOS ANGELES 9002 1 ,1DING 1 NO41 DALONG STREET SHIQ I TOWN PANYU DISTRICT GUANGZHOU CHINA,RENNAN J INC,DBA INA FASHION 758 E 14TH STREET LOS ANGELES 9002 1 ,,"CN, CHINA",,SHANGHAI,LONG BEACH,846593,BELT,NO MARKS,367.0,PKG,6159.0,0.0,WMIDMAY25120777,MATU5190110,
2026-01-04,美国,中国,MIXWARE INTERNATIONAL LLC,GUANGZHOU TAIDIAN STAGE LIGHTING EQ UIPMENT CO LTD,DBA COLOR KEY 3086 W POST RD LAS VEGAS NV 89118 USA , ROOM 201 NO 1 FEN GHE WEST ROAD RENHE TOWN BAIYUN D ISTRICT GUANGZHOU CHINA 510470 ,MIXWARE INTERNATIONAL LLC,DBA COLOR KEY 3086 W POST RD LAS VEGAS NV 89118 USA ,,"CN, CHINA",,"SHENZHEN,YANTIAN",LOS ANGELES,841370,STAGE LIGHT,COLORKEY,198.0,CTN,2544.0,0.0,TQPI2512273941E,HASU4362299,
2026-01-04,美国,中国,POSITION ONE MARKETING LLC,GUANGZHOU HODM PROFESSIONALS COSMET,130 S INDIAN RIVER DR , NO 102 XIANLIE MIDDLE ROAD YUEXIU ,POSITION ONE MARKETING LLC,130 S INDIAN RIVER DR ,,"CN, CHINA",,Port of Bellingham,LOS ANGELES,380520,HYDRATING ARGAN OIL MASK,NO MARKS,1300.0,CTN,19370.0,0.0,CHQFHSZ25120254,TCLU6253663,
2026-01-04,美国,中国,DGY TRADE CO LTD,GUANGZHOU GANCAN TRADE CO LTD, 2300 W SAN BERNARDINO AVE REDLANDS CALIFORNIA 92374 US , SHOP 51 NO 34 QIUYUE STREET QIAO CHENG ROAD HAIZHU DISTRICT GUANGZH OU CN ,JAAK TRANSPORT INC,21073 PATHFINDER ROAD SUITE 101 D IAMOND BAR US ,,"CN, CHINA",,"SHENZHEN,YANTIAN",LONG BEACH,481960,STORAGE BOX HS CODE:,NO MARKS,1159.0,CTN,17754.0,0.0,PLGJSZ25129090,FSCU8909453,
2026-01-04,美国,中国,MUKU HOME INC,GUANGZHOU LINHE MUYU TECHNOLOGY CO LTD,ADDRESS218 MACHLIN CT R201 WALNUT CA 91789 , BAIYUN DISTRICT GUANGZHOU ,MUKU HOME INC,ADDRESS218 MACHLIN CT R201 WALNUT CA 91789 ,,"CN, CHINA",,"SHENZHEN,YANTIAN",LONG BEACH,701310,OFFICE TABLE,NO MARKS,224.0,CTN,10550.0,0.0,YQNLNJSE3919735,CSNU6704199,
2026-01-04,美国,中国,LUMINACORE INC,GUANGZHOU SANWENYU ELECTRONIC TECHNOLOGY CO LTD,60 W MITCHELL HAMMOCK RD OVIEDO FL 32765 , ROOM 404 BUILDI NG 5 PANSHAN CHAONENG PIONEER PARK NO 900 PANYU AVENUE NORTH ,LUMINACORE INC,60 W MITCHELL HAMMOCK RD OVIEDO FL 32765 ,,"CN, CHINA",,"SHENZHEN,YANTIAN",Savannah,842860,FOLDING OFFICE CHAIR CARTON,NO MARKS,560.0,CTN,8210.0,0.0,SYLQYKSA25110049,CSNU8523610,
2026-01-04,美国,中国,TEH TUNG CORP,GUANGZHOU JIELIAN PAPER CO LTD, 8728 DICE RD SANTA FE SPRINGS UNITED STATES , PART 1 OF 101 BUILDING NO 64 GUOMAO AVENUE SOUTH HUALONG TOWN ,SUSTAINED DIRECT LTD,UNIT A B 15F NEICH TOWER 128 GLOUCESTER ROAD WANCHAI CHINA ,,"CN, CHINA",,"SHENZHEN,YANTIAN",LOS ANGELES,480300,PAPER HARD WOUND TOWEL . . FACIAL PAPER . . PAPER DINNER NAPKIN . . PAPER LOW FOLD NAPKIN . . ND NOTIFY:SUSTAINED DIRECT LTD UNIT A B F NEICH TOWER GLOUCESTER ROAD WANCHAI CHINA,PO TTY-JL284,1300.0,CTN,15073.0,0.0,CMDUSHZ7733387,TCNU5823671,
2026-01-04,美国,中国,MUSTBEUSA INC,GUANGZHOU GALI GARMENT TRADE CO LTD,2118 COMPTON AVE LA CA 90011 , 204 NO 2 INDUSTRIAL 1ST ROAD YONGKOU DASHI STREET PANYU DISTRICT GUANGZHOU ,N/A,N/A,,"CN, CHINA",,"SHENZHEN,YANTIAN",LONG BEACH,680510,WOVEN SHORTS WOVEN PANTS KNITT BLOUSE,OLI&HALI BUCKLE,145.0,CTN,2384.0,0.0,PSEAPHSC2512022,CBHU9186304,
2026-01-04,美国,中国,HONEYWELL SAFETY PRODUCTS,GUANGZHOU CITY DASHIN PHOTONICS,1757 CARR ROAD CALEXICO CA 92231 US, NO 3 TONGTAI EAST ROAD HUADU DISTRICT GUANGZHOU GUANGDONG 510800 CN ,N/A,N/A,,"CN, CHINA",,"SHENZHEN,YANTIAN",LOS ANGELES,854091,TOUCH PANEL HTS:,CONSIGNEE DELIVERY PO NUMBER: QUANTITY SKU# MANUFACTURING COUNTRY CARTON NUMBER: GROSS WEIGHT NET WEIGHT,53.0,CTN,509.0,0.0,EXDO61N0929235,TCNU4210905,
2026-01-04,美国,中国,ADEJE INCORPORATED,YISHANG TRADE GUANGZHOU CO LTD, 222 E 58TH ST STE D , ROOM 725 NO193 JIANSHE NORTH ROAD HUADU DIST ,N/A,N/A,,"CN, CHINA",,SHANGHAI,"HOUSTON,TX",860610,TANKTANK,NO MARKSNO MARKS,3.0,PKG,26680.0,0.0,USKITL2025110073,"AMFU4231207,CXSU1016778",
2026-01-04,美国,中国,KUNLUN CROSS BORDER TECHNOLOGY LIMI TED C O FBA8140 CALIENTE,GUANGZHOU CHUNXUTINGLAN KEJI FAZHAN, RD ,YOUXIAN GONGSIHENGLIZHEN HUITONGER JIE NO 2 ROOM 2312 ZIBIAN 102 ,N/A,N/A,,"CN, CHINA",,"SHENZHEN,YANTIAN",LOS ANGELES,420221,HANDBAGS,NO MARKS,67.0,CTN,1342.0,0.0,AMZDCN25L6XEL7JC,CAAU6042867,
2026-01-04,美国,中国,STONEBRIDGE NEXUS TRADE CORP,GUANGZHOU MAITELIN IT LTD,25 KENT AVE 5TH FLOOR STE A ,ROOM 811 BUILDING A KAIXIANG E-COMMERCE BUILDING 50 JUYUAN STRE ,GGT WORLD INC,13195 FLORES STREET ,,"CN, CHINA",,"SHENZHEN,YANTIAN","HOUSTON,TX",900490,SIDE PROTECTIVE THE SHIPPER S LOAD AND COUNT,NO MARKS,664.0,CTN,16490.0,0.0,NCZLSZ25120258,DRYU9903453,
2026-01-04,美国,中国,WHEEL PROS LLC,GUANGZHOU BL USA TEC E COMMERCE CO,5347 SOUTH VALENTIA WAY 200 ,ROOM 5003-5010 GEPING BLDG NO 685 BAIYUN SOUNTH ROAD ,N/A,N/A,,"CN, CHINA",,"SHENZHEN,YANTIAN",LONG BEACH,854110,"LED MIRROR LIGHT, LED LICENSE PLATE LIGHT SHIP TO WHEEL PROS, LLC GRAVEL SPRINGS RD BUFORD, GA UNITED STATES",DLG112625PRE-G,21.0,PKG,166.0,0.0,CHSL536349516CAN,OOCU6948724,
2026-01-04,美国,中国,UNIVERSAL ELECTRONICS INC,GUANGZHOU LANGTING ELECTRONICS CO,5610 PARKERSBURG DR ,NO 28 JUFU WEST ROAD YAYAO TOWN HUADU DISTRICT GUANGZHOU CITY P R CHINA ,UNIVERSAL ELECTRONICS INC,5610 PARKERSBURG DR ,,"CN, CHINA",,"SHENZHEN,YANTIAN","HOUSTON,TX",852729,SPEAKER WITH FM RADIO,MAXPOWER,186.0,CTN,4289.0,0.0,UNQLSGUZ2524756,BMOU4880436,
2026-01-04,美国,中国,DIOCESE INC,GUANGZHOU SHENDIANWEI TRADE CO LTD,9410 BUNSEN PKWY STE 320 LOUISVILLEKY 40220 JAY 5166108325 AN@YHQG LOGISTICS COM , ROOM 4008 BUILDING B NO 140 214 YINGBIN ROAD LUOPU STREET PANYU DISTRICT GUANGZHOU ,DIOCESE INC,9410 BUNSEN PKWY STE 320 LOUISVILLEKY 40220 JAY 5166108325 AN@YHQG LOGISTICS COM ,,"CN, CHINA",,"SHENZHEN,YANTIAN",LOS ANGELES,270300,CAT LITTER BOX,NO MARKS,435.0,CTN,5942.0,0.0,FLXT00003606970A,CMAU9299216,
2026-01-04,美国,中国,DUKERS APPLIANCE CO USA LTD,GUANGZHOU BOAOSI APPLIANCE CO LTD,300 W 53RD PL UNIT J DENVER CO 80216 , NO 28 LUOGANG HUANGANG NORTH ROAD JUNHE STREET BAIYUN DISTRICT GUANGZHOU CITY P R CHINA TEL: ,DUKERS APPLIANCE CO USA LTD,300 W 53RD PL UNIT J DENVER CO 80216 ,,"CN, CHINA",,"SHENZHEN,YANTIAN",LOS ANGELES,650510,REFRIGERATOR GAS COUNTERTOP GRIDDLE THERMOSTATIC GRIDDLE HOTPLATE FRYERS THIS SHIPMENT DOES NOT CONTAIN ANY SOLID WOOD PACKING MATERIALREFRIGERATOR GAS COUNTERTOP GRIDDLE THERMOSTATIC GRIDDLE HOTPLATE FRYERS THIS SHIPMENT DOES NOT CONTAIN ANY SOLID WOOD PACKING MATERIAL,NO MARKSNO MARKS,93.0,CTN,14040.0,0.0,OERT210702Y00568,"MCDU1756286,MCDU1756687",
2026-01-04,美国,中国,BIANCHI TRADE CO LTD,GUANGZHOU NEW STORY TRADE CO LTD, 17917 SCARECROW PL ROWLAND HEIGHTS CA 91748 , ROOM 2203 NO 13 ZEXI STREET HANXI VILLAGE HANXI COMMERCIAL CEN TER ZHONGCUN STREET ,BIANCHI TRADE CO LTD, 17917 SCARECROW PL ROWLAND HEIGHTS CA 91748 ,,"CN, CHINA",,"SHENZHEN,YANTIAN",LONG BEACH,851621,STORAGE BOXES,NO MARKS,1006.0,CTN,16471.0,0.0,MFNOMF25120854,OOCU7678602,
2026-01-04,美国,中国,E COMMERCE VENTURES INC,GUANGZHOU JIAMEI COSMETICS CO LTD,1405 DEWAR DRIVE #1265 ROCK SPRINGSWY 82901 , SITE:114 XINSHI ROAD JUNHE STREET BAIYUN DISTRICT GUANGZHOU CHINA15 015206913 ,CARGO PACIFIC USA INC,16627 E KINGSIDE DR COVINA CA 91 722626-782-8026 ,,"CN, CHINA",,"SHENZHEN,YANTIAN",LONG BEACH,330290,PERFUME UN: CLASS:,NO MARKS,841.0,CTN,16440.0,328800.0,TXSLAM1753080,TEMU2367670,
2026-01-04,美国,中国,THALASSIDION INC,GUANGZHOU KANG YU YING TRADE CO,5512 APPLETREE LN BAKERSFIELD CA 9 3309 JASON0316@FOXMAIL COM CA US ,L ROOM 339 THIRD FLOOR A1A2 BUILDIN G NO 638-680HUAWAN ROAD LIWAN DI STRICT GUANGZHOU CITY GUANGZHOU CN ,THALASSIDION INC,5512 APPLETREE LN BAKERSFIELD CA 9 3309 JASON0316@FOXMAIL COM CA US ,,"CN, CHINA",,"SHENZHEN,YANTIAN",LONG BEACH,680221,FLAT SOFA THIS SHIPMENT CONTAINS NO SOLID W OODEN PACKING MATERIALS.,NO MARKS,1796.0,CTN,19800.0,0.0,SUSSPWL202512182,TCLU1796987,
2026-01-04,美国,中国,BRIGHTPATH TRADE INC,GUANGZHOU YUTENG TRADE CO LTD,2920 E INLAND EMPIRE BLVD SUITE 105ONTARIO CA 91764 ONTARIO US , 9 ROOM 148 B604 6TH FLOOR NO 2 XI NCEN 4TH ROAD TIANHE DISTRICT GUAN GZHOU GUANGZHOU CN ,BLUE CARGO INC,145B TALMADGE RD STE 5 DOOR32-58 EDISON NJ 08817 EDISON US ,,"CN, CHINA",,"SHENZHEN,YANTIAN",LONG BEACH,481960,FAUCET STORAGE BOX KEYBOARD HAIR CLIP TENT,NO MARKS,790.0,CTN,12753.0,0.0,YKSEKM251211073,OOCU5912964,
2026-01-04,美国,中国,KINGSWAY PHARMACEUTICALS LLC DBA NF,GUANGZHOU DECHENG BIOTECHNOLOGY CO,100 18TH STREET ,BUILDING A1 NO 12 NANYUN 1ST ROAD ,N/A,N/A,,"CN, CHINA",,Port of Bellingham,LOS ANGELES,903120,PLTS = CTNSEQUATE DAYS SOONER PREGN ANCY TEST STRIPSHIPPER DECLARE THAT THIS SHIPMENT DOES NOT CONTAIN ANY SOLID WOOD PACKING MATERIALS,UPC: 194346473618??ITEM: 47361-8,2457.0,CTN,4170.0,0.0,DFDSCAN7421780,BMOU5571806,
2026-01-04,美国,中国,BLUE YACHT WORLD INC,GUANGZHOU XIANGYANG TRADE CO LT,420 LEXINGTON AVENUE STE 2429 NEW YORK NY 10170 , SHOP D487 NO 8 XIDI ERMA ROAD LI WAN DISTRICT GUANGZHOU LOCATION:F LOOR 4 SELF-NUMBERED D87 ,BLUE YACHT WORLD INC,420 LEXINGTON AVENUE STE 2429 NEW YORK NY 10170 ,,"CN, CHINA",,"SHENZHEN,YANTIAN",LONG BEACH,900991,DOCUMENT BAG,NO MARKS,813.0,CTN,13930.0,0.0,GUGWMC251200804,CSGU6210664,
2026-01-04,美国,中国,DXYS GLOBAL TRADE LLC,GUANGZHOU HOMY CASA CO LTD,6767 S VINE STREET SUITE 1209 CENTENNIAL CO 80122 626-392-8731 , 705-1 BUILDING NO 2 134 XIHUA ROAD LIWAN DISTRICT ,EDWARD TRANSIT BROKER INC,15000 STAFF CT GARDENA CA 90248 626-392-8731 ,,"CN, CHINA",,DALIANXINGANG,LONG BEACH,940161,"SEATS WITH METAL FRAMES UPHOLSTERED NESOI DINING CHAIR DINING TABLE R -FR S CORA F.NET,AIKO.LEUNGFURNITURER .COM,LYNNCARSONWORLDWIDE.COM.CN CORA F.NET,AIKO.LEUNGFURNITURE R.COM,LYNNCARSONWORLDWIDE.COM.CN",// //,423.0,CTN,7181.0,143628.0,YMJAW235251030,YMMU7302062,
2026-01-04,美国,中国,DIOCESE INC,GUANGZHOU SHENDIANWEI TRADE CO LTD,9410 BUNSEN PKWY STE 320 LOUISVILLEKY 40220 USA , RM 4008 BUILDING B NO 140-214 YINGBIN ROAD LUOPU STREET PANYU DISTRICT GUANGZHOU GUANGDONG ,DIOCESE INC,9410 BUNSEN PKWY STE 320 LOUISVILLEKY 40220 USA ,,"CN, CHINA",,NINGBO,LOS ANGELES,270300,CAT LITTER BOX,NO MARKS,540.0,CTN,6021.0,0.0,HYSLFNGB12250576,EGHU9205600,
2026-01-04,美国,中国,COMER PRODESA SA DE CV,GUANGZHOU GULAISHI BAGS AND LUGGAGE, AV 16 DE SEPTIEMBRE 730 INTERIOR 1 805 COL BARRAGAN HERNANDEZ GUADALAJARA GUADALAJARA JALISCO 44450 MX ,ROOM 1301 NO 11 XIANCUN RD TIANHE DISTRICT GUANGZHOU CN ,MARSHAL GLOBAL INC,6030 RIVERSIDE DRIVE SUITE E CHINO US ,,"CN, CHINA",,"SHENZHEN,YANTIAN",LONG BEACH,420340,CLOTHING FABRIC CUTTING MACHIN E WITH ACCESSORIES (,NO MARKS,470.0,PKG,28330.0,0.0,FEVMSZXF25122038,CCLU7955755,
2026-01-04,美国,中国,JOY CREATE HK LIMITED,GUANGZHOU LANTU CHUANGTUO IMPORT AN D EXPORT TRADE CO LTD, C/O FBA 5990 N CAJON BLVD SAN BERNARDINO CA92407 US SBD3 ,ROOM 301 BUILDING 1 KENGKOU ELECTRONIC DIGI ,RANTION TRADE LIMITED, C/O AMAZON COM SERVICES LLC5990 N CAJON BLVD SAN BERNARDINO CA 92407 US SBD3 ,,"CN, CHINA",,"SHENZHEN,YANTIAN",LOS ANGELES,920290,ELECTRIC GUITAR ELECTRONIC KEYBOARD PIANO GUITAR,NO MARKS,469.0,CTN,5860.0,0.0,AMZDCN25XWFBPE4J,SELU4249815,
2026-01-04,美国,中国,,MEAN WELL GUANGZHOU ELECTRONICS C,N/A, NO 11 JINGU SOUTH ROAD HUADU DISTRICT GUANGZHOU CHINA 510890 ,N/A,N/A,,"CN, CHINA",,"SHENZHEN,YANTIAN",LONG BEACH,850490,SWITCHING POWER SUPPLY CTNS= PLTS NO. SG THIS SHIPMENT HAS BEEN FUMIGATION.,"MASTER (IN DIAMOND) OAKLAND,U.S.A C/NO.1-275 .",275.0,CTN,3408.0,0.0,MCLMGZLAX2512013,BEAU6228130,
2026-01-04,美国,中国,FIASMIO DISTRIBUTION INC,GUANGZHOU CAI MAO TRADE CO LTD,41-14B MAIN ST STE B26 FLUSHING NY 11355 USA FLUSHING NEW YORK 11355 US , NO 597 SHI MA XIA HUA YI ROAD JUNHESTREET BAIYUN DISTRICT GUANGZHOU GDCN GUANGZHOU CN ,N/A,N/A,,"CN, CHINA",,SHANGHAI,LONG BEACH,620412,KNIT BOY S CASUAL SUITS,NO MARKS,784.0,CTN,7117.0,0.0,SXCOSHE25123426,CSNU6097840,
2026-01-04,美国,中国,PAISANO S DE RL DE CV,GUANGZHOU DONGLU INNOVATION TECHNOLOGY CO LTD, CALLE MIGUEL ALEMAN VALDEZ#2727 INTERIOR 3 COLONIA AMERICATIJUANA BA JA CALIFORNIA MEXICO CP , ROOM 612 181 YUN CHENG SOUTH 2ND ROAD SANYANLI STREET BAIYUN DISTRICT ,GANN GROUP,CORP 2323 AVENIDA COSTA ESTE SUITE 300 SAN DIEGO CA 92154 US92154 ,,"CN, CHINA",,"SHENZHEN,YANTIAN","HOUSTON,TX",481960,STORAGE BOX,TCS503265393369,925.0,CTN,19023.0,380460.0,CHIASEF251210423,MAGU5331433,
2026-01-04,美国,中国,ALIENS MARKETING LLC,GUANGZHOU ORIO TECHNOLOGY CO LTD,5547 BELLINGEN RIVER LANE SUGARLANDTX 77479 , NO 407 HUANGCHENG ROAD XINTANG TO WN ZENGCHENG DISTRICT GUANGZHOUCIT Y GUANGDONG PROVINCE CHINA ,ALIENS MARKETING LLC,5547 BELLINGEN RIVER LANE SUGARLANDTX 77479 ,,"CN, CHINA",,"SHENZHEN,YANTIAN",LOS ANGELES,848250,ROLLER SHELF,ROLLER SHELF,2.0,PKG,2844.0,0.0,MGNGHST25C08252S,EMCU1582270,
2026-01-04,美国,中国,YIHE INTERNATIONAL TRADE INC,GUANGZHOU ZUOZHIYOU TRADE CO LTD,2095 W 6TH AVE BROOMFIELD CO 80020 , ROOM A578 X1301 NO 106 FENGZE EA ST ROAD NANSHA DISTRICT GUANGZHOU CITY ,YIHE INTERNATIONAL TRADE INC,2095 W 6TH AVE BROOMFIELD CO 80020 ,,"CN, CHINA",,SHANGHAI,LONG BEACH,851830,PHONE CASE,NO MARKS,692.0,CTN,12000.0,0.0,BWLESHA59433500,MATU5181925,
2026-01-04,美国,中国,KAMEIO INC,GUANGZHOU KAILISI TRADE CO LTD,152 S CENTER ST STE 245 CASPER WY 82601 CASPER US , RM903 NO 6-91 W SHILING AVE HECHENGVLG SHILING TOWN HUADU DIST GUANGZ HOU GUANGZHOU CN ,KAMEIO INC,152 S CENTER ST STE 245 CASPER WY 82601 CASPER US ,,"CN, CHINA",,NINGBO,LOS ANGELES,710410,BOY S KNITTED SHORT SET,NO MARKS,1917.0,CTN,8213.0,0.0,CIECCA25122002,EITU9424657,
2026-01-04,美国,中国,HK XINTU TECHNOLOGY CO LTD,GUANGZHOU YIFEI ELECTRICAL TECH CO LTD, C/O FBA 24300 NANDINA AVE ,ROOM409 BUILDING 15 B NO 644 JUDA INDUSTRIAL PARK SHIBEI INDUST ,N/A,N/A,,"CN, CHINA",,"SHENZHEN,YANTIAN",LOS ANGELES,,HUMIDIFIER,NO MARKS,24.0,CTN,250.0,0.0,AMZDCN25LIFQS4E4,HASU4276333,
2026-01-04,美国,中国,MOUNTAIN AIR SPAS,GUANGZHOU SUNRANS SANITARY WARE CO,8014 S WELBY PARK DR WEST JORDAN ,NO 384LISAN AVENUEZENGJIANG STREET ,DH LOGISTICS CO LTD, 12 XIHU ROAD 510030 GUANGZHOU ,,"CN, CHINA",,"SHENZHEN,YANTIAN",LOS ANGELES,940179,OUTDOOR SPAOUTDOOR SPA,NO MARKSNO MARKS,66.0,PKG,12120.19,0.0,MAEU262985241,"MRSU5065649,MRKU2008220",
2026-01-04,美国,中国,JAMES GASKETS INCORPORATED,GUANGZHOU AUTO SPRING CO LTD,37 ENTERPRISE WAY DAYTON , XIAO JING DONG RD CANG LIAN EASTERN SECTION ECO TEC DEV DIST ,N/A,N/A,,"CN, CHINA",,"SHENZHEN,YANTIAN",LONG BEACH,293219,RETAINING RING,CARTON NO PART NO QUANTITY PO NO 250350,10.0,CTN,112.0,0.0,UASI7809103456,TCNU5867345,
2026-01-04,美国,中国,NAYELIDE SHOP SA CV,GUANGZHOU JUNHE INTERNATIONAL LOGIS,CALLE MANUEL FERNANDO SOTO NUMEROEX ,ROOM L357 UNIT 505 NO 8 JINGGAN ,HODOS SUPPLY CHAIN ADVANCE LLC,19141 GOLDEN VALLY RD SUIT 1006 ,,"CN, CHINA",,"SHENZHEN,YANTIAN",LONG BEACH,670290,PLASTIC FLOWER,NO MARKS,1159.0,CTN,17027.0,0.0,CHQFHSZ25120358,FCIU9565815,
2026-01-04,美国,中国,THE AVON COMPANY,AVON MANUFACTURING GUANGZHOU LTD, ONE LIBERTY PLAZA 165 BROADWAY 26TH FLOOR NEW YORK NY 10006 TEL: 212 282-7631 ,NO 11 INDUSTRY ROAD CONGHUA ECONOMIC & TECHNOLOGICAL DEVELOPMENT ZONE ,N/A,N/A,,"CN, CHINA",,"SHENZHEN,YANTIAN","NORFOLK,VA",100890,PO: PUS OTC-AVON IMARI ROLL-ON ANTI-PERSPIRANT DEODORANT ML(US) CTNS/ PCS/ . CBM/ . KGSPO: PUS OTC-AVON IMARI ROLL-ON ANTI-PERSPIRANT DEODORANT ML(US) CTNS/ PCS/ . CBM/ . KGSPO: PUS OTC-AVON WILD COUNTRY ROLL -ONANTI-PERSPIRANT DEODORANT ML(US) CTN S/ PCS/ . CBM/ . KGS,NO MARKSNO MARKSNO MARKS,4013.0,CTN,57372.0,0.0,FLXT00003538465A,"CAIU9261100,SEKU6295710,FANU3435045",
2026-01-04,美国,中国,DIOCESE INC,GUANGZHOU SHENDIANWEI TRADE CO LT,9410 BUNSEN PKWY STE 320 LOUISVILLEKY 40220 , ROOM 4008 BUILDING B NO 140-214 YINGBIN ROAD LUOPU STREET PANYUDI STRICT GUANGZHOU CITY 511400 ,DIOCESE INC,9410 BUNSEN PKWY STE 320 LOUISVILLEKY 40220 ,,"CN, CHINA",,"SHENZHEN,YANTIAN",LONG BEACH,270300,CAT LITTER BOX,NO MARKS,435.0,CTN,5942.0,0.0,GUGWMC251200660,CSNU6565750,
2026-01-04,美国,中国,SUMMIT TRADE INC,GUANGZHOU NEW STORY TRADE CO LT,1401 21ST ST STE R SACRAMENTO CA 9 5811 SACRAMENTO 95811 US , ROOM 2203 NO 13 ZEXI STREET HANX I VILLAGE HANXICOMMERCIAL CENTER ZHONGCUN STREET PANYU DISTRI CN ,N/A,N/A,,"CN, CHINA",,SHANGHAI,LONG BEACH,481960,STORAGE BOX,NO MARKS,1052.0,CTN,16928.0,0.0,SXCOSHE25123608,MATU2666922,
2026-01-04,美国,中国,WOLF STEEL LTD,GUANGZHOU NAPOLEON STEEL CO LTD,24 NAPOLEON ROAD BARRIE ON L4M 0G8 CA , NO 69 HEFENG ROAD YONGHE ZONE GUANGZHOU 510000 CN ,WOLF STEEL USA,103 MILLER DRIVE CHRITTENDEN KY 41030 US,,"CN, CHINA",,"SHENZHEN,YANTIAN","NORFOLK,VA",961380,BBQ GRILLSBBQ GRILLS,NAPOLEONNAPOLEON,81.0,PKG,21028.0,0.0,BANQ1070288941,"UACU6035510,UACU5872580",
2026-01-04,美国,中国,FULLORA TRADE INC,GUANGZHOU COUNSELOR TRADE CO LT,9635 NW FLEISCHNER ST PORTLAND PORTLAND OREGON 97229 US , ROOM 313 NO 2 YUNQUANZHI STREET GUANGYUAN EASTROAD YUEXIU DISTRICT GUANGZHOU CITY GUANGZHOU CN ,N/A,N/A,,"CN, CHINA",,"SHENZHEN,YANTIAN","HOUSTON,TX",970110,DECORATIVE PAINTING HSCODE:,NO MARKS,941.0,CTN,11239.0,0.0,SKEMZG2511260020,UETU5328864,
2026-01-04,美国,中国,SHENGJING TRADE INC,GUANGZHOU GUANGTEX TRADE CO LTD,789 SHERMAN ST DENVER CO 80203 , 4/F GUANGTEX BUILDING 438 DONGFENGROAD C GUANGZHOU CHINA ,SHENGJING TRADE INC,789 SHERMAN ST DENVER CO 80203 ,,"CN, CHINA",,"SHENZHEN,YANTIAN",LONG BEACH,551332,LADIES %COTTON %POLYESTER %SPANDEX WOVEN PANTS LADIES %COTTON %SPANDEX WOVEN PANT S LADIES %COTTON %SPANDEX WOVEN SHORTS,YMI PO: STYLE: COLOR COOE: SIZE: QTY: GW: NW:MEAS: QUANTITY/PCS NEW OR RE LBS COUNTRY OF ORIGIN CARTON NO. MADE IN CHINA,1021.0,CTN,15170.0,303400.0,GSDRHZMHY413260,CSGU6700677,
2026-01-04,美国,中国,BLUE YACHT WORLD INC,GUANGZHOU XIANGYANG TRADE CO LT,420 LEXINGTON AVENUE STE 2429 NEW YORK NY 10170 , SHOP D487 NO 8 XIDI ERMA ROAD LI WAN DISTRICT GUANGZHOU LOCATION:F LOOR 4 SELF-NUMBERED D87 ,BLUE YACHT WORLD INC,420 LEXINGTON AVENUE STE 2429 NEW YORK NY 10170 ,,"CN, CHINA",,"SHENZHEN,YANTIAN",LONG BEACH,844831,PLASTIC CARD HOLDER,HH25124966,762.0,CTN,15180.0,303600.0,GSDRAE6437413380,CBHU9529614,
2026-01-04,美国,中国,HONG KONG SUNBER TRADE LIMITED,GUANGZHOU DINGXIN OFFICE FURNITUREC O LTD1700 RENHE, C/ O FBA5990 N CAJON BLVD , ROAD AOTOU TOWN CONGHUA DISTRICT ,HONG KONG SUNBER TRADE LIMITED, ROOM 12 6 FLOOR THE CLOUD 111 TUNG CHAU STREET TAI KOK TSUI ,,"CN, CHINA",,"SHENZHEN,YANTIAN",LOS ANGELES,847160,PRINTER STAND,NO MARKS,1204.0,CTN,17389.0,0.0,AMZDCN256X5MRXTA,CMAU6853469,
2026-01-04,美国,中国,ROCK ISLAND AUCTION COMPANY ALEX JANOSKI C O OBLIGE LLC,GUANGZHOU RUIXIN LEATHER CO LTD,44008 79TH AVE W ROCK ISLAND IL 61201 USA , 4TH FLOOR NO 9 LINGWUMENMIAN STREET LIUWU TEAM QIANJIN VILLAGE SHILING TOWN HUADU ,ROCK ISLAND AUCTION COMPANY ALEX JANOSKI C O OBLIGE LLC,44008 79TH AVE W ROCK ISLAND IL 61201 USA ,,"CN, CHINA",,"SHENZHEN,YANTIAN",LOS ANGELES,071332,SMALL HG BAG AND SMALL RIF BAG - TPU BLACK TUFF FABRIC HS CODE: .SMALL HG BAG AND SMALL RIF BAG - TPU BLACK TUFF FABRIC HS CODE: .SMALL HG BAG AND SMALL RIF BAG - TPU BLACK TUFF FABRIC HS CODE: .SMALL HG BAG AND SMALL RIF BAG - TPU BLACK TUFF FABRIC HS CODE: .,RIA1001 AND RIA1003 541-648 RIA1001 AND RIA1003 649-756 RIA1001 AND RIA1003 757-864 RIA1001 AND RIA1003 865-972RIA1001 AND RIA1003 541-648 RIA1001 AND RIA1003 649-756 RIA1001 AND RIA1003 757-864 RIA1001 AND RIA1003 865-972RIA1001 AND RIA1003 541-648 RIA1001 AND RIA1003 649-756 RIA1001 AND RIA1003 757-864 RIA1001 AND RIA1003 865-972RIA1001 AND RIA1003 541-648 RIA1001 AND RIA1003 649-756 RIA1001 AND RIA1003 757-864 RIA1001 AND RIA1003 865-972,432.0,CTN,7960.0,0.0,HYSLNSZX12251335,"TCNU1807395,MRSU6897387,CAAU7871008,MRSU4143449",
2026-01-04,美国,中国,WHITMAN TRADE LIMITED,GUANGZHOU ZHONGPAI SECURITY TECHNOL OGY CO LTD, 228 PARK AVE S 79525 NEW YORK NY10003 TEL 626 265-2371 MAIL LAXIMPORT@RAYHUNTAIR COM , ADD2ND FLOOR BUILDIN G 9 NO 600 GUANGSHAN SECOND ROAD TIANHE DISTRICT GUANGZHOU ,C/O RAYHUNT LLC,3780 W CENTURY BLVD INGELWOOD CA 9 0303 TEL 626 857 8555 MAIL LAXIMPORT@RAYHUNTAIR COM XLIU@TRANSLEADGR ,,"CN, CHINA",,SHANGHAI,LONG BEACH,911320,WATCH BAND ANTI-SLIP MAT,NO MARKS,727.0,CTN,10201.0,0.0,NCACG25120396,MATU2615885,
2026-01-04,美国,中国,JOY CREATE HK LIMITED,GUANGZHOU LANTU CHUANGTUO IMPORT AN D EXPORT TRADE CO LTD, C/O FBA 5990 N CAJON BLVD SAN BERNARDINO CA92407 US SBD3 ,ROOM 301 BUILDING 1 KENGKOU ELECTRONIC DIGI ,RANTION TRADE LIMITED, C/O AMAZON COM SERVICES LLC5990 N CAJON BLVD SAN BERNARDINO CA 92407 US SBD3 ,,"CN, CHINA",,"SHENZHEN,YANTIAN",LOS ANGELES,920290,DIGITAL PIANO ELECTRIC GUITAR KEYBOARD BENCH DRUM THRONE GUITAR CAJON UKULELE,NO MARKS,704.0,CTN,9060.0,0.0,AMZDCN25QNJUTXHS,CMAU6863385,
2026-01-04,美国,中国,GOLDEN LINK LOGISTICS INC,GUANGZHOU DILUKE TRADE CO LTD,N/A, 208RM 6NO HENGLONG RD BAIYUN DISTRICT GUANGDONG CN GUANGZHOU CN ,GOLDEN LINK LOGISTICS INC,280 S LEMON AVE UNIT 425 WALNUT CA 91789 WALNUT US ,,"CN, CHINA",,NINGBO,LONG BEACH,481960,STICKERS STORAGE BOX,NO MARKS,828.0,CTN,14018.0,0.0,ZJKYSC2512190023,MATU2739757,
2026-01-04,美国,中国,TOP GUY INTERNATIONAL TRADE LLC,GUANGZHOU OUCHEN TRADE CO LTD,333 BREA CANYON RD CITY OF INDUSTRY CA 91789 USA TEL:909-8690998 FAX:909- 8697588@@ , FIRST FLOOR OF BUILDING C2 YINGYI SHOES CITY NO 268 TONG KANG ROAD TONGDE STREET BAIYUN DISTRICT GUANGZHOU GUANGDONG CHINA@,DST CUSTOMS SERVICES INC,3333 N SAN GABRIEL BLVD SUITE G ROSEMEAD CA 91770-2583 TEL:626-573-2111@@@ ,,"CN, CHINA",,NINGBO,LOS ANGELES,845320,FOOTWEAR FOOTWEAR PO# MAGGIE- - & MAGGIE- - & MAGGIE- - & MAGGIE- - & MAGGIE- - & MAGGIE- - (HS ) @TEL - @FAX - @@EMAIL TOPGUY @TOPGUYSHOES.COM @@@FAX - - @@@E-MAIL DSTCHB@YAHOO.COM,TOP GUY TOP GUY (IN TRIANGLE) LOS ANGELES P/O NO STYLE NAME COLOR C/NO. MADE IN CHINA THE SAME THE SAME,1490.0,CTN,7147.0,0.0,EGLV143550184423,EITU1372449,
2026-01-04,美国,中国,SUPER BRIGHT LEDS INC,GUANGZHOU BORY AUTO LIGHT CO LTD,4400 EARTH CITY EXPRESSWAY , 3 F BUILDING 3 70 WEST HUADU AVE HUADU DISTRICT GUANGZHOU GUANGDONG ,N/A,N/A,,"CN, CHINA",,"SHENZHEN,YANTIAN",LONG BEACH,854110,LED WORK LIGHT,SUPER BRIGHT LEDS INC,37.0,PKG,392.0,0.0,CHSL536206654CAN,TCNU5411843,
2026-01-04,美国,中国,AARON & AMBER,GUANGZHOU JIAYI INTERNATIONAL TRADE CO LTD,1100 S SAN PEDRO ST UNIT 0-10 LOS ANGELES CA 90015 USA, ROOM 301 BUILDING 3 NO 3 NANLI ROAD NANCUN TOWN PANYU DISTRICT GUANGZHOU CITY GUANGDONG PROVINCE 511400 CHINA ,GRAMTER INTL USA CO LTD, 863 NORTH DOUGLAS STREET SUITE 100 2ND FLOOR EL SEGUNDO CA 90245 US ,,"CN, CHINA",,SHANGHAI,LONG BEACH,610821,LADIES TOP LADIES PANTS LADIES JACKET,AARON AMBER BOHME,249.0,CTN,3402.0,0.0,GMIL2512SGA065C,MATU5191271,
2026-01-04,美国,中国,REUBENT INC,GUANGZHOU ZHONGCHEN CULTURE DEVELOP,1299 WASHINGTON AVE UNIT 120 GOLDENCO 80401 GOLDEN US ,ROOM A903 NO 38 WANGGANG ROAD JIAH E STREET BAIYUN DISTRICT GUANGZHOU CHINA GUANGZHOU CN ,REUBENT INC,1299 WASHINGTON AVE UNIT 120 GOLDENCO 80401 GOLDEN US ,,"CN, CHINA",,Port of Bellingham,"HOUSTON,TX",851621,STORAGE RACK,NO MARKS,119.0,PKG,5800.0,0.0,SQVVSS25120003,CCLU7713957,
2026-01-04,美国,中国,ANTICYCLONE INC,GUANGZHOU SHIMA TECHNOLOGY CO LTD,8735 DUNWOODY PL STE N ATLANTA GA 30350 EIN 33-4935398 ATLANTA GA US , ROOM 1101 T4 TIANGUI ROAD NO 103 GUANGZHOU HUADU GUANGDONG 51080 3 CN GUANGZHOU CN ,ANTICYCLONE INC,8735 DUNWOODY PL STE N ATLANTA GA 30350 EIN 33-4935398 ATLANTA GA US ,,"CN, CHINA",,QINGDAO,LONG BEACH,910610,WOODEN DECORATIVE PANEL THERE ARE DAYS FREE TIME AT DESTINATION,251206E,1000.0,CTN,16550.0,0.0,THGLQDA25120302,GCXU5446106,
2026-01-04,美国,中国,SESAME TRADE INC,GUANGZHOU BEI NUO YI TRADE CO,2108 N ST STE NSACRAMENTO CA 95816 SACRAMENTO CA 95816 US ,L 4 /F NO 8 SYNTHETIC SOUTH ROAD SH ILING TOWN HUADU DISTRICT GUANGZHO U CITY GUANGZHOU CN ,PRIME EVERY WEEK INC,ADD:9630 OAK ST BELLFLOWER CA 9070 6E-MAIL:KDSYOUNG@163 COM BELLFLOWERUS ,,"CN, CHINA",,"SHENZHEN,YANTIAN",LONG BEACH,731822,DOOR LOCK,NO MARKS,1121.0,CTN,14940.0,0.0,SSAOSZXH2512142,TRHU6432947,
2026-01-04,美国,中国,TOP GUY INTERNATIONAL TRADE LLC,GUANGZHOU SIKI INTERNATIONAL CO,333 BREA CANYON RD CITY OF INDUSTRY CA UNITED STATES ,L ROOM 820 NO 1 TIANHE ROAD YUEXI GUANGZHOU GD CHINA ,DST CUSTOMS SERVICES INC,3333 N SAN GABRIEL BLVD UNIT G ROSEMEAD CA UNITED STATES ,,"CN, CHINA",,"SHENZHEN,YANTIAN",LONG BEACH,845320,FOOTWEAR PO# MIKE- - +MAGGIE- - + BCF,TOP GUY LOS ANGELES P.O#: C/NO. MADE IN CHINA,1262.0,CTN,8858.0,0.0,OOLU2315946110,OOCU8488485,
2026-01-04,美国,中国,TRANE U S INC,MITSUBISHI ELECTRIC GUANGZHOU COMPRESSOR CO LTD,6001 PREMIER PARKWAY SAINT PETERS MO 63376 US , JITANGZHIFA WAREHOUSE HUANGPU DISTRICT GUANGZHOU GUANGDONG CN ,N/A,N/A,,"CN, CHINA",,HULUTAO,LOS ANGELES,841490,COMPRESSOR HTS:,TRANE US INC(MO) P/O NO.:4500033374 CUSTOMER PO:30227903-94 MODEL:-------- Q TY :16 PCS /BOXE MGC-2512-498 PACKAGE NO. :1,1.0,PKG,211.0,0.0,EXDO61X8157148,HAMU2174768,
2026-01-04,美国,中国,T A AMERICA CORP,TECHNO ASSOCIE GUANGZHOU CO LTD, 300 TECH PARK DRIVE LA VERGNE TN 37086 US , UNIT 1303 13/F BUILDING1 XIONGXING NO 42 XIANGSHAN AVENUE NINGXI STREEGUANGZHOU GUANGDONG 511300 CN ,N/A,N/A,,"CN, CHINA",,HULUTAO,LOS ANGELES,520300,TIEDOWN HOOK HTS:,INVOICE NO:25A016 T.A.AMERICA CORPORATION U.S.A P/NO:1-6 MADE IN CHINA,600.0,CTN,2898.0,0.0,EXDO61X8156500,HAMU4179542,
2026-01-04,美国,中国,TITAN MANUFACTURING & DISTRIBUTING,GUANGZHOU LANJINGGUO TRADE COMPAN,DBA TITAN BRANDS INC 3839 FOREST HILL IRENE ROAD , RM 1603 NO 1138 WEST ZHONGSHAN AV ENUE ,TITAN MANUFACTURING & DISTRIBUTING DBA TITAN BRANDS INC,3839 FOREST HILL IRENE ROAD ,,"CN, CHINA",,"SHENZHEN,YANTIAN",LONG BEACH,843320,TRACTOR ATTACHMENTS & PARTS FOR AGRICULTURAL & FORESTRY USE: TELEBOOM PALLET CARRIER; HEAVY DUTY STANDARD FLOW SS BRUSH CUTTER ( ); T RUSS BOOM HOOK ASSEMBLY; IN CUTV B - OIL H OSE; FORKLIFT ATTACHMENTS: TELEHANDLER BASKE T X (KNOCK DOWN); SKID STEER PRO SERIES FORK FRAME (FRHDV ); OUTDOOR PRODUCTS: PARK GRILL WITH HOOD; COOKING GRATE & POST ASSY,NO MARKS,137.0,PKG,15582.0,0.0,SMMBSSZX7305683,BSIU9419187,
2026-01-04,美国,中国,BRIGHTWAVE ENTERPRISES INC,GUANGZHOU BOJIEDA TRADE CO LTD,6545 MARKET AVE N STE 100CANTON OH 44721 , ROOM 623 NO 129 HUAYUAN ROAD BA IYUN DISTRICT GUANGZHOU ,TRESTLE TRANS INC,4740 GREEN RIVER RD #113D CORONA CA 92878 ,,"CN, CHINA",,"SHENZHEN,YANTIAN",LONG BEACH,720421,"GLASS BOTTLE,STAINLESS STEEL CUP",NO MARKS,513.0,CTN,12200.0,0.0,MFNOMF25120865,DFSU7579120,
2026-01-04,美国,中国,PACIFIC IMPORT & EXPORT INC,GUANGZHOU PHANTOM INTERNATIONAL TRA,5900 BALCONES DR STE 100 AUSTIN TX 78731 AUSTIN 78731 US ,XINBAIJIA SMALL COMMODITY CITY B40 EAST SIDE OF GUANGZHOU CN ,N/A,N/A,,"CN, CHINA",,"SHENZHEN,YANTIAN",LONG BEACH,481960,PLASTIC STORAGE BOX,NO MARKS,1042.0,CTN,15062.0,0.0,EWLGEWNGBOE23666,OOCU6310679,
2026-01-04,美国,中国,GOLDEN SUN COMMERCE INC,GUANGZHOU LUOMA QISHI LEATHER GOODS CO LTD,2100 MARKET ST DENVER CO 802052025 US , BUILDING A 1ST FLOOR 101 ST AND 3RD TO 4TH FLOORS NO 6 UNI TED ROAD UNITED VILLAGE SHILING ,EVER CUSTOMS INC,2583 E WYANDOTTE CT ONTARIO CALIF ORNIA 91761 UNITED STATES ,,"CN, CHINA",,"SHENZHEN,YANTIAN",LONG BEACH,841830,CHEST PACK BACKPACK,NO MARKS,402.0,CTN,3085.0,0.0,NIPANBMS25120504,TGBU4110608,
2026-01-04,美国,中国,JOHNSON CONTROLS INC,YORK GUANGZHOU AIR CON & REF CO LT,5680 EAST HOUSTON ST ,XUETIAN LONGSHAN TOWN FOGUAND COUNTRY ,JOHNSON CONTROLS INC,5680 EAST HOUSTON ST ,,"CN, CHINA",,"SHENZHEN,YANTIAN","HOUSTON,TX",841581,AIR-COOLED INVERTER CHILLER TARIFF ITEM - - FMC REGISTRATION NUMBER THIS SHIPMENT CONTAIN NO WOOD PACKING MATERIALAIR-COOLED INVERTER CHILLER TARIFF ITEM - - FMC REGISTRATION NUMBER THIS SHIPMENT CONTAIN NO WOOD PACKING MATERIALAIR-COOLED INVERTER CHILLER TARIFF ITEM - - FMC REGISTRATION NUMBER THIS SHIPMENT CONTAIN NO WOOD PACKING MATERIALAIR-COOLED INVERTER CHILLER TARIFF ITEM - - FMC REGISTRATION NUMBER THIS SHIPMENT CONTAIN NO WOOD PACKING MATERIALAIR-COOLED INVERTER CHILLER TARIFF ITEM - - FMC REGISTRATION NUMBER THIS SHIPMENT CONTAIN NO WOOD PACKING MATERIALAIR-COOLED INVERTER CHILLER TARIFF ITEM - - FMC REGISTRATION NUMBER THIS SHIPMENT CONTAIN NO WOOD PACKING MATERIALAIR-COOLED INVERTER CHILLER TARIFF ITEM - - FMC REGISTRATION NUMBER THIS SHIPMENT CONTAIN NO WOOD PACKING MATERIALAIR-COOLED INVERTER CHILLER TARIFF ITEM - - FMC REGISTRATION NUMBER THIS SHIPMENT CONTAIN NO WOOD PACKING MATERIALAIR-COOLED INVERTER CHILLER TARIFF ITEM - - FMC REGISTRATION NUMBER THIS SHIPMENT CONTAI,. .. .. .. .. .. .. .. .. .,81.0,PKG,95580.0,0.0,KWLD37830180534,"TCLU1688581,TRHU4174381,TRHU5424309,FCIU9752945,BEAU5483629,ONEU0141371,BEAU5384647,ONEU0711366,BSIU9665107",
2026-01-04,美国,中国,DINGTAI TRADE LIMITED,GUANGZHOU KANGMEISEN ELECTRONIC TEC UNIT, 17800 CASTLETON ST STE 188 CITY INDUSTRY CA 91748 ,901 9TH FLOOR MEISHI BUILDIN G NO 83 QIDE ROAD BAIYUN DISTRI CT GUANGZHOU CITY GUANGDONG PROVI,DINGTAI TRADE LIMITED, 17800 CASTLETON ST STE 188 CITY INDUSTRY CA 91748 ,,"CN, CHINA",,"SHENZHEN,YANTIAN",LONG BEACH,441700,ROLLER BRUSH,NO MARKS,843.0,CTN,11844.0,0.0,GSDRHZMSH407970,CSNU8228213,
2026-01-04,美国,中国,DGY TRADE CO LTD,GUANGZHOU GANCAN TRADE CO LTD, 2300 W SAN BERNARDINO AVE REDLANDS CALIFORNIA 92374 US , SHOP 51 NO 34 QIUYUE STREET QIAO CHENG ROAD HAIZHU DISTRICT GUANGZH OU CITY GUANGZHOU CN ,N/A,N/A,,"CN, CHINA",,"SHENZHEN,YANTIAN",LONG BEACH,151000,FOOD CONTAINER HS CODE:,NO MARKS,1048.0,CTN,14946.0,0.0,SKEMZG2512120084,CSGU6711584,
2026-01-04,美国,中国,BLUEWAVE TECHNOLOGY INC,GUANGZHOUNEWSMARTTECHNOLOGY CO,9680 N WOOLSEY AVE PORTLAND OREGON 97203 US ,LIM UNIT2223 22/F YAN STOWER 25- 27WON GCHUK HANGROAD ABERDEENHK999077 G UANGZHOU CN ,BLUEWAVE TECHNOLOGY INC,9680 N WOOLSEY AVE PORTLAND US ,,"CN, CHINA",,"SHENZHEN,YANTIAN",LONG BEACH,851621,STORAGE RACK THIS SHIPMENT CONTAINS NO WOOD PACKING MATERIALS.,NO MARKS,1110.0,CTN,14130.0,0.0,TLDMSZOE25120394,CSNU6933174,
2026-01-04,美国,中国,BREDAFIAS TRADE INC,GUANGZHOU SHIYUANSHI INTERNATIONAL,41-14B MAIN ST STE B26 FLUSHING NY 11355 USA ,322 401 FOURTH FLOOR NO 28 JIANZHONG ROAD TIANHE DISTRICT GU ANGZHOU,BREDAFIAS TRADE INC,41-14B MAIN ST STE B26 FLUSHING NY 11355 USA ,,"CN, CHINA",,SHANGHAI,LONG BEACH,851850,MENS CASUAL SETSWOMENS CASUAL SETS,NO MARKS,3457.0,CTN,9460.0,0.0,SZQEMNGLU2511211,OOLU9071070,
2026-01-04,美国,中国,E DOT TECHNOLOGY INC,GUANGZHOU GUANGSHENG IMPORT & EXPOR,5030 BOARDWALK DRIVE SUITE 818 COLORADO SPRINGS CO 80919 OVERSEAS@ZHO NJINGROUP COM ARIC@NB-YUNTING COM ,FLOOR NO 9 KEMULO NG SOUTH ROAD TIANHE DISTRICT GUA NGZHOU ,JKMY LOGISTICS LLC,24 KENTISBURY CIRCLE EAST BRUNSWICKNJ 08816 TEL: 1 718 321-3312 EMAI L: BILL@JKMYUSA COM ,,"CN, CHINA",,"SHENZHEN,YANTIAN",LONG BEACH,871493,FORKLIFT TRUCK HUBS,NO MARKS,754.0,CTN,12040.0,0.0,NFIFYTN25120056,FFAU2433260,
2026-01-04,美国,中国,NEBULACREST INC,GUANGZHOU SHENDIANWEI TRADE CO LT,15040 SEVENTH ST #1010 VICTORVILL E CA 92395 VICTORVILLE US , ROOM 4008 BUILDING B NO 140-214 YINGBIN ROAD LUOPU STREET PANYU DI STRICT GUANGZHOU CITY 511400 CN ,N/A,N/A,,"CN, CHINA",,"SHENZHEN,YANTIAN","HOUSTON,TX",851830,PHONE CASE,NO MARKS,976.0,CTN,13632.0,0.0,CGLSCSZ25111615,FFAU3443330,
2026-01-04,美国,中国,WHITMAN TRADE LIMITED,GUANGZHOU ZHONGPAI SECURITY TECHNOL LOGY CO LTD, 228 PARK AVE S 79525 NEW YORK NY10003 TEL 626 265-2371 MAIL LAXIMPORT@RAYHUNTAIR COM XLIU@TRANSLEADGROU , ADD2ND FLOOR BUILDI NG 9 NO 600 GUANGSHAN SECOND ROAD TIANHE DISTRICT GUANGZHOU ,C/O RAYHUNT LLC,3780 W CENTURY BLVD INGELWOOD CA 9 0303 TEL 626 857 8555 MAIL LAXIMPORT@RAYHUNTAIR COM XLIU@TRANSLEADGR ,,"CN, CHINA",,SHANGHAI,LONG BEACH,392220,PLASTIC CLIP COMMODITY SHELF PLASTIC HOOK,NO MARKS,812.0,CTN,11336.0,0.0,NCACG25120357,TGHU9680863,
2026-01-04,美国,中国,TITAN MANUFACTURING & DISTRIBUTING,GUANGZHOU LANJINGGUO TRADE COMPAN,DBA TITAN BRANDS INC 3839 FOREST HILL IRENE ROAD , RM 1603 NO 1138 WEST ZHONGSHAN AV ENUE ,TITAN MANUFACTURING & DISTRIBUTING DBA TITAN BRANDS INC,3839 FOREST HILL IRENE ROAD ,,"CN, CHINA",,"SHENZHEN,YANTIAN",LONG BEACH,851590,TRACTOR ATTACHMENTS & PARTS FOR AGRICULTURAL & FORESTRY USE: PT REAR BLADE; HAY ELEVATOR; QUICK ATTACH ADAPTOR V ; QUICK ATTACH ASSEMBLY; SKID STEER TRUSS BOOM V ; CYLIN DER FOR JDRAKEV FAMILY; HD DIRT BUCKET - ; FORKLIFT ATTACHMENTS: GLOBAL PRO SERIES FO RK FRAME (GJDFRHDV ); PALLET FORK SHORT SPEAR - BLACK; OUTDOOR PRODUCTS: PARK GRILL WITH H OOD; FIRE GRATE _AE; FITNESS EQUIPMENTS: M EDICAL BALL STORAGE TUBE,NO MARKS,204.0,PKG,14107.0,0.0,SMMBSSZX7314975,CSNU7088082,
2026-01-04,美国,中国,MIXWARE INTERNATIONAL LLC,GUANGZHOU MOWL TECHNOLOGY CO LTD,DBA COLOR KEY 3086 W POST RD LAS VEGAS NV 89118 USA , 4F BUILDING A NO 2 XIAHUA 4TH R OAD TANGBEI JIANGGAO TOWN BAIYUN DISTRICT GUANGZHOU 510450 ,MIXWARE INTERNATIONAL LLC,DBA COLOR KEY 3086 W POST RD LAS VEGAS NV 89118 USA ,,"CN, CHINA",,"SHENZHEN,YANTIAN",LOS ANGELES,981800,COLORKEY DAZZLER FX -PC BUNDLE WITH CASE (BL ACK) DAZZLER FX MKII COLD SPARK MACHINE WHITESPARE PARTS MOTHERBOARD SPARE PARTS POWER SU PPLY SPARE PARTS HEATING FILL HOPPER MOTOR,NO MARKS,112.0,CTN,2164.0,0.0,TQPI2512273941A,HASU4362299,
2026-01-04,美国,中国,LPI INC,GUANGZHOU SENSOURCING TRADE CO LTD,506 TWIN OAKS DR JOHNSON CITY TN 37601-7610 USA , #1014 HUIJIN BUILDING NO 23 SHIGANG ROAD GONGYE AVENUE GUANGZHOU GUANGDONG P R OF CHINA ,N/A,N/A,,"CN, CHINA",,"SHENZHEN,YANTIAN",LONG BEACH,901910,MASSAGE APPARATUS ACCESSORIES PLASTIC ACCESS ORIES,LPI IN TRIANGLE WHISPER IN TRIANGLE,508.0,PKG,6700.0,0.0,PSEAZLGB25121689,OOCU8537770,
2026-01-04,美国,中国,VIMONDE S A DE C V,GUANGZHOU YOUNA IMPORT & EXPORT T G CO LTD, AVENIDA INSURGENTES 1706 INT LOCA L C COLONIA FLORIDAALVARO OBREGON , 193 BAOGANG AVENUE HAIZ HU DISTRICT GUANGZHOU CHINA 51022 ,GANN GROUP,CORP 2323 AVENIDA COSTA ESTE SUITE 300 SAN DIEGO CA 92154 US ,,"CN, CHINA",,NINGBO,"HOUSTON,TX",442110,HONEY JAR HS CLOTHES HANGING RACK HS,.,921.0,CTN,22710.0,0.0,SFOKHT25112806,CAIU5827122,
2026-01-04,美国,中国,TOURJAY HK CO LTD,TOURJAY HK CO LTD, + C/O WFS 6730 KIMBALL AVE CHINO CA 91708 US , ROOM 11 22F THECLOUD 111 TUNG 999077 HONG KONG ,GUANGZHOUKETUODIANZISHANGWUYOUXIANG C/O WFS,6720 KIMBALL AVE CHINO CA 91708 US,,"CN, CHINA",,"SHENZHEN,YANTIAN",LOS ANGELES,720421,STAINLESS STEEL TRAY STAINLESS STEEL BOWL STAINLESS STEEL POT,3126868WFA,109.0,CTN,893.0,0.0,WMSRL3JEO5110030,TEMU6633594,
2026-01-04,美国,中国,WARMSUNSHINE TECHNOLOGY LIMITED,GUANGZHOU HUIKANG ELECTRONIC TECHNO, 9935 BEVERLY BLVD PICO RIVERA CALIFORNIA 90660 US , NO 6 DONGNAN ROAD MILONG VILLAGE TAIHE TOWN BAIYUN DISTRICT GUANGZ HOU CHINA GUANGZHOU CN ,NEW CENTURY CUSTOMS BROKER INC,267 S SAN GABRIEL BLVD SAN GABRIEL US ,,"CN, CHINA",,"SHENZHEN,YANTIAN","NEW YORK,NY",853400,GLASS BOTTLE: PLASTIC CAP: PAPER INCERT: PAP ER BOX:,NO MARKS,20.0,PKG,10150.0,0.0,SMCMSZX25110323,ZCSU6527093,
2026-01-04,美国,中国,FLASOUBO COMMERCE INC,GUANGZHOU LAI SHUN CROSS BORDER E C D,CONTACT ADD:41-14B MAIN ST STE B26FLUSHING NY 11355 UNITED STATES FLUSHING NEW YORK 11355 US ,ROOM 406 NO 40 DAJINZHONG RD JINGTAISTREET BAIYUN DISTRICT GUANGZHOU GD CHINA GUANGZHOU CN ,N/A,N/A,,"CN, CHINA",,SHANGHAI,LONG BEACH,851850,KNIT BOY S CASUAL SETS,NO MARKS,776.0,CTN,7320.0,0.0,SXCOSHE25123429,FSCU8488740,
2026-01-04,美国,中国,YUANWEI TRADE LIMITED,GUANGZHOU TIAN YI INFORMATION TECHNOLOGY CO LTD, 1055 WILSHIRE BLVD 900B LOS ANGELESCA 90017 , ROOM 309 NO 6 W ANGGANG INDUSTRIAL 2ND ROAD BAIYUN DISTRICT GUANGZHOU ,YUANWEI TRADE LIMITED, 1055 WILSHIRE BLVD 900B LOS ANGELESCA 90017 ,,"CN, CHINA",,"SHENZHEN,YANTIAN",LONG BEACH,481960,STORAGE BOX,NO MARKS,960.0,CTN,15000.0,0.0,MFNOMF25120825,OOLU9737465,
2026-01-04,美国,中国,MAMMOTH MOVING & STORAGE INC,GUANGZHOU LOOKS TRADE CO LTD,5390 OVERPASS RD SUITE E , ROOM 504 BUILDING 2 LOT2 BO 3 4TH STREET GREENPORT GUANGZHOU ,N/A,N/A,,"CN, CHINA",,"SHENZHEN,YANTIAN",LOS ANGELES,590500,SIDE TABLEDINNING TABLELADDERDISPALY UNITBATHROOM WALL UNITSIDE TABLEDINNING TABLELADDERDISPALY UNITBATHROOM WALL UNIT,NM .NM .,368.0,PKG,11030.0,0.0,SCQHSHASEC000700,"DRYU4524354,ECMU8150642",
2026-01-04,美国,中国,BLUEWAVE TECHNOLOGY INC,GUANGZHOU NEW SMART TECHNOLOGY CO,9680 N WOOLSEY AVE PORTLAND OREGON 97203 US ,UNIT2223 22/F YAN STOWER 25-27 WONGCHUK HANG ROAD ABERDEEN HK 99907 7 HK CN ,N/A,N/A,,"CN, CHINA",,"SHENZHEN,YANTIAN",LONG BEACH,851621,STORAGE RACK THIS SHIPMENT CONTAINS NO SOLID WOOD PACKING MATERIALS,NO MARKS,1328.0,CTN,16030.0,0.0,SXCOSZOE25121357,OOLU8954677,
2026-01-04,美国,中国,VERO DEERFIELD INC,GUANGZHOU YUNHONG E COMMERCE CO,890 GARRISON AVE STE 313 ,L ROOM A2 17TH FLOOR BUILDING A NO 298 MIDDLE YANJIANG ROAD YUEXIU ,VERO DEERFIELD INC,890 GARRISON AVE STE 313 ,,"CN, CHINA",,"SHENZHEN,YANTIAN",LONG BEACH,853922,SPOTLIGHT,NO MARKS,855.0,CTN,11700.0,0.0,LTDKLT2025120452,TGBU4728068,
2026-01-04,美国,中国,EAST RIVER TRADE INC,GUANGZHOU CITY DREAM ALSO FANTASY I,711 PINE ST BROOKLYN NEW YORK 11208US ,ROOM 1620 NO 7 SHUANGS HANAVENUE NANSHA DISTRICT GUANGZHO U CN ,EAST RIVER TRADE INC,711 PINE ST BROOKLYN US ,,"CN, CHINA",,SHANGHAI,LOS ANGELES,851621,STORAGE BRACKET,FBA19497DSP4,673.0,CTN,21781.0,0.0,MLILMSH25120489,SEGU6985120,
2026-01-04,美国,中国,NAYELIDE SHOP SA CV,GUANGZHOU JUNHE INTERNATIONAL LOGIS,CALLE MANUEL FERNANDO SOTO NUMEROEX ,ROOM L357 UNIT 505 NO 8 JINGGAN ,HODOS SUPPLY CHAIN ADVANCE LLC,19141 GOLDEN VALLY RD SUIT 1006 ,,"CN, CHINA",,"SHENZHEN,YANTIAN",LONG BEACH,392220,PLASTIC BAG,NO MARKS,1071.0,CTN,19950.0,0.0,CHQFHSZ25120339,CXDU2203311,
2026-01-04,美国,中国,FOSHAN KUTUO SHANGMAO YOUXIANGONGSI C O FBA24300 NANDINA,GUANGZHOU KERUI INNOVATION TECH CO LTD, AVE , ROOM 1906 NO 68 HUADI AVEN UE MIDDLE LIWAN DISTRICT GUANGZHO ,LINGOO TRADE LIMITED, C/O AMAZON C OM SERVICES INC 24300 NANDINA AVE ,,"CN, CHINA",,"SHENZHEN,YANTIAN",LOS ANGELES,842330,"RV DOOR LOCK TRAVEL DUFFEL BAGS STORAGE BAG WATER HOSE ROOF TAPE COUPLING LOCK CONNECTION LINE RV SEALANT RV SEWER BRACKET CANVAS BAG INTELLECTUAL TOYS SNAKE GAITERS PLASTIC BOX BEER BARREL TAP SOCKET CAT TRAINING TAPE MEMBRANE FABRIC LED LIGHTING TOILETRY BAG,GRIP BELT GYM BAG GYMNASTIC RINGS RAIN CHAIN BACKPACK",NO MARKS,308.0,CTN,4042.0,0.0,AMZDCN257KHR6DKH,TCKU7410820,
2026-01-04,美国,中国,JIEGUAN SERVICE INC,MAO MAO YE TRADE GUANGZHOU CO LTD,4521 CAMPUS DR STE 571 IRVINE CA 92603 , 101 BUILDING 2 LANTIANCANG N O 6 DALANG WEST ROAD BAIYUNHU STR EET BAIYUN DISTRICT GUANGZHOU CIT ,JIEGUAN SERVICE INC,4521 CAMPUS DR STE 571 IRVINE CA 92603 ,,"CN, CHINA",,"SHENZHEN,YANTIAN",LOS ANGELES,392220,PLASTIC COVER,NO MARKS,850.0,CTN,10142.0,202840.0,GSDRAE2512BUTO7,HAMU2788344,
2026-01-04,美国,中国,MERCI GLOBAL TRADE INC,GUANGZHOU WELLSON TRADE CO LTD,ADD:15 METROTECH CENTER BROOKLYN NY 11201 USA , ADD:NO 73 YINGJIANG MIDDLE ROAD DASHI SUB-DISTRICT PANYU DISTRICT GUANGZHOU CHINA ,MERCI GLOBAL TRADE INC,ADD:15 METROTECH CENTER BROOKLYN NY 11201 USA ,,"CN, CHINA",,"SHENZHEN,YANTIAN",LONG BEACH,820411,PLASTIC BOX HS,NO MARKS,794.0,CTN,14660.0,0.0,HYSLFSZX12251357,CSLU6041170,
2026-01-04,美国,中国,VELAA GROUP,GUANGZHOU TIANYI INFORMATION,ACCESS INC 530 FIFTH AVE STE 700 NEW YORK NY 10036 626-600-4664 MMAVISWEN12@OUTLOOK COM ,ROOM 309 NO 6 WANGGANG INDUSTRIAL 2ND ROAD BAIYUN DISTRICT GUANGZHOU ,GGT WORLD INC,13195 FLORES STREET SANTA FE SPRINGS CA90670 TEAM2A@GGT-WORLD COM ROY 310-8782613 ,,"CN, CHINA",,SHANGHAI,LONG BEACH,481960,"STORAGE BOX, WOMAN TOP, FLASHLIGHT",NO MARKS,940.0,CTN,14600.0,0.0,JLHGJLSHA5120938,MATU2710291,
2026-01-04,美国,中国,STATEMENT USA INC,GUANGZHOU LUX IMPORT & EXPORT TRA,1320 S BOYLE AVE UNIT B LOS ANGE LES CA90023 USA ,ROOM#312BLOCK #AQUNXING HIGH-TECH PARK #488 XINGYE AVENUE NANCUN TOW N PANYU DISTRICT GUANGZHOU CITY ,STATEMENT USA INC,1320 S BOYLE AVE UNIT B LOS ANGE LES CA90023 USA ,,"CN, CHINA",,SHANGHAI,LONG BEACH,610821,LADIES KNITTED PANTS LADIES KNITTED BODYSUIT LADIES KNITTED SKIRT LADIES KNITTED SKIRT,PAC SUN .,126.0,CTN,2291.0,0.0,GUFLKC2512057F,MATU5205550,
2026-01-04,美国,中国,GUANGZHOU YIHAO XIANGBAO MAOYI YOUXIANGONGSI,GUANGZHOU KERUI INNOVATION TECH CO LTD, AVE , ROOM 1906 NO 68 HUADI AVEN UE MIDDLE LIWAN DISTRICT GUANGZHO ,LINGOO TRADE LIMITED, C/O AMAZON C OM SERVICES INC 1568 N LINDEN AVE ,,"CN, CHINA",,"SHENZHEN,YANTIAN",LOS ANGELES,842330,"RV DOOR LOCK TRAVEL DUFFEL BAGS STORAGE BAG WATER HOSE ROOF TAPE RV SEALANT COUPLING LOCK CONNECTION LINE RV SEWER BRACKET INTELLECTUAL TOYS BEER BARREL TAP PLASTIC BOX SNAKE GAITERS CANVAS BAG SOCKET CAT TRAINING TAPE MEMBRANE FABRIC LED LIGHTING RAIN CHAIN TOILETRY BAG,GRIP BELT GYMNASTIC RINGS GYM BAG BACKPACK",NO MARKS,360.0,CTN,4696.0,0.0,AMZDCN25CBF3CY5V,TCLU5288840,
2026-01-04,美国,中国,GOLDEN SUN COMMERCE INC,GUANGZHOU LUOMA QISHI LEATHER GOODS CO LTD,2100 MARKET ST DENVER CO 802052025 US , BUILDING A 1ST FLOOR 101 ST AND 3RD TO 4TH FLOORS NO 6 UNI TED ROAD UNITED VILLAGE SHILING ,EVER CUSTOMS INC,2583 E WYANDOTTE CT ONTARIO CALIF ORNIA 91761 UNITED STATES ,,"CN, CHINA",,"SHENZHEN,YANTIAN",LONG BEACH,841830,CHEST PACK SHOULDER BAG,NO MARKS,589.0,CTN,5559.0,0.0,NIPANBMS25120519,OOCU9165553,
2026-01-04,美国,中国,C LUCE INC,GUANGZHOU CHENGYU CLOTHING CO LTD,DBA C LUCE/TCEC 157W MARTIN LUTHER KING JR BLVD LO S ANGELES CA90037 FAX 323-306-913 11 , ROOM 658 NO 2 GONGYE FIRST ROAD Y ONGKOU VILLAGE DASHI STREET PANYU DISTRICT GUANGZHOU POSTAL CODE ,C LUCE INC,DBA C LUCE/TCEC 157W MARTIN LUTHER KING JR BLVD LO S ANGELES CA90037 FAX 323-306-913 1 ,,"CN, CHINA",,"SHENZHEN,YANTIAN",LONG BEACH,680510,WOVEN DRESS WOVEN SKIRT WOVEN TOP WOVEN SHORTS LADIES KNIT TOP LADIES WOVEN TOP WOMENS WOVEN DRESS WOMENS WOVEN TOP WOMENS WOVEN SKIRT,TCEC MOTION . .,615.0,CTN,7423.0,0.0,GUFLKC2512030B,OOCU7172039,
2026-01-04,美国,中国,CAMELLIA FASHON GARMENT INC,GUANGZHOU JIN FASHION LIMITED,23063 HATTERAS ST WOODLAND HILLS CA 91367 , THE 6TH FLR BLDG 5 JINHUAME IP NO 2DEVELOPMENT SOUTH RD LUOPU ST PANYU ,CAMELLIA FASHON GARMENT INC,23063 HATTERAS ST WOODLAND HILLS CA 91367 ,,"CN, CHINA",,SHANGHAI,LONG BEACH,640520,WOMEN S TOP WOMEN S PANTS,INTERMARKET,2958.0,CTN,10241.0,0.0,SHNLSLSH25120323,MATU2622204,
2026-01-04,美国,中国,SUMMIT TRADE INC,GUANGZHOU NEW STORY TRADE CO LTD,ADD:1401 21ST ST STE R SACRAMENTO CA 95811 6264819884 , ROOM 2203 NO 13 ZEXI STREET HANX I VILLAGE HANXI COMMERCIAL CENTER ZHONGCUN STREET PANYU DISTRICT ,SUMMIT TRADE INC,ADD:1401 21ST ST STE R SACRAMENTO CA 95811 6264819884 ,,"CN, CHINA",,SHANGHAI,LONG BEACH,481960,STORAGE BOX,NO MARKS,1298.0,CTN,18898.0,0.0,TXSLCTSE2512152,MATU2749518,
2026-01-04,美国,中国,MARELLI NORTH AMERICA,GUANGZHOU DEMUP AUTOMOBILE PARTS CO,633 GARRETT PKWY ,ROOM 101 NO 230 HUANGGE SECTION SH INAN ROAD HUANGGE TOWN NANSHA DISTRICT ,N/A,N/A,,"CN, CHINA",,Port of Bellingham,LOS ANGELES,441510,"PD SA A BRKT-ILLUM LAMP SD TA A GUIDE L IGHT ASSY SE TA A GHT ASSY,B CTNS= PLTSWOO DEN PACKING MATERIAL: PROCESSED WOOD",DEMUP??20251210-1,40.0,CTN,519.0,0.0,BWLECAN59404821,TXGU6981606,
2026-01-04,美国,中国,GLOBAL REACH TRADE INC,GUANGZHOU AIMULAN CLOTHING CO LTD,6115 MALBURG WAY VERNON CA 90058 , NO 9 YUANXIADI ROAD HUANGSHI STR EET BAIYUN DISTRICT GUANGZHOU CIT Y GUANGDONG PROVINCE CHINA ,GLOBAL REACH TRADE INC,6115 MALBURG WAY VERNON CA 90058 ,,"CN, CHINA",,"SHENZHEN,YANTIAN",LONG BEACH,620462,WOMENS CARDIGAN MENS SHORTS WOMENS DRESS WOMENS PANTS,NO MARKS,1025.0,CTN,15830.0,0.0,GXIASE25120013Z,CXDU2186657,
2026-01-04,美国,中国,KBH INTERNATIONAL TRADE CO LTD,GUANGZHOU JIAYIWU FASHION CO LTD, 11211 JERSEY BLVD #101RANCHO CUC AMONGA CA 91730 USA , ROOM 401 BLDG A 14 PINGSHA RD PI NGSHA VILLAGE JUNHE ST BAIYUN DIS T GUANGZHOU CHINA ,KBH INTERNATIONAL TRADE CO LTD, 11211 JERSEY BLVD #101RANCHO CUC AMONGA CA 91730 USA ,,"CN, CHINA",,SHANGHAI,LONG BEACH,,SWIMWEARTOP,NO MARKS,416.0,CTN,5777.0,0.0,KAAWG2512158,MATU4618179,
2026-01-04,美国,中国,SOURCEM LLC,GUANGZHOU EVANESCO TRADE CO LTD,1370 N ST ANDREWS PL , NO 1 QIFU ROAD YUNCHENG STREET BAIYUN DISTRICT ,SOURCEM LLC,1370 N ST ANDREWS PL ,,"CN, CHINA",,"SHENZHEN,YANTIAN",LOS ANGELES,420299,PLASTIC BAGS,NO MARKS,966.0,CTN,4209.0,0.0,UULNYTLA25120527,ECMU8072940,
2026-01-04,美国,中国,ANOTHER JJ FASHION INC,GUANGZHOU LINGCUI CLOTHING CO LTD,95 STATE AVE WYANDANCH NY 11798 , A BUILDING NO 2 JIUYU ROAD JIUYU V ILLAGE XINTANG TOWN ZENGCHENG GUAN GZHOU CITY GUANGDONG PROVINCE CHINA ,HIPPIE ROSE LLC,525 SEVENTH AVENUE 4TH FLOOR NEW YORK NY 10018 4940 ,,"CN, CHINA",,SHANGHAI,LONG BEACH,640520,WOMEN WOVEN TOP WOMEN WOVEN VEST,PO# STYLE# COLOR TOTAL PACK MADE IN CHINA,1428.0,CTN,5542.0,0.0,TXSLSHWY2512054,OOLU9070747,
2026-01-04,美国,中国,VIVI APPAREL,GUANGZHOU YIKIA GARMENTS CO LTD,1635 E 22ND ST LOS ANGELES CA9001 1 , 202 NO 2 FUSHAN ROAD 4TH STREET D ASHI STREET PANYU DISTRICT GUANGZ HOU CITY ,VIVI APPAREL,1635 E 22ND ST LOS ANGELES CA9001 1 ,,"CN, CHINA",,SHANGHAI,LONG BEACH,610821,WOVEN DRESS WOVEN PANTS KNIT PANTS KNIT DRESSBEAD CHAIN TRIM BUCKLE CLOSURE SHOULDER PAD BALL CHAIN,FASHION NOVA KTOO . .,83.0,CTN,1516.0,0.0,GUFLKC2512057D,MATU5148510,
2026-01-04,美国,中国,JASON INTERNATIONAL USA INC,GUANGZHOU SHENGCAI TRADE CO LTD,30 N GOULD ST STE R SHERIDAN WYOMING 82801 US , NO 11 JIE FANG ZHUANG ROAD YONG P ING STREET BAIYUN DIST GUANGZHOU C N ,N/A,N/A,,"CN, CHINA",,SHANGHAI,LONG BEACH,851621,STORAGE CASE,NO MARKS,802.0,CTN,13445.0,0.0,NXHSNBXH25122395,MATU2605104,
2026-01-04,美国,中国,DGY TRADE CO LTD,GUANGZHOU GANCAN TRADE CO LTD, 2300 W SAN BERNARDINO AVE REDLANDS CALIFORNIA 92374 US , SHOP 51 NO 34 QIUYUE STREET QIAO CHENG ROAD HAIZHU DISTRICT GUANGZH OU CITY GUANGZHOU CN ,N/A,N/A,,"CN, CHINA",,"SHENZHEN,YANTIAN",LONG BEACH,843510,SLOW JUICER HS CODE:,NO MARKS,659.0,PKG,9910.0,0.0,SKEMZG2512120079,TIIU5496048,
2026-01-04,美国,中国,IMAGINE EXHIBITIONS,GUANGZHOU CHICOSTAR TECHNOLOGY CO,2870 PEACHTREE ROAD NW #418 ATLANTAGA 30305,ROOM 101-102 1ST FLOOR BUILDING N O 5 MINXING CREATIVE INDUSTRY PARK NO 156 SHIXIN ROAD SHIQI TOWN P ,IMAGINE EXHIBITIONS,2870 PEACHTREE ROAD NW #418 ATLANTAGA 30305,,"CN, CHINA",,"SHENZHEN,YANTIAN",LOS ANGELES,392620,GRAPHIC FABRIC PVC PANEL PVC VINYL OUTDOOR NET LIGHTBOX STAINLESS STEEL BENCH LED STAGE LIGHT LADDER DIGITAL SIGNAGE BRACKET CAGE GARBAGE BAG GARBAGE BIN PLASTIC WRAP EPE FOAM,NO MARKS,131.0,PKG,6000.0,0.0,SWCVBLS25120285,TCKU7526404,
2026-01-04,美国,中国,UCAN ZIPPERS USA,GUANGZHOU KUNGUANG ZIPPER CO LTD,1930 LONG BEACH AVE LOS ANGELES CA 9005890058, NO 4 XINLONG INDUSTRIAL ROAD CHANGYAOLING VILLAGE ZHONGLUOTANTOWN BAIYU DISTRICT GUANGZHOU ,UCAN ZIPPERS USA,1930 LONG BEACH AVE LOS ANGELES CA 9005890058,,"CN, CHINA",,"SHENZHEN,YANTIAN",LONG BEACH,845910,ZIPPER ZIPPER PULL HEAD,UCAN,325.0,CTN,8950.0,179000.0,CHIAZA3H250082,OOLU1871950,
2026-01-04,美国,中国,FASTUP STRUCTURES AMERICA INC,GUANGZHOU FASTUP TENT MANUFACTURING,538 E 17TH AVE DENVER CO 80203 DE NVER 80203 US , NO 218 LISAN ROAD ZENGCHENG AREA GUANGZHOU CHINA GUANGZHOU CN ,N/A,N/A,,"CN, CHINA",,"SHENZHEN,YANTIAN",LOS ANGELES,630621,TENTS THIS SHIPMENT CONTAINS NO SOLID WOOD PACKING MATERIALS.,NO MARKS,376.0,PKG,20960.0,0.0,SXCOSZOE25121247,FFAU2442323,
2026-01-04,美国,中国,NAYELIDE SHOP SA CV,GUANGZHOU JUNHE INTERNATIONAL LOGIS,CALLE MANUEL FERNANDO SOTO NUMEROEX ,ROOM L357 UNIT 505 NO 8 JINGGAN ,HODOS SUPPLY CHAIN ADVANCE LLC,19141 GOLDEN VALLY RD SUIT 1006 ,,"CN, CHINA",,"SHENZHEN,YANTIAN",LONG BEACH,847790,PLASTIC BARREL,NO MARKS,796.0,CTN,15048.0,0.0,CHQFHSZ25120344,CSGU6714752,
2026-01-04,美国,中国,PACIFIC IMPORT & EXPORT INC,GUANGZHOU PHANTOM INTERNATIONAL TRADE CO LTD,5900 BALCONES DR STE 100 AUSTIN TX 78731 , XINBAIJIA SMALL CO MMODITY CITY B40 EAST SIDE OF JIN GXI BRIDGE BAIYUN DISTRICT ,PACIFIC IMPORT & EXPORT INC,5900 BALCONES DR STE 100 AUSTIN TX 78731 ,,"CN, CHINA",,"SHENZHEN,YANTIAN",LONG BEACH,442010,IRON ORNAMENTS,NO MARKS,696.0,CTN,10893.0,0.0,MFNOMF25120781,CSGU6700342,
2026-01-04,美国,中国,AMAZON COM INC,GUANGZHOU RISI PENDULUM ELECTRON,2020 JOE B JACKSON PKWY MURFREESBORO TENNESSEE 37127 US ,ROOM 205 NO 10 XINHE ROAD NANPU WESTSECOND VILLAGE LUOPU STREET P ANYU DISTRICT GUANGZHOU CN ,N/A,N/A,,"CN, CHINA",,NINGBO,LOS ANGELES,390690,PLASTIC PHOTO FRAME ACRYLIC TABLE NO SOLID W OOD PACKING MATERIALS.,NO MARKS,1187.0,CTN,15923.0,0.0,NXHSNBXH25120404,EGSU6168636,
2026-01-04,美国,中国,ARISE USA INTERNATIONAL INC,GUANGZHOU ARISE SEA SUPPLY CHAIN CO,6623 E WASHINGTON BLVD COMMERCE CA 90040 AN@GZ-ARISE COM ,LTD ROOM 511 BUILDING 4 NO 125 LONGXUE AVENUE NANSHA DISTRICT GU ANGZHOU GUANGDONG 511464 CN ,ARISE USA INTERNATIONAL INC,6623 E WASHINGTON BLVD COMMERCE CA 90040 AN@GZ-ARISE COM ,,"CN, CHINA",,"SHENZHEN,YANTIAN","HOUSTON,TX",481960,STORAGE BOX THIS SHIPMENT CONTAINS NO SOLID WOOD PACKING MATERIALS.,.,864.0,CTN,11700.0,0.0,CHNVCHHOU251127,TCNU7998112,
2026-01-04,美国,中国,VELAA GROUP,GUANGZHOU TIANYI INFORMATION TECHNO,ACCESS INC 530 FIFTH AVE STE 700 NEW YORK NY 10036 NEW YORK NEW YORK 10036 US ,ROOM 309 NO 6 WANGGANG INDUSTRIAL 2NDROAD BAIYUN DISTRICT GUANGZHOU GUANGZHOU CN ,N/A,N/A,,"CN, CHINA",,NINGBO,LONG BEACH,481960,STORAGE BOX,NO MARKS,872.0,CTN,14700.0,0.0,STNDSTL25086963,MATU2578400,
2026-01-04,美国,中国,HOLLISTER WHITNEY ELEVATOR CORP,ENSOTA GUANGZHOU TECHNOLOGIES LTD,2603 N 24TH STREET ,5F BLDG 1 NO 271 HONGMING RD ECONOMIC & TECHNOLOGICAL DEV DIST ,N/A,N/A,,"CN, CHINA",,Port of Bellingham,LOS ANGELES,843139,ELEVATOR PARTS-STATORELEVATOR PARTS- LINEAR ROPE GRIPPER ASSEMBLYELEVATOR PARTS- LINING ASSEMBLY WOODEN CASES + WOODEN PALLETS= PACK AGESTHIS SHIPMENT CONTAINS FUMIGATEDWOODEN PACKING MATERIALS.,"HOLLISTER-WHITNEY ELEVATOR CO.,LLC",60.0,PKG,17866.0,0.0,DFDSCAN7418050,CMAU8390635,
2026-01-04,美国,中国,SUMMIT TRADE INC,GUANGZHOU NEW STORY TRADE CO LT,1401 21ST ST STE R SACRAMENTO CALIFORNIA 95811 US , ROOM 2203 NO 13 ZEXI STREET HANX I VILLAGE HANXI COMMERCIAL CENTER ZHONGCUN STREET PANYU CN ,N/A,N/A,,"CN, CHINA",,"SHENZHEN,YANTIAN",LONG BEACH,481960,STORAGE BOX,NO MARKS,1017.0,CTN,17110.0,0.0,OBLMOBSZ25C0164,OOCU8509443,
2026-01-04,美国,中国,PRO SPOT INTERNATIONAL INC,GUANGZHOU JIEYIN ELECTRIC APPLIANCES CO LTD,5932 SEA OTTER PLACE CARLSBAD CA 92010 USA , RM801 RM 2102 CFCCANTON FINANCLAL CENTER 656 HUANGPU AVE MID TIANHE GZ GD 510000 ,PRO SPOT INTERNATIONAL INC,ADD:5932 SEA OTTER PLACE CARLSBAD CA 92010 USA ,,"CN, CHINA",,"SHENZHEN,YANTIAN",LONG BEACH,750720,NYLON TUBE HS CODE: THIS SHIPMENT CONTAINS NO SOLID WOOD PACKING MATERIALS,APA MADE IN CHINA,15.0,PKG,245.0,0.0,HNLTZSA25Q0012,CSGU6700682,
2026-01-04,美国,中国,SUMMIT TRADE INC,GUANGZHOU NEW STORY TRADE CO LT,1401 21ST ST STE R SACRAMENTO CA 9 5811 , ROOM 2203 NO 13 ZEXI STREET HANX I VILLAGE HANXI COMMERCIAL CENTER ,SUMMIT TRADE INC,1401 21ST ST STE R SACRAMENTO CA 9 5811 ,,"CN, CHINA",,"SHENZHEN,YANTIAN",LONG BEACH,481960,STORAGE BOX,NO MARKS,910.0,CTN,14184.0,0.0,LTDKLT2025120253,FSCU9306243,
2026-01-04,美国,中国,US WEIGHT INC,GUANGZHOU UFEIYA METAL PRODUCT CO,4594 E RADIO TOWER LANE OLNEY IL UNITED STATES ,INDUSTRIAL ROAD NO 12-101 XISHAN GUANGZHOU GD CHINA ,SEKO WORLDWIDE LLC,8377 CAMBY ROAD STE 104 PLAINFIELD IN UNITED STATES ,,"CN, CHINA",,"SHENZHEN,YANTIAN",LONG BEACH,831000,ORDER NO.:PO SIGN POST BELT CASSETTES SIGN FRAMES SUPPORT TUBE SHIPPER STATES THAT THIS SHIPMENT CONTAINS NO SOLID WOOD PACKING MATERIALS.,NO MARKS,365.0,CTN,6529.0,0.0,OOLU2315830421,CSNU2697240,
2026-01-04,美国,中国,AUBAGNE INC,GUANGZHOU SHENDIANWEI TRADE CO LT,572 S SALINA ST STE 102 SYRACUSE N Y 13202 , ROOM 4008 BUILDING B NO 140-214 YINGBIN ROAD LUOPU STREET PANYUDI STRICT GUANGZHOU CITY 511400 ,AUBAGNE INC,572 S SALINA ST STE 102 SYRACUSE N Y 13202 ,,"CN, CHINA",,"SHENZHEN,YANTIAN","HOUSTON,TX",270300,CAT LITTER BOX,NO MARKS,435.0,CTN,5942.0,0.0,GUGWMC251200357,OOCU7789674,
2026-01-04,美国,中国,SINLEY TRADE INC,GUANGZHOU TIANYI INFORMATION TECHNO,15650 DEVONSHIRE ST STE 104GRANADA HILLS CA 91344 GRANADA HILLS CALIFORNIA 91344 US ,ROOM 309 NO 6 WANGGANG INDUSTRIAL 2NDROAD BAIYUN DISTRICT GUANGZHOU GUANGZHOU CN ,N/A,N/A,,"CN, CHINA",,NINGBO,LONG BEACH,481960,STORAGE BOX,NO MARKS,1249.0,CTN,20300.0,0.0,STNDSTL25086959,MATU4629851,
2026-01-04,美国,中国,IKEA SUPPLY AG,EXTRA LIGHT GUANGZHOU ELECTRICAL CO LTD,4762 BORUSAN RD BAYTOWN USTX 77523 BAYTOWN TX 77523 US, LONGQI INDUSTRIAL DISTRICT SHA WAN GUANGZHOU 44 511483 CN ,IKEA PURCHASING SERVICES US INC, 2200 RENAISSANCE BLVD SUITE 400 KI NG OF PRUSSIA PA PA 19406 US ,,"CN, CHINA",,"SHENZHEN,YANTIAN","HOUSTON,TX",940510,"LUMINAIRES AND LIGHTING FITTINGS INCLUDING SEARCHLIGHTS AND SPOTLIGHTS AND PARTS THEREOF, NOT ELSEWHERE SPECIFIED OR INCLUDED; ILLUMINATED SIGNS, ILLUMINATED NAMEPLATES AND THE LIKE, HAVING A PERMANENTLY FIXED LIGHT SOURCE, AND PARTS THEREOF NOT ELSEWHERE SPECIFIED OR INCLUDED - ELECTRIC TABLE, DESK, BEDSIDE OR FL CHANDELIERS AND OTHER ELECTRIC CEILING OR WALL LIGHTING FITTINGS, EXCLUDING THOSE OF A KIND USED FOR LIGHTING PUBLIC OPEN SPACES OR THOROUGHFARES : OTHER AND RANARP N WORK LAMP B/ TOTAL PALLETS: / TOTAL PIECES: SHIPPER S DESIRE TO STATE THAT SHIPMENT ID : -TSO-S CONSIGNMENT : -SUP-SZ OOR-STANDING LUMINAIRES - DESIGNED FOR USE SOLELY WITH LIGHT-EMITTING DIODE (LED) LIGHT SOURCES AND NYMANE FLR LMP W -SPOT WHITE NA SH IPPER S DESIRE TO STATE THAT SHIPMENT ID : -TSO-S CONSIGNMENT : -SUP-SZ",NO MARKS,124.0,PCS,579.0,11582.0,ONEYSZPFY7402802,TRHU4268500,
2026-01-04,美国,中国,STYLE ON ME APPAREL INC,GUANGZHOU LINGCUI CLOTHING CO LTD,1317 N V ST SPC 120 LOMPOC CA 9343 6 USA , A BUILDING NO 2 JIUYU ROAD JIUYU VILLAGE XINTANG GUANGDONG CHINA ,FASHION & PEOPLE INC,4641 PACIFIC BLVD VERNON CA 90058 USA ,,"CN, CHINA",,SHANGHAI,LONG BEACH,640520,WOMEN WOVEN VEST WOMEN WOVEN PANTS,NO MARKS,411.0,CTN,4255.0,0.0,GFSHSHA51211380,MATU4544501,
2026-01-04,美国,中国,HANHAI COMMERCE INC,FENGYI GUANGZHOU INTERNATIONAL E C D,5780 SOESTERN COURT UNIT B CHINO CA91710 CHINO CALIFORNIA 91710 US ,ROOM 406 NO 40 DAJINZHONG RD JINGTAISTREET BAIYUN DISTRICT GUANGZHOU GD CHINA GUANGZHOU CN ,N/A,N/A,,"CN, CHINA",,SHANGHAI,LONG BEACH,610821,KNIT WOMEN S PANTS,NO MARKS,375.0,CTN,5015.0,0.0,SXCOSHE25123425,OOCU4825227,
2026-01-04,美国,中国,YHZ BUSINESS INC,GUANGZHOU GANCAN TRADE CO LTD,11625 SW SETTLER WAY BEAVERTON OR 97008 BEAVERTON OREGON 97008 US , SHOP 51 NO 34 QIUYUE STREET QIAO CHENG ROAD HAIZHU DISTRICT GUANGZH OU CITY GUANGZHOU CN ,N/A,N/A,,"CN, CHINA",,"SHENZHEN,YANTIAN",LONG BEACH,481960,STORAGE BOX HS CODE:,NO MARKS,955.0,CTN,14688.0,0.0,SKEMZG2512130089,FSCU8754515,
2026-01-04,美国,中国,THILLAY INC,GUANGZHOU DINGHONG TRADE CO LTD,208 N BROADWAY STE 450 BILLINGS MT 59101 , ROOM 320 NO 1 JIANGXIA NORTH MIDDL E ROAD BAIYUN DISTRICT GUANGZHOU CHINA ,THILLAY INC,208 N BROADWAY STE 450 BILLINGS MT 59101 ,,"CN, CHINA",,QINGDAO,"NEW YORK,NY",820411,LUNCH BOX,NO MARKS,1179.0,CTN,12097.0,0.0,QZIAZSF4429600,TIIU4242516,
2026-01-04,美国,中国,MERCI GLOBAL TRADE INC,GUANGZHOU WELLSON TRADE CO LTD,ADD:15 METROTECH CENTER BROOKLYN NY 11201 USA , ADD:NO 73 YINGJIANG MIDDLE ROAD DASHI SUB-DISTRICT PANYU DISTRICT GUANGZHOU CHINA ,MERCI GLOBAL TRADE INC,ADD:15 METROTECH CENTER BROOKLYN NY 11201 USA ,,"CN, CHINA",,"SHENZHEN,YANTIAN",LONG BEACH,392690,PLASTIC BEADS HS:,NO MARKS,995.0,CTN,13510.0,0.0,HYSLFSZX12251269,OOLU9336816,
2026-01-04,美国,中国,AURORA FLOWING INC,GUANGZHOU MIZI TECHNOLOGYCO LTD,502 W 7TH ST STE 100 ERIE PA 16502 ERIE US 4122136068 , 508 BUILDING A HUIJIN PLAZA HELONG STREET BAIYUN DISTRICT GUANGZHOU CITY GUANGDONG PROVINCE ,AURORA FLOWING INC,502 W 7TH ST STE 100 ERIE PA 16502 ERIE US 4122136068 ,,"CN, CHINA",,SHANGHAI,LOS ANGELES,901310,APPEARANCE PARTS CAR LIGHT APPEARANCE PARTS CAR LIGHT EXTERNAL PARTS OF THE VEHICLE NACELLE PAPER BOX @ AURORA-FLOWING@OUTLOOK.COM @@ AURORA-FLOWING@OUTLOOK.COM,. . . THE SAME THE SAME THE SAME,476.0,CTN,2985.0,0.0,EGLV142503791426,EGHU9259886,
2026-01-04,美国,中国,KO AUTO BODY LLC,GUANGZHOU FULLE HEALTH TECHNOLOGY C,9625 MASON AVE STE 8B CHATSWORTH CA91311 ,420 4TH FLOOR OFFICE BUILDIN G HONGCHENG BUSINESS CENTER NO 6 FENGGANG ROAD BAIYUN DISTRICT GU,KO AUTO BODY LLC,9625 MASON AVE STE 8B CHATSWORTH CA91311 ,,"CN, CHINA",,"SHENZHEN,YANTIAN",LONG BEACH,851621,STORAGE RACK,NO MARKS,840.0,CTN,13193.0,0.0,GSDRHZMJ7413080,TGBU8729859,
2026-01-04,美国,中国,FUYAO GLASS AMERICA INC,GUANGZHOU FUYAO GLASS CO LTD,2801 W STROOP ROAD DAYTON OHIO 4 5439 USA , NO 1 XINYAO SOUTH ROAD XI NTANG TOWN ZENGCHENG DISTRICT G UANGZHOU GUANGDONG CHINA ,FUYAO GLASS AMERICA INC,2801 W STROOP ROAD DAYTON OHIO 4 5439 USA ,,"CN, CHINA",,SHANGHAI,LONG BEACH,700721,LAMINATED SAFETY GLASS WITH ENCAPSULATION FRAME G AL FRONT PANEL AUTOMOTIVE SAFETY LAMINA TED GLASS ROOF FRONT REAR AUTOMOTIVE TEMPEREDSAFETY GLASS FIXED_GLASS_FD_LH AUTOMOTIVE TE MPERED SAFETY GLASS FIXED_GLASS_FD_RH,GZFYR1T202501219KC,45.0,PKG,7237.0,144740.0,TXSLJWSZ25120052,MATU2777510,
2026-01-04,美国,中国,SEA HORSE TECHNOLOGY INC,GUANGZHOU XUNYUEDA TECHNOLOGY LIMIT A,17800 CASTLETON ST # 215 CITY OF INDUSTRY CA UNITED STATES ,UNIT 319-322 NO 3 TANGDON GUANGZHOU GD CHINA ,SEA HORSE TECHNOLOGY INC,17800 CASTLETON ST # 215 CITY OF INDUSTRY CA UNITED STATES ,,"CN, CHINA",,"SHENZHEN,YANTIAN",LONG BEACH,392010,PLASTIC MAT SHIPPER STATES THAT THIS SHIPMENT CONTAINS NO SOLID WOODEN PACKAGE,NO MARKS,957.0,CTN,13854.0,0.0,OOLU2038323362,BEAU6077157,
2026-01-04,美国,中国,BECKETT AIR INC,GUANGZHOU KWONG FAI RUBBER PLASTIC & METAL PRODUCTS LIMITED,37850 BECKETT PKWY NORTH RIDGEVILLE OH 44039-364 US , NO 17 FU CONG ROAD CONGHUA ECON DEVELOPMENT ZONE GUANGZHOU 510990 CN ,BECKETT AIR INC,37850 BECKETT PKWY NORTH RIDGEVILLE OH 44039-364 US ,,"CN, CHINA",,"SHENZHEN,YANTIAN",LOS ANGELES,732290,RUBBER PARTS (CROSS-FLOW BLOWER WHEEL) PLTS= CTNS .,BECKETT AIR PO# 21477 PN# 38901-03 QTY: PCS CTN# 37-108,72.0,CTN,596.0,0.0,BANQ1071205847,SELU4145066,
2026-01-04,美国,中国,GUANGZHOU SOUGLE,GUANGZHOU HAOLIN HOUSEWARE CO LTD,14955 LIMONITE AVENUE UNIT 17 EASTVALE CA UNITED STATES 92880, ROOM 03 6TH FLOOR GAOSHENG SQUARE BUILDING 3 NO 163 YINGBIN AVENUE GUANGZHOU CHINA 510000 ,GRAND OCEAN CUSTOMS BROKERAGE INC,801 S GARFIELD AVE SUITE#301 ALHAMBRA CA 91801 ALHAMBRA CA UNITED STATES ,,"CN, CHINA",,"SHENZHEN,YANTIAN","HOUSTON,TX",848340,"BAG MAKING MACHINE,HS CODE: ;ENGRAVED ROLLER,HS CODE:",AS ADDRESSED,29.0,CTN,8395.0,0.0,KFUNTCS8YPB12171,YMLU8816524,
2026-01-04,美国,中国,NZRTHWAND TERPRASE INC,GUANGZHOU JUYUECHENG TRADE CO LTD,149 MADISON AVE NUM 303 NEW YO RK NY 10016 , GUANGZHOU BAIYUN DISTRICT JIANGXIAM IZ CREATIVE PARK C BUILDING 502 ,NZRTHWAND TERPRASE INC,149 MADISON AVE NUM 303 NEW YO RK NY 10016 ,,"CN, CHINA",,"SHENZHEN,YANTIAN",LONG BEACH,900490,PROTECTIVE CASE,NO MARKS,986.0,CTN,16330.0,0.0,LTDKLT2025120436,BMOU5060880,
2026-01-04,美国,中国,NEBULACREST INC,GUANGZHOU SHENDIANWEI TRADE CO LT,15040 SEVENTH ST #1010 VICTORVILL E CA 92395 CUS VICTORVILLE US , ROOM 4008 BUILDING B NO 140-214 YINGBIN ROAD LUOPU STREET PANYU D ISTRICT GUANGZHOU CITY 511 CN ,N/A,N/A,,"CN, CHINA",,SHANGHAI,Savannah,851830,PHONE CASE,NO MARKS,1079.0,CTN,13909.0,0.0,CGLSCSH25111044,OOCU9017941,
2026-01-04,美国,中国,ANNAFLOW CO LTD,GUANGZHOU HEHUIDAO ELECTRONIC TRADE CO LTD, 418 BROADWAY STE R ALBANY NY 12207 , 1ST FLOOR BUILDING 11 WE ST DISTRICT HEBIAN FIVE SOCIETIES HEBIAN STREET BAIYUN DISTRICT ,ANNAFLOW CO LTD, 418 BROADWAY STE R ALBANY NY 12207 ,,"CN, CHINA",,SHANGHAI,LONG BEACH,853990,"WALL LAMP,PENDANT LAMP,TABLE LAMP,CEILING LAMP , , THIS SHIPMENT CONTAINS NO SOLID WOOD PACKING MATERIALS.",. .,902.0,CTN,6297.0,0.0,PIAHSZF2512213,MATU4594328,
2026-01-04,美国,中国,BALAJI TRADE INC,GUANGZHOU MODENG INTELLIGENT TECHNO,4850 EUCALYPTUS AVE CHINO CA 91710 PHONE:909-444-7999 EIN#: 20- 525-4978 , NO 8152 NO 109 HUANHUA ROAD LIWAN DISTRICT GUANGZHOU OFFICE ONLY ,BALAJI TRADE INC,4850 EUCALYPTUS AVE CHINO CA 91710 PHONE:909-444-7999 EIN#: 20- 525-4978 ,,"CN, CHINA",,"SHENZHEN,YANTIAN",LOS ANGELES,292130,SPEAKER THIS SHIPMENT DOES NOT CONTAIN ANY S OLID WOOD PACKING MATERIALS.,ZIZO,562.0,CTN,7370.0,0.0,OERT210701Y01923,CMAU7577344,
2026-01-04,美国,中国,VRAN RAAT INC,GUANGZHOU MOVIE POWER TECHNOLOGY CO,250 PARK AVE SUITE 1901 NEW YORK NEW YORK 10177 US ,A101 NO 42-1 SHIXIN ROAD DONGHUAN STREET PANYU DISTRICT GUANGZHOU CN ,VRAN RAAT INC,250 PARK AVE SUITE 1901 NEW YORK US ,,"CN, CHINA",,"SHENZHEN,YANTIAN",LONG BEACH,340700,AMUSEMENT GAME MACHINES,NO MARKS,9.0,PKG,5000.0,0.0,CWQGCGS251202741,OOCU6299939,
2026-01-04,美国,中国,ELIAS POLANCO TIJERAS BARBERSHOP,GUANGZHOU CITY QIZHUO IMPORT & EXPORT TRADE,8400 NW 27 AVE A1107 MIAMI FL 33147,TAIHE TOWN BAIYUN AREA GUANGZHOU CI ,ELIAS POLANCO TIJERAS BARBERSHOP,8400 NW 27 AVE A1107 MIAMI FL 33147,,"CN, CHINA",,"SHENZHEN,YANTIAN",MIAMI,842860,BARBER CHAIR,ELIAS MIAMI USA,10.0,PKG,1213.0,10.0,IFSNMIA25A28272,XHCU5634220,
2026-01-04,美国,中国,ALICORN PHOENIX LLC,GUANGZHOU YUETU IMPORT & EXPORT C,11242 W HARRISON ST AVONDALE AZ 8 5323 , NO 63 NAN&APOS;AN ROAD LIWAN DIST RICT GUANGZHOU CITY 1105-3 9144010 1MA5CJQ3E5B ,T LINK LOGISTICS INC,ADDRESS: 13901 YORBA AVE CHINO C A 91710 ,,"CN, CHINA",,"SHENZHEN,YANTIAN",LONG BEACH,390760,PLASTIC BOTTLE,NO MARKS,757.0,CTN,13506.0,0.0,GSDRHZMSH813520,CSGU6710762,
2026-01-04,美国,中国,LIBERTY TRADE SOLUTIONS LLC,GUANGZHOU JISU TONG INTERNATIONAL SUPPLY CHAIN MANAGEMENT CO LTD,3534 PHILADELPHIA ST CHINO CA 9171 0 , 5 TH FLOOR BUILDING 8 DYNAMIC WANGGANG CREATIVE PARK JIAHE WANGGANG BA ,LIBERTY TRADE SOLUTIONS LLC,3534 PHILADELPHIA ST CHINO CA 9171 0 ,,"CN, CHINA",,"SHENZHEN,YANTIAN","HOUSTON,TX",940140,FABRIC SOFA,NO MARKS,140.0,CTN,7000.0,0.0,GSDRHZMJR004929,FFAU2878620,
2026-01-04,美国,中国,PAISANO S DE RL DE CV,GUANGZHOU DONGLU INNOVATION TECHNOLOGY CO LTD, CALLE MIGUEL ALEMAN VALDEZ#2727 INTERIOR 3 COLONIA AMERICATIJUANA BA JA CALIFORNIA MEXICO , ROOM 612 181 YUN CHENG SOUTH 2ND ROAD SANYANLI STREET BAIYUN DISTRICT ,GANN GROUP,CORP 2323 AVENIDA COSTA ESTE SUITE 300 SAN DIEGO CA 92154 US92154 ,,"CN, CHINA",,"SHENZHEN,YANTIAN","HOUSTON,TX",848220,PLASTIC CUP,TCS468762974195,961.0,CTN,18254.0,365080.0,CHIASEF251210430,CSNU7062196,
2026-01-04,美国,中国,MOONLIGHT SHINY INC,GUANGZHOU JIN FASHION LIMITED,6115 MALBURG WAY LOS ANGELES LOS ANGELES 90058 US , THE 6TH FLOOR BUILDING 5 JINHUAME IINDUSTRIAL PARK NO 2 DEVELOPMENT SOUTH ROAD GUANGZHOU CN ,N/A,N/A,,"CN, CHINA",,SHANGHAI,LONG BEACH,640520,WOMEN TOP,INTERMARKET,4239.0,CTN,9311.0,0.0,SGNNSTSE25121616,TCNU4197779,
2026-01-04,美国,中国,SUMMIT TRADE INC,GUANGZHOU NEW STORY TRADE CO LTD,1401 21ST ST STE R SACRAMENTO CA 9 5811 , ROOM 2203 NO 13 ZEXI STREET HANXI VILLAGE ZHONGCUN STREET PANY U DISTRICT GUANGZHOU CITY ,N/A,N/A,,"CN, CHINA",,"SHENZHEN,YANTIAN",LONG BEACH,481960,STORAGE BOX,NO MARKS,1029.0,CTN,14996.0,0.0,TWXAGTLSE2512058,OOLU9609232,
2026-01-04,美国,中国,FUTURE TRADE INC,GUANGZHOU ISSYZONE TECHNOLOGY CO,13350 ARVIDSON RD CHINO CALIFORNIA 91710 US ,L UNIT J101 NO 31 FIFTH XICHA ROAD BAIYUN DISTRICT GUANGZHOU CN ,N/A,N/A,,"CN, CHINA",,"SHENZHEN,YANTIAN",LONG BEACH,853990,LAMP HS CODE,NO MARKS,788.0,PKG,10580.0,0.0,FEVMSZXF25120663,CAAU8015407,
2026-01-04,美国,中国,TRADEVISTA TRADE INC,GUANGZHOU ZIYU TRADE CO LTD,65 E 55TH STREET NEW YORK NY 1002 2 , 728 SHIBE INDUSTRIAL ROAD DASHI SU B-DISTRICT PANYU DISTRICT GUANGZH OU CHINA ,TRADEVISTA TRADE INC,65 E 55TH STREET NEW YORK NY 1002 2 ,,"CN, CHINA",,"SHENZHEN,YANTIAN",LONG BEACH,820411,PLASTIC BOX,NO MARKS,819.0,CTN,10200.0,0.0,GSCCMJ25121320,EMCU8914139,
2026-01-04,美国,中国,DZRK SUN COMMERCE CO LTD,GUANGZHOU HEHEBA TRADE CO LTD, 4558 BRAZIL ST LOS ANGELES CA 900 39 LOS ANGELES CALIFORNIA 90039 US , ROOM A102 FUN CREATIVE COMMUNITY NO 371JIANPENG ROAD HELONG STREET BAIYUN DISTRICT GUANGZHOU CN ,N/A,N/A,,"CN, CHINA",,"SHENZHEN,YANTIAN",LONG BEACH,940540,OUTDOOR LIGHTING FIXTURES HS CODE:,NO MARKS,2034.0,CTN,6194.0,0.0,SKEMDS2512150023,OOCU5911145,
2026-01-04,美国,中国,VALPARAISO INC,GUANGZHOU HEHEBA TRADE CO LTD,1323 NW 16TH AVE STE 1008 PORTLAND OR 972091-909-481-8999 , ROOM A102 FUN CREATIVE COMMUNITY N O 371 JIANPENG ROAD HELONG STREET BAIYUN DISTRICT GUANGZHOU ,ARYXALOR BRYXALOR CYXALITH INC,233 E MAIN ST STE 207 BOZEMAN MT 5 97151-909-481-8999 ,,"CN, CHINA",,SHANGHAI,LONG BEACH,630252,TABLECLOTH HS CODE THROW PILLOW HS CODE THIS SHIPMENT CONTAIN NO SOLID WOODEN PACKAGE.,NO MARKS,1031.0,CTN,14119.0,282380.0,EMUWEKSM25121617,EITU1130487,
2026-01-04,美国,中国,AQUA MARINE LOGISTICS USA,GUANGZHOU QINGHAN ELECTRONIC TEC SELF EDITED A,4063 TEMPLE CITY BLVD ,ROOM 501 BUILD 3 ,AQUA MARINE LOGISTICS USA,4063 TEMPLE CITY BLVD,,"CN, CHINA",,NINGBO,LOS ANGELES,650510,WATERPROOF CLOTH SHADE NETS,NO MARKS,1083.0,CTN,17330.0,0.0,UULNQD251202084,OOLU9566676,
2026-01-04,美国,中国,PACIFIC IMPORT & EXPORT INC,GUANGZHOU PHANTOM INTERNATIONAL TRADE CO LTD,ADD5900 BALCONES DR STE 100 AUSTIN TX 78731 , BAIYUN DISTRICT GUANGZHOU CHINA ,PACIFIC IMPORT & EXPORT INC,ADD5900 BALCONES DR STE 100 AUSTIN TX 78731 ,,"CN, CHINA",,SHANGHAI,LONG BEACH,851829,SPEAKER,NO MARKS,875.0,CTN,14719.0,0.0,YQNLSHSE3921136,MATU2680807,
2026-01-04,美国,中国,MIXWARE INTERNATIONAL LLC,GUANGZHOU AITES OPTOELECTRONICS CO LTD,DBA COLOR KEY 3086 W POST RD LAS VEGAS NV 89118 USA , NO 390 SANYUAN SOUTH ROAD NANGANG VILLAGE JIANGGAO TOWN BAI YUN DISTRICT GUANGZHOU CITY 510450 ,MIXWARE INTERNATIONAL LLC,DBA COLOR KEY 3086 W POST RD LAS VEGAS NV 89118 USA ,,"CN, CHINA",,"SHENZHEN,YANTIAN",LOS ANGELES,190219,VORTYX FAZE (EU),COLORKEY,25.0,CTN,563.0,0.0,TQPI2512273941C,HASU4362299,
2026-01-04,美国,中国,NEBULACREST INC,GUANGZHOU SHENDIANWEI TRADE CO LT,15040 SEVENTH ST #1010 VICTORVILL E CA 92395 VICTORVILLE US , ROOM 4008 BUILDING B NO 140-214 YINGBIN ROAD LUOPU STREET PANYU DI STRICT GUANGZHOU CITY 511400 CN ,N/A,N/A,,"CN, CHINA",,"SHENZHEN,YANTIAN","HOUSTON,TX",851830,PHONE CASE,NO MARKS,1121.0,CTN,16012.0,0.0,CGLSCSZ25111616,CSNU8068286,
2026-01-04,美国,中国,TGS CONCEPTS,GUANGZHOU SENBOMA ARTWARE CO LTD,5653 1 2 HOLLYWOOD BLVD STE 8, 5F NO 4 ROAD 1 CHONGKOU INDUSTRIAL REGION DASHI ,N/A,N/A,,"CN, CHINA",,QINGDAO,LOS ANGELES,350610,NAIL GLUE,NO MARKS,4200.0,CTN,2184.0,0.0,NAQAGLAX5281561V,SZLU5091412,
2026-01-04,美国,中国,BEILO E STORE CO,GUANGZHOU SUOGLE TECHNOLOGY CO LTD,14955 LIMONITE AVE EASTVALE CA 92880 EASTVALE CA 92880 US EASTVALE CA92880 US , RM606-611 BULDING #3 GAOSHENG PLAZANO 163 YINGBIN AVENUE HUADU GUANGZHOU 510800 CN GUANGZHOU 510800 CN ,N/A,N/A,,"CN, CHINA",,"SHENZHEN,YANTIAN",LONG BEACH,392062,PE POLY BUBBLE MAILER,NO MARKS,721.0,CTN,4270.0,0.0,SDZHSE25120320,CSNU5866934,
2026-01-04,美国,中国,KIMIS WHOLESALE INC,CARIBBEAN GUANGZHOU TRADE CO,88 PARKWAY NORTH CHILI NY 14514 ,L ROOM 906B 9/F NO 585 AIRPORT ROAD TANGJING STREET BAIYUN DISTRICT GUA NGZHOU GUANGDONG CHINA ,FASHION NOVA,12588 FLORENCE AVE SF SPRINGS CA90 670 UNITED STATES,,"CN, CHINA",,"SHENZHEN,YANTIAN",LONG BEACH,640520,WOMEN WOVEN SKIRT WOMEN WOVEN JUMPSUIT WOMEN WOVEN TOP WOMEN WOVEN VEST,NO MARKS,836.0,CTN,7524.0,0.0,QAAWSZAD12009464,SEGU6833343,
2026-01-04,美国,中国,SUNWEI TRADE CO LTD,DAWEI GUANGZHOU TECHNOLOGY CO, C/O FBA 650 BOULDER DR ,L TDROOM 502 266 KEFENG ROAD ,N/A,N/A,,"CN, CHINA",,QINGDAO,"NEW YORK,NY",701090,HEART-SHAPED GLASS JAR ROUND GLASS JAR WITH THICK LID AIRTIGHT JAM JAR WIDE MOUTH GLASS JAR GLASS BOTTLE WITH GRADUATED LINE SQUARE GLASS JAR WITH WIDE MOUTH GLASS JAR FOR STORAGE GLASS JAR FOR LAUNDRY GLASS JAR FOR BULK STORAGE GLASS JAR WITH HANDLE MASON JAR WIDE MOUTHED MASON GLASS BOTTLE MILK BOTTLE WITH LID WATER GLASS JAR WIDE MOUTH MASON JAR ROUND MASON GLASS BOTTLE ROUND MASON GLASS BOTTLE WITH LID PLASTIC COVER,NO MARKS,924.0,CTN,13310.0,0.0,AMZDCN25LUULYYH3,MSMU8353818,
2026-01-04,美国,中国,MERCI GLOBAL TRADE INC,GUANGZHOU WELLSON TRADE CO LTD,ADD: 15 METROTECH CENTER BROOKLYN NY 11201 USA , ADD: NO 73 YINGJIANG MIDDLE ROAD DASHI SUB-DISTRICT PANYU DISTRICT GUANGZHOU CHINA ,MERCI GLOBAL TRADE INC,ADD: 15 METROTECH CENTER BROOKLYN NY 11201 USA ,,"CN, CHINA",,"SHENZHEN,YANTIAN",LONG BEACH,851830,PHONE CASE HS CODE:,NO MARKS,959.0,CTN,14790.0,0.0,HYSLFSZX12251365,OOCU6797090,
2026-01-04,美国,中国,ELITE INDUSTRIAL INC,GUANGZHOU FUYOU IMPORT & EXPORT TRADE CO LTD,36 S 18TH AVE STE DBRIGHTON CO 806 0180601 , ROOM 605 RONGHUIB UILDING NO 302 ZHICHENG AVENUE G UANGZHOU ECONOMIC AND ,ELITE INDUSTRIAL INC,36 S 18TH AVE STE DBRIGHTON CO 806 0180601 ,,"CN, CHINA",,"SHENZHEN,YANTIAN",LONG BEACH,950440,CONGRATUL ATION CARDS,NO MARKS,960.0,CTN,11769.0,235380.0,CHIASEF251216482,OOLU9873815,
2026-01-04,美国,中国,ASCO POWER TECHNOLOGIES LP,JABIL CIRCUIT GUANGZHOU LTD,10700 MATADOR DRIVE STE 400,NO 128 JUNCHENG RD EAST ZONE ECONOMIC AND TECH DEVELOPMENT Z ,N/A,N/A,,"CN, CHINA",,"SHENZHEN,YANTIAN","HOUSTON,TX",610910,CTNS = PLTSPOWER CONTROLLER (MANU# - CP GRP - V)SHIPPER DECLARE THA T THIS SHIPMENT DOES NOT CONTAIN ANY SOLID WOOD PACKING MATERIALS,NO MARKS,432.0,CTN,2633.0,0.0,DFDSDSV1114653,ONEU2176633,
2026-01-04,美国,中国,EMOTIVA AUDIO CORP,GUANGZHOU TONEWINNER ELECTRONICS CO, 135 SE PARKWAY COURT ,NO 1 HONGSHENG 3 ROAD DASHI PANYU ,EMOTIVA AUDIO CORP, 135 SE PARKWAY COURT ,,"CN, CHINA",,"SHENZHEN,YANTIAN",LOS ANGELES,851850,SOUND AMPLIFICATION APPARATUSHS CODE:,EMOTIVA,943.0,CTN,11790.0,0.0,LISTSZX000280719,CMAU9425947,
2026-01-04,美国,中国,PAISANO S DE RL DE CV,GUANGZHOU DONGLU INNOVATION TECHNOLOGY CO LTD, CALLE MIGUEL ALEMAN VALDEZ #2727INTERIOR 3 COLONIA AMERICA TIJUANA BAJA CALIFORNIA MEXICO CP 22044 , ROOM 612 181 YUN CHENG SOUTH 2ND ROAD SANYANLI STREET BAIYUN DISTRICT ,GANN GROUP,CORP 2323 AVENIDA COSTA ESTE SUITE 300 SAN DIEGO CA 92154 US92154 ,,"CN, CHINA",,"SHENZHEN,YANTIAN","HOUSTON,TX",871493,WHEEL HUB,TCS401343326330,743.0,CTN,12115.0,242300.0,CHIASEF251211216,TEMU8045080,
2026-01-04,美国,中国,QUETZAL GLOBAL SA DE CV,GUANGZHOU MEIMO SUPPLY CHAIN CO LT, DEPARTAMENTO 703 34 BS EDIFICIO II MARQUEZSTERLING CENTRO AREA 1 CUA UHTEMOC CIUDAD DISTRITO FEDERALMX , ROOM 811 LITRONG BLD MAOGANG ROADHUANGPU DISTRICT GUANGZHOU GUANGZHOU CN ,LZT GLOBAL LOGISTICS,17560 ROWLAND ST CITY OF INDUSTRY CA CA US ,,"CN, CHINA",,"SHENZHEN,YANTIAN",LONG BEACH,842611,LIGHT BEDSIDE ARMRESTS SUPPORT TANK,NO MARKS,1149.0,CTN,17060.0,0.0,SMCMSZX25120253,CXDU2197081,
2026-01-04,美国,中国,MATISSE FOOTWEAR INC,GUANGZHOU XIRAN COSMETICS CO LTD,1550 E FRANKLIN AVENUE EL SEGUNDO CA 90245 , NO77-1 FENGXIANG MIDDLE ROAD JIANGGAO TOWN GUANGZHOU GUANGDONG ,MATISSE FOOTWEAR INC,1550 E FRANKLIN AVENUE EL SEGUNDO CA 90245 ,,"CN, CHINA",,"SHENZHEN,YANTIAN",LOS ANGELES,440200,SKINAESTHETICS.CHARCOAL &TEA TREE NOSE STRIPS- PACK SKIN . CHARCOAL & TEA TREE NOSE STRIP - PACK SKIN . WIPES - PACK CLEAR BEAUTY PK WIPESSKIN . :FACIAL WIPES PACK -CUCUMBER,TF-40.0NS01 TF-40.0NS02 TF-48 .0FW02 TF-60 .0FW05TF-66.0FW01,3600.0,CTN,34480.0,0.0,TXMNMZEH2501,"BEAU5231503,ONEU6218315",
2026-01-04,美国,中国,WEI HAOFEN INC,GUANGZHOU TUFU TRADE CO LTD,177 W HIGHWAY 40 BYERS CO 80103 CO 80103 US , ROOM 2411 NO 5 HUANGPU EAST ROAD HUANGPU DISTRI GUANGZHOU CN ,WEI HAOFEN INC,177 W HIGHWAY 40 BYERS CO 80103 CO US ,,"CN, CHINA",,SHANGHAI,LONG BEACH,621149,WOMEN S JACKET,NO MARKS,1470.0,CTN,16274.0,0.0,YJIFJY3749836,MATU4602300,
2026-01-04,美国,中国,DIOCESE INC,GUANGZHOU SHENDIANWEI TRADE CO LT,9410 BUNSEN PKWY STE 320 LOUISVILLEKY 40220 LOUISVILLE US , ROOM 4008 BUILDING B NO 140-214 YINGBIN ROAD LUOPU STREET PANYU DIS TRICT GUANGZHOU GUANGDONG CHI CN ,DIOCESE INC,9410 BUNSEN PKWY STE 320 LOUISVILLEKY 40220 LOUISVILLE US ,,"CN, CHINA",,NINGBO,LOS ANGELES,270300,CAT LITTER BOX,NO MARKS,540.0,PCS,6021.0,0.0,SQHNSHZG25120072,FFAU1275880,
2026-01-04,美国,中国,VIMONDE S A DE C V,GUANGZHOU HENGYU E COMMERCE CO LTD, COLONIA FLORIDA ALVARO OBREGON CIUDAD DE MEXICO MEXICO CP 01030 , 13-2 SHA FENG XI JIE BAIYUN DISTRICT GUANGZHOU CITY ,GANN GROUP,CORP 2323 AVENIDA COSTA ESTE SUITE 300 SAN DIEGO CA 92154 US ,,"CN, CHINA",,"SHENZHEN,YANTIAN","HOUSTON,TX",151000,PLASTIC FOOD CONTAINER SHOE BOX SEASONING JAR,NO MARKS,1576.0,CTN,17230.0,0.0,YQNLGZSE3892924,ECMU8098740,
2026-01-04,美国,中国,CONERY MFG 1380 ENTERPRISE,GUANGZHOU KAILITECH ELECTRONICS CO LTD, PARKWAY , JINGQUAN YIROAD YONGHE ECONOMIC ZONE OF GETDD ,N/A,N/A,,"CN, CHINA",,"SHENZHEN,YANTIAN",LONG BEACH,710410,PIEZO RINGER,CONERY,11.0,CTN,160.0,0.0,SCQHSZXSEC000162,EITU1478549,
2026-01-04,美国,中国,MEI LIKA INDUSTRIAL INC,GUANGZHOU XUNYUEDA TECHNOLOGY LIMIT A,141-07 20TH AVE WHITESTONE NY UNITED STATES ,UNIT 319-322 NO 3 TANGDON GUANGZHOU GD CHINA ,MEI LIKA INDUSTRIAL INC,141-07 20TH AVE WHITESTONE NY UNITED STATES ,,"CN, CHINA",,"SHENZHEN,YANTIAN",LONG BEACH,392010,PLASTIC MAT SHIPPER STATES THAT THIS SHIPMENT CONTAINS NO SOLID WOODEN PACKAGE,NO MARKS,876.0,CTN,13000.0,0.0,OOLU2038323360,OOLU6763157,
2026-01-04,美国,中国,YHZ BUSINESS INC,GUANGZHOU COUNSELOR TRADE CO LT,11625 SW SETTLER WAY BEAVERTON OR 97008 BEAVERTON OREGON 97008 US , ROOM 313 NO 2 YUNQUANZHI STREET GUANGYUAN EASTROAD YUEXIU DISTRICT GUANGZHOU CITY GUANGZHOU CN ,N/A,N/A,,"CN, CHINA",,"SHENZHEN,YANTIAN",LONG BEACH,701391,DECOR TRAY HS CODE:,NO MARKS,1074.0,CTN,9979.0,0.0,SKEMZG2512120083,CSGU6700002,
2026-01-04,美国,中国,ANTICYCLONE INC,GUANGZHOU SHIMA TECHNOLOGY CO LTD,8735 DUNWOODY PL STE N ATLANTA GA 30350 EIN 33-4935398 ATLANTA GA US , ROOM 1101 T4 TIANGUI ROAD NO 103 GUANGZHOU HUADU GUANGDONG 51080 3 CN GUANGZHOU CN ,ANTICYCLONE INC,8735 DUNWOODY PL STE N ATLANTA GA 30350 EIN 33-4935398 ATLANTA GA US ,,"CN, CHINA",,QINGDAO,LONG BEACH,910610,WOODEN DECORATIVE PANEL THERE ARE DAYS FREE TIME AT DESTINATION,251203E,1022.0,CTN,14580.0,0.0,THGLQDA25120301,FCIU9594500,
2026-01-04,美国,中国,NICKELS AND DIMES INC,GUANGZHOU WAKEE AMUSEMENT TECHNOLOG D,1844 N PRESTON ROAD CELINA TX UNITED STATES 75009 ,BLOCK XINLI TOWER #6 XINSHUIKENG SECTION SHIXIN ROAD PANYU DISTRIT GUANGZHOU511400 ,FUN HOOPS INC,500 N ATLANTIC BLVD # 162 MONTEREY PARK CA UNITED STATES 91754 ,,"CN, CHINA",,"SHENZHEN,YANTIAN",LOS ANGELES,290362,AMUSEMENT MACHINE AND PARTS( P LUXURY VERSION/CUTTER/ P ATRIUM VERSION/ P SCOOPER/CLIPPER/GLASS DOOR)HTS:,AS ADDRESSED,33.0,CTN,4910.0,0.0,KFUNA2512280460,MRKU3141259,
2026-01-04,美国,中国,ITY INTERNATIONAL INC,GUANGZHOU ALL SHINE ELECTRONIC TECH,10315 COTE DE LIESSE DORVAL QC H9P ,502 5TH FLOOR NO 64 SONGSHAN ROAD S,BM SUPPLY CHAIN SOLUTIONS,290 RUE BAFFIND D OQC H9A 3G1CANADA ,,"CN, CHINA",,Pusan,"TACOMA,WA",852460,STRIPE MAT BASKET,ITEM NUMBER QTY ITY INTERNATIONAL NYLON PRO DUCTS ITEM NUMBER QUANTITY WEIGHT KGS,979.0,CTN,15580.25,309132.0,MAEU262592625,TCNU3325068,
2026-01-04,美国,中国,LOVELY FRIDAY LLC,GUANGZHOU GUANGSHENG IMPORT & EXPORT TRADE CO LTD,1968 S COAST HWY STE 4949 LAGUNA BEACH CA92651 US , ROOM J190 3RD FLOOR NO 9 KEMULONG SOUTH ROAD TIANHE DISTRICT GUANGZHOUCN ,LOVELY FRIDAY LLC,1968 S COAST HWY STE 4949 LAGUNA BEACH CA92651US ,,"CN, CHINA",,SHANGHAI,LONG BEACH,391000,SILICONE PROTECTOR,NO MARKS,793.0,CTN,14083.0,0.0,FCIFF25D11615LGB,MATU2713536,
2026-01-04,美国,中国,GDM ENTERPRISES LLC,GUANGZHOU JUNLIANHUI IMPORT AND EXP,BA THE LANO CO 3507 SHAWNEE MISSION PARKWAY FAIRWAY KS 66205 USA SHIP TO ADDRESS:CENTERPOINT 11971 GRANDVIEW RD DOOR #D ,ROOM 2206 AREA A NO 31 YUNSAN AVENUE HUADU DISTRICT GUANGZHOU CHINA ,SINO KING TRADE LIMITED, FLAT/RM B 22/F COS CENTRE 56 TSUN YIP STREET KWUN TONG KL HONG KONG ,,"CN, CHINA",,Port of Bellingham,LOS ANGELES,330410,MAKEUP KIT PALETTE MAKEUP KIT PRIMER MAKEUP KIT MASCARA MAKEUP KIT EYE DEFINER MAKEUP KIT POWDER MAKEUP KIT FOUNDATION MAKEUP KIT LIP GLOSS MAKEUP KIT LIP DEFINER FACIAL CLEANSING GELMAKEUP KIT PALETTE MAKEUP KIT PRIMER MAKEUP KIT MASCARA MAKEUP KIT EYE DEFINER MAKEUP KIT POWDER MAKEUP KIT FOUNDATION MAKEUP KIT LIP GLOSS MAKEUP KIT LIP DEFINER FACIAL CLEANSING GEL,MIRABELLAMIRABELLA,971.0,CTN,11550.0,462000.0,SYLCSCAKCK25C001,"TGBU3023216,OOLU9980963",
2026-01-04,美国,中国,SESAME TRADE INC,GUANGZHOU BEI NUO YI TRADE CO,2108 N ST STE N SACRAMENTO CA 9581 6 SACRAMENTO US ,4 /F NO 8 SYNTHETIC SOUTH ROAD SH ILING TOWN HUADU DISTRICT GUANGZH OU CITY GUANGDONG PROVINCE CHI CN ,PRIME EVERY WEEK INC,ADD:9630 OAK ST BELLFLOWER CA 9070 6 BELLFLOWER US ,,"CN, CHINA",,"SHENZHEN,YANTIAN",LONG BEACH,392620,PLASTIC SHELL,NO MARKS,1149.0,CTN,19010.0,0.0,AIVGHZTF2512216,CSLU6069500,
2026-01-04,美国,中国,DIOCESE INC,GUANGZHOU SHENDIANWEI TRADE CO LT,9410 BUNSEN PKWY STE 320 LOUISVILLEKY 40220 , ROOM 4008 BUILDING B NO 140-214 YINGBIN ROAD LUOPU STREET PANYUDI STRICT GUANGZHOU CITY 511400 ,DIOCESE INC,9410 BUNSEN PKWY STE 320 LOUISVILLEKY 40220 ,,"CN, CHINA",,"SHENZHEN,YANTIAN",LONG BEACH,270300,CAT LITTER BOX,NO MARKS,435.0,CTN,5942.0,0.0,GUGWMC251201091,CSNU7002860,
2026-01-04,美国,中国,GUANGZHOU ZHENGYU TRADE CO LTD,SHENZHEN CANXING TECHNOLOGY CO LTD, C /O FBA3300 HOGUM BAY RD NE , B101-202 BUILDING B XINHAO YIDU NO 7018 CAITIAN ROAD LIANHUA YICUN ,N/A,N/A,,"CN, CHINA",,"SHENZHEN,YANTIAN",LOS ANGELES,730421,CAST IRON GRILL GRATES GRILL BURNER GAS PIPE WALL MIRROR WALL MIRROR SHELF BRACKET,NO MARKS,285.0,CTN,4014.0,0.0,AMZDCN25VU5O5OSM,MRSU8542088,
2026-01-04,美国,中国,GLOBAL STORE SUPPLY INC,GUANGZHOU SUOGLE TECHNOLOGY CO LTD,14955 LIMONITE AVE EASTVALE CA 928 80 USA , RM606-611 BUILDING 3 GAOSHENG PLAZANO 163 YINGBIN AVENUE HUADU DISTRI CT GUANGZHOU CITY GUANGDONG CHINA ,GLOBAL STORE SUPPLY INC,14955 LIMONITE AVE EASTVALE CA 928 80 USA ,,"CN, CHINA",,"SHENZHEN,YANTIAN",LONG BEACH,940360,PE COURIER BAG WOODEN HANGER THIS SHIPMENT CONTAINS NO WOOD PACKAGING MATERIALS,NM,1010.0,PCS,9153.0,0.0,RSLCSNAL2512019B,OOCU7324403,
2026-01-04,美国,中国,MOONLIGHT SHINY INC,GUANGZHOU JIN FASHION LIMITED,6115 MALBURG WAY LOS ANGELES CA 90 058 LOS ANGELES CA US , THE 6TH FLOOR BUILDING 5 JINHUAME I INDUSTRIAL PARK NO 2 DEVELOPMEN T SOUTH ROAD LUOPU STREET CN ,N/A,N/A,,"CN, CHINA",,SHANGHAI,LONG BEACH,640520,WOMEN TOP,INTERMARKET,4658.0,CTN,8539.0,0.0,NPSCSELSHA252457,HRZU4357531,
2026-01-04,美国,中国,ELEVEN AUSTRALIA NORTH AMERICA INC,GUANGZHOU BEAVER INDUSTRIAL CO LT,3610 E KEARNEY ST , CHINA INTERNATIONAL CENTER ROOM 1507 TOWER B ,ELEVEN AUSTRALIA NORTH AMERICA INC,3610 E KEARNEY ST ,,"CN, CHINA",,Port of Bellingham,LOS ANGELES,690290,HAIR CARE PRODUCTS PALLETS= CTNS HS CODE PO PO -NA- /PO -NA/PO -NA THIS SHIPMENT CONTAINS NO WOODED PA LLET TARIFF ITEM NUMBER - - FMC REGI,. . .,1021.0,PKG,9353.0,0.0,KWLD38330201229,HAMU1989112,
2026-01-04,美国,中国,GUANGZHOU YICHENG LOCOMOTIVE CO,GUANGZHOU YICHENG LOCOMOTIVE CO,L TD C/O FBA24208 SAN MICHELE RD ,L TDNO 1 DATANG ROAD SONGZHOU STREET ROOM 305 3RD FLOOR NEW BUILDING ,N/A,N/A,,"CN, CHINA",,"SHENZHEN,YANTIAN",LOS ANGELES,741910,BOLTS FLYWHEEL PULLER TOOL CAMSHAFT CLUTCH KIT CHAIN,NO MARKS,32.0,CTN,498.0,0.0,AMZDCN25ZDY54MJ2,MRSU8090286,
2026-01-04,美国,中国,STC INTERNATIONAL USA INC,GUANGZHOU JINGHONG TRADE CO LTD,99 MADISON AVE FL 601 NEW YORK NY 10016 , NO 13 SHENGKAI STREET HUANGPU DIS T GUANGZHOU ,LEESA CUSTOMS BROKERAGE INC,9040 TELSTAR AVE SUITE 112-115 EL MONTE CA 91731 ,,"CN, CHINA",,"SHENZHEN,YANTIAN",LONG BEACH,580211,TOWEL RACK,NO MARKS,750.0,CTN,11940.0,0.0,LTDKLT2025120157,UETU7884918,
2026-01-04,美国,中国,NAME INNOSPARK DEVICES LLC,GUANGZHOU ZHONGCHEN CULTURE DEVELOP,ADD:952 WINCHESTER RD NUM 1034 LEXINGTON KY 40505 ,ROOM A903 NO 38 WANGGANG ROAD JIAH E STREET BAIYUN DISTRICT GUANGZHOU CHINA ,NAME INNOSPARK DEVICES LLC,ADD:952 WINCHESTER RD NUM 1034 LEXINGTON KY 40505 ,,"CN, CHINA",,Port of Bellingham,LOS ANGELES,851621,STORAGE RACK,NO MARKS,207.0,PKG,11900.0,0.0,GSDRHZMHK770536,CMAU6588302,
2026-01-04,美国,中国,GOLDEN SUN COMMERCE INC,GUANGZHOU LUOMA QISHI LEATHER GOODS CO LTD,2100 MARKET ST DENVER CO 802052025 US , BUILDING A 1ST FLOOR 101 ST AND 3RD TO 4TH FLOORS NO 6 UNI TED ROAD UNITED VILLAGE SHILING ,EVER CUSTOMS INC,2583 E WYANDOTTE CT ONTARIO CALIF ORNIA 91761 UNITED STATES ,,"CN, CHINA",,"SHENZHEN,YANTIAN",LONG BEACH,841830,CHEST PACK SHOULDER BAG,NO MARKS,735.0,CTN,5439.0,0.0,NIPANBMS25120518,FSCU8490520,
2026-01-04,美国,中国,SUMMIT TRADE INC,GUANGZHOU NEW STORY TRADE CO LTD,1401 21ST ST STE R SACRAMENTO CA 9 5811 , ROOM 2203 NO 13 ZEXI STREET HANXI VILLAGE ZHONGCUN STREET PANY U DISTRICT GUANGZHOU CITY ,N/A,N/A,,"CN, CHINA",,"SHENZHEN,YANTIAN",LONG BEACH,481960,STORAGE BOX,NO MARKS,953.0,CTN,14791.0,0.0,TWXAGTLSE2512057,OOCU7887710,
2026-01-04,美国,中国,KHALIQUE CHALLENGER,GUANGZHOU SKYRANN ELECTRONIC TECH C,1582 NW 82ND AVE SKN51040 DORAL FL, NO 83TH GUANGCONGWU ROAD BAIYUN D ,KHALIQUE CHALLENGER,1582 NW 82ND AVE SKN51040 DORAL FL,,"CN, CHINA",,"SHENZHEN,YANTIAN",MIAMI,852739,SPEAKERS,CALDO,2.0,PKG,441.0,3.0,IFSNMIA25A21311,XHCU5634220,
2026-01-04,美国,中国,FMVP LIMITED,GUANGZHOU HUALE IN, C/O FBA 5990 N CAJON BLVD ,FLOOR 1-3 BUILDING 1 BUI LDING 2 NO 28 ZHENZHONG NORTH RO ,N/A,N/A,,"CN, CHINA",,"SHENZHEN,YANTIAN",LOS ANGELES,890710,INFLATABLE GYMNASTICS MAT,NO MARKS,750.0,CTN,7857.0,0.0,AMZDCN25WEZ42G7G,SUDU5328917,
2026-01-04,美国,中国,BLUE YACHT WORLD INC,GUANGZHOU XIANGYANG TRADE CO LT,420 LEXINGTON AVENUE STE 2429 NEW YORK NY 10170 , SHOP D487 NO 8 XIDI ERMA ROAD LI WAN DISTRICT GUANGZHOU LOCATION:F LOOR 4 SELF-NUMBERED D87 ,BLUE YACHT WORLD INC,420 LEXINGTON AVENUE STE 2429 NEW YORK NY 10170 ,,"CN, CHINA",,"SHENZHEN,YANTIAN",LOS ANGELES,844831,PLASTIC CARD HOLDER,51671209,740.0,CTN,18020.0,360400.0,GSDRAE09300430,EITU1794887,
2026-01-04,美国,中国,SUMMIT TRADE INC,GUANGZHOU NEW STORY TRADE CO LT,1401 21ST ST STE R SACRAMENTO CALIFORNIA 95811 US , ROOM 2203 NO 13 ZEXI STREET HANX I VILLAGE HANXI COMMERCIAL CENTER ZHONGCUN STREET PANYU CN ,N/A,N/A,,"CN, CHINA",,"SHENZHEN,YANTIAN",LONG BEACH,481960,STORAGE BOX,NO MARKS,1009.0,CTN,16717.0,0.0,OBLMOBSZ25C8892,FSCU8335972,
2026-01-04,美国,中国,ELCJS TRADE INC,GUANGZHOU RUICHENGDA ELECTRONICS CO,1500 N GRANT ST STE R DENVER CO 80203 US DENVER US ,0534 ZONE E 2ND FLOOR BUILDING B-5 NO 323 SHAPU STREET CENCUN TIANHE GUANGZHOU 510640 GUANGZHOU CN ,ELCJS TRADE INC,1500 N GRANT ST STE R DENVER CO 80203 US DENVER US ,,"CN, CHINA",,SHANGHAI,LOS ANGELES,860610,RIDE ON CARS BASKETBALL HOOP,NO MARKS,632.0,CTN,6335.0,0.0,CIECCA25121998,EGSU1743075,
2026-01-04,美国,中国,STRATOGEN NETWORK INC108 30TH ST WB,GUANGZHOU ASIA IN,TEL:406-952-8531QINGTONGJIE6@GMAIL COM MT MT 59102 US , SHOP 103 NO 19 JIUHENG ROAD KAN GTOU EAST LINE NANCUN TOWN PANYU D ISTRICT GUANGZHOU GZ CN ,STRATOGEN NETWORK INC108 30TH ST WB,TEL:406-952-8531QINGTONGJIE6@GMAIL COM MT US ,,"CN, CHINA",,"SHENZHEN,YANTIAN",LONG BEACH,460120,PLACEMAT,NO MARKS,88.0,CTN,5233.0,0.0,RDIH25120569,EITU1359508,
2026-01-04,美国,中国,YUANWEI TRADE LIMITED,GUANGZHOU TIANYI INFORMATION TECHNO, 1055 WILSHIRE BLVD 900B LOS ANGELESCA 90017 LOS ANGELES CALIFORNIA 90 017 US ,ROOM 309 NO 6 WANGGANG INDUSTRIAL 2NDROAD BAIYUN DISTRICT GUANGZHOU GUANGZHOU CN ,N/A,N/A,,"CN, CHINA",,SHANGHAI,LONG BEACH,481960,STORAGE BOX/WOMAN TOP,NO MARKS,1017.0,CTN,16900.0,0.0,STNDSTL25087231,MATU4600415,
2026-01-04,美国,中国,LOVELY FRIDAY LLC,GUANGZHOU GUANGSHENG IMPORT & EXPORT TRADE CO LTD,1968 S COAST HWY STE 4949 LAGUNA BEACH CA92651 US , ROOM J190 3RD FLOOR NO 9 KEMULONG SOUTH ROAD TIANHE DISTRICT GUANGZHOU CN ,LOVELY FRIDAY LLC,1968 S COAST HWY STE 4949 LAGUNA BEACH CA92651 US ,,"CN, CHINA",,SHANGHAI,LONG BEACH,391000,SILICONE PROTECTOR,NO MARKS,911.0,CTN,13607.0,0.0,FCIFF25D09130LGB,MATU2643207,
2026-01-04,美国,中国,PAISANO S DE RL DE CV,GUANGZHOU DONGLU INNOVATION TECHNOLOGY CO LTD, CALLE MIGUEL ALEMAN VALDEZ#2727 INTERIOR 3 COLONIA AMERICATIJUANA BA JA CALIFORNIA MEXICO , ROOM 612 181 YUN CHENG SOUTH 2ND ROAD SANYANLI STREET BAIYUN DISTRICT ,GANN GROUP,CORP 2323 AVENIDA COSTA ESTE SUITE 300S AN DIEGO CA 92154 US92154 ,,"CN, CHINA",,"SHENZHEN,YANTIAN","HOUSTON,TX",370220,PVC ENGRAVED FILM,TCS350419758933,823.0,CTN,12592.0,251840.0,CHIASEF251210406,BSLU4820606,
2026-01-04,美国,中国,ANY ONE MORE FASHION INC,GUANGZHOU ZHONGYUE GARMENT TEXTILE SOUTH OF THE SECOND,191 WINSTON WAY SYRACUSE NY 13214 ,FLOOR NO 3 YULINGSHAN ROAD DONGHUA VILLAGE XINTAN G TOWN ZENGCHENG DISTRICT GUANGZHO ,GILLI FACTORY, 2939 BANDINI BLVD VERNON CA 90058 USA ,,"CN, CHINA",,"SHENZHEN,YANTIAN",LONG BEACH,640520,WOMEN WOVEN VEST WOMEN WOVEN SKIRT WOMEN WOVEN SHORTS WOMEN WOVEN TOP,NO MARKS,702.0,CTN,6318.0,0.0,QAAWSZAD12009461,CXDU2212930,
2026-01-04,美国,中国,CRUISER ACCESSORIES,GUANGZHOU YUANJIA TRADE CO LTD,19475 BEACON LITE ROAD MONUMENT CO 80132 USA , ROOM 2802 FORTUNE PLAZA NO 116-118 TIYU ROAD EAST GUANGZHOU CHINA ,CRUISER ACCESSORIES,19475 BEACON LITE ROAD MONUMENT CO 80132 USA ,,"CN, CHINA",,"SHENZHEN,YANTIAN",LOS ANGELES,930510,AUTOMOTIVE LICENSE PLATE FRAMES AND ACCESSORIES SHIPPING ORDER NO.: PO ROCK TAMERS ACCESSORIES SHIPPING ORDER NO.: PO THIS SHIPMENT CONTAINS NO WOOD PACKAGING MATERIALS,CRUISER ACCESSORIES ROCK TAMERS LLC.,2144.0,PCS,16311.0,0.0,RSLCSNAF2512189A,CXDU1394086,
2026-01-04,美国,中国,AQUARIUS INTERNATIONAL INC,GUANGZHOU XINLIN TRADE CO LTD,2710 ALPINE BLVD ALPINE CA 91901 J ASON0316@FOXMAIL COM CA US , 15 NO 4 ALLEY ERJIE SANYUANLI S OUTH ROAD YUEXIU DISTRICT GUANGZH OU GUANGZHOU CN ,AQUARIUS INTERNATIONAL INC,2710 ALPINE BLVD ALPINE CA 91901 J ASON0316@FOXMAIL COM CA US ,,"CN, CHINA",,"SHENZHEN,YANTIAN",LONG BEACH,940360,RUBBER DOORMAT THIS SHIPMENT CONTAINS NO SOL ID WOODEN PACKING MATERIALS.,NO MARKS,1079.0,CTN,22593.0,0.0,SUSSPWL202512183,ONEU5651378,
2026-01-04,美国,中国,HOMARY TECHNOLOGY INC,GUANGZHOU POPICORNS TECHNOLOGY CO,10401 S SAM HOUSTON PKWY W UNIT 200 HOUSTON TX 77071 E-MAIL:SEA- LOGISTICS@POPICORNS COM TEL: ,ROOM 1201 FLOOR 12 HICKEY BUILDING NO 277 XINGANG EAST ROAD HAIZHU DISTRICT GUANGZHOU ,AZ EXPRESS FREIGHT INC,2990 INLAND EMPIRE BLVD STE 112 ONTARIO CA 91764 ATTN:ADA ZHOU TEL: 626-3774667 EMAIL:AZHOU@AZ- ,,"CN, CHINA",,"SHENZHEN,YANTIAN",LONG BEACH,940161,FURNITURE CHAIR TABLE SOFA THIS SHIPMENT CON TAINS NO SOLID WOODEN PACKING MATERIALS.,NO MARKS,342.0,CTN,7420.0,0.0,OERT210701Y01917,FFAU3473648,
2026-01-04,美国,中国,SERDANG LLC,MOUNTPAX CO LTD,675 HEGENBERGER RD STE 120 OAKLAND CA UNITED STATES , FLAT /RM D 10/F UNIONWAY COMMERCIA HONG KONG HONG KONG CHINA ,GUANGZHOU HUIYUNDA INTERNATIONAL LO,ROOM 605 NO 69 JIAN STREET JIXI GUANGZHOU GD CHINA ,,"CN, CHINA",,VUNG TAU,LONG BEACH,630210,"BED HS CODE: ,",ASN-HQKJ-251117 -003,794.0,CTN,21426.0,0.0,OOLU2314946990,SEGU4184517,
2026-01-04,美国,中国,T & L TRADE INC,GUANGZHOU WTE WATER TREATMENT CO LTD,ADDRESS: 1025 CAROB WAY MONTEBELLO CA 90640 MONTEBELLO CA US , 8-602 #164 XINGANG WEST ROAD GUANGZHOU CHINA GUANGZHOU CN ,T & L TRADE INC,ADDRESS: 1025 CAROB WAY MONTEBELLO CA 90640 MONTEBELLO CA US ,,"CN, CHINA",,"SHENZHEN,YANTIAN",LOS ANGELES,851750,- OCEAN SEA MARINE SALT THIS SHIPMENT HAS BEEN FUMIGATED AND DEGASSED+EMAIL:CHENXINHUA@SINOTRANS.COM ++FAX: - - - +++FAX: - - -,NO MARKS,1000.0,PKG,19950.0,0.0,SSCCSTL25083861,CAAU6780855,
2026-01-04,美国,中国,ZHONGYI INC,GUANGZHOU MIANHONG ELECTRONIC TECHN OLOGY CO LTD,228 PARK AVE S 79525 NEW YORK NY10 003 TEL001 6266386959 MAIL LAXIMPORT@RAYHUNTAIR COM XLIU@TRANSLEADGR , ADD201 NO 2 JINGTI AN STREET HUADONG TOWN HUADU DIST RICT GUANGZHOU CITY ,C/O RAYHUNT LLC,3780 W CENTURY BLVD INGELWOOD CA 9 0303 TEL 626 857 8555 MAIL LAXIMPORT@RAYHUNTAIR COM XLIU@TRANSLEADGR ,,"CN, CHINA",,SHANGHAI,LONG BEACH,900991,DOCUMENT BAG COMMODITY SHELF PLASTIC HOOK,NO MARKS,805.0,CTN,11745.0,0.0,NCACG25120356,MATU2543698,
2026-01-04,美国,中国,GRAVITY INSTALLS LLC,GUANGZHOU SWIFTWING TRADE CO LTD,254 CHAPMAN ROAD SUITE 209 NEW CASTLE DE 19702 NEW CASTLE 19702 US , ROOM 207 2ND FLOOR DESHANG MEETS TIMES CREATIVE VALLEY NO 619 FANGCUN AVENUE WEST LIWAN GUANGZHOU 510360 CN ,FRAYER LOGISTICS CORP,1420 SHIRLEY WAY BEDFORD TX 76022 BEDFORD 76022 US ,,"CN, CHINA",,Pusan,"TACOMA,WA",701399,INDOOR AMUSEMENT EQUIPMENTS HS CODE: THIS SHIPMENT CONTAINS NO SOLID WOOD PACKING MATERIALS.,NO MARKS,266.0,PKG,5170.0,0.0,CUOL7563US245374,HAMU4187656,
2026-01-04,美国,中国,TOP POINT INTERNATIONAL USA INC,GUANGZHOU ZHEHONG TRADE CO LTD,30 N GOULD ST STE R SHERIDAN WY 82 801 ATTN JIMMY , NO 81 NONGLIN XIA ROAD YUEXIU DIS T GUANGZHOU ,LEESA CUSTOMS BROKERAGE INC,9040 TELSTAR AVE SUITE 112-115 EL MONTE CA 91731 ,,"CN, CHINA",,"SHENZHEN,YANTIAN",LONG BEACH,580211,TOWEL RACK,NO MARKS,737.0,CTN,11250.0,0.0,LTDKLT2025120158,FFAU2481973,
2026-01-04,美国,中国,SHINWAY TRADE INC,GUANGZHOU TENG CHANG TRADE CO LTD,350 NORTHERN BLVD STE 324-1331ALBANY NY 12204 ALBANY NEW YORK 12204 U S , 5 FLOOR A06 BUILDING SHIJING CREATIVE PARK SHITANROAD SHI JING BAI YUNDISTRICT GUANGZHOU CN ,SHINWAY TRADE INC,350 NORTHERN BLVD STE 324-1331ALBANY NY 12204 ALBANY US ,,"CN, CHINA",,"SHENZHEN,YANTIAN",LONG BEACH,850790,MOTORCYCLE SPARE PARTS ( ) STORAGE C ABINET FOR CRAFT ORGANIZING( . . ) CIG AR COOLER( ) CARTON FOR PACKING( ) THIS SHIPMENT CONTAINS NO SOLID WOOD PACKING MATERIALS.,R2225121030004,665.0,CTN,9200.0,0.0,TLDMSZOE25120029,EGSU1795530,
2026-01-04,美国,中国,GOLDEN ARCUS INTERNATIONAL CO,GUANGZHOU GULA TRADE CO LTD,N/A, JINGZHI SHEN ROOM 718 BUILDING 1 NO 5 YINGXINGMIDDLE ROAD DONGHUAN STREET PANYU DISTRICT GUA CN ,GOLDEN ARCUS INTERNATIONAL CO,14967 SALT LAKE AVE #B CITY OF IND USTRY CA 91746 STANLEY TAO@GOLDENA RCUS COM LONG BEACH CA US ,,"CN, CHINA",,SHANGHAI,LONG BEACH,961590,CURLING IRON PLASTIC STENTS,NO MARKS,1111.0,CTN,13115.0,0.0,ZTILTN2740267,MATU5138580,
2026-01-04,美国,中国,EXP TRADE SC,GUANGZHOU YONA IMPORT & EXPORT TR ADING CO LTD,CALLE MIGUEL ALEMAN VALDEZ 2727 IN TERIOR 2 COLONIA AMERICA TIJUANA BAJA CALIFORNIA MEXICO CP 22044 , 193 BAOGANG AVENUE HAIZHU DISTRICT GUANGZHOU CHINA 510220CONTC LITCHI ,EXP TRADE SC,CALLE MIGUEL ALEMAN VALDEZ 2727 IN TERIOR 2 COLONIA AMERICA TIJUANA BAJA CALIFORNIA MEXICO CP 22044 ,,"CN, CHINA",,Port of Bellingham,LOS ANGELES,940161,SOFA CHAIR DINING TABLE STEAMER,NO MARKS,225.0,CTN,9350.0,0.0,OSTIGZLGB25C0199,CXDU1861370,
2026-01-04,美国,中国,,GUANGZHOU TENGXUAN TRADE CO LTD,N/A, KUN ZHAO ROOM 302 NO 30 WANGGANG SHANGSHENG EAST STREET BAIYUN DIS TRICT GUANGZHOU ,N/A,N/A,,"CN, CHINA",,"SHENZHEN,YANTIAN",LONG BEACH,630520,PACKING BAGS,NO MARKS,895.0,CTN,12091.0,0.0,MFNOMF25120829,TGBU8772979,
2026-01-04,美国,中国,HONEYWELL SAFETY PRODUCTS,GUANGZHOU CITY DASHIN PHOTONICS,6766 PONTUIS ROAD GROVEPORT OH 43125 US, NO 3 TONGTAI EAST ROAD HUADU DISTRICT GUANGZHOU GUANGDONG 510800 CN ,N/A,N/A,,"CN, CHINA",,"SHENZHEN,YANTIAN",LOS ANGELES,851539,TRANSFORMER HTS:,CONSIGNEE DELIVERY PO NUMBER: QUANTITY SKU# MANUFACTURING COUNTRY CARTON NUMBER: GROSS WEIGHT NET WEIGHT,40.0,CTN,555.0,0.0,EXDO61N0930043,TLLU8886078,
2026-01-04,美国,中国,RUDE COSMETICS INC,GUANGZHOU COLVIS COSMETICS CO LTD,1636 W 8TH ST STE 100 LOS ANGELES CA 90017 , 3RD BUILDING NO 22 LIXIANG ROAD HIGH-TECH IP TAIPING ECONOMICS ,RUDE COSMETICS INC,1636 W 8TH ST STE 100 LOS ANGELES CA 90017 ,,"CN, CHINA",,"SHENZHEN,YANTIAN",LONG BEACH,330410,EYESHADOW PALETTE LIP BALM LIP OIL MENTOS DISPLAY LIP STICK LIP GLOSS HIGHLIGHTER LIP STICK PEN EYESHADOW PEN BLUSH CARDBOARD DISPLAY STAND,RUDE,2981.0,CTN,17110.0,0.0,SHNLPNC2512132,MAGU5211588,
2026-01-04,美国,中国,GLOBAL STORE SUPPLY INC,GUANGZHOU SINFOO PLASTIC CO LTD,14955 LIMONITE AVE EASTVALE CA 928 80 USA , C1-C6 WORKSHOP NO 3 HUAJIANG ROAD HUAHAI INDUSTRIAL ZONE HUADU DIST RICT XINHUA TOWN GUANGZHOU CHINA ,GLOBAL STORE SUPPLY INC,14955 LIMONITE AVE EASTVALE CA 928 80 USA ,,"CN, CHINA",,"SHENZHEN,YANTIAN",LONG BEACH,392220,MAGIC PLASTIC HANGER PLASTIC HANGER PLASTIC STOOL THIS SHIPMENT CONTAINS NO WOOD PACKAGING MATERIALS,NM,2227.0,PCS,5477.0,0.0,RSLCSNAL2512019A,OOCU7324403,
2026-01-04,美国,中国,TONSAM INTERNATIONAL USA INC,GUANGZHOU YUANJING INTERNATIONAL TRADE CO LTD,17800 CASTLETON ST STE 665 CITY OF INDUSTRY CA 91748 , ROOM 402-C009 BUILD ING 4 NO 5 MUBEI EAST ROAD TIAN HE DISTRICT GUANGZHOU 510000 CHINA ,LEESA CUSTOMS BROKERAGE INC,9040 TELSTAR AVE SUITE 112-115 EL MONTE CA 91731 ,,"CN, CHINA",,"SHENZHEN,YANTIAN",LONG BEACH,392010,PLASTIC MAT,NO MARKS,804.0,CTN,11320.0,0.0,MFNOMF25120849,TGBU8866764,
2026-01-04,美国,中国,EVERGREEN RESOURCES INC,GUANGZHOU CHUMBOON IMPORT & EXPORT,3404 FRANKSTOWNE DRIVE NAPERVILLE IL 60565 USA , NO 7 ZHUCUN AVENUE CENTRAL ZHUCUN STREET ZENGCHENG GUANGZHOU CITY G UANGDONG PROVINCE CHINA ,EVERGREEN RESOURCES INC,3404 FRANKSTOWNE DRIVE NAPERVILLE IL 60565 USA ,,"CN, CHINA",,"SHENZHEN,YANTIAN",LOS ANGELES,800200,EMPTY TIN CANEMPTY TIN CANEMPTY TIN CANEMPTY TIN CAN,NO MARKSNO MARKSNO MARKSNO MARKS,127.0,PKG,28810.0,0.0,YUERYSH25122217,"KSBU0201290,KSBU0201216,KSBU0201303,KSBU0201371",
2026-01-04,美国,中国,SUMMIT PRODUCTS INC,GUANGZHOU HANMA ELECTRONICS,6750 NE 41ST AVENUE , NO 67 ZHONGSHA WEST ROAD JIANGGAO TOWN BAIYUN DISTRICT GUANGZHOU ,N/A,N/A,,"CN, CHINA",,"SHENZHEN,YANTIAN",LOS ANGELES,853990,AUTO LAMP HS CODE:,SUMMIT,37.0,CTN,715.0,0.0,NAQASZOE25121050,CAAU4225616,
2026-01-04,美国,中国,ELVIATIONS INTERNATIONAL TRADE LLC,GUANGZHOU FUCHENG TRADE CO LTD,1500 N GRANT ST DENVER CO 80203 DE NVER US , ROOM 201 NO 318 JINGANG AVENUE NA NSHA STREET NANSHA DISTRICT GUANGZ HOU CN ,ELVIATIONS INTERNATIONAL TRADE LLC,1500 N GRANT ST DENVER CO 80203 DE NVER US ,,"CN, CHINA",,SHANGHAI,LONG BEACH,611190,SOCKS MEN S SHORTS,NO MARKS,3753.0,CTN,17198.0,0.0,MUWRSZE622512504,DFSU7801793,
2026-01-04,美国,中国,ATLAS CREST INNOVATIONS INC,GUANGZHOU TIANYI INFORMATION TECHNO,10687 W HIGHWAY 156 WEST FORK AR 7 2774 WEST FORK ARKANSAS 72774 US ,ROOM 309 NO 6 WANGGANG INDUSTRIAL 2NDROAD BAIYUN DISTRICT GUANGZHOU GUANGZHOU CN ,N/A,N/A,,"CN, CHINA",,SHANGHAI,LONG BEACH,481960,STORAGE BOX/NOTEBOOK CASE/FLASHLIGHT/WOMAN TOP,NO MARKS,1046.0,CTN,16000.0,0.0,STNDSTL25087230,MATU4655336,
2026-01-04,美国,中国,THILLAY INC,GUANGZHOU DINGHONG TRADE CO LTD,208 N BROADWAY STE 450 BILLINGS MT 59101 , ROOM 320 NO 1 JIANGXIA NORTH MIDDL E ROAD BAIYUN DISTRICT GUANGZHOU CHINA ,THILLAY INC,208 N BROADWAY STE 450 BILLINGS MT 59101 ,,"CN, CHINA",,QINGDAO,"NEW YORK,NY",820411,LUNCH BOX,NO MARKS,1944.0,CTN,11484.0,0.0,QZIAZSF4429543,ZCSU7294972,
2026-01-04,美国,中国,GOLDEN ARCUS INTERNATIONAL CO,GUANGZHOU GULA TRADE CO LTD,N/A, JINGZHI SHEN ROOM 718 BUILDING 1 NO 5 YINGXINGMIDDLE ROAD DONGHUAN STREET PANYU DISTRICT GUA CN ,GOLDEN ARCUS INTERNATIONAL CO,14967 SALT LAKE AVE #B CITY OF IND USTRY CA 91746 STANLEY TAO@GOLDENA RCUS COM LONG BEACH CA US ,,"CN, CHINA",,SHANGHAI,LONG BEACH,961590,CURLING IRON PACKING CASE PLASTIC STENTS,NO MARKS,912.0,CTN,12255.0,0.0,ZTILTN8507566,MATU2626956,
2026-01-04,美国,中国,AX FOCUS INTERNATIONAL INC,GUANGZHOU YOUXIANTONG TRADE CO LT,20955 PATHFINDER RD #100-3 DIAMOND BAR CA 91765 , D RM 427 4TH FLOOR NO 25 SIYOU 2ND ROAD YUEXIU DISTRICT GUANGZH OU CHINA ,CROSS CONTINENTS TRANS INC,20955 PATHFINDER RD #100 DIAMOND BAR CA 91765 ,,"CN, CHINA",,"SHENZHEN,YANTIAN",LOS ANGELES,870810,GUARD BUMPER,NO MARKS,580.0,PKG,16210.0,0.0,TQPI2512274512,TCKU7862712,
2026-01-04,美国,中国,LAMARE STATIONARY INC,GUANGZHOU HANGTONG PACKING PRODUCTS 2A MINGMEN INTERNATIONAL,1527 SW 20TH AVE MIAMI FLORIDA 33145 US ,BUILDINGBAISHOU ROAD XINHUA STREET HUADU DISTRICT GUANGZHOU CN ,N/A,N/A,,"CN, CHINA",,"SHENZHEN,YANTIAN","HOUSTON,TX",490199,HARDBOUND BOOK,LAMARE,468.0,CTN,7799.0,0.0,PEVHSGL25110119,KKFU6764940,
2026-01-04,美国,中国,WHITMAN TRADE LIMITED,GUANGZHOU ZHONGPAI SECURITY TECHNOL OGY CO LTD, 228 PARK AVE S 79525 NEW YORK NY10003 TEL 626 265-2371 MAIL LAXIMPORT@RAYHUNTAIR COM , ADD2ND FLOOR BUILDIN G 9 NO 600 GUANGSHAN SECOND ROAD TIANHE DISTRICT GUANGZHOU ,C/O RAYHUNT LLC,3780 W CENTURY BLVD INGELWOOD CA 9 0303 TEL 626 857 8555 MAIL LAXIMPORT@RAYHUNTAIR COM XLIU@TRANSLEADGR ,,"CN, CHINA",,SHANGHAI,LONG BEACH,920300,BLANKET KEYBOARD,NO MARKS,970.0,CTN,13879.0,0.0,NCACG25120405,MATU2768159,
2026-01-04,美国,中国,DAFU USA INC,GUANGZHOU LIANGBIAN TRADE CO LTD,7895 TELEGRAPH RD MONTEBELLO CA 90640 , ROOM E 5 FLOOR WING KIN SQUARE NO 29 JIANSHE LIU MA ROAD YUEXIU ,DAFU USA INC,7895 TELEGRAPH RD MONTEBELLO CA 90640 ,,"CN, CHINA",,"SHENZHEN,YANTIAN",LOS ANGELES,741819,DISPOSABLE TABLE WARE,NO MARKS,837.0,CTN,12555.0,0.0,OSTIGZLAX25C0425,ONEU5971068,
2026-01-04,美国,中国,RISING SUN SAPHIANT DOLPHIN INC,GUANGZHO USA RP TRADE CO LTD,350 W COLORADO BLVD STE 201PASADENACA 91105 PASADENA CA 91105 US , NO 2 YUNQUAN ZHIJIE GUANGYUANEAST ROAD YUEXIU DISTRICT GUANGZHOU C N ,RISING SUN SAPHIANT DOLPHIN INC,350 W COLORADO BLVD STE 201PASADENACA 91105 PASADENA US ,,"CN, CHINA",,"SHENZHEN,YANTIAN",LONG BEACH,851830,PHONE CASE,NO MARKS,966.0,CTN,11000.0,0.0,EVHL25120886,OOCU7768199,
2026-01-04,美国,中国,NITSOM PROMOTIONAL MANUFACTURING CO,GUANGZHOU MEIHAO TRADE CO LTD,SUITE 500 7030 WOODBINE AVENUE , ROOM 201 NO 318 JINGANG AVENUE NANSHA STREET NANSHA DISTRICT ,BARINCO INTERNATIONAL CORP,5777 W CENTURY BLVD STE 990 ,,"CN, CHINA",,SHANGHAI,LONG BEACH,531100,NON WOVEN BAG NOTEBOOK,PO 9764757 112215 80003754 8 NON WOVEN BAG 250 PCS 12 7 KG 01 08 OF 24 45X48X48CM MADE IN CHINA PO 9760972 112198 80004046 9 NOTEBOOK 50 PCS 16 2 KG 09 OF 24 45X36X22CM MADE IN CHINA,24.0,CTN,355.0,0.0,MNQOSHA250216830,TGHU6734077,
2026-01-04,美国,中国,MEGAFOAM INC,GUANGZHOU ALL SHINE ELECTRONIC TECH,1 REGALCREST COURT WOODBRIDGEON L4L ,502 5TH FLOOR NO 64 SONGSHAN ROAD S,BM SUPPLY CHAIN SOLUTIONS,290 RUE BAFFIND D OQC H9A 3G1CANADA ,,"CN, CHINA",,Pusan,"TACOMA,WA",392062,POLYETHYLENE FOAM SHEETS,NM,228.0,PCS,4500.17,89289.0,MAEU262522027,MRKU2103300,
2026-01-04,美国,中国,ZENCRAFT SOLUTIONS INC,GUANGZHOU DASHENG INTERNATIONAL SUPPLY CHAIN CO LTD,15902A HALLIBURTON RD1175 HACIENDA HEIGHTS CA 91745 , NO 111 1ST FL NO 1 ERHENG ROAD WEST DISTRICT ,N/A,N/A,,"CN, CHINA",,SHANGHAI,LONG BEACH,940190,CAR SEAT COVER,NO MARKS,928.0,CTN,13603.0,0.0,CITVSH251120300,MATU2760970,
2026-01-04,美国,中国,PEAKCLEAR TRADE INC,GUANGZHOU MSH ELECTRONICS TECHNOLOG,18121 E HAMPDEN AVE UNIT C 1207 AURORA CO 80013 CO CO 80013 US ,UNIT 8 NO 28 JUFU WEST ROAD YAYAO TOWN HUADUDISTRICT GUANGZHOU CHINA GZ CN ,PEAKCLEAR TRADE INC,18121 E HAMPDEN AVE UNIT C 1207 AURORA CO 80013 CO US ,,"CN, CHINA",,"SHENZHEN,YANTIAN",LOS ANGELES,854110,CTNS OF PORTABLE BLUETOOTH SPEAKER WITH US B PORT AND LED LIGHT AND RADIO PO-,DOLPHIN,317.0,CTN,8292.0,0.0,RDIH25120531,GCXU6115463,
2026-01-04,美国,中国,AMERICA SUPER DUTY GROUP,GUANGZHOU ZHONGJIAN TRADE CO LTD, ADD 15356 VALLEY BLVD CITY OF INDUSTRY CA 91746 UNITED STATES , ADD ROOM 102 BUILDING 3 NO 78 XIE SHI HIGHWAY SHIBI STREET PANYU DISTRICT GUANGZHOU ,AMERICA SUPER DUTY GROUP, ADD 15356 VALLEY BLVD CITY OF INDUSTRY CA 91746 UNITED STATES ,,"CN, CHINA",,Port of Bellingham,LOS ANGELES,848220,CUP,NO MARKS,1006.0,PKG,12370.0,0.0,OSTIGZLAX25C0315,GCXU5202711,
2026-01-04,美国,中国,SERDANG LLC,MOUNTPAX CO LTD,675 HEGENBERGER RD STE 120 OAKLAND CA UNITED STATES , FLAT /RM D 10/F UNIONWAY COMMERCIA HONG KONG HONG KONG CHINA ,GUANGZHOU HUIYUNDA INTERNATIONAL LO,ROOM 605 NO 69 JIAN STREET JIXI GUANGZHOU GD CHINA ,,"CN, CHINA",,VUNG TAU,LONG BEACH,630210,BED,IOARESON-251126 -2025,486.0,CTN,20663.0,0.0,OOLU2314947600,TGBU9986656,
2026-01-04,美国,中国,THALIXION INC,GUANGZHOU SHIMA TECHNOLOGY CO LTD,606 LIBERTY AVE STE 300 PITTSBURGH PA 15222 , ROOM 1101 T4 TIANGUI ROAD NO 10 3 GUANGZHOU HUADU GUANGDONG 510803 ,THALIXION INC,606 LIBERTY AVE STE 300 PITTSBURGH PA 15222 ,,"CN, CHINA",,"SHENZHEN,YANTIAN",LOS ANGELES,441033,DECORATIVE PANEL,NO MARKS,1193.0,CTN,18440.0,0.0,SYLCFCL2511SH11,OOLU6928154,
2026-01-04,美国,中国,FUYAO GLASS AMERICA INC,GUANGZHOU FUYAO GLASS COMPANY,2801 WEST STROOP ROAD MORAINE OH 45439 UNITED STATES , LIMIT NO 1 SOUTH XINYAO ROAD XINTANG TOW GUANGZHOU GD 510000 CHINA ,PHISON INTERNATIONAL INC,SUITE 120 555 WEST PIERCE ROAD ITASCA IL 60143 UNITED STATES ,,"CN, CHINA",,"SHENZHEN,YANTIAN",LONG BEACH,700719,AUTOMOTIVE TEMPERED SAFETY GLASSAUTOMOTIVE TEMPERED SAFETY GLASSAUTOMOTIVE TEMPERED SAFETY GLASSAUTOMOTIVE TEMPERED SAFETY GLASSAUTOMOTIVE TEMPERED SAFETY GLASSAUTOMOTIVE TEMPERED SAFETY GLASS,NO MARKSNO MARKSNO MARKSNO MARKSNO MARKSFYGZLG02251208- 3 FYGZLG02251208- 4 FYGZLG02251208- 5 FYGZLG02251208- 6 FYGZLG02251208- 7 FYGZLG02251208- 8,261.0,PKG,101624.0,0.0,COSU6438266140,"TGBU9296769,FSCU9262124,CSNU8328341,FCIU9374927,DFSU6911733,FCIU8507049",
2026-01-04,美国,中国,SESAME TRADE INC,GUANGZHOU BEI NUO YI TRADE CO L,2108 N ST STE N SACRAMENTO CA 9581 6 SACRAMENTO US ,4?/F??NO 8?SYNTHETIC?SOUTH?ROAD ?SHILING?TOWN ?HUADU?DISTRICT ?GUANGZHOU?CITY GUANGDONG?PROVINCE CHI CN ,PRIME EVERY WEEK INC,ADD:9630 OAK ST BELLFLOWER CA 9070 6 BELLFLOWER US ,,"CN, CHINA",,"SHENZHEN,YANTIAN",LONG BEACH,851621,STORAGE RACK,NO MARKS,1045.0,CTN,17740.0,0.0,SUSSPWL202512175,DFSU7559524,
2026-01-04,美国,中国,ZEBRA TECHNOLOGIES CORP,JABIL CIRCUIT GUANGZHOU LTD, 10375 140TH AVENUE KENOSHA WISCONSIN 53142 ,128 JUN CHENG RD GUANGZHOU ECONOMIC AND TECHNOLOGICA ,ZEBRA TECHNOLOGIES CORP, 10375 140TH AVENUE KENOSHA WISCONSIN 53142 ,,"CN, CHINA",,"SHENZHEN,YANTIAN",LOS ANGELES,902230,"BUILD_PCBA,ZQ X -SERIES,MLB",JABIL,36.0,PKG,5476.0,0.0,PYMNSZX250606183,TCKU6818612,
2026-01-04,美国,中国,KOKOIST USA,GUANGZHOU HANYA PACKAGING LTD,15699 TRADESMAN SAN ANTONIO TX 78249 ,ADD: 3&4 FLOOR 6 BUILDING NO 2 JIYE ROAD LEPING INDUSTRY SQUARE SANSHUI DISTRICT FOSHAN CITY ,N/A,N/A,,"CN, CHINA",,Port of Bellingham,LOS ANGELES,390760,GLASS BOTTLE CAP FOR BOTTLE BRUSH FOR BOTTL E PLTS S.T.C CTNS SCAC CODE:PSEA AMS NO.:PSEAGLGB,DESCRIPTION: PER CARTON: GW: KG BOX OF:NO. MADE IN CHINA,563.0,CTN,6914.0,0.0,PSEAGLGB25120633,EITU9584547,
2026-01-04,美国,中国,KAI GIFTS INC,GUANGZHOU DONGHAN CERAMIC CO LTD,14 NE 1ST AVE SUITE 305 MIAMI FL 33132 US , A 503 BLOCK F WANGGANG INDUSTRY 3RDROAD NO 38 JIAHE BAIYUN CN ,EJ LOGISTICSINC,6085 NW 82 AVE MIAMI FL 33166 US ,,"CN, CHINA",,Port of Bellingham,LOS ANGELES,691200,CERAMIC MUG HS CODE,JUAN VALDEZ,26.0,CTN,383.0,7660.0,SHPT27225509,TEMU8375755,
2026-01-04,美国,中国,PINK PLEASURE DBA COTTON CANDY,GUANGZHOU YUAN XIN GARMENT TRADE CO LTD,LA 735E 12TH ST UNIT#103 LOS ANGELES CA 90021 , RM 205 ZONG HUA MANSION NO 2 INDUSTRY ROAD CHONG KOU VILLAGE DASHI STREET PANYU DISTRICT ,PINK PLEASURE DBA COTTON CANDY,LA 735E 12TH ST UNIT#103 LOS ANGELES CA 90021 ,,"CN, CHINA",,"SHENZHEN,YANTIAN",LONG BEACH,640520,WOMEN S DRESS WOMEN S JACKET WOMEN S SKORTS WOMEN S TOP WOMEN S RUMPER WOMEN S SKIRT WOMEN S PANTS,COTTON CANDYLA AMERICAN THREADS NIA COTTON CANDY LA,169.0,CTN,2586.0,0.0,SYUISWCGA251225,OOCU6319491,
2026-01-04,美国,中国,DUKERS APPLIANCE COMPANY,GUANGZHOU BOAOSI APPLIANCE COMPANY, USA LIMITE SUITE 115 4475 SOUTH CLINTON AVENUESOUTH PLAINFIELD NJ 07080 UNITED STATES , NO 28 HUAN GANG NORTH ROAD LUO GAN GUANGZHOU GD 510000 CHINA ,AZ EXPRESS FREIGHT INC,SUITE 112 2910 INLAND EMPIRE BOULEVONTARIO CA 91764 UNITED STATES ,,"CN, CHINA",,"SHENZHEN,YANTIAN",Tampa,283311,REFRIGERATOR BOTTLE COOLER THERMOSTATIC GRIDDLE HOTPLATE SPARE PARTS(SHELF )REFRIGERATOR HOTPLATE FRYERS STOCK POT STOVES CHEF BASE CAKE COOLER,NO MARKSNO MARKS,200.0,CTN,18570.0,0.0,COSU6436646570,"TGBU9296943,TGBU4891012",
2026-01-04,美国,中国,LEVAREJ COMERCIALIZADORA SA DE CV,GUANGZHOU WANFAN SUPPLY CHAIN CO LTD, RFC LEC2212025U7 EBANO 8530 JARDINES DEL BOSQUE CP 32539 CD JUAREZ CHIHUAHUA , ROOM 608 6 F NO 217 HELONG 2ND JIAHE STREET BAIYUN GUANGZHOU ,LEVAREJ COMERCIALIZADORA SA DE CV, RFC LEC2212025U7 EBANO 8530 JARDINES DEL BOSQUE CP 32539 CD JUAREZ CHIHUAHUA ,,"CN, CHINA",,"SHENZHEN,YANTIAN",LOS ANGELES,731822,DOOR LOCK,NO MARKS,1341.0,CTN,20310.0,0.0,OSTIGZLAX25C0433,EGSU8032994,
2026-01-04,美国,中国,YEMI ATELIER LLC,GUANGZHOU HESHENG SOUNDPROOF TECHNO,1301 YORK RD ,14 ROOM 101 2ND FLOOR BUILDING 1 NO NANHAI,N/A,N/A,,"CN, CHINA",,"SHENZHEN,YANTIAN",LOS ANGELES,,SOUNDPROOF POD,25SZ10040864,1.0,CAS,413.0,0.0,MZLY25SZ10040864,MRKU4788656,
2026-01-04,美国,中国,RISING SUN SAPHIANT DOLPHIN INC,GUANGZHO USA RP TRADE CO LTD,350 W COLORADO BLVD STE 201 PASADENA CA 91105 PASADENA CA US , NO 2 YUNQUAN ZHIJIE GUANGYUAN EAS T ROAD YUEXIUDISTRICT GUANGZHOU C HINA GUANGZHOU CN ,N/A,N/A,,"CN, CHINA",,"SHENZHEN,YANTIAN",LONG BEACH,851830,PHONE CASE,NO MARKS,884.0,CTN,11500.0,0.0,NPSCTSZX25121513,DFSU6789522,
2026-01-04,美国,中国,WEST POINT STONES INC,GUANGZHOU AIRHORSE COMPRESSOR CO LTD,88 SKYLINE CRESCENT NE CALGARY ABT 2K 5X7 CANADAT2K 5X7 ,NO 8 JINGBEI ROAD ZHONGXIN TOWN ZENGCHENG DISTRICT GUANGZHOU CHINA ,WEST POINT STONES INC,88 SKYLINE CRESCENT NE CALGARY ABT 2K 5X7 CANADAT2K 5X7 ,,"CN, CHINA",,Pusan,"TACOMA,WA",841490,AIR COMPRESSOR,NO MARKS,1.0,PKG,1000.0,20000.0,CHIAXJ2512045B,NWRU3647783,
2026-01-04,美国,中国,MPK TRADE LLC,GUANGZHOU Q&H TRADE CO LTD,FENG PAN SOLE MBR 9650 TELSTAR AVE UNIT A178-0004 EL MONTE CA CALIF ORNIA 91731 US , 803A NO 1268 GUANGZHOU AVENUE TIAN HE DISTRICT GUANGZHOU CN ,N/A,N/A,,"CN, CHINA",,SHANGHAI,"HOUSTON,TX",851621,STORAGE CABINET,NO MARKS,682.0,CTN,18526.0,0.0,NXHSSHXH25111102,EGHU8450136,
2026-01-04,美国,中国,ADS DENTAL SYSTEM INC,GUANGZHOU AJAX MEDICAL EQUIPMENT CO LTD,1590 S MILLIKEN AVE UNIT A ONTARIO CA 91761 , BUILDING NO 2 DAGANG INDUSTRIAL ZONE SHILOU TOWN PANYU DISTRICT GUANGZHOU ,ADS DENTAL SYSTEM INC,1590 S MILLIKEN AVE UNIT A ONTARIO CA 91761 ,,"CN, CHINA",,"SHENZHEN,YANTIAN",LOS ANGELES,300640,DENTAL CHAIR PART DENTAL PART,MADE IN CHINA PO PN SN DATE MODEL,368.0,CTN,6240.0,0.0,OSTIGZLAX25C0330,TCNU5783516,
2026-01-04,美国,中国,FUYAO AUTOMOTIVE NORTH AMERICA INC,GUANGZHOU FUYAO GLASS COMPANY,909 NORTH SHELDON ROAD PLYMOUTH MI 48170 UNITED STATES , LIMIT NO 1 SOUTH XINYAO ROAD XINTANG TOW GUANGZHOU GD 510000 CHINA ,PHISON INTERNATIONAL INC,SUITE 120 555 WEST PIERCE ROAD ITASCA IL 60143 UNITED STATES ,,"CN, CHINA",,"SHENZHEN,YANTIAN",LONG BEACH,700719,TEMPERED SAFETY GLASSTEMPERED SAFETY GLASSTEMPERED SAFETY GLASSTEMPERED SAFETY GLASSTEMPERED SAFETY GLASS,NO MARKSNO MARKSNO MARKSNO MARKSFYGZLRU251212-1 FYGZLRU251212-2 FYGZLRU251212-3 FYGZLRU251212-4 FYGZLRU251212-5 CQFYGZ3FR202512 14,320.0,PKG,91526.0,0.0,COSU6438545140,"CSGU6700189,CSNU6477217,CSGU6711347,CSGU6711619,TEMU6339949",
2026-01-04,美国,中国,JINDIAN PACKAGING INC,GUANGZHOU NEW SMART TECHNOLOGY CO LTD,235 KNAPP AVE FOR MOREHEAD KY 4035 1 , UNIT2223 22/F YANS TOWER 25-27 WONG CHUK HANG ROAD ABERDEEN HK ,JINDIAN PACKAGING INC,235 KNAPP AVE FOR MOREHEAD KY 4035 1 ,,"CN, CHINA",,"SHENZHEN,YANTIAN",LONG BEACH,847990,TRASH CAN,NO MARKS,433.0,CTN,11410.0,0.0,SXYHARISE2512037,CCLU7852361,
2026-01-04,美国,中国,Z & A CORP,GUANGZHOU HUAFENG ALUMINUM FOIL TEC,2127 LEE AVENUE ,BUILDING B NO 109 YU FENG ROAD NA NSHA DISTRICT ,Z & A CORP,2127 LEE AVENUE ,,"CN, CHINA",,"SHENZHEN,YANTIAN",LOS ANGELES,760719,ALUMINUM FOIL PRODUCT,NO MARKS,617.0,CTN,6579.0,0.0,DWCHSSNZS0076525,MRSU8409901,
2026-01-04,美国,中国,SUMMIT TRADE INC,GUANGZHOU NEW STORY TRADE CO LT,ADD:1401 21ST ST STE R SACRAMENTO CA 95811TEL:6264819884 CA CA 95811 US , ROOM 2203 NO 13 ZEXI STREET HANX I VILLAGE HANXI COMMERCIAL CENTER ZHONGCUN STREET PANYU CN ,SUMMIT TRADE INC,ADD:1401 21ST ST STE R SACRAMENTO CA 95811TEL:6264819884 CA US ,,"CN, CHINA",,"SHENZHEN,YANTIAN",LONG BEACH,481960,STORAGE BOX,NO MARKS,831.0,CTN,13552.0,0.0,RDIH25120645,FFAU3457605,
2026-01-04,美国,中国,BRE INDUSTRIES INC,GUANGZHOU JUELIER LEATHER CO LTD,1928 S SANTA FE AVE LOS ANGELES CA 90021 USA CONTACT PERSON:RAM IN MEHRARA LOS ANGELES US , ONE OF THE NO 1 KANG JIAN DONG ROADSHILING TOWN HUADU DISTRICT GUANG ZHOU PRC ZIP CODE: 510850 CN ,BRE INDUSTRIES INC,1928 S SANTA FE AVE LOS ANGELES CA 90021 USA CONTACT PERSON:RAM IN MEHRARA LOS ANGELES US ,,"CN, CHINA",,"SHENZHEN,YANTIAN",LONG BEACH,390799,CROSSBODY BAG - % POLYESTER CROSSBODY BAG - % PU HANDBAG - % POLYESTER HANDBA G - % PU BACKPACK - % POLYESTER,BRE TACTICAL IMO,844.0,CTN,12392.0,0.0,USGRSZS2512090,OOLU9303197,
2026-01-04,美国,中国,IKEA SUPPLY AG,EXTRA LIGHT GUANGZHOU ELECTRICAL,4762 BORUSAN RD 77523 BAYTOWN US 77523, NO 1102 XIHUAN ROAD SHA WAN TOWN 511485 GUANGZHOU CN 51148 ,IKEA PURCHASING SERVICES US INC,2200 RENAISSANCE BLVD SUITE 400 19 406 KING OF PRUSSIA US EMAIL IKEA 2 USDO@INTER IKEA COM 19406 ,,"CN, CHINA",,"SHENZHEN,YANTIAN","HOUSTON,TX",290513,"NYMANE N TABLE LAMP WHITE NA,RANARP N WORK SHIPPER LOAD AND COUNT",NO MARKS,152.0,PCS,730.0,14590.0,HDMUHKGM13433303,KOCU4516331,
2026-01-04,美国,中国,ENG GHILLIE INTERNATIONAL CO LTD,GUANGZHOU HAOJUN GARMENT AND WEAVING CO LTD, 18637 E GALE AVE CITY OF INDUSTRY CA 91748 USA , 4 FL BUILDING A1 NO 11 MINYINGXI 2ND RD TANGMEI VILLAGE XINTANG TOWN ZENGCHENG ,ENG GHILLIE INTERNATIONAL CO LTD, 18637 E GALE AVE CITY OF INDUSTRY CA 91748 USA ,,"CN, CHINA",,"SHENZHEN,YANTIAN",LONG BEACH,820530,"LADIES WOVEN PCT COTTON PCT POLYESTER PCT RAYON PCT SPANDEX PANTS HS CODE: , LADIES WOVEN PCT COTTON PCT POLYESTER PCT RAYON PCT SPANDEX PANTS HS CODE: , MEN S PCT COTTON PCT SPANDEX PANT HS CODE:",REVISE CLOTHING INC STYLE : PO : COLOR: SIZE SCALE QTY CARTON :,1263.0,CTN,18636.0,0.0,HYSLFCAN12250225,TGCU5398318,
2026-01-04,美国,中国,TOURJAY HK CO LTD,TOURJAY HK CO LTD, + C/O WFS 6730 KIMBALL AVE CHINO CA 91708 US , ROOM 11 22F THECLOUD 111 TUNG 999077 HONG KONG ,GUANGZHOUKETUODIANZISHANGWUYOUXIANG C/O WFS,6720 KIMBALL AVE CHINO CA 91708 US,,"CN, CHINA",,"SHENZHEN,YANTIAN",LOS ANGELES,720421,STAINLESS STEEL TRAY STAINLESS STEEL BOWL STAINLESS STEEL POT STAINLESS STEEL FLATWARE SET STAINLESS STEEL CAKE PAN,728,728.0,CTN,8416.0,0.0,WMSRL2JEO5110340,CMAU9096775,
2026-01-04,美国,中国,DUNLOP SPORTS AMERICA,LAMKIN GUANGZHOU GOLF PRODUCTS CO LTD,5601 SKYLAB ROAD HUNTINGTON BEACH CA 92647USA, 87 TIAN YUAN ROAD YONGHE ECONOMIC ZONE LUOGANG DISTRICT GUANGZHOU P R C ,N/A,N/A,,"CN, CHINA",,Port of Bellingham,LOS ANGELES,950632,CARTONS PACKED IN PALLTES GOLF GRIPS HS CODE INV# S-DP-US PO# NRAQLAF- . SCAC CODE:PSEA AMS NO .:PSEAGLGB,LAMKIN MADE IN CHINA PO#932115 INV#2025120 5S-DP-US,477.0,CTN,4143.0,0.0,PSEAGLGB25120312,EITU9584547,
2026-01-04,美国,中国,PLUM TRADE LIMITED,GUANGZHOU BINLI JI TRADE CO LTD, 17480 COLIMA RD STE 3 ROWLAND HGHTSCA 91748 HGHTS CA US , NO 7 LANE 1 XIAJIANLING NEW VILL AGE CHINI TOWN HUADU DISTRICT GU ANGZHOU GUANGZHOU CN ,N/A,N/A,,"CN, CHINA",,SHANGHAI,LONG BEACH,732290,MINI FAN,NO MARKS,1164.0,CTN,18480.0,0.0,ZHJLNBF25121529,MATU2624784,
2026-01-04,美国,中国,GUANGZHOU ZHENGYU TRADE CO LTD,SHENZHEN CANXING TECHNOLOGY CO LTD, C /O FBA3300 HOGUM BAY RD NE , B101-202 BUILDING B XINHAO YIDU NO 7018 CAITIAN ROAD LIANHUA YICUN ,N/A,N/A,,"CN, CHINA",,"SHENZHEN,YANTIAN",LOS ANGELES,590500,WALL MIRROR,NO MARKS,495.0,CTN,3649.0,0.0,AMZDCN25H4QQ6WKZ,CAAU7736374,
2026-01-04,美国,中国,CCTB INTERNATIONAL INC,GUANGZHOU HANXUAN IMPORT & EXPORT A,8 THE GREEN STE R DOVER DE 19901 D OVER DE 19901 US ,323 3RD FLOOR NO 433 YANLING ROAD TIANHE DISTRICT GUANGZHOU CHINA GUANGZHOU CN,N/A,N/A,,"CN, CHINA",,"SHENZHEN,YANTIAN",LOS ANGELES,681011,BUILDING STONE PLATESTHIS SHIPMENT CONTAINS NO SOLIDWOOD PACKING MATERIALS HS CODE:,NO MARKS,11.0,PKG,21480.0,0.0,MLILMSZ25120533,HPCU2829932,
2026-01-04,美国,中国,COMERCIALIZADORA CHIMBAL SA DE CV,GUANGZHOU FENGPENG TRADECO LTD, ARQUIMEDES 130 PISO 5 COL POLANCO CIUDAD DE MEXICO MEXICO 11560 , 906 BUILDING 6 NO 28 GUOTAI ROAD NANCUN TOWN PANYU DISTRICT GUANGZHOU CITY CHINA ,MOY LOGISTICS,6030 RIVERSIDE DRIVE SUITE E CHINO CA 91710,,"CN, CHINA",,"SHENZHEN,YANTIAN",LOS ANGELES,610821,DENIM JEANS AND LADY PANTS,NO MARKS,550.0,PKG,18670.0,0.0,PPILSZXA90841,CMAU7384601,
2026-01-04,美国,中国,UNIVERSAL POOL COMPANY,OWEADO TECHNOLOGY GUANGZHOU COMPANY, 300 WEST ARMORY DRIVE SOUTH HOLLAND IL 60473 UNITED STATES , ROOM602 BUILDING B JINGSHI SQUARE GUANGZHOU GD 510800 CHINA ,E BESLER & CO,115 MARTIN LANE ELK GROVE VILLAGE IL 60007 UNITED STATES ,,"CN, CHINA",,"SHENZHEN,YANTIAN",LONG BEACH,845522,PERGOLA;ROLLING BLIND,NO MARKS,435.0,CTN,14820.0,0.0,COSU6437497940,CSNU6027760,
2026-01-04,美国,中国,TOPGOLF CALLAWAY BRANDS CORP,LAMKIN GUANGZHOU GOLF PRODUCTS CO LTD,2180 RUTHERFORD AVENUE CARLSBAD CA 92008 US , 87 TIAN YUAN RD YONGHE ECONOMICS ZONE ZENGCHENG GUANGZHOU CITY GUANGDONG 511356 CN ,N/A,N/A,,"CN, CHINA",,HULUTAO,LOS ANGELES,950632,GOLF GRIPS HTS:,LAMKIN MADE IN CHINA PO#4500740646/4500 740389/4500742491/ 4500742986 INV#20251205S-CW- ME,139.0,CTN,1175.0,0.0,EXDO61X8156635,HAMU4179542,
2026-01-04,美国,中国,AUBAGNE INC,GUANGZHOU SHENDIANWEI TRADE CO LT,572 S SALINA ST STE 102 SYRACUSE N Y 13202 , ROOM 4008 BUILDING B NO 140-214 YINGBIN ROAD LUOPU STREET PANYUDI STRICT GUANGZHOU CITY 511400 ,AUBAGNE INC,572 S SALINA ST STE 102 SYRACUSE N Y 13202 ,,"CN, CHINA",,"SHENZHEN,YANTIAN","HOUSTON,TX",270300,CAT LITTER BOX,NO MARKS,435.0,CTN,6090.0,0.0,GUGWMC251200358,TRHU6391051,
2026-01-04,美国,中国,XINYANG TRADE INC,GUANGZHOU QIANCHENG ZHIYUN TECHNOLO,145 E DUARTE RD STE AA569 ARCADIA CA 91006 ,BUILDING D3 ZHIHUI PARK XICHENG D ISTRICT BAIYUN DISTRICT GUANGZHOU ,XINYANG TRADE INC,145 E DUARTE RD STE AA569 ARCADIA CA 91006 ,,"CN, CHINA",,NINGBO,LONG BEACH,481960,STORAGE BOX,NO MARKS,1020.0,CTN,17477.0,0.0,GSDRHZMSH439000,MATU2616238,
2026-01-04,美国,中国,SESAME TRADE INC,GUANGZHOU BEI NUO YI TRADE CO,2108 N ST STE NSACRAMENTO CA 95816 SACRAMENTO CA 95816 US ,L 4 /F NO 8 SYNTHETIC SOUTH ROAD SH ILING TOWN HUADU DISTRICT GUANGZHO U CITY GUANGZHOU CN ,PRIME EVERY WEEK INC,ADD:9630 OAK ST BELLFLOWER CA 9070 6E-MAIL:KDSYOUNG@163 COM BELLFLOWERUS ,,"CN, CHINA",,"SHENZHEN,YANTIAN",LONG BEACH,731822,DOOR LOCK,NO MARKS,580.0,CTN,14670.0,0.0,SSAOSZXH2512141,TCKU7868259,
2026-01-04,美国,中国,LIMONERO BRILLANTE INC,GUANGZHO USA HUA IMPORT & EXPORT CO,3055 PEAR ST CANON CITY CO 81212 USCANON CITY US ,NO 36 HANLIN AVENUE NANQIAO VILL AGE PANYU DISTRICT GUANGZHOU CITY GUANGZHOU CN ,BAMA GLOBAL LOGISTICS INC,21671 GATEWAY CENTER DRIVE #206 DIAMOND BAR CA 91765 DIAMOND BAR US ,,"CN, CHINA",,"SHENZHEN,YANTIAN",LOS ANGELES,,THERMO JUG,NO MARKS,627.0,CTN,7528.0,0.0,AIVGHZTF2512230,HASU4977971,
2026-01-04,美国,中国,BELLIDE BASIC DAILY INC,GUANGZHOU WODE TEXTILE GARMENT CO,605 NIAGARA FALLS BLVD AMHERST NY 14226 ,6F NO 27 MAIN WORKSHOP LIXIN 12THR OAD XINTANG TOWN ZENGCHENG DISTRIC T GUANGZHOU ,FASHION NOVA,12588 FLORENCE AVE SF SPRINGS CA90 670 UNITED STATES,,"CN, CHINA",,"SHENZHEN,YANTIAN",LONG BEACH,640520,WOMEN WOVEN VEST WOMEN WOVEN SKIRT WOMEN WOVEN ROMPER WOMEN WOVEN SHORTS,NO MARKS,968.0,CTN,8712.0,0.0,QAAWSZAD12009594,CSGU6711481,
2026-01-04,美国,中国,GUANGZHOU LONG GUI TRADE CO,CHONGQING CANAAN DINING FURNITURE C,1025 N TODD AVE AZUSA CALIFORNIA 91702 US , NO 399 RONGJUN ROAD HECHUAN CHON GQING CN ,GUANGZHOU LONG GUI TRADE CO,1025 N TODD AVE AZUSA US ,,"CN, CHINA",,"SHENZHEN,YANTIAN","NEW YORK,NY",701310,OFFICE TABLE TEA TABLE HS:,NO MARKS,224.0,PKG,14300.0,0.0,FEVMSZXF25113120,ZCSU6992285,
2026-01-04,美国,中国,GIFT BETTER LIMITED,GUANGZHOU MEDI ELECTRONIC TECHNOLOG, 201 LAS VEGAS BLVD STE 100 #7530 L AS VEGAS NV 89125 LAS VEGAS 89125 US ,ROOM 201 NO 705 XINGNAN AVENUE N ANCUN TOWN PANYU DISTRICT GUANGZH OU CITY GUANGZHOU CN ,GIFT BETTER LIMITED, 201 LAS VEGAS BLVD STE 100 #7530 L AS VEGAS NV 89125 LAS VEGAS US ,,"CN, CHINA",,"SHENZHEN,YANTIAN",LONG BEACH,842860,METAL CHAIR,NO MARKS,622.0,CTN,8056.0,0.0,TXSVTSZX25121920,CSNU7312443,
2026-01-04,美国,中国,GOODALL WELL WORLD INC,GUANGZHOU LUNKEN TRADE CO LTD,101 GREENWICH ST STE 301 NEW YORK NY 10006 CAIZHIFENG 626-600-4664 , NO 8 JIANGXIABEI MIDDLE ROAD HUAN GSHI STREET BAIYUN DIST GUANGZHO U 510000 CHINA ,GGT WORLD INC,13195 FLORES STREET SANTA FE SPRINGS CA90670 ,,"CN, CHINA",,"SHENZHEN,YANTIAN",LONG BEACH,481960,STORAGE BOX,NO MARKS,817.0,CTN,11160.0,0.0,MFNOMF25120855,OOCU8403282,
2026-01-04,美国,中国,QUEST PRODUCTS INC,GUANGZHOU MINGJIE HOUSEHOLD PRODUCTS CO LTD,8201 104TH ST 200 , BUILDING 101 NO 3 8 SOUTH STREET GUTANG OLD VILLAGE ,QUEST PRODUCTS INC,8201 104TH ST 200 ,,"CN, CHINA",,Port of Bellingham,LOS ANGELES,281122,GEL SEAT CUSHION HS CODE,NM,434.0,CTN,4320.0,0.0,WLSMNSCHI2512032,CCLU5280652,
2026-01-04,美国,中国,ATLANTIC TRADE INC,GUANGZHOU DANTEL TRADE CO LTD,1401 21ST STREET SUITE R SACRAMENTOCA 95811 NEW YORK NY US , NO 490 TIANHE ROAD TIANHE DISTRICT GUANGZHOU CHIINA YANTIAN CN ,N/A,N/A,,"CN, CHINA",,"SHENZHEN,YANTIAN",LONG BEACH,392410,PLASTIC CUPS,NO MARKS,886.0,CTN,14290.0,0.0,CGLSCSZ25120827,OOCU5910724,
2026-01-04,美国,中国,BLUEINSIGHT CO LTD,GUANGZHOU CAIJING TRADE CO LTD, C/O FBA 5990 N CAJON BLVD , NO 05A 07B 09A 26F NO 268 270 274 SANYUANLI AVENUE ,N/A,N/A,,"CN, CHINA",,NINGBO,LOS ANGELES,,STAIR BALUSTER,FBA1943QWS4K,100.0,CTN,2020.0,0.0,AMZDCN25ZIGCKPFR,CMAU6988504,
2026-01-04,美国,中国,VELAA GROUP,GUANGZHOU TIANYI INFORMATION TECHNO,ACCESS INC 530 FIFTH AVE STE 700 NEW YORK NY 10036 NEW YORK NEW YORK 10036 US ,ROOM 309 NO 6 WANGGANG INDUSTRIAL 2NDROAD BAIYUN DISTRICT GUANGZHOU GUANGZHOU CN ,N/A,N/A,,"CN, CHINA",,NINGBO,LONG BEACH,481960,STORAGE BOX,NO MARKS,919.0,CTN,16400.0,0.0,STNDSTL25086961,MATU2651516,
2026-01-04,美国,中国,CNA INTERNATIONAL INC,GUANGZHOU WANBAO GROUP,D/B/A MC AP 940 N CENTRAL AVE WOOD DALE IL 6 0191 WOOD DALE ILLINOIS 60191 US , REFRIGERATOR NO 1228 - 1282 CHENG AO AVENUE EAS T CONGHUAGUANGZHOU GUANGDONG PROV INCE CHINA GUANGZHOU CN ,N/A,N/A,,"CN, CHINA",,"SHENZHEN,YANTIAN",LOS ANGELES,841810,MAGIC CHEF BRANDED REFRIGERATOR HS CODE:MAGIC CHEF BRANDED REFRIGERATOR HS CODE:MAGIC CHEF BRANDED REFRIGERATOR HS CODE:MAGIC CHEF BRANDED REFRIGERATOR HS CODE:,NO MARKSNO MARKSNO MARKSNO MARKS,672.0,CTN,23587.0,0.0,ILCDHWS225121158,"MRSU5956675,MRSU4717090,MRSU4338522,MRKU2668604",
2026-01-04,美国,中国,DXYS GLOBAL TRADE LLC,GUANGZHOU HOMY CASA CO LTD,6767 S VINE STREET SUITE 1209 CENTENNIAL CO 80122 626-392-8731 , 705-1 BUILDING NO 2 134 XIHUA ROAD LIWAN DISTRICT ,EDWARD TRANSIT BROKER INC,15000 STAFF CT GARDENA CA 90248 626-392-8731 ,,"CN, CHINA",,DALIANXINGANG,LONG BEACH,940171,"SEATS WITH METAL FRAMES UPHOLSTERED NESOI DINING CHAIR R -FR S CORA F.NET,AIKO.LEUNGFURNITURER .COM,LYNNCARSONWORLDWIDE.COM.CN CORA F.NET,AIKO.LEUNGFURNITURE R.COM,LYNNCARSONWORLDWIDE.COM.CN",// //,363.0,CTN,7622.0,152436.0,YMJAW235251031,FSCU8038790,
2026-01-04,美国,中国,BALLE INDUSTRIAL INC,GUANGZHOU CITY BEILEIMAO TRADE CO,670 N 16TH WAY BRIGHTON CO 80601 ,L TD ROOM203 NO 167 DONGPING NORTH R OAD YONGPING STREET BAIYUN DISTRICTGUANGZHOU CHINA ,BALLE INDUSTRIAL INC,670 N 16TH WAY BRIGHTON CO 80601 ,,"CN, CHINA",,NINGBO,"NEW YORK,NY",820890,NON-WOVEN SHOE RACK XG-,NO MARKS,808.0,CTN,11272.0,0.0,WSJONGB25110430,EGSU6112719,
2026-01-04,美国,中国,ETERNO CORP,GUANGZHOU DUNXING IMPORT & EXPORT CO LTD,255 AIRPORT CIRCLE CORONA CA 92878 , TIANHE DISTRICT GUANGZHOU CHINA ,TREND TRANSPORT,255 AIRPORT CIR CORONA CA 92878 UNITED STATES ,,"CN, CHINA",,Port of Bellingham,LOS ANGELES,392220,SPA COVER,N/A,131.0,CTN,3480.0,0.0,YQNLSZSE3918727,FANU3370197,
2026-01-04,美国,中国,COMER PRODESA SA DE CV,GUANGZHOU YIFEILI CLOTHING CO LTD, AV 16 DE SEPTIEMBRE 730 INTERIOR18 05 COL BARRAGAN HERNANDEZGUADALAJA RA JAL 44450 MEXICO , ROOM 802 NO 16-1 MACHANG ROAD TIA NHE DISTRICT GUANGZHOU CITY 510000 ,MOY LOGISTICS,6030 RIVERSIDE DRIVE SUITE E CHINO CA 9171091710,,"CN, CHINA",,"SHENZHEN,YANTIAN",LONG BEACH,551431,WOMEN KNITTED S SWEATER WOMEN WOVEN S DRESS WOMEN WOVEN S PANTS WOMEN WOVEN S SKIRT WOMEN WOVEN S TOP MAN KNITTED S SWEATER WOMEN KNITTED S TOP MAN KNITTED S TOP,MAREZZI MOSTAZA REDSKY CUIDADO CON EL PERRO FOREVER 21 QUARRY,595.0,PKG,16720.0,334400.0,CHIASEF251130945,OOCU7116740,
2026-01-04,美国,中国,QIANGYUN SOURCING INC,KANGJIE GUANGZHOU CLOTHING TRADE CO LTD,16565 BROOKHURST STFOUNTAIN VALLEY CA 92708 FOUNTAIN VALLEY CA 92708 US FOUNTAIN VALLEY CA92708 US , NO 106 FENGZE EAST ROAD NANSHA DISTRICT GUANGZHOU 511466 CN GUANGZHOU511466 CN ,N/A,N/A,,"CN, CHINA",,SHANGHAI,LONG BEACH,611011,WOMEN S KNIT PULLOVER,NO MARKS,1214.0,CTN,16840.0,0.0,SDZHSE25120565,CXDU1722776,
2026-01-04,美国,中国,LIBERTY TRADE SOLUTIONS LLC,GUANGZHOU JISU TONG INTERNATIONAL SUPPLY CHAIN MANAGEMENT CO LTD,3534 PHILADELPHIA ST CHINO CA 9171 0 , 5 TH FLOOR BUILDING 8 DYNAMIC WANGGANG CREATIVE PARK JIAHE WANGGANG BA ,LIBERTY TRADE SOLUTIONS LLC,3534 PHILADELPHIA ST CHINO CA 9171 0 ,,"CN, CHINA",,"SHENZHEN,YANTIAN","HOUSTON,TX",842860,DINING CHAIR,NO MARKS,135.0,CTN,8308.0,166160.0,GSDRHZMOY348081,EMCU8661051,
2026-01-04,美国,中国,GUANGZHOU YUEYI TRADE CO LTD,HONGKONG JUANDA TRADE LIMITED, ZHAO YANG 760 CHEMIN DU GOLF VERDU N QC H3E1A85149966201 , OFFICE UNIT B ON 9/F THOMSON COMMERCIAL BUILDING 8 THOMSON ROAD WAN C HAI HONG KONG ,WISELINKCUSTOMS BROKERS LTD,168/169 -8711 ALEXANDRA RD RICHMO ND BC CANADA V6X 1C36046818733 ,,"CN, CHINA",,Pusan,"TACOMA,WA",950632,GOLF CART,NO MARKS,112.0,PKG,9800.0,196000.0,SYLCMIGOL212020,CIPU5104833,
2026-01-04,美国,中国,COTTAGE DOOR PRESS,GUANGZHOU GREAT DRAGON PRINTING & G,5005 NEWPORT DR SUITE 300,31 CHUANG YE ROAD TAI PING ECONOMI C DEVELOPMENT ZONE CONGHUA,COTTAGE DOOR PRESS,5005 NEWPORT DR SUITE 300,,"CN, CHINA",,"SHENZHEN,YANTIAN",LONG BEACH,482020,CHILDREN BOOKS,NO MARKS,209.0,CTN,2431.0,0.0,SMMBSSZX7300901,OOLU9850511,
2026-01-04,美国,中国,GUANGZHOU ZHENFA TRADE CO LTD,GUANGZHOU ZHENFA TRADE CO LTD, C/ O FBA2125 WEST SAN BERNARDINO AVE REDLANDS CA 92374 , LI GANG ROAD NO 10 4FA09 ,N/A,N/A,,"CN, CHINA",,"SHENZHEN,YANTIAN",LOS ANGELES,900490,TABLET CASE TABLET PROTECTIVE FILM,NO MARKS,47.0,CTN,712.0,0.0,AMZDCN252R37TDVZ,TCNU4156208,
2026-01-04,美国,中国,NAYELIDE SHOP SA CV,GUANGZHOU JUNHE INTERNATIONAL LOGIS,CALLE MANUEL FERNANDO SOTO NUMEROEX ,ROOM L357 UNIT 505 NO 8 JINGGAN ,HODOS SUPPLY CHAIN ADVANCE LLC,19141 GOLDEN VALLY RD SUIT 1006 ,,"CN, CHINA",,"SHENZHEN,YANTIAN",LONG BEACH,670290,PLASTIC FLOWER,NO MARKS,1081.0,CTN,19950.0,0.0,CHQFHSZ25120356,OOCU7388250,
2026-01-04,美国,中国,WHEEL PROS LLC,GUANGZHOU BL USA TEC E COMMERCE CO,5347 SOUTH VALENTIA WAY 200 ,ROOM 5003-5010 GEPING BLDG NO 685 BAIYUN SOUNTH ROAD ,N/A,N/A,,"CN, CHINA",,"SHENZHEN,YANTIAN",LONG BEACH,854110,"LED MIRROR LIGHT,LED LICENSE PLATE LIGHT SHIPTO WHEEL PROS KNOTT AVE BUENA PARK, CA USA",DLG112625PRE-C,15.0,PKG,136.0,0.0,CHSL536349275CAN,OOCU6948724,
2026-01-04,美国,中国,TEH TUNG CORP,GUANGZHOU JIELIAN PAPER CO LTD, 8728 DICE ROAD SANTA FE SPRINGS CA 90670 TEL: 562-903-9000 FAX: 562 903-9002 , PART 1 OF 101 BUILDING NO 64 GUOMAO AVENUE SOUTH HUALONG TOWN PANYU GUANGZHOU CITY GUANGDONG 511400 ,SUSTAINED DIRECT LTD,UNIT A& B 15/F NEICH TOWER 128 GLOUCESTER ROAD WANCHAI HK TEL: 562-903-9000 ,,"CN, CHINA",,"SHENZHEN,YANTIAN","HOUSTON,TX",481810,TOILET PAPER TOILET PAPER . . FACIAL PAPER . . PAPER MULTIFOLD TOWEL . . @ EMAIL JCHIE@MOREXPRODUCTS.COM EMAIL AWU@TEHTUNGCN.COM @@ MTSLBCO@MARUBENI-TRANS.COM EMAIL MVAN@MOREXPRODUCTS.COM,PO # TX0666328 PO # TX0666328 . THE SAME THE SAME THE SAME THE SAME THE SAME,1220.0,CTN,9430.0,0.0,EGLV149509407455,EISU8384849,
2026-01-04,美国,中国,PASSAGE TRADE CO LTD,GUANGZHOU TIAN YI INFORMATION TECHNOLOGY CO LTD, 4930 DIRECTORS PL STE 150 SAN DIEGO CA 92121 USA , ROOM 309 NO 6 WANGGANG INDUSTRIAL 2ND ROAD BAIYUN DISTRICT GUANGZHOU CHINA ,PASSAGE TRADE CO LTD, 4930 DIRECTORS PL STE 150 SAN DIEGO CA 92121 USA ,,"CN, CHINA",,"SHENZHEN,YANTIAN",LONG BEACH,481960,STORAGE BOX,NO MARKS,999.0,CTN,14700.0,0.0,HYSLFSZX12251387,FFAU2888059,
2026-01-04,美国,中国,AXONIFY STRALA INC,GUANGZHOU JIYU COMMERCE & TRADE CO,8020 SHAFFER PKY LITTLETON CO 8012 7 ,ROOM 499 N367 NO 89 YANLING ROAD TIANHE DISTRICT GUANGZHOU CITY ,AXONIFY STRALA INC,8020 SHAFFER PKY LITTLETON CO 8012 7 ,,"CN, CHINA",,SHANGHAI,LOS ANGELES,851490,"INDOOR RANGE OVEN,NXR BURNER TABLETOP PR OPANE GAS GRILL",NO MARKS,288.0,CTN,9756.0,0.0,KIUFKBHZ25120052,EGSU1890902,
2026-01-04,美国,中国,MASLMIO TRADE INC,FENGYI GUANGZHOU INTERNATIONAL E C D,41-14B MAIN ST STE B26 FLUSHING NY 11355 UNITED ST FLUSHING NEW YORK 11355 US ,ROOM 406 NO 40 DAJINZHONG RD JINGTAISTREET BAIYUN DISTRICT GUANGZHOU GD CHINA GUANGZHOU CN ,N/A,N/A,,"CN, CHINA",,SHANGHAI,LONG BEACH,630252,KNIT SUITS+KNIT PULLOVERS,NO MARKS,2257.0,CTN,9430.0,0.0,SXCOSHE25123129,DRYU4562821,
2026-01-04,美国,中国,VERITAS INTERNATIONAL GROUP LLC,GUANGZHOU JISU TONG INTERNATIONAL S 5TH, 18003 CORTNEY CT CITY OF INDUSTRY CA 91748 CITY OF INDUSTRY US ,FLOOR BUILDING 8 DYNAMIC WANGGANG CREATIVE PARK JIAHE WANGGANG BA IYUN DISTRICT GUANGZHOU CN ,VERITAS INTERNATIONAL GROUP LLC, 18003 CORTNEY CT CITY OF INDUSTRY CA 91748 CITY OF INDUSTRY US ,,"CN, CHINA",,"SHENZHEN,YANTIAN",LONG BEACH,842860,DINING CHAIR,NO MARKS,144.0,CTN,7194.0,0.0,COHEGZSE25C00112,OOCU7167942,
2026-01-04,美国,中国,PROTECH LEADED EYEWEAR INC,GUANGZHOU NEWLIFE MAGNETICS CO LT,7960 CENTRAL INDUSTRIAL DR SUITE 125 , NO 1 XINKE RD NINGXI ST ZENGC DISTRICT GUANGZHOU CHINA 511356 ,N/A,N/A,,"CN, CHINA",,"SHENZHEN,YANTIAN",LONG BEACH,640590,SCATTERGUARD DRAPE SCATTERGUARD DISPOSABLE THYROID COLLAR SCATTERGUARD DISPOSABLE CAPS,PO NO 866841 PI NO ZCSO2510100018 SCATTERGUARD DRAPE CAP COLLAR ITEM CODE LOT NO CTN ANUFACTURING DATE GW NW PLT NO,2.0,PKG,1152.0,0.0,UASI7809103709,TCNU5867345,
2026-01-04,美国,中国,GUANGZHOU SOUGLE,GUANGZHOU HAOLIN HOUSEWARE CO LTD,14955 LIMONITE AVE EASTVALE CA92880 EASTVALE CA 92880 US EASTVALE CA92880 US, ROOM 06 07 13- F BUILDING 3 GAOSHENG PLAZA 163 YINGBIN AVENUE GUANGZHOU 510800 CN GUANGZHOU 510800 CN ,N/A,N/A,,"CN, CHINA",,"SHENZHEN,YANTIAN","HOUSTON,TX",844330,PRINTING MACHINERY ENGRAVED ROLLER,NO MARKS,10.0,PKG,6750.0,0.0,SDZHSE25100727,CSNU7385250,
2026-01-04,美国,中国,WE EVOLVETOGETHER LLC,GUANGZHOU LISSON PLASTIC CO LTD,2041 EAST STREET SUITE 666 CONCORD CA 94520 USA , LISSON MANSION NO 2-36 YONGFA ROAD HUADU DISTRICT GUANGZHOU CITY GUANGDONG PROVINCE CHINA ,WE EVOLVETOGETHER LLC,2041 EAST STREET SUITE 666 CONCORD CA 94520 USA ,,"CN, CHINA",,"SHENZHEN,YANTIAN",LOS ANGELES,760900,G ALUMINUM TUBE HS CODE,48G ALUMINUM TUBE,160.0,CTN,688.0,0.0,HYSLGZ25120046,OTPU6310724,
2026-01-04,美国,中国,RELAXATION SPAS INC,GUANGZHOU J&J SANITARY WARE CO LT,712 E BOONE ST , NO 41 PEIZHENG AVENUE CHINI TOWN HUADU DISTRICT ,ETC INTERNATIONAL FREIGHT SYSTEM,20695 S WESTERN AVE STE 241,,"CN, CHINA",,"SHENZHEN,YANTIAN",LOS ANGELES,901910,MASSAGE BATHTUBHS CODE: THIS SHIPMENT CO NTAINS NO SOLID WOOD PACKING MATERIALS,NO MARKS,37.0,PKG,5320.0,0.0,DWCHSSNZS0076485,MRSU3505672,
2026-01-04,美国,中国,FRAGRANT MAGNOLIA INC,GUANGZHOU CHENXING GARMENT TECHNOLOGY CO LTD,3140 SLAUSON AVE VERNON CA 90058 , RM 202 13 JIN AO STREET DALONG STREET PANYU DISTRICT ,FRAGRANT MAGNOLIA INC,3140 SLAUSON AVE VERNON CA 90058 ,,"CN, CHINA",,SHANGHAI,LONG BEACH,640411,WOMEN TOP WOMEN SKIRT WOMENS KNIT DRESS WOMENS WOVEN DRESS,INTERMARKET VICI/BLUE BLUSH/LALAVON/UBAN OUTFITTERS/BDG,2623.0,CTN,8526.0,0.0,SHNLSLSH25120322,MATU2586196,
2026-01-04,美国,中国,ARCADOM CORP,BAIWANGLAI GUANGZHOU NETWORK TECH,2300 E KATELLA AVE STE 325 ANAHEIM CALIFORNIA 92806 US ,ROOM 4101 NO 888 YUNCHENG WEST ROA D BAIYUN DISTRICT GUANGZHOU CN ,N/A,N/A,,"CN, CHINA",,NINGBO,LOS ANGELES,842860,MASSAGE CHAIR HS CODE:,NO MARKS,43.0,PKG,4570.0,0.0,FEVMSZXF25121785,EGSU1845441,
2026-01-04,美国,中国,AUBAGNE INC,GUANGZHOU SHENDIANWEI TRADE CO LT,572 S SALINA ST STE 102 SYRACUSE N Y 13202 , ROOM 4008 BUILDING B NO 140-214 YINGBIN ROAD LUOPU STREET PANYUDI STRICT GUANGZHOU CITY 511400 ,AUBAGNE INC,572 S SALINA ST STE 102 SYRACUSE N Y 13202 ,,"CN, CHINA",,"SHENZHEN,YANTIAN",LONG BEACH,270300,CAT LITTER BOX,NO MARKS,435.0,CTN,5942.0,0.0,GUGWMC251201125,CSGU6711603,
2026-01-04,美国,中国,WINDRIDER TRADE INC,GUANGZHOU YUXIANG TRADE CO LTD,1755 TELSTAR DR NUM 306 COLORADO S PRINGS CO 8092 , NO 22 AREA W RM402 FOURTH FL NO 199-1 YINGLONG RD TIANHE DIST GUANGZHOU ,N/A,N/A,,"CN, CHINA",,SHANGHAI,LONG BEACH,610910,MENS T-SHIRT,NO MARKS,9090.0,CTN,19076.0,0.0,MOXRPVGS2512194,CXDU2186209,
2026-01-04,美国,中国,LINNEA TRADE CO LTD,MAO MAO YE TRADE GUANGZHOU CO LTD, 5534 SAINT JOE RD STE 138 FORT WAYNE IN 46835 USA , 101 BUILDING 2 LANTIANCANG NO 6 DALANG WEST ROAD BAIYUNHU STREET BAIYUN DISTRICT GUANGZHOU ,JAAK TRANSPORT INC,21073 PATHFINDER RD SUITE 101 DIAMOND BAR CA 91765 USA ,,"CN, CHINA",,"SHENZHEN,YANTIAN",LONG BEACH,810196,WIRE RACK .,ITEM#: DESCRIPTION: PO#: CASE PK: MADE IN CHINA CARTON NO:,1258.0,CTN,12747.0,0.0,HNLTZS25QA0281,SEKU4680701,
2026-01-04,美国,中国,GQWE HONOR TRADE CO LTD,GUANGZHOU GANCAN TRADE CO LTD, 177 S PECKHAM RD AZUSA CALIFORNIA 91702 US , SHOP 51 NO 34 QIUYUE STREET QIAO CHENG ROAD HAIZHU DISTRICT GUANGZH OU CITY GUANGZHOU CN ,N/A,N/A,,"CN, CHINA",,SHANGHAI,LOS ANGELES,940430,AREA RUG HS CODE: SLEEPING BAG HS C ODE:,NO MARKS,881.0,CTN,12300.0,0.0,SKEMZG2512100021,TXGU7244748,
2026-01-04,美国,中国,WILBOURN TRADE INC,GUANGZHOU YUEHE TRADE CO LTD,1926 DANUBE WAY BOLINGBROOK ILLINOIS 60490 US , ROOM 509 5TH FLOOR NO 613 NORTH GUANGZHOUAVENUE ROAD TIANHE DISTRI CT GUANGZHOU CN ,N/A,N/A,,"CN, CHINA",,SHANGHAI,LONG BEACH,660199,FOLDING UMBRELLA,NO MARKS,948.0,CTN,14414.0,0.0,NXHSNBXH25122416,CAIU4955350,
2026-01-04,美国,中国,SONIC WAREHOUSE INC,GUANGZHOU KEYUANLONG ELECTRIC CO LTD,6537 W 92ND ST OAK LAWN IL 60453 USA , NO 7 GAOBIAO SOUTH STREET DONGJING VILLAGE XINHUA TOWN HUADU DISTRICT GUANGZHOU CGINA ,SONIC WAREHOUSE INC,6537 W 92ND ST OAK LAWN IL 60453 USA ,,"CN, CHINA",,"SHENZHEN,YANTIAN",LOS ANGELES,851829,SPEAKER,NO MARKS,930.0,CTN,5895.0,0.0,HYSLFCAN12250165,CAAU9052637,
2026-01-04,美国,中国,SUMMIT TRADE INC,GUANGZHOU NEW STORY TRADE CO LTD,ADD:1401 21ST ST STE R SACRAMENTO CA 95811 6264819884 , ROOM 2203 NO 13 ZEXI STREET HANX I VILLAGE HANXI COMMERCIAL CENTER ZHONGCUN STREET PANYU DISTRICT ,SUMMIT TRADE INC,ADD:1401 21ST ST STE R SACRAMENTO CA 95811 6264819884 ,,"CN, CHINA",,SHANGHAI,LONG BEACH,481960,STORAGE BOX,NO MARKS,1037.0,CTN,16100.0,0.0,TXSLCTSE2512153,TCNU8649590,
2026-01-04,美国,中国,SHENGJING TRADE INC,GUANGZHOU GUANGTEX TRADE CO LTD,789 SHERMAN ST DENVER CO 80203 , 4 F GUANGTEX BUILDING 438 DONGFENG ROAD C GUANGZHOU CHINA ,SHENGJING TRADE INC,789 SHERMAN ST DENVER CO 80203 ,,"CN, CHINA",,"SHENZHEN,YANTIAN",LONG BEACH,610821,LADIES %COTTON %POLYESTER %SPANDEX WOVEN PANTS LADIES %COTTON %SPANDEX WOVEN PANTS LADIES %COTTON %SPANDEX WOVEN SHORTS . . . . . . . .,YMI PO: STYLE: COLOR COOE: SIZE: QTY: GW: NW: MEAS: QUANTITY PCS NEW OR RE LBS COUNTRY OF ORIGIN CARTON NO. MADE IN CHINA,1028.0,CTN,14720.0,0.0,WLIRPL2025125902,FCIU9578793,
2026-01-04,美国,中国,ANNAFLOW CO LTD,GUANGZHOU HEHUIDAO ELECTRONIC TRADE CO LTD, 418 BROADWAY STE R ALBANY NY 12207 , 1ST FLOOR BUILDING 11 WE ST DISTRICT HEBIAN FIVE SOCIETIES HEBIAN STREET BAIYUN DISTRICT ,ANNAFLOW CO LTD, 418 BROADWAY STE R ALBANY NY 12207 ,,"CN, CHINA",,SHANGHAI,LONG BEACH,853990,"WALL LAMP,PENDANT LAMP,TABLE LAMP,CEILING LAMP , , THIS SHIPMENT CONTAINS NO SOLID WOOD PACKING MATERIALS.",. .,1192.0,CTN,5852.0,0.0,PIAHSZF2512214,MATU4637836,
2026-01-04,美国,中国,SELECT CLOTHING COMPANY INC,GUANGZHOU MAOSHENG TRADE CO LTD, 320 E 18TH STREET LOS ANGELES CA 90015 LOS ANGELES US , 303 3RD FL NO 5 LUOYONG NORTH RD SONGZHOUST BAIYUN DIST GUANGZHOU GUANGZHOU CN ,SELECT CLOTHING COMPANY INC, 320 E 18TH STREET LOS ANGELES CA 90015 LOS ANGELES US ,,"CN, CHINA",,NINGBO,LOS ANGELES,710410,BOY S KNIT SHORT SET,NO MARKS,2284.0,CTN,7463.0,0.0,CIECCA25122001,TRHU8339197,
2026-01-04,美国,中国,DGY TRADE CO LTD,GUANGZHOU GANCAN TRADE CO LTD, 2300 W SAN BERNARDINO AVE REDLANDS CALIFORNIA 92374 US , SHOP 51 NO 34 QIUYUE STREET QIAO CHENG ROAD HAIZHU DISTRICT GUANGZH OU CITY GUANGZHOU CN ,N/A,N/A,,"CN, CHINA",,"SHENZHEN,YANTIAN",LONG BEACH,691090,BATHROOM ORGANIZER HS CODE:,NO MARKS,521.0,PKG,12182.0,0.0,SKEM2512120073A,CSNU8419040,
2026-01-04,美国,中国,DZRK SUN COMMERCE CO LTD,GUANGZHOU COUNSELOR TRADE CO LT, 4558 BRAZIL ST LOS ANGELES CA 900 39 LOS ANGELES CALIFORNIA 90039 US , ROOM 313 NO 2 YUNQUANZHI STREET GUANGYUAN EASTROAD YUEXIU DISTRICT GUANGZHOU CITY GUANGZHOU CN ,N/A,N/A,,"CN, CHINA",,"SHENZHEN,YANTIAN",LONG BEACH,710410,DINNERWARE SET HS CODE:,NO MARKS,2043.0,CTN,16194.0,0.0,SKEMZG2512120045,OOLU6895765,
2026-01-04,美国,中国,MUKU HOME INC,GUANGZHOU LINHE MUYU TECHNOLOGY CO LTD,ADDRESS218 MACHLIN CT R201 WALNUT CA 91789 , BAIYUN DISTRICT GUANGZHOU ,MUKU HOME INC,ADDRESS218 MACHLIN CT R201 WALNUT CA 91789 ,,"CN, CHINA",,"SHENZHEN,YANTIAN",LONG BEACH,392610,OFFICE TABLE OFFICE CABINET OFFICE CHAIR,NO MARKS,144.0,CTN,7870.0,0.0,YQNLNJSE3917221,CSNU6478018,
2026-01-04,美国,中国,COLSON GROUP,COLSON CASTER GUANGZHOU LIMETED,USA LLC 4451 EUCALYPTUS AVE ,3 YONGSHUN AVENUE ZENGCHENG DISTRICT,N/A,N/A,,"CN, CHINA",,"SHENZHEN,YANTIAN",LOS ANGELES,940360,CASTER AND PART JOB NO:J . /M . INV NO :Y /Y PKGS= PALLETS ( CARTO NS ) + WOODEN PALLETS + WOODEN PALLET + WOODEN PALLETS ( CARTONS) SHIPPER DECLARES THAT THIS SHIPMENT CONTAINS SOLID WOOD PACKI NG MATERIALS AND HAVE BEEN FUMIGATED.,NO MARKS,1479.0,PKG,18369.0,0.0,BWLECAN59400011,TCLU4144236,
2026-01-04,美国,中国,WEI HAOFEN INC,GUANGZHOU TUFU TRADE CO LTD,177 W HIGHWAY 40 BYERS 80103 US , ROOM 2411 NO 5 HUANGPU EAST ROAD HUANGPU DISTRICT GUANGZHOU GUANGZH OU CN ,WEI HAOFEN INC,177 W HIGHWAY 40 BYERS US ,,"CN, CHINA",,SHANGHAI,LONG BEACH,621149,WOMEN S JACKET,NO MARKS,1361.0,CTN,15626.0,0.0,OEIAGNG25120025,MATU4565696,
2026-01-04,美国,中国,WISDOM SUPPLY CHAIN LIMITED,GUANGZHOU HAOLUN TRADE DEVELOPMENT CO LTD, 2233 S HACIENDA BLVD SUITE 201 HACIENDA HEIGHT CA 91745 , ROOM 205 NO 255 YI SHENG PLAZAD ,WISDOM SUPPLY CHAIN LIMITED, 2233 S HACIENDA BLVD SUITE 201 HACIENDA HEIGHT CA 91745 ,,"CN, CHINA",,"SHENZHEN,YANTIAN",LONG BEACH,620462,WOMENS DENIM PANTS THIS SHIPMENT CONTAINS NO SOLID WOOD PACKING MATERIALS.,.,1967.0,CTN,19000.0,0.0,ASWWASSZX512980,FSCU8671236,
2026-01-04,美国,中国,MEDERER OF NORTH AMERICA INC,TROLLI GUANGZHOU CONFECTIONERY CO,1700 WEST HIGGINS ROAD SUITE 680 ,SHAWAN PANYU DISTRICT GUANGZHOU GUANGDONG CHINA ,N/A,N/A,,"CN, CHINA",,"SHENZHEN,YANTIAN","NEW YORK,NY",700232,GUMMI CANDIES CONFECTIONERY PRODUCT AS PER PO NO. MNA-C- AS PER PO NO. MNA-C- AS PER PO NO. MNA-C- FDA REG. NO.GUMMI CANDIES CONFECTIONERY PRODUCT AS PER PO NO. MNA-C- AS PER PO NO. MNA-C- AS PER PO NO. MNA-C- FDA REG. NO.GUMMI CANDIES CONFECTIONERY PRODUCT AS PER PO NO. MNA-C- AS PER PO NO. MNA-C- AS PER PO NO. MNA-C- FDA REG. NO.,NO MARKSNO MARKSNO MARKS,6240.0,PKG,37502.0,0.0,CHSL533675952CAN,"ZCSU7148200,CAIU8896385,CAAU6854897",
2026-01-04,美国,中国,EVERGREEN RESOURCES INC,GUANGZHOU CHUMBOON IMPORT & EXPORT,3404 FRANKSTOWNE DRIVE NAPERVILLE IL UNITED STATES 60565 , NO 7 ZHUCUN AVENUE CENTRAL ZHUCUN STREET ZENGCHENG GUANGDONG PROVINCE GUANGZHOU 511370 ,EVERGREEN RESOURCES INC,3404 FRANKSTOWNE DRIVE NAPERVILLE IL UNITED STATES 60565 ,,"CN, CHINA",,"SHENZHEN,YANTIAN",LOS ANGELES,800200,EMPTY TIN CANEMPTY TIN CANEMPTY TIN CAN,AS ADDRESSEDAS ADDRESSEDAS ADDRESSED,96.0,CTN,21780.0,0.0,KFUNA2512280452,"TCNU6588073,TCNU3359345,SEGU4258076",
2026-01-04,美国,中国,LUNATIC DESIGN INC,GUANGZHOU QIANCHENG ZHIYUN TECHNOLO,9945 PIONEER BLVD SANTA FE SPGS CA 90670 ,BUILDING D3 ZHIHUI PARK XICHENG D ISTRICT BAIYUN DISTRICT GUANGZHOU ,LUNATIC DESIGN INC,9945 PIONEER BLVD SANTA FE SPGS CA 90670 ,,"CN, CHINA",,"SHENZHEN,YANTIAN",LONG BEACH,481960,STORAGE BOX,NO MARKS,751.0,CTN,12932.0,0.0,GSDRHZMSH915691,TGBU4362343,
2026-01-04,美国,中国,SUMMIT TRADE INC,GUANGZHOU NEW STORY TRADE CO LTD,1401 21ST ST STE R SACRAMENTO CA 9 5811 , ROOM 2203 NO 13 ZEXI STREET HANXI VILLAGE ZHONGCUN STREET PANY U DISTRICT GUANGZHOU CITY ,N/A,N/A,,"CN, CHINA",,"SHENZHEN,YANTIAN",LONG BEACH,481960,STORAGE BOX,NO MARKS,909.0,CTN,13628.0,0.0,TWXAGTLSE2512059,OOLU8996498,
2026-01-04,美国,中国,DUKERS APPLIANCE CO USA LTD,GUANGZHOU BOAOSI APPLIANCE CO LTD,- NJ B 4475 SOUTH CLINTON AVENUE SUITE 115 SOUTH PLAINFIELD NJ 07080 UNITED STATES , NO 28 LUOGANG HUANGANG NORTH ROAD JUNHE STREET BAIYUN DISTRICT GUANGZHOU CITY P R CHINA TEL: ,DUKERS APPLIANCE CO USA LTD,- NJ B 4475 SOUTH CLINTON AVENUE SUITE 115 SOUTH PLAINFIELD NJ 07080 UNITED STATES ,,"CN, CHINA",,"SHENZHEN,YANTIAN","NEW YORK,NY",650510,REFRIGERATOR STOCK POT STOVES SPARE PARTS THIS SHIPMENT DOES NOT CONTAIN ANY SOLID WOOD PACKING MATERIALREFRIGERATOR STOCK POT STOVES SPARE PARTS THIS SHIPMENT DOES NOT CONTAIN ANY SOLID WOOD PACKING MATERIALREFRIGERATOR STOCK POT STOVES SPARE PARTS THIS SHIPMENT DOES NOT CONTAIN ANY SOLID WOOD PACKING MATERIAL,NO MARKSNO MARKSNO MARKS,154.0,CTN,17250.0,0.0,OERT210702Y00577,"TEMU7537300,JXLU6481710,CAAU9553433",
2026-01-04,美国,中国,BRETFORD MFG,SEIPO INNOVATION TECHNOLOGIES GUANGZHOU CO LTD,11000 SEYMOUR AVE FRANKLIN PARK IL 60131 UNITED STATES US, KAIXIANG COMMERCIAL BUILDING JUYUANSTREET SHICHA ROAD BAIYUN DISTRICT CN ,N/A,N/A,,"CN, CHINA",,HULUTAO,LONG BEACH,844851,ROTARY LOCK LATCH HOOK A LATCH HOOK SCREW,SEIPO,73.0,PKG,615.0,0.0,CHKMSCCG25162672,BMOU5151531,
2026-01-04,美国,中国,YUANWEI TRADE LIMITED,GUANGZHOU TIAN YI INFORMATION TECHNOLOGY CO LTD, 1055 WILSHIRE BLVD 900B LOS ANGELESCA 90017 , ROOM 309 NO 6 W ANGGANG INDUSTRIAL 2ND ROAD BAIYUN DISTRICT GUANGZHOU ,YUANWEI TRADE LIMITED, 1055 WILSHIRE BLVD 900B LOS ANGELESCA 90017 ,,"CN, CHINA",,"SHENZHEN,YANTIAN",LONG BEACH,481960,STORAGE BOX,NO MARKS,825.0,CTN,13600.0,0.0,MFNOMF25120862,TGBU8750497,
2026-01-04,美国,中国,PASSAGE TRADE CO LTD,GUANGZHOU TIAN YI INFORMATION TECHN, 4930 DIRECTORS PL STE 150 SAN DIEGOCA 92121 ,ROOM 309 NO 6 WANGGANG INDUSTRIAL 2ND ROAD BAIYUN DISTRICT GUANGZHOU ,PASSAGE TRADE CO LTD, 4930 DIRECTORS PL STE 150 SAN DIEGOCA 92121 ,,"CN, CHINA",,"SHENZHEN,YANTIAN",LONG BEACH,481960,STORAGE BOX,NO MARKS,935.0,CTN,15400.0,0.0,GSDRHZMJR413120,CSNU8270276,
2026-01-04,美国,中国,VENTURE FORMATIONS LLC,GUANGZHOU YIXIU LVDIAN ENERGY TECHN OLOGY CO LTD,C/O FBA 8130 CALIENTE RD ,NO 3A06 FLOOR 4 NO 1498 FANGHUA ROAD RENHE VILLA ,N/A,N/A,,"CN, CHINA",,"SHENZHEN,YANTIAN",LOS ANGELES,841459,CHARGER,DO NOT STACK,378.0,CTN,4882.0,0.0,AMZDCN253K63MQ6Q,SUDU5496248,
2026-01-04,美国,中国,ELITE INDUSTRIAL INC,GUANGZHOU FUYOU IMPORT & EXPORT TRADE CO LTD,36 S 18TH AVE STE D BRIGHTON CO 80601 USA , ROOM 605 RONGHUI BUILDING NO 302 ZHICHENG AVENUE GUANGZHOU ECONOMIC AND TECHNOLOGICA ,ELITE INDUSTRIAL INC,36 S 18TH AVE STE D BRIGHTON CO 80601 USA ,,"CN, CHINA",,"SHENZHEN,YANTIAN",LONG BEACH,950440,CONGRATUL ATION CARDS HS CODE:,NO MARKS,918.0,CTN,19051.0,0.0,HYSLFSZX12251220,DFSU7799130,
2026-01-04,美国,中国,GLOBAL TR USA MERICA LLC,GUANGZHOU ZHIGOU TRUSS CO LTD,4295 CHARTER STREET LOS ANGELES CA 90058 USA , NO 115-1 HAI YONG ROAD SHIJI TOWN PANYU ZONE GUANGZHOU CITY GUANGDONG PROVINCE CHINA TEL:020-39973797 ,GLOBAL TR USA MERICA LLC,4295 CHARTER STREET LOS ANGELES CA 90058 USA ,,"CN, CHINA",,"SHENZHEN,YANTIAN",LOS ANGELES,871493,ALUMINIUM TRUSS ALUMINIUM TRUSS THE SAME,1)DURATRUSS 2)GLOBAL 1)DURATRUSS 2)GLOBAL TRUSS AMERICA,544.0,CTN,5775.0,0.0,EGLV149509362150,EITU9081286,
2026-01-04,美国,中国,GUANGZHOUAODUNDIANZISHANGWU YOUXIAN GONGSI CO FBA3300 HOGUM BAY,ANJI WANBAO INTELLIGENT HOME TECHNO LOGYCO LTD, RD NE ,BAMBOO INDUSTRY PARKQ IANSHI NO 1 ROAD XIAOFENG SUBDISTRI ,N/A,N/A,,"CN, CHINA",,NINGBO,"TACOMA,WA",842860,OFFICE CHAIR,NO MARKS,626.0,CTN,8559.0,0.0,AMZDCN25GREFGQBY,BEAU4547518,
2026-01-04,美国,中国,TITAN MANUFACTURING & DISTRIBUTING,GUANGZHOU LANJINGGUO TRADE COMPAN,DBA TITAN BRANDS INC 3839 FOREST HILL IRENE ROAD , RM 1603 NO 1138 WEST ZHONGSHAN AV ENUE ,TITAN MANUFACTURING & DISTRIBUTING DBA TITAN BRANDS INC,3839 FOREST HILL IRENE ROAD ,,"CN, CHINA",,"SHENZHEN,YANTIAN",LONG BEACH,731520,TRACTOR ATTACHMENTS & PARTS FOR AGRICULTURAL & FORESTRY USE: HEAVY DUTY STANDARD FLOW SS BRUSH CUTTER ( ); SKID STEER TRUSS BOOM V ; QUICK ATTACH ADAPTOR V ; FORKLIFT ATTACHMEN TS: SKID STEER PRO SERIES FORK FRAME (FRHDV ); OUTDOOR PRODUCTS: PARK GRILL WITH HOOD,NO MARKS,92.0,PKG,13235.0,0.0,SMMBSSZX7314987,OOCU9786334,
2026-01-04,美国,中国,MUYU TRADE INC,GUANGZHOU LONGYUE TRADE CO LTD,1910 STOUGHTON AVE CHASKA MN 55318 , ROOM 702 BUILDING 2 NO 1 WEISHI R OAD ZENGJIANG STREET ZENGCHENG DI STRICT GUANGZHOU ,MUYU TRADE INC,1910 STOUGHTON AVE CHASKA MN 55318 ,,"CN, CHINA",,SHANGHAI,LONG BEACH,392220,PLASTIC FRAME,NO MARKS,1011.0,CTN,16075.0,0.0,SYLC9997721000,MATU2664200,
2026-01-04,美国,中国,PASSAGE TRADE CO LTD,GUANGZHOU TIANYI INFORMATION, 4930 DIRECTORS PL STE 150 SAN DIEGOCA 92121 PASSAGEKUANGYAN@OUTLOOK C OM TEL9567971189 ,ROOM 309 NO 6 WANGGANG INDUSTRIAL 2ND ROAD BAIYUN DISTRICT GUANGZHOU ,PASSAGE TRADE CO LTD, 4930 DIRECTORS PL STE 150 SAN DIEGOCA 92121 PASSAGEKUANGYAN@OUTLOOK C OM TEL9567971189 ,,"CN, CHINA",,SHANGHAI,LONG BEACH,481960,"STORAGE BOX, NOTEBOOK CASE",NO MARKS,846.0,CTN,13500.0,0.0,JLHGJLSHA5120937,BMOU4116623,
2026-01-04,美国,中国,SUNWEI TRADE CO LTD,DAWEI GUANGZHOU TECHNOLOGY CO, C/O FBA 36900 W 4TH ST ,L TDROOM 502 266 KEFENG ROAD ,N/A,N/A,,"CN, CHINA",,QINGDAO,LONG BEACH,701090,MEDIUM SQUARE GLASS JAR WIDE MOUTH MASON JAR ROUND MASON GLASS BOTTLE ROUND MASON GLASS BOTTLE WITH LID MASON GLASS BOTTLE GALLON SILK MOUTH GLASS BOTTLE GALLON BAYONET GLASS BOTTLE . GALLON GLASS BOTTLE WITH AIR LOCK . GALLON SQUARE GLASS BOTTLE . GALLON SQUARE GLASS BOTTLE WITH LID GALLON SQUARE GLASS BOTTLE GALLON GLASS BOTTLE WITH AIR LOCK . L SQUARE GLASS BOTTLE . L ROUND GLASS BOTTLE,NO MARKS,1111.0,CTN,12650.0,0.0,AMZDCN25V6DHMIYK,FFAU4458925,
2026-01-04,美国,中国,FURNITURE DESIGN GROUP LLC,GUANGZHOU MERICAN OPTOELECTRONIC TE, 8250 MELROSE AVE LOS ANGELESCA 90048 LOS ANGELES CA 90048 US ,YIMEI INDUSTRIAL PARK 3RD FUYUAN H UADU DISTRICT GUANGZHOU CITY GUAN GZHOU CN ,N/A,N/A,,"CN, CHINA",,"SHENZHEN,YANTIAN",LONG BEACH,901910,MASSAGE BED PANELMASSAGE BED PANEL,NO MARKSNO MARKS,46.0,PKG,6460.0,0.0,TLKPSZXLAX5D177X,"CSGU6704693,OOLU1783968",
2026-01-04,美国,中国,IBTOM ECOMMERCE LIMITED,GUANGZHOU YAOCHENGJIN TRADE CO LTD, C/O FBA 24208 SAN MICHELE RD ,TEAM 22 LIXI VILLAGE HUADONG T OWN ,N/A,N/A,,"CN, CHINA",,"SHENZHEN,YANTIAN",LOS ANGELES,610910,MEN UNDERWEAR,NO MARKS,15.0,CTN,274.0,0.0,AMZDCN25KKU7EAN2,UETU8181777,
2026-01-04,美国,中国,PROMOCION Y LOGISTICA ARNEM,GUANGZHOU SHIMAO BAICHUAN INTERNATIONAL IMPORT & EXPORT CO LTD,J CLEMENTE OROZCO 539 COL ALAMOS DE SAN LORENZO C P 32340 CD JUAREZ CHIHUAHUA MEXICO , RM 101-100 NO 44 FUHUA EAST ST TANGDONG TIANHE DIST ,HDR LOGISTICS LLC,220 PETE DOMINICI HWY SANTA TERESA NM 88008 ,,"CN, CHINA",,"SHENZHEN,YANTIAN",LOS ANGELES,920410,STAND FAN HS CODE: PIANO HS CODE: HOTEL LINEN HS CODE: THIS SHIPMENT CONTAINS NO SOLID WOOD PACKING MATERIALS,NO MARKS,895.0,PKG,15300.0,0.0,HNLTSZ25QA0002,MRKU5990609,
2026-01-04,美国,中国,ALICORN PHOENIX LLC,GUANGZHOU YUETU IMPORT & EXPORT CO LTD,11242 W HARRISON ST AVONDALEAZ85323 US , NO 63 NAN AN ROAD LIWAN DISTRICT GUANGZHOUGD CN ,T LINK LOGISTICS INC,13901 YORBA AVE CHINO CA 91710 UNITED STATES OF CHINO CA91710 US ,,"CN, CHINA",,SHANGHAI,LONG BEACH,481960,STORAGE BOX,NO MARKS,602.0,CTN,12007.0,0.0,PPILS3020924A,MATU2661833,
2026-01-04,美国,中国,GUANGZHOU CHUANGHUI ELECTRONIC TECHNOLOGY CO LT,GUANGZHOU CHUANGDE CHUANG ELECTRONIC TECHNOLOGY CO LTD,D CO CASTLEGATE LOGISTICS INC 1040 W RENWICK ROAD ROMEOVILLE IL 60544 , ROOM 506 NO 20 3 HETAI ROAD HELONG STREET BAIYUN DISTRICT GUANGZHOU ,N/A,N/A,,"CN, CHINA",,"SHENZHEN,YANTIAN",LOS ANGELES,853990,"CEILING LAMP,CEILING FAN,PENDANT LAMP",WHS-99787-41971533,158.0,CTN,933.0,0.0,CGGMYAX3238325,MSKU9037650,
2026-01-04,美国,中国,ATLAS CREST INNOVATIONS INC,GUANGZHOU TIANYI INFORMATION TECHNO,10687 W HIGHWAY 156 WEST FORK AR 7 2774 WEST FORK ARKANSAS 72774 US ,ROOM 309 NO 6 WANGGANG INDUSTRIAL 2NDROAD BAIYUN DISTRICT GUANGZHOU GUANGZHOU CN ,N/A,N/A,,"CN, CHINA",,SHANGHAI,LONG BEACH,481960,STORAGE BOX/WOMAN TOP,NO MARKS,863.0,CTN,14000.0,0.0,STNDSTL25087237,MATU2603061,
2026-01-04,美国,中国,OLEWEN TRADE LLC,GUANGZHOU YOUXIANTONG TRADE CO LTD,13350 CHINO ARVIDSON RD CA 91710 , RM 427 4TH FLOOR NO 25 SIYOU 2ND R D YUEXIU DISTRICT GUANGZHOU CHINA ,OLEWEN TRADE LLC,13350 CHINO ARVIDSON RD CA 91710 ,,"CN, CHINA",,"SHENZHEN,YANTIAN",LONG BEACH,621210,BRASSIERES,NO MARKS,512.0,CTN,4450.0,0.0,OSTISZLGB25C5659,TIIU6285245,
2026-01-04,美国,中国,WALLER NORTH PARK GROUP INC,GUANGZHOU FOURTO SANITARY PRODUCTS, 333 WALLER AVE STE 290 LEXINGTON K ENTUCKY KENTUCKY 40504 US , NO 7 SHIYUAN RD 2 XIUQUAN STREET HUADU DISTRICT GUANGZHOU CN ,N/A,N/A,,"CN, CHINA",,"SHENZHEN,YANTIAN",LONG BEACH,271290,HAIR REMOVAL WAX,NO MARKS,1878.0,CTN,18010.0,0.0,OBLMOBGZ25C6711,CCLU7936061,
2026-01-04,美国,中国,SCHLAGE LOCK CO LLC,GUANGZHOU HANEX HARDWARE & ELECTRON ICS LIMITED,11819 N PENNSYLVANIA ST CARMEL IN 46032-455 US , NO 6 HEXI ROAD GUANGZHOU 511400 CN ,SCHLAGE LOCK COMPANY, 2119 E KANSAS CITY RD OLATHE KS 66061-705 US ,,"CN, CHINA",,Port of Bellingham,LOS ANGELES,843221,MOTORCYCLE DISC LOCKS PO# PLTS= CTNS,KRYPTONITE,167.0,CTN,750.0,0.0,BANQ1070933164,TEMU8375755,
2026-01-04,美国,中国,TRUVA STANDARD INC,GUANGZHOU ZHONGYUE CLOTHING CO LT,2645 ULMERTON RD STE 100 CLEARWATERFL 33762 EMAILTIB0026@126 COM , D XINBAIJIA SHATAI ROAD JINGXI SU B-DISTRICT BAIYUN DISTRICT GUANGZ HOU CITY GUANGDONG PROVINCE ,TRUVA STANDARD INC,2645 ULMERTON RD STE 100 CLEARWATERFL 33762 EMAILTIB0026@126 COM ,,"CN, CHINA",,SHANGHAI,LONG BEACH,590390,LADIES KNITWEAR,NO MARKS,782.0,CTN,18762.0,0.0,NCACG25120388,MATU2752168,
2026-01-04,美国,中国,DGY TRADE CO LTD,GUANGZHOU GANCAN TRADE CO LTD, 2300 W SAN BERNARDINO AVE REDLANDS CALIFORNIA 92374 US , SHOP 51 NO 34 QIUYUE STREET QIAO CHENG ROAD HAIZHU DISTRICT GUANGZH OU CITY GUANGZHOU CN ,N/A,N/A,,"CN, CHINA",,"SHENZHEN,YANTIAN",LONG BEACH,481960,STORAGE BOX HS CODE:,NO MARKS,781.0,CTN,8644.0,0.0,SKEMZG2512130027,FFAU3363403,
2026-01-04,美国,中国,TOFBA INTERNATIONAL,GUANGZHOU PENGYU PACKAGING CO LTD,200 EAST STANLEY ST COMPTON CALIFO RNIA 90220 US , ROOM 406 ZHI FU BUILDING QIFU STREET NO 13 BAIYUN DISTRICT GUANGZHOU CN ,TOFBA INTERNATIONAL,200 EAST STANLEY ST COMPTON US ,,"CN, CHINA",,Port of Bellingham,LOS ANGELES,820411,RETAIL DISPLAY BOX HS CODE,NO MARKS,160.0,CTN,1929.0,0.0,FEVMSZXF25121797,TIIU4482245,
2026-01-04,美国,中国,PROMOCION Y LOGISTICA ARNEM,GUANGZHOU SHIMAO BAICHUAN INTERNATIONAL IMPORT & EXPORT CO LTD,J CLEMENTE OROZCO 539 COL ALAMOS DE SAN LORENZO C P 32340 CD JUAREZ CHIHUAHUA MEXICO , RM 101-100 NO 44 FUHUA EAST ST TANGDONG TIANHE GZ ,HDR LOGISTICS LLC,220 PETE DOMINICI HWY SANTA TERESA NM 88008 ,,"CN, CHINA",,"SHENZHEN,YANTIAN",LOS ANGELES,732290,STAND FAN HS CODE: THIS SHIPMENT CONTAINS NO SOLID WOOD PACKING MATERIALS,NO MARKS,951.0,PKG,15700.0,0.0,HNLTSZ25QA0092,TLLU8247550,
2026-01-04,美国,中国,TRADEVISTA TRADE INC,GUANGZHOU ZIYU TRADE CO LTD,65 E 55TH STREET NEW YORK NY 1002 2 , 728 SHIBE INDUSTRIAL ROAD DASHI SU B-DISTRICT PANYU DISTRICT GUANGZH OU CHINA ,TRADEVISTA TRADE INC,65 E 55TH STREET NEW YORK NY 1002 2 ,,"CN, CHINA",,"SHENZHEN,YANTIAN",LONG BEACH,690510,CERAMIC VASE,NO MARKS,833.0,CTN,12350.0,0.0,GSCCMJ25121319,EGSU6098518,
2026-01-04,美国,中国,CECE TRADE INC,GUANGZHOU XUANYIDA TRADE CO,1226 NORTH KING ST NUM 1002 WILMI NGTON DE ,KEMULONG FENGHUANG STREET TIANHE DISTRICT ,N/A,N/A,,"CN, CHINA",,SHANGHAI,LONG BEACH,,FRAMEWORK,NO MARKS,1213.0,CTN,18613.0,0.0,SEMDCYNB25120379,MATU2727360,
2026-01-04,美国,中国,FEIYANG WEAR PARTS INC,GUANGZHOU XIN BI DA METAL MATERIAL 1ST,324 S DIAMOND BAR BLVD #512 DIAMON D BAR CA 91765 ,FLOOR SHOP NO 212-12 JIANSHE NORTH ROAD HUADU DISTRICT GUANGZHO U CHINA ,EAL CHB,17215 STUDEBAKER RD # 339 CERRITO S CA 90703,,"CN, CHINA",,"SHENZHEN,YANTIAN",LOS ANGELES,845490,"NEW MANGANESE CASTING WEAR PARTS FOR AUTOMOBILE SHREDDER FCTN - ,FCTN -NEW MANGANESE CASTING WEAR PARTS FOR AUTOMOBILE SHREDDER FCTN - ,FCTN -",NO MARKSNO MARKS,36.0,PKG,39459.0,0.0,SZILSZZH25120179,"CIMU0649969,CIMU0649980",
2026-01-04,美国,中国,BTW PROSPER MERCHANT CO LTD,GUANGZHOU GANCAN TRADE CO LTD, 3662 DYRE AVE BRONX NEW YORK 10466 US , SHOP 51 NO 34 QIUYUE STREET QIAO CHENG ROAD HAIZHU DISTRICT GUANGZH OU CITY GUANGZHOU CN ,N/A,N/A,,"CN, CHINA",,"SHENZHEN,YANTIAN",LONG BEACH,590500,WALL PAPER HS CODE:,NO MARKS,866.0,PKG,11761.0,0.0,SKEMZG2512120085,CSLU6341434,
2026-01-04,美国,中国,LOREAL USA PRODUCTS,GUANGZHOU BAIRUI HAIR PRODUCTS COMP,10345 PHILIPP PARKWAY STREETSBORO OH 44241 UNITED STATES STREETSBORO OH 44241 US,101 BLOCK B NO 36 XIU SHENG ROAD HE TING REN HE BAI YUN DISTRICT GUANGZHOU CHINA GUANGZHOU GU 51000 CN ,HALO BRANDED SOLUTIONS INC,1500 HALO WAY STERLING IL 61081 U S A STERLING IL 61081 US ,,"CN, CHINA",,"SHENZHEN,YANTIAN",LONG BEACH,441700,BRUSH SET HS CODE: THIS SHIPMENT CONTAINS NO SOLID WOOD PACKING MATERIALS,MX BRUSH SET PO:4030760424 ITEM # MTX0053 QTY:: 40 SETS CARTONOF 25 MADE IN CHINA,25.0,CTN,486.0,0.0,GOAGZSA25J0073,FSCU8694165,
2026-01-04,美国,中国,MOTHERSON LUMEN NORTHAMERICA INC,GUANGZHOU HANMAELECTRONICS TECHNOLOGY CO LTD,2850 COMMERCE DR ROCHESTER HILLS MI48309 UNITED STATES ROCHESTER HILLS MI 48309 US ROCHESTER HILLS MI48309 US , NO 67 ZHONGSHA WEST ROAD JIANGGAO TOWN GUANGZHOU 510460 CN GUANGZHOU 510460 CN ,N/A,N/A,,"CN, CHINA",,"SHENZHEN,YANTIAN",LONG BEACH,853990,AUTO LAMP PO#: CTNS= PALLETS THIS SHIPMENT CONTAINS WOOD PACKAGING MATERIALS AND HAS BEEN FUMIGATED.,LUMENNORTH AMERICA,41.0,CTN,642.0,0.0,SDZHSE25120256,OOCU5912120,
2026-01-04,美国,中国,MASLKATY DISTRIBUTION INC,GUANGZHOU LAI SHUN CROSS BORDER E C D,41-14B MAIN ST STE B26 FLUSHING NY 11355 US FLUSHING NEW YORK 11355 US ,ROOM 406 NO 40 DAJINZHONG RD JINGTAISTREET BAIYUN DISTRICT GUANGZHOU GD CHINA GUANGZHOU CN ,N/A,N/A,,"CN, CHINA",,SHANGHAI,LONG BEACH,621020,KNIT BOYS SETS,NO MARKS,2175.0,CTN,9258.0,0.0,SXCOSHE25123099,CXDU2303352,
2026-01-04,美国,中国,ELITE LIVING,GUANGZHOU CHAO MIN FURNITURE LTD,351 HANLAN ROAD WOODBRIDGE ONTARIO CANADA L4L 3T1,91 YUN RONG ROAD ZHU SAN VILLAGE Z HONGLUOTAN TOWN BAIYUN DISTRICT GU ANGZHOU CHINA ,ELITE LIVING,351 HANLAN ROAD WOODBRIDGE ONTARIO CANADA L4L 3T1,,"CN, CHINA",,Pusan,"TACOMA,WA",842860,"DINING CHAIR, BAR CHAIR",ELITE LIVING,268.0,CTN,3413.0,0.0,SYLCRS2512009,CAAU9817027,
2026-01-04,美国,中国,SHIJIEYU TRADE INC,GUANGZHOU WOSHIDONG SUPPLY CHAIN MA,4125 KISSENA BLVD APT119A421 FLUSHING NY 11355 FLUSHING 11355 US ,ROOM 202 NO 5 DAYUAN YIHENG ROAD PENGSHANG LIA GUANGZHOU CN ,N/A,N/A,,"CN, CHINA",,NINGBO,LONG BEACH,392220,PLASTIC BULB,NO MARKS,969.0,CTN,16283.0,0.0,EWLGEWNGBOE23732,MATU2577677,
2026-01-04,美国,中国,FLIGHT TRADE CO LTD,MAO MAO YE TRADE GUANGZHOU CO, 1401 21ST ST STE R SACRAMENTO CALIFORNIA 95811 US ,LANTIANCANG NO 6 DALANG WEST ROAD BAIYUNHUSTREET BAIYUN DISTRICT GUANGZHOU CITY GUANGZHOU CN ,N/A,N/A,,"CN, CHINA",,"SHENZHEN,YANTIAN",LOS ANGELES,670290,ARTIFICIAL FLOWERS HS CODE:,NO MARKS,776.0,CTN,11505.0,0.0,SKEMZG251207000A,SEKU6980647,
2026-01-04,美国,中国,LINKTRADE TRADE INC,GUANGZHOU YIXIN TRADE CO LTD,EIN:36-5155658 ADDRESS:2146B S ARCHER AVE CHICAGOIL 60616 CHICAGO US , 13 ZHUJIANG EAST ROAD TIANHE DISTR ICT GUANGZHOU GUANGZHOU CN ,LINKTRADE TRADE INC,EIN:36-5155658 ADDRESS:2146B S ARCHER AVE CHICAGOIL 60616 CHICAGO US ,,"CN, CHINA",,"SHENZHEN,YANTIAN",LONG BEACH,853990,LAMP,NO MARKS,684.0,CTN,11360.0,0.0,SUSSPWL202512298,BEAU5763790,
2026-01-04,美国,中国,PAISANO S DE RL DE CV,GUANGZHOU DONGLU INNOVATION TECHNOLOGY CO LTD, CALLE MIGUEL ALEMAN VALDEZ#2727 INTERIOR 3 COLONIA AMERICATIJUANA BA JA CALIFORNIA MEXICO CP , ROOM 612 181 YUN CHENG SOUTH 2ND ROAD SANYANLI STREET BAIYUN DISTRICT ,GANN GROUP,CORP 2323 AVENIDA COSTA ESTE SUITE 300 SAN DIEGO CA 9215492154 ,,"CN, CHINA",,"SHENZHEN,YANTIAN","HOUSTON,TX",848220,PLASTIC WATER CUP,TCS394629466162,1146.0,CTN,16116.0,322320.0,CHIASEF251210419,CAIU8801585,
2026-01-04,美国,中国,WORLDTRADE PARTNERS TRADE INC,GUANGZHOU DAY DAY TRADE CO LTD,ADD601 S FIGUEROA ST LOS ANGELES CA 90017 , ADD NO 13 HAILIN ROAD DAO VILLAGE LANKAI TOWN NANHAI DISTRICT GUAN GZHOU CHINA ,WORLDTRADE PARTNERS TRADE INC,ADD601 S FIGUEROA ST LOS ANGELES CA 90017 ,,"CN, CHINA",,NINGBO,LOS ANGELES,848220,PLASTIC CUP,NO MARKS,1414.0,CTN,14603.0,0.0,NIVBYFZ2512050,EGSU1059930,
2026-01-04,美国,中国,DGY TRADE CO LTD,GUANGZHOU GANCAN TRADE CO LTD, 2300 W SAN BERNARDINO AVE REDLANDS CALIFORNIA 92374 US , SHOP 51 NO 34 QIUYUE STREET QIAO CHENG ROAD HAIZHU DISTRICT GUANGZH OU CITY GUANGZHOU CN ,N/A,N/A,,"CN, CHINA",,"SHENZHEN,YANTIAN",LONG BEACH,848320,PLASTIC SHIRT HANGER HS CODE:,NO MARKS,803.0,CTN,12331.0,0.0,SKEMZG2512130040,BSIU9555060,
2026-01-04,美国,中国,SUMMIT TRADE INC,GUANGZHOU WAN FORTUNE INTERNATIONAL,1401 21ST ST STE R SACRAMENTO CA 9 5811 SACRAMENTO CA US , NO 191 TIYUCHANG WEST ROAD TIANHE DISTRICT GUANGZHOU CHINA GUANGZHO U CN ,SUMMIT TRADE INC,1401 21ST ST STE R SACRAMENTO CA 9 5811 SACRAMENTO CA US ,,"CN, CHINA",,SHANGHAI,LONG BEACH,481960,PLASTIC STORAGE BOX,NO MARKS,896.0,CTN,15389.0,0.0,ZHERQYF25120119,MATU2731397,
2026-01-04,美国,中国,SESAME TRADE INC,GUANGZHOU BEI NUO YI TRADE CO,2108 N ST STE NSACRAMENTO CA 95816 SACRAMENTO CA 95816 US ,L 4 /F NO 8 SYNTHETIC SOUTH ROAD SH ILING TOWN HUADU DISTRICT GUANGZHO U CITY GUANGZHOU CN ,PRIME EVERY WEEK INC,ADD:9630 OAK ST BELLFLOWER CA 9070 6E-MAIL:KDSYOUNG@163 COM BELLFLOWERUS ,,"CN, CHINA",,"SHENZHEN,YANTIAN",LONG BEACH,851621,STORAGE RACK,NO MARKS,1286.0,CTN,17350.0,0.0,SSAOSZXH2512042,DFSU7400548,
2026-01-04,美国,中国,OKMINS TRADE LLC,GUANGZHOU JIYU COMMERCE & TRADE CO,1680 CAMPBELL LN STE 109 BOWLING GREEN KY 42104 ,ROOM 499 N367 NO 89 YANLING ROAD TIANHE DISTRICT GUANGZHOU CITY ,OKMINS TRADE LLC,1680 CAMPBELL LN STE 109 BOWLING GREEN KY 42104 ,,"CN, CHINA",,SHANGHAI,LOS ANGELES,851490,INDOOR RANGE OVEN,NO MARKS,72.0,CTN,7920.0,0.0,KIUFKBHZ25120039,TRHU6093355,
2026-01-04,美国,中国,TRANSPACT GLOBAL INC,YUNDONG ERA E COMMERCE GUANGZHOU CO LTD,1280 LEXINGTON AVE FRNT 2 1096 , ROOM 1121 11TH FLOOR BLOCK B1 YONGHUI PLAZA ,TRANSPACT GLOBAL INC,1280 LEXINGTON AVE FRNT 2 1096 ,,"CN, CHINA",,NINGBO,LOS ANGELES,871420,UTV ACCESSORIES,NO MARKS,15.0,PKG,15770.0,0.0,CHQFHNB25120191,BSIU8116329,
2026-01-04,美国,中国,ITY INTERNATIONAL INC,GUANGZHOU ALL SHINE ELECTRONIC TECH TECHNOLOGY CO LT,10315 COTE DE LIESSE DORVAL QC H9P ,D 502 5TH FLOOR NO ,BM SUPPLY CHAIN SOLUTIONS,290 RUE BAFFIND D OQC H9A 3G1CANADA ,,"CN, CHINA",,NINGBO,"TACOMA,WA",900190,ALUMINUM MIRROR MDF MIRROR PO,NM,628.0,CTN,11675.66,231660.0,MAEU262529311,TCNU2438331,
2026-01-04,美国,中国,PEAKCLEAR TRADE INC,GUANGZHOU MINFU ELECTRONIC AUDIO CO,18121 E HAMPDEN AVE UNIT C 1207 AURORA CO 80013 CO CO 80013 US ,ADD:102 NO 2 DONGSHENG SANHENG RD CHADONG SHIJI TOWN PANYU DIST G UANGZHOU CHINA GZ CN ,PEAKCLEAR TRADE INC,18121 E HAMPDEN AVE UNIT C 1207 AURORA CO 80013 CO US ,,"CN, CHINA",,"SHENZHEN,YANTIAN",LOS ANGELES,851829,SPEAKER,AUDIOBOX/DOLPHIN,1069.0,CTN,7668.0,0.0,RDIH25120546,TCLU8505722,
2026-01-04,美国,中国,POL CLOTHING,GUANGZHOU LEE YOU MI INTERNATIONAL TRADE CO LTD,4920 S SOTO VERNON LOS ANGELES CA US CA90058 , NE118 1/F SOUTH BUILDING LIUHUA HOTEL 194 WEST HUANSHI ROAD YUEXIU DISTRICT ,N/A,N/A,,"CN, CHINA",,"SHENZHEN,YANTIAN",LONG BEACH,630251,KNIT TOP WOVEN TOP KNIT PANTS WOVEN PANTS KNIT DRESS SWEATER TOP,POL,446.0,CTN,7269.0,0.0,PSEAPHSC2512019,CBHU9186304,
2026-01-04,美国,中国,CHAS GROUP INC,GUANGZHOU JINGBANG TEXTILE GARMENT FIRST, 2300 GARFIELD AVE ,FLOOR PARTS GANHU INDUSTRIAL VILLAGE INDUSTRIAL PROCESSING ZONG ,N/A,N/A,,"CN, CHINA",,"SHENZHEN,YANTIAN",LONG BEACH,680510,WOVEN TOP WOVEN JACKET WOVEN SKIRT HS CODE: /,WISHLIST,31.0,CTN,727.0,0.0,NAQALAX5844536VC,EISU8541228,
2026-01-04,美国,中国,BALAJI TRADE INC,GUANGZHOU MODENG INTELLIGENT TECHNO,4850 EUCALYPTUS AVE CHINO CA 91710 PHONE:909-444-7999 EIN#: 20- 525-4978 , NO 8152 NO 109 HUANHUA ROAD LIWAN DISTRICT GUANGZHOU OFFICE ONLY ,BALAJI TRADE INC,4850 EUCALYPTUS AVE CHINO CA 91710 PHONE:909-444-7999 EIN#: 20- 525-4978 ,,"CN, CHINA",,"SHENZHEN,YANTIAN",LOS ANGELES,851829,"SPEAKER ( CTNS) SPEAKER ( CTNS= PALLET) SPEAKER ( CTNS, KGS, . CBM) THIS SHI PMENT CONTAINS HEAT TREATED WOOD PACKING MATERIAL.",ZIZO,1536.0,CTN,11550.0,0.0,OERT210701Y01932,CMAU7807004,
2026-01-04,美国,中国,,GUANGZHOU LEDIA LIGHTING CO LTD,N/A, 302 ROOM NO 1 XIANKE 1ST RD HUADON HUADU DISTRICT GUANGZHOU CHINA 51 ,N/A,N/A,,"CN, CHINA",,"SHENZHEN,YANTIAN",LONG BEACH,750720,LED LINEAR TUBE,ANTHONY LD25A1636,87.0,PKG,1590.0,0.0,CHSL536407744CAN,OOCU6948724,
2026-01-04,美国,中国,BIG SEA LION TECHNOLOGY CO LTD,GUANGZHOU XUNYUEDA TECHNOLOGY LIMIT A,101 WEST BROADWAY NUM 510 SAN DIEGO CA UNITED STATES ,UNIT 319-322 NO 3 TANGDON GUANGZHOU GD CHINA ,BIG SEA LION TECHNOLOGY CO LTD, 101 WEST BROADWAY NUM 510 SAN DIEGO CA UNITED STATES ,,"CN, CHINA",,"SHENZHEN,YANTIAN",LONG BEACH,392010,PLASTIC MAT SHIPPER STATES THAT THIS SHIPMENT CONTAINS NO SOLID WOODEN PACKAGE,NO MARKS,867.0,CTN,12751.0,0.0,OOLU2038323361,OOCU6921976,
2026-01-04,美国,中国,SERDANG LLC,MOUNTPAX CO LTD,675 HEGENBERGER RD STE 120 OAKLAND CA UNITED STATES , FLAT /RM D 10/F UNIONWAY COMMERCIA HONG KONG HONG KONG CHINA ,GUANGZHOU HUIYUNDA INTERNATIONAL LO,ROOM 605 NO 69 JIAN STREET JIXI GUANGZHOU GD CHINA ,,"CN, CHINA",,VUNG TAU,LONG BEACH,630210,BED,IOARESON-251126 -2020,510.0,CTN,20318.0,0.0,OOLU2314947740,FFAU6542378,
2026-01-04,美国,中国,NOVARA INC,GUANGZHOU SUOGLE TECHNOLOGY CO LTD,4570 S WAYSIDE DR HOUSTON TX 77087 USA , RM606-611 BUILDING 3 GAOSHENG PLAZANO 163 YINGBIN AVENUE HUADU DISTRI CT GUANGZHOU CITY GUANGDONG CHINA ,NOVARA INC,4570 S WAYSIDE DR HOUSTON TX 77087 USA ,,"CN, CHINA",,"SHENZHEN,YANTIAN","HOUSTON,TX",480441,KRAFT BUBBLE MAILER PE POLY BUBBLE MAILER THIS SHIPMENT CONTAINS NO WOOD PACKAGING MATERIALS,NM,664.0,PCS,4110.0,0.0,RSLCSNAF2512135A,FCIU9633838,
2026-01-04,美国,中国,ADVANCE CONCEPTS FOOTWEAR LLC,GUANGZHOU MYWAY FASHION TRADE CO,140 SMITH ST STE 500KEASBEY N J 08832 ,RM 101 BUILDING A1 NO 268 TONGKAN G ROAD TONGDE STREET BAIYUN DISTRI ,ADVANCE CONCEPTS FOOTWEAR LLC,140 SMITH ST STE 500KEASBEY N J 08832 ,,"CN, CHINA",,"SHENZHEN,YANTIAN",LONG BEACH,640299,LADIES SHOES THIS SHIPMENT CONTAINS NO WOOD PACKING MATERIALS. PART OF CTNR OOCU,.,501.0,CTN,3898.0,0.0,SFOKSZX25120607B,OOCU8488910,
2026-01-04,美国,中国,STC INTERNATIONAL USA INC,GUANGZHOU JINGHONG TRADE CO LTD,99 MADISON AVE FL 601 NEW YORK NY 10016 NEW YORK US , NO 13 SHENGKAI STREET HUANGPU DIS T GUANGZHOU 510000 CHINA GUANGZH OU CN ,LEESA CUSTOMS BROKERAGE INC,9040 TELSTAR AVE SUITE 112-115 EL MONTE CA 91731 EL MONTE US ,,"CN, CHINA",,"SHENZHEN,YANTIAN",LONG BEACH,481960,STORAGE BOX,NO MARKS,822.0,CTN,12168.0,0.0,GHBKHBFB25120061,CSNU8958490,
2026-01-04,美国,中国,ELITE INDUSTRIAL INC,GUANGZHOU FUYOU IMPORT & EXPORT TRADE CO LTD,36 S 18TH AVE STE D BRIGHTON CO 80601 USA , ROOM 605 RONGHUI BUILDING NO 302 ZHICHENG AVENUE GUANGZHOU ECONOMIC AND TECHNOLOGICA ,ELITE INDUSTRIAL INC,36 S 18TH AVE STE D BRIGHTON CO 80601 USA ,,"CN, CHINA",,"SHENZHEN,YANTIAN",LONG BEACH,950440,CONGRATUL ATION CARDS HS CODE:,NO MARKS,2272.0,CTN,10939.0,0.0,HYSLFSZX12251222,DRYU9594035,
2026-01-04,美国,中国,BISCUIT TECHNOLOGY LIMITED,GUANGZHOU MIZE TRADE CO LTD, C/O SBD3 C/O FBA3300 HOGUM BAY RD NE , ROOM 605 NO 2817 KAICHUANG AVENUE ,OCEAN WELL LEISURE TRADE SERVICES,1501 HUGHES WAY STE 400 LONG BEACH ,,"CN, CHINA",,SHANGHAI,"TACOMA,WA",481200,POOL FILTER,NO MARKS,597.0,CTN,5980.0,0.0,AMZDCN25MPSW4SOZ,FANU1492344,
2026-01-04,美国,中国,BIG ARCHWAY LLC,GUANGZHOU TONGRU ELECTRONIC TECHNOL,4725 NAUTILUS CT S BOULDER CO 8030 1 ,3/F BUILDING NO 2 NO 120 DONGHU AN ROAD DONGHUAN AVENUE PANYU DIS TRICT GUANGZHOU CHINA,BIG ARCHWAY LLC,4725 NAUTILUS CT S BOULDER CO 8030 1 ,,"CN, CHINA",,Port of Bellingham,LOS ANGELES,966505,GIFT MACHINE THIS SHIPMENT CONTAINS NO SOLID WOOD PACKING MATERIALS,NO MARKS,81.0,PKG,6140.0,0.0,VIFCVITFE2512217,TCNU2658655,
2026-01-04,美国,中国,GUANGZHOU SOUGLE,GUANGZHOU HAOLIN HOUSEWARE CO LTD,14955 LIMONITE AVE EASTVALE CA 92880, ROOM 06 07 13 F B UILDING 3 GAOSHENG PLAZA 163 ,GRAND OCEAN CUSTOMS BROKERAGE INC,801 S GARFIELD AVE 301 ALHAMBRA CA 91801 ,,"CN, CHINA",,"SHENZHEN,YANTIAN",LONG BEACH,848320,PLASTIC HANGER HS CODE,NO MARKS,3385.0,CTN,12400.0,0.0,OSTIZSLGB25C0057,TCNU4423881,
2026-01-04,美国,中国,ANTICYCLONE INC,GUANGZHOU SHIMA TECHNOLOGY CO LTD,8735 DUNWOODY PL STE N ATLANTA GA 30350 EIN 33-4935398 ATLANTA GA US , ROOM 1101 T4 TIANGUI ROAD NO 103 GUANGZHOU HUADU GUANGDONG 51080 3 CN GUANGZHOU CN ,ANTICYCLONE INC,8735 DUNWOODY PL STE N ATLANTA GA 30350 EIN 33-4935398 ATLANTA GA US ,,"CN, CHINA",,QINGDAO,LONG BEACH,590500,WOODEN DECORATIVE PANEL WOOD WALL PANEL PLA STIC WALL PANELS THERE ARE DAYS FREE TI ME AT DESTINATION,251206MO,1550.0,CTN,19750.0,0.0,THGLQDA25120311,DFSU7448768,
2026-01-04,美国,中国,COURZIEU INC,GUANGZHOU NEW SMART TECHNOLOGY CO LTD,1970 BROADWAY STE 615 OAKLAND CA 9 4612 , UNIT2223 22/F YANS TOWER 25-27 WONG CHUK HANG ROAD ABERDEEN HK ,COURZIEU INC,1970 BROADWAY STE 615 OAKLAND CA 9 4612 ,,"CN, CHINA",,"SHENZHEN,YANTIAN",LONG BEACH,481960,STORAGE BOX,NO MARKS,877.0,CTN,12130.0,0.0,SXYHARISE2512046,TXGU8210634,
2026-01-04,美国,中国,GUANGZHOU CHUANGHUI ELECTRONIC TECHNOLOGY CO LT,GUANGZHOU CHUANGDE CHUANG ELECTRONIC TECHNOLOGY CO LTD,D CO CASTLEGATE LOGISTICS INC 3300 INDIANAVEPERRIS SMALL PARCEL PERRIS CA 92571 , ROOM 506 NO 20 3 HETAI ROAD HELONG STREET BAIYUN DISTRICT GUANGZHOU ,N/A,N/A,,"CN, CHINA",,"SHENZHEN,YANTIAN",LOS ANGELES,853990,"CEILING LAMP, CEILING FAN, FLOOR LAMP, PENDANT LAMP",WHS-99787-41928654,107.0,CTN,641.0,0.0,CGGMYAX3237610,HASU4702059,
2026-01-04,美国,中国,SUMMIT TRADE INC,GUANGZHOU NEW STORY TRADE CO LTD,ADD:1401 21ST ST STE R SACRAMENTO CA 95811 6264819884 , ROOM 2203 NO 13 ZEXI STREET HANX I VILLAGE HANXI COMMERCIAL CENTER ZHONGCUN STREET PANYU DISTRICT ,SUMMIT TRADE INC,ADD:1401 21ST ST STE R SACRAMENTO CA 95811 6264819884 ,,"CN, CHINA",,SHANGHAI,LONG BEACH,481960,STORAGE BOX,NO MARKS,1665.0,CTN,17757.0,0.0,TXSLCTSE2512151,MATU2608063,
2026-01-04,美国,中国,GUANGZHOU PYDLIFE HOUSEWARE CO,GUANGZHOU PYDLIFE HOUSEWARE CO,LI MITED C/O FBA5990 N CAJON BLVD ,LI MITEDHUANSHI DONG ROAD YUEXIU DIST RICT RM 4409 NO 372 ,N/A,N/A,,"CN, CHINA",,QINGDAO,LOS ANGELES,691200,CERAMIC MUG,NO MARKS,200.0,CTN,2593.0,0.0,AMZDCN25QVCSWSL6,TXGU6581981,
2026-01-04,美国,中国,TEH TUNG CORP,GUANGZHOU JIELIAN PAPER CO LTD, 8728 DICE ROAD SANTA FE SPRINGS CA 90670 TEL: 562-903-9000 FAX: 562 903-9002 , PART 1 OF 101 BUILDING NO 64 GUOMAO AVENUE SOUTH HUALONG TOWN PANYU GUANGZHOU CITY GUANGDONG 511400 ,SUSTAINED DIRECT LTD,UNIT A& B 15/F NEICH TOWER 128 GLOUCESTER ROAD WANCHAI HK TEL: 562-903-9000 ,,"CN, CHINA",,Port of Bellingham,LOS ANGELES,262060,JUMBO ROLL PAPER JUMBO ROLL PAPER . . PAPER SINGLE FOLD NAPKIN . . @ EMAIL JCHIE@MOREXPRODUCTS.COM EMAIL AWU@TEHTUNGCN.COM @@ MTSLBCO@MARUBENI-TRANS.COM EMAIL MVAN@MOREXPRODUCTS.COM,PO # 2194828 PO # 2194828 THE SAME THE SAME THE SAME THE SAME THE SAME,1344.0,CTN,9762.0,0.0,EGLV147502047406,TXGU5750053,
2026-01-04,美国,中国,CAMELLIA FASHON GARMENT INC,GUANGZHOU CHENXING GARMENT TECHNOLO,23063 HATTERAS ST WOODLAND HILLS CALIFORNIA 91367 US ,ROOM 202 13 JIN AO STREET DALONG STREET PANYU DIST GUANGZHOU CN ,N/A,N/A,,"CN, CHINA",,SHANGHAI,LONG BEACH,640520,WOMEN TOP WOMEN SKIRT,INTERMARKET,2828.0,CTN,8937.0,0.0,SGNNSTSE25121617,MATU2614702,
2026-01-04,美国,中国,TAIDIXIONG SERVICE INC,GUANGZHOU NEW STORY TRADE CO LTD,4125 KISSENA BLVD 119A178 FLUSHING NY 11355 , ROOM 2203 NO 13 ZEXI STREET HANX I VILLAGE HANXI COMMERCIAL CENTER ZHONGCUN STREET PANYU DISTRICT ,TAIDIXIONG SERVICE INC,4125 KISSENA BLVD 119A178 FLUSHING NY 11355 ,,"CN, CHINA",,SHANGHAI,LONG BEACH,901910,MASSAGER,NO MARKS,1201.0,CTN,18635.0,0.0,TXSLCTSE2512149,MATU2553295,
2026-01-04,美国,中国,SEUNG GWANG USA INC,GUANGZHOU SUNRAISE TRADE CO LTD,41-14B MAIN ST STE B26 FLUSHING NY 11355 , NO1218 ZHONGSHAN AVENUE MIDDLE TIA NHE DISTRICT GUANGZHOU CHINA ,SEUNG GWANG USA INC,41-14B MAIN ST STE B26 FLUSHING NY 11355 ,,"CN, CHINA",,"SHENZHEN,YANTIAN",LONG BEACH,844120,PLASTIC ENVELOPES,NO MARKS,1089.0,CTN,18260.0,365200.0,GSDRHZMYD407253,FFAU2546884,
2026-01-04,美国,中国,SOCIETY MANUFACTURING LLC,GUANGZHOU MAIBAO PACKAGE CO LTD,ADD: 3160 SIMMONS ST NORTH LAS VEG AS NV 89032 USA LAS VEGAS US , 3201-B R&F WELL CENTER NO 180 JIANGNAN AVENUE HAIZHU DISTRICT GUANGZHOU CHINA GUANGZHOU CN ,SOCIETY MANUFACTURING LLC,ADD: 3160 SIMMONS ST NORTH LAS VEG AS NV 89032 USA LAS VEGAS US ,,"CN, CHINA",,"SHENZHEN,YANTIAN",LONG BEACH,,BUBBLE MAILER,BEAUTY SOCIETY,789.0,CTN,4570.0,0.0,SQVVSS25120208,EGSU1542189,
2026-01-04,美国,中国,NAYELIDE SHOP SA CV,GUANGZHOU JUNHE INTERNATIONAL LOGIS,CALLE MANUEL FERNANDO SOTO NUMEROEX ,ROOM L357 UNIT 505 NO 8 JINGGAN ,HODOS SUPPLY CHAIN ADVANCE LLC,19141 GOLDEN VALLY RD SUIT 1006 ,,"CN, CHINA",,"SHENZHEN,YANTIAN",LONG BEACH,392220,PLASTIC BAG,NO MARKS,1007.0,CTN,17229.0,0.0,CHQFHSZ25120345,CSGU6710612,
2026-01-04,美国,中国,TEH TUNG CORP,GUANGZHOU JIELIAN PAPER CO LTD, 8728 DICE RD SANTA FE SPRINGS UNITED STATES , PART 1 OF 101 BUILDING NO 64 GUOMAO AVENUE SOUTH HUALONG TOWN ,SUSTAINED DIRECT LTD,UNIT A B 15F NEICH TOWER 128 GLOUCESTER ROAD WANCHAI CHINA ,,"CN, CHINA",,Port of Bellingham,LOS ANGELES,481810,TOILET PAPER . . ND NOTIFY:SUSTAINED DIRECT LTD UNIT A B F NEICH TOWER GLOUCESTER ROAD WANCHAI CHINA,PO 2190776,485.0,CTN,11390.0,0.0,CMDUGGZ2796837,DFSU6990970,
2026-01-04,美国,中国,KROOUSA INC,GUANGZHOU VIGO WORLD CO LTD,620 S MAGNOLIA AVE STE C ONTARIO CALIFORNIA 91762 US , WEILI BUSINESS CENTER NO 2 OFQIFU ER ROAD BAIYUN DISTRICT GUANGZHOU CN ,KROOUSA INC,620 S MAGNOLIA AVE STE C ONTARIO US ,,"CN, CHINA",,Port of Bellingham,LOS ANGELES,390760,"PLASTIC BOTTLE,HS CODE: CANDY,HS CODE:",NO MARKS,1688.0,PKG,20620.0,0.0,FEVMSZXF25121839,UETU6445510,
2026-01-04,美国,中国,VIMONDE S A DE C V,GUANGZHOU YOUNA IMPORT & EXPORT T G CO LTD, AVENIDA INSURGENTES 1706 INT LOCA L C COLONIA FLORIDAALVARO OBREGON , RFC91440101340145644519 3 BAOGANG AVENUE HAIZHU DISTRICT ,GANN GROUP,CORP 2323 AVENIDA COSTA ESTE SUITE 300 SAN DIEGO CA 92154 US TAX ID 83 ,,"CN, CHINA",,NINGBO,"HOUSTON,TX",848320,HANGER HS,NO MARKS,868.0,CTN,19300.0,0.0,SFOKHT25112786,SEGU5941805,
2026-01-04,美国,中国,ILLA ILLA INC,GUANGZHOU JINJIARUN CLOTHING CO LTD,1008 CROCKER ST LOS ANGELES CA90021 , A120 12TH FLOOR NO 35 FUH UA WEST ROAD SHIQIAO STREET PANYU DISTRICT GUANGZHOU CITY ,ILLA ILLA INC,1008 CROCKER ST LOS ANGELES CA90021 ,,"CN, CHINA",,"SHENZHEN,YANTIAN",LONG BEACH,630720,KNIT LONG DRESS KNIT TOP MANNEQUIN WOVEN DRESS WOVEN LONG DRESS WOVEN ROMPER WOVEN SHORT PANTS,ILLA ILLA ILLA ILLA PINK BLUSH) ILLA ILLAE-COM) ILLA ILLAVERSONA) ILLA ILLA(GLIKS) .,98.0,CTN,1678.0,0.0,GUFLKC2512029B,CSNU6577047,
2026-01-04,美国,中国,MERCI GLOBAL TRADE INC,GUANGZHOU WELLSON TRADE CO LTD,ADD:15 METROTECH CENTER BROOKLYN NY 11201 USA , ADD:NO 73 YINGJIANG MIDDLE ROAD DASHI SUB-DISTRICT PANYU DISTRICT GUANGZHOU CHINA ,MERCI GLOBAL TRADE INC,ADD:15 METROTECH CENTER BROOKLYN NY 11201 USA ,,"CN, CHINA",,"SHENZHEN,YANTIAN",LONG BEACH,820411,PLASTIC BOX,NO MARKS,734.0,CTN,12200.0,0.0,HYSLFSZX12251249,BEAU5773802,
2026-01-04,美国,中国,PING INC,LAMKIN GUANGZHOU GOLF PRODUCTS CO LTD,2200 WEST PEORIA AVENUE PHOENIX AZ 85029 US , 87 TIAN YUAN RD YONGHE ECONOMICS ZONE ZENGCHENG GUANGZHOU CITY GUANGDONG 511356 CN ,N/A,N/A,,"CN, CHINA",,HULUTAO,LOS ANGELES,950632,GOLF GRIPS (SPORTING GOODS) HTS:,LAMKIN MADE IN CHINA,82.0,CTN,694.0,0.0,EXDO61X8156757,HAMU2174768,
2026-01-04,美国,中国,RITA CORP,GUANGZHOU TINCI MATERIALS TECHNOLOG CO LTD, - CRYSTAL LAKE IL 850 SOUTH RT 31 , NO 8 KANGDA ROAD YUNPU INDUSTRIAL ZONE HUANGPU ,RITA CORP, - CRYSTAL LAKE IL 850 SOUTH RT 31 ,,"CN, CHINA",,"SHENZHEN,YANTIAN",LOS ANGELES,847439,TC-CAB GS RSPO MB AMIN CS RSPO CERTIFICAT E NOSGS-RSPO/SC - PACKAGES= PALL ETS= DRUMS THIS SHIPMENT CONTAINS NO SOLID W OOD PACKING MATERIALS.,TINCI . . .,79.0,PKG,16511.0,0.0,SSNFSPSZ25121611,TRHU1580453,
2026-01-04,美国,中国,BRIGHT SELECTION INC,GUANGZHOU TUOKAINA TRADE CO LTD,4500 S KOLIN AVE CHICAGO IL 60632 UNITED STATES TEL773-254-6888 EMA , ROOM 1801 ZHENGYANG BUILDING 1438 JICHANG ROAD BAIYUN DISTRICT GUA ,BRIGHT SELECTION INC,4500 S KOLIN AVE CHICAGO IL 60632 UNITED STATES TEL773-254-6888 EMA ,,"CN, CHINA",,"SHENZHEN,YANTIAN",LOS ANGELES,853669,SHOE RACK COAT RACK GTL /XY,NO MARKS,7065.0,CTN,11806.0,0.0,ASWWASSZX512831,EGSU1143656,
2026-01-04,美国,中国,EONHAVEN INC,GUANGZHOU HIEYOUNG ELECTRONIC COMME RCE CO LTD,2225 W WELLESLEY AVE STE 103 SPOKA NE WA 99205 , ROOM 102 NO 1 ERHENG S TREET RUIBAO RUIXING STREET HAIZHU DISTRICT GUANGZHOU 510000 ,EONHAVEN INC,2225 W WELLESLEY AVE STE 103 SPOKA NE WA 99205 ,,"CN, CHINA",,"SHENZHEN,YANTIAN",LONG BEACH,950890,TRAVELLING BAGS,NO MARKS,2854.0,CTN,9410.0,0.0,SYLCFCL2511SH49,TIIU7089925,
2026-01-04,美国,中国,QUANM HARBOR INC,GUANGZHOU YANZHIKANG TECHNOLOGY CO,435 NICHOLS RD STE 200 KANSAS CITY MO 64112 EMAILQHB0026@126 COM ,BUILDING 2 MANWEI INDUSTRIAL PARK WANZHOU VILLAGE DONGCHONG VILLAGE NANSHA DISTRICT GUANGZHOU CITY ,QUANM HARBOR INC,435 NICHOLS RD STE 200 KANSAS CITY MO 64112 EMAILQHB0026@126 COM ,,"CN, CHINA",,SHANGHAI,LONG BEACH,,SWEATSHIRT,NO MARKS,984.0,CTN,17149.0,0.0,NCACG25120389,CAIU9377790,
2026-01-04,美国,中国,HOMARY TECHNOLOGY INC,GUANGZHOU POPICORNS TECHNOLOGY CO,10401 S SAM HOUSTON PKWY W UNIT 200 ,L ROOM 1201FLOOR 12 HICKEY BUILDINGNO ,AZ EXPRESS FREIGHT INC,2990 INLAND EMPIRE BLVD STE 112 ONT ,,"CN, CHINA",,"SHENZHEN,YANTIAN",LOS ANGELES,940161,FURNITURE CHAIR TABLE SOFA LAMPS THIS SHIPM ENT CONTAINS NO SOLID WOODEN PACKING MATERIALS.,NO MARKS,432.0,CTN,9640.36,0.0,MAEU262214844,SUDU8791632,
2026-01-04,美国,中国,HORIZON INTERNATIONAL TRADE INC,GUANGZHOU TOKER TRADE CO LTD,50 W SAN FERNANDO ST SAN JOSE CALIFORNIA 95113 US , NO 101 DE XING ROAD WANG GANGJIA H E STREET BAI YUN DISTRICT GUANGZHO U CN ,N/A,N/A,,"CN, CHINA",,"SHENZHEN,YANTIAN",LONG BEACH,392690,PLASTIC BEADS,NO MARKS,1748.0,CTN,23000.0,0.0,OBLMOBSZ25C7366,CXDU2027526,
2026-01-04,美国,中国,EDIKTED LLC,GUANGZHOU NEW TRADE SERVICE CO LTD,910 FOULK RD SUITE 201 WILMINGTON DELAWARE 19803 USA , RM682 6F NO 300 QINGCHA ROAD SHIJING AVENUE BAIYUN DIST GUANGZHOU 510000 GD CHINA ,EDIKTED LLC,910 FOULK RD SUITE 201 WILMINGTON DELAWARE 19803 USA ,,"CN, CHINA",,"SHENZHEN,YANTIAN",LONG BEACH,611231,BELLY CHAIN BELT BODYCHAIN BRACELET CORSET DRESS EARRINGS HAIRCLIP HAT HEADBAND JEANS KNITTED TOP NECKLACE WOMEN S SHIRT SHORT JEANS SHORTS SKIRT SKORT STRAPLESS SWIMWEAR BOTTOM SWIMWEAR TOP TANK TOP TOP HS CODE:,NO MARKS,352.0,CTN,5000.0,0.0,HNLTZS25QA0294,CSNU1110907,
2026-01-04,美国,中国,SINLEY TRADE INC,GUANGZHOU TIANYI INFORMATION TECHNO,15650 DEVONSHIRE ST STE 104GRANADA HILLS CA 91344 GRANADA HILLS CALIFORNIA 91344 US ,ROOM 309 NO 6 WANGGANG INDUSTRIAL 2NDROAD BAIYUN DISTRICT GUANGZHOU GUANGZHOU CN ,N/A,N/A,,"CN, CHINA",,NINGBO,LONG BEACH,481960,STORAGE BOX,NO MARKS,906.0,CTN,15100.0,0.0,STNDSTL25086962,TCNU7798330,
2026-01-04,美国,中国,NANZHAOXIAN JIECHENG JIAJUYONGPING XIAOSHOU C O FBA5990 N CAJON,GUANGZHOU PANANA TRADE CO LTD,BLVD , 410 4TH FLOOR NAXIN TECHNOLOGY PA RK NO 1108 YUNZHENG AVENUE GUANGZH ,N/A,N/A,,"CN, CHINA",,"SHENZHEN,YANTIAN",LOS ANGELES,851672,AIR FRYER TOASTER OVENS,NO MARKS,420.0,CTN,3058.0,0.0,AMZDCN25RM3GBJF3,TCKU6619800,
2026-01-04,美国,中国,BOTANX LLC,GUANGZHOU BAOCHUAN PACKAGING MACHIN,3305 E MIRALOMA AVENUE BUILDING 169 ANAHEIM CA 92806 USA ANAHEIM CA 92806 US ,102 BUILDING 1 DEHUI WANGGANG TECHNOLOGY PARK NO 38 JIAHEWANGGANG INDUSTRIAL THIRD ROADGUANGZHOU 510000 CN,BOTANX LLC,3305 E MIRALOMA AVENUE BUILDING 169 ANAHEIM CA 92806 USA ANAHEIM CA 92806 US ,,"CN, CHINA",,"SHENZHEN,YANTIAN",LONG BEACH,701020,SEMI-AUTOMATIC BAG FILING MACHINE HS CODE:,BOTANX,1.0,PKG,238.0,0.0,DLHTSZSE2513804,TCNU5867345,
2026-01-04,美国,中国,REUBENT INC,GUANGZHOU BAIYUN TECHNOLOGY CO LTD,1299 WASHINGTON AVE UNIT 120 GOLDENCO 80401 GOLDEN US , NO 1 YUN AN ROAD GUANGZHOU CIVILIANSCIENCE TECHNOLOGY PARK TAIHE GUAN GZHOU CHINA GUANGZHOU CN ,REUBENT INC,1299 WASHINGTON AVE UNIT 120 GOLDENCO 80401 GOLDEN US ,,"CN, CHINA",,"SHENZHEN,YANTIAN","NEW YORK,NY",252310,GLASS CEMENT,BAIYUN,28.0,PKG,26810.0,0.0,SQVVSS25110225,ZCSU7088159,
2026-01-04,美国,中国,TIEFENBACH NORTH AMERICA LLC,WOJUN GUANGZHOU RUBBER CO LTD,2608 SMITHTOWN ROAD , UNIT2 LIAN MIN VILLAGE TI MIAN TOWNHUADU DISTRICT ,N/A,N/A,,"CN, CHINA",,"SHENZHEN,YANTIAN",Baltimore,381210,RUBBER HOSE WOODEN PALLETS = ROLLS = PKGSTHIS SHIPMENT DOES NOT CONTAINS ANY SOLIDWOOD PACKING MATERIALS,NO MARKS,247.0,PKG,10485.0,0.0,EMLTSZXS00291190,JTAU1140438,
2026-01-04,美国,中国,ATLAS CREST INNOVATIONS INC,GUANGZHOU TIAN YI INFORMATION TECHN,10687 W HIGHWAY 156 WEST FORK AR 7 2774 ,ROOM 309 NO 6 WANGGANG INDUSTRIAL 2ND ROAD BAIYUN DISTRICT GUANGZHOU ,ATLAS CREST INNOVATIONS INC,10687 W HIGHWAY 156 WEST FORK AR 7 2774 ,,"CN, CHINA",,SHANGHAI,LONG BEACH,481960,STORAGE BOX,NO MARKS,816.0,CTN,13800.0,0.0,GSDRHZMJR155440,OOCU8297914,
2026-01-04,美国,中国,CLASSY LTD,GUANGZHOU MENGNI TECHNOLOGY CO LT,13949 W COLFAX AVE SUITE 105 LAKEWOOD CO 80401-3209 , ROOM 502 NO 9 LONGHE WEST ROAD BAIYUN DISTRICT GUANGZHOU ,CLASSY LTD,13949 W COLFAX AVE SUITE 105 LAKEWOOD CO 80401-3209 ,,"CN, CHINA",,"SHENZHEN,YANTIAN",LONG BEACH,392220,PLASTIC CLIP,NO MARKS,822.0,CTN,13391.0,0.0,GUECHYFS829500,CSNU5627924,
2026-01-04,美国,中国,SHIJIEYU TRADE INC,GUANGZHOU YANSUN TRADE LIMITED,4125 KISSENA BLVD APT119A421 FLUSHING NY 11355 FLUSHING 11355 US , ROOM 2610 NO 856 HUANGPU DADAODONG ROAD HUANGPU DI GUANGZHOU CN ,N/A,N/A,,"CN, CHINA",,NINGBO,LONG BEACH,710391,JEWELRY BOX,NO MARKS,792.0,CTN,12476.0,0.0,EWLGEWNGBOE23735,MATU2734117,
2026-01-04,美国,中国,RARLON INC,GUANGZHOU HUAMINGHU DEP ST CO LTD,C/O FBA 5990 N CAJON BLVD , C71301 3RD FLOOR NO 597 SHIMAXIAHUA1ST ROAD JUNHE STREET BAIYUN GUANG ,N/A,N/A,,"CN, CHINA",,QINGDAO,LOS ANGELES,680510,DINING CHAIR WOVEN FABRIC,NO MARKS,430.0,CTN,2184.0,0.0,AMZDCN25WX4EGGKW,BSIU8037370,
2026-01-04,美国,中国,XTREME JUMPERS AND SLIDES,GUANGZHOU ACE IN,15019 DAWSON DR DADE CITY FL 3352 3 , ROOM 101 BUILDING 3 NO 24 HAIDI STREET MAKE NANSHA DISTRICT GUANGZHOU CHINA ,XTREME JUMPERS AND SLIDES,15019 DAWSON DR DADE CITY FL 3352 3 ,,"CN, CHINA",,"SHENZHEN,YANTIAN",Tampa,850699,PLAYGROUND EQUIPMENT,NO MARKS,48.0,PKG,11730.0,0.0,GMMYSQ058279,EGSU1722220,
2026-01-04,美国,中国,BIG ARCHWAY LLC,GUANGZHOU RITENG ELECTRONICS CO LT,4725 NAUTILUS CT S BOULDER CO 8030 1 , FLOOR#3 NO 6 HENGJI ROAD YUNXING ZHU KENG VILLAGE SHIQIAO PANYU DISTRICT GUANGZHOU CHINA 511450 ,BIG ARCHWAY LLC,4725 NAUTILUS CT S BOULDER CO 8030 1 ,,"CN, CHINA",,"SHENZHEN,YANTIAN","HOUSTON,TX",851910,COIN OPERATED GAME MACHINE THIS SHIPMENT CONTAINS NO SOLID WOOD PACKING MATERIALS,NO MARKS,132.0,PKG,5540.0,0.0,VIFCVITFE2511276,FFAU6747927,
2026-01-04,美国,中国,AMAZON COM INC,GUANGZHOU WEIDONGMU ELECTRIC COM NO,2020 JOE B JACKSON PKWY MURFREESBO RO TN 37127-7792 UNITED STATES MUR FREESBORO US ,14 NANYUAN WEST LANE YUANMEI VILLAGE SHITANTOWN ZENGCHENG DIST RICT GUANGZHOU GUANGZHOU CN,JCR LOGISTICS INC,9500 SANTA FE SPRINGS RD SANTA FE SPRINGS CA 90670 SANTA FE SPRINGS US ,,"CN, CHINA",,"SHENZHEN,YANTIAN","HOUSTON,TX",392220,"PLASTIC BUCKET,PLASTIC CEILING FAN",NO MARKS,1197.0,CTN,10013.0,0.0,BBZLBLC202511097,KOCU4843720,
2026-01-04,美国,中国,HUAEIS TRADE INC,MAO MAO YE TRADE GUANGZHOU CO,27460 EAGLES NEST DR CORONA CA 928 83 CORONA CALIFORNIA 92883 US ,LANTIANCANG NO 6 DALANG WEST ROAD BAIYUNHUSTREET BAIYUN DISTRICT GUANGZHOU CITY GUANGZHOU CN ,N/A,N/A,,"CN, CHINA",,"SHENZHEN,YANTIAN",LONG BEACH,270300,SELF CLEANING CAT LITTER BOX HS CODE:,NO MARKS,568.0,CTN,5794.0,0.0,SKEMZG2512120052,TGHU6510610,
2026-01-04,美国,中国,XUANXIANG TRADE LIMITED,GUANGZHOU SHENDIANWEI TRADE CO LT, 9450 CA-27 CHATSWORTH CA 91311 CHA TSWORTH US , ROOM 4008 BUILDING B NO 140-214 YINGBIN ROAD LUOPU STREET PANYU DI STRICT GUANGZHOU CITY 511400 CN ,N/A,N/A,,"CN, CHINA",,"SHENZHEN,YANTIAN","HOUSTON,TX",851830,PHONE CASE,NO MARKS,912.0,CTN,13430.0,0.0,CGLSCSZ25110804,EGHU9659516,
2026-01-04,美国,中国,THILLAY INC,GUANGZHOU DINGHONG TRADE CO LTD,208 N BROADWAY STE 450 BILLINGS MT 59101 , ROOM 320 NO 1 JIANGXIA NORTH MIDDL E ROAD BAIYUN DISTRICT GUANGZHOU CHINA ,THILLAY INC,208 N BROADWAY STE 450 BILLINGS MT 59101 ,,"CN, CHINA",,QINGDAO,"NEW YORK,NY",820411,LUNCH BOX,NO MARKS,1424.0,CTN,12732.0,0.0,QZIAZSF4429642,ZCSU7279751,
2026-01-04,美国,中国,ARIAS LOGISTICS,LITEON 8 GUANG BAO LITE ON SCIENCE PARK GUANGZHOU SCIENCE PARK LUOGANG ARE A,543 A-1 AMERICAS AVE ,LITE-ON TRADING USA INC O/B LITEON 8 GUANG-BAO LITE-ON SCIENCE PARK GUANGZHOU SCIENCE PARK LUOGANG ARE A,ARIAS LOGISTICS,543 A-1 AMERICAS AVE,,"CN, CHINA",,"SHENZHEN,YANTIAN",LOS ANGELES,610839,LED LIGHTING MODULEHS CODE: PLTS= CTNSCHRYSLER MP RH HL PARK OEMJEEP JL HL BI- ELIGHT . OEMX HL POSITION SAECHRYSLER RU HL HIGH DRL LH OEMSHIPPER S DECLARATIONCONCE RNING WOOD PACKINGMATERIALS: SHIPMENT CONTAINS NO REGULATED WOODPACKAGING MATERIALS.,AS ADDRESSED,153.0,CTN,1420.0,0.0,MIQOSZX043421,CAAU4227624,
2026-01-04,美国,中国,VERO DEERFIELD INC,GUANGZHOU YUNHONG E COMMERCE CO LTD,890 GARRISON AVE STE 313 BRONX NY 10474 USA , ROOM A2 17TH FLOOR BUILDING A NO 298 MIDDLE YANJIANG ROAD YUEXIU DISTRICT GUANGZHOU CHINA ,VERO DEERFIELD INC,890 GARRISON AVE STE 313 BRONX NY 10474 USA ,,"CN, CHINA",,"SHENZHEN,YANTIAN",LONG BEACH,391890,CEILING LIGHT HS CODE:,HLJ00003,878.0,CTN,11900.0,0.0,HYSLFSZX12251361,TCLU8746268,
2026-01-04,美国,中国,O UBIQUE INC,GUANGZHOU CHIDALI TRADE CO LTD,244 MADISON AVE STE 1666 NEW YORK NY 10016 OUBIQUE@OUTLOOK COM , ROOM 302 BUILDING 2 NO 3 HUA AN MIDDLE ROAD HUADU DISTRICT GUANGZHOU ,KUT INTERNATIONAL CO LTD, FLAT/RM 705 7/F FA YUEN COMM BLDG NO 75 FA YUEN STREET MONG KOK KL ,,"CN, CHINA",,"SHENZHEN,YANTIAN",LONG BEACH,900190,MIRROR MIRROR,NO MARKS,1687.0,CTN,12940.0,0.0,EGLV149509483780,EGHU9195499,
2026-01-04,美国,中国,YIHE INTERNATIONAL TRADE INC,GUANGZHOU ZUOZHIYOU TRADE CO LT,095 W 6TH AVE BROOMFIELD CO 80020 EMAIL:CUSTOMER@TONGFREE COM TEL:62 6-361-6363 BROOMFIELD CO US , ROOM A578 X1301 NO 106 FENGZE EA ST ROAD NANSHADISTRICT GUANGZHOU CITY ZIP CODE:511458 GUANGZHOU CN ,N/A,N/A,,"CN, CHINA",,SHANGHAI,LONG BEACH,851830,PLASTIC PHONE HOLDER,NO MARKS,892.0,CTN,13361.0,0.0,ZHJLNBF25120138,MATU2723529,
2026-01-04,美国,中国,ANY ONE MORE FASHION INC,GUANGZHOU ZHONGYUE GARMENT TEXTILE SOUTH OF THE SECOND,191 WINSTON WAY SYRACUSE NY 13214 ,FLOOR NO 3 YULINGSHAN ROAD DONGHUA VILLAGE XINTAN G TOWN ZENGCHENG DISTRICT GUANGZHO ,PAPER CUT CLOTHING LLC,525 7TH AVENUE 4TH FLOOR NEW YORK NY UNITED STATES 10018 4940 ,,"CN, CHINA",,SHANGHAI,LONG BEACH,640520,WOMEN WOVEN VEST WOMEN WOVEN PANTS WOMEN WOVEN ROMPER WOMEN WOVEN SKIRT,PO# STYLE# COLOR TOTAL PACK MADE IN CHINA,2537.0,CTN,10701.0,0.0,TXSLSHWY2512055,OOLU9067363,
2026-01-04,美国,中国,GM FAIRFAX ASM FF,GUANGZHOU ANTOLIN LIGHTING CO LTD,230 KINDLEBERGER ROAD, GUANGZHOU FREE TRADE ZONE NO 213 GUANGBAO AVENUE ,N/A,N/A,,"CN, CHINA",,Port of Bellingham,LOS ANGELES,711319,CONSOLE ASM-RFLAMP ASM-CTR CTSY,GM??INVOICE NO.:GF5120501??,48.0,CTN,344.0,0.0,DFDSCAN7421046,HLXU8409002,
2026-01-04,美国,中国,HK XINTU TECHNOLOGY CO LTD,GUANGZHOU YIFEI ELECTRICAL TECH CO LTD, C/O FBA 1568 N LINDEN AVE ,ROOM409 BUILDING 15 B NO 644 JUDA INDUSTRIAL PARK SHIBEI INDUST ,N/A,N/A,,"CN, CHINA",,"SHENZHEN,YANTIAN",LOS ANGELES,,HUMIDIFIER,NO MARKS,27.0,CTN,278.0,0.0,AMZDCN253763BICX,MRSU3533400,
2026-01-04,美国,中国,VERIDIAN HEALTHCARE LLC,GUANGZHOU BERRCOM MEDICAL DEVICE CO,1175 LAKESIDE DRIVE GURNEE IL 60031 USA ,NO 38 HUANZHEN XI ROAD DAGANG TOWN NANSHA GUANGZHOU GUANGDONG P R C ,VERIDIAN HEALTHCARE LLC,1175 LAKESIDE DRIVE GURNEE IL 60031 USA ,,"CN, CHINA",,"SHENZHEN,YANTIAN",LONG BEACH,841181,NON-CONTACT INFRARED THERMOMETER (FDA DEVICE LISTING NO #D ) K NO.: (K) EXEMPT - / ( PCS) PO# THIS SHIPMENT CON TAINS NO SOLID WOOD PACKING MATERIALS.,BERRCOM,175.0,CTN,1860.0,0.0,SABC210707Y00212,OOCU5967761,
2026-01-04,美国,中国,EANGANO INCORPORATED,GUANGZHOU GRANDVIEW MATERIAL LTD, 180 E BROAD ST STE 102 COLUMBUS OH 43215 ,5/F JINJIN BLDG NO 1101 ZHONGSHAN AVE TIANHE DI ST GUANGZHOU 510663 CHINA ,EANGANO INCORPORATED, 180 E BROAD ST STE 102 COLUMBUS OH 43215 ,,"CN, CHINA",,"SHENZHEN,YANTIAN","HOUSTON,TX",490210,ADVERTISING SIGN NO WOOD PACKAGING MATERIAL IS USED IN THE SHIPMENT,.,42.0,PKG,7280.0,0.0,BKGASZF25120124,OOCU0167004,
2026-01-04,美国,中国,DAFU USA INC,GUANGZHOU LIANGBIAN TRADE CO LTD,7895 TELEGRAPH RD MONTEBELLO CA 90640 , ROOM E 5 FLOOR WING KIN SQUARE NO 29 JIANSHE LIU MA YUEXIU GUANGZHOU ,DAFU USA INC,7895 TELEGRAPH RD MONTEBELLO CA 90640 ,,"CN, CHINA",,"SHENZHEN,YANTIAN","HOUSTON,TX",741819,DISPOSABLE TABLE WARE,NO MARKS,1344.0,CTN,13709.0,0.0,OSTIGZHOU25B0580,CAAU8775884,
2026-01-04,美国,中国,KIMIS WHOLESALE INC,GUANGZHOU WODE TEXTILE GARMENT CO,88 PARKWAY NORTH CHILI NY 14514 ,6F NO 27 MAIN WORKSHOP LIXIN 12THR OAD XINTANG TOWN ZENGCHENG DISTRIC T GUANGZHOU ,PAPER CUT CLOTHING LLC,525 7TH AVENUE 4TH FLOOR NEW YORK NY UNITED STATES 10018 4940 ,,"CN, CHINA",,SHANGHAI,LONG BEACH,640520,WOMEN WOVEN TOP WOMEN WOVEN VEST WOMEN WOVEN PANTS,PO# STYLE# COLOR TOTAL PACK MADE IN CHINA,1798.0,CTN,11038.0,0.0,TXSLSHWY2512052,TRHU6636452,
2026-01-04,美国,中国,QUASIRION INC,GUANGZHOU SHIMA TECHNOLOGY CO LTD,8300 UTICA AVE STE 195 RANCHO CUCA MONGA CA 91730 , ROOM 1101 T4 TIANGUI ROAD NO 103 GUANGZHOU HUADU GUANGDONG510803 ,QUASIRION INC,8300 UTICA AVE STE 195 RANCHO CUCA MONGA CA 91730 ,,"CN, CHINA",,"SHENZHEN,YANTIAN",LONG BEACH,441033,DECORATIVE PANEL,NO MARKS,1108.0,CTN,16620.0,0.0,SYLCFCL2512NT35,OOCU6322509,
2026-01-04,美国,中国,FUTURE TRADE INC,GUANGZHOU ISSYZONE TECHNOLOGY CO,ADDRESS:13350 ARVIDSON RD CHINO C A 91710 CHINO CA 91710 US ,L UNIT J101 NO 31 FIFTH XICHA ROAD BAIYUNDISTRICT GUANGZHOU GUANGZHOU CN ,FUTURE TRADE INC,ADDRESS:13350 ARVIDSON RD CHINO C A 91710 CHINO US ,,"CN, CHINA",,"SHENZHEN,YANTIAN",LONG BEACH,252510,SUNSHADE BLOCK THIS SHIPMENT CONTAINS NO S OLID WOOD PACKING MATERIALS,NO MARKS,815.0,PKG,9034.0,0.0,SHVL2512LGB4789F,CSNU7962177,
2026-01-04,美国,中国,ARGUS US INC,GUANGZHOU MELODY CLOTHING CO LTD,DBA BE COOL 2055 E 51ST ST VERNON CA 90058 , ROOM 1503 15/F BUILDING C THE PEARLRIVER INTERNATIONAL TEXTILE CITY Y IJING ROAD HAIZHU DISTRICT GZ DG ,ARGUS US INC,DBA BE COOL 2055 E 51ST ST VERNON CA 90058 ,,"CN, CHINA",,"SHENZHEN,YANTIAN",LOS ANGELES,611012,SWEATER HS CODE,"PO NO PO10151,PO10227,PO10017,PO10150 PO9880,",233.0,CTN,3004.0,0.0,EKISDNGZS2501478,EGSU3834657,
2026-01-04,美国,中国,XINYANG TRADE INC,GUANGZHOU QIANCHENG ZHIYUN TECHNOLO,145 E DUARTE RD STE AA569 ARCADIA CA 91006 ,BUILDING D3 ZHIHUI PARK XICHENG D ISTRICT BAIYUN DISTRICT GUANGZHOU ,XINYANG TRADE INC,145 E DUARTE RD STE AA569 ARCADIA CA 91006 ,,"CN, CHINA",,NINGBO,LONG BEACH,481960,STORAGE BOX,NO MARKS,952.0,CTN,14962.0,0.0,GSDRHZMSH013000,MATU2675185,
2026-01-04,美国,中国,FIASMIO DISTRIBUTION INC,FENGYI GUANGZHOU INTERNATIONAL E C D,41-14B MAIN ST STE B26 FLUSHING NY 11355 USA ,ROOM 406 NO 40 DAJINZHONG RD JINGTAI STREET BAIYUN DISTRICT GUANGZHOU GD CHINA ,FIASMIO DISTRIBUTION INC,41-14B MAIN ST STE B26 FLUSHING NY 11355 USA ,,"CN, CHINA",,SHANGHAI,LONG BEACH,620412,KNIT CASUAL SUITS,NO MARKS,3641.0,CTN,9698.0,0.0,SZQEMNGLU2511212,UETU9005181,
2026-01-04,美国,中国,PROLIGHTS IMPORT AMERICA INC,GUANGZHOU ABLELITE ELECTRONIC CO,UNIT 160 2950 W SHADY SHORES RD CORINTH TX 76208 ,1 BUILDING DAGANG INDUSTRIAL DISTR SHILOU TOWN PANYU ZONE GUANGZHOU ,N/A,N/A,,"CN, CHINA",,"SHENZHEN,YANTIAN",LONG BEACH,940540,STAGE LIGHTING HS CODE CTNS PLTS,PROLIGHTS,144.0,PKG,1256.0,0.0,CHSL536835578CAN,TCNU5411843,
2026-01-04,美国,中国,VANTIVE C O CARDINAL HEALTH,BAIN MEDICAL EQUIPMENT GUANGZHOU,8640 NAIL RD, NO 10 JUNCHENG ROAD EASTERN SECTION ECONOMIC & TECHNOLOGICAL DEVELOPMENT DISTRICT ,N/A,N/A,,"CN, CHINA",,Port of Bellingham,LOS ANGELES,871491,TUBING SETS FOR HEMODIALYSIS,NO MARKS,192.0,CTN,1748.0,0.0,BWLECAN59344047,TEMU2624104,
2026-01-04,美国,中国,GRAVITY INSTALLS LLC,GUANGZHOU SWIFTWING TRADE CO LTD,254 CHAPMAN ROAD SUITE 209 NEW CASTLE DE 19702 NEW CASTLE 19702 US , ROOM 207 2ND FLOOR DESHANG MEETS TIMES CREATIVE VALLEY NO 619 FANGCUN AVENUE WEST LIWAN GUANGZHOU 510360 CN ,FRAYER LOGISTICS CORP,1420 SHIRLEY WAY BEDFORD TX 76022 BEDFORD 76022 US ,,"CN, CHINA",,"SHENZHEN,YANTIAN","HOUSTON,TX",701399,INDOOR AMUSEMENT EQUIPMENTS HS CODE: THIS SHIPMENT CONTAINS NO SOLID WOOD PACKING MATERIALS.,NO MARKS,291.0,PKG,5840.0,0.0,CUOL7563US235837,FFAU6231545,
2026-01-04,美国,中国,METROTRADE INTL INC,GUANGZHOU LINDA HO TRADE CO LTD,6565 W SUNSET BLVD SUITE 190 LOS A NGELES CA 9002 LOS ANGELES 90028 US , ADD:NO 2-1 QIFU 2ND CROSS STREET YUNCHENG SUB-D GUANGZHOU CN ,N/A,N/A,,"CN, CHINA",,"SHENZHEN,YANTIAN",LONG BEACH,392410,PLASTIC CUPS,NO MARKS,703.0,CTN,10396.0,0.0,YGLDYSSZ25120139,OOCU5923589,
2026-01-04,美国,中国,TORNADO TRADE INC,GUANGZHOU MAOBANG STORAGE EQUIPMENT,5201 TUSCARORA RD NIAGARA FALLS NY 14304 , NO 15 FUPING ROAD XIAOPING INDUSTRIAL ZONE SHATOU STREET PANYU DISTRICT GUANGZHOU GUANGDONG ,N/A,N/A,,"CN, CHINA",,Port of Bellingham,LOS ANGELES,851621,STORAGE RACK THIS SHIPMENT CONTAINS NO S OLID WOOD PACKAGING MATERIAL,NO MARKS,224.0,PKG,4430.0,0.0,PSEAZLAX25113136,DRYU2795613,
2026-01-04,美国,中国,GOLDEN SUN COMMERCE INC,GUANGZHOU LUOMA QISHI LEATHER GOODS CO LTD,2100 MARKET ST DENVER CO 802052025 US CO DE 80205 US ,BUILDING A 1ST FLOOR 101S T AND GZ CN ,EVER CUSTOMS INC,2583 E WYANDOTTE CT ONTARIO CALIFO RNIA 91761 UNITED STATES OF PICO R IVERA US ,,"CN, CHINA",,"SHENZHEN,YANTIAN",LONG BEACH,841830,CHEST PACK BACKPACK,NO MARKS,653.0,CTN,4861.0,0.0,EVHL25120906,BEAU5669146,
2026-01-04,美国,中国,CONCEPT LABORATORIES INC,GUANGZHOU UCHANCE PACKAGING CO LTD,10550 86TH AVE DOOR DOCK 5 PLEASAN T PRAIRIE WI 53158 USA , ROOM 210 BUILDING A3 NO 8 MIDDL E STREET JIAOXIN JIUZHUANG SHIMEN BAIYUN DISTRICT GUANGZHOU ,N/A,N/A,,"CN, CHINA",,"SHENZHEN,YANTIAN",LOS ANGELES,,PLASTICTUBE,NO MARKS,658.0,CTN,4810.0,0.0,SYTRSTS25120170,MRKU4551197,
2026-01-04,美国,中国,OKMINS TRADE LLC,GUANGZHOU JIYU COMMERCE & TRADE CO,1680 CAMPBELL LN STE 109 BOWLING GREEN KY 42104 ,ROOM 499 N367 NO 89 YANLING ROAD TIANHE DISTRICT GUANGZHOU CITY ,OKMINS TRADE LLC,1680 CAMPBELL LN STE 109 BOWLING GREEN KY 42104 ,,"CN, CHINA",,SHANGHAI,LOS ANGELES,851490,INDOOR RANGE OVEN,NO MARKS,72.0,CTN,7920.0,0.0,KIUFKBHZ25120015,EMCU8419855,
2026-01-04,美国,中国,CARGO UNION CO LTD,KC INTERNATIONAL SHANGHAI LTD GUANGZHOU BRANCH,540 E ALONDRA BLAVD GARDENA CA 90248 USA , UNIT 01 12TH FLOOR LI FENG INTERNATIONAL CENTER 33 JIEFANG ,CARGO UNION CO LTD, 540 E ALONDRA BLAVD GARDENA CA 90248 USA ,,"CN, CHINA",,"SHENZHEN,YANTIAN",LONG BEACH,420221,HANDBAGS,LIKE DREAMS CARTON: PO: STYLE #: COLOR: TOTALQTY: MADE IN CHINA,189.0,CTN,2507.0,0.0,BOLVGGZS2512070B,EGSU1824264,
2026-01-04,美国,中国,LOGISTICA INTERNATIONAL PISHON SA,GUANGZHOU HAOQI TRADE CO LTD,DE CV CALLE 5 DE FEBRERO 130PISO 2 COL CENTRO CUAUHTEMOC CIUDAD DEMEX ICO C P 06080 , ROOM 220 ROOM 204 8 DASHA NORTHROADHUANGPU DISTRICT GUANGZHOU GUANGDO NG CHINA ,HODOS SUPPLY CHAIN ADVANCE LLC,19141 GOLDEN VALLY RD SUIT 1006SANTA CLARITA CA 9138791387 ,,"CN, CHINA",,"SHENZHEN,YANTIAN",LOS ANGELES,401390,MOTORCYCLE PARTS,NO MARKS,817.0,PKG,16340.0,326800.0,CHIASEF251212073,OOCU8868079,
2026-01-04,美国,中国,GOODSGATE INC 971 US HIGHWAY 202N STE N BRANCH,GUANGZHOU HOTPOOL SANITARY WARE CO,BURG NJ 08876 USA BRANCHBURG NJ 08876 US ,GANGTOU INDUSTRIAL ZONE HUAQIAO TOWN HUADU DONGGUAN CN ,N/A,N/A,,"CN, CHINA",,"SHENZHEN,YANTIAN",LONG BEACH,761520,SANITARY WARE(SPA SHELL),NO MARKS,41.0,PKG,3465.0,0.0,TLKPSZXLAX5D174X,TGBU4340684,
2026-01-04,美国,中国,WORLDTRADE PARTNERS TRADE INC,GUANGZHOU DAY DAY TRADE CO LTD,ADD:601 S FIGUEROA ST LOS ANGELES CA 90017IRIS@TRANSFLUENTSCM COM LO S ANGELES CA 90017 US , ADD: NO 13 HAILIN ROAD DAO VILLAG E LANKAI TOWN NANHAI GUANGZHOU CN ,WORLDTRADE PARTNERS TRADE INC,ADD:601 S FIGUEROA ST LOS ANGELES CA 90017IRIS@TRANSFLUENTSCM COM LO S ANGELES US ,,"CN, CHINA",,"SHENZHEN,YANTIAN",LONG BEACH,392220,PLASTIC BANDAGE,NO MARKS,1028.0,CTN,15850.0,0.0,SSAOSZXH2512135,OOLU9698538,
2026-01-04,美国,中国,VITA MENA LTD,GUANGZHOU XUJOHN BIO TECHNIQUE CO,4460 DUBAI AIRPORT FREE ZONE AUTHORITY DUBAYY [DUBAI] AE ,NO 1 BUILDING THE 7TH YARD LIANDA ROADHUANGPU DISTRICT GUANGZHOU CN ,M5 BEAUTY INCORPORATED, 7190 W SUNSET BLVD 22C LOS ANGELES US ,,"CN, CHINA",,"SHENZHEN,YANTIAN",LONG BEACH,330420,GOLD HYDROGEL EYE MASK HS CODE: COL LAGEN CAFFEINE EYE PADS JAR HS CODE:,VITAMASQUES,2090.0,CTN,7150.0,0.0,FEVMSZXF25122441,SEKU4060953,
2026-01-04,美国,中国,GUANGZHOU SOUGLE,GUANGZHOU SINFOO PLASTIC CO LTD,14955 LIMONITE AVE EASTVALE CA 928 80 USA, C1-C6 WORKSHOP NO 3 HUAJIANG ROAD HUAHAI INDUSTRIAL ZONE HUADU DIST RICT XINHUA TOWN GUANGZHOU CHINA ,GUANGZHOU SOUGLE,14955 LIMONITE AVE EASTVALE CA 928 80 USA,,"CN, CHINA",,"SHENZHEN,YANTIAN",LOS ANGELES,420229,PLASTIC HANGER THIS SHIPMENT CONTAINS NO WOOD PACKAGING MATERIALS,NM,3228.0,PCS,7530.0,0.0,RSLCSNAF2512299A,MAGU5235810,
2026-01-04,美国,中国,HOLLISTER WHITNEY ELEVATOR CORP,ENSOTA GUANGZHOU TECHNOLOGIES LTD,2603 N 24TH STREET ,5F BLDG 1 NO 271 HONGMING RD ECONOMIC & TECHNOLOGICAL DEV DIST ,N/A,N/A,,"CN, CHINA",,Port of Bellingham,LOS ANGELES,850300,ELEVATOR PARTS-STATOR WOODEN CASES= PACKAGES THIS SHIPMENT CONTAINS FUMIGATEDWOODEN PACKING MATERIALS.,"HOLLISTER-WHITNEY ELEVATOR CO.,LLC",8.0,PKG,1294.0,0.0,DFDSCAN7418048,CMAU8390635,
2026-01-04,美国,中国,LOVELY FRIDAY LLC,GUANGZHOU GUANGSHENG IMPORT & EXPORT TRADE CO LTD,1968 S COAST HWY STE 4949 LAGUNA BEACH CA92651 US , ROOM J190 3RD FLOOR NO 9 KEMULONG SOUTH ROAD TIANHE DISTRICT GUANGZHOU CN ,LOVELY FRIDAY LLC,1968 S COAST HWY STE 4949 LAGUNA BEACH CA92651 US ,,"CN, CHINA",,SHANGHAI,LONG BEACH,,DIY BOOKMARKS,NO MARKS,877.0,CTN,14107.0,0.0,FCIFF25D08414LGB,TRHU8428627,
2026-01-04,美国,中国,INGRAM PUBLISHER,GUANGZHOU GREAT DRAGON PRINTING & G,2577 NORTH PARKWAY EAST ,31 CHUANG YE ROAD TAI PING ECONOMI C DEVELOPMENT ZONE,INGRAM PUBLISHER,2577 NORTH PARKWAY EAST ,,"CN, CHINA",,"SHENZHEN,YANTIAN",LONG BEACH,490199,PRINTED BOOKS,NO MARKS,50.0,CTN,503.0,0.0,SMMB4SZ25110525,TGBU4124155,
2026-01-04,美国,中国,SAROR TRADE INC,GUANGZHOU COUNSELOR TRADE CO LT,13165 SW SHORE DR PORTLAND OREGON 97223 US , ROOM 313 NO 2 YUNQUANZHI STREET GUANGYUAN EASTROAD YUEXIU DISTRICT GUANGZHOU CITY GUANGZHOU CN ,N/A,N/A,,"CN, CHINA",,"SHENZHEN,YANTIAN",LOS ANGELES,392220,PLASTIC PLANTER HS CODE:,NO MARKS,728.0,CTN,10317.0,0.0,SKEMZG2512110058,CMAU9312560,
2026-01-04,美国,中国,CHRISTHOLM INC,GUANGZHOU HANSONG ELECTRIC TECHNOLOGY CO LTD,5963 LA PLACE CT STE 200 CARLSBADCA92008 CA CA 92008 US ,FLAT E 9/F BLOCK 1 KIN HO FO TAN HK ,CHRISTHOLM INC,5963 LA PLACE CT STE 200 CARLSBADCA92008 CA US ,,"CN, CHINA",,"SHENZHEN,YANTIAN",LONG BEACH,950510,ARTIFICIAL FLOWER PLASTIC ORNAMENTS,NO MARKS,1012.0,CTN,16000.0,0.0,EVHL25120864,FFAU7075719,
2026-01-04,美国,中国,CHRISTHOLM INC,GUANGZHOU HANSONG ELECTRIC TECHNOLOGY CO LTD,5963 LA PLACE CT STE 200 CARLSBADCA92008 CA CA 92008 US ,FLAT E 9/F BLOCK 1 KIN HO GUANGZHOU CN ,CHRISTHOLM INC,5963 LA PLACE CT STE 200 CARLSBADCA92008 CA US ,,"CN, CHINA",,"SHENZHEN,YANTIAN",LONG BEACH,950510,ARTIFICIAL FLOWER PLASTIC ORNAMENTS,NO MARKS,888.0,CTN,11400.0,0.0,EVHL25120865,TGBU4913786,
2026-01-04,美国,中国,TITAN MANUFACTURING & DISTRIBUTING,GUANGZHOU LANJINGGUO TRADE COMPAN,DBA TITAN BRANDS INC 3839 FOREST HILL IRENE ROAD , RM 1603 NO 1138 WEST ZHONGSHAN AV ENUE ,TITAN MANUFACTURING & DISTRIBUTING DBA TITAN BRANDS INC,3839 FOREST HILL IRENE ROAD ,,"CN, CHINA",,"SHENZHEN,YANTIAN",LONG BEACH,871680,TRACTOR ATTACHMENTS & PARTS FOR AGRICULTURAL & FORESTRY USE: SIDE DISCHARGE BUCKET; IN BUCKET - BLADE; TELEHANDLER BUCKET ; TORO STUMP BUCKET; QUICK TACH KIT; FORKLIF T ATTACHMENTS: SKID STEER PRO SERIES FORK FR AME (FRHDV ); CART SETS: INDUSTRIAL CART BUNDLER CART RACK; INDUSTRIAL CART TIERED PIPE RA CK; OUTDOOR PRODUCTS: PARK GRILL WITH HOOD,NO MARKS,87.0,PKG,13358.0,0.0,SMMBSSZX7305733,CSNU8000901,
2026-01-04,美国,中国,PAISANO S DE RL DE CV,GUANGZHOU DONGLU INNOVATION TECHNOLOGY CO LTD, CALLE MIGUEL ALEMAN VALDEZ #2727INTERIOR 3 COLONIA AMERICA TIJUANA BAJA CALIFORNIA MEXICO CP 22044 , ROOM 612 181YUN CHENG SOUTH 2ND ROAD SANYANLISTREETBAIYUN DISTRICT GUANGZHOU ,GANN GROUP,CORP 2323 AVENIDA COSTA ESTE SUITE 300 SAN DIEGO CA 92154 US92154 ,,"CN, CHINA",,"SHENZHEN,YANTIAN","HOUSTON,TX",848220,PLASTIC WATER CUP,TCS156998023921,828.0,CTN,13825.0,276500.0,CHIASEF251210415,DSZU4806878,
2026-01-04,美国,中国,HANHAI COMMERCE INC,GUANGZHOU CAI MAO TRADE CO LTD,5780 SOESTERN COURT UNIT B CHINO CA91710 CHINO CALIFORNIA 91710 US , NO 597 SHI MA XIA HUA YI ROAD JUNHESTREET BAIYUN DISTRICT GUANGZHOU GDCN GUANGZHOU CN ,N/A,N/A,,"CN, CHINA",,SHANGHAI,LONG BEACH,610311,KNIT BOYS SUITS,NO MARKS,2311.0,CTN,9147.0,0.0,SXCOSHE25123131,OOCU0225142,
2026-01-04,美国,中国,HOMARY TECHNOLOGY INC,GUANGZHOU POPICORNS TECHNOLOGY CO,10401 S SAM HOUSTON PKWY W UNIT 200 ,L ROOM 1201FLOOR 12 HICKEY BUILDINGNO ,AZ EXPRESS FREIGHT INC,2990 INLAND EMPIRE BLVD STE 112 ONT ,,"CN, CHINA",,"SHENZHEN,YANTIAN",LOS ANGELES,940161,FURNITURE CHAIR TABLE THIS SHIPMENT CONTAIN S NO SOLID WOODEN PACKING MATERIALS.,NO MARKS,542.0,CTN,6579.92,0.0,MAEU262215484,TEMU6934664,
2026-01-04,美国,中国,GUANGZHOU SOUGLE,GUANGZHOU SINFOO PLASTIC CO LTD,14955 LIMONITE AVE EASTVALE CA 92880, C1 C6 WORKSHOP NO 3 HUAJIANG ROAD HUAHAI ,GRAND OCEAN CUSTOMS BROKERAGE INC,801 S GARFIELD AVE 301 ALHAMBRA CA 91801 ,,"CN, CHINA",,"SHENZHEN,YANTIAN",LONG BEACH,847990,PE TRASH BAG HS CODE,NO MARKS,265.0,CTN,1743.0,0.0,OSTIZSLGB25C007B,TRHU6161275,
2026-01-04,美国,中国,LX GLOBAL INC,GUANGZHOU NEW STORY TRADE CO LTD,5199 BROOKS ST STE C-1206 MONTCLAIRCA 917635166108325 , ROOM 2203 NO 13 ZEXI STREET HANX I VILLAGE HANXI COMMERCIAL CENTER ZHONGCUN STREET PANYU DISTRICT ,LX GLOBAL INC,5199 BROOKS ST STE C-1206 MONTCLAIRCA 917635166108325 ,,"CN, CHINA",,NINGBO,LONG BEACH,481960,STORAGE BOX,NO MARKS,948.0,CTN,16248.0,324960.0,TXSLCTSE2512122,MATU2607154,
2026-01-04,美国,中国,BIANCHI TRADE CO LTD,GUANGZHOU NEW STORY TRADE CO LT, 17917 SCARECROW PL ROWLAND HEIGHTS CA 91748 , ROOM 2203 NO 13 ZEXI STREET HANX I VILLAGE HANXI COMMERCIAL CENTER ZHONGCUN STREET PANYU DISTRICT ,BIANCHI TRADE CO LTD, 17917 SCARECROW PL ROWLAND HEIGHTS CA 91748 ,,"CN, CHINA",,"SHENZHEN,YANTIAN",LONG BEACH,481960,STORAGE BOX,NO MARKS,878.0,CTN,14951.0,299020.0,GSDRXU6437813522,OOLU9826330,
2026-01-04,美国,中国,SUMIRIKO OHIO INC,SUMIRIKO AUTOMOTIVE GUANGZHOU CO,ADDRESS 320 SNIDER RD ,NO 331 XINAN ROAD YONGHE ECONOMIC ZGETDD GUANGZHOU CHINA 511356 ,N/A,N/A,,"CN, CHINA",,"SHENZHEN,YANTIAN",LONG BEACH,842691,STOPER SIDE ENGINE MOUNTING PLT CONTAINS CTNS,SRKGZ-SRK OH INV.NO.SRKGZ2-CG007-250492 OHIO U.S.A. C NO.1-1 MADE IN CHINA,48.0,PKG,276.0,0.0,CHSL536526785CAN,OOCU6948724,
2026-01-04,美国,中国,ATLANTIC TRADE INC,GUANGZHOU DANTEL TRADE CO LTD,1401 21ST STREET SUITE R SACRAMENTOCA 95811 LONG BEACH CA US , NO 490 TIANHE ROAD TIANHE DISTRICT GUANGZHOU CHIINA YANTIAN CN ,N/A,N/A,,"CN, CHINA",,"SHENZHEN,YANTIAN",LONG BEACH,847940,DOG BIT ROPE,NO MARKS,830.0,CTN,13600.0,0.0,CGLSCSZ25120568,OOLU8953475,
2026-01-04,美国,圣赫勒拿岛（英）,JUXIANG GROUP LTD,GUANGZHOU YIKUOLI TRADE CO LTD,3262 GARLAND ST WHEAT RIDGE CO 80033 UNITED STAT WHEAT RIDGECO80033 US , JINSUI ROAD TIANHE DISTRICT GUANGZHOU GD CHINA GUANGZHOUGD CN ,JUXIANG GROUP LTD,3262 GARLAND ST WHEAT RIDGE CO 80033 UNITED STAT WHEAT RIDGE CO80033 US ,,"SH, SAINT HELENA",,Port of Seattle,LONG BEACH,851939,CONTROL ARM ASSY-FRONT UPPER RIGHT CONTROL ARM ASS Y-FRONT UPPER LEFT HS CODE:CONTROL ARM ASSY-FRONT UPPER RIGHT CONTROL ARM ASS Y-FRONT UPPER LEFT HS CODE:,NO MARKSNO MARKS,98.0,PKG,33500.0,0.0,PPILS2CM902511,"SLEU2513591,SLEU2513610",
2026-01-04,美国,中国,AUTO AIR EXPORT INC D B A,GUANGZHOU CHUANGWEI TRADE CO LTD,OMEGA ENVIRONMENTAL TECHNOLOGIES 1401 VALLEY VIEW LANE SUITE 100 IRVING TX 75061 USA , RM 1506 BLDG 15 ZENGCHENG LOW CARBON HEADQUARTERS PARK ZENGCHENG DIST GUANGZHOU CN 510000 ,AUTO AIR EXPORT INC,D B A OMEGA ENVIRONMENTAL TECHNOLOGIES 1401 VALLEY VIEW LANE SUITE 100 IRVING TX 75061 USA ,,"CN, CHINA",,"SHENZHEN,YANTIAN",LOS ANGELES,841490,A C COMPRESSOR,20-47244-HP ABP N83 2020 11585,23.0,PKG,17540.0,0.0,HNLTZS25QA0033,CMAU3330401,
2026-01-04,美国,中国,YOUNG LIVING ESSENTIAL OILS LC,GUANGZHOU IDEALPAK CO LTD,EAST 3450 NORTH SPANISH FORK UT 84660 USA US , RM 202 BLDG B3 NO 27 HUANGYUAN ROADBAIYUN DISTRICT GUANGZHOU 510425 CHINA CN ,N/A,N/A,,"CN, CHINA",,HULUTAO,LOS ANGELES,390760,GLASS BOTTLE (HS CODE: ),"WINPACK INTERNATIONAL,INC.",64.0,PKG,980.0,0.0,CHKMSSLC25163706,EITU1571857,
2026-01-04,美国,中国,BLUEOCEAN TRADE INC,GUANGZHOU ZHONGRUI TRADE CO LT,1401 21ST STREET SUITE R SACRAMENTOCALIFORNIA 95811 US , NO 16 DONGHUAN STREET LUNTOU HAIZ HU DISTRICT GUANGZHOU CN ,N/A,N/A,,"CN, CHINA",,"SHENZHEN,YANTIAN",LONG BEACH,844831,PLASTIC CARD HOLDER,NO MARKS,786.0,CTN,13072.0,0.0,OBLMOBSZ25C7188,OOLU8953876,
2026-01-04,美国,中国,OLEWEN TRADE LLC,GUANGZHOU YOUXIANTONG TRADE CO LTD,13350 CHINO ARVIDSON RD CA 91710 , RM 427 4TH FLOOR NO 25 SIYOU 2ND R D YUEXIU DISTRICT GUANGZHOU CHINA ,OLEWEN TRADE LLC,13350 CHINO ARVIDSON RD CA 91710 ,,"CN, CHINA",,"SHENZHEN,YANTIAN",LONG BEACH,621210,BRASSIERES,NO MARKS,629.0,CTN,6162.0,0.0,OSTISZLGB25C5682,OOCU8624323,
2026-01-04,美国,中国,LA MIEL USA INC,GUANGZHOU MEIYI GARMENT TRADE CO LTD,1951 STAUNTON AVE VERNON CA 90058 , ROOM 408 XINYI BUSINESS NO 51 XINYI ROAD TANGJING STREET BAIYUN DISTRICT GUANGZHOU CITY ,LA MIEL USA INC,1951 STAUNTON AVE VERNON CA 90058 ,,"CN, CHINA",,"SHENZHEN,YANTIAN",LONG BEACH,640520,WOMEN S TOP WOMEN S SHIRT WOMEN S DRESS,LA MIEL,84.0,CTN,1226.0,0.0,SYUISWCGA251227,OOCU6319491,
2026-01-04,美国,中国,ZENCRAFT SOLUTIONS INC,GUANGZHOU DASHENG INTERNATIONAL SUP NO,15902A HALLIBURTON RD#1175 HACIENDAHEIGHTS CA 91745 HACIENDA HEIGHTS CA US ,111 1ST FLOOR BUILDING 9 NO 1 ERHENG ROAD WEST DISTRICT HELONG STR EET BAIYUN DISTRICT GUANGZHOU CN,N/A,N/A,,"CN, CHINA",,"SHENZHEN,YANTIAN",LONG BEACH,940190,CAR SEAT COVER,NO MARKS,934.0,CTN,9830.0,0.0,NPSCSZE25120106,OOCU9220630,
2026-01-04,美国,中国,SUMMIT TRADE INC,GUANGZHOU NEW STORY TRADE CO LTD,1401 21ST ST STE R SACRAMENTO CA 9 5811 , ROOM 2203 NO 13 ZEXI STREET HANXI VILLAGE ZHONGCUN STREET PANY U DISTRICT GUANGZHOU CITY ,N/A,N/A,,"CN, CHINA",,"SHENZHEN,YANTIAN",LONG BEACH,481960,STORAGE BOX,NO MARKS,996.0,CTN,15410.0,0.0,TWXAGTLSE2512060,OOCU7630023,
2026-01-04,美国,中国,PEAKCLEAR TRADE INC,GUANGZHOU MINFU ELECTRONIC AUDIO CO,18121 E HAMPDEN AVE UNIT C 1207 AURORA CO 80013 CO CO 80013 US ,ADD:102 NO 2 DONGSHENG SANHENG RD CHADONG SHIJI TOWN PANYU DIST G UANGZHOU CHINA GZ CN ,PEAKCLEAR TRADE INC,18121 E HAMPDEN AVE UNIT C 1207 AURORA CO 80013 CO US ,,"CN, CHINA",,"SHENZHEN,YANTIAN",LOS ANGELES,851829,SPEAKER,AUDIOBOX/DOLPHIN,1690.0,CTN,6949.0,0.0,RDIH25120547,SEGU4410506,
2026-01-04,美国,中国,FLASOUBO COMMERCE INC,GUANGZHOU LE CHAO TRADE CO LTD,CONTACT ADD:41-14B MAIN ST STE B26FLUSHING NY 11355 UNITED STATES FLUSHING NEW YORK 11355 US , NO 129 DONGPING NORTH ROAD YONGPINGSTREET BAIYUN DISTRICT GUANGZHOU CITY GD CN GUANGZHOU CN ,N/A,N/A,,"CN, CHINA",,SHANGHAI,LONG BEACH,630252,KNIT HOODIES KNIT PANTS KNIT SHIRTS KNIT VESTS,NO MARKS,1006.0,CTN,11889.0,0.0,SXCOSHE25123607,MATU4596362,
2026-01-04,美国,中国,ZENCRAFT SOLUTIONS INC,GUANGZHOU DASHENG INTERNATIONAL SUP NO,15902A HALLIBURTON RD#1175 HACIENDAHEIGHTS CA 91745 HACIENDA HEIGHTS CA US ,111 1ST FLOOR BUILDING 9 NO 1 ERHENG ROAD WEST DISTRICT HELONG STR EET BAIYUN DISTRICT GUANGZHOU CN,N/A,N/A,,"CN, CHINA",,"SHENZHEN,YANTIAN",LONG BEACH,940190,CAR SEAT COVER,NO MARKS,1087.0,CTN,7840.0,0.0,NPSCSZE25120097,TCNU7375977,
2026-01-04,美国,中国,MORRIS TRADE CO LTD,GUANGZHOU COUNSELOR TRADE CO LT, 202 N CEDAR AVE SUITE #1 OWATONNA OWATONNA MINNESOTA 55060 US , ROOM 313 NO 2 YUNQUANZHI STREET GUANGYUAN EASTROAD YUEXIU DISTRICT GUANGZHOU CITY GUANGZHOU CN ,N/A,N/A,,"CN, CHINA",,"SHENZHEN,YANTIAN",LOS ANGELES,841459,ZIGBEE+BLUETOOTH GATEWAY HS CODE: C EILING FANS HS CODE:,NO MARKS,987.0,CTN,10657.0,0.0,SKEMZG2512090025,GCXU6106230,
2026-01-04,美国,中国,BRH INTERNATIONAL INC,GUANGZHOU CITY JINGUAN PRINTING CO,4031 N PECOS RD SUITE 100 LAS VEGASNEW YORK US ,17 F NO 32 KANGFU ROAD HUANGPU GUANGZHOU BLACK COW CENTER GUANGZHOU CN ,BRH INTERNATIONAL INC,4031 N PECOS RD SUITE 100 LAS VEGASNEW YORK US ,,"CN, CHINA",,"SHENZHEN,YANTIAN",LONG BEACH,820411,PAPER BOX THIS SHIPMENT CONTAINS NO SOLID WOOD PACKING MATERIALS,NO MARKS,24.0,PKG,6030.0,120600.0,SZCRAFD25120031,TRHU5800197,
2026-01-04,美国,中国,PROMOCION Y LOGISTICA ARNEM,GUANGZHOU SHIMAO BAICHUAN INTERNATIONAL IMPORT & EXPORT CO LTD,J CLEMENTE OROZCO 539 COL ALAMOS DE SAN LORENZO C P 32340 CD JUAREZ CHIHUAHUA MEXICO , R101-100 NO 44 FU HUA EAST ST TANGDONG TIANHE DST GZ ,HDR LOGISTICS LLC,220 PETE DOMINICI HWY SANTA TERESA NM 88008 ,,"CN, CHINA",,"SHENZHEN,YANTIAN",LOS ANGELES,732290,STAND FAN HS CODE: THIS SHIPMENT CONTAINS NO SOLID WOOD PACKING MATERIALS,NO MARKS,951.0,PKG,15510.0,0.0,HNLTSZ25QA0096,CAAU9884811,
2026-01-04,美国,中国,AETERNUM HOLDINGS LLC,GUANGZHOU CHAOZHETIAN NETWORK TECHNOLOGY CO LTD,2844 WYANDOTTE AVE SAN DIEGO CA92117 CA CA 92117 US ,ROOM 212 NO 6 NO 2 WANGGANG GZ CN ,AETERNUM HOLDINGS LLC,2844 WYANDOTTE AVE SAN DIEGO CA92117 CA US ,,"CN, CHINA",,"SHENZHEN,YANTIAN",LOS ANGELES,940410,MATTRESS TOPPER,NO MARKS,745.0,CTN,19221.0,0.0,EVHL25120641,TIIU5546832,
2026-01-04,美国,中国,ALI DEAL IMPORT INC,GUANGZHOU MEIZE LOGISTICS,1375 DOVE STSTE 200NEWPORT BEACH C A 92660 ,NO 68 QINGHU DABU STREET BAIYUND ISTRICT GUANGZHOU CITY DEYUN CHUA NGGU ,ALI DEAL IMPORT INC,1375 DOVE STSTE 200NEWPORT BEACH C A 92660 ,,"CN, CHINA",,"SHENZHEN,YANTIAN","HOUSTON,TX",392220,PLASTIC BAG,NO MARKS,574.0,CTN,17174.0,0.0,GSDRHZMH1432900,HMMU9032204,
2026-01-04,美国,中国,PEAKCLEAR TRADE INC,GUANGZHOU MINFU ELECTRONIC AUDIO CO,18121 E HAMPDEN AVE UNIT C 1207 AURORA CO 80013 CO CO 80013 US ,ADD:102 NO 2 DONGSHENG SANHENG RD CHADONG SHIJI TOWN PANYU DIST G UANGZHOU CHINA GZ CN ,PEAKCLEAR TRADE INC,18121 E HAMPDEN AVE UNIT C 1207 AURORA CO 80013 CO US ,,"CN, CHINA",,"SHENZHEN,YANTIAN",LOS ANGELES,851829,SPEAKER,AUDIOBOX/DOLPHIN,1195.0,CTN,7350.0,0.0,RDIH25120548,TCNU6920629,
2026-01-04,美国,中国,FRANKIE ROW SHOP INC,GUANGZHOU LIGAO PLASTIC PRODUCTS CO,1052 OLANCHA DRLOS ANGELES CA 900 65 ,NO 77 ZHENXING BEI ROAD SHENSHAN INDUSTRIAL ZONE JIANG GAO TOWN BAI Y UN DISTRICT GUANGZHOU CHINA ,FRANKIE ROW SHOP INC,1052 OLANCHA DRLOS ANGELES CA 900 65 ,,"CN, CHINA",,SHANGHAI,LONG BEACH,842489,DISPENSER OF HAND CLEANING SOLUTION,NO MARKS,40.0,PKG,7529.0,0.0,IMXNWGSDKVGSH3M,TCLU5168654,
2026-01-04,美国,中国,SUMMIT TRADE INC,GUANGZHOU NEW STORY TRADE CO LTD,ADD:1401 21ST ST STE R SACRAMENTO CA 95811 6264819884 , ROOM 2203 NO 13 ZEXI STREET HANX I VILLAGE HANXI COMMERCIAL CENTER ZHONGCUN STREET PANYU DISTRICT ,SUMMIT TRADE INC,ADD:1401 21ST ST STE R SACRAMENTO CA 95811 6264819884 ,,"CN, CHINA",,SHANGHAI,LONG BEACH,481960,STORAGE BOX,NO MARKS,940.0,CTN,15667.0,0.0,TXSLCTSE2512154,MATU2659116,
2026-01-04,美国,中国,CHAUR FONG INC,GUANGZHOU JUNLING TRADE CO LTD,BA 888 FOOD COMPANY 2111 CHICO AVE S EL MONTE CA 91733 USA , ROOM 318-A NO 75 LUOPU ROAD LUOPU STREET PANYU DISTRICT GUANGZHOU CHINA ,CHAUR FONG INC,BA 888 FOOD COMPANY 2111 CHICO AVE S EL MONTE CA 91733 USA ,,"CN, CHINA",,Port of Bellingham,LOS ANGELES,870323,SOLVENT FREE EPOXY SELF LEVELING CURING AGENT SD- HS DRUMS . KG . CBM IMDG CODE: UN N : SK- EPOXY CURING AGENT HS DRUMS . KG . CBM IMDG CODE: UN N : NON DG CARGO PACKING BOX HS CTNS . KGS CBM,NO MARKS,952.0,PKG,4060.0,0.0,HYSLKKE25120092,MRKU8964666,
2026-01-04,美国,中国,PRODUCTS GII USA INC,GUANGZHOU LIGAO PLASTIC PRODUCTS CO LTD,111 MURRAY ST APT 11CNEW YORK NY10 007 , NO 77 ZHENXING BEI ROAD JIANG GAO TOWN BAI YUNDI STRICT GUANGZHOU CHINA ,PRODUCTS GII USA INC,111 MURRAY ST APT 11CNEW YORK NY10 007 ,,"CN, CHINA",,"SHENZHEN,YANTIAN",LONG BEACH,847790,PLASTIC PUMP BODY,NO MARKS,730.0,CTN,10424.0,0.0,IMXNGW5KY4GRDHV,CCLU7963180,
2026-01-04,美国,中国,WESTWINDS WHOLESALE CASH AND CARRY,GUANGZHOU CHUNJIE TRADE CO LTD,4862 50 AVENUE NE CALGARY ALBERTA T3J 4L8 CANADA CALGARY AB T3J 4L 8 CA, ROOM 1007 NO 22 CHUANGXING ROAD YONGNING STREETZENGCHENG DISTRICT GUANGZHOU CITY GUANGZHOU CN ,N/A,N/A,,"CN, CHINA",,Pusan,"TACOMA,WA",481810,TOILET PAPER NAPKIN,NO MARKS,1662.0,CTN,13060.0,0.0,MLILMQD25120851,TCNU8960066,
2026-01-04,美国,中国,GUANGZHOU CHUDIANYINGKE TRADE COM,GUANGZHOU CHUDIANYINGKE TRADE CO LTD,PANY C/O FBA21590 NEEDHAM RANCH PARKWAY ,NO 6 ALLEY 11 NANLING MID-WEST ERN ROAD ,N/A,N/A,,"CN, CHINA",,"SHENZHEN,YANTIAN",LOS ANGELES,851621,HINGE STORAGE HEATER,NO MARKS,24.0,CTN,450.0,0.0,AMZDCN25B7QLLSBZ,CAAU5392623,
2026-01-04,美国,中国,MATISSE FOOTWEAR INC,GUANGZHOU EASY GOING SHOES CO LTD,1550 E FRANKLIN AVENUE EL SEGUNDO CA 90245 , ROOM 1102 NO 2 SHANGXIN ROAD HUADU DISTRICT GUANGZHOU CHINA ,MATISSE FOOTWEAR INC,1550 E FRANKLIN AVENUE EL SEGUNDO CA 90245 ,,"CN, CHINA",,"SHENZHEN,YANTIAN",LONG BEACH,640411,LADY SHOES,BEACH BY MATISSE,916.0,CTN,9345.0,0.0,TXMNMZEL2501,TGBU4705400,
2026-01-04,美国,中国,YSM CAPITAL,GUANGZHOU TIAN YI INFORMATION TECHN,17722 SERGIO CIR APT 203 HUNTINGTONBEACH CA 92647 ,ROOM 309 NO 6 WANGGANG INDUSTRIAL 2ND ROAD BAIYUN DISTRICT GUANGZHOU ,YSM CAPITAL,17722 SERGIO CIR APT 203 HUNTINGTONBEACH CA 92647 ,,"CN, CHINA",,"SHENZHEN,YANTIAN",LONG BEACH,481960,STORAGE BOX,NO MARKS,887.0,CTN,14500.0,0.0,GSDRHZMJR407255,TLLU7710886,
2026-01-04,美国,中国,GUANGZHOU SOUGLE,GUANGZHOU HAOLIN HOUSEWARE CO LTD,14955 LIMONITE AVE EASTVALE CA 92880, ROOM 06 07 13 F B UILDING 3 GAOSHENG PLAZA ,GRAND OCEAN CUSTOMS BROKERAGE INC,801 S GARFIELD AVE 301 ALHAMBRA CA 91801 ,,"CN, CHINA",,"SHENZHEN,YANTIAN",LONG BEACH,848320,PLASTIC HANGER HS CODE,NO MARKS,3039.0,CTN,11877.0,0.0,OSTIZSLGB25C007A,TRHU6161275,
2026-01-04,美国,中国,OLEWEN TRADE LLC,GUANGZHOU YOUXIANTONG TRADE CO LTD,13350 CHINO ARVIDSON RD CA 91710 , RM 427 4TH FLOOR NO 25 SIYOU 2ND R D YUEXIU DISTRICT GUANGZHOU CHINA ,OLEWEN TRADE LLC,13350 CHINO ARVIDSON RD CA 91710 ,,"CN, CHINA",,"SHENZHEN,YANTIAN",LONG BEACH,621210,BRASSIERES,NO MARKS,694.0,CTN,4873.0,0.0,OSTISZLGB25C5660,FFAU3204382,
2026-01-04,美国,中国,SERDANG LLC,MOUNTPAX CO LTD,675 HEGENBERGER RD STE 120 OAKLAND CA UNITED STATES , FLAT /RM D 10/F UNIONWAY COMMERCIA HONG KONG HONG KONG CHINA ,GUANGZHOU HUIYUNDA INTERNATIONAL LO,ROOM 605 NO 69 JIAN STREET JIXI GUANGZHOU GD CHINA ,,"CN, CHINA",,VUNG TAU,LONG BEACH,630210,"BED HS CODE: ,",IOARESON-251117 -2013,542.0,CTN,21731.0,0.0,OOLU2314946720,TIIU5258970,
2026-01-04,美国,中国,BIANCHI TRADE CO LTD,GUANGZHOU NEW STORY TRADE CO LT, 17917 SCARECROW PL ROWLAND HEIGHTS CALIFORNIA 91748 US , ROOM 2203 NO 13 ZEXI STREET HANX I VILLAGE HANXI COMMERCIAL CENTER ZHONGCUN STREET PANYU CN ,N/A,N/A,,"CN, CHINA",,"SHENZHEN,YANTIAN",LONG BEACH,481960,STORAGE BOX,NO MARKS,1026.0,CTN,16754.0,0.0,OBLMOBGZ25C9750,BMOU5122071,
2026-01-04,美国,中国,REUBENT INC,GUANGZHOU ZHONGCHEN CULTURE DEVELOPMENT CO LTD,ADD:1299 WASHINGTON AVE UNIT 120 GOLDEN CO 80401 USA , ROOM A903 NO 38 WANGGANG ROAD JIAHE STREET BAIYUN DISTRICT GUANGZHOU CHINA ,REUBENT INC,ADD:1299 WASHINGTON AVE UNIT 120 GOLDEN CO 80401 USA ,,"CN, CHINA",,"SHENZHEN,YANTIAN",LOS ANGELES,847290,DESKTOP HS CODE:,NO MARKS,36.0,PKG,17940.0,0.0,HYSLFSZX12251286,MRKU7238268,
2026-01-04,美国,中国,ONECORP CDMX S A DE C V,GUANGZHOU LIGE TRADE CO LTD, CARRETERA M XICO TOLUCA 1725 LOCAL A16 COL GRANJASDE PALO ALTO DELEG CUAJIMALPA MEXICO CDMX CP 05118 MX , R304 ZONE A 3RD FLOOR NO 3 XIANG XUE 3RD ROADHUANGPU GUANGZHOU GUAN GDONG CHINA GUANGZHOU CN ,GL FREIGHT FORWARDING INC,9543 HEINRICH HERTZ DR SUITE 1 SAN DIEGO CA 92154 CALIFORNIA US ,,"CN, CHINA",,NINGBO,LOS ANGELES,701690,FOAM PAD,LIG,253.0,CTN,3031.0,0.0,CGBONBUS25120132,EGSU1602708,
2026-01-04,美国,中国,GUANGZHOU BAIBAI TRADE CO LTD,CHANGZHOU HONG ER RUN ELECTRONICS C, 410 TERRY AVE N SEATTLE WA UNITED STATES 98109 , NO 206 WUNAN ROAD LUOYANG TOWN WUJIN DISTRICT CHANGZHOU JS CHINA 213104 ,GUANGZHOU BAIBAI TRADE CO LTD, 410 TERRY AVE N SEATTLE WA UNITED STATES 98109 ,,"CN, CHINA",,NINGBO,LOS ANGELES,611511,% POLYESTER AND % SPANDEX FOOTLESS TIGHTS,AS ADDRESSED,663.0,CTN,16170.0,0.0,KFUNA2512541104,CSNU7624570,
2026-01-04,美国,中国,WITTENBERG INC,GUANGZHOU GANCAN TRADE CO LTD,500 LIBERTY ST SE STE 400 SALEM OR 97301 SALEM OREGON 97301 US , SHOP 51 NO 34 QIUYUE STREET QIAO CHENG ROAD HAIZHU DISTRICT GUANGZH OU CITY GUANGZHOU CN ,N/A,N/A,,"CN, CHINA",,"SHENZHEN,YANTIAN",LONG BEACH,481960,STORAGE BOX HS CODE:,NO MARKS,984.0,CTN,13562.0,0.0,SKEMZG2512140002,CSGU6715255,
2026-01-04,美国,中国,THILLAY INC,GUANGZHOU DINGHONG TRADE CO LTD,208 N BROADWAY STE 450 BILLINGS MT 59101 , ROOM 320 NO 1 JIANGXIA NORTH MIDDL E ROAD BAIYUN DISTRICT GUANGZHOU CHINA ,THILLAY INC,208 N BROADWAY STE 450 BILLINGS MT 59101 ,,"CN, CHINA",,QINGDAO,"NEW YORK,NY",820411,LUNCH BOX,NO MARKS,1998.0,CTN,14175.0,0.0,QZIAZSF4429457,TEMU7838500,
2026-01-04,美国,中国,MASLKATY DISTRIBUTION INC,GUANGZHOU ZHAOYUAN TRADE CO LTD,41-14B MAIN ST STE B26 FLUSHING NY 11355 US FLUSHING NEW YORK 11355 US , NO 106 FENGZE EAST ROAD NANSHADISTRICT GUANGZHOU CHINA GUANGZHOU CN ,N/A,N/A,,"CN, CHINA",,SHANGHAI,LONG BEACH,620412,KNIT BOY S SUITS,NO MARKS,914.0,CTN,7135.0,0.0,SXCOSHE25123430,TCNU6920932,
2026-01-04,美国,中国,CIRCLE GRAPHICS CO,GUANGZHOU TOPKING DECORATIVE MATE,120 9TH AVE LONGMONT CO 80501 USA LONGMONT 80501 US , NO 3 ZHONGJIAN ROAD YONGXING IND USTRIAL ZONE LONGGUI TOWN BAIYUN DISTRICT GUANGZHOU GUANGZHOU CN ,N/A,N/A,,"CN, CHINA",,"SHENZHEN,YANTIAN",LOS ANGELES,731442,"POLYETHYLENE COATED PLASTIC FABRIC: PE SCRIM,COATED TWO-SIDE WHITE/BLACK HS: . . THIS SHIPMENT CONTAINS NO SOLID WOOD PACKING MATERIALS.",NO MARKS,13.0,ROL,19876.0,0.0,SXCOSZOE25121393,EITU1146077,
2026-01-04,美国,中国,PRIME VIEW LTD,GUANGZHOU SHIYUAN INNOVATION TECHNO,36 W 44TH ST SUITE 812 , NO 69 FENGLONG 1ST RD HUANGPU DISTRICT ,PRIME VIEW LTD,36 W 44TH ST SUITE 812 ,,"CN, CHINA",,SHANGHAI,LONG BEACH,550992,COMMERCIAL DISPLAY S T C PLTS CTNS APPR OVAL NO NH JOM S,CLIENT PURCHASE ORDER NO PO 9554 PRIME VIEW PROJECT NO PRV 4027 PRODUCTION NO RCZJ YCX CBU2509 0081 PLT NO N N,20.0,PKG,3245.0,0.0,MNQOSHA250216685,MATU2674635,
2026-01-04,美国,中国,GUANGZHOU TIANCE GUOJI JINCHUKOU YOUXIAN GSI,GUANGZHOU TIANCE GUOJI JINCHUKOU YO, AVE ,UXIAN GONGSIHUANGSHI JIE HUANGSHI LU JIANGXIA CUN JIANGXIA DONGYI LU H ,N/A,N/A,,"CN, CHINA",,"SHENZHEN,YANTIAN",LOS ANGELES,640411,SHOES FOR WOMEN,NO MARKS,125.0,CTN,1570.0,0.0,AMZDCN252I76K5YV,MRSU3533400,
2026-01-04,美国,中国,FANCL SHIPBOB,GUANGZHOU BAUSE COSMETICS CO LTD,WEST HUB 1 28010 EUCALYPTUS AVE MORENO VALLEY CA 92555 US , 2-4F B2 BUILDING 1F C1 BUILDING AN NO 88 ZHENHUA NORTH RD SHENSHAN LN GUANGZHOU GUANGDONG 510460 CN ,N/A,N/A,,"CN, CHINA",,"SHENZHEN,YANTIAN",LOS ANGELES,842111,FACE CREAM HTS: FACE CREAM HTS: FACE CREAM HTS: FACE CREAM HTS: FACE CREAM HTS: FACE CREAM HTS: FACE CREAM HTS: FACE CREAM HTS: FACE CREAM HTS: FACE CREAM HTS: FACE CREAM HTS: FACE CREAM HTS: FACE CREAM HTS: FACE CREAM HTS: FACE CREAM HTS: FACE CREAM HTS: FACE CREAM HTS:,PLOUISE,1026.0,CTN,12010.0,0.0,EXDO61X8156233,CXDU1814023,
2026-01-04,美国,中国,AROMA 360 LLC,GUANGZHOU XIANGYUN FLAVOR TECHNOLO,1148 NW 72 ND STREET ,302 B2 BUILDING NO7 MINYING DADAOXI XINTANG TOWN,N/A,N/A,,"CN, CHINA",,SHANGHAI,LONG BEACH,854210,SMART CAR DIFFUSER,NO MARKS,19.0,CTN,317.0,0.0,ECUWGB25242283C,MATU2309761,
2026-01-04,美国,中国,DGY TRADE CO LTD,GUANGZHOU GANCAN TRADE CO LTD, 2300 W SAN BERNARDINO AVE REDLANDS CALIFORNIA 92374 US , SHOP 51 NO 34 QIUYUE STREET QIAO CHENG ROAD HAIZHU DISTRICT GUANGZH OU CITY GUANGZHOU CN ,N/A,N/A,,"CN, CHINA",,"SHENZHEN,YANTIAN",LONG BEACH,420232,PU HANDBAG HS CODE:,NO MARKS,725.0,CTN,12111.0,0.0,SKEMZG2512130046,OOCU6871690,
2026-01-04,美国,中国,FOREVER LINK INTERNATIONAL INC,GUANGZHOU OUCHEN TRADE CO LTD,888 SOUTH AZUSA AVE CITY OF INDUSTRY CA 91748 USA TEL: 626 839-9899 FAX: 626 839-9889 , FIRST FLOOR OF BUILDING C2 YINGYI SHOES CITY NO 268 TONG KANG ROAD TONGDE STREET BAIYUN DISTRICT GUANGZHOU @ ,DST CUSTOMS SERVICES INC,3333 N SAN GABRIEL BLVD SUITE #G ROSEMEAD CA 91770 ATTN: JOHN TEL:626-573-2111 FAX:626-573-@@@ ,,"CN, CHINA",,NINGBO,LOS ANGELES,845320,"FOOTWEAR FOOTWEAR P/NO# YQ- - (HS . @GUANGDONG,CHINA @TEL - @FAX - @@@ EMAIL DSTCHB@YAHOO.COM",FOREVER LINK FOREVER LINK LOS ANGELES P/O NO. C/NO. MADE IN CHINA THE SAME THE SAME THE SAME,1182.0,CTN,8270.0,0.0,EGLV143550194127,EGSU1127866,
2026-01-04,美国,中国,VELAA GROUP,GUANGZHOU TIANYI INFORMATION TECHNO,ACCESS INC 530 FIFTH AVE STE 700 NEW YORK NY 10036 NEW YORK NEW YORK 10036 US ,ROOM 309 NO 6 WANGGANG INDUSTRIAL 2NDROAD BAIYUN DISTRICT GUANGZHOU GUANGZHOU CN ,N/A,N/A,,"CN, CHINA",,NINGBO,LONG BEACH,481960,STORAGE BOX,NO MARKS,870.0,CTN,14100.0,0.0,STNDSTL25086964,MATU2612675,
2026-01-04,美国,中国,DASDOPA INC,GUANGZHOU JIYU COMMERCE & TRADE CO,3403 W T C JESTER BLVD HOUSTON TX7 7018 ,ROOM 499 N367 NO 89 YANLING ROAD TIANHE DISTRICT GUANGZHOU CITY ,DASDOPA INC,3403 W T C JESTER BLVD HOUSTON TX7 7018 ,,"CN, CHINA",,"SHENZHEN,YANTIAN",LONG BEACH,841590,EVAPORATOR OF HEAT PUMP AIR CONDITIONER,NO MARKS,320.0,CTN,8260.0,0.0,KIUFKBHZ25120053,FSCU8309989,
2026-01-04,美国,中国,LJJ INTERNATIONAL TRADE INC,GUANGZHOU ANDASEAT INDUSTRIAL CO,15650 DON JULIAN RD CITY OF INDUSTRY CA 91745 INDUSTRY US ,ROOM 1405 NO 152 NORTH HUANGBIAN ROAD HELONG STREET BAIYUN DISTRI CT GUANGZHOU GUANGZHOU CN ,LJJ INTERNATIONAL TRADE INC,15650 DON JULIAN RD CITY OF INDUSTRY CA 91745 INDUSTRY US ,,"CN, CHINA",,"SHENZHEN,YANTIAN",LOS ANGELES,842860,SYA HIGH BACK CHAIR,NO MARKS,276.0,CTN,8207.0,0.0,WTCB25120033,TRHU5351239,
2026-01-04,美国,中国,BIANCHI TRADE CO LTD,GUANGZHOU NEW STORY TRADE CO LT, 17917 SCARECROW PL ROWLAND HEIGHTS CA 91748 ROWLAND HEIGHTS 91748 U S , ROOM 2203 NO 13 ZEXI STREET HAN XI VILLAGEZHONGCUN STREET PANYU DI STRICT GUANGZHOU GUANGZHOU CN ,N/A,N/A,,"CN, CHINA",,"SHENZHEN,YANTIAN",LONG BEACH,481960,STORAGE BOX,NO MARKS,1102.0,CTN,13697.0,0.0,SLYWSSC2512317,CSNU5812434,
2026-01-04,美国,中国,DAILY GRACE ENTERPRISES LLC,GUANGZHOU CITY JINGUAN PRINTING CO,460 WILDWOOD FOREST DR ,17TH FLOOR NO 32 KANGFU ROAD HUANGPU DISTRICT ,DAILY GRACE ENTERPRISES LLC,460 WILDWOOD FOREST DR ,,"CN, CHINA",,"SHENZHEN,YANTIAN",LONG BEACH,482090,PRINTED BOOK /PAPER PLANNER,NO MARKS,1311.0,CTN,20540.0,0.0,SMMB4SZ25120162,OOCU7630337,
2026-01-04,美国,中国,DIOCESE INC,GUANGZHOU SHENDIANWEI TRADE CO LT,9410 BUNSEN PKWY STE 320 LOUISVILLEKY 40220 , ROOM 4008 BUILDING B NO 140-214 YINGBIN ROAD LUOPU STREET PANYUDI STRICT GUANGZHOU CITY 511400 ,DIOCESE INC,9410 BUNSEN PKWY STE 320 LOUISVILLEKY 40220 ,,"CN, CHINA",,"SHENZHEN,YANTIAN",LONG BEACH,270300,CAT LITTER BOX,NO MARKS,435.0,CTN,5942.0,0.0,GUGWMC251201030,CSNU5880974,
2026-01-04,美国,中国,REUBENT INC,GUANGZHOU BAIYUN TECHNOLOGY CO LTD,1299 WASHINGTON AVE UNIT 120 GOLDENCO 80401 GOLDEN US , NO 1 YUN AN ROAD GUANGZHOU CIVILIANSCIENCE TECHNOLOGY PARK TAIHE GUAN GZHOU CHINA GUANGZHOU CN ,REUBENT INC,1299 WASHINGTON AVE UNIT 120 GOLDENCO 80401 GOLDEN US ,,"CN, CHINA",,"SHENZHEN,YANTIAN","NEW YORK,NY",252310,GLASS CEMENT,BAIYUN,79.0,PKG,13210.0,0.0,SQVVSS25110248,ZCSU7373789,
2026-01-04,美国,中国,GOLDEN SUN COMMERCE INC,GUANGZHOU LUOMA QISHI LEATHER GOODS CO LTD,2100 MARKET ST DENVER CO 802052025 US , BUILDING A 1ST FLOOR 101 ST AND 3RD TO 4TH FLOORS NO 6 UNI TED ROAD UNITED VILLAGE SHILING ,EVER CUSTOMS INC,2583 E WYANDOTTE CT ONTARIO CALIF ORNIA 91761 UNITED STATES ,,"CN, CHINA",,"SHENZHEN,YANTIAN",LONG BEACH,420292,BACKPACK,NO MARKS,336.0,CTN,2856.0,0.0,NIPANBMS25120505,CSNU6804330,
2026-01-04,美国,中国,PROMOCION Y LOGISTICA ARNEM,GUANGZHOU SHIMAO BAICHUAN INTERNATIONAL IMPORT & EXPORT CO LTD,J CLEMENTE OROZCO 539 COL ALAMOS DE SAN LORENZO C P 32340 CD JUAREZ CHIHUAHUA MEXICO RFC: PPI020116T59 , RM 101-100 NO 44 FUHUA EAST TANGDONG TIANHE GUANGZHOU ,HDR LOGISTICS LLC,220 PETE DOMINICI HWY SANTA TERESA NM 88008 ,,"CN, CHINA",,"SHENZHEN,YANTIAN",LOS ANGELES,732290,STAND FAN HS CODE THIS SHIPMENT CONTAINS NO SOLID WOOD PACKING MATERIALS,NO MARKS,944.0,PKG,16140.0,0.0,HNLTSZ25QA0095,SUDU5844702,
2026-01-04,美国,中国,DZRK SUN COMMERCE CO LTD,GUANGZHOU HEHEBA TRADE CO LTD, 4558 BRAZIL ST LOS ANGELES CA 900 39 LOS ANGELES CALIFORNIA 90039 US , ROOM A102 FUN CREATIVE COMMUNITY NO 371JIANPENG ROAD HELONG STREET BAIYUN DISTRICT GUANGZHOU CN ,N/A,N/A,,"CN, CHINA",,"SHENZHEN,YANTIAN",LOS ANGELES,847960,AIR PURIFIER HS CODE:,NO MARKS,2128.0,CTN,6559.0,0.0,SKEMDS2512080057,CMAU7319191,
2026-01-04,美国,中国,GUANGZHOU YICHENG LOCOMOTIVE CO,,L TD C/O FBA24208 SAN MICHELE RD ,N/A,N/A,N/A,,"CN, CHINA",,"SHENZHEN,YANTIAN",LOS ANGELES,741910,CLUTCH KIT CHAIN BOLTS MOTORCYCLE DISASSEMBLY TOOL CAMSHAFT,NO MARKS,60.0,CTN,1052.0,0.0,AMZDCN25ODULWKOM,UETU8483714,
2026-01-04,美国,中国,THILLAY INC,GUANGZHOU DINGHONG TRADE CO LTD,208 N BROADWAY STE 450 BILLINGS MT 59101 , ROOM 320 NO 1 JIANGXIA NORTH MIDDL E ROAD BAIYUN DISTRICT GUANGZHOU CHINA ,THILLAY INC,208 N BROADWAY STE 450 BILLINGS MT 59101 ,,"CN, CHINA",,QINGDAO,"NEW YORK,NY",820411,LUNCH BOX,NO MARKS,1562.0,CTN,7125.0,0.0,QZIAZSF4429417,JXLU6344528,
2026-01-04,美国,中国,USA BATH,GUANGZHOU GEMEI CO LTD,FLOOR 25400 INDUSTRIAL PARK RD ARDMORE TN 38449 , HUADU DISTRICT GUANGZHOU CITY ,N/A,N/A,,"CN, CHINA",,"SHENZHEN,YANTIAN",LOS ANGELES,392210,SHOWER PAN FAUCET,NO MARKS,231.0,PKG,20819.0,0.0,PPILSZXA81088,ECMU7079534,
2026-01-04,美国,中国,MASLKATY DISTRIBUTION INC,GUANGZHOU ZHAOYUAN TRADE CO LTD,41-14B MAIN ST STE B26 FLUSHING NY 11355 US FLUSHING NEW YORK 11355 US , NO 106 FENGZE EAST ROAD NANSHADISTRICT GUANGZHOU CHINA GUANGZHOU CN ,N/A,N/A,,"CN, CHINA",,SHANGHAI,LONG BEACH,640219,WOMEN S PULLOVERS MEN S COATS MENS SHIRTS,NO MARKS,2188.0,CTN,11501.0,0.0,SXCOSHE25123807,MATU2324112,
2026-01-04,美国,中国,SEUNG GWANG USA INC,GUANGZHOU SUNRAISE TRADE CO LTD,ADD:41-14B MAIN ST STE B26 FLUSHINGNY 11355IRIS@TRANSFLUENTSCM COM F LUSHING NY 11355 US , ADD:NO1218 ZHONGSHAN AVENUE MIDDLE TIANHEDISTRICT GUANGZHOU CHINA GU ANGZHOU CN ,SEUNG GWANG USA INC,ADD:41-14B MAIN ST STE B26 FLUSHINGNY 11355IRIS@TRANSFLUENTSCM COM F LUSHING US ,,"CN, CHINA",,"SHENZHEN,YANTIAN",LONG BEACH,481960,STORAGE BOX,NO MARKS,842.0,CTN,9000.0,0.0,SSAOSZXH2512138,BEAU5580824,
2026-01-04,美国,中国,MAQ OPS S DE R L BOULEVARD HECTOR TERAN TERAN,LAMKIN GUANGZHOU GOLF PRODUCTS CO LTD, NO 20627-B EX EJIDO CHILPANCINGO TIJUANA BC 22440 MX , 87 TIAN YUAN RD YONGHE ECONOMICS ZONE ZENGCHENG GUANGZHOU CITY GUANGDONG 511356 CN ,N/A,N/A,,"CN, CHINA",,HULUTAO,LOS ANGELES,950632,GOLF GRIPS HTS:,LAMKIN MADE IN CHINA,72.0,CTN,550.0,0.0,EXDO61X8156393,HAMU4179542,
2026-01-04,美国,中国,SESAMO INC,GUANGZHOU COUNSELOR TRADE CO LT,18840 SW BOONES FERRY RD STE 300 TUALATIN OR 9706 TUALATIN OREGON 970 62 US , ROOM 313 NO 2 YUNQUANZHI STREET GUANGYUAN EASTROAD YUEXIU DISTRICT GUANGZHOU CITY GUANGZHOU CN ,N/A,N/A,,"CN, CHINA",,"SHENZHEN,YANTIAN",LONG BEACH,846241,MIDI PUNCHING PAD HS CODE:,NO MARKS,893.0,CTN,12053.0,0.0,SKEMZG2512120081,OOCU8882626,
2026-01-04,美国,中国,YUANSHU KEJI GUANGZHOU CO LTD,YUANSHU KEJI GUANGZHOU CO LTD,CO CASTLEGATE LOGISTICS INC 1040 W RENWICK ROAD ROMEOVILLE IL 60544 , RM613 B BUILDING 50 JUYUAN ST SH GUANGZHOU 510165 CHINA MAINLAND ,N/A,N/A,,"CN, CHINA",,"SHENZHEN,YANTIAN",LOS ANGELES,730660,"WALL MIRROR, IRON LAMPPOSTS AND BASE",WHS-62715-41931243,142.0,CTN,922.0,0.0,CGGMYAX3235002,SELU4169617,
2026-01-04,美国,中国,KUNLUN CROSS BORDER TECHNOLOGY LIMI,GUANGZHOU CHUNXUTINGLAN KEJI FAZHAN,TED C/O FBA36900 W 4TH ST ,YOUXIAN GONGSIHENGLIZHEN HUITONGER JIE NO 2 ROOM 2312 ZIBIAN 102 ,N/A,N/A,,"CN, CHINA",,"SHENZHEN,YANTIAN",LOS ANGELES,420221,HANDBAGS,NO MARKS,30.0,CTN,587.0,0.0,AMZDCN25X34RHKMV,CAAU5392623,
2026-01-04,美国,中国,PILOTAGE SERVICE INC,GUANGZHOU SHENDIANWEI TRADE CO LT,4521 CAMPUS DR STE 337 IRVINE CA 92603 IRVINE US , ROOM 4008 BUILDING B NO 140-214 YINGBIN ROAD LUOPU STREET PANYU DI STRICT GUANGZHOU CITY 511400 CN ,N/A,N/A,,"CN, CHINA",,"SHENZHEN,YANTIAN","HOUSTON,TX",851830,PHONE CASE,NO MARKS,963.0,CTN,13205.0,0.0,CGLSCSZ25101721,TGBU4441822,
2026-01-04,美国,中国,ANTOLIN SHELBY INC,GUANGZHOU ANTOLIN LIGHTING CO LTD,52888 SHELBY PARKWAY SHELBY TWP MICH 48315 US , NO 213 GUANGBAO AVENUE HUANGPU DISTRICT BONDED ZONE ,N/A,N/A,,"CN, CHINA",,"SHENZHEN,YANTIAN",LOS ANGELES,440831,FOOTWELL&GLOVEBOX LIGHT FOR CONSOLE CENTER TRAY LIGHT FOR CONSOLE DOOR HANDLE LIGHT FOR CONSOLE H.S.CODE: CARTONS= PLYWOOD PALLET,"ANTOLIN SHELBY, INC.",28.0,CTN,201.0,0.0,ECUWSZPCHI03370,CGMU6543271,
2026-01-04,美国,中国,XINYANG TRADE INC,GUANGZHOU QIANCHENG ZHIYUN TECHNOLO,145 E DUARTE RD STE AA569 ARCADIA CA 91006 ,BUILDING D3 ZHIHUI PARK XICHENG D ISTRICT BAIYUN DISTRICT GUANGZHOU ,XINYANG TRADE INC,145 E DUARTE RD STE AA569 ARCADIA CA 91006 ,,"CN, CHINA",,NINGBO,LONG BEACH,481960,STORAGE BOX,NO MARKS,957.0,CTN,16348.0,0.0,GSDRHZMSH706000,MATU2624043,
2026-01-04,美国,中国,DAILY GRACE ENTERPRISES LLC,GUANGZHOU CITY JINGUAN PRINTING CO,460 WILDWOOD FOREST DR ,17TH FLOOR NO 32 KANGFU ROAD HUA NGPU DISTRICT ,DAILY GRACE ENTERPRISES LLC,460 WILDWOOD FOREST DR ,,"CN, CHINA",,"SHENZHEN,YANTIAN",LONG BEACH,482090,PRINTED BOOK/ PAPER PLANNER/ CLOTH BAG,NO MARKS,1311.0,CTN,19400.0,0.0,SMMB4SZ25120304,CCLU7477527,
2026-01-04,美国,中国,YUANWEI TRADE LIMITED,GUANGZHOU TIAN YI INFORMATION TECHNOLOGY CO LTD, 1055 WILSHIRE BLVD 900B LOS ANGELESCA 90017 , ROOM 309 NO 6 W ANGGANG INDUSTRIAL 2ND ROAD BAIYUN DISTRICT GUANGZHOU ,YUANWEI TRADE LIMITED, 1055 WILSHIRE BLVD 900B LOS ANGELESCA 90017 ,,"CN, CHINA",,"SHENZHEN,YANTIAN",LONG BEACH,481960,STORAGE BOX,NO MARKS,916.0,CTN,14800.0,0.0,MFNOMF25120852,CSNU7713338,
2026-01-04,美国,中国,CQ MEDICAL,GUANGZHOU TIAN HONG MEDICAL TECHNOL,1401 8TH ST SE , RM 202 BLDG 12 NO 8 LIANYUN RD HUANGPU DISTRICT ,N/A,N/A,,"CN, CHINA",,"SHENZHEN,YANTIAN",LOS ANGELES,610839,AMS HBL#GZORD SCAC CODE:CROITHERMO PLAS TIC SHEETHS CODE: PALLETS = CTNS THIS SHIPMENT CONTAINS NO SOLID WOOD PACKINGMATERIALS,THERMOPLASTIC SHEET,70.0,CTN,1195.0,0.0,CROIGZORD2522502,CGMU5239290,
2026-01-03,美国,中国,HBD GLOBAL TRADE INC,GUANGZHOU NEW STORY TRADE CO LT,564 E PRINCETON ST ONTARIO CA 9176 4 LOS ANGELES US , ROOM 2203 NO 13 ZEXI STREET HANX I VILLAGE HANXI COMMERCIAL CENTER ZHONGCUN STREET PANYU DISTR CN ,HBD GLOBAL TRADE INC,564 E PRINCETON ST ONTARIO CA 9176 4 LOS ANGELES US ,,"CN, CHINA",,Port of Bellingham,LOS ANGELES,481960,STORAGE BOX,NO MARKS,1407.0,CTN,18000.0,0.0,YIXEJHD181772,FFAU7855572,
2026-01-03,美国,中国,DUKERS APPLIANCE CO USA LTD,GUANGZHOU BOAOSI APPLIANCE CO LTD,1444 N COCKRELL HILL RD #104 DALLASTX 75211 , NO 28 LUOGANG HUANGANG NORTH ROAD JUNHE STREET BAIYUN DISTRICT GUA NGZHOU CITY P R CHINA ,AZ EXPRESS FREIGHT INC,2990 INLAND EMPIRE BLVD STE 112 O NTARIO CA 91764 ,,"CN, CHINA",,"SHENZHEN,SHEKOU",LOS ANGELES,841810,REFRIGERATOR STOCK POT STOVES F RYERS THERMOSTATIC GRIDDLE CHAR BROILER GAS COUNTERTOP GRIDDLE SPARE PARTS FOR REFRIGERATORREFRIGERATOR STOCK POT STOVES F RYERS THERMOSTATIC GRIDDLE CHAR BROILER GAS COUNTERTOP GRIDDLE SPARE PARTS FOR REFRIGERATORREFRIGERATOR STOCK POT STOVES F RYERS THERMOSTATIC GRIDDLE CHAR BROILER GAS COUNTERTOP GRIDDLE SPARE PARTS FOR REFRIGERATORREFRIGERATOR STOCK POT STOVES F RYERS THERMOSTATIC GRIDDLE CHAR BROILER GAS COUNTERTOP GRIDDLE SPARE PARTS FOR REFRIGERATOR,NO MARKSNO MARKSNO MARKSNO MARKS,188.0,CTN,26950.0,0.0,VIFCVITFE2512168,"WHSU5042047,WHSU6162685,WHSU6085974,WHSU5303351",
2026-01-03,美国,中国,RODRIGUEZ VIDAL CO,GUANGZHOU POWERFUL INTERNATIONAL LO,DBA LA NUEVA ERA 505 CALLE A SUITE 3 INDUSTRIAL MARIO JULIA ,FLOOR 7-12 #26 JIANGNAN RD HAIZU DISTRICT ,SONIA BONILLA / MARLYN CARRION / CA,505 CALLE A SUITE 3 INDUSTRIAL MARIO JULIA,,"CN, CHINA",,PORT BUSTAMANTE,SAN JUAN,650100,"MEN S OR BOYS SHIRTS, NOT KNITTED OR CROCHET",REBEL JACK MENS KNITTING SHIRT,312.0,CTN,3970.0,0.0,PSPQSJU250925128,TCLU9604416,
2026-01-03,美国,中国,PENG XIANG INTERNATIONAL INC,GUANGZHOU XIAOMA ZHIYIN NETWORK PLA,8662 FOUNDERS GROVE ST CHINO CA 91 708 CHINO CALIFORNIA 91708 US , NO 7-8 LING XING INDUSTRIAL PARK PANYU GUANGZHOU CITY GUANGDONG PR OVINCE CHINA GUANGZHOU CN ,N/A,N/A,,"CN, CHINA",,"SHENZHEN,YANTIAN",Savannah,901010,CARBONLESS PAPER ROLL,NO MARKS,2160.0,CTN,24660.0,0.0,SMCMSZX25110503,TCNU7091688,
2026-01-03,美国,中国,CRS TRADE INC,GUANGZHOU POVISON TECHNOLOGY LIMITED,418 BROADWAY STE RALBANY NY 12207 , NO 67 DONGPU 2ND ROAD YING KEZHIGU BUILDING NO 2 3 4 TIANHE DISTRICT GUANGZHOU ,CRS TRADE INC,418 BROADWAY STE RALBANY NY 12207 ,,"CN, CHINA",,"SHENZHEN,SHEKOU",LOS ANGELES,842860,DINING CHAIR,NO MARKS,170.0,CTN,3280.0,0.0,MFNOMF25120602,WHSU6482354,
2026-01-03,美国,中国,HORIZON TRADE INC,GUANGZHOU HUAMINGHU DEP ST CO LT,942 BROADWAY ST STE 314C BOULDER CO 80302 USEMAIL:HORIZONINC@ALIYUN COM SAVANNAH GA USA US , C71301 3RD FLOOR NO 597 SHIMAXIAHUA1ST ROAD JUNHE YANTIAN SHENZHEN CN ,HORIZON TRADE INC,942 BROADWAY ST STE 314C BOULDER CO 80302 USEMAIL:HORIZONINC@ALIYUN COM SAVANNAH GA USA US ,,"CN, CHINA",,"SHENZHEN,YANTIAN",Savannah,940140,SOFA CRIB,NO MARKS,899.0,CTN,11136.0,0.0,SZLOZBHK25111144,TIIU6228482,
2026-01-03,美国,中国,SPRING FOOTWEAR CORP,GUANGZHOU SYLVIA FASHION TRADE CO,1001 WEST MCNAB ROAD POMPANO BEACH FLORIDA 33069 US ,ROOM 7108 7 FLOOR 151 XIWAN ROAD LIWAN DISTRICT GUANGZHOU CN ,N/A,N/A,,"CN, CHINA",,"SHENZHEN,YANTIAN",PORT EVERGLADES,640411,LADIES SHOES HS CODE:,NO MARKS,135.0,CTN,1389.0,0.0,ILCDWS225091364C,TCLU8225906,
2026-01-03,美国,中国,LOGOMARK INC,GUANGZHOU RESOURCEFUL PROMOTION CO,1201 BELL AVENUE TUSTIN CA 92780 USA TEL: 714-675-6100 FAX: 714- 675-6213 ,ROOM 1506 1508 15 FL R 10B HOPE KING KA FOOK INNOVATION PARK 895TH YAYUN DA ROAD SHIJI TOWN ,LOGOMARK INC,1201 BELL AVENUE TUSTIN CA 92780 USA TEL: 714-675-6100 FAX: 714- 675-6213 ,,"CN, CHINA",,XIAMEN,LONG BEACH,391000,PUSH POP WRISTLET SILICONE POP PUP THIS SHIP MENT CONTAINS NO WOOD PACKING MATERIALS CY/C Y,NO MARKS,176.0,CTN,2411.0,0.0,OERT203701Y04444,UETU7727288,
2026-01-03,美国,中国,SHEPHERD HARDWARE,GUANGZHOU JARVIS TRADE,6961 US 12 ,3 YONGSHUNG ROAD YONGHE Z,N/A,N/A,,"CN, CHINA",,"SHENZHEN,YANTIAN",LONG BEACH,830220,CASTER,NO MARKS,183.0,PKG,3640.0,0.0,BWLECAN59299885,TRHU8274901,
2026-01-03,美国,中国,TOPNAULT INC,GUANGZHOU CHUNZHUNTANG TRADE CO,26201 YNEZ RD TEMECULA CA 92591 US A TEMECULA CA 92591 US ,ROOM 302 NO 13 LANE 1 CETAIWEST STREET XIAOGANG BAIYUN GUANGZHOU CN ,N/A,N/A,,"CN, CHINA",,Port of Seattle,LONG BEACH,870839,BRAKE ROTORSBRAKE ROTORS,NO MARKSNO MARKS,50.0,PKG,49980.0,0.0,TLKPSHNLAX5N063X,"BMOU5201761,GAOU6351744",
2026-01-03,美国,中国,HBD GLOBAL TRADE INC,GUANGZHOU NEW STORY TRADE CO LT,564 E PRINCETON ST ONTARIO CA 9176 4 , ROOM 2203 NO 13 ZEXI STREET HANX I VILLAGE HANXI COMMERCIAL CENTER ZHONGCUN STREET PANYU DISTRICT ,HBD GLOBAL TRADE INC,564 E PRINCETON ST ONTARIO CA 9176 4 ,,"CN, CHINA",,Port of Bellingham,LOS ANGELES,481960,STORAGE BOX,NO MARKS,1008.0,CTN,16006.0,0.0,DEJRLBK250214755,FFAU7853380,
2026-01-03,美国,中国,HBD GLOBAL TRADE INC,GUANGZHOU NEW STORY TRADE CO LT,564 E PRINCETON ST ONTARIO CA 9176 4 , ROOM 2203 NO 13 ZEXI STREET HANX I VILLAGE HANXI COMMERCIAL CENTER ZHONGCUN STREET PANYU DISTRICT ,HBD GLOBAL TRADE INC,564 E PRINCETON ST ONTARIO CA 9176 4 ,,"CN, CHINA",,Port of Bellingham,LOS ANGELES,481960,STORAGE BOX,NO MARKS,939.0,CTN,12709.0,0.0,CDBQNS252490,FFAU7854998,
2026-01-03,美国,中国,PICK PACK PLUS INC,GUANGZHOU PANYU TARGET CASTING ANDL,2100 NW 129TH AVENUE SUITE 110 DOORS 13 TO 17 MIAMI FL 33182 USA , NO 1 INDUSTRIAL ZONE ZHONGCUN TOWN PANYU DISTRICT GUANGZHOU 511495 ,N/A,N/A,,"CN, CHINA",,"SHENZHEN,YANTIAN",MIAMI,853990,LED PENDANT LAMP PO NO#TH CE-,DCW EDITIONS,10.0,CTN,84.0,0.0,KYSIMIAP2500297,ZCSU6966178,
2026-01-03,美国,中国,KELLY TRADE INC,GUANGZHOU XUANYIDA TRADE CO LTD,1226 NORTH KING ST NUM 1018 WILMI NGTON DE 19801 WILMINGTON US , ROOM 101 NO 14 OUGANG WEST STREET KEMULONG FENGHUANG STREET TIAN HE DISTRICT GUANGZHOU GUANGDO CN ,KELLY TRADE INC,1226 NORTH KING ST NUM 1018 WILMI NGTON DE 19801 WILMINGTON US ,,"CN, CHINA",,Port of Bellingham,LOS ANGELES,,FRAMEWORK,NO MARKS,1108.0,CTN,18135.0,0.0,SZNLSZLAX2512197,FFAU7849902,
2026-01-03,美国,中国,TEH TUNG CORP,GUANGZHOU JIELIAN PAPER CO LTD, 8728 DICE ROAD SANTA FE SPRINGS CA 90670 TEL: 562-903-9000 FAX: 562 903-9002 ATTN: JESSE EMAIL: , PART 1 OF 101 BUILDING NO 64 GUOMAO AVENUE SOUTH HUALONG TOWN PANYU GUANGZHOU CITY GUANGDONG ,MARUBENI TRANSPORT SERVICE CORPORAT,111 W OCEAN BLVD SUITE #1940 LONG BEACH CA 90802 TEL: 562 -534- 5115 EMAIL: MTSLBCO@MARUBENI-,,"CN, CHINA",,Freeport,PORT EVERGLADES,480300,PAPER LUNCH NAPKIN FACIAL PAPER PAPER C FOLD TOWEL PAPER SINGLE FOLD TOWEL PAPER DINNER NAPKIN TOILET PAPER THIS SHIPMENT DOES NOT CON TAIN ANY SOLID WOOD PACKING MATERIAL. EM AIL: MVAN@MOREXPRODUCTS.COM,PO # 086272,1364.0,CTN,8582.0,0.0,OERT210701Y01493,TGBU9237431,
2026-01-03,美国,中国,ALICORN PHOENIX LLC,GUANGZHOU YUETU IMPORT & EXPORT CO LTD,11242 W HARRISON ST AVONDALE AZ 8 5323 , NO 63 NAN&APOS;AN ROAD L IWANDISTRICT GUANGZHOU CITY 1105- 3 ,T LINK LOGISTICS INC,ADDRESS: 13901 YORBA AVE CHINO C A 91710 ,,"CN, CHINA",,"SHENZHEN,YANTIAN",Savannah,640699,LEG EXERCISER,NO MARKS,1608.0,CTN,11368.0,0.0,GSDRLCLH584809,MAGU5280146,
2026-01-03,美国,中国,PRODUCT PROTECTION SOLUTIONS,GUANGZHOU VIRGINLAND TECHNOLOGY CO LTD,6001 PARK OF COMMERCE BLVD SUITE 3 BOCA RATON FLORIDA 33487 USA , 188 KAIYUAN AVENUE UNIT C HUANGPU DISTRICT GUANGZHOU 510530 CHINA ,PRODUCT PROTECTION SOLUTIONS,6001 PARK OF COMMERCE BLVD SUITE 3 BOCA RATON FLORIDA 33487 USA,,"CN, CHINA",,"SHENZHEN,YANTIAN",MIAMI,840220,MD-D SUPER DETACHER( GS) HS CODE: THIS SHIPMENT CONTAINS NO SOLID WOOD PACKING MATERIALS,MD-D27,25.0,CTN,165.0,0.0,HNLTZSA25T0072,ZCSU6966178,
2026-01-03,美国,中国,HORIZON AIR FREIGHT INC,GUANGZHOU NANGUIHUA INTERNATIONAL,11500 NW 123RD STSUITE 400 MEDLEY FL 33178 ,ROOM 101 NO 14 SOUTH SECOND LANE SHAHE STREET TIANHE DISTRICT GUA NGZHOU CITY ,HORIZON AIR FREIGHT INC,11500 NW 123RD STSUITE 400 MEDLEY FL 33178 ,,"CN, CHINA",,Pusan,MIAMI,851939,"RIGHT ARM SOFA,LED STRIPS",M/V VALIANT LADY,2.0,CTN,25.0,0.0,CGZLJPLT25112011,KOSU4947557,
2026-01-03,美国,中国,MUKU HOME INC,GUANGZHOU LINHE MUYU TECHNOLOGY CO LTD,ADDRESS218 MACHLIN CT R201 WALNUT CA 91789 , YONGPING STREET BAIYUN DISTRICT GUANGZHOU ,MUKU HOME INC,ADDRESS218 MACHLIN CT R201 WALNUT CA 91789 ,,"CN, CHINA",,"SHENZHEN,YANTIAN",Savannah,701310,OFFICE TABLE,NO MARKS,270.0,CTN,10950.0,0.0,YQNLNJSE3885684,ECMU7215590,
2026-01-03,美国,中国,KH TRADE LLC,GUANGZHOU HONGTAI DISPLAY PRODUCTS,7770 DIX DETROIT MI 48209 ,XIANLONGJIENAN ZHANGGANGCUN BAIYUN DISTRICT GUANGZHOU CITY GUANGDONG PROVINCE CHINA ,KH TRADE LLC,7770 DIX DETROIT MI 48209 ,,"CN, CHINA",,"SHENZHEN,YANTIAN",LONG BEACH,900140,GLASS SHOWCASE,NO MARKS,53.0,CTN,22500.0,0.0,DNCYSZFDET25C079,CAAU5926992,
2026-01-03,美国,中国,VALEO RECEIVING SEYMOUR RANGER,LITEON AUTOMOTIVE ELECTRONICS GUANGZHOU CO LTD,BUILDING 8 & 9 757 A AVENUE SEYMOUR IN 47274 47274 US , 8 GUANG-BAO LITE-ON SCIENCE PARK GUANGZHOU SCIENCE PARK LUOGANG AREAGUANGZHOU 510663 CN ,N/A,N/A,,"CN, CHINA",,SHANGHAI,LONG BEACH,430170,LED LIGHTING MODULE CX TAIL RH OEM CX TAIL LH OEM B HL CIRCUIT SUB ASSY A OEM B MONO OEM,VALEOS U U.S.A. DN:4301788497 PLT NO:1-5 MADE IN CHINA,5.0,PKG,577.0,0.0,NECISSHA250446P,BEAU5241271,
2026-01-03,美国,中国,ROSWELL US LLC,GUANGZHOU SOUNDFACTOR LTD,2900 MURRELL ROADROCKLEDGE FL 3295 5 ROCKLEDGE US ,1501 1 KAICHUANG AVENUE GUANGZHOU DEVELOPMENT DISTRICT GUANGZHOU CN ,ROSWELL US LLC,2900 MURRELL ROADROCKLEDGE FL 3295 5 ROCKLEDGE US ,,"CN, CHINA",,"SHENZHEN,YANTIAN",Savannah,851829,SPEAKER&SPEAKER ACCESSORIES THIS SHIPMENT CON,NO MARKS,352.0,CTN,5602.0,0.0,UCMIXM2511064,EISU2297747,
2026-01-03,美国,中国香港,MINEBEA ACCESSSOLUTIONS USA INC,NIDEC MOBILITY GUANGZHOU CORP,902 RAVENWOOD DRIVE SELMA AL 36701 USA ,NANXIANG YILU SCIENCE CITY HI-TECH INDUSTRIAL DEVELOPMENT ZONE ,MINEBEA ACCESSSOLUTIONS USA INC,902 RAVENWOOD DRIVE SELMA AL 36701 USA ,,"HK, HONG KONG",,"SHENZHEN,SHEKOU",LOS ANGELES,852990,MODULE ASSY KEYLESS,NO MARKS,6.0,CTN,66.0,0.0,NSQPNTW25120005,NYKU9701145,
2026-01-03,美国,中国,COVENANT PARTNERS LLC,GUANG WU INTERLINK GUANGZHOU CO LT,58736 SUN GOLD BLVD , ROOM 2002 NO 233 TIANHEBEI ROAD TIANHE DISTRICT ,N/A,N/A,,"CN, CHINA",,"SHENZHEN,YANTIAN",LONG BEACH,401693,AUTO JACKAUTO JACK HANDLE PO#,NO MARKS,56.0,PKG,19898.0,0.0,AIWLCAN02565049,MSNU9137801,
2026-01-03,美国,中国,HEALTHSMART INTERNATIONAL,GUANGZHOU UMICCA SPORT PRODUCTS CO,1931 NORMAN DR ,206 NO 216-2 BEISHANQIAOTOU STREET HAIZHU DISTRICT ,N/A,N/A,,"CN, CHINA",,SHANGHAI,"TACOMA,WA",,SANDBAGS,NM,1000.0,CTN,9498.0,0.0,UASI2917328260,TCLU4551503,
2026-01-03,美国,中国,TEH TUNG CORP,GUANGZHOU JIELIAN PAPER CO LTD, 8728 DICE ROAD SANTA FE SPRINGS CA 90670 TEL: 562-903-9000 FAX: 562 903-9002 ATTN: JESSE EMAIL: , PART 1 OF 101 BUILDING NO 64 GUOMAO AVENUE SOUTH HUALONG TOWN PANYU GUANGZHOU CITY GUANGDONG ,MARUBENI TRANSPORT SERVICE CORPORAT,111 W OCEAN BLVD SUITE #1940 LONG BEACH CA 90802 TEL: 562 -534- 5115 EMAIL: MTSLBCO@MARUBENI-,,"CN, CHINA",,"SHENZHEN,YANTIAN",LONG BEACH,481810,FACIAL PAPER TOILET PAPER PAPER DINNER NAPKINTHIS SHIPMENT DOES NOT CONTAIN ANY SOLID WOODPACKING MATERIAL. EMAIL: MVAN@MOREXPRODU CTS.COM,PO # TTY-JL280,1422.0,CTN,8408.0,0.0,OERT210701Y01936,TCNU1153226,
2026-01-03,美国,中国,GOODMAN UNION CO,GUANGZHOU POVISON TECHNOLOGY LIMITE NO,1140 CHOPIN TER UNIT 300 FREMONT CA 94538 ,67 DONGPU 2ND ROAD YINGKEZHIGU BUILDING NO 2 3 4 TIANHE DISTRICT GUANGZHOU 510660,GOODMAN UNION CO,1140 CHOPIN TER UNIT 300 FREMONT CA 94538 ,,"CN, CHINA",,"SHENZHEN,SHEKOU",LOS ANGELES,940360,DINING TABLE DINING TABLE BASE COFFEE TABLE TV STAND TV STAND DRAWER CABINET SOFA SOFA PILLOW DINING CHAIR THIS SHIPMENT CONTAINS NO SOLID WOOD PACKING MATERIALS,POVISON,178.0,CTN,7600.0,0.0,VIFCVITFE2512188,WHSU6026884,
2026-01-03,美国,中国,OCEANWAY CO LTD,GUANGZHOU MOSHI HOME DESIGN CO LTD,4500 CHERRY CREEK S DR 725 DENVER CO 80246 , ROOM 303 NO 8 LANE 10 HENGJIANG NO RTH GARDEN HENGJIANG VILLAGE SHAT OU SUB-DISTRICT PANYU DISTRICT GZ ,OCEANWAY CO LTD, 4500 CHERRY CREEK S DR 725 DENVER CO 80246 ,,"CN, CHINA",,"SHENZHEN,SHEKOU",LOS ANGELES,392220,PLASTIC STENTS,NO MARKS,4100.0,CTN,13940.0,0.0,GSDRHZMTF856008,TCKU7530929,
2026-01-03,美国,中国,CRS TRADE INC,GUANGZHOU POVISON TECHNOLOGY LIMITED,418 BROADWAY STE RALBANY NY 12207 , NO 67 DONGPU 2ND ROAD YING KEZHIGU BUILDING NO 2 3 4 TIANHE DISTRICT GUANGZHOU ,CRS TRADE INC,418 BROADWAY STE RALBANY NY 12207 ,,"CN, CHINA",,"SHENZHEN,SHEKOU",LOS ANGELES,940140,"SOFA ,SOFA ARMREST",NO MARKS,176.0,CTN,6930.0,0.0,MFNOMF25120622,WHSU6462960,
2026-01-03,美国,中国,CRS TRADE INC,GUANGZHOU POVISON TECHNOLOGY LIMITED,418 BROADWAY STE RALBANY NY 12207 , NO 67 DONGPU 2ND ROAD YING KEZHIGU BUILDING NO 2 3 4 TIANHE DISTRICT GUANGZHOU ,CRS TRADE INC,418 BROADWAY STE RALBANY NY 12207 ,,"CN, CHINA",,"SHENZHEN,SHEKOU",LOS ANGELES,940161,"DINING TABLE, COFFEE TABLE, TV STAND, CABINET, SOFA, CONSOLE TABLE, DINING CHAIR",NO MARKS,169.0,CTN,5130.0,0.0,MFNOMF25120601,WHLU5783070,
2026-01-03,美国,中国,KIRA LAB,GUANGZHOU JIAXING GLASS PRODUCTS CO LTD,3400 GATEWAY DRIVE SUITE 100 POMPANO BEACH FL 33069 USA, ROOM 1701 NO 33-15 JINSHI THIRD ROAD DAYUAN STREET BAIYUN DISTRICT GUANGZHOU CHINA ,KIRA LAB,3400 GATEWAY DRIVE SUITE 100 POMPANO BEACH FL 33069 USA,,"CN, CHINA",,SOUTH RIDING POINT,PORT EVERGLADES,390760,GLASS BOTTLE PLASTIC PUMP HS CODE:,NO MARKS,160.0,PKG,6180.0,0.0,HYSLNHKG09250132,JZPU1087533,
2026-01-03,美国,中国,JABIL ST PETE BD,GUANGZHOU KWONG FAI RUBBER PLASTIC,12901 STARKEY RD, NO 17 FU CONG ROAD CONGHUA ECON OMIC DEVELOPMENT ZONE TAI PING TOWN CONGHUA ,N/A,N/A,,"CN, CHINA",,"SHENZHEN,YANTIAN",PORT EVERGLADES,720250,GASKET SQUARE FOR INVERTER SHORE SILICON G ASKET SHORE A FOR INVERTER SILICON O RING FOR JPI CHOKE BLOCK UNPO SE FEMALE CONNECTOR CAP FOR PIN CIRCU SILGASKT JUP III CVR O RG SHRA KE U,JABIL ST PETE BD,40.0,CTN,535.0,0.0,UASI291661611T,JXLU6443644,
2026-01-03,美国,中国,MUKU HOME INC,GUANGZHOU LINHE MUYU TECHNOLOGY CO,218 MACHLIN CT R201 WALNUT CA 9178 9 ,ROOM 302 BUILDING F NO 4-3 TAIXIN G ROAD YONGPING STREET BAIYUN GZ ,MUKU HOME INC,218 MACHLIN CT R201 WALNUT CA 9178 9 ,,"CN, CHINA",,"SHENZHEN,YANTIAN",Savannah,830400,VANITY DESK RECEPTION DESK OFFICE TABL E,.,584.0,PKG,21270.0,0.0,LTDKLT2025110476,TXGU5840239,
2026-01-03,美国,中国,CRS TRADE INC,GUANGZHOU POVISON TECHNOLOGY LIMITED,418 BROADWAY STE RALBANY NY 12207 , NO 67 DONGPU 2ND ROAD YING KEZHIGU BUILDING NO 2 3 4 TIANHE DISTRICT GUANGZHOU ,CRS TRADE INC,418 BROADWAY STE RALBANY NY 12207 ,,"CN, CHINA",,"SHENZHEN,SHEKOU",LOS ANGELES,940140,SOFA,NO MARKS,103.0,CTN,5190.0,0.0,MFNOMF25120600,WHSU5565747,
2026-01-03,美国,中国,SANDLER SEATING INC,GUANGZHOU HENGTAI TRADE CO LTD,1201 PEACHTREE STREET NE SUITE 1625ATLANTA GEORGIA 30361 US , NO 7 HENGMEI INDUSTRIAL AREA HECUN DASHI TOWN PANYU DISTRICT GUANGZHOUGUANGDONG CHINA GUANGZHOU CN ,CARGO BROKERS INTERNATIONAL,1515 SHOPTON ROAD SUITE 104 CHARLO TTE US,,"CN, CHINA",,SOUTH RIDING POINT,PORT EVERGLADES,842860,SIDE CHAIR H.S CODE: . .SIDE CHAIR H.S CODE: . .,SHIPPING MARKS(FOUR SIDES) SANDLER//ERG PO# DESP.: N.W.: KGS G.W.: KGS Q TY: PCS C/NO.: OFMADE IN CHINASHIPPING MARKS(FOUR SIDES) SANDLER//ERG PO# DESP.: N.W.: KGS G.W.: KGS Q TY: PCS C/NO.: OFMADE IN CHINA,150.0,CTN,8320.0,0.0,SMCMSZX25090517,"TCNU5486945,JZPU8026400",
2026-01-03,美国,中国,ALICE,GUANGZHOU KINETIC HOME FURNISHINGS CO LTD,2111 WEST CENTER STREET UNIT 1 SPR INGVILLE UT 84663 USA E-MAILCORI@ALICELANEHOME COM, NO 223 ZHENLONG AVENUE H UANGPU DISTRICT GUANGZHOU GUANGDON G PROVINCE CHINA ,BINEX LINE LESLEY CAMAL,19515 S VERMONT AVENUETORRANCE CA 90502,,"CN, CHINA",,"SHENZHEN,SHEKOU",LOS ANGELES,940161,DINNING CHAIR/BAR CHAIR/OTTOMAN THIS SHIPMENTCONTAINS NO WOOD PACKING MATERIALS.,ALICE LANE,246.0,CTN,3000.0,0.0,SXYHSZPE25122641,WHSU9031523,
2026-01-03,美国,中国,SHIJIEING TRADE INC,GUANGZHOU HOT SUPPLY CHAIN,90 STATE ST STE 700 OFFICE 40 ALBANY NY 12207 ,71 SHUANGHE AVENUE BAIYUN DISTRICT GUANGZHOU,SHIJIEING TRADE INC,90 STATE ST STE 700 OFFICE 40 ALBANY NY 12207 ,,"CN, CHINA",,Port of Bellingham,LOS ANGELES,870510,MOBILE PHONE STAND THE SHIPMENT CONTAINS NO SOLID WOOD PACKING MATERIALS.,.,311.0,PKG,11865.0,0.0,BKGAGZF25120174,FFAU7852130,
2026-01-03,美国,中国,H&K INTERNATIONAL INC,H K GUANGZHOU KITCHEN EQUIPMENT CO,2176 DIEHL ROAD AURORA ILLINOIS 6 0502 USA ,ROOM C 12TH FLOOR NO 33 HUANGPU A VENUE WEST TIANHE DISTRICT GUANGZH OU CHINA 510620 ,N/A,N/A,,"CN, CHINA",,"SHENZHEN,SHEKOU",LOS ANGELES,848250,SPOODLE/SCOOP/PITCHER/HOLDER/BASKET/BLADE/BAR/ROLLERSPOODLE/SCOOP/PITCHER/HOLDER/BASKET/BLADE/BAR/ROLLERSPOODLE/SCOOP/PITCHER/HOLDER/BASKET/BLADE/BAR/ROLLER,H+K MADE IN CHINAH+K MADE IN CHINAH+K MADE IN CHINA,3277.0,CTN,18000.0,0.0,TXSLSW2511365,"WHSU6914313,WHSU6575776,WHSU6494421",
2026-01-03,美国,中国,MULTICRAFT IMPORT INC,GUANGZHOU EASIMFE INDUSTRIAL NO,201 INNES PARK WAY SUITE 220 OTTAWA ON K1B 1E3 CA ,1630 JICHANG RD RM 626 GUANGZHOU 510000 CN,MULTICRAFT IMPORT INC,201 INNES PARK WAY SUITE 220 OTTAWA ON K1B 1E3 CA ,,"CN, CHINA",,WUHAN,"SEATTLE,WA",960340,PO# ITEM#CF OZ ACRYLIQUE PAINT PCS CTNS ITEM#CF OZ METALLIC ACRYLIQUE PAINT PCS CTNS PO# ITEM#DGP . OZ FABRIC PAINT PCS CTNS,MULTI I CRAFT TIME PO NO.: ITEM NO.: QTY: MADE IN CHINA,2730.0,CTN,23148.0,0.0,BANQ1071736442,MSDU4452776,
2026-01-03,美国,中国,MAGNADYNE CORP,VEISE GUANGZHOU ELECTRONICS CO,1111 WEST VICTORIA STREET COMPTON CA 90220 U S A ,L NO 20TH NANHE 2ND ROAD SHILING TO WN HUADU DISTRICT GUANGZHOU GUANG DONG CHINA 510850 ,TOPWISE LOGISTICS INC,6800 WATCHER STREET COMMERCE CA 9 0040 TEL=562-927-2888 FAX=562-927 6888 ATTN= VINCENT CORPUZ ,,"CN, CHINA",,"SHENZHEN,SHEKOU",LOS ANGELES,854020,"REARVIEW CAMERA, HS= . . THE CARGO NOT CONTAIN ANY WOOD PACKING MATERIALS",C-SDR-CMOS C122H (A) .,68.0,CTN,566.0,0.0,WHLC025F871705,WHSU5348870,
2026-01-03,美国,中国,HBD GLOBAL TRADE INC,GUANGZHOU NEW STORY TRADE CO LT,564 E PRINCETON ST ONTARIO CA 9176 4 , ROOM 2203 NO 13 ZEXI STREET HANX I VILLAGE HANXI COMMERCIAL CENTER ZHONGCUN STREET PANYU DISTRICT ,HBD GLOBAL TRADE INC,564 E PRINCETON ST ONTARIO CA 9176 4 ,,"CN, CHINA",,Port of Bellingham,LOS ANGELES,481960,STORAGE BOX,NO MARKS,1000.0,CTN,16315.0,0.0,CDBQNS252491,FFAU7850420,
2026-01-03,美国,中国,RISING SUN SAPHIANT DOLPHIN INC,GUANGZHO USA RP TRADE CO LTD,350 W COLORADO BLVD STE 201 PASADENA CA 91105 , NO 2 YUNQUAN ZHIJIE GUANGYUAN EAS T ROAD YUEXIU DISTRICT GUANGZHOU CHINA ,RISING SUN SAPHIANT DOLPHIN INC,350 W COLORADO BLVD STE 201 PASADENA CA 91105 ,,"CN, CHINA",,"SHENZHEN,SHEKOU",LOS ANGELES,851830,PHONE CASE,NO MARKS,672.0,CTN,9500.0,0.0,MFNOMF25120582,WHSU8357346,
2026-01-03,美国,中国,ALICORN PHOENIX LLC,GUANGZHOU YUETU IMPORT & EXPORT C O LTD,11242 W HARRISON ST AVONDALE AZ 8 5323 ,NO 63 NAN&APOS;AN ROAD LI WAN DISTRICT GUANGZHOU CITY 1105- 3 91440101MA5CJQ3E5B ,T LINK LOGISTICS INC,13901 YORBA AVE CHINO CA 91710 ,,"CN, CHINA",,Port of Bellingham,LOS ANGELES,851830,PHONE CASE,NO MARKS,824.0,CTN,14096.0,0.0,GSDRHZMH5LU00286,FFAU7855058,
2026-01-03,美国,中国,URBANHAVEN LIVING INC,GUANGZHOU ZHUO RUI SMART HOME TECHNOLOGY CO LTD,33 WINTERFIELD RD , ROOM 911 912 NO 8 PAZHOU AVENUE EA ST HAIZHU DIST ,URBANHAVEN LIVING INC,33 WINTERFIELD RD ,,"CN, CHINA",,"SHENZHEN,YANTIAN",Savannah,300230,MIRROR MEDICINE CABINETS HS CODE,.,1244.0,CTN,12920.0,0.0,CHQFHHX25110230,CSNU5626342,
2026-01-03,美国,中国,EASY MOVE HOME DECOR INC,GUANGZHOU JISU TONG INTERNATIONAL SUPPLY CHAIN MANAGEMENT CO LTD,200 E GARVEY AVE STE112 MONTEREY PARK CA 91755 , 5 TH FLOOR BUILDING 8 DYNAMIC WANGGANG CREATIVE PARK JIAHE WANGGANG BA ,EASY MOVE HOME DECOR INC,200 E GARVEY AVE STE112 MONTEREY PARK CA 91755 ,,"CN, CHINA",,"SHENZHEN,YANTIAN",Savannah,842860,BAR CHAIR,NO MARKS,312.0,CTN,10839.0,0.0,GSDRHZMJR584965,BEAU5155316,
2026-01-03,美国,中国,CRS TRADE INC,GUANGZHOU POVISON TECHNOLOGY LIMITED,418 BROADWAY STE RALBANY NY 12207 , NO 67 DONGPU 2ND ROAD YING KEZHIGU BUILDING NO 2 3 4 TIANHE DISTRICT GUANGZHOU ,CRS TRADE INC,418 BROADWAY STE RALBANY NY 12207 ,,"CN, CHINA",,"SHENZHEN,SHEKOU",LOS ANGELES,940360,"DINING TABLE,DINING TABLE",NO MARKS,214.0,CTN,9390.0,0.0,MFNOMF25111436,WHSU6677612,
2026-01-03,美国,中国,B & W AVIATION CORP,GUANGZHOU AERO EAGLE TECHNOLOGY CO,7317 NW 56TH ST MIAMI FL 33166 USA ,FLOOR 1 WEIBO BUILDING NO 213 SANDONG AVENUEEAST H UASHAN TOWN HUADU DISTRICT ,B & W AVIATION CORP,7317 NW 56TH ST MIAMI FL 33166 USA ,,"CN, CHINA",,SOUTH RIDING POINT,PORT EVERGLADES,871492,WHEEL ASSY,NO MARKS,68.0,PKG,8704.0,0.0,BKGANSF25100056,ZCSU7781501,
2026-01-03,美国,中国,NRG MOTORTREND,GUANGZHOU CARLONG CAR ACCESSORIES C,818 E EDNA PL COVINA CA 91723 COVINA 91723 US ,2 1ST FLOOR SHANDA INTERN ATIONAL NO 40 YONGFU ROAD YUEXIU DISTRICT GUANGZHOU CN,NRG MOTORTREND,818 E EDNA PL COVINA CA 91723 COVINA US ,,"CN, CHINA",,"SHENZHEN,SHEKOU",LOS ANGELES,650100,AUTO PART(HOOD),NO MARKS,127.0,CTN,2700.0,0.0,BVLVWIFFL2512008,WHSU5147346,
2026-01-03,美国,中国,HOUSE OF MARLEY,GUANGZHOU HAVIT TECHNOLOGY CO LTD,3000 PONTIAC TRAIL COMMERCE TOWNSHIP MI 48390 US , NO 1000 XINGANG DONG RD HAIZHU DISTPOLY WORLD TRADE CENTER 2ND PHASE GUANGZHOU 510335 CN ,HOUSE OF MARLEY,3000 PONTIAC TRAIL COMMERCE TOWNSHIP MI 48390 US ,,"CN, CHINA",,"SHENZHEN,YANTIAN",LOS ANGELES,950320,SMILE JAMAICA TWS MODEL#EM-JE -SB H.S. CODE: . PO NO.: - LINE NO: . . . . . . .,"MARLEY MODEL#EM-JE124-SB SMILE JAMAICA TRUE WIRELESS EARPHONES QUANTITY#24 CARTON#125 PO# 19010418-1 DATE CODE: 4925 COMMERCE TOWNSHIP ,ML MADE IN CHINA",125.0,CTN,263.0,0.0,BANQ1071097970,HAMU2032172,
2026-01-03,美国,中国,ELITE INDUSTRIAL INC,GUANGZHOU FUYOU IMPORT & EXPORT TRADE CO LTD,36 S 18TH AVE STE DBRIGHTON CO 806 0180601 , ROOM 605 RONGHUIB UILDING NO 302 ZHICHENG AVENUE G UANGZHOU ECONOMIC AND ,ELITE INDUSTRIAL INC,36 S 18TH AVE STE DBRIGHTON CO 806 0180601 ,,"CN, CHINA",,"SHENZHEN,SHEKOU",LOS ANGELES,321390,OZ GLASS JARS,NO MARKS,852.0,CTN,13700.0,274000.0,CHIASEF251210276,DFSU7670184,
2026-01-03,美国,中国,CUSTOM MOLDED PLASTICS,JARVIS CASTER GUANGZHOU LTD,1224 CHARLIES WAY ,NO 5 NANJIASIZONG ROAD NANSHA EXP ORT PROCESSING ZONE WANQINGSHA TOWN ,N/A,N/A,,"CN, CHINA",,"SHENZHEN,YANTIAN",LONG BEACH,830220,CASTER,NO MARKS,40.0,PKG,19400.0,0.0,BWLECAN59419017,MSBU4187660,
2026-01-03,美国,中国,NETA GAIN TRADE LLC,GUANGZHOU JISU TONG INTERNATIONAL SUPPLY CHAIN MANAGEMENT CO LTD,11626 TUXFORD ST SUN VALLEY CA 913 52 , 5 TH FLOOR BUILDING 8 DYNAMIC WANGGANG CREATIVE PARK JIAHE WANGGANG BA ,NETA GAIN TRADE LLC,11626 TUXFORD ST SUN VALLEY CA 913 52 ,,"CN, CHINA",,"SHENZHEN,YANTIAN",PORT EVERGLADES,940140,FABRIC SOFA,NO MARKS,279.0,CTN,7211.0,144220.0,GSDRHZMOY898230,TCLU5130411,
2026-01-03,美国,中国,V BEAUTY PURE LLC,GUANGZHOU DINGDE KANG CHEMICAL TECH,M-TH 10 - 4 FRI 10 - 3 2257 VISTA PARKWAY STE 23 WEST PALM BEACH FL UNITED STATES 33411 ,FLOOR 1 3 4 AND 5 OF NO 1 BUILDING A PEIYI LANE TAIPING TOWN CONGHUA DISTRICT 510000 ,V BEAUTY PURE LLC,M-TH 10 - 4 FRI 10 - 3 2257 VISTA PARKWAY STE 23 WEST PALM BEACH FL UNITED STATES 33411 ,,"CN, CHINA",,"SHENZHEN,YANTIAN",MIAMI,281122,GEL POLISH(HS CODE:,AS ADDRESSED,121.0,CTN,2628.0,0.0,KFUNTCS8YPB11922,ZCSU6687872,
2026-01-03,美国,中国,HORIZON AIR FREIGHT INC,GUANGZHOU NANGUIHUA INTERNATIONAL F,11500 NW 123RD STSUITE 400 MEDLEY FL 33178 ,ROOM 101 NO 14 SOUTH SECOND LANE SHAHE STREET TIANHE DISTRICT GUANGZHOU CITY ,HORIZON AIR FREIGHT INC,11500 NW 123RD STSUITE 400 MEDLEY FL 33178 ,,"CN, CHINA",,Pusan,MIAMI,853922,SPOTLIGHT,M/V BRILLIANT LADY,1.0,CTN,13.0,0.0,CGZLJPLT25112007,KOSU4947557,
2026-01-03,美国,中国,CASTLE MEGASTORE GROUP INC,GUANGZHOU XINQISHENG LEATHER TECHNO, 2202 E UNIVERSITY DR SUITE 1 PHOENIX ARIZONA 85034 UNITED STATES , NO 7 HESHANG SECOND STREET SHILING TOWN HUADU DISTRICT GUANGZHOU GUANGDONG CHINA ,CASTLE MEGASTORE GROUP INC, 2202 E UNIVERSITY DR SUITE 1 PHOENIX ARIZONA 85034 UNITED STATES ,,"CN, CHINA",,"SHENZHEN,YANTIAN",LONG BEACH,730729,ADULT PRODUCT BONDAGE CLOTH MASK COLLAR NIPPLE PAST THIS SHIPMENT CONTAINS NO SOLID WOOD PACKING MATERIALS.,"CASTLE MEGASTORE GROUP,INC. PO-NUMBER: PO# 21714057 ITEM NUMBER: GROSS WEIGHT: CARTON MEASUREMENTS: QUANTITY: CTN NO.:",46.0,CTN,660.0,0.0,OERT202702Y03733,MEDU3270276,
2026-01-03,美国,中国,HONEY MANAGEMENT GROUP INC,GUANGZHOU BOAOSI APPLIANCE CO LTD, 14923 PROCTOR AVE , NO 28 LUOGANG HUANGANG NORTH ROAD JUNHE STREET BAIYUN DISTRICT ,N/A,N/A,,"CN, CHINA",,"SHENZHEN,SHEKOU",LOS ANGELES,,SHOWCASE CHARBROILERSHOWCASE CHARBROILERSHOWCASE CHARBROILER,NO MARKSNO MARKSNO MARKS,207.0,CTN,23150.0,0.0,CTYOSZX05099711,"WHSU6177710,WHSU5341325,WHSU6181108",
2026-01-03,美国,中国,GUANGZHOU SURE UP COMMODITY LTD,GUANGZHOU SURE UP COMMODITY LIMITED,C/O FBA16155 W ELWOOD ST , ROOM 2207- 2210 22 FLOOR NO 298 YA NJIANG ZHONG ROAD YUEXIU DISTRICT G ,N/A,N/A,,"CN, CHINA",,"SHENZHEN,YANTIAN",LONG BEACH,841410,VACUUM FLASK,TOMAKEIT,711.0,CTN,8637.0,0.0,AMZDCN25S2WXS2MZ,MSBU6888289,
2026-01-03,美国,中国,NAYELIDE SHOP SA CV,GUANGZHOU JUNHE INTERNATIONAL LOGIS,CALLE MANUEL FERNANDO SOTO NUMEROEXTERIOR 121 NUMERO INTERIOR 3 COLONIACONSTITUCION DE LA REPUBLICA LOCAL ,ROOM L357 UNIT 505 NO 8 JINGGAN G AVENUE NANSHA STREET NANSHA DIS TRICT GUANGZHOU GUANGDONG CHINA ,HODOS SUPPLY CHAIN ADVANCE LLC,19141 GOLDEN VALLY RD SUIT 1006 SANTA CLARITA CA 91387 ,,"CN, CHINA",,Port of Bellingham,LOS ANGELES,390760,PLASTIC BOTTLE,NO MARKS,913.0,CTN,16190.0,0.0,SWMKWSCS2512327,FFAU7849625,
2026-01-03,美国,中国,SUPER BQZ INC,GUANGZHOU YIRUI TRADE CO LTD,5588 SEVILLE DR ONTARIO CA 91762 , ROOM 2013 BUILDINGS 3 NO 108 FUYOU ROAD LICHENG STREET ZENGCHENG DISTRICT GUANGZHOU CITY ,N/A,N/A,,"CN, CHINA",,"SHENZHEN,SHEKOU",LOS ANGELES,481810,TOILET PAPER PAPER MULTIFOLD TOWEL THIS SHIPMSHIPMENT CONTAINS NO SOLID WOOD PACKING MATERIALS,PO:TTY-YT211,690.0,CTN,9050.0,0.0,HFDAHFD251129100,WHSU6257918,
2026-01-03,美国,中国,GINO DEVELOPMENT INC,SUNSHINE GUANGZHOU LTD,1464 MADERA RD SUITE N #2030SIMI V ALLEY CA 93065 USA SIMI VALLEY CA 93065 US ,ROOM 302 WALES BUILDING NO 2 HUA Q IANG ROAD GUANGZHOU CHINA GUANGZH OU CN ,N/A,N/A,,"CN, CHINA",,Port of Bellingham,LOS ANGELES,391000,GLASS BOTTLE SILICONE SEAL SILICONE WASHER,NO MARKS,260.0,CTN,5020.0,0.0,TLKPSZXLAX5D149X,FTAU1791647,
2026-01-03,美国,中国,CHUYANG TRADE LIMITED,GUANGZHOU MAITELIN IT LTD, 418 BROADWAY STE R ALBANY NY 1220 712207 ,ROOM 811 BUILDING A KAIXIANGE-COM MERCE BUILDING 50 JUYUANSTREET SH ICHA ROAD SHIJING STREET ,CHUYANG TRADE LIMITED, 418 BROADWAY STE R ALBANY NY 1220 712207 ,,"CN, CHINA",,"SHENZHEN,YANTIAN",Savannah,851621,STORAGE SIDEBOARD,NO MARKS,595.0,CTN,16538.0,330760.0,CHIASEF251121697,FFAU5674087,
2026-01-03,美国,中国,URBANHAVEN LIVING INC,GUANGZHOU ZHUO RUI SMART HOME TECHNOLOGY CO LTD,33 WINTERFIELD RD , ROOM 911 912 NO 8 PAZHOU AVENUE EA ST HAIZHU DIST ,URBANHAVEN LIVING INC,33 WINTERFIELD RD ,,"CN, CHINA",,"SHENZHEN,YANTIAN",Savannah,300230,MIRROR MEDICINE CABINETS HS CODE,.,838.0,CTN,12640.0,0.0,CHQFHHX25110229,FSCU8585565,
2026-01-03,美国,中国,JOE ANNE COMPANY INTERNATIONAL INC,GUANGZHOU CHUNYAN TRADE IMPORT AND,100 CORPORATE PLAZA SUITE B 103 ,ROOM 619 NO 888 GUANGHUA 2ND ROAD BAIYUN DISTRICT ,N/A,N/A,,"CN, CHINA",,"SHENZHEN,YANTIAN",MIAMI,750400,ADJUSTER NICKEL SEW ON HANGING PROCESS INSERT CLIPS NICKEL INSERT CLIPS HS CODE,KOMPINDO FOR JA,142.0,PKG,3596.0,0.0,NAQAPMIA5834940V,ZCSU7261198,
2026-01-03,美国,中国,LUMINACORE INC,GUANGZHOU SANWENYU ELECTRONIC TECHNOLOGY CO LTD,60 W MITCHELL HAMMOCK RD OVIEDO FL 32765 , ROOM 404 BUILDI NG 5 PANSHAN CHAONENG PIONEER PARK NO 900 PANYU AVENUE NORTH ,LUMINACORE INC,60 W MITCHELL HAMMOCK RD OVIEDO FL 32765 ,,"CN, CHINA",,"SHENZHEN,YANTIAN",Savannah,842860,FOLDING OFFICE CHAIR,NO MARKS,959.0,CTN,9398.0,0.0,SYLQYKSA25120001,OOCU5889817,
2026-01-03,美国,中国,FOH FURNITURE LLC,GUANGZHOU MEGA IMPORT & EXPORT CO,1601 SUMMIT AVE SUITE 120 PLANO T EXAS 75074 USA PLANO US ,RM1922 BANK OF AMERICA PLAZA NO 555RENMIN ZHONG ROAD LIWAN DIST GUAN GZHOU GD GUANGZHOU CN ,FOH FURNITURE LLC,1601 SUMMIT AVE SUITE 120 PLANO T EXAS 75074 USA PLANO US ,,"CN, CHINA",,"SHENZHEN,SHEKOU",LOS ANGELES,691200,RESTAURANT SOFA RESTAURANT CHAIR OFFICE CABINET RESTAURANT TABLE RESTAURANT TABLE TOP RESTAURANT TABLE LEG,NO MARKS,610.0,PKG,11920.0,0.0,TCIJTSH2512803,CIMU0665208,
2026-01-03,美国,加拿大,GUANGZHO USA LLION FREIGHT LTD,NONGHAO FREIGHT INC, RM1808 GREEN FIELD SHANGHAI 31 200050 CN , 39 MITCHAM DR TORONTO ON M8W 2J9 C A ,GUANGZHO USA LLION FREIGHT LTD, RM1808 GREEN FIELD SHANGHAI 31 200050 CN ,,"CA, CANADA",,City of Vancouver,"TACOMA,WA",847439,"MOTOR VEHICLES, N.O.S. AND MOTOR VEHICLES, N.O.S.",NA,2.0,UNT,4800.0,96000.0,ONEYRICFPP626400,TCNU4408547,
2026-01-03,美国,葡萄牙,SILHOUETTE OUTDOOR FURNITURE,GUANGZHOU RATTAN BEST FURNITURE,3923 N KOSTNER AVE,ROOM 1208 NO 301 NANHUA ROAD QIAONAN PANYU GUANGDONG ,SILHOUETTE OUTDOOR FURNITURE,3923 N KOSTNER AVE,,"PT, PORTUGAL",,SOUTH RIDING POINT,PORT EVERGLADES,940161,SIDE TABLE/TABLE/OTTOMAN/SOFA/CHAIR/LOUNGER/PILLOW HS CODE,SILHOUETTE OUTDOOR FURNITURE .,121.0,PKG,2040.0,0.0,CHQFHGZ25090099,BEAU5545989,
2026-01-03,美国,中国,GOODMAN UNION CO,GUANGZHOU POVISON TECHNOLOGY LIMITE NO,1140 CHOPIN TER UNIT 300 FREMONT CA 94538 ,67 DONGPU 2ND ROAD YINGKEZHIGU BUILDING NO 2 3 4 TIANHE DISTRICT GUANGZHOU,GOODMAN UNION CO,1140 CHOPIN TER UNIT 300 FREMONT CA 94538 ,,"CN, CHINA",,"SHENZHEN,SHEKOU",LOS ANGELES,090190,COFFEE TABLE TV STAND THIS SHIPMENT CONTAINS NO SOLID WOOD PACKING MATERIALS,POVISON,116.0,CTN,7800.0,0.0,VIFCVITFE2512178,WHSU5281268,
2026-01-03,美国,中国,HBD GLOBAL TRADE INC,GUANGZHOU NEW STORY TRADE CO LT,564 E PRINCETON ST ONTARIO CA 9176 4 , ROOM 2203 NO 13 ZEXI STREET HANX I VILLAGE HANXI COMMERCIAL CENTER ZHONGCUN STREET PANYU DISTRICT ,HBD GLOBAL TRADE INC,564 E PRINCETON ST ONTARIO CA 9176 4 ,,"CN, CHINA",,Port of Bellingham,LOS ANGELES,481960,STORAGE BOX,NO MARKS,1094.0,CTN,16093.0,0.0,DEJRLBK250214752,FFAU7857662,
2026-01-03,美国,中国,OROA USA LLC,GUANGZHOU KINETIC HOME FURNISHINGS CO LTD,80 SW 8TH ST STE 3150 MIAMI FL UNITED STATES 33130-3047 , NO 223 ZHENLONG ROAD WEST XINLONG TOWN HUANGPU DISTRICT GUANGZHOU GUANGDONG ,OROA USA LLC,80 SW 8TH ST STE 3150 MIAMI FL UNITED STATES 33130-3047 ,,"CN, CHINA",,"SHENZHEN,YANTIAN",PORT EVERGLADES,830400,OFFICE DESK SMALLER CABINETS SEMI-CIRCULAR TABLE OUTDOOR TABLE CONFERENCE CHAIR COUNTER STOOL SPARE PART HARDWARE SPARE PART OF TABLE LEGOFFICE DESK SMALLER CABINETS SEMI-CIRCULAR TABLE CONFERENCE CHAIR COUNTER STOOL,OROAOROA,378.0,CTN,11748.0,0.0,FLXT00003421970A,"CAAU5081452,MEDU6284864",
2026-01-03,美国,中国,STARS TRADE INC,GUANGZHOU ISSYZONE TECHNOLOGY CO,1331 PORTO GRANDE DR UNIT 5 DIAMONDBAR CA 91765 DIAMOND CALIFORNIA 91 765 US ,L UNIT J101 NO 31 FIFTH XICHA ROAD B AIYUN DISTRICT GUANGZHOU CN ,STARS TRADE INC,1331 PORTO GRANDE DR UNIT 5 DIAMONDBAR CA 91765 DIAMOND US ,,"CN, CHINA",,Port of Bellingham,LOS ANGELES,853990,LAMP,NO MARKS,1683.0,CTN,14580.0,0.0,SZLOVLSZ25120269,FFAU7849667,
2026-01-03,美国,中国,AUBAGNE INC,GUANGZHOU SHENDIANWEI TRADE CO LT,572 S SALINA ST STE 102 SYRACUSE N Y 13202 , ROOM 4008 BUILDING B NO 140-214 YINGBIN ROAD LUOPU STREET PANYUDI STRICT GUANGZHOU CITY 511400 ,AUBAGNE INC,572 S SALINA ST STE 102 SYRACUSE N Y 13202 ,,"CN, CHINA",,Port of Bellingham,LOS ANGELES,901060,PROJECTION SCREEN,NO MARKS,2008.0,CTN,18199.0,0.0,GUGWMC251201016,FFAU7857852,
2026-01-03,美国,中国,HBD GLOBAL TRADE INC,GUANGZHOU NEW STORY TRADE CO LT,564 E PRINCETON ST ONTARIO CA 9176 4 , ROOM 2203 NO 13 ZEXI STREET HANX I VILLAGE HANXI COMMERCIAL CENTER ZHONGCUN STREET PANYU DISTRICT ,HBD GLOBAL TRADE INC,564 E PRINCETON ST ONTARIO CA 9176 4 ,,"CN, CHINA",,Port of Bellingham,LOS ANGELES,481960,STORAGE BOX,NO MARKS,892.0,CTN,11496.0,0.0,CDBQNS252488,FFAU7853306,
2026-01-03,美国,中国,G3 INTERNATIONAL TRADE CORP,GUANGZHOU ORCHARD AROMATHERAPY & SKIN CARE CO LTD, 1942 BROADWAY ST STE 3 14C BOULDER CO 80302 , ADD:NO 38 LIANSHE NG INDUSTRIAL PACK HONGQI VILLAGE QINGHONG RD ZHULIAO ST ZHONGLUOTAN ,DURFEE EXPRESS INC,2620 DURFEE AVE EL MONTE CA 91732 ,,"CN, CHINA",,"SHENZHEN,SHEKOU",LOS ANGELES,281511,MOISTURIZER THIS SHIPMENT CONTAINS NO SOLID WOOD PACKING MATERIALS,NO MARKS,3535.0,PKG,21560.0,0.0,SZNQFW251201839,WHSU6441782,
2026-01-03,美国,中国,TUFCO L P,GUANGZHOU TAOSHI CHEMICAL CO LTD,3161 S RIDGE RD GREEN BAY WI 54304, RM 411 BLOCK NO 14 TIANAN CENTER NO 555 PANYU AVENUE NORTH PANYU DISTRICT GUANGZHOU CHINA 511493 ,TUFCO L P,3161 S RIDGE RD GREEN BAY WI 54304,,"CN, CHINA",,"SHENZHEN,YANTIAN",LONG BEACH,340213,NONIONIC SURFACTANTNONIONIC SURFACTANTNONIONIC SURFACTANTNONIONIC SURFACTANTNONIONIC SURFACTANTNONIONIC SURFACTANTNONIONIC SURFACTANTNONIONIC SURFACTANT,TUFCO L PTUFCO L PTUFCO L PTUFCO L PTUFCO L PTUFCO L PTUFCO L PTUFCO L P,160.0,PKG,130000.0,0.0,DNCYSZFCHI25C020,"MSMU2122030,MEDU3923093,MEDU2623255,MEDU6771672,FYCU7069356,MEDU2555700,MSMU1834030,MSBU1210874",
2026-01-03,美国,中国,RISING INDUSTRIAL CO LTD,GUANGZHOU FUYOU IMPORT & EXPORT TRADE CO LTD, 4195 CHINO HILLS PKWYSTE E132 CHINOHILLS CA 9170991709 , ROOM 605 RONGHUIB UILDING NO 302 ZHICHENG AVENUE G UANGZHOU ECONOMIC AND ,RISING INDUSTRIAL CO LTD, 4195 CHINO HILLS PKWYSTE E132 CHINOHILLS CA 9170991709 ,,"CN, CHINA",,"SHENZHEN,SHEKOU",LOS ANGELES,482030,FILE ORGANIZER,NO MARKS,1087.0,CTN,15478.0,309560.0,CHIASEF251128442,WHSU6729439,
2026-01-03,美国,中国,CHUYANG TRADE LIMITED,GUANGZHOU MAITELIN IT LTD, 418 BROADWAY STE R ALBANY NY 1220 712207 ,ROOM 811 BUILDING A KAIXIANGE-COM MERCE BUILDING 50 JUYUANSTREET SH ICHA ROAD SHIJING STREET ,CHUYANG TRADE LIMITED, 418 BROADWAY STE R ALBANY NY 1220 712207 ,,"CN, CHINA",,"SHENZHEN,YANTIAN",Savannah,851621,STORAGE SIDEBOARD,NO MARKS,362.0,CTN,18467.0,369340.0,CHIASEF251121693,CSNU8388485,
2026-01-03,美国,中国,MIA SHOES INC,GUANGZHOU LONGYI SHOES CO LTD,9985 N W 19TH ST , NO 89 HUANSHI ROAD WEST ,MIA SHOES INC,9985 N W 19TH ST ,,"CN, CHINA",,XIAMEN,LONG BEACH,640411,KIDS SHOES,MEIJER PO:??LABEL:??SIZE SCALE M PACK??QTY:PRS??N.W:KGS??G.W:KGS??MEAS:X X CM??COLOR:??MATERIAL:????,1141.0,CTN,5856.0,0.0,DFDSDSV1197955,MSDU4496938,
2026-01-03,美国,中国,MIA SHOES INC,GUANGZHOU LONGYI SHOES CO LTD,9985 N W 19TH ST , NO 89 HUANSHI ROAD WEST ,MIA SHOES INC,9985 N W 19TH ST ,,"CN, CHINA",,XIAMEN,LONG BEACH,640411,KIDS SHOES,MEIJER PO#??LABEL:??SIZE SCALE M PACK??QTY:PRS??N.W:KGS??G.W:KGS??MEAS:X X CM??COLOR:????,1868.0,CTN,7614.0,0.0,DFDSDSV1197913,MSNU9243491,
2026-01-03,美国,中国,HOMEJOY INTERNATIONAL CO LTD,GUANGZHOU TIANYI ZHIHE INTERNATIONA, 201 LAS VEGAS BLVD STE 100 #7530 L AS VEGAS NV 89125 LAS VEGAS 89125 US , NO 180 JIANGNAN AVENUE CHANGGANG S TREET HAIZHU DISTRICT GUANGZHOU C N ,HOMEJOY INTERNATIONAL CO LTD, 201 LAS VEGAS BLVD STE 100 #7530 L AS VEGAS NV 89125 LAS VEGAS US ,,"CN, CHINA",,"SHENZHEN,YANTIAN",Savannah,830230,METAL CHAIR METAL PRODUCTS HINGES,NO MARKS,178.0,PKG,16604.0,0.0,TXSVTSZX25120108,EMCU9903376,
2026-01-03,美国,中国,HBD GLOBAL TRADE INC,GUANGZHOU NEW STORY TRADE CO LT,564 E PRINCETON ST ONTARIO CA 9176 4 , ROOM 2203 NO 13 ZEXI STREET HANX I VILLAGE HANXI COMMERCIAL CENTER ZHONGCUN STREET PANYU DISTRICT ,HBD GLOBAL TRADE INC,564 E PRINCETON ST ONTARIO CA 9176 4 ,,"CN, CHINA",,Port of Bellingham,LOS ANGELES,481960,STORAGE BOX,NO MARKS,996.0,CTN,14269.0,0.0,CDBQNS252489,FFAU7857955,
2026-01-03,美国,中国,LEISURE TIME PRODUCTS LLC,GUANGZHOU HUASHENG METAL MATERIALS,3001 N ROUSE AVE PITTSBURG KS 66762 UNITED STATES , NO 11 XIANGRUI RD TANBU HUADU GUANGZHOU 44 510800 CHINA ,LEISURE TIME PRODUCTS LLC,3305 AIRPORT DR PITTSBURG KS 66762 UNITED STATES ,,"CN, CHINA",,"SHENZHEN,YANTIAN",LONG BEACH,871420,CS ACCESSORIES-HASP LOCK PACKAGES=PALLETCS ACCESSORIES-BOLT PACKAGES=PALLETCS ACCESSORIES-SCREW PACKAGES=PALLETCS ACCESSORIES-WASHER PALLE TS + CTNS = PKGS PACKAGES=PALLETCS ACCESSORIES- GA SHEETING PACKAGES=PALLETCS ACCESSORIES-NUT PACKAGES=PALLETCS ACCESSORIES-MESH WIRE PROTOTYPE PACKAGES=PALLET#CS -H SM- A M B ACK POST P - BLACK PCS PACKAGES=PALLETOUTDOOR KITCHEN FRIDGE ( ) PACKAGES=PALLETCS ACCESSORIES-BARREL SAUNA STAND CS ACCESSORIES- PIZZA OVEN COVER CS ACCESSORIES-CHICKEN RAMP BRACKET/ANCHOR BRACKETS/L BRACKET CS ACCESSORIES-FOOT SQUARE POST PACKAGES=PALLET# - CABINETS WIT H QUARTZ UNITS BUILT-IN APPLIANCE UNIT- CABINETS # UNITS CS ACCESSORIES-TELESCOP,"LEISURE TIME PRODUCTS LLC 11/2025-AL GUANGZHOLEISURE TIME PRODUCTS LLC 11/2025-AL GUANGZHOLEISURE TIME PRODUCTS LLC 11/2025-AL GUANGZHOLEISURE TIME PRODUCTS LLC 11/2025-AL GUANGZHOU, CHINA P0#14017-00 LOT#01-10 LEISURE TIME PRODUCTS LLC 11/2025-AL GUANGZHOLEISURE TIME PRODUCTS LLC 11/2025-AL GUANGZHOLEISURE TIME PRODUCTS LLC 11/2025-AL GUANGZHO U, CHINA P0#14017-00 LOT#01-10 LEISURE TIME PRODUCTS LLC 11/2025-AL GUANGZHOU, CHINA P0#14017-00 LOT#01-10 LEISURE TIME PRODUCTS LLC 11/2025-AL GUANGZHOU, CHINA P0#14017-00 LOT#01-10 LEISURE TIME PRODUCTS LLC 11/2025-AL GUANGZHOU, CHINA P0#14017-00 LOT#01-10 LEISURE TIME PRODUCTS LLC 11/2025-AL GUANGZHO LEISURE TIME PRODUCTS LLC 11/2025-AL GUANGZHOU, CHINA P0#14017-00 LOT#01-10 LEISURE TIME PRODUCTS LLC 11/2025-AL GUANGZHOLEISURE TIME PRODUCTS LLC 11/2025-AL GUANGZHOU, CHINA P0#14017-00 LOT#01-10 SAME LEISURE TIME PRODUCTS LLC 11/2025-AL GUANGZHO",77.0,PKG,13634.0,0.0,MEDURH834067,MSDU5164516,
2026-01-03,美国,中国,SU PAI INTERNATIONAL TRADE INC,GUANGZHOU XINGBU TRADE CO LTD,324 S DIAMOND BAR BLVD UNIT NUM717DIAMOND BAR CA 91765 DIAMOND BAR CA LIFORNIA 91765 US , ROOM 421 NO 73 MIDDLE YANJIANG ROADDASHIJIE PANYU DISTRICT GUANGZHO U GUANGZHOU CN ,SU PAI INTERNATIONAL TRADE INC,324 S DIAMOND BAR BLVD UNIT NUM717DIAMOND BAR CA 91765 DIAMOND BAR US ,,"CN, CHINA",,Port of Bellingham,LOS ANGELES,940600,METAL HOOK PLASTIC CLEANING BRUSH THIS SHIPMENT CONTAINS NO SOLID WOOD PACKING MATERIALS,NO MARKS,925.0,CTN,15000.0,0.0,STNDSTL25085486,FFAU7847010,
2026-01-03,美国,中国香港,ZWIFT INC,JABIL CIRCUIT GUANGZHOU LTD,111 W OCEAN BLVD SUITE 1800 LONG BEACH CA 90802 UNITED STATES TAX LD81-2798595 ,128 JUN CHENG ROAD GUANGZHOU ECONOMIC AND TECHNOLOGICAL DEVELOPMENT DISTRICT GUANGDONG ,ZWIFT INC,111 W OCEAN BLVD SUITE 1800 LONG BEACH CA 90802 UNITED STATES TAX LD81-2798595 ,,"HK, HONG KONG",,HONG KONG,Savannah,850151,ZWIFT CLICK V +COG . W/ MULTI-TRAINER,JABIL,40.0,CTN,751.0,0.0,FLXT00003538781A,OOCU8948410,
2026-01-03,美国,中国,CRS TRADE INC,GUANGZHOU POVISON TECHNOLOGY LIMITED,418 BROADWAY STE RALBANY NY 12207 , NO 67 DONGPU 2ND ROAD YING KEZHIGU BUILDING NO 2 3 4 TIANHE DISTRICT GUANGZHOU ,CRS TRADE INC,418 BROADWAY STE RALBANY NY 12207 ,,"CN, CHINA",,"SHENZHEN,SHEKOU",LOS ANGELES,940140,"SOFA ,SOFA ARMREST",NO MARKS,152.0,CTN,5930.0,0.0,MFNOMF25120624,WHSU5918546,
2026-01-03,美国,中国,LPI INC,GUANGZHOU SENSOURCING TRADE CO LT,506 TWIN OAKS DR JOHNSON CITY TN37601-7610 USA , #1014 HUIJIN BUILDING NO23 SHIGANG RD GUANGZHOU GUANGDONG CHINA ,N/A,N/A,,"CN, CHINA",,SHANGHAI,Charleston,901910,"MASSAGE APPARATUS ACCESSORIES,PLASTIC ACCESSORIESMASSAGE APPARATUS ACCESSORIES,PLASTIC ACCESSORIESMASSAGE APPARATUS ACCESSORIES,PLASTIC ACCESSORIES",NO MARKSNO MARKSNO MARKS,261.0,PKG,41534.0,0.0,OERT201701Y15649,"XHCU2818500,BSIU9300834,ZCSU6601483",
2026-01-03,美国,中国,SHEPHERD HARDWARE,JARVIS CASTER GUANGZHOU LTD,6961 US 12 ,NO 5 NANJIASIZONG ROAD NANSHA EXP ORT PROCESSING ZONE WANQINGSHA TOWN ,N/A,N/A,,"CN, CHINA",,"SHENZHEN,YANTIAN",LONG BEACH,830220,CASTER,NO MARKS,67.0,PKG,19300.0,0.0,BWLECAN59395707,MSDU7696930,
2026-01-03,美国,中国,G3 INTERNATIONAL TRADE CORP,GUANGZHOU CHUYU COSMETICS CO LTD, 1942 BROADWAY ST STE 3 14C BOULDER CO 80302 ,ADD:NO 301 FACTORY 1 NO 333 JUHUASHI AVENUE HUADU DISTRICT GUANGZHOU GUANGDONG CHINA 510870 ,DURFEE EXPRESS INC,2620 DURFEE AVE EL MONTE CA 91732 ,,"CN, CHINA",,"SHENZHEN,SHEKOU",LOS ANGELES,281511,MOISTURIZER THIS SHIPMENT CONTAINS NO SOLID WOOD PACKING MATERIALS,NO MARKS,3742.0,PKG,16770.0,0.0,SZNQFW251200480,WHSU6394037,
2026-01-03,美国,中国,JOE ANNE COMPANY INTERNATIONAL INC,GUANGZHOU CHUNYAN TRADE IMPORT AND,100 CORPORATE PLAZA SUITE B 103 ,ROOM 619 NO 888 GUANGHUA 2ND ROAD BAIYUN DISTRICT ,N/A,N/A,,"CN, CHINA",,SOUTH RIDING POINT,PORT EVERGLADES,750400,NICKEL INSERT CLIPS SMOOTH FACE ADJUSTER NICKEL SEW ON HS CODE,KOMPINDO FOR JA,100.0,CTN,2387.0,0.0,NAQAPMIA5918353V,TCLU5965262,
2026-01-03,美国,中国,CUSTOM MOLDED PLASTICS,JARVIS CASTER GUANGZHOU LTD,1224 CHARLIES WAY ,NO 5 NANJIASIZONG ROAD NANSHA EXP ORT PROCESSING ZONE WANQINGSHA TOWN ,N/A,N/A,,"CN, CHINA",,"SHENZHEN,YANTIAN",LONG BEACH,830220,CASTER,NO MARKS,40.0,PKG,19360.0,0.0,BWLECAN59396919,MSBU4153274,
2026-01-03,美国,中国,OLEM SHOE CORP,GUANGZHOU JK COLLECTION LIMITED, 800 N W 21ST STREET , RM 8A18 G BLOCK XICHENG SHOES&G ARMENT TRADE BUILDING NO 33 XICHA ROAD BAIYUN DISTRICT ,OLEM SHOE CORP, 800 N W 21ST STREET ,,"CN, CHINA",,SOUTH RIDING POINT,PORT EVERGLADES,640411,FOOTWEAR (LADIES SHOES),NO MARKS,220.0,CTN,1606.0,0.0,CBXWSZ25090031,GAOU6459277,
2026-01-03,美国,中国,JIEGUAN SERVICE INC,GUANGZHOU COUNSELOR TRADE CO LT,4521 CAMPUS DR STE 571 IRVINE CA 92603 US , ROOM 313 NO 2 YUNQUANZHI STREET GUANGYUAN EAST ROAD YUEXIU DISTRIC T GUANGZHOU CITY CN ,JIEGUAN SERVICE INC,4521 CAMPUS DR STE 571 IRVINE CA 92603 US ,,"CN, CHINA",,XIAMEN,LONG BEACH,391590,PET CAGE SPONGE PAD,NM,1191.0,PCS,11493.0,0.0,RSLCZG2512110050,MSDU6807279,
2026-01-03,美国,中国,CASTLE MEGASTORE GROUP INC,SANHE GUANGZHOU LEATHER CO LTD, 2202 E UNIVERSITY DRIVE #1 PHOENIX ARIZONA 85034 USA , 2/F GATE A TUANYI BUILDING NO 41 JINSHI AVENUE EAST SHILING TOWN HUADU DISTRICT GUANGZHOU ,CASTLE MEGASTORE GROUP INC, 2202 E UNIVERSITY DRIVE #1 PHOENIX ARIZONA 85034 USA ,,"CN, CHINA",,"SHENZHEN,YANTIAN",LONG BEACH,820411,T B SET WITH COMBINATION BOX X COLLAR LE ASH WRIST CUFFS ANKLE CUFFS PO#: TH IS SHIPMENT CONTAINS NO SOLID WOOD PACKING MATERIALS.,T080 X225 Q225 S225 J225,11.0,CTN,90.0,0.0,OERT202702Y03633,MEDU3270276,
2026-01-03,美国,中国,LUMINACORE INC,GUANGZHOU SHENDIANWEI TRADE CO LT,60 W MITCHELL HAMMOCK RD OVIEDO FL 32765 OVIEDO US , ROOM 4008 BUILDING B NO 140-214 YINGBIN ROAD LUOPU STREET PANYU DI STRICT GUANGZHOU CITY 511400 CN ,N/A,N/A,,"CN, CHINA",,"SHENZHEN,YANTIAN",Savannah,851830,PHONE CASE,NO MARKS,796.0,CTN,11930.0,0.0,CGLSCSZ25111305,CSNU8990698,
2026-01-03,美国,中国,SOMOS DEL MUNDO S A DE C V,HYDE GUANGZHOU INTERNATIONAL, SUPERMANZANA 17 MNA 7 LOTE 8 CALLE CAYO CENTRO BENITO JUAREZ QROO CP 77505 RFC:SMU1412158G7 ,LOGISTICS GROUP CO LTD FLOOR 2-4 NO 39 HOUYUAN ROAD RULIN STREET TIANHE ,SOMOS DEL MUNDO S A DE C V, SUPERMANZANA 17 MNA 7 LOTE 8 CALLE CAYO CENTRO BENITO JUAREZ QROO CP 77505 RFC:SMU1412158G7 ,,"CN, CHINA",,PORT BUSTAMANTE,SAN JUAN,854110,LED SENSOR SWITCH LED POWER LED CONNECTOR LED HOUSING AND HOLDER LED COB STRIP LED SPOTLIGHT LED STRIP POWER CORD MIDDLE CONNECTOR END CAP CABLE MIDDLE CONNECTOR END CAP + FRONT CAP FREIGHT PREPAID TAX I.D.: ZIP CODE: TEL: - / / FAX: - / CONTACT:HYDE MAIL: VALENTIN.MARTINEZ SOMOSDELMUNDO.COM CONTACT:VALENTIN MARTINEZ MAIL: VALENTIN.MARTINEZ SOMOSDELMUNDO.COM CONTACT:VALENTIN MARTINEZ,NO MARKS,511.0,CTN,4526.0,0.0,CMDUGGZ2742286,UETU2205589,
2026-01-03,美国,中国,GOODMAN UNION CO,GUANGZHOU POVISON TECHNOLOGY LIMITE NO,1140 CHOPIN TER UNIT 300 FREMONT CA 94538 ,67 DONGPU 2ND ROAD YINGKEZHIGU BUILDING NO 2 3 4 TIANHE DISTRICT GUANGZHOU 510660,GOODMAN UNION CO,1140 CHOPIN TER UNIT 300 FREMONT CA 94538 ,,"CN, CHINA",,"SHENZHEN,SHEKOU",LOS ANGELES,940140,SOFA THIS SHIPMENT CONTAINS NO SOLID WOOD PACKING MATERIALS,POVISON,109.0,CTN,3300.0,0.0,VIFCVITFE2512199,WHSU6381641,
2026-01-03,美国,中国,KIMERA INTERNATIONAL INC,GUANGZHOU TUO JIA TRADE CO LTD,810 ECHELON COURT CITY OF INDUSTR Y CA 91744 , ROOM NO 604 FIRST BUILDING NO 4 BUFFALO ROAD TAN VILLAGE SHIJING ,KIMERA INTERNATIONAL INC,810 ECHELON COURT CITY OF INDUSTR Y CA 91744 ,,"CN, CHINA",,"SHENZHEN,SHEKOU",LOS ANGELES,640411,LADIES SHOES THIS SHIPMENT CONTAINS NO WOOD PACKING MATERIALS.,.,1090.0,CTN,9099.0,0.0,SFOKSZX25111387,WHLU5642719,
2026-01-03,美国,中国,MESQUITE ROOFING SUPPLIES INC,GUANGZHOU T&W TRADE CO LTD,2414 US HIGHWAY 80 E STE 301 MESQUITE TEXAS 75149 , UNIT 2217 GRANDBUY XIN YI BUILDING 18 XI HU ROAD YUEXIU DISTRICT GUANGZHOU CONTACT PERSON CINDY ,LONGM LOGISTICS INC,18551 ARENTH AVE CITY OF INDUSTRY CA 91748 TEL626 -200-4360 EMAILARRIVALNOTICE@LONG M-LOG COM ,,"CN, CHINA",,"SHENZHEN,YANTIAN",LONG BEACH,251741,UV MARBLE SHEET HS CODE THIS SHIPMENT CONTAINS NO WOOD PACKING MATERIALS.,.,13.0,PKG,24320.0,0.0,BKGAGZF25120031,BSIU9416634,
2026-01-03,美国,中国,DUKERS APPLIANCE CO USA LTD,GUANGZHOU BOAOSI APPLIANCE CO LTD,1444 N COCKRELL HILL RD #104 DALLASTX 75211 , NO 28 LUOGANG HUANGANG NORTH ROAD JUNHE STREET BAIYUN DISTRICT GUA NGZHOU CITY P R CHINA ,AZ EXPRESS FREIGHT INC,2990 INLAND EMPIRE BLVD STE 112 O NTARIO CA 91764 ,,"CN, CHINA",,"SHENZHEN,SHEKOU",LOS ANGELES,851690,REFRIGERATOR CONVECTION OVEN HO TPLATE FRYERS RANGE BOTT LE COOLER CAKE COOLER CHEF BASE STOCK POT STOVESREFRIGERATOR CONVECTION OVEN HO TPLATE FRYERS RANGE BOTT LE COOLER CAKE COOLER CHEF BASE STOCK POT STOVESREFRIGERATOR CONVECTION OVEN HO TPLATE FRYERS RANGE BOTT LE COOLER CAKE COOLER CHEF BASE STOCK POT STOVESREFRIGERATOR CONVECTION OVEN HO TPLATE FRYERS RANGE BOTT LE COOLER CAKE COOLER CHEF BASE STOCK POT STOVESREFRIGERATOR CONVECTION OVEN HO TPLATE FRYERS RANGE BOTT LE COOLER CAKE COOLER CHEF BASE STOCK POT STOVES,NO MARKSNO MARKSNO MARKSNO MARKSNO MARKS,293.0,CTN,36160.0,0.0,VIFCVITFE2512056,"WHSU6906215,WHSU6488820,DFSU7754979,WHSU8061293,WHSU6007713",
2026-01-03,美国,中国,MESTUNG TRADE LIMITED,GUANGZHOU MAITELIN IT LTD, 418 BROADWAY STER ALBANY NY 1220712207 ,ROOM 811 BUILDING A KAIXIANGE-COM MERCE BUILDING 50 JUYUANSTREET SH ICHA ROAD SHIJING STREET ,MESTUNG TRADE LIMITED, 418 BROADWAY STER ALBANY NY 1220712207 ,,"CN, CHINA",,"SHENZHEN,SHEKOU",LOS ANGELES,851621,STORAGE CABINET,97011-27 97075 97075 87014 84022B,621.0,CTN,22800.0,456000.0,CHIASEF251214555,TXGU8163147,
2026-01-03,美国,中国,XYVENTRA PLURVEX INC,GUANGZHOU XINGYU TRADE CO LTD,5825 DELMONICO DR SUITE330 COLORADOSPRINGS CO 80919 COLORADO SPRINGS COLORADO 80919 US , NO 112 FIRST FLOOR BUILDING A2 Y AYUNYUANZHU PROJECT NO 66 NANXING ROAD SHILOU TOWN PANY GUANGZHOU CN ,XYVENTRA PLURVEX INC,5825 DELMONICO DR SUITE330 COLORADOSPRINGS CO 80919 COLORADO SPRINGS US ,,"CN, CHINA",,Pusan,MIAMI,940120,SEATS OF VEHICLES THIS SHIPMENT CONTAINS NO WOOD PACKING MATERIALS.,NO MARKS,6.0,PKG,9219.0,0.0,PEVHTPS25110007,KOSU4946972,
2026-01-03,美国,中国,HBD GLOBAL TRADE INC,GUANGZHOU NEW STORY TRADE CO LT,564 E PRINCETON ST ONTARIO CA 9176 4 , ROOM 2203 NO 13 ZEXI STREET HANX I VILLAGE HANXI COMMERCIAL CENTER ZHONGCUN STREET PANYU DISTRICT ,HBD GLOBAL TRADE INC,564 E PRINCETON ST ONTARIO CA 9176 4 ,,"CN, CHINA",,Port of Bellingham,LOS ANGELES,481960,STORAGE BOX,NO MARKS,1043.0,CTN,15244.0,0.0,DEJRLBK250214754,FFAU7847129,
2026-01-03,美国,中国,HORIZON TRADE INC,GUANGZHOU HUAMINGHU DEP ST CO LT,942 BROADWAY ST STE 314C BOULDER CO 80302 USEMAIL:HORIZONINC@ALIYUN COM SAVANNAH GA USA US , C71301 3RD FLOOR NO 597 SHIMAXIAHUA1ST ROAD JUNHE YANTIAN SHENZHEN CN ,HORIZON TRADE INC,942 BROADWAY ST STE 314C BOULDER CO 80302 USEMAIL:HORIZONINC@ALIYUN COM SAVANNAH GA USA US ,,"CN, CHINA",,"SHENZHEN,YANTIAN",Savannah,940140,SOFA,NO MARKS,320.0,CTN,12320.0,0.0,SZLOZBHK25111336,EMCU8878140,
2026-01-03,美国,中国,HBD GLOBAL TRADE INC,GUANGZHOU NEW STORY TRADE CO LT,564 E PRINCETON ST ONTARIO CA 9176 4 , ROOM 2203 NO 13 ZEXI STREET HANX I VILLAGE HANXI COMMERCIAL CENTER ZHONGCUN STREET PANYU DISTRICT ,HBD GLOBAL TRADE INC,564 E PRINCETON ST ONTARIO CA 9176 4 ,,"CN, CHINA",,Port of Bellingham,LOS ANGELES,481960,STORAGE BOX,NO MARKS,954.0,CTN,13528.0,0.0,CDBQNS252534,FFAU7855438,
2026-01-03,美国,中国,BLUE YACHT WORLD INC,GUANGZHOU XIANGYANG TRADE CO LT,420 LEXINGTON AVENUE STE 2429 NEW YORK NY 10170 , SHOP D487 NO 8 XIDI ERMA ROAD LI WAN DISTRICT GUANGZHOU LOCATION:F LOOR 4 SELF-NUMBERED D87 ,BLUE YACHT WORLD INC,420 LEXINGTON AVENUE STE 2429 NEW YORK NY 10170 ,,"CN, CHINA",,"SHENZHEN,YANTIAN",Savannah,844831,PLASTIC CARD HOLDER,8006176007,691.0,CTN,11280.0,0.0,GUGWMC251102182,OOCU6512345,
2026-01-03,美国,中国,IRB AUTOMOTIVE LLC,GUANGZHOU CASSELIN TRADE CO LTD,7680 UNIVERSAL BLVD STE 100 , ROOM 512 HAOQUAN BUILDING NO AIRPO RT ROAD EAST GATE JINGTAI STREET BAIYUN DISTRIC T ,N/A,N/A,,"CN, CHINA",,"SHENZHEN,YANTIAN",PORT EVERGLADES,610839,AUTO RADIATORHS SHIPPER S DECLARATIONC ONCERNING WOOD PACKINGMATERIALS: SHIPMENT CONTAINS NO REGULATED WOODPACKAGING MATERIALS.AUTO RADIATORHS SHIPPER S DECLARATIONC ONCERNING WOOD PACKINGMATERIALS: SHIPMENT CONTAINS NO REGULATED WOODPACKAGING MATERIALS.O/F USD,AS ADDRESSEDAS ADDRESSED,1587.0,CTN,9050.0,0.0,MIQOSZX042168,"TCNU2764739,GOSU1029235",
2026-01-03,美国,中国,GOODMAN UNION CO,GUANGZHOU POVISON TECHNOLOGY LIMITE NO,1140 CHOPIN TER UNIT 300 FREMONT CA 94538 ,67 DONGPU 2ND ROAD YINGKEZHIGU BUILDING NO 2 3 4 TIANHE DISTRICT GUANGZHOU,GOODMAN UNION CO,1140 CHOPIN TER UNIT 300 FREMONT CA 94538 ,,"CN, CHINA",,"SHENZHEN,SHEKOU",LOS ANGELES,940360,DINING TABLE DINING TABLE TOP COFFEE TABLE TVSTAND DINING CHAIR THIS SHIPMENT CONTAINS NO SOLID WOOD PACKING MATERIALS,POVISON,141.0,CTN,7090.0,0.0,VIFCVITFE2512182,WHSU5958148,
2026-01-03,美国,中国,BEAUTY REFLECTIONS INC,GUANGZHOU NONGCAI COSMETICS CO LTD,9402 BURTIS ST SOUTH GATE CA 90280 LOS ANGELES USA , ROOM 318 BUILDING 2 MINJIE SCIENC E AND TECHNOLOGY CENTER NO 1633 B EITAI ROAD BAIYUN GUANGZHOU CHINA ,BEAUTY REFLECTIONS INC,9402 BURTIS ST SOUTH GATE CA 90280 LOS ANGELES USA ,,"CN, CHINA",,"SHENZHEN,SHEKOU",LOS ANGELES,330510,HAIR DYE SHAMPOO HAIR WAX STICK HAIR SHAMPOO THIS SHIPMENT CONTAINS NO WOOD PACKAGING MATERIALS SCAC CODE: RSLC AMS HBL NO.:SNAF A,NM,388.0,PCS,7130.0,0.0,RSLCSNAF2512182A,WHSU2157382,
2026-01-03,美国,中国,AUBAGNE INC,GUANGZHOU SHENDIANWEI TRADE CO LT,572 S SALINA ST STE 102 SYRACUSE N Y 13202 , ROOM 4008 BUILDING B NO 140-214 YINGBIN ROAD LUOPU STREET PANYUDI STRICT GUANGZHOU CITY 511400 ,AUBAGNE INC,572 S SALINA ST STE 102 SYRACUSE N Y 13202 ,,"CN, CHINA",,Port of Bellingham,LOS ANGELES,270300,CAT LITTER BOX,NO MARKS,435.0,CTN,5942.0,0.0,GUGWMC251201066,FFAU7855525,
2026-01-03,美国,中国,USONIA LLC,GUANGZHOU XIYA,900 PHILLIPS AVENUE APT 103KNOXVILLE TN 37920 UNITED STATES KNOXVILLE TENNESSEE 37920 US ,ROOM 729 KAISHENG INTERNATIONAL PL AZA 521 XICHAROAD BAIYUN GUANGZHO U GUANGZHOU CN ,N/A,N/A,,"CN, CHINA",,"SHENZHEN,YANTIAN",Charleston,830140,GARAGE DOOR THIS SHIPMENT CONTAINS NO SOLID WOOD PACKING MATERIALS,XY250916-CHA MADE IN CHINA,5.0,CTN,4320.0,0.0,SXCOHTYT2511115,ONEU2117203,
2026-01-03,美国,中国,ATLAS CREST INNOVATIONS INC,GUANGZHOU TIANYI INFORMATION TECHNO,10687 W HIGHWAY 156 WEST FORK AR 7 2774 ATLASCRESTINNOVATIONS@OUTLOOK COMCOM ,ROOM 309 NO 6 WANGGANG INDUSTRIAL 2ND ROAD BAIYUN DISTRICT GUANGZHOU 510000 ,ATLAS CREST INNOVATIONS INC,10687 W HIGHWAY 156 WEST FORK AR 7 2774 ATLASCRESTINNOVATIONS@OUTLOOK COM ,,"CN, CHINA",,Port of Bellingham,LOS ANGELES,481960,STORAGE BOX,NO MARKS,1028.0,CTN,15700.0,0.0,TJOW25TSKJGD066,FFAU7852655,
2026-01-03,美国,中国,TEH TUNG CORP,GUANGZHOU JIELIAN PAPER CO LTD, 8728 DICE ROAD SANTA FE SPRINGS CA 90670 USA , PART 1 OF 101 BUILDING NO 64 GUOMAO AVENUE SOUTH HUALONG TOWN PANYU GUANGZHOU GUANGDONG CHINA ,TEH TUNG CORP, 8728 DICE ROAD SANTA FE SPRINGS CA 90670 USA ,,"CN, CHINA",,"SHENZHEN,SHEKOU",LOS ANGELES,481810,PAPER LUNCH NAPKIN HS . . TOILET PAPER HS . .,PO TTON-JL278,1182.0,CTN,8828.0,0.0,HYSLFSZX12250882,WHSU5845326,
2026-01-03,美国,中国,CROWLEY MARITIME CORP,GUANGZHOU NANGUIHUA INTERNATIONAL F,9487 REGENCY SQUARE BLVDJACKSONVI LLE FL 32225 USA ,ROOM 101 NO 14 SOUTH SECOND LANE SHAHE STREET TIANHE DISTRICT GUA NGZHOU CITY ,HORIZON AIR FREIGHT,9487 REGENCY SQUARE BLVDJACKSONVI LLE FL 32225 USA,,"CN, CHINA",,Pusan,MIAMI,330420,LASHING EYE,M/V PARADERO,1.0,CTN,233.0,0.0,CGZLJPLT25112006,KOSU4947557,
2026-01-03,美国,中国,V BEAUTY PURE LLC,GUANGZHOU GELSKY COSMETICS CO LTD,M-TH 10 - 4 FRI 10 - 3 2257 VISTA PARKWAY STE 23 WEST PALM BEACH FL UNITED STATES 33411 , ROOM A605 NO#1070 YUE HAI ZHI YE BUILDING SANYUANLI RD BAIYUN DISTRICT GUANGZHOU GD CHINA 510000 ,V BEAUTY PURE LLC,M-TH 10 - 4 FRI 10 - 3 2257 VISTA PARKWAY STE 23 WEST PALM BEACH FL UNITED STATES 33411 ,,"CN, CHINA",,SOUTH RIDING POINT,PORT EVERGLADES,960329,NAIL FILE(HS CODE: ),AS ADDRESSED,42.0,CTN,667.0,0.0,KFUNTCS8YP910300,TCNU8956889,
2026-01-03,美国,中国,RVISION INTERNATIONAL INC,GUANGZHOU WANBAO GROUP,15400 SE 30TH PL STE 103 , REFRIGERATOR NO 1228 AND 1282 CHENG AO AVENUE EAST CONGHUA ,N/A,N/A,,"CN, CHINA",,"SHENZHEN,YANTIAN",LONG BEACH,,RVISION BRAND REFRIGERATORMODEL.NO.: RCR ( )PO#RVRVISION BRAND REFRIGERATORMODEL.NO.: RCR ( )PO#RV,NO MARKSNO MARKS,720.0,CTN,15120.0,0.0,AIWLCAN02567669,"MSNU7400230,MSMU8475082",
2026-01-03,美国,中国,FOCUS DESIGN INTERIORS INC,GUANGZHOU PULSAR LIGHTING LTD,1159 LOGAN CIRCLE ATLANTA GA 30318 US ,NO 10 DONGXING ROAD CHADONG AVENUE SHIJI TOWN PANYU DISTRICT GUANGZHO U GUANGDONG CN ,N/A,N/A,,"CN, CHINA",,"SHENZHEN,YANTIAN",MIAMI,441520,"STEEL AND FABRIC PENDANT LIGHTS HS CODE: TOTAL: COMPLETE FIXTURES, FAUX WO OD CRATES/PALLETS",BLOOM LIGHTING GROUP INC. 25-201 SARASOTA YACHT CLUB BL5903,2.0,PKG,259.0,0.0,QWIQATLMIA250406,ZCSU7261198,
2026-01-03,美国,中国,GENISE PASCAL FERRER IGLESIAS,GUANGZHOU MEDSINGLONG CO LTD,18 FRANKLYN LANE GOODWILL, 1ST FLR NO 85 BAIYUN RD SHIQIAO STREET PANYU DIST ,GENISE PASCAL FERRER IGLESIAS,18 FRANKLYN LANE GOODWILL,,"CN, CHINA",,PORT BUSTAMANTE,SAN JUAN,940290,"MEDICAL, SURGICAL, DENTAL OR VETERINARY FURNI",PANEL DETECTOR COLLAR OXYGEN CONCENTRATOR STL,5.0,PKG,980.0,0.0,PSPQSU25923300SZ,TCLU9604416,
2026-01-03,美国,中国,APEXEANE ENGANERANG INC,GUANGZHOU DETAI GLASS PRODUCTS CO,225 LIBERTY ST NUM 1020 ,ROOM 902B NO 4 LVGANG 7TH STREET ,APEXEANE ENGANERANG INC,225 LIBERTY ST NUM 1020 ,,"CN, CHINA",,"SHENZHEN,YANTIAN",MIAMI,390760,GLASS BOTTLE,NO MARKS,980.0,CTN,10770.0,0.0,CHQFHSZ25110214,FFAU1106371,
2026-01-03,美国,中国,COVENANT PARTNERS LLC,GUANG WU INTERLINK GUANGZHOU CO LT,58736 SUN GOLD BLVD , ROOM 2002 NO 233 TIANHEBEI ROAD TIANHE DISTRICT ,N/A,N/A,,"CN, CHINA",,"SHENZHEN,YANTIAN",LONG BEACH,401693,AUTO JACKAUTO JACK HANDLE PO# PO#AUTO JACKAUTO JACK HANDLE PO# PO#,NO MARKSNO MARKS,119.0,PKG,49240.0,0.0,AIWLCAN02565057,"TCLU9486632,GLDU7676180",
2026-01-03,美国,中国,APEXEANE ENGANERANG INC,GUANGZHOU DETAI GLASS PRODUCTS CO,225 LIBERTY ST NUM 1020 ,ROOM 902B NO 4 LVGANG 7TH STREET ,APEXEANE ENGANERANG INC,225 LIBERTY ST NUM 1020 ,,"CN, CHINA",,"SHENZHEN,YANTIAN",MIAMI,390760,GLASS BOTTLE,A,1108.0,CTN,12630.0,0.0,CHQFHSZ25110200,EGSU9287140,
2026-01-03,美国,中国,JINDIAN PACKAGING INC,GUANGZHOU ZHONGCHEN CULTURE DEVELOP,235 KNAPP AVE FORMOREHEAD KY 4035 1 MOREHEAD 40351 US ,ROOM A903 NO 38 WANGGANG ROAD JIAHESTREET BAIYUNDISTRICT GUANGZHOU CH INA GUANGZHOU CN ,JINDIAN PACKAGING INC,235 KNAPP AVE FORMOREHEAD KY 4035 1 MOREHEAD US ,,"CN, CHINA",,"SHENZHEN,YANTIAN",LOS ANGELES,844833,KEY RINGS/CHAINS (HS CODE ) THIS SHI PMENT CONTAINS NO SOLID WOOD PACKING MATERIALS.,NO MARKS,1086.0,CTN,21302.0,0.0,ELNVSZE25120104,FFAU7853271,
2026-01-03,美国,中国,PRS INTERNATIONAL LLC,GUANGZHOU NICELINK INTERNATIONAL CO,153 WEST 27TH STREET SUITE 304 NEW YORK NEW YORK 10001 US ,RM 918 GUANGZHOU INTERNATIONAL SOURCING CENTERNO 2-8 PAZHOU STREET GUANGZHOU CN ,N/A,N/A,,"CN, CHINA",,"SHENZHEN,SHEKOU",LOS ANGELES,060210,ARTIFICIAL PLANTS,NO MARKS,3200.0,CTN,6816.0,0.0,THAPHPSE2511230,TCKU7770004,
2026-01-03,美国,中国,CORKYS FOOTWEAR INC,GUANGZHOU DUOMEDUO IMPORT AND EXPOR,10500 MAYBELLINE ROAD SUITE A NORTH LITTLE ROCK AR 72117 USA ATTN: SID RICHMOND TEL: 001-501- ,302 BUILDING C1 NO 268 A-F TONGKANG ROAD BAIYUN DISTRICT GUANGZHOU GUANGDONG 510080 CHINA,CORKYS FOOTWEAR INC,10500 MAYBELLINE ROAD SUITE A NORTH LITTLE ROCK AR 72117 USA ATTN: SID RICHMOND TEL: 001-501- ,,"CN, CHINA",,"SHENZHEN,YANTIAN",LONG BEACH,847439,LADY S SHOES THIS SHIPMENT DOES NOT CONTAI N ANY SOLID WOOD PACKING MATERIALS.,PO 106219,620.0,CTN,4426.0,0.0,OERT210715Y00094,MSNU7780233,
2026-01-03,美国,中国,NETA GAIN TRADE LLC,GUANGZHOU JISU TONG INTERNATIONAL SUPPLY CHAIN MANAGEMENT CO LTD,11626 TUXFORD ST SUN VALLEY CA 913 52 , 5 TH FLOOR BUILDING 8 DYNAMIC WANGGANG CREATIVE PARK JIAHE WANGGANG BA ,NETA GAIN TRADE LLC,11626 TUXFORD ST SUN VALLEY CA 913 52 ,,"CN, CHINA",,"SHENZHEN,YANTIAN",Savannah,842860,DINING CHAIR,NO MARKS,45.0,CTN,7976.0,159520.0,GSDRHZMOY584914,TIIU5853187,
2026-01-03,美国,中国,IKEA SUPPLY AG,EXTRA LIGHT GUANGZHOU ELECTRICAL CO LTD,202 LITTLE HEARST PARKWAY PORT WENTWORTH USGA 31407 US CUSTOMS DEPARTMENT TEL:4848039015 , NO 1102 XIHUAN ROAD SHA WAN TOWN GUANGZHOU CN44 511485 CN ,GEODIS USA INC,5101 SOUTH BROAD STREET PHILADELPHIA USPA 19112 US IKEA ACCOUNT TEL:215 238 8600 ,,"CN, CHINA",,"SHENZHEN,YANTIAN",Savannah,853990,RANARP WORK LAMP OFF PCS RANARP WORK LAMP OFF/ TOTAL PIECES / TOTAL PALLETS NET WEIGHT . KGS GROSS WEIGHT . KGS MEASUREMENT . CBM HT CODE SHIPMENT ID -TSO-S CSM NO. -SUP-SZ @ IKEAARRIVALNOTICES.FF.US@GEODIS.COM,THE SAME THE SAME THE SAME THE SAME THE SAME THE SAME THE SAME THE SAME THE SAME,24.0,PCS,98.0,0.0,EGLV149509331807,EGSU9746851,
2026-01-03,美国,中国,YESCOM PRODUCTS INC,GUANGZHOU CHIDALI TRADE CO LTD,15839 APPROACH AVE CHINO CA 91708 YESCOMPRODUCTSINC@OUTLOOK COM , ROOM 302 BUILDING 2 NO 3 HUAAN M IDDLE ROAD HUADU DISTRICT GUANGZH OU ,YESCOM PRODUCTS INC,15839 APPROACH AVE CHINO CA 91708 YESCOMPRODUCTSINC@OUTLOOK COM ,,"CN, CHINA",,"SHENZHEN,SHEKOU",LOS ANGELES,900190,MIRROR,NO MARKS,1881.0,CTN,13340.0,0.0,SZUO2025112901,WHSU8137779,
2026-01-03,美国,中国,JASCIUA TRADE INC,GUANGZHOU COUNSELOR TRADE CO LT,2650 DAISY AVE LONG BEACH LONG BEACH CALIFORNIA 90806 US , ROOM 313 NO 2 YUNQUANZHI STREET GUANGYUAN EASTROAD YUEXIU DISTRICT GUANGZHOU CN ,JL CUSTOMS SERVICE LLC,20418 EAST WALNUT DRIVE NORTH UNI TS 1B & 1C DIAMOND BAR US ,,"CN, CHINA",,"SHENZHEN,SHEKOU",LOS ANGELES,901720,COMPUTER CASE,NO MARKS,596.0,CTN,8606.0,0.0,PLGJSZ25128961,WHSU6501829,
2026-01-03,美国,中国,AUBAGNE INC,GUANGZHOU SHENDIANWEI TRADE CO LT,572 S SALINA ST STE 102 SYRACUSE N Y 13202 , ROOM 4008 BUILDING B NO 140-214 YINGBIN ROAD LUOPU STREET PANYUDI STRICT GUANGZHOU CITY 511400 ,AUBAGNE INC,572 S SALINA ST STE 102 SYRACUSE N Y 13202 ,,"CN, CHINA",,Port of Bellingham,LOS ANGELES,901060,PROJECTION SCREEN,NO MARKS,4470.0,CTN,25926.0,0.0,GUGWMC251201167,FFAU7853190,
2026-01-03,美国,中国,CASA BLUI LLC,GUANGZHOU ROMEX SANITARY WARE CO LTD,5852 SW 77TH TERRACE SOUTH MIAMI FL 33143 USA , NO 30 SHANGDAPU DISTRICT GAOPU TAIPING TOWN CONGHUA ,CASA BLUI LLC,5852 SW 77TH TERRACE SOUTH MIAMI FL 33143 USA ,,"CN, CHINA",,"SHENZHEN,SHEKOU",LOS ANGELES,262060,MASSAGE BATHTUB H.S. CODE EMAIL:LUIS@CASABLUI.COM EMAIL:LUIS@CASABLUI.COMMASSAGE BATHTUB H.S. CODE EMAIL:LUIS@CASABLUI.COM EMAIL:LUIS@CASABLUI.COM,NO MARKSNO MARKS,56.0,PKG,9810.0,0.0,SMWJXZ251203527,"WHSU5985354,WHSU6905646",
2026-01-03,美国,中国,DZRK SUN COMMERCE CO LTD,GUANGZHOU GANCAN TRADE CO LTD, 4558 BRAZIL ST LOS ANGELES LOS ANG ELES CALIFORNIA 90039 US , SHOP 51 NO 34 QIUYUE STREET QIAO CHENG ROAD HAIZHU DISTRICT GUANGZH OU CN ,JL CUSTOMS SERVICE LLC,20418 EAST WALNUT DRIVE NORTH UNI TS 1B & 1C DIAMOND BAR US ,,"CN, CHINA",,"SHENZHEN,SHEKOU",LOS ANGELES,901720,COMPUTER CASE,NO MARKS,596.0,CTN,8606.0,0.0,PLGJSZ25128964,WHSU6871227,
2026-01-03,美国,中国,GUANGZHOU SHENGYING TRADE CO LTD,GUANGDONG ZONGHENG HOME FURNISHING CO LTD, C/O FBA24208 SAN MICHELE RD ,ROOM 302 NO 183 BAOGANG AV ENUE ,N/A,N/A,,"CN, CHINA",,SHANGHAI,LONG BEACH,940140,FOLDING SOFA,N,135.0,CTN,1258.0,0.0,AMZDCN25KZDMQVL4,YMMU6663477,
2026-01-03,美国,中国,MUKU HOME INC,GUANGZHOU LINHE MUYU TECHNOLOGY CO LTD,ADDRESS218 MACHLIN CT R201 WALNUT CA 91789 , YONGPING STREET BAIYUN DISTRICT GUANGZHOU ,MUKU HOME INC,ADDRESS218 MACHLIN CT R201 WALNUT CA 91789 ,,"CN, CHINA",,"SHENZHEN,YANTIAN",Savannah,701310,OFFICE TABLE,NO MARKS,198.0,CTN,11680.0,0.0,YQNLNJSE3875444,OOCU9371446,
2026-01-03,美国,中国,MARQUE OF BRANDS AMERICAS LLC,GUANGZHOU BAOLONG PACKAGING CO LTD,291 EDGEWOOD ST , 1503-A4 HUIJING WEST SECOND STREET HUADU DISTRICT ,N/A,N/A,,"CN, CHINA",,"SHENZHEN,YANTIAN",Savannah,390760,"PLASTIC BOTTLE, FOAM PUMP",NO MARKS,821.0,CTN,8015.0,0.0,CRFNS00761739,GAOU6248320,
2026-01-03,美国,中国,YX QISHENG TRADE INC,GUANGZHOU GUOCHENG FOREIGN TRADE CO,17480 COLIMA RD #39 ROWLAND HEIGHT S CALIFORNIA 91748 US ,NO 706 318-2 ZENGCHA ROAD BAIYU N DISTRICT GUANGZHOU CN ,YX QISHENG TRADE INC,17480 COLIMA RD #39 ROWLAND HEIGHT S US ,,"CN, CHINA",,Port of Bellingham,LOS ANGELES,390760,GLASS BOTTLE THIS SHIPMENT CONTAINS NO SOLID WOOD PACKING MATERIALS.,NO MARKS,636.0,CTN,12500.0,0.0,STNDSTL25085689,FFAU7855206,
2026-01-03,美国,中国,CRS TRADE INC,GUANGZHOU POVISON TECHNOLOGY LTD,418 BROADWAY STE RALBANY NY 12207 USA ,NO 67 DONGPU 2ND ROAD YINGKEZHIGU BUILDING NO 2 3 4 TIANHE GUANGZHOU 510000 CHINA ,CRS TRADE INC,418 BROADWAY STE RALBANY NY 12207 USA ,,"CN, CHINA",,"SHENZHEN,SHEKOU",LOS ANGELES,940161,COFFEE TABLE DINING CHAIR,NO MARKS,168.0,CTN,6530.0,0.0,AMIGF250065553A,WHSU5279949,
2026-01-03,美国,中国,MUKU HOME INC,GUANGZHOU LINHE MUYU TECHNOLOGY CO LTD,ADDRESS218 MACHLIN CT R201 WALNUT CA 91789 , YONGPING STREET BAIYUN DISTRICT GUANGZHOU ,MUKU HOME INC,ADDRESS218 MACHLIN CT R201 WALNUT CA 91789 ,,"CN, CHINA",,"SHENZHEN,YANTIAN",Savannah,701310,OFFICE TABLE,NO MARKS,286.0,CTN,12350.0,0.0,YQNLNJSE3875446,OOLU9315500,
2026-01-03,美国,中国,GOODMAN UNION CO,GUANGZHOU POVISON TECHNOLOGY LIMITE NO,1140 CHOPIN TER UNIT 300 FREMONT CA 94538 ,67 DONGPU 2ND ROAD YINGKEZHIGU BUILDING NO 2 3 4 TIANHE DISTRICT GUANGZHOU,GOODMAN UNION CO,1140 CHOPIN TER UNIT 300 FREMONT CA 94538 ,,"CN, CHINA",,"SHENZHEN,SHEKOU",LOS ANGELES,940360,DINING TABLE DINING CHAIR THIS SHIPMENT CONTAINS NO SOLID WOOD PACKING MATERIALS,POVISON,195.0,CTN,7410.0,0.0,VIFCVITFE2512181,TRHU4911766,
2026-01-03,美国,中国,XIEHAIZHENG TRADE INC,GUANGZHOU JUCHENG TRADE CO LTD,4445 EASTGATE MALL SUITE 200 SAN DIEGO CA 92121EIN:33-2289798 CA CA 9 2121 US , ROOM501 5TH FLOORNO 5 XINLONGHENG ROAD ZHONGLUOTANMAYOR WAILING BAIYU N DISTRICT GUANGZHOU GZ CN ,XIEHAIZHENG TRADE INC,4445 EASTGATE MALL SUITE 200 SAN DIEGO CA 92121EIN:33-2289798 CA US ,,"CN, CHINA",,SOUTH RIDING POINT,PORT EVERGLADES,841850,DISPLAY CABINET,NO MARKS,24.0,CTN,3470.0,0.0,RDIH25100001,JXLU6350367,
2026-01-03,美国,中国,HEAARTH USA INC,GUANGZHOU YUZHU TRADE CO LTD,418 BROADWAY STE 10136ALBANY NY 12207 ALBANY NY 12207 US , NO 9 WEST 3RD ROAD XIHUTANVILLAGE ZHENGGUO TOWN ZENGCHENG GUANGZHO U CN ,N/A,N/A,,"CN, CHINA",,NINGBO,MIAMI,611599,SOCKS,NO MARKS,874.0,CTN,8974.0,0.0,TLKPNGBNYC5N109X,BEAU5604649,
2026-01-03,美国,中国,RISING INDUSTRIAL CO LTD,GUANGZHOU FUYOU IMPORT & EXPORT T, 4195 CHINO HILLS PKWY STE E132 CHINO HILLS CA 91709 ,605 RONGHUI BUILDING NO 302 ZHICHENG AVENUE GUANGZHOU ECONOM IC AND TECHNOLOGICAL DEVELOPMENT ZO,RISING INDUSTRIAL CO LTD, 4195 CHINO HILLS PKWY STE E132 CHINO HILLS CA 91709 ,,"CN, CHINA",,"SHENZHEN,SHEKOU",LOS ANGELES,911110,METAL VASE ORNANENTS,NO MARKS,922.0,CTN,13649.0,272980.0,GSDRXU025F856016,WHSU6779893,
2026-01-03,美国,中国,HBD GLOBAL TRADE INC,GUANGZHOU NEW STORY TRADE CO LT,564 E PRINCETON ST ONTARIO CA 9176 4 , ROOM 2203 NO 13 ZEXI STREET HANX I VILLAGE HANXI COMMERCIAL CENTER ZHONGCUN STREET PANYU DISTRICT ,HBD GLOBAL TRADE INC,564 E PRINCETON ST ONTARIO CA 9176 4 ,,"CN, CHINA",,Port of Bellingham,LOS ANGELES,481960,STORAGE BOX,NO MARKS,917.0,CTN,14894.0,0.0,DEJRLBK250214753,FFAU7846307,
2026-01-03,美国,中国,ELITE INDUSTRIAL INC,GUANGZHOU FUYOU IMPORT & EXPORT TRADE CO LTD,36 S 18TH AVE STE DBRIGHTON CO 806 0180601 , ROOM 605 RONGHUIB UILDING NO 302 ZHICHENG AVENUE G UANGZHOU ECONOMIC AND ,ELITE INDUSTRIAL INC,36 S 18TH AVE STE DBRIGHTON CO 806 0180601 ,,"CN, CHINA",,"SHENZHEN,SHEKOU",LOS ANGELES,392330,ML GLASS JARS,NO MARKS,1027.0,CTN,11659.0,233180.0,CHIASEF251210137,WHLU5755567,
2026-01-03,美国,圣赫勒拿岛（英）,JINHUI TECHNOLOGY INC,GUANGZHOU ZHANZHIHANG TRADE CO LTD,AV INDUSTRIAL SN-LOTE 4 EL TREBOL 54610 TEPOTZOTLAN MEX EL TREBOL 54610 MX , ROOM 320 NO 1 JIANGXIA NORTH MIDDLEROAD BAIYUN DISTRICT GUANGZHOU GD CHINA GUANGZHOU GD CN ,CSCL GLOBAL LIMITED, 9200 SIEMPRE VIVA RD SAN DIEGO CA 92154 UNITED STATES SAN DIEGO CA92154 US ,,"SH, SAINT HELENA",,Port of Seattle,LONG BEACH,851621,STORAGE CABINET HS CODE:,NO MARKS,836.0,PKG,21740.0,0.0,PPILONW33211,ONEU7021017,
2026-01-03,美国,中国,GOODMAN UNION CO,GUANGZHOU POVISON TECHNOLOGY LIMITE NO,1140 CHOPIN TER UNIT 300 FREMONT CA 94538 ,67 DONGPU 2ND ROAD YINGKEZHIGU BUILDING NO 2 3 4 TIANHE DISTRICT GUANGZHOU,GOODMAN UNION CO,1140 CHOPIN TER UNIT 300 FREMONT CA 94538 ,,"CN, CHINA",,"SHENZHEN,SHEKOU",LOS ANGELES,940140,SOFA SOFA ARMREST THIS SHIPMENT CONTAINS NO SOLID WOOD PACKING MATERIALS,POVISON,106.0,CTN,5850.0,0.0,VIFCVITFE2512038,WHSU6797963,
2026-01-03,美国,中国,EDWARD J ZARACH,GUANGZHOU QUANRUN ELECTRONIC TECHNOLOGY CO LTD,N/A, ROOM 711 7TH FLOOR NO 38-39 SONGSHUQIAN ,EDWARD J ZARACH,650 SUPREME DRIVE BENSENVILLE ILLINOIS 60106,,"CN, CHINA",,"SHENZHEN,YANTIAN",LONG BEACH,890391,COMPOSITE INSULATOR DS- M DS- M DS- M .,OP 132172 OP 132179 OP 132181 OP 136593,44.0,PKG,15430.0,0.0,TECBSZSE25120004,MSDU4282540,
2026-01-03,美国,中国,TROPICAL SHIPPING,GUANGZHOU HANGCHI TRADE CO LTD,9505 NW 108TH AVE MEDLEY FL 33178 US , ROOM 402 18 YONGJIA ROAD JIAHE STREET BAIYUN DISTRICT GUANGZHOU CN ,TROPICAL SHIPPING,9505 NW 108TH AVE MEDLEY FL 33178 US,,"CN, CHINA",,"SHENZHEN,YANTIAN",PORT EVERGLADES,610891,UNDERWEAR HANGER BRA MEN S SLIPPERS BACKPACK MODEL,SH-ZMAI-XIEW,54.0,PKG,1494.0,0.0,CHKMGZ25044568,ZCSU7702375,
2026-01-03,美国,中国,EDWARD J ZARACH,GUANGZHOU QUANRUN ELECTRONIC TECHNOLOGY CO LTD,N/A, ROOM 711 7TH FLOOR NO 38-39 SONGSHUQIAN ,EDWARD J ZARACH,650 SUPREME DRIVE BENSENVILLE ILLINOIS 60106,,"CN, CHINA",,"SHENZHEN,YANTIAN",LONG BEACH,210420,COMPOSITE INSULATOR MXSS MXSS,OP 55356 OP 55362,20.0,PKG,6730.0,0.0,TECBSZSE25120001,MSBU3484067,
2026-01-03,美国,中国,ICON DIRECT INC,GUANGZHOU WANBAO GROUP,806 S DIVISION ST BRISTOL INDIANA 46507 UNITED STATES , REFRIGERATOR NO 1228 AND 1282 CHENG AO AVENUEE AST CONGHUA GUANGZHOU CHINA ,ICON DIRECT INC,806 S DIVISION ST BRISTOL INDIANA 46507 UNITED STATES ,,"CN, CHINA",,"SHENZHEN,YANTIAN",LOS ANGELES,841810,REFRIGERATORREFRIGERATOR,NO MARKSNO MARKS,456.0,CTN,13974.0,0.0,SHRGSHSS25120016,"WHSU5063651,WHSU5324647",
2026-01-03,美国,中国,UNILINK IMPORT INC,GUANGZHOU GRANDVIEW MATERIAL LTD,1580 N LOGAN ST STE 300 DENVER COLORADO 80203 US ,5/F JINJIN BLDG NO 1101 ZHONGSHAN AVE TIANHE DIST GUANGZHOU CN ,GGT WORLD INC,13195 FLORES STREET SANTA FE SPRINGS US ,,"CN, CHINA",,"SHENZHEN,YANTIAN","HOUSTON,TX",490210,ADVERTISING SIGN HS:,NO MARKS,50.0,PKG,3760.0,0.0,FEVMSZXF25121840,EGSU9446833,
2026-01-03,美国,中国,HBD GLOBAL TRADE INC,GUANGZHOU NEW STORY TRADE CO LT,564 E PRINCETON ST ONTARIO CA 9176 4 LOS ANGELES US , ROOM 2203 NO 13 ZEXI STREET HANX I VILLAGE HANXI COMMERCIAL CENTER ZHONGCUN STREET PANYU DISTR CN ,HBD GLOBAL TRADE INC,564 E PRINCETON ST ONTARIO CA 9176 4 LOS ANGELES US ,,"CN, CHINA",,Port of Bellingham,LOS ANGELES,481960,STORAGE BOX,NO MARKS,1020.0,CTN,16564.0,0.0,YIXEJHD181771,FFAU7855926,
2026-01-03,美国,中国,ATLAS CREST INNOVATIONS INC,GUANGZHOU TIANYI INFORMATION TECHNO,10687 W HIGHWAY 156 WEST FORK AR 7 2774 ATLASCRESTINNOVATIONS@OUTLOOK COMCOM ,ROOM 309 NO 6 WANGGANG INDUSTRIAL 2ND ROAD BAIYUN DISTRICT GUANGZHOU 510000 ,ATLAS CREST INNOVATIONS INC,10687 W HIGHWAY 156 WEST FORK AR 7 2774 ATLASCRESTINNOVATIONS@OUTLOOK COM ,,"CN, CHINA",,Port of Bellingham,LOS ANGELES,481960,STORAGE BOX,NO MARKS,1078.0,CTN,17200.0,0.0,TJOW25TSKJGD065,FFAU7852716,
2026-01-03,美国,中国,CMT TRADE LLC,GUANGZHOU HONGYUAN ELECTRONICS CO,7850 NW 80TH STREET MEDLEY FLORIDA 33166 US ,4TH FLOOR BUILDING C LIANYINDUSTRI ALPARK HUIJIANG DASHI PANYU GUANGZ HOU CN ,LG CUSTOMS BROKERAGE,9601 SW 142 AVE S203 MIAMI US,,"CN, CHINA",,Freeport,PORT EVERGLADES,854020,TV HTS#,NO MARKS,1187.0,CTN,11930.0,0.0,FEVMSZXF25100054,JXLU4504294,
2026-01-03,美国,中国,EVERGREEN RESOURCES INC,GUANGZHOU CHUMBOON IMPORT&EXPORT TR,3404 FRANKSTOWNE DRIVE , NO 7 ZHUCUN AVENUE CENTRAL ZHUCUNSTREET ZENGCHENG ,EVERGREEN RESOURCES INC,3404 FRANKSTOWNE DRIVE ,,"CN, CHINA",,"SHENZHEN,SHEKOU",LOS ANGELES,800200,EMPTY TIN CANEMPTY TIN CANEMPTY TIN CANEMPTY TIN CAN,N/ MN/ MN/ MN/ M,128.0,PKG,29040.0,0.0,AOMEYCHIM038947,"WHSU6235375,WHSU5705561,WHSU5124628,WHSU6378801",
2026-01-03,美国,中国,HBD GLOBAL TRADE INC,GUANGZHOU NEW STORY TRADE CO LT,564 E PRINCETON ST ONTARIO CA 9176 4 , ROOM 2203 NO 13 ZEXI STREET HANX I VILLAGE HANXI COMMERCIAL CENTER ZHONGCUN STREET PANYU DISTRICT ,HBD GLOBAL TRADE INC,564 E PRINCETON ST ONTARIO CA 9176 4 ,,"CN, CHINA",,Port of Bellingham,LOS ANGELES,481960,STORAGE BOX,NO MARKS,1108.0,CTN,16447.0,0.0,CDBQNS252511,FFAU7855377,
2026-01-03,美国,中国,KIMERA INTERNATIONAL INC,GUANGZHOU NINE STAR SHOES CO LTD,810ECHELON COURT CITY OF INDUSTRY CA91744 USA 626 810-7088/ 626 810- , O/BCHAOZHOU MEIYUAN SHOE INDUSTRY CO LTD13TH BUILDING TENGRUI SHIJ ,KIMERA INTERNATIONAL INC,810ECHELON COURT CITY OF INDUSTRY CA91744 USA ,,"CN, CHINA",,"SHENZHEN,SHEKOU",LOS ANGELES,640411,LADY SHOES THIS SHIPMENT CONTAINS NO WOOD PACKING MATERIALS.,.,1348.0,CTN,9050.0,0.0,SFOKSZX25111431,WHLU5727647,
2026-01-03,美国,巴哈马,GOODMANS LLC,GUANGZHOU ZHANZHIHANG TRADE CO,455 W 26TH ST HIALEAH FL 33010 HIA LEAH US ,ROOM 320 NO 1 JIANGXIA NORTH MIDD LE ROAD BAIYUNDISTRICT GUANGZHOU CHINA GUANGZHOU CN ,GOODMANS LLC,455 W 26TH ST HIALEAH FL 33010 HIA LEAH US ,,"BS, BAHAMAS",,SOUTH RIDING POINT,PORT EVERGLADES,392220,"PLASTIC CAR COVER, STAINLESS STEEL LID, RICE COOKER PAN",NO MARKS,460.0,CTN,4080.0,0.0,COHEGZSE25A00052,TEMU4229665,
2026-01-03,美国,中国,SHEPHERD HARDWARE,COLSON CASTER GUANGZHOU LIMETED,6961 US 12 ,3 YONGSHUN AVENUE ZENGCHENG DISTRICT,N/A,N/A,,"CN, CHINA",,"SHENZHEN,YANTIAN",LONG BEACH,830220,CASTER,NO MARKS,1006.0,PKG,15812.0,0.0,BWLECAN59299869,TRHU8274901,
2026-01-03,美国,中国,SONUKA MEDICAL LLC,GUANGZHOU MINGTAI INDUSTRIES CO LTD,2500 RIDGEWOOD ROAD NW ATLANTA GA 30318 USA , FLOORS 2-5 2ND BUILDING NO 133-1 GUANGCHEN ROAD ZHONGLUOTAN TOWN ,SONUKA MEDICAL LLC,2500 RIDGEWOOD ROAD NW ATLANTA GA 30318 USA ,,"CN, CHINA",,"SHENZHEN,YANTIAN",Savannah,901910,ARNICA & GINGER MASSAGE OIL ARNICA & CASTOR MASSAGE OIL -IN-ONE MASSAGE OIL ARNICA CREAM CTNS= PLTS HS CODE: / TEL: CTC: VIVI EMAIL: YEWEI@GZ-MINGTAI.COM,AS ADDRESSED,586.0,CTN,7010.0,0.0,PYMNCAN250502254,TEMU3095915,
2026-01-03,美国,中国,CLEO HOLDINGS INC,GUANGZHOU MINMIN LEATHER CO LTD,7101 N MIAMI AVENUE SUITE #108 MIAMI FL 33150 USA , NO 240 SHANGQIAN TOURISM AVENUE SHILING TOWN HUADU DISTRICT GUANGZHOU ,CLEO HOLDINGS INC,7101 N MIAMI AVENUE SUITE #108 MIAMI FL 33150 USA ,,"CN, CHINA",,SOUTH RIDING POINT,PORT EVERGLADES,844120,LADY BAGS,CLEO HOLDINGS INC.,89.0,CTN,555.0,0.0,EURFLZ2590960MIA,TCLU5965262,
2026-01-03,美国,中国,GQWE HONOR TRADE CO LTD,GUANGZHOU GANCAN TRADE CO LTD, 177 S PECKHAM RD AZUSA CA 91702 US , SHOP 51 NO 34 QIUYUE STREET QIAO CHENG ROAD HAIZHU DISTRICT GUANGZ HOU CITY CN ,GQWE HONOR TRADE CO LTD, 177 S PECKHAM RD AZUSA CA 91702 US ,,"CN, CHINA",,XIAMEN,LONG BEACH,482090,SKETCH BOOK LUNCH BAG LAUNDRY HAMPER SPONGE PAD TRANSFER BOARD,NM,1286.0,PCS,11984.0,0.0,RSLCXMAF2512223A,FFAU3750608,
2026-01-03,美国,中国,DOMBART SA DE CV,GUANGZHOU MINTONG TRADE CO LTD, R F C : DOM121009964 CALLE 77 NUMERO 168A COLONIA CENTRO C P 97320 , 907 908 909 OF BUILDING 2 NO 179 YINGBIN ROAD HUADU GUANGZHOU GUANGDONG CHINA ,DOMBART SA DE CV, R F C : DOM121009964 CALLE 77 NUMERO 168A COLONIA CENTRO C P 97320 ,,"CN, CHINA",,PORT BUSTAMANTE,SAN JUAN,401390,MOTORCYCLE BATTERY HS CODE: MOTORCYCLE PARTS FREIGHT PREPAID FAX: + - -,NO MARKS,1046.0,CTN,23119.0,0.0,CMDUSHZ7607332,CMAU4946304,
2026-01-03,美国,加拿大,RHENUS LOGISTICS CHINA LIMITED,RHENUS LOGISTICS CANADA LTD,GUANGZHOU BRANCH UNITS 1018 10/F A TOWER CHINA GU ANGZHOU 44 510630 CN , 475 DUMONT SUITE 200 DORVAL DORVA L QC QC H9S 5W2 CA ,RHENUS LOGISTICS CHINA LIMITED GUANGZHOU BRANCH, UNITS 1018 10/F A TOWER CHINA GU ANGZHOU 44 510630 CN ,,"CA, CANADA",,City of Vancouver,"TACOMA,WA",730900,"RESERVOIRS, TANKS & VATS, IRON OR STEEL (OVERLITERS) AND EMPTY IRON IBC",NO MARKS,80.0,DRM,12000.0,240000.0,ONEYRICFPQ884400,MOFU6746466,
2026-01-03,美国,中国,MUKU HOME INC,GUANGZHOU LINHE MUYU TECHNOLOGY CO LTD,ADDRESS218 MACHLIN CT R201 WALNUT CA 91789 , YONGPING STREET BAIYUN DISTRICT GUANGZHOU ,MUKU HOME INC,ADDRESS218 MACHLIN CT R201 WALNUT CA 91789 ,,"CN, CHINA",,"SHENZHEN,YANTIAN",Savannah,701310,OFFICE TABLE,NO MARKS,188.0,CTN,11620.0,0.0,YQNLNJSE3875447,CSNU8819221,
2026-01-03,美国,中国,DUKERS APPLIANCE CO USA LTD,GUANGZHOU BOAOSI APPLIANCE CO LTD,80 NORTH ENTERPRISE STREET AURORA ILLINOIS 60504 , NO 28 LUOGANG HUANGANG NORTH ROAD JUNHE STREET BAIYUN DISTRICT GUA NGZHOU CITY P R CHINA ,AZ EXPRESS FREIGHT INC,2990 INLAND EMPIRE BLVD STE 112 O NTARIO CA 91764 ,,"CN, CHINA",,"SHENZHEN,SHEKOU",LOS ANGELES,841810,REFRIGERATOR CHEF BASE CHARBROI LER FRYERS THERMOSTATIC GRIDDLEREFRIGERATOR CHEF BASE CHARBROI LER FRYERS THERMOSTATIC GRIDDLEREFRIGERATOR CHEF BASE CHARBROI LER FRYERS THERMOSTATIC GRIDDLE,NO MARKSNO MARKSNO MARKS,92.0,CTN,16790.0,0.0,VIFCVITFE2512058,"WHLU5791158,WHSU6498849,WHSU6063173",
2026-01-03,美国,中国,STARLING BUSINESS INC,GUANGZHOU LIANGJIU FURNITURE CO,1484 PACIFIC AVE SAN LEANDRO CA 94577 SAN LEANDRO 94577 US ,L NO 2 QINGFENG ROAD SHAWAN STREET PANYU DISTRICTGUANGZHOU GUANGDONG PROVINCE GUANGZHOU CN ,N/A,N/A,,"CN, CHINA",,Port of Bellingham,LOS ANGELES,940161,OFFICE CHAIR HANGING LAMP THIS SHIPMENT CONT AINS SOLID NO WOODEN PACKING MATERIALS,LAMT-ZY4972-XY WAYGF-ZY4831-XY,179.0,PKG,4990.0,0.0,GMUSSWL25124040,FFAU7856938,
2026-01-03,美国,中国,HBD GLOBAL TRADE INC,GUANGZHOU NEW STORY TRADE CO LT,564 E PRINCETON ST ONTARIO CA 9176 4 LOS ANGELES US , ROOM 2203 NO 13 ZEXI STREET HANX I VILLAGE HANXI COMMERCIAL CENTER ZHONGCUN STREET PANYU DISTR CN ,HBD GLOBAL TRADE INC,564 E PRINCETON ST ONTARIO CA 9176 4 LOS ANGELES US ,,"CN, CHINA",,Port of Bellingham,LOS ANGELES,481960,STORAGE BOX,NO MARKS,1003.0,CTN,13836.0,0.0,YIXEJHD181770,FFAU7858102,
2026-01-03,美国,中国,VICTORIAVILLE SOLUTIONS LLC,GUANGZHOU SLOWLY SUPPLY CHAIN CO LTD,30400 TELEGRAPH RD STE 330 , RM 301-1 BUILDING 2 NO 310 22 ND OF YUANGANG RD TIANHE DISTRICT ,VICTORIAVILLE SOLUTIONS LLC,30400 TELEGRAPH RD STE 330 ,,"CN, CHINA",,"SHENZHEN,YANTIAN",Savannah,940320,COMMODITY SHELF,NO MARKS,424.0,CTN,11707.0,0.0,UULNSZ2511DM648,EGSU9590943,
2026-01-03,美国,中国,ADVANCED WHOLESALE DISTRIBUTORS COR,GUANGZHOU YOKISTAR CO LTD,CALLE ROSSY LOTE C BAYAMON PR00959 US , ROOM 616 NO 1630 JICHANG STREET BAIYUN DISTRICT GUANGZHOUCN ,N/A,N/A,,"CN, CHINA",,Panama Canal,SAN JUAN,960340,PAINT BOOTH (YS-PB ) PAINT BOOTH (D- - - ) PAINT BOOTH (D- - - UPDATED) PAINT BOOTH (MINI) BENCH SPRAY BOOTH (YS-B ) EXTRACTION BOX SPARE PARTS PAINT BOOTH A UTO BODY COLLISION REPAIRSYSTEM (DL-A PLUS ) MOBILE SANDING STATION (AN-LY ) RIM PAIN T STAND (PS-LG ) RIM PAINT STAND (PS-LG ) D ENT PULLING MACHINE (M - ) SPARE PARTS O F CAR COLLISION REPAIR,NO MARKS,244.0,PKG,10160.0,0.0,GBORHUASJU19064,EGSU1093771,
2026-01-02,美国,中国,ELVIATIONS INTL TRADE LLC,GUANGZHOU FUCHENG TRADE JINGANG,1500 N GRANT ST ,AVENUE NANSHA STREET NANSHA DISTRICT ,N/A,N/A,,"CN, CHINA",,SHANGHAI,LOS ANGELES,611212,SOCKS BOYS TEE GIRLS TEE GIRLS DRESS,NO MARKS,554.0,CTN,14404.0,0.0,MOSJJS25120621,SEGU5864720,
2026-01-02,美国,中国,DC SAFETY SALES CO INC,DC SAFETY MANUFACTURING GUANGZHOU, 6730 SALP BLVD UNIT A THEODORE AL 36582 ,BUILDING A2 NO 17 FU LING EAST ROAD 7 FULING TANG MEI 511340 ,N/A,N/A,,"CN, CHINA",,"SHENZHEN,YANTIAN",Mobile,300650,ROAD SAFETY KITS BAGS,NO MARKS,1702.0,CTN,14013.0,0.0,SVIVKSZX25110241,CSNU7474130,
2026-01-02,美国,中国,OXYGEN DEVELOPMENT,GUANGZHOU RUI CHENG INTERNATIONAL T,1525 SOUTH CONGRESS AVE PALM SPRINGS FLORIDA 33406 US,ROOM 1016 NO 1 INDUSTRIC ROAD T AIPING TWONCONGHUA DISTRICT GUANGZHOU CN ,N/A,N/A,,"CN, CHINA",,"SHENZHEN,YANTIAN",LONG BEACH,481920,PAPER FOLDING BOX HS CODE :,PO NO.: 145631 ITEM: 050-INC-653 DESCRIPTION:(050)|T|INNER PACKER|LIFEPROOF CONTINUOUS SETTING MIST|2.8OZ US/AUS|UNDECO|GUANGZHOU RUI CHENG|SECONDARY QTY: XXX PCS N.W.: XX KGS G.W. XX KGS NO. OF CTN : XX O F XX CTN SIZE : XX XX XX MMCTN SIZE : XX XX XX MM,164.0,CTN,3425.0,0.0,ILCDHWS225121042,OOLU1826627,
2026-01-02,美国,中国,BLUEWAVE TECHNOLOGY INC,GUANGZHOUNEWSMARTTECHNOLOGY CO,9680 N WOOLSEY AVE PORTLAND OREGON 97203 US ,LIM UNIT2223 22/F YAN STOWER 25- 27WON GCHUK HANGROAD ABERDEENHK999077 G UANGZHOU CN ,BLUEWAVE TECHNOLOGY INC,9680 N WOOLSEY AVE PORTLAND US ,,"CN, CHINA",,"SHENZHEN,YANTIAN",LONG BEACH,851621,STORAGE RACK THIS SHIPMENT CONTAINS NO WOOD PACKING MATERIALS.,NO MARKS,1364.0,CTN,20040.0,0.0,TLDMSZOE25120359,CCLU7974550,
2026-01-02,美国,中国,SOURCEM LLC,GUANGZHOU EVANESCO TRADE CO LTD,1370 N ST ANDREWS PL , NO 1 QIFU ROAD YUNCHENG STREET BAIYUN DISTRICT ,SOURCEM LLC,1370 N ST ANDREWS PL ,,"CN, CHINA",,QINGDAO,City of New York,450190,MINI DIFFUSER GLASS SYNTHETIC CORK,NO MARKS,501.0,CTN,7573.0,0.0,UULNQDNY25120232,CEOU2261226,
2026-01-02,美国,中国,HOME AND BODY COMPANY,GUANGZHOU ALTER PACKAGING LIMITED, 5800 SKYLAB SUITE 100 HUNTINGTON BEACH CA 92647 , 201 BLOCK 4 NO 28 GUANGCONG 7 ROAD ZHONGLUOTAN BAIYUN DISTRICT GUANGZHOU ,HOME AND BODY COMPANY, 5800 SKYLAB SUITE 100 HUNTINGTON BEACH CA 92647 ,,"CN, CHINA",,"SHENZHEN,YANTIAN",LONG BEACH,847790,PLASTIC PUMP HS CODE : . . .,BSV20130903001S-61 28-410 WHITE SMOOTH SHOWER PUMP10 2364 DIP TUBE 263MM PO648509 BSV20130903001S-64 PW12 28410 BAMBOO COATING WHITE PUMPS PO648558,211.0,PCS,3065.0,0.0,RSLCHKAL2512035H,OOCU7306143,
2026-01-02,美国,中国香港,WISTRON INFOCOMM TECHNOLOGY AMERICA CORP,AURAS TECHNOLOGY CO,PO BOX 370307 ,ZEHONG GUANGZHOU TECHNOLOGY CO LT ON BEHALF OF AURAS TECHNOLOGY CO NO 202 KEZHU ROAD SCIENCE CITY,N/A,N/A,,"HK, HONG KONG",,"SHENZHEN,YANTIAN",LOS ANGELES,911440,THERMAL MODULE ASSY N. BOTTOM HSK,WISTRON,62.0,CTN,628.0,0.0,KWEO520047284115,YMMU6498080,
2026-01-02,美国,中国,,GUANGZHOU GO JUDY TRADE CO LTD,N/A, NO 605 NO 263 GAOTANG ROAD TIANHE DISTRICT GUANGZHOU CITY 510000 ,N/A,N/A,,"CN, CHINA",,DALIANXINGANG,LOS ANGELES,940161,"TABLE, BAR STOOL, DINING CHAIR","WHS-102811-41764999, WHS-102811-41765006, WHS",152.0,CTN,3569.0,0.0,CGGMHSK0520048,TLLU5971664,
2026-01-02,美国,中国,NEXGEN TRADE COMPANY,GUANGZHOU LAN PENYOU NETWORK TECHNOLOGY CO LTD, 9245 SW NIMBUS AVE BEAVERTON OR 97 008 , ROOM 212 NO 5 LIANBIAN PENGXI HUA LIANER ROAD HELONG STREET BAIYUN DISTRICT G ,ODW GLOBAL INC,4545 PACIFIC BLVD VERNON CA 9005 8 ,,"CN, CHINA",,"SHENZHEN,YANTIAN",LONG BEACH,392220,PLASTIC SHELVES,NO MARKS,874.0,CTN,15660.0,0.0,SJZVHTSE25110671,OOCU6928630,
2026-01-02,美国,中国,ZAPATERIA OTATARA SA DE CV,GUANGZHOU XIANG FEI IMPORT & EXPORT CO LTD, PANTEON 188 ZAPOPAN CENTRO ZAPOPAN , ROOM301 T13 BOLINYIHAO NO 6 93 SHICHA ROAD ,H&R LOGISTICS,1931 E 27TH ST ,,"CN, CHINA",,"SHENZHEN,YANTIAN",LOS ANGELES,820890,LADY SHOE,NO MARKS,1218.0,CTN,8157.0,0.0,SXLIYTLAX5120040,NYKU4389820,
2026-01-02,美国,中国,AUBAGNE INC,GUANGZHOU SHENDIANWEI TRADE CO LT,572 S SALINA ST STE 102 SYRACUSE N Y 13202 , ROOM 4008 BUILDING B NO 140-214 YINGBIN ROAD LUOPU STREET PANYUDI STRICT GUANGZHOU CITY 511400 ,AUBAGNE INC,572 S SALINA ST STE 102 SYRACUSE N Y 13202 ,,"CN, CHINA",,SHANGHAI,LOS ANGELES,270300,CAT LITTER BOX,NO MARKS,540.0,CTN,6021.0,0.0,GUGWMC251201015,CAAU4913877,
2026-01-02,美国,中国,THOUSAND MILE ISLAND CO,GUANGZHOU POVISON TECHNOLOGY LIMITE NO,920 ONTARIO BLVD ONTARIO CA 91761 ,67 DONGPU 2ND ROAD YINGKEZHIGU BUILDING NO 2 3 4 TIANHE DISTRICT GUANGZHOU 510660,THOUSAND MILE ISLAND CO,920 ONTARIO BLVD ONTARIO CA 91761 ,,"CN, CHINA",,"SHENZHEN,SHEKOU","NEW YORK,NY",940140,ARMLESS SOFA SOFA SOFA ARMREST THIS SHIPMENT CONTAINS NO SOLID WOOD PACKING MATERIALS,POVISON,111.0,CTN,4851.0,0.0,VIFCVITFE2511101,WHSU5013460,
2026-01-02,美国,中国,,GUANGZHOU GO JUDY TRADE CO LTD,N/A, NO 605 NO 263 GAOTANG ROAD TIANHE DISTRICT GUANGZHOU CITY 510000 ,N/A,N/A,,"CN, CHINA",,SHANGHAI,"OAKLAND, CA",842860,DINING CHAIR,WHS-102811-41799697,19.0,CTN,213.0,0.0,CGGMSGH5066351,MRKU3743852,
2026-01-02,美国,中国,LPI INC,GUANGZHOU SENSOURCING TRADE CO LTD,506 TWIN OAKS DR JOHNSON CITY TN 37601-7610 USA , #1014 HUIJIN BUILDING NO 23 SHIGANG ROAD GONGYE AVENUE GUANGZHOU GUANGDONG P R OF CHINA ,N/A,N/A,,"CN, CHINA",,"SHENZHEN,YANTIAN",Charleston,901910,MASSAGE APPARATUS ACCESSORIES PLASTIC ACCESS ORIESMASSAGE APPARATUS ACCESSORIES PLASTIC ACCESS ORIESMASSAGE APPARATUS ACCESSORIES PLASTIC ACCESS ORIESMASSAGE APPARATUS ACCESSORIES PLASTIC ACCESS ORIESMASSAGE APPARATUS ACCESSORIES PLASTIC ACCESS ORIES,LPI IN TRIANGLE WHISPER IN TRIANGLELPI IN TRIANGLE WHISPER IN TRIANGLELPI IN TRIANGLE WHISPER IN TRIANGLELPI IN TRIANGLE WHISPER IN TRIANGLELPI IN TRIANGLE WHISPER IN TRIANGLE,221.0,PKG,52020.0,0.0,PSEAZCHS25113404,"ZCSU7349720,GAOU6356936,BEAU5010396,ZCSU7594096,JXLU4473824",
2026-01-02,美国,中国,KMCC INC,GUANGZHOU W Q S INTERNATIONAL TRAD,18351 COLIMA RD #425 ROWLAND HEIGHTS CALIFORNIA 91748 US ,306 NO 90 FENGLE SOUTH ROAD HUANGPUDISTRICT GUANGZHOU CN,KMCC INC,18351 COLIMA RD #425 ROWLAND HEIGHTS US ,,"CN, CHINA",,"SHENZHEN,SHEKOU","NEW YORK,NY",732290,STAND FAN FLOOR FAN TABLE FAN EMPTY CARTONS HTS#,NO MARKS,1527.0,CTN,9620.0,0.0,FEVMSZXF25112256,GCXU6244460,
2026-01-02,美国,中国,CBG FIT LLC,GUANGZHOU YUESHIXIANG TRADE CO,5101 SANTA MONICA BLVD STEP 8 ,C48 ROOM 615 FLOOR 6 NO 4 LINGSH AN EAST ROAD TIANHE DISTRICT ,CBG FIT LLC,5101 SANTA MONICA BLVD STEP 8 ,,"CN, CHINA",,"SHENZHEN,YANTIAN",LONG BEACH,200799,FROZEN MANGO PUREE,NO MARKS,1367.0,PKG,19311.0,0.0,SMMBSSZX7308154,CXRU1504193,
2026-01-02,美国,中国,RISING INDUSTRIAL CO LTD,GUANGZHOU FUYOU IMPORT & EXPORT T, 4195 CHINO HILLS PKWY STE E132 CHINO HILLS CA 91709 ,605 RONGHUI BUILDING NO 302 ZHICHENG AVENUE GUANGZHOU ECONOM IC AND TECHNOLOGICAL DEVELOPMENT ZO,RISING INDUSTRIAL CO LTD, 4195 CHINO HILLS PKWY STE E132 CHINO HILLS CA 91709 ,,"CN, CHINA",,"SHENZHEN,SHEKOU","OAKLAND, CA",392330,ML GLASS JARS,NO MARKS,905.0,CTN,12962.0,259240.0,GSDRXU025F845828,WHSU5286573,
2026-01-02,美国,中国,BLUEINSIGHT CO LTD,GUANGZHOU CAIJING TRADE CO LTD, C/O FBA 5990 N CAJON BLVD , NO 05A 07B 09A 26F NO 268 270 274 SANYUANLI AVENUE ,N/A,N/A,,"CN, CHINA",,"SHENZHEN,YANTIAN",LOS ANGELES,846620,SEASONING BOX GARBAGE CAN CUTTING MACHINE RESIN TABLETOP ORNAMENT PUSH ROD LOCK,FBA193ZL2FSC FBA193ZRQGDK FBA193ZHDB0C,261.0,CTN,2785.0,0.0,AMZDCN254IK4AY4Y,HMMU7043133,
2026-01-02,美国,中国,NEXGEN TRADE COMPANY,GUANGZHOU LAN PENYOU NETWORK TECHNOLOGY CO LTD, 9245 SW NIMBUS AVE BEAVERTON OR 97 008 , ROOM 212 NO 5 LIANBIAN PENGXI HUA LIANER ROAD HELONG STREET BAIYUN DISTRICT GU ,ODW GLOBAL INC,4545 PACIFIC BLVD VERNON CA 9005 8 ,,"CN, CHINA",,"SHENZHEN,YANTIAN",LONG BEACH,950720,HOUSEHOLD HOOKS,NO MARKS,890.0,CTN,17030.0,0.0,SJZVHTSE25120247,TIIU6529357,
2026-01-02,美国,中国,SOURCEM LLC,GUANGZHOU EVANESCO TRADE CO LTD,1370 N ST ANDREWS PL , NO 1 QIFU ROAD YUNCHENG STREET BAIYUN DISTRICT ,SOURCEM LLC,1370 N ST ANDREWS PL ,,"CN, CHINA",,"SHENZHEN,YANTIAN","NEW YORK,NY",750720,PS JAR PS MEDIUM TUBE PS LARGE TUBE,NO MARKS,1156.0,CTN,17588.0,0.0,UULNYTNY25110576,OCGU8028520,
2026-01-02,美国,中国,AIT WORLDWIDE,VESTA GUANGZHOU CATERING EQUIPMENT,2475 WRIGHT BLVD STE 103 HEBRON KY 41048 US,43 LIANGLONG SOUTH STREET HUADU DISTRICT GUANGZHOU GUANGDONG 510880 CN,N/A,N/A,,"CN, CHINA",,"SHENZHEN,YANTIAN","NEW YORK,NY",851010,ELECTRIC CHEESEMELTERS HTS:,NO MARKS,171.0,PKG,16288.0,0.0,EXDO61X8154456,HLBU2714207,
2026-01-02,美国,中国,GUANGZHOU SOUGLE,GUANGZHOU HAOLIN HOUSEWARE CO LTD,14955 LIMONITE AVE EASTVALE CA 92880 UNITED STATES EASTVALE CA 92880 US EASTVALECA92880 US, ROOM 06 07 13- F BUILDING 3 GAOSHENG PLAZA 163 YINGBIN AVENUE GUANGZHOU 510800 CN GUANGZHOU510800 CN ,N/A,N/A,,"CN, CHINA",,"SHENZHEN,YANTIAN",LONG BEACH,848320,PLASTIC HANGER,NO MARKS,3230.0,PKG,11620.0,0.0,SDZHSE25120077,CSNU7149948,
2026-01-02,美国,中国,ROLLIN TYRE IMPORTERS LTD,GUANGZHOU FEIXIANG IMPORT & EXPORT CO LTD,5 MILTON ROAD BALMAIN COUVA TWI CONTACT PERSON -NAREN CONTACT NUMBER -1-868-686-1733 , ROOM 1218 NO 976 EAST HUANGPU AVENUE HUANGPU DISTRICT GUANGZHOU ,ROLLIN TYRE IMPORTERS LTD,5 MILTON ROAD BALMAIN COUVA TWI CONTACT PERSON -NAREN CONTACT NUMBER -1-868-686-1733 ,,"CN, CHINA",,PORT BUSTAMANTE,PORT EVERGLADES,401140,USED TIRES THIS SHIPMENT CONTAINS NO (SOLID) WOOD PACKINMATERIALS FREIGHT PREPAID TRINIDAD AND TOBAGO,NO MARKS,1800.0,PCS,20700.0,0.0,CMDUQGD2358393B,CMAU8893692,
2026-01-02,美国,中国,BISCUIT TECHNOLOGY LIMITED,GUANGZHOU MIZE TRADE CO LTD, C/O FBA 5990 N CAJON BLVD , ROOM 605 NO 2817 KAICHUANG AVENUE ,N/A,N/A,,"CN, CHINA",,SHANGHAI,LOS ANGELES,720421,STAINLESS STEEL CABLE,NO MARKS,180.0,CTN,2133.0,0.0,AMZDCN252OKJRK7M,MRSU5387460,
2026-01-02,美国,中国,SUMMIT TRADE INC,GUANGZHOU NEW STORY TRADE CO LTD,ADD:1401 21ST ST STE R SACRAMENTO CA 95811 USA , ROOM 2203 NO 13 ZEXI STREET HANXI VILLAGE HANXI COMMERCIAL CENTER ZHONGCUN STREET PANYU ,SUMMIT TRADE INC,ADD:1401 21ST ST STE R SACRAMENTO CA 95811 USA ,,"CN, CHINA",,"SHENZHEN,YANTIAN",LONG BEACH,481960,STORAGE BOX HS CODE:,NO MARKS,976.0,CTN,15646.0,0.0,HYSLFSZX12250768,CSNU5653271,
2026-01-02,美国,中国,BRIGHTPATH TRADE INC,GUANGZHOU YUTENG TRADE CO LTD,2920 E INLAND EMPIRE BLVD SUITE 105ONTARIO CA 91764 ONTARIO US , 9 ROOM 148 B604 6TH FLOOR NO 2 XI NCEN 4TH ROAD TIANHE DISTRICT GUAN GZHOU GUANGZHOU CN ,BRIGHTPATH TRADE INC,2920 E INLAND EMPIRE BLVD SUITE 105ONTARIO CA 91764 ONTARIO US ,,"CN, CHINA",,"SHENZHEN,YANTIAN",LONG BEACH,481960,STORAGE BOX HEADSET KEYBOARD KEY RINGS ARTIFICIAL FLOWER,NO MARKS,1067.0,CTN,16080.0,0.0,YKSEKM251129005,GCXU5453492,
2026-01-02,美国,中国,SUPERIOR WELLNESS US INC,GUANGZHOU SUNRANS SANITARY WARE,106 LOGISTICS DR CAMERON SC 29030 , NO 38-4 LISAN AVENUE ZENGJIANG STREET ZENGCHENG ,SUPERIOR WELLNESS US INC,106 LOGISTICS DR CAMERON SC 29030 ,,"CN, CHINA",,"SHENZHEN,YANTIAN",Charleston,441600,HOT TUBS THIS SHIPMENT CONTAINS NO SOLID WOODPACKING MATERIALS,.,20.0,PKG,5560.0,0.0,HILYSXDE25120032,JXLU6163999,
2026-01-02,美国,中国,KMCC INC,GUANGZHOU W Q S INTERNATIONAL TRAD,18351 COLIMA RD #425 ROWLAND HEIGHTS CALIFORNIA 91748 US ,306 NO 90 FENGLE SOUTH ROAD HUANGPUDISTRICT GUANGZHOU CN,KMCC INC,18351 COLIMA RD #425 ROWLAND HEIGHTS US ,,"CN, CHINA",,"SHENZHEN,SHEKOU","NEW YORK,NY",732290,STAND FAN FLOOR FAN TABLE FAN EMPTY CARTONS HTS#,NO MARKS,1527.0,CTN,9620.0,0.0,FEVMSZXF25112248,WHSU5009917,
2026-01-02,美国,中国,SUMMER DESIGN & TRADE INC,GUANGZHOU JIASHENG LEATHER CO LTD,60-86 FLUSHING AVE MASPETH NEW YORK11378 US , NO 37 THE FIRST STREET OF LONGTOU MARKET INSHILING TOWN HUADU DIST RICT GUANGZHOU CN ,N/A,N/A,,"CN, CHINA",,"SHENZHEN,SHEKOU","NEW YORK,NY",420500,PVC ARTIFICIAL LEATHER HS CODE,SDT/ITEM NO/COLOR/QTY,950.0,PKG,23330.0,0.0,FEVMSZXF25111797,WHSU5733183,
2026-01-02,美国,中国,HEININGER HOLDINGS LLC,GUANGZHOU FMI MACHINERY COMPANY,5670 GUHN ROAD #200 HOUSTON TX UNITED STATES 77040 , LIM #19 SHINAN ROAD SHIJI VILLAGE DONGCHONG TOWN NANSHA DISTRICT GUANGZHOU GD CHINA 511450 ,HEININGER HOLDINGS LLC,5670 GUHN ROAD #200 HOUSTON TX UNITED STATES 77040 ,,"CN, CHINA",,"SHENZHEN,YANTIAN","HOUSTON,TX",392220,"OUTLAND FIREBOWL STANDARD,OUTLAND FIREBOWL COVER & CARRY KIT",AS ADDRESSED,395.0,CTN,4465.0,0.0,KFUNA2511280529,MRKU8662183,
2026-01-02,美国,中国,GERGTK WOOTUNMAN LLC,GUANGZHOU BAMING SCIENCE AND TECHNO,1121 SE BROADWAY DRLEES SUMMIT MO 64081 US LEES SUMMIT 64081 US ,ROOM 1508 NO 1068 XINGANG EAST R OAD HAIZHUDISTRICT GUANGZHOU GUAN GZHOU CN ,TRESTLE TRANS INC,ADDRESS: 4740 GREEN RIVER RD #113D CORONA CA92878 CORONA US ,,"CN, CHINA",,SHANGHAI,LOS ANGELES,940592,AUTO LAMPS AUTO BUMPERS & PARTS,NO MARKS,411.0,PKG,3654.0,0.0,SZFGCNSHAFFL1795,TCLU8059723,
2026-01-02,美国,中国,,GUANGZHOU GO JUDY TRADE CO LTD,N/A, NO 605 NO 263 GAOTANG ROAD TIANHE DISTRICT GUANGZHOU CITY 510000 ,N/A,N/A,,"CN, CHINA",,DALIANXINGANG,"OAKLAND, CA",940161,"TABLE, DINING CHAIR, BAR STOOL","WHS-102811-41729419, WHS-102811-41729410, WHS",112.0,CTN,2270.0,0.0,CGGMHSK0519639,MRSU3224968,
2026-01-02,美国,中国,CAXIAS TRADE LLC,GUANGZHOU SHENDIANWEI TRADE CO LT,700 DEBORAH RD STE 100 NEWBERG OREGON 97132 US , ROOM 4008 BUILDING B NO 140-214 YINGBIN ROAD LUOPU STREET PANYU DI STRICT GUANGZHOU CN ,N/A,N/A,,"CN, CHINA",,"SHENZHEN,YANTIAN",LONG BEACH,851830,PHONE CASE,NO MARKS,981.0,CTN,14269.0,0.0,OBLMOBSZ25120725,CSNU5739375,
2026-01-02,美国,中国,,GUANGZHOU GO JUDY TRADE CO LTD,N/A, NO 605 NO 263 GAOTANG ROAD TIANHE DISTRICT GUANGZHOU CITY 510000 ,N/A,N/A,,"CN, CHINA",,DALIANXINGANG,LOS ANGELES,630252,"TABLE, BAR STOOL",WHS-102811-41479277,140.0,CTN,3854.0,0.0,CGGMHSK0520020,DFSU6470242,
2026-01-02,美国,中国,MPK TRADE LLC,GUANGZHOU Q & H TRADE CO LTD,FENG PAN SOLE MBR 9650 TELSTAR AVE UNIT A178-0004 , 803A NO 1268 GUANGZHOU AVENUE TIANHE DISTRICT ,N/A,N/A,,"CN, CHINA",,"SHENZHEN,SHEKOU","NEW YORK,NY",851621,STORAGE CABINETSTORAGE CABINET,NO MARKSNO MARKS,1587.0,CTN,41210.0,0.0,CTYOSZX06002381,"WHSU6840859,WHSU6854045",
2026-01-02,美国,中国,JHY BUSINESS INC,GUANGZHOU GANCAN TRADE CO LTD,8400 CLEAR VALLEY CT ANTELOPE CA 9 5843 ANTELOPE CALIFORNIA 95843 US , SHOP 51 NO 34 QIUYUE STREET QIAO CHENG ROAD HAIZHU DISTRICT GUANGZH OU CITY GUANGZHOU CN ,N/A,N/A,,"CN, CHINA",,"SHENZHEN,YANTIAN",LONG BEACH,940540,LIGHTING FIXTURE HS CODE:,NO MARKS,1598.0,CTN,4567.0,0.0,SKEMDS2512110027,FCIU8309660,
2026-01-02,美国,中国,WONDFO USA CO LTD,GUANGZHOU WONDFO BIOTECH CO LTD, 890 REMINGTON BLVD BOLINGBROOK IL 60440 , NO 8 LIZHISHAN ROAD SCIENCE CITY HUANGPU DISTRICT ,WONDFO USA CO LTD, 890 REMINGTON BLVD BOLINGBROOK IL 60440 ,,"CN, CHINA",,"SHENZHEN,YANTIAN",LONG BEACH,903039,ONE STEP DRUG OF ABUSE TEST DEVICE THIS SHIPMENT CONTAINS NO SOLID WOOD PACKING MATERIALS . .,USAMD2500316 USAMEDIMPEX2500321 USAMF25 00325 USAE-COMMERCE USAWONDFO USAE-COMMERC E2500346PACKING MATERIALS USAE-COMMERCE25 00353PACKING MATERIALS,1184.0,CTN,9452.0,0.0,CITVGZ251100773,CSNU8234561,
2026-01-02,美国,中国,LUK GOD INC,GUANGZHOU YUESHIXIANG TRADE CO LTD,18121 E HAMPDEN AVE UNIT C PMB 1207AURORA CO 80013 US , C48 ROOM 615 FLOOR 6 NO 4 LINGSHAN EAST ROAD TIANHE DISTRICT GUANGZHOU CN ,LUK GOD INC,18121 E HAMPDEN AVE UNIT C PMB 1207AURORA CO 80013 US ,,"CN, CHINA",,"SHENZHEN,YANTIAN",LONG BEACH,610442,LION DANCE COSTUME,HD-L-TX1208,182.0,PKG,1260.0,0.0,ACUCTSZ25120032,EWLU2343152,
2026-01-02,美国,中国,GREAT LAKES AIR PRODUCTS,GUANGZHOU DEEBLUE CHEMICAL,1515 S NEWBURGH ROAD SUITE 100 WESTLAND MI 48186 US , NO 77 ZHONGSHAN MIDDLE ROAD TIANHE GUANGZHOU CN ,GREAT LAKES AIR PRODUCTS,1515 S NEWBURGH ROAD SUITE 100 WESTLAND MI 48186 US,,"CN, CHINA",,SHANGHAI,City of New York,380210,CARBON MOLECULAR SIEVE,NM,64.0,DRM,1420.0,28400.0,SHPT16429315,CBHU9075070,
2026-01-02,美国,中国,VERTIV CO UPS SUPPLY CHAIN,JABIL CIRCUIT GUANGZHOU LTD,SOLUTION 1757 CARR ROAD ,128 JUN CHENG ROAD GUANGZHOU ECONOMIC AND TECHNOLOGICAL DEVELOPM ,EMERSON/LIEBERT CORP, CALEXICO PO BOX 270568 MO ST LOUIS USA 63127-0568 ,,"CN, CHINA",,HONG KONG,LONG BEACH,850490,"CIRCUIT FENDER POWER FILTER CIRCUIT BOARD POWER CONTROL BOARD POWER DISTRIBUTION MODULE CIRCUIT BOARD PCBA ASSEMBLY LIQUITECT W/DPDT RELAY SUPERV ASS YODA STS DVR NOTE FOR ASSEMBLY ASSEMBLY REV DSP BOARD CIRCUIT BOARD,PCBA,IGBT DRIVER K ,ASSE UNINTERRUPTIBLE POWER CIRCUIT BOARD DC STABILIZED POWER SUPPLY BOARD POWER SUPPLY BOARD DSP BOARD ASSEMBLY PHASE ASSEMBLY REV. EXTENDER K PWA HPL GEN BMS BOARD",JABIL SR NO. LBT2512004; LBT25120NAC: VERTIV,174.0,CTN,742.0,0.0,MLCWSZXH10009215,OOCU8355163,
2026-01-02,美国,中国,CRS TRADE INC,GUANGZHOU POVISON TECHNOLOGY LIMITED,418 BROADWAY STE R ALBANY NY 12207 , NO 67 DONGPU 2ND ROAD YING KEZHIGU BUILDING NO 2 3 4 TIANHE DISTRICT GUANGZHOU ,CRS TRADE INC,418 BROADWAY STE R ALBANY NY 12207 ,,"CN, CHINA",,"SHENZHEN,YANTIAN","NEW YORK,NY",940140,"SOFA,SOFA ARMREST",NO MARKS,147.0,CTN,5378.0,0.0,MFNOMF25110622,WHSU5241558,
2026-01-02,美国,中国,HONG KONG JA WAX TECH LIMITED,GUANGZHOU JIAO TECHNOLOGY CO LTD, C/O F BA8130 CALIENTE RD , ROOM 808 NO 263 GAOTANG ROAD TIA NHE DISTRICT 510080 ,N/A,N/A,,"CN, CHINA",,"SHENZHEN,YANTIAN",LOS ANGELES,330210,"WAX BEANS(THE PRODUCT DOES NOT CONTAIN COMPOSITE WOOD, CHEMICAL SUBSTANCES OR MIXTURES)",NO MARKS,283.0,CTN,4019.0,0.0,AMZDCN25PBJZFEW2,DFSU6824114,
2026-01-02,美国,中国,,GUANGZHOU FANXING INTELLIGENT PHOTO 1ST,N/A,FLOOR BUILDING 2 NO 39 JINGH U AVENUE HUADU DISTRICT GUANGZHOU CN ,N/A,N/A,,"CN, CHINA",,"SHENZHEN,YANTIAN","NEW YORK,NY",854110,LED SCREEN HS:,CRISTIAN PATI O (MADE IN CHINA),2.0,PKG,293.0,0.0,CUTWNYK25110054,EISU8533120,
2026-01-02,美国,中国,PACIFIC IMPORT & EXPORT INC,GUANGZHOU PHANTOM INTERNATIONAL TRA,5900 BALCONES DR STE 100 AUSTIN TX 78731 AUSTIN 78731 US ,XINBAIJIA SMALL COMMODITY CITY B40 EAST SIDE OF GUANGZHOU CN ,N/A,N/A,,"CN, CHINA",,NINGBO,LONG BEACH,392220,PLASTIC BULB,NO MARKS,940.0,CTN,9963.0,0.0,EWLGEWNGBOE23685,CSGU6121865,
2026-01-02,美国,中国,,GUANGZHOU GO JUDY TRADE CO LTD,N/A, NO 605 NO 263 GAOTANG ROAD TIANHE DISTRICT GUANGZHOU CITY 510000 ,N/A,N/A,,"CN, CHINA",,DALIANXINGANG,LOS ANGELES,842860,"BAR STOOL, DINING CHAIR","WHS-102811-41784832, WHS-102811-41784833",194.0,CTN,3857.0,0.0,CGGMHSK0520234,HASU5098149,
2026-01-02,美国,中国,GUANGZHOU YICHENG LOCOMOTIVE CO,,L TD C/O FBA24208 SAN MICHELE RD ,N/A,N/A,N/A,,"CN, CHINA",,"SHENZHEN,YANTIAN",LOS ANGELES,741910,CLUTCH KIT CHAIN BOLTS MOTORCYCLE DISASSEMBLY TOOL CAMSHAFT,NO MARKS,116.0,CTN,2015.0,0.0,AMZDCN25KVD26RER,KOCU5238847,
2026-01-02,美国,中国,THOUSAND MILE ISLAND CO,GUANGZHOU POVISON TECHNOLOGY LIMITE NO,920 ONTARIO BLVD ONTARIO CA 91761 ,67 DONGPU 2ND ROAD YINGKEZHIGU BUILDING NO 2 3 4 TIANHE DISTRICT GUANGZHOU,THOUSAND MILE ISLAND CO,920 ONTARIO BLVD ONTARIO CA 91761 ,,"CN, CHINA",,"SHENZHEN,SHEKOU","NEW YORK,NY",940161,DINING TABLE COFFEE TABLE CONSOLE TABLE DINING CHAIR THIS SHIPMENT CONTAINS NO SOLID WOOD PACKING MATERIALS,POVISON,177.0,CTN,6900.0,0.0,VIFCVITFE2511251,WHSU5120751,
2026-01-02,美国,中国,HONGKONG BEIJIZHONGXING CO,GUANGZHOU BLUE AURORA TECHNOLOGY IN NOVATION,LIMITE D C/O FBA5990 N CAJON BLVD ,ROOM 1706 NO 160 HUANGBI AN NORTH ROAD BAIYUN DISTRICT ,N/A,N/A,,"CN, CHINA",,"SHENZHEN,YANTIAN",LOS ANGELES,841940,PLANT STAND,NO MARKS,80.0,CTN,1120.0,0.0,AMZDCN25YNO2HMJ4,KOCU4277113,
2026-01-02,美国,中国,HOSHINO USA,GUANGZHOU SUNPOST MUSICAL INSTRUMENTS CO LTD,NC 1726 WINCHESTER ROAD BENSALEM PA 19020 US , 2ND FLOOR NO 177 WEST HUANG PU AVENUE GUANGZHOU CHINA ,NNR GLOBAL LOGISTICS HOOK CREEK,BLVD & 145TH AVE UNIT C-1A VALLEY STREAM NY 11581 ,,"CN, CHINA",,"SHENZHEN,YANTIAN","NEW YORK,NY",920930,MUSICAL MERCHANDISE MUSICAL MERCHANDISE THIS SHIPMENT CONTAINS NO WOOD PACKING MATERIALS THE SAME,H.G.T. H.G.T. BENSALEM VIA NEW YORK C/T NO. B29979-B30329,351.0,CTN,8776.0,0.0,EGLV147501822406,EGSU1490341,
2026-01-02,美国,中国,GOLDEN FULLIGHT COOPERATE INC,GUANGZHOU Y USA N TRADE CO LTD,270 TRACE COLONY PARK DR STE B RIDGELAND MS 39157 RIDGELAND 39157 US , NO 8 XIANFENG ROAD HUANGGE TOWN NA NSHA DISTRICT GUANGZHOU CITY GUANGZHOU CN ,DYNA LOGISTICS INC,18601 S SUSANA ROAD RANCHO DOMINGU EZ CA 90221 TEL: 1-310-632-4488 FA X: 1-310-632-0838 US ,,"CN, CHINA",,"SHENZHEN,YANTIAN",LONG BEACH,390760,PLASTIC BOTTLE,NO MARKS,20.0,PKG,3670.0,0.0,SQDTDYOHT250039,OOCU7580046,
2026-01-02,美国,中国,AUBAGNE INC,GUANGZHOU SHENDIANWEI TRADE CO LT,572 S SALINA ST STE 102 SYRACUSE N Y 13202 , ROOM 4008 BUILDING B NO 140-214 YINGBIN ROAD LUOPU STREET PANYUDI STRICT GUANGZHOU CITY 511400 ,AUBAGNE INC,572 S SALINA ST STE 102 SYRACUSE N Y 13202 ,,"CN, CHINA",,SHANGHAI,LOS ANGELES,482020,VIBRATION PLATE EXERCISE MACHINE,NO MARKS,2266.0,CTN,16995.0,0.0,GUGWMC251201263,XYLU8211794,
2026-01-02,美国,中国,KMCC INC,GUANGZHOU W Q S INTERNATIONAL TRAD,18351 COLIMA RD #425 ROWLAND HEIGHTS CALIFORNIA 91748 US ,306 NO 90 FENGLE SOUTH ROAD HUANGPUDISTRICT GUANGZHOU CN,KMCC INC,18351 COLIMA RD #425 ROWLAND HEIGHTS US ,,"CN, CHINA",,"SHENZHEN,SHEKOU","NEW YORK,NY",760200,DELI CONTAINER PO# HS:,NO MARKS,644.0,CTN,3279.0,0.0,FEVMSZXF25110960,GCXU6301489,
2026-01-02,美国,中国,NAYELIDE SHOP SA CV,GUANGZHOU JUNHE INTERNATIONAL LOGIS,CALLE MANUEL FERNANDO SOTO NUMEROEX ,ROOM L357 UNIT 505 NO 8 JINGGAN ,HODOS SUPPLY CHAIN ADVANCE LLC,19141 GOLDEN VALLY RD SUIT 1006 ,,"CN, CHINA",,"SHENZHEN,YANTIAN",LONG BEACH,391990,PLASTIC TAPE,NO MARKS,951.0,CTN,17067.0,0.0,CHQFHSZ25120325,CSNU5534605,
2026-01-02,美国,中国,THE LEGACY COMPANIES LLC,VESTA GUANGZHOU CATERING EQUIPMENT CO LTD,355 ENTERPRISE AVENUE WESTON FL 3 3331 UNITED STATES , 43 LIANGLONG SOU TH STREET HUASHAN TOWN HUADU DIS TRICT GUANGZHOU GUANGDONG PROVINCE ,CRANE WORLDWIDE JFK,70 E SUNRISE HIGHWAY - SUITE 407 VA LLEY STREAM NY 11581,,"CN, CHINA",,"SHENZHEN,YANTIAN","NEW YORK,NY",850930,KITCHEN EQUIPMENTS PO:,NO MARKS,163.0,PKG,8102.0,0.0,TXSLKJ25115573,WHSU6181751,
2026-01-02,美国,中国,DIOCESE INC,GUANGZHOU SHENDIANWEI TRADE CO LTD,9410 BUNSEN PKWY STE 320 LOUISVILLEKY 40220 JAY 5166108325 AN@YHQG LOGISTICS COM , ROOM 4008 BUILDING B NO 140 214 YINGBIN ROAD LUOPU STREET PANYU DISTRICT GUANGZHOU ,DIOCESE INC,9410 BUNSEN PKWY STE 320 LOUISVILLEKY 40220 JAY 5166108325 AN@YHQG LOGISTICS COM ,,"CN, CHINA",,QINGDAO,LOS ANGELES,,DUMBBELL,NO MARKS,1163.0,CTN,25005.0,0.0,FLXT00003520248A,APHU7097521,
2026-01-02,美国,中国,SUNSET SPAS OF ARIZONA LLC,GUANGZHOU SUNRANS SANITARY WARE CO LTD,1305 S ARIZONA AVE , NO 38-4 LISAN AVENUE ZENGJIANG STREET ZENGCHENG ,RENAISSANCE TRANSPORTATION AGENCY,18436 HAWTHORNE BLVD STE 209,,"CN, CHINA",,"SHENZHEN,YANTIAN",LONG BEACH,901910,MASSAGE BATHTUB HS CODE SAUNA ROOM HS CODE,.,251.0,PKG,6170.0,0.0,CHQFHXM25120411,FFAU2544562,
2026-01-02,美国,中国,BISCUIT TECHNOLOGY LIMITED,GUANGZHOU MIZE TRADE CO LTD, C/O FBA 24208 SAN MICHELE RD , ROOM 605 NO 2817 KAICHUANG AVENUE ,N/A,N/A,,"CN, CHINA",,QINGDAO,LOS ANGELES,680430,YUHUA STONES LAVA STONE FIREPIT GLASS COLORED STONES,NO MARKS,396.0,CTN,7775.0,0.0,AMZDCN25UDQ2NM5Q,MSKU6569406,
2026-01-02,美国,中国,MOVING TECHNOLOGIES IN AMERICA INC,GUANGZHOU POWERLEAP TECHNOLOGY CO,10065 VIA DE LA AMISTAD SUITE A1 SAN DIEGO CALIFORNIA 92154 US ,ROOM 303 3RD FLOOR T3 BUILDING N O 155 HUADUAVENUE CENTRAL HUACHENG STREET HUADU DISTRICT CN ,N/A,N/A,,"CN, CHINA",,"SHENZHEN,SHEKOU",LOS ANGELES,701120,COMPUTER CASE COMPUTER CASE SPARE PARTS,YEYIAN,723.0,CTN,9677.0,0.0,OBLMOBSZ25C2198,WHSU5504232,
2026-01-02,美国,中国,SUPERB DISTRIBUTORS INC,GUANGZHOU ONEBIO DETERGENT PRODUCTS CO LTD,ADD:CONFER CALIVIGNY ST GEORGE S GRENADA , ADD : NO 565 YUNCHENG EAST ROAD BAIYUN DISTRICT GUANGZHOU ,SUPERB DISTRIBUTORS INC,ADD:CONFER CALIVIGNY ST GEORGE S GRENADA ,,"CN, CHINA",,PORT BUSTAMANTE,PORT EVERGLADES,841382,LIQUID LAUNDRY DETERGENT FABRIC SOFTENER DISHWASHING LIQUID,NO MARKS,2036.0,CTN,31930.0,0.0,CMDUSHZ7637424,APHU7058715,
2026-01-02,美国,中国,AIT WORLDWIDE,VESTA GUANGZHOU CATERING EQUIPMENT,2475 WRIGHT BLVD STE 103 HEBRON KY 41048 US,43 LIANGLONG SOUTH STREET HUADU DISTRICT GUANGZHOU GUANGDONG 510880 CN,N/A,N/A,,"CN, CHINA",,"SHENZHEN,YANTIAN","NEW YORK,NY",851010,ELECTRIC FRYER PANINI GRILL BAIN MARIE HTS: ELECTRIC CONVECTION OVEN HTS:,NO MARKS,184.0,PKG,12151.0,0.0,EXDO61X8153351,HAMU3840128,
2026-01-02,美国,中国,ELITE WRAPS,GUANGZHOU SHUIGUAN TECHNOLOGY CO,957 BALDWIN PARK BLVD BALDWIN PARK CA 91706 USA,NO 91 FENGLE MIDDLE ROAD HUANGPU D ISTRICT GUANGZHOU GUANGDONG CHINA ,ELITE WRAPS,957 BALDWIN PARK BLVD BALDWIN PARK CA 91706 USA,,"CN, CHINA",,"SHENZHEN,YANTIAN",LONG BEACH,845230,D PRINT MACHINE CLAW MACHINE SPOILER FRONT L IP SIDE SKIRT REAR BUMPER COVER,.,495.0,UNT,2435.0,0.0,EVOSHYS251200036,OOLU1854070,
2026-01-02,美国,中国,DECKS & SPAS,GUANGZHOU SUNRANS SANITARY WARE CO,8567 WILLOWS RD NE REDMOND WA 98052REDMOND US,NO 38-4 LISAN AVENUE ZENGJIANG STREET ZENGCHENG GUANGZHOU CHINA GUANGZHOU CN ,UNIWORLD EXPRESS INC,4332 CERRITOS AVE SUITE 202 LOS ALAMITOS CA90720 LOS ALAMITOS US ,,"CN, CHINA",,"SHENZHEN,SHEKOU","SEATTLE,WA",940179,OUTDOOR SPA,NO MARKS,47.0,PKG,6220.0,0.0,TCIJTSH2512827,XTCU4215177,
2026-01-02,美国,中国,WELLMET LIMITED,GUANGZHOU TUODIAN LIMITED,CO CASTLEGATE LOGISTICS INC 13483 103RD STREET JACKSONVILLE FL 32221 , UNIT 803 BUILDING 25 TIANAN HEADQUARTER S CENTER NO 555 PANYU AVE NORTH GUANGZHOU GUANGDONG CHINA ,N/A,N/A,,"CN, CHINA",,"SHENZHEN,YANTIAN",Jacksonville,854590,"DECORATIVE MIRROR,PENDANT LIGHT,WALL LAMP,POOL TABLE LIGHT",WHS-53228-41662995,94.0,CTN,928.0,0.0,CGGMYAX3214824,MSKU0653248,
2026-01-02,美国,中国,JASCIUA TRADE INC,GUANGZHOU HEHEBA TRADE CO LTD,2650 DAISY AVE LONG BEACH CA 90806 LONG BEACH CALIFORNIA 90806 US , ROOM A102 FUN CREATIVE COMMUNITY NO 371JIANPENG ROAD HELONG STREET BAIYUN DISTRICT GUANGZHOU CN ,N/A,N/A,,"CN, CHINA",,"SHENZHEN,YANTIAN",LONG BEACH,270300,SELF CLEANING CAT LITTER BOX HS CODE:,NO MARKS,568.0,CTN,5794.0,0.0,SKEMZG2512090013,CSNU7493172,
2026-01-02,美国,中国,G F LASSWELL CO INC,GUANGZHOU TOPMAN PAINT TOOLS LIMITE, 7126 KIRBYVILLE HOUSTON TX 77003 ,7 HUA SHAN ROAD SHI LOU TOWN PAN YUDISTRICT GUANG ZHOU CHINA,JANEL GROUP, 4101 INTERWOOD N PARKWAY SUITE 100 HOUSTON T X 77032 CTC MATHEW WEST PH 7 13-895-3190 ,,"CN, CHINA",,Port of Bellingham,"HOUSTON,TX",441700,PAINT TOOLS,KLEENWELL NO. QTY. UPC,1243.0,CTN,8270.0,0.0,BKGASZF25100720,MRKU6030665,
2026-01-02,美国,中国,AKME PARADIGM LINK INC,GUANGZHOU DIOPHY LEATHER CO LTD,600 PROFESSIONAL DRIVE NUM120 LAWRENCEVILLE GA 30046 GEORGIA , NO 25 EAST JINSHI AVENUE SHILING TOWN HUADU DISTRICT GUANGZHOU ,ONPOINT TRADE SERVICES LLC,615 LAS TUNAS DR STE 201 ARCADIA CA 91007 ,,"CN, CHINA",,"SHENZHEN,YANTIAN",LONG BEACH,420232,HANDBAG SATCHEL,NO MARKS,529.0,CTN,9479.0,0.0,MFNOMF25120651,CSNU8409593,
2026-01-02,美国,中国,EYPEX,GUANGZHOU ANTOLIN LIGHTING CO LTD,2500 CENTERPOINT PARKWAY PONTIAC MI48341 USA AUBURN HILLS MI 48326 U S , NO 213 GUANGBAO AVENUE HUANGPU DI STRICT GUANGZHOU CHINA GUANGZHOU CN ,EYPEX,2500 CENTERPOINT PARKWAY PONTIAC MI48341 USA AUBURN HILLS MI US ,,"CN, CHINA",,"SHENZHEN,YANTIAN",LONG BEACH,853990,LICENSE LAMP HOUSING,EYPEX,20.0,CTN,165.0,0.0,THGLGZO25120039,TIIU7095851,
2026-01-02,美国,中国,HK XINTU TECHNOLOGY CO LTD,GUANGZHOU YIFEI ELECTRICAL TECH CO LTD, C/O FBA 24300 NANDINA AVE ,ROOM409 BUILDING 15 B NO 644 JUDA INDUSTRIAL PARK SHIBEI INDUST ,N/A,N/A,,"CN, CHINA",,"SHENZHEN,YANTIAN",LOS ANGELES,,HUMIDIFIER,NO MARKS,180.0,CTN,1584.0,0.0,AMZDCN25PK4JEB4L,HMMU6398340,
2026-01-02,美国,中国,BRIGHTPATH TRADE INC,GUANGZHOU YUTENG TRADE CO LTD,2920 E INLAND EMPIRE BLVD SUITE 105ONTARIO CA 91764 ONTARIO US , 9 ROOM 148 B604 6TH FLOOR NO 2 XI NCEN 4TH ROAD TIANHE DISTRICT GUAN GZHOU GUANGZHOU CN ,BRIGHTPATH TRADE INC,2920 E INLAND EMPIRE BLVD SUITE 105ONTARIO CA 91764 ONTARIO US ,,"CN, CHINA",,"SHENZHEN,YANTIAN",LONG BEACH,630621,KEYBOARD BROOM HAIR CLIP HEADSET TENT,NO MARKS,785.0,CTN,9855.0,0.0,YKSEKM251211057,OOCU8983914,
2026-01-02,美国,中国,CRS TRADE INC,GUANGZHOU POVISON TECHNOLOGY LTD,418 BROADWAY STE R ,NO 67 DONGPU 2ND ROAD YINGKEZHIGU BUILDING NO 2 3 4 TIANHE DISTRICT ,N/A,N/A,,"CN, CHINA",,"SHENZHEN,YANTIAN",LOS ANGELES,842860,DINING CHAIR,NO MARKS,221.0,CTN,3560.0,0.0,CTYOSZX06358451,NYKU0777936,
2026-01-02,美国,中国,QUEBEC INC,GUANGZHOU ANHENG CLOTHING CO LTD,USA- LULU 520 PARK AVE BROOKLYN NEW YORK 11205 US , ROOM 1105-B5 NO 103-1 TIYU WEST ROAD TIANHE DISTRICT GUANGZHOU CITYCN ,QUICK RELEASE,TZIPPY FREUND LICENSED CUSTOMS BROKER US ,,"CN, CHINA",,HULUTAO,"NEW YORK,NY",610821,"KNITTED TOP,KNITTED PANTS,KNITTED SHIRT,KNITTED DRESS",LULU KIDS CLOTHING,163.0,PKG,3040.0,0.0,CHKMSNYC25151877,TLLU4639336,
2026-01-02,美国,中国,SMART LINK PACKING INC,GUANGZHOU LIGAO PLASTIC PRODUCTS CO,10024 36TH AVE SW SEATTLE WA 98146 WA US ,NO 77 ZHENXING BEI ROAD SHENSHAN INDUSTRIAL ZONE JIANG GAO TOWN BAI Y UN DISTRICT GUANGZHOU GUANGZHOU CN ,SMART LINK PACKING INC,10024 36TH AVE SW SEATTLE WA 98146 WA US ,,"CN, CHINA",,"SHENZHEN,YANTIAN",LONG BEACH,847790,PLASTIC PUMP BODY,APG 402818,730.0,CTN,10424.0,0.0,NGWIRX25121330,TCNU5303052,
2026-01-02,美国,中国,BLUEINSIGHT CO LTD,GUANGZHOU CAIJING TRADE CO LTD, C/O FBA 24208 SAN MICHELE RD , NO 05A 07B 09A 26F NO 268 270 274 SANYUANLI AVENUE ,N/A,N/A,,"CN, CHINA",,"SHENZHEN,YANTIAN",LOS ANGELES,845610,SHOP WINDOW LIGHT CUTTING MACHINE RESIN TABLETOP ORNAMENT MOLD,FBA193ZVYNXH,56.0,CTN,813.0,0.0,AMZDCN25BERC7QIZ,HMMU4483519,
2026-01-02,美国,中国,LEVAREJ COMERCIALIZADORA S A DE C V,GUANGZHOU BAICHENG INTERNATIONAL, EBANO 8515 JARDINESDEL BOSQUE CP3 253932539 ,LOGISTICS CO LTD ROOM W22 206 N O 1302 NORTH BAIYUN AVENUE BAIYUN DISTRICT GUANGZHOU CITY ,LEVAREJ COMERCIALIZADORA S A DE C V, EBANO 8515 JARDINESDEL BOSQUE CP3 253932539 ,,"CN, CHINA",,"SHENZHEN,YANTIAN",LOS ANGELES,481890,FLOWER POT ARTIFICIAL PLANTS HOUSEHOLD SUPPLIES RIBBON BEDDING ARTICLES,NO MARKS,1112.0,CTN,22830.0,456600.0,CHIASEF251127993,SEGU5934909,
2026-01-02,美国,中国,DRIVELOOP INC,GUANGZHOU LUORUI TRADE CO LTD,1790 30TH ST STE 218 BOULDER , NO 3 NORTH LANE OF CHANCHUSHI TONGHE BAIYUN DIST GUANGZHOU ,DRIVELOOP INC,1790 30TH ST STE 218 BOULDER ,,"CN, CHINA",,SHANGHAI,LOS ANGELES,610821,LADIES KNIT PANTS,NO MARKS,1150.0,CTN,13619.0,0.0,QSIJQSD220434243,SEGU5644005,
2026-01-02,美国,中国,FG GLOBAL COMMERCE INC,GUANGZHOU AYASHA TRADE CO LTD,15707 ROCKFIELD BLVD IRVINE CA 92 618 IRVINE US , SHOP 108 BUILDING 6 NO 5 DONGFE NG STREET DONGPING BAIYUN DISTRIC T GUANGZHOU 510080 GUANGZHOU CN ,FG GLOBAL COMMERCE INC,15707 ROCKFIELD BLVD IRVINE CA 92 618 IRVINE US ,,"CN, CHINA",,"SHENZHEN,SHEKOU","NEW YORK,NY",910212,PRIZE DISPLAY CABINET THIS SHIPMENT CONTAINS NO SOLID WOOD PACKING MATERIAL.,NO MARKS,21.0,PKG,4950.0,0.0,SKBLCLN25110163,WHSU5954158,
2026-01-02,美国,中国,HOMARY TECHNOLOGY INC,GUANGZHOU POPICORNS TECHNOLOGY CO,10401 S SAM HOUSTON PKWY W UNIT 200 ,L ROOM 1201FLOOR 12 HICKEY BUILDINGNO ,AZ EXPRESS FREIGHT INC,2990 INLAND EMPIRE BLVD STE 112 ONT ,,"CN, CHINA",,"SHENZHEN,YANTIAN","NEW YORK,NY",940161,FURNITURE CHAIR TABLE FAUCET LAMPS THIS SHIP MENT CONTAINS NO SOLID WOODEN PACKING MATERIALS.,NO MARKS,358.0,CTN,8759.92,0.0,MAEU261096511,CAAU9041083,
2026-01-02,美国,中国,LAU PRODUCE INC,GUANGZHOU LINQI TRADE CO LTD,4423 DISTRICT BLVD VERNON CA UNITED STATES , ROOM 708 341 FUDE ROAD QIAONAN STR GUANGZHOU GD CHINA ,J & K FRESH LLC,19210 S VERMONT AVE BLDG E GARDENA CA UNITED STATES ,,"CN, CHINA",,"SHENZHEN,YANTIAN",LONG BEACH,710410,LOTUS ROOT H.S CODE: TEMPERATURE SET AT . C ( . F) FRESH AIR EXCHANGE RATE SET AT CUBICMETERPERHOUR( . CUBICFEETPERMINUTE) WATER CHESTNUT H.S CODE: TEMPERATURE SET AT . C ( . F) FRESH AIR EXCHANGE RATE SET AT CUBICMETERPERHOUR( . CUBICFEETPERMINUTE) ARROW HEAD H.S CODE: RECORDER NO. SAID TO BE TEMPERATURE SET AT . C ( . F) FRESH AIR EXCHANGE RATE SET AT CUBICMETERPERHOUR( . CUBICFEETPERMINUTE),NO MARKS,1108.0,CTN,24982.0,0.0,OOLU2315931290,OERU4088025,
2026-01-02,美国,中国,DIRECT IMPORT SERVICES INC,GUANGZHOU WORLDMART CO LTD,3044 SPEER ROAD , RM 906 JINHU BUILDING 2 DONGHU XI RD ,N/A,N/A,,"CN, CHINA",,"SHENZHEN,YANTIAN","NEW YORK,NY",830220,CASTERS HS CODE:,WORLDMART,34.0,CTN,649.0,0.0,NAQAPCLT5838865V,EGSU9434576,
2026-01-02,美国,中国,GUANGZHOU HUAJU TRADE CO LTD,SHENZHEN CANXING TECHNOLOGY CO LTD, C/ O FBA3300 HOGUM BAY ROAD NE , B101-202 BUILDING B XINHAO YIDU NO 7018 CAITIAN ROAD LIANHUA YICUN ,N/A,N/A,,"CN, CHINA",,QINGDAO,LOS ANGELES,481200,POOL FILTER,NO MARKS,91.0,CTN,1069.0,0.0,AMZDCN25ETG6ZYUY,MRKU0182336,
2026-01-02,美国,中国,AIT WORLDWIDE,VESTA GUANGZHOU CATERING EQUIPMENT,2475 WRIGHT BLVD STE 103 HEBRON KY 41048 US,43 LIANGLONG SOUTH STREET HUADU DISTRICT GUANGZHOU GUANGDONG 510880 CN,N/A,N/A,,"CN, CHINA",,"SHENZHEN,YANTIAN","NEW YORK,NY",520300,PANINI GRILL HTS: ELECTRIC CONVECTION OVEN HTS:,NO MARKS,72.0,PKG,11967.0,0.0,EXDO61X8153349,HAMU2950028,
2026-01-02,美国,中国,URBANHAVEN LIVING INC,GUANGZHOU ZHUO RUI SMART HOME TECHNOLOGY CO LTD,33 WINTERFIELD RD , ROOM 911 912 NO 8 PAZHOU AVENUE EA ST HAIZHU DIST ,URBANHAVEN LIVING INC,33 WINTERFIELD RD ,,"CN, CHINA",,"SHENZHEN,YANTIAN","NEW YORK,NY",900190,MIRROR HS CODE,NO MARKS,1491.0,CTN,14080.0,0.0,CHQFHHX25110064,OOCU6822551,
2026-01-02,美国,中国,VISTA DEVELOPMENT LTD,GUANGZHOU HAOQI TRADE CO LTD,LE VELE PLAZA GRACE BAY ROAD 103 ROVIDENCIALES TURKS & CAICOS , ROOM 220 ROOM 204 8 DASHA NORTH RD HUANGPU DISTRICT GUANGZHOU CHINA ,N/A,N/A,,"CN, CHINA",,"SHENZHEN,YANTIAN",PORT EVERGLADES,940140,OUTDOOR SOFA OUTDOOR LOUNGE CHAIR BAR STOOL SOFA DINING TABLE ALUMINUM ALLOY DOOR GLASS,.,77.0,PKG,3630.0,0.0,HGLVHSZSE2510041,MSMU4523808,
2026-01-02,美国,中国,ATLANTIC TRADE INC,GUANGZHOU DANTEL TRADE CO LTD,1401 21ST STREET SUITE R SACRAMENTOCA 95811 SACRAMENTO US , NO 490 TIANHE ROAD TIANHE DISTRICT GUANGZHOU GUANGZHOU CN ,N/A,N/A,,"CN, CHINA",,"SHENZHEN,YANTIAN",LONG BEACH,690510,CERAMIC VASE,NO MARKS,921.0,CTN,15120.0,0.0,CGLSCSZ25120180,CSNU8760756,
2026-01-02,美国,中国,TTOTI INTERNATIONAL INC,GUANGZHOU SHI BAIYUN QU SANYUANLI DU TI LEATHER FIRM,17300 RAILROAD STREET SUITE E CITY OF INDUSTRY CA 91748 UNITED STATES ROWLAND HEIGHTS CA 91748 US ROWLAND HEIGHTS CA91748 US ,116 THE FIRST FLOOR TIANHONG LEATHER CITY GUANGZHOU 510080 CN GUANGZHOU 510080 CN,N/A,N/A,,"CN, CHINA",,"SHENZHEN,YANTIAN",LONG BEACH,842330,LONG SHOULDER BAG HANDBAG TRAVEL BAG BACKP ACK NONWOVENS,NO MARKS,186.0,CTN,2810.0,0.0,SDZHSE25120049,OOLU1340851,
2026-01-02,美国,中国台湾,ALLGOOD TRADE INC,GUANGZHOU W Q S INTERNATIONAL TRAD,8 CORPORATE PARK STE 300 UNIT 41 IRVINE CA 92606 IRVINE CA US ,306 NO 90 FENGLE SOUTH ROAD HUANGPUDISTRICT GUANGZHOU GUANGDONG CHIN A GUANGZHOU CN,N/A,N/A,,"TW, TAIWAN",,TAIPEI,"NEW YORK,NY",760200,SOUP CONTAINER WITH LID PO#,NO MARKS,1665.0,CTN,6327.0,0.0,NWTQWT2025E7942,WHSU6835430,
2026-01-02,美国,中国,ALVERION HOLDINGS CO LTD,GUANGZHOU GANCAN TRADE CO LTD, 4558 BRAZIL ST LOS ANGELES CA 900 39 LOS ANGELES CALIFORNIA 90039 US , SHOP 51 NO 34 QIUYUE STREET QIAO CHENG ROAD HAIZHU DISTRICT GUANGZH OU CITY GUANGZHOU CN ,N/A,N/A,,"CN, CHINA",,"SHENZHEN,YANTIAN",LONG BEACH,732290,FAN HSCODE:,NO MARKS,607.0,CTN,10963.0,0.0,SKEMZG2512100032,TGHU9746512,
2026-01-02,美国,中国,GIFT CHALET INC,GUANGZHOU SUN FLY SUBLIMATION TECHN UNIT,769 STAFFORD ST ROCHDALE MASSACHUS ETTS 01542 US ,03 17TH FLOOR SOUTH TOWER INTERNATIONALCOMMERCE PLACE 1166 XINGANG EAST ROAD GUANGZHOU CN,N/A,N/A,,"CN, CHINA",,QINGDAO,Boston,691200,RUBBER COASTER GLASS MUG TILE CANVAS FABRIC TOTE BAG COSMETIC BAG CERAMIC MUG CERAMIC ORNAMENT CANVAS APRON BOTTLE OPENER PUZZLE,SFS12825081306,1130.0,CTN,12883.0,0.0,KLQIYJS7014465,CEOU2261118,
2026-01-02,美国,中国,CRS TRADE INC,GUANGZHOU POVISON TECHNOLOGY LIMITED,418 BROADWAY STE R ALBANY NY 12207 , NO 67 DONGPU 2ND ROAD YING KEZHIGU BUILDING NO 2 3 4 TIANHE DISTRICT GUANGZHOU ,CRS TRADE INC,418 BROADWAY STE R ALBANY NY 12207 ,,"CN, CHINA",,"SHENZHEN,YANTIAN","NEW YORK,NY",846694,"DINING TABLE,DINING TABLE,DINING TABLE BASE ,COFFEE TABLE ,COFFEE TABLE,BED SLATTED FRAME,BED HEAD FRAME,TV STAND,CABINET,SOFA ,SOFA ARMREST,DINING CHAIR ,SACTIONALS TABLE",NO MARKS,121.0,CTN,6060.0,0.0,MFNOMF25110619,WHLU5524871,
2026-01-02,美国,中国,HORIZON TRADE INC,GUANGZHOU RUICHENGDA ELECTRONICS,1942 BROADWAY ST STE 314C BOULDER CO 80302 US ,0534 ZONE E 2ND FLOOR BUILDING B-5 NO 323 SHAPU STREET CENCUN TIANHE,HORIZON TRADE INC,1942 BROADWAY ST STE 314C BOULDER CO 80302 US ,,"CN, CHINA",,NINGBO,"NEW YORK,NY",940140,SOFA THIS SHIPMENT CONTAINS NO SOLID WOOD PACKING MATERIAL,. .,247.0,CTN,10248.0,0.0,WWLLWLC51109371,ZCSU7987853,
2026-01-02,美国,中国,THOUSAND MILE ISLAND CO,GUANGZHOU POVISON TECHNOLOGY LIMITE NO,920 ONTARIO BLVD ONTARIO CA 91761 ,67 DONGPU 2ND ROAD YINGKEZHIGU BUILDING NO 2 3 4 TIANHE DISTRICT GUANGZHOU,THOUSAND MILE ISLAND CO,920 ONTARIO BLVD ONTARIO CA 91761 ,,"CN, CHINA",,"SHENZHEN,SHEKOU","NEW YORK,NY",940161,DINING TABLE COFFEE TABLE UPHOLSTERED BEDS BED SLATTED FRAMES TV STAND CABINET SOFA SOFA HEADREST DINING CHAIR THIS SHIPMENT CONTAINS NO SOLID WOOD PACKING MATER,POVISON,141.0,CTN,6418.0,0.0,VIFCVITFE2511226,WHSU5242019,
2026-01-02,美国,中国,TEXTILES JALMA SA DE CV,GUANGZHOU QISONG APPAREL CO LTD, CALLE POPOCATEPETL 50 INT ET 31COL CIUDAD DEL SOL ZAPOPAN JALISCO ME XICO , FLOOR 2BUILDING 7SHENLAN INDUSTRIALPARK SHIBEI INDUSTRIAL ROAD DASHI STREET PANYU GUANGZHOU CHINA ,H R LOGISTICS,1931 E 27TH STREET VERNON CA 9005 8,,"CN, CHINA",,"SHENZHEN,YANTIAN",LOS ANGELES,481810,WOMEN S KNITT VEST WOMEN S KNITTING TOP WOMEN S SWEATER VEST WOMEN S WOVEN TOP GRANITE KITCHEN SINK KITCHEN SINK BASIN CABINET SHOWER FLOOR DRAIN TOWEL RACK TOILET BRUSH MAKEUP MIRROR TOWEL RACK DRAINER CLOTHES HOOK LAUNDRY LINE DRAINPIPE FAUCET TOILET PAPER HOLDER,B BASIC,1376.0,PKG,13790.0,0.0,OSTISZLAX25C5222,TCNU5799512,
2026-01-02,美国,中国,STRAW STUDIOS GROUP LLC,GUANGZHOU LETORIWEI CO LTD, 2 FAIRWAY BLVD MONROE NJ 08831 U S A , FLOOR 2# BUILDING 2# NO 19 NANHE YIJIE NANFANG INDUSTRY SHILING TOWN HUADU DISTRICT GUANGZHOU GUANGDON ,STRAW STUDIOS GROUP LLC, 2 FAIRWAY BLVD MONROE NJ 08831 U S A ,,"CN, CHINA",,"SHENZHEN,YANTIAN",LONG BEACH,611030,MAN-MADE LEATHER BAG,GUSSACI/STUDIO COLLECTION,965.0,CTN,9006.0,0.0,CKXPCL25120008,CXDU2234652,
2026-01-02,美国,中国,GUANGZHOU ZHENGYU TRADE CO LTD,SHENZHEN CANXING TECHNOLOGY CO LTD, C /O FBA3300 HOGUM BAY ROAD NE , B101-202 BUILDING B XINHAO YIDU NO 7018 CAITIAN ROAD LIANHUA YICUN ,N/A,N/A,,"CN, CHINA",,QINGDAO,LOS ANGELES,940591,WALL MIRROR FIRE GLASS,NO MARKS,389.0,CTN,1900.0,0.0,AMZDCN25VGATC5UU,MRKU0263588,
2026-01-02,美国,中国,KIYZORVEX LORVYNTH MYXAIOR INC,GUANGZHOU FANGDUODUO INFORMATION CO,1560 BROADWAY NUM 1320 DENVER COLORADO 80202 US ,803 8TH FLOOR NO 12 WANGANG DAM A ROAD JIAHE S BAIYUN DISTRICT CN ,KIYZORVEX LORVYNTH MYXAIOR INC,1560 BROADWAY NUM 1320 DENVER US ,,"CN, CHINA",,"SHENZHEN,SHEKOU","OAKLAND, CA",441810,ALUMINIUM WINDOWS LED DOWNLIGHT B RACKET,LFGDJAK115AKL,41.0,PKG,10980.0,0.0,FEVMSZXF25120675,WHLU5843082,
2026-01-02,美国,中国,BIANCHI TRADE CO LTD,GUANGZHOU NEW STORY TRADE CO LT, 17917 SCARECROW PL ROWLAND HEIGHTS CA 91748 ROWLAND HEIGHTS 91748 U S , ROOM 2203 NO 13 ZEXI STREET HAN XI VILLAGEZHONGCUN STREET PANYU DI STRICT GUANGZHOU GUANGZHOU CN ,N/A,N/A,,"CN, CHINA",,"SHENZHEN,YANTIAN",LONG BEACH,481960,STORAGE BOX,NO MARKS,1008.0,CTN,11171.0,0.0,SLYWSSC2512341,CSNU7014454,
2026-01-02,美国,中国,GUANGZHOU SOUGLE,GUANGZHOUHAOLINHOUSEWARECO LTD,14955 LIMONITE AVE EASTVALE CA 928 80 USA, ROOM 06 07 13 F BUILDING 3 GAOSHENGPLAZA 163 YINGBIN AVENUE HUADU DI STRICT GUANGZHOU CHINA ,GUANGZHOU SOUGLE,14955 LIMONITE AVE EASTVALE CA 928 80 USA,,"CN, CHINA",,"SHENZHEN,YANTIAN",LOS ANGELES,420229,PLASTIC HANGER THIS SHIPMENT CONTAINS NO WOOD PACKAGING MATERIALS SCAC CODE: RSLC AMS HBL NO.: SNAF A,NM,3230.0,PCS,12970.0,0.0,RSLCSNAF2512156A,YMMU6116269,
2026-01-02,美国,中国,SEAMEI GLOBAL INC,GUANGZHOU TSUNAMI INDUSTRIAL EQUIPM,1626 PEARL ST STE 202 BOULDER CO 8 0302 ,58 BUILDING 22 1ST FLOOR GA OZENG STREET RENHE TOWN BAIYUN DIS TRICT GUANGZHOU 510470,DURFEE EXPRESS INC,2620 DURFEE AVE EL MONTE CA 91732 EIN 39-6418451 TEL 626-416-5099 OP 3@DURFEX COMMARKET@GZGOLDENTEAM C ,,"CN, CHINA",,"SHENZHEN,SHEKOU","NEW YORK,NY",392220,PLASTIC CASE,NO MARKS,272.0,CTN,2713.0,0.0,SZIGHSI25110084,WHSU2748889,
2026-01-02,美国,中国,BRIGHTPATH TRADE INC,GUANGZHOU YUTENG TRADE CO LTD,2920 E INLAND EMPIRE BLVD SUITE 105ONTARIO CA 91764 ONTARIO US , 9 ROOM 148 B604 6TH FLOOR NO 2 XI NCEN 4TH ROAD TIANHE DISTRICT GUAN GZHOU GUANGZHOU CN ,BRIGHTPATH TRADE INC,2920 E INLAND EMPIRE BLVD SUITE 105ONTARIO CA 91764 ONTARIO US ,,"CN, CHINA",,"SHENZHEN,YANTIAN",LONG BEACH,630621,KEYBOARD BROOM HAIR CLIP HEADSET TENT,NO MARKS,603.0,CTN,7275.0,0.0,YKSEKM251211049,CSNU6308881,
2026-01-02,美国,中国,HUNGHING SUPPLY INC,GUANGZHOU Q & H TRADE CO LTD,99 SOUTH ALMADEN BOULEVARD STE 600 , 803A NO 1268 GUANGZHOU AVENUE TIA DISTRICT ,N/A,N/A,,"CN, CHINA",,"SHENZHEN,YANTIAN","NEW YORK,NY",851621,STORAGE CABINET THE SHIPPER S LOAD AND COUNT,NO MARKS,839.0,CTN,18040.0,0.0,NCZLSZ25101528,WHLU5764825,
2026-01-02,美国,中国,CAXIAS TRADE LLC,GUANGZHOU SHENDIANWEI TRADE CO LT,700 DEBORAH RD STE 100 NEWBERG OR 97132 NEWBERG US , ROOM 4008 BUILDING B NO 140-214 YINGBIN ROAD LUOPU STREET PANYU DI STRICT GUANGZHOU CITY 511400 CN ,N/A,N/A,,"CN, CHINA",,"SHENZHEN,YANTIAN",LONG BEACH,851830,PHONE CASE,NO MARKS,699.0,CTN,15186.0,0.0,CGLSCSZ25120224,OOLU8783722,
2026-01-02,美国,中国香港,VALEO NORTH AMERICA INC,JABIL CIRCUIT GUANGZHOU LIMITED,150 STEPHENSON HWY , ECONOMIC AND TECH DEVELOPMENT DIST RICT 128 JUN CHENG ROAD ,VALEO NORTH AMERICA INC,150 STEPHENSON HWY ,,"HK, HONG KONG",,HONG KONG,LONG BEACH,903289,AIR CONDITIONING CONTROL PANELY XY B NAM PO NO.: AIR CONDITIONING WIND SPEED AND TEMPERATURE CONTROL CIRCUIT BOARDNISSAN CLIM Y PO NO.: HS CODE: PCS= CTNS= PLTS,JABIL,42.0,CTN,153.0,0.0,CCLLCANS25117670,TIIU4994046,
2026-01-02,美国,中国,ELVIATIONS INTL TRADE LLC,GUANGZHOU FUCHENG TRADE JINGANG,1500 N GRANT ST ,AVENUE NANSHA STREET NANSHA DISTRICT ,N/A,N/A,,"CN, CHINA",,SHANGHAI,LOS ANGELES,611212,SOCKS BOYS TEE GIRLS TEE GIRLS DRESS,NO MARKS,554.0,CTN,14404.0,0.0,MOSJJS25120622,SEGU5871014,
2026-01-02,美国,中国,SHENZHEN LINGJI TECHNOLOGY CO LTD,GUANGZHOU LIHANG ELECTRONIC COMMERC E CO, C/O FBA24208 SAN MICHELE RD ,L1ST FLOOR BUILDING G YUANCH UANG POWER INDUSTRIAL PARK NO 24 ,N/A,N/A,,"CN, CHINA",,"SHENZHEN,YANTIAN",LOS ANGELES,900140,GLASS SHELF,NO MARKS,30.0,CTN,528.0,0.0,AMZDCN25NUQUUXYF,HMMU6442648,
2026-01-02,美国,中国,TRANSPAK INC,GUANGZHOU JINZHONG AUTO PARTS MANUF DONGFENG,9435 ENTERPRISE WAY HOLLY MICHIGAN 48442 US , ROAD AUTO INDUSTRIAL ZONE HUADU GUANGZHOU CN ,N/A,N/A,,"CN, CHINA",,"SHENZHEN,YANTIAN","NEW YORK,NY",871492,WHEEL TRIM HTS#,CUSTOMER: PART NO: Q TY: DATE: SUPPLIER CODE:MADE IN CHINA,200.0,CTN,5680.0,0.0,FEVMSZXF25112703,SLSU8026954,
2026-01-02,美国,中国,VALEO NORTH AMERICA INC,GUANGZHOU AUTO SPRING CO LTD,DBA VALEO SWITCHES & DETECTION SYSTEMS 150 STEPHENSON HIGHWAY , XIAO JING DONG ROAD CANG LIAN EASTERN DISTRICT ECONOMIC & TECH D EVELOPMENT ,N/A,N/A,,"CN, CHINA",,SHANGHAI,LOS ANGELES,940540,"BRACKET FOR AUTO LIGHTING,NUTS",NO MARKS,3.0,PKG,1612.0,0.0,CCLLSHAS01042517,HAMU4277111,
2026-01-02,美国,中国,FENGMI TRADE INC,GUANGZHOU TIAN YI INFORMATION TECHNOLOGY CO LTD,1249 S DIAMOND BAR BLVD STE 990 DIAMOND BAR CA 91765 , ROOM 309 NO 6 W ANGGANG INDUSTRIAL 2ND ROAD BAIYUN DISTRICT GUANGZHOU ,FENGMI TRADE INC,1249 S DIAMOND BAR BLVD STE 990 DIAMOND BAR CA 91765 ,,"CN, CHINA",,"SHENZHEN,YANTIAN",LONG BEACH,481960,STORAGE BOX,NO MARKS,887.0,CTN,15100.0,0.0,MFNOMF25120716,OOCU8356621,
2026-01-02,美国,中国,,GUANGZHOU GO JUDY TRADE CO LTD,N/A, NO 605 NO 263 GAOTANG ROAD TIANHE DISTRICT GUANGZHOU CITY 510000 ,N/A,N/A,,"CN, CHINA",,DALIANXINGANG,LOS ANGELES,940161,"TABLE, DINING CHAIR, BAR STOOL","WHS-102811-41774227, WHS-102811-41774226, WHS",278.0,CTN,5456.0,0.0,CGGMHSK0520053,MSKU9816557,
2026-01-02,美国,中国,GOLDEN SUN COMMERCE INC,GUANGZHOU LUOMA QISHI LEATHER GOODS CO LTD,2100 MARKET ST DENVER CO 802052025 US , BUILDING A 1ST FLOOR 101 ST AND 3RD TO 4TH FLOORS NO 6 UNI TED ROAD UNITED VILLAGE SHILING ,EVER CUSTOMS INC,2583 E WYANDOTTE CT ONTARIO CALIF ORNIA 91761 UNITED STATES ,,"CN, CHINA",,"SHENZHEN,YANTIAN",LONG BEACH,841830,CHEST PACK,NO MARKS,772.0,CTN,5759.0,0.0,NIPANBMS25120403,CSNU6122876,
2026-01-02,美国,中国,CRS TRADE INC,GUANGZHOU POVISON TECHNOLOGY LIMITED,418 BROADWAY STE RALBANY NY 12207 , NO 67 DONGPU 2ND ROAD YINGKEZHIGU BUILDING NO 2 3 4 TIANHE DISTRICT GUANGZHOU ,N/A,N/A,,"CN, CHINA",,"SHENZHEN,YANTIAN","NEW YORK,NY",940360,DINING TABLE DINING CHAIR,NO MARKS,191.0,CTN,8810.0,0.0,PSEAXNYC25110392,WHSU5973610,
2026-01-02,美国,中国,WELLFOR GROUP INC,GUANGZHOU MAYFULL TECHNOLOGY CO LTD, 1760 EVERGREEN ST DUARTE CA 91010 UNITED STATES , ROOM 1601-1612 NO 607 YUEKEN ROAD TIANHE DISTRICT GUANGZHOU CHINA ,WELLFOR GROUP INC, 1760 EVERGREEN ST DUARTE CA 91010 UNITED STATES ,,"CN, CHINA",,"SHENZHEN,YANTIAN",LONG BEACH,900190,BATHROOM MIRROR CABINET FRAMED MIRROR THIS SHIPMENT CONTAINS NO WOOD PACKING MATERIALS.,NO MARKS,438.0,PKG,10990.0,0.0,OERT202701Y04914,BSIU8163104,
2026-01-02,美国,中国,L OREAL USA PRODUCTS INC,GUANGZHOU TINCI MATERIALS TECHNOLOGY CO LTD,7979 VULCAN DRIVE FLORENCE KY 41042 USA KY 41042 US , NO 8 KANGDA ROAD YUNPU INDUSTRIAL ZONE HUANGPU DISTRICT GUANGZHOU CN ,L OREAL USA PRODUCTS INC,7979 VULCAN DRIVE FLORENCE KY 41042 USA KY 41042 US ,,"CN, CHINA",,HULUTAO,"NEW YORK,NY",441510,AMIN CG RSPO MB HS CODE: PO NO.: RSPO CERTIFICATE NO: SGS-RSPO SC - PALLETS= DRUMS THIS SHIPMENT CONTAINS NO SOLID WOOD PACKING MATERIALS.,TINCI,8.0,PKG,1686.0,0.0,CHKMGZ25053173,EGSU1232563,
2026-01-02,美国,中国,BIANCHI TRADE CO LTD,GUANGZHOU NEW STORY TRADE CO LT, 17917 SCARECROW PL ROWLAND HEIGHTS CA 91748 ROWLAND HEIGHTS 91748 U S , ROOM 2203 NO 13 ZEXI STREET HAN XI VILLAGEZHONGCUN STREET PANYU DI STRICT GUANGZHOU GUANGZHOU CN ,N/A,N/A,,"CN, CHINA",,"SHENZHEN,YANTIAN",LONG BEACH,481960,STORAGE BOX,NO MARKS,967.0,CTN,15125.0,0.0,SLYWSSC2512342,TCLU9582209,
2026-01-02,美国,越南,SERDANG LLC,MOUNTPAX CO LTD,675 HEGENBERGER RD STE 120 OAKLAND , FLAT RM D 10F UNIONWAY COMMERCIAL C ,GUANGZHOU HUIYUNDA INTERNATIONAL LO,ROOM 605 NO 69 JIAN STREET JIXIAN R ,,"VN, VIET NAM",,VUNG TAU,"NEW YORK,NY",940161,COFFEE TABLE TV BENCH THIS SHIPMENT CONTAINS NO SOLID WOODEN PACKING MATERIALS.,IOARESON2511032011,578.0,CTN,18535.0,0.0,MAEU261353487,MRSU3810022,
2026-01-02,美国,中国,TRELBY ONDIX SYSTEMS INC,GUANGZHOU JINGTIAN TRADE CO LTD,8100 S AKRON ST NUM 313 CENTENNIAL CO 80112 CENTENNIAL US , ROOM 728 7TH FLOOR NO 5 WANGCHENG ROAD SHILINGTOWN HUADU DISTRICT GUANGZHOU GUANGZHOU CN ,TRELBY ONDIX SYSTEMS INC,8100 S AKRON ST NUM 313 CENTENNIAL CO 80112 CENTENNIAL US ,,"CN, CHINA",,"SHENZHEN,YANTIAN",LONG BEACH,290544,STEEL BRACKET THIS SHIPMENT CONTAINS NO SOLI D WOODEN PACKING MATERIALS.,NO MARKS,624.0,CTN,18756.0,0.0,SUSSPWL202512190,TGBU8831840,
2026-01-02,美国,中国,BLUEINSIGHT CO LTD,GUANGZHOU CAIJING TRADE CO LTD, C/O FBA 24208 SAN MICHELE RD , NO 05A 07B 09A 26F NO 268 270 274 SANYUANLI AVENUE ,N/A,N/A,,"CN, CHINA",,"SHENZHEN,YANTIAN",LOS ANGELES,960630,LIFTING CLAMP BUTTON PARTS,FBA193ZJ4VW5,91.0,CTN,688.0,0.0,AMZDCN25YPWLD5R5,HMMU4483519,
2026-01-02,美国,中国,BLUEOCEAN TRADE INC,GUANGZHOU ZHONGRUI TRADE CO LT,1401 21ST STREET SUITE R SACRAMENTOCALIFORNIA 95811 US , NO 16 DONGHUAN STREET LUNTOU HAIZ HU DISTRICT GUANGZHOU CN ,N/A,N/A,,"CN, CHINA",,"SHENZHEN,YANTIAN",LONG BEACH,691200,CERAMIC MUG,NO MARKS,1026.0,CTN,14193.0,0.0,OBLMOBSZ25C0350,OOLU6764092,
2026-01-02,美国,中国,OKMINS TRADE LLC,GUANGZHOU ZHIFANG TRADE CO LTD,1680 CAMPBELL LN STE 109 BOWLING GREEN KY 42104 , ROOM 499 N350 NO 89 YANLING ROAD TIANHE DISTRICT GUANGZHOU CITY ,OKMINS TRADE LLC,1680 CAMPBELL LN STE 109 BOWLING GREEN KY 42104 ,,"CN, CHINA",,"SHENZHEN,YANTIAN",LONG BEACH,841590,AIR CONDITIONING OUTDOOR UNITAIR CONDITIONING OUTDOOR UNIT,NO MARKSNO MARKS,750.0,CTN,21313.0,0.0,KIUFKBHZ25120011,"FFAU2664260,OOCU8990214",
2026-01-02,美国,中国,AUBAGNE INC,GUANGZHOU SHENDIANWEI TRADE CO LT,572 S SALINA ST STE 102 SYRACUSE N Y 13202 , ROOM 4008 BUILDING B NO 140-214 YINGBIN ROAD LUOPU STREET PANYUDI STRICT GUANGZHOU CITY 511400 ,AUBAGNE INC,572 S SALINA ST STE 102 SYRACUSE N Y 13202 ,,"CN, CHINA",,SHANGHAI,LOS ANGELES,270300,CAT LITTER BOX,NO MARKS,636.0,CTN,6487.0,0.0,GUGWMC251201013,XYLU8181257,
2026-01-02,美国,墨西哥,SHIPPING CARGO LOGISTICS INC,GUANGZHOU AIDEFOE ELECTRONICS CO LT,1639 MANGANA HEIN RD LAREDO TX U SA , 3RD FLOOR BUILDING NO 6 BOYING IN DUSTRIAL PARK DONGCHONG TOWN NANSHA DISTRICT GUANGZHOU ,SHIPPING CARGO LOGISTICS INC,1639 MANGANA HEIN RD LAREDO TX U SA ,,"MX, MEXICO",,Lazaro Cardenas,"HOUSTON,TX",851829,SPEAKER,NO MARKS,1549.0,CTN,16328.0,0.0,SAKQSHOU5N02259,MRSU6771110,
2026-01-02,美国,中国,,GUANGZHOU GO JUDY TRADE CO LTD,N/A, NO 605 NO 263 GAOTANG ROAD TIANHE DISTRICT GUANGZHOU CITY 510000 ,N/A,N/A,,"CN, CHINA",,SHANGHAI,LOS ANGELES,940161,"DINING CHAIR,TABLE",WHS-102811-41915322,62.0,CTN,1044.0,0.0,CGGMSGH5071409,MRKU4825560,
2026-01-02,美国,中国,BIANCHI TRADE CO LTD,GUANGZHOU NEW STORY TRADE CO LT, 17917 SCARECROW PL ROWLAND HEIGHTS CA 91748 ROWLAND HEIGHTS CA US , ROOM 2203 NO 13 ZEXI STREET HANXI VILLAGE HANXICOMMERCIAL CENTER ZHO NGCUN STREET PANYU 510000 CN ,N/A,N/A,,"CN, CHINA",,"SHENZHEN,YANTIAN",LONG BEACH,481960,STORAGE BOX,NO MARKS,970.0,CTN,16012.0,0.0,NPSCTSZX25121390,CAAU9095074,
2026-01-02,美国,中国,SOHO APPAREL GROUP INC,GUANGZHOU XINMOSEN GARMENT CO LTD, 15025 PROCTOR AVE CITY OF INDUSTRY CA91746 , F4 NO 3 FANGZHONGSAN ROAD XINTANG TOWN ZENG CHENG DISTRICT GUANGZHOU CHINA ,SOHO APPAREL GROUP INC, 15025 PROCTOR AVE CITY OF INDUSTRY CA91746 ,,"CN, CHINA",,"SHENZHEN,YANTIAN",LOS ANGELES,610821,GIRLS WOVEN PANTS,NO MARKS,1653.0,CTN,19048.0,380960.0,GSDRHZMYD754390,YMMU6326774,
2026-01-02,美国,中国,BLUEINSIGHT CO LTD,GUANGZHOU CAIJING TRADE CO LTD, C/O FBA 5990 N CAJON BLVD , NO 05A 07B 09A 26F NO 268 270 274 SANYUANLI AVENUE ,N/A,N/A,,"CN, CHINA",,"SHENZHEN,YANTIAN",LOS ANGELES,830140,GARAGE DOOR SPRING GARAGE DOOR SEAL ELECTRIC WAFFLE MAKER GARBAGE CAN ELECTRIC HOIST TROLLEY RESIN TABLETOP ORNAMENT,FBA193Z70119 FBA193ZLN8TW FBA193ZHGPFH,508.0,CTN,5609.0,0.0,AMZDCN25GJXIXPB6,HMMU6659926,
2026-01-02,美国,中国,SHENZHEN SHAN MING GUANG DIAN CO,GUANGZHOU YI SHENG JIA JU YONG PIN CO LTD,L TD C/O FBA5990 N CAJON BLVD ,TANG JING JIE TANG XI XIANG GANG XIN YUAN YI LU 16 HAO ZHI YI Y ,N/A,N/A,,"CN, CHINA",,"SHENZHEN,YANTIAN",LOS ANGELES,940320,SHOWER ROD FREESTANDING SHELF OVER TOILET SHELF BOOKSHELF,NO MARKS,711.0,CTN,10215.0,0.0,AMZDCN25FNSVIDVQ,KOCU5228577,
2026-01-02,美国,中国,CRS TRADE INC,GUANGZHOU POVISON TECHNOLOGY LIMITED,418 BROADWAY STE RALBANY NY 12207 , NO 67 DONGPU 2ND ROAD YINGKEZHIGU BUILDING NO 2 3 4 TIANHE DISTRICT GUANGZHOU ,N/A,N/A,,"CN, CHINA",,"SHENZHEN,YANTIAN","NEW YORK,NY",842860,TV STAND SOFA DINING CHAIR,NO MARKS,138.0,CTN,3910.0,0.0,PSEAXNYC25110393,WHSU5635253,
2026-01-02,美国,中国,GUANGZHOU ZHENGYU TRADE CO LTD,SHENZHEN CANXING TECHNOLOGY CO LTD, C /O FBA24208 SAN MICHELE RD , B101-202 BUILDING B XINHAO YIDU NO 7018 CAITIAN ROAD LIANHUA YICUN ,N/A,N/A,,"CN, CHINA",,QINGDAO,LOS ANGELES,670290,FIRE GLASS RAIN-FLOWER PEBBLE,NO MARKS,251.0,CTN,4635.0,0.0,AMZDCN25XMGOVN5F,MRKU0707300,
2026-01-02,美国,中国,IKEA SUPPLY AG,EXTRA LIGHT GUANGZHOU ELECTRICAL CO LTD,100 IKEA WAY 21903 PERRYVILLE US CUSTOMS DEPARTMENT TEL 4848039015 , NO 1102 XIHUAN ROAD SHA WAN TOWN 511485 GUANGZHOU CN ,GEODIS USA INC,5101 SOUTH BROAD STREET 19112 PHILADELPHIA US IKEA ACCOUNT ,,"CN, CHINA",,"SHENZHEN,YANTIAN",Baltimore,854110,"SKATGAS LED TEALIGHT KIT W CHARG TRAY WHI -P NA,SKATGAS LED TEALT WHI SIMRISHAMN FLOOR LAMP CHR-PLT/ OPALWHI GLS NA SOLKLINT WLL LMP BRA/ TOTAL PIECES / TOTAL PALLETS",. . . .,3558.0,PCS,905.0,0.0,HLCUSZX2510CKSR4,GCXU5877490,
2026-01-02,美国,中国,MEI LIKA INDUSTRIAL INC,GUANGZHOU XUNYUEDA TECHNOLOGY LIMIT A,141-07 20TH AVE WHITESTONE NY UNITED STATES ,UNIT 319-322 NO 3 TANGDON GUANGZHOU GD CHINA ,MEI LIKA INDUSTRIAL INC,141-07 20TH AVE WHITESTONE NY UNITED STATES ,,"CN, CHINA",,"SHENZHEN,YANTIAN",LONG BEACH,392010,PLASTIC MAT SHIPPER STATES THAT THIS SHIPMENT CONTAINS NO SOLID WOODEN PACKAGE,NO MARKS,961.0,CTN,13294.0,0.0,OOLU2038323371,OOLU6796314,
2026-01-02,美国,中国,QUETZAL GLOBAL SA DE CV,GUANGZHOU MEIMO SUPPLY CHAIN, DEPARTAMENTO 703 34 BS EDIFICIO II MARQUEZ STERLING CENTRO AREA 1 CU AUHTEMOC CIUDAD DE MEXICO ,ROOM 811 LITRONG BLD MAOGANG ROAD HUANGPU DISTRICT GUANGZHOU ,LZT GLOBAL LOGISTICS,17560 ROWLAND ST CITY OF INDUSTRY CA 91748 ,,"CN, CHINA",,"SHENZHEN,YANTIAN",LONG BEACH,851621,"LAMPSHADE,STORAGE RACK,LIGHT",NO MARKS,698.0,CTN,18060.0,0.0,GUGWMC251201193,CXDU2304153,
2026-01-02,美国,中国,SHIMAO INTERNATIONAL USA INC,GUANGZHOU CHUBBY OVERSEAS SPACE DES,1942 BROADWAY ST STE 314 BOULDER CO80302 ,4105 SECTION:SELF-NUMBERED UNIT B ROOM 4106 NO 5 ZHUJIANG WEST ROAD TIANHE DISTRICT GUANGZHOU CITY CHINA,DURFEE EXPRESS INC,2620 DURFEE AVE EL MONTE CA 91732 ,,"CN, CHINA",,"SHENZHEN,YANTIAN",LONG BEACH,853949,LAMPS AND LANTERNS,NO MARKS,209.0,PKG,8290.0,0.0,QAAWSZAD12009573,BMOU4994758,
2026-01-02,美国,中国,FUWEIER IMPROT INC,GUANGZHOU NEATBAY GARMENTS CO LTD,1500 N GRANT ST STE 3816DENVER CO 80203 USDEN US , ROOM 501 BUILDING 2 DAWEI QISHHE INDUSTRIAL ZONE NO 47 YIKANG ROA D TANGJING STREET CNCAN CN ,FUWEIER IMPROT INC,1500 N GRANT ST STE 3816DENVER CO 80203 USDEN US ,,"CN, CHINA",,"SHENZHEN,YANTIAN","NEW YORK,NY",620112,RAINCOAT,NO MARKS,1070.0,CTN,11156.0,0.0,NGAGGAYQ403230,DFSU6927262,
2026-01-02,美国,中国,TEH TUNG CORP,GUANGZHOU JIELIAN PAPER COMPANY, 8728 DICE ROAD SANTA FE SPRINGS CA 90670 UNITED STATES , LIM PART 1 OF 101 BUILDING NO 64 GUOMA GUANGZHOU GD 510000 CHINA ,MARUBENI TRANSPORT SERVICE CORP,SUITE 1940 111 WEST OCEAN BOULEVARDLONG BEACH CA 90802 UNITED STATES ,,"CN, CHINA",,"SHENZHEN,YANTIAN",LONG BEACH,480300,PAPER CENTER PULL TOWEL,PO # P10481,1414.0,CTN,10349.0,0.0,COSU9505078200,DFSU6260755,
2026-01-02,美国,中国,TRADE ACE LLC,GUANGZHOU KENZO PERFORMANCE EQUIPME,14501 NW 57TH AVE STE 113 OPA-LOC KA FL 33054 U SA ,ROOM 101 NO 5 XINXING STREET LIAOC AI ZHONGLUOTAN TOWN BAIYUN DISTRICT ,TRADE ACE LLC,14501 NW 57TH AVE STE 113 OPA-LOC KA FL 33054 U SA ,,"CN, CHINA",,SOUTH RIDING POINT,PORT EVERGLADES,281830,ALUMINUM TRUSS,"GUANGZHOU KENZO PERFORMANCE EQUIPMENT CO.,LTD",1119.0,PKG,17850.0,0.0,BKGANSF25100030,MSMU6509687,
2026-01-02,美国,中国,MUKU HOME INC,GUANGZHOU LINHE MUYU TECHNOLOGY CO LTD,ADDRESS218 MACHLIN CT R201 WALNUT CA 91789 , YONGPING STREET BAIYUN DISTRICT GUANGZHOU ,MUKU HOME INC,ADDRESS218 MACHLIN CT R201 WALNUT CA 91789 ,,"CN, CHINA",,"SHENZHEN,YANTIAN",LONG BEACH,392610,OFFICE TABLE OFFICE CABINET OFFICE CHAIR,NO MARKS,95.0,CTN,6900.0,0.0,YQNLNJSE3900524,OOCU8296409,
2026-01-02,美国,中国,TRANSPAK ANNEX,GUANGZHOU JINZHONG AUTO PARTS MANUF DONGFENG,6460 W MAPLE ROAD SWARTZ CREEK MICHIGAN 48473 US , ROAD AUTO INDUSTRIAL ZONE HUADU GUANGZHOU CN ,N/A,N/A,,"CN, CHINA",,"SHENZHEN,YANTIAN","NEW YORK,NY",293627,WHEEL TRIM G C,CUSTOMER: PART NO: Q TY: DATE: SUPPLIER CODE:MADE IN CHINA,330.0,CTN,1309.0,0.0,FEVMSZF25112776A,CAIU7085700,
2026-01-02,美国,中国,HUSCO INTERNATIONAL MAQUOKETA PLANT,GUANGZHOU FUTRON TECHNOLOGY CO LTD,104 GENERAC DRIVE MAQUOKETA IA 52060 UNITED STATES, GAOTIAN INDUSTRICT DISTRICT TAIPIN G TOWN CONGHUA CITY GUANGZHOU CHINA ,HUSCO INTERNATIONAL MAQUOKETA PLANT,104 GENERAC DRIVE MAQUOKETA IA 52060 UNITED STATES,,"CN, CHINA",,HONG KONG,LONG BEACH,820411,END CAP SOLENOID PLTS CTNS,DUFU H25055M,84.0,CTN,660.0,0.0,OSTISZCHI25C5456,CSNU6143056,
2026-01-02,美国,中国,GUANGZHOU SOUGLE,GUANGZHOUHAOLINHOUSEWARECO LTD,14955 LIMONITE AVE EASTVALE CA 928 80 USA, ROOM 06 07 13 F BUILDING 3 GAOSHENGPLAZA 163 YINGBIN AVENUE HUADU DI STRICT GUANGZHOU CHINA ,GUANGZHOU SOUGLE,14955 LIMONITE AVE EASTVALE CA 928 80 USA,,"CN, CHINA",,"SHENZHEN,YANTIAN",LOS ANGELES,420229,PLASTIC HANGER THIS SHIPMENT CONTAINS NO WOOD PACKAGING MATERIALS SCAC CODE: RSLC AMS HBL NO.:SNAF A,NM,3230.0,PCS,12910.0,0.0,RSLCSNAF2512171A,YMMU6509944,
2026-01-02,美国,中国,FUWEIER IMPROT INC,GUANGZHOU NEATBAY GARMENTS CO LTD,1500 N GRANT ST STE 3816DENVER CO 80203 USDEN US , ROOM 501 BUILDING 2 DAWEI QISHHE INDUSTRIAL ZONE NO 47 YIKANG ROA D TANGJING STREET CNCAN CN ,FUWEIER IMPROT INC,1500 N GRANT ST STE 3816DENVER CO 80203 USDEN US ,,"CN, CHINA",,"SHENZHEN,YANTIAN","NEW YORK,NY",620112,RAINCOAT,"KEREN LINE PRODUCTION&MANUFACTURER LTD. 1.P ARDO ST. BNEI BRAK 51139 ISRAEL ATT:MR. KO BI MELANGE LTD. GOLOMB 17 ST. BNEI BRAK ISRAEL ATT: MEIR HADAS SAHAR LTD. 5 BAS EL ST. PETACH TIKVA, ISRAEL. UDEL NY PRO DUCTION&MANUFACTURER LTD. 1.PARDO ST. BNEI BRAK 51139 ISRAEL ATT:MR. KOBI",1124.0,CTN,11423.0,0.0,NGAGGAYQ925170,OOCU6851143,
2026-01-02,美国,中国,TEH TUNG CORP,GUANGZHOU JIELIAN PAPER COMPANY, 8728 DICE ROAD SANTA FE SPRINGS CA 90670 UNITED STATES , LIM PART 1 OF 101 BUILDING NO 64 GUOMA GUANGZHOU GD 510000 CHINA ,MARUBENI TRANSPORT SERVICE CORP,SUITE 1940 111 WEST OCEAN BOULEVARDLONG BEACH CA 90802 UNITED STATES ,,"CN, CHINA",,"SHENZHEN,YANTIAN","NEW YORK,NY",480300,PAPER C FOLD TOWEL,PO # 1641596,2217.0,CTN,13801.0,0.0,COSU6435613160,CSNU5755416,
2026-01-02,美国,中国,DECO SALON FURNITURE INC,GUANGZHOU NINE BEAUTY INDUSTRIAL CO,320 E FULLERTON AVE CAROL STREAM IL 60018 U S A ,NO 231 LANBEI ROAD WANAN LANHETOWN NANSHA DISTRICT GUANGZHOU CHINA ,DECO SALON FURNITURE INC,320 E FULLERTON AVE CAROL STREAM IL 60018 U S A ,,"CN, CHINA",,"SHENZHEN,YANTIAN",LONG BEACH,330510,MDF SHIKRING BOARDMINERAL FIBER CEILING BOAR DLED PANEL LIGHTWALL-HUNG SINKS/CABINETTO ILET PARTITION-BOARD/TOILET PARTITION-TOP RA ILBARBER CHAIR/SHAMPOO ACCESORIES,DECO SALON FURNITURE INC.,241.0,CTN,8790.0,0.0,PVLHSZX25120212,CBHU9102920,
2026-01-02,美国,中国,FENDER MUSICAL INSTRUMENTS CORPORAT RETURN DEPARTMENT,GUANGZHOU JIAYOU ARTS & CRAFTS CO,1295 EAST CENTRAL AVENUE,2F NO 2 DONGXINGZHUANG 2ND ST SENFENG VILLAGE HUADU TOWN HUADU DIST AI RPORT HUADU ,FENDER MUSICAL INSTRUMENTS CORPORAT,1295 E CENTRAL AVE,,"CN, CHINA",,"SHENZHEN,YANTIAN",LONG BEACH,842330,TOTE BAG,FENDER,104.0,CTN,1373.0,0.0,PUSJS2501462896,CSLU6272570,
2026-01-02,美国,中国,URBANHAVEN LIVING INC,GUANGZHOU ZHUO RUI SMART HOME TECHNOLOGY CO LTD,33 WINTERFIELD RD , ROOM 911 912 NO 8 PAZHOU AVENUE EA ST HAIZHU DIST ,URBANHAVEN LIVING INC,33 WINTERFIELD RD ,,"CN, CHINA",,"SHENZHEN,YANTIAN","NEW YORK,NY",300230,MIRROR MEDICINE CABINETS HS CODE,.,1102.0,CTN,14290.0,0.0,CHQFHHX25110063,OOCU8000522,
2026-01-02,美国,中国,INSULATION MARKETPLACE LLC,LANDY GUANGZHOU PLASTIC PRODUCTS CO,2123 OPA LOCKA BLVD OPA LOCKA FL 3 3054 ,NO 215 SHIPAI INDUSTRIAL ZONE DONGCHONG TOWN NANSH A DISTRICT ,INSULATION MARKETPLACE LLC,2123 OPA LOCKA BLVD OPA LOCKA FL 3 3054 ,,"CN, CHINA",,SOUTH RIDING POINT,PORT EVERGLADES,854790,EPE REFLECTIVE INSULATION/RADIANT BARRIEREPE REFLECTIVE INSULATION/RADIANT BARRIER,NO MARKSNO MARKS,1751.0,PKG,9570.0,0.0,BKGANSF25090311,"TGBU9847809,UETU6127566",
2026-01-02,美国,中国,FOSHAN NANHAI DISTRICT XINJINGDA HA RDWARE PRODUCTS CO LT,GUANGZHOU LUOBINHAN TRADE CO LTD,D C/O FBA24 208 SAN MICHELE RD , NO 27 SHANGSHA ROAD LISHUI TOWN NANHAI DISTRICT ,N/A,N/A,,"CN, CHINA",,"SHENZHEN,YANTIAN",LOS ANGELES,871610,TRAILER RECEIVER,NO MARKS,440.0,CTN,3056.0,0.0,AMZDCN25745XUPKH,HMMU6442648,
2026-01-02,美国,中国,BIANCHI TRADE CO LTD,GUANGZHOU NEW STORY TRADE CO LT, 17917 SCARECROW PL ROWLAND HEIGHTS CA 91748 ROWLAND HEIGHTS CA US , ROOM 2203 NO 13 ZEXI STREET HANXI VILLAGE HANXICOMMERCIAL CENTER ZHO NGCUN STREET PANYU 510000 CN ,N/A,N/A,,"CN, CHINA",,"SHENZHEN,YANTIAN",LONG BEACH,481960,STORAGE BOX,NO MARKS,1543.0,CTN,15465.0,0.0,NPSCTSZX25121391,FSCU8305746,
2026-01-02,美国,中国,MAXIMA APPAREL,GUANGZHOU FAST FASHION CLOTHING CO,615 MERRICK AVE WESTBURY 11590 NEW YORK UNITED STATES,SUITE 8D02 NO 31 XICHA ROAD BA IYU DISTRICT ,B Z SHIPPING INC,565 BROADHOLLOW ROAD SUITE 2E FARMINGDALE NY 11735 ,,"CN, CHINA",,"SHENZHEN,YANTIAN",LONG BEACH,610910,SHORT SLEEVE T-SHIRTWOOL OUTERWEARSWEATSHIRT,NM,2035.0,CTN,10450.0,0.0,SQXNZCSS25123139,CSNU6444595,
2026-01-02,美国,中国,ROLLIN TYRE IMPORTERS LTD,GUANGZHOU FEIXIANG IMPORT & EXPORT CO LTD,5 MILTON ROAD BALMAIN COUVA TWI CONTACT PERSON -NAREN CONTACT NUMBER -1-868-686-1733 , ROOM 1218 NO 976 EAST HUANGPU AVENUE HUANGPU DISTRICT GUANGZHOU ,ROLLIN TYRE IMPORTERS LTD,5 MILTON ROAD BALMAIN COUVA TWI CONTACT PERSON -NAREN CONTACT NUMBER -1-868-686-1733 ,,"CN, CHINA",,PORT BUSTAMANTE,PORT EVERGLADES,401140,USED TIRES THIS SHIPMENT CONTAINS NO (SOLID) WOOD PACKINMATERIALS FREIGHT PREPAID TRINIDAD AND TOBAGO,NO MARKS,1800.0,PCS,20870.0,0.0,CMDUQGD2358393A,APHU7052846,
2026-01-02,美国,中国,DIOCESE INC,GUANGZHOU SHENDIANWEI TRADE CO LTD,9410 BUNSEN PKWY STE 320 LOUISVILLEKY 40220 JAY 5166108325 AN@YHQG LOGISTICS COM , ROOM 4008 BUILDING B NO 140 214 YINGBIN ROAD LUOPU STREET PANYU DISTRICT GUANGZHOU ,DIOCESE INC,9410 BUNSEN PKWY STE 320 LOUISVILLEKY 40220 JAY 5166108325 AN@YHQG LOGISTICS COM ,,"CN, CHINA",,QINGDAO,LOS ANGELES,,DUMBBELL,NO MARKS,990.0,CTN,25022.0,0.0,FLXT00003601193A,GAOU6969820,
2026-01-02,美国,中国,BMP TRADE CO LTD,GUANGZHOU HEHEBA TRADE CO LTD, 390 5TH AVE STE 701 , ROOM A102 FUN CREATIVE COMMUNITY NO 371 JIANPENG ROAD HELONG STREET BAIYUN DISTRIC T ,JL CUSTOMS SERVICE LLC,20418 EAST WALNUT DRIVE NORTH UNIT S 1B 1C DIAMOND BAR ,,"CN, CHINA",,Pusan,"HOUSTON,TX",820411,PLASTIC BOX HS CODE:,NO MARKS,28.0,PKG,11380.0,0.0,DWCHSQINS0046918,MRSU5768940,
2026-01-02,美国,中国,NEXGEN TRADE COMPANY,GUANGZHOU LAN PENYOU NETWORK TECHNOLOGY CO LTD, 9245 SW NIMBUS AVE BEAVERTON OR 97 008 , ROOM 212 NO 5 LIANBIAN PENGXI HUA LIANER ROAD HELONG STREET BAIYUN DISTRICT GU ,ODW GLOBAL INC,4545 PACIFIC BLVD VERNON CA 9005 8 ,,"CN, CHINA",,"SHENZHEN,YANTIAN",LONG BEACH,950720,HOUSEHOLD HOOKS,NO MARKS,945.0,CTN,17750.0,0.0,SJZVHTSE25120246,EGSU6098499,
2026-01-02,美国,中国,CKHT ADVANCED TRADE CO LTD,GUANGZHOU COUNSELOR TRADE CO LT, 1693 YEAGER AVE LA VERNE LA VERNE CALIFORNIA 91750 US , ROOM 313 NO 2 YUNQUANZHI STREET GUANGYUAN EASTROAD YUEXIU DISTRICT GUANGZHOU CITY GUANGZHOU CN ,N/A,N/A,,"CN, CHINA",,"SHENZHEN,YANTIAN",LONG BEACH,392220,PLASTIC PLANTER HS CODE:,NO MARKS,922.0,CTN,12159.0,0.0,SKEMZG2512110056,BSIU9533712,
2026-01-02,美国,中国,DINGTAI TRADE LIMITED,GUANGZHOU KANGMEISEN ELECTRONIC TE UNIT, 17800 CASTLETON ST STE 188 ,901 9TH FLOOR MEISHI BUILDIN,DINGTAI TRADE LIMITED, 17800 CASTLETON ST STE 188 ,,"CN, CHINA",,"SHENZHEN,YANTIAN",LONG BEACH,920300,WIRED KEYBOARD,NO MARKS,1006.0,CAR,10898.0,0.0,ANWMANZG25121247,CSNU7370373,
2026-01-02,美国,中国,HOMARY TECHNOLOGY INC,GUANGZHOU POPICORNS TECHNOLOGY CO,10401 S SAM HOUSTON PKWY W UNIT 200 ,L ROOM 1201FLOOR 12 HICKEY BUILDINGNO ,AZ EXPRESS FREIGHT INC,2990 INLAND EMPIRE BLVD STE 112 ONT ,,"CN, CHINA",,"SHENZHEN,YANTIAN","HOUSTON,TX",940161,FURNITURE CHAIR TABLE LAMPS THIS SHIPMENT C ONTAINS NO SOLID WOODEN PACKING MATERIALS.,NO MARKS,314.0,CTN,8680.09,0.0,MAEU261096582,CAAU6688137,
2026-01-02,美国,中国,FOSHAN NANHAI DISTRICT XINJINGDA HA RDWARE PRODUCTS CO LT,GUANGZHOU LUOBINHAN TRADE CO LTD,D C/O FBA18 580 GATEWAY DR , NO 27 SHANGSHA ROAD LISHUI TOWN NANHAI DISTRICT ,N/A,N/A,,"CN, CHINA",,"SHENZHEN,YANTIAN",LOS ANGELES,830110,FORKLIFT PIN,NO MARKS,42.0,CTN,1225.0,0.0,AMZDCN257T5ECJNG,KOCU4456166,
2026-01-02,美国,中国,,GUANGZHOU GO JUDY TRADE CO LTD,N/A, NO 605 NO 263 GAOTANG ROAD TIANHE DISTRICT GUANGZHOU CITY 510000 ,N/A,N/A,,"CN, CHINA",,DALIANXINGANG,LOS ANGELES,842860,DINING CHAIR,"WHS-102811-41654304, WHS-102811-41654305",274.0,CTN,6293.0,0.0,CGGMHSK0520223,MSKU1141210,
2026-01-02,美国,中国,,GUANGZHOU GO JUDY TRADE CO LTD,N/A, NO 605 NO 263 GAOTANG ROAD TIANHE DISTRICT GUANGZHOU CITY 510000 ,N/A,N/A,,"CN, CHINA",,DALIANXINGANG,LOS ANGELES,842860,DINING CHAIR,"WHS-102811-41654304, WHS-102811-41721319",155.0,CTN,3718.0,0.0,CGGMHSK0520237,CAAU6079892,
2026-01-02,美国,中国,ROLLIN TYRE IMPORTERS LTD,GUANGZHOU FEIXIANG IMPORT & EXPORT CO LTD,5 MILTON ROAD BALMAIN COUVA TWI CONTACT PERSON -NAREN CONTACT NUMBER -1-868-686-1733 , ROOM 1218 NO 976 EAST HUANGPU AVENUE HUANGPU DISTRICT GUANGZHOU ,ROLLIN TYRE IMPORTERS LTD,5 MILTON ROAD BALMAIN COUVA TWI CONTACT PERSON -NAREN CONTACT NUMBER -1-868-686-1733 ,,"CN, CHINA",,PORT BUSTAMANTE,PORT EVERGLADES,401140,USED TIRES THIS SHIPMENT CONTAINS NO (SOLID) WOOD PACKINMATERIALS FREIGHT PREPAID TRINIDAD AND TOBAGO,NO MARKS,1500.0,PCS,18290.0,0.0,CMDUQGD2358393C,TCLU5898056,
2026-01-02,美国,中国,UNITED SUPPLY SYSTEMS PARADIGM MARKETING CONSORTIUM,GUANGZHOU JIELIAN PAPER CO LTD,30 STEWART AVENUE HUNTINGTON NY 11743 TEL/FAX: 516 496-0000/ 516, PART 1 OF 101 BUILDING NO 64 GUOMAO AVENUE SOUTH HUALONG TOWN PANYU GUANGZHOU CITY GUANGDONG 511400 ,SUSTAINED DIRECT LTD,UNIT A& B 15/F NEICH TOWER 128 GLOUCESTER ROAD WANCHAI HK TEL: 562-903-9000 ,,"CN, CHINA",,"SHENZHEN,YANTIAN","NEW YORK,NY",901010,JUMBO ROLL PAPER JUMBO ROLL PAPER . . @ EMAIL JCHIE@MOREXPRODUCTS.COM EMAIL AWU@TEHTUNGCN.COM,PO # PO01118138 PO # PO01118138 THE SAME THE SAME,1590.0,CTN,10319.0,0.0,EGLV149508547075,TIIU5613247,
2026-01-02,美国,中国,GOLDEN FULLIGHT COOPERATE INC,GUANGZHOU Y USA N TRADE CO LTD,270 TRACE COLONY PARK DR STE B RIDGELAND MS 39157 RIDGELAND 39157 US , NO 8 XIANFENG ROAD HUANGGE TOWN NA NSHA DISTRICT GUANGZHOU CITY GUANGZHOU CN ,DYNA LOGISTICS INC,18601 S SUSANA ROAD RANCHO DOMINGU EZ CA 90221 TEL: 1-310-632-4488 FA X: 1-310-632-0838 US ,,"CN, CHINA",,"SHENZHEN,YANTIAN",LONG BEACH,392220,PLASTIC BOTTLE/PLASTIC PUMP,NO MARKS,17.0,PKG,4190.0,0.0,SQDTDYOHT250041,OOCU9651508,
2026-01-02,美国,中国,CHAMELION INC,GUANGZHOU ZHIFANG TRADE CO LTD,6922 HOLLYWOOD BLVD STE 501 LOS ANGELES CA 90028 , ROOM 499 N350 NO 89 YANLING ROAD TIANHE DISTRICT GUANGZHOU CITY ,CHAMELION INC,6922 HOLLYWOOD BLVD STE 501 LOS ANGELES CA 90028 ,,"CN, CHINA",,"SHENZHEN,YANTIAN",LONG BEACH,841590,AIR CONDITIONING OUTDOOR UNITAIR CONDITIONING OUTDOOR UNIT,NO MARKSNO MARKS,431.0,CTN,17836.0,0.0,KIUFKBHZ25120012,"CSNU7475543,TRHU4468241",
2026-01-02,美国,中国,BLUEINSIGHT CO LTD,GUANGZHOU CAIJING TRADE CO LTD, C/O FBA 24208 SAN MICHELE RD , NO 05A 07B 09A 26F NO 268 270 274 SANYUANLI AVENUE ,N/A,N/A,,"CN, CHINA",,"SHENZHEN,YANTIAN",LOS ANGELES,731822,PUCK LOCK FORKLIFT HOOK TEACHING MODEL ELECTRIC HOIST TROLLEY,FBA193PSDNZ1 FBA193Z56RP3,94.0,CTN,1062.0,0.0,AMZDCN25MGMWYTOZ,HMMU4483519,
2026-01-02,美国,中国,TRANSPAK ANNEX,GUANGZHOU JINZHONG AUTO PARTS MANUF DONGFENG,6460 W MAPLE ROAD SWARTZ CREEK MICHIGAN 48473 US , ROAD AUTO INDUSTRIAL ZONE HUADU GUANGZHOU CN ,N/A,N/A,,"CN, CHINA",,"SHENZHEN,YANTIAN","NEW YORK,NY",871492,WHEEL TRIM HTS#,CUSTOMER: PART NO: Q TY: DATE: SUPPLIER CODE:MADE IN CHINA,93.0,CTN,368.0,0.0,FEVMSZF25112501A,FANU3612881,
2026-01-02,美国,中国,KMCC INC,GUANGZHOU W Q S INTERNATIONAL TRAD,18351 COLIMA RD #425 ROWLAND HEIGHTS CALIFORNIA 91748 US ,306 NO 90 FENGLE SOUTH ROAD HUANGPUDISTRICT GUANGZHOU CN,KMCC INC,18351 COLIMA RD #425 ROWLAND HEIGHTS US ,,"CN, CHINA",,"SHENZHEN,SHEKOU","NEW YORK,NY",760200,DELI CONTAINER HTS#,NO MARKS,503.0,CTN,3118.0,0.0,FEVMSZXF25112432,WHSU8399491,
2026-01-02,美国,中国,,GUANGZHOU GO JUDY TRADE CO LTD,N/A, NO 605 NO 263 GAOTANG ROAD TIANHE DISTRICT GUANGZHOU CITY 510000 ,N/A,N/A,,"CN, CHINA",,DALIANXINGANG,LOS ANGELES,842860,DINING CHAIR,"WHS-102811-41781732, WHS-102811-41781731",231.0,CTN,5552.0,0.0,CGGMHSK0520164,CAAU7879185,
2026-01-02,美国,中国,TEH TUNG CORP,GUANGZHOU JIELIAN PAPER CO LTD, 8728 DICE ROAD SANTA FE SPRINGS CA 90670 USA , PART 1 OF 101 BUILDING NO 64 GUOMAO AVENUE SOUTH HUALONG TOWN PANYU GUANGZHOU CITY GUANGDONG ,TEH TUNG CORP, 8728 DICE ROAD SANTA FE SPRINGS CA 90670 USA ,,"CN, CHINA",,"SHENZHEN,YANTIAN",LOS ANGELES,901010,JUMBO ROLL PAPER HS CODE: . .,PO 2194209,1275.0,CTN,7433.0,0.0,HYSLFSZX12250589,YMMU6767656,
2026-01-02,美国,中国,GUANGZHOU YUEFA E COMMERCE CO LTD,GUANGZHOU YUEFA E COMMERCE CO LTD, C/O FBA24208 SAN MICHELE RD , NO 109 BUILDING 2 NO 967 TIANYUAN ROAD ,N/A,N/A,,"CN, CHINA",,"SHENZHEN,YANTIAN",LOS ANGELES,870894,TENSIONER CRANKSHAFT PULLEY STEERING PUMP OVERHAUL KIT,NO MARKS,38.0,CTN,683.0,0.0,AMZDCN25WO5OJHO4,TXGU8753689,
2026-01-02,美国,中国,CBG FIT LLC,GUANGZHOU YUESHIXIANG TRADE CO,5101 SANTA MONICA BLVD STEP 8 ,C48 ROOM 615 FLOOR 6 NO 4 LINGSH AN EAST ROAD TIANHE DISTRICT ,CBG FIT LLC,5101 SANTA MONICA BLVD STEP 8 ,,"CN, CHINA",,"SHENZHEN,YANTIAN",LONG BEACH,200919,NFC RED GUAVA JUICE,NO MARKS,1333.0,PKG,19140.0,0.0,SMMBSSZX7308167,DFOU6154044,
2026-01-02,美国,中国,KMCC INC,GUANGZHOU W Q S INTERNATIONAL TRADEO LTD,18351 COLIMA RD 425ROWLAND HEIGHT S CA 91748 ,306 NO 90 FENGLE SOUTH ROAD HUANGPU DISTRICT GUANGZHOU GUANGDON ,KMCC INC,18351 COLIMA RD 425ROWLAND HEIGHT S CA 91748 ,,"CN, CHINA",,NINGBO,"NEW YORK,NY",392410,PLASTIC TABLEWARE,NO MARKS,1890.0,CTN,6471.0,0.0,SFOKHT25110570,WHSU6095308,
2026-01-02,美国,中国,CZX BUSINESS INC,GUANGZHOU HAOSHI TRADE CO LTD,945 CANNON RD RIVERSIDE CA 92506 US , NO 56 TONGHE BAISHAN EAST ROAD ROO M 308 GUANGZHOU 510000 CN ,JAAK TRANSPORT INC,21073 PATHFINDER ROAD SUITE 101 DIAMOND BAR CA 91765 US ,,"CN, CHINA",,"SHENZHEN,YANTIAN","OAKLAND, CA",580211,TOWEL BAR,NO MARKS,821.0,CTN,11100.0,0.0,BANQ1071024643,CMAU7031585,
2026-01-02,美国,中国,,GUANGZHOU GO JUDY TRADE CO LTD,N/A, NO 605 NO 263 GAOTANG ROAD TIANHE DISTRICT GUANGZHOU CITY 510000 ,N/A,N/A,,"CN, CHINA",,DALIANXINGANG,LOS ANGELES,630252,TABLE,WHS-102811-41784841,85.0,CTN,2048.0,0.0,CGGMHSK0520173,MRKU4280813,
2026-01-02,美国,中国,THOUSAND MILE ISLAND CO,GUANGZHOU POVISON TECHNOLOGY LIMITE NO,920 ONTARIO BLVD ONTARIO CA 91761 ,67 DONGPU 2ND ROAD YINGKEZHIGU BUILDING NO 2 3 4 TIANHE DISTRICT GUANGZHOU 510660,THOUSAND MILE ISLAND CO,920 ONTARIO BLVD ONTARIO CA 91761 ,,"CN, CHINA",,"SHENZHEN,SHEKOU","NEW YORK,NY",940140,SOFA SOFA ARMREST THIS SHIPMENT CONTAINS NO SOLID WOOD PACKING MATERIALS,POVISON,127.0,CTN,5110.0,0.0,VIFCVITFE2511225,WHSU6535583,
2026-01-02,美国,中国,CROSSBORDER INTERNATIONAL INC,GUANGZHOU ROLL VIEW TRADE CO LT,220 E 42ND ST NEW YORK NY 10017 , NO 2 YUNCHENG SOUTH SECOND ROAD BAIYUN DISTRICT GUANGZHOU CHINA ,CROSSBORDER INTERNATIONAL INC,220 E 42ND ST NEW YORK NY 10017 ,,"CN, CHINA",,SHANGHAI,LOS ANGELES,851621,STORAGE BAG,NO MARKS,919.0,CTN,14300.0,0.0,CDBQSH253107,XYLU8208527,
2026-01-02,美国,中国,ONTI TRADE INC,GUANGZHOU YUNSANG INTERNATIONAL,630KST120 ,ROOM 1602 NO 1 JINSUI ROAD TIANHE DISTRICT ,ONTI TRADE INC,630KST120 ,,"CN, CHINA",,NINGBO,City of New York,903120,WORKBENCH,NO MARKS,575.0,CTN,15616.0,0.0,UULNNGB25112658,CSNU6045173,
2026-01-02,美国,中国,YUEBOTR INC,GUANGZHOU ZHU MIN IMPORT & EXPORT TRADE CO LTD,350 NORTHERN BLVD STE 324-1331 ALBANY NY 12204 USA , ROOM 327 NO 78 AND 90 KEYUN ROAD TIANHE DISTRICT GUANGZHOU CHINA ,YUEBOTR INC,350 NORTHERN BLVD STE 324-1331 ALBANY NY 12204 USA ,,"CN, CHINA",,"SHENZHEN,YANTIAN",LONG BEACH,420299,PLASTIC FLOOR MAT PLASTIC BOTTLE THIS SHIPMENT CONTAINS NO WOOD PACKAGING MATERIALS,NM,646.0,PCS,13500.0,0.0,RSLCSNAF2512353B,UETU7425396,
2026-01-02,美国,中国,KENFUKU TRADE LIMITED,GUANGZHOU TIAN YI INFORMATION TECHNOLOGY CO LTD, 75 SOUTH CLINTON AVENUEROCHESTER N Y 14604 NY NY 14604 US ,ROOM 309 NO 6 WA NGGANG INDUSTRIAL GZ CN ,KENFUKU TRADE LIMITED, 75 SOUTH CLINTON AVENUEROCHESTER N Y 14604 NY US ,,"CN, CHINA",,"SHENZHEN,YANTIAN",LONG BEACH,481960,STORAGE BOX,NO MARKS,826.0,CTN,13000.0,0.0,EVHL25120205,OOCU8299012,
2026-01-02,美国,中国,FG GLOBAL COMMERCE INC,GUANGZHOU AYASHA TRADE CO LTD,15707 ROCKFIELD BLVD IRVINE CA 92 618 IRVINE US , SHOP 108 BUILDING 6 NO 5 DONGFE NG STREET DONGPING BAIYUN DISTRIC T GUANGZHOU 510080 GUANGZHOU CN ,FG GLOBAL COMMERCE INC,15707 ROCKFIELD BLVD IRVINE CA 92 618 IRVINE US ,,"CN, CHINA",,"SHENZHEN,YANTIAN","NEW YORK,NY",960629,ENTERTAINMENT CITY PLASTIC SHELL THIS SHIPME NT CONTAINS NO SOLID WOOD PACKING MATERIAL.,NO MARKS,278.0,PKG,7040.0,0.0,SKBLCLN25110364,WHLU5623215,
2026-01-02,美国,中国,APPARATUS LLC,GUANGZHOU XIONGYI PRECISION METAL WORKING CO LTD,80 RICHARDS STREET 5TH FLOOR , HANTANG IND ZONE LANGBIAN VILL SHIJI TOWN PANYU DIST ,APPARATUS LLC,80 RICHARDS STREET 5TH FLOOR ,,"CN, CHINA",,"SHENZHEN,SHEKOU","NEW YORK,NY",940540,LIGHTING PART HS CODE / /,NM,269.0,CTN,1728.0,0.0,EXNWECAN2511005,WHSU2121163,
2026-01-02,美国,中国,KMCC INC,GUANGZHOU W Q S INTERNATIONAL TRADEO LTD,18351 COLIMA RD 425ROWLAND HEIGHT S CA 91748 ,306 NO 90 FENGLE SOUTH ROAD HUANGPU DISTRICT GUANGZHOU GUANGDON ,KMCC INC,18351 COLIMA RD 425ROWLAND HEIGHT S CA 91748 ,,"CN, CHINA",,NINGBO,"NEW YORK,NY",392410,PLASTIC TABLEWARE,NO MARKS,6579.0,CTN,12829.0,0.0,SFOKHT25110572,WHSU8047593,
2026-01-02,美国,中国,THOUSAND MILE ISLAND CO,GUANGZHOU POVISON TECHNOLOGY LIMITE NO,920 ONTARIO BLVD ONTARIO CA 91761 ,67 DONGPU 2ND ROAD YINGKEZHIGU BUILDING NO 2 3 4 TIANHE DISTRICT GUANGZHOU,THOUSAND MILE ISLAND CO,920 ONTARIO BLVD ONTARIO CA 91761 ,,"CN, CHINA",,"SHENZHEN,SHEKOU","NEW YORK,NY",940140,SOFA THIS SHIPMENT CONTAINS NO SOLID WOOD PACKING MATERIALS,POVISON,153.0,CTN,5510.0,0.0,VIFCVITFE2511224,WHSU6317051,
2026-01-02,美国,中国,AIT WORLDWIDE,VESTA GUANGZHOU CATERING EQUIPMENT,2475 WRIGHT BLVD STE 103 HEBRON KY 41048 US,43 LIANGLONG SOUTH STREET HUADU DISTRICT GUANGZHOU GUANGDONG 510880 CN,N/A,N/A,,"CN, CHINA",,"SHENZHEN,YANTIAN","NEW YORK,NY",902810,GAS CHARBROILER GAS HOTPLATE HTS: ELECTRIC CONVECTION OVEN HTS:,NO MARKS,62.0,PKG,12529.0,0.0,EXDO61X8152757,HLBU2078018,
2026-01-02,美国,中国,KMCC INC,GUANGZHOU W Q S INTERNATIONAL TRAD,18351 COLIMA RD #425 ROWLAND HEIGHTS CALIFORNIA 91748 US ,306 NO 90 FENGLE SOUTH ROAD HUANGPUDISTRICT GUANGZHOU CN,KMCC INC,18351 COLIMA RD #425 ROWLAND HEIGHTS US ,,"CN, CHINA",,"SHENZHEN,SHEKOU","NEW YORK,NY",760200,DELI CONTAINER HS:,NO MARKS,509.0,CTN,2911.0,0.0,FEVMSZXF25111348,TCKU7053750,
2026-01-02,美国,中国,NAYELIDE SHOP SA CV,GUANGZHOU JUNHE INTERNATIONAL LOGIS,CALLE MANUEL FERNANDO SOTO NUMEROEX ,ROOM L357 UNIT 505 NO 8 JINGGAN ,HODOS SUPPLY CHAIN ADVANCE LLC,19141 GOLDEN VALLY RD SUIT 1006 ,,"CN, CHINA",,"SHENZHEN,YANTIAN",LONG BEACH,392220,PLASTIC BAG,NO MARKS,1363.0,CTN,18133.0,0.0,CHQFHSZ25120326,CSNU7014602,
2026-01-02,美国,中国,BRIGHTPATH TRADE INC,GUANGZHOU YUTENG TRADE CO LTD,2920 E INLAND EMPIRE BLVD SUITE 105ONTARIO CA 91764 ONTARIO US , 9 ROOM 148 B604 6TH FLOOR NO 2 XI NCEN 4TH ROAD TIANHE DISTRICT GUAN GZHOU GUANGZHOU CN ,BRIGHTPATH TRADE INC,2920 E INLAND EMPIRE BLVD SUITE 105ONTARIO CA 91764 ONTARIO US ,,"CN, CHINA",,"SHENZHEN,YANTIAN",LONG BEACH,630621,KEYBOARD BROOM HAIR CLIP HEADSET TENT,NO MARKS,1256.0,CTN,19020.0,0.0,YKSEKM251205056,OOLU9368876,
2026-01-02,美国,中国,GUANGZHOUMOHANMIYA C O FBA,GUANG ZHOU MO HAN MI YA DIAN ZI SHA NG WU LTD,5990 N CAJON BLVD,ROOM XIANG XUE STREETWEST 299 ,N/A,N/A,,"CN, CHINA",,"SHENZHEN,YANTIAN",LOS ANGELES,830250,SHELF BRACKET,NO MARKS,451.0,CTN,6078.0,0.0,AMZDCN25RIWTZL22,KOCU4086061,
2026-01-02,美国,中国,GLOBAL STORE SUPPLY INC,GUANGZHOU SUOGLE TECHNOLOGY CO LTD,14955 LIMONITE AVE EASTVALE CA 928 80 USA , RM606-611 BUILDING 3 GAOSHENG PLAZANO 163 YINGBIN AVENUE HUADU DISTRI CT GUANGZHOU CITY GUANGDONG CHINA ,GLOBAL STORE SUPPLY INC,14955 LIMONITE AVE EASTVALE CA 928 80 USA ,,"CN, CHINA",,"SHENZHEN,YANTIAN",LONG BEACH,392490,ACRYLIC PICTURE FRAME KRAFT BUBBLE MAILER MDF PICTURE FRAME PAPER BOX PE COURIER BAG PE POLY BUBBLE MAILER PLASTIC HANGER PLASTIC PLANTS POT PLASTIC STOOL TABLE MAT THIS SHIPMENT CONTAINS NO WOOD PACKAGING MATERIALS,NM,849.0,PCS,7570.0,0.0,RSLCSNAF2512302A,FFAU6258628,
2026-01-02,美国,中国,IKEA SUPPLY AG,EXTRA LIGHT GUANGZHOU ELECTRICAL CO LTD,100 IKEA DRIVE WESTAMPTON USNJ 08060 US, NO 1102 XIHUAN ROAD SHA WAN TOWN GUANGZHOU CN44 511485 CN ,EXPEDITORS INTERNATIONAL PHL,519 KAISER DR STE A FOLCROFT PA 19032 US ,,"CN, CHINA",,CARTAGENA,Philadelphia,170290,NYMANE FLR LMP W -S/ TOTAL PIECES: / TOTAL PALLETS: IKEA CONSIGNMENT NUMBER: -SU P-SZ HS CODE: SHIPMENT ID: - TSO-S -,NO MARKS,12.0,PCS,4073.78,0.0,ZIMUSHH033026852,GAOU6101508,
2026-01-02,美国,墨西哥,KATY GREEN TRADE COMPANY LLC,GUANGZHOU QICHUAN WOODEN PRODUCTS C O LTD,3419 MERCER ST HOUSTON TX 77027 US ,BLOCK 2 ZHUANGSHICAILIAOCHE NG ZHONGCUN PANYU GUANGZHOU ,KATY GREEN TRADE COMPANY LLC,3419 MERCER ST HOUSTON TX 77027 US ,,"MX, MEXICO",,Lazaro Cardenas,"HOUSTON,TX",140110,WOOD FLOORING BAMBOO DECKING BAMBOO WALL CLADDING STEEL CLIPS WITH SCREW,.,22.0,PKG,26462.0,0.0,SAKQSHOU5N03014,MRSU5720355,
2026-01-02,美国,中国,GUANGZHOU HUIFUSHENG E COMMERCE CO LTD,GUANGZHOU HUIFUSHENG E COMMERCE CO LTD, C/O FBA5990 N CAJON BLVD ,106 FENGZE EAST ROAD ,N/A,N/A,,"CN, CHINA",,QINGDAO,LOS ANGELES,870870,OFF ROAD PARTS,NO MARKS,500.0,CTN,2838.0,0.0,AMZDCN257FZTADF6,MRSU3485175,
2026-01-02,美国,中国,REUBENT INC,GUANGZHOU ZHONGCHEN CULTURE DEVELOP,1299 WASHINGTON AVE UNIT 120 GOLDENCO 80401 GOLDEN COLORADO 80401 US ,ROOM A903 NO 38 WANGGANG ROAD JIAH E STREET BAIYUN DISTRICT GUANGZHOU CHINA GUANGZHOU CN ,N/A,N/A,,"CN, CHINA",,"SHENZHEN,YANTIAN","NEW YORK,NY",851621,STORAGE RACK,NO MARKS,95.0,PKG,11500.0,0.0,NXHSSZXH25110975,TCKU6060800,
2026-01-02,美国,中国,ELITEWORLD GROUP,GUANGZHOU BADIAJIA TRADE CO LTD, CORP ADD 550 E THORNTON PKY STE 224 TH ORNTON CO 80229EMAILKINLINKGR@126 , ADDROOM 301-E72 3RD FLOOR NO 12 3 DONGJING SOUTH ROAD LIWAN DISTRI ,ELITEWORLD GROUP, CORP ADD 550 E THORNTON PKY STE 224 TH ORNTON CO 80229EMAILKINLINKGR@126 ,,"CN, CHINA",,"SHENZHEN,YANTIAN","NEW YORK,NY",391590,PET BED THIS SHIPMENT CONTAINS NO WOOD PACKING MATERIALS,XSY .,584.0,CTN,19892.0,0.0,SFOKTAO25111274,GAOU6932991,
2026-01-02,美国,中国,STAR OF INDIA FASHIONS INC,GUANGZHOU LOVE STITCH FASHION CO LT,1038 W SOUTHERN AVE , NO 218 BUILDING 11 DONGYUE ECOLOG ICAL PARK NO 3 YONGJIA ROAD JIAHE STREET BAIYUN DISTRICT ,STAR OF INDIA FASHIONS INC,1038 W SOUTHERN AVE ,,"CN, CHINA",,"SHENZHEN,YANTIAN",LONG BEACH,621149,WOMEN S KNITTED TOPPO#,ANGIE??,11.0,CTN,173.0,0.0,UNQLSGUZ2526122,TEMU6364448,
2026-01-02,美国,中国,GUANGZHOU BESTLEAD CO LTD,GUANGZHOU BLUE AURORA TECHNOLOGY IN NOVATION, C/O FBA24208 SAN MICHELE RD ,ROOM 1706 NO 160 HUANGBI AN NORTH ROAD BAIYUN DISTRICT ,N/A,N/A,,"CN, CHINA",,"SHENZHEN,YANTIAN",LOS ANGELES,841940,PLANT STAND,NO MARKS,399.0,CTN,3156.0,0.0,AMZDCN25OYUYLDG6,KOCU5238847,
2026-01-02,美国,中国,GUANGZHOU YUEFA E COMMERCE CO LTD,GUANGZHOU YUEFA E COMMERCE CO LTD, C/O FBA24208 SAN MICHELE RD , NO 109 BUILDING 2 NO 967 TIANYUAN ROAD ,N/A,N/A,,"CN, CHINA",,"SHENZHEN,YANTIAN",LOS ANGELES,481200,TIMING CHAIN OVERHAUL KIT REPAIR PLATE FILTER CAMSHAFT,NO MARKS,107.0,CTN,1565.0,0.0,AMZDCN25IAKPBJU6,HMMU4483519,
2026-01-02,美国,中国,BRIGHTPATH TRADE INC,GUANGZHOU YUTENG TRADE CO LTD,2920 E INLAND EMPIRE BLVD SUITE 105ONTARIO CA 91764 ONTARIO US , 9 ROOM 148 B604 6TH FLOOR NO 2 XI NCEN 4TH ROAD TIANHE DISTRICT GUAN GZHOU GUANGZHOU CN ,BLUE CARGO INC,145B TALMADGE RD STE 5 DOOR32-58 EDISON NJ 08817 EDISON US ,,"CN, CHINA",,"SHENZHEN,YANTIAN",LONG BEACH,481960,PLASTIC CUP KEYBOARD STORAGE BOX HAIR CLIP TENT,NO MARKS,719.0,CTN,10309.0,0.0,YKSEKM251211059,CSGU6711136,
2026-01-02,美国,中国,BELLE BRANDS LLC,GUANGZHOU LISSON PLASTIC CO LTD,15 RIVERSIDE AVENUE FIRST FLOOR WESTPORT CT UNITED STATES 06880 , LISSON MANSION NO 2-36 YONGFA ROAD HUADU DISTRICT GUANGZHOU CITY GUANGDONG PROVINCE CHINA ,BELLE BRANDS LLC,15 RIVERSIDE AVENUE FIRST FLOOR WESTPORT CT UNITED STATES 06880 ,,"CN, CHINA",,"SHENZHEN,YANTIAN","NEW YORK,NY",750720,ML PIPETTE BADY LOTION FRAGRANCE FREE TUBEML PIPETTE BADY LOTION FRAGRANCE FREE TUBE,PIP 1306PIP 1306,527.0,CTN,4850.0,0.0,FLXT00003470626A,"UACU8597271,UACU8607132",
2026-01-02,美国,中国,FUSION WORKS INC,GUANGZHOU ZHENGNENG ELECTRONIC TECH,15902A HALLIBURTON RD #1179 HACIENDA HEIGHTS CA 91745 ,1/F NO 74 DALAINAN ROAD TAIHE TOWNBAIYUN DISTRICT GUANGZHOU,QI LIN TRADE INC,15902 HALLIBURTON RD SUITE A #59 H ACIENDA HEIGHTS CA 91745 ,,"CN, CHINA",,"SHENZHEN,YANTIAN",LONG BEACH,870510,MOBILE PHONE HOLDER MOBILE PHONE HOLDER,NO MARKS,723.0,CTN,10752.0,0.0,GSDRHZMSH418380,CSGU6713020,
2026-01-02,美国,中国,MENDOZA RETAIL LLC,GUANGZHOU JIUYOU TRADE CO LTD,200W 3RD ST STE100 , BUILDING A NO 2 DONGPI NG DONGKENG STREET YONGPING STREET ,MENDOZA RETAIL LLC,200W 3RD ST STE100 ,,"CN, CHINA",,SHANGHAI,LOS ANGELES,420299,PLASTIC COURIER BAGS,NO MARKS,706.0,CTN,12784.0,0.0,CTYOSHA59529891,TCLU6561619,
2026-01-02,美国,中国,RISING INDUSTRIAL CO LTD,GUANGZHOU FUYOU IMPORT & EXPORT T, 4195 CHINO HILLS PKWY STE E132 CHINO HILLS CA 91709 ,605 RONGHUI BUILDING NO 302 ZHICHENG AVENUE GUANGZHOU ECONOM IC AND TECHNOLOGICAL DEVELOPMENT ZO,RISING INDUSTRIAL CO LTD, 4195 CHINO HILLS PKWY STE E132 CHINO HILLS CA 91709 ,,"CN, CHINA",,"SHENZHEN,SHEKOU","OAKLAND, CA",392330,ML GLASS JARS,NO MARKS,860.0,CTN,13641.0,272820.0,GSDRXU025F845827,WHSU5030663,
2026-01-02,美国,中国,KRANER TRADE INC,GUANGZHOU XIANYU SPORTS EQUIPMENT C,201 ROBERT S KERR AVE OKLAHOMA CITYOK 73102 OKLAHOMA US ,HUIZHOU CITY HUIPING DISTRICT XINJIA TOWN DONGFENGQIANKOU VILLAGE HUIZHOU CN ,KRANER TRADE INC,201 ROBERT S KERR AVE OKLAHOMA CITYOK 73102 OKLAHOMA US ,,"CN, CHINA",,"SHENZHEN,YANTIAN",LONG BEACH,940140,SOFA,NO MARKS,460.0,CTN,16822.0,0.0,MUWRSZE252512495,FFAU3611032,
2026-01-02,美国,中国,SUPERB DISTRIBUTORS INC,GUANGZHOU ONEBIO DETERGENT PRODUCTS CO LTD,ADD:CONFER CALIVIGNY ST GEORGE S GRENADA , ADD: NO 565 YUNCHENG EAST ROAD BAIYUN DISTRICT ,SUPERB DISTRIBUTORS INC,ADD:CONFER CALIVIGNY ST GEORGE S GRENADA ,,"CN, CHINA",,PORT BUSTAMANTE,PORT EVERGLADES,252520,DETERGENT POWDER,NO MARKS,2034.0,CTN,32000.0,0.0,CMDUSWA0440799,CAAU6259301,
2026-01-02,美国,中国,TIDEBORN TRADE INC,GUANGZHOU HANSONG ELECTRIC TECHNOLO,110 16TH ST STE 1460 DENVER CO 80202 DENVER US ,9 FLOOR BLOCK 1 KIN HO INDUSTRIAL BUILDING14 24 AU PUI WAN STREET FO TAN NT HONG KONG HONGKONG CN,TIDEBORN TRADE INC,110 16TH ST STE 1460 DENVER CO 80202 DENVER US ,,"CN, CHINA",,"SHENZHEN,YANTIAN","NEW YORK,NY",842860,DINING CHAIR,NO MARKS,41.0,CTN,2050.0,0.0,NHSONHTC25111001,EWLU2340770,
2026-01-02,美国,中国,U MILA & SMART INC,GUANGZHOU MAITELIN IT LTD,425 TURNBULL CANYON RD ,ROOM 811 BUILDING A KAIXIANG E-COMMERCE BUILDING 50 JUYUAN STRE ,N/A,N/A,,"CN, CHINA",,"SHENZHEN,YANTIAN",LONG BEACH,842860,SOFA RESTAURANT CHAIR THE SHIPPER S LOAD AND COUNT,NO MARKS,219.0,CTN,3460.0,0.0,NCZLSZ25120584,DSZU4806517,
2026-01-02,美国,中国,SUPERIOR WELLNESS US INC,GUANGZHOU J&J SANITARY WARE CO LTD,106 LOGISTICS DR , NO 41 PEIZHENG AVENUE CHINI TOWN HUADU DISTRICT ,SUPERIOR WELLNESS US INC,106 LOGISTICS DR ,,"CN, CHINA",,"SHENZHEN,YANTIAN",Charleston,,WHIRLPOOL SPAWHIRLPOOL SPAWHIRLPOOL SPAWHIRLPOOL SPAWHIRLPOOL SPA,PLATINUM SPASPLATINUM SPASPLATINUM SPASPLATINUM SPASPLATINUM SPAS,203.0,PKG,25340.0,0.0,HILYSXDE25110176,"JXLU6228826,JXLU4448396,CAAU9563703,GAOU7872264,TEMU7256622",
2026-01-02,美国,中国,G&H GROUP,GUANGZHOU ZHIHONG COMMERCIAL TRADEN, 1988 CAMFIELD AVE COMMERCE CA90040 US ,ROOM 1301 ONE OF THE NO 2 GUANGWEI ROAD YUEXIU DISTRICT GUANGZHOU CN ,N/A,N/A,,"CN, CHINA",,"SHENZHEN,YANTIAN",LONG BEACH,680510,LADIES WOVEN PANTS LADIES WOVEN SHORTS,NO MARKS,767.0,CTN,12690.0,0.0,SQKKTLSE25120038,OOLU9713226,
2026-01-02,美国,中国,MUKU HOME INC,GUANGZHOU LINHE MUYU TECHNOLOGY CO LTD,ADDRESS218 MACHLIN CT R201 WALNUT CA 91789 , YONGPING STREET BAIYUN DISTRICT GUANGZHOU ,MUKU HOME INC,ADDRESS218 MACHLIN CT R201 WALNUT CA 91789 ,,"CN, CHINA",,"SHENZHEN,YANTIAN",LONG BEACH,701310,OFFICE TABLE,NO MARKS,255.0,CTN,10140.0,0.0,YQNLNJSE3912619,FSCU8987332,
2026-01-02,美国,中国,LEVAREJ COMERCIALIZADORA S A DE C V,GUANGZHOU BAICHENG INTERNATIONAL, EBANO 8515 JARDINES DELBOSQUE CP3 253932539 ,LOGISTICS CO LTD ROOM W22 206 N O 1302 NORTH BAIYUN AVENUE BAIYUN DISTRICT GUANGZHOU CITY ,LEVAREJ COMERCIALIZADORA S A DE C V, EBANO 8515 JARDINES DELBOSQUE CP3 253932539 ,,"CN, CHINA",,"SHENZHEN,YANTIAN",LOS ANGELES,690490,HOUSEHOLD ITEMS FLOORING TILES LED SCREEN VIDEO PROCESSOR,NO MARKS,431.0,CTN,16960.0,339200.0,CHIASEF251125110,SEGU5940347,
2026-01-02,美国,中国,LONSTA CONSTRUCTION INC,GUANGZHOU HEDSOM,6421 TORRESDALE AVE PHILADELPHIA PA191356466259884 ,BUILDING MATERIAL RM 025 1/F BLOCK C TIANHAI CREATIVEREALM NO 555 HUANGPU AVE EAST TIAN HE DIST GUANGZHOU 510660 CHINA ,LONSTA CONSTRUCTION INC,6421 TORRESDALE AVE PHILADELPHIA PA191356466259884 ,,"CN, CHINA",,SHANGHAI,"NEW YORK,NY",940320,PVC FLOOR FURNITUREPVC FLOOR FURNITURE,NO MARKSNO MARKS,44.0,PKG,52007.0,0.0,TXSLJF202511309,"WHSU5089701,GCXU5363676",
2026-01-02,美国,中国,BRIGHT TRADE LTD,GUANGZHOU ZHANZHIHANG TRADE CO,34 FRANKLIN AVE BROOKLYN NY 11205 NEW YORK NEW YORK 11205 US ,L ROOM 320 NO 1 JIANGXIA NORTH MIDDLEROAD BAIYUN DISTRICT GUANGZHOU CHI NA GUANGZHOU CN ,N/A,N/A,,"CN, CHINA",,TIANJIN,LOS ANGELES,732392,WOOD TABLE TOP HS CODE:,NO MARKS,65.0,CTN,15460.0,0.0,ILCDHWS225111884,FANU1470638,
2026-01-02,美国,中国,GOLDEN SUN COMMERCE INC,GUANGZHOU LUOMA QISHI LEATHER GOODS CO LTD,2100 MARKET ST DENVER CO 802052025 US , BUILDING A 1ST FLOOR 101 ST AND 3RD TO 4TH FLOORS NO 6 UNI TED ROAD UNITED VILLAGE SHILING ,EVER CUSTOMS INC,2583 E WYANDOTTE CT ONTARIO CALIF ORNIA 91761 UNITED STATES ,,"CN, CHINA",,"SHENZHEN,YANTIAN",LONG BEACH,841830,CHEST PACK MAKEUP BAG,NO MARKS,764.0,CTN,5736.0,0.0,NIPANBMS25120404,OOLU8985180,
2026-01-02,美国,中国香港,BOSTON FOUNDRY INC,GUANGZHOU STER FUTURE HARDWARE CO LTD,17654 BEN E KEITH WAY SELMA TX 78154-3996 UNITED STATES KARA STRASSER +1 5135684134 KARA@ , BUILDING 13 XINJI HAOTAI YINGBIN ROAD PANYU DISTRICT GUANGZHOU CITY GUANGDONG CHINA ,BOSTON FOUNDRY INC,17654 BEN E KEITH WAY SELMA TX 78154-3996 UNITED STATES KARA STRASSER +1 5135684134 KARA@ ,,"HK, HONG KONG",,HONG KONG,LONG BEACH,720421,. STAINLESS STEEL MEASURING CUPS PLTS= CTNS,ITEM NO.: ACC-MEASURING-CUPS,200.0,CTN,3310.0,0.0,FLXT00003598519A,SELU4273766,
2026-01-02,美国,中国,ELECTRICAL COMPONENTS INTERNATIONAL INC,GUANGZHOU BAOHING ELECTRIC WIRE& CA,ECI 12415 ROJAS DR EL PASO TX 79928DOCK DOORS 1-6 EL PASO TX 79928 US , NO 8 XIANGNING ROAD NINGXI STREET ZENGCHENG DISTRICT GUANGZHOU GUANG ZHOU CN ,ROYAL DYNAMIC EL PASO TX,8700 CASTNER DRIVE SUITE EEL PASO TX US 79907 EL PASO US,,"CN, CHINA",,"SHENZHEN,YANTIAN",LONG BEACH,847940,CABLE REELS BHEC,ECI NATO:MEXICO1-24CONTAINER 1X40 MADE IN CHINA,24.0,PKG,13750.0,0.0,GLVVGL2512003436,RFCU4019843,
2026-01-02,美国,中国,,GUANGZHOU GO JUDY TRADE CO LTD,N/A, NO 605 NO 263 GAOTANG ROAD TIANHE DISTRICT GUANGZHOU CITY 510000 ,N/A,N/A,,"CN, CHINA",,SHANGHAI,Jacksonville,940161,"DINING CHAIR,TABLE","WHS-102811-41686515,WHS-102811-41686522",84.0,CTN,1691.0,0.0,CGGMSGH5058608,MSKU0535543,
2026-01-02,美国,中国,MASTERWORKS DEVELOPMENT CO,SHENGQIN GUANGZHOU DIANZISHANGWUYOU XIANGONGSI,LIMITE D C/O FBA 4121 LYTLE CREEK RD FONTA ,406 BUILDING 3 SIH AI CITY PLAZA NO 390 EAST HANXI,AMAZON COM SERVICES LLC,POC1 4121 LYTLE CREEK RD FONTANA CA 9233 ,,"CN, CHINA",,SHANGHAI,LOS ANGELES,722880,DRILL,NO MARKS,30.0,CTN,411.0,0.0,AMZDCN25J2AXG5YN,MRKU6336085,
2026-01-02,美国,中国,PUTCO INC,GUANGZHOU JUNHUA AUTOMOTIVE ELECTRO,5701 NE 22ND STREET ,BUILDING J GUANGRI INDUSTRIAL PARK NO 636 5 GUOMAO AVENUE SHILOU TOWN ,N/A,N/A,,"CN, CHINA",,"SHENZHEN,YANTIAN",LONG BEACH,854110,CAR LED LIGHT HS CODE,PUTCO INC NO 1 NO 28 CAR LED LIGHT,28.0,CTN,368.0,0.0,NAQATSL25120242,BMOU5148409,
2026-01-02,美国,中国,GUANGZHOUSHIHEYIMAOYIYOUXIANGONGSI C O FBA24208 SAN MICHELE,GUANGZHOUSHIHEYIMAOYIYOUXIANGONGSI, RD ,ROOM 125 NO 58 ZHAOCUN BEIYUE ROAD ,N/A,N/A,,"CN, CHINA",,NINGBO,LOS ANGELES,291611,ACRYLIC PAINT,NO MARKS,409.0,CTN,6728.0,0.0,AMZDCN25LDN2KQDK,HMMU4689201,
2026-01-02,美国,中国,AURHSOTJ INTERNATIONAL INC,GUANGZHOU Q & H TRADE CO LTD,31-249 W 39TH ST STE 902 NEW YORK NEW YORK 10018 US , 803A NO 1268 GUANGZHOU AVENUE TIANHE DISTRICT GUANGZHOU CN ,AURHSOTJ INTERNATIONAL INC,31-249 W 39TH ST STE 902 NEW YORK US ,,"CN, CHINA",,"SHENZHEN,YANTIAN",LONG BEACH,481810,PAPER SLEEVE HS:,PO#55178 OH,1430.0,CTN,17924.0,0.0,FEVMSZXF25121126,CCLU7746251,
2026-01-02,美国,中国,LPGA BEST HARMONY GLOBALIZED TRADEN,MAO MAO YE TRADE GUANGZHOU CO,1669 PUDDINGSTONE DR LA VERNE CA 9 1750 LA VERNE CALIFORNIA CA 91750 US ,LANTIANCANG NO 6 DALANG WEST ROAD BAIYUNHUSTREET BAIYUN DISTRICT GUANGZHOU CITY GUANGZHOU CN ,N/A,N/A,,"CN, CHINA",,"SHENZHEN,YANTIAN",LONG BEACH,847960,AIR PURIFIER HS CODE:,NO MARKS,794.0,CTN,8019.0,0.0,SKEMZG2512110028,GCXU5624580,
2026-01-02,美国,中国,KMCC INC,GUANGZHOU W Q S INTERNATIONAL TRADEO LTD,18351 COLIMA RD 425ROWLAND HEIGHT S CA 91748 ,306 NO 90 FENGLE SOUTH ROAD HUANGPU DISTRICT GUANGZHOU GUANGDON ,KMCC INC,18351 COLIMA RD 425ROWLAND HEIGHT S CA 91748 ,,"CN, CHINA",,NINGBO,"NEW YORK,NY",392410,PLASTIC TABLEWARE,NO MARKS,2009.0,CTN,16900.0,0.0,SFOKHT25110559,WHSU5947539,
2026-01-02,美国,中国,CROWD CONTROL WAREHOUSE,GUANGZHOU UFEIYA METAL PRODUCTS CO,11622 LUCKY HILL RD REMINGTON VIRG INIA 22734 US ,ADDRESS: INDUSTRIAL ROAD NO 12-101 XISHANVILLAGE HUALONG TOWN PAN YU DISTRICT GUANGZHOU CN ,CROWD CONTROL WAREHOUSE,11622 LUCKY HILL RD REMINGTON US,,"CN, CHINA",,"SHENZHEN,YANTIAN","NEW YORK,NY",821591,BARRIER CTNS= PLTS+ CTNS NULL BARRIER CTNS= PL TS+ CTNSBARRIER CTNS= PLTS+ CTNS NULL BARRIER CTNS= PL TS+ CTNS,CONTAINER#1-44 PO#218682 CONTAINER#1-45 PO#218699CONTAINER#1-44 PO#218682 CONTAINER#1-45 PO#218699,2058.0,CTN,44940.0,0.0,PLGJSZ25118277,"WHSU5050778,WHSU6895131",
2026-01-02,美国,中国,FIERY ENERGY INC,GUANGZHOU RUICHENGDA ELECTRONICS CO LTD,C/O FBA 24208 SAN MICHELE RD ,0534 ZONE E 2ND FLOOR BUILDIN G B-5 NO 323 SHAPU STREET CENCUN T ,N/A,N/A,,"CN, CHINA",,NINGBO,LONG BEACH,482020,EXERCISE BIKE,FBA1943M8XZM FBA1943MK8CY,400.0,CTN,1972.0,0.0,AMZDCN25GV3ENUYA,CMAU6167875,
2026-01-02,美国,中国,,GUANGZHOU TENGXUAN TRADE CO LTD,N/A, KUN ZHAO ROOM 302 NO 30 WANGGANG SHANGSHENG EAST STREET BAIYUN DIS TRICT GUANGZHOU ,N/A,N/A,,"CN, CHINA",,"SHENZHEN,YANTIAN",LONG BEACH,630520,PACKING BAGS,NO MARKS,953.0,CTN,14094.0,0.0,MFNOMF25120727,CSNU6427176,
2026-01-02,美国,中国,BRILIANTWERK GMBH CO FBA,GUANGZHOU DOGLEMI PET PRODUCT LTD,36900 W 4TH ST ,NO 138 JIEFANG WEST ROAD SHATOU ST REET ,N/A,N/A,,"CN, CHINA",,"SHENZHEN,YANTIAN",LOS ANGELES,730810,BED BRIDGE,BRILIANTWERK GMBH,84.0,CTN,1294.0,0.0,AMZDCN2545YKVEQD,KOCU4685389,
2026-01-02,美国,中国,BIANCHI TRADE CO LTD,GUANGZHOU NEW STORY TRADE CO LT, 17917 SCARECROW PL ROWLAND HEIGHTS CA 91748 ROWLAND HEIGHTS 91748 U S , ROOM 2203 NO 13 ZEXI STREET HAN XI VILLAGEZHONGCUN STREET PANYU DI STRICT GUANGZHOU GUANGZHOU CN ,N/A,N/A,,"CN, CHINA",,"SHENZHEN,YANTIAN",LONG BEACH,481960,STORAGE BOX,NO MARKS,1483.0,CTN,16910.0,0.0,SLYWSSC2512340,TCKU6820878,
2026-01-02,美国,中国,ORBIX GLOBAL INC,GUANGZHOU YAOHUANG TRADE CO LTD,1251 E LARKWOOD ST WEST COVINA CA COVINA CALIFORNIA 91790 US , 24-A50 ROOM 301 3RD FLOOR NO 4 LIN GSHAN EAST ROADTIANHE DISTRICT GUANGZHOU CHINA GUANGZHOU CN ,N/A,N/A,,"CN, CHINA",,QINGDAO,LOS ANGELES,851621,STORAGE CABINET,NO MARKS,1286.0,CTN,16850.0,0.0,MLILMQD25121235,TCNU1714219,
2026-01-02,美国,中国,GOLDEN SUN COMMERCE INC,GUANGZHOU LUOMA QISHI LEATHER GOODS CO LTD,2100 MARKET ST DENVER CO 802052025 US , BUILDING A 1ST FLOOR 101 ST AND 3RD TO 4TH FLOORS NO 6 UNI TED ROAD UNITED VILLAGE SHILING ,EVER CUSTOMS INC,2583 E WYANDOTTE CT ONTARIO CALIF ORNIA 91761 UNITED STATES ,,"CN, CHINA",,"SHENZHEN,YANTIAN",LONG BEACH,841830,CHEST PACK,NO MARKS,683.0,CTN,5603.0,0.0,NIPANBMS25120411,TIIU4953495,
2026-01-02,美国,中国,WEN WEN 2025 INC,GUANGZHOU FENPENG TRADE CO LTD,364A MOSEL AVE STATEN ISLAND NY 10304 , ROOM 2406 NO 5 YAO QUAN STREET YUEXIU DISTRICT GUANGZHOU 510000 CHINA ,WEN WEN 2025 INC,364A MOSEL AVE STATEN ISLAND NY 10304 ,,"CN, CHINA",,Port of Bellingham,"NEW YORK,NY",902230,SESAME CRACKER G X ONION CRACKER G X SEAWEED CRACKER G X WHEAT FLOUR . KG X DRIED SEAWEED G X DRIED BEAN CURD STICK G X CARTON PCS THIS SHIPMENT,. . .,1006.0,CTN,14780.0,0.0,WWLLWLC51108602,HAMU2893170,
2026-01-02,美国,中国,AQUA LEISURE INNOVATION LLC,GUANGZHOU JINYING SANITARY WARE CO,5800 145 TH STREET SUMMERFIELD FL 34491 USA JACKSONVILLE FL US ,NO 8 HUAZHIXI ROAD HUAQIAO ECONOMI C DEVELOPMENT ZZONE HUADONG TOWN HUADU DISTRICT GUANGDONG CH CN ,N/A,N/A,,"CN, CHINA",,"SHENZHEN,YANTIAN",Jacksonville,901910,MASSAGE BATHTUB H.S. CODE:,NO MARKS,7.0,PKG,5033.0,0.0,CGLSCSZ25110415,MSKU4717090,
2026-01-02,美国,中国,EAT SLEEP RACE LLC,GUANGZHOU BONROY CULTURAL CREATIVIT Y CO LTD,1460 LIVINGSTON AVE BLDG 500-A NORTH BRUNSWICK NJ 08902 USA US 08902 US , ADD ROOM 1409 NO2403 KAICHUANG AVENUE HUANGPUDISTRICT GUANGZHOU CHINA CN ,EAT SLEEP RACE LLC,1460 LIVINGSTON AVE BLDG 500-A NORTH BRUNSWICK NJ 08902 USA US ,,"CN, CHINA",,HULUTAO,"NEW YORK,NY",441520,CHILDREN BOOK HS CODE: PALLET= CTNS,EAT SLEEP RACE LLC,108.0,PKG,1915.0,0.0,CHKMGZ25054258,EGSU1232563,
2026-01-02,美国,中国,CORALE TRADE INC,MAO MAO YE TRADE GUANGZHOU CO LTD,3724 LIVE OAK DR POMONA CA 91767 USA , 101 BUILDING 2 LANTIANCANG NO 6 DALANG WEST ROAD BAIYUNHU STREET BAIYUN GUANGZHOU ,JAAK TRANSPORT INC,21073 PATHFINDER RD SUITE 101 DIAMOND BAR CA 91765 USA ,,"CN, CHINA",,NINGBO,LONG BEACH,660110,GARDEN HOSE BACKDROP CURTAIN,NO MARKS,841.0,CTN,14079.0,0.0,HYSLFNGB12250757,OOCU9417402,
2026-01-02,美国,中国,GOLDEN FULLIGHT COOPERATE INC,GUANGZHOU Y USA N TRADE CO LTD,270 TRACE COLONY PARK DR STE B RIDGELAND MS 39157 RIDGELAND 39157 US , NO 8 XIANFENG ROAD HUANGGE TOWN NA NSHA DISTRICT GUANGZHOU CITY GUANGZHOU CN ,DYNA LOGISTICS INC,18601 S SUSANA ROAD RANCHO DOMINGU EZ CA 90221 TEL: 1-310-632-4488 FA X: 1-310-632-0838 US ,,"CN, CHINA",,"SHENZHEN,YANTIAN",LONG BEACH,390760,PLASTIC BOTTLE,NO MARKS,20.0,PKG,3790.0,0.0,SQDTDYOHT250040,OOLU8951153,
2026-01-02,美国,中国,ELITEWORLD GROUP,GUANGZHOU JIANOU TRADE CO LTD,CORP 550 E THORNTON PKY STE 224 THORNTONCO 80229 , 1ST FLOOR NO 1 CHENGNEI ROAD ALL EY 1 JIEKOU STREET CONGHUA DISTRI CT GUANGZHOU CITY ,ELITEWORLD GROUP,CORP 550 E THORNTON PKY STE 224 THORNTONCO 80229 ,,"CN, CHINA",,"SHENZHEN,YANTIAN",LONG BEACH,392220,QUILT COVER SET,NO MARKS,778.0,CTN,11240.0,0.0,GSDRHZMT4864503,OOCU8093660,
2026-01-02,美国,中国,THOUSAND MILE ISLAND CO,GUANGZHOU POVISON TECHNOLOGY LIMITE NO,920 ONTARIO BLVD ONTARIO CA 91761 ,67 DONGPU 2ND ROAD YINGKEZHIGU BUILDING NO 2 3 4 TIANHE DISTRICT GUANGZHOU 510660,THOUSAND MILE ISLAND CO,920 ONTARIO BLVD ONTARIO CA 91761 ,,"CN, CHINA",,"SHENZHEN,SHEKOU","NEW YORK,NY",940140,ARMLESS SOFA SOFA SOFA ARMREST SOFA OTTOMAN THIS SHIPMENT CONTAINS NO SOLID WOOD PACKING MATERIALS,POVISON,128.0,CTN,4530.0,0.0,VIFCVITFE2511089,CAAU8529509,
2026-01-02,美国,中国,FUANNA LLC,GUANGZHOU XUNYUEDA TECHNOLOGY LIMIT A,234 FREDERICA ST STE 102 OWENSBORO KY UNITED STATES ,UNIT 319-322 NO 3 TANGDON GUANGZHOU GD CHINA ,FUANNA LLC,234 FREDERICA ST STE 102 OWENSBORO KY UNITED STATES ,,"CN, CHINA",,"SHENZHEN,YANTIAN",LONG BEACH,392010,PLASTIC MAT SHIPPER STATES THAT THIS SHIPMENT CONTAINS NO SOLID WOODEN PACKAGE,NO MARKS,963.0,CTN,15205.0,0.0,OOLU2038323370,TCNU7034271,
2026-01-02,美国,中国,GELAB COSMETICS LLC,GUANGZHOU LEYUAN INFORMATION TECHNOLOGY CO LTD,101 HUDSONG ST 21ST FLOOR SUITE 21087 JERSEY CITY NJ , ROOM 101 NO 898 NORTH BAIYUN ,KEHAN HONGKONG INFORMATION TECHNOLOGYCO LTD, ,,"CN, CHINA",,SHANGHAI,LOS ANGELES,960329,NAIL POLISH UN: CLASS: PG:II HS:,NO MARKS,121.0,PKG,2137.0,0.0,SMWJLSH251201129,MRKU4426493,
2026-01-02,美国,中国,KENFUKU TRADE LIMITED,GUANGZHOU TIAN YI INFORMATION TECHN, 75 SOUTH CLINTON AVENUE ROCHESTER NY 14604 ,ROOM 309 NO 6 WANGGANG INDUSTRIAL 2ND ROAD BAIYUN DISTRICT GUANGZHOU ,KENFUKU TRADE LIMITED, 75 SOUTH CLINTON AVENUE ROCHESTER NY 14604 ,,"CN, CHINA",,"SHENZHEN,YANTIAN",LONG BEACH,481960,STORAGE BOX,NO MARKS,1000.0,CTN,16500.0,0.0,GSDRHZMJR922223,BEAU6022149,
2026-01-02,美国,中国,STEINWAY INC,GUANGZHOU PEARL RIVER KAYSERBURG PIANO CO LTD,1 STEINWAY PLACE LONG ISLAND CITY NY 11105 U S A , 38 XIANG SHAN AVENUE YONG NING ROAD ZENGCHENG GUANGZ HOU CHINA ,STEINWAY INC,1 STEINWAY PLACE LONG ISLAND CITY NY 11105 USA ,,"CN, CHINA",,"SHENZHEN,YANTIAN",LOS ANGELES,920410,PIANO WITH BENCHLBA - - THIS SHIPMENT CONTAINS NO WOOD PACKAGING MATERIALS SCAC CODE: RSLC AMS HBL NO.:SNAF A,NM,38.0,PCS,11494.0,0.0,RSLCSNAF2512141A,KOCU4034406,
2026-01-02,美国,中国,LF LIANG FENG TRADE LIMITED,GUANGZHOU W Q S INTERNATIONAL TRADE CO LTD, VAT REG NO 132291 LOT 10 UNIT 6 CHANKA TRACE EL SOCORRO EXT1 SAN JUAN TRINIDAD AND TOBAGO , ADD:306 NO 90 FENGLE SOUTH ROAD HUANGPU DISTRICT GUANGZHOU GUANGDON ,LF LIANG FENG TRADE LIMITED, VAT REG NO 132291 LOT 10 UNIT 6 CHANKA TRACE EL SOCORRO EXT1 SAN JUAN TRINIDAD AND TOBAGO ,,"CN, CHINA",,PORT BUSTAMANTE,PORT EVERGLADES,841459,FANS ( QQ.COM),NO MARKS,1251.0,CTN,13520.0,0.0,CMDUGGZ2754444,ECMU7585960,
2026-01-02,美国,中国,CRS TRADE INC,GUANGZHOU POVISON TECHNOLOGY LIMITED,418 BROADWAY STE R ALBANY NY 12207 , NO 67 DONGPU 2ND ROAD YING KEZHIGU BUILDING NO 2 3 4 TIANHE DISTRICT GUANGZHOU ,CRS TRADE INC,418 BROADWAY STE R ALBANY NY 12207 ,,"CN, CHINA",,"SHENZHEN,YANTIAN","NEW YORK,NY",630252,"DINING TABLE,COFFEE TABLE,TV STAND,SOFA",NO MARKS,165.0,CTN,7230.0,0.0,MFNOMF25110621,BEAU5980040,
2026-01-02,美国,中国香港,ELECTRICAL COMPONENTS INTERNAT,JABIL CIRCUIT GUANGZHOU,12415 ROJAS DR EL PASO DISTRIBUTION CENTER , NO 128 JUN CHENG ROAD GETDD GUANGZHOU ECONOMIC & TECH DEVT DISRICT ,ELECTRICAL COMPONENTS INTERNAT,12415 ROJAS DR EL PASO DISTRIBUTION CENTER ,,"HK, HONG KONG",,HONG KONG,LONG BEACH,852692,ELECTRONIC CONTROL BOARD FOR REFRIGERATORELECTRONIC CONTROL BOARD FOR REFRIGERATORELECTRONIC CONTROL BOARD FOR REFRIGERATOR,JABIL????JOBIDNO:2512031604??SRNO:WHP250413H??CUSTOMERPO:111098??POLINE:1??PN:PCB-W10317076??DESCRIPTION:APOLLO 2 UTAH 120/220 VAC REV.E??UNITQTY:7656 CARTONQTY:174 PALLETQTY:10? ?PNCOMMENTS:F??HS CODE:8537109090??JOBIDNO:2512031604??SRNO:WHP250413H??CUSTOMERPO:118993??POLINE:2??PN:PCB-W10439320??DESCRIPTION:GEMINI FLASH IO HSCD WISP REV.A??UNITQTY:1 CARTO NQTY:1 PALLETQTY:0??PNCOMMENTS:A??HS CODE:85 37109090??????JOBIDNO:2512031604??SRNO:WHP250413H??CUSTOMERPO:111098??POLINE:1??PN:PCB-W10317076??DESCRIPTION:APOLLO 2 UTAH 120/220 VACREV.E??UNITQTY:47 CARTONQTY:2 PALLETQTY:0? ?PNCOMMENTS:F??HS CODE:8537109090??TOTAL PACKAGES:10PLT+3CTN??PACKING MATERIAL TYPE:PLYWOOD PALLET,177.0,CTN,1685.0,0.0,DMALHKGC62126,TIIU4926273,
2026-01-02,美国,中国,,GUANGZHOU GO JUDY TRADE CO LTD,N/A, NO 605 NO 263 GAOTANG ROAD TIANHE DISTRICT GUANGZHOU CITY 510000 ,N/A,N/A,,"CN, CHINA",,DALIANXINGANG,LOS ANGELES,940161,"TABLE, DINING CHAIR","WHS-102811-41774231, WHS-102811-41774235, WHS",191.0,CTN,5295.0,0.0,CGGMHSK0520166,TLLU5993241,
2026-01-02,美国,中国,TOP GUY INTERNATIONAL TRADE LLC,GUANGZHOU SIKI INTERNATIONAL CO,333 BREA CANYON RD CITY OF INDUSTRY CA UNITED STATES ,L ROOM 820 NO 1 TIANHE ROAD YUEXI GUANGZHOU GD CHINA ,DST CUSTOMS SERVICES INC,3333 N SAN GABRIEL BLVD UNIT G ROSEMEAD CA UNITED STATES ,,"CN, CHINA",,"SHENZHEN,YANTIAN",LONG BEACH,842382,FOOTWEAR PO#:SP-BCF +FN + CTNS/ . KG PO#:MAGGIE- - CTNS/ KG,TOP GUY LOS ANGELES P.O#: C/NO. MADE IN CHINA,1230.0,CTN,7974.0,0.0,OOLU2315126570,OOCU8286801,
2026-01-02,美国,中国,NEXGEN TRADE COMPANY,GUANGZHOU LAN PENYOU NETWORK TECHNOLOGY CO LTD, 9245 SW NIMBUS AVE BEAVERTON OR 97 008 , ROOM 212 NO 5 LIANBIAN PENGXI HUA LIANER ROAD HELONG STREET BAIYUN DISTRICT G ,ODW GLOBAL INC,4545 PACIFIC BLVD VERNON CA 9005 8 ,,"CN, CHINA",,"SHENZHEN,YANTIAN",LONG BEACH,540341,FOLDER,NO MARKS,937.0,CTN,16310.0,0.0,SJZVHTSE25110669,OOLU9642816,
2026-01-02,美国,中国,HOMARY TECHNOLOGY INC,GUANGZHOU POPICORNS TECHNOLOGY CO,10401 S SAM HOUSTON PKWY W UNIT 200 ,L ROOM 1201FLOOR 12 HICKEY BUILDINGNO ,AZ EXPRESS FREIGHT INC,2990 INLAND EMPIRE BLVD STE 112 ONT ,,"CN, CHINA",,"SHENZHEN,YANTIAN","NEW YORK,NY",940161,FURNITURE CHAIR TABLE SOFA THIS SHIPMENT CON TAINS NO SOLID WOODEN PACKING MATERIALS.,NO MARKS,358.0,CTN,9420.36,0.0,MAEU261095816,HASU4433237,
2026-01-02,美国,中国,SILHOUETTE LLC,GUANGZHOU HUAWEI LEATHER GARMENT CO LTD,4901 ZAMBRANO ST COMMERCE CA90040 , NO 11 FIRST STREET OF NANH E ROAD NANFANG INDUSTRY ZONE SHIL ING TOWN HUADU DISTRICT ,SILHOUETTE LLC,4901 ZAMBRANO ST COMMERCE CA90040 ,,"CN, CHINA",,"SHENZHEN,YANTIAN",LONG BEACH,842330,LADIES BAG,VON DUTCH STYLE # COLOR QUANTITY DESCRIPTION,412.0,CTN,6231.0,0.0,SYLQYKLB2512029B,UETU5132378,
2026-01-02,美国,中国,THOUSAND MILE ISLAND CO,GUANGZHOU POVISON TECHNOLOGY LIMITE NO,920 ONTARIO BLVD ONTARIO CA 91761 ,67 DONGPU 2ND ROAD YINGKEZHIGU BUILDING NO 2 3 4 TIANHE DISTRICT GUANGZHOU 510660,THOUSAND MILE ISLAND CO,920 ONTARIO BLVD ONTARIO CA 91761 ,,"CN, CHINA",,"SHENZHEN,SHEKOU","NEW YORK,NY",940161,DINING TABLE DINING TABLE TOP COFFEE TABLE UPHOLSTERED BEDS TV STAND CABINET SOFA DINING CHAIR THIS SHIPMENT CONTAINS NO SOLID WOOD PACKING MATERIALS,POVISON,133.0,CTN,6958.0,0.0,VIFCVITFE2511250,WHSU6634816,
2026-01-02,美国,中国,ADVANCE CONCEPTS FOOTWEAR LLC,GUANGZHOU MYWAY FASHION TRADE CO,140 SMITH ST STE 500 KEASBEY NJ 08832 KEASBEY US ,RM 101 BUILDING A1 NO 268 TONGKANG ROAD TONGDE STREET BAIYUN DISTRI CT GUANGZHOU CITY GUANGZHOU CN ,ADVANCE CONCEPTS FOOTWEAR LLC,140 SMITH ST STE 500 KEASBEY NJ 08832 KEASBEY US ,,"CN, CHINA",,"SHENZHEN,YANTIAN",LONG BEACH,640411,LADIES SHOES,NICOLE MILLER JASON WU,970.0,CTN,9039.0,0.0,NGWIHYQ25120923,OOCU7577443,
2026-01-02,美国,中国,CBG FIT LLC,GUANGZHOU YUESHIXIANG TRADE CO,5101 SANTA MONICA BLVD STEP 8 ,C48 ROOM 615 FLOOR 6 NO 4 LINGSH AN EAST ROAD TIANHE DISTRICT ,CBG FIT LLC,5101 SANTA MONICA BLVD STEP 8 ,,"CN, CHINA",,"SHENZHEN,YANTIAN",LONG BEACH,200799,FROZEN MANGO PUREE,NO MARKS,1333.0,PKG,18760.0,0.0,SMMBSSZX7308161,OERU4051540,
2026-01-02,美国,中国,NATE PACKAGING LLC,GUANGZHOU AMY PLASTIC TUBE CO LTD,71 MOUNTAIN VIEW DRIVE BELCHERTOWN MASSACHUSETTS 01007 US , NO 118 THE SECOND INDUSTRIAL ZONE CHANGHONG VILLAGE JIAHE STREET BAIY UN DISTRICT GUANGHZOU CN ,N/A,N/A,,"CN, CHINA",,"SHENZHEN,YANTIAN","NEW YORK,NY",750720,EMPTY PLASTIC TUBE,"NATE PACKAGING,LLC PURCHASE ORDER 133170 , 18086",43.0,CTN,376.0,0.0,PEVHSGL25111720,FFAU3415847,
2026-01-02,美国,中国,NIMBLE,GUANGZHOU MIRACLE TIME TRADE,105 ELBOW LN BURLINGTON TOWNSHIP NJ 08016 US , NO 5 YONGLE ROAD HUASHAN TOWN HUADU DISTRICT GUANGZHOU GUANGDONG 510000 CN ,N/A,N/A,,"CN, CHINA",,"SHENZHEN,YANTIAN","NEW YORK,NY",611011,LADIES KNITTED PULLOVER HTS:,MESHKI PTY LTD DESTINATION MADE IN CHINA PO NUMBER STYLE NUMBER CARTON# STYLE NAME GROSS WEIGHT: KGS DIMENSION:L:W:H,38.0,CTN,404.0,0.0,EXDO61N0925439,TCKU6144222,
2026-01-02,美国,中国,W PACKAGING LLC,GUANGZHOU TAILI PRINTING CO LTD,2001 E COOLEY DR COLTON CA 92324 UNITED STATES , NO 6 NEW EAST STREET HUDI INDUSTRY AREA SHIJI VILLAGE SHIJI ,ONE WORLD SHIPPERS ASSOCIATION,828 MAIN ST STE 1101 LYNCHBURG VA 24504 UNITED STATES TEL 434-528-4915 ,,"CN, CHINA",,"SHENZHEN,YANTIAN",LOS ANGELES,820411,CARTONS BOXES CASES CORRUGATED PAPER PAP CARDBOARD BOX A LC CAKE BOX G LC CAKE BOX PO CARDBOARD BOX A SBS SLICE BOX PO THIS SHIPMENT CONTAINS NO WOOD PACKING MATERIALS.CARTONS BOXES CASES CORRUGATED PAPER PAP CARDBOARD BOX A LC CAKE BOX G LC CAKE BOX PO CARDBOARD BOX A SBS SLICE BOX PO THIS SHIPMENT CONTAINS NO WOOD PACKING MATERIALS.,// // //// // //,1376.0,PKG,15329.0,613160.0,YMJAW226748484,"YMMU6020995,TGBU5158519",
2026-01-02,美国,中国,ELLISON EDUCATIONAL EQUIPMENT INC,ELLISON GUANGZHOU TRADE CO LTD,530 TECHNOLOGY DR SUITS 100 AND 200 IRVINE CA 92618 US , 523565 ROOM 1604 BUILDING 2 STARS LANDMARK PLAZA CHANGMA ROAD DONGGUAN CN ,ELLISON EDUCATIONAL EQUIPMENT INC,530 TECHNOLOGY DR SUITS 100 AND 200 IRVINE CA 92618 US ,,"CN, CHINA",,"SHENZHEN,YANTIAN","NEW YORK,NY",820730,SIZZIX DIES SIZZIX CUTTING PADS SIZZIX CLEAR STAMPS,ELLISON IN DIA LAKE FOREST CA,133.0,CTN,907.0,18140.0,SHPT83455047,CSLU6194349,
2026-01-02,美国,中国,KING BUBBLE USA INC,GUANGZHOU KUSHIDA HACHI TRADE LTD,10541 EWING RD BELTSVILLE MD 20705 ,SHOP 10 NO 3-3 SONGYUAN AVENUE XIN HUA STREET HUADU DISTRICT GUANGZHOUGUANGDONG CHINA ,KING BUBBLE USA INC,10541 EWING RD BELTSVILLE MD 20705 ,,"CN, CHINA",,TANJUNG PELEPAS,Baltimore,820411,CUP LID DINNER PLATE PACKING BOX,NO MARKS,899.0,PKG,10210.0,0.0,TQPITSE25110502,CAAU5547140,
2026-01-02,美国,中国,FMVP LIMITED,GUANGZHOU HUALE IN, C/O FBA 18580 GATEWAY DR ,FLOOR 1-3 BUILDING 1 BUI LDING 2 NO 28 ZHENZHONG NORTH RO ,N/A,N/A,,"CN, CHINA",,"SHENZHEN,YANTIAN",LOS ANGELES,630621,TENT,NO MARKS,54.0,CTN,2279.0,0.0,AMZDCN25Q4RY5NVR,KOCU4456166,
2026-01-02,美国,中国,RISHON LEZION LLC,GUANGZHOU CHUYU BIOTECHNOLOGY CO LTD,211 EAST 43RD STREET 7TH FLOOR SUITE 743 10017 NYC NY NY 10017 US , 1 NO 333 JUHUASHI AVENUE HUADU DISTRICT GUANGZHOU CN ,RISHON LEZION LLC,211 EAST 43RD STREET 7TH FLOOR SUITE 743 10017 NYC NY NY 10017 US ,,"CN, CHINA",,"SHENZHEN,YANTIAN",MIAMI,842111,FACE CREAM,NIAPEPT,403.0,PKG,3239.0,0.0,CHKMGZ25049917,ZCSU6687872,
2026-01-02,美国,中国,AIT WORLDWIDE,VESTA GUANGZHOU CATERING EQUIPMENT,2475 WRIGHT BLVD STE 103 HEBRON KY 41048 US,43 LIANGLONG SOUTH STREET HUADU DISTRICT GUANGZHOU GUANGDONG 510880 CN,N/A,N/A,,"CN, CHINA",,"SHENZHEN,YANTIAN","NEW YORK,NY",902810,GAS FRYER HTS:,NO MARKS,177.0,PKG,14157.0,0.0,EXDO61X8153348,FANU1648490,
2026-01-02,美国,中国,SUMMIT PUMP INC,GUANGZHOU DINSTON INDUSTRIAL CO LTD,3168 SOUTH PINE TREE ROAD COUNTY GEONEIDA WI 54155 USA , ROOM 218 NO 128 2 CHANGGANGMIDDLE ROAD HAIZHU DISTRICT GUANG ZHOU CHINA ,SUMMIT PUMP INC,3168 SOUTH PINE TREE ROAD COUNTY GEONEIDA WI 54155 USA ,,"CN, CHINA",,"SHENZHEN,YANTIAN",LOS ANGELES,930320,PUMP CASING HS CODE PKGS PLYWOOD CASES,SUMMIT PUMP,2.0,PKG,2520.0,0.0,OSTISZCHI25C5120,KKFU6724402,
2026-01-02,美国,中国,YAODUYUAN INC,GUANGZHOU LAN PENYOU NETWORK TECHNOLOGY CO LTD,4348 MAMMOTH AVE #203 SHERMAN OAKS CA 9142391423 , ROOM 212 NO 5 LIANBIAN PENGXI HUA LIANER ROAD HELONG STREET BAIYUN DISTRICT ,ODW GLOBAL INC,4545 PACIFIC BLVD VERNON CA 90058 90058 ,,"CN, CHINA",,"SHENZHEN,YANTIAN",LONG BEACH,630520,PACKING BAGS OF PLASTICS,NO MARKS,3572.0,CTN,18670.0,373400.0,CHIASEF251217455,CBHU9188143,
2026-01-02,美国,中国,WEN WEN 2025 INC,GUANGZHOU FENPENG TRADE CO LTD,364A MOSEL AVE STATEN ISLAND NY 10 304 , ROOM 2406 NO 5 YAO QUAN STREET YUEXIU DISTRICT GUANGZHOU CHINA 510000 ,WEN WEN 2025 INC,364A MOSEL AVE STATEN ISLAND NY 10 304 ,,"CN, CHINA",,Port of Bellingham,"NEW YORK,NY",902230,DRIED SEAWEED G X DRIED BEAN CURD STICK G X PLAIN NOODLES G X CARTON PC S,NO MARKS,1001.0,CTN,13265.0,0.0,UBILSZNYC5N69416,UACU5856954,
2026-01-02,美国,中国,XUANXIANG TRADE LIMITED,GUANGZHOU SHENDIANWEI TRADE CO LT, 9450 CA-27 CHATSWORTH CA 91311 CHA TSWORTH US , ROOM 4008 BUILDING B NO 140-214 YINGBIN ROAD LUOPU STREET PANYU DI STRICT GUANGZHOU CITY 511400 CN ,N/A,N/A,,"CN, CHINA",,"SHENZHEN,YANTIAN","NEW YORK,NY",851830,PHONE CASE,NO MARKS,734.0,CTN,13560.0,0.0,CGLSCSZ25101787,FCIU9774923,
2026-01-02,美国,中国,HONGKONG QINGKUAI CO LTD,GUANGZHOU QINGKUAI ELECTRONIC COMME RCE CO LTD, C/O FBA5990 N CAJON BLVD SAN BERNARDINOCA 92407 US SBD3 ,ROOM 3101 383 HANXI ROAD EAST NANCUN TOWN ,N/A,N/A,,"CN, CHINA",,SHANGHAI,LOS ANGELES,293625,ACTIVITY TABLE,NO MARKS,298.0,CTN,3099.0,0.0,AMZDCN25DZZBG2QO,TCNU8076712,
