date,buyer_country,supplier_country,buyer,supplier,buyer_address,supplier_address,notify_party,notify_address,manufacturer,origin_country,destination_country,port_of_loading,port_of_discharge,hs_code,product_description,shipping_marks,quantity,quantity_unit,weight_kg,amount_usd,bill_number,container_number,brand
2025-03-19,俄罗斯,中国,ACCURIDE WHEELS RUSSIA LLC,ACCURIDE WHEELS SHANDONG CO LTD,"423523, РФ, РТ, ЗАИНСК, УЛ. АВТОЗАВОДСКАЯ, 11","272000, HIGH TECHNOLOGY ZONE JINING, SHANDONG, HONGYUAN INDUSTRIAL PARK KANGTAI",,,THOMSON,China (CN),Russia,,,8482109008,"BALL BEARINGS FOR NON-MILITARY PURPOSES, SUPPLIED FOR OWN PRODUCTION NEEDS, WITHOUT THE PURPOSES OF SALE, DISTRIBUTION, TRANSFER OR ALIENATION: THOMSON PROFILE RAIL LINEAR GUIDES, INTENDED FOR LINEAR MOVEMENT",,24.0,PC,398.0,38520.5,,,ОТСУТСТВУЕТ
2025-11-01,越南,中国台湾,CÔNG TY TNHH JADE M - TECH,CHUN LOUNG CO LTD,"Plot No. TT3-09, Land Plot Area, Lien Mac Ward, Bac Tu Liem District, Hanoi City, Vietnam.","NO.1, LANE 333,MINYI ST, FUAN VILLAGE SIOUSHUEI  TOWNSHIP, CHANGHUA COUNTY 50444, TAIWAN, TW",,,,Taiwan,,,,84821000,"Con trượt MR9MN SU VCN, bộ phận của thanh tuyến tính dẫn hướng, bằng thép,có ổ bi,,hiệu CPC,, phụ tùng máy gia công kim loại. NSX: CPC, mới 100%,MR9MN SU VCN linear slide, part of a linear guide rail, made of steel, with ball bearings, CPC brand, metalworking machine parts. Manufacturer: CPC, 100% new.",,5000.0,Pieces,0.0,31000.0,,,
2025-08-08,越南,中国台湾,CÔNG TY TNHH JADE M - TECH,CHUN LOUNG CO LTD,"Lot No. Tt3-09, Dat Ket Area, Lien Mac Ward, Bac Tu Liem District, Hanoi City, Vietnam","NO.1, LANE 333,MINYI ST, FUAN VILLAGE SIOUSHUEI  TOWNSHIP, CHANGHUA COUNTY 50444, TAIWAN, TW",,,,Taiwan,,,,84821000,"Con trượt MR7MN SU VCN (M2.5) ,bộ phận của thanh tuyến tính dẫn hướng, bằng thép,có ổ bi, phụ tùng máy gia công kim loại. NSX: CPC, mới 100%,Slider MR7MN SU VCN (M2.5) parts of the linear guide, steel ball bearings, machine parts metal machining. MANUFACTURER: CPC, 100% new",,4500.0,Pieces,0.0,30150.0,,,
2025-04-04,印度,中国,FAIVELEY TRANSPORT RAIL TECHNOLOGIES INDIA PRIVATE,FAIVELEY METRO TECHNOLOGY SHANGHAI CO LTD,"HARITA,  HOSUR, ",,,,,CHINA,,Shanghai,BANGALORE ACC (INBLR4),84825000,12.1800.1094 LINEAR BEARING INA F-609645.KS 12.1800.1094 LINEAR BEARING INA F-609645.KS,,391.0,NOS,0.0,25571.4883,U3LOSJQ7AW6BH,,
2025-08-08,越南,中国台湾,CÔNG TY TNHH JADE M - TECH,CHUN LOUNG CO LTD,"Lot No. Tt3-09, Dat Ket Area, Lien Mac Ward, Bac Tu Liem District, Hanoi City, Vietnam","NO.1, LANE 333,MINYI ST, FUAN VILLAGE SIOUSHUEI  TOWNSHIP, CHANGHUA COUNTY 50444, TAIWAN, TW",,,,Taiwan,,,,84821000,"Con trượt ARC15ML S V1N, bộ phận của thanh tuyến tính dẫn hướng, bằng thép,có ổ bi, phụ tùng máy gia công kim loại. NSX: CPC, mới 100%,Slider ARC15ML S V1N, parts of the linear guide, steel ball bearings, machine parts metal machining. MANUFACTURER: CPC, 100% new",,1500.0,Pieces,0.0,24150.0,,,
2025-02-11,俄罗斯,中国,GAZ AUTOMOBILE PLANT LTD,REG AUTO SHANGHAI INDUSTRY LTD,"603004, НИЖЕГОРОДСКАЯ, Г.Н.НОВГОРОД, ПР.ИЛЬИЧА, 5,",", LUJIAZUI CIRCLE, SHANGHAI, ROOM 708, UNIT 02, 7TH FLOOR, NO.333, .,..",,,C&U,China (CN),Russia,,,8482101009,"LINEAR BALL BEARING, NEW ART. NO. LBD15X21X22STTN1 - 27040 PCS., OUTER DIAMETER 21 MM., HEIGHT 22 MM. ACCURACY CLASS - 0 (NORMAL); ART. NO. LBD15X21X27STTN1 - 2730 PCS., OUTER DIAMETER 21 MM., HEIGHT 27 MM. ACCURACY CLASS -0",,29770.0,PC,479.92,22671.8,,,ОТСУТСТВУЕТ
2025-02-08,印度,中国,CTS BEARING HOUSE,QINGDAO HIKING YICAITONG MARKET PURCHASING CO LTD,"A7 , Mulund Jaimala CHS, K N Centre, N S Road, Mulund West null",,,,,CHINA,,Qingdao,NHAVA SHEVA SEA (INNSA1),84821090,LINEAR MOTION BEARING (19486 PCS) LINEAR MOTION BEARING (19486 PCS),,3608.0,KGS,3608.0,22593.3695,H5CU0V0WQ9MBC,,
2025-02-18,俄罗斯,中国,ООО НОВАЯ ДИНАМИКА,SHANDONG CHIK BEARING CO LTD,"344029, РОСТОВСКАЯ ОБЛАСТЬ, Г.О. Г.РОСТОВ-НА-ДОНУ, УЛ МЕНЖИНСКОГО, 2А","250010, SHANDONG PILOT FREE TRADE ZONE, JINAN ZONE, 806 WEST #1 BUILDING, SHUNTA",,,"SHANDONG CHIK BEARING CO.,LTD",China (CN),Russia,,,8482200009,"TAPERED ROLLER BEARINGS. ARE DESIGNED TO FIX THE SHAFT IN SPACE AND ENSURE ITS FREE ROTATION, ROLLING OR LINEAR DISPLACEMENT. CONSISTS OF A RING MADE BY MECHANICAL PROCESSING OF A BLANK FROM ROLLING METAL, A SET OF TAPERED",,3550.0,PC,6072.0,21859.79,,,ОТСУТСТВУЕТ
2025-04-04,印度,中国,FAIVELEY TRANSPORT RAIL TECHNOLOGIES INDIA PRIVATE,FAIVELEY METRO TECHNOLOGY SHANGHAI CO LTD,"HARITA,  HOSUR, ",,,,,CHINA,,Shanghai,BANGALORE ACC (INBLR4),84825000,12.1800.1094 LINEAR BEARING INA F-609645.KS 12.1800.1094 LINEAR BEARING INA F-609645.KS,,322.0,NOS,0.0,21058.8727,U3LOSJQ7AW6BH,,
2025-07-30,印度,中国,ROLLSHAFT,LISHUI CITY YONGRUN PRECISION MACHINERY CO LTD,"Ward No. - 2, 693, KHATRIWARA, OLD FARIDABAD, Faridabad, Haryana, 121002 null",,,,,CHINA,,Ningbo,ICD PATPARGANJ,84821090,KH3050 LINEAR BEARING KH3050 LINEAR BEARING,,19200.0,NOS,0.0,18894.4724,6TMUI7GJ28PP5,,
2025-05-07,印度,中国,CTS BEARING HOUSE,QINGDAO HIKING YICAITONG MARKET PURCHASING CO LTD,"A7 , Mulund Jaimala CHS, K N Centre, N S Road, Mulund West null",,,,,CHINA,,Qingdao,NHAVA SHEVA SEA (INNSA1),84821090,LINEAR MOTION BEARING ( 18626 PCS ) LINEAR MOTION BEARING ( 18626 PCS ),,3086.0,KGS,3086.0,18859.7697,G8JI76T4U6IEX,,
2025-05-16,越南,中国,CÔNG TY TNHH P&F BROTHERS VIET NAM,HANGZHOU SILVERSTONE MACHINERY INDUSTRY CO LTD,"Lô H, Khu công nghiệp Lộc An - Bình Sơn, Xã Long An, Huyện Long Thành, Tỉnh Đồng Nai, Việt Nam","NO.951 QINGLIU BEI ROAD, XIAOSHAN JIANG DONG, INDUSTRIAL AREA HANGZHOU, ZHEJIANG CHINA, CN",,,,China,,,,84821000,"Bạc đạn ổ bi (bằng thép)-LINEAR BALL BEARING (7HF01/054008-200). Hàng mới 100%,LINEAR BALL BEARING (7HF01/054008-200). 100% new",,28160.0,Pieces,0.0,18585.6,,,
2025-02-19,印度,中国,FINE BEARING AND OIL SEAL STORE,NINGBO MIKATE TRANSMISSION TECHNOLO,13199/16 LINK ROAD,,,,,CHINA,,Ningbo,NHAVA SHEVA SEA (INNSA1),84821090,LINEAR BEARINGS LINEAR BEARINGS,,15000.0,NOS,0.0,18057.4394,4VVWQPFIY5NOE,,
2025-05-29,印度,中国,FINE BEARING AND OIL SEAL STORE,NINGBO MIKATE TRANSMISSION TECHNOLO,13199/16 LINK ROAD,,,,,CHINA,,Ningbo,NHAVA SHEVA SEA (INNSA1),84821090,LINEAR BEARINGS (MODEL NO. KH3050PP) LINEAR BEARINGS (MODEL NO. KH3050PP),,15000.0,NOS,0.0,18025.1024,P9DPR2750VB0Z,,
2025-09-17,越南,中国台湾,CÔNG TY TNHH JADE M - TECH,CHUN LOUNG CO LTD,"Land Lot No. Tt3-09, Land Jam, Thuong Cat Ward, Hanoi City, Vietnam","NO.1, LANE 333,MINYI ST, FUAN VILLAGE SIOUSHUEI  TOWNSHIP, CHANGHUA COUNTY 50444, TW",,,,Taiwan,,,,84821000,"Con trượt ARC15MN S V1N bộ phận của thanh tuyến tính dẫn hướng, bằng thép, có ổ bi, phụ tùng máy gia công kim loại. NSX: CPC, mới 100%,Slider ARC15MN S V1N parts of the linear guide, steel ball bearings, machine parts metal machining. MANUFACTURER: CPC, 100% new",,1500.0,Pieces,0.0,17985.0,,,
2025-11-01,越南,中国台湾,CÔNG TY TNHH JADE M - TECH,CHUN LOUNG CO LTD,"Plot No. TT3-09, Land Plot Area, Lien Mac Ward, Bac Tu Liem District, Hanoi City, Vietnam.","NO.1, LANE 333,MINYI ST, FUAN VILLAGE SIOUSHUEI  TOWNSHIP, CHANGHUA COUNTY 50444, TAIWAN, TW",,,,Taiwan,,,,84821000,"Con trượt ARC15MN S V1N bộ phận của thanh tuyến tính dẫn hướng, bằng thép, có ổ bi,,hiệu CPC,, phụ tùng máy gia công kim loại. NSX: CPC, mới 100%,The ARC15MN S V1N linear slide is a component of a linear guide rail, made of steel, with ball bearings, manufactured by CPC, a spare part for metalworking machinery. Manufacturer: CPC, 100% new.",,1500.0,Pieces,0.0,17985.0,,,
2025-09-27,印度,中国,FINE BEARING AND OIL SEAL STORE,NINGBO MIKATE TRANSMISSION TECHNOLO,13199/16 LINK ROAD,"GY CO., LTD.NO.9 SHANGSHAO EAST ARE ZHUANGQIAO STREET, JIANGBEI DIST. NINGBO CITY P.R. CHINA, CHINA",,,,China (CN),,Ningbo,,84821090,LINEAR BEARINGS (MODEL NO. KH3050PP) LINEAR BEARINGS (MODEL NO. KH3050PP),,15000.0,NOS,0.0,17815.03,,,
2025-07-09,印度,中国,FINE BEARING AND OIL SEAL STORE,NINGBO MIKATE TRANSMISSION TECHNOLO,13199/16 LINK ROAD,,,,,CHINA,,Ningbo,NHAVA SHEVA SEA (INNSA1),84821090,LINEAR BEARINGS (MODEL NO. KH3050PP) LINEAR BEARINGS (MODEL NO. KH3050PP),,15000.0,NOS,0.0,17791.6061,QD22AB8H7WVHJ,,
2025-07-18,越南,中国,CÔNG TY TNHH P&F BROTHERS VIET NAM,HANGZHOU SILVERSTONE MACHINERY INDUSTRY CO LTD,"Lot H, Loc An - Binh Son Industrial Park, Long Thanh Commune, Dong Nai Province, Vietnam","NO.951 QINGLIU BEI ROAD, XIAOSHAN JIANG DONG, INDUSTRIAL AREA HANGZHOU, ZHEJIANG CHINA, ZZ",,,,China,,,,84821000,"Bạc đạn ổ bi (bằng thép)-LINEAR BALL BEARING (7HF01/054008-200). Hàng mới 100%,LINEAR BALL BEARING (7HF01/054008-200). 100% new",,24000.0,Pieces,0.0,15840.0,,,
2025-02-12,俄罗斯,中国,VOSTOK TREIDING SERVIS OOO,SHANGHAI CANYAO INDUSTRY CO LTD,"690054, ПРИМОРСКИЙ КРАЙ, Г. ВЛАДИВОСТОК, УЛ.РАЗИНА, ДОМ 8",", SHANGHAI, NO.1698 MINYI ROAD, SONGJIANG, DISTRICT.,..",,,"SHANGHAI CANYAO INDUSTRY CO., LTD",China (CN),Russia,,,8482990000,"ROLLING BEARING PARTS FOR LINEAR MOVEMENT – RAIL GUIDES OF VARIOUS MODELS: METAL STRUCTURES IN THE FORM OF STRIPS, IN SECTION – RECTANGULAR, HAVING NOTCHES ON BOTH SIDES – ROLLING RACES (ALONG WHICH THE BALLS OF THE CARRIAGES MOVES)",,0.0,,1224.0,15096.43,,,НЕ ОБОЗНАЧЕН
2025-04-10,肯尼亚,中国,OIL SEALS AND BEARING CENTRE LIMITED,SYSTECH INDUSTRIES LIMITED,,,,,,China,Kenya,,,8482100000,"BALL BEARINGS,HOUSED BEARING,INSERT/LINEAR BEARING; BALL BEARINGS,HOUSED BEARING",,2562.0,UNT,0.0,14855.6277,,,
2025-07-19,印度,中国,MEET ENTERPRISE,LISHUI YUXUAN AUTOMATION MANUFACTURING CO LTD,"215 2nd Floor Murli Manohar Market, Opp. Hari Om A.C. Market, Revdi Bazzar Cross Road, Kalupur,",,,,,CHINA,,Shanghai,AHEMDABAD ICD (INSBI6),84828000,LINEAR BEARINGS LINEAR BEARINGS,,10742.0,NOS,0.0,14554.8475,HWXCBERZVAFOG,,
2025-04-21,越南,中国台湾,CÔNG TY TNHH JADE M - TECH,CHUN LOUNG CO LTD,"Land plot number TT3-09, Land Stuck Area, Lien Mac Ward, Bac Tu Liem District, Hanoi City, Vietnam","NO.1, LANE 333, MINYI ST., FUAN VILLAGE, SIOUSHUEI TOWNSHIP, CHANGHUA COUNTY 50444, TAIWAN, TW",,,,Taiwan,,,,84821000,"Con trượt MR9MN SU VCN, bộ phận của thanh tuyến tính dẫn hướng, bằng thép,có ổ bi, phụ tùng máy gia công kim loại. NSX: CPC, mới 100%,MR9MN SU VCN slider, part of linear guide bar, steel, with ball bearing, metalworking machine spare part. Manufacturer: CPC, 100% new",,2000.0,Pieces,0.0,14200.0,,,
2025-01-10,俄罗斯,中国,OMZ AO,VOL STAHL SPECIAL STEEL PROFILES SHANGHAI CO LTD,"612740, КИРОВСКАЯ ОБЛАСТЬ, Г.ОМУТНИНСК, УЛ.КОКОВИХИНА, Д. 2,","201803, , SHANGHAI, ROOM 609, NO.6, NO. 58 HEXUAN ROAD, JIADING, ,,..",,,НЕИЗВЕСТЕН,China (CN),Russia,,,8482990000,"PARTS OF LINEAR MOVEMENT BEARINGS - CARRIAGE BEARING ROLLERS. HAS A CYLINDRICAL SHAPE. FOR OWN NEEDS OF JSC """"OMZ"""".",,0.0,,523.838,13286.61,,,НЕИЗВЕСТЕН
2025-09-24,孟加拉国,中国台湾,AKIJ FOOD AND BEVERAGE LTD,KRONES THAILAND CO LTD,"Barobaria,Shahabelissor(Krishnopura",THAILA,,,,TW,,,,84821000,Recirculating linear ball bearing unit 0905321448,,0.0,,217.68,13145.9,,,
2025-04-04,印度,中国,FAIVELEY TRANSPORT RAIL TECHNOLOGIES INDIA PRIVATE,FAIVELEY METRO TECHNOLOGY SHANGHAI CO LTD,"HARITA,  HOSUR, ",,,,,CHINA,,Shanghai,BANGALORE ACC (INBLR4),84825000,12.1800.1094 LINEAR BEARING INA F-609645.KS 12.1800.1094 LINEAR BEARING INA F-609645.KS,,194.0,NOS,0.0,12687.6438,U3LOSJQ7AW6BH,,
2025-02-26,越南,中国台湾,CÔNG TY TNHH JADE M - TECH,CHUN LOUNG CO LTD,"Land Lot No. Tt3-09, Land Jam, Lien Mac Ward, Bac Tu Liem District, Hanoi City, Vietnam.","NO.1, LANE 333,MINYI ST, FUAN VILLAGE SIOUSHUEI  TOWNSHIP, CHANGHUA COUNTY 50444, TAIWAN, TW",,,,Taiwan,,,,84821000,"Con trượt ARC15MN S V1N bộ phận của thanh tuyến tính dẫn hướng, bằng thép, có ổ bi, phụ tùng máy gia công kim loại. NSX: CPC, mới 100%,ARC15MN S V1N linear guide rail part, steel, with ball bearing, metalworking machine spare part. Manufacturer: CPC, 100% new",,1000.0,Pieces,0.0,11990.0,,,
2025-06-14,越南,中国台湾,CÔNG TY TNHH TEKSAN SOLUTIONS,FUBISHAN PRECISION TECHNOLOGY CO LTD,"12th Floor, Diamond Flower Building, No. 48 Le Van Luong Street, Nhan Chinh, Thanh Xuan, Hanoi","1F., NO. 66, FUDE RD., SHALU DIST., TAICHUNG CITY 43341, TAIWAN, TW",,,,Taiwan,,,,84821000,"Bộ thanh trượt (gồm thanh trượt và con trượt có ổ bi) dùng để dẫn hướng truyền động tuyến tính,MSHW12HRM-R470, chất liệu bằng thép, kích thước 470mm x Rộng:30mm, cao :12mm.Hàng mới 100%,Slider set (including slide and ball bearing slider) used for linear motion guidance, MSHW12HRM-R470, steel material, size 470mm x Width: 30mm, height: 12mm. 100% new",,164.0,Set,0.0,11988.4,,,
2025-02-07,俄罗斯,中国,OMZ AO,VOL STAHL SPECIAL STEEL PROFILES SHANGHAI CO LTD,"612740, КИРОВСКАЯ ОБЛАСТЬ, Г.ОМУТНИНСК, УЛ.КОКОВИХИНА, Д. 2,","201803, , SHANGHAI, ROOM 609, NO.6, NO. 58 HEXUAN ROAD, JIADING, ,,.",,,НЕИЗВЕСТЕН,China (CN),Russia,,,8482990000,"PARTS OF LINEAR MOVEMENT BEARINGS - CARRIAGE BEARING ROLLERS. HAS A CYLINDRICAL SHAPE. FOR OWN NEEDS OF JSC """"OMZ"""".",,0.0,,176.0,11758.45,,,НЕИЗВЕСТЕН
2025-04-20,印度,中国,CREATIVE TRADERS,YIWU ZHUANMEI IMPORT AND EXPORT CO,"D/ 702, VINI CLASSIC COOP HSG  SOC. LTD. M.G. ROAD, ",,,,,CHINA,,Ningbo,NHAVA SHEVA SEA (INNSA1),84822090,MINI LINEAR BEARING MINI LINEAR BEARING,,1450.0,PCS,0.0,11346.1711,DLRWNAYXJEC14,,
2025-01-06,俄罗斯,中国,OMZ AO,VOL STAHL SPECIAL STEEL PROFILES SHANGHAI CO LTD,"612740, КИРОВСКАЯ ОБЛАСТЬ, Г.ОМУТНИНСК, УЛ.КОКОВИХИНА, Д. 2,","201803, , SHANGHAI, ROOM 609, NO.6, NO. 58 HEXUAN ROAD, JIADING, ,,..",,,НЕИЗВЕСТЕН,China (CN),Russia,,,8482990000,"PARTS OF LINEAR MOVEMENT BEARINGS - CARRIAGE BEARING ROLLERS. HAS A CYLINDRICAL SHAPE. FOR OWN NEEDS OF JSC """"OMZ"""".",,0.0,,1375.08,11063.56,,,НЕИЗВЕСТЕН
2025-11-05,印度,中国,AXIS TECHNOLOGIES,ZHEJIANG JINGRUI INTELLIGENT TRANSMISSION CO LTD,"207, ARIHANT TOWER, 2ND FLOOR,83 V. V .CHANDAN STREET, MUMBAI, ","#99, Shangxu Road Lishui Industral Zone Zhejiang, Zhejiang, CHINA SDNF CHINA",,,,China (CN),,Shanghai,NHAVA SHEVA SEA (INNSA1),84828000,LINEAR MOTION BEARINGS LM20UU LINEAR MOTION BEARINGS LM20UU,,30060.0,NOS,0.0,10871.02,,,
2025-01-19,越南,中国台湾,CÔNG TY TNHH JADE M - TECH,CHUN LOUNG CO LTD,"Land Lot No. Tt3-09, Land Stuck Area, Lien Mac Ward, Bac Tu Liem District, Hanoi City, Vietnam","NO.1, LANE 333, MINYI ST., FUAN VILLAGE, SIOUSHUEI TOWNSHIP, CHANGHUA COUNTY 50444, TAIWAN, TW",,,,Taiwan,,,,84821000,"Con trượt MR9MN SU VCN, bộ phận của thanh tuyến tính dẫn hướng, bằng thép,có ổ bi, phụ tùng máy gia công kim loại. NSX: CPC, mới 100%,MR9MN SU VCN slider, part of linear guide bar, steel, with ball bearing, metalworking machine spare part. Manufacturer: CPC, 100% new",,1500.0,Pieces,0.0,10650.0,,,
2025-01-10,印度,中国,AXIS TECHNOLOGIES,ZHEJIANG JINGRUI INTELLIGENT TRANSMISSION CO LTD,"207, ARIHANT TOWER, 2ND FLOOR,83 V. V .CHANDAN STREET, MUMBAI, ",,,,,CHINA,,Ningbo,NHAVA SHEVA SEA (INNSA1),84828000,LINEAR MOTION BEARING LM20UU LINEAR MOTION BEARING LM20UU,,27360.0,PCS,0.0,10568.5622,I8HCZQIRGX46A,,
2025-01-03,印度,中国,CTS BEARING HOUSE,QINGDAO HIKING YICAITONG MARKET PURCHASING CO LTD,"A7 , Mulund Jaimala CHS, K N Centre, N S Road, Mulund West null",,,,,CHINA,,Qingdao,NHAVA SHEVA SEA (INNSA1),84821090,LINEAR MOTION BEARING (8890 PCS) LINEAR MOTION BEARING (8890 PCS),,1727.0,KGS,1727.0,10566.8717,L3KX8H35GAB6X,,
2025-08-14,印度,中国,BHAVI IMPEX,AMLAND GLOBE HK ENTERPRISE LTD,"108,SHUBH SANDESH, 16,  HANSRAJ LANE, BYCULLA, ","ROOM 811,BAILI BUSINESS CENTER,87-1 05, CHATHAM ROAD SOUTH,TSIM SHA TSU I,KOWLOON HONG KONG",,,,China (CN),,Ningbo,,84828000,"LINEAR BEARING BRAND:9KBC,MODEL: LM20UU LINEAR BEARING",,20016.0,NOS,0.0,10268.21,,,
2025-04-01,印度,中国,AXIS TECHNOLOGIES,ZHEJIANG JINGRUI INTELLIGENT TRANSMISSION CO LTD,"207, ARIHANT TOWER, 2ND FLOOR,83 V. V .CHANDAN STREET, MUMBAI, ",,,,,CHINA,,Ningbo,NHAVA SHEVA SEA (INNSA1),84828000,LINEAR MOTION BEARINGS LM20UU LINEAR MOTION BEARINGS LM20UU,,27000.0,PCS,0.0,10249.2613,VOOLSCS6OAR5X,,
2025-07-08,印度,中国,AXIS TECHNOLOGIES,ZHEJIANG JINGRUI INTELLIGENT TRANSMISSION CO LTD,"207, ARIHANT TOWER, 2ND FLOOR,83 V. V .CHANDAN STREET, MUMBAI, ",,,,,CHINA,,Ningbo,NHAVA SHEVA SEA (INNSA1),84828000,LINEAR MOTION BEARINGS LM20UU LINEAR MOTION BEARINGS LM20UU,,27000.0,PCS,0.0,10151.5728,0SVQ7GYDUI59V,,
2025-01-20,俄罗斯,中国,SINO GRANT OOO,ZHEJIANG GUANGDONG HEILONGJIANG TRADE IMPORT&EXPORT LTD,"141070, МОСКОВСКАЯ ОБЛАСТЬ, Г.КОРОЛЕВ, УЛ.ФРУНЗЕ 1А, ПОМЕЩЕНИЕ III, ОФ.303,","NO.1091, NANJING ROAD, LIMIN DEVELOPMENT ZONE, HARBIN, ROOM 1, FLOOR 6, UNIT 3,",,,"LUOYANG MONTON BEARING SCIENCE & TECHNOLOGY CO.,LTD.",China (CN),Russia,,,8482109008,"BALL BEARINGS, SINGLE ROW, WITH A MAXIMUM OUTER DIAMETER OF MORE THAN 30 MM, MADE OF STEEL, ARE RESPONSIBLE FOR THE PERCEPTION OF HIGH IMPACT LOADS, INTENDED FOR USE IN LINEAR MOVEMENT SYSTEMS OF CONVEYOR SYSTEMS IN THE INDUSTRY",,2806.0,PC,1646.94,10023.42,,,ОТСУТСТВУЕТ
2025-09-11,越南,中国,CÔNG TY TNHH LẬP VĂN,SHANGHAI FENGRUI TRADING CO LTD,"No. 2 Vsip II-A Industrial Park, Road No. 17, Vietnam Singapore II-A Industrial Park, Vinh Tan Ward, Ho Chi Minh City, Vietnam","NO.222, BUILDING B, NO. 333 CHUANGDA ROAD, QINGPU, SHANGHAI, CN",,,,China,,,,84821000,"Vòng bi tuyến tính bằng sắt, phi 35*75mm(dùng cho máy cắt giấy). Hàng mới 100% hàng không nhãn hiệu, có nhãn mác.,Linear ball bearings with iron, africa 35*75mm(use for paper cutting machine). 100% brand new, aviation brands have labels.",,117.0,Pieces,0.0,9687.6,,,
2025-04-04,印度,中国,FAIVELEY TRANSPORT RAIL TECHNOLOGIES INDIA PRIVATE,FAIVELEY METRO TECHNOLOGY SHANGHAI CO LTD,"HARITA,  HOSUR, ",,,,,CHINA,,Shanghai,BANGALORE ACC (INBLR4),84825000,12.1800.1094 LINEAR BEARING INA F-609645.KS 12.1800.1094 LINEAR BEARING INA F-609645.KS,,147.0,NOS,0.0,9613.8332,U3LOSJQ7AW6BH,,
2025-01-03,越南,中国台湾,CÔNG TY TNHH JADE M - TECH,CHUN LOUNG CO LTD,"Land Lot No. Tt3-09, Land Stuck Area, Lien Mac Ward, Bac Tu Liem District, Hanoi City, Vietnam","NO.1, LANE 333,MINYI ST, FUAN VILLAGE SIOUSHUEI  TOWNSHIP, CHANGHUA COUNTY 50444, TAIWAN, TW",,,,Taiwan,,,,84821000,"Con trượt ARC15MN S V0N bộ phận của thanh tuyến tính dẫn hướng, bằng thép, có ổ bi, phụ tùng máy gia công kim loại. NSX: CPC, mới 100%,ARC15MN S V0N linear guide rail part, steel, with ball bearing, metalworking machine spare part. Manufacturer: CPC, 100% new",,800.0,Pieces,0.0,9592.0,,,
2025-03-13,俄罗斯,中国,MAY LLC,SHANGHAI CHENBIN INDUSTRIAL CO LTD,"141191, МОСКОВСКАЯ ОБЛ., Г. ФРЯЗИНО, УЛ.ОЗЕРНАЯ, Д.1 А,","200540, , SHANGHAI, NO. 1500 TINGWEI ROAD, JINSHAN DISTRICT, ..,,",,,THK CO. LTD.,China (CN),Russia,,,8482800009,"STEEL LINEAR SLIDE BEARINGS FOR MAINTENANCE OF PREVIOUSLY IMPORTED LINE FOR PRODUCTION AND PACKAGING OF PYRAMID TYPE TEA BAGS TPB-200ES/16, FOR OWN PRODUCTION, NOT FOR SALE::",,37.0,PC,74.0,9371.6,,,THK
2025-01-14,肯尼亚,中国,KRONES LCS CENTRE EAST AFRICA LIMITED,KRONES AG,,,,,,China,Kenya,,,8482100000,Linear ball bearing; 370pce-Ang.-cont./Linear ball bearing; KRONES; Ang.-cont. b,,370.0,UNT,0.0,9306.9875,,,
2025-09-19,越南,中国,CÔNG TY TNHH XNK YOULI,PINGXIANG CHENGJIE IMP & EXP TRADE CO LTD,"3rd Floor, No. 126-128 Tran Vy, Phu Dien Ward, Hanoi City, Vietnam","NO. 1507, 15TH FLOOR, BUILDING B, NO. 18 TIANXIN ROAD, PINGXIANG TOWN, CN",,,,China,,,,84821000,"Vòng bi 3204A-2RS1TN9/C3MT33. Bằng sắt, kt 20x47x21mm. Dùng trong hệ thống chuyển động tuyến tính. không có tên thương hiệu, Nsx: PINGXIANG CHENGJIE IMP.&EXP. TRADE CO.,LTD. mới 100%,Bearing 3204A-2RS1TN9/C3MT33. Iron, kt 20x47x21mm. Used in a linear motion. no brand names, Manufacturer: PINGXIANG CHENGJIE IMP.&amp;EXP. TRADE CO.,LTD. new 100%",,80.0,Pieces,0.0,9098.4,,,
2025-07-04,越南,中国,CÔNG TY TNHH THIẾT BỊ CƠ ĐIỆN MINH THÀNH,HK TOMUU ACTUATOR TECHNOLOGY CO LIMITED,"Trang Due Residential Group (At Ngan Vu Company Limited), Le Loi Ward, An Duong District, Hai Phong City, Vietnam.","ROOM 1318-19, HOLLYWOOD PLAZA, 610 NATHAN ROAD, MONGKOK, KOWLOON, HONGKONG, CN",,,,China,,,,84821000,"TMA-MNA-U20A00058#& Ổ bi dùng cho hộp số động cơ của bộ truyền động tuyến tính, mới 100%,TMA-MNA-U20A00058#& Ball bearing for motor gearbox of linear actuator, 100% new",,8650.0,Pieces,0.0,8650.0,,,
2025-04-26,越南,中国香港,CÔNG TY TNHH THIẾT BỊ CƠ ĐIỆN MINH THÀNH,HK TOMUU ACTUATOR TECHNOLOGY CO LIMITED,"Trang Due Residential Group (at Ngan Vu Company Limited), Le Loi Ward, An Duong District, Hai Phong City, Vietnam.","ROOM 1318-19, HOLLYWOOD PLAZA, 610 NATHAN ROAD, MONGKOK, KOWLOON, HONGKONG, HK",,,,China,,,,84821000,"TMA-MNA-U20A00058#& Ổ bi dùng cho hộp số động cơ của bộ truyền động tuyến tính, mới 100%,TMA-MNA-U20A00058#& Ball bearing for motor gearbox of linear actuator, 100% new",,8640.0,Pieces,0.0,8640.0,,,
2025-03-06,越南,中国香港,CÔNG TY TNHH THIẾT BỊ CƠ ĐIỆN MINH THÀNH,HK TOMUU ACTUATOR TECHNOLOGY CO LIMITED,"Trang Due Village (at Ngan Vu Limited Liability Company), Le Loi Commune, An Duong District, Hai Phong, Vietnam","ROOM 1318-19, HOLLYWOOD PLAZA, 610 NATHAN ROAD, MONGKOK, KOWLOON, HONGKONG, HK",,,,China,,,,84821000,"TM14#& Ổ bi dùng cho hộp số động cơ của bộ truyền động tuyến tính, mới 100%,TM14#& Ball bearing for motor gearbox of linear actuator, 100% new",,8640.0,Pieces,0.0,8640.0,,,
2025-07-16,越南,中国,CÔNG TY TNHH THIẾT BỊ CƠ ĐIỆN MINH THÀNH,HK TOMUU ACTUATOR TECHNOLOGY CO LIMITED,"Trang Due Residential Group (At Ngan Vu Company Limited), Le Loi Ward, An Duong District, Hai Phong City, Vietnam.","ROOM 1318-19, HOLLYWOOD PLAZA, 610 NATHAN ROAD, MONGKOK, KOWLOON, HONGKONG, CN",,,,China,,,,84821000,"TMA-MNA-U20A00058#& Ổ bi dùng cho hộp số động cơ của bộ truyền động tuyến tính, mới 100%,TMA-MNA-U20A00058#& Ball bearing for motor gearbox of linear actuator, 100% new",,8640.0,Pieces,0.0,8640.0,,,
2025-05-08,越南,中国香港,CÔNG TY TNHH THIẾT BỊ CƠ ĐIỆN MINH THÀNH,HK TOMUU ACTUATOR TECHNOLOGY CO LIMITED,"Tổ dân phốTràngDuệ(tại Công tyTNHH Ngân Vũ),phường Lê Lợi, quận An Dương,TP Hải Phòng, Việt Nam.","ROOM 1318-19, HOLLYWOOD PLAZA, 610 NATHAN ROAD, MONGKOK, KOWLOON, HONGKONG, HK",,,,China,,,,84821000,"TMA-MNA-U20A00058#& Ổ bi dùng cho hộp số động cơ của bộ truyền động tuyến tính, mới 100%,TMA-MNA-U20A00058#& Ball bearing for motor gearbox of linear actuator, 100% new",,8640.0,Pieces,0.0,8640.0,,,
2025-05-12,越南,中国香港,CÔNG TY TNHH THIẾT BỊ CƠ ĐIỆN MINH THÀNH,HK TOMUU ACTUATOR TECHNOLOGY CO LIMITED,"Tổ dân phốTràngDuệ(tại Công tyTNHH Ngân Vũ),phường Lê Lợi, quận An Dương,TP Hải Phòng, Việt Nam.","ROOM 1318-19, HOLLYWOOD PLAZA, 610 NATHAN ROAD, MONGKOK, KOWLOON, HONGKONG, HK",,,,China,,,,84821000,"TMA-MNA-U20A00058#& Ổ bi dùng cho hộp số động cơ của bộ truyền động tuyến tính, mới 100%,TMA-MNA-U20A00058#& Ball bearing for motor gearbox of linear actuator, 100% new",,8640.0,Pieces,0.0,8640.0,,,
2025-04-11,越南,中国香港,CÔNG TY TNHH THIẾT BỊ CƠ ĐIỆN MINH THÀNH,HK TOMUU ACTUATOR TECHNOLOGY CO LIMITED,"Trang Due Residential Group (at Ngan Vu Company Limited), Le Loi Ward, An Duong District, Hai Phong City, Vietnam.","ROOM 1318-19, HOLLYWOOD PLAZA, 610 NATHAN ROAD, MONGKOK, KOWLOON, HONGKONG, HK",,,,China,,,,84821000,"TMA-MNA-U20A00058#& Ổ bi dùng cho hộp số động cơ của bộ truyền động tuyến tính, mới 100%,TMA-MNA-U20A00058#& Ball bearing for motor gearbox of linear actuator, 100% new",,8640.0,Pieces,0.0,8640.0,,,
2025-07-25,越南,中国,CÔNG TY TNHH THIẾT BỊ CƠ ĐIỆN MINH THÀNH,HK TOMUU ACTUATOR TECHNOLOGY CO LIMITED,"Trang Due Residential Group (At Ngan Vu Company Limited), Le Loi Ward, An Duong District, Hai Phong City, Vietnam.","ROOM 1318-19, HOLLYWOOD PLAZA, 610 NATHAN ROAD, MONGKOK, KOWLOON, HONGKONG, ZZ",,,,China,,,,84821000,"TMA-MNA-U20A00058#& Ổ bi dùng cho hộp số động cơ của bộ truyền động tuyến tính, mới 100%,TMA-MNA-U20A00058#& Ball bearing for motor gearbox of linear actuator, 100% new",,8640.0,Pieces,0.0,8640.0,,,
2025-11-20,菲律宾,中国台湾,WU KONG SINGAPORE PTE LTD PHIL,CHENG KUANG WOOD MACHINERY WORKS,"BRANCH BLOCK 25 A AND B, PHASE IV CAVITE ECONOMIC ZONE ROSARIOCAVITE 4106PHILIPPINES",,,,,TAIWAN,,,,84828000000,LINEAR BEARING SR30 THK (12 PCS),,12.0,PIECE,32.41,8550.7692,UTP20025821,,
2025-09-21,印度,中国,KABRA BEARING & POWER PRIVATE LIMITED,YIBOYUAN LINQING CITY PRECISION MACHINERY,77 IST FLOOR SHARDANAND MARG  N/A,"CO., LTD. INDUSTRIAL PARK, BACHALU TOWN, LINQING CITY, LIAOCHENG CITY, SHANDONG PROVINCE CHINA. CHINA",,,,China (CN),,Qingdao,,84828000,LINEAR BEARING (ASSORTED SIZES AS PER ATTACHED ANNEXURE) (NET WEIGHT- 3026.00 KGS)LINEAR BEARING (ASSORTED SIZES AS PER ATTACHED ANNEXURE) (NE,,14350.0,NOS,0.0,8529.03,,,
2025-06-24,越南,中国台湾,CÔNG TY TNHH JADE M - TECH,CHUN LOUNG CO LTD,"Land Lot No. Tt3-09, Land Block, Lien Mac Ward, Bac Tu Liem District, Hanoi City, Vietnam.","NO.1, LANE 333, MINYI ST., FUAN VILLAGE, SIOUSHUEI TOWNSHIP, CHANGHUA COUNTY 50444, TAIWAN, TW",,,,Taiwan,,,,84821000,"Con trượt ổ bi ARC15ML S V1N, bộ phận của thanh tuyến tính dẫn hướng, bằng thép,có ổ bi, phụ tùng máy gia công kim loại. NSX: CPC, mới 100%,ARC15ML S V1N ball bearing slide, part of linear guide bar, steel, with ball bearing, metalworking machine spare part. Manufacturer: CPC, 100% new",,500.0,Pieces,0.0,8500.0,,,
2025-01-02,巴基斯坦,中国,GOURMET FOOD,KRONES THAILAND CO LTD,"1-KM, DEFENCE REHBAR ROAD OFF RAIWIND ROAD, NEAR BHOBATIAN CHOWK, Lahore","39TH FLOOR, INTERLINK TOWER 1858/138 DEBARATNA ROAD, BANGNA TAI SUB DISTRICT, BANGNA DISTRICT, BANGKOK 10260, THAILAND",,,,China,,Metropolitan Area,LPAF,84821000,Ang.-cont. ball bearing  BALL BEARING  Deep groove ball bearing  BALL BUSHING  Recirculating linear ball bearing unit,,1663.0,u,485970.0,8467.3463,DSV0803329,,
2025-01-03,越南,中国台湾,CÔNG TY TNHH JADE M - TECH,CHUN LOUNG CO LTD,"Land Lot No. Tt3-09, Land Stuck Area, Lien Mac Ward, Bac Tu Liem District, Hanoi City, Vietnam","NO.1, LANE 333,MINYI ST, FUAN VILLAGE SIOUSHUEI  TOWNSHIP, CHANGHUA COUNTY 50444, TAIWAN, TW",,,,Taiwan,,,,84821000,"Con trượt ARC20MN S V1N, bộ phận của thanh tuyến tính dẫn hướng, bằng thép, có ổ bi, phụ tùng máy gia công kim loại. NSX: CPC, mới 100%,ARC20MN S V1N slider, part of linear guide bar, steel, with ball bearing, metalworking machine spare part. Manufacturer: CPC, 100% new",,540.0,Pieces,0.0,8370.0,,,
2025-01-02,巴基斯坦,中国,GOURMET FOOD,KRONES THAILAND CO LTD,"1-KM, DEFENCE REHBAR ROAD OFF RAIWIND ROAD, NEAR BHOBATIAN CHOWK, Lahore",,,,,China,,,LPAF,84821000,Ang.-cont. ball bearing  BALL BEARING  Deep groove ball bearing  BALL BUSHING  Recirculating linear ball bearing unit,,1663.0,u,0.0,8065.55,,,
2025-08-21,越南,中国,CÔNG TY TNHH SETTSU CARTON VIỆT NAM,BHS CORRUGATED SINGAPORE PTE LTD,"D4-1 Street, Long Duc Industrial Park, Long Duc Commune, Long Thanh District, Dong Nai Province, Vietnam","111 SOMERSET ROAD, UNIT #09-21/22, SINGAPORE,238164, ",,,,China,,,,84821000,"Bạc đạn-LINEAR BALL BEARING 30/47/68, kích thước: 30/47/68mm, gắn tại bộ phận cán lằn giấy của máy tạo sóng giấy carton BHS, hàng mới 100%,Bearing-LINEAR BALL BEARING 30/47/68, size: 30/47/68mm, mounted in parts rolling stripes of paper making machine corrugated paper carton BHS, 100% brand new",,80.0,Pieces,0.0,8030.4,,,
2025-06-13,斯里兰卡,中国,BEARINGS INN LANKA ENTERPRISES,TIANLIHONG IMPORT EXPORT CO LTD," 234, BANDARANAYAKE MW, COLOMBO 12"," DAXUBZHUANG INDUSTRIAL PARK HUANGSHAN ROAD, LIAOCHENG, SHANDONG",,,,CHINA,,,,84822000,"196 PCS OF SPHERICAL ROLLER,CYLINDRICAL,LINEAR,TAPERED ROLLER BEARING&#10;ONE WA,BEARING",,196.0,NIU,1315.34,7772.19,,,
2025-02-19,越南,中国香港,CÔNG TY TNHH THIẾT BỊ CƠ ĐIỆN MINH THÀNH,HK TOMUU ACTUATOR TECHNOLOGY CO LIMITED,"Trang Due Village (At Ngan Vu Limited Liability Company), Le Loi Commune, An Duong District, Hai Phong, Vietnam","ROOM 1318-19, HOLLYWOOD PLAZA, 610 NATHAN ROAD, MONGKOK, KOWLOON, HONGKONG, HK",,,,China,,,,84821000,"TM14#& Ổ bi dùng cho hộp số động cơ của bộ truyền động tuyến tính, mới 100%,TM14#& Ball bearing for motor gearbox of linear actuator, 100% new",,7680.0,Pieces,0.0,7680.0,,,
2025-10-04,印度,中国,CTS BEARING HOUSE,LIAOCHENG JUANHANG TRADING CO LTD,,"1-10 YUNHEMINGJUN QINGNIAN ROAD, LI NQING CITY, Liaocheng, Shandong, Ch ina China",,,,China (CN),,Qingdao,NHAVA SHEVA SEA (INNSA1),84821090,LINEAR MOTION BEARING (4793 PCS) LINEAR MOTION BEARING (4793 PCS),,1239.0,KGS,0.0,7639.22,,,
2025-04-25,印度,中国,BHAVI IMPEX,AMLAND GLOBE HK ENTERPRISE LTD,"108,SHUBH SANDESH, 16,  HANSRAJ LANE, BYCULLA, ",,,,,CHINA,,Ningbo,NHAVA SHEVA SEA (INNSA1),84828000,"LINEAR BEARING BRAND:9KBC, ITEM NO.LM20UU LINEAR BEARING",,15055.0,NOS,0.0,7600.2939,LFU4IYNTHODV1,,
2025-05-07,印度,中国,KHS INNOVATION & ENGINEERING LLP,ZHEJIANG SIQIANG BEARING MANUFACTUR,"4A, KARIM BUILDING, 1ST FLOOR,142/  144, ABDUL REHMAN STREET ",,,,,CHINA,,Shanghai,NHAVA SHEVA SEA (INNSA1),84828000,LINEAR MOTION BEARINGS SC20UU (BRAND - KHS LG) LINEAR MOTION BEARINGS,,6000.0,PCS,0.0,7590.9986,Q8MNXZXFQ41NW,,
2025-01-17,俄罗斯,中国,ООО НОВАЯ ДИНАМИКА,SHANDONG CHIK BEARING CO LTD,"344029, РОСТОВСКАЯ ОБЛАСТЬ, Г.О. Г.РОСТОВ-НА-ДОНУ, УЛ МЕНЖИНСКОГО, 2А","250010, SHANDONG PILOT FREE TRADE ZONE, JINAN ZONE, 806 WEST #1 BUILDING, SHUNTA",,,"SHANDONG CHIK BEARING CO.,LTD",China (CN),Russia,,,8482109008,"BALL BEARINGS. ARE DESIGNED TO FIX A SHAFT IN SPACE AND ENSURE ITS FREE ROTATION, ROLLING OR LINEAR DISPLACEMENT. CONSIST OF A RING MADE BY MECHANICAL PROCESSING OF A BLANK FROM ROLLING METAL, A SET OF BALLS MADE",,1400.0,PC,1769.0,7492.62,,,CHIK
2025-11-06,越南,中国,CÔNG TY TNHH THIẾT BỊ CƠ ĐIỆN MINH THÀNH,HK TOMUU ACTUATOR TECHNOLOGY CO LIMITED,"Trang Due Residential Area (at Ngan Vu Co., Ltd.), An Duong Ward, Hai Phong City, Vietnam","ROOM 1318-19, HOLLYWOOD PLAZA, 610 NATHAN ROAD, MONGKOK, KOWLOON, HONGKONG, CN",,,,China,,,,84821000,"MNA-U20G00085#&Ổ bi dùng cho hộp số động cơ của bộ truyền động tuyến tính, mới 100%,MNA-U20G00085#&Bearing for motor gearbox of linear actuator, 100% new",,4200.0,Pieces,0.0,7476.0,,,
2025-09-08,越南,中国,CÔNG TY TNHH THIẾT BỊ CƠ ĐIỆN MINH THÀNH,HK TOMUU ACTUATOR TECHNOLOGY CO LIMITED,"Trang Due Residential Group (At Ngan Vu Company Limited), An Duong Ward, Hai Phong City, Vietnam","ROOM 1318-19, HOLLYWOOD PLAZA, 610 NATHAN ROAD, MONGKOK, KOWLOON, HONGKONG, ZZ",,,,China,,,,84821000,"TMA-MNA-U20G00085#&Ổ bi dùng cho hộp số động cơ của bộ truyền động tuyến tính, mới 100%,TMA-MNA-U20G00085#&amp;bearings for gearbox motor of the actuator, linear, 100% new",,4200.0,Pieces,0.0,7476.0,,,
2025-09-25,越南,中国,CÔNG TY TNHH THIẾT BỊ CƠ ĐIỆN MINH THÀNH,HK TOMUU ACTUATOR TECHNOLOGY CO LIMITED,"Trang Due Residential Group (At Ngan Vu Company Limited), An Duong Ward, Hai Phong City, Vietnam","ROOM 1318-19, HOLLYWOOD PLAZA, 610 NATHAN ROAD, MONGKOK, KOWLOON, HONGKONG, CN",,,,China,,,,84821000,"TMA-MNA-U20G00085#&Ổ bi dùng cho hộp số động cơ của bộ truyền động tuyến tính, mới 100%,TMA-MNA-U20G00085#&amp;bearings for gearbox motor of the actuator, linear, 100% new",,4200.0,Pieces,0.0,7476.0,,,
2025-01-10,俄罗斯,中国,AMAST LLC,LAIZHOU PINNO IMPORT&EXPORT TRADE CO LTD SHANGHAI ZHAOZHAN AUTOMATION EQUIPMENT CO LTD,"236022, КАЛИНИНГРАДСКАЯ ОБЛ., КАЛИНИНГРАД, УЛ.КРАСНАЯ 21-1,",", DAMAIWAN INDUSTRIAL ZONE) PUDONG NEW DISTRICT, SHANGHAI, LOCATED AT BLOCK 2,NO",,,"SHANGHAI ZHAOZHAN AUTOMATION EQUIPMENT CO.,LTD.",China (CN),Russia,,,8482109008,"BALL BEARINGS, LINEAR BEARING INNER DIAMETER 30 MM, METALWORKING MACHINE PART - PART OF LINEAR MOVEMENT DEVICE CARRIAGE MATERIAL STEEL, PLASTIC.",,3350.0,PC,986.35,7257.53,,,SHANGHAI
2025-02-02,印度,中国,MEET ENTERPRISE,LISHUI YUXUAN AUTOMATION MANUFACTURING CO LTD,"215 2nd Floor Murli Manohar Market, Opp. Hari Om A.C. Market, Revdi Bazzar Cross Road, Kalupur,",,,,,CHINA,,Shanghai,AHEMDABAD ICD (INSBI6),84828000,LINEAR BEARINGS LINEAR BEARINGS,,2547.0,NOS,0.0,7170.1703,WB9KNQ5ZR6UK2,,
2025-02-26,越南,中国台湾,CÔNG TY TNHH JADE M - TECH,CHUN LOUNG CO LTD,"Land Lot No. Tt3-09, Land Jam, Lien Mac Ward, Bac Tu Liem District, Hanoi City, Vietnam.","NO.1, LANE 333,MINYI ST, FUAN VILLAGE SIOUSHUEI  TOWNSHIP, CHANGHUA COUNTY 50444, TAIWAN, TW",,,,Taiwan,,,,84821000,"Con trượt MR9MN SU VCN, bộ phận của thanh tuyến tính dẫn hướng, bằng thép,có ổ bi, phụ tùng máy gia công kim loại. NSX: CPC, mới 100%,MR9MN SU VCN slider, part of linear guide bar, steel, with ball bearing, metalworking machine spare part. Manufacturer: CPC, 100% new",,1000.0,Pieces,0.0,7100.0,,,
2025-12-02,巴基斯坦,中国,GOURMET FOOD,KRONES THAILAND CO LTD,"1-KM, DEFENCE REHBAR ROAD OFF RAIWIND ROAD, NEAR BHOBATIAN CHOWK, Lahore","39TH FLOOR, INTERLINK TOWER 1858/138 DEBARATNA ROAD, BANGNA TAI SUB DISTRICT, BANGNA DISTRICT, BANGKOK 10260, THAILAND",,,,China,,METROPOLITAN,LPAF,84821000,"Needle roller bearing RNA4910 RSR-XL 58
Deep groove ball bearing 6010 50x80x16
Recirculating linear ball bearing unit L
Ang.-cont. ball bearing 3203B 2RS 17x40
4-point deep groove ball bearing 61812
BALL BEARING 008-JE",,223.0,u,402000.0,6941.3117,DSV1197412,,
2025-11-20,印度,中国,CTS BEARING HOUSE,LIAOCHENG JUANHANG TRADING CO LTD,"A7 , Mulund Jaimala CHS, K N Centre, N S Road, Mulund West null","1-10 YUNHEMINGJUN QINGNIAN ROAD, LI NQING CITY, Liaocheng, Shandong, Ch ina China",,,,China (CN),,Qingdao,NHAVA SHEVA SEA (INNSA1),84821090,LINEAR MOTION BEARING (8249 PCS) LINEAR MOTION BEARING (8249 PCS),,1134.0,KGS,0.0,6895.18,,,
2025-03-09,印度,中国,BHAVI IMPEX,AMLAND GLOBE HK ENTERPRISE LTD,"108,SHUBH SANDESH, 16,  HANSRAJ LANE, BYCULLA, ",,,,,CHINA,,Ningbo,NHAVA SHEVA SEA (INNSA1),84828000,"OILLESS BUSH WITH HOUSING BRAND :ROLIOS,ITEM NO.:OBSC40 LINEAR BEARING",,291.0,NOS,0.0,6876.4297,LBB1GBXTG5LE3,,
2025-03-17,越南,中国,CÔNG TY TNHH P&F BROTHERS VIET NAM,HANGZHOU SILVERSTONE MACHINERY INDUSTRY CO LTD,"Lot H, Loc An - Binh Son Industrial Park, Long An Commune, Long Thanh District, Dong Nai Province, Vietnam","NO.951 QINGLIU BEI ROAD, XIAOSHAN JIANG DONG, INDUSTRIAL AREA HANGZHOU, ZHEJIANG CHINA, CN",,,,China,,,,84821000,"Bạc đạn ổ bi (bằng thép)-LINEAR BALL BEARING. Hàng mới 100%,LINEAR BALL BEARING. 100% new",,10277.0,Pieces,0.0,6782.82,,,
2025-11-19,印度,中国,MECH AUTO SYSTEMS,TECH MOTION SHANGHAI CO LTD,"SHOP NO 2, BALCHANDRA APARTMENT  PLOT NO.55, SECTOR 44A,NERUL ","ROOM 904, BUILDING 3, 80 HUASHEN RO AD, WAI GAO QIAO FREE TRADE ZONE Sh anghai, Shanghai, CHINA CHINA",,,,China (CN),,Shanghai,NHAVA SHEVA SEA (INNSA1),84821090,LINEAR MOTION BEARING RAIL HGR25X4000MM LINEAR MOTION BEARING RAIL HGR25X4000MM,,200.0,NOS,0.0,6749.45,,,
2025-10-29,越南,中国,CÔNG TY TNHH WORLDON VIỆT NAM,NINGBO DAQIAN IMPORT EXPORT CO LTD,"Lot D1, Road D4, Dong Nam Industrial Park, Binh My Commune, Ho Chi Minh City","NO.66 HUANGSHAN ROAD, XINQI DEVELOPMENT ZONE, NINGBO CHINA, CN",,,,China,,,,84828000,"TSTD101300#&Cụm trượt bi tuyến tính, không thương hiệu, model MGNR15C, mới 100%,TSTD101300#&amp;Phrases slide linear ball bearing, not the brand, model MGNR15C, 100% new",,300.0,Pieces,0.0,6669.0,,,
2025-04-07,印度,中国,BHAVI IMPEX,AMLAND GLOBE HK ENTERPRISE LTD,"108,SHUBH SANDESH, 16,  HANSRAJ LANE, BYCULLA, ",,,,,CHINA,,Ningbo,NHAVA SHEVA SEA (INNSA1),84828000,"LINEAR BEARING WITH HOUSING,BRAND:9KBC,ITEM NO.:SC25UU LINEAR BEARING",,3016.0,NOS,0.0,6409.6513,U3SB7GYE588QP,,
2025-11-19,印度,中国,MECH AUTO SYSTEMS,TECH MOTION SHANGHAI CO LTD,"SHOP NO 2, BALCHANDRA APARTMENT  PLOT NO.55, SECTOR 44A,NERUL ","ROOM 904, BUILDING 3, 80 HUASHEN RO AD, WAI GAO QIAO FREE TRADE ZONE Sh anghai, Shanghai, CHINA CHINA",,,,China (CN),,Shanghai,NHAVA SHEVA SEA (INNSA1),84821090,LINEAR MOTION BEARING RAIL HGR20X4000MM LINEAR MOTION BEARING RAIL HGR20X4000MM,,250.0,NOS,0.0,6170.2,,,
2025-05-23,越南,中国台湾,CÔNG TY TNHH JADE M - TECH,CHUN LOUNG CO LTD,"Ô đất số TT3-09, Khu Đất Kẹt, Phường Liên Mạc, Quận Bắc Từ Liêm,Thành Phố Hà Nội, Việt Nam.","NO.1, LANE 333,MINYI ST, FUAN VILLAGE SIOUSHUEI  TOWNSHIP, CHANGHUA COUNTY 50444, TAIWAN, TW",,,,Taiwan,,,,84821000,"Con trượt ARC15MN S V1N bộ phận của thanh tuyến tính dẫn hướng, bằng thép, có ổ bi, phụ tùng máy gia công kim loại. NSX: CPC, mới 100%,ARC15MN S V1N linear guide rail part, steel, with ball bearing, metalworking machine spare part. Manufacturer: CPC, 100% new",,500.0,Pieces,0.0,5995.0,,,
2025-03-10,印度,中国,AGARWAL INDUSTRIES,QINGDAO SHIYA IMPORT AND EXPORT CO,4 Ground Floor HARESH CHAMBER SAMUEL STREET VADGADI,,,,,CHINA,,Qingdao,NHAVA SHEVA SEA (INNSA1),84821090,LINEAR BALL BEARING SC25UU LINEAR BALL BEARING,,3057.0,NOS,0.0,5919.2186,WR2ROUSHLUCH0,,
2025-02-12,俄罗斯,中国,BIVER TEKH OOO,DB INDUSTRY&TRADE JIAOZHOU CO LTD,"115404, , Г.МОСКВА, ВН.ТЕР.Г. МУНИЦИПАЛЬНЫЙ ОКРУГ БИРЮЛЕВО ВОСТОЧНОЕ, , Д. 17",", SHANDONG, JIAOZHOU, ROAD LUANHE 1, BLOCK 6, .,..",,,DB INDUSTRY AND TRADE JIAOZHOU CO LTD,China (CN),Russia,,,8482109008,"PART OF CNC MILLING MACHINE BEAVERMILL MINI (RAIL WITH CARRIAGES). MATERIAL: STEEL. IS A LINEAR ACTION BEARING. SUPPLIED FOR OWN PRODUCTION OF CNC MILLING MACHINE """"BEAVERM"""". PURPOSE: MOVEMENT OF THE WORKING PART WITH",,66.0,PC,130.46,5735.59,,,ОТСУТСТВУЕТ
2025-11-19,印度,中国,AMAFHH SONS,ZHEJIANG SIQIANG BEARING MANUFACTURE CO LTD,"2ND FLOOR, 71 NAGDEVI CROSS LANE,,  N/A","NO.97,XIANXIA ROAD,NANMING MOUNTAIN STREET, LIANDU ZONE,LISHUI CITY LI SHUI CITY, Zhejiang, CHINA CHINA",,,,China (CN),,Ningbo,NHAVA SHEVA SEA (INNSA1),84828000,LINEAR MOTION BEARINGS SCS25UU LINEAR MOTION BEARINGS SCS25UU,,2500.0,NOS,0.0,5575.0,,,
2025-11-07,菲律宾,中国,C AND U PHILIPPINES INC,ZHEJIANG HEXIE PRECISION MACHINERY,BLOCK 7 LOT 1 MILLENIUM DRIVE LISP III-SEZ SAN RAFAELSTO TOMAS BATANGAS 4234PHILIPPINES,,,,,CHINA,,,,84821000000,"ANGULAR CONTACT BALL BEARING, LINEAR BEARING",,1.0,PIECE,89.0,5498.5012,PGZZ500903,,
2025-05-16,越南,中国香港,CÔNG TY TNHH THIẾT BỊ CƠ ĐIỆN MINH THÀNH,HK TOMUU ACTUATOR TECHNOLOGY CO LIMITED,"Tổ dân phốTràngDuệ(tại Công tyTNHH Ngân Vũ),phường Lê Lợi, quận An Dương,TP Hải Phòng, Việt Nam.","ROOM 1318-19, HOLLYWOOD PLAZA, 610 NATHAN ROAD, MONGKOK, KOWLOON, HONGKONG, HK",,,,China,,,,84821000,"TMA-MNA-U20A00058#& Ổ bi dùng cho hộp số động cơ của bộ truyền động tuyến tính, mới 100%,TMA-MNA-U20A00058#& Ball bearing for motor gearbox of linear actuator, 100% new",,5400.0,Pieces,0.0,5400.0,,,
2025-01-27,印度,中国,TOY KIDS,YIWU ZHUANMEI IMPORT AND EXPORT CO,"A-1/7, LINK PALACE, OFF LINK ROAD,  MALAD - (WEST), ",,,,,CHINA,,Ningbo,NHAVA SHEVA SEA (INNSA1),84822090,MINI LINEAR BEARING ( FOR MACHINE ) MINI LINEAR BEARING ( FOR MACHINE ),,2280.0,PCS,0.0,5296.5008,O8CGH1TL7H4T0,,
2025-06-03,孟加拉国,中国,ABUL KHAIR CONDENSED MILK & BEVERAGE LTD,SINGAPORE HUA YUN MACHINERY PTE,,LT,,,,CN,,,,84828000,LINEAR BEARING,,0.0,,2.3,5225.0,,,
2025-06-21,印度,中国,CTS BEARING HOUSE,QINGDAO HIKING YICAITONG MARKET PURCHASING CO LTD,"A7 , Mulund Jaimala CHS, K N Centre, N S Road, Mulund West null",,,,,CHINA,,Qingdao,NHAVA SHEVA SEA (INNSA1),84821090,LINEAR MOTION BEARING (4030 PCS) LINEAR MOTION BEARING (4030 PCS),,808.0,KGS,808.0,5061.3766,2FC6DKLDL87TF,,
2025-02-26,越南,中国台湾,CÔNG TY TNHH JADE M - TECH,CHUN LOUNG CO LTD,"Land Lot No. Tt3-09, Land Jam, Lien Mac Ward, Bac Tu Liem District, Hanoi City, Vietnam.","NO.1, LANE 333,MINYI ST, FUAN VILLAGE SIOUSHUEI  TOWNSHIP, CHANGHUA COUNTY 50444, TAIWAN, TW",,,,Taiwan,,,,84821000,"Con trượt HRC25FL S V0N bộ phận của thanh tuyến tính dẫn hướng, bằng thép,có ổ bi, phụ tùng máy gia công kim loại. NSX: CPC, mới 100%,HRC25FL S V0N linear guide rail part, steel, with ball bearing, metalworking machine spare part. Manufacturer: CPC, 100% new",,200.0,Pieces,0.0,5018.0,,,
2025-11-21,越南,中国,CÔNG TY TNHH THƯƠNG MẠI DỊCH VỤ VÀ KỸ THUẬT MT VIỆT NAM,DONGGUAN YUHE IMPORT AND EXPORT TRADING CO LTD,"No. 158 Lam Lang Street, Nam Son Ward, Bac Ninh Province, Vietnam","ROOM 2302, NO.288, DALANG SECTION, GUANZHANG ROAD, DALANG TOWN, DONGGUAN CITY, GUANGDONG PROVINCE, CHINA, CN",,,,China,,,,84821000,"Con trượt vuông MGN9C (có chứa bi bên trong), chất liệu: thép, kích thước: (20*38*42)mm, là bộ phận chuyên dụng dùng trong các cơ cấu dẫn hướng của máy CNC, nsx: Dongguan Nesco CNC. Hàng mới 100%,The MGN9C square linear slide (containing internal ball bearings), material: steel, dimensions: (20*38*42)mm, is a specialized component used in the guiding mechanisms of CNC machines. Manufacturer: Dongguan Nesco CNC. 100% brand new.",,1000.0,Pieces,0.0,5000.0,,,
2025-08-18,印度,中国,CTS BEARING HOUSE,LIAOCHENG JUANHANG TRADING CO LTD,"A7 , Mulund Jaimala CHS, K N Centre, N S Road, Mulund West null","1-10 YUNHEMINGJUN QINGNIAN ROAD, LI NQING CITY,LIAOCHENG CITY, SHANDONG PROVINCE CHINA China",,,,China (CN),,Qingdao,,84821090,LINEAR MOTION BEARING (5030PCS) LINEAR MOTION BEARING (5030PCS),,804.0,KGS,0.0,4998.31,,,
2025-11-11,越南,中国,CÔNG TY TNHH MISUMI VIỆT NAM - CHI NHÁNH THÀNH PHỐ HỒ CHÍ MINH,MISUMI CHINA PRECISION MACHINERY TRADING CO LTD,"P 901, 9th Floor, Sacom-Chip Building, Lot T2-4, D1 Street, High-Tech Zone, Tan Nhon Phu Ward, Ho Chi Minh City","NO.1058 DILING RD, FENGXIAN DIST, SHANGHAI, CHINA, CN",,,,China,,,,84828000,"Thanh trượt tuyến tính có ổ bi, nhãn hiệu MISUMI, mới 100%, code: E-HLGH65-3960-B3,Linear slide with ball bearings, MISUMI brand, 100% new, code: E-HLGH65-3960-B3",,12.0,Pieces,0.0,4986.3262,,,
2025-02-03,俄罗斯,中国,ООО ЦТ ДЛЯ ООО БИВЕРТЕХ,CIXI HAOXING AUTOPARTS CO LTD,"144002, ОБЛ МОСКОВСКАЯ, Г ЭЛЕКТРОСТАЛЬ, УЛ ПИОНЕРСКАЯ, Д 29А, 29А",", , CIXI CITY ZHEJIANG, LU'AN ROAD ZHOUXIANGTOWN, NO.88,,.",,,DONGGUAN FUKUNO PRECISION TECHNOLOGY CO. LTD,China (CN),Russia,,,8482109008,"PART OF CNC MILLING MACHINE BEAVERMILL MINI (RAIL WITH CARRIAGES). MATERIAL: STEEL. IS A LINEAR ACTION BEARING. SUPPLIED FOR OWN PRODUCTION OF CNC MILLING MACHINE """"BEAVERM"""". PURPOSE: MOVEMENT OF THE WORKING PART WITH",,36.0,PC,208.8,4738.37,,,ОТСУТСТВУЕТ
2025-09-27,印度,中国,KHS INNOVATION & ENGINEERING LLP,ZHEJIANG SIQIANG BEARING MANUFACTUR,"4A, KARIM BUILDING, 1ST FLOOR,142/  144, ABDUL REHMAN STREET ","E CO.,LTD NO.97,XIANXIA ROAD. NANMING MOUNTAIN STREET. LIANDU ZONE.LISHUI CITY.ZHEJIANG CHINA",,,,China (CN),,Shanghai,,84828000,LINEAR MOTION BEARINGS LM40UU KHS-LG LINEAR BEARINGS,,2500.0,PCS,0.0,4650.0,,,
2025-09-26,印度,中国,KHS INNOVATION & ENGINEERING LLP,XI'AN SILVERSTONE MACHINERY INDUST,"4A, KARIM BUILDING, 1ST FLOOR,142/  144, ABDUL REHMAN STREET ","RY CO., LTD. ADD:19,5THHANGKONGR OAD,YANLIANG XI'AN,SHAANXI SDNF CHINA",,,,China (CN),,Shanghai,,84821090,LINEAR BALL BEARINGS LM25UU (BRAND - KHS LG) LINEAR BALL BEARINGS,,5000.0,PCS,0.0,4611.05,,,
2025-09-24,乌克兰,中国,ТОВ ГП ТЕХ,ZHEJIANG KAIYADE BEARING MANUFACTURE CO LTD,01104 М КИЇВ ВУЛ МІХНOВСЬКOГO МИКOЛИ БУД 38 OФ 206,NO 15 SHITING ROAD SHUIGE INDUSTRIAL ZONE LISHUI ZHEJIANG CHINA,,,,КИТАЙ,,,,8482990000,ЗАПАСНІ ЧАСТИНИ ТА ПРИЛАДДЯ ДЛЯ ОБЛАД НАННЯ МЕТАЛОРІЖУЧІХ ТОКАРНИХ ФРЕЗЕРУВА ЛЬНИХ СТАНКІВ СТАНКІВ ДЛЯ СВЕРДЛІННЯ LINEAR GUIDELINE НАПРАВЛЯЮЧА СИСТЕМИ ЛІНІЙНОГО ПЕРЕМІЩЕННЯ АР Т MGNR12R HM 2000 50 ШТ LINEAR BLOCK БЛОК СИСТЕМИ ЛІНІЙНОГО ПЕРЕМІЩЕННЯ АРТ MGN12H 350 ШТ ТОРГОВЕЛЬНА МАРКА KAIYADE КРАЇНА ВИРОБНИЦТВА CN ВИРОБНИК ZHEJIANG KAIYADE BEARING MANUFACTURE CO LTD 1 ЗАПАСНІ ЧАСТИНИ ТА ПРИЛАДДЯ ДЛЯ ОБЛАД НАННЯ МЕТАЛОРІЖУЧІХ ТОКАРНИХ ФРЕЗЕРУВА ЛЬНИХ СТАНКІВ СТАНКІВ ДЛЯ СВЕРДЛІННЯ LINEAR GUIDELINE НАПРАВЛЯЮЧА СИСТЕМИ ЛІ НІЙНОГО ПЕРЕМІЩЕННЯ АРТ MGNR7R600HM 4Ш Т LINEAR GUIDELINE НАПРАВЛЯЮЧА СИСТЕМИ ЛІНІЙНОГО ПЕРЕМІЩЕННЯ АРТ MGNR9R1200HM 6 ШТ LINEAR GUIDELINE НАПРАВЛЯЮЧА СИСТЕМИ ЛІНІЙНОГО ПЕРЕМІЩЕННЯ АРТ MGNR15R2000HM 4 ШТ LINEAR GUIDELINE НАПРАВЛЯЮЧА СИСТЕМИ ЛІНІЙНОГО ПЕРЕМІЩЕННЯ АРТ MGWR15R2000HM 1 ШТ ТОРГОВЕЛЬНА МАРКА HIWIN КРАЇНА ВИРОБНИЦТВА CN ВИРОБНИК HIWIN TECHNOLOGIES CORP,,0.0,КГ,103.0,4518.4,,,
2025-05-27,印度,中国,INDO MIM LIMITED,DONGGUAN YHD SUPPLY CHAINMANAGEMENT CO LTD,"213/(539/A), STREET.NO.7, LANE.NO.2 HIMAYAT NAGAR, ",,,,,CHINA,,Shanghai,BANGALORE ACC (INBLR4),84828000,"LINEAR BEARINGS WITH STRAIGHT COLUMN,LMC12-D5,2400PCS(JIGS &FIXTURES PARTS)LINEAR BEARINGS WITH STRAIGHT COLUMN,LMC12-D5,2400PCS(JIGS &",,2400.0,NOS,0.0,4501.6817,07SP2FTMTQTIN,,
2025-07-21,越南,中国,CÔNG TY TNHH JADE M - TECH,WUXI J WELL IMPORT AND EXPORT TRADING CO LTD,"Land Lot No. Tt3-09, Land Block, Lien Mac Ward, Bac Tu Liem District, Hanoi City, Vietnam.","YANGSHI CHUXIN INDUSTRIAL PARK, LUOSHE TOWN, HUISHAN DISTRICT, WUXI CITY, ZZ",,,,China,,,,84821000,"Con trượt HGH35CA bộ phận của thanh tuyến tính dẫn hướng, bằng thép,có ổ bi, không hiệu,phụ tùng máy gia công kim loại. NSX: Wuxi J-Well , mới 100%,HGH35CA linear guide rail part, steel, with ball bearing, no brand, metalworking machine spare part. Manufacturer: Wuxi J-Well, 100% new",,400.0,Pieces,0.0,4400.0,,,
2025-11-26,越南,中国,CÔNG TY TNHH THIẾT BỊ CƠ ĐIỆN MINH THÀNH,HK TOMUU ACTUATOR TECHNOLOGY CO LIMITED,"Trang Due Residential Area (at Ngan Vu Co., Ltd.), An Duong Ward, Hai Phong City, Vietnam","ROOM 1318-19, HOLLYWOOD PLAZA, 610 NATHAN ROAD, MONGKOK, KOWLOON, HONGKONG, CN",,,,China,,,,84821000,"MNA-U20A00058#&Ổ bi dùng cho hộp số động cơ của bộ truyền động tuyến tính, mới 100%,MNA-U20A00058#&Bearing for motor gearbox of linear actuator, 100% new",,4324.0,Pieces,0.0,4324.0,,,
2025-12-04,巴基斯坦,中国,HAIDRI BEVERAGES PVT LIMITED,KRONES THAILAND CO LTD,"CDA Industrial Triangle, Kahuta Road, Islamabad, Islamabad",39TH FLOOR INTERLINK TOWER 1858/138 DEBARATNA ROAD BANGNA TAI SUB DISTRICT BANGNA DISTRICT BANGKOK 10260 THAILAND,,,,China,,Suvarnabhumi International,IPAF,84821000,SPARE PARTS FOR BEVERAGES MACHINE: BALL BEARING  DEEP GROOVE BALL BEARING  ANG.-CONT. BALL BEARING  4-POINT DEEP GROOVE BALL BEARING  LINEAR BALL BEARING  AND DEEP GROOVE BALL BEARING (QTY: 634) AS PER INVOICE,,634.0,u,2120000.0,4316.5555,DSV1179717,,
2025-02-26,越南,中国台湾,CÔNG TY TNHH JADE M - TECH,CHUN LOUNG CO LTD,"Land Lot No. Tt3-09, Land Jam, Lien Mac Ward, Bac Tu Liem District, Hanoi City, Vietnam.","NO.1, LANE 333,MINYI ST, FUAN VILLAGE SIOUSHUEI  TOWNSHIP, CHANGHUA COUNTY 50444, TAIWAN, TW",,,,Taiwan,,,,84821000,"Con trượt MR12MN SU VCN, bộ phận của thanh tuyến tính dẫn hướng, bằng thép,có ổ bi,phụ tùng máy gia công kim loại. NSX: CPC, mới 100%,MR12MN SU VCN slider, part of linear guide bar, steel, with ball bearing, metalworking machine spare part. Manufacturer: CPC, 100% new",,500.0,Pieces,0.0,4250.0,,,
2025-06-23,印度,中国,FINE BEARING AND OIL SEAL STORE,SHANGHAI SIMINGTE AUTOMATION,13199/16 LINK ROAD,,,,,CHINA,,Qingdao,ICD CONCOR DHANDARI KALAN LUDHIANA (INLDH6),84828000,LINEAR BEARING ASSORTED SIZE (AS PER INV AND PL) BEARINGS,,7300.0,NOS,0.0,4240.817,4GIZIT2HD5LPF,,
2025-01-23,斯里兰卡,中国,EXPO INDUSTRIAL ENGINEERING PVT LTD,NANTONG ABC IMPORT AND EXPORT CO LTD,"PHASE 02, RING RD, IPZ, KATUNAYAKE LAX 2064-02-09 DDC RMU ORDER","NO.303 B14, NEW CENTURY, NANTONG  226000, CHINA",,,,CHINA,,,,84825000,"LINEAR SHAFT BEARING,LINEAR BEARING,476 NOS",,494.0,NIU,220.0,4208.64,,,
2025-12-03,印度,中国,MAHAVIR SALES CORPORATION,XI'AN SILVERSTONE MACHINERY INDUSTRY CO LTD,"128,NARAYAN DHURU STREET,MICRO  HOUSE,4TH FL ","19, 5TH HANGKONG ROAD, YANLIANG, XI AN, SHAANXI CHINA SHAANXI , , CHIN A CHINA",,,,China (CN),,Shanghai,NHAVA SHEVA SEA (INNSA1),84828000,LINEAR MOTION BEARINGS  LMES40UU LINEAR MOTION BEARINGS  LMES40UU,,1000.0,NOS,0.0,4107.34,,,
2025-11-01,越南,中国台湾,CÔNG TY TNHH JADE M - TECH,CHUN LOUNG CO LTD,"Plot No. TT3-09, Land Plot Area, Lien Mac Ward, Bac Tu Liem District, Hanoi City, Vietnam.","NO.1, LANE 333,MINYI ST, FUAN VILLAGE SIOUSHUEI  TOWNSHIP, CHANGHUA COUNTY 50444, TAIWAN, TW",,,,Taiwan,,,,84821000,"Con trượt MR12MN SU VCN, bộ phận của thanh tuyến tính dẫn hướng, bằng thép,có ổ bi,hiệu CPC,,phụ tùng máy gia công kim loại. NSX: CPC, mới 100%,MR12MN SU VCN linear slide, part of a linear guide rail, made of steel, with ball bearings, CPC brand, metalworking machine parts. Manufacturer: CPC, 100% new.",,500.0,Pieces,0.0,4100.0,,,
2025-04-25,印度,中国,BHAVI IMPEX,AMLAND GLOBE HK ENTERPRISE LTD,"108,SHUBH SANDESH, 16,  HANSRAJ LANE, BYCULLA, ",,,,,CHINA,,Ningbo,NHAVA SHEVA SEA (INNSA1),84828000,"LINEAR BEARING BRAND:HL, ITEM NO.LM30UU LINEAR BEARING",,2000.0,NOS,0.0,4079.0684,LFU4IYNTHODV1,,
2025-03-10,印度,中国,AGARWAL INDUSTRIES,QINGDAO SHIYA IMPORT AND EXPORT CO,4 Ground Floor HARESH CHAMBER SAMUEL STREET VADGADI,,,,,CHINA,,Qingdao,NHAVA SHEVA SEA (INNSA1),84821090,LINEAR BALL BEARING SC30LUU LINEAR BALL BEARING,,799.0,NOS,0.0,4010.9751,WR2ROUSHLUCH0,,
2025-11-28,越南,中国,CÔNG TY TNHH SẢN XUẤT JINFEIDA VIỆT NAM,JIANGSU JINFEIDA POWER TOOLS CO LTD,"Lot F-11-Cn, Na2 Road, My Phuoc 2 Industrial Park, Ben Cat Ward, Ho Chi Minh City, Vietnam","156#DONGFENG STREET, XIEJIA GAOYOU CITY, JIANGSU 225644,CHINA, CN",,,,China,,,,84821000,"(138090200003)-Ổ bi tuyến tính bằng sắt và nhựa - Linear Bearing, kích thước: 40*35*35mm, linh kiện lắp ráp máy cưa đa năng.Hàng mới 100%,(138090200003) - Linear bearing made of iron and plastic, size: 40*35*35mm, assembly component for multi-purpose saw. 100% brand new.",,6000.0,Pieces,0.0,3986.67,,,
2025-04-14,越南,中国,CÔNG TY TNHH MISUMI VIỆT NAM,MISUMI CHINA PRECISION MACHINERY TRADING CO LTD,"Lot 15, TS11 Road, Tien Son Industrial Park, Hoan Son Commune. Tien Du District, Bac Ninh","NO.1058 DILING RD, FENGXIAN DIST, SHANGHAI, CHINA, CN",,,,China,,,,84828000,"Thanh trượt tuyến tính có ổ bi (bằng thép, dài 25.34mm), hàng mới 100%, nhãn hiệu: MISUMI, code: C-MLGB7,Linear slide with ball bearing (steel, length 25.34mm), 100% new, brand: MISUMI, code: C-MLGB7",,1500.0,Pieces,0.0,3921.165,,,
2025-09-27,印度,中国,KHS INNOVATION & ENGINEERING LLP,ZHEJIANG SIQIANG BEARING MANUFACTUR,"4A, KARIM BUILDING, 1ST FLOOR,142/  144, ABDUL REHMAN STREET ","E CO.,LTD NO.97,XIANXIA ROAD. NANMING MOUNTAIN STREET. LIANDU ZONE.LISHUI CITY.ZHEJIANG CHINA",,,,China (CN),,Shanghai,,84828000,LINEAR MOTION BEARINGS LM25UU KHS-LG LINEAR BEARINGS,,5000.0,PCS,0.0,3900.0,,,
2025-07-04,印度,中国,CTS BEARING HOUSE,QINGDAO HIKING YICAITONG MARKET PURCHASING CO LTD,"A7 , Mulund Jaimala CHS, K N Centre, N S Road, Mulund West null",,,,,CHINA,,Qingdao,NHAVA SHEVA SEA (INNSA1),84821090,LINEAR MOTION BEARING (4716 PCS) LINEAR MOTION BEARING (4716 PCS),,632.0,KGS,632.0,3889.3008,SSONHEJO1IPII,,
2025-06-28,印度,中国,NORDSON INDIA PRIVATE LIMITED,SUZHOU PALAS MACHINERY TECHNOLOGY CO LTD,"NO.143-A,  BOMMASANDRA INDL.AREA, ",,,,,CHINA,,SUR,BANGALORE ACC (INBLR4),84821090,BEARING LINEAR 20MM FLANGED - 7218079 BEARING LINEAR 20MM FLANGED - 7218079,,90.0,NOS,0.0,3858.6215,HXRQR5WBXN3V5,,
2025-08-02,印度,中国,RNS BEARINGS,SHANDONG YKK BEARING MANUFACTURING CO LTD,"3rd FLOOR, 306, Menek Bhavan Premises Co-op.Soc.Ltd 137,Narayan Dhuru Street , Mumbai","ROOM 1029,AREA A, 10TH FLOOR,BLOCK A, JINAN WEST INNOVATION PARK,NO 26 87,ZIWEI ROAD,UNIVERSITY SCIENCE AN CHINA",,,,China (CN),,Qingdao,,84824000,LINEAR BEARING As per INV.&P/LIST Unit Weight /Pc 2.14KGS LINEAR BEARING As per INV.&P/LIST Unit Weight /Pc 35.2KGS,,42.0,NOS,0.0,3838.46,,,
2025-10-17,印度,中国,BHAVI IMPEX,AMLAND GLOBE HK ENTERPRISE LTD,,"ROOM 811,BAILI BUSINESS CENTER,87-1 05, CHATHAM ROAD SOUTH,TSIM SHA TSU I,KOWLOON HONG KONG",,,,China (CN),,Ningbo,NHAVA SHEVA SEA (INNSA1),84828000,"LINEAR BEARING BRAND: 9KBC, ITEM NO. LMF60UU LINEAR BEARING",,200.0,NOS,0.0,3766.74,,,
2025-11-26,越南,中国,CÔNG TY TNHH THIẾT BỊ CƠ ĐIỆN MINH THÀNH,HK TOMUU ACTUATOR TECHNOLOGY CO LIMITED,"Trang Due Residential Area (at Ngan Vu Co., Ltd.), An Duong Ward, Hai Phong City, Vietnam","ROOM 1318-19, HOLLYWOOD PLAZA, 610 NATHAN ROAD, MONGKOK, KOWLOON, HONGKONG, CN",,,,China,,,,84821000,"MNA-U20G00085#&Ổ bi dùng cho hộp số động cơ của bộ truyền động tuyến tính, mới 100%,MNA-U20G00085#&Bearing for motor gearbox of linear actuator, 100% new",,2102.0,Pieces,0.0,3741.56,,,
2025-10-09,越南,中国,CÔNG TY TNHH JADE M - TECH,WUXI J WELL IMPORT AND EXPORT TRADING CO LTD,"Land Lot No. Tt3-09, Land Jam, Thuong Cat Ward, Hanoi City, Vietnam","YANGSHI CHUXIN INDUSTRIAL PARK, LUOSHE TOWN, HUISHAN DISTRICT, WUXI CITY, CN",,,,China,,,,84821000,"Con trượt HGH30CA bộ phận của thanh tuyến tính dẫn hướng, bằng thép,không hiệu,có ổ bi, phụ tùng máy gia công kim loại. NSX: Wuxi J-Well, mới 100%,Slider HGH30CA parts of the linear guide, stainless steel,non-performance,there are ball bearings, machine parts metal machining. MANUFACTURER: Wuxi J-Well, 100% new",,500.0,Pieces,0.0,3695.0,,,
2025-08-30,巴基斯坦,中国,NAUBAHAR BOTTLING COMPANY PRIVATE LIMITED,SHANDONG BIHAI MACHINERY TECHN,ED 38/40 A S I E GUJRANWALA  ,CHINA,,,,China,,METROPOLITAN,LPAF,84828000,"SPARE PARTS FOR BEVERAGE MACHINE: LINEAR GUIDE,ROLLER BEARING, LINEAR GUIDE, BEARING AND KNUCKLE BEARING (QTY: 20) AS PER INVOICE",,20.0,u,223000.0,3677.5361,21706352080,,
2025-01-10,印度,中国,AXIS TECHNOLOGIES,ZHEJIANG JINGRUI INTELLIGENT TRANSMISSION CO LTD,"207, ARIHANT TOWER, 2ND FLOOR,83 V. V .CHANDAN STREET, MUMBAI, ",,,,,CHINA,,Ningbo,NHAVA SHEVA SEA (INNSA1),84828000,LINEAR MOTION BEARING LM16UU LINEAR MOTION BEARING LM16UU,,10000.0,PCS,0.0,3659.4744,I8HCZQIRGX46A,,
2025-03-03,俄罗斯,中国,SDEK GLOBAL OOO,DALIAN UNIMATIC TRADING CO LTD,"630007, НОВОСИБИРСКАЯ, НОВОСИБИРСК, УЛ.КРИВОЩЕКОВСКАЯ, 15 К.1",", , DALIAN, ROOM 321-01, 3RD FLOOR, NO. 199, ZHUANGDA ROAD, ,,,",,,"THK (CHINA) CO,. LTD.",China (CN),Russia,,,8482109008,LINEAR BALL BEARINGS.,,8.0,PC,73.0,3649.29,,,ОТСУТСТВУЕТ
2025-02-26,越南,中国台湾,CÔNG TY TNHH JADE M - TECH,CHUN LOUNG CO LTD,"Land Lot No. Tt3-09, Land Jam, Lien Mac Ward, Bac Tu Liem District, Hanoi City, Vietnam.","NO.1, LANE 333,MINYI ST, FUAN VILLAGE SIOUSHUEI  TOWNSHIP, CHANGHUA COUNTY 50444, TAIWAN, TW",,,,Taiwan,,,,84821000,"Con trượt MR7ML SU VCN, bộ phận của thanh tuyến tính dẫn hướng, bằng thép,có ổ bi,phụ tùng máy gia công kim loại. NSX: CPC, mới 100%,MR7ML SU VCN slider, part of linear guide bar, steel, with ball bearing, metalworking machine spare part. Manufacturer: CPC, 100% new",,500.0,Pieces,0.0,3630.0,,,
2025-07-21,越南,中国,CÔNG TY TNHH JADE M - TECH,WUXI J WELL IMPORT AND EXPORT TRADING CO LTD,"Land Lot No. Tt3-09, Land Block, Lien Mac Ward, Bac Tu Liem District, Hanoi City, Vietnam.","YANGSHI CHUXIN INDUSTRIAL PARK, LUOSHE TOWN, HUISHAN DISTRICT, WUXI CITY, ZZ",,,,China,,,,84821000,"Con trượt MGN9C Z0C-T bộ phận của thanh tuyến tính dẫn hướng, bằng thép,có ổ bi, không hiệu,phụ tùng máy gia công kim loại. NSX: Wuxi J-Well, mới 100%,MGN9C Z0C-T linear guide rail part, steel, with ball bearing, no brand, metalworking machine spare part. Manufacturer: Wuxi J-Well, 100% new",,1500.0,Pieces,0.0,3600.0,,,
2025-01-23,俄罗斯,中国,TD KSC LLC,NINGBO HUIHE CIRCUIT TECHNOLOGY CO LTD,"170039, ТВЕРСКАЯ ОБЛ., Г. ТВЕРЬ, УЛ. ПАШИ САВЕЛЬЕВОЙ, Д. 45, ЭТАЖ 4, ПОМ.15,",", ZHEJIANG PROVINCE, YINZHOU DISTRICT, PANHUO STREET, NINGBO CITY, FLOOR 4,BUILD",,,ROLLON S.P.A.,China (CN),Russia,,,8482109008,"INDUSTRIAL LINEAR BALL BEARINGS MADE OF ALLOY STEEL, CIVIL PURPOSES:",,24.0,PC,33.54,3523.1,,,ROLLON
2025-10-09,越南,中国,CÔNG TY TNHH JADE M - TECH,WUXI J WELL IMPORT AND EXPORT TRADING CO LTD,"Land Lot No. Tt3-09, Land Jam, Thuong Cat Ward, Hanoi City, Vietnam","YANGSHI CHUXIN INDUSTRIAL PARK, LUOSHE TOWN, HUISHAN DISTRICT, WUXI CITY, CN",,,,China,,,,84821000,"Con trượt HGH15CA bộ phận của thanh tuyến tính dẫn hướng, bằng thép,có ổ bi,không hiệu, phụ tùng máy gia công kim loại. NSX: Wuxi J-Well, mới 100%,Slider HGH15CA parts of the linear guide, steel ball bearing,non-performance, machine parts metal machining. MANUFACTURER: Wuxi J-Well, 100% new",,1000.0,Pieces,0.0,3460.0,,,
2025-02-26,越南,中国台湾,CÔNG TY TNHH JADE M - TECH,CHUN LOUNG CO LTD,"Land Lot No. Tt3-09, Land Jam, Lien Mac Ward, Bac Tu Liem District, Hanoi City, Vietnam.","NO.1, LANE 333,MINYI ST, FUAN VILLAGE SIOUSHUEI  TOWNSHIP, CHANGHUA COUNTY 50444, TAIWAN, TW",,,,Taiwan,,,,84821000,"Con trượt MR5ML SU V0N, bộ phận của thanh tuyến tính dẫn hướng, bằng thép,có ổ bi, phụ tùng máy gia công kim loại. NSX: CPC, mới 100%,MR5ML SU V0N slider, part of linear guide bar, steel, with ball bearing, metalworking machine spare part. Manufacturer: CPC, 100% new",,200.0,Pieces,0.0,3448.0,,,
2025-11-19,印度,中国,AMAFHH SONS,ZHEJIANG SIQIANG BEARING MANUFACTURE CO LTD,"2ND FLOOR, 71 NAGDEVI CROSS LANE,,  N/A","NO.97,XIANXIA ROAD,NANMING MOUNTAIN STREET, LIANDU ZONE,LISHUI CITY LI SHUI CITY, Zhejiang, CHINA CHINA",,,,China (CN),,Ningbo,NHAVA SHEVA SEA (INNSA1),84828000,LINEAR MOTION BEARINGS SCS20LUU LINEAR MOTION BEARINGS SCS20LUU,,1500.0,NOS,0.0,3420.0,,,
2025-04-10,印度,中国,DIVINE TRANSMISSION SYSTEMS,NINGBO LIMON ROBOTECH INTERNATIONAL TRADING CO LTD,D-12 LAJPAT NAGAR-III  N/A,,,,,CHINA,,Ningbo,ICD PATPARGANJ,84821090,LINEAR MOTION BEARINGS KH3050PP LINEAR MOTION BEARINGS KH3050PP,,2000.0,NOS,0.0,3384.7274,7W7IOBUIOS8Z4,,
2025-09-27,印度,中国,KHS INNOVATION & ENGINEERING LLP,ZHEJIANG SIQIANG BEARING MANUFACTUR,"4A, KARIM BUILDING, 1ST FLOOR,142/  144, ABDUL REHMAN STREET ","E CO.,LTD NO.97,XIANXIA ROAD. NANMING MOUNTAIN STREET. LIANDU ZONE.LISHUI CITY.ZHEJIANG CHINA",,,,China (CN),,Shanghai,,84828000,LINEAR MOTION BEARINGS LM20UU KHS-LG LINEAR BEARINGS,,8000.0,PCS,0.0,3360.0,,,
2025-07-17,越南,中国台湾,CÔNG TY TNHH JADE M - TECH,CHUN LOUNG CO LTD,"Land Lot No. Tt3-09, Land Block, Lien Mac Ward, Bac Tu Liem District, Hanoi City, Vietnam.","NO.1, LANE 333,MINYI ST, FUAN VILLAGE SIOUSHUEI  TOWNSHIP, CHANGHUA COUNTY 50444, TAIWAN, ZZ",,,,Taiwan,,,,84821000,"Con trượt MR7MN SU VCN/B (M2.5), bộ phận của thanh tuyến tính dẫn hướng, bằng thép,có ổ bi,hiệu CPC, phụ tùng máy gia công kim loại. NSX: CPC, mới 100%,MR7MN SU VCN/B (M2.5) linear guide rail part, steel, with ball bearing, CPC brand, metalworking machine spare part. Manufacturer: CPC, 100% new",,500.0,Pieces,0.0,3350.0,,,
2025-05-16,越南,中国,CÔNG TY TNHH POWERNICE SMARTECH VIỆT NAM,NINGBO POWERNICE INTELLIGENT TECHNOLOGY CO LTD,"Lô số CN2-8, Khu công nghiệp Minh Quang-Phường Bạch Sam-Thị xã Mỹ Hào-Hưng Yên","398 BINHAI RD, BINHAI NEW AREA, ECONOMIC DEVELOPMENT ZONE, FENGHUA DISTRICT, NINGBO CITY, ZHEJIANG,CHINA, CN",,,,China,,,,84821000,"Vòng bi mắt cá, P/N: MN5307-007-1,chất liệu bằng niken mạ kẽm, dùng cho thiết bị truyền động tuyến tính, kích thước: phi 29.2*phi 41.5*25.4mm. Mới 100%,Fisheye bearing, P/N: MN5307-007-1, material is nickel plated zinc, used for linear actuator, size: phi 29.2*phi 41.5*25.4mm. 100% new",,3880.0,Pieces,0.0,3336.8,,,
2025-03-08,印度,中国,SANGHVI AUTOMATION,LISHUI GREENLEAF AUTOMATIC TECHNOLOGY CO LTD,"GALA NO. F/106 TOP CLASS ENCLAVE, FIRST FLOOR BHOIDAPADA NAKA, SATIVALI ROAD, VASAI EAST",,,,,CHINA,,Ningbo,NHAVA SHEVA SEA (INNSA1),84828000,LINEAR BEARING SC 30 LUU LINEAR BEARING SC 30 LUU,,600.0,NOS,0.0,3310.0876,C5QXKO170YH8B,,
2025-09-22,越南,中国台湾,CÔNG TY TNHH JADE M - TECH,CHUN LOUNG CO LTD,"Land Lot No. Tt3-09, Land Jam, Thuong Cat Ward, Hanoi City, Vietnam","NO.1, LANE 333, MINYI ST., FUAN VILLAGE, SIOUSHUEI TOWNSHIP, TW",,,,Taiwan,,,,84821000,"Con trượt MR12MN SU VCN, bộ phận của thanh tuyến tính dẫn hướng, bằng thép,có ổ bi,phụ tùng máy gia công kim loại. NSX: CPC, mới 100%,Slider MR12MN SU VCN parts of the linear guide, steel ball bearings,machine parts metal machining. MANUFACTURER: CPC, 100% new",,400.0,Pieces,0.0,3280.0,,,
2025-01-03,越南,中国台湾,CÔNG TY TNHH JADE M - TECH,CHUN LOUNG CO LTD,"Land Lot No. Tt3-09, Land Stuck Area, Lien Mac Ward, Bac Tu Liem District, Hanoi City, Vietnam","NO.1, LANE 333,MINYI ST, FUAN VILLAGE SIOUSHUEI  TOWNSHIP, CHANGHUA COUNTY 50444, TAIWAN, TW",,,,Taiwan,,,,84821000,"Thanh tuyến tính dẫn hướng MSR45E2SSF1A+R1090-20/20P gồm thanh trượt dài 1090mm và 2 con trượt, có ổ bi, phụ tùng máy gia công kim loại. NSX: PMI, mới 100%,Linear guide bar MSR45E2SSF1A+R1090-20/20P includes 1090mm long slide bar and 2 sliders, with ball bearings, metalworking machine spare parts. Manufacturer: PMI, 100% new",,2.0,Set,0.0,3270.0,,,
2025-05-30,菲律宾,中国,TIGER MACHINERY AND INDUSTRIAL CORP,FOSHAN WECANS BUILDING MATERIAL CO LTD,359 F. SAN DIEGO ST VIENTE REALESVALENZUELA 1444PHILIPPINES,,,,,CHINA,,,,84829900000,LINEAR ROLLER BEARING  PR14044 GR1/0-5 RO Y10 14 PCS,,4.5,KILOGRAM,4.5,3268.9,5044816873,,
2025-09-26,印度,中国,KHS INNOVATION & ENGINEERING LLP,XI'AN SILVERSTONE MACHINERY INDUST,"4A, KARIM BUILDING, 1ST FLOOR,142/  144, ABDUL REHMAN STREET ","RY CO., LTD. ADD:19,5THHANGKONGR OAD,YANLIANG XI'AN,SHAANXI SDNF CHINA",,,,China (CN),,Shanghai,,84821090,LINEAR BALL BEARINGS LM20UU (BRAND - KHS LG) LINEAR BALL BEARINGS,,5753.0,PCS,0.0,3229.42,,,
2025-08-04,印度,中国,CNZ BEARINGS PRIVATE LIMITED,SHAOXING LAVA MACHINERY CO LTD,"17, ARYAN CORPORATE PARK, NR.  SHILAJ RLY CROSSING, THALTEJ, ","XINCHANG, Zhejiang, CHINA SDNF SDNF CHINA",,,,China (CN),,Ningbo,,84821090,LINEAR BALL BEARING WITH HOUSING - SC20UU LINEAR BALL BEARING WITH HOUSING - SC20UU,,1500.0,PCS,0.0,3166.91,,,
2025-02-26,越南,中国台湾,CÔNG TY TNHH JADE M - TECH,CHUN LOUNG CO LTD,"Land Lot No. Tt3-09, Land Jam, Lien Mac Ward, Bac Tu Liem District, Hanoi City, Vietnam.","NO.1, LANE 333,MINYI ST, FUAN VILLAGE SIOUSHUEI  TOWNSHIP, CHANGHUA COUNTY 50444, TAIWAN, TW",,,,Taiwan,,,,84821000,"Con trượt MR12ML SUVCN, bộ phận của thanh tuyến tính dẫn hướng, bằng thép,có ổ bi, phụ tùng máy gia công kim loại.NSX: CPC, mới 100%,MR12ML SUVCN slider, linear guide rail part, steel, with ball bearing, metalworking machine spare part. Manufacturer: CPC, 100% new",,300.0,Pieces,0.0,3150.0,,,
2025-08-11,印度,中国,KHS INNOVATION & ENGINEERING LLP,ZHEJIANG SIQIANG BEARING MANUFACTUR,"4A, KARIM BUILDING, 1ST FLOOR,142/  144, ABDUL REHMAN STREET ","E CO.,LTD NO.97, XIANXIA ROAD, NAN MING MOUNTAIN STREET LIANDU ZONE, LISHUI CITY, ZHEJIANG CHINA",,,,China (CN),,Shanghai,,84828000,LINEAR MOTION BEARINGS LMK16UU (BRAND - KHS LG) LINEAR MOTION BEARINGS,,3500.0,PCS,0.0,3150.0,,,
2025-05-19,越南,中国,CÔNG TY TNHH MISUMI VIỆT NAM,MISUMI CHINA PRECISION MACHINERY TRADING CO LTD,"Lô số 15, đường TS11, khu công nghiệp Tiên Sơn, Xã Hoàn Sơn. Huyện Tiên Du, Bắc Ninh","NO.1058 DILING RD, FENGXIAN DIST, SHANGHAI, CHINA, CN",,,,China,,,,84828000,"Thanh trượt tuyến tính có ổ bi (bằng thép, dài 25.34mm), hàng mới 100%, nhãn hiệu: MISUMI, code: C-MLGB7,Linear slide with ball bearing (steel, length 25.34mm), 100% new, brand: MISUMI, code: C-MLGB7",,1260.0,Pieces,0.0,3142.2384,,,
2025-04-10,越南,中国,CÔNG TY TNHH JADE M - TECH,WUXI J WELL PRECISION MACHINERY CO LTD,"Land plot number TT3-09, Land Stuck Area, Lien Mac Ward, Bac Tu Liem District, Hanoi City, Vietnam","NO.1 HEHUAN ROAD, WUXI CITY, JIANGSU PROVINCE, CN",,,,China,,,,84821000,"Con trượt EGH15CA bộ phận của thanh tuyến tính dẫn hướng, bằng thép,có ổ bi, phụ tùng máy gia công kim loại.Nhãn hiệu và NSX:Wuxi J-Well, mới 100%,EGH15CA linear guide rail part, steel, with ball bearing, metalworking machine spare part. Brand and Manufacturer: Wuxi J-Well, 100% new",,1000.0,Pieces,0.0,3140.0,,,
2025-09-26,印度,中国,KHS INNOVATION & ENGINEERING LLP,XI'AN SILVERSTONE MACHINERY INDUST,"4A, KARIM BUILDING, 1ST FLOOR,142/  144, ABDUL REHMAN STREET ","RY CO., LTD. ADD:19,5THHANGKONGR OAD,YANLIANG XI'AN,SHAANXI SDNF CHINA",,,,China (CN),,Shanghai,,84821090,LINEAR BALL BEARINGS LM16UU (BRAND - KHS LG) LINEAR BALL BEARINGS,,6000.0,PCS,0.0,3127.5,,,
2025-04-10,越南,中国,CÔNG TY TNHH JADE M - TECH,WUXI J WELL PRECISION MACHINERY CO LTD,"Land plot number TT3-09, Land Stuck Area, Lien Mac Ward, Bac Tu Liem District, Hanoi City, Vietnam","NO.1 HEHUAN ROAD, WUXI CITY, JIANGSU PROVINCE, CN",,,,China,,,,84821000,"Con trượt EGH20CA bộ phận của thanh tuyến tính dẫn hướng, bằng thép,có ổ bi, phụ tùng máy gia công kim loại.Nhãn hiệu và NSX:Wuxi J-Well, mới 100%,EGH20CA linear guide rail part, steel, with ball bearing, metalworking machine spare part. Brand and Manufacturer: Wuxi J-Well, 100% new",,900.0,Pieces,0.0,3087.0,,,
2025-06-04,菲律宾,中国,TIGER MACHINERY AND INDUSTRIAL CORPORATION,FOSHAN WECANS BUILDING MATERIAL CO LTD,"359 F. SAN DIEGO ST VIENTE REALES, VALENZUELA",,,,,CHINA,,,,84829900000,LINEAR ROLLER BEARING  PR14044 GR1/0-5 RO Y10 14 PCS,,0.0,,4.5,3073.3,5044816873,,
2025-09-18,越南,中国,CÔNG TY TNHH LOGISTICS VĨNH TRƯỜNG,PINGXIANG HENGJIA IMPORT AND EXPORT TRADE CO LTD,"Apartment Hh 02 - 03, Catalan Urban Area, Block 8, Dong Kinh Ward, Lang Son Province, Vietnam","NO.28, NANDA ROAD, PINGXIANG CITY, GUANGXI CHINA, CN",,,,China,,,,84821000,"Ổ bi trượt vuông bằng thép, dùng cho thanh trượt tuyến tính của máy khắc gỗ CNC, model EGH20CA, kích thước (28x42x69.1)mm, không hiệu, NSX:SuzhouShunhe Shengda Automation Technology Co.,Ltd, mới 100%,Ball bearing slide, square steel, used for linear sliders of the CNC wood engraving machine, model EGH20CA, size (28x42x69.1)mm, not performance, NSX:SuzhouShunhe Shengda Automation Technology Co.,Ltd., new 100%",,800.0,Pieces,0.0,3048.0,,,
2025-05-16,越南,中国,CÔNG TY TNHH POWERNICE SMARTECH VIỆT NAM,NINGBO POWERNICE INTELLIGENT TECHNOLOGY CO LTD,"Lô số CN2-8, Khu công nghiệp Minh Quang-Phường Bạch Sam-Thị xã Mỹ Hào-Hưng Yên","398 BINHAI RD, BINHAI NEW AREA, ECONOMIC DEVELOPMENT ZONE, FENGHUA DISTRICT, NINGBO CITY, ZHEJIANG,CHINA, CN",,,,China,,,,84821000,"Vòng bi cầu rãnh sâu, P/N: MS1301-608RS-1,chất liệu bằng thép (có nắp nhựa chống bụi), dùng cho thiết bị truyền động tuyến tính, kích thước: phi 8*phi 22*7t. Mới 100%,Deep groove ball bearing, P/N: MS1301-608RS-1, steel material (with dustproof plastic cover), used for linear actuator, size: phi 8*phi 22*7t. 100% new",,23300.0,Pieces,0.0,3029.0,,,
2025-11-05,印度,中国,AXIS TECHNOLOGIES,ZHEJIANG JINGRUI INTELLIGENT TRANSMISSION CO LTD,"207, ARIHANT TOWER, 2ND FLOOR,83 V. V .CHANDAN STREET, MUMBAI, ","#99, Shangxu Road Lishui Industral Zone Zhejiang, Zhejiang, CHINA SDNF CHINA",,,,China (CN),,Shanghai,NHAVA SHEVA SEA (INNSA1),84828000,LINEAR MOTION BEARINGS SC 20UU LINEAR MOTION BEARINGS SC 20UU,,2952.0,NOS,0.0,3014.32,,,
2025-10-29,越南,中国,CÔNG TY TNHH WORLDON VIỆT NAM,NINGBO DAQIAN IMPORT EXPORT CO LTD,"Lot D1, Road D4, Dong Nam Industrial Park, Binh My Commune, Ho Chi Minh City","NO.66 HUANGSHAN ROAD, XINQI DEVELOPMENT ZONE, NINGBO CHINA, CN",,,,China,,,,84828000,"TSTD101300#&Cụm trượt bi tuyến tính, không thương hiệu, model 25BS, quy cách 82*47*30mm, mới 100%,TSTD101300#&amp;Phrases slide linear ball bearing, not the brand, model 25BS, size 82*47*30mm, 100% new",,60.0,Pieces,0.0,2997.6,,,
2025-06-27,印度,中国,PIONEER AGENCIES,SHANDONG HIKING INTERNATIONAL COMMERCE GROUP,"2423/29 SUREKHA BUILDING G-7, GB ROAD",,,,,CHINA,,Qingdao,TUGHLAKABAD,84828000,LINEAR GUIDE BEARING AS PER ANEXTURE (NET WEIGHT- 378.2 KGS) LINEAR GUIDE BEARING AS PER ANEXTURE (NET WEIGHT- 378.2 KGS),,1620.0,NOS,0.0,2992.3188,W6AR1YFQJ505K,,
2025-01-07,斯里兰卡,中国,CEYLON STEEL CORPORATION LTD,SHIJIAZHUANG AOGANG MACHINERY CO LTD,"ORUWALA, ATHURUGIRIYA EREG COMP.","NO.158 JIANTONG STREET SHIJIAZHUANG HEBEI, CHINA",,,,CHINA,,,,84828000,"LINEAR BEARING,FEEDING SCREW BEARING,(SPARE PARTS FOR TUBE MILL)",,10.0,NIU,73.22,2990.63,,,
2025-11-11,越南,中国,CÔNG TY TNHH SẢN XUẤT JINFEIDA VIỆT NAM,JIANGSU JINFEIDA POWER TOOLS CO LTD,"Lot F-11-Cn, Na2 Road, My Phuoc 2 Industrial Park, Ben Cat Ward, Ho Chi Minh City, Vietnam","156#DONGFENG STREET, XIEJIA GAOYOU CITY, JIANGSU 225644, CHINA, CN",,,,China,,,,84821000,"(138090200003)-Ổ bi tuyến tính bằng sắt và nhựa - Linear Bearing, kích thước: 40*35*35mm, linh kiện lắp ráp máy cưa đa năng.Hàng mới 100%,(138090200003) - Linear bearing made of iron and plastic, size: 40*35*35mm, assembly component for multi-purpose saw. 100% brand new.",,4500.0,Pieces,0.0,2989.998,,,
2025-10-15,越南,中国,CÔNG TY TNHH SẢN XUẤT JINFEIDA VIỆT NAM,JIANGSU JINFEIDA POWER TOOLS CO LTD,"Lot F-11-Cn, Na2 Street, My Phuoc 2 Industrial Park, Ben Cat Ward, Ho Chi Minh City, Vietnam","156#DONGFENG STREET, XIEJIA GAOYOU CITY, JIANGSU 225644, CHINA, CN",,,,China,,,,84821000,"(138090200003)-Ổ bi tuyến tính bằng sắt và nhựa - Linear Bearing, kích thước: 40*35*35mm, linh kiện lắp ráp máy cưa đa năng.Hàng mới 100%,(138090200003)-linear ball bearings are made of iron and plastic - Linear Bearing, size: 40*35*35mm, components, assembly, sawing machine, multi-function.100% brand new",,4500.0,Pieces,0.0,2989.998,,,
2025-05-07,印度,中国,KHS INNOVATION & ENGINEERING LLP,ZHEJIANG SIQIANG BEARING MANUFACTUR,"4A, KARIM BUILDING, 1ST FLOOR,142/  144, ABDUL REHMAN STREET ",,,,,CHINA,,Shanghai,NHAVA SHEVA SEA (INNSA1),84828000,LINEAR MOTION BEARINGS SC20UUOP (BRAND - KHS LG) LINEAR MOTION BEARINGS,,2138.0,PCS,0.0,2984.0055,Q8MNXZXFQ41NW,,
2025-11-20,印度,中国,SUPER ENGITECH PRIVATE LIMITED,ZIHENG TIANJIN INDUSTRY CO LTD,"4- SAMRAT INDUSTRIAL AREA, B/H.S.T. WORK SHOP, GONDAL ROAD, ","NO.60,ZHONGHUAN XI RD,AIRPORTECONOM IC AREA,TIANJIN,CHINA SDNF CHINA",,,,China (CN),,Beijing,AHEMDABAD AIR ACC (INAMD4),84828000,PART OF MOLDING LINE LINEAR BEARING LINEAR BEARING- 1021900112PART OF MOLDING LINE LINEAR BEARING,,2.0,SET,0.0,2947.68,,,
2025-01-10,印度,中国,AXIS TECHNOLOGIES,ZHEJIANG JINGRUI INTELLIGENT TRANSMISSION CO LTD,"207, ARIHANT TOWER, 2ND FLOOR,83 V. V .CHANDAN STREET, MUMBAI, ",,,,,CHINA,,Ningbo,NHAVA SHEVA SEA (INNSA1),84828000,LINEAR MOTION BEARING LM50UU LINEAR MOTION BEARING LM50UU,,600.0,PCS,0.0,2945.8769,I8HCZQIRGX46A,,
2025-11-19,印度,中国,AMAFHH SONS,ZHEJIANG SIQIANG BEARING MANUFACTURE CO LTD,"2ND FLOOR, 71 NAGDEVI CROSS LANE,,  N/A","NO.97,XIANXIA ROAD,NANMING MOUNTAIN STREET, LIANDU ZONE,LISHUI CITY LI SHUI CITY, Zhejiang, CHINA CHINA",,,,China (CN),,Ningbo,NHAVA SHEVA SEA (INNSA1),84828000,LINEAR MOTION BEARINGS SBR30UU LINEAR MOTION BEARINGS SBR30UU,,1000.0,NOS,0.0,2930.0,,,
2025-08-14,越南,中国,CÔNG TY CỔ PHẦN PAISHING VIỆT NAM,NANJING MOUNTFIRE INDUSTRIES CO LTD,"Lot C5-2, Trang Due Industrial Park, Belonging To Dinh Vu - Cat Hai Economic Zone, Hong Phong Commune, An Duong District, Hai Phong City, Vietnam","ROOM 528, 5TH FLOOR, UNIT 3, 198 HEXI STREET, JIANYE DISTRICT, NANJING,JIANGSU, CHINA, CN",,,,China,,,,84821000,"Bộ thanh trượt dẫn hướng tuyến tính (gồm thanh trượt và con trượt có vòng bi), thuộc cụm truyền động, bộ phận máy đúc khay giấy, chất liệu thép, kích thước: 45*38*6800mm. Hàng mới 100%.,The slider linear guidance (including the slider and the slide has ball bearings), belonging to the cluster, transmission parts, casting machine, paper tray, material steel, size: 45*38*6800mm. 100% brand new.",,4.0,Set,0.0,2876.0,,,
2025-04-08,越南,中国,CÔNG TY TNHH POWERNICE SMARTECH VIỆT NAM,NINGBO PIONEER IMP &EXP CO LTD,"Lot CN2-8, Minh Quang Industrial Park - Bach Sam Ward - My Hao Town - Hung Yen","398 BINHAI RD, BINHAI NEW AREA, ECONOMIC DEVELOPMENT ZONE, FENGHUA DISTRICT, NINGBO CITY, ZHEJIANG,CHINA, CN",,,,China,,,,84821000,"Vòng bi mắt cá, P/N: MN5307-007-1,chất liệu bằng niken mạ kẽm, dùng cho thiết bị truyền động tuyến tính, kích thước: phi 29.2*phi 41.5*25.4mm. Mới 100%,Fisheye bearing, P/N: MN5307-007-1, material is nickel plated zinc, used for linear actuator, size: phi 29.2*phi 41.5*25.4mm. 100% new",,2940.0,Pieces,0.0,2793.0,,,
2025-04-03,越南,中国,CÔNG TY TNHH POWERNICE SMARTECH VIỆT NAM,NINGBO PIONEER IMP &EXP CO LTD,"Lot CN2-8, Minh Quang Industrial Park - Bach Sam Ward - My Hao Town - Hung Yen","398 BINHAI RD, BINHAI NEW AREA, ECONOMIC DEVELOPMENT ZONE, FENGHUA DISTRICT, NINGBO CITY, ZHEJIANG,CHINA, CN",,,,China,,,,84821000,"Vòng bi mắt cá, P/N: MN5307-007-1,chất liệu bằng niken mạ kẽm, dùng cho thiết bị truyền động tuyến tính, kích thước: phi 29.2*phi 41.5*25.4mm. Mới 100%,Fisheye bearing, P/N: MN5307-007-1, material is nickel plated zinc, used for linear actuator, size: phi 29.2*phi 41.5*25.4mm. 100% new",,2940.0,Pieces,0.0,2793.0,,,
2025-02-26,越南,中国,CÔNG TY TNHH ACTR,QINGDAO FEST INTERNATIONAL TRADING CO LTD,"Lot 37-7B...42-6-1, Road D11, Phuoc Dong Industrial Park, Phuoc Dong Commune, Go Dau District, Tay Ninh Province","(A)ROOM 212, NO.2, NEW YORK ROAD, QIANWAN FREE TRADE PORT AREA, QINGDAO,SHANDONG, CHINA, CN",,,,China,,,,84821000,"2025-A-4-55#&Vòng bi(Ổ bi) tuyến tính bằng thép,dẫn hướng đối tượng di chuyển trên ray,dùng trong máy ép đùn,đk ngoài 280mm,đk trong 155mm,model 5HZC26.014/5HZC26.052,hiệu Hezhong da,set=3pce,mới 100%,2025-A-4-55#&Linear steel bearing, guiding moving objects on rails, used in extrusion machines, outer diameter 280mm, inner diameter 155mm, model 5HZC26.014/5HZC26.052, Hezhong brand, set=3pce, 100% new",,1.0,Set,0.0,2780.08,,,
2025-08-19,越南,中国,CÔNG TY TNHH THIẾT BỊ CƠ ĐIỆN MINH THÀNH,HK TOMUU ACTUATOR TECHNOLOGY CO LIMITED,"Trang Due Village (At Ngan Vu Company Limited), Le Loi Commune, An Duong District, Hai Phong City, Vietnam","ROOM 1318-19, HOLLYWOOD PLAZA, 610 NATHAN ROAD, MONGKOK, KOWLOON, HONGKONG, ",,,,China,,,,84821000,"TMA-MNA-U20A00058#& Ổ bi dùng cho hộp số động cơ của bộ truyền động tuyến tính, mới 100%,TMA-MNA-U20A00058#&amp; bearings for gearbox motor of the actuator, linear, 100% new",,2750.0,Pieces,0.0,2750.0,,,
2025-12-08,印度,中国,BHAVI IMPEX,AMLAND GLOBE HK ENTERPRISE LTD,"108,SHUBH SANDESH, 16,  HANSRAJ LANE, BYCULLA, ","ROOM 811,BAILI BUSINESS CENTER,87-1 05, CHATHAM ROAD SOUTH,TSIM SHA TSU I,KOWLOON HONG KONG",,,,China (CN),,Ningbo,NHAVA SHEVA SEA (INNSA1),84828000,"LINEAR BEARING BRAND-9KBC,ITEM NO.LM25UU LINEAR BEARING",,2125.0,NOS,0.0,2741.25,,,
2025-11-01,越南,中国台湾,CÔNG TY TNHH JADE M - TECH,CHUN LOUNG CO LTD,"Plot No. TT3-09, Land Plot Area, Lien Mac Ward, Bac Tu Liem District, Hanoi City, Vietnam.","NO.1, LANE 333,MINYI ST, FUAN VILLAGE SIOUSHUEI  TOWNSHIP, CHANGHUA COUNTY 50444, TAIWAN, TW",,,,Taiwan,,,,84821000,"Con trượt HRC15MN S V1N, bộ phận của thanh tuyến tính dẫn hướng, bằng thép, có ổ bi,,hiệu CPC,,phụ tùng máy gia công kim loại. NSX: CPC, mới 100%,HRC15MN S V1N linear slide, part of a linear guide rail, made of steel, with ball bearings, CPC brand, metalworking machine parts. Manufacturer: CPC, 100% new.",,200.0,Pieces,0.0,2738.0,,,
2025-11-03,印度,中国,PREMIER ENERGIES INTERNATIONAL PRIVATE LIMITED,ZHANGJIAGANG SIMPULSE TECH CO LTD,5th Floor southern park D-II saket place saket,"XINHONGJI MANSION 507,ZHANGJIAGANG, 215600,JIANGSU,CHINA SDNF CN",,,,China (CN),,WUHAN,HYDERABAD ACC (INHYD4),84821090,SPARE PARTS FOR SOLAR CELL LINE MANUFACTURING MACHINE (LINEAR BEARING THK SRG20)SPARE PARTS FOR SOLAR CELL LINE MANUFACTURING MACHINE,,10.0,NOS,0.0,2730.48,,,
2025-10-20,越南,中国台湾,CÔNG TY TNHH JADE M - TECH,CHUN LOUNG CO LTD,"Land Lot No. Tt3-09, Land Jam, Thuong Cat Ward, Hanoi City, Vietnam","NO.1, LANE 333, MINYI ST., FUAN VILLAGE, SIOUSHUEI TOWNSHIP, CHANGHUA COUNTY 50444, TAIWAN, TW",,,,Taiwan,,,,84821000,"Con trượt MR5MN SU V0N, bộ phận của thanh tuyến tính dẫn hướng, bằng thép,có ổ bi, phụ tùng máy gia công kim loại. NSX: CPC, mới 100%,Slider MR5MN SU V0N parts of the linear guide, steel ball bearings, machine parts metal machining. MANUFACTURER: CPC, 100% new",,200.0,Pieces,0.0,2700.0,,,
2025-01-03,越南,中国台湾,CÔNG TY TNHH JADE M - TECH,CHUN LOUNG CO LTD,"Land Lot No. Tt3-09, Land Stuck Area, Lien Mac Ward, Bac Tu Liem District, Hanoi City, Vietnam","NO.1, LANE 333,MINYI ST, FUAN VILLAGE SIOUSHUEI  TOWNSHIP, CHANGHUA COUNTY 50444, TAIWAN, TW",,,,Japan,,,,84821000,"Thanh tuyến tính dẫn hướng X-S2ABC: HSR25B2SSC0E-1000LH-II gồm thanh trượt dài 1000mm và con trượt, có ổ bi, phụ tùng máy gia công kim loại. NSX: THK, mới 100%,Linear guide bar X-S2ABC: HSR25B2SSC0E-1000LH-II includes 1000mm long slide bar and slider, with ball bearing, metal processing machine spare part. Manufacturer: THK, 100% new",,3.0,Set,0.0,2700.0,,,
2025-09-27,印度,中国,KHS INNOVATION & ENGINEERING LLP,ZHEJIANG SIQIANG BEARING MANUFACTUR,"4A, KARIM BUILDING, 1ST FLOOR,142/  144, ABDUL REHMAN STREET ","E CO.,LTD NO.97,XIANXIA ROAD. NANMING MOUNTAIN STREET. LIANDU ZONE.LISHUI CITY.ZHEJIANG CHINA",,,,China (CN),,Shanghai,,84828000,LINEAR MOTION BEARINGS LM50UU KHS-LG LINEAR BEARINGS,,600.0,PCS,0.0,2682.0,,,
2025-12-08,印度,中国,BHAVI IMPEX,AMLAND GLOBE HK ENTERPRISE LTD,"108,SHUBH SANDESH, 16,  HANSRAJ LANE, BYCULLA, ","ROOM 811,BAILI BUSINESS CENTER,87-1 05, CHATHAM ROAD SOUTH,TSIM SHA TSU I,KOWLOON HONG KONG",,,,China (CN),,Ningbo,NHAVA SHEVA SEA (INNSA1),84828000,"LINEAR BEARING BRAND-HL,ITEM NO.LMSK20GAUU LINEAR BEARING",,100.0,NOS,0.0,2670.0,,,
2025-01-16,印度,中国,KHS INNOVATION & ENGINEERING LLP,ZHEJIANG SIQIANG BEARING MANUFACTURE CO LTD,"4A, KARIM BUILDING, 1ST FLOOR,142/  144, ABDUL REHMAN STREET ",,,,,CHINA,,CHENGDU,SAHAR AIR CARGO ACC (INBOM4),84828000,CAM FOLLOWER-CF 20B KHS-LG LINEAR BEARING-CF 20B KHS-LG,,1010.0,NOS,0.0,2657.5879,3C9DYVP60HCDT,,
2025-09-18,印度,中国,DIVINE TRANSMISSION SYSTEMS,NINGBO LIMON ROBOTECH INTERNATIONAL TRADING CO LTD,D-12 LAJPAT NAGAR-III  N/A,"D8, D9, LANE 215 QINGYI ROAD HIGH-TECH ZONE NINGBO ZHEJIANG, CHINA",,,,China (CN),,Shekou,,84821090,LINEAR MOTION BEARINGS :- KH3050PP LINEAR MOTION BEARINGS :- LM50UU,,2000.0,NOS,0.0,2656.61,,,
2025-02-20,印度,中国香港,BHAVI IMPEX,AMLAND GLOBE HK ENTERPRISE LTD,"108,SHUBH SANDESH, 16,  HANSRAJ LANE, BYCULLA, ",,,,,HONG KONG,,Ningbo,NHAVA SHEVA SEA (INNSA1),84828000,"LINEAR BEARING BRAND:HL ,ITEM NO.LMK25LUU LINEAR BEARING",,300.0,NOS,0.0,2617.9557,U6066D9M8DSTU,,
2025-09-19,越南,中国香港,CÔNG TY TNHH CÔNG NGHỆ VÀ THƯƠNG MẠI HÀ SƠN,NIHON ENGINEERING LTD,"Lot 12-1B, Tt4 Tran Van Lai Street, Tu Liem Ward, Hanoi City, Vietnam.","ROOM 2103, FUTURA PLAZA, 111 HOW MING STREET, KWUN TONG, HK",,,,Japan,,,,84821000,"Bi trượt tuyến tính SHS35LC2SS+2200L bằng thép, dài x rộng x dày: 1800x100x48mm, 1 bộ = 2 bi trượt + 1 thanh dẫn hướng,  dùng cho máy kiểm tra đèn pha, hiệu THK, hàng mới 100%,Ball bearing slide linear SHS35LC2SS+2200L, and steel-long x wide x thick: 1800x100x48mm, 1 set = 2 bearings + 1 navigation bar, used for test machine, headlight, brand THK, 100% brand new",,2.0,Set,0.0,2611.8,,,
2025-07-08,印度,中国,AXIS TECHNOLOGIES,ZHEJIANG JINGRUI INTELLIGENT TRANSMISSION CO LTD,"207, ARIHANT TOWER, 2ND FLOOR,83 V. V .CHANDAN STREET, MUMBAI, ",,,,,CHINA,,Ningbo,NHAVA SHEVA SEA (INNSA1),84828000,LINEAR MOTION BEARINGS SC20UUOP LINEAR MOTION BEARINGS SC20UUOP,,2016.0,PCS,0.0,2601.7293,0SVQ7GYDUI59V,,
2025-10-17,乌兹别克斯坦,中国,ООО MAGNETIC GROUP,GUANGDONG XINDA LIMITED,,,,,,China,,,,8482109008,"1. Линейный подшипник с рельсом для сейсмоплатформы HGH65HA 65-L1000 Длина 100см, для обеспечения линейного движения на лабораторных механических платформах, сейсмоплатформах, измерительном и испытательном оборудовании
 - кол. 10 шт, вес: 202 кг
2. мест 1
8. 000
11. 02
Общее кол. мест: 1",,10.0,Piece,202.0,2598.98,,,
2025-11-11,乌兹别克斯坦,中国,ООО MAGNETIC GROUP,GUANGDONG XINDA LIMITED,,,,,,China,,,,8482109008,"1. Линейный подшипник с рельсом для сейсмоплатформы HGH65HA 65-L1000 Длина 100см, для обеспечения линейного движения на лабораторных механических платформах, сейсмоплатформах, измерительном и испытательном оборудовании
 - кол. 10 шт, вес: 202 кг
2. мест 1
8. 000
11. 02
Общее кол. мест: 1",,10.0,Piece,202.0,2598.98,,,
2025-08-20,印度,中国,AMAFHH IMPORT AND EXPORT PRIVATE LIMITED,NINGBO HUAYI IMP & EXP CO LTD,"Office No B-104, Plot No 6, Gala 22-24, Platnium Springs, MIDC, Navde Taloja Raigarh Maharashtra","ROOM 12-7/8, CHUAHONG INTERNATIONAL CENT RE, NO 717, ZHONGXING ROAD, J IANGDONG DI STRICT, NINGBO, , CHINA CHINA",,,,China (CN),,Qingdao,,84821040,BALL BEARINGS ALU25 (IP) LINEAR MOTION BEARING BLOCKS ALU25 (IP),,12000.0,PCS,0.0,2592.01,,,
2025-01-03,越南,中国台湾,CÔNG TY TNHH JADE M - TECH,CHUN LOUNG CO LTD,"Land Lot No. Tt3-09, Land Stuck Area, Lien Mac Ward, Bac Tu Liem District, Hanoi City, Vietnam","NO.1, LANE 333,MINYI ST, FUAN VILLAGE SIOUSHUEI  TOWNSHIP, CHANGHUA COUNTY 50444, TAIWAN, TW",,,,Taiwan,,,,84821000,"Con trượt MR5ML SU V0N, bộ phận của thanh tuyến tính dẫn hướng, bằng thép,có ổ bi, phụ tùng máy gia công kim loại. NSX: CPC, mới 100%,MR5ML SU V0N slider, part of linear guide bar, steel, with ball bearing, metalworking machine spare part. Manufacturer: CPC, 100% new",,150.0,Pieces,0.0,2586.0,,,
2025-05-14,越南,中国,CÔNG TY TNHH POWERNICE SMARTECH VIỆT NAM,NINGBO POWERNICE INTELLIGENT TECHNOLOGY CO LTD,"Lô số CN2-8, Khu công nghiệp Minh Quang-Phường Bạch Sam-Thị xã Mỹ Hào-Hưng Yên","398 BINHAI RD, BINHAI NEW AREA, ECONOMIC DEVELOPMENT ZONE, FENGHUA DISTRICT, NINGBO CITY, ZHEJIANG,CHINA, CN",,,,China,,,,84821000,"Vòng bi mắt cá, P/N: MN5307-007-1,chất liệu bằng niken mạ kẽm, dùng cho thiết bị truyền động tuyến tính, kích thước: phi 29.2*phi 41.5*25.4mm. Mới 100%,Fisheye bearing, P/N: MN5307-007-1, material is nickel plated zinc, used for linear actuator, size: phi 29.2*phi 41.5*25.4mm. 100% new",,3000.0,Pieces,0.0,2580.0,,,
2025-05-30,印度,中国,AMAFHH SONS,ZHEJIANG SIQIANG BEARING MANUFACTURE CO LTD,"2ND FLOOR, 71 NAGDEVI CROSS LANE,,  N/A",,,,,CHINA,,Ningbo,NHAVA SHEVA SEA (INNSA1),84828000,LINEAR MOTION BEARINGS SCS20UU LINEAR MOTION BEARINGS SCS20UU,,2000.0,PCS,0.0,2555.4735,0LAHS2H9JC2RX,,
2025-12-04,印度,中国,PANACEA MEDICAL TECHNOLOGIES PRIVATE LIMITED,HEFEI KONLON BEARING CO LTD,"H.NO.1-10-1/27,1ST FLOOR, STREET NO 5,ASHOK NAGAR,HYDERABAD ","NO.28 HEZUOHUA SOUTH ROAD,SHUSHAN D ISTRICT,HEFEI, CHINA SDNF China",,,,China (CN),,SHENZHEN,BANGALORE,84828000,LINEAR MOTION GUIDE /MSR55LSSSFOH / BEARINGS LINEAR MOTION GUIDE /MSR55LSSSFOH / BEARINGS,,34.0,NOS,0.0,2524.84,,,
2025-04-03,越南,中国,CÔNG TY TNHH POWERNICE SMARTECH VIỆT NAM,NINGBO PIONEER IMP &EXP CO LTD,"Lot CN2-8, Minh Quang Industrial Park - Bach Sam Ward - My Hao Town - Hung Yen","398 BINHAI RD, BINHAI NEW AREA, ECONOMIC DEVELOPMENT ZONE, FENGHUA DISTRICT, NINGBO CITY, ZHEJIANG,CHINA, CN",,,,China,,,,84821000,"Vòng bi cầu rãnh sâu, P/N: MS1301-608RS-1,chất liệu bằng thép (có nắp nhựa chống bụi), dùng cho thiết bị truyền động tuyến tính, kích thước: phi 8*phi 22*7t. Mới 100%,Deep groove ball bearing, P/N: MS1301-608RS-1, steel material (with dustproof plastic cover), used for linear actuator, size: phi 8*phi 22*7t. 100% new",,18000.0,Pieces,0.0,2520.0,,,
2025-04-08,越南,中国,CÔNG TY TNHH POWERNICE SMARTECH VIỆT NAM,NINGBO PIONEER IMP &EXP CO LTD,"Lot CN2-8, Minh Quang Industrial Park - Bach Sam Ward - My Hao Town - Hung Yen","398 BINHAI RD, BINHAI NEW AREA, ECONOMIC DEVELOPMENT ZONE, FENGHUA DISTRICT, NINGBO CITY, ZHEJIANG,CHINA, CN",,,,China,,,,84821000,"Vòng bi cầu rãnh sâu, P/N: MS1301-608RS-1,chất liệu bằng thép (có nắp nhựa chống bụi), dùng cho thiết bị truyền động tuyến tính, kích thước: phi 8*phi 22*7t. Mới 100%,Deep groove ball bearing, P/N: MS1301-608RS-1, steel material (with dustproof plastic cover), used for linear actuator, size: phi 8*phi 22*7t. 100% new",,18000.0,Pieces,0.0,2520.0,,,
2025-09-22,越南,中国台湾,CÔNG TY TNHH JADE M - TECH,CHUN LOUNG CO LTD,"Land Lot No. Tt3-09, Land Jam, Thuong Cat Ward, Hanoi City, Vietnam","NO.1, LANE 333, MINYI ST., FUAN VILLAGE, SIOUSHUEI TOWNSHIP, TW",,,,Taiwan,,,,84821000,"Con trượt ARC20MN S V1N, bộ phận của thanh tuyến tính dẫn hướng, bằng thép, có ổ bi, phụ tùng máy gia công kim loại. NSX: CPC, mới 100%,Slider ARC20MN S V1N, parts of the linear guide, steel ball bearings, machine parts metal machining. MANUFACTURER: CPC, 100% new",,162.0,Pieces,0.0,2511.0,,,
2025-03-10,印度,中国,AGARWAL INDUSTRIES,QINGDAO SHIYA IMPORT AND EXPORT CO,4 Ground Floor HARESH CHAMBER SAMUEL STREET VADGADI,,,,,CHINA,,Qingdao,NHAVA SHEVA SEA (INNSA1),84821090,LINEAR BALL BEARING SC30UU LINEAR BALL BEARING,,1000.0,NOS,0.0,2509.997,WR2ROUSHLUCH0,,
2025-11-19,印度,中国,MECH AUTO SYSTEMS,TECH MOTION SHANGHAI CO LTD,"SHOP NO 2, BALCHANDRA APARTMENT  PLOT NO.55, SECTOR 44A,NERUL ","ROOM 904, BUILDING 3, 80 HUASHEN RO AD, WAI GAO QIAO FREE TRADE ZONE Sh anghai, Shanghai, CHINA CHINA",,,,China (CN),,Shanghai,NHAVA SHEVA SEA (INNSA1),84821090,LINEAR MOTION BEARING RAIL HGR30X4000MM LINEAR MOTION BEARING RAIL HGR30X4000MM,,60.0,NOS,0.0,2508.38,,,
2025-11-19,印度,中国,AMAFHH SONS,ZHEJIANG SIQIANG BEARING MANUFACTURE CO LTD,"2ND FLOOR, 71 NAGDEVI CROSS LANE,,  N/A","NO.97,XIANXIA ROAD,NANMING MOUNTAIN STREET, LIANDU ZONE,LISHUI CITY LI SHUI CITY, Zhejiang, CHINA CHINA",,,,China (CN),,Ningbo,NHAVA SHEVA SEA (INNSA1),84828000,LINEAR MOTION BEARINGS LMK30UU LINEAR MOTION BEARINGS LMK30UU,,1500.0,NOS,0.0,2505.0,,,
2025-06-10,乌兹别克斯坦,中国香港,ООО PIPE METAL,HONGKONG NEEDIC TECHNOLOGY CO LTD,"Республика Узбекистан, г. Ташкент, Яшнабадский р-н, ул. Темирчи, д.19","Office: 3A12/F Kaiser Center No.18 Center Street, Sai Ying Pun",,,,,,,,8482109008,"1. Линейный подшипник Rexroth Bosch Group 45 направляющая блок, слайд R320103184.  В кол-ве 10 шт. Товар упакован в 1 к/кор. (часть-место).  Используется для подачи труб на агрегат трубопрокатного стана. Тавар ввозится для собственных нужд предприятия.",,10.0,шт,51.7,2500.0,,,Rexroth Bosch Group
2025-07-18,乌兹别克斯坦,中国香港,ООО PIPE METAL,HONGKONG NEEDIC TECHNOLOGY CO LTD,"Республика Узбекистан, г. Ташкент, Яшнабадский р-н, ул. Темирчи, д.19","Office: 3A12/F Kaiser Center No.18 Center Street, Sai Ying Pun",,,,,,,,8482109008,"1. Линейный подшипник Rexroth Bosch Group 45 R320103184. Кол-во 10 шт. Товар упакован в 1 к/кор. Используется для подачи труб на агрегат трубопрокатного стана. Товар ввозится для собственных нужд предприятия. Производитель: Rexroth Bosch Group, (Германия",,10.0,шт,42.0,2500.0,,,БЕЗ МАРКИ
2025-06-24,越南,中国,CÔNG TY TNHH LẬP VĂN,SHANGHAI FENGRUI TRADING CO LTD,"No. 2, Vsip II-A Industrial Park, Road No. 17, Vietnam-Singapore II-A Industrial Park, Vinh Tan Ward, Tan Uyen City, Binh Duong Province","NO.222, BUILDING B, NO. 333 CHUANGDA ROAD, QINGPU, SHANGHAI, CN",,,,China,,,,84821000,"Vòng bi tuyến tính bằng thép,phi 62*25mm(phụ tùng máy in).Hàng mới 100% hàng không nhãn hiệu,có nhãn mác.,Steel linear bearing, diameter 62*25mm (printer spare part). 100% new product, no brand, with label.",,30.0,Pieces,0.0,2484.0,,,
2025-11-19,印度,中国,AMAFHH SONS,ZHEJIANG SIQIANG BEARING MANUFACTURE CO LTD,"2ND FLOOR, 71 NAGDEVI CROSS LANE,,  N/A","NO.97,XIANXIA ROAD,NANMING MOUNTAIN STREET, LIANDU ZONE,LISHUI CITY LI SHUI CITY, Zhejiang, CHINA CHINA",,,,China (CN),,Ningbo,NHAVA SHEVA SEA (INNSA1),84828000,LINEAR MOTION BEARINGS SCS20UU LINEAR MOTION BEARINGS SCS20UU,,2000.0,NOS,0.0,2480.0,,,
2025-01-22,印度,中国,AXIS TECHNOLOGIES,YIBOYUAN LINQING CITY PRECISION MACHINERY CO L,"207, ARIHANT TOWER, 2ND FLOOR,83 V. V .CHANDAN STREET, MUMBAI, ",,,,,CHINA,,Qingdao,NHAVA SHEVA SEA (INNSA1),84828000,LINEAR MOTION BEARINGS LM25UU LINEAR MOTION BEARINGS LM25UU,,5000.0,PCS,0.0,2477.3603,CUZSH4J6SO7S8,,
2025-11-20,印度,中国,CONTINENTAL SALES CORPN,ZHEJIANG OUYI BEARING MANUFACTURE CO LTD,N/A N/A,"ADD: NO. 701 # JIANGNAN STREET , LISHUI ZHEJIANG CHINA",,,,China (CN),,Shanghai,NHAVA SHEVA SEA (INNSA1),84821090,LINEAR  BEARING (439.34 KGS) -1082 PCS(AS PER INV. & P.LIST)..,,1082.0,NOS,0.0,2475.54,,,
2025-08-11,印度,中国,KHS INNOVATION & ENGINEERING LLP,ZHEJIANG SIQIANG BEARING MANUFACTUR,"4A, KARIM BUILDING, 1ST FLOOR,142/  144, ABDUL REHMAN STREET ","E CO.,LTD NO.97, XIANXIA ROAD, NAN MING MOUNTAIN STREET LIANDU ZONE, LISHUI CITY, ZHEJIANG CHINA",,,,China (CN),,Shanghai,,84828000,LINEAR MOTION BEARINGS LMK50LUU (BRAND - KHS LG) LINEAR MOTION BEARINGS,,200.0,PCS,0.0,2472.0,,,
2025-09-08,越南,中国台湾,CÔNG TY TNHH JADE M - TECH,CHUN LOUNG CO LTD,"Land Lot No. Tt3-09, Land Jam, Thuong Cat Ward, Hanoi City, Vietnam","NO.1, LANE 333, MINYI ST., FUAN VILLAGE, SIOUSHUEI TOWNSHIP, CHANGHUA COUNTY 50444, TAIWAN, ZZ",,,,Taiwan,,,,84821000,"Con trượt MR12MN SU VCN, bộ phận của thanh tuyến tính dẫn hướng, bằng thép,có ổ bi,phụ tùng máy gia công kim loại. NSX: CPC, mới 100%,Slider MR12MN SU VCN parts of the linear guide, steel ball bearings,machine parts metal machining. MANUFACTURER: CPC, 100% new",,300.0,Pieces,0.0,2460.0,,,
2025-12-08,印度,中国,RNS BEARINGS,SHANDONG YKK BEARING MANUFACTURING CO LTD,"3rd FLOOR, 306, Menek Bhavan Premises Co-op.Soc.Ltd 137,Narayan Dhuru Street , Mumbai","ROOM 1029,AREA A, 10TH FLOOR,BLOCK A, JINAN WEST INNOVATION PARK,NO 26 87,ZIWEI ROAD,UNIVERSITY SCIENCE AN CHINA",,,,China (CN),,Zhengzhou,SAHAR AIR CARGO ACC (INBOM4),84821090,LINEAR BALL BEARING  As per INV.&P/LIST Unit Weight /Pc 0.03KGSLINEAR BALL BEARING  As per INV.&P/LIST Unit Weight /Pc 0.03,,2000.0,NOS,0.0,2459.52,,,
2025-05-07,印度,中国,KHS INNOVATION & ENGINEERING LLP,ZHEJIANG SIQIANG BEARING MANUFACTUR,"4A, KARIM BUILDING, 1ST FLOOR,142/  144, ABDUL REHMAN STREET ",,,,,CHINA,,Shanghai,NHAVA SHEVA SEA (INNSA1),84828000,LINEAR MOTION BEARINGS SC25UUOP (BRAND - KHS LG) LINEAR MOTION BEARINGS,,1000.0,PCS,0.0,2450.0049,Q8MNXZXFQ41NW,,
2025-11-26,斯里兰卡,中国,TEEJAY LANKA PLC,SHANDONG HIKING TEXTILE TECHNOLOGY CO LTD," BLOCK D8-D14, SETHAWAKA EXPORT PROCESSING ZONE, AVISSAWELLA. LAX 23/01/2052 DDC RMU ORDER"," QILU SOFT PARK BLD A, HIGH TECH DISTR. JINAN CHINA.",,,,CHINA,,,,84821000,"DEEP GROVE BALL BEARING&#10;LINEAR BALL BEARING,302 NOS - AS PER INVOICE",,302.0,NIU,5.5,2440.95,,,
2025-04-10,越南,中国,CÔNG TY TNHH JADE M - TECH,WUXI J WELL PRECISION MACHINERY CO LTD,"Land plot number TT3-09, Land Stuck Area, Lien Mac Ward, Bac Tu Liem District, Hanoi City, Vietnam","NO.1 HEHUAN ROAD, WUXI CITY, JIANGSU PROVINCE, CN",,,,China,,,,84821000,"Con trượt MGN12C Z0C-T bộ phận của thanh tuyến tính dẫn hướng, bằng thép,có ổ bi, phụ tùng máy gia công kim loại.Nhãn hiệu và NSX:Wuxi J-Well, mới 100%,MGN12C Z0C-T linear guide rail part, steel, with ball bearing, metalworking machine spare part. Brand and Manufacturer: Wuxi J-Well, 100% new",,1000.0,Pieces,0.0,2440.0,,,
2025-02-15,印度,中国,KHS INNOVATION & ENGINEERING LLP,XI'AN SILVERSTONE MACHINERY INDUSTRY CO LTD,"4A, KARIM BUILDING, 1ST FLOOR,142/  144, ABDUL REHMAN STREET ",,,,,CHINA,,Shanghai,NHAVA SHEVA SEA (INNSA1),84821090,LINEAR BALL BEARINGS-LM80UU -KHS-LG LINEAR BALL BEARINGS-LM80UU -KHS-LG,,100.0,NOS,0.0,2426.4951,O2WB7PR20FTJ2,,
2025-09-19,越南,中国,CÔNG TY TNHH LOGISTICS VĨNH TRƯỜNG,PINGXIANG HUASHAO IMPORT AND EXPORT TRADE CO LTD,"Apartment Hh 02 - 03, Catalan Urban Area, Block 8, Dong Kinh Ward, Lang Son Province, Vietnam","3-5 ZHUANG CULTURE STREET, JINXIANG AVENUE, PINGXIANG CITY, CHONGZUO DISTRICT, CHINA (GUANGXI), CN",,,,China,,,,84821000,"Ổ bi trượt vuông bằng thép, dùng cho thanh trượt tuyến tính của máy khắc gỗ CNC, model EGH15CA, kích thước (24x34x56.8)mm, không hiệu, NSX:SuzhouShunhe Shengda Automation Technology Co.,Ltd, mới 100%,Ball bearing slide, square steel, used for linear sliders of the CNC wood engraving machine, model EGH15CA, size (24x34x56.8)mm, not performance, NSX:SuzhouShunhe Shengda Automation Technology Co.,Ltd., new 100%",,700.0,Pieces,0.0,2408.0,,,
2025-07-09,印度,中国,KHS INNOVATION & ENGINEERING LLP,ZHEJIANG SIQIANG BEARING MANUFACTUR,"4A, KARIM BUILDING, 1ST FLOOR,142/  144, ABDUL REHMAN STREET ",,,,,CHINA,,Shanghai,NHAVA SHEVA SEA (INNSA1),84828000,LINEAR MOTION BEARINGS LM16UU KHS-LG LINEAR BEARINGS,,6000.0,PCS,0.0,2402.4974,ZZJGP1M2HQBY3,,
2025-08-11,印度,中国,KHS INNOVATION & ENGINEERING LLP,ZHEJIANG SIQIANG BEARING MANUFACTUR,"4A, KARIM BUILDING, 1ST FLOOR,142/  144, ABDUL REHMAN STREET ","E CO.,LTD NO.97, XIANXIA ROAD, NAN MING MOUNTAIN STREET LIANDU ZONE, LISHUI CITY, ZHEJIANG CHINA",,,,China (CN),,Shanghai,,84828000,LINEAR MOTION BEARINGS LMK25UU (BRAND - KHS LG) LINEAR MOTION BEARINGS,,1803.0,PCS,0.0,2397.99,,,
2025-01-22,印度,中国,AXIS TECHNOLOGIES,YIBOYUAN LINQING CITY PRECISION MACHINERY CO L,"207, ARIHANT TOWER, 2ND FLOOR,83 V. V .CHANDAN STREET, MUMBAI, ",,,,,CHINA,,Qingdao,NHAVA SHEVA SEA (INNSA1),84828000,LINEAR MOTION BEARINGS SC30UU LINEAR MOTION BEARINGS SC30UU,,1000.0,PCS,0.0,2395.464,CUZSH4J6SO7S8,,
2025-05-18,印度,中国,AGARWAL INDUSTRIES,CHANGZHOU FOLEVO PRECISION MACHINER,4 Ground Floor HARESH CHAMBER SAMUEL STREET VADGADI,,,,,CHINA,,Qingdao,NHAVA SHEVA SEA (INNSA1),84821090,LINEAR BLOCK BEARING HGH15CA LINEAR BLOCK BEARING,,1500.0,NOS,0.0,2389.8643,7I38VF3QR2DUN,,
2025-11-19,印度,中国,AMAFHH SONS,ZHEJIANG SIQIANG BEARING MANUFACTURE CO LTD,"2ND FLOOR, 71 NAGDEVI CROSS LANE,,  N/A","NO.97,XIANXIA ROAD,NANMING MOUNTAIN STREET, LIANDU ZONE,LISHUI CITY LI SHUI CITY, Zhejiang, CHINA CHINA",,,,China (CN),,Ningbo,NHAVA SHEVA SEA (INNSA1),84828000,LINEAR MOTION BEARINGS SBR16UU LINEAR MOTION BEARINGS SBR16UU,,2000.0,NOS,0.0,2388.0,,,
2025-02-19,印度,中国,SGS TRADE IMPEX,LINYI GUANDING IMPORT AND EXPORT CO LTD,"11, NARAYAN DHURU X LANE,  4TH FLOOR, ",,,,,CHINA,,Qingdao,NHAVA SHEVA SEA (INNSA1),84828000,LINEAR MOTION BEARINGS SC 30 UU LINEAR MOTION BEARINGS SC 30 UU,,1000.0,PCS,0.0,2387.3481,DTACQM16K09IF,,
2025-03-09,印度,中国,BHAVI IMPEX,AMLAND GLOBE HK ENTERPRISE LTD,"108,SHUBH SANDESH, 16,  HANSRAJ LANE, BYCULLA, ",,,,,CHINA,,Ningbo,NHAVA SHEVA SEA (INNSA1),84828000,"LINEAR BEARING BRAND :9KBC,ITEM NO.:LM16UU LINEAR BEARING",,5080.0,NOS,0.0,2385.3867,LBB1GBXTG5LE3,,
2025-04-01,印度,中国,AXIS TECHNOLOGIES,ZHEJIANG JINGRUI INTELLIGENT TRANSMISSION CO LTD,"207, ARIHANT TOWER, 2ND FLOOR,83 V. V .CHANDAN STREET, MUMBAI, ",,,,,CHINA,,Ningbo,NHAVA SHEVA SEA (INNSA1),84828000,LINEAR MOTION BEARINGS LM50UU LINEAR MOTION BEARINGS LM50UU,,504.0,PCS,0.0,2380.7215,VOOLSCS6OAR5X,,
2025-03-29,印度,中国,KHS INNOVATION & ENGINEERING LLP,LISHUIJINZHENGBEARINGMANUFACTURE,"4A, KARIM BUILDING, 1ST FLOOR,142/  144, ABDUL REHMAN STREET ",,,,,CHINA,,Shanghai,NHAVA SHEVA SEA (INNSA1),84828000,LINEAR MOTION BEARINGS LM60UU (BRAND - KHS LG) LINEAR MOTION BEARINGS,,400.0,PCS,0.0,2377.2963,ML7QWEAYAMIQU,,
2025-07-16,越南,中国台湾,CÔNG TY TNHH JADE M - TECH,AIRTAC INTERNATIONAL GROUP TAIWAN BRANCH CAYMAN,"Land Lot No. Tt3-09, Land Block, Lien Mac Ward, Bac Tu Liem District, Hanoi City, Vietnam.","9F., NO.10, SEC. 3, MINSHENG E. RD., ZHONGSHAN DIST.,TAIPEI CITY 104511, TW",,,,China,,,,84821000,"Con trượt LRM7BK-N-H-B, bằng thép,có ổ bi,bộ phận của thanh dẫn hướng tuyến tính, phụ tùng máy gia công kim loại. NSX: AIRTAC, mới 100%,LRM7BK-NHB slide, steel, with ball bearing, linear guide rail part, metalworking machine spare part. Manufacturer: AIRTAC, 100% new",,500.0,Pieces,0.0,2370.0,,,
2025-05-27,印度,中国,THE BALL BEARING TRADERS,ZHEJIANG SIQIANG BEARING MANUFACTURE CO LTD,"NO.8/1,KRISHNASAI MANSION,N.R.RD,K  ALASIPALYAM, NEW EXTN. ",,,,,CHINA,,Ningbo,Chennai  ,84828000,LINEAR BEARINGS-LM25 UU LINEAR BEARINGS-LM25 UU,,3000.0,NOS,0.0,2363.813,BNUI4YICVJ80K,,
2025-08-29,斯里兰卡,中国,NIS LANKA PVT LTD,LUOYANG LEHXUAN TRADING COMPANY LI,",NO,103/12, ROYAL PARK,,WELIGAMPITIYA, JA-ELA.,EREG COMP",",NO.54,GROUP 4, ZHONG GANG VILLAGE,,LUOLONG DISTRICT,LUOYANG,HENAN,,CHINA.",,,,CHINA,,,,84828000,"PILLOW BLOCK BEARING & THOMSON,  LINEAR BEARING & THOMSON,  LI,NEAR BEARING & THOMSON,",,60.0,NIU,41.0,2360.0,,,
2025-05-30,印度,中国,AMAFHH SONS,ZHEJIANG SIQIANG BEARING MANUFACTURE CO LTD,"2ND FLOOR, 71 NAGDEVI CROSS LANE,,  N/A",,,,,CHINA,,Ningbo,NHAVA SHEVA SEA (INNSA1),84828000,LINEAR MOTION BEARINGS SCS25LIU LINEAR MOTION BEARINGS SCS25LIU,,1000.0,PCS,0.0,2352.6582,0LAHS2H9JC2RX,,
2025-05-14,越南,中国,CÔNG TY TNHH POWERNICE SMARTECH VIỆT NAM,NINGBO POWERNICE INTELLIGENT TECHNOLOGY CO LTD,"Lô số CN2-8, Khu công nghiệp Minh Quang-Phường Bạch Sam-Thị xã Mỹ Hào-Hưng Yên","398 BINHAI RD, BINHAI NEW AREA, ECONOMIC DEVELOPMENT ZONE, FENGHUA DISTRICT, NINGBO CITY, ZHEJIANG,CHINA, CN",,,,China,,,,84821000,"Vòng bi cầu rãnh sâu, P/N: MS1301-608RS-1,chất liệu bằng thép (có nắp nhựa chống bụi), dùng cho thiết bị truyền động tuyến tính, kích thước: phi 8*phi 22*7t. Mới 100%,Deep groove ball bearing, P/N: MS1301-608RS-1, steel material (with dustproof plastic cover), used for linear actuator, size: phi 8*phi 22*7t. 100% new",,18000.0,Pieces,0.0,2340.0,,,
2025-08-11,印度,中国,KHS INNOVATION & ENGINEERING LLP,ZHEJIANG SIQIANG BEARING MANUFACTUR,"4A, KARIM BUILDING, 1ST FLOOR,142/  144, ABDUL REHMAN STREET ","E CO.,LTD NO.97, XIANXIA ROAD, NAN MING MOUNTAIN STREET LIANDU ZONE, LISHUI CITY, ZHEJIANG CHINA",,,,China (CN),,Shanghai,,84828000,LINEAR MOTION BEARINGS LM25UU (BRAND - KHS LG) LINEAR MOTION BEARINGS,,3000.0,PCS,0.0,2340.0,,,
2025-06-05,印度,中国,WALKAROO INTERNATIONAL PRIVATE LIMITED,GERBER SCIENTIFIC INTERNATIONAL LIMITED,"7/330A, VKC TOWER,  KOLATHARA P.O., ",,,,,CHINA,,Shanghai,SAHAR AIR CARGO ACC (INBOM4),84821090,"BEARING, LINEAR,WROD (SPARE PARTS OF THE PARAGON HX-180 GERBER MACHINE)BEARING, LINEAR,WROD (SPARE PARTS OF THE PARAGON HX-180 GE",,2.0,NOS,0.0,2335.2781,6VOJ9CJUVW58A,,
2025-05-30,印度,中国,AMAFHH SONS,ZHEJIANG SIQIANG BEARING MANUFACTURE CO LTD,"2ND FLOOR, 71 NAGDEVI CROSS LANE,,  N/A",,,,,CHINA,,Ningbo,NHAVA SHEVA SEA (INNSA1),84828000,LINEAR MOTION BEARINGS SCS20LUU LINEAR MOTION BEARINGS SCS20LUU,,1000.0,PCS,0.0,2332.3766,0LAHS2H9JC2RX,,
2025-08-14,印度,中国,INDUSTRIAL TOOLS AND BEARINGS CENTRE,HANGZHOU WELL PRECISION BEARING CO LTD,"191/286,Jodhpurwala Estate,Thambu Chetty Street,Mannady, Parrys,Chennai - 600001,Tamil Nadu,India, 600001 N/A","NO.101, BULIDING2, FEILING INDUSTRI #NAME? DISTRICT, HANGZHOU, ZHEJIANG CHINA",,,,China (CN),,Ningbo,,84828000,LINEAR BEARINGS-(SLIDE BLOCK)-R1653-814-20 LINEAR BEARINGS-R1653-814-20,,50.0,NOS,0.0,2326.43,,,
2025-09-26,印度,中国,KHS INNOVATION & ENGINEERING LLP,XI'AN SILVERSTONE MACHINERY INDUST,"4A, KARIM BUILDING, 1ST FLOOR,142/  144, ABDUL REHMAN STREET ","RY CO., LTD. ADD:19,5THHANGKONGR OAD,YANLIANG XI'AN,SHAANXI SDNF CHINA",,,,China (CN),,Shanghai,,84821090,LINEAR BALL BEARINGS LM40UU (BRAND - NIPPON) LINEAR BALL BEARINGS,,1000.0,PCS,0.0,2325.57,,,
2025-08-19,印度,中国,CENTURY PANELS LIMITED,CHINA FOMA GROUP CO LTD,"P-15/1, TARATALA ROAD null","NO.199 WEST YINGCHUN ROAD, HAILING DISTRICT TAIZHOU, JIANGSU CHINA CN",,,,China (CN),,EZHOU HUAHU,,84829900,LINEAR GUIDE BEARING (MODEL NO:GGB55AAP-4H-S) (12 PCS) LINEAR GUIDE BEARING,,60.0,KGS,0.0,2325.31,,,
2025-02-28,俄罗斯,中国,KOSMODROM OOO,ALPHA TECHNOLOGY CO LTD IN HEIHE CITY,"675000, АМУРСКАЯ ОБЛАСТЬ, Г.БЛАГОВЕЩЕНСК, УЛ.КАЛИНИНА, Д.10А, ОФ.8,","164300, ПРОВИНЦИЯ ХЭЙЛУНЦЗЯН, Г.ХЭЙХЭ, 2202 ROOM,NO 50-6 , STR WANGSU, ..,,",,,"INA BEARINGS (CHINA) CO., LTD",China (CN),Russia,,,8482800009,"ROLLER LINEAR BEARING FOR CONVEYOR EQUIPMENT; INA BRAND; MODEL F 22985.01 RLF; 100 PIECES, PART 1 PLYWOOD DISPOSABLE CASE, NOT INTENDED FOR REUSE.",,100.0,PC,10.0,2317.73,,,INA
2025-09-27,印度,中国,KHS INNOVATION & ENGINEERING LLP,ZHEJIANG SIQIANG BEARING MANUFACTUR,"4A, KARIM BUILDING, 1ST FLOOR,142/  144, ABDUL REHMAN STREET ","E CO.,LTD NO.97,XIANXIA ROAD. NANMING MOUNTAIN STREET. LIANDU ZONE.LISHUI CITY.ZHEJIANG CHINA",,,,China (CN),,Shanghai,,84828000,LINEAR MOTION BEARINGS LME50UU KHS-LG LINEAR BEARINGS,,500.0,PCS,0.0,2315.0,,,
2025-05-01,巴西,中国,OBR EQUIPAMENTOS INDUSTRIAIS LTDA,ZHEJIANG JIANZHUANG TRANSMISSION TECHNOLOGY CO LTD,SC,,,,,,,,PORTO DE SAO FRANCISCO DO SUL,84821090,ROLAMENTOS LINEAR ESFERAS T5552,,971.0,UNID.,259.47,2310.5,,,
2025-04-21,越南,中国台湾,CÔNG TY TNHH JADE M - TECH,CHUN LOUNG CO LTD,"Land plot number TT3-09, Land Stuck Area, Lien Mac Ward, Bac Tu Liem District, Hanoi City, Vietnam","NO.1, LANE 333, MINYI ST., FUAN VILLAGE, SIOUSHUEI TOWNSHIP, CHANGHUA COUNTY 50444, TAIWAN, TW",,,,Japan,,,,84821000,"Thanh tuyến tính dẫn hướng Y-RD: HSR25LC2SSC0E+790LH-II gồm thanh trượt dài 790mm và con trượt, có ổ bi, phụ tùng máy gia công kim loại. NSX: THK, mới 100%,Y-RD linear guide rail: HSR25LC2SSC0E+790LH-II includes 790mm long slide bar and slider, with ball bearing, metalworking machine spare part. Manufacturer: THK, 100% new",,2.0,Set,0.0,2300.0,,,
2025-08-11,印度,中国,KHS INNOVATION & ENGINEERING LLP,ZHEJIANG SIQIANG BEARING MANUFACTUR,"4A, KARIM BUILDING, 1ST FLOOR,142/  144, ABDUL REHMAN STREET ","E CO.,LTD NO.97, XIANXIA ROAD, NAN MING MOUNTAIN STREET LIANDU ZONE, LISHUI CITY, ZHEJIANG CHINA",,,,China (CN),,Shanghai,,84828000,LINEAR MOTION BEARINGS LMK16LUU (BRAND - KHS LG) LINEAR MOTION BEARINGS,,1723.0,PCS,0.0,2291.59,,,
2025-02-18,印度,中国,MAHAVIR SALES CORPORATION,YIWU ZHITONG E COMMERCE FIRM,"128,NARAYAN DHURU STREET,MICRO  HOUSE,4TH FL ",,,,,CHINA,,Ningbo,NHAVA SHEVA SEA (INNSA1),84828000,LINEAR MOTION BEARINGS SCS16L UU LINEAR MOTION BEARINGS SCS16L UU,,1000.0,PCS,0.0,2278.4278,S6ZUX3V42JKLS,,
2025-05-16,越南,中国香港,CÔNG TY TNHH THIẾT BỊ CƠ ĐIỆN MINH THÀNH,HK TOMUU ACTUATOR TECHNOLOGY CO LIMITED,"Tổ dân phốTràngDuệ(tại Công tyTNHH Ngân Vũ),phường Lê Lợi, quận An Dương,TP Hải Phòng, Việt Nam.","ROOM 1318-19, HOLLYWOOD PLAZA, 610 NATHAN ROAD, MONGKOK, KOWLOON, HONGKONG, HK",,,,China,,,,84821000,"TMA-MNA-U10G00020#&Ổ bi dùng cho  bộ truyền động tuyến tính, mới 100%,TMA-MNA-U10G00020#&Ball bearing for linear actuator, 100% new",,1090.0,Pieces,0.0,2267.2,,,
2025-11-19,印度,中国,AMAFHH SONS,ZHEJIANG SIQIANG BEARING MANUFACTURE CO LTD,"2ND FLOOR, 71 NAGDEVI CROSS LANE,,  N/A","NO.97,XIANXIA ROAD,NANMING MOUNTAIN STREET, LIANDU ZONE,LISHUI CITY LI SHUI CITY, Zhejiang, CHINA CHINA",,,,China (CN),,Ningbo,NHAVA SHEVA SEA (INNSA1),84828000,LINEAR MOTION BEARINGS SCS25LUU LINEAR MOTION BEARINGS SCS25LUU,,500.0,NOS,0.0,2255.0,,,
2025-11-25,印度,中国,SHREE ASSOCIATES AND COMPANY,HIWIN TECHNOLOGIES CORP,N/A N/A,"NO.7 JINGKE ROAD PRECISION MACHINERY PARK, TAICHUNG 40852, TAIWAN TAIWAN",,,,"Taiwan,China (TW)",,TAIPEI,BANGALORE ACC (INBLR4),84828000,HIWIN LINEAR BEARING- CRBD 055 15 A WW C8 P5(B2501H9-01) (F01H91)(AD2017G1 20251107)HIWIN LINEAR BEARING-,,26.0,NOS,0.0,2243.13,,,
2025-03-11,印度,中国,ELECTUS SYSTEMS,LISHUI GREENLEAF AUTOMATIC TECHNOLOGY CO LTD,"G3,Ghawte Tower Dr,Ansari Road seco  ",,,,,CHINA,,Ningbo,NHAVA SHEVA SEA (INNSA1),84828000,LINEAR BEARINGS SC25LUU LINEAR BEARINGS SC25LUU,,500.0,NOS,0.0,2238.8092,4MRHJKZ9YIULH,,
2025-05-23,越南,中国,CÔNG TY TNHH JADE M - TECH,WUXI J WELL PRECISION MACHINERY CO LTD,"Ô đất số TT3-09, Khu Đất Kẹt, Phường Liên Mạc, Quận Bắc Từ Liêm, Thành phố Hà Nội, Việt Nam","NO.1 HEHUAN ROAD, WUXI CITY, JIANGSU PROVINCE, CN",,,,China,,,,84821000,"Con trượt HGH30CA bộ phận của thanh tuyến tính dẫn hướng, bằng thép,có ổ bi, phụ tùng máy gia công kim loại. NSX: Wuxi J-Well, mới 100%,HGH30CA linear guide rail part, steel, with ball bearing, metalworking machine spare part. Manufacturer: Wuxi J-Well, 100% new",,300.0,Pieces,0.0,2217.0,,,
2025-10-15,印度,中国,JAYACHANDRA BEARINGS INDIA PRIVATE LIMITED,SHANGHAI NEOSTAR MACHINERY&TECHNOLOGY CO LTD,,"Add: Room 422, No.399,Jianyun Road Pudong District, Shanghai 201318, China CHINA",,,,China (CN),,Qingdao,NHAVA SHEVA SEA (INNSA1),84823000,SRBF SPHERICAL ROLLER BEARING (INDL USE ONLY) 22211MBKW33C3 SRBF LINEAR MOTION BEARING (INDL USE ONLY) 22211MBKW33C3,,500.0,NOS,0.0,2216.24,,,
2025-09-26,印度,中国,AGARWAL INDUSTRIES,CHANGZHOU FOLEVO PRECISION MACHINER,4 Ground Floor HARESH CHAMBER SAMUEL STREET VADGADI,"Y CO., LTD NO. 288, XIAXI WEST ROAD , JIAZE TOWN, WUJIN DISTRICT, CHANG ZHOU CITY, JIANGSU CHINA",,,,China (CN),,Qingdao,,84821090,LINEAR BALL BEARING LM25UU LINEAR BALL BEARING,,5000.0,PCS,0.0,2200.3,,,
2025-05-17,印度,中国,V M TRADERS,NINGBO BAODING AUTO TECH CO LTD,"67, NAGDEVI STREET,  2ND FLOOR, ",,,,,CHINA,,Ningbo,NHAVA SHEVA SEA (INNSA1),84821020,LINEAR BALL BEARING KH3050PP (KOLMB) LINEAR BALL BEARING,,2000.0,NOS,0.0,2198.1318,D6YYQTJIP1GTO,,
2025-05-06,越南,中国,CÔNG TY TNHH POWERNICE SMARTECH VIỆT NAM,NINGBO PIONEER IMP &EXP CO LTD,"Lô số CN2-8, Khu công nghiệp Minh Quang-Phường Bạch Sam-Thị xã Mỹ Hào-Hưng Yên","398 BINHAI RD, BINHAI NEW AREA, ECONOMIC DEVELOPMENT ZONE, FENGHUA DISTRICT, NINGBO CITY, ZHEJIANG,CHINA, CN",,,,China,,,,84821000,"Vòng bi mắt cá, P/N: MN5307-007-1,chất liệu bằng niken mạ kẽm, dùng cho thiết bị truyền động tuyến tính, kích thước: phi 29.2*phi 41.5*25.4mm. Mới 100%,Fisheye bearing, P/N: MN5307-007-1, material is nickel plated zinc, used for linear actuator, size: phi 29.2*phi 41.5*25.4mm. 100% new",,2310.0,Pieces,0.0,2194.5,,,
2025-10-15,印度,中国,JAYACHANDRA BEARINGS INDIA PRIVATE LIMITED,SHANGHAI NEOSTAR MACHINERY&TECHNOLOGY CO LTD,,"Add: Room 422, No.399,Jianyun Road Pudong District, Shanghai 201318, China CHINA",,,,China (CN),,Qingdao,NHAVA SHEVA SEA (INNSA1),84828000,SRBF LINEAR MOTION BEARING (INDL USE ONLY) LM20UU SRBF LINEAR MOTION BEARING (INDL USE ONLY) LM20UU,,5000.0,NOS,0.0,2193.23,,,
2025-07-08,印度,中国,AXIS TECHNOLOGIES,ZHEJIANG JINGRUI INTELLIGENT TRANSMISSION CO LTD,"207, ARIHANT TOWER, 2ND FLOOR,83 V. V .CHANDAN STREET, MUMBAI, ",,,,,CHINA,,Ningbo,NHAVA SHEVA SEA (INNSA1),84828000,LINEAR MOTION BEARINGS SC16UUOP LINEAR MOTION BEARINGS SC16UUOP,,2016.0,PCS,0.0,2191.7336,0SVQ7GYDUI59V,,
2025-08-30,斯里兰卡,中国,LANKA DAIRIES PVT LTD,TETRA PAK TARADING SHANGHAI,"P O BOX 04, NEGOMBO RD WELISARA RAGAMA LAX 01/03/2033 DDC RMU ORDER",NO 785 YUANG HANG ROAD PU DONG DIST 201202 SHANGHI CHINA,,,,CHINA,,,,84821000,"BALL BEARING,  BALL BEARING,  BALL BEARING,  BALL BEARING,  BALL BEAR,ING,  LINEAR BEARING,  BALL BEARING",,1.98,NIU,1.98,2172.5,,,
2025-08-04,印度,中国,EMECHANICZ TEST SOLUTIONS PRIVATE LIMITED,ZHUHAI UNIPOINTER TECHNOLOGY CO LTD,"NO.404, 1ST FLOOR, 4TH CROSS,,1 ST  MAIN KUVEMPUNAGAR, ",NO 105  BUILDING 5 BUSINESS STREE QIANWU TOWN  ZHUHAI GUANGDONG 519170 CHINA,,,,China (CN),,AHUHAI,,84828000,MGN9C - LINEAR RAIL BEARING MGN9C - LINEAR RAIL BEARING,,1200.0,NOS,0.0,2164.01,,,
2025-11-20,越南,中国,CÔNG TY TNHH GOERTEK ĐIỆN TỬ VIỆT NAM,KUNSHAN SHENGSIYI TRADING CO LTD,"Lot A1, Nam Son - Hap Linh Industrial Park, Nam Son Ward, Hap Linh Commune, Tan Chi District, Bac Ninh Province, Vietnam","ROOM 302, BUILDING 3, NO. 172 XIONGYING ROAD, KUNSHAN DEVELOPMENT ZONE, CN",,,,China,,,,84828000,"7010200310484#&Thanh trượt tuyến tính có ổ bi, dùng trong chuyền sản xuất, kích thước: 40mm*20mm*10mm, chất liệu: Thép không gỉ, mới 100%, 7010200310484,7010200310484#&Linear slide with ball bearings, used in production lines, dimensions: 40mm*20mm*10mm, material: Stainless steel, 100% new, 7010200310484",,174.0,Pieces,0.0,2162.82,,,
2025-07-13,印度,中国,JAYACHANDRA BEARINGS INDIA PRIVATE LIMITED,SHANGHAI NEO STAR MACHINERY&TECHNOL,"1002, AVANASHI ROAD,  N/A",,,,,CHINA,,Qingdao,NHAVA SHEVA SEA (INNSA1),84828000,SRBF LINEAR MOTION BEARING (INDL USE ONLY) LM20UU SRBF LINEAR MOTION BEARING (INDL USE ONLY),,5000.0,NOS,0.0,2142.8888,3VKZV2JDGHNYE,,
2025-03-25,印度,中国台湾,FLURO ENGINEERING PRIVATE LIMITED,HIWIN TECHNOLOGIES CORP,"A/3, DEVASHISH, NITYANAND COLONY  AMRUT NAGAR,GHATKOPAR WEST, ",,,,,TAIWAN,,TAIPEI,SAHAR AIR CARGO ACC (INBOM4),84821011,HIWIN LINEAR BEARING: CRBA 300 25 WW C8 P5(B25004T-01)(F004T1)(AD007EM1 Stock-03/0302/2025 /ZETTA WATT)HIWIN INDUSTRIAL ROBOT:,,4.0,NOS,0.0,2130.2948,CB5YENX0RWXTI,,
2025-04-10,越南,中国香港,CÔNG TY TNHH CÔNG NGHỆ VÀ THƯƠNG MẠI HÀ SƠN,NIHON ENGINEERING LTD,"No. 1, Alley 172, Thai Thinh Street, Trung Liet Ward, Dong Da District, Hanoi City, Vietnam","ROOM 2103, FUTURA PLAZA, 111 HOW MING STREET, KWUN TONG, HONGKONG, HK",,,,Japan,,,,84821000,"Vòng bi tuyến tính LM35UU, vật liệu thép, có bi, kích thước 70x 52x 35 mm, dùng cho máy đúc, hiệu THK, hàng mới 100%,Linear bearing LM35UU, steel material, with ball, size 70x 52x 35 mm, used for casting machine, THK brand, 100% new",,112.0,Pieces,0.0,2128.0,,,
2025-09-19,越南,中国香港,CÔNG TY TNHH CÔNG NGHỆ VÀ THƯƠNG MẠI HÀ SƠN,NIHON ENGINEERING LTD,"Lot 12-1B, Tt4 Tran Van Lai Street, Tu Liem Ward, Hanoi City, Vietnam.","ROOM 2103, FUTURA PLAZA, 111 HOW MING STREET, KWUN TONG, HK",,,,Japan,,,,84821000,"Vòng bi tuyến tính LM35UU, vật liệu thép, có bi, kích thước 70x 52x 35 mm, dùng cho máy đúc, hiệu THK, hàng mới 100%,Linear bearing LM35UU, steel material, have size 70x 52x 35 mm, used for casting machine, brand THK, 100% brand new",,112.0,Pieces,0.0,2128.0,,,
2025-02-16,印度,中国,KHS INNOVATION & ENGINEERING LLP,ZHEJIANG SIQIANG BEARING MANUFACTURE CO LTDA,"4A, KARIM BUILDING, 1ST FLOOR,142/  144, ABDUL REHMAN STREET ",,,,,CHINA,,Shanghai,NHAVA SHEVA SEA (INNSA1),84828000,LINEAR BEARING-LM20UU MA LINEAR BEARING-LM20UU MA,,5000.0,NOS,0.0,2123.5715,U5NWSLS36YLHN,,
2025-11-19,印度,中国,MECH AUTO SYSTEMS,TECH MOTION SHANGHAI CO LTD,"SHOP NO 2, BALCHANDRA APARTMENT  PLOT NO.55, SECTOR 44A,NERUL ","ROOM 904, BUILDING 3, 80 HUASHEN RO AD, WAI GAO QIAO FREE TRADE ZONE Sh anghai, Shanghai, CHINA CHINA",,,,China (CN),,Shanghai,NHAVA SHEVA SEA (INNSA1),84821090,LINEAR MOTION BEARING BLOCK HGH20CA LINEAR MOTION BEARING BLOCK HGH20CA,,800.0,NOS,0.0,2111.47,,,
2025-05-07,印度,中国,KHS INNOVATION & ENGINEERING LLP,ZHEJIANG SIQIANG BEARING MANUFACTUR,"4A, KARIM BUILDING, 1ST FLOOR,142/  144, ABDUL REHMAN STREET ",,,,,CHINA,,Shanghai,NHAVA SHEVA SEA (INNSA1),84828000,LINEAR MOTION BEARINGS LM20UU MA (BRAND - KHS LG) LINEAR MOTION BEARINGS,,5000.0,PCS,0.0,2108.6107,Q8MNXZXFQ41NW,,
2025-04-30,坦桑尼亚,中国台湾,SITA STEEL ROLLINGS LTD,YU NION MACHINERY CO LTD,,,,,,"Taiwan, Province of China","Tanzania, United Republic of",,,848280000000,LINEAR BEARING,,20.0,NMB,44.0,2105.4,071-56270465,,
2025-04-30,坦桑尼亚,中国台湾,SITA STEEL ROLLINGS LTD,YU NION MACHINERY CO LTD,,,,,,"Taiwan, Province of China","Tanzania, United Republic of",,,848280000000,LINEAR BEARING,,20.0,NMB,44.0,2105.4,071-56270465,,
2025-11-19,印度,中国,AMAFHH SONS,ZHEJIANG SIQIANG BEARING MANUFACTURE CO LTD,"2ND FLOOR, 71 NAGDEVI CROSS LANE,,  N/A","NO.97,XIANXIA ROAD,NANMING MOUNTAIN STREET, LIANDU ZONE,LISHUI CITY LI SHUI CITY, Zhejiang, CHINA CHINA",,,,China (CN),,Ningbo,NHAVA SHEVA SEA (INNSA1),84828000,LINEAR MOTION BEARINGS SCS16UU LINEAR MOTION BEARINGS SCS16UU,,2000.0,NOS,0.0,2100.0,,,
2025-06-21,越南,中国,CÔNG TY TNHH GOERTEK ĐIỆN TỬ VIỆT NAM,NANNING GOERTEK TRADING CO LTD,"Lot A1, Nam Son-Hap Linh Industrial Park, Nam Son Ward, Hap Linh Ward, Bac Ninh City and Lac Ve Commune, Tien Du District, Bac Ninh, Vietnam","F16-17, R&D BLD, HEADQUARTER BASE, OF NANNING-ASEAN AGRICULTURAL, SCIENCE & TECHNOLOGY DLT ENTERPRISE, NO.10 GAOXIN,3RD ROAD, NANNING CITY, CN",,,,China,,,,84828000,"701020039195#&Con trượt có ổ bi kèm thanh dẫn hướng tuyến tính, kích thước 80*20*10mm, mới 100%, 701020039195,701020039195#&Ball bearing slide with linear guide bar, size 80*20*10mm, 100% new, 701020039195",,60.0,Pieces,0.0,2092.01,,,
2025-09-23,印度,中国,NXV BEARINGS PRIVATE LIMITED,NINGBO HUAYI IMP & EXP CO LTD,77 G B ROAD 2ND FLOOR,"ROOM 12-7/8, HUAHONG INTERNATIONAL CENTER, NO717 ZHONGXING ROAD, JIANG DONG DISTRICT, NINGBO, CHINA CHINA",,,,China (CN),,Qingdao,,84828000,"SC25UU,  LINEAR BEARING,  U/WT.-  0.524  (FOR INDUSTRIAL USE)BEARING",,1000.0,NOS,0.0,2091.27,,,
2025-08-08,越南,中国台湾,CÔNG TY TNHH JADE M - TECH,CHUN LOUNG CO LTD,"Lot No. Tt3-09, Dat Ket Area, Lien Mac Ward, Bac Tu Liem District, Hanoi City, Vietnam","NO.1, LANE 333,MINYI ST, FUAN VILLAGE SIOUSHUEI  TOWNSHIP, CHANGHUA COUNTY 50444, TAIWAN, TW",,,,Japan,,,,84821000,"Thanh tuyến tính dẫn hướng Y-RD: HSR25LC2SSC0E+790LH-II gồm thanh trượt dài 790mm và con trượt, có ổ bi, phụ tùng máy gia công kim loại. NSX: THK, mới 100%,Rod linear guide Y-RD: HSR25LC2SSC0E+790LH-II consists of slider length 790mm and the slide has ball bearings, machine parts metal machining. MANUFACTURER: THK, new 100%",,2.0,Set,0.0,2090.0,,,
2025-01-16,印度,中国,BHAVI IMPEX,AMLAND GLOBE HK ENTERPRISE LTD,"108,SHUBH SANDESH, 16,  HANSRAJ LANE, BYCULLA, ",,,,,CHINA,,Ningbo,NHAVA SHEVA SEA (INNSA1),84828000,"LINEAR BEARING BRAND-HL,ITEM NO.: TBR25UU LINEAR BEARING",,252.0,NOS,0.0,2075.107,57PN11IQ66I61,,
2025-03-29,印度,中国,RNS BEARINGS,SHANDONG YKK BEARING MANUFACTURING CO LTD,"3rd FLOOR, 306, Menek Bhavan Premises Co-op.Soc.Ltd 137,Narayan Dhuru Street , Mumbai",,,,,CHINA,,Qingdao,NHAVA SHEVA SEA (INNSA1),84824000,Linear Bearing As per INV.&P/LIST Unit Weight /Pc 2.5KGS Linear Bearing As per INV.&P/LIST Unit Weight /Pc 2.5KGS,,24.0,NOS,0.0,2067.5352,ZWNTR99AR55Q9,,
2025-11-14,越南,中国,CÔNG TY TNHH SẢN XUẤT VÀ THƯƠNG MẠI DULICO,NINGBO POWERNICE INTELLIGENT TECHNOLOGY CO LTD,"Lot A2, CN7 Tu Liem Industrial Cluster, Xuan Phuong Ward, Hanoi City, Vietnam","398 BINHAI RD, BINHAI NEW AREA, ECONOMIC DEVELOPMENT  ZONE, FENGHUA DISTRICT NINGBO CITY, ZHEJIANG PROVINCE CHINA, CN",,,,China,,,,84821000,"Vòng bi mắt cá, P/N: MN5307-007-1,chất liệu bằng niken mạ kẽm, dùng cho thiết bị truyền động tuyến tính, kích thước: phi 29.2*phi 41.5*25.4mm. Mới 100%,Fisheye bearing, P/N: MN5307-007-1, made of nickel-zinc plated, used for linear motion devices, dimensions: 29.2mm x 41.5mm x 25.4mm. 100% brand new.",,2400.0,Pieces,0.0,2064.0,,,
2025-08-01,越南,中国,CÔNG TY TNHH SẢN XUẤT VÀ THƯƠNG MẠI DULICO,NINGBO POWERNICE INTELLIGENT TECHNOLOGY CO LTD,"Lot A2, Cn7 Tu Liem Industrial Cluster, Phuong Canh Ward, Nam Tu Liem District, Hanoi City, Vietnam","398 BINHAI RD, BINHAI NEW AREA, ECONOMIC DEVELOPMENT  ZONE, FENGHUA DISTRICT NINGBO CITY, ZHEJIANG PROVINCE CHINA, CN",,,,China,,,,84821000,"Vòng bi mắt cá, P/N: MN5307-007-1,chất liệu bằng niken mạ kẽm, dùng cho hộp số của thiết bị truyền động tuyến tính, kích thước: phi 29.2*phi 41.5*25.4mm. Mới 100%,Bearings fish-eye, P/N: MN5307-007-1,material nickel plated zinc, used for transmission of actuator linear, size: non-29.2*africa 41.5*25.4 mm. New 100%",,2400.0,Pieces,0.0,2064.0,,,
2025-07-21,越南,中国,CÔNG TY TNHH SẢN XUẤT VÀ THƯƠNG MẠI DULICO,NINGBO POWERNICE INTELLIGENT TECHNOLOGY CO LTD,"Lot A2, Cn7 Tu Liem Industrial Park, Phuong Canh Ward, Nam Tu Liem District, Hanoi City, Vietnam","398 BINHAI RD, BINHAI NEW AREA, ECONOMIC DEVELOPMENT  ZONE, FENGHUA DISTRICT NINGBO CITY, ZHEJIANG PROVINCE CHINA, ZZ",,,,China,,,,84821000,"Vòng bi mắt cá, P/N: MN5307-007-1,chất liệu bằng niken mạ kẽm, dùng cho thiết bị truyền động tuyến tính, kích thước: phi 29.2*phi 41.5*25.4mm. Mới 100%,Fisheye bearing, P/N: MN5307-007-1, material is nickel plated zinc, used for linear actuator, size: phi 29.2*phi 41.5*25.4mm. 100% new",,2400.0,Pieces,0.0,2064.0,,,
2025-11-20,越南,中国,CÔNG TY TNHH SẢN XUẤT VÀ THƯƠNG MẠI DULICO,NINGBO POWERNICE INTELLIGENT TECHNOLOGY CO LTD,"Lot A2, CN7 Tu Liem Industrial Cluster, Xuan Phuong Ward, Hanoi City, Vietnam","398 BINHAI RD, BINHAI NEW AREA, ECONOMIC DEVELOPMENT  ZONE, FENGHUA DISTRICT NINGBO CITY, ZHEJIANG PROVINCE CHINA, CN",,,,China,,,,84821000,"Vòng bi mắt cá, P/N: MN5307-007-1,chất liệu bằng niken mạ kẽm, dùng cho thiết bị truyền động tuyến tính, kích thước: phi 29.2*phi 41.5*25.4mm. Mới 100%,Fisheye bearing, P/N: MN5307-007-1, made of nickel-zinc plated, used for linear motion devices, dimensions: 29.2mm x 41.5mm x 25.4mm. 100% brand new.",,2400.0,Pieces,0.0,2064.0,,,
2025-08-11,印度,中国,KHS INNOVATION & ENGINEERING LLP,ZHEJIANG SIQIANG BEARING MANUFACTUR,"4A, KARIM BUILDING, 1ST FLOOR,142/  144, ABDUL REHMAN STREET ","E CO.,LTD NO.97, XIANXIA ROAD, NAN MING MOUNTAIN STREET LIANDU ZONE, LISHUI CITY, ZHEJIANG CHINA",,,,China (CN),,Shanghai,,84828000,LINEAR MOTION BEARINGS LMK20UU (BRAND - KHS LG) LINEAR MOTION BEARINGS,,2211.0,PCS,0.0,2056.23,,,
2025-12-03,印度,中国,V M TRADERS,SHANGHAI FENYUE INTERNATIONAL,"67, NAGDEVI STREET,  2ND FLOOR, ","TRADING CO LTDROOM B468, FLOOR 4, N O.1359ZHONGHUA RD., SHANGHAI, 20001 0 CHINA",,,,China (CN),,Shanghai,NHAVA SHEVA SEA (INNSA1),84828000,LINEAR BUSHING LM20UU MNB NEEDLE ROLLER BEARING,,5000.0,NOS,0.0,2054.36,,,
2025-12-03,印度,中国,MAHAVIR SALES CORPORATION,XI'AN SILVERSTONE MACHINERY INDUSTRY CO LTD,"128,NARAYAN DHURU STREET,MICRO  HOUSE,4TH FL ","19, 5TH HANGKONG ROAD, YANLIANG, XI AN, SHAANXI CHINA SHAANXI , , CHIN A CHINA",,,,China (CN),,Shanghai,NHAVA SHEVA SEA (INNSA1),84828000,LINEAR MOTION BEARINGS  LMES25UU LINEAR MOTION BEARINGS  LMES25UU,,1000.0,NOS,0.0,2053.67,,,
2025-04-10,印度,中国,INDO MIM LIMITED,DONGGUAN YHD SUPPLY CHAINMANAGEMENT CO LTD,"213/(539/A), STREET.NO.7, LANE.NO.2 HIMAYAT NAGAR, ",,,,,CHINA,,Shanghai,BANGALORE ACC (INBLR4),84828000,"LINEAR BEARING WITH FLANGE GUIDE (NICKEL PLATED),LMJ73-D8,166PCS(JIGS & FIXTURES PARTS)LINEAR BEARING WITH FLANGE GUIDE (NICKEL PLATED),(JIGS & FIX",,166.0,NOS,0.0,2049.6293,4YQ8KBBOKLB3K,,
2025-06-19,越南,中国,CÔNG TY TNHH JADE M - TECH,WUXI J WELL PRECISION MACHINERY CO LTD,"Land Lot No. Tt3-09, Land Block, Lien Mac Ward, Bac Tu Liem District, Hanoi City, Vietnam.","YANGSHI CHUXIN INDUSTRIAL PARK, LUOSHE TOWN, HUISHAN DISTRICT, WUXI CITY, CN",,,,China,,,,84821000,"Con trượt HGH55CA bộ phận của thanh tuyến tính dẫn hướng, bằng thép,có ổ bi, ,không hiệu,,phụ tùng máy gia công kim loại. NSX: Wuxi J-Well , mới 100%,HGH55CA linear guide rail part, steel, with ball bearing, no brand, metalworking machine spare part. Manufacturer: Wuxi J-Well, 100% new",,50.0,Pieces,0.0,2043.0,,,
2025-04-25,印度,中国,BHAVI IMPEX,AMLAND GLOBE HK ENTERPRISE LTD,"108,SHUBH SANDESH, 16,  HANSRAJ LANE, BYCULLA, ",,,,,CHINA,,Ningbo,NHAVA SHEVA SEA (INNSA1),84828000,"LINEAR BEARING WITH HOUSING BRAND:HL, ITEM NO.TBR25UU LINEAR BEARING",,248.0,NOS,0.0,2040.7458,LFU4IYNTHODV1,,
2025-05-19,印度,中国,AMAFHH SONS,ZHEJIANG WELL BEARING INDUSTRIAL CO LTD,"2ND FLOOR, 71 NAGDEVI CROSS LANE,,  N/A",,,,,CHINA,,Shanghai,NHAVA SHEVA SEA (INNSA1),84828000,LINEAR MOTION BEARINGS LM20UU LINEAR MOTION BEARINGS LM20UU,,5000.0,PCS,0.0,2028.1536,BWRWSJZNO1SK1,,
2025-04-13,印度,中国台湾,FLURO ENGINEERING PRIVATE LIMITED,HIWIN TECHNOLOGIES CORP,"A/3, DEVASHISH, NITYANAND COLONY  AMRUT NAGAR,GHATKOPAR WEST, ",,,,,TAIWAN,,KAOHSIUNG,NHAVA SHEVA SEA (INNSA1),84821011,HIWIN LINEAR BEARING: 18 CRBA 300 25 WW C8 P5(B25004T-01)(F004T1)(AD007EM1 Stock-03/0302/2025 /ZETTA WATT)HIWIN INDUSTRIAL ROBOT: KK86D 20C-740A1-H0(K25007V-01)(F007V,,4.0,NOS,0.0,2027.8864,LPDJNOAEN80JU,,
2025-04-10,印度,中国,DIVINE TRANSMISSION SYSTEMS,NINGBO LIMON ROBOTECH INTERNATIONAL TRADING CO LTD,D-12 LAJPAT NAGAR-III  N/A,,,,,CHINA,,Ningbo,ICD PATPARGANJ,84821090,LINEAR MOTION BEARINGS LMK20UU LINEAR MOTION BEARINGS KH3050PP,,1000.0,NOS,0.0,2026.9007,7W7IOBUIOS8Z4,,
2025-09-06,越南,中国,CÔNG TY TNHH XNK YOULI,PINGXIANG CHENGJIE IMP & EXP TRADE CO LTD,"3rd Floor, No. 126-128 Tran Vy, Phu Dien Ward, Hanoi City, Vietnam","NO. 1507, 15TH FLOOR, BUILDING B, NO. 18 TIANXIN ROAD, PINGXIANG TOWN, GUANGXI CHINA, ZZ",,,,China,,,,84821000,"Vòng bi HIR1520C7, bằng hợp kim thép, KT: 39*48*50mm Sử dụng để tạo ra chuyển động tuyến tính trong công nghiệp cơ khí, mới 100%,Bearings HIR1520C7, alloy steel, KT: 39*48*50mm Used to create linear motion in industrial mechanics, new 100%",,10.0,Pieces,0.0,2021.3,,,
2025-07-15,孟加拉国,中国,BASHUNDHARA FINE PAPER MILLS,ZIBO QUNTUO PAPER MACHINERY CO LTD,Limited,,,,,CN,,,,84829900,BEARING LINEAR,,0.0,,0.6,2019.0,,,
2025-11-15,巴基斯坦,中国,DARBAR COMPANY,HANGZHOU TOKEN IMP & EXP CO LTD,"SHOP NO: 21, BANK ARCADE, SERAI ROAD, Karachi South Saddar Town",RM931 B  BUILDING 2  TIAND BUILDING  JIANGGAN DIST  HANGZHOU  CHINA,,,,China                         ,,Ningbo,KAPW,84821000,"1. LINEAR BALL BEARING, NET WT: 720 KGS APPROX.",,720.0,u,3870000.0,2015.9243,GHSL25090199,,
2025-05-19,印度,中国,KNOWELL INTERNATIONAL PRIVATE LIMITED,RHB PRECISION MACHINERY CO LTD,"20, NETAJI SUBHAS ROAD,  N/A",,,,,CHINA,,Shanghai,Kolkata,84828000,LINEAR MOTION GLIDING BEARINGS NO - PHS 25 (BRAND - KHK) LINEAR MOTION GLIDING BEARINGS NO - PHS 25 (BRAND - KHK),,350.0,PCS,0.0,2012.35,CLGU5X3HV91YC,,
2025-04-10,印度,中国,DIVINE TRANSMISSION SYSTEMS,NINGBO LIMON ROBOTECH INTERNATIONAL TRADING CO LTD,D-12 LAJPAT NAGAR-III  N/A,,,,,CHINA,,Ningbo,ICD PATPARGANJ,84821090,LINEAR MOTION BEARINGS LMF50LUU LINEAR MOTION BEARINGS KH3050PP,,100.0,NOS,0.0,2012.1418,7W7IOBUIOS8Z4,,
2025-07-28,印度,中国,AGARWAL INDUSTRIES,CHANGZHOU FOLEVO PRECISION MACHINER,4 Ground Floor HARESH CHAMBER SAMUEL STREET VADGADI,,,,,CHINA,,Qingdao,NHAVA SHEVA SEA (INNSA1),84821090,LINEAR BALL BEARING SC20 LUU LINEAR BALL BEARING,,1000.0,PCS,0.0,2008.0608,XX1QCT108N7ET,,
2025-09-26,印度,中国,KHS INNOVATION & ENGINEERING LLP,XI'AN SILVERSTONE MACHINERY INDUST,"4A, KARIM BUILDING, 1ST FLOOR,142/  144, ABDUL REHMAN STREET ","RY CO., LTD. ADD:19,5THHANGKONGR OAD,YANLIANG XI'AN,SHAANXI SDNF CHINA",,,,China (CN),,Shanghai,,84821090,LINEAR BALL BEARINGS LME12UU (BRAND - KHS LG) LINEAR BALL BEARINGS,,5000.0,PCS,0.0,2004.81,,,
2025-06-18,菲律宾,中国,TIGER MACHINERY AND INDUSTRIAL CORPORATION,FOSHAN WECANS BUILDING MATERIAL CO LTD,"359 F. SAN DIEGO ST VIENTE REALES, VALENZUELA",,,,,CHINA,,,,84829900000,LINEAR ROLLER BEARING  PR14044 GR1/0-5 RO Y10 9 PCS,,0.0,,2.78,2002.2,1516383853,,
2025-11-19,印度,中国,AMAFHH SONS,ZHEJIANG SIQIANG BEARING MANUFACTURE CO LTD,"2ND FLOOR, 71 NAGDEVI CROSS LANE,,  N/A","NO.97,XIANXIA ROAD,NANMING MOUNTAIN STREET, LIANDU ZONE,LISHUI CITY LI SHUI CITY, Zhejiang, CHINA CHINA",,,,China (CN),,Ningbo,NHAVA SHEVA SEA (INNSA1),84828000,LINEAR MOTION BEARINGS LMK40UU LINEAR MOTION BEARINGS LMK40UU,,600.0,NOS,0.0,1998.0,,,
2025-08-04,巴基斯坦,中国,ARTISTIC MILLINERS PRIVATE LIMITED,GERBER SCIENTIFIC INT'L LTD,"PLOT NO 4 & 8, SECTOR 25, KORANGI INDUSTRIAL AREA, Korangi Korangi Town","Units 805B-806, 8/F, Tower B, Manulife Financial Centre, 223-231 Wai Yip Street",,,,China,,Metropolitan Ar,KPAF,84821000,BEARING LINEAR QTY 2 PCS (INDUSTRIAL MACHINE PARTS),,2.0,u,21000.0,1996.7138,6887043026,,
2025-12-10,印度,中国,MOON BEVERAGES LIMITED,KRONES THAILAND CO LTD,25 BAZAR LANE  BENGALI MARKET ,39TH FL INTERLINK TOWER 1858/138 DEBARATNA ROAD BANGNA TAI SUB DISTRICT BANGNA DISTRICT THAILAND,,,,"Taiwan,China (TW)",,Xi'an,DELHI AIR CARGO ACC (INDEL4),84821090,0905321448 RECIRCULATING LINEAR BALL BEARING UNIT (SPARE PARTS FOR KRONES MACHINE: K787311 CONTIFORM II)0905321448 RECIRCULATING LINEAR BALL BEARING UNIT (SPARE PAR,,4.0,PCS,0.0,1984.35,,,
2025-02-26,越南,中国台湾,CÔNG TY TNHH JADE M - TECH,CHUN LOUNG CO LTD,"Land Lot No. Tt3-09, Land Jam, Lien Mac Ward, Bac Tu Liem District, Hanoi City, Vietnam.","NO.1, LANE 333,MINYI ST, FUAN VILLAGE SIOUSHUEI  TOWNSHIP, CHANGHUA COUNTY 50444, TAIWAN, TW",,,,Taiwan,,,,84821000,"Con trượt HRC25MN S V0N, bộ phận của thanh tuyến tính dẫn hướng, bằng thép,có ổ bi, phụ tùng máy gia công kim loại. NSX: CPC, mới 100%,HRC25MN S V0N slider, part of linear guide bar, steel, with ball bearing, metalworking machine spare part. Manufacturer: CPC, 100% new",,100.0,Pieces,0.0,1980.0,,,
2025-07-28,印度,中国,AGARWAL INDUSTRIES,CHANGZHOU FOLEVO PRECISION MACHINER,4 Ground Floor HARESH CHAMBER SAMUEL STREET VADGADI,,,,,CHINA,,Qingdao,NHAVA SHEVA SEA (INNSA1),84821090,LINEAR BALL BEARING SC25 UU LINEAR BALL BEARING,,1130.0,PCS,0.0,1968.1045,XX1QCT108N7ET,,
2025-04-09,印度,中国,INDO MIM LIMITED,SUZHOU BYT ELECTRONICS TECHNOLOGY LIMITED,"213/(539/A), STREET.NO.7, LANE.NO.2 HIMAYAT NAGAR, ",,,,,CHINA,,Shanghai,BANGALORE ACC (INBLR4),84828000,"LINEAR BEARINGS,RCAA-01315,104PCS(JIGS & FIXTURES PARTS) LINEAR BEARINGS,RCAA-01315,104PCS(JIGS & FIXTURES PARTS)",,104.0,NOS,0.0,1968.0721,TT0OEXH15SSFD,,
2025-02-21,俄罗斯,中国,KOMPANIYA AMG OOO,SHENZHEN YILE EQUIPMENT CO LTD,"111141, , Г.МОСКВА, УЛ.КУСКОВСКАЯ, Д.20А,ПОМ.XIIA КОМН. 114,",", , SHENZHEN,, NO.3714,DUHUIXUAN BUILDING,SHENNAN ROAD,FUTIAN DIS, .,",,,SHANDONG FORSUN CNC MACHINERY CO.LTD,China (CN),Russia,,,8482109008,BALL BEARINGS:LINEAR RAIL GUIDE ASSEMBLY IS A LINEAR BEARING AND CONSIST OF A BALL CARRIAGE AND A LINEAR RAIL GUIDE INTENDED FOR LINEAR MOVEMENT OF A ROLLER CARRIAGE ALONG IT:LINEAR GUIDE KIT,,2.0,PC,28.0,1966.69,,,FORSUN
2025-11-19,印度,中国,AMAFHH SONS,ZHEJIANG SIQIANG BEARING MANUFACTURE CO LTD,"2ND FLOOR, 71 NAGDEVI CROSS LANE,,  N/A","NO.97,XIANXIA ROAD,NANMING MOUNTAIN STREET, LIANDU ZONE,LISHUI CITY LI SHUI CITY, Zhejiang, CHINA CHINA",,,,China (CN),,Ningbo,NHAVA SHEVA SEA (INNSA1),84828000,LINEAR MOTION BEARINGS LMK25UU LINEAR MOTION BEARINGS LMK25UU,,1500.0,NOS,0.0,1965.0,,,
2025-01-13,印度,中国,NIDHI BEARINGS,DYNAMIC RICH INC LTD,"GROUND FLOOR, NO.139,,THAMBU CHETT  Y STREET ",,,,,CHINA,,Qingdao,Chennai  ,84828000,LINEAR MOTION BEARINGS-LM 20 UU LINEAR MOTION BEARINGS-LM 20 UU,,5000.0,NOS,0.0,1964.1657,O4MP9MGVZCVC0,,
2025-05-06,越南,中国,CÔNG TY TNHH POWERNICE SMARTECH VIỆT NAM,NINGBO PIONEER IMP &EXP CO LTD,"Lô số CN2-8, Khu công nghiệp Minh Quang-Phường Bạch Sam-Thị xã Mỹ Hào-Hưng Yên","398 BINHAI RD, BINHAI NEW AREA, ECONOMIC DEVELOPMENT ZONE, FENGHUA DISTRICT, NINGBO CITY, ZHEJIANG,CHINA, CN",,,,China,,,,84821000,"Vòng bi cầu rãnh sâu, P/N: MS1301-608RS-1,chất liệu bằng thép (có nắp nhựa chống bụi), dùng cho thiết bị truyền động tuyến tính, kích thước: phi 8*phi 22*7t. Mới 100%,Deep groove ball bearing, P/N: MS1301-608RS-1, steel material (with dustproof plastic cover), used for linear actuator, size: phi 8*phi 22*7t. 100% new",,14000.0,Pieces,0.0,1960.0,,,
2025-04-21,越南,中国台湾,CÔNG TY TNHH JADE M - TECH,CHUN LOUNG CO LTD,"Land plot number TT3-09, Land Stuck Area, Lien Mac Ward, Bac Tu Liem District, Hanoi City, Vietnam","NO.1, LANE 333, MINYI ST., FUAN VILLAGE, SIOUSHUEI TOWNSHIP, CHANGHUA COUNTY 50444, TAIWAN, TW",,,,Taiwan,,,,84821000,"Con trượt ARC20MN S V1N, bộ phận của thanh tuyến tính dẫn hướng, bằng thép, có ổ bi, phụ tùng máy gia công kim loại. NSX: CPC, mới 100%,ARC20MN S V1N slider, part of linear guide bar, steel, with ball bearing, metalworking machine spare part. Manufacturer: CPC, 100% new",,126.0,Pieces,0.0,1953.0,,,
2025-08-27,越南,中国台湾,CÔNG TY TNHH JADE M - TECH,CHUN LOUNG CO LTD,"Lot No. Tt3-09, Dat Ket Area, Lien Mac Ward, Bac Tu Liem District, Hanoi City, Vietnam","NO.1, LANE 333, MINYI ST., FUAN VILLAGE, SIOUSHUEI TOWNSHIP, CHANGHUA COUNTY 50444, TAIWAN, ",,,,China,,,,84821000,"Con trượt HGH15CA bộ phận của thanh tuyến tính dẫn hướng, bằng thép,có ổ bi, phụ tùng máy gia công kim loại. NSX: Wuxi J-Well, mới 100%,Slider HGH15CA parts of the linear guide, steel ball bearings, machine parts metal machining. MANUFACTURER: Wuxi J-Well, 100% new",,500.0,Pieces,0.0,1950.0,,,
2025-06-05,印度,中国香港,VEEKESY FOOTCARE INDIA PRIVATE LIMITED,GERBER SCIENTIFIC INTERNATIONAL LTD,"10,11   12, SIDCO INDUSTRIAL ESTATE MALUMICHAMPATTY, ",,,,,HONG KONG,,Dubai,COIMBATORE ACC (INCJB4),84821090,"SPARE PARTS FOR FOOTWEAR MACHINERY 59486001 BEARING, LINEAR,W/RODSPARE PARTS FOR FOOTWEAR MACHINERY",,2.0,NOS,0.0,1949.68,AP86PEXH3G3VP,,
2025-02-27,越南,中国,CÔNG TY TNHH THƯƠNG MẠI KHOA HỌC KỸ THUẬT VIỄN PHONG,GUANGXI PINGXIANG ZHONGYUE IMPORT AND EXPORT TRADE CO LTD,"Nguyen Quyen Street, Kha Le 2 Area, Vo Cuong Ward, Bac Ninh City, Bac Ninh Province, Vietnam.","NO.385, NANDA ROAD SANYILU, WAREHOUSE AND LOGISTICS CENTER, PINGXIANG CITY,GUANGXI, CHINA, CN",,,,China,,,,84821000,"Vòng bi tuyến tính KSO50-PP,chất liệu thép, kích thước phi75*100mm, giúp chuyển đổi chuyển động quay thành chuyển động tuyến tính. Mới 100%,Linear bearing KSO50-PP, steel material, size phi75*100mm, helps convert rotary motion into linear motion. 100% new",,10.0,Pieces,0.0,1937.0,,,
2025-01-22,印度,中国,AXIS TECHNOLOGIES,YIBOYUAN LINQING CITY PRECISION MACHINERY CO L,"207, ARIHANT TOWER, 2ND FLOOR,83 V. V .CHANDAN STREET, MUMBAI, ",,,,,CHINA,,Qingdao,NHAVA SHEVA SEA (INNSA1),84828000,LINEAR MOTION BEARINGS SC25UU LINEAR MOTION BEARINGS SC25UU,,1000.0,PCS,0.0,1934.7978,CUZSH4J6SO7S8,,
2025-09-08,越南,中国,CÔNG TY TNHH THIẾT BỊ CƠ ĐIỆN MINH THÀNH,HK TOMUU ACTUATOR TECHNOLOGY CO LIMITED,"Trang Due Residential Group (At Ngan Vu Company Limited), An Duong Ward, Hai Phong City, Vietnam","ROOM 1318-19, HOLLYWOOD PLAZA, 610 NATHAN ROAD, MONGKOK, KOWLOON, HONGKONG, ZZ",,,,China,,,,84821000,"TMA-MNA-U20G00086#&Ổ bi dùng cho hộp số động cơ của bộ truyền động tuyến tính, mới 100%,TMA-MNA-U20G00086#&amp;bearings for gearbox motor of the actuator, linear, 100% new",,8400.0,Pieces,0.0,1932.0,,,
2025-09-25,越南,中国,CÔNG TY TNHH THIẾT BỊ CƠ ĐIỆN MINH THÀNH,HK TOMUU ACTUATOR TECHNOLOGY CO LIMITED,"Trang Due Residential Group (At Ngan Vu Company Limited), An Duong Ward, Hai Phong City, Vietnam","ROOM 1318-19, HOLLYWOOD PLAZA, 610 NATHAN ROAD, MONGKOK, KOWLOON, HONGKONG, CN",,,,China,,,,84821000,"TMA-MNA-U20G00086#&Ổ bi dùng cho hộp số động cơ của bộ truyền động tuyến tính, mới 100%,TMA-MNA-U20G00086#&amp;bearings for gearbox motor of the actuator, linear, 100% new",,8400.0,Pieces,0.0,1932.0,,,
2025-11-06,越南,中国,CÔNG TY TNHH THIẾT BỊ CƠ ĐIỆN MINH THÀNH,HK TOMUU ACTUATOR TECHNOLOGY CO LIMITED,"Trang Due Residential Area (at Ngan Vu Co., Ltd.), An Duong Ward, Hai Phong City, Vietnam","ROOM 1318-19, HOLLYWOOD PLAZA, 610 NATHAN ROAD, MONGKOK, KOWLOON, HONGKONG, CN",,,,China,,,,84821000,"MNA-U20G00086#&Ổ bi dùng cho hộp số động cơ của bộ truyền động tuyến tính, mới 100%,MNA-U20G00086#&Bearing for motor gearbox of linear actuator, 100% new",,8400.0,Pieces,0.0,1932.0,,,
2025-03-04,印度,中国,DIVINE TRANSMISSION SYSTEMS,NINGBO LIMON ROBOTECH INT CO LTD,D-12 LAJPAT NAGAR-III  N/A,,,,,CHINA,,Nanjing,DELHI AIR CARGO ACC (INDEL4),84828000,KH3050PP LINEAR MOTION BEARING (FOR INDUSTRIAL USE) LINEAR MOTION BEARING,,1000.0,NOS,0.0,1924.4812,2FK1Q05H6RM55,,
2025-11-08,印度,中国,RHD ENTERPRISE,CIXI HUIBO IMPORT AND EXPORT CO LTD,"D-10, HIRAMANEK BAPTISTA ROAD, VILE PARLE WEST,MUMBAI null","ROOM 305 BUILDING NO.1 FENGZEWAN,ZH OUXIANG TOWN,CIXI CITY,ZHEJIANG,CHI NA CHINA",,,,China (CN),,Qingdao,NHAVA SHEVA SEA (INNSA1),84828000,LINEAR BEARING SC35 LINEAR BEARING SC35,,500.0,PCS,0.0,1923.27,,,
2025-04-03,越南,中国台湾,CÔNG TY TNHH JADE M - TECH,CHUN LOUNG CO LTD,"Land plot number TT3-09, Land Stuck Area, Lien Mac Ward, Bac Tu Liem District, Hanoi City, Vietnam","NO.1, LANE 333,MINYI ST, FUAN VILLAGE SIOUSHUEI  TOWNSHIP, CHANGHUA COUNTY 50444, TAIWAN, TW",,,,Taiwan,,,,84821000,"Con trượt ARC20FN S V0N, bộ phận của thanh tuyến tính dẫn hướng, bằng thép, có ổ bi,phụ tùng máy gia công kim loại. Nhãn hiệu:CPC,NSX: Chieftek Precision Co. Ltd. mới 100%,ARC20FN S V0N linear guide rail, steel, with ball bearing, metalworking machine spare parts. Brand: CPC, Manufacturer: Chieftek Precision Co. Ltd. 100% new",,120.0,Pieces,0.0,1920.0,,,
2025-10-06,印度,中国,ALPHA ELSEC DEFENCE & AEROSPACE SYSTEMS PRIVATE LIMITED,ALPHA KOD TECHNOLOGIES LTD,,"HAMELACHA 13 , P.O.B 11824 PARK AFEK INDUSTRIAL AREA ROSH HAAYINE ISRAEL 4809129 IL",,,,"Taiwan,China (TW)",,Tel Aviv-Yafo,BANGALORE ACC (INBLR4),84829119,"LINEAR GUIDES, BEARINGS, PART NO: AP-DE-16-011-01 OTHERS",,30.0,NOS,0.0,1916.06,,,
2025-03-03,俄罗斯,中国,ООО ЦЕНТР,LINQING BETTON BEARING CO LTD,"198097, ГОРОД, 198097, ГОРОД САНКТ-ПЕТЕРБУРГ, ПР-КТ СТАЧЕК, Д. 47 К. 2 ЛИТЕРА Ю,","252600, CITY, SHANDONG, YANDIAN INDUSTRY ZONE, LINQING CITY, YANDIAN INDUSTRY ZO",,,"LINQING BETTON BEARING CO., LIMITED",China (CN),Russia,,,8482500009,"CYLINDRICAL ROLLER BEARINGS WITH A MOUNTING FLANGE, A PART OF A LINEAR MOVEMENT SYSTEM WHICH IS DESIGNED TO MOVEMENT A TOOL, A WORKPIECE AND ASSOCIATED UNITS ALONG A GIVEN PATH WITH THE REQUIRED ACCURACY",,8.0,PC,111.52,1914.17,,,BETTON BEARING
2025-08-21,印度,中国,AMBICA IMPEX,ZHEJIANG SIQIANG BEARING MANUFACTURE CO LTD,N/A N/A,"NO.97,Xianxia Road.Nanming Mountain Street. Liandu Zone LISHUI, Zhejia ng, CHINA CHINA",,,,China (CN),,Shanghai,,84828000,LINEAR BEARING (LM50UU) LINEAR BEARING (LM50UU),,400.0,NOS,0.0,1904.83,,,
2025-01-21,印度,中国,V M TRADERS,SHANGHAI FENYUE INTERNATIONAL,"67, NAGDEVI STREET,  2ND FLOOR, ",,,,,CHINA,,Shanghai,NHAVA SHEVA SEA (INNSA1),84824000,TRACK ROLLER BEARING (MNB) MCYR15S LINEAR  BALL BEARINGS,,920.0,NOS,0.0,1901.3415,CGXM94FBE4HRU,,
2025-01-16,印度,中国,BHAVI IMPEX,AMLAND GLOBE HK ENTERPRISE LTD,"108,SHUBH SANDESH, 16,  HANSRAJ LANE, BYCULLA, ",,,,,CHINA,,Ningbo,NHAVA SHEVA SEA (INNSA1),84828000,"LINEAR BEARING BRAND-HL,ITEM NO.: SMA30LUU LINEAR BEARING",,100.0,NOS,0.0,1897.9637,57PN11IQ66I61,,
2025-09-23,印度,中国,NXV BEARINGS PRIVATE LIMITED,NINGBO HUAYI IMP & EXP CO LTD,77 G B ROAD 2ND FLOOR,"ROOM 12-7/8, HUAHONG INTERNATIONAL CENTER, NO717 ZHONGXING ROAD, JIANG DONG DISTRICT, NINGBO, CHINA CHINA",,,,China (CN),,Qingdao,,84828000,"SC35UU,  LINEAR BEARING,  U/WT.-  0.926  (FOR INDUSTRIAL USE)BEARING",,500.0,NOS,0.0,1896.12,,,
2025-02-18,俄罗斯,中国,ООО НОВАЯ ДИНАМИКА,SHANDONG CHIK BEARING CO LTD,"344029, РОСТОВСКАЯ ОБЛАСТЬ, Г.О. Г.РОСТОВ-НА-ДОНУ, УЛ МЕНЖИНСКОГО, 2А","250010, SHANDONG PILOT FREE TRADE ZONE, JINAN ZONE, 806 WEST #1 BUILDING, SHUNTA",,,"SHANDONG CHIK BEARING CO.,LTD",China (CN),Russia,,,8482109008,"BALL BEARINGS. ARE DESIGNED TO FIX A SHAFT IN SPACE AND ENSURE ITS FREE ROTATION, ROLLING OR LINEAR DISPLACEMENT. CONSISTS OF A RING MADE BY MECHANICAL PROCESSING OF A ROLLING WORKPIECE, A SET OF BALLS MADE",,400.0,PC,328.0,1892.63,,,ОТСУТСТВУЕТ
2025-05-23,越南,中国,CÔNG TY TNHH SẢN XUẤT VÀ THƯƠNG MẠI DULICO,NINGBO POWERNICE INTELLIGENT TECHNOLOGY CO LTD,"Lô A2, CN7 cụm công nghiệp Từ Liêm, Phường Phương Canh, Quận Nam Từ Liêm, Thành phố Hà Nội, Việt Nam","398 BINHAI RD, BINHAI NEW AREA, ECONOMIC DEVELOPMENT  ZONE, FENGHUA DISTRICT NINGBO CITY, ZHEJIANG PROVINCE CHINA, CN",,,,China,,,,84821000,"Vòng bi mắt cá, P/N: MN5307-007-1,chất liệu bằng niken mạ kẽm, dùng cho thiết bị truyền động tuyến tính, kích thước: phi 29.2*phi 41.5*25.4mm. Mới 100%,Fisheye bearing, P/N: MN5307-007-1, material is nickel plated zinc, used for linear actuator, size: phi 29.2*phi 41.5*25.4mm. 100% new",,2200.0,Pieces,0.0,1892.0,,,
2025-07-15,越南,中国,CÔNG TY TNHH SẢN XUẤT VÀ THƯƠNG MẠI DULICO,NINGBO POWERNICE INTELLIGENT TECHNOLOGY CO LTD,"Lot A2, Cn7 Tu Liem Industrial Park, Phuong Canh Ward, Nam Tu Liem District, Hanoi City, Vietnam","398 BINHAI RD, BINHAI NEW AREA, ECONOMIC DEVELOPMENT  ZONE, FENGHUA DISTRICT NINGBO CITY, ZHEJIANG PROVINCE CHINA, CN",,,,China,,,,84821000,"Vòng bi mắt cá, P/N: MN5307-007-1,chất liệu bằng niken mạ kẽm, dùng cho thiết bị truyền động tuyến tính, kích thước: phi 29.2*phi 41.5*25.4mm. Mới 100%,Fisheye bearing, P/N: MN5307-007-1, material is nickel plated zinc, used for linear actuator, size: phi 29.2*phi 41.5*25.4mm. 100% new",,2200.0,Pieces,0.0,1892.0,,,
2025-07-17,越南,中国,CÔNG TY TNHH SẢN XUẤT VÀ THƯƠNG MẠI DULICO,NINGBO POWERNICE INTELLIGENT TECHNOLOGY CO LTD,"Lot A2, Cn7 Tu Liem Industrial Park, Phuong Canh Ward, Nam Tu Liem District, Hanoi City, Vietnam","398 BINHAI RD, BINHAI NEW AREA, ECONOMIC DEVELOPMENT  ZONE, FENGHUA DISTRICT NINGBO CITY, ZHEJIANG PROVINCE CHINA, ZZ",,,,China,,,,84821000,"Vòng bi mắt cá, P/N: MN5307-007-1,chất liệu bằng niken mạ kẽm, dùng cho thiết bị truyền động tuyến tính, kích thước: phi 29.2*phi 41.5*25.4mm. Mới 100%,Fisheye bearing, P/N: MN5307-007-1, material is nickel plated zinc, used for linear actuator, size: phi 29.2*phi 41.5*25.4mm. 100% new",,2200.0,Pieces,0.0,1892.0,,,
2025-05-30,越南,中国,CÔNG TY TNHH SẢN XUẤT VÀ THƯƠNG MẠI DULICO,NINGBO POWERNICE INTELLIGENT TECHNOLOGY CO LTD,"Lô A2, CN7 cụm công nghiệp Từ Liêm, Phường Phương Canh, Quận Nam Từ Liêm, Thành phố Hà Nội, Việt Nam","398 BINHAI RD, BINHAI NEW AREA, ECONOMIC DEVELOPMENT  ZONE, FENGHUA DISTRICT NINGBO CITY, ZHEJIANG PROVINCE CHINA, CN",,,,China,,,,84821000,"Vòng bi mắt cá, P/N: MN5307-007-1,chất liệu bằng niken mạ kẽm, dùng cho thiết bị truyền động tuyến tính, kích thước: phi 29.2*phi 41.5*25.4mm. Mới 100%,Fisheye bearing, P/N: MN5307-007-1, material is nickel plated zinc, used for linear actuator, size: phi 29.2*phi 41.5*25.4mm. 100% new",,2200.0,Pieces,0.0,1892.0,,,
2025-02-16,印度,中国,KHS INNOVATION & ENGINEERING LLP,ZHEJIANG SIQIANG BEARING MANUFACTURE CO LTDA,"4A, KARIM BUILDING, 1ST FLOOR,142/  144, ABDUL REHMAN STREET ",,,,,CHINA,,Shanghai,NHAVA SHEVA SEA (INNSA1),84828000,LINEAR BEARING-LM 40UU KHS-LG LINEAR BEARING-LM 40UU KHS-LG,,1000.0,NOS,0.0,1889.5606,U5NWSLS36YLHN,,
2025-01-04,越南,中国,CÔNG TY TNHH XNK YOULI,PINGXIANG CHENGJIE IMP & EXP TRADE CO LTD,"3rd Floor, No. 126-128 Tran Vy, Mai Dich Ward, Cau Giay District, Hanoi City, Vietnam","12 FLOOR XINAN BUILDING, NO 9 YOU YI GUAN STREET, PINGXIANG CITY, GUANGXI CHINA, CN",,,,China,,,,84821000,"Vòng bi HIR1520C7, bằng thép, kt(39*48*50)mm,dùng trong hệ thống chuyển động tuyến tính, định hướng bao gồm ray trượt để tạo nên một thiết bị phụ trợ.mới 100%,Bearing HIR1520C7, steel, size (39*48*50)mm, used in linear motion systems, oriented including slide rails to create an auxiliary device. 100% new",,10.0,Pieces,0.0,1883.8,,,
2025-02-26,越南,中国台湾,CÔNG TY TNHH JADE M - TECH,CHUN LOUNG CO LTD,"Land Lot No. Tt3-09, Land Jam, Lien Mac Ward, Bac Tu Liem District, Hanoi City, Vietnam.","NO.1, LANE 333,MINYI ST, FUAN VILLAGE SIOUSHUEI  TOWNSHIP, CHANGHUA COUNTY 50444, TAIWAN, TW",,,,Taiwan,,,,84821000,"Con trượt HRC35ML S V1N, bộ phận của thanh tuyến tính dẫn hướng, bằng thép,có ổ bi, phụ tùng máy gia công kim loại. NSX: CPC, mới 100%,HRC35ML S V1N slider, part of linear guide bar, steel, with ball bearing, metalworking machine spare part. Manufacturer: CPC, 100% new",,50.0,Pieces,0.0,1874.0,,,
2025-11-14,越南,中国,CÔNG TY TNHH SẢN XUẤT VÀ THƯƠNG MẠI DULICO,NINGBO POWERNICE INTELLIGENT TECHNOLOGY CO LTD,"Lot A2, CN7 Tu Liem Industrial Cluster, Xuan Phuong Ward, Hanoi City, Vietnam","398 BINHAI RD, BINHAI NEW AREA, ECONOMIC DEVELOPMENT  ZONE, FENGHUA DISTRICT NINGBO CITY, ZHEJIANG PROVINCE CHINA, CN",,,,China,,,,84821000,"Vòng bi cầu rãnh sâu, P/N: MS1301-608RS-1,chất liệu bằng thép (có nắp nhựa chống bụi), dùng cho thiết bị truyền động tuyến tính, kích thước: phi 8*phi 22*7t. Mới 100%,Deep groove ball bearing, P/N: MS1301-608RS-1, made of steel (with plastic dust cover), used for linear motion devices, dimensions: Ø8*Ø22*7t. 100% brand new.",,14400.0,Pieces,0.0,1872.0,,,
2025-11-20,越南,中国,CÔNG TY TNHH SẢN XUẤT VÀ THƯƠNG MẠI DULICO,NINGBO POWERNICE INTELLIGENT TECHNOLOGY CO LTD,"Lot A2, CN7 Tu Liem Industrial Cluster, Xuan Phuong Ward, Hanoi City, Vietnam","398 BINHAI RD, BINHAI NEW AREA, ECONOMIC DEVELOPMENT  ZONE, FENGHUA DISTRICT NINGBO CITY, ZHEJIANG PROVINCE CHINA, CN",,,,China,,,,84821000,"Vòng bi cầu rãnh sâu, P/N: MS1301-608RS-1,chất liệu bằng thép (có nắp nhựa chống bụi), dùng cho thiết bị truyền động tuyến tính, kích thước: phi 8*phi 22*7t. Mới 100%,Deep groove ball bearing, P/N: MS1301-608RS-1, made of steel (with plastic dust cover), used for linear motion devices, dimensions: Ø8*Ø22*7t. 100% brand new.",,14400.0,Pieces,0.0,1872.0,,,
2025-10-17,印度,中国,BHAVI IMPEX,AMLAND GLOBE HK ENTERPRISE LTD,,"ROOM 811,BAILI BUSINESS CENTER,87-1 05, CHATHAM ROAD SOUTH,TSIM SHA TSU I,KOWLOON HONG KONG",,,,China (CN),,Ningbo,NHAVA SHEVA SEA (INNSA1),84828000,"LINEAR BEARING BRAND: HL, ITEM NO. KB12UU LINEAR BEARING",,2000.0,NOS,0.0,1868.3,,,
2025-08-14,印度,中国,INDUSTRIAL TOOLS AND BEARINGS CENTRE,HANGZHOU WELL PRECISION BEARING CO LTD,"191/286,Jodhpurwala Estate,Thambu Chetty Street,Mannady, Parrys,Chennai - 600001,Tamil Nadu,India, 600001 N/A","NO.101, BULIDING2, FEILING INDUSTRI #NAME? DISTRICT, HANGZHOU, ZHEJIANG CHINA",,,,China (CN),,Ningbo,,84828000,LINEAR BEARINGS-(SLIDE BLOCK)-R1653-714-20 LINEAR BEARINGS-(SLIDE BLOCK)-R1653-714-20,,30.0,NOS,0.0,1867.22,,,
2025-04-10,印度,中国,DIVINE TRANSMISSION SYSTEMS,NINGBO LIMON ROBOTECH INTERNATIONAL TRADING CO LTD,D-12 LAJPAT NAGAR-III  N/A,,,,,CHINA,,Ningbo,ICD PATPARGANJ,84821090,LINEAR MOTION BEARINGS LME60UU LINEAR MOTION BEARINGS KH3050PP,,200.0,NOS,0.0,1864.3654,7W7IOBUIOS8Z4,,
2025-07-05,印度,中国,KHS INNOVATION & ENGINEERING LLP,LISHUIJINZHENGBEARINGMANUFACTURE,"4A, KARIM BUILDING, 1ST FLOOR,142/  144, ABDUL REHMAN STREET ",,,,,CHINA,,Shanghai,NHAVA SHEVA SEA (INNSA1),84828000,LINEAR MOTION BEARINGS LMK20UU KHS-LG LINEAR BEARINGS,,2000.0,PCS,0.0,1861.9355,4A2G810XZMKMT,,
2025-02-27,越南,中国香港,CÔNG TY TNHH THIẾT BỊ CƠ ĐIỆN MINH THÀNH,HK TOMUU ACTUATOR TECHNOLOGY CO LIMITED,"Trang Due Village (At Ngan Vu Limited Liability Company), Le Loi Commune, An Duong District, Hai Phong, Vietnam","ROOM 1318-19, HOLLYWOOD PLAZA, 610 NATHAN ROAD, MONGKOK, KOWLOON, HONGKONG, HK",,,,China,,,,84821000,"TM14#& Ổ bi dùng cho hộp số động cơ của bộ truyền động tuyến tính, mới 100%,TM14#& Ball bearing for motor gearbox of linear actuator, 100% new",,2000.0,Pieces,0.0,1860.0,,,
2025-02-06,越南,中国香港,CÔNG TY TNHH THIẾT BỊ CƠ ĐIỆN MINH THÀNH,HK TOMUU ACTUATOR TECHNOLOGY CO LIMITED,"Trang Due Village (At Ngan Vu Limited Liability Company), Le Loi Commune, An Duong District, Hai Phong, Vietnam","ROOM 1318-19, HOLLYWOOD PLAZA, 610 NATHAN ROAD, MONGKOK, KOWLOON, HONGKONG, HK",,,,China,,,,84821000,"TM14#& Ổ bi dùng cho hộp số động cơ của bộ truyền động tuyến tính, mới 100%,TM14#& Ball bearing for motor gearbox of linear actuator, 100% new",,2000.0,Pieces,0.0,1860.0,,,
2025-09-11,印度,中国,PURI SALES CORPORATION,LINYI MOHIT TRADING CO LTD,"SHOP NO.5467-B,BEHIND 67  N/A","007F, D1 DISTRICT, 3RD FLOOR LINYI MALL ENGINEERING MARKET, LINYI CITY , SHANDONG PROVINCE, CHINA CHINA",,,,China (CN),,Qingdao,,84828000,"SC25UU,  LINEAR BEARING,  U/WT.-  0.23  (FOR INDUSTRIAL USE) BEARING",,1500.0,NOS,0.0,1860.0,,,
2025-09-26,印度,中国,KHS INNOVATION & ENGINEERING LLP,XI'AN SILVERSTONE MACHINERY INDUST,"4A, KARIM BUILDING, 1ST FLOOR,142/  144, ABDUL REHMAN STREET ","RY CO., LTD. ADD:19,5THHANGKONGR OAD,YANLIANG XI'AN,SHAANXI SDNF CHINA",,,,China (CN),,Shanghai,,84821090,LINEAR BALL BEARINGS LM25UU (BRAND - NIPPON) LINEAR BALL BEARINGS,,2000.0,PCS,0.0,1844.42,,,
2025-10-29,越南,中国,CÔNG TY TNHH WORLDON VIỆT NAM,NINGBO DAQIAN IMPORT EXPORT CO LTD,"Lot D1, Road D4, Dong Nam Industrial Park, Binh My Commune, Ho Chi Minh City","NO.66 HUANGSHAN ROAD, XINQI DEVELOPMENT ZONE, NINGBO CHINA, CN",,,,China,,,,84828000,"TSTD101300#&Cụm trượt bi tuyến tính, không thương hiệu, model 15BS, quy cách 62*47*15mm, mới 100%,TSTD101300#&amp;Phrases slide linear ball bearing, not the brand, model 15BS, size 62*47*15mm, 100% new",,80.0,Pieces,0.0,1841.6,,,
2025-11-07,印度,中国,AGARWAL INDUSTRIES,CHANGZHOU FOLEVO PRECISION MACHINER,4 Ground Floor HARESH CHAMBER SAMUEL STREET VADGADI,"Y CO., LTD NO. 288, XIAXI WEST ROAD , JIAZE TOWN, WUJIN DISTRICT, CHANG ZHOU CITY, JIANGSU CHINA",,,,China (CN),,Qingdao,NHAVA SHEVA SEA (INNSA1),84821090,LINEAR BALL BEARING SC25 LUU LINEAR BALL BEARING,,500.0,PCS,0.0,1836.78,,,
2025-07-01,印度,中国台湾,SATTIK PACKAGING PRIVATE LIMITED,MING WEI PAPERWARE MACHINERY CO LTD,"27, UDAYRAJPUR, JESSORE ROAD,,MADH  YAMGRAM ",,,,,TAIWAN,,TAIPEI,KOLKATA ACC (INCCU4),84825000,P/N:122-214XX013A LINEAR BEARING (HGW25HAZAC) DETAILS AS PERINVOICEBEARING,,10.0,NOS,0.0,1831.5842,PAUBZQMXANBGL,,
2025-06-04,越南,中国,CÔNG TY TNHH SẢN XUẤT VÀ THƯƠNG MẠI DULICO,NINGBO POWERNICE INTELLIGENT TECHNOLOGY CO LTD,"Lot A2, Cn7 Tu Liem Industrial Park, Phuong Canh Ward, Nam Tu Liem District, Hanoi City, Vietnam","398 BINHAI RD, BINHAI NEW AREA, ECONOMIC DEVELOPMENT  ZONE, FENGHUA DISTRICT NINGBO CITY, ZHEJIANG PROVINCE CHINA, CN",,,,China,,,,84821000,"Vòng bi mắt cá, P/N: MN5307-007-1,chất liệu bằng niken mạ kẽm, dùng cho thiết bị truyền động tuyến tính, kích thước: phi 29.2*phi 41.5*25.4mm. Mới 100%,Fisheye bearing, P/N: MN5307-007-1, material is nickel plated zinc, used for linear actuator, size: phi 29.2*phi 41.5*25.4mm. 100% new",,2128.0,Pieces,0.0,1830.08,,,
2025-08-01,越南,中国,CÔNG TY TNHH SẢN XUẤT VÀ THƯƠNG MẠI DULICO,NINGBO POWERNICE INTELLIGENT TECHNOLOGY CO LTD,"Lot A2, Cn7 Tu Liem Industrial Cluster, Phuong Canh Ward, Nam Tu Liem District, Hanoi City, Vietnam","398 BINHAI RD, BINHAI NEW AREA, ECONOMIC DEVELOPMENT  ZONE, FENGHUA DISTRICT NINGBO CITY, ZHEJIANG PROVINCE CHINA, CN",,,,China,,,,84821000,"Vòng bi cầu rãnh sâu, P/N: MS1301-608RS-1,chất liệu bằng thép (có nắp nhựa chống bụi), dùng cho hộp số của thiết bị truyền động tuyến tính, kích thước: phi 8*phi 22*7t. Mới 100%,Deep groove ball bearings, P/N: MS1301-608RS-1,material stainless steel (lid dust-proof plastic), used for transmission of actuator linear, size: 8*22mm*7t. New 100%",,14000.0,Pieces,0.0,1820.0,,,
2025-07-17,越南,中国,CÔNG TY TNHH SẢN XUẤT VÀ THƯƠNG MẠI DULICO,NINGBO POWERNICE INTELLIGENT TECHNOLOGY CO LTD,"Lot A2, Cn7 Tu Liem Industrial Park, Phuong Canh Ward, Nam Tu Liem District, Hanoi City, Vietnam","398 BINHAI RD, BINHAI NEW AREA, ECONOMIC DEVELOPMENT  ZONE, FENGHUA DISTRICT NINGBO CITY, ZHEJIANG PROVINCE CHINA, ZZ",,,,China,,,,84821000,"Vòng bi cầu rãnh sâu, P/N: MS1301-608RS-1,chất liệu bằng thép (có nắp nhựa chống bụi), dùng cho thiết bị truyền động tuyến tính, kích thước: phi 8*phi 22*7t. Mới 100%,Deep groove ball bearing, P/N: MS1301-608RS-1, steel material (with dustproof plastic cover), used for linear actuator, size: phi 8*phi 22*7t. 100% new",,14000.0,Pieces,0.0,1820.0,,,
2025-07-21,越南,中国,CÔNG TY TNHH SẢN XUẤT VÀ THƯƠNG MẠI DULICO,NINGBO POWERNICE INTELLIGENT TECHNOLOGY CO LTD,"Lot A2, Cn7 Tu Liem Industrial Park, Phuong Canh Ward, Nam Tu Liem District, Hanoi City, Vietnam","398 BINHAI RD, BINHAI NEW AREA, ECONOMIC DEVELOPMENT  ZONE, FENGHUA DISTRICT NINGBO CITY, ZHEJIANG PROVINCE CHINA, ZZ",,,,China,,,,84821000,"Vòng bi cầu rãnh sâu, P/N: MS1301-608RS-1,chất liệu bằng thép (có nắp nhựa chống bụi), dùng cho thiết bị truyền động tuyến tính, kích thước: phi 8*phi 22*7t. Mới 100%,Deep groove ball bearing, P/N: MS1301-608RS-1, steel material (with dustproof plastic cover), used for linear actuator, size: phi 8*phi 22*7t. 100% new",,14000.0,Pieces,0.0,1820.0,,,
2025-07-15,越南,中国,CÔNG TY TNHH SẢN XUẤT VÀ THƯƠNG MẠI DULICO,NINGBO POWERNICE INTELLIGENT TECHNOLOGY CO LTD,"Lot A2, Cn7 Tu Liem Industrial Park, Phuong Canh Ward, Nam Tu Liem District, Hanoi City, Vietnam","398 BINHAI RD, BINHAI NEW AREA, ECONOMIC DEVELOPMENT  ZONE, FENGHUA DISTRICT NINGBO CITY, ZHEJIANG PROVINCE CHINA, CN",,,,China,,,,84821000,"Vòng bi cầu rãnh sâu, P/N: MS1301-608RS-1,chất liệu bằng thép (có nắp nhựa chống bụi), dùng cho thiết bị truyền động tuyến tính, kích thước: phi 8*phi 22*7t. Mới 100%,Deep groove ball bearing, P/N: MS1301-608RS-1, steel material (with dustproof plastic cover), used for linear actuator, size: phi 8*phi 22*7t. 100% new",,14000.0,Pieces,0.0,1820.0,,,
2025-05-07,印度,中国,KHS INNOVATION & ENGINEERING LLP,ZHEJIANG SIQIANG BEARING MANUFACTUR,"4A, KARIM BUILDING, 1ST FLOOR,142/  144, ABDUL REHMAN STREET ",,,,,CHINA,,Shanghai,NHAVA SHEVA SEA (INNSA1),84828000,LINEAR MOTION BEARINGS SC50UU (BRAND - KHS LG) LINEAR MOTION BEARINGS,,150.0,PCS,0.0,1818.0,Q8MNXZXFQ41NW,,
2025-07-12,印度,中国台湾,SHREE ASSOCIATES AND COMPANY,HIWIN TECHNOLOGIES CORP,N/A N/A,,,,,TAIWAN,,TAIPEI,BANGALORE ACC (INBLR4),84828000,HIWIN LINEAR BEARING CRBD 090 25 A NN C8 P5(B2500EU-01) (F00EU1)(AD201GY1 20250402)HIWIN LINEAR BEARING,,9.0,NOS,0.0,1817.5254,VVQF9674HSJNG,,
2025-08-04,越南,中国,CÔNG TY TNHH SẢN XUẤT VÀ THƯƠNG MẠI DULICO,NINGBO POWERNICE INTELLIGENT TECHNOLOGY CO LTD,"Lot A2, Cn7 Tu Liem Industrial Cluster, Phuong Canh Ward, Nam Tu Liem District, Hanoi City, Vietnam","398 BINHAI RD, BINHAI NEW AREA, ECONOMIC DEVELOPMENT  ZONE, FENGHUA DISTRICT NINGBO CITY, ZHEJIANG PROVINCE CHINA, CN",,,,China,,,,84821000,"Vòng bi mắt cá, P/N: MN5307-007-1,chất liệu bằng niken mạ kẽm, dùng cho hộp số của thiết bị truyền động tuyến tính, kích thước: phi 29.2*phi 41.5*25.4mm. Mới 100%,Bearings fish-eye, P/N: MN5307-007-1,material nickel plated zinc, used for transmission of actuator linear, size: non-29.2*africa 41.5*25.4 mm. New 100%",,2110.0,Pieces,0.0,1814.6,,,
2025-01-16,印度,中国,BHAVI IMPEX,AMLAND GLOBE HK ENTERPRISE LTD,"108,SHUBH SANDESH, 16,  HANSRAJ LANE, BYCULLA, ",,,,,CHINA,,Ningbo,NHAVA SHEVA SEA (INNSA1),84828000,"LINEAR BEARING BRAND-HL,ITEM NO.: LM40OPUU LINEAR BEARING",,190.0,NOS,0.0,1812.6055,57PN11IQ66I61,,
2025-02-26,越南,中国台湾,CÔNG TY TNHH JADE M - TECH,CHUN LOUNG CO LTD,"Land Lot No. Tt3-09, Land Jam, Lien Mac Ward, Bac Tu Liem District, Hanoi City, Vietnam.","NO.1, LANE 333,MINYI ST, FUAN VILLAGE SIOUSHUEI  TOWNSHIP, CHANGHUA COUNTY 50444, TAIWAN, TW",,,,Taiwan,,,,84821000,"Con trượt HRC20MN S V0N, bộ phận của thanh tuyến tính dẫn hướng, bằng thép, có bổ bi, phụ tùng máy gia công kim loại. NSX: CPC, mới 100%,HRC20MN S V0N slider, part of linear guide bar, steel, with ball bearing, metalworking machine spare part. Manufacturer: CPC, 100% new",,100.0,Pieces,0.0,1805.0,,,
2025-09-18,乌兹别克斯坦,中国,ИП ООО INTERNATIONAL BEVERAGES TASHKENT,CHANGSHU KETTO MACHINERY BUSINESS DEPARTMENT,"г.Ташкент, Сергелийский р-н,ул.Кум-Арык, 7 пр., Кумарик МСГ,д.3а",NO.4219-225 FOURTH FLOOR HARDWARE MARKET CHANGSHU JIANGSU,,,,China,,,,8482800009,"1. Линейный подшипник/Linear bearing, артикуль.№: 0902163117 - кол. 6 шт, вес: 6,39 кг
2. часть места
8. 000
11. 02",,6.0,шт,6.39,1800.0,,,KETTO
2025-02-26,越南,中国台湾,CÔNG TY TNHH JADE M - TECH,CHUN LOUNG CO LTD,"Land Lot No. Tt3-09, Land Jam, Lien Mac Ward, Bac Tu Liem District, Hanoi City, Vietnam.","NO.1, LANE 333,MINYI ST, FUAN VILLAGE SIOUSHUEI  TOWNSHIP, CHANGHUA COUNTY 50444, TAIWAN, TW",,,,Taiwan,,,,84821000,"Con trượt MR12WN SU VCN, bộ phận của thanh tuyến tính dẫn hướng, bằng thép,có ổ bi,phụ tùng máy gia công kim loại. NSX: CPC, mới 100%,MR12WN SU VCN slider, part of linear guide bar, steel, with ball bearing, metalworking machine spare part. Manufacturer: CPC, 100% new",,200.0,Pieces,0.0,1800.0,,,
2025-05-30,印度,中国,AMAFHH SONS,ZHEJIANG SIQIANG BEARING MANUFACTURE CO LTD,"2ND FLOOR, 71 NAGDEVI CROSS LANE,,  N/A",,,,,CHINA,,Ningbo,NHAVA SHEVA SEA (INNSA1),84828000,LINEAR MOTION BEARINGS LMK20UU LINEAR MOTION BEARINGS LMK20UU,,2000.0,PCS,0.0,1796.9441,0LAHS2H9JC2RX,,
2025-03-10,印度,中国,AGARWAL INDUSTRIES,QINGDAO SHIYA IMPORT AND EXPORT CO,4 Ground Floor HARESH CHAMBER SAMUEL STREET VADGADI,,,,,CHINA,,Qingdao,NHAVA SHEVA SEA (INNSA1),84821090,LINEAR BALL BEARING SC25LUU LINEAR BALL BEARING,,500.0,NOS,0.0,1792.8551,WR2ROUSHLUCH0,,
2025-11-03,印度,中国,PREMIER ENERGIES INTERNATIONAL PRIVATE LIMITED,CHANGZHOU CHENNAI NEW ENERGY CO LTD,5th Floor southern park D-II saket place saket,"ADD: 21-1 NO.132 GUANGYUAN ROAD ZOUQU, ZHONGLOU DISTRICT, CHANGZHOU CITY,CHINA CN",,,,China (CN),,WUHAN,HYDERABAD ACC (INHYD4),84821090,SPARE PARTS FOR SOLAR CELL LINE MANUFACTURING MACHINE (LINEAR GUIDE BEARING THK SHS30)(H-NBR)SPARE PARTS FOR SOLAR CELL LINE MANUFACTURING MACHINE,,10.0,NOS,0.0,1786.8,,,
2025-12-04,印度,中国,KNOWELL INTERNATIONAL PRIVATE LIMITED,RHB PRECISION MACHINERY CO LTD,"20, NETAJI SUBHAS ROAD,  N/A","NO. 20-6, 37 BAIZHANG EAST ROAD, YI NZHOU, NINGBO P.R. CHINA ., , CHINA SDNF CHINA",,,,China (CN),,Shanghai,Kolkata,84828000,LINEAR MOTION GLIDING BEARINGS NO - PHS 16 (BRAND - KHK) LINEAR MOTION GLIDING BEARINGS NO - PHS 16 (BRAND - KHK),,1056.0,PCS,0.0,1780.01,,,
2025-09-18,印度,中国,DIVINE TRANSMISSION SYSTEMS,NINGBO LIMON ROBOTECH INTERNATIONAL TRADING CO LTD,D-12 LAJPAT NAGAR-III  N/A,"D8, D9, LANE 215 QINGYI ROAD HIGH-TECH ZONE NINGBO ZHEJIANG, CHINA",,,,China (CN),,Shekou,,84821090,LINEAR MOTION BEARINGS :- LMF50LUU LINEAR MOTION BEARINGS :- LM50UU,,100.0,NOS,0.0,1767.67,,,
2025-05-22,孟加拉国,中国,JT INTERNATIONAL BANGLADESH LIMITED,LEES TRADING KUNMING CO LTD,changed from United Dhaka Tobacco,CHINA,,,,CN,,,,84821000,PILLOW BLOCK LINEAR BALL BEARING,,0.0,,12.48,1759.42,,,
2025-05-18,印度,中国,AGARWAL INDUSTRIES,CHANGZHOU FOLEVO PRECISION MACHINER,4 Ground Floor HARESH CHAMBER SAMUEL STREET VADGADI,,,,,CHINA,,Qingdao,NHAVA SHEVA SEA (INNSA1),84821090,LINEAR BALL BEARING SC25 UU LINEAR BALL BEARING,,1000.0,NOS,0.0,1758.7745,7I38VF3QR2DUN,,
2025-02-20,印度,中国,SYSCOM AUTOMATION,LISHUI GREENLEAF AUTOMATIC TECHNOLOY CO LTD,"8/24, MUNICIPAL COLONY,PARK SITE, VIKHROLI WEST ,",,,,,CHINA,,Ningbo,NHAVA SHEVA SEA (INNSA1),84828000,LINEAR BEARING LM20UUH (440 KGS) LINEAR BEARING LM20UUH (440 KGS),,5000.0,NOS,0.0,1748.0038,DTZY6YQ9GVIWO,,
2025-12-08,印度,中国,BHAVI IMPEX,AMLAND GLOBE HK ENTERPRISE LTD,"108,SHUBH SANDESH, 16,  HANSRAJ LANE, BYCULLA, ","ROOM 811,BAILI BUSINESS CENTER,87-1 05, CHATHAM ROAD SOUTH,TSIM SHA TSU I,KOWLOON HONG KONG",,,,China (CN),,Ningbo,NHAVA SHEVA SEA (INNSA1),84828000,"LINEAR BEARING BRAND-HL,ITEM NO.LMST30LGAUU LINEAR BEARING",,24.0,NOS,0.0,1747.2,,,
2025-12-08,印度,中国,BHAVI IMPEX,AMLAND GLOBE HK ENTERPRISE LTD,"108,SHUBH SANDESH, 16,  HANSRAJ LANE, BYCULLA, ","ROOM 811,BAILI BUSINESS CENTER,87-1 05, CHATHAM ROAD SOUTH,TSIM SHA TSU I,KOWLOON HONG KONG",,,,China (CN),,Ningbo,NHAVA SHEVA SEA (INNSA1),84828000,"LINEAR BEARING BRAND-9KBC,ITEM NO.LM16UU LINEAR BEARING",,3750.0,NOS,0.0,1743.75,,,
2025-06-05,印度,中国,SGS TRADE IMPEX,LINYI GUANDING IMPORT AND EXPORT CO LTD,"11, NARAYAN DHURU X LANE,  4TH FLOOR, ",,,,,CHINA,,Qingdao,NHAVA SHEVA SEA (INNSA1),84828000,LINEAR MOTION BEARINGS SC 25 UU LINEAR MOTION BEARINGS SC 25 UU,,1000.0,PCS,0.0,1742.0689,ETASG1ICJ3CZ5,,
2025-11-19,印度,中国,AMAFHH SONS,ZHEJIANG SIQIANG BEARING MANUFACTURE CO LTD,"2ND FLOOR, 71 NAGDEVI CROSS LANE,,  N/A","NO.97,XIANXIA ROAD,NANMING MOUNTAIN STREET, LIANDU ZONE,LISHUI CITY LI SHUI CITY, Zhejiang, CHINA CHINA",,,,China (CN),,Ningbo,NHAVA SHEVA SEA (INNSA1),84828000,LINEAR MOTION BEARINGS SCS40UU LINEAR MOTION BEARINGS SCS40UU,,300.0,NOS,0.0,1737.0,,,
2025-05-19,越南,中国,CÔNG TY TNHH MISUMI VIỆT NAM,MISUMI CHINA PRECISION MACHINERY TRADING CO LTD,"Lô số 15, đường TS11, khu công nghiệp Tiên Sơn, Xã Hoàn Sơn. Huyện Tiên Du, Bắc Ninh","NO.1058 DILING RD, FENGXIAN DIST, SHANGHAI, CHINA, CN",,,,China,,,,84828000,"Thanh trượt tuyến tính có ổ bi (bằng thép, dài 500mm), hàng mới 100%, nhãn hiệu: MISUMI, code: E-SMLG9-500-B2,Linear slide with ball bearing (steel, length 500mm), 100% new, brand: MISUMI, code: E-SMLG9-500-B2",,116.0,Pieces,0.0,1736.4922,,,
2025-10-09,越南,中国,CÔNG TY TNHH JADE M - TECH,WUXI J WELL IMPORT AND EXPORT TRADING CO LTD,"Land Lot No. Tt3-09, Land Jam, Thuong Cat Ward, Hanoi City, Vietnam","YANGSHI CHUXIN INDUSTRIAL PARK, LUOSHE TOWN, HUISHAN DISTRICT, WUXI CITY, CN",,,,China,,,,84821000,"Con trượt EGH15CA bộ phận của thanh tuyến tính dẫn hướng, bằng thép,có ổ bi,không hiệu, phụ tùng máy gia công kim loại. NSX: Wuxi J-Well, mới 100%,Slider EGH15CA parts of the linear guide, steel ball bearing,non-performance, machine parts metal machining. MANUFACTURER: Wuxi J-Well, 100% new",,500.0,Pieces,0.0,1730.0,,,
2025-02-20,印度,中国香港,BHAVI IMPEX,AMLAND GLOBE HK ENTERPRISE LTD,"108,SHUBH SANDESH, 16,  HANSRAJ LANE, BYCULLA, ",,,,,HONG KONG,,Ningbo,NHAVA SHEVA SEA (INNSA1),84828000,"LINEAR BEARING BRAND:HL ,ITEM NO.LMT20LUU LINEAR BEARING",,200.0,NOS,0.0,1727.0178,U6066D9M8DSTU,,
2025-06-30,印度,中国,MAHAVIR SALES CORPORATION,YIWU ZHITONG E COMMERCE FIRM,"128,NARAYAN DHURU STREET,MICRO  HOUSE,4TH FL ",,,,,CHINA,,Ningbo,NHAVA SHEVA SEA (INNSA1),84828000,LINEAR MOTION BEARINGS SCS 25 UU LINEAR MOTION BEARINGS SCS 25 UU,,800.0,PCS,0.0,1720.7274,T7FO7SFY9XVX3,,
2025-01-15,越南,中国,CÔNG TY TNHH THIẾT BỊ CƠ ĐIỆN MINH THÀNH,HK TOMUU ACTUATOR TECHNOLOGY CO LIMITED,"Trang Due Village (At Ngan Vu Limited Liability Company), Le Loi Commune, An Duong District, Hai Phong, Vietnam","ROOM 1318-19, HOLLYWOOD PLAZA, 610 NATHAN ROAD, MONGKOK, KOWLOON, HONGKONG, HK",,,,China,,,,84821000,"TM14#& Ổ bi dùng cho hộp số động cơ của bộ truyền động tuyến tính, mới 100%,TM14#& Ball bearing for motor gearbox of linear actuator, 100% new",,1719.0,Pieces,0.0,1719.0,,,
2025-05-30,越南,中国,CÔNG TY TNHH SẢN XUẤT VÀ THƯƠNG MẠI DULICO,NINGBO POWERNICE INTELLIGENT TECHNOLOGY CO LTD,"Lô A2, CN7 cụm công nghiệp Từ Liêm, Phường Phương Canh, Quận Nam Từ Liêm, Thành phố Hà Nội, Việt Nam","398 BINHAI RD, BINHAI NEW AREA, ECONOMIC DEVELOPMENT  ZONE, FENGHUA DISTRICT NINGBO CITY, ZHEJIANG PROVINCE CHINA, CN",,,,China,,,,84821000,"Vòng bi cầu rãnh sâu, P/N: MS1301-608RS-1,chất liệu bằng thép (có nắp nhựa chống bụi), dùng cho thiết bị truyền động tuyến tính, kích thước: phi 8*phi 22*7t. Mới 100%,Deep groove ball bearing, P/N: MS1301-608RS-1, steel material (with dustproof plastic cover), used for linear actuator, size: phi 8*phi 22*7t. 100% new",,13200.0,Pieces,0.0,1716.0,,,
2025-05-23,越南,中国,CÔNG TY TNHH SẢN XUẤT VÀ THƯƠNG MẠI DULICO,NINGBO POWERNICE INTELLIGENT TECHNOLOGY CO LTD,"Lô A2, CN7 cụm công nghiệp Từ Liêm, Phường Phương Canh, Quận Nam Từ Liêm, Thành phố Hà Nội, Việt Nam","398 BINHAI RD, BINHAI NEW AREA, ECONOMIC DEVELOPMENT  ZONE, FENGHUA DISTRICT NINGBO CITY, ZHEJIANG PROVINCE CHINA, CN",,,,China,,,,84821000,"Vòng bi cầu rãnh sâu, P/N: MS1301-608RS-1,chất liệu bằng thép (có nắp nhựa chống bụi), dùng cho thiết bị truyền động tuyến tính, kích thước: phi 8*phi 22*7t. Mới 100%,Deep groove ball bearing, P/N: MS1301-608RS-1, steel material (with dustproof plastic cover), used for linear actuator, size: phi 8*phi 22*7t. 100% new",,13200.0,Pieces,0.0,1716.0,,,
2025-02-14,印度,中国,RELIANCE TOOLS AND BEARING STORES,ZHEJIANG SIQIANG BEARING MANUFACTURE CO LTD,"GRD FLR, 163, MUTTON  STREET, ",,,,,CHINA,,Ningbo,NHAVA SHEVA SEA (INNSA1),84828000,LINEAR BEARING BLOCK SC40UU LINEAR BEARING BLOCK SC40UU,,276.0,PCS,0.0,1714.7484,LEHHKMP5GYLNX,,
2025-05-26,越南,中国,CÔNG TY TNHH THƯƠNG MẠI H C E,SAAB BEARING TECHNOLOGY CO LIMITED,"Số 4, Đường 20, Phường An Phú, Thành phố Thủ Đức, Thành phố Hồ Chí Minh","NO.31, AREA C, BEARING MARKET, YANDIAN TOWN, LINQING, SHANDONG PROVINCE, CHINA, CN",,,,China,,,,84821000,"Ổ bi tuyến tính ( bạc đạn dùng lăn trên thanh ray), Hiệu: REXROTH, Mã hàng: R162221420, hàng mới 100%.,Linear ball bearing (rolling bearing on rail), Brand: REXROTH, Item code: R162221420, 100% new.",,40.0,Pieces,0.0,1710.0,,,
2025-05-19,印度,中国,AMAFHH SONS,ZHEJIANG WELL BEARING INDUSTRIAL CO LTD,"2ND FLOOR, 71 NAGDEVI CROSS LANE,,  N/A",,,,,CHINA,,Shanghai,NHAVA SHEVA SEA (INNSA1),84828000,LINEAR MOTION BEARINGS LM16LUU LINEAR MOTION BEARINGS LM16LUU,,2000.0,PCS,0.0,1703.649,BWRWSJZNO1SK1,,
2025-11-17,越南,中国台湾,CÔNG TY TNHH JADE M - TECH,CHUN LOUNG CO LTD,"Plot No. TT3-09, Land Plot Area, Lien Mac Ward, Bac Tu Liem District, Hanoi City, Vietnam.","NO.1, LANE 333, MINYI ST., FUAN VILLAGE, SIOUSHUEI TOWNSHIP, CHANGHUA COUNTY 50444, TAIWAN, TW",,,,Taiwan,,,,84821000,"Con trượt ARC20FN S V0N, bộ phận của thanh tuyến tính dẫn hướng, bằng thép, có ổ bi, phụ tùng máy gia công kim loại. NSX: CPC, mới 100%,ARC20FN S V0N linear slide, part of a linear guide rail, made of steel, with ball bearings, metalworking machine parts. Manufacturer: CPC, 100% new.",,100.0,Pieces,0.0,1700.0,,,
2025-10-17,印度,中国,FLURO ENGINEERING PRIVATE LIMITED,HIWIN TECHNOLOGIES CORP,,"NO.7, JINGKE ROAD, NANTUN DISTRICT, TAICHUNG 40852,TAIWAN SDNF TAIWAN",,,,"Taiwan,China (TW)",,Taiyuan,SAHAR AIR CARGO ACC (INBOM4),84821011,HIWIN LINEAR BEARING: BK 30 C5(B250125-01)(F01251)(ADA10182FEPL/Stock-31/3107/2025/ENP)HIWIN LINEAR GUIDEWAYS: MGN 12C Z0CM(G250B7D-01)(F0B7D1)(A70,,22.0,NOS,0.0,1699.6,,,
2025-06-11,印度,中国,TECHNOMET ENTERPRISES PUNE,ZHEJIANG JINGJIU BEARINGS INDUSTRIAL CO LTD,"SHOP NO-102,103 & 104 VARAD VINAYAK COMPLEX S.NO-26/1 AT NARHE TAL-HAVELI PUNE",,,,,CHINA,,Shanghai,NHAVA SHEVA SEA (INNSA1),84829900,"TFC50-4000L, Shaft (Linear Shaft) (Bearing Parts) TFC50-4000L, Shaft (Linear Shaft)",,27.0,PCS,0.0,1692.2304,EJH3TW211D2ZA,,
2025-02-20,印度,中国,SYSCOM AUTOMATION,LISHUI GREENLEAF AUTOMATIC TECHNOLOY CO LTD,"8/24, MUNICIPAL COLONY,PARK SITE, VIKHROLI WEST ,",,,,,CHINA,,Ningbo,NHAVA SHEVA SEA (INNSA1),84828000,LINEAR BEARING HFL2026 (80 KGS) LINEAR BEARING HFL2026 (80 KGS),,3000.0,NOS,0.0,1684.44,DTZY6YQ9GVIWO,,
2025-05-18,印度,中国,MEET ENTERPRISE,LISHUI YUXUAN AUTOMATION MANUFACTURING CO LTD,"215 2nd Floor Murli Manohar Market, Opp. Hari Om A.C. Market, Revdi Bazzar Cross Road, Kalupur,",,,,,CHINA,,Shanghai,AHEMDABAD ICD (INSBI6),84828000,LINEAR BEARINGS LINEAR BEARINGS,,850.0,NOS,0.0,1684.1692,X7FE22ZRUTNDQ,,
2025-09-26,印度,中国,KHS INNOVATION & ENGINEERING LLP,XI'AN SILVERSTONE MACHINERY INDUST,"4A, KARIM BUILDING, 1ST FLOOR,142/  144, ABDUL REHMAN STREET ","RY CO., LTD. ADD:19,5THHANGKONGR OAD,YANLIANG XI'AN,SHAANXI SDNF CHINA",,,,China (CN),,Shanghai,,84821090,LINEAR BALL BEARINGS LM20UU (BRAND - NIPPON) LINEAR BALL BEARINGS,,3000.0,PCS,0.0,1684.04,,,
2025-07-09,印度,中国,KHS INNOVATION & ENGINEERING LLP,ZHEJIANG SIQIANG BEARING MANUFACTUR,"4A, KARIM BUILDING, 1ST FLOOR,142/  144, ABDUL REHMAN STREET ",,,,,CHINA,,Shanghai,NHAVA SHEVA SEA (INNSA1),84828000,LINEAR MOTION BEARINGS LM20UU KHS-LG LINEAR BEARINGS,,4000.0,PCS,0.0,1681.7482,ZZJGP1M2HQBY3,,
2025-02-26,越南,中国台湾,CÔNG TY TNHH JADE M - TECH,CHUN LOUNG CO LTD,"Land Lot No. Tt3-09, Land Jam, Lien Mac Ward, Bac Tu Liem District, Hanoi City, Vietnam.","NO.1, LANE 333,MINYI ST, FUAN VILLAGE SIOUSHUEI  TOWNSHIP, CHANGHUA COUNTY 50444, TAIWAN, TW",,,,Taiwan,,,,84821000,"Con trượt HRC30FL S V0N, bộ phận của thanh tuyến tính dẫn hướng, bằng thép, có bổ bi, phụ tùng máy gia công kim loại. NSX: CPC, mới 100%,HRC30FL S V0N linear guide rail, steel, with ball bearing, metalworking machine spare part. Manufacturer: CPC, 100% new",,50.0,Pieces,0.0,1675.0,,,
2025-08-27,越南,中国台湾,CÔNG TY TNHH JADE M - TECH,CHUN LOUNG CO LTD,"Lot No. Tt3-09, Dat Ket Area, Lien Mac Ward, Bac Tu Liem District, Hanoi City, Vietnam","NO.1, LANE 333, MINYI ST., FUAN VILLAGE, SIOUSHUEI TOWNSHIP, CHANGHUA COUNTY 50444, TAIWAN, ",,,,Taiwan,,,,84821000,"Con trượt ARC20MN S V1N, bộ phận của thanh tuyến tính dẫn hướng, bằng thép, có ổ bi, phụ tùng máy gia công kim loại. NSX: CPC, mới 100%,Slider ARC20MN S V1N, parts of the linear guide, steel ball bearings, machine parts metal machining. MANUFACTURER: CPC, 100% new",,108.0,Pieces,0.0,1674.0,,,
2025-02-20,印度,中国香港,BHAVI IMPEX,AMLAND GLOBE HK ENTERPRISE LTD,"108,SHUBH SANDESH, 16,  HANSRAJ LANE, BYCULLA, ",,,,,HONG KONG,,Ningbo,NHAVA SHEVA SEA (INNSA1),84828000,"LINEAR BEARING BRAND:HL ,ITEM NO.LMF20UU LINEAR BEARING",,500.0,NOS,0.0,1666.0642,U6066D9M8DSTU,,
2025-01-21,印度,中国,V M TRADERS,SHANGHAI FENYUE INTERNATIONAL,"67, NAGDEVI STREET,  2ND FLOOR, ",,,,,CHINA,,Shanghai,NHAVA SHEVA SEA (INNSA1),84824000,TRACK ROLLER BEARING (MNB) MCYR12S LINEAR  BALL BEARINGS,,960.0,NOS,0.0,1663.066,CGXM94FBE4HRU,,
2025-06-04,越南,中国,CÔNG TY TNHH SẢN XUẤT VÀ THƯƠNG MẠI DULICO,NINGBO POWERNICE INTELLIGENT TECHNOLOGY CO LTD,"Lot A2, Cn7 Tu Liem Industrial Park, Phuong Canh Ward, Nam Tu Liem District, Hanoi City, Vietnam","398 BINHAI RD, BINHAI NEW AREA, ECONOMIC DEVELOPMENT  ZONE, FENGHUA DISTRICT NINGBO CITY, ZHEJIANG PROVINCE CHINA, CN",,,,China,,,,84821000,"Vòng bi cầu rãnh sâu, P/N: MS1301-608RS-1,chất liệu bằng thép (có nắp nhựa chống bụi), dùng cho thiết bị truyền động tuyến tính, kích thước: phi 8*phi 22*7t. Mới 100%,Deep groove ball bearing, P/N: MS1301-608RS-1, steel material (with dustproof plastic cover), used for linear actuator, size: phi 8*phi 22*7t. 100% new",,12768.0,Pieces,0.0,1659.84,,,
2025-09-20,印度,中国,KIYAN TRADERS,SKYWALK INDUSTRIES GROUP LIIMITED,,"UNIT 04-05,16/F THE BROADWAY NO 5 4-6 2 LOCK HART RD WANCHAI HK CHINA",,,,China (CN),,Ningbo,,84821090,ASSORTED TYPES OF NEEDLE ROLLER BEARING ASSORTED TYPES OF LINEAR BALL BEARING,,3277.0,PCS,0.0,1651.89,,,
2025-07-15,印度,中国台湾,LUNA TECHNOLOGIES PRIVATE LIMITED,HIWIN TECHNOLOGIES CORP,"2nd Floor,59, Moiz Manzil, Bibijaan Street, Mumbai, null",,,,,TAIWAN,,KAOHSIUNG,NHAVA SHEVA SEA (INNSA1),84828000,HIWIN LINEAR BEARING 25 BSB 62 WW P4(B2500DK-01)(F00DK1)(AD1002Z1 20250325)HIWIN LINEAR BEARING,,160.0,PCS,0.0,1651.8713,T2ZDH0OY1ZL59,,
2025-09-15,印度,中国,KIYAN TRADERS,SKYWALK INDUSTRIES GROUP LIIMITED,,"UNIT 04-05,16/F THE BROADWAY NO 5 4-6 2 LOCK HART RD WANCHAI HK CHINA",,,,China (CN),,Ningbo,,84821090,ASSORTED TYPES OF NEEDLE ROLLER BEARING ASSORTED TYPES OF LINEAR BALL BEARING,,3277.0,PCS,0.0,1651.38,,,
2025-06-05,印度,中国,SGS TRADE IMPEX,LINYI GUANDING IMPORT AND EXPORT CO LTD,"11, NARAYAN DHURU X LANE,  4TH FLOOR, ",,,,,CHINA,,Qingdao,NHAVA SHEVA SEA (INNSA1),84828000,LINEAR MOTION BEARINGS KH 3050 PP LINEAR MOTION BEARINGS KH 3050 PP,,1500.0,PCS,0.0,1644.0304,ETASG1ICJ3CZ5,,
2025-08-14,印度,中国,INDUSTRIAL TOOLS AND BEARINGS CENTRE,HANGZHOU WELL PRECISION BEARING CO LTD,"191/286,Jodhpurwala Estate,Thambu Chetty Street,Mannady, Parrys,Chennai - 600001,Tamil Nadu,India, 600001 N/A","NO.101, BULIDING2, FEILING INDUSTRI #NAME? DISTRICT, HANGZHOU, ZHEJIANG CHINA",,,,China (CN),,Ningbo,,84828000,LINEAR BEARINGS-(SLIDE BLOCK)-R1653-214-20 LINEAR BEARINGS-(SLIDE BLOCK)-R1653-214-20,,30.0,NOS,0.0,1642.18,,,
2025-04-17,印度,中国,BHARAT FIH LIMITED,HONOR WIDE HONG KONG TECHNOLOGY LIMITED,"380 BELERICA ROAD SRI CITY,SIDDAM  AGRAHARAM VARADAIAH PALEM ",,,,,CHINA,,Hong Kong,CHENNAI AIR CARGO ACC (INMAA4),84822090,LINEAR BEARING-P/N: 77AFIXSTD289VA-IM (PARTS FOR FIXTURE) LINEAR BEARING-P/N:,,20.0,PCS,0.0,1640.4039,87SFK1M1DSI4R,,
2025-08-12,越南,中国,CÔNG TY TNHH THIẾT BỊ TỰ ĐỘNG HÓA KIM KHÍ CHÍNH XÁC MINCHUANG,GUANGXI PINGXIANG ZHONGYUE IMPORT AND EXPORT TRADE CO LTD,"Lane 2 Tran Dang Tuyen Street, Phuong Vy Area, Vu Ninh Ward, Bac Ninh City, Bac Ninh, Vietnam","NO.385, NANDA ROAD SANYILU, WAREHOUSE AND LOGISTICS, CENTER PINGXIANG CITY, GUANGXI,CHINA, CN",,,,China,,,,84821000,"Module tuyến tính BBC14-L20-500-ME-T40-A3-C(thanh trượt và ổ bi trượt tuyến tính điểm-điểm), chất liệu bằng nhôm, KT: rộng 135*cao 78*dài 750,5mm, hàng mới 100%,Module linear BBC14-L20-500-ME-T40-A3-C(slider and ball bearing slide, linear point-to-point), material made of aluminum, KT: width 135*high 78*long 750,5 mm, 100% brand new",,6.0,Pieces,0.0,1630.02,,,
2025-02-26,越南,中国台湾,CÔNG TY TNHH JADE M - TECH,CHUN LOUNG CO LTD,"Land Lot No. Tt3-09, Land Jam, Lien Mac Ward, Bac Tu Liem District, Hanoi City, Vietnam.","NO.1, LANE 333,MINYI ST, FUAN VILLAGE SIOUSHUEI  TOWNSHIP, CHANGHUA COUNTY 50444, TAIWAN, TW",,,,Taiwan,,,,84821000,"Con trượt MR9ML SU VCN bộ phận của thanh tuyến tính dẫn hướng, bằng thép,có ổ bi, phụ tùng máy gia công kim loại. NSX: CPC, mới 100%,MR9ML SU VCN linear guide rail part, steel, with ball bearing, metalworking machine spare part. Manufacturer: CPC, 100% new",,200.0,Pieces,0.0,1630.0,,,
2025-05-09,越南,中国,CÔNG TY TNHH POWERNICE SMARTECH VIỆT NAM,NINGBO POWERNICE INTELLIGENT TECHNOLOGY CO LTD,"Lô số CN2-8, Khu công nghiệp Minh Quang-Phường Bạch Sam-Thị xã Mỹ Hào-Hưng Yên","398 BINHAI RD, BINHAI NEW AREA, ECONOMIC DEVELOPMENT ZONE, FENGHUA DISTRICT, NINGBO CITY, ZHEJIANG,CHINA, CN",,,,China,,,,84821000,"Vòng bi mắt cá, P/N: MN5307-007-1,chất liệu bằng niken mạ kẽm, dùng cho thiết bị truyền động tuyến tính, kích thước: phi 29.2*phi 41.5*25.4mm. Mới 100%,Fisheye bearing, P/N: MN5307-007-1, material is nickel plated zinc, used for linear actuator, size: phi 29.2*phi 41.5*25.4mm. 100% new",,1890.0,Pieces,0.0,1625.4,,,
2025-09-18,印度,中国,DIVINE TRANSMISSION SYSTEMS,NINGBO LIMON ROBOTECH INTERNATIONAL TRADING CO LTD,D-12 LAJPAT NAGAR-III  N/A,"D8, D9, LANE 215 QINGYI ROAD HIGH-TECH ZONE NINGBO ZHEJIANG, CHINA",,,,China (CN),,Shekou,,84821090,LINEAR MOTION BEARINGS :- LMK20UU LINEAR MOTION BEARINGS :- LM50UU,,1000.0,NOS,0.0,1614.4,,,
2025-07-25,越南,中国台湾,CÔNG TY TNHH JADE M - TECH,CHUN LOUNG CO LTD,"Land Lot No. Tt3-09, Land Block, Lien Mac Ward, Bac Tu Liem District, Hanoi City, Vietnam.","NO.1, LANE 333, MINYI ST., FUAN VILLAGE, SIOUSHUEI TOWNSHIP, CHANGHUA COUNTY 50444, TAIWAN, ZZ",,,,Taiwan,,,,84821000,"Con trượt ARC15ML S V1N, bộ phận của thanh tuyến tính dẫn hướng, bằng thép,có ổ bi, phụ tùng máy gia công kim loại. NSX: CPC, mới 100%,ARC15ML S V1N slider, part of linear guide bar, steel, with ball bearing, metalworking machine spare part. Manufacturer: CPC, 100% new",,100.0,Pieces,0.0,1610.0,,,
2025-03-25,越南,中国,CÔNG TY TNHH CÔNG NGHIỆP KTL,NINGBO MIKATE TRANSMISSION TECHNOLOGY CO LTD,"25/A85 NA12 Street, Viet Sing Residential Area, T.15, Binh Giao Quarter, Thuan Giao Ward, Thuan An City, Binh Duong Province","NO.9 SHANGSHAO EAST AREA, ZHUANGQIAO STREET, JIANGBEI DISTRICT, NINGBO CHINA, CN",,,,China,,,,84828000,"Bạc đạn bằng thép-linear bearing, hiệu MYT, model LMH10LUU, kích thước dr10*D19*L55mm, hàng mới 100%,Steel linear bearing, MYT brand, model LMH10LUU, size dr10*D19*L55mm, 100% new",,576.0,Pieces,0.0,1609.92,,,
2025-06-19,印度,中国,MIDEA INDIA PRIVATE LIMITED,GUANGDONG YUHAI CHENG TRADING CO LTD,"PLOT NO. 51, 1ST FLOOR, PEARL,GLOB  AL BUILDING, SECTOR- 32 ",,,,,CHINA,,Shekou,NHAVA SHEVA SEA (INNSA1),84821090,Part Code - F05200000103155@MD  Linear Bearing LMK40LUU (Extended Type) ACCESSORIES FOR COMPRESSORS & PRODUCTION LINE AUPart Code - F05200000103155@MD  Linear Bearing LMK40LUU (Ext,,16.0,NOS,0.0,1602.7975,8LMDGQ2O6J4UH,,
2025-03-09,印度,中国,BHAVI IMPEX,AMLAND GLOBE HK ENTERPRISE LTD,"108,SHUBH SANDESH, 16,  HANSRAJ LANE, BYCULLA, ",,,,,CHINA,,Ningbo,NHAVA SHEVA SEA (INNSA1),84828000,"OILLESS BUSH WITH HOUSING BRAND :ROLIOS,ITEM NO.:OBSC20 LINEAR BEARING",,200.0,NOS,0.0,1602.4009,LBB1GBXTG5LE3,,
2025-12-08,印度,中国,BHAVI IMPEX,AMLAND GLOBE HK ENTERPRISE LTD,"108,SHUBH SANDESH, 16,  HANSRAJ LANE, BYCULLA, ","ROOM 811,BAILI BUSINESS CENTER,87-1 05, CHATHAM ROAD SOUTH,TSIM SHA TSU I,KOWLOON HONG KONG",,,,China (CN),,Ningbo,NHAVA SHEVA SEA (INNSA1),84828000,"LINEAR BEARING BRAND-HL,ITEM NO.LMSF30LGAUU LINEAR BEARING",,24.0,NOS,0.0,1602.0,,,
2025-05-07,印度,中国,KHS INNOVATION & ENGINEERING LLP,ZHEJIANG SIQIANG BEARING MANUFACTUR,"4A, KARIM BUILDING, 1ST FLOOR,142/  144, ABDUL REHMAN STREET ",,,,,CHINA,,Shanghai,NHAVA SHEVA SEA (INNSA1),84828000,LINEAR MOTION BEARINGS LMK50LUU (BRAND - KHS LG) LINEAR MOTION BEARINGS,,129.0,PCS,0.0,1600.9777,3P1VVTB4FUWNI,,
2025-05-23,越南,中国台湾,CÔNG TY TNHH JADE M - TECH,CHUN LOUNG CO LTD,"Ô đất số TT3-09, Khu Đất Kẹt, Phường Liên Mạc, Quận Bắc Từ Liêm,Thành Phố Hà Nội, Việt Nam.","NO.1, LANE 333,MINYI ST, FUAN VILLAGE SIOUSHUEI  TOWNSHIP, CHANGHUA COUNTY 50444, TAIWAN, TW",,,,China,,,,84821000,"Con trượt MGN7C Z0C-T bộ phận của thanh tuyến tính dẫn hướng, bằng thép,có ổ bi, phụ tùng máy gia công kim loại. NSX: Wuxi J-Well, mới 100%,MGN7C Z0C-T linear guide rail part, steel, with ball bearing, metalworking machine spare part. Manufacturer: Wuxi J-Well, 100% new",,500.0,Pieces,0.0,1600.0,,,
2025-05-18,印度,中国,AGARWAL INDUSTRIES,CHANGZHOU FOLEVO PRECISION MACHINER,4 Ground Floor HARESH CHAMBER SAMUEL STREET VADGADI,,,,,CHINA,,Qingdao,NHAVA SHEVA SEA (INNSA1),84821090,LINEAR BLOCK BEARING HGH20CA LINEAR BLOCK BEARING,,1000.0,NOS,0.0,1593.2428,7I38VF3QR2DUN,,
2025-08-04,越南,中国,CÔNG TY TNHH SẢN XUẤT VÀ THƯƠNG MẠI DULICO,NINGBO POWERNICE INTELLIGENT TECHNOLOGY CO LTD,"Lot A2, Cn7 Tu Liem Industrial Cluster, Phuong Canh Ward, Nam Tu Liem District, Hanoi City, Vietnam","398 BINHAI RD, BINHAI NEW AREA, ECONOMIC DEVELOPMENT  ZONE, FENGHUA DISTRICT NINGBO CITY, ZHEJIANG PROVINCE CHINA, CN",,,,China,,,,84821000,"Vòng bi cầu rãnh sâu, P/N: MS1301-608RS-1,chất liệu bằng thép (có nắp nhựa chống bụi), dùng cho hộp số của thiết bị truyền động tuyến tính, kích thước: phi 8*phi 22*7t. Mới 100%,Deep groove ball bearings, P/N: MS1301-608RS-1,material stainless steel (lid dust-proof plastic), used for transmission of actuator linear, size: 8*22mm*7t. New 100%",,12250.0,Pieces,0.0,1592.5,,,
2025-12-08,印度,中国,BHAVI IMPEX,AMLAND GLOBE HK ENTERPRISE LTD,"108,SHUBH SANDESH, 16,  HANSRAJ LANE, BYCULLA, ","ROOM 811,BAILI BUSINESS CENTER,87-1 05, CHATHAM ROAD SOUTH,TSIM SHA TSU I,KOWLOON HONG KONG",,,,China (CN),,Ningbo,NHAVA SHEVA SEA (INNSA1),84828000,"LINEAR BEARING BRAND-HL,ITEM NO.LM25UU LINEAR BEARING",,1000.0,NOS,0.0,1590.0,,,
2025-03-25,越南,中国,CÔNG TY TNHH CÔNG NGHIỆP KTL,NINGBO MIKATE TRANSMISSION TECHNOLOGY CO LTD,"25/A85 NA12 Street, Viet Sing Residential Area, T.15, Binh Giao Quarter, Thuan Giao Ward, Thuan An City, Binh Duong Province","NO.9 SHANGSHAO EAST AREA, ZHUANGQIAO STREET, JIANGBEI DISTRICT, NINGBO CHINA, CN",,,,China,,,,84828000,"Bạc đạn bằng thép-linear bearing, hiệu MYT, model LMK20UU, kích thước dr20*D32*L42mm, hàng mới 100%,Steel linear bearing, MYT brand, model LMK20UU, size dr20*D32*L42mm, 100% new",,756.0,Pieces,0.0,1580.04,,,
2025-08-04,印度,中国,CNZ BEARINGS PRIVATE LIMITED,SHAOXING LAVA MACHINERY CO LTD,"17, ARYAN CORPORATE PARK, NR.  SHILAJ RLY CROSSING, THALTEJ, ","XINCHANG, Zhejiang, CHINA SDNF SDNF CHINA",,,,China (CN),,Ningbo,,84821090,LINEAR BALL BEARING WITH HOUSING - SC25UU LINEAR BALL BEARING WITH HOUSING - SC25UU,,500.0,PCS,0.0,1578.43,,,
2025-04-12,印度,中国,KHS INNOVATION & ENGINEERING LLP,ZHEJIANG SIQIANG BEARING MANUFACTUR,"4A, KARIM BUILDING, 1ST FLOOR,142/  144, ABDUL REHMAN STREET ",,,,,CHINA,,Shanghai,NHAVA SHEVA SEA (INNSA1),84828000,LINEAR MOTION BEARINGS LM30UU (BRAND - KHS LG) LINEAR MOTION BEARINGS,,1900.0,PCS,0.0,1572.3046,253CNM79HRCOK,,
2025-11-01,越南,中国台湾,CÔNG TY TNHH JADE M - TECH,CHUN LOUNG CO LTD,"Plot No. TT3-09, Land Plot Area, Lien Mac Ward, Bac Tu Liem District, Hanoi City, Vietnam.","NO.1, LANE 333,MINYI ST, FUAN VILLAGE SIOUSHUEI  TOWNSHIP, CHANGHUA COUNTY 50444, TAIWAN, TW",,,,China,,,,84821000,"Con trượt EGH15CA bộ phận của thanh tuyến tính dẫn hướng, bằng thép,có ổ bi,không hiệu, phụ tùng máy gia công kim loại. NSX: Wuxi J-Well, mới 100%,EGH15CA linear slide, part of a linear guide rail, made of steel, with ball bearings, no brand, metalworking machine spare part. Manufacturer: Wuxi J-Well, 100% new.",,500.0,Pieces,0.0,1570.0,,,
2025-03-10,越南,中国,CÔNG TY TNHH JADE M - TECH,WUXI J WELL PRECISION MACHINERY CO LTD,"Land plot number TT3-09, Land Jam, Lien Mac Ward, Bac Tu Liem District, Hanoi City, Vietnam.","NO.1 HEHUAN ROAD, WUXI CITY, JIANGSU PROVINCE, CN",,,,China,,,,84821000,"Con trượt EGH15CA bộ phận của thanh tuyến tính dẫn hướng, bằng thép,có ổ bi, phụ tùng máy phay kim loại.Nhãn hiệu: Wuxi J-Well, NSX:Wuxi J-Well Co, ltd, mới 100%,EGH15CA linear guide rail part, steel, with ball bearing, metal milling machine spare parts.Brand: Wuxi J-Well, Manufacturer: Wuxi J-Well Co, ltd, 100% new",,500.0,Pieces,0.0,1570.0,,,
2025-08-11,印度,中国,KHS INNOVATION & ENGINEERING LLP,ZHEJIANG SIQIANG BEARING MANUFACTUR,"4A, KARIM BUILDING, 1ST FLOOR,142/  144, ABDUL REHMAN STREET ","E CO.,LTD NO.97, XIANXIA ROAD, NAN MING MOUNTAIN STREET LIANDU ZONE, LISHUI CITY, ZHEJIANG CHINA",,,,China (CN),,Shanghai,,84828000,LINEAR MOTION BEARINGS LMK25LUU (BRAND - KHS LG) LINEAR MOTION BEARINGS,,657.0,PCS,0.0,1563.66,,,
2025-05-09,越南,中国,CÔNG TY TNHH POWERNICE SMARTECH VIỆT NAM,NINGBO POWERNICE INTELLIGENT TECHNOLOGY CO LTD,"Lô số CN2-8, Khu công nghiệp Minh Quang-Phường Bạch Sam-Thị xã Mỹ Hào-Hưng Yên","398 BINHAI RD, BINHAI NEW AREA, ECONOMIC DEVELOPMENT ZONE, FENGHUA DISTRICT, NINGBO CITY, ZHEJIANG,CHINA, CN",,,,China,,,,84821000,"Vòng bi cầu rãnh sâu, P/N: MS1301-608RS-1,chất liệu bằng thép (có nắp nhựa chống bụi), dùng cho thiết bị truyền động tuyến tính, kích thước: phi 8*phi 22*7t. Mới 100%,Deep groove ball bearing, P/N: MS1301-608RS-1, steel material (with dustproof plastic cover), used for linear actuator, size: phi 8*phi 22*7t. 100% new",,12000.0,Pieces,0.0,1560.0,,,
2025-06-14,印度,中国,AMBICA IMPEX,ZHEJIANG OUYI BEARING MANUFACTURE CO LTD,N/A N/A,,,,,CHINA,,Ningbo,Mundra,84821090,Linear bearing Block (HGW20 CA) Linear bearing Block (HGW20 CA),,500.0,NOS,0.0,1551.9723,PJ9ED6VE2I3PA,,
2025-12-12,巴基斯坦,中国,ROSHAN PACKAGES LTD,SUZHOU GERACLE MACHINERY PARTS CO LTD,"325 - G -III M.A JOHAR TOWN, LAHORE  ","1ST FLOOR NORTH BEIDA BUILDING OF BUILDING 002, NO.89 BAOYI ROAD, YUSHAN TOWN, KUNSHAN CITY, JIANGSU, CHINA",,,,China,,shanghai,LPAF,84821000,"SPARE PARTS FOR CORRUGATED MACHINE 
LINEAR BALL BEARING
(OTHER DETAILS ARE AS PER ATTACHED INVOICE)
(QUANTITY : 12 PCS  NET WEIGHT : 2.5 KGS)",,12.0,u,66500.0,1549.2028,GFSD25120023,,
2025-02-26,越南,中国台湾,CÔNG TY TNHH JADE M - TECH,CHUN LOUNG CO LTD,"Land Lot No. Tt3-09, Land Jam, Lien Mac Ward, Bac Tu Liem District, Hanoi City, Vietnam.","NO.1, LANE 333,MINYI ST, FUAN VILLAGE SIOUSHUEI  TOWNSHIP, CHANGHUA COUNTY 50444, TAIWAN, TW",,,,Taiwan,,,,84821000,"Con trượt HRC45FL S V0N bộ phận của thanh tuyến tính dẫn hướng, bằng thép, có ổ bi, phụ tùng máy gia công kim loại. NSX: CPC, mới 100%,HRC45FL S V0N linear guide rail part, steel, with ball bearing, metalworking machine spare part. Manufacturer: CPC, 100% new",,30.0,Pieces,0.0,1545.0,,,
2025-11-13,越南,中国,CÔNG TY TNHH FLASHBOY SOLUTION,XRT BEARING CO LIMITED,"Tien Nong Neighborhood Group at Mr. Nguyen Duc Phuong's House, Hong An Ward, Hai Phong, Vietnam","1305 MINGQUAN CENTER, 68#DIKOU ROAD, TIANQIAO DISTRICT, JINAN, CHINA, CN",,,,Romania,,,,84828000,"Ổ bi tuyến tính (Vòng bi tuyến tính) bằng thép, dùng cho máy CNC, kích thước: 28x105x38.3mm, hiệu INA, model P88Y-102, mới 100%,Steel linear ball bearing, for CNC machines, size: 28x105x38.3mm, INA brand, model P88Y-102, 100% new.",,12.0,Pieces,0.0,1539.6,,,
2025-11-15,越南,中国,CÔNG TY TNHH CÔNG NGHỆ TỰ ĐỘNG HÓA THIÊN VŨ VIỆT NAM,HONG KONG JINZHENG TECHNOLOGY DEVELOPMENT CO LIMITED,"Que Vo Industrial Zone (Expanded Area), Phuong Lieu Ward, Bac Ninh Province, Vietnam","ROOM 01,21/F, PROSPER COMMERCIAL BUILDING, 9 YIN CHONG STREET, KOWLOON, HONG KONG, CHINA, CN",,,,China,,,,84821000,"Bộ thanh trượt hoàn chỉnh gồm thanh trượt và con trượt vuông chứa ổ bi, dùng hỗ trợ dẫn hướng cho thiết bị công nghiệp, kích thước: 665*140*80mm, mã hàng: MTP50-S380, nsx: Dongguan Taipin, mới 100%.,Complete linear guide set including linear guide rail and square bearing slide, used to support the guidance of industrial equipment, dimensions: 665*140*80mm, item code: MTP50-S380, manufacturer: Dongguan Taipin, 100% new.",,2.0,Pieces,0.0,1535.0,,,
2025-09-26,肯尼亚,中国,TEXPLAST INDUSTRIES LIMITED,WENZHOU FELICITY IMPORT AND EXPORT CO LTD,,,,,,China,Kenya,,,84828000,"LINEAR/GUIDE BEARING DFH 25A-501707348/HGW20CC-2303280-B/QHW35CA17ODLB-60300 L; LINEAR/GUIDE BEARING DFH 25A-501707348/HGW20CC-2303280-B/QHW35CA17ODLB-60300 L; WENZHOU FELICITY IMPORT AND EXPORT CO.,LT; LINEAR/GUIDE BEARING DFH 25A-501707348/HGW20CC",,38.0,UNT,0.0,1533.0,,,
2025-10-07,肯尼亚,中国,TEXPLAST INDUSTRIES LIMITED,WENZHOU FELICITY IMPORT AND EXPORT CO LTD,,,,,,China,Kenya,,,84828000,"LINEAR/GUIDE BEARING DFH 25A-501707348/HGW20CC-2303280-B/QHW35CA17ODLB-60300 L; LINEAR/GUIDE BEARING DFH 25A-501707348/HGW20CC-2303280-B/QHW35CA17ODLB-60300 L; WENZHOU FELICITY IMPORT AND EXPORT CO.,LT; LINEAR/GUIDE BEARING DFH 25A-501707348/HGW20CC",,38.0,UNT,0.0,1533.0,,,
2025-04-01,印度,中国,AXIS TECHNOLOGIES,ZHEJIANG JINGRUI INTELLIGENT TRANSMISSION CO LTD,"207, ARIHANT TOWER, 2ND FLOOR,83 V. V .CHANDAN STREET, MUMBAI, ",,,,,CHINA,,Ningbo,NHAVA SHEVA SEA (INNSA1),84828000,LINEAR MOTION BEARINGS LMK25UU LINEAR MOTION BEARINGS LMK25UU,,1200.0,PCS,0.0,1526.6167,VOOLSCS6OAR5X,,
2025-01-21,印度,中国,V M TRADERS,SHANGHAI FENYUE INTERNATIONAL,"67, NAGDEVI STREET,  2ND FLOOR, ",,,,,CHINA,,Shanghai,NHAVA SHEVA SEA (INNSA1),84828000,LINEAR BEARINGS (MNB) SC20LUU LINEAR  BALL BEARINGS,,500.0,NOS,0.0,1519.6144,CGXM94FBE4HRU,,
2025-01-21,印度,中国,V M TRADERS,SHANGHAI FENYUE INTERNATIONAL,"67, NAGDEVI STREET,  2ND FLOOR, ",,,,,CHINA,,Shanghai,NHAVA SHEVA SEA (INNSA1),84828000,LINEAR BEARING (MNB) SC20LUU LINEAR  BALL BEARINGS,,500.0,NOS,0.0,1519.6144,CGXM94FBE4HRU,,
2025-12-04,印度,中国,PANACEA MEDICAL TECHNOLOGIES PRIVATE LIMITED,HEFEI KONLON BEARING CO LTD,"H.NO.1-10-1/27,1ST FLOOR, STREET NO 5,ASHOK NAGAR,HYDERABAD ","NO.28 HEZUOHUA SOUTH ROAD,SHUSHAN D ISTRICT,HEFEI, CHINA SDNF China",,,,China (CN),,SHENZHEN,BANGALORE,84828000,LINEAR MOTION GUIDE / MSR55-R6120L-H(6000+120) / BEARINGS LINEAR MOTION GUIDE / MSR55-R6120L-H(6000+120) / BEARINGS,,4.0,NOS,0.0,1515.51,,,
2025-01-22,越南,中国,CÔNG TY TNHH ĐIỆN TỬ JSTAR VIỆT NAM,GUANGXI PINGXIANG ZHONGYUE IMPORT AND EXPORT TRADE CO LTD,"Lot G11, Que Vo Industrial Park Expansion, Phuong Lieu Ward, Que Vo Town, Bac Ninh, Vietnam","NO.385 NANDA ROAD, SANYILU WAREHOUSE AND, LOGISTICS CENTER, PINGXIANG CITY, GUANGXI,CHINA, CN",,,,China,,,,84821000,"Bạc trượt tuyến tính (ổ bi trượt),dùng để giảm ma sát trong chuyển động thiết bị,kích thước: phi 12*19mm,model: LM6UU,nxs: Ningbo Yutong Bearing Co.,Ltd. Hàng mới 100%,Linear bearing (sliding bearing), used to reduce friction in moving equipment, size: phi 12*19mm, model: LM6UU, manufacturer: Ningbo Yutong Bearing Co., Ltd. 100% new",,700.0,Pieces,0.0,1505.0,,,
2025-11-19,印度,中国,MECH AUTO SYSTEMS,TECH MOTION SHANGHAI CO LTD,"SHOP NO 2, BALCHANDRA APARTMENT  PLOT NO.55, SECTOR 44A,NERUL ","ROOM 904, BUILDING 3, 80 HUASHEN RO AD, WAI GAO QIAO FREE TRADE ZONE Sh anghai, Shanghai, CHINA CHINA",,,,China (CN),,Shanghai,NHAVA SHEVA SEA (INNSA1),84821090,LINEAR MOTION BEARING BLOCK HGH25CA LINEAR MOTION BEARING BLOCK HGH25CA,,400.0,NOS,0.0,1503.01,,,
2025-05-07,印度,中国,KHS INNOVATION & ENGINEERING LLP,ZHEJIANG SIQIANG BEARING MANUFACTUR,"4A, KARIM BUILDING, 1ST FLOOR,142/  144, ABDUL REHMAN STREET ",,,,,CHINA,,Shanghai,NHAVA SHEVA SEA (INNSA1),84828000,LINEAR MOTION BEARINGS LMF50LUU (BRAND - KHS LG) LINEAR MOTION BEARINGS,,129.0,PCS,0.0,1502.5358,3P1VVTB4FUWNI,,
2025-06-19,孟加拉国,中国台湾,ZABER AND ZUBAIR ACCESSORIES LTD,MING WEI PAPERWARE MACHINERY CO,"Mawna, Sripur, Gazipur; Sripur PS;",L,,,,TW,,,,84828000,S/PARTS OF SLITTER SCORER MAC: LINEAR BEARING,,0.0,,23.4,1500.0,,,
2025-11-18,印度,中国,R S INFRAPROJECTS PRIVATE LIMITED,SHANDONG FIN CNC MACHINE CO LTD,"H-70, LANE W-10,  SAINIK FARMS ","NO.2222,CENTURY AVENUE,HIGH-TECH DEVELOPMENT ZONE,JINAN,CHINA SDNF SDNF",,,,China (CN),,Shanghai,ICD PATPARGANJ,84828000,MODEL NO.RGW35HCZBH+ZZ LINEAR BEARING FOR LINEAR SLIDER (PARTS FOR CNC MACHINE)PARTS FOR CNC MACHINE,,4.0,NOS,0.0,1494.72,,,
2025-11-18,印度,中国,R S INFRAPROJECTS PRIVATE LIMITED,SHANDONG FIN CNC MACHINE CO LTD,"H-70, LANE W-10,  SAINIK FARMS ","NO.2222,CENTURY AVENUE,HIGH-TECH DEVELOPMENT ZONE,JINAN,CHINA SDNF SDNF",,,,China (CN),,Shanghai,ICD PATPARGANJ,84828000,MODEL NO.HGW45HAZBH LINEAR BEARING FOR LINEAR SLIDER (PARTS FOR CNC MACHINE)PARTS FOR CNC MACHINE,,4.0,NOS,0.0,1494.72,,,
2025-11-19,印度,中国,MECH AUTO SYSTEMS,TECH MOTION SHANGHAI CO LTD,"SHOP NO 2, BALCHANDRA APARTMENT  PLOT NO.55, SECTOR 44A,NERUL ","ROOM 904, BUILDING 3, 80 HUASHEN RO AD, WAI GAO QIAO FREE TRADE ZONE Sh anghai, Shanghai, CHINA CHINA",,,,China (CN),,Shanghai,NHAVA SHEVA SEA (INNSA1),84821090,LINEAR MOTION BEARING RAIL HGR15X4000MM LINEAR MOTION BEARING RAIL HGR15X4000MM,,60.0,NOS,0.0,1480.85,,,
2025-03-24,孟加拉国,中国,PAXAR BANGLADESH LIMITED,GOLD FAI MACHINERY CO LTD,"Plot# 167-169,Dhaka EPZ-Ext.Area,", HONG KON,,,,CN,,,,84821000,S/P FOR CUTTING MACHINE : (LINEAR BEARING),,0.0,,5.0,1480.0,,,
2025-03-24,孟加拉国,中国,PAXAR BANGLADESH LIMITED,GOLD FAI MACHINERY CO LTD HONG KON,"Plot# 167-169,Dhaka EPZ-Ext.Area,",,,,,China,,,,84821000,S/P FOR CUTTING MACHINE : (LINEAR BEARING),,5.0,KG,5.0,1480.0,,,
2025-06-19,越南,中国,CÔNG TY TNHH JADE M - TECH,WUXI J WELL PRECISION MACHINERY CO LTD,"Land Lot No. Tt3-09, Land Block, Lien Mac Ward, Bac Tu Liem District, Hanoi City, Vietnam.","YANGSHI CHUXIN INDUSTRIAL PARK, LUOSHE TOWN, HUISHAN DISTRICT, WUXI CITY, CN",,,,China,,,,84821000,"Con trượt HGH30CA bộ phận của thanh tuyến tính dẫn hướng, bằng thép,có ổ bi,,không hiệu,, phụ tùng máy gia công kim loại. NSX: Wuxi J-Well, mới 100%,HGH30CA linear guide rail part, steel, with ball bearing, no brand, metalworking machine spare part. Manufacturer: Wuxi J-Well, 100% new",,200.0,Pieces,0.0,1478.0,,,
2025-04-10,印度,中国,DIVINE TRANSMISSION SYSTEMS,NINGBO LIMON ROBOTECH INTERNATIONAL TRADING CO LTD,D-12 LAJPAT NAGAR-III  N/A,,,,,CHINA,,Ningbo,ICD PATPARGANJ,84821090,LINEAR MOTION BEARINGS SC25UU LINEAR MOTION BEARINGS KH3050PP,,300.0,NOS,0.0,1475.8986,7W7IOBUIOS8Z4,,
2025-02-14,印度,中国,RELIANCE TOOLS AND BEARING STORES,ZHEJIANG SIQIANG BEARING MANUFACTURE CO LTD,"GRD FLR, 163, MUTTON  STREET, ",,,,,CHINA,,Ningbo,NHAVA SHEVA SEA (INNSA1),84828000,LINEAR BEARING BLOCK SC30UU LINEAR BEARING BLOCK SC30UU,,500.0,PCS,0.0,1475.2938,LEHHKMP5GYLNX,,
2025-01-22,印度,中国,AXIS TECHNOLOGIES,YIBOYUAN LINQING CITY PRECISION MACHINERY CO L,"207, ARIHANT TOWER, 2ND FLOOR,83 V. V .CHANDAN STREET, MUMBAI, ",,,,,CHINA,,Qingdao,NHAVA SHEVA SEA (INNSA1),84828000,LINEAR MOTION BEARINGS LM20UU LINEAR MOTION BEARINGS LM20UU,,5000.0,PCS,0.0,1474.1318,CUZSH4J6SO7S8,,
2025-09-26,肯尼亚,中国,ASHUT PLASTICS LIMITED,ATOP INDUSTRY CO LTD,,,,,,China,Kenya,,,84828000,"ATOP; 12 PCS OF LINEAR BEARING; ATOP INDUSTRY CO., LTD; ATOP; 12; 12; 24.09.2025; 1; 5.5; 1;",,12.0,UNT,0.0,1470.0,,,
2025-09-24,肯尼亚,中国,ASHUT PLASTICS LIMITED,ATOP INDUSTRY CO LTD,,,,,,China,Kenya,,,84828000,"ATOP; 12 PCS OF LINEAR BEARING; ATOP INDUSTRY CO., LTD; ATOP; 1; 1; 24.09.2025; 12; 5.5; 1;",,12.0,UNT,0.0,1470.0,,,
2025-01-16,印度,中国,BHAVI IMPEX,AMLAND GLOBE HK ENTERPRISE LTD,"108,SHUBH SANDESH, 16,  HANSRAJ LANE, BYCULLA, ",,,,,CHINA,,Ningbo,NHAVA SHEVA SEA (INNSA1),84828000,"LINEAR BEARING BRAND-HL,ITEM NO.: LM40GAUU LINEAR BEARING",,100.0,NOS,0.0,1466.1519,57PN11IQ66I61,,
2025-04-10,印度,中国,DIVINE TRANSMISSION SYSTEMS,NINGBO LIMON ROBOTECH INTERNATIONAL TRADING CO LTD,D-12 LAJPAT NAGAR-III  N/A,,,,,CHINA,,Ningbo,ICD PATPARGANJ,84821090,LINEAR MOTION BEARINGS SME30UU LINEAR MOTION BEARINGS KH3050PP,,200.0,NOS,0.0,1466.0593,7W7IOBUIOS8Z4,,
2025-08-11,印度,中国,KHS INNOVATION & ENGINEERING LLP,ZHEJIANG SIQIANG BEARING MANUFACTUR,"4A, KARIM BUILDING, 1ST FLOOR,142/  144, ABDUL REHMAN STREET ","E CO.,LTD NO.97, XIANXIA ROAD, NAN MING MOUNTAIN STREET LIANDU ZONE, LISHUI CITY, ZHEJIANG CHINA",,,,China (CN),,Shanghai,,84828000,LINEAR MOTION BEARINGS LMK20LUU (BRAND - KHS LG) LINEAR MOTION BEARINGS,,1000.0,PCS,0.0,1460.0,,,
2025-03-11,印度,中国,ELECTUS SYSTEMS,LISHUI GREENLEAF AUTOMATIC TECHNOLOGY CO LTD,"G3,Ghawte Tower Dr,Ansari Road seco  ",,,,,CHINA,,Ningbo,NHAVA SHEVA SEA (INNSA1),84828000,LINEAR BEARINGS SC30UU LINEAR BEARINGS SC30UU,,500.0,NOS,0.0,1457.8292,4MRHJKZ9YIULH,,
2025-10-06,越南,中国,CÔNG TY TNHH JINYA VIỆT NAM,BEIJING FOXSLIDE AUTOMATION TECHNOLOGY CO LTD,"No. T2-20, Belhomes Project, Vsip Urban Area, Tu Son Ward, Bac Ninh Province, Vietnam","ROOM 1367, 13 FLOOR, NO. 2 BUILDING, YARD 38, KECHUANG 5TH STREET, BDA, BEIJING, CHINA, CN",,,,China,,,,84821000,"Bộ thanh trượt tuyến tính có ổ bi, model: 9-1-55-T, bằng thép hợp kim, dùng để hỗ trợ, dẫn hướng chuyển động thẳng (tuyến tính) của các bộ phận tủ điện (PLC, rơle..)KT:20*10*55mm, J015095638. Mới 100%,The linear sliders have ball bearings, model: 9-1-55-T, alloy steel, used to support, guide linear motion (linear) of the parts electrical cabinet (PLC, relay..)KT:20*10*55mm, J015095638. New 100%",,112.0,Pieces,0.0,1456.0,,,
2025-02-18,坦桑尼亚,中国台湾,SITA STEEL ROLLINGS LTD,VEGA ENGINEERING CORPORATION,,,,,,"Taiwan, Province of China","Tanzania, United Republic of",,,848280000000,LINEAR BEARING MSA35EZZ,,10.0,NMB,38.0,1454.3715,176-72396936,,
2025-08-11,印度,中国,KHS INNOVATION & ENGINEERING LLP,ZHEJIANG SIQIANG BEARING MANUFACTUR,"4A, KARIM BUILDING, 1ST FLOOR,142/  144, ABDUL REHMAN STREET ","E CO.,LTD NO.97, XIANXIA ROAD, NAN MING MOUNTAIN STREET LIANDU ZONE, LISHUI CITY, ZHEJIANG CHINA",,,,China (CN),,Shanghai,,84828000,LINEAR MOTION BEARINGS LMK40LUU (BRAND - KHS LG) LINEAR MOTION BEARINGS,,250.0,PCS,0.0,1450.0,,,
2025-05-16,越南,中国香港,CÔNG TY TNHH THIẾT BỊ CƠ ĐIỆN MINH THÀNH,HK TOMUU ACTUATOR TECHNOLOGY CO LIMITED,"Tổ dân phốTràngDuệ(tại Công tyTNHH Ngân Vũ),phường Lê Lợi, quận An Dương,TP Hải Phòng, Việt Nam.","ROOM 1318-19, HOLLYWOOD PLAZA, 610 NATHAN ROAD, MONGKOK, KOWLOON, HONGKONG, HK",,,,China,,,,84821000,"TMA-MNA-U20A00058#& Ổ bi dùng cho hộp số động cơ của bộ truyền động tuyến tính, mới 100%,TMA-MNA-U20A00058#& Ball bearing for motor gearbox of linear actuator, 100% new",,1450.0,Pieces,0.0,1450.0,,,
2025-02-21,印度,中国,NORDSON INDIA PRIVATE LIMITED,DAGE TEST SYSTEMS SUZHOU CO LTD,"NO.143-A,  BOMMASANDRA INDL.AREA, ",,,,,CHINA,,Shanghai,BANGALORE ACC (INBLR4),84821090,"BEARING,LINEAR,100MM,HD-7254796 BEARING,LINEAR,100MM,HD-7254796",,16.0,NOS,0.0,1448.9022,A8SAODD5L7HO4,,
2025-07-03,斯里兰卡,中国,SILVERMILL NATURAL BEVERAGES PVT LTD,TETRA PAK SOUTH EAST ASIA PTE LTD,"148/1 KENSEY RD COLL 08,EREG COMP LTD","1 PASIR PANJANG ROAD,#25-01,LABRADOR TOWER,SINGAPORE.",,,,CHINA,,,,84825000,"LINEAR BEARING,",,24.0,NIU,0.93,1447.2,,,
2025-04-01,斯里兰卡,中国,SILVERMILL NATURAL BEVERAGES PVT LTD,TETRA PAK SOUTH EAST ASIA PTE LTD,"
148/1 KENSEY RD COLL 08
EREG COMP","
19, GUL LANE,
SINGAPORE.",,,,CHINA,,,,84825000,"LINEAR BEARING,",,24.0,NIU,0.49,1447.2,,,
2025-09-19,斯里兰卡,中国,SILVERMILL NATURAL BEVERAGES PVT LTD,TETRA PAK SOUTH EAST ASIA PTE LTD,"148/1 KENSEY RD COLL 08,EREG COMP LTD","1 PASIR PANJANG ROAD #25-01,LABRADOR TOWER SINGAPORE. ",,,,CHINA,,,,84825000,"LINEAR BEARING,",,24.0,NIU,0.68,1447.2,,,
2025-08-05,菲律宾,中国台湾,TWINPACK CONTAINER CORP,LATITUDE MACHINERY CORP,UNIT 1209 LE GRAN COND 45 EISENHOWER STREETSAN JUAN CITY 1504PHILIPPINES,,,,,TAIWAN,,,,84828000000,8 PCS. LATITUDE 663*MSA45ESSFCN LINEAR BEARING,,8.0,PIECE,8.52,1440.249,5597034505,,
2025-02-20,印度,中国香港,BHAVI IMPEX,AMLAND GLOBE HK ENTERPRISE LTD,"108,SHUBH SANDESH, 16,  HANSRAJ LANE, BYCULLA, ",,,,,HONG KONG,,Ningbo,NHAVA SHEVA SEA (INNSA1),84828000,"LINEAR BEARING BRAND:HL ,ITEM NO.LMF16UU LINEAR BEARING",,500.0,NOS,0.0,1437.4883,U6066D9M8DSTU,,
2025-07-24,越南,中国,CÔNG TY TNHH SẢN XUẤT VÀ THƯƠNG MẠI DULICO,NINGBO POWERNICE INTELLIGENT TECHNOLOGY CO LTD,"Lot A2, Cn7 Tu Liem Industrial Park, Phuong Canh Ward, Nam Tu Liem District, Hanoi City, Vietnam","398 BINHAI RD, BINHAI NEW AREA, ECONOMIC DEVELOPMENT  ZONE, FENGHUA DISTRICT NINGBO CITY, ZHEJIANG PROVINCE CHINA, ZZ",,,,China,,,,84821000,"Vòng bi mắt cá, P/N: MN5307-007-1,chất liệu bằng niken mạ kẽm, dùng cho hộp số của thiết bị truyền động tuyến tính, kích thước: phi 29.2*phi 41.5*25.4mm. Mới 100%,Fisheye bearing, P/N: MN5307-007-1, material is nickel plated zinc, used for gearbox of linear actuator, size: phi 29.2*phi 41.5*25.4mm. 100% new",,1670.0,Pieces,0.0,1436.2,,,
2025-05-03,印度,中国,KAMAL SHAFT PRIVATE LIMITED,QINGDAO YI XIN YAN INTERNATIONAL TR,"SHED NO 14 SAPTARUSHI IND EST,GVMM  IN GIRNAR SCOOTR RING RD ODHAV ",,,,,CHINA,,Qingdao,NHAVA SHEVA SEA (INNSA1),84828000,LINEAR BEARING LM 25 (NET WT. 550.00KGS) LINEAR BEARING,,2500.0,PCS,0.0,1434.496,EN4QK1BUMUI3C,,
2025-11-19,印度,中国,MECH AUTO SYSTEMS,TECH MOTION SHANGHAI CO LTD,"SHOP NO 2, BALCHANDRA APARTMENT  PLOT NO.55, SECTOR 44A,NERUL ","ROOM 904, BUILDING 3, 80 HUASHEN RO AD, WAI GAO QIAO FREE TRADE ZONE Sh anghai, Shanghai, CHINA CHINA",,,,China (CN),,Shanghai,NHAVA SHEVA SEA (INNSA1),84821090,LINEAR MOTION BEARING BLOCK HGH30CA LINEAR MOTION BEARING BLOCK HGH30CA,,200.0,NOS,0.0,1430.48,,,
2025-11-07,印度,中国,AGARWAL INDUSTRIES,CHANGZHOU FOLEVO PRECISION MACHINER,4 Ground Floor HARESH CHAMBER SAMUEL STREET VADGADI,"Y CO., LTD NO. 288, XIAXI WEST ROAD , JIAZE TOWN, WUJIN DISTRICT, CHANG ZHOU CITY, JIANGSU CHINA",,,,China (CN),,Qingdao,NHAVA SHEVA SEA (INNSA1),84821090,LINEAR BLOCK BALL BEARING HGW35 CC LINEAR BLOCK BALL BEARING,,250.0,PCS,0.0,1421.49,,,
2025-03-25,越南,中国,CÔNG TY TNHH CÔNG NGHIỆP KTL,NINGBO MIKATE TRANSMISSION TECHNOLOGY CO LTD,"25/A85 NA12 Street, Viet Sing Residential Area, T.15, Binh Giao Quarter, Thuan Giao Ward, Thuan An City, Binh Duong Province","NO.9 SHANGSHAO EAST AREA, ZHUANGQIAO STREET, JIANGBEI DISTRICT, NINGBO CHINA, CN",,,,China,,,,84828000,"Bạc đạn bằng thép-linear bearing, hiệu MYT, model LMK16UU, kích thước dr16*D28*L37mm, hàng mới 100%,Steel linear bearing, MYT brand, model LMK16UU, size dr16*D28*L37mm, 100% new",,756.0,Pieces,0.0,1421.28,,,
2025-11-20,越南,中国台湾,CÔNG TY TNHH JADE M - TECH,CHUN LOUNG CO LTD,"Plot No. TT3-09, Land Plot Area, Lien Mac Ward, Bac Tu Liem District, Hanoi City, Vietnam.","NO.1, LANE 333,MINYI ST, FUAN VILLAGE SIOUSHUEI  TOWNSHIP, CHANGHUA COUNTY 50444, TAIWAN, TW",,,,China,,,,84821000,"Con trượt MGN5C Z0C-T  bộ phận của thanh tuyến tính dẫn hướng, bằng thép,có ổ bi,không hiệu, phụ tùng máy gia công kim loại. NSX: Wuxi J-Well, mới 100%,The MGN5C Z0C-T linear slide is a component of a linear guide rail, made of steel, with ball bearings, no brand, a spare part for metalworking machinery. Manufacturer: Wuxi J-Well, 100% new.",,200.0,Pieces,0.0,1420.0,,,
2025-02-16,印度,中国,KHS INNOVATION & ENGINEERING LLP,ZHEJIANG SIQIANG BEARING MANUFACTURE CO LTDA,"4A, KARIM BUILDING, 1ST FLOOR,142/  144, ABDUL REHMAN STREET ",,,,,CHINA,,Shanghai,NHAVA SHEVA SEA (INNSA1),84828000,FLANGE LINEAR BEARING-LMK 20UU KHS-LG FLANGE LINEAR BEARING-LMK 20UU KHS-LG,,1500.0,NOS,0.0,1419.5888,U5NWSLS36YLHN,,
2025-06-25,乌兹别克斯坦,中国,ООО KABEL TECH ENERGY,SHANGHAI SHINEWORLD ENGINEERING CO LTD КИТАЙ,"Ташкентская обл, Ташкентский район, поселок  Гулистон , ул. Чимкентский тракт, УзБМЗ","ROOM 1603 ,NO.950, DALIAN ROAD, YANGPU DISTRICT, SHANGHAI, CHINA",,,,China,,,,8482109008,"1) ЛИНЕЙНЫЙ ПОДШИПНИК, R165982053, ОРИГИНАЛЬНАЯ МОДЕЛЬ /LINEAR BEARING, R165982053 - 2 шт., для оборудования используемое в производстве кабелья, товар предназначен для собственных производственных нужд.: вес: 1 кг, кол. 2 шт;
2) Вид и количество упаковк",,2.0,шт,1.0,1414.0,,,R165982053
2025-10-17,印度,中国,BHAVI IMPEX,AMLAND GLOBE HK ENTERPRISE LTD,,"ROOM 811,BAILI BUSINESS CENTER,87-1 05, CHATHAM ROAD SOUTH,TSIM SHA TSU I,KOWLOON HONG KONG",,,,China (CN),,Ningbo,NHAVA SHEVA SEA (INNSA1),84828000,"LINEAR BEARING BRAND: HL, ITEM NO. LMFC50LUU LINEAR BEARING",,35.0,NOS,0.0,1406.25,,,
2025-05-30,印度,中国,AMAFHH SONS,ZHEJIANG SIQIANG BEARING MANUFACTURE CO LTD,"2ND FLOOR, 71 NAGDEVI CROSS LANE,,  N/A",,,,,CHINA,,Ningbo,NHAVA SHEVA SEA (INNSA1),84828000,LINEAR MOTION BEARINGS SBR20UU LINEAR MOTION BEARINGS SBR20UU,,1000.0,PCS,0.0,1405.5104,0LAHS2H9JC2RX,,
2025-07-17,越南,中国台湾,CÔNG TY TNHH JADE M - TECH,CHUN LOUNG CO LTD,"Land Lot No. Tt3-09, Land Block, Lien Mac Ward, Bac Tu Liem District, Hanoi City, Vietnam.","NO.1, LANE 333,MINYI ST, FUAN VILLAGE SIOUSHUEI  TOWNSHIP, CHANGHUA COUNTY 50444, TAIWAN, ZZ",,,,China,,,,84821000,"Con trượt HGH35CA bộ phận của thanh tuyến tính dẫn hướng, bằng thép,có ổ bi,không hiệu, phụ tùng máy gia công kim loại. NSX: Wuxi J-Well , mới 100%,HGH35CA linear guide rail part, steel, with ball bearing, no brand, metalworking machine spare part. Manufacturer: Wuxi J-Well, 100% new",,100.0,Pieces,0.0,1400.0,,,
2025-05-01,巴西,中国,RESIPLASTIC INDUSTRIA E COMERCIO LTDA,UIB XIAMEN BEARING CO LTD,SP,,,,,,,,AEROPORTO INTERNACIONAL DE SAO PAULO/GUARULHOS,84821090,LM30 ROLAMENTOS ESFERAS LINEARES,,400.0,UNID.,60.0,1400.0,,,
2025-08-11,印度,中国,KHS INNOVATION & ENGINEERING LLP,ZHEJIANG SIQIANG BEARING MANUFACTUR,"4A, KARIM BUILDING, 1ST FLOOR,142/  144, ABDUL REHMAN STREET ","E CO.,LTD NO.97, XIANXIA ROAD, NAN MING MOUNTAIN STREET LIANDU ZONE, LISHUI CITY, ZHEJIANG CHINA",,,,China (CN),,Shanghai,,84828000,LINEAR MOTION BEARINGS LM16UU (BRAND - KHS LG) LINEAR MOTION BEARINGS,,3500.0,PCS,0.0,1400.0,,,
2025-09-18,印度,中国,DIVINE TRANSMISSION SYSTEMS,ZHEJIANG WELL BERING INDUSTRIAL CO LTD,D-12 LAJPAT NAGAR-III  N/A,"NO.18 XIANXIA ROAD NANMIG SHAN STREET LIANDU DISTRICT LISHUI CITY ZHEJIANG PROVIBCE , CHINA",,,,China (CN),,Shekou,,84828000,LINEAR BEARING :- LMF50LUU LINEAR BEARING :- OBF16 (RED COLOR),,100.0,NOS,0.0,1399.72,,,
2025-11-05,印度,中国,KHS INNOVATION & ENGINEERING LLP,ZHEJIANG SIQIANG BEARING MANUFACTUR,"4A, KARIM BUILDING, 1ST FLOOR,142/  144, ABDUL REHMAN STREET ","E CO.,LTD NO.97,XIANXIA ROAD. NANMING MOUNTAIN STREET. LIANDU ZONE.LISHUI CITY.ZHEJIANG CHINA",,,,China (CN),,SHANGHAI,NHAVA SHEVA SEA (INNSA1),84824000,FLANGE LINEAR BEARING LMK20UU KHS-LG FLANGE LINEAR BEARING,,1500.0,PCS,0.0,1395.0,,,
2025-11-05,印度,中国,KHS INNOVATION & ENGINEERING LLP,ZHEJIANG SIQIANG BEARING MANUFACTUR,"4A, KARIM BUILDING, 1ST FLOOR,142/  144, ABDUL REHMAN STREET ","E CO.,LTD NO.97,XIANXIA ROAD. NANMING MOUNTAIN STREET. LIANDU ZONE.LISHUI CITY.ZHEJIANG CHINA",,,,China (CN),,SHANGHAI,NHAVA SHEVA SEA (INNSA1),84828000,LINEAR MOTION BEARINGS LM30UU KHS-LG LINEAR BEARINGS,,1721.0,PCS,0.0,1394.01,,,
2025-09-18,印度,中国,DIVINE TRANSMISSION SYSTEMS,ZHEJIANG WELL BERING INDUSTRIAL CO LTD,D-12 LAJPAT NAGAR-III  N/A,"NO.18 XIANXIA ROAD NANMIG SHAN STREET LIANDU DISTRICT LISHUI CITY ZHEJIANG PROVIBCE , CHINA",,,,China (CN),,Shekou,,84828000,LINEAR BEARING :- OBF16 (RED COLOR) LINEAR BEARING :- OBF16 (RED COLOR),,300.0,NOS,0.0,1389.43,,,
2025-06-19,越南,中国,CÔNG TY TNHH JADE M - TECH,WUXI J WELL PRECISION MACHINERY CO LTD,"Land Lot No. Tt3-09, Land Block, Lien Mac Ward, Bac Tu Liem District, Hanoi City, Vietnam.","YANGSHI CHUXIN INDUSTRIAL PARK, LUOSHE TOWN, HUISHAN DISTRICT, WUXI CITY, CN",,,,China,,,,84821000,"Con trượt MGN7C Z0C-T bộ phận của thanh tuyến tính dẫn hướng, bằng thép,có ổ bi,,không hiệu, phụ tùng máy gia công kim loại. NSX: Wuxi J-Well, mới 100%,MGN7C Z0C-T linear guide rail part, steel, with ball bearing, no brand, metalworking machine spare part. Manufacturer: Wuxi J-Well, 100% new",,500.0,Pieces,0.0,1385.0,,,
2025-05-21,越南,中国香港,CÔNG TY TNHH RYDER INDUSTRIES VIỆT NAM,RYDER ELECTRONICS XINFENG LTD,"Lô đất số C.II.II-1, Đường số 9, KCN Long Thành, X. Tam An, H. Long Thành, Tỉnh Đồng Nai, Việt Nam","SHUIDONG AVE(E), XINFENG INDUSTRIAL PARK, XINFENG COUNTY, GANZHOU CITY, JIANGXI PROVINCE, CHINA, HK",,,,China,,,,84821000,"22V00018#&Ổ bi, NL để sản xuất sản phẩm xuất khẩu - 2210011746 / METAL,GENERAL,LINEAR BEERING LM3,FORGINGxTURNINGxGRINDING,HEAT TREATMENT,SILVER,phi7xphi3x10MM,GCR15. Hàng mới 100%,22V00018#&Ball bearing, NL for manufacturing export products - 2210011746 / METAL,GENERAL,LINEAR BEERING LM3,FORGINGxTURNINGxGRINDING,HEAT TREATMENT,SILVER,phi7xphi3x10MM,GCR15. 100% new",,1653.0,Pieces,0.0,1383.7924,,,
2025-03-04,印度,中国,DIVINE TRANSMISSION SYSTEMS,NINGBO LIMON ROBOTECH INT CO LTD,D-12 LAJPAT NAGAR-III  N/A,,,,,CHINA,,Nanjing,DELHI AIR CARGO ACC (INDEL4),84828000,LMK20UU LINEAR MOTION BEARING (FOR INDUSTRIAL USE) LINEAR MOTION BEARING,,600.0,NOS,0.0,1381.376,2FK1Q05H6RM55,,
2025-12-08,印度,中国,BHAVI IMPEX,AMLAND GLOBE HK ENTERPRISE LTD,"108,SHUBH SANDESH, 16,  HANSRAJ LANE, BYCULLA, ","ROOM 811,BAILI BUSINESS CENTER,87-1 05, CHATHAM ROAD SOUTH,TSIM SHA TSU I,KOWLOON HONG KONG",,,,China (CN),,Ningbo,NHAVA SHEVA SEA (INNSA1),84828000,"LINEAR BEARING BRAND-HL,ITEM NO.LMF16UU LINEAR BEARING",,500.0,NOS,0.0,1380.0,,,
2025-09-18,印度,中国,DIVINE TRANSMISSION SYSTEMS,NINGBO LIMON ROBOTECH INTERNATIONAL TRADING CO LTD,D-12 LAJPAT NAGAR-III  N/A,"D8, D9, LANE 215 QINGYI ROAD HIGH-TECH ZONE NINGBO ZHEJIANG, CHINA",,,,China (CN),,Shekou,,84821090,LINEAR MOTION BEARINGS :- LM50UU LINEAR MOTION BEARINGS :- LM50UU,,200.0,NOS,0.0,1379.4,,,
2025-04-25,巴基斯坦,中国,DARBAR COMPANY,HANGZHOU TOKEN IMP & EXP CO LTD,"SHOP NO: 21, BANK ARCADE, SERAI ROAD, Karachi South Saddar Town","ROOM 1003,10TH FLOOR, NO.42 FENGQI DONG ROAD, HANGZHOU, CHINA",,,,China                         ,,Ningbo,KAPS,84821000,LINEAR BALL BEARING,,490.0,u,22980.0,1377.9511,CULVNGB2510118,,
2025-02-16,印度,中国,KHS INNOVATION & ENGINEERING LLP,ZHEJIANG SIQIANG BEARING MANUFACTURE CO LTDA,"4A, KARIM BUILDING, 1ST FLOOR,142/  144, ABDUL REHMAN STREET ",,,,,CHINA,,Shanghai,NHAVA SHEVA SEA (INNSA1),84828000,FLANGE LINEAR BEARING-LMK 16UU KHS-LG FLANGE LINEAR BEARING-LMK 16UU KHS-LG,,1500.0,NOS,0.0,1376.138,U5NWSLS36YLHN,,
2025-03-10,印度,中国,AGARWAL INDUSTRIES,QINGDAO SHIYA IMPORT AND EXPORT CO,4 Ground Floor HARESH CHAMBER SAMUEL STREET VADGADI,,,,,CHINA,,Qingdao,NHAVA SHEVA SEA (INNSA1),84821090,LINEAR BALL BEARING SC20LUU LINEAR BALL BEARING,,704.0,NOS,0.0,1373.2409,WR2ROUSHLUCH0,,
2025-04-10,越南,中国,CÔNG TY TNHH JADE M - TECH,WUXI J WELL PRECISION MACHINERY CO LTD,"Land plot number TT3-09, Land Stuck Area, Lien Mac Ward, Bac Tu Liem District, Hanoi City, Vietnam","NO.1 HEHUAN ROAD, WUXI CITY, JIANGSU PROVINCE, CN",,,,China,,,,84821000,"Con trượt HGH20CA bộ phận của thanh tuyến tính dẫn hướng, bằng thép,có ổ bi, phụ tùng máy gia công kim loại.Nhãn hiệu và NSX:Wuxi J-Well, mới 100%,HGH20CA linear guide rail part, steel, with ball bearing, metalworking machine spare part. Brand and Manufacturer: Wuxi J-Well, 100% new",,400.0,Pieces,0.0,1372.0,,,
2025-11-19,印度,中国,AMAFHH SONS,ZHEJIANG SIQIANG BEARING MANUFACTURE CO LTD,"2ND FLOOR, 71 NAGDEVI CROSS LANE,,  N/A","NO.97,XIANXIA ROAD,NANMING MOUNTAIN STREET, LIANDU ZONE,LISHUI CITY LI SHUI CITY, Zhejiang, CHINA CHINA",,,,China (CN),,Ningbo,NHAVA SHEVA SEA (INNSA1),84828000,LINEAR MOTION BEARINGS SBR20UU LINEAR MOTION BEARINGS SBR20UU,,1000.0,NOS,0.0,1370.0,,,
2025-02-20,印度,中国香港,BHAVI IMPEX,AMLAND GLOBE HK ENTERPRISE LTD,"108,SHUBH SANDESH, 16,  HANSRAJ LANE, BYCULLA, ",,,,,HONG KONG,,Ningbo,NHAVA SHEVA SEA (INNSA1),84828000,"LINEAR BEARING BRAND:HL ,ITEM NO.LMFC40LUU LINEAR BEARING",,36.0,NOS,0.0,1369.6267,U6066D9M8DSTU,,
2025-11-19,印度,中国,AMAFHH SONS,ZHEJIANG SIQIANG BEARING MANUFACTURE CO LTD,"2ND FLOOR, 71 NAGDEVI CROSS LANE,,  N/A","NO.97,XIANXIA ROAD,NANMING MOUNTAIN STREET, LIANDU ZONE,LISHUI CITY LI SHUI CITY, Zhejiang, CHINA CHINA",,,,China (CN),,Ningbo,NHAVA SHEVA SEA (INNSA1),84828000,LINEAR MOTION BEARINGS LMK20UU LINEAR MOTION BEARINGS LMK20UU,,1500.0,NOS,0.0,1365.0,,,
2025-07-28,印度,中国,AGARWAL INDUSTRIES,CHANGZHOU FOLEVO PRECISION MACHINER,4 Ground Floor HARESH CHAMBER SAMUEL STREET VADGADI,,,,,CHINA,,Qingdao,NHAVA SHEVA SEA (INNSA1),84821090,LINEAR BALL BEARING LM20 UU LINEAR BALL BEARING,,5000.0,PCS,0.0,1362.6126,XX1QCT108N7ET,,
2025-09-23,印度,中国,NXV BEARINGS PRIVATE LIMITED,NINGBO HUAYI IMP & EXP CO LTD,77 G B ROAD 2ND FLOOR,"ROOM 12-7/8, HUAHONG INTERNATIONAL CENTER, NO717 ZHONGXING ROAD, JIANG DONG DISTRICT, NINGBO, CHINA CHINA",,,,China (CN),,Qingdao,,84828000,"SC40UU,  LINEAR BEARING,  U/WT.-  1.427  (FOR INDUSTRIAL USE)BEARING",,250.0,NOS,0.0,1360.1,,,
2025-11-01,越南,中国台湾,CÔNG TY TNHH JADE M - TECH,CHUN LOUNG CO LTD,"Plot No. TT3-09, Land Plot Area, Lien Mac Ward, Bac Tu Liem District, Hanoi City, Vietnam.","NO.1, LANE 333,MINYI ST, FUAN VILLAGE SIOUSHUEI  TOWNSHIP, CHANGHUA COUNTY 50444, TAIWAN, TW",,,,China,,,,84821000,"Con trượt MGW12H Z0C-T bộ phận của thanh tuyến tính dẫn hướng, bằng thép,có ổ bi,không hiệu, phụ tùng máy gia công kim loại. NSX: Wuxi J-Well, mới 100%,MGW12H Z0C-T linear slide, part of a linear guide rail, made of steel, with ball bearings, no brand, metalworking machine spare part. Manufacturer: Wuxi J-Well, 100% new.",,200.0,Pieces,0.0,1360.0,,,
2025-05-07,印度,中国,KHS INNOVATION & ENGINEERING LLP,ZHEJIANG SIQIANG BEARING MANUFACTUR,"4A, KARIM BUILDING, 1ST FLOOR,142/  144, ABDUL REHMAN STREET ",,,,,CHINA,,Shanghai,NHAVA SHEVA SEA (INNSA1),84828000,LINEAR MOTION BEARINGS LMK30UU (BRAND - KHS LG) LINEAR MOTION BEARINGS,,800.0,PCS,0.0,1357.5437,Q8MNXZXFQ41NW,,
2025-08-11,印度,中国,KHS INNOVATION & ENGINEERING LLP,ZHEJIANG SIQIANG BEARING MANUFACTUR,"4A, KARIM BUILDING, 1ST FLOOR,142/  144, ABDUL REHMAN STREET ","E CO.,LTD NO.97, XIANXIA ROAD, NAN MING MOUNTAIN STREET LIANDU ZONE, LISHUI CITY, ZHEJIANG CHINA",,,,China (CN),,Shanghai,,84828000,LINEAR MOTION BEARINGS LMK30UU (BRAND - KHS LG) LINEAR MOTION BEARINGS,,800.0,PCS,0.0,1352.0,,,
2025-02-14,印度,中国,RELIANCE TOOLS AND BEARING STORES,ZHEJIANG SIQIANG BEARING MANUFACTURE CO LTD,"GRD FLR, 163, MUTTON  STREET, ",,,,,CHINA,,Ningbo,NHAVA SHEVA SEA (INNSA1),84828000,LINEAR BEARING BLOCK SC25UUOP LINEAR BEARING BLOCK SC25UUOP,,500.0,PCS,0.0,1350.6211,LEHHKMP5GYLNX,,
2025-06-17,印度,中国台湾,NAINI PAPERS LIMITED,BW PAPERSYSTEMS HAMBURG GMBH,18 NAVKRANTI APARTMENTS  PATPARGANJ ,,,,,TAIWAN,,FRANKFURT,DELHI AIR CARGO ACC (INDEL4),84829900,PARTS FOR PAPER MAKING M/C LINEAR BEARING 411H20F1 PARTS FOR PAPER MAKING M/C,,4.0,NOS,0.0,1349.5756,RICR70HBD1K8Z,,
2025-12-08,印度,中国,BHAVI IMPEX,AMLAND GLOBE HK ENTERPRISE LTD,"108,SHUBH SANDESH, 16,  HANSRAJ LANE, BYCULLA, ","ROOM 811,BAILI BUSINESS CENTER,87-1 05, CHATHAM ROAD SOUTH,TSIM SHA TSU I,KOWLOON HONG KONG",,,,China (CN),,Ningbo,NHAVA SHEVA SEA (INNSA1),84828000,"LINEAR BEARING BRAND-9KBC,ITEM NO.LMF30UU LINEAR BEARING",,513.0,NOS,0.0,1349.19,,,
2025-10-17,印度,中国,BHAVI IMPEX,AMLAND GLOBE HK ENTERPRISE LTD,,"ROOM 811,BAILI BUSINESS CENTER,87-1 05, CHATHAM ROAD SOUTH,TSIM SHA TSU I,KOWLOON HONG KONG",,,,China (CN),,Ningbo,NHAVA SHEVA SEA (INNSA1),84828000,"LINEAR BEARING BRAND: 9KBC, ITEM NO. LM25UU LINEAR BEARING",,1039.0,NOS,0.0,1346.29,,,
2025-06-19,越南,中国,CÔNG TY TNHH JADE M - TECH,WUXI J WELL PRECISION MACHINERY CO LTD,"Land Lot No. Tt3-09, Land Block, Lien Mac Ward, Bac Tu Liem District, Hanoi City, Vietnam.","YANGSHI CHUXIN INDUSTRIAL PARK, LUOSHE TOWN, HUISHAN DISTRICT, WUXI CITY, CN",,,,China,,,,84821000,"Con trượt MGN12C Z0C-T bộ phận của thanh tuyến tính dẫn hướng, bằng thép,có ổ bi,,không hiệu,, phụ tùng máy gia công kim loại. NSX: Wuxi J-Well, mới 100%,MGN12C Z0C-T linear guide rail part, steel, with ball bearing, no brand, metalworking machine spare part. Manufacturer: Wuxi J-Well, 100% new",,500.0,Pieces,0.0,1345.0,,,
2025-04-01,印度,中国,AXIS TECHNOLOGIES,ZHEJIANG JINGRUI INTELLIGENT TRANSMISSION CO LTD,"207, ARIHANT TOWER, 2ND FLOOR,83 V. V .CHANDAN STREET, MUMBAI, ",,,,,CHINA,,Ningbo,NHAVA SHEVA SEA (INNSA1),84828000,LINEAR MOTION BEARINGS SC20UUOP LINEAR MOTION BEARINGS SC20UUOP,,1000.0,PCS,0.0,1343.9973,VOOLSCS6OAR5X,,
2025-11-05,印度,中国,KHS INNOVATION & ENGINEERING LLP,ZHEJIANG SIQIANG BEARING MANUFACTUR,"4A, KARIM BUILDING, 1ST FLOOR,142/  144, ABDUL REHMAN STREET ","E CO.,LTD NO.97,XIANXIA ROAD. NANMING MOUNTAIN STREET. LIANDU ZONE.LISHUI CITY.ZHEJIANG CHINA",,,,China (CN),,SHANGHAI,NHAVA SHEVA SEA (INNSA1),84828000,LINEAR MOTION BEARINGS LM50UU MA LINEAR BEARINGS,,300.0,PCS,0.0,1341.0,,,
2025-08-11,印度,中国,KHS INNOVATION & ENGINEERING LLP,ZHEJIANG SIQIANG BEARING MANUFACTUR,"4A, KARIM BUILDING, 1ST FLOOR,142/  144, ABDUL REHMAN STREET ","E CO.,LTD NO.97, XIANXIA ROAD, NAN MING MOUNTAIN STREET LIANDU ZONE, LISHUI CITY, ZHEJIANG CHINA",,,,China (CN),,Shanghai,,84828000,LINEAR MOTION BEARINGS LMK10UU (BRAND - KHS LG) LINEAR MOTION BEARINGS,,2000.0,PCS,0.0,1340.0,,,
2025-01-21,印度,中国,V M TRADERS,SHANGHAI FENYUE INTERNATIONAL,"67, NAGDEVI STREET,  2ND FLOOR, ",,,,,CHINA,,Shanghai,NHAVA SHEVA SEA (INNSA1),84828000,CAM FOLLOWER (MNB) MCF62SB LINEAR  BALL BEARINGS,,200.0,NOS,0.0,1337.2607,CGXM94FBE4HRU,,
2025-05-23,越南,中国台湾,CÔNG TY TNHH JADE M - TECH,CHUN LOUNG CO LTD,"Ô đất số TT3-09, Khu Đất Kẹt, Phường Liên Mạc, Quận Bắc Từ Liêm,Thành Phố Hà Nội, Việt Nam.","NO.1, LANE 333,MINYI ST, FUAN VILLAGE SIOUSHUEI  TOWNSHIP, CHANGHUA COUNTY 50444, TAIWAN, TW",,,,Taiwan,,,,84821000,"Con trượt HRC25ML S V0N bộ phận của thanh tuyến tính dẫn hướng, bằng thép,có ổ bi, phụ tùng máy gia công kim loại. NSX: CPC, mới 100%,HRC25ML S V0N linear guide rail part, steel, with ball bearing, metalworking machine spare part. Manufacturer: CPC, 100% new",,50.0,Pieces,0.0,1335.0,,,
2025-02-20,印度,中国香港,BHAVI IMPEX,AMLAND GLOBE HK ENTERPRISE LTD,"108,SHUBH SANDESH, 16,  HANSRAJ LANE, BYCULLA, ",,,,,HONG KONG,,Ningbo,NHAVA SHEVA SEA (INNSA1),84828000,"LINEAR BEARING BRAND:HL ,ITEM NO.LMK16LUU LINEAR BEARING",,200.0,NOS,0.0,1332.8514,U6066D9M8DSTU,,
2025-02-11,印度,中国,RELIANCE TOOLS AND BEARING STORES,LISHUI JINZHENG BEARING MANUFACTURE CO LTD,"GRD FLR, 163, MUTTON  STREET, ",,,,,CHINA,,Shanghai,NHAVA SHEVA SEA (INNSA1),84828000,LINEAR MOTION BEARINGS LM30UU LINEAR MOTION BEARINGS LM30UU,,1500.0,PCS,0.0,1330.0048,1ZWXTLPY0DNUH,,
2025-11-05,印度,中国,KHS INNOVATION & ENGINEERING LLP,ZHEJIANG SIQIANG BEARING MANUFACTUR,"4A, KARIM BUILDING, 1ST FLOOR,142/  144, ABDUL REHMAN STREET ","E CO.,LTD NO.97,XIANXIA ROAD. NANMING MOUNTAIN STREET. LIANDU ZONE.LISHUI CITY.ZHEJIANG CHINA",,,,China (CN),,SHANGHAI,NHAVA SHEVA SEA (INNSA1),84824000,FLANGE LINEAR BEARING LMK25UU KHS-LG FLANGE LINEAR BEARING,,1000.0,PCS,0.0,1330.0,,,
2025-11-05,印度,中国,AXIS TECHNOLOGIES,ZHEJIANG JINGRUI INTELLIGENT TRANSMISSION CO LTD,"207, ARIHANT TOWER, 2ND FLOOR,83 V. V .CHANDAN STREET, MUMBAI, ","#99, Shangxu Road Lishui Industral Zone Zhejiang, Zhejiang, CHINA SDNF CHINA",,,,China (CN),,Shanghai,NHAVA SHEVA SEA (INNSA1),84828000,LINEAR MOTION BEARINGS LM25UU LINEAR MOTION BEARINGS LM25UU,,2002.0,NOS,0.0,1327.36,,,
2025-02-14,印度,中国,RELIANCE TOOLS AND BEARING STORES,ZHEJIANG SIQIANG BEARING MANUFACTURE CO LTD,"GRD FLR, 163, MUTTON  STREET, ",,,,,CHINA,,Ningbo,NHAVA SHEVA SEA (INNSA1),84828000,LINEAR BEARING BLOCK SC50UU LINEAR BEARING BLOCK SC50UU,,100.0,PCS,0.0,1323.6087,LEHHKMP5GYLNX,,
2025-03-08,印度,中国,SANGHVI AUTOMATION,LISHUI GREENLEAF AUTOMATIC TECHNOLOGY CO LTD,"GALA NO. F/106 TOP CLASS ENCLAVE, FIRST FLOOR BHOIDAPADA NAKA, SATIVALI ROAD, VASAI EAST",,,,,CHINA,,Ningbo,NHAVA SHEVA SEA (INNSA1),84828000,LINEAR BEARING SC 25 LUU LINEAR BEARING SC 25 LUU,,300.0,NOS,0.0,1317.7896,C5QXKO170YH8B,,
2025-03-25,俄罗斯,中国,FEDERAL MOGUL PAUERTREIN VOSTOK OOO,QINGDAO MSI INDUSTRIAL COMPONENTS CO LTD,"125445, , Г.МОСКВА, ВН.ТЕР.Г. МУНИЦИПАЛЬНЫЙ ОКРУГ ХОВРИНО,УЛ СМОЛЬНАЯ,,","266400, CHENGYANG DIS, QINGDAO, ROOM 101-1-8, YILINMEIDI, NO.16 XIANGTAN RD, ,..",,,"QINGDAO MSI INDUSTRIAL COMPONENTS CO.,LTD",China (CN),Russia,,,8482990000,"GUIDE 65*40*902 - 2 PCS., GUIDE 54*40*690 - 2 PCS., GUIDE IN PAIR WITH MATCHING GUIDE AND WITH NEEDLE (DIAMETER X LENGTH OF NEEDLES 2.5MM X 9.8MM) SEPARATOR FORM AN ASSEMBLY UNIT """"LINEAR MOTION ROLLING BEARING"""" HAVING AT",,0.0,,32.0,1313.49,,,НЕ ИМЕЕТСЯ
2025-07-26,越南,中国,CÔNG TY TNHH MISUMI VIỆT NAM,MISUMI CHINA PRECISION MACHINERY TRADING CO LTD,"Lot No. 15, Road Ts11, Tien Son Industrial Park, Dai Dong Commune, Bac Ninh Province, Vietnam","NO.1058 DILING RD, FENGXIAN DIST, SHANGHAI, CHINA, ZZ",,,,China,,,,84828000,"Thanh trượt tuyến tính có ổ bi (bằng thép, dài 25.34mm), hàng mới 100%, nhãn hiệu: MISUMI, code: C-MLGB7,Linear slide with ball bearing (steel, length 25.34mm), 100% new, brand: MISUMI, code: C-MLGB7",,520.0,Pieces,0.0,1311.388,,,
2025-04-03,巴基斯坦,中国台湾,PAKISTAN BEVERAGE LIMITED,KRONES THAILAND CO LTD,"D 113, SITE, Manghopir Road, Karachi, Karachi West Site Town",39TH FLOOR  INTERLINK TOWER 1858 13,,,,Taiwan/sep Customs Territory O,,Metropolitan Ar,KPAF,84821000,"SPARE PARTS FOR KRONES MACHINE: K 801-399 Ergomodul 
Recirculating linear ball bearing unit",,2.0,u,34000.0,1311.2624,DSV0894312,,
2025-07-18,印度,中国,CENTURY PANELS LIMITED,CHINA FOMA GROUP CO LTD,"P-15/1, TARATALA ROAD null",,,,,CHINA,,Shanghai,HYDERABAD ACC (INHYD4),84828000,LINEAR GUIDE BEARING GGB45AAKKP-4H-S LINEAR GUIDE BEARING GGB45AAKKP-4H-S,,12.0,NOS,0.0,1310.5154,3UJ7PELNX26YJ,,
2025-03-07,巴基斯坦,中国台湾,PAKISTAN BEVERAGE LIMITED,KRONES THAILAND CO LTD,"D 113, SITE, Manghopir Road, Karachi, Karachi West Site Town",39TH FLOOR  INTERLINK TOWER 1858 13,,,,Taiwan,,METROPOLITAN,KPAF,84821000,Recirculating linear ball bearing unit,,2.0,u,39000.0,1308.1986,DSV0879337,,
2025-06-30,印度,中国,MAHAVIR SALES CORPORATION,YIWU ZHITONG E COMMERCE FIRM,"128,NARAYAN DHURU STREET,MICRO  HOUSE,4TH FL ",,,,,CHINA,,Ningbo,NHAVA SHEVA SEA (INNSA1),84828000,LINEAR MOTION BEARINGS SCS35UU LINEAR MOTION BEARINGS SCS35UU,,300.0,PCS,0.0,1302.8953,T7FO7SFY9XVX3,,
2025-11-30,印度,中国,G J IMPEX,XIAMEN PRIDE BEARINGS CO LTD,"B-64/3A, MAYAPURI PHASE II,  N/A","ZONE-D, UNIT 507,NO: 1690,GANGZHONG ROAD,XIAMEN, FUJIAN, CHINA SDNF CHINA",,,,China (CN),,Qingdao,TUGHLAKABAD,84828000,"LM50UU, LINEAR BEARING,  U/WT.-  1.55  (FOR INDUSTRIAL USE) LINEAR BEARING",,500.0,NOS,0.0,1300.7,,,
2025-11-07,印度,中国,AGARWAL INDUSTRIES,CHANGZHOU FOLEVO PRECISION MACHINER,4 Ground Floor HARESH CHAMBER SAMUEL STREET VADGADI,"Y CO., LTD NO. 288, XIAXI WEST ROAD , JIAZE TOWN, WUJIN DISTRICT, CHANG ZHOU CITY, JIANGSU CHINA",,,,China (CN),,Qingdao,NHAVA SHEVA SEA (INNSA1),84821090,LINEAR BALL BEARING LMK20 UU LINEAR BALL BEARING,,2000.0,PCS,0.0,1294.43,,,
2025-09-23,印度,中国,NXV BEARINGS PRIVATE LIMITED,NINGBO HUAYI IMP & EXP CO LTD,77 G B ROAD 2ND FLOOR,"ROOM 12-7/8, HUAHONG INTERNATIONAL CENTER, NO717 ZHONGXING ROAD, JIANG DONG DISTRICT, NINGBO, CHINA CHINA",,,,China (CN),,Qingdao,,84828000,"SC30UU,  LINEAR BEARING,  U/WT.-  0.642  (FOR INDUSTRIAL USE)BEARING",,500.0,NOS,0.0,1294.1,,,
2025-05-30,印度,中国,AMAFHH SONS,ZHEJIANG SIQIANG BEARING MANUFACTURE CO LTD,"2ND FLOOR, 71 NAGDEVI CROSS LANE,,  N/A",,,,,CHINA,,Ningbo,NHAVA SHEVA SEA (INNSA1),84828000,LINEAR MOTION BEARINGS SCS30UU LINEAR MOTION BEARINGS SCS30UU,,500.0,PCS,0.0,1292.9479,0LAHS2H9JC2RX,,
2025-03-10,印度,中国,RNS BEARINGS,SHANDONG YKK BEARING MANUFACTURING,"3rd FLOOR, 306, Menek Bhavan Premises Co-op.Soc.Ltd 137,Narayan Dhuru Street , Mumbai",,,,,CHINA,,Beijing,SAHAR AIR CARGO ACC (INBOM4),84828000,LINEAR ROLLER BEARING BEARING,,8.0,NOS,0.0,1290.8557,J6A1P7EINRPVM,,
2025-04-14,越南,中国,CÔNG TY TNHH MISUMI VIỆT NAM,MISUMI CHINA PRECISION MACHINERY TRADING CO LTD,"Lot 15, TS11 Road, Tien Son Industrial Park, Hoan Son Commune. Tien Du District, Bac Ninh","NO.1058 DILING RD, FENGXIAN DIST, SHANGHAI, CHINA, CN",,,,China,,,,84828000,"Thanh trượt tuyến tính có ổ bi (bằng thép, dài 192mm), hàng mới 100%, nhãn hiệu: MISUMI, code: E-GMLG7-192,Linear slide with ball bearing (steel, length 192mm), 100% new, brand: MISUMI, code: E-GMLG7-192",,250.0,Pieces,0.0,1288.6225,,,
2025-01-19,印度,中国,KAMAL SHAFT & TUBES INDIA LLP,QINGDAO YI XIN YAN INTERNATIONAL TR,"PLOT NO. 25/6, INDUSTRIAL AREA, N.I.T",,,,,CHINA,,Qingdao,NHAVA SHEVA SEA (INNSA1),84828000,LINEAR BEARING LM 25UU (NET WT 484.00KGS) LINEAR BEARING,,2200.0,PCS,0.0,1285.2853,II71ZJCPM7WJD,,
2025-02-15,印度,中国,KHS INNOVATION & ENGINEERING LLP,XI'AN SILVERSTONE MACHINERY INDUSTRY CO LTD,"4A, KARIM BUILDING, 1ST FLOOR,142/  144, ABDUL REHMAN STREET ",,,,,CHINA,,Shanghai,NHAVA SHEVA SEA (INNSA1),84821090,LINEAR BALL BEARINGS-SBE25UU -KHS-LG LINEAR BALL BEARINGS-SBE25UU -KHS-LG,,600.0,NOS,0.0,1284.6151,O2WB7PR20FTJ2,,
2025-07-28,印度,中国,AGARWAL INDUSTRIES,CHANGZHOU FOLEVO PRECISION MACHINER,4 Ground Floor HARESH CHAMBER SAMUEL STREET VADGADI,,,,,CHINA,,Qingdao,NHAVA SHEVA SEA (INNSA1),84821090,LINEAR BALL BEARING RGW45 HA LINEAR BALL BEARING,,45.0,PCS,0.0,1281.6756,XX1QCT108N7ET,,
2025-02-16,俄罗斯,中国,ООО МОЛДКРАФТ,ZHENJIANG JESDA IMPORT&EXPORT CO LTD,"170027, ТВЕРСКАЯ ОБЛАСТЬ, Г.ТВЕРЬ, УЛ. МАРИИ СМИРНОВОЙ, 3",", JIANGSU PR., ZHENJIANG CITY, BAOTA LANE, 2/104.,",,,"CHANGSHA BORUM MOLD CO., LTD",China (CN),Russia,,,8482990000,"BALL SEPARATORS, COMPLETE WITH GUIDE BUSHING - LINEAR BALL BEARING ASSEMBLY, BRASS WITH STEEL BALLS ON CYLINDRICAL SURFACE OF INJECTION MOLDS FOR THERMOPLASTIC INJECTION MOLDING: MORE",,0.0,,24.9,1281.49,,,NITONI
2025-11-05,印度,中国,CNZ BEARINGS PRIVATE LIMITED,SHAOXING LAVA MACHINERY CO LTD,"17, ARYAN CORPORATE PARK, NR.  SHILAJ RLY CROSSING, THALTEJ, ","XINCHANG, Zhejiang, CHINA SDNF SDNF CHINA",,,,China (CN),,Ningbo,AHEMDABAD ICD (INSBI6),84821090,LINEAR BALL BEARING - LM40UU LINEAR BALL BEARING - LM40UU,,500.0,PCS,0.0,1280.41,,,
2025-08-04,印度,中国,CNZ BEARINGS PRIVATE LIMITED,SHAOXING LAVA MACHINERY CO LTD,"17, ARYAN CORPORATE PARK, NR.  SHILAJ RLY CROSSING, THALTEJ, ","XINCHANG, Zhejiang, CHINA SDNF SDNF CHINA",,,,China (CN),,Ningbo,,84821090,LINEAR BALL BEARING WITH HOUSING - SC16UU LINEAR BALL BEARING WITH HOUSING - SC16UU,,700.0,PCS,0.0,1273.8,,,
2025-04-25,印度,中国,BHAVI IMPEX,AMLAND GLOBE HK ENTERPRISE LTD,"108,SHUBH SANDESH, 16,  HANSRAJ LANE, BYCULLA, ",,,,,CHINA,,Ningbo,NHAVA SHEVA SEA (INNSA1),84828000,"LINEAR BEARING BRAND:HL, ITEM NO.LMT16UU LINEAR BEARING",,350.0,NOS,0.0,1272.1847,LFU4IYNTHODV1,,
2025-12-04,印度,中国,KNOWELL INTERNATIONAL PRIVATE LIMITED,RHB PRECISION MACHINERY CO LTD,"20, NETAJI SUBHAS ROAD,  N/A","NO. 20-6, 37 BAIZHANG EAST ROAD, YI NZHOU, NINGBO P.R. CHINA ., , CHINA SDNF CHINA",,,,China (CN),,Shanghai,Kolkata,84828000,LINEAR MOTION GLIDING BEARINGS NO - PHS 30 (BRAND - KHK) LINEAR MOTION GLIDING BEARINGS NO - PHS 30 (BRAND - KHK),,162.0,PCS,0.0,1268.87,,,
2025-05-16,印度,中国,SHREE SAI TRADERS,LISHUI CITY JIALIDA BEARING CO LTD,RATTAN SINGH CHOWK FATEHGARH CHURIAN ROAD NEXT TO INDIAN OIL PUMP,,,,,CHINA,,Shanghai,ICD PATPARGANJ,84821090,LINEAR BEARING (LMES40UU) LINEAR BEARING (LMES40UU),,200.0,NOS,0.0,1265.7846,FZRI7STLZS0L4,,
2025-12-08,印度,中国,BHAVI IMPEX,AMLAND GLOBE HK ENTERPRISE LTD,"108,SHUBH SANDESH, 16,  HANSRAJ LANE, BYCULLA, ","ROOM 811,BAILI BUSINESS CENTER,87-1 05, CHATHAM ROAD SOUTH,TSIM SHA TSU I,KOWLOON HONG KONG",,,,China (CN),,Ningbo,NHAVA SHEVA SEA (INNSA1),84828000,"LINEAR BEARING BRAND-HL,ITEM NO.LMF30LUU LINEAR BEARING",,150.0,NOS,0.0,1264.5,,,
2025-08-11,印度,中国,KHS INNOVATION & ENGINEERING LLP,ZHEJIANG SIQIANG BEARING MANUFACTUR,"4A, KARIM BUILDING, 1ST FLOOR,142/  144, ABDUL REHMAN STREET ","E CO.,LTD NO.97, XIANXIA ROAD, NAN MING MOUNTAIN STREET LIANDU ZONE, LISHUI CITY, ZHEJIANG CHINA",,,,China (CN),,Shanghai,,84828000,LINEAR MOTION BEARINGS LMF30UU (BRAND - KHS LG) LINEAR MOTION BEARINGS,,800.0,PCS,0.0,1264.0,,,
2025-09-26,印度,中国,AGARWAL INDUSTRIES,CHANGZHOU FOLEVO PRECISION MACHINER,4 Ground Floor HARESH CHAMBER SAMUEL STREET VADGADI,"Y CO., LTD NO. 288, XIAXI WEST ROAD , JIAZE TOWN, WUJIN DISTRICT, CHANG ZHOU CITY, JIANGSU CHINA",,,,China (CN),,Qingdao,,84821090,LINEAR BALL BEARING SC12L UU LINEAR BALL BEARING,,1000.0,PCS,0.0,1263.23,,,
2025-11-05,越南,中国,CÔNG TY TNHH CÔNG NGHỆ TỰ ĐỘNG HÓA THIÊN VŨ VIỆT NAM,HONG KONG JINZHENG TECHNOLOGY DEVELOPMENT CO LIMITED,"Que Vo Industrial Zone (Expanded Area), Phuong Lieu Ward, Bac Ninh Province, Vietnam","ROOM 01,21/F, PROSPER COMMERCIAL BUILDING, 9 YIN CHONG STREET, KOWLOON, HONG KONG, CHINA, CN",,,,China,,,,84821000,"Bộ thanh trượt hoàn chỉnh gồm thanh trượt và con trượt vuông chứa ổ bi, dùng hỗ trợ dẫn hướng cho thiết bị công nghiệp, kt: 600*27*13.1mm,model: MGN12C-4R-600,nsx: Dongguan Shenghe Transmission,Complete linear guide set including linear guide and square bearing slide, used to support the guidance of industrial equipment, dimensions: 600*27*13.1mm, model: MGN12C-4R-600, manufacturer: Dongguan Shenghe Transmission",,20.0,Pieces,0.0,1262.8,,,
2025-03-10,印度,中国,AGARWAL INDUSTRIES,QINGDAO SHIYA IMPORT AND EXPORT CO,4 Ground Floor HARESH CHAMBER SAMUEL STREET VADGADI,,,,,CHINA,,Qingdao,NHAVA SHEVA SEA (INNSA1),84821090,LINEAR BALL BEARING LM40UU LINEAR BALL BEARING,,1000.0,NOS,0.0,1262.1698,WR2ROUSHLUCH0,,
2025-06-11,印度,中国,TECHNOMET ENTERPRISES PUNE,ZHEJIANG JINGJIU BEARINGS INDUSTRIAL CO LTD,"SHOP NO-102,103 & 104 VARAD VINAYAK COMPLEX S.NO-26/1 AT NARHE TAL-HAVELI PUNE",,,,,CHINA,,Shanghai,NHAVA SHEVA SEA (INNSA1),84829900,"HG35-4000L, Linear guide (Bearing Parts) HG35-4000L, Linear guide",,25.0,PCS,0.0,1261.6436,EJH3TW211D2ZA,,
2025-09-25,越南,中国,CÔNG TY TNHH THIẾT BỊ CƠ ĐIỆN MINH THÀNH,HK TOMUU ACTUATOR TECHNOLOGY CO LIMITED,"Trang Due Residential Group (At Ngan Vu Company Limited), An Duong Ward, Hai Phong City, Vietnam","ROOM 1318-19, HOLLYWOOD PLAZA, 610 NATHAN ROAD, MONGKOK, KOWLOON, HONGKONG, CN",,,,China,,,,84821000,"TMA-MNA-U13A00043#& Ổ bi dùng cho hộp số động cơ của bộ truyền động tuyến tính, mới 100%,TMA-MNA-U13A00043#&amp; bearings for gearbox motor of the actuator, linear, 100% new",,8400.0,Pieces,0.0,1260.0,,,
2025-09-08,越南,中国,CÔNG TY TNHH THIẾT BỊ CƠ ĐIỆN MINH THÀNH,HK TOMUU ACTUATOR TECHNOLOGY CO LIMITED,"Trang Due Residential Group (At Ngan Vu Company Limited), An Duong Ward, Hai Phong City, Vietnam","ROOM 1318-19, HOLLYWOOD PLAZA, 610 NATHAN ROAD, MONGKOK, KOWLOON, HONGKONG, ZZ",,,,China,,,,84821000,"TMA-MNA-U13A00043#& Ổ bi dùng cho hộp số động cơ của bộ truyền động tuyến tính, mới 100%,TMA-MNA-U13A00043#&amp; bearings for gearbox motor of the actuator, linear, 100% new",,8400.0,Pieces,0.0,1260.0,,,
2025-11-06,越南,中国,CÔNG TY TNHH THIẾT BỊ CƠ ĐIỆN MINH THÀNH,HK TOMUU ACTUATOR TECHNOLOGY CO LIMITED,"Trang Due Residential Area (at Ngan Vu Co., Ltd.), An Duong Ward, Hai Phong City, Vietnam","ROOM 1318-19, HOLLYWOOD PLAZA, 610 NATHAN ROAD, MONGKOK, KOWLOON, HONGKONG, CN",,,,China,,,,84821000,"MNA-U13A00043#&Ổ bi dùng cho hộp số động cơ của bộ truyền động tuyến tính, mới 100%,MNA-U13A00043#&Bearing for motor gearbox of linear actuator, 100% new",,8400.0,Pieces,0.0,1260.0,,,
2025-02-14,印度,中国,RELIANCE TOOLS AND BEARING STORES,ZHEJIANG SIQIANG BEARING MANUFACTURE CO LTD,"GRD FLR, 163, MUTTON  STREET, ",,,,,CHINA,,Ningbo,NHAVA SHEVA SEA (INNSA1),84828000,FLANGE LINEAR MOTION BEARING LMF50LUU FLANGE LINEAR MOTION BEARING LMF50LUU,,99.0,PCS,0.0,1259.9736,LEHHKMP5GYLNX,,
2025-04-18,印度,中国,NXV BEARINGS PRIVATE LIMITED,NINGBO HUAYI IMP & EXP CO LTD,77 G B ROAD 2ND FLOOR,,,,,CHINA,,Qingdao,CMA CGM LOGISTICS PARK ICD (INCPL6),84828000,"LM 40 UU,  LINEAR MOTION BEARING,  U/WT.-  0.55  (FOR INDUSTRIAL USE)BEARING",,1000.0,NOS,0.0,1256.6782,E26EMX78SXYEK,,
2025-07-16,斯里兰卡,中国台湾,SAMSON RUBBER INDUSTRIES PVT LTD,PAXTON CO LTD,"SAMSON RUBBER INDUSTRIES,JINASENA MW., MAHARA, KADAWATHA.,TSO - F13,EREG COMPLTD","4F-3 NO. 396, CHI HSIEN 2ND ROAD,PO BOX 23-95 KAOHSIUNG,TAIWAN (R.O.C)",,,,"TAIWAN,CHINA",,,,84821000,"17 NOS LINEAR BEARING / RAIL,",,17.0,NIU,13.0,1256.38,,,
2025-02-20,印度,中国香港,BHAVI IMPEX,AMLAND GLOBE HK ENTERPRISE LTD,"108,SHUBH SANDESH, 16,  HANSRAJ LANE, BYCULLA, ",,,,,HONG KONG,,Ningbo,NHAVA SHEVA SEA (INNSA1),84828000,"LINEAR BEARING BRAND:HL ,ITEM NO.LM40UU LINEAR BEARING",,300.0,NOS,0.0,1255.6435,U6066D9M8DSTU,,
2025-07-29,印度,中国,RHD ENTERPRISE,CIXI HUIBO IMPORT AND EXPORT CO LTD,"D-10, HIRAMANEK BAPTISTA ROAD, VILE PARLE WEST,MUMBAI null",,,,,CHINA,,Qingdao,NHAVA SHEVA SEA (INNSA1),84821090,LINEAR BEARINGS LM20UU LINEAR BEARINGS LM20UU,,3000.0,NOS,0.0,1254.6959,RT6OI02E86FIR,,
2025-05-23,越南,中国,CÔNG TY TNHH SẢN XUẤT VÀ THƯƠNG MẠI DULICO,NINGBO POWERNICE INTELLIGENT TECHNOLOGY CO LTD,"Lô A2, CN7 cụm công nghiệp Từ Liêm, Phường Phương Canh, Quận Nam Từ Liêm, Thành phố Hà Nội, Việt Nam","398 BINHAI RD, BINHAI NEW AREA, ECONOMIC DEVELOPMENT  ZONE, FENGHUA DISTRICT NINGBO CITY, ZHEJIANG PROVINCE CHINA, CN",,,,China,,,,84821000,"Vòng bi cầu rãnh sâu, P/N: MS1301-6006RS,chất liệu bằng thép (có nắp nhựa chống bụi), dùng cho thiết bị truyền động tuyến tính, kích thước: phi 8*phi 22*7t. Mới 100%,Deep groove ball bearing, P/N: MS1301-6006RS, steel material (with dustproof plastic cover), used for linear actuator, size: phi 8*phi 22*7t. 100% new",,2200.0,Pieces,0.0,1254.0,,,
2025-05-30,越南,中国,CÔNG TY TNHH SẢN XUẤT VÀ THƯƠNG MẠI DULICO,NINGBO POWERNICE INTELLIGENT TECHNOLOGY CO LTD,"Lô A2, CN7 cụm công nghiệp Từ Liêm, Phường Phương Canh, Quận Nam Từ Liêm, Thành phố Hà Nội, Việt Nam","398 BINHAI RD, BINHAI NEW AREA, ECONOMIC DEVELOPMENT  ZONE, FENGHUA DISTRICT NINGBO CITY, ZHEJIANG PROVINCE CHINA, CN",,,,China,,,,84821000,"Vòng bi cầu rãnh sâu, P/N: MS1301-6006RS,chất liệu bằng thép (có nắp nhựa chống bụi), dùng cho thiết bị truyền động tuyến tính, kích thước: phi 8*phi 22*7t. Mới 100%,Deep groove ball bearing, P/N: MS1301-6006RS, steel material (with dustproof plastic cover), used for linear actuator, size: phi 8*phi 22*7t. 100% new",,2200.0,Pieces,0.0,1254.0,,,
2025-11-14,越南,中国,CÔNG TY TNHH SẢN XUẤT VÀ THƯƠNG MẠI DULICO,NINGBO POWERNICE INTELLIGENT TECHNOLOGY CO LTD,"Lot A2, CN7 Tu Liem Industrial Cluster, Xuan Phuong Ward, Hanoi City, Vietnam","398 BINHAI RD, BINHAI NEW AREA, ECONOMIC DEVELOPMENT  ZONE, FENGHUA DISTRICT NINGBO CITY, ZHEJIANG PROVINCE CHINA, CN",,,,China,,,,84821000,"Vòng bi cầu rãnh sâu, P/N: MS1301-6006RS,chất liệu bằng thép (có nắp nhựa chống bụi), dùng cho thiết bị truyền động tuyến tính, kích thước: phi 8*phi 22*7t. Mới 100%,Deep groove ball bearing, P/N: MS1301-6006RS, made of steel (with plastic dust cover), used for linear motion devices, dimensions: Ø8*Ø22*7t. 100% brand new.",,2200.0,Pieces,0.0,1254.0,,,
2025-11-20,越南,中国,CÔNG TY TNHH SẢN XUẤT VÀ THƯƠNG MẠI DULICO,NINGBO POWERNICE INTELLIGENT TECHNOLOGY CO LTD,"Lot A2, CN7 Tu Liem Industrial Cluster, Xuan Phuong Ward, Hanoi City, Vietnam","398 BINHAI RD, BINHAI NEW AREA, ECONOMIC DEVELOPMENT  ZONE, FENGHUA DISTRICT NINGBO CITY, ZHEJIANG PROVINCE CHINA, CN",,,,China,,,,84821000,"Vòng bi cầu rãnh sâu, P/N: MS1301-6006RS,chất liệu bằng thép (có nắp nhựa chống bụi), dùng cho thiết bị truyền động tuyến tính, kích thước: phi 8*phi 22*7t. Mới 100%,Deep groove ball bearing, P/N: MS1301-6006RS, made of steel (with plastic dust cover), used for linear motion devices, dimensions: Ø8*Ø22*7t. 100% brand new.",,2200.0,Pieces,0.0,1254.0,,,
2025-07-24,越南,中国,CÔNG TY TNHH SẢN XUẤT VÀ THƯƠNG MẠI DULICO,NINGBO POWERNICE INTELLIGENT TECHNOLOGY CO LTD,"Lot A2, Cn7 Tu Liem Industrial Park, Phuong Canh Ward, Nam Tu Liem District, Hanoi City, Vietnam","398 BINHAI RD, BINHAI NEW AREA, ECONOMIC DEVELOPMENT  ZONE, FENGHUA DISTRICT NINGBO CITY, ZHEJIANG PROVINCE CHINA, ZZ",,,,China,,,,84821000,"Vòng bi cầu rãnh sâu, P/N: MS1301-608RS-1,chất liệu bằng thép (có nắp nhựa chống bụi), dùng cho hộp số của thiết bị truyền động tuyến tính, kích thước: phi 8*phi 22*7t. Mới 100%,Deep groove ball bearing, P/N: MS1301-608RS-1, steel material (with dustproof plastic cover), used for gearbox of linear actuator, size: phi 8*phi 22*7t. 100% new",,9600.0,Pieces,0.0,1248.0,,,
2025-05-27,印度,中国,THE BALL BEARING TRADERS,ZHEJIANG SIQIANG BEARING MANUFACTURE CO LTD,"NO.8/1,KRISHNASAI MANSION,N.R.RD,K  ALASIPALYAM, NEW EXTN. ",,,,,CHINA,,Ningbo,Chennai  ,84828000,LINEAR BEARINGS-LM40 UU LINEAR BEARINGS-LM40 UU,,650.0,NOS,0.0,1243.1567,BNUI4YICVJ80K,,
2025-11-22,越南,中国,CÔNG TY CỔ PHẦN THƯƠNG MẠI CƠ KHÍ TRUNG TÍN,WUXI BLS MECHANICAL TRANSMISSION TECHNOLOGY CO LTD,"House No. 83, 664 Residential Area, Thanh Tri Commune, Hanoi City","MINFENG ROAD 198#,WUXI, JIANGSU,CHINA, CN",,,,China,,,,84828000,"Bi trượt bằng thép, model: LMK25UU, hiệu UKB, dùng cho các loại máy nông nghiệp, băng tải. Hàng mới 100%,Steel linear bearings, model: LMK25UU, UKB brand, used for agricultural machinery and conveyor belts. 100% brand new.",,1000.0,Pieces,0.0,1240.0,,,
2025-08-02,越南,中国,CÔNG TY TNHH GOERTEK ĐIỆN TỬ VIỆT NAM,NANNING GOERTEK TRADING CO LTD,"Lot A1, Nam Son - Hap Linh Industrial Park, Nam Son Ward, Hap Linh Va Ward, Tan Chi Commune, Bac Ninh Province, Vietnam","F16-17, R&D BLD, HEADQUARTER BASE, OF NANNING-ASEAN AGRICULTURAL, SCIENCE & TECHNOLOGY DLT ENTERPRISE, NO.10 GAOXIN,3RD ROAD, NANNING CITY, CN",,,,China,,,,84828000,"811170003338#&Thanh trượt tuyến tính chất liệu bằng 40% thép, 60% nhôm có ổ bi, kích thước: 10*8*30mm, mới 100%, 811170003338,811170003338#&amp;slider linear material by 40% steel, 60% aluminum bearing, size: 10*8*30mm, 100% new, 811170003338",,52.0,Pieces,0.0,1238.5,,,
2025-02-20,印度,中国,SYSCOM AUTOMATION,LISHUI GREENLEAF AUTOMATIC TECHNOLOY CO LTD,"8/24, MUNICIPAL COLONY,PARK SITE, VIKHROLI WEST ,",,,,,CHINA,,Ningbo,NHAVA SHEVA SEA (INNSA1),84828000,LINEAR BEARING LMK25 R.FUU (188 KGS) LINEAR BEARING LMK25 R.FUU (188 KGS),,700.0,NOS,0.0,1238.4342,DTZY6YQ9GVIWO,,
2025-06-30,印度,中国,MAHAVIR SALES CORPORATION,YIWU ZHITONG E COMMERCE FIRM,"128,NARAYAN DHURU STREET,MICRO  HOUSE,4TH FL ",,,,,CHINA,,Ningbo,NHAVA SHEVA SEA (INNSA1),84828000,LINEAR MOTION BEARINGS SBR25-4020L LINEAR MOTION BEARINGS SBR25-4020L,,30.0,PCS,0.0,1236.8243,T7FO7SFY9XVX3,,
2025-11-14,印度,中国,RELIANCE INDUSTRIES LIMITED,ABEX INFOWAY EUROPE LTD,"MAKER CHAMBER IV,  3RD FLOOR,222 NARIMAN POINT ","UNIT 1 (FRONT) SHERBOURNE HOUSE 25 NORTHOLT ROAD HARROW MIDDLESEX HA2O LH Middlesex - HA20LH, , United Kin United Kingdom",,,,China (CN),,AMSTERDAM,SAHAR AIR CARGO ACC (INBOM4),84828000,LINEAR BEARING HGH25 - SPARES FOR CUTTING MACHINE 2002084547(COO-CHINA)LINEAR BEARING HGH25 - SPARES FOR CUTTING MACHINE 2002084547,,10.0,NOS,0.0,1234.41,,,
2025-03-10,印度,中国,AGARWAL INDUSTRIES,QINGDAO SHIYA IMPORT AND EXPORT CO,4 Ground Floor HARESH CHAMBER SAMUEL STREET VADGADI,,,,,CHINA,,Qingdao,NHAVA SHEVA SEA (INNSA1),84821090,LINEAR BALL BEARING LM30UU LINEAR BALL BEARING,,2000.0,NOS,0.0,1233.4834,WR2ROUSHLUCH0,,
2025-01-21,印度,中国,V M TRADERS,SHANGHAI FENYUE INTERNATIONAL,"67, NAGDEVI STREET,  2ND FLOOR, ",,,,,CHINA,,Shanghai,NHAVA SHEVA SEA (INNSA1),84828000,TRACK ROLLER BEARING (MNB) CRY22VUU LINEAR  BALL BEARINGS,,450.0,NOS,0.0,1230.8877,CGXM94FBE4HRU,,
2025-05-12,印度,中国,METRO BEARING INTERNATIONAL,HANKES NEW MATERIALS SHANDONG CO LTD,H NO 2448 1ST FLOOR RAJJI G B ROAD NEAR MASJID,,,,,CHINA,,Qingdao,TUGHLAKABAD,84828000,"SCS25UU,  LINEAR MOTION BEARING,  U/WT.-  0.6  (FOR INDUSTRIAL USE)BEARING",,1000.0,NOS,0.0,1230.4246,L00UI7NZIRNG7,,
2025-11-19,印度,中国,AMAFHH SONS,ZHEJIANG SIQIANG BEARING MANUFACTURE CO LTD,"2ND FLOOR, 71 NAGDEVI CROSS LANE,,  N/A","NO.97,XIANXIA ROAD,NANMING MOUNTAIN STREET, LIANDU ZONE,LISHUI CITY LI SHUI CITY, Zhejiang, CHINA CHINA",,,,China (CN),,Ningbo,NHAVA SHEVA SEA (INNSA1),84828000,LINEAR MOTION BEARINGS LM30UU LINEAR MOTION BEARINGS LM30UU,,1500.0,NOS,0.0,1230.0,,,
2025-01-03,越南,中国台湾,CÔNG TY TNHH JADE M - TECH,CHUN LOUNG CO LTD,"Land Lot No. Tt3-09, Land Stuck Area, Lien Mac Ward, Bac Tu Liem District, Hanoi City, Vietnam","NO.1, LANE 333,MINYI ST, FUAN VILLAGE SIOUSHUEI  TOWNSHIP, CHANGHUA COUNTY 50444, TAIWAN, TW",,,,Taiwan,,,,84821000,"Con trượt MR9ML SU VCN bộ phận của thanh tuyến tính dẫn hướng, bằng thép,có ổ bi, phụ tùng máy gia công kim loại. NSX: CPC, mới 100%,MR9ML SU VCN linear guide rail part, steel, with ball bearing, metalworking machine spare part. Manufacturer: CPC, 100% new",,150.0,Pieces,0.0,1222.5,,,
2025-12-13,秘鲁,中国,IMPORTADORA Y DISTRIBUIDORA DE RETENES R,KAIYUAN SHIPPING CO LTD,AV. RAMON CARCAMO NRO. 506,,,,,"CHINA, PEOPLE'S REPUBLIC OF",,NINGBO LISHE INTERNATIONAL APT,,8482100000,"RODAMIENTO LINEAL, KMK, ROD-3455 REPUESTO PARA MAQUINAS QUE REQUIEREN ALTA PRECISION DE POSICIONAMIENTO, REPETIBILIDAD Y RI RODAMIENTOS INDUSTRIALES DE ACERO DONDE RECIRCULAN UNAS PEQUENAS BOLAS DE ACERO QUE PERMIT LINEAR BEARING DE ACERO",,40.0,UNITS,77.8,1218.67,,,
2025-01-21,印度,中国,V M TRADERS,SHANGHAI FENYUE INTERNATIONAL,"67, NAGDEVI STREET,  2ND FLOOR, ",,,,,CHINA,,Shanghai,NHAVA SHEVA SEA (INNSA1),84824000,TRACK ROLLER BEARING (MNB) MCYR17S LINEAR  BALL BEARINGS,,500.0,NOS,0.0,1215.6915,CGXM94FBE4HRU,,
2025-01-21,印度,中国,V M TRADERS,SHANGHAI FENYUE INTERNATIONAL,"67, NAGDEVI STREET,  2ND FLOOR, ",,,,,CHINA,,Shanghai,NHAVA SHEVA SEA (INNSA1),84824000,TRACK ROLLER BEARING (MNB) MCYR8S LINEAR  BALL BEARINGS,,1000.0,NOS,0.0,1215.6915,CGXM94FBE4HRU,,
2025-06-04,越南,中国,CÔNG TY TNHH SẢN XUẤT VÀ THƯƠNG MẠI DULICO,NINGBO POWERNICE INTELLIGENT TECHNOLOGY CO LTD,"Lot A2, Cn7 Tu Liem Industrial Park, Phuong Canh Ward, Nam Tu Liem District, Hanoi City, Vietnam","398 BINHAI RD, BINHAI NEW AREA, ECONOMIC DEVELOPMENT  ZONE, FENGHUA DISTRICT NINGBO CITY, ZHEJIANG PROVINCE CHINA, CN",,,,China,,,,84821000,"Vòng bi cầu rãnh sâu, P/N: MS1301-6006RS,chất liệu bằng thép (có nắp nhựa chống bụi), dùng cho thiết bị truyền động tuyến tính, kích thước: phi 8*phi 22*7t. Mới 100%,Deep groove ball bearing, P/N: MS1301-6006RS, steel material (with dustproof plastic cover), used for linear actuator, size: phi 8*phi 22*7t. 100% new",,2128.0,Pieces,0.0,1212.96,,,
2025-06-19,印度,中国,RHD ENTERPRISE,CIXI HUIBO IMPORT AND EXPORT CO LTD,"D-10, HIRAMANEK BAPTISTA ROAD, VILE PARLE WEST,MUMBAI null",,,,,CHINA,,Ningbo,NHAVA SHEVA SEA (INNSA1),84821090,LINEAR BEARING HGW15(METAL) LINEAR BEARING HGW15(METAL),,366.0,NOS,0.0,1210.837,2H95CF4FI9KXG,,
2025-05-30,印度,中国,AMAFHH SONS,ZHEJIANG SIQIANG BEARING MANUFACTURE CO LTD,"2ND FLOOR, 71 NAGDEVI CROSS LANE,,  N/A",,,,,CHINA,,Ningbo,NHAVA SHEVA SEA (INNSA1),84828000,LINEAR MOTION BEARINGS  SBR16UU LINEAR MOTION BEARINGS  SBR16UU,,1000.0,PCS,0.0,1206.7514,0LAHS2H9JC2RX,,
2025-01-27,印度,中国,INDO MIM LIMITED,FOUTEMA AUTOMATION TECHNOLOGY SUZHOU CO LTD,"213/(539/A), STREET.NO.7, LANE.NO.2 HIMAYAT NAGAR, ",,,,,CHINA,,Shanghai,BANGALORE ACC (INBLR4),84828000,"MIDDLE SQUARE FLANGE LINEAR BEARING 8600001559 V53  B3I,24NOS,(JIGS & FIXTURE PARTS)MIDDLE SQUARE FLANGE LINEAR BEARING 8600001559 V53  B3I,24NO",,24.0,NOS,0.0,1206.3028,CFJ2LWQTQ45LT,,
2025-03-20,印度,中国,JAYACHANDRA BEARINGS INDIA PRIVATE LIMITED,SHANGHAI NEO STAR MACHINERY&TECHNOL,"1002, AVANASHI ROAD,  N/A",,,,,CHINA,,Qingdao,NHAVA SHEVA SEA (INNSA1),84828000,SRBF BRAND - LINEAR MOTION  BEARING (INDL USE ONLY) LM20UU SRBF BRAND - LINEAR MOTION  BEARING (INDL USE ONLY),,3000.0,NOS,0.0,1204.8871,96KEIHU5P6ZZZ,,
2025-09-26,印度,中国,KHS INNOVATION & ENGINEERING LLP,XI'AN SILVERSTONE MACHINERY INDUST,"4A, KARIM BUILDING, 1ST FLOOR,142/  144, ABDUL REHMAN STREET ","RY CO., LTD. ADD:19,5THHANGKONGR OAD,YANLIANG XI'AN,SHAANXI SDNF CHINA",,,,China (CN),,Shanghai,,84821090,LINEAR BALL BEARINGS LM12UU (BRAND - KHS LG) LINEAR BALL BEARINGS,,3000.0,PCS,0.0,1202.88,,,
2025-05-07,印度,中国,KHS INNOVATION & ENGINEERING LLP,ZHEJIANG SIQIANG BEARING MANUFACTUR,"4A, KARIM BUILDING, 1ST FLOOR,142/  144, ABDUL REHMAN STREET ",,,,,CHINA,,Shanghai,NHAVA SHEVA SEA (INNSA1),84828000,LINEAR MOTION BEARINGS LMK25LUU (BRAND - KHS LG) LINEAR MOTION BEARINGS,,500.0,PCS,0.0,1194.8794,Q8MNXZXFQ41NW,,
2025-07-08,印度,中国,AXIS TECHNOLOGIES,ZHEJIANG JINGRUI INTELLIGENT TRANSMISSION CO LTD,"207, ARIHANT TOWER, 2ND FLOOR,83 V. V .CHANDAN STREET, MUMBAI, ",,,,,CHINA,,Ningbo,NHAVA SHEVA SEA (INNSA1),84828000,LINEAR MOTION BEARINGS SC20UU LINEAR MOTION BEARINGS SC20UU,,1224.0,PCS,0.0,1194.0445,0SVQ7GYDUI59V,,
2025-03-07,巴基斯坦,中国台湾,PAKISTAN BEVERAGE LIMITED,KRONES THAILAND CO LTD,"D 113, SITE, Manghopir Road, Karachi, Karachi West Site Town",,,,,Taiwan,,,KPAF,84821000,Recirculating linear ball bearing unit,,2.0,u,0.0,1187.6,,,
2025-10-25,印度,中国,RHD ENTERPRISE,CIXI HUIBO IMPORT AND EXPORT CO LTD,,"ROOM 305 BUILDING NO.1 FENGZEWAN,ZH OUXIANG TOWN,CIXI SDNF CHINA",,,,China (CN),,Ningbo,NHAVA SHEVA SEA (INNSA1),84821090,LINEAR BEARING SC 50UU LINEAR BEARING SC 50UU,,100.0,PCS,0.0,1187.2,,,
2025-09-23,印度,中国,NXV BEARINGS PRIVATE LIMITED,NINGBO HUAYI IMP & EXP CO LTD,77 G B ROAD 2ND FLOOR,"ROOM 12-7/8, HUAHONG INTERNATIONAL CENTER, NO717 ZHONGXING ROAD, JIANG DONG DISTRICT, NINGBO, CHINA CHINA",,,,China (CN),,Qingdao,,84828000,"LM50UU,  LINEAR BEARING,  U/WT.-  1.547  (FOR INDUSTRIAL USE)BEARING",,300.0,NOS,0.0,1186.43,,,
2025-03-10,印度,中国,AGARWAL INDUSTRIES,QINGDAO SHIYA IMPORT AND EXPORT CO,4 Ground Floor HARESH CHAMBER SAMUEL STREET VADGADI,,,,,CHINA,,Qingdao,NHAVA SHEVA SEA (INNSA1),84821090,LINEAR BALL BEARING SBR25LUU LINEAR BALL BEARING,,300.0,NOS,0.0,1183.2842,WR2ROUSHLUCH0,,
2025-09-15,印度,中国,RHD ENTERPRISE,CIXI HUIBO IMPORT AND EXPORT CO LTD,"D-10, HIRAMANEK BAPTISTA ROAD, VILE PARLE WEST,MUMBAI null","ROOM 305 BUILDING NO.1 FENGZEWAN,ZH OUXIANG TOWN,CIXI SDNF CHINA",,,,China (CN),,Ningbo,,84829900,LINEAR RAIL BEARING HGR 65 4020 LINEAR RAIL BEARING HGR 65 4020,,5.0,PCS,0.0,1182.41,,,
2025-10-29,越南,中国台湾,CÔNG TY TNHH JADE M - TECH,AIRTAC INTERNATIONAL GROUP TAIWAN BRANCH CAYMAN,"Land Lot No. Tt3-09, Land Jam, Thuong Cat Ward, Hanoi City, Vietnam","9F., NO.10, SEC. 3, MINSHENG E. RD., ZHONGSHAN DIST.,TAIPEI CITY 104511, TW",,,,China,,,,84821000,"Thanh tuyến tính dẫn hướng LRM5N5X490S5BH gồm thanh trượt dài 490mm và 5 con trượt, có ổ bi, phụ tùng máy gia công kim loại. NSX:AIRTAC, mới 100%,Rod linear guide LRM5N5X490S5BH including sliders long 490mm and 5 sliders, there are ball bearings, machine parts metal machining. MANUFACTURER:AIRTAC, 100% new",,20.0,Set,0.0,1179.6,,,
2025-09-18,印度,中国,DIVINE TRANSMISSION SYSTEMS,NINGBO LIMON ROBOTECH INTERNATIONAL TRADING CO LTD,D-12 LAJPAT NAGAR-III  N/A,"D8, D9, LANE 215 QINGYI ROAD HIGH-TECH ZONE NINGBO ZHEJIANG, CHINA",,,,China (CN),,Shekou,,84821090,LINEAR MOTION BEARINGS :- LMK16LUU LINEAR MOTION BEARINGS :- LM50UU,,500.0,NOS,0.0,1175.04,,,
2025-01-10,越南,中国,CÔNG TY TNHH YANMADE TECHNOLOGY VIỆT NAM,SHENZHEN YANMADE TECHNOLOGY INC,"Lot V.9.1 Thuan Thanh 3 Industrial Park - Module 1, Thanh Khuong Ward, Thuan Thanh Town, Bac Ninh","C BUILDING NO. 2, BANGKAI UNIVERSITY OF SCIENCE, AND TECHNOLOGY, GUANGMING DISTRICT, SHENZHEN, CN",,,,China,,,,84825000,"Vòng bi tuyến tính LMC01-d3 , hình trụ, kt phi 3*1mm, chất liệu bằng thép, Hàng mới 100%,Linear bearing LMC01-d3, cylindrical, size 3*1mm, steel material, 100% new",,1250.0,Pieces,0.0,1175.0,,,
2025-10-25,印度,中国,RHD ENTERPRISE,CIXI HUIBO IMPORT AND EXPORT CO LTD,,"ROOM 305 BUILDING NO.1 FENGZEWAN,ZH OUXIANG TOWN,CIXI SDNF CHINA",,,,China (CN),,Ningbo,NHAVA SHEVA SEA (INNSA1),84821090,LINEAR BLOCK BEARING HGH35CA LINEAR BEARING HGH35CA,,150.0,PCS,0.0,1173.22,,,
2025-11-05,印度,中国,KHS INNOVATION & ENGINEERING LLP,ZHEJIANG SIQIANG BEARING MANUFACTUR,"4A, KARIM BUILDING, 1ST FLOOR,142/  144, ABDUL REHMAN STREET ","E CO.,LTD NO.97,XIANXIA ROAD. NANMING MOUNTAIN STREET. LIANDU ZONE.LISHUI CITY.ZHEJIANG CHINA",,,,China (CN),,SHANGHAI,NHAVA SHEVA SEA (INNSA1),84828000,LINEAR MOTION BEARINGS LM25UU MA LINEAR BEARINGS,,1500.0,PCS,0.0,1170.0,,,
2025-07-04,越南,中国,CÔNG TY TNHH THIẾT BỊ CƠ ĐIỆN MINH THÀNH,HK TOMUU ACTUATOR TECHNOLOGY CO LIMITED,"Trang Due Residential Group (At Ngan Vu Company Limited), Le Loi Ward, An Duong District, Hai Phong City, Vietnam.","ROOM 1318-19, HOLLYWOOD PLAZA, 610 NATHAN ROAD, MONGKOK, KOWLOON, HONGKONG, CN",,,,China,,,,84821000,"TMA-MNA-U10A00002#& Ổ bi dùng cho hộp số động cơ của bộ truyền động tuyến tính, mới 100%,TMA-MNA-U10A00002#& Ball bearing for motor gearbox of linear actuator, 100% new",,12975.0,Pieces,0.0,1167.75,,,
2025-03-29,印度,中国,KHS INNOVATION & ENGINEERING LLP,LISHUIJINZHENGBEARINGMANUFACTURE,"4A, KARIM BUILDING, 1ST FLOOR,142/  144, ABDUL REHMAN STREET ",,,,,CHINA,,Shanghai,NHAVA SHEVA SEA (INNSA1),84828000,LINEAR MOTION BEARINGS LME50UU (BRAND - KHS LG) LINEAR MOTION BEARINGS,,250.0,PCS,0.0,1167.1777,ML7QWEAYAMIQU,,
2025-05-08,越南,中国香港,CÔNG TY TNHH THIẾT BỊ CƠ ĐIỆN MINH THÀNH,HK TOMUU ACTUATOR TECHNOLOGY CO LIMITED,"Tổ dân phốTràngDuệ(tại Công tyTNHH Ngân Vũ),phường Lê Lợi, quận An Dương,TP Hải Phòng, Việt Nam.","ROOM 1318-19, HOLLYWOOD PLAZA, 610 NATHAN ROAD, MONGKOK, KOWLOON, HONGKONG, HK",,,,China,,,,84821000,"TMA-MNA-U10A00002#& Ổ bi dùng cho hộp số động cơ của bộ truyền động tuyến tính, mới 100%,TMA-MNA-U10A00002#& Ball bearing for motor gearbox of linear actuator, 100% new",,12960.0,Pieces,0.0,1166.4,,,
2025-04-11,越南,中国香港,CÔNG TY TNHH THIẾT BỊ CƠ ĐIỆN MINH THÀNH,HK TOMUU ACTUATOR TECHNOLOGY CO LIMITED,"Trang Due Residential Group (at Ngan Vu Company Limited), Le Loi Ward, An Duong District, Hai Phong City, Vietnam.","ROOM 1318-19, HOLLYWOOD PLAZA, 610 NATHAN ROAD, MONGKOK, KOWLOON, HONGKONG, HK",,,,China,,,,84821000,"TMA-MNA-U10A00002#& Ổ bi dùng cho hộp số động cơ của bộ truyền động tuyến tính, mới 100%,TMA-MNA-U10A00002#& Ball bearing for motor gearbox of linear actuator, 100% new",,12960.0,Pieces,0.0,1166.4,,,
2025-04-26,越南,中国香港,CÔNG TY TNHH THIẾT BỊ CƠ ĐIỆN MINH THÀNH,HK TOMUU ACTUATOR TECHNOLOGY CO LIMITED,"Trang Due Residential Group (at Ngan Vu Company Limited), Le Loi Ward, An Duong District, Hai Phong City, Vietnam.","ROOM 1318-19, HOLLYWOOD PLAZA, 610 NATHAN ROAD, MONGKOK, KOWLOON, HONGKONG, HK",,,,China,,,,84821000,"TMA-MNA-U10A00002#& Ổ bi dùng cho hộp số động cơ của bộ truyền động tuyến tính, mới 100%,TMA-MNA-U10A00002#& Ball bearing for motor gearbox of linear actuator, 100% new",,12960.0,Pieces,0.0,1166.4,,,
2025-05-12,越南,中国香港,CÔNG TY TNHH THIẾT BỊ CƠ ĐIỆN MINH THÀNH,HK TOMUU ACTUATOR TECHNOLOGY CO LIMITED,"Tổ dân phốTràngDuệ(tại Công tyTNHH Ngân Vũ),phường Lê Lợi, quận An Dương,TP Hải Phòng, Việt Nam.","ROOM 1318-19, HOLLYWOOD PLAZA, 610 NATHAN ROAD, MONGKOK, KOWLOON, HONGKONG, HK",,,,China,,,,84821000,"TMA-MNA-U10A00002#& Ổ bi dùng cho hộp số động cơ của bộ truyền động tuyến tính, mới 100%,TMA-MNA-U10A00002#& Ball bearing for motor gearbox of linear actuator, 100% new",,12960.0,Pieces,0.0,1166.4,,,
2025-07-16,越南,中国,CÔNG TY TNHH THIẾT BỊ CƠ ĐIỆN MINH THÀNH,HK TOMUU ACTUATOR TECHNOLOGY CO LIMITED,"Trang Due Residential Group (At Ngan Vu Company Limited), Le Loi Ward, An Duong District, Hai Phong City, Vietnam.","ROOM 1318-19, HOLLYWOOD PLAZA, 610 NATHAN ROAD, MONGKOK, KOWLOON, HONGKONG, CN",,,,China,,,,84821000,"TMA-MNA-U10A00002#& Ổ bi dùng cho hộp số động cơ của bộ truyền động tuyến tính, mới 100%,TMA-MNA-U10A00002#& Ball bearing for motor gearbox of linear actuator, 100% new",,12960.0,Pieces,0.0,1166.4,,,
2025-07-25,越南,中国,CÔNG TY TNHH THIẾT BỊ CƠ ĐIỆN MINH THÀNH,HK TOMUU ACTUATOR TECHNOLOGY CO LIMITED,"Trang Due Residential Group (At Ngan Vu Company Limited), Le Loi Ward, An Duong District, Hai Phong City, Vietnam.","ROOM 1318-19, HOLLYWOOD PLAZA, 610 NATHAN ROAD, MONGKOK, KOWLOON, HONGKONG, ZZ",,,,China,,,,84821000,"TMA-MNA-U10A00002#& Ổ bi dùng cho hộp số động cơ của bộ truyền động tuyến tính, mới 100%,TMA-MNA-U10A00002#& Ball bearing for motor gearbox of linear actuator, 100% new",,12960.0,Pieces,0.0,1166.4,,,
2025-03-06,越南,中国香港,CÔNG TY TNHH THIẾT BỊ CƠ ĐIỆN MINH THÀNH,HK TOMUU ACTUATOR TECHNOLOGY CO LIMITED,"Trang Due Village (at Ngan Vu Limited Liability Company), Le Loi Commune, An Duong District, Hai Phong, Vietnam","ROOM 1318-19, HOLLYWOOD PLAZA, 610 NATHAN ROAD, MONGKOK, KOWLOON, HONGKONG, HK",,,,China,,,,84821000,"TM14#& Ổ bi dùng cho hộp số động cơ của bộ truyền động tuyến tính, mới 100%,TM14#& Ball bearing for motor gearbox of linear actuator, 100% new",,12960.0,Pieces,0.0,1166.4,,,
2025-01-29,印度,中国,AXIS TECHNOLOGIES,ZHEJIANG JINGRUI INTELLIGENT TRANSMISSION CO LTD,"207, ARIHANT TOWER, 2ND FLOOR,83 V. V .CHANDAN STREET, MUMBAI, ",,,,,CHINA,,Ningbo,NHAVA SHEVA SEA (INNSA1),84828000,LINEAR MOTION BEARINGS LMF16UU LINEAR MOTION BEARINGS LMF16UU,,1536.0,NOS,0.0,1163.1801,BUE2H9D9ZFCJR,,
2025-05-16,越南,中国香港,CÔNG TY TNHH THIẾT BỊ CƠ ĐIỆN MINH THÀNH,HK TOMUU ACTUATOR TECHNOLOGY CO LIMITED,"Tổ dân phốTràngDuệ(tại Công tyTNHH Ngân Vũ),phường Lê Lợi, quận An Dương,TP Hải Phòng, Việt Nam.","ROOM 1318-19, HOLLYWOOD PLAZA, 610 NATHAN ROAD, MONGKOK, KOWLOON, HONGKONG, HK",,,,China,,,,84821000,"TMA-MNA-U10A00002#& Ổ bi dùng cho hộp số động cơ của bộ truyền động tuyến tính, mới 100%,TMA-MNA-U10A00002#& Ball bearing for motor gearbox of linear actuator, 100% new",,12924.0,Pieces,0.0,1163.16,,,
2025-09-22,越南,中国台湾,CÔNG TY TNHH JADE M - TECH,CHUN LOUNG CO LTD,"Land Lot No. Tt3-09, Land Jam, Thuong Cat Ward, Hanoi City, Vietnam","NO.1, LANE 333, MINYI ST., FUAN VILLAGE, SIOUSHUEI TOWNSHIP, TW",,,,Taiwan,,,,84821000,"Con trượt MR5MN SU V0N, bộ phận của thanh tuyến tính dẫn hướng, bằng thép,có ổ bi, phụ tùng máy gia công kim loại. NSX: CPC, mới 100%,Slider MR5MN SU V0N parts of the linear guide, steel ball bearings, machine parts metal machining. MANUFACTURER: CPC, 100% new",,100.0,Pieces,0.0,1160.0,,,
2025-08-11,印度,中国,KHS INNOVATION & ENGINEERING LLP,ZHEJIANG SIQIANG BEARING MANUFACTUR,"4A, KARIM BUILDING, 1ST FLOOR,142/  144, ABDUL REHMAN STREET ","E CO.,LTD NO.97, XIANXIA ROAD, NAN MING MOUNTAIN STREET LIANDU ZONE, LISHUI CITY, ZHEJIANG CHINA",,,,China (CN),,Shanghai,,84828000,LINEAR MOTION BEARINGS LMF50LUU (BRAND - KHS LG) LINEAR MOTION BEARINGS,,100.0,PCS,0.0,1160.0,,,
2025-09-08,越南,中国台湾,CÔNG TY TNHH JADE M - TECH,CHUN LOUNG CO LTD,"Land Lot No. Tt3-09, Land Jam, Thuong Cat Ward, Hanoi City, Vietnam","NO.1, LANE 333, MINYI ST., FUAN VILLAGE, SIOUSHUEI TOWNSHIP, CHANGHUA COUNTY 50444, TAIWAN, ZZ",,,,Taiwan,,,,84821000,"Con trượt MR5MN SU V0N, bộ phận của thanh tuyến tính dẫn hướng, bằng thép,có ổ bi, phụ tùng máy gia công kim loại. NSX: CPC, mới 100%,Slider MR5MN SU V0N parts of the linear guide, steel ball bearings, machine parts metal machining. MANUFACTURER: CPC, 100% new",,100.0,Pieces,0.0,1160.0,,,
2025-08-08,越南,中国台湾,CÔNG TY TNHH JADE M - TECH,CHUN LOUNG CO LTD,"Lot No. Tt3-09, Dat Ket Area, Lien Mac Ward, Bac Tu Liem District, Hanoi City, Vietnam","NO.1, LANE 333,MINYI ST, FUAN VILLAGE SIOUSHUEI  TOWNSHIP, CHANGHUA COUNTY 50444, TAIWAN, TW",,,,Taiwan,,,,84821000,"Con trượt MR5MN SU V0N, bộ phận của thanh tuyến tính dẫn hướng, bằng thép,có ổ bi, phụ tùng máy gia công kim loại. NSX: CPC, mới 100%,Slider MR5MN SU V0N parts of the linear guide, steel ball bearings, machine parts metal machining. MANUFACTURER: CPC, 100% new",,100.0,Pieces,0.0,1160.0,,,
2025-02-26,越南,中国台湾,CÔNG TY TNHH JADE M - TECH,CHUN LOUNG CO LTD,"Land Lot No. Tt3-09, Land Jam, Lien Mac Ward, Bac Tu Liem District, Hanoi City, Vietnam.","NO.1, LANE 333,MINYI ST, FUAN VILLAGE SIOUSHUEI  TOWNSHIP, CHANGHUA COUNTY 50444, TAIWAN, TW",,,,Taiwan,,,,84821000,"Con trượt MR5MN SU V0N, bộ phận của thanh tuyến tính dẫn hướng, bằng thép,có ổ bi, phụ tùng máy gia công kim loại. NSX: CPC, mới 100%,MR5MN SU V0N slider, part of linear guide bar, steel, with ball bearing, metalworking machine spare part. Manufacturer: CPC, 100% new",,100.0,Pieces,0.0,1160.0,,,
2025-02-18,印度,中国,MAHAVIR SALES CORPORATION,YIWU ZHITONG E COMMERCE FIRM,"128,NARAYAN DHURU STREET,MICRO  HOUSE,4TH FL ",,,,,CHINA,,Ningbo,NHAVA SHEVA SEA (INNSA1),84828000,LINEAR MOTION BEARINGS SCS20 UU LINEAR MOTION BEARINGS SCS20 UU,,1000.0,PCS,0.0,1159.7402,S6ZUX3V42JKLS,,
2025-12-08,印度,中国,RNS BEARINGS,SHANDONG YKK BEARING MANUFACTURING CO LTD,"3rd FLOOR, 306, Menek Bhavan Premises Co-op.Soc.Ltd 137,Narayan Dhuru Street , Mumbai","ROOM 1029,AREA A, 10TH FLOOR,BLOCK A, JINAN WEST INNOVATION PARK,NO 26 87,ZIWEI ROAD,UNIVERSITY SCIENCE AN CHINA",,,,China (CN),,Zhengzhou,SAHAR AIR CARGO ACC (INBOM4),84821090,LINEAR GUIDE BEARING   As per INV.&P/LIST Unit Weight /Pc 0.3 KGSLINEAR GUIDE BEARING   As per INV.&P/LIST Unit Weight /Pc 0.,,200.0,NOS,0.0,1159.49,,,
2025-12-13,秘鲁,中国,IMPORTADORA Y DISTRIBUIDORA DE RETENES R,KAIYUAN SHIPPING CO LTD,AV. RAMON CARCAMO NRO. 506,,,,,"CHINA, PEOPLE'S REPUBLIC OF",,NINGBO LISHE INTERNATIONAL APT,,8482100000,"RODAMIENTO LINEAL, KMK, ROD-3452 REPUESTO PARA MAQUINAS QUE REQUIEREN ALTA PRECISION DE POSICIONAMIENTO, REPETIBILIDAD Y RI RODAMIENTOS INDUSTRIALES DE ACERO DONDE RECIRCULAN UNAS PEQUENAS BOLAS DE ACERO QUE PERMIT LINEAR BEARING DE ACERO",,40.0,UNITS,73.91,1157.73,,,
2025-05-19,印度,中国,AMAFHH SONS,ZHEJIANG WELL BEARING INDUSTRIAL CO LTD,"2ND FLOOR, 71 NAGDEVI CROSS LANE,,  N/A",,,,,CHINA,,Shanghai,NHAVA SHEVA SEA (INNSA1),84828000,LINEAR MOTION BEARINGS LMK8UU LINEAR MOTION BEARINGS LMK8UU,,20000.0,PCS,0.0,1156.0476,BWRWSJZNO1SK1,,
2025-10-25,印度,中国,RHD ENTERPRISE,CIXI HUIBO IMPORT AND EXPORT CO LTD,,"ROOM 305 BUILDING NO.1 FENGZEWAN,ZH OUXIANG TOWN,CIXI SDNF CHINA",,,,China (CN),,Ningbo,NHAVA SHEVA SEA (INNSA1),84821090,LINEAR BEARING SC 35UU LINEAR BEARING SC 35UU,,300.0,PCS,0.0,1152.26,,,
2025-12-04,印度,中国,CIU BEARING CO,TIANJIN TEXTILE GROUP IMPORT AND EXPORT INC,"502, SATGURU SUPREME, WALJI LADHA ROAD, MULUND WEST,","3YUNNAN ROAD, TIANJIN, CHINA Tianji n, , CHINA SDNF CHINA",,,,China (CN),,Qingdao,NHAVA SHEVA SEA (INNSA1),84828000,LINEAR MOTION BEARINGS SC25UU LINEAR MOTION BEARINGS SC25UU,,600.0,NOS,0.0,1152.0,,,
2025-09-26,印度,中国,KHS INNOVATION & ENGINEERING LLP,XI'AN SILVERSTONE MACHINERY INDUST,"4A, KARIM BUILDING, 1ST FLOOR,142/  144, ABDUL REHMAN STREET ","RY CO., LTD. ADD:19,5THHANGKONGR OAD,YANLIANG XI'AN,SHAANXI SDNF CHINA",,,,China (CN),,Shanghai,,84821090,LINEAR BALL BEARINGS LM10UU (BRAND - KHS LG) LINEAR BALL BEARINGS,,3000.0,PCS,0.0,1142.74,,,
2025-09-23,印度,中国,NXV BEARINGS PRIVATE LIMITED,NINGBO HUAYI IMP & EXP CO LTD,77 G B ROAD 2ND FLOOR,"ROOM 12-7/8, HUAHONG INTERNATIONAL CENTER, NO717 ZHONGXING ROAD, JIANG DONG DISTRICT, NINGBO, CHINA CHINA",,,,China (CN),,Qingdao,,84828000,"SC40LUU, LINEAR BEARING, U/WT.- 2.768 (FOR INDUSTRIAL USE) SC40LUU, LINEAR BEARING, U/WT.- 2.768 (FOR INDUSTRIAL USE)",,102.0,NOS,0.0,1140.33,,,
2025-06-28,越南,中国,CÔNG TY TNHH GOERTEK MICROELECTRONICS VINA,WEIFANG GOERTEK MICROELECTRONICS CO LTD,"Lot A2-3, Wha Industrial Zone 1-Nghe An, Nghe An Economic Zone, Nghi Long Commune, Nghi Loc District, Nghe An Province, Vietnam","NO. 102 RONGHUA ROAD, HIGH-TECH DEVELOPMENT ZONE, WEIFANG,SHANDONG,P. R. CHINA, CN",,,,Japan,,,,84828000,"710030270394M#&Thân ổ (thanh dẫn hướng tuyến tính thu nhỏ) đã lắp ổ bi trượt vuông,hiệu ASM, model 24-00519, kt 95*20*11mm,dùng cho máy dán mạch tích hợp lên bảng mạch, hàng mới 100%, 710030270394M,710030270394M#&Bearing body (miniature linear guide) with square slide bearing, ASM brand, model 24-00519, size 95*20*11mm, used for integrated circuit mounting machine on circuit board, 100% new, 710030270394M",,2.0,Pieces,0.0,1136.8,,,
2025-05-07,印度,中国,KHS INNOVATION & ENGINEERING LLP,ZHEJIANG SIQIANG BEARING MANUFACTUR,"4A, KARIM BUILDING, 1ST FLOOR,142/  144, ABDUL REHMAN STREET ",,,,,CHINA,,Shanghai,NHAVA SHEVA SEA (INNSA1),84828000,LINEAR MOTION BEARINGS LMK25UU (BRAND - KHS LG) LINEAR MOTION BEARINGS,,851.0,PCS,0.0,1136.4709,Q8MNXZXFQ41NW,,
2025-10-09,巴基斯坦,中国,NASEER PAPER AND BOARD MILLS PVT LTD,SHANDONG EASTTAI PAPER MACHINE,"HOUSE # 306  J-2 JOHAR TOWN , LAHORE NEAR EXPO CENTER",CHINA,,,,China,,Metropolitan Ar,LPAF,84828000,"PARTS FOR PAPER MANUFACTURING MACHINE 
LINEAR BEARING (QTY 12 PCS)",,12.0,u,5000.0,1136.1799,21706361106,,
2025-05-05,越南,中国,CÔNG TY CỔ PHẦN TETRA PAK VIỆT NAM,TETRA PAK TRADING SHANGHAI CO LTD,"235 Đồng Khởi, Phường Bến Nghé, Quận 1, Tp. Hồ Chí Minh","201 EAST KANG QIAO DONG ROAD, PUDONG DISTRICT SHANGHAI, 201315 PRC PR CHINA, CN",,,,Japan,,,,84821000,"Phụ tùng máy chế biến,rót sữa:Ổ bi bằng thép, dài 30mm, đường kính trong/ngoài 12/21mm Linear bearing, 12.00x21.00x30.00mm;70000153838;NSX:IKO International.Mới100%,Spare parts for milk processing and pouring machines: Steel bearing, length 30mm, inner/outer diameter 12/21mm Linear bearing, 12.00x21.00x30.00mm; 70000153838; Manufacturer: IKO International. 100% new",,48.0,Pieces,0.0,1135.68,,,
2025-05-07,印度,中国,KHS INNOVATION & ENGINEERING LLP,ZHEJIANG SIQIANG BEARING MANUFACTUR,"4A, KARIM BUILDING, 1ST FLOOR,142/  144, ABDUL REHMAN STREET ",,,,,CHINA,,Shanghai,NHAVA SHEVA SEA (INNSA1),84828000,LINEAR MOTION BEARINGS LMF40UU (BRAND - KHS LG) LINEAR MOTION BEARINGS,,372.0,PCS,0.0,1135.517,3P1VVTB4FUWNI,,
2025-10-09,巴基斯坦,中国,NASEER PAPER AND BOARD MILLS PVT LTD,SHANDONG EASTTAI PAPER MACHINE,"HOUSE # 306  J-2 JOHAR TOWN , LAHORE NEAR EXPO CENTER",CHINA,,,,China,,Metropolitan Ar,LPAF,84828000,"PARTS FOR PAPER MANUFACTURING MACHINE 
LINEAR BEARING (QTY 12 PCS)",,12.0,u,5000.0,1133.2937,21706361106,,
2025-10-09,越南,中国,CÔNG TY TNHH JADE M - TECH,WUXI J WELL IMPORT AND EXPORT TRADING CO LTD,"Land Lot No. Tt3-09, Land Jam, Thuong Cat Ward, Hanoi City, Vietnam","YANGSHI CHUXIN INDUSTRIAL PARK, LUOSHE TOWN, HUISHAN DISTRICT, WUXI CITY, CN",,,,China,,,,84821000,"Con trượt HGH20CA bộ phận của thanh tuyến tính dẫn hướng, bằng thép,không hiệu,có ổ bi, phụ tùng máy gia công kim loại. NSX: Wuxi J-Well, mới 100%,Slider HGH20CA parts of the linear guide, stainless steel,non-performance,there are ball bearings, machine parts metal machining. MANUFACTURER: Wuxi J-Well, 100% new",,300.0,Pieces,0.0,1131.0,,,
2025-04-28,越南,中国台湾,CÔNG TY TNHH JADE M - TECH,CHUN LOUNG CO LTD,"Land plot number TT3-09, Land Stuck Area, Lien Mac Ward, Bac Tu Liem District, Hanoi City, Vietnam","NO.1, LANE 333, MINYI ST., FUAN VILLAGE, SIOUSHUEI TOWNSHIP, CHANGHUA COUNTY 50444, TAIWAN, TW",,,,Japan,,,,84821000,"Thanh tuyến tính dẫn hướng Y-RD: HSR25LC2SSC0E+790LH-II gồm thanh trượt dài 790mm và con trượt, có ổ bi, phụ tùng máy gia công kim loại. NSX: THK, mới 100%,Y-RD linear guide rail: HSR25LC2SSC0E+790LH-II includes 790mm long slide bar and slider, with ball bearing, metalworking machine spare part. Manufacturer: THK, 100% new",,1.0,Set,0.0,1130.0,,,
2025-02-18,印度,中国,MAHAVIR SALES CORPORATION,YIWU ZHITONG E COMMERCE FIRM,"128,NARAYAN DHURU STREET,MICRO  HOUSE,4TH FL ",,,,,CHINA,,Ningbo,NHAVA SHEVA SEA (INNSA1),84828000,LINEAR MOTION BEARINGS SBR16 UU LINEAR BEARINGS GUIDEWAY SBR16 UU,,1000.0,PCS,0.0,1128.9508,S6ZUX3V42JKLS,,
2025-04-01,印度,中国,AXIS TECHNOLOGIES,ZHEJIANG JINGRUI INTELLIGENT TRANSMISSION CO LTD,"207, ARIHANT TOWER, 2ND FLOOR,83 V. V .CHANDAN STREET, MUMBAI, ",,,,,CHINA,,Ningbo,NHAVA SHEVA SEA (INNSA1),84828000,LINEAR MOTION BEARINGS SC16UUOP LINEAR MOTION BEARINGS SC16UUOP,,1000.0,PCS,0.0,1128.5473,VOOLSCS6OAR5X,,
2025-05-18,印度,中国,AGARWAL INDUSTRIES,CHANGZHOU FOLEVO PRECISION MACHINER,4 Ground Floor HARESH CHAMBER SAMUEL STREET VADGADI,,,,,CHINA,,Qingdao,NHAVA SHEVA SEA (INNSA1),84821090,LINEAR BLOCK BEARING HGW45 CC LINEAR BLOCK BEARING,,100.0,NOS,0.0,1127.6849,7I38VF3QR2DUN,,
2025-03-29,印度,中国,KHS INNOVATION & ENGINEERING LLP,LISHUIJINZHENGBEARINGMANUFACTURE,"4A, KARIM BUILDING, 1ST FLOOR,142/  144, ABDUL REHMAN STREET ",,,,,CHINA,,Shanghai,NHAVA SHEVA SEA (INNSA1),84828000,LINEAR MOTION BEARINGS LM50UU (BRAND - KHS LG) LINEAR MOTION BEARINGS,,250.0,PCS,0.0,1126.34,ML7QWEAYAMIQU,,
2025-09-18,印度,中国,DIVINE TRANSMISSION SYSTEMS,NINGBO LIMON ROBOTECH INTERNATIONAL TRADING CO LTD,D-12 LAJPAT NAGAR-III  N/A,"D8, D9, LANE 215 QINGYI ROAD HIGH-TECH ZONE NINGBO ZHEJIANG, CHINA",,,,China (CN),,Shekou,,84821090,LINEAR MOTION BEARINGS :- LMF40UU LINEAR MOTION BEARINGS :- LM50UU,,200.0,NOS,0.0,1123.95,,,
2025-11-05,越南,中国,CÔNG TY TNHH CÔNG NGHỆ TỰ ĐỘNG HÓA THIÊN VŨ VIỆT NAM,HONG KONG JINZHENG TECHNOLOGY DEVELOPMENT CO LIMITED,"Que Vo Industrial Zone (Expanded Area), Phuong Lieu Ward, Bac Ninh Province, Vietnam","ROOM 01,21/F, PROSPER COMMERCIAL BUILDING, 9 YIN CHONG STREET, KOWLOON, HONG KONG, CHINA, CN",,,,China,,,,84821000,"Bộ thanh trượt hoàn chỉnh gồm thanh trượt và con trượt vuông chứa ổ bi, dùng hỗ trợ dẫn hướng cho thiết bị công nghiệp, kt: 500*20.2*10.1mm, model: MGN9C-4R-500,nsx: Dongguan Shenghe Transmission,Complete linear guide set including linear guide and square bearing slide, used to support the guidance of industrial equipment, dimensions: 500*20.2*10.1mm, model: MGN9C-4R-500, manufacturer: Dongguan Shenghe Transmission",,20.0,Pieces,0.0,1123.2,,,
2025-05-13,印度,中国,INDO MIM LIMITED,DONGGUAN YHD SUPPLY CHAINMANAGEMENT CO LTD,"213/(539/A), STREET.NO.7, LANE.NO.2 HIMAYAT NAGAR, ",,,,,CHINA,,Shanghai,BANGALORE ACC (INBLR4),84828000,"LINEAR BEARING WITH FLANGE GUIDE(NICKEL PLATED),LMJ73-D8,84PCS(JIGS & FIXTURE PARTS)LINEAR BEARING WITH FLANGE GUIDE(NICKEL PLATED),LMJ73-D8,84P",,84.0,NOS,0.0,1122.9573,JWD1G6B3XRL5W,,
2025-01-22,印度,中国,AXIS TECHNOLOGIES,YIBOYUAN LINQING CITY PRECISION MACHINERY CO L,"207, ARIHANT TOWER, 2ND FLOOR,83 V. V .CHANDAN STREET, MUMBAI, ",,,,,CHINA,,Qingdao,NHAVA SHEVA SEA (INNSA1),84828000,LINEAR MOTION BEARINGS SC25LUU LINEAR MOTION BEARINGS SC25LUU,,300.0,PCS,0.0,1120.9544,CUZSH4J6SO7S8,,
2025-07-21,越南,中国,CÔNG TY TNHH THƯƠNG MẠI KIM KHÍ KIM ĐÔNG,RUNTO TRADING CO LIMITED,"West Bank Urban Area of Day River, Le Hong Phong Ward, Phu Ly City, Ha Nam Province, Vietnam","TRUST COMPANY COMPLEX, AJELTAKE ROAD, AJELTAKEISLAND, MAJURO, REPUBLIC OF THE, MARSHALL ISLANDS MH96960, ZZ",,,,China,,,,84821000,"Ổ bi trượt bằng thép, model MGN12C, nhãn hiệu: HIWIN, đường kính bi: 4mm, KT: dài 12mm, chất liệu thép không gỉ, chuyển động tuyến tính chính xác, dùng trong các MMTB tự động hóa, hàng mới 100%,Steel slide bearing, model MGN12C, brand: HIWIN, ball diameter: 4mm, length: 12mm, stainless steel material, precise linear motion, used in automatic MMTB, 100% new",,200.0,Pieces,0.0,1120.0,,,
2025-10-09,斯里兰卡,中国香港,O T R WHEEL ENGINEERING LANKA P L,SRILUCK RUBBER INDUSTRIES LIMITED,",218 MINUWANGODA RD,EKALA  LAX 30/11/2025,EREG COMPLETED",",UNIT 04, 7/F BRIGHT WAY TOWER,NO.33 MONG KOK RD, KL, HONGKONG",,,,"HONG KONG,CHINA",,,,84821000,"HIWIN LINEAR BEARING/SLIDER WITH KK DUST PROTECTION - 04 NOS,INV : SRI-240410 |IM-25-08-30",,4.0,NIU,38.0,1120.0,,,
2025-04-14,巴基斯坦,中国,FRIESLAND CAMPINA ENGRO PAKISTAN LTD,WOLF VERPACKUNGSMASCHINEN GMBH,"1, 5th Floor, Harbour Front Building,, Clifton Block-4, Karachi South",BETTENHAEUSER STRASSE 3,,,,China,,International,KPAF,84821000,LINEAR BALL BEARING  TOTAL NO OF QTY: 8 PCS,,8.0,u,5800.0,1119.0564,FRA09081437,,
2025-08-04,印度,中国,EMECHANICZ TEST SOLUTIONS PRIVATE LIMITED,ZHUHAI UNIPOINTER TECHNOLOGY CO LTD,"NO.404, 1ST FLOOR, 4TH CROSS,,1 ST  MAIN KUVEMPUNAGAR, ",NO 105  BUILDING 5 BUSINESS STREE QIANWU TOWN  ZHUHAI GUANGDONG 519170 CHINA,,,,China (CN),,AHUHAI,,84828000,MGN-LINE - LINEAR GUIDE RAIL 9 BEARING MGN-LINE - LINEAR GUIDE RAIL 9 BEARING,,110.0,NOS,0.0,1115.82,,,
2025-05-23,越南,中国台湾,CÔNG TY TNHH JADE M - TECH,CHUN LOUNG CO LTD,"Ô đất số TT3-09, Khu Đất Kẹt, Phường Liên Mạc, Quận Bắc Từ Liêm,Thành Phố Hà Nội, Việt Nam.","NO.1, LANE 333,MINYI ST, FUAN VILLAGE SIOUSHUEI  TOWNSHIP, CHANGHUA COUNTY 50444, TAIWAN, TW",,,,Japan,,,,84821000,"Thanh tuyến tính dẫn hướng Y-RD: HSR25LC2SSC0E+790LH-II gồm thanh trượt dài 790mm và con trượt, có ổ bi, phụ tùng máy gia công kim loại. NSX: THK, mới 100%,Y-RD linear guide rail: HSR25LC2SSC0E+790LH-II includes 790mm long slide bar and slider, with ball bearing, metalworking machine spare part. Manufacturer: THK, 100% new",,1.0,Set,0.0,1110.0,,,
2025-09-23,印度,中国,NXV BEARINGS PRIVATE LIMITED,NINGBO HUAYI IMP & EXP CO LTD,77 G B ROAD 2ND FLOOR,"ROOM 12-7/8, HUAHONG INTERNATIONAL CENTER, NO717 ZHONGXING ROAD, JIANG DONG DISTRICT, NINGBO, CHINA CHINA",,,,China (CN),,Qingdao,,84828000,"SC20UU,  LINEAR BEARING,  U/WT.-  0.255  (FOR INDUSTRIAL USE)BEARING",,1000.0,NOS,0.0,1107.75,,,
2025-04-24,印度,中国,SGR INDUSTRIAL HOUSE,QINGDAO YI XIN YAN INTERNATIONAL TRADE CO LTD,"63/33,Third  Floor,  Shop No.3, Katchaleeswarar Agaraharam Street, George Town, Chennai",,,,,CHINA,,Qingdao,Chennai  ,84821011,LINEAR BEARING SFS-25-10-NUT (WOOD CNC MACHINE SPARE PARTS) LINEAR BEARING SFS-25-10-NUT (WOOD CNC MACHINE SPARE PARTS),,100.0,NOS,0.0,1103.8683,Y1FQ2792AI3HQ,,
2025-02-22,印度,中国台湾,FLURO ENGINEERING PRIVATE LIMITED,HIWIN TECHNOLOGIES CORP,"A/3, DEVASHISH, NITYANAND COLONY  AMRUT NAGAR,GHATKOPAR WEST, ",,,,,TAIWAN,,TaiChung,SAHAR AIR CARGO ACC (INBOM4),84821011,HIWIN LINEAR BEARING CRBA 300 25 WW C8 P5(B25004S-01) HIWIN LINEAR BEARING,,2.0,NOS,0.0,1103.8674,UA476H31RJMLB,,
2025-07-05,印度,中国,KHS INNOVATION & ENGINEERING LLP,LISHUIJINZHENGBEARINGMANUFACTURE,"4A, KARIM BUILDING, 1ST FLOOR,142/  144, ABDUL REHMAN STREET ",,,,,CHINA,,Shanghai,NHAVA SHEVA SEA (INNSA1),84828000,LINEAR MOTION BEARINGS LMF50LUU KHS-LG LINEAR BEARINGS,,95.0,PCS,0.0,1103.1467,4A2G810XZMKMT,,
2025-09-26,印度,中国,KHS INNOVATION & ENGINEERING LLP,XI'AN SILVERSTONE MACHINERY INDUST,"4A, KARIM BUILDING, 1ST FLOOR,142/  144, ABDUL REHMAN STREET ","RY CO., LTD. ADD:19,5THHANGKONGR OAD,YANLIANG XI'AN,SHAANXI SDNF CHINA",,,,China (CN),,Shanghai,,84821090,LINEAR BALL BEARINGS LM30UU (BRAND - NIPPON) LINEAR BALL BEARINGS,,1000.0,PCS,0.0,1102.64,,,
2025-10-09,越南,中国,CÔNG TY TNHH JADE M - TECH,WUXI J WELL IMPORT AND EXPORT TRADING CO LTD,"Land Lot No. Tt3-09, Land Jam, Thuong Cat Ward, Hanoi City, Vietnam","YANGSHI CHUXIN INDUSTRIAL PARK, LUOSHE TOWN, HUISHAN DISTRICT, WUXI CITY, CN",,,,China,,,,84821000,"Con trượt HGH35CA bộ phận của thanh tuyến tính dẫn hướng, bằng thép,không hiệu,có ổ bi, không hiệu,phụ tùng máy gia công kim loại. NSX: Wuxi J-Well , mới 100%,Slider HGH35CA parts of the linear guide, stainless steel,non-performance,there are ball bearings, non-performance,machine parts metal machining. MANUFACTURER: Wuxi J-Well , 100% new",,100.0,Pieces,0.0,1100.0,,,
2025-02-18,印度,中国,MAHAVIR SALES CORPORATION,YIWU ZHITONG E COMMERCE FIRM,"128,NARAYAN DHURU STREET,MICRO  HOUSE,4TH FL ",,,,,CHINA,,Ningbo,NHAVA SHEVA SEA (INNSA1),84828000,LINEAR MOTION BEARINGS SCS25 UU LINEAR MOTION BEARINGS SCS25 UU,,500.0,PCS,0.0,1098.1612,S6ZUX3V42JKLS,,
2025-01-03,越南,中国台湾,CÔNG TY TNHH JADE M - TECH,CHUN LOUNG CO LTD,"Land Lot No. Tt3-09, Land Stuck Area, Lien Mac Ward, Bac Tu Liem District, Hanoi City, Vietnam","NO.1, LANE 333,MINYI ST, FUAN VILLAGE SIOUSHUEI  TOWNSHIP, CHANGHUA COUNTY 50444, TAIWAN, TW",,,,Japan,,,,84821000,"Thanh tuyến tính dẫn hướng Y-S2AB:HSR25B2SSC0E-738LH-II bằng thép, gồm thanh trượt dài 738mm và con trượt, có ổ bi, phụ tùng máy gia công kim loại. NSX: THK, mới 100%,Y-S2AB:HSR25B2SSC0E-738LH-II steel linear guide bar, including 738mm long slide bar and slider, with ball bearing, metalworking machine spare part. Manufacturer: THK, 100% new",,2.0,Set,0.0,1098.0,,,
2025-04-10,越南,中国,CÔNG TY TNHH JADE M - TECH,WUXI J WELL PRECISION MACHINERY CO LTD,"Land plot number TT3-09, Land Stuck Area, Lien Mac Ward, Bac Tu Liem District, Hanoi City, Vietnam","NO.1 HEHUAN ROAD, WUXI CITY, JIANGSU PROVINCE, CN",,,,China,,,,84821000,"Con trượt MGN9C Z0C-T bộ phận của thanh tuyến tính dẫn hướng, bằng thép,có ổ bi, phụ tùng máy gia công kim loại.Nhãn hiệu và NSX:Wuxi J-Well, mới 100%,MGN9C Z0C-T linear guide rail part, steel, with ball bearing, metalworking machine spare part. Brand and Manufacturer: Wuxi J-Well, 100% new",,500.0,Pieces,0.0,1095.0,,,
2025-10-10,斯里兰卡,中国,M M K HITECH ENGINEERING,NINGBO SANMIN IMPORT AND EXPORT CO LTD,",202/C/12 QUEEN TERRACE THE VILLAGE,KUDAMADUWA ROAD MATTEGODA,DDC RMU ORDER",",303, BUILDING 1, KECHENG ENTERPRISE PARK, FENGHUA DISTRICT,,NINGBO CITY ,CHINA",,,,CHINA,,,,84828000,"110 U LINEAR BALL BEARING&#10;9 U BALL SCREW LENGTH,18 U BALL SCREW  SUPPORT BEARING",,137.0,NIU,91.63,1093.8,,,
2025-11-20,越南,中国,CÔNG TY CỔ PHẦN ĐẦU TƯ VÀ PHÁT TRIỂN HOÀNG MINH,GROOT SHANDONG SUPPLY CHAIN TECHNOLOGY CO LTD,"Van Diem Village, Phu Xuyen Commune, Hanoi City, Vietnam","5012, 3RD FLOOR, BUILDING, MENGSHAN FOURTH ROAD, YIHE NEW AREA, COMPREHENSIVE BONDED ZONE, LINYI CITY, SHANDONG PROVINCE,CHINA",,,,China,,,,84821000,"Con trượt bằng thép,  nhãn hiệu TBAI,  dùng cho lắp ráp máy, mô tơ, động cơ. Mã hàng  SCS25UU , kích thước 76*67*51.5mm. Hàng mới 100%. NSX: GROOT (SHANDONG) SUPPLY CHAIN TECHNOLOGY CO., LTD,Steel linear bearing, TBAI brand, used for assembling machines, motors, and engines. Item code SCS25UU, dimensions 76*67*51.5mm. 100% brand new. Manufacturer: GROOT (SHANDONG) SUPPLY CHAIN TECHNOLOGY CO., LTD",,1000.0,Pieces,0.0,1092.0,,,
2025-10-09,越南,中国,CÔNG TY TNHH GOERTEK ĐIỆN TỬ VIỆT NAM,NANNING GOERTEK TRADING CO LTD,"Lot A1, Nam Son - Hap Linh Industrial Park, Nam Son Ward, Hap Linh Va Ward, Tan Chi Commune, Bac Ninh Province, Vietnam","F16-17, R&D BLD, HEADQUARTER BASE, OF NANNING-ASEAN AGRICULTURAL, SCIENCE & TECHNOLOGY DLT ENTERPRISE, NO.10 GAOXIN,3RD ROAD, NANNING CITY, CN",,,,China,,,,84828000,"701020075530#&Thanh trượt tuyến tính có ổ bi dùng trong chuyền sản xuất sản phẩm model T2403ME515A01-07V00, hiệu Olyto, kích thước: 12mm*6mm*42mm, mới 100%, 701020075530,701020075530#&amp;linear sliders are ball bearings used in production line products model T2403ME515A01-07V00, brand Olyto, size: 12mm*6mm*42mm, 100% new, 701020075530",,25.0,Pieces,0.0,1091.13,,,
2025-11-03,越南,中国,CÔNG TY TNHH GOERTEK ĐIỆN TỬ VIỆT NAM,SHENZHEN TETE LASER TECHNOLOGY CO LTD,"Lot A1, Nam Son - Hap Linh Industrial Park, Nam Son Ward, Hap Linh Commune, Tan Chi District, Bac Ninh Province, Vietnam","401M-2, BIKE TECHNOLOGY BUILDING, NO.9 KEYAN ROAD,MA LING COMMUNITY, YUE HAI STREET, NANSHAN DISTRICT, SZ, CHINA., CN",,,,China,,,,84821000,"811170005315#&Con trượt vuông ổ bi chất liệu bằng thép, model B.1127.110.16a, hiệu TETE, kích thước: 20.3*12*6mm, mới 100%, 811170005315,811170005315#&Square linear bearing made of steel, model B.1127.110.16a, brand TETE, dimensions: 20.3*12*6mm, 100% new, 811170005315",,20.0,Pieces,0.0,1090.0,,,
2025-02-20,印度,中国香港,BHAVI IMPEX,AMLAND GLOBE HK ENTERPRISE LTD,"108,SHUBH SANDESH, 16,  HANSRAJ LANE, BYCULLA, ",,,,,HONG KONG,,Ningbo,NHAVA SHEVA SEA (INNSA1),84828000,"LINEAR BEARING BRAND:HL ,ITEM NO.LMT12LUU LINEAR BEARING",,200.0,NOS,0.0,1089.8498,U6066D9M8DSTU,,
2025-01-21,印度,中国,V M TRADERS,SHANGHAI FENYUE INTERNATIONAL,"67, NAGDEVI STREET,  2ND FLOOR, ",,,,,CHINA,,Shanghai,NHAVA SHEVA SEA (INNSA1),84824000,TRACK ROLLER BEARING (MNB) MCYR25S LINEAR  BALL BEARINGS,,320.0,NOS,0.0,1089.2596,CGXM94FBE4HRU,,
2025-05-27,印度,中国,THE BALL BEARING TRADERS,ZHEJIANG SIQIANG BEARING MANUFACTURE CO LTD,"NO.8/1,KRISHNASAI MANSION,N.R.RD,K  ALASIPALYAM, NEW EXTN. ",,,,,CHINA,,Ningbo,Chennai  ,84828000,LINEAR BEARINGS-LMK20 UU LINEAR BEARINGS-LMK20 UU,,1000.0,NOS,0.0,1089.1185,BNUI4YICVJ80K,,
2025-12-07,印度,中国,SALCOMP MANUFACTURING INDIA PRIVATE LIMITED,YUEQING OGRY BEARING CO LTD,"NOKIA TELECOM SEZ SIPCOT INDSL PAR  K,PHASE 3, CHENNAI BANGALORE ","RM.A2-38-53,BIDG,A, HONGXING ECOMME RCE PIONEER PARK,NO.1888 FEIHONG SO UTH ROAD, HONGQIAO TOWN YUEQING,WEN CHINA",,,,China (CN),,Shanghai,Chennai  ,84821090,UC03648NH LMK8UU Linear Bearing(SPARE PARTS FOR COOKING ROBOT)UC03648NH LMK8UU Linear Bearing(SPARE PARTS FOR COOKING ROBO,,1443.0,PCS,0.0,1087.95,,,
2025-02-18,印度,中国,MAHAVIR SALES CORPORATION,YIWU ZHITONG E COMMERCE FIRM,"128,NARAYAN DHURU STREET,MICRO  HOUSE,4TH FL ",,,,,CHINA,,Ningbo,NHAVA SHEVA SEA (INNSA1),84828000,LINEAR MOTION BEARINGS SCS16 UU LINEAR MOTION BEARINGS SCS16 UU,,1000.0,PCS,0.0,1087.898,S6ZUX3V42JKLS,,
2025-10-22,印度,中国,OMKAR GLOBAL TECHNOLOGIES,ZHEJIANG WELL BEARING INDUSTRIAL CO LTD,,"NO.18 Xianxia Road,Nanmingshan Stre et, ,Liandu district,Lishui City,Zh ejiang  Province, China CHINA",,,,China (CN),,Ningbo,TUGHLAKABAD,84828000,"SBR30LUU, LINEAR BEARING  (FOR INDUSTRIAL USE) BEARING",,150.0,NOS,0.0,1087.77,,,
2025-05-30,印度,中国,AMAFHH SONS,ZHEJIANG SIQIANG BEARING MANUFACTURE CO LTD,"2ND FLOOR, 71 NAGDEVI CROSS LANE,,  N/A",,,,,CHINA,,Ningbo,NHAVA SHEVA SEA (INNSA1),84828000,LINEAR MOTION BEARINGS SCS30LUU LINEAR MOTION BEARINGS SCS30LUU,,200.0,PCS,0.0,1087.0903,0LAHS2H9JC2RX,,
2025-05-30,菲律宾,中国,TIGER MACHINERY AND INDUSTRIAL CORP,FOSHAN WECANS BUILDING MATERIAL CO LTD,359 F. SAN DIEGO ST VIENTE REALESVALENZUELA 1444PHILIPPINES,,,,,CHINA,,,,84829900000,LINEAR ROLLER BEARING PR14061 GR1/0-5 RO E10 4 PCS,,1.5,KILOGRAM,1.5,1086.58,5044816873,,
2025-06-14,印度,中国,AMBICA IMPEX,ZHEJIANG OUYI BEARING MANUFACTURE CO LTD,N/A N/A,,,,,CHINA,,Ningbo,Mundra,84821090,Linear bearing Block (HGW25 CA) Linear bearing Block (HGW25 CA),,250.0,NOS,0.0,1086.3806,PJ9ED6VE2I3PA,,
2025-10-04,印度,中国,MIDEA INDIA PRIVATE LIMITED,GUANGDONG YUHAI CHENG TRADING CO LTD,,"Room 657, Building 5, Midea Real Es tate Yueran Plaza, No. 9, Nanxia Ne w Road, Nanjiang Community, Daliang China",,,,China (CN),,Shekou,NHAVA SHEVA SEA (INNSA1),84828000,F05200000103152@MD THK Linear Bearing LMF40LUU (COMPRESSOR AUXILIARY SPARE PARTS/ LINE EQUIPMENT )F05200000103152@MD THK Linear Bearing LMF40LUU (COMPRESSOR A,,12.0,NOS,0.0,1085.6,,,
2025-05-30,印度,中国,AMAFHH SONS,ZHEJIANG SIQIANG BEARING MANUFACTURE CO LTD,"2ND FLOOR, 71 NAGDEVI CROSS LANE,,  N/A",,,,,CHINA,,Ningbo,NHAVA SHEVA SEA (INNSA1),84828000,LINEAR MOTION BEARINGS SCS16UU LINEAR MOTION BEARINGS SCS16UU,,1000.0,PCS,0.0,1085.0622,0LAHS2H9JC2RX,,
2025-06-03,孟加拉国,中国,ABUL KHAIR CONDENSED MILK & BEVERAGE LTD,SINGAPORE HUA YUN MACHINERY PTE,,LT,,,,CN,,,,84828000,LINEAR BEARING,,0.0,,0.26,1083.0,,,
2025-06-19,印度,中国,MIDEA INDIA PRIVATE LIMITED,GUANGDONG YUHAI CHENG TRADING CO LTD,"PLOT NO. 51, 1ST FLOOR, PEARL,GLOB  AL BUILDING, SECTOR- 32 ",,,,,CHINA,,Shekou,NHAVA SHEVA SEA (INNSA1),84821090,Part Code - F05200000103153@MD  Linear Bearing LMF40LUU ACCESSORIES FOR COMPRESSORS & PRODUCTION LINE AUXILIARY MATERIALPart Code - F05200000103153@MD  Linear Bearing LMF40LUU ACCE,,12.0,NOS,0.0,1081.9091,8LMDGQ2O6J4UH,,
2025-02-20,印度,中国,SYSCOM AUTOMATION,LISHUI GREENLEAF AUTOMATIC TECHNOLOY CO LTD,"8/24, MUNICIPAL COLONY,PARK SITE, VIKHROLI WEST ,",,,,,CHINA,,Ningbo,NHAVA SHEVA SEA (INNSA1),84828000,LINEAR BEARING LMK20LR.FUU (134 KGS) LINEAR BEARING LMK20LR.FUU (134 KGS),,600.0,NOS,0.0,1080.5841,DTZY6YQ9GVIWO,,
2025-05-26,斯里兰卡,中国,M M K HITECH ENGINEERING,NINGBO SANMIN IMPORT AND EXPORT CO LTD,202/C/12 QUEEN TERRACE THE VILLAGE KUDAMADUWA ROAD MATTEGODA DDC RMU ORDER,"303, BUILDING 1, KECHENG ENTERPRISE PARK, FENGHUA DISTRICT, NINGBO CITY CHINA",,,,CHINA,,,,84829900,"SHAFT MOUNTING,LINEAR BALL BEARING GUIDE",,72.19,KGM,72.19,1078.51,,,
2025-06-23,印度,中国台湾,SHIVA INTERNATIONAL,SUN RISE GROUP LIMITED,"12, FLOOR-3RD, PLOT NO 156/158, BALDIWALA BUILDING, ,  NAGDEVI STREET, CRAWFORD MARKET, MANDVI, MUMBAI ,  MUMBAI ,  MUMBAI ,  MAHARASHTRA,  400003 N/A",,,,,TAIWAN,,Hong Kong,NHAVA SHEVA SEA (INNSA1),84829900,Linear Guide Bearing ( AS PER INV ) BEARING,,20.0,NOS,0.0,1078.2714,SO1IW65MOHMZ2,,
2025-02-18,印度,中国,MAHAVIR SALES CORPORATION,YIWU ZHITONG E COMMERCE FIRM,"128,NARAYAN DHURU STREET,MICRO  HOUSE,4TH FL ",,,,,CHINA,,Ningbo,NHAVA SHEVA SEA (INNSA1),84828000,LINEAR MOTION BEARINGS LMF 25 UU LINEAR MOTION BEARINGS LMF 25 UU,,1000.0,PCS,0.0,1077.6347,S6ZUX3V42JKLS,,
2025-04-19,印度,中国,PRAGATHI BEARINGS,YIWU RUSHENG TRADING FIRM,"MAITRY ARCADE, NO.58,  M.G. ROAD, ",,,,,CHINA,,Beijing,HYDERABAD ACC (INHYD4),84825000,BEARINGS ( QJ322N2MPA ) Linear way,,12.0,NOS,0.0,1076.9414,GJUF4Q9Y8YI0B,,
2025-09-26,印度,中国,AGARWAL INDUSTRIES,CHANGZHOU FOLEVO PRECISION MACHINER,4 Ground Floor HARESH CHAMBER SAMUEL STREET VADGADI,"Y CO., LTD NO. 288, XIAXI WEST ROAD , JIAZE TOWN, WUJIN DISTRICT, CHANG ZHOU CITY, JIANGSU CHINA",,,,China (CN),,Qingdao,,84821090,LINEAR BLOCK BALL BEARING HGW25 CC LINEAR BLOCK,,400.0,PCS,0.0,1076.85,,,
2025-03-10,印度,中国,AGARWAL INDUSTRIES,QINGDAO SHIYA IMPORT AND EXPORT CO,4 Ground Floor HARESH CHAMBER SAMUEL STREET VADGADI,,,,,CHINA,,Qingdao,NHAVA SHEVA SEA (INNSA1),84821090,LINEAR BALL BEARING CSK30PP LINEAR BALL BEARING,,500.0,NOS,0.0,1075.7133,WR2ROUSHLUCH0,,
2025-05-24,印度,中国台湾,LUNA TECHNOLOGIES PRIVATE LIMITED,HIWIN TECHNOLOGIES CORP,"2nd Floor,59, Moiz Manzil, Bibijaan Street, Mumbai, null",,,,,TAIWAN,,KAOHSIUNG,NHAVA SHEVA SEA (INNSA1),84828000,HIWIN LINEAR BEARING 30 BSB 62 WW P4(B2500DK-02) (F00DK2)(AD100152 20250325)HIWIN LINEAR BEARING,,100.0,PCS,0.0,1073.5314,CMMLTMCMCXQYP,,
2025-06-11,印度,中国,TECHNOMET ENTERPRISES PUNE,ZHEJIANG JINGJIU BEARINGS INDUSTRIAL CO LTD,"SHOP NO-102,103 & 104 VARAD VINAYAK COMPLEX S.NO-26/1 AT NARHE TAL-HAVELI PUNE",,,,,CHINA,,Shanghai,NHAVA SHEVA SEA (INNSA1),84829900,"HG25-4000L, Linear guide (Bearing Parts) HG25-4000L, Linear guide",,37.0,PCS,0.0,1072.9058,EJH3TW211D2ZA,,
2025-11-05,印度,中国,KHS INNOVATION & ENGINEERING LLP,ZHEJIANG SIQIANG BEARING MANUFACTUR,"4A, KARIM BUILDING, 1ST FLOOR,142/  144, ABDUL REHMAN STREET ","E CO.,LTD NO.97,XIANXIA ROAD. NANMING MOUNTAIN STREET. LIANDU ZONE.LISHUI CITY.ZHEJIANG CHINA",,,,China (CN),,SHANGHAI,NHAVA SHEVA SEA (INNSA1),84824000,FLANGE LINEAR BEARING LMK8UU KHS-LG FLANGE LINEAR BEARING,,1880.0,PCS,0.0,1071.6,,,
2025-10-09,越南,中国,CÔNG TY TNHH JADE M - TECH,WUXI J WELL IMPORT AND EXPORT TRADING CO LTD,"Land Lot No. Tt3-09, Land Jam, Thuong Cat Ward, Hanoi City, Vietnam","YANGSHI CHUXIN INDUSTRIAL PARK, LUOSHE TOWN, HUISHAN DISTRICT, WUXI CITY, CN",,,,China,,,,84821000,"Con trượt HGH25CA bộ phận của thanh tuyến tính dẫn hướng, bằng thép,không hiệu,có ổ bi, phụ tùng máy gia công kim loại. NSX: Wuxi J-Well, mới 100%,Slider HGH25CA parts of the linear guide, stainless steel,non-performance,there are ball bearings, machine parts metal machining. MANUFACTURER: Wuxi J-Well, 100% new",,200.0,Pieces,0.0,1068.0,,,
2025-02-25,越南,中国,CÔNG TY TNHH XNK CAO LỘC PHÁT,DONGXING CITY XING LONG TRADE LIMITED,"No. 298, Mac Dinh Chi Street, Ninh Duong Ward, Mong Cai City, Quang Ninh Province, Vietnam","NO.26, LANE 3, DONGXING TOWN, JIANG NA STREET, DONGXING CITY, GUANGXI, CHINA, CN",,,,China,,,,84821000,"Ổ bi trượt vuông bằng thép, dùng cho thanh trượt tuyến tính của máy khắc gỗ CNC, model HGH20CA, kích thước (30x44x78)mm, hiệu HW, mới 100%,Square steel slide bearing, used for linear slide of CNC wood carving machine, model HGH20CA, size (30x44x78)mm, brand HW, 100% new",,150.0,Pieces,0.0,1065.0,,,
2025-10-31,越南,中国,CÔNG TY TNHH CÔNG NGHIỆP CHÍNH XÁC BOZHON VIỆT NAM,SUZHOU LINGMAI AUTOMATION EQUIPMENT TECHNOLOGY CO LTD,"Land Lot Cn7-2 Yen Phong Ii-C Industrial Park, Yen Phong Commune, Bac Ninh Province, Vietnam","NO.39A, HUASHAN ROAD, SUZHOU HIGH-TECH ZONE, SUZHOU CITY, JIANGSU PROVINCE, CHINA, CN",,,,Viet Nam,,,,84821000,"Vòng bi trượt tuyến tính, model:LHCK8, kt: 24*19*28mm, chất liệu bằng thép hợp kim, nsx: Misumi Vietnam Company Limited, mới 100%.,Sliding bearings, linear, model:LHCK8, kt: 24*19*28mm, material alloy steel, manufacturer: Misumi Vietnam Company Limited, 100% new.",,96.0,Pieces,0.0,1061.86,,,
2025-09-26,印度,中国,AGARWAL INDUSTRIES,CHANGZHOU FOLEVO PRECISION MACHINER,4 Ground Floor HARESH CHAMBER SAMUEL STREET VADGADI,"Y CO., LTD NO. 288, XIAXI WEST ROAD , JIAZE TOWN, WUJIN DISTRICT, CHANG ZHOU CITY, JIANGSU CHINA",,,,China (CN),,Qingdao,,84821090,LINEAR BLOCK BALL BEARING HGW20 CC LINEAR BLOCK,,500.0,PCS,0.0,1061.32,,,
2025-02-08,印度,中国,NEEDLES BEARINGS INDIA,YIBO YUAN LINQING CITY PRECISION,"NO.595, I FLOOR, M.T.H. ROAD,  MANNURPET, AMBATTUR ESTATE, ",,,,,CHINA,,Qingdao,Chennai  ,84821090,LINEAR BEARING - PARTS NO-LM20UU LINEAR SLIDER - PARTS NO-SC40UU,,3000.0,PCS,0.0,1057.4568,UJDMLK83D9CAL,,
2025-11-05,印度,中国,KHS INNOVATION & ENGINEERING LLP,ZHEJIANG SIQIANG BEARING MANUFACTUR,"4A, KARIM BUILDING, 1ST FLOOR,142/  144, ABDUL REHMAN STREET ","E CO.,LTD NO.97,XIANXIA ROAD. NANMING MOUNTAIN STREET. LIANDU ZONE.LISHUI CITY.ZHEJIANG CHINA",,,,China (CN),,SHANGHAI,NHAVA SHEVA SEA (INNSA1),84824000,FLANGE LINEAR BEARING NC LMK25UU FLANGE LINEAR BEARING,,626.0,PCS,0.0,1051.68,,,
2025-05-17,越南,中国,CÔNG TY TNHH MISUMI VIỆT NAM,MISUMI CHINA PRECISION MACHINERY TRADING CO LTD,"Lô số 15, đường TS11, khu công nghiệp Tiên Sơn, Xã Hoàn Sơn. Huyện Tiên Du, Bắc Ninh","NO.1058 DILING RD, FENGXIAN DIST, SHANGHAI, CHINA, CN",,,,China,,,,84828000,"Thanh trượt tuyến tính có ổ bi (bằng thép, dài 192mm), hàng mới 100%, nhãn hiệu: MISUMI, code: E-GMLG7-192,Linear slide with ball bearing (steel, length 192mm), 100% new, brand: MISUMI, code: E-GMLG7-192",,210.0,Pieces,0.0,1051.1991,,,
2025-06-25,印度,中国,CIU BEARING CO,TIANJIN TEXTILE GROUP IMPORT AND EXPORT INC,"502, SATGURU SUPREME, WALJI LADHA ROAD, MULUND WEST,",,,,,CHINA,,Qingdao,NHAVA SHEVA SEA (INNSA1),84828000,LINEAR MOTION BEARINGS LMK20LUU LINEAR MOTION BEARINGS LMK20LUU,,1000.0,PCS,0.0,1050.6728,Z3PYS67V59CLR,,
2025-05-19,越南,中国,CÔNG TY TNHH MISUMI VIỆT NAM,MISUMI CHINA PRECISION MACHINERY TRADING CO LTD,"Lô số 15, đường TS11, khu công nghiệp Tiên Sơn, Xã Hoàn Sơn. Huyện Tiên Du, Bắc Ninh","NO.1058 DILING RD, FENGXIAN DIST, SHANGHAI, CHINA, CN",,,,China,,,,84828000,"Thanh trượt tuyến tính có ổ bi (bằng thép, dài 33.9mm), hàng mới 100%, nhãn hiệu: MISUMI, code: C-MLGB12,Linear slide with ball bearing (steel, length 33.9mm), 100% new, brand: MISUMI, code: C-MLGB12",,377.0,Pieces,0.0,1049.1458,,,
2025-04-10,印度,中国,DIVINE TRANSMISSION SYSTEMS,NINGBO LIMON ROBOTECH INTERNATIONAL TRADING CO LTD,D-12 LAJPAT NAGAR-III  N/A,,,,,CHINA,,Ningbo,ICD PATPARGANJ,84821090,LINEAR MOTION BEARINGS LMF50UU LINEAR MOTION BEARINGS KH3050PP,,100.0,NOS,0.0,1047.1112,7W7IOBUIOS8Z4,,
2025-02-18,印度,中国,MAHAVIR SALES CORPORATION,YIWU ZHITONG E COMMERCE FIRM,"128,NARAYAN DHURU STREET,MICRO  HOUSE,4TH FL ",,,,,CHINA,,Ningbo,NHAVA SHEVA SEA (INNSA1),84828000,LINEAR MOTION BEARINGS LMK 20 UU LINEAR MOTION BEARINGS LMK 20 UU,,1500.0,PCS,0.0,1046.8452,S6ZUX3V42JKLS,,
2025-03-08,印度,中国,SANGHVI AUTOMATION,LISHUI GREENLEAF AUTOMATIC TECHNOLOGY CO LTD,"GALA NO. F/106 TOP CLASS ENCLAVE, FIRST FLOOR BHOIDAPADA NAKA, SATIVALI ROAD, VASAI EAST",,,,,CHINA,,Ningbo,NHAVA SHEVA SEA (INNSA1),84828000,LINEAR BEARING SC 25 UU LINEAR BEARING SC 25 UU,,500.0,NOS,0.0,1046.1126,C5QXKO170YH8B,,
2025-10-22,越南,中国,CÔNG TY TNHH MISUMI VIỆT NAM,MISUMI CHINA PRECISION MACHINERY TRADING CO LTD,"Lot No. 15, Road Ts 11, Tien Son Industrial Park, Dai Dong Commune, Bac Ninh Province, Vietnam","NO.1058 DILING RD, FENGXIAN DIST, SHANGHAI, CHINA, CN",,,,China,,,,84828000,"Thanh trượt tuyến tính có ổ bi (bằng thép, dài 70mm), hàng mới 100%, nhãn hiệu: MISUMI, code: E-SMLG12-70,Linear sliders have ball bearings (steel, 70mm long), 100% brand new brand: MISUMI, code: E-SMLG12-70",,200.0,Pieces,0.0,1045.98,,,
2025-08-08,越南,中国台湾,CÔNG TY TNHH JADE M - TECH,CHUN LOUNG CO LTD,"Lot No. Tt3-09, Dat Ket Area, Lien Mac Ward, Bac Tu Liem District, Hanoi City, Vietnam","NO.1, LANE 333,MINYI ST, FUAN VILLAGE SIOUSHUEI  TOWNSHIP, CHANGHUA COUNTY 50444, TAIWAN, TW",,,,Japan,,,,84821000,"Thanh tuyến tính dẫn hướng Y-RD: HSR25LC2SSC0E+790LH-II gồm thanh trượt dài 790mm và con trượt, có ổ bi, phụ tùng máy gia công kim loại. NSX: THK, mới 100%,Rod linear guide Y-RD: HSR25LC2SSC0E+790LH-II consists of slider length 790mm and the slide has ball bearings, machine parts metal machining. MANUFACTURER: THK, new 100%",,1.0,Set,0.0,1045.0,,,
2025-09-26,印度,中国,KHS INNOVATION & ENGINEERING LLP,XI'AN SILVERSTONE MACHINERY INDUST,"4A, KARIM BUILDING, 1ST FLOOR,142/  144, ABDUL REHMAN STREET ","RY CO., LTD. ADD:19,5THHANGKONGR OAD,YANLIANG XI'AN,SHAANXI SDNF CHINA",,,,China (CN),,Shanghai,,84821090,LINEAR BALL BEARINGS LM16UU (BRAND - NIPPON) LINEAR BALL BEARINGS,,2000.0,PCS,0.0,1042.5,,,
2025-02-20,印度,中国,SYSCOM AUTOMATION,LISHUI GREENLEAF AUTOMATIC TECHNOLOY CO LTD,"8/24, MUNICIPAL COLONY,PARK SITE, VIKHROLI WEST ,",,,,,CHINA,,Ningbo,NHAVA SHEVA SEA (INNSA1),84828000,LINEAR BEARING SCS 25 LUU (217 KGS) LINEAR BEARING SCS 25 LUU (217 KGS),,200.0,NOS,0.0,1042.4459,DTZY6YQ9GVIWO,,
2025-02-19,越南,中国香港,CÔNG TY TNHH THIẾT BỊ CƠ ĐIỆN MINH THÀNH,HK TOMUU ACTUATOR TECHNOLOGY CO LIMITED,"Trang Due Village (At Ngan Vu Limited Liability Company), Le Loi Commune, An Duong District, Hai Phong, Vietnam","ROOM 1318-19, HOLLYWOOD PLAZA, 610 NATHAN ROAD, MONGKOK, KOWLOON, HONGKONG, HK",,,,China,,,,84821000,"TM14#& Ổ bi dùng cho hộp số động cơ của bộ truyền động tuyến tính, mới 100%,TM14#& Ball bearing for motor gearbox of linear actuator, 100% new",,11520.0,Pieces,0.0,1036.8,,,
2025-10-16,印度,中国,CIU BEARING CO,TIANJIN TEXTILE GROUP IMPORT AND EXPORT INC,,"3YUNNAN ROAD, TIANJIN, CHINA Tianji n, , CHINA SDNF CHINA",,,,China (CN),,Qingdao,NHAVA SHEVA SEA (INNSA1),84828000,LINEAR MOTION BEARINGS SC 40 UU LINEAR MOTION BEARINGS SC 40 UU,,200.0,NOS,0.0,1036.1,,,
2025-05-18,印度,中国,AGARWAL INDUSTRIES,CHANGZHOU FOLEVO PRECISION MACHINER,4 Ground Floor HARESH CHAMBER SAMUEL STREET VADGADI,,,,,CHINA,,Qingdao,NHAVA SHEVA SEA (INNSA1),84821090,LINEAR BLOCK BEARING HGH45CA LINEAR BLOCK BEARING,,100.0,NOS,0.0,1034.5732,7I38VF3QR2DUN,,
2025-05-18,印度,中国,AGARWAL INDUSTRIES,CHANGZHOU FOLEVO PRECISION MACHINER,4 Ground Floor HARESH CHAMBER SAMUEL STREET VADGADI,,,,,CHINA,,Qingdao,NHAVA SHEVA SEA (INNSA1),84821090,LINEAR BALL BEARING SC50 UU LINEAR BALL BEARING,,100.0,NOS,0.0,1034.5732,7I38VF3QR2DUN,,
2025-02-14,印度,中国,RELIANCE TOOLS AND BEARING STORES,ZHEJIANG SIQIANG BEARING MANUFACTURE CO LTD,"GRD FLR, 163, MUTTON  STREET, ",,,,,CHINA,,Ningbo,NHAVA SHEVA SEA (INNSA1),84828000,FLANGE LINEAR MOTION BEARING LMK25UU FLANGE LINEAR MOTION BEARING LMK25UU,,700.0,PCS,0.0,1032.7056,LEHHKMP5GYLNX,,
2025-08-14,印度,中国,BHAVI IMPEX,AMLAND GLOBE HK ENTERPRISE LTD,"108,SHUBH SANDESH, 16,  HANSRAJ LANE, BYCULLA, ","ROOM 811,BAILI BUSINESS CENTER,87-1 05, CHATHAM ROAD SOUTH,TSIM SHA TSU I,KOWLOON HONG KONG",,,,China (CN),,Ningbo,,84828000,"LINEAR BEARING BRAND:9KBC,MODEL: LMFC50LUU LINEAR BEARING",,48.0,NOS,0.0,1032.0,,,
2025-01-03,越南,中国台湾,CÔNG TY TNHH JADE M - TECH,CHUN LOUNG CO LTD,"Land Lot No. Tt3-09, Land Stuck Area, Lien Mac Ward, Bac Tu Liem District, Hanoi City, Vietnam","NO.1, LANE 333,MINYI ST, FUAN VILLAGE SIOUSHUEI  TOWNSHIP, CHANGHUA COUNTY 50444, TAIWAN, TW",,,,Taiwan,,,,84821000,"Con trượt HRC45FL S V0N bộ phận của thanh tuyến tính dẫn hướng, bằng thép, có ổ bi, phụ tùng máy gia công kim loại. NSX: CPC, mới 100%,HRC45FL S V0N linear guide rail part, steel, with ball bearing, metalworking machine spare part. Manufacturer: CPC, 100% new",,20.0,Pieces,0.0,1030.0,,,
2025-09-20,印度,中国,KIYAN TRADERS,SKYWALK INDUSTRIES GROUP LIIMITED,,"UNIT 04-05,16/F THE BROADWAY NO 5 4-6 2 LOCK HART RD WANCHAI HK CHINA",,,,China (CN),,Ningbo,,84821090,ASSORTED TYPES OF LINEAR BALL BEARING ASSORTED TYPES PLAIN IRON SHAFT,,2550.0,PCS,0.0,1028.34,,,
2025-09-15,印度,中国,KIYAN TRADERS,SKYWALK INDUSTRIES GROUP LIIMITED,,"UNIT 04-05,16/F THE BROADWAY NO 5 4-6 2 LOCK HART RD WANCHAI HK CHINA",,,,China (CN),,Ningbo,,84821090,ASSORTED TYPES OF LINEAR BALL BEARING ASSORTED TYPES PLAIN IRON SHAFT,,2550.0,PCS,0.0,1028.02,,,
2025-07-05,印度,中国,KHS INNOVATION & ENGINEERING LLP,LISHUIJINZHENGBEARINGMANUFACTURE,"4A, KARIM BUILDING, 1ST FLOOR,142/  144, ABDUL REHMAN STREET ",,,,,CHINA,,Shanghai,NHAVA SHEVA SEA (INNSA1),84828000,LINEAR MOTION BEARINGS LMF50UU KHS-LG LINEAR BEARINGS,,150.0,PCS,0.0,1027.0677,4A2G810XZMKMT,,
2025-04-28,越南,中国,CÔNG TY TNHH YI DA VIỆT NAM,CRYSTAL APPAREL LIMITED,"Song Thao Town Industrial Cluster, Cam Khe Town, Cam Khe District, Phu Tho Province","5-7F., AXA TOWER, LANDMARK EAST, NO. 100 HOW MING STREET, KOWLOON, HONG KONG, CN",,,,China,,,,84821000,"Ổ bi trượt tuyến tính, nhãn hiệu MYT, model SBR30UU, đường kính trục 30mm, chất liệu Nhôm đúc (vỏ) + thép (ổ). Hàng mới 100%.,Linear slide bearing, brand MYT, model SBR30UU, shaft diameter 30mm, material Die-cast aluminum (shell) + steel (bearing). 100% new.",,80.0,Pieces,0.0,1025.6,,,
2025-05-27,印度,中国,INDO MIM LIMITED,DONGGUAN YHD SUPPLY CHAINMANAGEMENT CO LTD,"213/(539/A), STREET.NO.7, LANE.NO.2 HIMAYAT NAGAR, ",,,,,CHINA,,Shanghai,BANGALORE ACC (INBLR4),84828000,"LINEAR BEARINGS WITH FLANGE GUIDE (NICKEL-PLATED),LMJ73-D8,84PCS(JIGS & FIXTURES PARTS)LINEAR BEARINGS WITH FLANGE GUIDE (NICKEL-PLATED),LMJ73-D8,8",,84.0,NOS,0.0,1025.5478,07SP2FTMTQTIN,,
2025-02-16,印度,中国,KHS INNOVATION & ENGINEERING LLP,ZHEJIANG SIQIANG BEARING MANUFACTURE CO LTDA,"4A, KARIM BUILDING, 1ST FLOOR,142/  144, ABDUL REHMAN STREET ",,,,,CHINA,,Shanghai,NHAVA SHEVA SEA (INNSA1),84828000,FLANGE LINEAR BEARING-LMK 16LUU KHS-LG FLANGE LINEAR BEARING-LMK 16LUU KHS-LG,,757.0,NOS,0.0,1023.4609,U5NWSLS36YLHN,,
2025-06-04,菲律宾,中国,TIGER MACHINERY AND INDUSTRIAL CORPORATION,FOSHAN WECANS BUILDING MATERIAL CO LTD,"359 F. SAN DIEGO ST VIENTE REALES, VALENZUELA",,,,,CHINA,,,,84829900000,LINEAR ROLLER BEARING PR14061 GR1/0-5 RO E10 4 PCS,,0.0,,1.5,1021.6,5044816873,,
2025-10-25,乌兹别克斯坦,中国,СП ООO AGROMIR,КОМПАНИЯ SHANDONG CAMELLIA MACHINERY CO LTD,,,,,,China,,,,8482101009,"1) Запасная часть к технологическому оборудованию Tеtra Pak, применяемого для розлива и упаковки пищевых продуктов:подшипник шариковый-Линейный шарико-подшипник, 12.00x21.00x30.00мм, артикул:70000153838, новые, не бывшие в употреблении, в количестве-24шт, вес нетто-0,744кг
2) 0 место часть(дер.ящик)
8) 000; 
9) 000;
11) 02;",,24.0,Piece,0.744,1017.99,,,
2025-10-28,乌兹别克斯坦,中国,СП ООO AGROMIR,КОМПАНИЯ SHANDONG CAMELLIA MACHINERY CO LTD,,,,,,China,,,,8482101009,"1) Запасная часть к технологическому оборудованию Tеtra Pak, применяемого для розлива и упаковки пищевых продуктов:Шарикоподшипник -Линейный подшипник, 12.00x21.00x30.00мм, артикул:70000153838, новые, не бывшие в употреблении, в количестве-24шт, вес нетто-0,744кг
2) 0 место часть(дер.ящик)
8) 000; 
9) 000;
11) 02;",,24.0,Piece,0.744,1017.99,,,
2025-05-30,印度,中国,AMAFHH SONS,ZHEJIANG SIQIANG BEARING MANUFACTURE CO LTD,"2ND FLOOR, 71 NAGDEVI CROSS LANE,,  N/A",,,,,CHINA,,Ningbo,NHAVA SHEVA SEA (INNSA1),84828000,LINEAR MOTION BEARINGS LMK40UU LINEAR MOTION BEARINGS LMK40UU,,300.0,PCS,0.0,1016.105,0LAHS2H9JC2RX,,
2025-05-26,斯里兰卡,中国,M M K HITECH ENGINEERING,NINGBO SANMIN IMPORT AND EXPORT CO LTD,202/C/12 QUEEN TERRACE THE VILLAGE KUDAMADUWA ROAD MATTEGODA DDC RMU ORDER,"303, BUILDING 1, KECHENG ENTERPRISE PARK, FENGHUA DISTRICT, NINGBO CITY CHINA",,,,CHINA,,,,84828000,"LINEAR BALL BEARING,LINEAR BALL SCREW BEARING",,246.0,NIU,67.91,1014.84,,,
2025-02-14,印度,中国,RELIANCE TOOLS AND BEARING STORES,ZHEJIANG SIQIANG BEARING MANUFACTURE CO LTD,"GRD FLR, 163, MUTTON  STREET, ",,,,,CHINA,,Ningbo,NHAVA SHEVA SEA (INNSA1),84828000,LINEAR MOTION BEARINGS LM50UU LINEAR MOTION BEARINGS LM50UU,,200.0,PCS,0.0,1014.0048,LEHHKMP5GYLNX,,
2025-01-22,印度,中国,AXIS TECHNOLOGIES,YIBOYUAN LINQING CITY PRECISION MACHINERY CO L,"207, ARIHANT TOWER, 2ND FLOOR,83 V. V .CHANDAN STREET, MUMBAI, ",,,,,CHINA,,Qingdao,NHAVA SHEVA SEA (INNSA1),84828000,LINEAR MOTION BEARINGS SC40UU LINEAR MOTION BEARINGS SC40UU,,200.0,PCS,0.0,1013.6998,C0W3RR1INJTTB,,
2025-01-21,印度,中国,V M TRADERS,SHANGHAI FENYUE INTERNATIONAL,"67, NAGDEVI STREET,  2ND FLOOR, ",,,,,CHINA,,Shanghai,NHAVA SHEVA SEA (INNSA1),84824000,NEEDLE ROLLER BEARING (MNB) RNA4836 A LINEAR  BALL BEARINGS,,50.0,NOS,0.0,1013.0762,CGXM94FBE4HRU,,
2025-11-18,越南,中国,CÔNG TY TNHH THƯƠNG MẠI DỊCH VỤ FANG YUAN,HK WANYANG TRADING LIMITED,"No. 111, Street No. 84 (Q27 Park Riverside Residential Area), Long Truong Ward, Ho Chi Minh City, Vietnam","UNIT 205, UNIT C, 2/F,KWONG ON BANK, MONGKOK BRANCH BUILDING, 728-730 NATHAN ROAD.MONG KOK, HONGKONG CHINA, CN",,,,China,,,,84821000,"Ổ bi trượt (con trượt tuyến tính), model: HGH45, QC: 139mm*36mm*70mm, bằng thép, nsx: Fuzhou Ronghui Intelligent Transmission Technology. Hàng mới 100%,Linear slide bearing, model: HGH45, dimensions: 139mm*36mm*70mm, made of steel, manufacturer: Fuzhou Ronghui Intelligent Transmission Technology. 100% brand new.",,8.0,Pieces,0.0,1012.648,,,
2025-11-27,越南,中国,CÔNG TY TNHH THƯƠNG MẠI DỊCH VỤ FANG YUAN,HK WANYANG TRADING LIMITED,"No. 111, Street No. 84 (Q27 Park Riverside Residential Area), Long Truong Ward, Ho Chi Minh City, Vietnam","UNIT 205, UNIT C, 2/F,KWONG ON BANK, MONGKOK BRANCH BUILDING, 728-730 NATHAN ROAD.MONG KOK, HONGKONG CHINA, CN",,,,China,,,,84821000,"Ổ bi trượt (con trượt tuyến tính), model: HGH45, QC: 139mm*36mm*70mm, bằng thép, nsx: Fuzhou Ronghui Intelligent Transmission Technology. Hàng mới 100%,Linear slide bearing, model: HGH45, dimensions: 139mm*36mm*70mm, made of steel, manufacturer: Fuzhou Ronghui Intelligent Transmission Technology. 100% brand new.",,8.0,Pieces,0.0,1011.9576,,,
2025-05-23,印度,中国,RHD ENTERPRISE,CIXI HUIBO IMPORT AND EXPORT CO LTD,"D-10, HIRAMANEK BAPTISTA ROAD, VILE PARLE WEST,MUMBAI null",,,,,CHINA,,Ningbo,NHAVA SHEVA SEA (INNSA1),84821020,LINEAR BEARING SC30LUU LINEAR BEARING SC30LUU,,200.0,NOS,0.0,1011.2131,KLXTY7G6KR83E,,
2025-07-05,印度,中国,KHS INNOVATION & ENGINEERING LLP,LISHUIJINZHENGBEARINGMANUFACTURE,"4A, KARIM BUILDING, 1ST FLOOR,142/  144, ABDUL REHMAN STREET ",,,,,CHINA,,Shanghai,NHAVA SHEVA SEA (INNSA1),84828000,LINEAR MOTION BEARINGS LMK40UU KHS-LG LINEAR BEARINGS,,288.0,PCS,0.0,1009.0489,4A2G810XZMKMT,,
2025-03-05,印度,中国,OSR INTERNATIONAL,SHANGHAI NEOSTAR MACHINERY&TECHNOLOGY CO LTD,"72 GROUND FLOOR, G.B ROAD S. N MARG Contact No: 919810818275",,,,,CHINA,,Mundra,ICD PATPARGANJ,84821090,"SC40ES,LINEAR MOTION BEARING (FOR INDUSTRIAL USE) LINEAR MOTION BEARING",,150.0,NOS,0.0,1008.7525,4JYQHILQGUSJM,,
2025-07-18,印度,中国,CIU BEARING CO,TIANJIN TEXTILE GROUP IMPORT AND EXPORT INC,"502, SATGURU SUPREME, WALJI LADHA ROAD, MULUND WEST,",,,,,CHINA,,Qingdao,NHAVA SHEVA SEA (INNSA1),84828000,LINEAR MOTION BEARINGS  SC20UU LINEAR MOTION BEARINGS  SC20UU,,1000.0,PCS,0.0,1008.0084,VQGV26NTLDG16,,
2025-02-20,印度,中国香港,BHAVI IMPEX,AMLAND GLOBE HK ENTERPRISE LTD,"108,SHUBH SANDESH, 16,  HANSRAJ LANE, BYCULLA, ",,,,,HONG KONG,,Ningbo,NHAVA SHEVA SEA (INNSA1),84828000,"LINEAR BEARING BRAND:HL ,ITEM NO. LM16UU LINEAR BEARING",,1000.0,NOS,0.0,1005.7339,U6066D9M8DSTU,,
2025-03-10,印度,中国,AGARWAL INDUSTRIES,QINGDAO SHIYA IMPORT AND EXPORT CO,4 Ground Floor HARESH CHAMBER SAMUEL STREET VADGADI,,,,,CHINA,,Qingdao,NHAVA SHEVA SEA (INNSA1),84821090,LINEAR BALL BEARING LM25UU LINEAR BALL BEARING,,2000.0,NOS,0.0,1003.9996,WR2ROUSHLUCH0,,
2025-03-10,印度,中国,AGARWAL INDUSTRIES,QINGDAO SHIYA IMPORT AND EXPORT CO,4 Ground Floor HARESH CHAMBER SAMUEL STREET VADGADI,,,,,CHINA,,Qingdao,NHAVA SHEVA SEA (INNSA1),84821090,LINEAR BALL BEARING SBR30LUU LINEAR BALL BEARING,,200.0,NOS,0.0,1003.9988,WR2ROUSHLUCH0,,
2025-03-10,印度,中国,AGARWAL INDUSTRIES,QINGDAO SHIYA IMPORT AND EXPORT CO,4 Ground Floor HARESH CHAMBER SAMUEL STREET VADGADI,,,,,CHINA,,Qingdao,NHAVA SHEVA SEA (INNSA1),84821090,LINEAR BALL BEARING SC20UU LINEAR BALL BEARING,,1000.0,NOS,0.0,1003.9986,WR2ROUSHLUCH0,,
2025-03-10,印度,中国,AGARWAL INDUSTRIES,QINGDAO SHIYA IMPORT AND EXPORT CO,4 Ground Floor HARESH CHAMBER SAMUEL STREET VADGADI,,,,,CHINA,,Qingdao,NHAVA SHEVA SEA (INNSA1),84821090,LINEAR BALL BEARING LM35UU LINEAR BALL BEARING,,1000.0,NOS,0.0,1003.9986,WR2ROUSHLUCH0,,
2025-03-25,越南,中国,CÔNG TY TNHH CÔNG NGHIỆP KTL,NINGBO MIKATE TRANSMISSION TECHNOLOGY CO LTD,"25/A85 NA12 Street, Viet Sing Residential Area, T.15, Binh Giao Quarter, Thuan Giao Ward, Thuan An City, Binh Duong Province","NO.9 SHANGSHAO EAST AREA, ZHUANGQIAO STREET, JIANGBEI DISTRICT, NINGBO CHINA, CN",,,,China,,,,84828000,"Bạc đạn bằng thép-linear bearing, hiệu MYT, model LMF30LUU, kích thước dr30*D45*L123mm, hàng mới 100%,Steel linear bearing, MYT brand, model LMF30LUU, size dr30*D45*L123mm, 100% new",,180.0,Pieces,0.0,1001.3999,,,
2025-11-12,印度,中国,CIU BEARING CO,TIANJIN TEXTILE GROUP IMPORT AND EXPORT INC,"502, SATGURU SUPREME, WALJI LADHA ROAD, MULUND WEST,","3YUNNAN ROAD, TIANJIN, CHINA Tianji n, , CHINA SDNF CHINA",,,,China (CN),,Qingdao,NHAVA SHEVA SEA (INNSA1),84828000,LINEAR MOTION BEARINGS LMK20LUU LINEAR MOTION BEARINGS LMK20LUU,,1000.0,NOS,0.0,1001.0,,,
2025-05-23,哈萨克斯坦,中国香港,ТОО БАННЕРОВОПЛАКАТОВО,ZUND ASIA LTD,"КАЗАХСТАН, Г. АЛМАТЫ, АЛМАЛИНСКИЙ РАЙОН, ПР. СЕЙФУЛЛИНА 404/67, ОФ. 201","ГОНКОНГ, EASTERN HARBOUR CENTRE UNIT 11, 9/F, 28 HOI CHAK STREET, QUARRY BAY",,,"ZUND ASIA LTD;
",РАЗНЫЕ,Kazakhstan,,,8482109008,"1. ЛИНЕЙНЫЙ ПОДШИПНИК,    ЛИНЕЙНЫЙ НАПРАВЛЯЮЩИЙ ПОДШИПНИК ОСИ Y (Y-AXIS GUIDE SLIDER) ЯВЛЯЕТСЯ КЛЮЧЕВЫМ ЭЛЕМЕНТОМ СИСТЕМЫ ПОЗИЦИОНИРОВАНИЯ РЕЖУЩЕЙ ГОЛОВКИ В ПЛОТТЕРАХ; ПРОИЗВОДИТЕЛЬ: ZUND ASIA LTD; ТОВАРНЫЙ ЗНАК: ZUND; МАРКА ТОВАРА: ZUND; , КОЛИЧЕСТВО: 4.00 ШТ;",,4.0,ШТ,0.16,999.01,,,"ZUND;
"
2025-05-07,印度,中国,KHS INNOVATION & ENGINEERING LLP,ZHEJIANG SIQIANG BEARING MANUFACTUR,"4A, KARIM BUILDING, 1ST FLOOR,142/  144, ABDUL REHMAN STREET ",,,,,CHINA,,Shanghai,NHAVA SHEVA SEA (INNSA1),84828000,LINEAR MOTION BEARINGS SK20 (BRAND - KHS LG) LINEAR MOTION BEARINGS,,2360.0,PCS,0.0,995.2643,Q8MNXZXFQ41NW,,
2025-04-11,印度,中国,BEARING INDIA,XI'AN WEINUO MACHINERY AND EQUIPMENT CO LTD,"2418, SECOND FLOOR, GEETA MANSION, G.B. ROAD",,,,,CHINA,,Qingdao,ICD PATPARGANJ,84828000,LINEAR MOTION BEARINGS: LM30UU LINEAR MOTION BEARINGS: LM30UU,,1000.0,NOS,0.0,994.5497,SY97QUTSBZ3ZI,,
2025-01-22,印度,中国,AXIS TECHNOLOGIES,YIBOYUAN LINQING CITY PRECISION MACHINERY CO L,"207, ARIHANT TOWER, 2ND FLOOR,83 V. V .CHANDAN STREET, MUMBAI, ",,,,,CHINA,,Qingdao,NHAVA SHEVA SEA (INNSA1),84828000,LINEAR MOTION BEARINGS SC30LUU LINEAR MOTION BEARINGS SC30LUU,,200.0,PCS,0.0,992.9915,CUZSH4J6SO7S8,,
2025-09-17,越南,中国台湾,CÔNG TY TNHH JADE M - TECH,CHUN LOUNG CO LTD,"Land Lot No. Tt3-09, Land Jam, Thuong Cat Ward, Hanoi City, Vietnam","NO.1, LANE 333,MINYI ST, FUAN VILLAGE SIOUSHUEI  TOWNSHIP, CHANGHUA COUNTY 50444, TW",,,,Taiwan,,,,84821000,"Con trượt ARC15FN S V0N, bộ phận của thanh tuyến tính dẫn hướng, bằng thép,có ổ bi, phụ tùng máy gia công kim loại. NSX: CPC, mới 100%,Slider ARC15FN S V0N parts of the linear guide, steel ball bearings, machine parts metal machining. MANUFACTURER: CPC, 100% new",,80.0,Pieces,0.0,992.0,,,
2025-06-20,印度,中国香港,PACIFIC INDUSTRIES LIMITED,XINCHENG INTERNATIONAL HONG KONG CO LIMITED,"VILLAGE BEDLA,  N/A",,,,,HONG KONG,,Hong Kong,DELHI AIR CARGO ACC (INDEL4),84821090,LINEAR ROLLER BEARING 200362340 107451L.03.02(SPARE PARTS FOR STONE MACHINERY)LINEAR ROLLER BEARING 200362340 107451L.03.02(SPARE PARTS FO,,2.0,PCS,0.0,989.4008,EBF75ZL4MGAWY,,
2025-01-22,印度,中国,AXIS TECHNOLOGIES,YIBOYUAN LINQING CITY PRECISION MACHINERY CO L,"207, ARIHANT TOWER, 2ND FLOOR,83 V. V .CHANDAN STREET, MUMBAI, ",,,,,CHINA,,Qingdao,NHAVA SHEVA SEA (INNSA1),84828000,LINEAR MOTION BEARINGS SC20UU LINEAR MOTION BEARINGS SC20UU,,1000.0,PCS,0.0,987.873,CUZSH4J6SO7S8,,
2025-08-28,印度,中国,SHREE BALAJI ENTERPRISES,SHANDONG HIKING INTERNATIONAL COMMERCE GROUP CO LT,"NO 330 THAMBU CHETTY STREET,MANNAD  Y ","19/F, XINKAIDA MANSION, NO.33 LONGCHENG ROAD, SHIBEI DISTRICT,QINGDAO, CHINA CN",,,,China (CN),,Qingdao,,84821090,LINEAR MOTION BEARINGS HGH20CA BEARINGS,,700.0,PCS,0.0,987.0,,,
2025-01-23,印度,中国,NXV BEARINGS PRIVATE LIMITED,NINGBO HUAYI IMP & EXP CO LTD,77 G B ROAD 2ND FLOOR,,,,,CHINA,,Qingdao,STARTRACK TERMINAL ICD (INSTT6),84828000,"LMF 25 LUU ,   LINEAR MOTION BEARING,  U/WT.-  0.231  (FOR INDUSTRIAL USE)BEARING",,216.0,NOS,0.0,986.6439,4WW424VBDT0O4,,
2025-04-10,印度,中国,DIVINE TRANSMISSION SYSTEMS,NINGBO LIMON ROBOTECH INTERNATIONAL TRADING CO LTD,D-12 LAJPAT NAGAR-III  N/A,,,,,CHINA,,Ningbo,ICD PATPARGANJ,84821090,LINEAR MOTION BEARINGS LMF60LUU LINEAR MOTION BEARINGS KH3050PP,,36.0,NOS,0.0,984.7195,7W7IOBUIOS8Z4,,
2025-01-03,越南,中国台湾,CÔNG TY TNHH JADE M - TECH,CHUN LOUNG CO LTD,"Land Lot No. Tt3-09, Land Stuck Area, Lien Mac Ward, Bac Tu Liem District, Hanoi City, Vietnam","NO.1, LANE 333,MINYI ST, FUAN VILLAGE SIOUSHUEI  TOWNSHIP, CHANGHUA COUNTY 50444, TAIWAN, TW",,,,Japan,,,,84821000,"Thanh tuyến tính dẫn hướng HSR35R2KKHHC1+1830L gồm thanh trượt dài 1830mm và con trượt, có ổ bi, phụ tùng máy gia công kim loại. NSX: THK, mới 100%,HSR35R2KKHHC1+1830L linear guide rail includes 1830mm long slide bar and slider, with ball bearing, metalworking machine spare part. Manufacturer: THK, 100% new",,1.0,Set,0.0,980.0,,,
2025-10-01,越南,中国香港,CÔNG TY TNHH RYDER INDUSTRIES VIỆT NAM,RYDER ELECTRONICS XINFENG LTD,"Land Lot No. C.Ii.Ii-1, Road No. 9, Long Thanh Industrial Park, An Phuoc Commune, Dong Nai Province, Vietnam","SHUIDONG AVE(E), XINFENG INDUSTRIAL PARK, XINFENG COUNTY, GANZHOU CITY, HK",,,,China,,,,84821000,"22V00018#&Ổ bi, NL để sản xuất sản phẩm xuất khẩu - 2210011746 / METAL,GENERAL,LINEAR BEERING LM3,FORGINGxTURNINGxGRINDING,HE. Hàng mới 100%,22V00018#&amp;bearings, NL to produce export products - 2210011746 / METAL,GENERAL,LINEAR BEERING LM3,FORGINGxTURNINGxGRINDING,HE. 100% brand new",,1170.0,Pieces,0.0,979.4538,,,
2025-12-08,印度,中国,BHAVI IMPEX,AMLAND GLOBE HK ENTERPRISE LTD,"108,SHUBH SANDESH, 16,  HANSRAJ LANE, BYCULLA, ","ROOM 811,BAILI BUSINESS CENTER,87-1 05, CHATHAM ROAD SOUTH,TSIM SHA TSU I,KOWLOON HONG KONG",,,,China (CN),,Ningbo,NHAVA SHEVA SEA (INNSA1),84828000,"LINEAR BEARING BRAND-HL,ITEM NO.LMST16GAUU LINEAR BEARING",,50.0,NOS,0.0,977.5,,,
2025-11-07,印度,中国,AGARWAL INDUSTRIES,CHANGZHOU FOLEVO PRECISION MACHINER,4 Ground Floor HARESH CHAMBER SAMUEL STREET VADGADI,"Y CO., LTD NO. 288, XIAXI WEST ROAD , JIAZE TOWN, WUJIN DISTRICT, CHANG ZHOU CITY, JIANGSU CHINA",,,,China (CN),,Qingdao,NHAVA SHEVA SEA (INNSA1),84821090,LINEAR BALL BEARING SC40 UU LINEAR BALL BEARING,,200.0,PCS,0.0,976.93,,,
2025-12-08,印度,中国,BHAVI IMPEX,AMLAND GLOBE HK ENTERPRISE LTD,"108,SHUBH SANDESH, 16,  HANSRAJ LANE, BYCULLA, ","ROOM 811,BAILI BUSINESS CENTER,87-1 05, CHATHAM ROAD SOUTH,TSIM SHA TSU I,KOWLOON HONG KONG",,,,China (CN),,Ningbo,NHAVA SHEVA SEA (INNSA1),84828000,"LINEAR BEARING BRAND-9KBC,ITEM NO.LMF25UU LINEAR BEARING",,500.0,NOS,0.0,975.0,,,
2025-01-13,印度,中国,AXIS TECHNOLOGIES,ZHEJIANG JINGRUI INTELLIGENT TRANSMISSION CO LTD,"207, ARIHANT TOWER, 2ND FLOOR,83 V. V .CHANDAN STREET, MUMBAI, ",,,,,CHINA,,Ningbo,NHAVA SHEVA SEA (INNSA1),84828000,LINEAR MOTION BEARINGS LME50UU LINEAR MOTION BEARINGS LME50UU,,204.0,PCS,0.0,974.7766,Y1D7BE3Q2SBOJ,,
2025-01-21,印度,中国,V M TRADERS,SHANGHAI FENYUE INTERNATIONAL,"67, NAGDEVI STREET,  2ND FLOOR, ",,,,,CHINA,,Shanghai,NHAVA SHEVA SEA (INNSA1),84824000,TRACK ROLLER BEARING (MNB) MCYR17S LINEAR  BALL BEARINGS,,400.0,NOS,0.0,972.5532,CGXM94FBE4HRU,,
2025-01-21,印度,中国,V M TRADERS,SHANGHAI FENYUE INTERNATIONAL,"67, NAGDEVI STREET,  2ND FLOOR, ",,,,,CHINA,,Shanghai,NHAVA SHEVA SEA (INNSA1),84828000,CAM FOLLOWER (MNB) CFH2SB LINEAR  BALL BEARINGS,,120.0,NOS,0.0,971.3375,CGXM94FBE4HRU,,
2025-01-18,越南,中国,CÔNG TY TNHH KHOA HỌC KỸ THUẬT GOERTEK VINA,NANNING GOERTEK TRADING CO LTD,"Lot N-1, Que Vo Industrial Park (Expansion Area), Nam Son Ward, Bac Ninh City, Bac Ninh Province, Vietnam","F16-17, R&D BLD, HEADQUARTER BASE, OF NANNING-ASEAN AGRICULTURAL, SCIENCE & TECHNOLOGY DLT ENTERPRISE, NO.10 GAOXIN,3RD ROAD, NANNING CITY, CN",,,,Japan,,,,84828000,"701010056198#&Thanh trượt tuyến tính có ổ bi chất liệu chính bằng thép dùng trong sản xuất model U0796557 hiệu MUSASHI, kích thước: 422*59.7*39.5mm, mới 100%, 701010056198,701010056198#&Linear slide with ball bearing, main material is steel used in production, model U0796557, brand MUSASHI, size: 422*59.7*39.5mm, 100% new, 701010056198",,1.0,Pieces,0.0,969.99,,,
2025-01-18,越南,中国,CÔNG TY TNHH KHOA HỌC KỸ THUẬT GOERTEK VINA,NANNING GOERTEK TRADING CO LTD,"Lot N-1, Que Vo Industrial Park (Expansion Area), Nam Son Ward, Bac Ninh City, Bac Ninh Province, Vietnam","F16-17, R&D BLD, HEADQUARTER BASE, OF NANNING-ASEAN AGRICULTURAL, SCIENCE & TECHNOLOGY DLT ENTERPRISE, NO.10 GAOXIN,3RD ROAD, NANNING CITY, CN",,,,Japan,,,,84828000,"701010056198#&Thanh trượt tuyến tính có ổ bi chất liệu chính bằng thép dùng trong sản xuất model U0796557 hiệu MUSASHI, kích thước: 422*59.7*39.5mm, mới 100%, 701010056198,701010056198#&Linear slide with ball bearing, main material is steel used in production, model U0796557, brand MUSASHI, size: 422*59.7*39.5mm, 100% new, 701010056198",,1.0,Pieces,0.0,969.99,,,
2025-03-10,印度,中国,AGARWAL INDUSTRIES,QINGDAO SHIYA IMPORT AND EXPORT CO,4 Ground Floor HARESH CHAMBER SAMUEL STREET VADGADI,,,,,CHINA,,Qingdao,NHAVA SHEVA SEA (INNSA1),84821090,LINEAR BALL BEARING LMK50UU LINEAR BALL BEARING,,150.0,NOS,0.0,968.1418,WR2ROUSHLUCH0,,
2025-11-26,越南,中国,CÔNG TY TNHH THIẾT BỊ CƠ ĐIỆN MINH THÀNH,HK TOMUU ACTUATOR TECHNOLOGY CO LIMITED,"Trang Due Residential Area (at Ngan Vu Co., Ltd.), An Duong Ward, Hai Phong City, Vietnam","ROOM 1318-19, HOLLYWOOD PLAZA, 610 NATHAN ROAD, MONGKOK, KOWLOON, HONGKONG, CN",,,,China,,,,84821000,"MNA-U20G00086#&Ổ bi dùng cho hộp số động cơ của bộ truyền động tuyến tính, mới 100%,MNA-U20G00086#&Bearing for motor gearbox of linear actuator, 100% new",,4204.0,Pieces,0.0,966.92,,,
2025-02-16,印度,中国,KHS INNOVATION & ENGINEERING LLP,ZHEJIANG SIQIANG BEARING MANUFACTURE CO LTDA,"4A, KARIM BUILDING, 1ST FLOOR,142/  144, ABDUL REHMAN STREET ",,,,,CHINA,,Shanghai,NHAVA SHEVA SEA (INNSA1),84828000,FLANGE LINEAR BEARING-LMK 25LUU KHS-LG FLANGE LINEAR BEARING-LMK 25LUU KHS-LG,,400.0,NOS,0.0,965.7077,U5NWSLS36YLHN,,
2025-11-26,越南,中国,CÔNG TY TNHH THIẾT BỊ CƠ ĐIỆN MINH THÀNH,HK TOMUU ACTUATOR TECHNOLOGY CO LIMITED,"Trang Due Residential Area (at Ngan Vu Co., Ltd.), An Duong Ward, Hai Phong City, Vietnam","ROOM 1318-19, HOLLYWOOD PLAZA, 610 NATHAN ROAD, MONGKOK, KOWLOON, HONGKONG, CN",,,,China,,,,84821000,"MNA-U10A00002#&Ổ bi dùng cho hộp số động cơ của bộ truyền động tuyến tính, mới 100%,MNA-U10A00002#&Bearing for motor gearbox of linear actuator, 100% new",,10690.0,Pieces,0.0,962.1,,,
2025-09-23,印度,中国,NXV BEARINGS PRIVATE LIMITED,NINGBO HUAYI IMP & EXP CO LTD,77 G B ROAD 2ND FLOOR,"ROOM 12-7/8, HUAHONG INTERNATIONAL CENTER, NO717 ZHONGXING ROAD, JIANG DONG DISTRICT, NINGBO, CHINA CHINA",,,,China (CN),,Qingdao,,84828000,"SC20UUOP,  LINEAR BEARING,  U/WT.-  0.2  (FOR INDUSTRIAL USE)BEARING",,800.0,NOS,0.0,960.74,,,
2025-12-08,印度,中国,BHAVI IMPEX,AMLAND GLOBE HK ENTERPRISE LTD,"108,SHUBH SANDESH, 16,  HANSRAJ LANE, BYCULLA, ","ROOM 811,BAILI BUSINESS CENTER,87-1 05, CHATHAM ROAD SOUTH,TSIM SHA TSU I,KOWLOON HONG KONG",,,,China (CN),,Ningbo,NHAVA SHEVA SEA (INNSA1),84828000,"LINEAR BEARING BRAND-HL,ITEM NO.LM16UU LINEAR BEARING",,1000.0,NOS,0.0,960.0,,,
2025-10-09,越南,中国,CÔNG TY TNHH JADE M - TECH,WUXI J WELL IMPORT AND EXPORT TRADING CO LTD,"Land Lot No. Tt3-09, Land Jam, Thuong Cat Ward, Hanoi City, Vietnam","YANGSHI CHUXIN INDUSTRIAL PARK, LUOSHE TOWN, HUISHAN DISTRICT, WUXI CITY, CN",,,,China,,,,84821000,"Con trượt HGH30HA bộ phận của thanh tuyến tính dẫn hướng, bằng thép,không hiệu,có ổ bi, phụ tùng máy gia công kim loại. NSX: Wuxi J-Well, mới 100%,Slider HGH30HA parts of the linear guide, stainless steel,non-performance,there are ball bearings, machine parts metal machining. MANUFACTURER: Wuxi J-Well, 100% new",,100.0,Pieces,0.0,959.0,,,
2025-07-28,印度,中国,AGARWAL INDUSTRIES,CHANGZHOU FOLEVO PRECISION MACHINER,4 Ground Floor HARESH CHAMBER SAMUEL STREET VADGADI,,,,,CHINA,,Qingdao,NHAVA SHEVA SEA (INNSA1),84821090,LINEAR BALL BEARING LMF25 UU NICKEL LINEAR BALL BEARING,,1000.0,PCS,0.0,957.927,XX1QCT108N7ET,,
2025-07-28,印度,中国,AGARWAL INDUSTRIES,CHANGZHOU FOLEVO PRECISION MACHINER,4 Ground Floor HARESH CHAMBER SAMUEL STREET VADGADI,,,,,CHINA,,Qingdao,NHAVA SHEVA SEA (INNSA1),84821090,LINEAR BALL BEARING LMK25 UU NICKEL LINEAR BALL BEARING,,1000.0,PCS,0.0,957.927,XX1QCT108N7ET,,
2025-03-05,印度,中国,OSR INTERNATIONAL,SHANGHAI NEOSTAR MACHINERY&TECHNOLOGY CO LTD,"72 GROUND FLOOR, G.B ROAD S. N MARG Contact No: 919810818275",,,,,CHINA,,Mundra,ICD PATPARGANJ,84821090,"LMF25UU,LINEAR MOTION BEARING (FOR INDUSTRIAL USE) LINEAR MOTION BEARING",,700.0,NOS,0.0,955.6451,4JYQHILQGUSJM,,
2025-11-26,越南,中国,CÔNG TY TNHH THIẾT BỊ CƠ ĐIỆN MINH THÀNH,HK TOMUU ACTUATOR TECHNOLOGY CO LIMITED,"Trang Due Residential Area (at Ngan Vu Co., Ltd.), An Duong Ward, Hai Phong City, Vietnam","ROOM 1318-19, HOLLYWOOD PLAZA, 610 NATHAN ROAD, MONGKOK, KOWLOON, HONGKONG, CN",,,,China,,,,84821000,"MNA-U13A00043#&Ổ bi dùng cho hộp số động cơ của bộ truyền động tuyến tính, mới 100%,MNA-U13A00043#&Bearing for motor gearbox of linear actuator, 100% new",,6366.0,Pieces,0.0,954.9,,,
2025-05-16,越南,中国香港,CÔNG TY TNHH THIẾT BỊ CƠ ĐIỆN MINH THÀNH,HK TOMUU ACTUATOR TECHNOLOGY CO LIMITED,"Tổ dân phốTràngDuệ(tại Công tyTNHH Ngân Vũ),phường Lê Lợi, quận An Dương,TP Hải Phòng, Việt Nam.","ROOM 1318-19, HOLLYWOOD PLAZA, 610 NATHAN ROAD, MONGKOK, KOWLOON, HONGKONG, HK",,,,China,,,,84821000,"TMA-MNA-U10G00013#& Ổ bi dùng cho hộp số động cơ của bộ truyền động tuyến tính, mới 100%,TMA-MNA-U10G00013#& Ball bearing for motor gearbox of linear actuator, 100% new",,4547.0,Pieces,0.0,954.87,,,
2025-02-18,印度,中国,MAHAVIR SALES CORPORATION,YIWU ZHITONG E COMMERCE FIRM,"128,NARAYAN DHURU STREET,MICRO  HOUSE,4TH FL ",,,,,CHINA,,Ningbo,NHAVA SHEVA SEA (INNSA1),84828000,LINEAR MOTION BEARINGS LMK 16 UU LINEAR MOTION BEARINGS LMK 16 UU,,1500.0,PCS,0.0,954.4766,S6ZUX3V42JKLS,,
2025-02-20,印度,中国,SYSCOM AUTOMATION,LISHUI GREENLEAF AUTOMATIC TECHNOLOY CO LTD,"8/24, MUNICIPAL COLONY,PARK SITE, VIKHROLI WEST ,",,,,,CHINA,,Ningbo,NHAVA SHEVA SEA (INNSA1),84828000,LINEAR BEARING LMF 16 R.F (121 KGS) LINEAR BEARING LMF 16 R.F (121 KGS),,1000.0,NOS,0.0,953.4566,DTZY6YQ9GVIWO,,
2025-02-26,越南,中国台湾,CÔNG TY TNHH JADE M - TECH,CHUN LOUNG CO LTD,"Land Lot No. Tt3-09, Land Jam, Lien Mac Ward, Bac Tu Liem District, Hanoi City, Vietnam.","NO.1, LANE 333,MINYI ST, FUAN VILLAGE SIOUSHUEI  TOWNSHIP, CHANGHUA COUNTY 50444, TAIWAN, TW",,,,China,,,,84821000,"Con trượt EGH15CA bộ phận của thanh tuyến tính dẫn hướng, bằng thép,có ổ bi, không hiệu,phụ tùng máy phay kim loại. NSX: Wuxi J-Well, mới 100%,EGH15CA linear guide rail part, steel, with ball bearing, no brand, metal milling machine spare part. Manufacturer: Wuxi J-Well, 100% new",,340.0,Pieces,0.0,952.0,,,
2025-09-07,越南,中国,CÔNG TY TNHH YAZAKI HẢI PHÒNG VIỆT NAM,YANTAI UEDA TOOL& FIXTURE CO LTD,"Lot L, Japan - Hai Phong Industrial Park, Hong An Ward, Hai Phong City, Vietnam.","988 HEBIN ROAD, FUSHAN DISTRICT, YANTAI, CHINA, ZZ",,,,China,,,,84821000,"C031514#&Vòng bi bằng thép không gỉ, dùng để truyền chuyển động, đường kính ngoài không quá 15 cm, LINEAR BUSH . Hàng mới 100%,C031514#&amp;bearings made of stainless steel, used to transmit motion, external diameter not exceeding 15 cm, LINEAR BUSH . 100% brand new",,432.0,Pieces,0.0,950.4,,,
2025-03-08,印度,中国,SANGHVI AUTOMATION,LISHUI GREENLEAF AUTOMATIC TECHNOLOGY CO LTD,"GALA NO. F/106 TOP CLASS ENCLAVE, FIRST FLOOR BHOIDAPADA NAKA, SATIVALI ROAD, VASAI EAST",,,,,CHINA,,Ningbo,NHAVA SHEVA SEA (INNSA1),84828000,LINEAR BEARING LMES 40 LINEAR BEARING LMES 40,,200.0,NOS,0.0,949.3082,C5QXKO170YH8B,,
2025-04-25,印度,中国,BHAVI IMPEX,AMLAND GLOBE HK ENTERPRISE LTD,"108,SHUBH SANDESH, 16,  HANSRAJ LANE, BYCULLA, ",,,,,CHINA,,Ningbo,NHAVA SHEVA SEA (INNSA1),84828000,"LINEAR BEARING BRAND:9KBC, ITEM NO.LMF40UU LINEAR BEARING",,200.0,NOS,0.0,949.0902,LFU4IYNTHODV1,,
2025-11-05,印度,中国,CNZ BEARINGS PRIVATE LIMITED,SHAOXING LAVA MACHINERY CO LTD,"17, ARYAN CORPORATE PARK, NR.  SHILAJ RLY CROSSING, THALTEJ, ","XINCHANG, Zhejiang, CHINA SDNF SDNF CHINA",,,,China (CN),,Ningbo,AHEMDABAD ICD (INSBI6),84821090,LINEAR BALL BEARING WITH HOUSING - SC25UU LINEAR BALL BEARING WITH HOUSING - SC25UU,,300.0,PCS,0.0,946.0,,,
2025-02-16,印度,中国,KHS INNOVATION & ENGINEERING LLP,ZHEJIANG SIQIANG BEARING MANUFACTURE CO LTDA,"4A, KARIM BUILDING, 1ST FLOOR,142/  144, ABDUL REHMAN STREET ",,,,,CHINA,,Shanghai,NHAVA SHEVA SEA (INNSA1),84828000,LINEAR BEARING-LM40UU MA LINEAR BEARING-LM40UU MA,,500.0,NOS,0.0,944.7803,U5NWSLS36YLHN,,
2025-05-30,印度,中国,AMAFHH SONS,ZHEJIANG SIQIANG BEARING MANUFACTURE CO LTD,"2ND FLOOR, 71 NAGDEVI CROSS LANE,,  N/A",,,,,CHINA,,Ningbo,NHAVA SHEVA SEA (INNSA1),84828000,LINEAR MOTION BEARINGS LMK25UU LINEAR MOTION BEARINGS LMK25UU,,700.0,PCS,0.0,944.1055,0LAHS2H9JC2RX,,
2025-04-10,越南,中国,CÔNG TY TNHH JADE M - TECH,WUXI J WELL PRECISION MACHINERY CO LTD,"Land plot number TT3-09, Land Stuck Area, Lien Mac Ward, Bac Tu Liem District, Hanoi City, Vietnam","NO.1 HEHUAN ROAD, WUXI CITY, JIANGSU PROVINCE, CN",,,,China,,,,84821000,"Con trượt HGH15CA bộ phận của thanh tuyến tính dẫn hướng, bằng thép,có ổ bi, phụ tùng máy gia công kim loại. Nhãn hiệu và NSX:Wuxi J-Well, mới 100%,HGH15CA linear guide rail part, steel, with ball bearing, metalworking machine spare part. Brand and Manufacturer: Wuxi J-Well, 100% new",,300.0,Pieces,0.0,942.0,,,
2025-05-02,印度,中国,INDO MIM LIMITED,DONGGUAN YHD SUPPLY CHAINMANAGEMENT CO LTD,"213/(539/A), STREET.NO.7, LANE.NO.2 HIMAYAT NAGAR, ",,,,,CHINA,,Shanghai,BANGALORE ACC (INBLR4),84828000,"FLANGE GUIDED LINEAR BEARING (NICKEL-PLATED),LMJ73-D8,78PCS(JIGS & FIXTURE PARTS)FLANGE GUIDED LINEAR BEARING (NICKEL-PLATED),LMJ73-8,78PCS(J",,78.0,NOS,0.0,940.8717,073N2IEBSWESN,,
2025-02-16,印度,中国,KHS INNOVATION & ENGINEERING LLP,ZHEJIANG SIQIANG BEARING MANUFACTURE CO LTDA,"4A, KARIM BUILDING, 1ST FLOOR,142/  144, ABDUL REHMAN STREET ",,,,,CHINA,,Shanghai,NHAVA SHEVA SEA (INNSA1),84828000,LINEAR BEARING-LME 50UU KHS-LG LINEAR BEARING-LME 50UU KHS-LG,,200.0,NOS,0.0,940.6761,U5NWSLS36YLHN,,
2025-02-14,印度,中国,RELIANCE TOOLS AND BEARING STORES,ZHEJIANG SIQIANG BEARING MANUFACTURE CO LTD,"GRD FLR, 163, MUTTON  STREET, ",,,,,CHINA,,Ningbo,NHAVA SHEVA SEA (INNSA1),84828000,LINEAR MOTION BEARINGS LM40UU LINEAR MOTION BEARINGS LM40UU,,500.0,PCS,0.0,940.24,LEHHKMP5GYLNX,,
2025-12-08,印度,中国,BHAVI IMPEX,AMLAND GLOBE HK ENTERPRISE LTD,"108,SHUBH SANDESH, 16,  HANSRAJ LANE, BYCULLA, ","ROOM 811,BAILI BUSINESS CENTER,87-1 05, CHATHAM ROAD SOUTH,TSIM SHA TSU I,KOWLOON HONG KONG",,,,China (CN),,Ningbo,NHAVA SHEVA SEA (INNSA1),84828000,"LINEAR BEARING BRAND-HL,ITEM NO.LMST16LGAUU LINEAR BEARING",,24.0,NOS,0.0,938.4,,,
2025-06-05,印度,中国,SGS TRADE IMPEX,LINYI GUANDING IMPORT AND EXPORT CO LTD,"11, NARAYAN DHURU X LANE,  4TH FLOOR, ",,,,,CHINA,,Qingdao,NHAVA SHEVA SEA (INNSA1),84828000,LINEAR MOTION BEARINGS LM 20UU LINEAR MOTION BEARINGS LM 20UU,,3000.0,PCS,0.0,935.1366,ETASG1ICJ3CZ5,,
2025-04-10,印度,中国,DIVINE TRANSMISSION SYSTEMS,NINGBO LIMON ROBOTECH INTERNATIONAL TRADING CO LTD,D-12 LAJPAT NAGAR-III  N/A,,,,,CHINA,,Ningbo,ICD PATPARGANJ,84821090,LINEAR MOTION BEARINGS LME60UU LINEAR MOTION BEARINGS KH3050PP,,100.0,NOS,0.0,934.7358,7W7IOBUIOS8Z4,,
2025-05-07,印度,中国,KHS INNOVATION & ENGINEERING LLP,ZHEJIANG SIQIANG BEARING MANUFACTUR,"4A, KARIM BUILDING, 1ST FLOOR,142/  144, ABDUL REHMAN STREET ",,,,,CHINA,,Shanghai,NHAVA SHEVA SEA (INNSA1),84828000,LINEAR MOTION BEARINGS LMK20UU (BRAND - KHS LG) LINEAR MOTION BEARINGS,,1000.0,PCS,0.0,933.8133,Q8MNXZXFQ41NW,,
2025-07-17,越南,中国,CÔNG TY TNHH YAZAKI HẢI PHÒNG VIỆT NAM,YANTAI UEDA TOOL& FIXTURE CO LTD,"Lot L, Japan Industrial Park - Hai Phong, An Hung Ward, Hong Bang District, Hai Phong City, Vietnam","988 HEBIN ROAD, FUSHAN DISTRICT, YANTAI, CHINA, ZZ",,,,China,,,,84821000,"C031514#&Vòng bi bằng thép không gỉ, dùng để truyền chuyển động, đường kính ngoài không quá 15 cm, Linear bush, LINEAR BUSH . Hàng mới 100%,C031514#&Stainless steel bearing, used for transmitting motion, outer diameter not exceeding 15 cm, Linear bush, LINEAR BUSH. 100% new",,424.0,Pieces,0.0,932.8,,,
2025-09-26,印度,中国,AGARWAL INDUSTRIES,CHANGZHOU FOLEVO PRECISION MACHINER,4 Ground Floor HARESH CHAMBER SAMUEL STREET VADGADI,"Y CO., LTD NO. 288, XIAXI WEST ROAD , JIAZE TOWN, WUJIN DISTRICT, CHANG ZHOU CITY, JIANGSU CHINA",,,,China (CN),,Qingdao,,84821090,LINEAR BLOCK BALL BEARING HGW15 CC LINEAR BLOCK,,500.0,PCS,0.0,931.89,,,
2025-08-11,越南,中国,CÔNG TY TNHH YAZAKI HẢI PHÒNG VIỆT NAM,YANTAI UEDA TOOL& FIXTURE CO LTD,"Lot L, Nomura Industrial Park - Hai Phong, An Hung Commune, An Duong District, Hai Phong City, Vietnam","988 HEBIN ROAD, FUSHAN DISTRICT, YANTAI, CHINA, CN",,,,China,,,,84821000,"C031514#&Vòng bi bằng thép không gỉ, dùng để truyền chuyển động, đường kính ngoài không quá 15 cm, Linear bush. Hàng mới 100%,C031514#&amp;bearings made of stainless steel, used to transmit motion, external diameter not exceeding 15 cm, Linear bush. 100% brand new",,423.0,Pieces,0.0,930.6,,,
2025-10-08,越南,中国,CÔNG TY TNHH LOGISTICS VĨNH TRƯỜNG,PINGXIANG HUASHAO IMPORT AND EXPORT TRADE CO LTD,"Apartment Hh 02 - 03, Catalan Urban Area, Block 8, Dong Kinh Ward, Lang Son Province, Vietnam","3-5 ZHUANG CULTURE STREET, JINXIANG AVENUE, PINGXIANG CITY, CHONGZUO DISTRICT, CHINA (GUANGXI), FREE TRADE TEST ZONE, CN",,,,China,,,,84821000,"Ổ bi trượt bằng thép, dùng để dẫn hướng tuyến tính cho máy cắt gỗ CNC, model SCS25UU, đường kính trong 25mm, dày 13mm, NSX: Suzhou Shunhe Shengda Automation Technolgy Co., Ltd, mới 100%,Ball bearing slide made of steel, used for linear guidance for wood cutting machine, CNC model, SCS25UU, inner diameter 25mm, thickness 13mm, NSX: Suzhou Shunhe Shengda Automation Technolgy Co., Ltd., new 100%",,300.0,Pieces,0.0,930.0,,,
2025-05-01,印度,中国,BTI AUTOMATION,CHANGZHOU FOLEVO PRECISION MACHINERY CO LTD,"12,FLOOR -2ND, PLOT NO.41/47, BIBIJAN STREET, OFF ABDUL REHMAN STREET, PYDHONIE,MANDVI",,,,,CHINA,,Shanghai,NHAVA SHEVA SEA (INNSA1),84828000,Linear Bearing (MODEL NO LM 20UU) Linear Bearing (MODEL NO LM 20UU),,3000.0,NOS,0.0,925.6074,GEQ8DHJFK8A2K,,
2025-05-20,越南,中国,CÔNG TY TNHH REGINA MIRACLE INTERNATIONAL VIỆT NAM,MAKERBONI MECHANICS SHANGHAI CO LTD,"Số 9, đường Đông Tây, Khu ĐT, CN và DV VSIP Hải Phòng, P.Dương Quan, TP.Thủy Nguyên, TP.Hải Phòng,VN","ROOM 4070, 4TH FLOOR, BUILDING 22, NO.85, MINGNAN ROAD, ZHONGSHAN STREET,SONGJIANG DISTRICT, SHANGHAI, CHINA",,,,Japan,,,,84828000,"VDW0180249#&bearing Linear - Bộ bạc đạn trượt đầu cắt máy cắt vải 59486001, hàng mới 100%,VDW0180249#&bearing Linear - Sliding bearing set for cutting head of fabric cutting machine 59486001, 100% new",,5.0,Set,0.0,924.65,,,
2025-06-24,越南,中国,CÔNG TY TNHH REGINA MIRACLE INTERNATIONAL VIỆT NAM,MAKERBONI MECHANICS SHANGHAI CO LTD,"No. 9, East-West Road, Vsip Hai Phong Urban, Industrial and Service Area, Duong Quan Ward, Thuy Nguyen City, Hai Phong City, Vietnam","ROOM 4070, 4TH FLOOR, BUILDING 22, NO.85, MINGNAN ROAD, ZHONGSHAN STREET,SONGJIANG DISTRICT, SHANGHAI, CHINA",,,,Japan,,,,84828000,"VDW0180249#&bearing Linear - Bộ bạc đạn trượt đầu cắt máy cắt vải 59486001, hàng mới 100%,VDW0180249#&bearing Linear - Sliding bearing set for cutting head of fabric cutting machine 59486001, 100% new",,5.0,Set,0.0,924.65,,,
2025-05-20,越南,中国,CÔNG TY TNHH REGINA MIRACLE INTERNATIONAL VIỆT NAM,MAKERBONI MECHANICS SHANGHAI CO LTD,"Số 9, đường Đông Tây, Khu ĐT, CN và DV VSIP Hải Phòng, P.Dương Quan, TP.Thủy Nguyên, TP.Hải Phòng,VN","ROOM 4070, 4TH FLOOR, BUILDING 22, NO.85, MINGNAN ROAD, ZHONGSHAN STREET,SONGJIANG DISTRICT, SHANGHAI, CHINA",,,,Japan,,,,84828000,"VDW0180249#&bearing Linear - Bộ bạc đạn trượt đầu cắt máy cắt vải 59486001, hàng mới 100%,VDW0180249#&bearing Linear - Sliding bearing set for cutting head of fabric cutting machine 59486001, 100% new",,5.0,Set,0.0,924.65,,,
2025-11-12,越南,中国,CÔNG TY TNHH REGINA MIRACLE INTERNATIONAL VIỆT NAM,MAKERBONI MECHANICS SHANGHAI CO LTD,"No. 9, East-West Road, VSIP Hai Phong Industrial and Service Zone, Thuy Nguyen Ward, Hai Phong City, Vietnam","ROOM 4070, 4TH FLOOR, BUILDING 22, NO.85, MINGNAN ROAD, ZHONGSHAN STREET,SONGJIANG DISTRICT, SHANGHAI, CHINA",,,,Japan,,,,84828000,"VDW0180249#&BEARING,LINEAR - Bộ bạc đạn trượt đầu cắt máy cắt vải 59486001, hàng mới 100%,VDW0180249#&BEARING,LINEAR - Sliding bearing set for fabric cutting machine 59486001, 100% brand new.",,5.0,Set,0.0,924.65,,,
2025-08-12,越南,中国,CÔNG TY TNHH REGINA MIRACLE INTERNATIONAL VIỆT NAM,MAKERBONI MECHANICS SHANGHAI CO LTD,"No. 9, East-West Road, Urban Area, Industry And Service Vsip Hai Phong, Duong Quan Commune, Thuy Nguyen District, Hai Phong City, Vietnam","ROOM 4070, 4TH FLOOR, BUILDING 22, NO.85, MINGNAN ROAD, ZHONGSHAN STREET,SONGJIANG DISTRICT, SHANGHAI, CHINA",,,,Japan,,,,84828000,"VDW0180249#&bearing Linear - Bộ bạc đạn trượt đầu cắt máy cắt vải 59486001, hàng mới 100%,VDW0180249#&amp;bearing Linear - The silver bullet slide the cutter fabric cutting machine 59486001, 100% brand new",,5.0,Set,0.0,924.65,,,
2025-05-16,越南,中国,CÔNG TY TNHH POWERNICE SMARTECH VIỆT NAM,NINGBO POWERNICE INTELLIGENT TECHNOLOGY CO LTD,"Lô số CN2-8, Khu công nghiệp Minh Quang-Phường Bạch Sam-Thị xã Mỹ Hào-Hưng Yên","398 BINHAI RD, BINHAI NEW AREA, ECONOMIC DEVELOPMENT ZONE, FENGHUA DISTRICT, NINGBO CITY, ZHEJIANG,CHINA, CN",,,,China,,,,84821000,"Vòng bi cầu rãnh sâu, P/N: MS1301-6201RS-1,chất liệu bằng thép (có nắp nhựa chống bụi), dùng cho thiết bị truyền động tuyến tính, kích thước: phi 12*phi 32*10t. Mới 100%,Deep groove ball bearing, P/N: MS1301-6201RS-1, steel material (with dustproof plastic cover), used for linear actuator, size: phi 12*phi 32*10t. 100% new",,3850.0,Pieces,0.0,924.0,,,
2025-09-11,印度,中国,PURI SALES CORPORATION,LINYI MOHIT TRADING CO LTD,"SHOP NO.5467-B,BEHIND 67  N/A","007F, D1 DISTRICT, 3RD FLOOR LINYI MALL ENGINEERING MARKET, LINYI CITY , SHANDONG PROVINCE, CHINA CHINA",,,,China (CN),,Qingdao,,84828000,"SC20UU,  LINEAR BEARING,  U/WT.-  0.192  (FOR INDUSTRIAL USE)BEARING",,1400.0,NOS,0.0,924.0,,,
2025-05-07,印度,中国,KHS INNOVATION & ENGINEERING LLP,ZHEJIANG SIQIANG BEARING MANUFACTUR,"4A, KARIM BUILDING, 1ST FLOOR,142/  144, ABDUL REHMAN STREET ",,,,,CHINA,,Shanghai,NHAVA SHEVA SEA (INNSA1),84828000,LINEAR MOTION BEARINGS LMF16UU (BRAND - KHS LG) LINEAR MOTION BEARINGS,,1000.0,PCS,0.0,923.7723,Q8MNXZXFQ41NW,,
2025-05-21,印度,中国,INDO MIM LIMITED,SUZHOU BYT ELECTRONICS TECHNOLOGY LIMITED,"213/(539/A), STREET.NO.7, LANE.NO.2 HIMAYAT NAGAR, ",,,,,CHINA,,Shanghai,BANGALORE ACC (INBLR4),84828000,"LINEAR BEARINGS,RCAA-01315,48PCS(JIGS & FIXTURES PARTS) LINEAR BEARINGS,RCAA-01315,48PCS(JIGS & FIXTURES PARTS)",,48.0,NOS,0.0,922.9875,0Y7IMZWLZWAPO,,
2025-06-30,印度,中国,MAHAVIR SALES CORPORATION,YIWU ZHITONG E COMMERCE FIRM,"128,NARAYAN DHURU STREET,MICRO  HOUSE,4TH FL ",,,,,CHINA,,Ningbo,NHAVA SHEVA SEA (INNSA1),84828000,LINEAR MOTION BEARINGS SBR16-4020L LINEAR MOTION BEARINGS SBR16-4020L,,40.0,PCS,0.0,922.9356,T7FO7SFY9XVX3,,
2025-04-11,印度,中国,BEARING INDIA,XI'AN WEINUO MACHINERY AND EQUIPMENT CO LTD,"2418, SECOND FLOOR, GEETA MANSION, G.B. ROAD",,,,,CHINA,,Qingdao,ICD PATPARGANJ,84828000,LINEAR MOTION BEARINGS: LM20UU LINEAR MOTION BEARINGS: LM20UU,,2000.0,NOS,0.0,922.7781,SY97QUTSBZ3ZI,,
2025-11-12,越南,中国,CÔNG TY TNHH DỊCH VỤ THƯƠNG MẠI QUỐC TẾ ĐÌNH MINH,GUANGXI DONGXING YINGDA IMPORT AND EXPORT TRADING CO LTD,"Hai Dong Village, Quang Duc Commune, Quang Ninh Province, Vietnam.","NO.30 DA PO ROAD, DONGXING TOWN, DONGXING CITY GUANGXI, CHINA., CN",,,,China,,,,84821000,"Ổ bi trượt bằng thép, dùng cho máy CNC, kích thước: (84x48x34.5)mm, model: HGH25CA, hiệu GUANGXI WARD, mới 100%,Steel linear ball bearing, for CNC machines, dimensions: (84x48x34.5)mm, model: HGH25CA, GUANGXI WARD brand, 100% new.",,100.0,Pieces,0.0,920.0,,,
2025-09-18,印度,中国,DIVINE TRANSMISSION SYSTEMS,NINGBO LIMON ROBOTECH INTERNATIONAL TRADING CO LTD,D-12 LAJPAT NAGAR-III  N/A,"D8, D9, LANE 215 QINGYI ROAD HIGH-TECH ZONE NINGBO ZHEJIANG, CHINA",,,,China (CN),,Shekou,,84821090,LINEAR MOTION BEARINGS :- SC25UU LINEAR MOTION BEARINGS :- LM50UU,,200.0,NOS,0.0,919.6,,,
2025-09-18,印度,中国,DIVINE TRANSMISSION SYSTEMS,NINGBO LIMON ROBOTECH INTERNATIONAL TRADING CO LTD,D-12 LAJPAT NAGAR-III  N/A,"D8, D9, LANE 215 QINGYI ROAD HIGH-TECH ZONE NINGBO ZHEJIANG, CHINA",,,,China (CN),,Shekou,,84821090,LINEAR MOTION BEARINGS :- LMK30UU LINEAR MOTION BEARINGS :- LM50UU,,300.0,NOS,0.0,919.6,,,
2025-02-15,印度,中国,KHS INNOVATION & ENGINEERING LLP,XI'AN SILVERSTONE MACHINERY INDUSTRY CO LTD,"4A, KARIM BUILDING, 1ST FLOOR,142/  144, ABDUL REHMAN STREET ",,,,,CHINA,,Shanghai,NHAVA SHEVA SEA (INNSA1),84821090,LINEAR BALL BEARINGS-SBE20UU -KHS-LG LINEAR BALL BEARINGS-SBE20UU -KHS-LG,,600.0,NOS,0.0,917.5822,O2WB7PR20FTJ2,,
2025-05-23,印度,中国,ATLANTIC INDUSTRIAL,ZHEJIANG JINGJIU BEARINGS INDUSTRIAL CO LTD,"Unit A, 2nd floor, No 103, 4th Cross Kalasipalyam New Extension",,,,,CHINA,,Ningbo,BANGALORE,84828000,LINEAR BLOCK BEARING HGW25CC,,300.0,PCS,0.0,913.4193,XX2K42NR3CRRP,,
2025-07-21,越南,中国,CÔNG TY TNHH SẢN XUẤT VÀ THƯƠNG MẠI DULICO,NINGBO POWERNICE INTELLIGENT TECHNOLOGY CO LTD,"Lot A2, Cn7 Tu Liem Industrial Park, Phuong Canh Ward, Nam Tu Liem District, Hanoi City, Vietnam","398 BINHAI RD, BINHAI NEW AREA, ECONOMIC DEVELOPMENT  ZONE, FENGHUA DISTRICT NINGBO CITY, ZHEJIANG PROVINCE CHINA, ZZ",,,,China,,,,84821000,"Vòng bi cầu rãnh sâu, P/N: MS1301-6201RS-1,chất liệu bằng thép (có nắp nhựa chống bụi), dùng cho thiết bị truyền động tuyến tính, kích thước: phi 12*phi 32*10t. Mới 100%,Deep groove ball bearing, P/N: MS1301-6201RS-1, steel material (with dustproof plastic cover), used for linear actuator, size: phi 12*phi 32*10t. 100% new",,3800.0,Pieces,0.0,912.0,,,
2025-12-08,印度,中国,BHAVI IMPEX,AMLAND GLOBE HK ENTERPRISE LTD,"108,SHUBH SANDESH, 16,  HANSRAJ LANE, BYCULLA, ","ROOM 811,BAILI BUSINESS CENTER,87-1 05, CHATHAM ROAD SOUTH,TSIM SHA TSU I,KOWLOON HONG KONG",,,,China (CN),,Ningbo,NHAVA SHEVA SEA (INNSA1),84828000,"LINEAR BEARING BRAND-HL,ITEM NO.LMST12GAUU LINEAR BEARING",,50.0,NOS,0.0,910.0,,,
2025-09-25,越南,中国,CÔNG TY TNHH XNK YOULI,PINGXIANG CHENGJIE IMP & EXP TRADE CO LTD,"3rd Floor, No. 126-128 Tran Vy, Phu Dien Ward, Hanoi City, Vietnam","NO. 1507, 15TH FLOOR, BUILDING B, NO. 18 TIANXIN ROAD, PINGXIANG TOWN, CN",,,,China,,,,84821000,"Vòng bi 3204A-2RS1TN9/C3MT33. Bằng sắt, kt 20x47x21mm. Dùng trong hệ thống chuyển động tuyến tính. không có tên thương hiệu, Nsx: PINGXIANG CHENGJIE IMP.&EXP. TRADE CO.,LTD. mới 100%,Bearing 3204A-2RS1TN9/C3MT33. Iron, kt 20x47x21mm. Used in a linear motion. no brand names, Manufacturer: PINGXIANG CHENGJIE IMP.&amp;EXP. TRADE CO.,LTD. new 100%",,80.0,Pieces,0.0,909.6,,,
2025-11-05,印度,中国,CNZ BEARINGS PRIVATE LIMITED,SHAOXING LAVA MACHINERY CO LTD,"17, ARYAN CORPORATE PARK, NR.  SHILAJ RLY CROSSING, THALTEJ, ","XINCHANG, Zhejiang, CHINA SDNF SDNF CHINA",,,,China (CN),,Ningbo,AHEMDABAD ICD (INSBI6),84821090,LINEAR BALL BEARING WITH HOUSING - SC16UU LINEAR BALL BEARING WITH HOUSING - SC16UU,,500.0,PCS,0.0,908.84,,,
2025-09-17,印度,中国,OSR INTERNATIONAL,SHANGHAI NEO STAR MACHINERY &TECHNOLOGY CO LTD,"72 GROUND FLOOR, G.B ROAD S. N MARG Contact No: 919810818275","Room 422, No.399,Jianyun Road, Pudo ng District Shanghai 201318 SDNF CHINA",,,,China (CN),,Qingdao,,84821090,Linear Motion Bearing  LMF25UU Linear Motion Bearing  LMF25UU,,1000.0,NOS,0.0,908.71,,,
2025-12-04,印度,中国,KNOWELL INTERNATIONAL PRIVATE LIMITED,RHB PRECISION MACHINERY CO LTD,"20, NETAJI SUBHAS ROAD,  N/A","NO. 20-6, 37 BAIZHANG EAST ROAD, YI NZHOU, NINGBO P.R. CHINA ., , CHINA SDNF CHINA",,,,China (CN),,Shanghai,Kolkata,84828000,LINEAR MOTION GLIDING BEARINGS NO - PHS 20 (BRAND - KHK) LINEAR MOTION GLIDING BEARINGS NO - PHS 20 (BRAND - KHK),,300.0,PCS,0.0,908.41,,,
2025-07-04,越南,中国,CÔNG TY TNHH THIẾT BỊ CƠ ĐIỆN MINH THÀNH,HK TOMUU ACTUATOR TECHNOLOGY CO LIMITED,"Trang Due Residential Group (At Ngan Vu Company Limited), Le Loi Ward, An Duong District, Hai Phong City, Vietnam.","ROOM 1318-19, HOLLYWOOD PLAZA, 610 NATHAN ROAD, MONGKOK, KOWLOON, HONGKONG, CN",,,,China,,,,84821000,"TMA-MNA-U10G00013#& Ổ bi dùng cho hộp số động cơ của bộ truyền động tuyến tính, mới 100%,TMA-MNA-U10G00013#& Ball bearing for motor gearbox of linear actuator, 100% new",,4325.0,Pieces,0.0,908.25,,,
2025-02-16,印度,中国,KHS INNOVATION & ENGINEERING LLP,ZHEJIANG SIQIANG BEARING MANUFACTURE CO LTDA,"4A, KARIM BUILDING, 1ST FLOOR,142/  144, ABDUL REHMAN STREET ",,,,,CHINA,,Shanghai,NHAVA SHEVA SEA (INNSA1),84828000,LINEAR BEARING-LM 50UU KHS-LG LINEAR BEARING-LM 50UU KHS-LG,,200.0,NOS,0.0,907.7611,U5NWSLS36YLHN,,
2025-07-25,越南,中国,CÔNG TY TNHH THIẾT BỊ CƠ ĐIỆN MINH THÀNH,HK TOMUU ACTUATOR TECHNOLOGY CO LIMITED,"Trang Due Residential Group (At Ngan Vu Company Limited), Le Loi Ward, An Duong District, Hai Phong City, Vietnam.","ROOM 1318-19, HOLLYWOOD PLAZA, 610 NATHAN ROAD, MONGKOK, KOWLOON, HONGKONG, ZZ",,,,China,,,,84821000,"TMA-MNA-U10G00013#& Ổ bi dùng cho hộp số động cơ của bộ truyền động tuyến tính, mới 100%,TMA-MNA-U10G00013#& Ball bearing for motor gearbox of linear actuator, 100% new",,4320.0,Pieces,0.0,907.2,,,
2025-05-12,越南,中国香港,CÔNG TY TNHH THIẾT BỊ CƠ ĐIỆN MINH THÀNH,HK TOMUU ACTUATOR TECHNOLOGY CO LIMITED,"Tổ dân phốTràngDuệ(tại Công tyTNHH Ngân Vũ),phường Lê Lợi, quận An Dương,TP Hải Phòng, Việt Nam.","ROOM 1318-19, HOLLYWOOD PLAZA, 610 NATHAN ROAD, MONGKOK, KOWLOON, HONGKONG, HK",,,,China,,,,84821000,"TMA-MNA-U10G00013#& Ổ bi dùng cho hộp số động cơ của bộ truyền động tuyến tính, mới 100%,TMA-MNA-U10G00013#& Ball bearing for motor gearbox of linear actuator, 100% new",,4320.0,Pieces,0.0,907.2,,,
2025-04-26,越南,中国香港,CÔNG TY TNHH THIẾT BỊ CƠ ĐIỆN MINH THÀNH,HK TOMUU ACTUATOR TECHNOLOGY CO LIMITED,"Trang Due Residential Group (at Ngan Vu Company Limited), Le Loi Ward, An Duong District, Hai Phong City, Vietnam.","ROOM 1318-19, HOLLYWOOD PLAZA, 610 NATHAN ROAD, MONGKOK, KOWLOON, HONGKONG, HK",,,,China,,,,84821000,"TMA-MNA-U10G00013#& Ổ bi dùng cho hộp số động cơ của bộ truyền động tuyến tính, mới 100%,TMA-MNA-U10G00013#& Ball bearing for motor gearbox of linear actuator, 100% new",,4320.0,Pieces,0.0,907.2,,,
2025-07-16,越南,中国,CÔNG TY TNHH THIẾT BỊ CƠ ĐIỆN MINH THÀNH,HK TOMUU ACTUATOR TECHNOLOGY CO LIMITED,"Trang Due Residential Group (At Ngan Vu Company Limited), Le Loi Ward, An Duong District, Hai Phong City, Vietnam.","ROOM 1318-19, HOLLYWOOD PLAZA, 610 NATHAN ROAD, MONGKOK, KOWLOON, HONGKONG, CN",,,,China,,,,84821000,"TMA-MNA-U10G00013#& Ổ bi dùng cho hộp số động cơ của bộ truyền động tuyến tính, mới 100%,TMA-MNA-U10G00013#& Ball bearing for motor gearbox of linear actuator, 100% new",,4320.0,Pieces,0.0,907.2,,,
2025-03-06,越南,中国香港,CÔNG TY TNHH THIẾT BỊ CƠ ĐIỆN MINH THÀNH,HK TOMUU ACTUATOR TECHNOLOGY CO LIMITED,"Trang Due Village (at Ngan Vu Limited Liability Company), Le Loi Commune, An Duong District, Hai Phong, Vietnam","ROOM 1318-19, HOLLYWOOD PLAZA, 610 NATHAN ROAD, MONGKOK, KOWLOON, HONGKONG, HK",,,,China,,,,84821000,"TM14#& Ổ bi dùng cho hộp số động cơ của bộ truyền động tuyến tính, mới 100%,TM14#& Ball bearing for motor gearbox of linear actuator, 100% new",,4320.0,Pieces,0.0,907.2,,,
2025-04-11,越南,中国香港,CÔNG TY TNHH THIẾT BỊ CƠ ĐIỆN MINH THÀNH,HK TOMUU ACTUATOR TECHNOLOGY CO LIMITED,"Trang Due Residential Group (at Ngan Vu Company Limited), Le Loi Ward, An Duong District, Hai Phong City, Vietnam.","ROOM 1318-19, HOLLYWOOD PLAZA, 610 NATHAN ROAD, MONGKOK, KOWLOON, HONGKONG, HK",,,,China,,,,84821000,"TMA-MNA-U10G00013#& Ổ bi dùng cho hộp số động cơ của bộ truyền động tuyến tính, mới 100%,TMA-MNA-U10G00013#& Ball bearing for motor gearbox of linear actuator, 100% new",,4320.0,Pieces,0.0,907.2,,,
2025-05-08,越南,中国香港,CÔNG TY TNHH THIẾT BỊ CƠ ĐIỆN MINH THÀNH,HK TOMUU ACTUATOR TECHNOLOGY CO LIMITED,"Tổ dân phốTràngDuệ(tại Công tyTNHH Ngân Vũ),phường Lê Lợi, quận An Dương,TP Hải Phòng, Việt Nam.","ROOM 1318-19, HOLLYWOOD PLAZA, 610 NATHAN ROAD, MONGKOK, KOWLOON, HONGKONG, HK",,,,China,,,,84821000,"TMA-MNA-U10G00013#& Ổ bi dùng cho hộp số động cơ của bộ truyền động tuyến tính, mới 100%,TMA-MNA-U10G00013#& Ball bearing for motor gearbox of linear actuator, 100% new",,4320.0,Pieces,0.0,907.2,,,
2025-05-16,越南,中国香港,CÔNG TY TNHH THIẾT BỊ CƠ ĐIỆN MINH THÀNH,HK TOMUU ACTUATOR TECHNOLOGY CO LIMITED,"Tổ dân phốTràngDuệ(tại Công tyTNHH Ngân Vũ),phường Lê Lợi, quận An Dương,TP Hải Phòng, Việt Nam.","ROOM 1318-19, HOLLYWOOD PLAZA, 610 NATHAN ROAD, MONGKOK, KOWLOON, HONGKONG, HK",,,,China,,,,84821000,"TMA-MNA-U10A00005#& Ổ bi dùng cho hộp số động cơ của bộ truyền động tuyến tính, mới 100%,TMA-MNA-U10A00005#& Ball bearing for motor gearbox of linear actuator, 100% new",,6040.0,Pieces,0.0,906.0,,,
2025-01-13,印度,中国,AXIS TECHNOLOGIES,ZHEJIANG JINGRUI INTELLIGENT TRANSMISSION CO LTD,"207, ARIHANT TOWER, 2ND FLOOR,83 V. V .CHANDAN STREET, MUMBAI, ",,,,,CHINA,,Ningbo,NHAVA SHEVA SEA (INNSA1),84828000,LINEAR MOTION BEARINGS SC20UU LINEAR MOTION BEARINGS SC20UU,,900.0,PCS,0.0,905.8468,Y1D7BE3Q2SBOJ,,
2025-06-05,印度,中国,SGS TRADE IMPEX,LINYI GUANDING IMPORT AND EXPORT CO LTD,"11, NARAYAN DHURU X LANE,  4TH FLOOR, ",,,,,CHINA,,Qingdao,NHAVA SHEVA SEA (INNSA1),84828000,LINEAR MOTION BEARINGS LMK 20 UU LINEAR MOTION BEARINGS LMK 20 UU,,1500.0,PCS,0.0,904.9709,ETASG1ICJ3CZ5,,
2025-04-01,印度,中国,AXIS TECHNOLOGIES,ZHEJIANG JINGRUI INTELLIGENT TRANSMISSION CO LTD,"207, ARIHANT TOWER, 2ND FLOOR,83 V. V .CHANDAN STREET, MUMBAI, ",,,,,CHINA,,Ningbo,NHAVA SHEVA SEA (INNSA1),84828000,LINEAR MOTION BEARINGS LMF16UU LINEAR MOTION BEARINGS LMF16UU,,1242.0,PCS,0.0,904.7051,VOOLSCS6OAR5X,,
2025-11-05,印度,中国,CNZ BEARINGS PRIVATE LIMITED,SHAOXING LAVA MACHINERY CO LTD,"17, ARYAN CORPORATE PARK, NR.  SHILAJ RLY CROSSING, THALTEJ, ","XINCHANG, Zhejiang, CHINA SDNF SDNF CHINA",,,,China (CN),,Ningbo,AHEMDABAD ICD (INSBI6),84821090,LINEAR BALL BEARING - LM20UU LINEAR BALL BEARING - LM20UU,,1500.0,PCS,0.0,903.82,,,
2025-08-07,印度,中国,PARTH AGENCY,SHANGHAI SIMINGTE AUTOMATION TECHNOLOGY CO LTD,N/A N/A,"INDUSTRIAL PARK, YANDIAN TOWN LINQI NG CITY SHANDONG PROVINCE LINQING, Shandong, CHINA CHINA",,,,China (CN),,Qingdao,,84828000,LINEAR MOTION BEARINGS SCS25UU LINEAR MOTION BEARINGS SCS25UU,,500.0,PCS,0.0,901.63,,,
2025-04-10,印度,中国,DIVINE TRANSMISSION SYSTEMS,NINGBO LIMON ROBOTECH INTERNATIONAL TRADING CO LTD,D-12 LAJPAT NAGAR-III  N/A,,,,,CHINA,,Ningbo,ICD PATPARGANJ,84821090,LINEAR MOTION BEARINGS LMK16LUU LINEAR MOTION BEARINGS KH3050PP,,300.0,NOS,0.0,900.2981,7W7IOBUIOS8Z4,,
2025-11-05,印度,中国,KHS INNOVATION & ENGINEERING LLP,ZHEJIANG SIQIANG BEARING MANUFACTUR,"4A, KARIM BUILDING, 1ST FLOOR,142/  144, ABDUL REHMAN STREET ","E CO.,LTD NO.97,XIANXIA ROAD. NANMING MOUNTAIN STREET. LIANDU ZONE.LISHUI CITY.ZHEJIANG CHINA",,,,China (CN),,SHANGHAI,NHAVA SHEVA SEA (INNSA1),84824000,FLANGE LINEAR BEARING LMK16UU KHS-LG FLANGE LINEAR BEARING,,1000.0,PCS,0.0,900.0,,,
2025-02-17,越南,中国,CÔNG TY TNHH HUITONG,PINGXIANG ZHONGXIN IMPORT AND EXPORT CO LTD,"(For rent: Hung Cuong Mechanical Joint Stock Company), Hap Linh Industrial Park, Hap Linh Ward, Bac Ninh City, Bac Ninh Province, Vietnam","ROOM 401-31,4TH FLOOR, REDWOOD, INSPECTIOR AND TESTING CENTER, NO. 438,NANDA ROAD, PINGXIANG CITY, CHONGZUO CITY GUANGXI ZHUANG, CN",,,,China,,,,84821000,"Vòng bi (ổ bi) tuyến tính JS62413-5C1L6M4, chất liệu thép không gỉ, dùng cho thiết bị đưa chuyển,nhà sx: Ningbo Mystron Precision Machinery Co., Ltd., hàng mới 100%,Linear bearing JS62413-5C1L6M4, stainless steel material, used for conveying equipment, manufacturer: Ningbo Mystron Precision Machinery Co., Ltd., 100% new",,1500.0,Pieces,0.0,900.0,,,
2025-06-19,印度,中国,RELIANCE TOOLS AND BEARING STORES,ZHEJIANG SIQIANG BEARING MANUFACTURE CO LTD,"GRD FLR, 163, MUTTON  STREET, ",,,,,CHINA,,Ningbo,NHAVA SHEVA SEA (INNSA1),84828000,LINEAR MOTION BEARINGS LMES30UU LINEAR MOTION BEARINGS LMES30UU,,200.0,PCS,0.0,894.4771,G5HEYAG6NAZQ0,,
2025-05-30,印度,中国,AMAFHH SONS,ZHEJIANG SIQIANG BEARING MANUFACTURE CO LTD,"2ND FLOOR, 71 NAGDEVI CROSS LANE,,  N/A",,,,,CHINA,,Ningbo,NHAVA SHEVA SEA (INNSA1),84828000,LINEAR MOTION BEARING LMF25UU LINEAR MOTION BEARING LMF25UU,,700.0,PCS,0.0,894.4157,0LAHS2H9JC2RX,,
2025-04-25,越南,中国,CÔNG TY TNHH MISUMI VIỆT NAM,MISUMI CHINA PRECISION MACHINERY TRADING CO LTD,"Lot 15, TS11 Road, Tien Son Industrial Park, Hoan Son Commune. Tien Du District, Bac Ninh","NO.1058 DILING RD, FENGXIAN DIST, SHANGHAI, CHINA, CN",,,,China,,,,84828000,"Thanh trượt tuyến tính có ổ bi (bằng thép, dài 25.34mm), hàng mới 100%, nhãn hiệu: MISUMI, code: C-MLGB7,Linear slide with ball bearing (steel, length 25.34mm), 100% new, brand: MISUMI, code: C-MLGB7",,330.0,Pieces,0.0,892.485,,,
2025-11-27,印度,中国,SAAVIK ENTERPRISES,SKYWALK INDUSTRIES GROUP LIMITED,,"UNIT 04-05,16/F THE BROADWAY NO 5 4-6 2 LOCK HART RD WANCHAI HK CHINA",,,,China (CN),,Ningbo,MUNDRA PORT &amp; SEZ LTD (INAJM6),84821090,ASSORTED TYPES OF NEEDLE ROLLER BEARING ASSORTED TYPES OF LINEAR BALL BUSH BEARING,,2031.0,PCS,0.0,892.27,,,
2025-11-13,越南,中国香港,CÔNG TY TNHH FACILITY HÀ NỘI,FACILITY HK CO LTD,"Road 206, Zone E, Pho Noi A Industrial Park, Lac Dao Commune, Hung Yen Province, Vietnam","UNIT 11, 18/F, TOWER A, NEW TRADE PLAZA,NO.6 ON PING STREET, SHATIN, HONG KONG, HK",,,,China,,,,84828000,"M-LIN-XXX-00066N-1#&Thanh trượt tuyến tính có ổ bi bằng thép, dài 700mm, model: SSX2R-MX28-700, chịu tải trung bình và nặng (hãng Misumi) (002W),M-LIN-XXX-00066N-1#&Linear slide with steel ball bearings, 700mm long, model: SSX2R-MX28-700, medium and heavy load capacity (Misumi brand) (002W)",,4.0,Pieces,0.0,890.0,,,
2025-03-10,印度,中国,AGARWAL INDUSTRIES,QINGDAO SHIYA IMPORT AND EXPORT CO,4 Ground Floor HARESH CHAMBER SAMUEL STREET VADGADI,,,,,CHINA,,Qingdao,NHAVA SHEVA SEA (INNSA1),84821090,LINEAR BALL BEARING SC16UU LINEAR BALL BEARING,,1000.0,NOS,0.0,889.2557,WR2ROUSHLUCH0,,
2025-09-12,印度,中国,MISUMI INDIA PRIVATE LIMITED,MISUMI CHINA PRECISION MACHINERY,"3RD FL.ONYX BUILDING, NORTH MAIN  ROAD, KOREGAON PARIK ","TRADING CO.,LTD NO.1058 DILING RD FENGXIAN DIST, SHANGHAI, CHINA ZIP CD:201402 CHINA",,,,China (CN),,Shanghai,,84828000,LINEAR BALL BEARING-DAW05BE5002996(STANDARD COMPONENTS FOR PRESS DIE AND PLASTIC MOLD)LINEAR BALL BEARING-DAW05BE5002996(STANDARD COMPONENTS FOR P,,168.0,PCS,0.0,888.19,,,
2025-09-26,印度,中国,V M CORPORATION,CHANGZHOU FOLEVO PRECISION MACHINERY CO LTD,"403 SHANKAR BHUVAN CHSL DAFTARY,R  D KHANDWALA LANE MALAD EAST ","No. 288, Xiaxi West Road Jiaze Town Wujin District, Changzhou, , CHINA SDNF CHINA",,,,China (CN),,Shanghai,,84828000,Linear Bearing (MODEL NO LM  20UU) Linear Bearing (MODEL NO LM  20UU),,3000.0,NOS,0.0,886.98,,,
2025-01-22,印度,中国,AXIS TECHNOLOGIES,YIBOYUAN LINQING CITY PRECISION MACHINERY CO L,"207, ARIHANT TOWER, 2ND FLOOR,83 V. V .CHANDAN STREET, MUMBAI, ",,,,,CHINA,,Qingdao,NHAVA SHEVA SEA (INNSA1),84828000,LINEAR MOTION BEARINGS LM20UU LINEAR MOTION BEARINGS LM20UU,,3000.0,PCS,0.0,884.479,CUZSH4J6SO7S8,,
2025-11-19,越南,中国,CÔNG TY TNHH YAZAKI HẢI PHÒNG VIỆT NAM,YANTAI UEDA TOOL& FIXTURE CO LTD,"Plot L, Japan Industrial Park - Hai Phong, Hong An Ward, Hai Phong City, Vietnam","988 HEBIN ROAD, FUSHAN DISTRICT, YANTAI, CHINA, CN",,,,China,,,,84821000,"C031514#&Vòng bi bằng thép không gỉ, dùng để truyền chuyển động, đường kính ngoài không quá 15 cm, Linear bush. Hàng mới 100%,C031514#&Stainless steel bearings, for motion transmission, outer diameter not exceeding 15 cm, Linear bush. 100% brand new.",,402.0,Pieces,0.0,884.4,,,
2025-08-20,印度,中国,AXIS TECHNOLOGIES,ZHEJIANG JINGRUI INTELLIGENT TRANSMISSION CO LTD,"207, ARIHANT TOWER, 2ND FLOOR,83 V. V .CHANDAN STREET, MUMBAI, ","#99, Shangxu Road Lishui Industral Zone Zhejiang, Zhejiang, CHINA SDNF CHINA",,,,China (CN),,Ningbo,,84828000,LINEAR MOTION BEARINGS LM40UU LINEAR MOTION BEARINGS LM40UU,,525.0,NOS,0.0,883.36,,,
2025-11-01,越南,中国台湾,CÔNG TY TNHH JADE M - TECH,CHUN LOUNG CO LTD,"Plot No. TT3-09, Land Plot Area, Lien Mac Ward, Bac Tu Liem District, Hanoi City, Vietnam.","NO.1, LANE 333,MINYI ST, FUAN VILLAGE SIOUSHUEI  TOWNSHIP, CHANGHUA COUNTY 50444, TAIWAN, TW",,,,Japan,,,,84821000,"Thanh tuyến tính dẫn hướng SHS15R2SS+1360L gồm thanh trượt dài 1360mm và con trượt có ổ b,hiệu THK, phụ tùng máy gia công kim loại. NSX: THK, mới 100%,The SHS15R2SS+1360L linear guide rail consists of a 1360mm long guide rail and a bearing slider, manufactured by THK, a metalworking machine parts supplier. Manufacturer: THK, 100% new.",,2.0,Set,0.0,882.0,,,
2025-03-25,越南,中国,CÔNG TY TNHH CÔNG NGHIỆP KTL,NINGBO MIKATE TRANSMISSION TECHNOLOGY CO LTD,"25/A85 NA12 Street, Viet Sing Residential Area, T.15, Binh Giao Quarter, Thuan Giao Ward, Thuan An City, Binh Duong Province","NO.9 SHANGSHAO EAST AREA, ZHUANGQIAO STREET, JIANGBEI DISTRICT, NINGBO CHINA, CN",,,,China,,,,84828000,"Bạc đạn bằng thép-linear bearing, hiệu MYT, model LMH8LUU, kích thước dr8*D15*L45mm, hàng mới 100%,Steel linear bearing, MYT brand, model LMH8LUU, size dr8*D15*L45mm, 100% new",,378.0,Pieces,0.0,880.74,,,
2025-05-06,越南,中国,CÔNG TY TNHH WINDA TECH,WINDA INTERNATIONAL LIMITED,"Số 46 Đường 13A, Phường Bình Trị Đông B, Quận Bình Tân, Thành phố Hồ Chí Minh, Việt Nam","UNITD3,11/F,LUK HOP INDUSTRIAL, BUILDING,NO.8LUKHOPSTREET,SANPOKONG, KOWLOON,HONGKONG, CN",,,,China,,,,84821000,"Ổ bi bằng thép - Linear module bearing ,kt:4.2*4.2*1.9cm, dùng trong máy cắt/trải vải tự động, hiệu: Bullmer. Hàng mới 100%,Steel ball bearing - Linear module bearing, size: 4.2*4.2*1.9cm, used in automatic fabric cutting/spreading machines, brand: Bullmer. 100% new",,15.0,Pieces,0.0,880.5,,,
2025-10-30,越南,中国,CÔNG TY TNHH YAZAKI HẢI PHÒNG VIỆT NAM,YANTAI UEDA TOOL& FIXTURE CO LTD,"Lot L, Japan Industrial Park - Hai Phong, Hong An Ward, Hai Phong City, Vietnam","988 HEBIN ROAD, FUSHAN DISTRICT, YANTAI, CHINA, CN",,,,China,,,,84821000,"C031514#&Vòng bi bằng thép không gỉ, dùng để truyền chuyển động, đường kính ngoài không quá 15 cm, Linear bush. Hàng mới 100%,C031514#&amp;bearings made of stainless steel, used to transmit motion, external diameter not exceeding 15 cm, Linear bush. 100% brand new",,400.0,Pieces,0.0,880.0,,,
2025-11-19,越南,中国香港,CÔNG TY TNHH LUXSHARE ICT NGHỆ AN,LUXSHARE PRECISION LIMITED,"No. 18, Street No. 03, VSIP Nghe An Industrial Park, Hung Nguyen Commune, Nghe An Province, Vietnam","SUITE 1621, 16/F., OCEAN CENTRE, HARBOUR CITY, 5 CANTON ROAD, TSIM SHA TSUI, KOWLOON, HONG KONG., HK",,,,China,,,,84829900,".#&Khối trượt tuyến tính MGN9C, bộ phận dùng lắp rắp thành ổ bi tuyến tính, dùng truyền động, chất liệu thép, nsx:Shanghai Jiuzheng Mechanical Equipment Co., Ltd, năm sx 2025, mới 100%,.#&MGN9C linear slide block, a component used to assemble linear bearings, for power transmission, made of steel, manufacturer: Shanghai Jiuzheng Mechanical Equipment Co., Ltd, year of manufacture 2025, 100% new.",,150.0,Pieces,0.0,878.6612,,,
2025-04-28,越南,中国台湾,CÔNG TY TNHH JADE M - TECH,CHUN LOUNG CO LTD,"Land plot number TT3-09, Land Stuck Area, Lien Mac Ward, Bac Tu Liem District, Hanoi City, Vietnam","NO.1, LANE 333, MINYI ST., FUAN VILLAGE, SIOUSHUEI TOWNSHIP, CHANGHUA COUNTY 50444, TAIWAN, TW",,,,Japan,,,,84821000,"Thanh tuyến tính dẫn hướng X-S2ABC: HSR25B2SSC0E-1000LH-II gồm thanh trượt dài 1000mm và con trượt, có ổ bi, phụ tùng máy gia công kim loại. NSX: THK, mới 100%,Linear guide bar X-S2ABC: HSR25B2SSC0E-1000LH-II includes 1000mm long slide bar and slider, with ball bearing, metal processing machine spare part. Manufacturer: THK, 100% new",,1.0,Set,0.0,878.0,,,
2025-02-24,斯里兰卡,中国台湾,SELMO PVT LTD,WEBCONTROL MACHINERY CORP,"59/1, NARANPOLA RD, MORAGALA DEKATANA","NO. 1, JING-KE 7TH ROAD TAICHUNG PRECISION MACHINERY PARK, TAICHUNG 40852, TAIWAN.",,,,"TAIWAN,CHINA",,,,84828000,"BOTTOM GUIDE GROOVE ROLLER, UPPER GUIDE GROOVE ROLLER, LINEAR BEARING,C/NO. EGSU9588550 LCL/LCL",,10.0,NIU,29.0,878.0,,,
2025-06-30,越南,中国台湾,CÔNG TY TNHH JADE M - TECH,CHUN LOUNG CO LTD,"Land Lot No. Tt3-09, Land Block, Lien Mac Ward, Bac Tu Liem District, Hanoi City, Vietnam.","NO.1, LANE 333, MINYI ST., FUAN VILLAGE, SIOUSHUEI TOWNSHIP, CHANGHUA COUNTY 50444, TAIWAN, TW",,,,Japan,,,,84821000,"Thanh tuyến tính dẫn hướng X-S2ABC: HSR25B2SSC0E-1000LH-II gồm thanh trượt dài 1000mm và con trượt, có ổ bi, phụ tùng máy gia công kim loại. NSX: THK, mới 100%,Linear guide bar X-S2ABC: HSR25B2SSC0E-1000LH-II includes 1000mm long slide bar and slider, with ball bearing, metal processing machine spare part. Manufacturer: THK, 100% new",,1.0,Set,0.0,878.0,,,
2025-08-08,越南,中国台湾,CÔNG TY TNHH JADE M - TECH,CHUN LOUNG CO LTD,"Lot No. Tt3-09, Dat Ket Area, Lien Mac Ward, Bac Tu Liem District, Hanoi City, Vietnam","NO.1, LANE 333,MINYI ST, FUAN VILLAGE SIOUSHUEI  TOWNSHIP, CHANGHUA COUNTY 50444, TAIWAN, TW",,,,Japan,,,,84821000,"Thanh tuyến tính dẫn hướng X-S2ABC: HSR25B2SSC0E-1000LH-II gồm thanh trượt dài 1000mm và con trượt, có ổ bi, phụ tùng máy gia công kim loại. NSX: THK, mới 100%,Rod linear guide X-S2ABC: HSR25B2SSC0E-1000LH-II consists of slider length 1000mm and the slide has ball bearings, machine parts metal machining. MANUFACTURER: THK, new 100%",,1.0,Set,0.0,878.0,,,
2025-04-08,越南,中国,CÔNG TY TNHH MISUMI VIỆT NAM,MISUMI CHINA PRECISION MACHINERY TRADING CO LTD,"Lot 15, TS11 Road, Tien Son Industrial Park, Hoan Son Commune. Tien Du District, Bac Ninh","NO.1058 DILING RD, FENGXIAN DIST, SHANGHAI, CHINA, CN",,,,China,,,,84828000,"Thanh trượt tuyến tính có ổ bi (bằng thép, dài 33.9mm), hàng mới 100%, nhãn hiệu: MISUMI, code: C-MLGB12,Linear slide with ball bearing (steel, length 33.9mm), 100% new, brand: MISUMI, code: C-MLGB12",,300.0,Pieces,0.0,876.066,,,
2025-08-12,越南,中国,CÔNG TY TNHH THIẾT BỊ TỰ ĐỘNG HÓA KIM KHÍ CHÍNH XÁC MINCHUANG,GUANGXI PINGXIANG ZHONGYUE IMPORT AND EXPORT TRADE CO LTD,"Lane 2 Tran Dang Tuyen Street, Phuong Vy Area, Vu Ninh Ward, Bac Ninh City, Bac Ninh, Vietnam","NO.385, NANDA ROAD SANYILU, WAREHOUSE AND LOGISTICS, CENTER PINGXIANG CITY, GUANGXI,CHINA, CN",,,,China,,,,84821000,"Module tuyến tính BC8G-L10-300-ME-T40-A3-C(thanh trượt và ổ bi trượt tuyến tính điểm-điểm), chất liệu bằng nhôm, KT: rộng 82*cao 78*dài 578mm, hàng mới 100%,Module linear BC8G-L10-300-ME-T40-A3-C(slider and ball bearing slide, linear point-to-point), material made of aluminum, KT: width 82*high 78*long 578mm, 100% brand new",,6.0,Pieces,0.0,874.98,,,
2025-12-08,印度,中国,BHAVI IMPEX,AMLAND GLOBE HK ENTERPRISE LTD,"108,SHUBH SANDESH, 16,  HANSRAJ LANE, BYCULLA, ","ROOM 811,BAILI BUSINESS CENTER,87-1 05, CHATHAM ROAD SOUTH,TSIM SHA TSU I,KOWLOON HONG KONG",,,,China (CN),,Ningbo,NHAVA SHEVA SEA (INNSA1),84828000,"LINEAR BEARING BRAND-HL,ITEM NO.LMST12LGAUU LINEAR BEARING",,24.0,NOS,0.0,873.6,,,
2025-09-11,印度,中国,PURI SALES CORPORATION,LINYI MOHIT TRADING CO LTD,"SHOP NO.5467-B,BEHIND 67  N/A","007F, D1 DISTRICT, 3RD FLOOR LINYI MALL ENGINEERING MARKET, LINYI CITY , SHANDONG PROVINCE, CHINA CHINA",,,,China (CN),,Qingdao,,84828000,"LMK25UU,  LINEAR BEARING,  U/WT.-  0.258  (FOR INDUSTRIAL USE)BEARING",,1600.0,NOS,0.0,873.6,,,
2025-07-09,印度,中国,KHS INNOVATION & ENGINEERING LLP,ZHEJIANG SIQIANG BEARING MANUFACTUR,"4A, KARIM BUILDING, 1ST FLOOR,142/  144, ABDUL REHMAN STREET ",,,,,CHINA,,Shanghai,NHAVA SHEVA SEA (INNSA1),84828000,LINEAR MOTION BEARINGS LMK20LUU KHS-LG LINEAR BEARINGS,,597.0,PCS,0.0,872.527,ZZJGP1M2HQBY3,,
2025-02-26,越南,中国台湾,CÔNG TY TNHH JADE M - TECH,CHUN LOUNG CO LTD,"Land Lot No. Tt3-09, Land Jam, Lien Mac Ward, Bac Tu Liem District, Hanoi City, Vietnam.","NO.1, LANE 333,MINYI ST, FUAN VILLAGE SIOUSHUEI  TOWNSHIP, CHANGHUA COUNTY 50444, TAIWAN, TW",,,,Taiwan,,,,84821000,"Con trượt MR15MNK SS V0N bộ phận của thanh tuyến tính dẫn hướng, bằng thép,có ổ bi, phụ tùng máy gia công kim loại. NSX: CPC, mới 100%,MR15MNK SS V0N linear guide rail part, steel, with ball bearing, metalworking machine spare part. Manufacturer: CPC, 100% new",,100.0,Pieces,0.0,870.0,,,
2025-04-28,越南,中国台湾,CÔNG TY TNHH JADE M - TECH,CHUN LOUNG CO LTD,"Land plot number TT3-09, Land Stuck Area, Lien Mac Ward, Bac Tu Liem District, Hanoi City, Vietnam","NO.1, LANE 333, MINYI ST., FUAN VILLAGE, SIOUSHUEI TOWNSHIP, CHANGHUA COUNTY 50444, TAIWAN, TW",,,,Taiwan,,,,84821000,"ổ trượt MR15MNK SU V0N bộ phận của thanh tuyến tính dẫn hướng, bằng thép,có ổ bi, phụ tùng máy gia công kim loại. NSX: CPC, mới 100%,MR15MNK SU V0N linear guide rail part, steel, with ball bearing, metalworking machine spare part. Manufacturer: CPC, 100% new",,100.0,Pieces,0.0,870.0,,,
2025-12-13,秘鲁,中国,IMPORTADORA Y DISTRIBUIDORA DE RETENES R,KAIYUAN SHIPPING CO LTD,AV. RAMON CARCAMO NRO. 506,,,,,"CHINA, PEOPLE'S REPUBLIC OF",,NINGBO LISHE INTERNATIONAL APT,,8482100000,"RODAMIENTO LINEAL, KMK, ROD-3412 REPUESTO PARA MAQUINAS QUE REQUIEREN ALTA PRECISION DE POSICIONAMIENTO, REPETIBILIDAD Y RI RODAMIENTOS INDUSTRIALES DE ACERO DONDE RECIRCULAN UNAS PEQUENAS BOLAS DE ACERO QUE PERMIT LINEAR BEARING DE ACERO",,200.0,UNITS,55.5,869.32,,,
2025-02-14,印度,中国,RELIANCE TOOLS AND BEARING STORES,ZHEJIANG SIQIANG BEARING MANUFACTURE CO LTD,"GRD FLR, 163, MUTTON  STREET, ",,,,,CHINA,,Ningbo,NHAVA SHEVA SEA (INNSA1),84828000,LINEAR MOTION BEARINGS LM20UU LINEAR MOTION BEARINGS LM20UU,,1900.0,PCS,0.0,868.5532,LEHHKMP5GYLNX,,
2025-08-19,印度,中国,CENTURY PANELS LIMITED,CHINA FOMA GROUP CO LTD,"P-15/1, TARATALA ROAD null","NO.199 WEST YINGCHUN ROAD, HAILING DISTRICT TAIZHOU, JIANGSU CHINA CN",,,,China (CN),,EZHOU HUAHU,,84829900,LINEAR GUIDE BEARING (MODEL NO:GGB45BAP-5H-S) (8 PCS) LINEAR GUIDE BEARING,,40.0,KGS,0.0,866.29,,,
2025-09-18,印度,中国,DIVINE TRANSMISSION SYSTEMS,NINGBO LIMON ROBOTECH INTERNATIONAL TRADING CO LTD,D-12 LAJPAT NAGAR-III  N/A,"D8, D9, LANE 215 QINGYI ROAD HIGH-TECH ZONE NINGBO ZHEJIANG, CHINA",,,,China (CN),,Shekou,,84821090,LINEAR MOTION BEARINGS :- SC40LUU LINEAR MOTION BEARINGS :- LM50UU,,36.0,NOS,0.0,865.52,,,
2025-09-11,印度,中国,PURI SALES CORPORATION,LINYI MOHIT TRADING CO LTD,"SHOP NO.5467-B,BEHIND 67  N/A","007F, D1 DISTRICT, 3RD FLOOR LINYI MALL ENGINEERING MARKET, LINYI CITY , SHANDONG PROVINCE, CHINA CHINA",,,,China (CN),,Qingdao,,84828000,"LM30UU,  LINEAR BEARING,  U/WT.-  0.22  (FOR INDUSTRIAL USE) BEARING",,2400.0,NOS,0.0,864.0,,,
2025-01-13,印度,中国,AXIS TECHNOLOGIES,ZHEJIANG JINGRUI INTELLIGENT TRANSMISSION CO LTD,"207, ARIHANT TOWER, 2ND FLOOR,83 V. V .CHANDAN STREET, MUMBAI, ",,,,,CHINA,,Ningbo,NHAVA SHEVA SEA (INNSA1),84828000,LINEAR MOTION BEARINGS LM12UU LINEAR MOTION BEARINGS LM12UU,,3024.0,PCS,0.0,860.8289,Y1D7BE3Q2SBOJ,,
2025-02-15,印度,中国,KHS INNOVATION & ENGINEERING LLP,XI'AN SILVERSTONE MACHINERY INDUSTRY CO LTD,"4A, KARIM BUILDING, 1ST FLOOR,142/  144, ABDUL REHMAN STREET ",,,,,CHINA,,Shanghai,NHAVA SHEVA SEA (INNSA1),84821090,LINEAR BALL BEARINGS-SBE30UU -KHS-LG LINEAR BALL BEARINGS-SBE30UU -KHS-LG,,300.0,NOS,0.0,856.41,O2WB7PR20FTJ2,,
2025-11-19,印度,中国,AMAFHH SONS,ZHEJIANG SIQIANG BEARING MANUFACTURE CO LTD,"2ND FLOOR, 71 NAGDEVI CROSS LANE,,  N/A","NO.97,XIANXIA ROAD,NANMING MOUNTAIN STREET, LIANDU ZONE,LISHUI CITY LI SHUI CITY, Zhejiang, CHINA CHINA",,,,China (CN),,Ningbo,NHAVA SHEVA SEA (INNSA1),84828000,LINEAR MOTION BEARINGS LM40UU LINEAR MOTION BEARINGS LM40UU,,500.0,NOS,0.0,855.0,,,
2025-05-17,越南,中国,CÔNG TY TNHH MISUMI VIỆT NAM,MISUMI CHINA PRECISION MACHINERY TRADING CO LTD,"Lô số 15, đường TS11, khu công nghiệp Tiên Sơn, Xã Hoàn Sơn. Huyện Tiên Du, Bắc Ninh","NO.1058 DILING RD, FENGXIAN DIST, SHANGHAI, CHINA, CN",,,,China,,,,84828000,"Thanh trượt tuyến tính có ổ bi (bằng thép, dài 151mm), hàng mới 100%, nhãn hiệu: MISUMI, code: E-SMLGW9-151,Linear slide with ball bearing (steel, length 151mm), 100% new, brand: MISUMI, code: E-SMLGW9-151",,80.0,Pieces,0.0,854.0528,,,
2025-12-04,印度,中国,KNOWELL INTERNATIONAL PRIVATE LIMITED,RHB PRECISION MACHINERY CO LTD,"20, NETAJI SUBHAS ROAD,  N/A","NO. 20-6, 37 BAIZHANG EAST ROAD, YI NZHOU, NINGBO P.R. CHINA ., , CHINA SDNF CHINA",,,,China (CN),,Shanghai,Kolkata,84828000,LINEAR MOTION GLIDING BEARINGS NO - PHS 25 (BRAND - KHK) LINEAR MOTION GLIDING BEARINGS NO - PHS 25 (BRAND - KHK),,150.0,PCS,0.0,853.91,,,
2025-06-14,印度,中国,AMBICA IMPEX,ZHEJIANG OUYI BEARING MANUFACTURE CO LTD,N/A N/A,,,,,CHINA,,Ningbo,Mundra,84821090,Linear bearing Block (HGW30 CA) Linear bearing Block (HGW30 CA),,150.0,NOS,0.0,853.5848,PJ9ED6VE2I3PA,,
2025-02-05,印度,中国,KNOWELL INTERNATIONAL PRIVATE LIMITED,INTERNATIONAL BEARINGS PTE LTD,"20, NETAJI SUBHAS ROAD,  N/A",,,,,CHINA,,Singapore,Kolkata,84828000,LINEAR MOTION GLIDING BEARINGS NO - LM60UU (BRAND - SAMICK) LINEAR MOTION GLIDING BEARINGS NO - LM60UU (BRAND - SAMICK),,36.0,PCS,0.0,853.5546,W9P3ISCU6CAYU,,
2025-05-07,印度,中国,KHS INNOVATION & ENGINEERING LLP,ZHEJIANG SIQIANG BEARING MANUFACTUR,"4A, KARIM BUILDING, 1ST FLOOR,142/  144, ABDUL REHMAN STREET ",,,,,CHINA,,Shanghai,NHAVA SHEVA SEA (INNSA1),84828000,LINEAR MOTION BEARINGS LMK12UU (BRAND - KHS LG) LINEAR MOTION BEARINGS,,1250.0,PCS,0.0,853.4853,Q8MNXZXFQ41NW,,
2025-05-30,印度,中国,AMAFHH SONS,ZHEJIANG SIQIANG BEARING MANUFACTURE CO LTD,"2ND FLOOR, 71 NAGDEVI CROSS LANE,,  N/A",,,,,CHINA,,Ningbo,NHAVA SHEVA SEA (INNSA1),84828000,LINEAR MOTION BEARINGS LM16LUU LINEAR MOTION BEARINGS LM16LUU,,1000.0,PCS,0.0,851.8245,0LAHS2H9JC2RX,,
2025-01-22,印度,中国,AXIS TECHNOLOGIES,YIBOYUAN LINQING CITY PRECISION MACHINERY CO L,"207, ARIHANT TOWER, 2ND FLOOR,83 V. V .CHANDAN STREET, MUMBAI, ",,,,,CHINA,,Qingdao,NHAVA SHEVA SEA (INNSA1),84828000,LINEAR MOTION BEARINGS SC20UUOP LINEAR MOTION BEARINGS SC20UUOP,,700.0,PCS,0.0,851.5078,C0W3RR1INJTTB,,
2025-02-18,印度,中国,INDO MIM LIMITED,SUZHOU BYT ELECTRONICS TECHNOLOGY LIMITED,"213/(539/A), STREET.NO.7, LANE.NO.2 HIMAYAT NAGAR, ",,,,,CHINA,,Shanghai,BANGALORE ACC (INBLR4),84828000,"LINEAR BEARINGS,ZF04FN-D25,104NOS,(JIGS & FIXTURE PARTS) LINEAR BEARINGS,ZF04FN-D25,104NOS,(JIGS & FIXTURE PARTS)",,104.0,NOS,0.0,851.4824,45GUJSNCV7QC5,,
2025-09-26,印度,中国,AGARWAL INDUSTRIES,CHANGZHOU FOLEVO PRECISION MACHINER,4 Ground Floor HARESH CHAMBER SAMUEL STREET VADGADI,"Y CO., LTD NO. 288, XIAXI WEST ROAD , JIAZE TOWN, WUJIN DISTRICT, CHANG ZHOU CITY, JIANGSU CHINA",,,,China (CN),,Qingdao,,84821090,LINEAR BLOCK BALL BEARING HGH25 CA LINEAR BLOCK,,400.0,PCS,0.0,849.06,,,
2025-09-26,印度,中国,AGARWAL INDUSTRIES,CHANGZHOU FOLEVO PRECISION MACHINER,4 Ground Floor HARESH CHAMBER SAMUEL STREET VADGADI,"Y CO., LTD NO. 288, XIAXI WEST ROAD , JIAZE TOWN, WUJIN DISTRICT, CHANG ZHOU CITY, JIANGSU CHINA",,,,China (CN),,Qingdao,,84821090,LINEAR BLOCK BALL BEARING HGH55 CA LINEAR BLOCK BEARING,,40.0,PCS,0.0,849.06,,,
2025-11-20,越南,中国,CÔNG TY CỔ PHẦN ĐẦU TƯ VÀ PHÁT TRIỂN HOÀNG MINH,GROOT SHANDONG SUPPLY CHAIN TECHNOLOGY CO LTD,"Van Diem Village, Phu Xuyen Commune, Hanoi City, Vietnam","5012, 3RD FLOOR, BUILDING, MENGSHAN FOURTH ROAD, YIHE NEW AREA, COMPREHENSIVE BONDED ZONE, LINYI CITY, SHANDONG PROVINCE,CHINA",,,,China,,,,84821000,"Con trượt bằng thép,  nhãn hiệu TBAI,  dùng cho lắp ráp máy, mô tơ, động cơ. Mã hàng  HGH20CA , kích thước 77.5*63*25.5mm. Hàng mới 100%. NSX: GROOT (SHANDONG) SUPPLY CHAIN TECHNOLOGY CO., LTD,Steel linear bearing, TBAI brand, used for assembling machines, motors, and engines. Item code HGH20CA, dimensions 77.5*63*25.5mm. 100% brand new. Manufacturer: GROOT (SHANDONG) SUPPLY CHAIN TECHNOLOGY CO., LTD",,1000.0,Pieces,0.0,849.0,,,
2025-01-31,印度,中国,A R INTERNATIONAL,ZHEJIANG WELL BEARING INDUSTRIAL CO LTD,"1001, MARATHON EMBLEM, GOREGAON MULUND LINK ROAD NEXT TO D MART,MULUND WEST,MUMBAI SUBURBAN",,,,,CHINA,,Shanghai,NHAVA SHEVA SEA (INNSA1),84828000,LINEAR MOTION BEARINGS KH3050PP LINEAR MOTION BEARINGS KH3050PP,,800.0,PCS,0.0,848.4097,R4KSJDTCU3TQG,,
2025-03-25,越南,中国,CÔNG TY TNHH CÔNG NGHIỆP KTL,NINGBO MIKATE TRANSMISSION TECHNOLOGY CO LTD,"25/A85 NA12 Street, Viet Sing Residential Area, T.15, Binh Giao Quarter, Thuan Giao Ward, Thuan An City, Binh Duong Province","NO.9 SHANGSHAO EAST AREA, ZHUANGQIAO STREET, JIANGBEI DISTRICT, NINGBO CHINA, CN",,,,China,,,,84828000,"Bạc đạn bằng thép-linear bearing, hiệu MYT, model LMK12LUU, kích thước dr12*D21*L57mm, hàng mới 100%,Steel linear bearing, MYT brand, model LMK12LUU, size dr12*D21*L57mm, 100% new",,288.0,Pieces,0.0,848.1001,,,
2025-11-07,印度,中国,AGARWAL INDUSTRIES,CHANGZHOU FOLEVO PRECISION MACHINER,4 Ground Floor HARESH CHAMBER SAMUEL STREET VADGADI,"Y CO., LTD NO. 288, XIAXI WEST ROAD , JIAZE TOWN, WUJIN DISTRICT, CHANG ZHOU CITY, JIANGSU CHINA",,,,China (CN),,Qingdao,NHAVA SHEVA SEA (INNSA1),84821090,LINEAR BLOCK BALL BEARING HGW25 CC LINEAR BLOCK BALL BEARING,,350.0,PCS,0.0,847.75,,,
2025-02-18,印度,中国,MAHAVIR SALES CORPORATION,YIWU ZHITONG E COMMERCE FIRM,"128,NARAYAN DHURU STREET,MICRO  HOUSE,4TH FL ",,,,,CHINA,,Ningbo,NHAVA SHEVA SEA (INNSA1),84828000,LINEAR MOTION BEARINGS SK20 LINEAR MOTION BEARINGS SK20,,1500.0,PCS,0.0,846.713,S6ZUX3V42JKLS,,
2025-08-21,印度,中国,AMBICA IMPEX,ZHEJIANG SIQIANG BEARING MANUFACTURE CO LTD,N/A N/A,"NO.97,Xianxia Road.Nanming Mountain Street. Liandu Zone LISHUI, Zhejia ng, CHINA CHINA",,,,China (CN),,Shanghai,,84828000,LINEAR BEARING (LM30UU) LINEAR BEARING (LM30UU),,1000.0,NOS,0.0,846.59,,,
2025-08-21,印度,中国,AMBICA IMPEX,ZHEJIANG SIQIANG BEARING MANUFACTURE CO LTD,N/A N/A,"NO.97,Xianxia Road.Nanming Mountain Street. Liandu Zone LISHUI, Zhejia ng, CHINA CHINA",,,,China (CN),,Shanghai,,84828000,LINEAR BEARING (LM20UU) LINEAR BEARING (LM20UU),,2000.0,NOS,0.0,846.59,,,
2025-02-11,印度,中国,RELIANCE TOOLS AND BEARING STORES,LISHUI JINZHENG BEARING MANUFACTURE CO LTD,"GRD FLR, 163, MUTTON  STREET, ",,,,,CHINA,,Shanghai,NHAVA SHEVA SEA (INNSA1),84828000,LINEAR MOTION BEARINGS LM16UU LINEAR MOTION BEARINGS LM16UU,,2000.0,PCS,0.0,846.3666,1ZWXTLPY0DNUH,,
2025-02-07,印度,中国台湾,SHREE ASSOCIATES,HIWIN TECHNOLOGIES CORP,"PANCHAJANYA, NO.209, 4TH CROSS,  2ND MAIN, 2ND STAGE,12TH BLOCK ",,,,,TAIWAN,,TAIPEI,BANGALORE ACC (INBLR4),84828000,HIWIN LINEAR BEARING CRBE 160 35 C WW C8 P4(B250003-01)(F00031)(AD2015T1 STOCK ORDER 2024-11)HIWIN LINEAR BEARING,,2.0,NOS,0.0,846.3533,UBGOSEDBJO2HV,,
2025-08-14,印度,中国,BHAVI IMPEX,AMLAND GLOBE HK ENTERPRISE LTD,"108,SHUBH SANDESH, 16,  HANSRAJ LANE, BYCULLA, ","ROOM 811,BAILI BUSINESS CENTER,87-1 05, CHATHAM ROAD SOUTH,TSIM SHA TSU I,KOWLOON HONG KONG",,,,China (CN),,Ningbo,,84828000,"LINEAR BEARING BRAND:9KBC,MODEL: LMF60UU LINEAR BEARING",,50.0,NOS,0.0,843.75,,,
2025-01-22,印度,中国,AXIS TECHNOLOGIES,YIBOYUAN LINQING CITY PRECISION MACHINERY CO L,"207, ARIHANT TOWER, 2ND FLOOR,83 V. V .CHANDAN STREET, MUMBAI, ",,,,,CHINA,,Qingdao,NHAVA SHEVA SEA (INNSA1),84828000,LINEAR MOTION BEARINGS SC16UU LINEAR MOTION BEARINGS SC16UU,,1000.0,PCS,0.0,843.531,CUZSH4J6SO7S8,,
2025-02-26,越南,中国台湾,CÔNG TY TNHH JADE M - TECH,CHUN LOUNG CO LTD,"Land Lot No. Tt3-09, Land Jam, Lien Mac Ward, Bac Tu Liem District, Hanoi City, Vietnam.","NO.1, LANE 333,MINYI ST, FUAN VILLAGE SIOUSHUEI  TOWNSHIP, CHANGHUA COUNTY 50444, TAIWAN, TW",,,,Taiwan,,,,84821000,"Con trượt MR7WNK SS V0N, bộ phận của thanh tuyến tính dẫn hướng, bằng thép,có ổ bi, phụ tùng máy gia công kim loại. NSX: CPC, mới 100%,MR7WNK SS V0N linear guide rail, steel, with ball bearing, metalworking machine spare part. Manufacturer: CPC, 100% new",,100.0,Pieces,0.0,843.0,,,
2025-07-14,越南,中国台湾,CÔNG TY TNHH FLY TECH VINA,TA LIANG TECHNOLOGY CO LTD,"Lot A2-Cn2, Small and Medium Concentrated Industrial Park, Tay Tuu Ward, Hanoi City, Vietnam","NO.68, FENGTIAN RD, BADE DIST, TAOYUAN CITY, TAIWAN, TW",,,,Viet Nam,,,,84821000,"Vòng bi trượt Linear Bearing LHFSW12, 11L12A01A0,lắp vào chân áp lực trục chính của máy khoan CNC,để nâng đẩy trục chính,bằng sắt.NSX: Misumi Corporation. Mới 100%,Linear Bearing LHFSW12, 11L12A01A0, installed in the main shaft pressure foot of CNC drilling machine, to lift and push the main shaft, made of iron. Manufacturer: Misumi Corporation. 100% new",,100.0,Pieces,0.0,843.0,,,
2025-12-13,秘鲁,中国,IMPORTADORA Y DISTRIBUIDORA DE RETENES R,KAIYUAN SHIPPING CO LTD,AV. RAMON CARCAMO NRO. 506,,,,,"CHINA, PEOPLE'S REPUBLIC OF",,NINGBO LISHE INTERNATIONAL APT,,8482100000,"RODAMIENTO LINEAL, KMK, ROD-3409 REPUESTO PARA MAQUINAS QUE REQUIEREN ALTA PRECISION DE POSICIONAMIENTO, REPETIBILIDAD Y RI RODAMIENTOS INDUSTRIALES DE ACERO DONDE RECIRCULAN UNAS PEQUENAS BOLAS DE ACERO QUE PERMIT LINEAR BEARING DE ACERO",,500.0,UNITS,53.81,842.92,,,
2025-11-07,印度,中国,AGARWAL INDUSTRIES,CHANGZHOU FOLEVO PRECISION MACHINER,4 Ground Floor HARESH CHAMBER SAMUEL STREET VADGADI,"Y CO., LTD NO. 288, XIAXI WEST ROAD , JIAZE TOWN, WUJIN DISTRICT, CHANG ZHOU CITY, JIANGSU CHINA",,,,China (CN),,Qingdao,NHAVA SHEVA SEA (INNSA1),84821090,LINEAR BLOCK BALL BEARING HGH35 CA LINEAR BLOCK BALL BEARING,,150.0,PCS,0.0,841.69,,,
2025-02-28,俄罗斯,中国,KBK OOO,SHENZHEN GREEN HOPE TECHNOLOGY CO LTD,"249833, КАЛУЖСКАЯ ОБЛАСТЬ, ДЗЕРЖИНСКИЙ РАЙОН, Г. КОНДРОВО, УЛИЦА ПУШКИНА, ДОМ 1",", , SHENZHEN, UNIT 13-16,28TH FLOOR,XINXING SQUARE,5002 SHENZHEN, ..,,",,,"J.S CORRUGATING MACHINERY CO., LTD",China (CN),Russia,,,8482990000,"PARTS OF BALL OR ROLLER BEARINGS GUIDE BOTTOM GLUE, PART OF LINEAR MOVEMENT BEARING LINEAR GUIDE.",,0.0,,45.0,840.31,,,ОТСУТСТВУЕТ
2025-11-19,印度,中国,AMAFHH SONS,ZHEJIANG SIQIANG BEARING MANUFACTURE CO LTD,"2ND FLOOR, 71 NAGDEVI CROSS LANE,,  N/A","NO.97,XIANXIA ROAD,NANMING MOUNTAIN STREET, LIANDU ZONE,LISHUI CITY LI SHUI CITY, Zhejiang, CHINA CHINA",,,,China (CN),,Ningbo,NHAVA SHEVA SEA (INNSA1),84828000,LINEAR MOTION BEARINGS LM20UU LINEAR MOTION BEARINGS LM20UU,,2000.0,NOS,0.0,840.0,,,
2025-11-19,越南,中国台湾,CÔNG TY TNHH MISUMI VIỆT NAM,MISUMI TAIWAN CORP,"Lot No. 15, TS11 Road, Tien Son Industrial Zone, Dai Dong Commune, Bac Ninh Province, Vietnam.","15 F., NO. 223, SONGJIANG RD., ZHONGSHAN DIST., TAIPEI CITY,104472, TAIWAN, TW",,,,Taiwan,,,,84828000,"Thanh trượt tuyến tính có ổ bi (bằng thép, dài 700mm), hàng mới 100%, nhãn hiệu: MISUMI, code: C-SX2R28-700,Linear slide rail with ball bearings (steel, 700mm long), 100% new, brand: MISUMI, code: C-SX2R28-700",,14.0,Pieces,0.0,839.3899,,,
2025-09-18,印度,中国,DIVINE TRANSMISSION SYSTEMS,NINGBO LIMON ROBOTECH INTERNATIONAL TRADING CO LTD,D-12 LAJPAT NAGAR-III  N/A,"D8, D9, LANE 215 QINGYI ROAD HIGH-TECH ZONE NINGBO ZHEJIANG, CHINA",,,,China (CN),,Shekou,,84821090,LINEAR MOTION BEARINGS :- LMF60LUU LINEAR MOTION BEARINGS :- LM50UU,,36.0,NOS,0.0,838.67,,,
2025-10-16,印度,中国,CIU BEARING CO,TIANJIN TEXTILE GROUP IMPORT AND EXPORT INC,,"3YUNNAN ROAD, TIANJIN, CHINA Tianji n, , CHINA SDNF CHINA",,,,China (CN),,Qingdao,NHAVA SHEVA SEA (INNSA1),84828000,LINEAR MOTION BEARINGS SC 20L UU LINEAR MOTION BEARINGS SC 20L UU,,400.0,NOS,0.0,838.23,,,
2025-11-07,印度,中国,AGARWAL INDUSTRIES,CHANGZHOU FOLEVO PRECISION MACHINER,4 Ground Floor HARESH CHAMBER SAMUEL STREET VADGADI,"Y CO., LTD NO. 288, XIAXI WEST ROAD , JIAZE TOWN, WUJIN DISTRICT, CHANG ZHOU CITY, JIANGSU CHINA",,,,China (CN),,Qingdao,NHAVA SHEVA SEA (INNSA1),84821090,LINEAR BALL BEARING SC16 UU LINEAR BALL BEARING,,1000.0,PCS,0.0,837.65,,,
2025-02-20,印度,中国香港,BHAVI IMPEX,AMLAND GLOBE HK ENTERPRISE LTD,"108,SHUBH SANDESH, 16,  HANSRAJ LANE, BYCULLA, ",,,,,HONG KONG,,Ningbo,NHAVA SHEVA SEA (INNSA1),84828000,"LINEAR BEARING BRAND:HL ,ITEM NO.KBF20UU LINEAR BEARING",,200.0,NOS,0.0,837.0957,U6066D9M8DSTU,,
2025-11-24,越南,中国台湾,CÔNG TY TNHH JADE M - TECH,CHUN LOUNG CO LTD,"Plot No. TT3-09, Land Plot Area, Lien Mac Ward, Bac Tu Liem District, Hanoi City, Vietnam.","NO.1, LANE 333, MINYI ST., FUAN VILLAGE, SIOUSHUEI TOWNSHIP, CHANGHUA COUNTY 50444, TAIWAN, TW",,,,Taiwan,,,,84821000,"Con trượt ARC20MN S V1N, bộ phận của thanh tuyến tính dẫn hướng, bằng thép, có ổ bi, phụ tùng máy gia công kim loại. NSX: CPC, mới 100%,ARC20MN S V1N linear slide, part of a linear guide rail, made of steel, with ball bearings, metalworking machine parts. Manufacturer: CPC, 100% new.",,54.0,Pieces,0.0,837.0,,,
2025-06-24,越南,中国台湾,CÔNG TY TNHH JADE M - TECH,CHUN LOUNG CO LTD,"Land Lot No. Tt3-09, Land Block, Lien Mac Ward, Bac Tu Liem District, Hanoi City, Vietnam.","NO.1, LANE 333, MINYI ST., FUAN VILLAGE, SIOUSHUEI TOWNSHIP, CHANGHUA COUNTY 50444, TAIWAN, TW",,,,Taiwan,,,,84821000,"Con trượt ổ bi ARC20MN S V1N, bộ phận của thanh tuyến tính dẫn hướng, bằng thép, có ổ bi, phụ tùng máy gia công kim loại. NSX: CPC, mới 100%,ARC20MN S V1N ball bearing slider, part of linear guide bar, steel, with ball bearing, metalworking machine spare part. Manufacturer: CPC, 100% new",,54.0,Pieces,0.0,837.0,,,
2025-11-15,越南,中国,CÔNG TY TNHH CÔNG NGHỆ TỰ ĐỘNG HÓA THIÊN VŨ VIỆT NAM,HONG KONG JINZHENG TECHNOLOGY DEVELOPMENT CO LIMITED,"Que Vo Industrial Zone (Expanded Area), Phuong Lieu Ward, Bac Ninh Province, Vietnam","ROOM 01,21/F, PROSPER COMMERCIAL BUILDING, 9 YIN CHONG STREET, KOWLOON, HONG KONG, CHINA, CN",,,,China,,,,84821000,"Bộ thanh trượt hoàn chỉnh gồm thanh trượt và con trượt vuông chứa ổ bi, dùng hỗ trợ dẫn hướng cho thiết bị công nghiệp, kích thước: 860*140*80mm, mã hàng: MTP50-S580, nsx: Dongguan Taipin, mới 100%.,Complete linear guide set including linear guide rail and square bearing slide, used to support guidance for industrial equipment, dimensions: 860*140*80mm, item code: MTP50-S580, manufacturer: Dongguan Taipin, 100% new.",,1.0,Pieces,0.0,835.371,,,
2025-01-28,印度,中国,BTI AUTOMATION,CHANGZHOU FOLEVO PRECISION MACHINERY CO LTD,"12,FLOOR -2ND, PLOT NO.41/47, BIBIJAN STREET, OFF ABDUL REHMAN STREET, PYDHONIE,MANDVI",,,,,CHINA,,Shanghai,NHAVA SHEVA SEA (INNSA1),84828000,Linear Bearing (MODEL NO LM 25 UU) Linear Bearing (MODEL NO LM 25 UU),,1500.0,NOS,0.0,834.2765,B13D0N2WSJ1RZ,,
2025-08-21,印度,中国,AMBICA IMPEX,ZHEJIANG OUYI BEARING MANUFACTURE CO LTD,N/A N/A,"ADD NO 701# JIANGNAN STREET, LISHUI , Zhejiang, CHINA SDNF CHINA",,,,China (CN),,Shanghai,,84821090,Linear bearing Block (HGH 20CA) Linear bearing Block (HGH 20CA),,300.0,NOS,0.0,834.19,,,
2025-02-18,印度,中国,RNS BEARINGS,SHANDONG YKK BEARING MANUFACTURING CO LTD,"3rd FLOOR, 306, Menek Bhavan Premises Co-op.Soc.Ltd 137,Narayan Dhuru Street , Mumbai",,,,,CHINA,,Qingdao,SAHAR AIR CARGO ACC (INBOM4),84824000,LINEAR BALL BEARING LINEAR BALL BEARING SDM20,,100.0,NOS,0.0,832.7154,9VULNYCWQYMK4,,
2025-01-15,越南,中国,CÔNG TY TNHH MISUMI VIỆT NAM,MISUMI CHINA PRECISION MACHINERY TRADING CO LTD,"Lot No. 15, Road Ts11, Tien Son Industrial Park, Hoan Son Commune. Tien Du District, Bac Ninh","NO.1058 DILING RD, FENGXIAN DIST, SHANGHAI, CHINA, CN",,,,China,,,,84828000,"Thanh trượt tuyến tính có ổ bi (bằng thép, dài 145mm), hàng mới 100%, nhãn hiệu: MISUMI, code: E-GMLG12-145,Linear slide with ball bearing (steel, length 145mm), 100% new, brand: MISUMI, code: E-GMLG12-145",,174.0,Pieces,0.0,831.9427,,,
2025-09-18,印度,中国,DIVINE TRANSMISSION SYSTEMS,NINGBO LIMON ROBOTECH INTERNATIONAL TRADING CO LTD,D-12 LAJPAT NAGAR-III  N/A,"D8, D9, LANE 215 QINGYI ROAD HIGH-TECH ZONE NINGBO ZHEJIANG, CHINA",,,,China (CN),,Shekou,,84821090,LINEAR MOTION BEARINGS :- LMF30UU LINEAR MOTION BEARINGS :- LM50UU,,300.0,NOS,0.0,827.64,,,
2025-04-15,印度,中国,KHS INNOVATION & ENGINEERING LLP,ZHEJIANG SIQIANG BEARING MANUFACTUR,"4A, KARIM BUILDING, 1ST FLOOR,142/  144, ABDUL REHMAN STREET ",,,,,CHINA,,Shanghai,NHAVA SHEVA SEA (INNSA1),84828000,LINEAR MOTION BEARINGS LM30UU (BRAND -MA) LINEAR MOTION BEARINGS,,1000.0,PCS,0.0,827.5288,GZ6HW5WC9YCWX,,
2025-12-06,印度,中国,FLURO ENGINEERING PRIVATE LIMITED,HIWIN TECHNOLOGIES CORP,"A/3, DEVASHISH, NITYANAND COLONY  AMRUT NAGAR,GHATKOPAR WEST, ","NO.7, JINGKE ROAD, PRECISION MACHIN ERY PARK, TAICHUNG 40852, SDNF TAIWAN",,,,"Taiwan,China (TW)",,Tainan,SAHAR AIR CARGO ACC (INBOM4),84821011,HIWIN LINEAR BEARING - BK 30 C5 (B2501EU-02) HIWIN LINEAR BEARING,,10.0,NOS,0.0,826.32,,,
2025-11-05,印度,中国,AXIS TECHNOLOGIES,ZHEJIANG JINGRUI INTELLIGENT TRANSMISSION CO LTD,"207, ARIHANT TOWER, 2ND FLOOR,83 V. V .CHANDAN STREET, MUMBAI, ","#99, Shangxu Road Lishui Industral Zone Zhejiang, Zhejiang, CHINA SDNF CHINA",,,,China (CN),,Shanghai,NHAVA SHEVA SEA (INNSA1),84828000,LINEAR MOTION BEARINGS SC30UUOP LINEAR MOTION BEARINGS SC30UUOP,,312.0,NOS,0.0,826.25,,,
2025-02-26,越南,中国台湾,CÔNG TY TNHH JADE M - TECH,CHUN LOUNG CO LTD,"Land Lot No. Tt3-09, Land Jam, Lien Mac Ward, Bac Tu Liem District, Hanoi City, Vietnam.","NO.1, LANE 333,MINYI ST, FUAN VILLAGE SIOUSHUEI  TOWNSHIP, CHANGHUA COUNTY 50444, TAIWAN, TW",,,,China,,,,84821000,"Con trượt HGH35HA bộ phận của thanh tuyến tính dẫn hướng, bằng thép,có ổ bi, không hiệu,phụ tùng máy phay kim loại. NSX: Wuxi J-Well, mới 100%,HGH35HA linear guide rail part, steel, with ball bearing, no brand, metal milling machine spare part. Manufacturer: Wuxi J-Well, 100% new",,50.0,Pieces,0.0,825.0,,,
2025-08-13,印度,中国,TOPPAN SPECIALITY FILMS PRIVATE LIMITED,ZHEJIANG HUACHUANG MECHATRONICS,"419 BHAI MOHAN SINGH NAGAR,VILLAGE  RAILMAJRA TEHSIL BALACHAUR ","TECHNOLOGY CO,. LTD. NO.698 HUANCHENG NORTH ROAD, DEQING ECONOMIC DEVELOPMENT ZONE, DEQING CHINA",,,,China (CN),,HANG ZHOU,,84828000,LINEAR SLIDE BEARING NA,,4.0,NOS,0.0,823.65,,,
2025-07-14,印度,中国,RNS BEARINGS,SHANDONG YKK BEARING MANUFACTURING CO LTD,"3rd FLOOR, 306, Menek Bhavan Premises Co-op.Soc.Ltd 137,Narayan Dhuru Street , Mumbai",,,,,CHINA,,Qingdao,SAHAR AIR CARGO ACC (INBOM4),84824000,LINEAR BEARING As per INV.&P/LIST Unit Weight /Pc 5.96KG LINEAR BEARING As per INV.&P/LIST Unit Weight /Pc 5.96KG,,12.0,NOS,0.0,822.0591,C6DJHY3UDUI5I,,
2025-07-09,印度,中国,KHS INNOVATION & ENGINEERING LLP,ZHEJIANG SIQIANG BEARING MANUFACTUR,"4A, KARIM BUILDING, 1ST FLOOR,142/  144, ABDUL REHMAN STREET ",,,,,CHINA,,Shanghai,NHAVA SHEVA SEA (INNSA1),84828000,LINEAR MOTION BEARINGS LME16UU KHS-LG LINEAR BEARINGS,,2000.0,PCS,0.0,820.8533,ZZJGP1M2HQBY3,,
2025-12-04,印度,中国,KNOWELL INTERNATIONAL PRIVATE LIMITED,RHB PRECISION MACHINERY CO LTD,"20, NETAJI SUBHAS ROAD,  N/A","NO. 20-6, 37 BAIZHANG EAST ROAD, YI NZHOU, NINGBO P.R. CHINA ., , CHINA SDNF CHINA",,,,China (CN),,Shanghai,Kolkata,84828000,LINEAR MOTION GLIDING BEARINGS NO - LB 40UU (BRAND - KHK) LINEAR MOTION GLIDING BEARINGS NO - LB 40UU (BRAND - KHK),,200.0,PCS,0.0,819.59,,,
2025-11-20,印度,中国,SAAVIK ENTERPRISES,SKYWALK INDUSTRIES GROUP LIMITED,,"UNIT 04-05,16/F THE BROADWAY NO 5 4-6 2 LOCK HART RD WANCHAI HK CHINA",,,,China (CN),,Ningbo,MUNDRA PORT &amp; SEZ LTD (INAJM6),84821090,ASSORTED TYPES OF NEEDLE ROLLER BEARING ASSORTED TYPES OF LINEAR BALL BUSH BEARING,,2031.0,PCS,0.0,818.36,,,
2025-01-13,印度,中国,AXIS TECHNOLOGIES,ZHEJIANG JINGRUI INTELLIGENT TRANSMISSION CO LTD,"207, ARIHANT TOWER, 2ND FLOOR,83 V. V .CHANDAN STREET, MUMBAI, ",,,,,CHINA,,Ningbo,NHAVA SHEVA SEA (INNSA1),84828000,LINEAR MOTION BEARINGS LMK16LUU LINEAR MOTION BEARINGS LMK16LUU,,587.0,PCS,0.0,817.5902,Y1D7BE3Q2SBOJ,,
2025-09-18,印度,中国,DIVINE TRANSMISSION SYSTEMS,NINGBO LIMON ROBOTECH INTERNATIONAL TRADING CO LTD,D-12 LAJPAT NAGAR-III  N/A,"D8, D9, LANE 215 QINGYI ROAD HIGH-TECH ZONE NINGBO ZHEJIANG, CHINA",,,,China (CN),,Shekou,,84821090,LINEAR MOTION BEARINGS :- LME60UU LINEAR MOTION BEARINGS :- LM50UU,,100.0,NOS,0.0,817.42,,,
2025-06-14,印度,中国,JMD ENGINEERS AND TRADERS,LISHUI GREENLEAF AUTOMATIC TECHNOLOGY CO LTD,BC-17 WEST SHALIMAR BAGH  N/A,,,,,CHINA,,Ningbo,ICD PATPARGANJ,84828000,"SC30UU,  LINEAR  BEARING,  U/WT.-  0.703  (FOR INDUSTRIAL USE)BEARING",,400.0,NOS,0.0,817.2265,JHNMYMJCJH01P,,
2025-08-11,印度,中国,KHS INNOVATION & ENGINEERING LLP,ZHEJIANG SIQIANG BEARING MANUFACTUR,"4A, KARIM BUILDING, 1ST FLOOR,142/  144, ABDUL REHMAN STREET ","E CO.,LTD NO.97, XIANXIA ROAD, NAN MING MOUNTAIN STREET LIANDU ZONE, LISHUI CITY, ZHEJIANG CHINA",,,,China (CN),,Shanghai,,84828000,LINEAR MOTION BEARINGS LMK12UU (BRAND - KHS LG) LINEAR MOTION BEARINGS,,1200.0,PCS,0.0,816.0,,,
2025-10-12,印度,中国,BEARING INDIA,XI'AN WEINUO MACHINERY AND EQUIPMENT CO LTD,,"ROOM 1101,BLOCK 9 TAIHUA JINMAO INT ERNATIONAL,NO.16 SOUTH OF FENGHUI R OAD,HIGH-TECH ZONE,XI'AN,CHINA CHINA",,,,China (CN),,Qingdao,ICD PATPARGANJ,84828000,LINEAR MOTION BEARING: LM25 UU LINEAR MOTION BEARING: LM25 UU,,1000.0,NOS,0.0,816.0,,,
2025-10-18,越南,中国台湾,CÔNG TY TNHH MISUMI VIỆT NAM - CHI NHÁNH THÀNH PHỐ HỒ CHÍ MINH,MISUMI TAIWAN CORP,"Room 901, 9th Floor, Sacom-Chip Sang Building, Lot T2-4, D1 Street, High-Tech Park, Tang Nhon Phu Ward, Ho Chi Minh City","15F., NO.223, SONGJIANG RD., ZHONGSHAN DIST., TAIPEI CITY,104472, TAIWAN., TW",,,,Taiwan,,,,84828000,"Thanh trượt tuyến tính có ổ bi, nhãn hiệu MISUMI, mới 100%, code: C-SHWT30-1240,Linear sliders have ball bearings, brands MISUMI, 100% new code: C-SHWT30-1240",,12.0,Pieces,0.0,815.665,,,
2025-01-16,印度,中国,BHAVI IMPEX,AMLAND GLOBE HK ENTERPRISE LTD,"108,SHUBH SANDESH, 16,  HANSRAJ LANE, BYCULLA, ",,,,,CHINA,,Ningbo,NHAVA SHEVA SEA (INNSA1),84828000,"LINEAR BEARING BRAND-HL,ITEM NO.: KB30UU LINEAR BEARING",,300.0,NOS,0.0,813.413,57PN11IQ66I61,,
2025-05-30,印度,中国,AMAFHH SONS,ZHEJIANG SIQIANG BEARING MANUFACTURE CO LTD,"2ND FLOOR, 71 NAGDEVI CROSS LANE,,  N/A",,,,,CHINA,,Ningbo,NHAVA SHEVA SEA (INNSA1),84828000,LINEAR MOTION BEARINGS LM20UU LINEAR MOTION BEARINGS LM20UU,,2000.0,PCS,0.0,811.2614,0LAHS2H9JC2RX,,
2025-04-10,印度,中国,BTI AUTOMATION,CHANGZHOU FOLEVO PRECISION MACHINERY CO LTD,"12,FLOOR -2ND, PLOT NO.41/47, BIBIJAN STREET, OFF ABDUL REHMAN STREET, PYDHONIE,MANDVI",,,,,CHINA,,Shanghai,NHAVA SHEVA SEA (INNSA1),84828000,Linear Bearing (MODEL NO 4.458) LINEAR BLOCK,,500.0,NOS,0.0,810.9883,ASMKLAC8W91TS,,
2025-09-04,越南,中国,CÔNG TY TNHH CƠ KHÍ VÀ THIẾT BỊ ĐIỆN HẠO QUANG,HONG KONG BEILIDA INDUSTRIAL CO LIMITED,"No. 310 Nguyen Dang Dao Street, Vo Cuong Ward, Bac Ninh Province, Vietnam","ROOM A,9TH FLOOR, YIN GAO INTERNATIONAL BUILDING, 707-713 NATHAN ROAD, MONG KOK,HONG KONG, CHINA, ZZ",,,,China,,,,84828000,"Vòng bi tuyến tính LMK40LUU, KT: 40*60*154 mm, sử dụng trong các trục của máy móc, thiết bị nhằm tạo điều kiện cho trục chuyển động trơn tru, giảm ma sát theo đường thẳng, hiệu: KSY, mới 100%,Linear bearings LMK40LUU, KT: 40*60*154 mm, used in the axis of machinery and equipment to facilitate axial movement is smooth, reduce friction in a straight line, brand: KSY, 100% new",,24.0,Pieces,0.0,808.8,,,
2025-04-23,越南,中国,CÔNG TY TNHH CƠ KHÍ VÀ THIẾT BỊ ĐIỆN HẠO QUANG,HONG KONG BEILIDA INDUSTRIAL CO LIMITED,"No. 310 Nguyen Dang Dao Street, Dai Phuc Ward, Bac Ninh City, Bac Ninh Province, Vietnam","ROOM A,9TH FLOOR,YIN GAO, INTERNATIONAL BUILDING, 707-713 NATHAN ROAD, MONG KOK,HONG KONG, CHINA, CN",,,,China,,,,84828000,"Vòng bi tuyến tính LMK40LUU, KT: 40*60*154 mm, sử dụng trong các trục của máy móc, thiết bị nhằm tạo điều kiện cho trục chuyển động trơn tru ,giảm ma sát theo đường thẳng , hiệu: LTJM, mới 100%,Linear bearing LMK40LUU, size: 40*60*154 mm, used in shafts of machinery and equipment to facilitate smooth shaft movement, reduce friction in straight lines, brand: LTJM, 100% new",,24.0,Pieces,0.0,808.8,,,
2025-03-08,印度,中国,SANGHVI AUTOMATION,LISHUI GREENLEAF AUTOMATIC TECHNOLOGY CO LTD,"GALA NO. F/106 TOP CLASS ENCLAVE, FIRST FLOOR BHOIDAPADA NAKA, SATIVALI ROAD, VASAI EAST",,,,,CHINA,,Ningbo,NHAVA SHEVA SEA (INNSA1),84828000,LINEAR BEARING SC 30 UU LINEAR BEARING SC 30 UU,,300.0,NOS,0.0,808.7855,C5QXKO170YH8B,,
2025-11-07,印度,中国,AGARWAL INDUSTRIES,CHANGZHOU FOLEVO PRECISION MACHINER,4 Ground Floor HARESH CHAMBER SAMUEL STREET VADGADI,"Y CO., LTD NO. 288, XIAXI WEST ROAD , JIAZE TOWN, WUJIN DISTRICT, CHANG ZHOU CITY, JIANGSU CHINA",,,,China (CN),,Qingdao,NHAVA SHEVA SEA (INNSA1),84821090,LINEAR BALL BEARING SBR30 UU With Clips LINEAR BALL BEARING,,300.0,PCS,0.0,808.39,,,
2025-01-15,印度,中国,KNOWELL INTERNATIONAL PRIVATE LIMITED,RHB PRECISION MACHINERY CO LTD,"20, NETAJI SUBHAS ROAD,  N/A",,,,,CHINA,,Shanghai,Kolkata,84828000,LINEAR MOTION GLIDING BEARINGS NO - LB 30UU (BRAND - KHK) LINEAR MOTION GLIDING BEARINGS NO - LB 30UU (BRAND - KHK),,400.0,PCS,0.0,807.4625,3R07YEMGSNNP8,,
2025-01-22,印度,中国,AXIS TECHNOLOGIES,YIBOYUAN LINQING CITY PRECISION MACHINERY CO L,"207, ARIHANT TOWER, 2ND FLOOR,83 V. V .CHANDAN STREET, MUMBAI, ",,,,,CHINA,,Qingdao,NHAVA SHEVA SEA (INNSA1),84828000,LINEAR MOTION BEARINGS SC40LUU LINEAR MOTION BEARINGS SC40LUU,,80.0,PCS,0.0,806.8641,C0W3RR1INJTTB,,
2025-02-19,越南,中国香港,CÔNG TY TNHH THIẾT BỊ CƠ ĐIỆN MINH THÀNH,HK TOMUU ACTUATOR TECHNOLOGY CO LIMITED,"Trang Due Village (At Ngan Vu Limited Liability Company), Le Loi Commune, An Duong District, Hai Phong, Vietnam","ROOM 1318-19, HOLLYWOOD PLAZA, 610 NATHAN ROAD, MONGKOK, KOWLOON, HONGKONG, HK",,,,China,,,,84821000,"TM14#& Ổ bi dùng cho hộp số động cơ của bộ truyền động tuyến tính, mới 100%,TM14#& Ball bearing for motor gearbox of linear actuator, 100% new",,3840.0,Pieces,0.0,806.4,,,
2025-03-22,印度,中国,ENVIRO SAFETY GLASS,LAUER WATER BASED NEW MATERIALS FOSHAN CO LTD,"N0. 64H   I, HOOTAGALLI INDL. AREA, KASAB HOBLI, HOOTAGALLI, ",,,,,CHINA,,Shekou,Chennai  ,84821090,LINEAR BEARING (GLASS MACHINERY SPARE PARTS) THERMOCOUPLE (PARTS FOR GLASS MACHINE),,7.0,PCS,0.0,805.3768,T280ZAVT3F87G,,
2025-01-13,印度,中国,AXIS TECHNOLOGIES,ZHEJIANG JINGRUI INTELLIGENT TRANSMISSION CO LTD,"207, ARIHANT TOWER, 2ND FLOOR,83 V. V .CHANDAN STREET, MUMBAI, ",,,,,CHINA,,Ningbo,NHAVA SHEVA SEA (INNSA1),84828000,LINEAR MOTION BEARINGS SC16UU LINEAR MOTION BEARINGS SC16UU,,900.0,PCS,0.0,805.1971,Y1D7BE3Q2SBOJ,,
2025-06-25,菲律宾,中国台湾,GALVAPHIL INC,CHERNG JI INDUSTRIAL CO LTD,,,,,,TAIWAN,,,,84828000000,4 PCS LINEAR BEARING HGW35HA,,4.0,,6.92,804.4,882252420019,,
2025-11-08,印度,中国,RHD ENTERPRISE,CIXI HUIBO IMPORT AND EXPORT CO LTD,"D-10, HIRAMANEK BAPTISTA ROAD, VILE PARLE WEST,MUMBAI null","ROOM 305 BUILDING NO.1 FENGZEWAN,ZH OUXIANG TOWN,CIXI CITY,ZHEJIANG,CHI NA CHINA",,,,China (CN),,Qingdao,NHAVA SHEVA SEA (INNSA1),84828000,LINEAR BEARING SFNUR4010-4 LINEAR BEARING SFNUR4010-4,,50.0,PCS,0.0,804.3,,,
2025-12-13,秘鲁,中国,IMPORTADORA Y DISTRIBUIDORA DE RETENES R,KAIYUAN SHIPPING CO LTD,AV. RAMON CARCAMO NRO. 506,,,,,"CHINA, PEOPLE'S REPUBLIC OF",,NINGBO LISHE INTERNATIONAL APT,,8482100000,"RODAMIENTO LINEAL, KMK, ROD-3420 REPUESTO PARA MAQUINAS QUE REQUIEREN ALTA PRECISION DE POSICIONAMIENTO, REPETIBILIDAD Y RI RODAMIENTOS INDUSTRIALES DE ACERO DONDE RECIRCULAN UNAS PEQUENAS BOLAS DE ACERO QUE PERMIT LINEAR BEARING DE ACERO",,500.0,UNITS,51.22,802.29,,,
2025-05-12,印度,中国,METRO BEARING INTERNATIONAL,HANKES NEW MATERIALS SHANDONG CO LTD,H NO 2448 1ST FLOOR RAJJI G B ROAD NEAR MASJID,,,,,CHINA,,Qingdao,TUGHLAKABAD,84828000,"LM25UU,  LINEAR MOTION BEARING,  U/WT.-  0.22  (FOR INDUSTRIAL USE)BEARING",,2000.0,NOS,0.0,801.2721,L00UI7NZIRNG7,,
2025-08-11,印度,中国,KHS INNOVATION & ENGINEERING LLP,ZHEJIANG SIQIANG BEARING MANUFACTUR,"4A, KARIM BUILDING, 1ST FLOOR,142/  144, ABDUL REHMAN STREET ","E CO.,LTD NO.97, XIANXIA ROAD, NAN MING MOUNTAIN STREET LIANDU ZONE, LISHUI CITY, ZHEJIANG CHINA",,,,China (CN),,Shanghai,,84828000,LINEAR MOTION BEARINGS LMK60LUU (BRAND - KHS LG) LINEAR MOTION BEARINGS,,50.0,PCS,0.0,800.5,,,
2025-08-30,印度,中国,MISUMI INDIA PRIVATE LIMITED,MISUMI CHINA PRECISION MACHINERY,"3RD FL.ONYX BUILDING, NORTH MAIN  ROAD, KOREGAON PARIK ","TRADING CO.,LTD NO.1058 DILING RD FENGXIAN DIST, SHANGHAI, CHINA ZIP CD:201402 CHINA",,,,China (CN),,Shanghai,,84828000,LINEAR BALL BEARING-DAW04B8F000674(STANDARD COMPONENTS FORPRESS DIE AND PLASTIC MOLD)LINEAR BALL BEARING-DAW04B8F000674(STANDARD COMPONENTS FORPR,,485.0,PCS,0.0,800.25,,,
2025-01-02,孟加拉国,中国,WALTON HITECH INDUSTRIES PLC,SHENZHEN ANJI TAI IMPORT AND EXPORT,Chandra; Kaliakair PS;,,,,,China,,,,84828000,"LINEAR BEARING , S/P FOR VMC MACHINE",,19.2,KG,19.2,800.0,,,
2025-01-02,孟加拉国,中国,WALTON HITECH INDUSTRIES PLC,SHENZHEN ANJI TAI IMPORT AND EXPORT,Chandra; Kaliakair PS;,,,,,CN,,,,84828000,"LINEAR BEARING , S/P FOR VMC MACHINE",,0.0,,19.2,800.0,,,
2025-06-05,越南,中国,CÔNG TY TNHH SẢN PHẨM BẢO HỘ LAO ĐỘNG HẰNG HUY VIỆT NAM,HANVO SHANGHAI SAFETY PRODUCTS CO LTD,"Land Lot 09.10, Lot Cn22, Hai Ha Industrial Park, Quang Ha Town, Hai Ha District, Quang Ninh Province, Vietnam","ROOM 02,32ND FLOOR, 100 YUTONG ROAD, JING'AN DISTRICT, SHANGHAI,CHINA, CN",,,,China,,,,84825000,"Ổ trượt hình trụ tuyến tính đã được gia công định hình bằng nhôm, model SCS30LUU, kích thước 80*140mm, dùng dẫn hướng bể keo trong dây chuyền sản xuất găng tay, mới 100%,Machined aluminum linear cylindrical slide bearing, model SCS30LUU, size 80*140mm, used to guide glue tank in glove production line, 100% new",,80.0,Pieces,0.0,800.0,,,
2025-12-08,印度,中国,MOTHERSON ELECTRONIC COMPONENTS PRIVATE LIMITED,ELEGANT HK INTERNATIONAL TRADING CO LIMITED,"F-7 BLOCK B-1 MCIE ,  Mohan Cooperative Industrial Estate, ,  Mathura Road,Tugalkabad ,  SOUTH DELHI ,  DELHI,  110044 N/A",RM1801 EASEY COMM BLDG 253-261 HENN ESSY RD WANCHAI HONGKONG SDNF Hong Kong,,,,China (CN),,SHENZHEN,CHENNAI AIR CARGO ACC (INMAA4),84821090,(8010729)Linear Bearing LHICD12 (8010729)Linear Bearing LHICD12,,36.0,NOS,0.0,799.07,,,
2025-01-22,印度,中国,AXIS TECHNOLOGIES,YIBOYUAN LINQING CITY PRECISION MACHINERY CO L,"207, ARIHANT TOWER, 2ND FLOOR,83 V. V .CHANDAN STREET, MUMBAI, ",,,,,CHINA,,Qingdao,NHAVA SHEVA SEA (INNSA1),84828000,LINEAR MOTION BEARINGS SC30UUOP LINEAR MOTION BEARINGS SC30UUOP,,300.0,PCS,0.0,798.6725,C0W3RR1INJTTB,,
2025-07-18,印度,中国,CIU BEARING CO,TIANJIN TEXTILE GROUP IMPORT AND EXPORT INC,"502, SATGURU SUPREME, WALJI LADHA ROAD, MULUND WEST,",,,,,CHINA,,Qingdao,NHAVA SHEVA SEA (INNSA1),84828000,LINEAR MOTION BEARINGS  LM25UU LINEAR MOTION BEARINGS  LM25UU,,1500.0,PCS,0.0,798.3427,VQGV26NTLDG16,,
2025-04-12,印度,中国,KHS INNOVATION & ENGINEERING LLP,ZHEJIANG SIQIANG BEARING MANUFACTUR,"4A, KARIM BUILDING, 1ST FLOOR,142/  144, ABDUL REHMAN STREET ",,,,,CHINA,,Shanghai,NHAVA SHEVA SEA (INNSA1),84828000,LINEAR MOTION BEARINGS LM35UU (BRAND - KHS LG) LINEAR MOTION BEARINGS,,616.0,PCS,0.0,797.9478,253CNM79HRCOK,,
2025-03-25,越南,中国,CÔNG TY TNHH CÔNG NGHIỆP KTL,NINGBO MIKATE TRANSMISSION TECHNOLOGY CO LTD,"25/A85 NA12 Street, Viet Sing Residential Area, T.15, Binh Giao Quarter, Thuan Giao Ward, Thuan An City, Binh Duong Province","NO.9 SHANGSHAO EAST AREA, ZHUANGQIAO STREET, JIANGBEI DISTRICT, NINGBO CHINA, CN",,,,China,,,,84828000,"Bạc đạn bằng thép-linear bearing, hiệu MYT, model LMK10LUU, kích thước dr10*D19*L55mm, hàng mới 100%,Steel linear bearing, MYT brand, model LMK10LUU, size dr10*D19*L55mm, 100% new",,288.0,Pieces,0.0,797.33,,,
2025-09-26,印度,中国,AGARWAL INDUSTRIES,CHANGZHOU FOLEVO PRECISION MACHINER,4 Ground Floor HARESH CHAMBER SAMUEL STREET VADGADI,"Y CO., LTD NO. 288, XIAXI WEST ROAD , JIAZE TOWN, WUJIN DISTRICT, CHANG ZHOU CITY, JIANGSU CHINA",,,,China (CN),,Qingdao,,84821090,LINEAR BLOCK BALL BEARING HGW30 CC LINEAR BLOCK,,200.0,PCS,0.0,797.28,,,
2025-09-26,印度,中国,AGARWAL INDUSTRIES,CHANGZHOU FOLEVO PRECISION MACHINER,4 Ground Floor HARESH CHAMBER SAMUEL STREET VADGADI,"Y CO., LTD NO. 288, XIAXI WEST ROAD , JIAZE TOWN, WUJIN DISTRICT, CHANG ZHOU CITY, JIANGSU CHINA",,,,China (CN),,Qingdao,,84821090,LINEAR BLOCK BALL BEARING HGH15 CA LINEAR BLOCK,,500.0,PCS,0.0,797.28,,,
2025-09-26,印度,中国,AGARWAL INDUSTRIES,CHANGZHOU FOLEVO PRECISION MACHINER,4 Ground Floor HARESH CHAMBER SAMUEL STREET VADGADI,"Y CO., LTD NO. 288, XIAXI WEST ROAD , JIAZE TOWN, WUJIN DISTRICT, CHANG ZHOU CITY, JIANGSU CHINA",,,,China (CN),,Qingdao,,84821090,LINEAR BLOCK BALL BEARING HGH20 CA LINEAR BLOCK,,500.0,PCS,0.0,797.28,,,
2025-03-12,越南,中国台湾,CÔNG TY TNHH MISUMI VIỆT NAM - CHI NHÁNH THÀNH PHỐ HỒ CHÍ MINH,MISUMI TAIWAN CORP,"Room 901, 9th Floor, Sacom-Chip Sang Building, Lot T2-4, Street D1, High-Tech Park, Tan Phu Ward, Thu Duc City, Ho Chi Minh City","9F-1, NO.126, SEC.4, NANJING E.RD., TAIPEI,10595, TAIWAN., TW",,,,Taiwan,,,,84828000,"Thanh trượt tuyến tính có ổ bi, nhãn hiệu MISUMI, mới 100%, code: C-SX2R24-880,Linear slide with ball bearing, MISUMI brand, 100% new, code: C-SX2R24-880",,14.0,Pieces,0.0,796.1132,,,
2025-09-20,越南,中国,CÔNG TY TNHH SAMSUNG DISPLAY VIỆT NAM,IMARKETCHINA CO LTD,"Yen Phong Industrial Park, Yen Trung Commune, Bac Ninh Province, Vietnam","19TH FL, TIANXIN BUILDING, NO. 125, WEI DI ST., HE XI, DIST. WEI DI ST., HE XI DIST., CN",,,,China,,,,84821000,"Q311-076079#&THANH TRƯỢT TUYẾN TÍNH CÓ Ổ BI MSA15S2SSF0+R152-16/16P, CHẤT LIỆU THÉP. HÀNG MỚI 100%,Q311-076079#&amp;LINEAR sliders HAVE ball BEARINGS MSA15S2SSF0+R152-16/16P, MATERIAL STEEL. 100% BRAND NEW",,28.0,Pieces,0.0,795.2,,,
2025-08-27,越南,中国,CÔNG TY TNHH THƯƠNG MẠI KIM KHÍ KIM ĐÔNG,RUNTO TRADING CO LIMITED,"West Bank Urban Area Of Day River, Le Hong Phong Ward, Phu Ly City, Ha Nam Province, Vietnam","TRUST COMPANY COMPLEX, AJELTAKE ROAD, AJELTAKEISLAND, MAJURO, REPUBLIC OF THE, MARSHALL ISLANDS MH96960, ",,,,China,,,,84821000,"Ổ bi trượt bằng thép, model MGN9C, nhãn hiệu: HIWIN, đường kính bi: 4mm, KT: dài 12mm, chất liệu thép không gỉ, chuyển động tuyến tính chính xác, dùng trong các MMTB tự động hóa, hàng mới 100%,Ball bearing slide, steel, model MGN9C, brand: HIWIN, diameter of ball: 4mm, KT: long, 12mm, material stainless steel, linear motion precision, taking in the MMTB automation, 100% brand new",,150.0,Pieces,0.0,795.0,,,
2025-02-20,印度,中国,SYSCOM AUTOMATION,LISHUI GREENLEAF AUTOMATIC TECHNOLOY CO LTD,"8/24, MUNICIPAL COLONY,PARK SITE, VIKHROLI WEST ,",,,,,CHINA,,Ningbo,NHAVA SHEVA SEA (INNSA1),84828000,LINEAR BEARING SCS 20 LUU (138 KGS) LINEAR BEARING SCS 20 LUU (138 KGS),,300.0,NOS,0.0,794.5472,DTZY6YQ9GVIWO,,
2025-02-20,印度,中国,SYSCOM AUTOMATION,LISHUI GREENLEAF AUTOMATIC TECHNOLOY CO LTD,"8/24, MUNICIPAL COLONY,PARK SITE, VIKHROLI WEST ,",,,,,CHINA,,Ningbo,NHAVA SHEVA SEA (INNSA1),84828000,LINEAR BEARING SK 40 (158 KGS) LINEAR BEARING SK 40 (158 KGS),,300.0,NOS,0.0,794.5472,DTZY6YQ9GVIWO,,
2025-12-02,印度,中国,MIDEA INDIA PRIVATE LIMITED,GUANGDONG YUHAI CHENG TRADING CO LTD,"PLOT NO. 51, 1ST FLOOR, PEARL,GLOB  AL BUILDING, SECTOR- 32 ","Room 657, Building 5, Midea Real Es tate Yueran Plaza, No. 9, Nanxia Ne w Road, Nanjiang Community, Daliang China",,,,China (CN),,Shekou,NHAVA SHEVA SEA (INNSA1),84829900,Part Code - F05200000103155@MD THK (Techno Head Kobe)(THK) linear bearing LMK40LUU(extended type) (FOR MFG.OF COMPRESSORPart Code - F05200000103155@MD THK (Techno Head Kobe)(THK) l,,8.0,NOS,0.0,793.72,,,
2025-01-22,印度,中国,AXIS TECHNOLOGIES,YIBOYUAN LINQING CITY PRECISION MACHINERY CO L,"207, ARIHANT TOWER, 2ND FLOOR,83 V. V .CHANDAN STREET, MUMBAI, ",,,,,CHINA,,Qingdao,NHAVA SHEVA SEA (INNSA1),84828000,LINEAR MOTION BEARINGS LMK60LUU LINEAR MOTION BEARINGS LMK60LUU,,50.0,PCS,0.0,793.5529,C0W3RR1INJTTB,,
2025-07-08,印度,中国,AXIS TECHNOLOGIES,ZHEJIANG JINGRUI INTELLIGENT TRANSMISSION CO LTD,"207, ARIHANT TOWER, 2ND FLOOR,83 V. V .CHANDAN STREET, MUMBAI, ",,,,,CHINA,,Ningbo,NHAVA SHEVA SEA (INNSA1),84828000,LINEAR MOTION BEARINGS LM25UU LINEAR MOTION BEARINGS LM25UU,,1200.0,PCS,0.0,792.6154,0SVQ7GYDUI59V,,
2025-01-22,印度,中国,AXIS TECHNOLOGIES,YIBOYUAN LINQING CITY PRECISION MACHINERY CO L,"207, ARIHANT TOWER, 2ND FLOOR,83 V. V .CHANDAN STREET, MUMBAI, ",,,,,CHINA,,Qingdao,NHAVA SHEVA SEA (INNSA1),84828000,LINEAR MOTION BEARINGS LM16UU LINEAR MOTION BEARINGS LM16UU,,3000.0,PCS,0.0,792.3458,CUZSH4J6SO7S8,,
2025-02-16,印度,中国,KHS INNOVATION & ENGINEERING LLP,ZHEJIANG SIQIANG BEARING MANUFACTURE CO LTDA,"4A, KARIM BUILDING, 1ST FLOOR,142/  144, ABDUL REHMAN STREET ",,,,,CHINA,,Shanghai,NHAVA SHEVA SEA (INNSA1),84828000,LINEAR BEARING-LM25UU MA LINEAR BEARING-LM25UU MA,,1000.0,NOS,0.0,792.2745,U5NWSLS36YLHN,,
2025-09-23,印度,中国,NXV BEARINGS PRIVATE LIMITED,NINGBO HUAYI IMP & EXP CO LTD,77 G B ROAD 2ND FLOOR,"ROOM 12-7/8, HUAHONG INTERNATIONAL CENTER, NO717 ZHONGXING ROAD, JIANG DONG DISTRICT, NINGBO, CHINA CHINA",,,,China (CN),,Qingdao,,84828000,"LM25UU,  LINEAR BEARING,  U/WT.-  0.192  (FOR INDUSTRIAL USE)BEARING",,1500.0,NOS,0.0,791.99,,,
2025-09-26,印度,中国,KHS INNOVATION & ENGINEERING LLP,XI'AN SILVERSTONE MACHINERY INDUST,"4A, KARIM BUILDING, 1ST FLOOR,142/  144, ABDUL REHMAN STREET ","RY CO., LTD. ADD:19,5THHANGKONGR OAD,YANLIANG XI'AN,SHAANXI SDNF CHINA",,,,China (CN),,Shanghai,,84821090,LINEAR BALL BEARINGS LM35UU (BRAND - KHS LG) LINEAR BALL BEARINGS,,500.0,PCS,0.0,791.9,,,
2025-04-12,印度,中国,KHS INNOVATION & ENGINEERING LLP,ZHEJIANG SIQIANG BEARING MANUFACTUR,"4A, KARIM BUILDING, 1ST FLOOR,142/  144, ABDUL REHMAN STREET ",,,,,CHINA,,Shanghai,NHAVA SHEVA SEA (INNSA1),84828000,LINEAR MOTION BEARINGS LM25UU (BRAND - KHS LG) LINEAR MOTION BEARINGS,,1000.0,PCS,0.0,789.2445,253CNM79HRCOK,,
2025-04-15,印度,中国,KHS INNOVATION & ENGINEERING LLP,ZHEJIANG SIQIANG BEARING MANUFACTUR,"4A, KARIM BUILDING, 1ST FLOOR,142/  144, ABDUL REHMAN STREET ",,,,,CHINA,,Shanghai,NHAVA SHEVA SEA (INNSA1),84828000,LINEAR MOTION BEARINGS LM25UU (BRAND - NIPPON) LINEAR MOTION BEARINGS,,1000.0,PCS,0.0,789.2445,GZ6HW5WC9YCWX,,
2025-07-28,印度,中国,AGARWAL INDUSTRIES,CHANGZHOU FOLEVO PRECISION MACHINER,4 Ground Floor HARESH CHAMBER SAMUEL STREET VADGADI,,,,,CHINA,,Qingdao,NHAVA SHEVA SEA (INNSA1),84821090,LINEAR BALL BEARING SBR20 UU LINEAR BALL BEARING,,700.0,PCS,0.0,788.8811,XX1QCT108N7ET,,
2025-03-10,印度,中国,AGARWAL INDUSTRIES,QINGDAO SHIYA IMPORT AND EXPORT CO,4 Ground Floor HARESH CHAMBER SAMUEL STREET VADGADI,,,,,CHINA,,Qingdao,NHAVA SHEVA SEA (INNSA1),84821090,LINEAR BALL BEARING SC35LUU LINEAR BALL BEARING,,100.0,NOS,0.0,788.8563,WR2ROUSHLUCH0,,
2025-03-10,印度,中国,AGARWAL INDUSTRIES,QINGDAO SHIYA IMPORT AND EXPORT CO,4 Ground Floor HARESH CHAMBER SAMUEL STREET VADGADI,,,,,CHINA,,Qingdao,NHAVA SHEVA SEA (INNSA1),84821090,LINEAR BALL BEARING LMF60LUU LINEAR BALL BEARING,,50.0,NOS,0.0,788.8563,WR2ROUSHLUCH0,,
2025-05-15,越南,中国,CÔNG TY TNHH MISUMI VIỆT NAM,MISUMI CHINA PRECISION MACHINERY TRADING CO LTD,"Lô số 15, đường TS11, khu công nghiệp Tiên Sơn, Xã Hoàn Sơn. Huyện Tiên Du, Bắc Ninh","NO.1058 DILING RD, FENGXIAN DIST, SHANGHAI, CHINA, CN",,,,China,,,,84828000,"Thanh trượt tuyến tính có ổ bi (bằng thép, dài 900mm), hàng mới 100%, nhãn hiệu: MISUMI, code: E-GMLG12-900,Linear slide with ball bearing (steel, length 900mm), 100% new, brand: MISUMI, code: E-GMLG12-900",,50.0,Pieces,0.0,787.8355,,,
2025-12-04,印度,中国,KNOWELL INTERNATIONAL PRIVATE LIMITED,RHB PRECISION MACHINERY CO LTD,"20, NETAJI SUBHAS ROAD,  N/A","NO. 20-6, 37 BAIZHANG EAST ROAD, YI NZHOU, NINGBO P.R. CHINA ., , CHINA SDNF CHINA",,,,China (CN),,Shanghai,Kolkata,84828000,LINEAR MOTION GLIDING BEARINGS NO - LB 25UU (BRAND - KHK) LINEAR MOTION GLIDING BEARINGS NO - LB 25UU (BRAND - KHK),,500.0,PCS,0.0,787.29,,,
2025-01-14,巴基斯坦,中国,DOT PIXEL LIMITS,YIWU HUAYI IMP AND EXP CO LIMITED,"Plot#B-77, Shed-6,, Behind Pso Petrol Pump, Estate Avenue, Shershah  Chowrangi, SITE , Karachi, Karachi West Site Town",,,,,China                         ,,,KAPW,84824000,"(9) NEEDLE BEARING  PART NO – HK4012  NET WEIGHT – 72 KGS APPROX.8482.vr
 A. LINEAR BEARING  PART NO – LM2544  NET WEIGHT – 60 KGS APPROX.
 B. BALL BEARINGS  PART NO – 1026  NET WEIGHT – 9 KGS APPROX.",,141.0,u,0.0,784.07,,,
2025-03-12,越南,中国台湾,CÔNG TY TNHH MISUMI VIỆT NAM - CHI NHÁNH THÀNH PHỐ HỒ CHÍ MINH,MISUMI TAIWAN CORP,"Room 901, 9th Floor, Sacom-Chip Sang Building, Lot T2-4, Street D1, High-Tech Park, Tan Phu Ward, Thu Duc City, Ho Chi Minh City","9F-1, NO.126, SEC.4, NANJING E.RD., TAIPEI,10595, TAIWAN., TW",,,,Taiwan,,,,84828000,"Thanh trượt tuyến tính có ổ bi, nhãn hiệu MISUMI, mới 100%, code: C-SV2R24-880,Linear slide with ball bearing, MISUMI brand, 100% new, code: C-SV2R24-880",,14.0,Pieces,0.0,784.0573,,,
2025-02-12,越南,中国,CÔNG TY TNHH YAZAKI HẢI PHÒNG VIỆT NAM,YANTAI UEDA TOOL& FIXTURE CO LTD,"Lot L, Japan Industrial Park - Hai Phong, An Hung Ward, Hong Bang District, Hai Phong City, Vietnam","988 HEBIN ROAD, FUSHAN DISTRICT, YANTAI, CHINA, CN",,,,China,,,,84821000,"C031514#&Vòng bi bằng thép không gỉ, dùng để truyền chuyển động, đường kính ngoài không quá 15 cm, Linear Bush. Hàng mới 100%,C031514#&Stainless steel bearing, used for transmitting motion, outer diameter not exceeding 15 cm, Linear Bush. 100% new",,356.0,Pieces,0.0,783.2,,,
2025-05-07,印度,中国,KHS INNOVATION & ENGINEERING LLP,ZHEJIANG SIQIANG BEARING MANUFACTUR,"4A, KARIM BUILDING, 1ST FLOOR,142/  144, ABDUL REHMAN STREET ",,,,,CHINA,,Shanghai,NHAVA SHEVA SEA (INNSA1),84828000,LINEAR MOTION BEARINGS LM25UU MA (BRAND - KHS LG) LINEAR MOTION BEARINGS,,1000.0,PCS,0.0,783.1983,Q8MNXZXFQ41NW,,
2025-05-30,印度,中国,AMAFHH SONS,ZHEJIANG SIQIANG BEARING MANUFACTURE CO LTD,"2ND FLOOR, 71 NAGDEVI CROSS LANE,,  N/A",,,,,CHINA,,Ningbo,NHAVA SHEVA SEA (INNSA1),84828000,LINEAR MOTION BEARINGS LM25UU LINEAR MOTION BEARINGS LM25UU,,1000.0,PCS,0.0,780.8391,0LAHS2H9JC2RX,,
2025-10-06,越南,中国,CÔNG TY TNHH JINYA VIỆT NAM,BEIJING FOXSLIDE AUTOMATION TECHNOLOGY CO LTD,"No. T2-20, Belhomes Project, Vsip Urban Area, Tu Son Ward, Bac Ninh Province, Vietnam","ROOM 1367, 13 FLOOR, NO. 2 BUILDING, YARD 38, KECHUANG 5TH STREET, BDA, BEIJING, CHINA, CN",,,,China,,,,84821000,"Bộ thanh trượt tuyến tính có ổ bi, model: 9-1-95, bằng thép hợp kim, dùng để hỗ trợ, dẫn hướng chuyển động thẳng (tuyến tính) của các bộ phận tủ điện (PLC, rơle...) KT:20*10*95mm, J015384834. Mới 100%,The linear sliders have ball bearings, model: 9-1-95, alloy steel, used to support, guide linear motion (linear) of the parts electrical cabinet (PLC, relay...) KT:20*10*95mm, J015384834. New 100%",,52.0,Pieces,0.0,780.0,,,
2025-04-08,越南,中国,CÔNG TY TNHH POWERNICE SMARTECH VIỆT NAM,NINGBO PIONEER IMP &EXP CO LTD,"Lot CN2-8, Minh Quang Industrial Park - Bach Sam Ward - My Hao Town - Hung Yen","398 BINHAI RD, BINHAI NEW AREA, ECONOMIC DEVELOPMENT ZONE, FENGHUA DISTRICT, NINGBO CITY, ZHEJIANG,CHINA, CN",,,,China,,,,84821000,"Vòng bi cầu rãnh sâu, P/N: MS1301-6201RS-1,chất liệu bằng thép (có nắp nhựa chống bụi), dùng cho thiết bị truyền động tuyến tính, kích thước: phi 12*phi 32*10t. Mới 100%,Deep groove ball bearing, P/N: MS1301-6201RS-1, steel material (with dustproof plastic cover), used for linear actuator, size: phi 12*phi 32*10t. 100% new",,3000.0,Pieces,0.0,780.0,,,
2025-04-03,越南,中国,CÔNG TY TNHH POWERNICE SMARTECH VIỆT NAM,NINGBO PIONEER IMP &EXP CO LTD,"Lot CN2-8, Minh Quang Industrial Park - Bach Sam Ward - My Hao Town - Hung Yen","398 BINHAI RD, BINHAI NEW AREA, ECONOMIC DEVELOPMENT ZONE, FENGHUA DISTRICT, NINGBO CITY, ZHEJIANG,CHINA, CN",,,,China,,,,84821000,"Vòng bi cầu rãnh sâu, P/N: MS1301-6201RS-1,chất liệu bằng thép (có nắp nhựa chống bụi), dùng cho thiết bị truyền động tuyến tính, kích thước: phi 12*phi 32*10t. Mới 100%,Deep groove ball bearing, P/N: MS1301-6201RS-1, steel material (with dustproof plastic cover), used for linear actuator, size: phi 12*phi 32*10t. 100% new",,3000.0,Pieces,0.0,780.0,,,
2025-07-09,印度,中国,KHS INNOVATION & ENGINEERING LLP,ZHEJIANG SIQIANG BEARING MANUFACTUR,"4A, KARIM BUILDING, 1ST FLOOR,142/  144, ABDUL REHMAN STREET ",,,,,CHINA,,Shanghai,NHAVA SHEVA SEA (INNSA1),84828000,LINEAR MOTION BEARINGS LM60UU KHS-LG LINEAR BEARINGS,,132.0,PCS,0.0,778.2891,ZZJGP1M2HQBY3,,
2025-01-29,印度,中国,INDO MIM LIMITED,SUZHOU BYT ELECTRONICS TECHNOLOGY LIMITED,"213/(539/A), STREET.NO.7, LANE.NO.2 HIMAYAT NAGAR, ",,,,,CHINA,,Shanghai,BANGALORE ACC (INBLR4),84828000,"LINEAR BEARINGS,RCAA-00959,LMSHP8UU,104NOS(JIGS & FIXTURE PARTS)LINEAR BEARINGS,RCAA-00959,LMSHP8UU,104NOS(JIGS & FIXTURE PA",,104.0,NOS,0.0,777.7111,8X4NXOLI1MSII,,
2025-08-21,厄瓜多尔,中国台湾,INDUSTRIA CARTONERA ECUATORIANA S A,BW PAPERSYSTEMS,,,,,,TAIWAN,,,,8482800000,LINEAR BEARING,,4.0,U,1.36,775.9,,,SIN MARCA
2025-02-15,印度,中国,KHS INNOVATION & ENGINEERING LLP,XI'AN SILVERSTONE MACHINERY INDUSTRY CO LTD,"4A, KARIM BUILDING, 1ST FLOOR,142/  144, ABDUL REHMAN STREET ",,,,,CHINA,,Shanghai,NHAVA SHEVA SEA (INNSA1),84821090,LINEAR BALL BEARINGS-LMF80UU -KHS-LG LINEAR BALL BEARINGS-LMF80UU -KHS-LG,,19.0,NOS,0.0,774.8472,O2WB7PR20FTJ2,,
2025-01-16,印度,中国,BHAVI IMPEX,AMLAND GLOBE HK ENTERPRISE LTD,"108,SHUBH SANDESH, 16,  HANSRAJ LANE, BYCULLA, ",,,,,CHINA,,Ningbo,NHAVA SHEVA SEA (INNSA1),84828000,LINEAR BEARING ITEM NO.: LMES25UU LINEAR BEARING,,1000.0,NOS,0.0,773.2445,57PN11IQ66I61,,
2025-07-14,越南,中国,CÔNG TY TNHH HƯNG THỊNH VƯỢNG VIỆT NAM,GUANGXI LIANGXUN IMPORT AND EXPORT TRADE CO LTD,"Khu Son, Hap Linh Ward, Bac Ninh Province, Vietnam","ROOM410.4/F,OFFICE COMPLEX BUILDING, FORMAL FREIGHT YARD DONGXING PORT, ERQIAO COMPREHENSIVE SERVICE AREA, DONGXINGTOWN,DONGXING CITY,GUANGXI, CN",,,,China,,,,84821000,"Vòng bi tuyến tính mặt bích LMF12UU, kích thước 12*21*30mm, chất liệu bằng thép không gỉ, dùng để lắp vào máy in 3D, nhãn hiệu Bolante, hàng mới 100%,Flange linear bearing LMF12UU, size 12*21*30mm, stainless steel material, used for 3D printer, Bolante brand, 100% new",,1000.0,Pieces,0.0,770.0,,,
2025-08-11,印度,中国,KHS INNOVATION & ENGINEERING LLP,ZHEJIANG SIQIANG BEARING MANUFACTUR,"4A, KARIM BUILDING, 1ST FLOOR,142/  144, ABDUL REHMAN STREET ","E CO.,LTD NO.97, XIANXIA ROAD, NAN MING MOUNTAIN STREET LIANDU ZONE, LISHUI CITY, ZHEJIANG CHINA",,,,China (CN),,Shanghai,,84828000,LINEAR MOTION BEARINGS LMK40UU (BRAND - KHS LG) LINEAR MOTION BEARINGS,,220.0,PCS,0.0,770.0,,,
2025-03-24,印度,中国,RNS BEARINGS,SHANDONG YKK BEARING MANUFACTURING CO LTD,"3rd FLOOR, 306, Menek Bhavan Premises Co-op.Soc.Ltd 137,Narayan Dhuru Street , Mumbai",,,,,CHINA,,Qingdao,SAHAR AIR CARGO ACC (INBOM4),84824000,LINEAR BEARING LINEAR BEARING HGW65HC,,8.0,NOS,0.0,768.789,4FCZTXA1QYVT6,,
2025-09-23,印度,中国,NXV BEARINGS PRIVATE LIMITED,NINGBO HUAYI IMP & EXP CO LTD,77 G B ROAD 2ND FLOOR,"ROOM 12-7/8, HUAHONG INTERNATIONAL CENTER, NO717 ZHONGXING ROAD, JIANG DONG DISTRICT, NINGBO, CHINA CHINA",,,,China (CN),,Qingdao,,84828000,"LM30UU,  LINEAR BEARING,  U/WT.-  0.225  (FOR INDUSTRIAL USE)BEARING",,1200.0,NOS,0.0,766.52,,,
2025-07-28,印度,中国,AGARWAL INDUSTRIES,CHANGZHOU FOLEVO PRECISION MACHINER,4 Ground Floor HARESH CHAMBER SAMUEL STREET VADGADI,,,,,CHINA,,Qingdao,NHAVA SHEVA SEA (INNSA1),84821090,LINEAR BALL BEARING SC40 UU LINEAR BALL BEARING,,150.0,PCS,0.0,765.317,XX1QCT108N7ET,,
2025-02-14,印度,中国,RELIANCE TOOLS AND BEARING STORES,ZHEJIANG SIQIANG BEARING MANUFACTURE CO LTD,"GRD FLR, 163, MUTTON  STREET, ",,,,,CHINA,,Ningbo,NHAVA SHEVA SEA (INNSA1),84828000,LINEAR BEARING BLOCK SC20UUOP LINEAR BEARING BLOCK SC20UUOP,,500.0,PCS,0.0,763.6204,LEHHKMP5GYLNX,,
2025-04-01,印度,中国,AXIS TECHNOLOGIES,ZHEJIANG JINGRUI INTELLIGENT TRANSMISSION CO LTD,"207, ARIHANT TOWER, 2ND FLOOR,83 V. V .CHANDAN STREET, MUMBAI, ",,,,,CHINA,,Ningbo,NHAVA SHEVA SEA (INNSA1),84828000,LINEAR MOTION BEARINGS LMF50UU LINEAR MOTION BEARINGS LMF50UU,,100.0,PCS,0.0,763.0519,VOOLSCS6OAR5X,,
2025-10-21,越南,中国,CÔNG TY TNHH MISUMI VIỆT NAM - CHI NHÁNH THÀNH PHỐ HỒ CHÍ MINH,MISUMI CHINA PRECISION MACHINERY TRADING CO LTD,"Room 901, 9th Floor, Sacom-Chip Sang Building, Lot T2-4, D1 Street, High-Tech Park, Tang Nhon Phu Ward, Ho Chi Minh City","NO.1058 DILING RD, FENGXIAN DIST, SHANGHAI, CHINA, CN",,,,China,,,,84828000,"Thanh trượt tuyến tính có ổ bi, nhãn hiệu MISUMI, mới 100%, code: E-HLGH55-2000-B2,Linear sliders have ball bearings, brands MISUMI, 100% new code: E-HLGH55-2000-B2",,5.0,Pieces,0.0,762.6678,,,
2025-08-21,印度,中国,AMBICA IMPEX,ZHEJIANG SIQIANG BEARING MANUFACTURE CO LTD,N/A N/A,"NO.97,Xianxia Road.Nanming Mountain Street. Liandu Zone LISHUI, Zhejia ng, CHINA CHINA",,,,China (CN),,Shanghai,,84828000,LINEAR BEARING (LM60UU) LINEAR BEARING (LM60UU),,120.0,NOS,0.0,761.93,,,
2025-02-01,赞比亚,中国,FUSION HARDWARE LIMITED,LINYI SHENGTUO IMPORT AND EXPORT CO LIMITED,,,,,,China,Zambia,,,848280000000,LINEARING BEARING,,25.0,NMB,25.0,760.7146,OOLU2751936390,,
2025-11-05,印度,中国,KHS INNOVATION & ENGINEERING LLP,ZHEJIANG SIQIANG BEARING MANUFACTUR,"4A, KARIM BUILDING, 1ST FLOOR,142/  144, ABDUL REHMAN STREET ","E CO.,LTD NO.97,XIANXIA ROAD. NANMING MOUNTAIN STREET. LIANDU ZONE.LISHUI CITY.ZHEJIANG CHINA",,,,China (CN),,SHANGHAI,NHAVA SHEVA SEA (INNSA1),84824000,FLANGE LINEAR BEARING LMF40UU KHS-LG FLANGE LINEAR BEARING,,250.0,PCS,0.0,760.0,,,
2025-01-13,印度,中国,AXIS TECHNOLOGIES,ZHEJIANG JINGRUI INTELLIGENT TRANSMISSION CO LTD,"207, ARIHANT TOWER, 2ND FLOOR,83 V. V .CHANDAN STREET, MUMBAI, ",,,,,CHINA,,Ningbo,NHAVA SHEVA SEA (INNSA1),84828000,LINEAR MOTION BEARINGS LMK16UU LINEAR MOTION BEARINGS LMK16UU,,900.0,PCS,0.0,759.4473,Y1D7BE3Q2SBOJ,,
2025-09-30,印度,中国,IIGM PRIVATE LIMITED,GERBERSCIENTIFICINTERNATIONALLTD,"B-112 OKHLA INDUSTRIAL AREA  PHASE-I, ","Units805B-806,8/F,TowerB,  Manulife FinancialCentre,  223-231WaiYipStre et,KwunTong,  Kowloon HONG KONG",,,,"Hong Kong,China (HK)",,Hong Kong,,84821011,"59486001 BEARING,LINEAR,W/ROD(1PCS) 59486001 BEARING,LINEAR,W/ROD(1PCS)",,1.0,NOS,0.0,758.29,,,
2025-06-19,印度,中国,RHD ENTERPRISE,CIXI HUIBO IMPORT AND EXPORT CO LTD,"D-10, HIRAMANEK BAPTISTA ROAD, VILE PARLE WEST,MUMBAI null",,,,,CHINA,,Ningbo,NHAVA SHEVA SEA (INNSA1),84821090,LINEAR BEARING SBR25LUU LINEAR BEARING SBR25LUU,,146.0,NOS,0.0,757.518,2H95CF4FI9KXG,,
2025-12-13,秘鲁,中国,IMPORTADORA Y DISTRIBUIDORA DE RETENES R,KAIYUAN SHIPPING CO LTD,AV. RAMON CARCAMO NRO. 506,,,,,"CHINA, PEOPLE'S REPUBLIC OF",,NINGBO LISHE INTERNATIONAL APT,,8482100000,"RODAMIENTO LINEAL, KMK, ROD-3454 REPUESTO PARA MAQUINAS QUE REQUIEREN ALTA PRECISION DE POSICIONAMIENTO, REPETIBILIDAD Y RI RODAMIENTOS INDUSTRIALES DE ACERO DONDE RECIRCULAN UNAS PEQUENAS BOLAS DE ACERO QUE PERMIT LINEAR BEARING DE ACERO",,40.0,UNITS,48.34,757.2,,,
2025-05-07,印度,中国,KHS INNOVATION & ENGINEERING LLP,ZHEJIANG SIQIANG BEARING MANUFACTUR,"4A, KARIM BUILDING, 1ST FLOOR,142/  144, ABDUL REHMAN STREET ",,,,,CHINA,,Shanghai,NHAVA SHEVA SEA (INNSA1),84828000,LINEAR MOTION BEARINGS LMK20UU (BRAND - KHS LG) LINEAR MOTION BEARINGS,,810.0,PCS,0.0,756.3887,Q8MNXZXFQ41NW,,
2025-03-29,印度,中国香港,IIGM PRIVATE LIMITED,GERBERSCIENTIFICINTERNATIONALLTD,"B-112 OKHLA INDUSTRIAL AREA  PHASE-I, ",,,,,HONG KONG,,Hong Kong,BANGALORE ACC (INBLR4),84821051,"59486001 BEARING,LINEAR,W/ROD(1PCS) 59486001 BEARING,LINEAR,W/ROD(1PCS)",,1.0,NOS,0.0,756.2598,E8GB9FI25QKSE,,
2025-03-01,印度,中国香港,IIGM PRIVATE LIMITED,GERBERSCIENTIFICINTERNATIONALLTD,"B-112 OKHLA INDUSTRIAL AREA  PHASE-I, ",,,,,HONG KONG,,Hong Kong,BANGALORE ACC (INBLR4),84821051,"59486001  BEARING,LINEAR,W/ROD(1PCS) 59486001  BEARING,LINEAR,W/ROD(1PCS)",,1.0,NOS,0.0,756.0231,F28LF2SGPFFTJ,,
2025-03-03,印度,中国香港,IIGM PRIVATE LIMITED,GERBERSCIENTIFICINTERNATIONALLTD,"B-112 OKHLA INDUSTRIAL AREA  PHASE-I, ",,,,,HONG KONG,,Hong Kong,BANGALORE ACC (INBLR4),84821051,"59486001  BEARING,LINEAR,W/ROD(1PCS) 59486001  BEARING,LINEAR,W/ROD(1PCS)",,1.0,NOS,0.0,756.0231,FYA9DJ75GLW7S,,
2025-09-19,越南,中国,CÔNG TY TNHH XNK YOULI,PINGXIANG CHENGJIE IMP & EXP TRADE CO LTD,"3rd Floor, No. 126-128 Tran Vy, Phu Dien Ward, Hanoi City, Vietnam","NO. 1507, 15TH FLOOR, BUILDING B, NO. 18 TIANXIN ROAD, PINGXIANG TOWN, CN",,,,China,,,,84821000,"Bạc trượt tuyến tính LHFCW6 (ổ bi trượt), chất liệu thép không gỉ, kích thước: đường kính 16mm*dài 35mm, được sử dụng cho dây chuyển sản xuất bao tải, mới 100%,Silver slide linear LHFCW6 (ball bearing slide), material stainless steel, size: diameter 16mm*long-35mm, used for wire transfer of production sacks, 100% new",,400.0,Pieces,0.0,756.0,,,
2025-09-08,越南,中国,CÔNG TY TNHH THIẾT BỊ CƠ ĐIỆN MINH THÀNH,HK TOMUU ACTUATOR TECHNOLOGY CO LIMITED,"Trang Due Residential Group (At Ngan Vu Company Limited), An Duong Ward, Hai Phong City, Vietnam","ROOM 1318-19, HOLLYWOOD PLAZA, 610 NATHAN ROAD, MONGKOK, KOWLOON, HONGKONG, ZZ",,,,China,,,,84821000,"TMA-MNA-U10A00002#& Ổ bi dùng cho hộp số động cơ của bộ truyền động tuyến tính, mới 100%,TMA-MNA-U10A00002#&amp; bearings for gearbox motor of the actuator, linear, 100% new",,8400.0,Pieces,0.0,756.0,,,
2025-09-25,越南,中国,CÔNG TY TNHH THIẾT BỊ CƠ ĐIỆN MINH THÀNH,HK TOMUU ACTUATOR TECHNOLOGY CO LIMITED,"Trang Due Residential Group (At Ngan Vu Company Limited), An Duong Ward, Hai Phong City, Vietnam","ROOM 1318-19, HOLLYWOOD PLAZA, 610 NATHAN ROAD, MONGKOK, KOWLOON, HONGKONG, CN",,,,China,,,,84821000,"TMA-MNA-U10A00002#& Ổ bi dùng cho hộp số động cơ của bộ truyền động tuyến tính, mới 100%,TMA-MNA-U10A00002#&amp; bearings for gearbox motor of the actuator, linear, 100% new",,8400.0,Pieces,0.0,756.0,,,
2025-11-06,越南,中国,CÔNG TY TNHH THIẾT BỊ CƠ ĐIỆN MINH THÀNH,HK TOMUU ACTUATOR TECHNOLOGY CO LIMITED,"Trang Due Residential Area (at Ngan Vu Co., Ltd.), An Duong Ward, Hai Phong City, Vietnam","ROOM 1318-19, HOLLYWOOD PLAZA, 610 NATHAN ROAD, MONGKOK, KOWLOON, HONGKONG, CN",,,,China,,,,84821000,"MNA-U10A00002#&Ổ bi dùng cho hộp số động cơ của bộ truyền động tuyến tính, mới 100%,MNA-U10A00002#&Bearing for motor gearbox of linear actuator, 100% new",,8400.0,Pieces,0.0,756.0,,,
2025-06-12,越南,中国,CÔNG TY TNHH YAZAKI HẢI PHÒNG VIỆT NAM,YANTAI UEDA TOOL& FIXTURE CO LTD,"Lot L, Japan Industrial Park - Hai Phong, An Hung Ward, Hong Bang District, Hai Phong City, Vietnam","988 HEBIN ROAD, FUSHAN DISTRICT, YANTAI, CHINA, CN",,,,China,,,,84821000,"C031514#&Vòng bi bằng thép không gỉ, dùng để truyền chuyển động, đường kính ngoài không quá 15 cm, Linear bush. Hàng mới 100%,C031514#&Stainless steel bearings, used for transmitting motion, outer diameter not exceeding 15 cm, Linear bush. 100% new",,343.0,Pieces,0.0,754.6,,,
2025-09-23,印度,中国,NXV BEARINGS PRIVATE LIMITED,NINGBO HUAYI IMP & EXP CO LTD,77 G B ROAD 2ND FLOOR,"ROOM 12-7/8, HUAHONG INTERNATIONAL CENTER, NO717 ZHONGXING ROAD, JIANG DONG DISTRICT, NINGBO, CHINA CHINA",,,,China (CN),,Qingdao,,84828000,"LM35UU,  LINEAR BEARING,  U/WT.-  0.354  (FOR INDUSTRIAL USE)BEARING",,800.0,NOS,0.0,754.51,,,
2025-06-21,印度,中国,MISUMI INDIA PRIVATE LIMITED,MISUMI CHINA PRECISION MACHINERY,"3RD FL.ONYX BUILDING, NORTH MAIN  ROAD, KOREGAON PARIK ",,,,,CHINA,,Shanghai,BANGALORE ACC (INBLR4),84828000,LINEAR BALL BEARING-E-LBKPM10LUU(STANDARD COMPONENTS FOR PRESSDIE ANDPLASTIC MOULDS)LINEAR BALL BEARING-E-LBKPM10LUU(STANDARD COMPONENTS FOR PRE,,200.0,PCS,0.0,753.7696,8FI966J1V3SOR,,
2025-12-04,印度,中国,PANACEA MEDICAL TECHNOLOGIES PRIVATE LIMITED,HEFEI KONLON BEARING CO LTD,"H.NO.1-10-1/27,1ST FLOOR, STREET NO 5,ASHOK NAGAR,HYDERABAD ","NO.28 HEZUOHUA SOUTH ROAD,SHUSHAN D ISTRICT,HEFEI, CHINA SDNF China",,,,China (CN),,SHENZHEN,BANGALORE,84828000,LINEAR MOTION GUIDE / MSR55-R5220L-H(4000 + 1220) / BEARINGS LINEAR MOTION GUIDE / MSR55-R5220L-H(4000 + 1220) / BEARINGS,,2.0,NOS,0.0,752.7,,,
2025-01-22,印度,中国,AXIS TECHNOLOGIES,YIBOYUAN LINQING CITY PRECISION MACHINERY CO L,"207, ARIHANT TOWER, 2ND FLOOR,83 V. V .CHANDAN STREET, MUMBAI, ",,,,,CHINA,,Qingdao,NHAVA SHEVA SEA (INNSA1),84828000,LINEAR MOTION BEARINGS SC20LUU LINEAR MOTION BEARINGS SC20LUU,,400.0,PCS,0.0,751.9809,C0W3RR1INJTTB,,
2025-04-15,印度,中国,KHS INNOVATION & ENGINEERING LLP,ZHEJIANG SIQIANG BEARING MANUFACTUR,"4A, KARIM BUILDING, 1ST FLOOR,142/  144, ABDUL REHMAN STREET ",,,,,CHINA,,Shanghai,NHAVA SHEVA SEA (INNSA1),84828000,LINEAR MOTION BEARINGS LME16UU (BRAND - KHS LG) LINEAR MOTION BEARINGS,,1812.0,PCS,0.0,751.8407,GZ6HW5WC9YCWX,,
2025-03-29,印度,中国,KHS INNOVATION & ENGINEERING LLP,LISHUIJINZHENGBEARINGMANUFACTURE,"4A, KARIM BUILDING, 1ST FLOOR,142/  144, ABDUL REHMAN STREET ",,,,,CHINA,,Shanghai,NHAVA SHEVA SEA (INNSA1),84828000,LINEAR MOTION BEARINGS LMK20UU (BRAND - KHS LG) LINEAR MOTION BEARINGS,,800.0,PCS,0.0,751.5324,ML7QWEAYAMIQU,,
2025-02-20,印度,中国,SYSCOM AUTOMATION,LISHUI GREENLEAF AUTOMATIC TECHNOLOY CO LTD,"8/24, MUNICIPAL COLONY,PARK SITE, VIKHROLI WEST ,",,,,,CHINA,,Ningbo,NHAVA SHEVA SEA (INNSA1),84828000,LINEAR BEARING SCS 50UU (150 KGS) LINEAR BEARING SCS 50UU (150 KGS),,50.0,NOS,0.0,750.5823,DTZY6YQ9GVIWO,,
2025-10-31,越南,中国,CÔNG TY TNHH JINYA VIỆT NAM,TIANJIN JINYA ELECTRONICS CO LTD,"No. T2-20, Belhomes Project, Vsip Urban Area, Tu Son Ward, Bac Ninh Province, Vietnam","NO.95, NANHAI ROAD, TEDA TIANJIN, CHINA 300457, CN",,,,China,,,,84828000,"Thanh trượt tuyến tính mini, có ổ bi, model:SSE2B10-95, chất liệu bằng thép hợp kim, Kt: 50*10*5mm, dùng để dẫn hướng chuyển động thẳng (tuyến tính) trong thiết bị cơ khí, hàng mới 100%,Linear sliders, mini be ball bearings, model:SSE2B10-95, material alloy steel, Kt: 50*10*5mm, used to guide motion straight (linear) in mechanical equipment, 100% brand new",,18.0,Pieces,0.0,750.06,,,
2025-12-04,印度,中国,CIU BEARING CO,TIANJIN TEXTILE GROUP IMPORT AND EXPORT INC,"502, SATGURU SUPREME, WALJI LADHA ROAD, MULUND WEST,","3YUNNAN ROAD, TIANJIN, CHINA Tianji n, , CHINA SDNF CHINA",,,,China (CN),,Qingdao,NHAVA SHEVA SEA (INNSA1),84828000,LINEAR MOTION BEARINGS LM50UU LINEAR MOTION BEARINGS LM50UU,,200.0,NOS,0.0,750.0,,,
2025-12-13,秘鲁,中国,IMPORTADORA Y DISTRIBUIDORA DE RETENES R,KAIYUAN SHIPPING CO LTD,AV. RAMON CARCAMO NRO. 506,,,,,"CHINA, PEOPLE'S REPUBLIC OF",,NINGBO LISHE INTERNATIONAL APT,,8482100000,"RODAMIENTO LINEAL, KMK, ROD-3451 REPUESTO PARA MAQUINAS QUE REQUIEREN ALTA PRECISION DE POSICIONAMIENTO, REPETIBILIDAD Y RI RODAMIENTOS INDUSTRIALES DE ACERO DONDE RECIRCULAN UNAS PEQUENAS BOLAS DE ACERO QUE PERMIT LINEAR BEARING DE ACERO",,40.0,UNITS,47.77,748.26,,,
2025-11-05,印度,中国,AXIS TECHNOLOGIES,ZHEJIANG JINGRUI INTELLIGENT TRANSMISSION CO LTD,"207, ARIHANT TOWER, 2ND FLOOR,83 V. V .CHANDAN STREET, MUMBAI, ","#99, Shangxu Road Lishui Industral Zone Zhejiang, Zhejiang, CHINA SDNF CHINA",,,,China (CN),,Shanghai,NHAVA SHEVA SEA (INNSA1),84828000,LINEAR MOTION BEARINGS SC30UU LINEAR MOTION BEARINGS SC30UU,,312.0,NOS,0.0,747.71,,,
2025-05-27,印度,中国,THE BALL BEARING TRADERS,ZHEJIANG SIQIANG BEARING MANUFACTURE CO LTD,"NO.8/1,KRISHNASAI MANSION,N.R.RD,K  ALASIPALYAM, NEW EXTN. ",,,,,CHINA,,Ningbo,Chennai  ,84828000,LINEAR BEARINGS-LMK25  UU LINEAR BEARINGS-LMK25  UU,,500.0,NOS,0.0,747.3746,BNUI4YICVJ80K,,
2025-08-26,印度,中国,SANGHVI AUTOMATION,LISHUI GREENLEAF AUTOMATIC TECHNOLOGY CO LTD,"GALA NO. F/106 TOP CLASS ENCLAVE, FIRST FLOOR BHOIDAPADA NAKA, SATIVALI ROAD, VASAI EAST","NO 297 LONGQING RD SHUIGE AREA LISH UI ZHEJIANG CHINA CHINA, , CHINA SDNF CHINA",,,,China (CN),,Shanghai,,84828000,LINEAR BEARING LM 25 UU LINEAR BEARING LM 25 UU,,1000.0,NOS,0.0,745.22,,,
2025-05-18,印度,中国,AGARWAL INDUSTRIES,CHANGZHOU FOLEVO PRECISION MACHINER,4 Ground Floor HARESH CHAMBER SAMUEL STREET VADGADI,,,,,CHINA,,Qingdao,NHAVA SHEVA SEA (INNSA1),84821090,LINEAR BLOCK BEARING HGH30CA LINEAR BLOCK BEARING,,200.0,NOS,0.0,744.8928,7I38VF3QR2DUN,,
2025-04-29,肯尼亚,中国台湾,CARTON MANUFACTURERS LIMITED,LATITUDE MACHINERY CORP,42930 NAIROBI,,,,,Taiwan (Province of China),Kenya,,,8482100000,LINEAR BEARING BLOCK; LINEAR BEARING BLOCK; LATITUDE MACHINERY CORP; LWHS 20C1 B,,6.0,UNT,0.0,742.4645,,,
2025-03-10,越南,中国,CÔNG TY TNHH JADE M - TECH,WUXI J WELL PRECISION MACHINERY CO LTD,"Land plot number TT3-09, Land Jam, Lien Mac Ward, Bac Tu Liem District, Hanoi City, Vietnam.","NO.1 HEHUAN ROAD, WUXI CITY, JIANGSU PROVINCE, CN",,,,China,,,,84821000,"Con trượt HGW20CC bộ phận của thanh tuyến tính dẫn hướng, bằng thép,có ổ bi, phụ tùng máy phay kim loại. Nhãn hiệu: Wuxi J-Well, NSX:Wuxi J-Well Co, ltd, mới 100%,HGW20CC linear guide rail parts, steel, with ball bearing, metal milling machine spare parts. Brand: Wuxi J-Well, Manufacturer: Wuxi J-Well Co, ltd, 100% new",,200.0,Pieces,0.0,742.0,,,
2025-09-26,印度,中国,KHS INNOVATION & ENGINEERING LLP,XI'AN SILVERSTONE MACHINERY INDUST,"4A, KARIM BUILDING, 1ST FLOOR,142/  144, ABDUL REHMAN STREET ","RY CO., LTD. ADD:19,5THHANGKONGR OAD,YANLIANG XI'AN,SHAANXI SDNF CHINA",,,,China (CN),,Shanghai,,84821090,LINEAR BALL BEARINGS LM8UU (BRAND - KHS LG) LINEAR BALL BEARINGS,,2000.0,PCS,0.0,741.78,,,
2025-05-23,印度,中国,RHD ENTERPRISE,CIXI HUIBO IMPORT AND EXPORT CO LTD,"D-10, HIRAMANEK BAPTISTA ROAD, VILE PARLE WEST,MUMBAI null",,,,,CHINA,,Ningbo,NHAVA SHEVA SEA (INNSA1),84821020,LINEAR BEARING SC25LUU LINEAR BEARING SC25LUU,,200.0,NOS,0.0,740.5173,KLXTY7G6KR83E,,
2025-05-30,印度,中国,AMAFHH SONS,ZHEJIANG SIQIANG BEARING MANUFACTURE CO LTD,"2ND FLOOR, 71 NAGDEVI CROSS LANE,,  N/A",,,,,CHINA,,Ningbo,NHAVA SHEVA SEA (INNSA1),84828000,LINEAR MOTION BEARINGS LMK50UU LINEAR MOTION BEARINGS LMK50UU,,100.0,PCS,0.0,740.2761,0LAHS2H9JC2RX,,
2025-09-11,印度,中国,PURI SALES CORPORATION,LINYI MOHIT TRADING CO LTD,"SHOP NO.5467-B,BEHIND 67  N/A","007F, D1 DISTRICT, 3RD FLOOR LINYI MALL ENGINEERING MARKET, LINYI CITY , SHANDONG PROVINCE, CHINA CHINA",,,,China (CN),,Qingdao,,84828000,"LMK30UU,  LINEAR BEARING,  U/WT.-  0.325  (FOR INDUSTRIAL USE)BEARING",,1000.0,NOS,0.0,740.0,,,
2025-11-19,越南,中国,CÔNG TY TNHH THIẾT BỊ MÁY CÔNG TRÌNH HẢI LÂM,GUANGZHOU HEHE TRADE CO LIMITED,"House No. 5, Alley 61/45, Tram Street, Long Bien Ward, Hanoi City, Vietnam","ROOM 302-A300, BUILDING 1, NO. 1963 HUAGUAN ROAD, TIANHE DISTRICT, GUANGZHOU,CHINA, CN",,,,China,,,,84828000,"Khối trượt tuyến tính dạng ổ bi, mã HGW25HC Z0C , dùng cho máy CNC, máy công nghiệp để trượt trên thanh dẫn hướng tuyến tính. NSX Fuchang Machinery & Equipment Co., Ltd. Không hiệu, mới 100%,Ball bearing linear slide block, model HGW25HC Z0C, used for CNC machines and industrial machinery to slide on linear guide rails. Manufactured by Fuchang Machinery & Equipment Co., Ltd. No brand, 100% new.",,40.0,Pieces,0.0,738.8,,,
2025-05-17,越南,中国台湾,CÔNG TY TNHH MISUMI VIỆT NAM - CHI NHÁNH THÀNH PHỐ HỒ CHÍ MINH,MISUMI TAIWAN CORP,"P 901 Tầng 9 Tòa Nhà Sacom-Chíp Sáng Lô T2-4 Đường D1 Khu Công Nghệ Cao P.Tân Phú,TP .Thủ Đức,TP.HCM","9F-1, NO.126, SEC.4, NANJING E.RD., TAIPEI,10595, TAIWAN., TW",,,,Taiwan,,,,84828000,"Thanh trượt tuyến tính có ổ bi, nhãn hiệu MISUMI, mới 100%, code: C-SV2R33-220,Linear slide with ball bearing, MISUMI brand, 100% new, code: C-SV2R33-220",,16.0,Pieces,0.0,737.1584,,,
2025-04-08,越南,中国,CÔNG TY TNHH MISUMI VIỆT NAM - CHI NHÁNH THÀNH PHỐ HỒ CHÍ MINH,MISUMI CHINA PRECISION MACHINERY TRADING CO LTD,"Room 901, 9th Floor, Sacom-Chip Sang Building, Lot T2-4, Street D1, High-Tech Park, Tan Phu Ward, Thu Duc City, Ho Chi Minh City","NO.1058 DILING RD, FENGXIAN DIST, SHANGHAI, CHINA, CN",,,,China,,,,84828000,"Thanh trượt tuyến tính có ổ bi, nhãn hiệu MISUMI, mới 100%, code: E-GMLG12-400-B2,Linear slide with ball bearing, MISUMI brand, 100% new, code: E-GMLG12-400-B2",,64.0,Pieces,0.0,736.0045,,,
2025-11-25,越南,中国,CÔNG TY TNHH GOERTEK ĐIỆN TỬ VIỆT NAM,SUZHOU TESPACE ELECTRONICS CO LTD,"Lot A1, Nam Son - Hap Linh Industrial Park, Nam Son Ward, Hap Linh Commune, Tan Chi District, Bac Ninh Province, Vietnam","NO.58, YINFENG ROAD,GUOXIANG TOWN, SUZHOU, CHINA, CN",,,,China,,,,84828000,"811170011835#&Bạc đạn trượt tuyến tính chất liệu chính bằng thép model SSBGZ3-14-6-6 hiệu Tespace, kích thước: 14*7*2.5mm, mới 100%, 811170011835,811170011835#&Linear sliding bearing, main material steel, model SSBGZ3-14-6-6, Tespace brand, size: 14*7*2.5mm, 100% new, 811170011835",,50.0,Pieces,0.0,735.5,,,
2025-01-13,印度,中国,AXIS TECHNOLOGIES,ZHEJIANG JINGRUI INTELLIGENT TRANSMISSION CO LTD,"207, ARIHANT TOWER, 2ND FLOOR,83 V. V .CHANDAN STREET, MUMBAI, ",,,,,CHINA,,Ningbo,NHAVA SHEVA SEA (INNSA1),84828000,LINEAR MOTION BEARINGS LMK25LUU LINEAR MOTION BEARINGS LMK25LUU,,300.0,PCS,0.0,735.0474,Y1D7BE3Q2SBOJ,,
2025-04-17,印度,中国,AXIS TECHNOLOGIES,ZHEJIANG JINGRUI INTELLIGENT TRANSMISSION CO LTD,"207, ARIHANT TOWER, 2ND FLOOR,83 V. V .CHANDAN STREET, MUMBAI, ",,,,,CHINA,,Ningbo,NHAVA SHEVA SEA (INNSA1),84828000,LINEAR MOTION BEARINGS LMK20UU LINEAR MOTION BEARINGS LMK20UU,,900.0,PCS,0.0,734.5744,A8ZMM89N2QT3T,,
2025-09-18,印度,中国,SHAKTI BEARING,NINGBO HUAYI IMPORT AND EXPORT CO LTD,21/2 REVA BHAI INDUSTRIAL ESTATE NEAR ISHWAR KRUPA WAY BRIDGE CTM AMRAIWADI,"ROOM 12-7/8HUAHONG INTERNATIONAL CENTRE, NO. 717, ZHONGXING ROAD, JIANGDONG DISTRICT,NINGBO CHINA CN",,,,China (CN),,Qingdao,,84828000,LINEAR MOTION BEARING : LM20UU LINEAR MOTION BEARING,,2500.0,NOS,0.0,733.99,,,
2025-09-27,印度,中国,KHS INNOVATION & ENGINEERING LLP,ZHEJIANG SIQIANG BEARING MANUFACTUR,"4A, KARIM BUILDING, 1ST FLOOR,142/  144, ABDUL REHMAN STREET ","E CO.,LTD NO.97,XIANXIA ROAD. NANMING MOUNTAIN STREET. LIANDU ZONE.LISHUI CITY.ZHEJIANG CHINA",,,,China (CN),,Shanghai,,84824000,FLANGE LINEAR BEARING LMK20UU KHS-LG FLANGE LINEAR BEARING,,789.0,PCS,0.0,733.77,,,
2025-12-06,印度,中国,FLURO ENGINEERING PRIVATE LIMITED,HIWIN TECHNOLOGIES CORP,"A/3, DEVASHISH, NITYANAND COLONY  AMRUT NAGAR,GHATKOPAR WEST, ","NO.7, JINGKE ROAD, PRECISION MACHIN ERY PARK, TAICHUNG 40852, SDNF TAIWAN",,,,"Taiwan,China (TW)",,Tainan,SAHAR AIR CARGO ACC (INBOM4),84821011,HIWIN LINEAR BEARING - CRBD 090 25 A NN C8 P5 (B2501L7-01) HIWIN LINEAR BEARING,,3.0,NOS,0.0,733.74,,,
2025-02-25,印度,中国,INDO MIM LIMITED,DONGGUAN YHD SUPPLY CHAIN MANAGEMENT CO LTD,"213/(539/A), STREET.NO.7, LANE.NO.2 HIMAYAT NAGAR, ",,,,,CHINA,,Shanghai,BANGALORE ACC (INBLR4),84828000,"GUIDE LINEAR BEARING WITH FLANGE,LML21-d16,145NOS(JIGS & FIXTURE PARTS)GUIDE LINEAR BEARING WITH FLANGE,LML21-d16,145NOS(JIGS & FIX",,145.0,NOS,0.0,732.1326,3LV6AJYZI0KQJ,,
2025-10-08,印度,中国,JMD ENGINEERS AND TRADERS,LISHUI GREENLEAF AUTOMATIC,,"TECHNOLOGY CO., LTD 297 LONGQING ROAD SHUIGE AREA LIAND LISHUIZHEJIANG, CHINA",,,,China (CN),,Ningbo,ICD PATPARGANJ,84821090,LINEAR BEARINGS - LM40UU U/WT. - 0.71175 (FOR INDUSTRIAL USE).,,600.0,NOS,0.0,732.1,,,
2025-03-10,印度,中国,AGARWAL INDUSTRIES,QINGDAO SHIYA IMPORT AND EXPORT CO,4 Ground Floor HARESH CHAMBER SAMUEL STREET VADGADI,,,,,CHINA,,Qingdao,NHAVA SHEVA SEA (INNSA1),84821090,LINEAR BALL BEARING LMK12UU LINEAR BALL BEARING,,1500.0,NOS,0.0,731.4856,WR2ROUSHLUCH0,,
2025-06-06,斯里兰卡,中国香港,MAGI ENTERPRISES LANKA P L,GERBER SCIENTIFIC INTERNATION," SUDUWELLA, KALUAGGALA, HANWELLA, DDC RMU ORDER BOI"," RM A2, 13/F BLOCK A, KONG NAM IND BLDG., TSUEN WAN N.T., HONG KONG",,,,"HONG KONG,CHINA",,,,84824000,"BEARING, SMART / BEARING, LINEAR, NO SE &#10;BEARING, FLANGE, GRINDING WHEEL, GT,10 EA ( TEXTILE MACHINE PART )",,10.0,NIU,0.4,728.78,,,
2025-11-19,印度,中国,AMAFHH SONS,ZHEJIANG SIQIANG BEARING MANUFACTURE CO LTD,"2ND FLOOR, 71 NAGDEVI CROSS LANE,,  N/A","NO.97,XIANXIA ROAD,NANMING MOUNTAIN STREET, LIANDU ZONE,LISHUI CITY LI SHUI CITY, Zhejiang, CHINA CHINA",,,,China (CN),,Ningbo,NHAVA SHEVA SEA (INNSA1),84828000,LINEAR MOTION BEARINGS LMK50UU LINEAR MOTION BEARINGS LMK50UU,,100.0,NOS,0.0,728.0,,,
2025-04-18,越南,中国,CÔNG TY TNHH KHOA HỌC KỸ THUẬT GOERTEK VINA,NANNING GOERTEK TRADING CO LTD,"Lot N-1, Que Vo Industrial Park (Expansion Area), Nam Son Ward, Bac Ninh City, Bac Ninh Province, VN","F16-17, R&D BLD, HEADQUARTER BASE, OF NANNING-ASEAN AGRICULTURAL, SCIENCE & TECHNOLOGY DLT ENTERPRISE, NO.10 GAOXIN,3RD ROAD, NANNING CITY, CN",,,,China,,,,84828000,"704010115588#&Thanh trượt tuyến tính có ổ bi model KSD5095-830-R-B86(14)-C3 hiệu AKD dùng trong chuyền sản xuất, kích thước: 830*110*60mm, mới 100%, 704010115588,704010115588#&Linear slide with ball bearing model KSD5095-830-R-B86(14)-C3 brand AKD used in production line, size: 830*110*60mm, 100% new, 704010115588",,6.0,Pieces,0.0,727.15,,,
2025-01-13,印度,中国,AXIS TECHNOLOGIES,ZHEJIANG JINGRUI INTELLIGENT TRANSMISSION CO LTD,"207, ARIHANT TOWER, 2ND FLOOR,83 V. V .CHANDAN STREET, MUMBAI, ",,,,,CHINA,,Ningbo,NHAVA SHEVA SEA (INNSA1),84828000,LINEAR MOTION BEARINGS SC30UU LINEAR MOTION BEARINGS SC30UU,,300.0,PCS,0.0,725.8974,Y1D7BE3Q2SBOJ,,
2025-03-09,印度,中国,BHAVI IMPEX,AMLAND GLOBE HK ENTERPRISE LTD,"108,SHUBH SANDESH, 16,  HANSRAJ LANE, BYCULLA, ",,,,,CHINA,,Ningbo,NHAVA SHEVA SEA (INNSA1),84828000,"OILLESS BUSH WITH HOUSING BRAND :ROLIOS,ITEM NO.:OBSC30 LINEAR BEARING",,48.0,NOS,0.0,725.34,LBB1GBXTG5LE3,,
2025-01-27,印度,中国,ROLLON INDIA PRIVATE LIMITED,ROLLON S R L,"SY NO. 261, K NO. 1056, 1037 1,104  21, GB PALYA, HOGASANDRA V ",,,,,CHINA,,Milan,BANGALORE ACC (INBLR4),84828000,NRS43150W0C03 NRS43-150 (N3) RECIRC BALL SL  LINEAR MOTION COMPONENTS(SLIDER WITH ROLLER BEARING)NRS43150W0C03 NRS43-150 (N3) RECIRC BALL SL  LINEAR MOTION C,,10.0,PCS,0.0,724.569,MYLEXC4BTDH8C,,
2025-11-22,越南,中国,CÔNG TY TNHH TƯ VẤN KINH DOANH HOA VIỆT,TIANJIN QIWENSHENG TRADING CO LTD,"Tam Giang Street, Chu Mau Area, Nam Son Ward, Bac Ninh Province, Vietnam","403,GATE 31 NO.7 BUILDING, HUANHUNANLI,HEXI DISTRICT, TIANJIN, CHINA., CN",,,,China,,,,84821000,"Con trượt tuyến tính EGH15CA, có bi, chất liệu sắt, là linh kiện cơ khí có khả năng chuyển động tuyến tính trên thanh trượt tuyến tính, hiệu GUANRONG,mới 100%,The EGH15CA linear slide, with ball bearings and made of iron, is a mechanical component capable of linear motion on a linear guide rail. It is a GUANRONG brand product, 100% new.",,315.0,Pieces,0.0,724.5,,,
2025-01-21,印度,中国,V M TRADERS,SHANGHAI FENYUE INTERNATIONAL,"67, NAGDEVI STREET,  2ND FLOOR, ",,,,,CHINA,,Shanghai,NHAVA SHEVA SEA (INNSA1),84825000,CYLINDRICAL ROLLER BEARING (BOT) SL045016PP 2NR LINEAR  BALL BEARINGS,,50.0,NOS,0.0,724.3495,CGXM94FBE4HRU,,
2025-06-04,印度,中国,AXIS TECHNOLOGIES,YIBOYUAN LINQING CITY PRECISION MACHINERY CO L,"207, ARIHANT TOWER, 2ND FLOOR,83 V. V .CHANDAN STREET, MUMBAI, ",,,,,CHINA,,Qingdao,NHAVA SHEVA SEA (INNSA1),84828000,LINEAR MOTION BEARINGS SC20UUOP LINEAR MOTION BEARINGS SC20UUOP,,600.0,PCS,0.0,723.5757,HQYSN2DXBFGH4,,
2025-09-27,印度,中国,KHS INNOVATION & ENGINEERING LLP,ZHEJIANG SIQIANG BEARING MANUFACTUR,"4A, KARIM BUILDING, 1ST FLOOR,142/  144, ABDUL REHMAN STREET ","E CO.,LTD NO.97,XIANXIA ROAD. NANMING MOUNTAIN STREET. LIANDU ZONE.LISHUI CITY.ZHEJIANG CHINA",,,,China (CN),,Shanghai,,84828000,LINEAR MOTION BEARINGS LME12UU KHS-LG LINEAR BEARINGS,,2257.0,PCS,0.0,722.24,,,
2025-06-19,越南,中国,CÔNG TY TNHH JADE M - TECH,WUXI J WELL PRECISION MACHINERY CO LTD,"Land Lot No. Tt3-09, Land Block, Lien Mac Ward, Bac Tu Liem District, Hanoi City, Vietnam.","YANGSHI CHUXIN INDUSTRIAL PARK, LUOSHE TOWN, HUISHAN DISTRICT, WUXI CITY, CN",,,,China,,,,84821000,"Con trượt MGN15C Z0C-T bộ phận của thanh tuyến tính dẫn hướng, bằng thép,có ổ bi,,không hiệu,, phụ tùng máy gia công kim loại. NSX: Wuxi J-Well, mới 100%,MGN15C Z0C-T linear guide rail part, steel, with ball bearing, no brand, metalworking machine spare part. Manufacturer: Wuxi J-Well, 100% new",,200.0,Pieces,0.0,722.0,,,
2025-06-19,印度,中国,RHD ENTERPRISE,CIXI HUIBO IMPORT AND EXPORT CO LTD,"D-10, HIRAMANEK BAPTISTA ROAD, VILE PARLE WEST,MUMBAI null",,,,,CHINA,,Ningbo,NHAVA SHEVA SEA (INNSA1),84821090,LINEAR BEARING SBR25UU LINEAR BEARING SBR25UU,,300.0,NOS,0.0,721.25,2H95CF4FI9KXG,,
2025-01-15,印度,中国,KNOWELL INTERNATIONAL PRIVATE LIMITED,RHB PRECISION MACHINERY CO LTD,"20, NETAJI SUBHAS ROAD,  N/A",,,,,CHINA,,Shanghai,Kolkata,84828000,LINEAR MOTION GLIDING BEARINGS NO - LB 20UU (BRAND - KHK),,700.0,PCS,0.0,720.6603,3R07YEMGSNNP8,,
2025-09-26,越南,中国,CÔNG TY TNHH THƯƠNG MẠI PHONG KIM,XINGTAI QIANSHENG BEARING CO LTD,"18th Floor, Tnr Building, 180-192 Nguyen Cong Tru, Ben Thanh Ward, Ho Chi Minh City, Vietnam","ROOM 15-1,RONGTONG LNCUBATION, PARK SERVICE CO.,LTD NORTH SIDE, OFNORTHRING ROAD,LINXI COUNT, CN",,,,China,,,,84828000,"Vòng bi tuyến tính, chất liệu sắt, công dụng:sử dụng trong máy móc công nghiệp; model: LM20OP, kt:(20*32*42)mm,hiệu XLZY; nsx:XINGTAI QIANSHENG BEARING CO., LTD. Mới 100%,Linear bearings, iron material, application:used in industrial machinery; model: LM20OP, kt:(20*32*42)mm,brand XLZY; nsx:XINGTAI QIANSHENG BEARING CO., LTD. New 100%",,1800.0,Pieces,0.0,720.0,,,
2025-05-14,越南,中国,CÔNG TY TNHH POWERNICE SMARTECH VIỆT NAM,NINGBO POWERNICE INTELLIGENT TECHNOLOGY CO LTD,"Lô số CN2-8, Khu công nghiệp Minh Quang-Phường Bạch Sam-Thị xã Mỹ Hào-Hưng Yên","398 BINHAI RD, BINHAI NEW AREA, ECONOMIC DEVELOPMENT ZONE, FENGHUA DISTRICT, NINGBO CITY, ZHEJIANG,CHINA, CN",,,,China,,,,84821000,"Vòng bi cầu rãnh sâu, P/N: MS1301-6201RS-1,chất liệu bằng thép (có nắp nhựa chống bụi), dùng cho thiết bị truyền động tuyến tính, kích thước: phi 12*phi 32*10t. Mới 100%,Deep groove ball bearing, P/N: MS1301-6201RS-1, steel material (with dustproof plastic cover), used for linear actuator, size: phi 12*phi 32*10t. 100% new",,3000.0,Pieces,0.0,720.0,,,
2025-11-20,越南,中国,CÔNG TY CỔ PHẦN ĐẦU TƯ VÀ PHÁT TRIỂN HOÀNG MINH,GROOT SHANDONG SUPPLY CHAIN TECHNOLOGY CO LTD,"Van Diem Village, Phu Xuyen Commune, Hanoi City, Vietnam","5012, 3RD FLOOR, BUILDING, MENGSHAN FOURTH ROAD, YIHE NEW AREA, COMPREHENSIVE BONDED ZONE, LINYI CITY, SHANDONG PROVINCE,CHINA",,,,China,,,,84821000,"Con trượt bằng thép,  nhãn hiệu TBAI,  dùng cho lắp ráp máy, mô tơ, động cơ. Mã hàng  SBR20UU( Plant) , kích thước 50*48*39mm. Hàng mới 100%. NSX: GROOT (SHANDONG) SUPPLY CHAIN TECHNOLOGY CO., LTD,Steel linear bearing, TBAI brand, used for assembling machines, motors, and engines. Item code SBR20UU(Plant), dimensions 50*48*39mm. 100% brand new. Manufacturer: GROOT (SHANDONG) SUPPLY CHAIN TECHNOLOGY CO., LTD",,1000.0,Pieces,0.0,720.0,,,
2025-08-08,越南,中国台湾,CÔNG TY TNHH JADE M - TECH,CHUN LOUNG CO LTD,"Lot No. Tt3-09, Dat Ket Area, Lien Mac Ward, Bac Tu Liem District, Hanoi City, Vietnam","NO.1, LANE 333,MINYI ST, FUAN VILLAGE SIOUSHUEI  TOWNSHIP, CHANGHUA COUNTY 50444, TAIWAN, TW",,,,Japan,,,,84821000,"Thanh tuyến tính dẫn hướng HSR35R2KKHHC1+1830LM gồm thanh trượt dài 1830mm và con trượt, có ổ bi, phụ tùng máy gia công kim loại. NSX: THK, mới 100%,Rod linear guide HSR35R2KKHHC1+1830LM including sliders long, 1830mm and the slide has ball bearings, machine parts metal machining. MANUFACTURER: THK, new 100%",,1.0,Set,0.0,720.0,,,
2025-05-03,印度,中国,KAMAL SHAFT PRIVATE LIMITED,QINGDAO YI XIN YAN INTERNATIONAL TR,"SHED NO 14 SAPTARUSHI IND EST,GVMM  IN GIRNAR SCOOTR RING RD ODHAV ",,,,,CHINA,,Qingdao,NHAVA SHEVA SEA (INNSA1),84828000,LINEAR BEARING LM 30 (NET WT. 250.0KGS) LINEAR BEARING,,1000.0,PCS,0.0,719.6083,EN4QK1BUMUI3C,,
2025-03-02,印度,中国,KNOWELL INTERNATIONAL PRIVATE LIMITED,RHB PRECISION MACHINERY CO LTD,"20, NETAJI SUBHAS ROAD,  N/A",,,,,CHINA,,Shanghai,Kolkata,84828000,LINEAR MOTION GLIDING BEARINGS NO - PHS 12 (BRAND - KHK) LINEAR MOTION GLIDING BEARINGS NO - PHS 12 (BRAND - KHK),,624.0,PCS,0.0,718.9076,JRTAQCEL963R7,,
2025-03-11,印度,中国,ELECTUS SYSTEMS,LISHUI GREENLEAF AUTOMATIC TECHNOLOGY CO LTD,"G3,Ghawte Tower Dr,Ansari Road seco  ",,,,,CHINA,,Ningbo,NHAVA SHEVA SEA (INNSA1),84828000,LINEAR BEARINGS SBR16LUU LINEAR BEARINGS SBR16LUU,,300.0,NOS,0.0,718.5015,4MRHJKZ9YIULH,,
2025-02-04,菲律宾,中国台湾,TWINPACK CONTAINER CORP,LATITUDE MACHINERY CORP,"UNIT 1209 LE GRAN COND 45 EISENHOWER STREET, SAN JUAN",,,,,TAIWAN (CHINA),,,,84828000000,4 PCS. LATITUDE 663XMSA45ESSFCN LINEAR BEARING,,4.0,PIECE,4.04,718.4,6596268490,,
2025-03-10,印度,中国,AGARWAL INDUSTRIES,QINGDAO SHIYA IMPORT AND EXPORT CO,4 Ground Floor HARESH CHAMBER SAMUEL STREET VADGADI,,,,,CHINA,,Qingdao,NHAVA SHEVA SEA (INNSA1),84821090,LINEAR BALL BEARING CSK25 LINEAR BALL BEARING,,500.0,NOS,0.0,717.1419,WR2ROUSHLUCH0,,
2025-05-29,越南,中国,CÔNG TY TNHH YAZAKI HẢI PHÒNG VIỆT NAM,YANTAI UEDA TOOL& FIXTURE CO LTD,"Lô đất L, KCN Nhật Bản - Hải Phòng, Phường An Hưng, Quận Hồng Bàng, Thành phố Hải Phòng, Việt Nam","988 HEBIN ROAD, FUSHAN DISTRICT, YANTAI, CHINA, CN",,,,China,,,,84821000,"C031514#&Vòng bi bằng thép không gỉ, dùng để truyền chuyển động, đường kính ngoài không quá 15 cm, Linear bush. Hàng mới 100%,C031514#&Stainless steel bearings, used for transmitting motion, outer diameter not exceeding 15 cm, Linear bush. 100% new",,325.0,Pieces,0.0,715.0,,,
2025-02-14,印度,中国,RELIANCE TOOLS AND BEARING STORES,ZHEJIANG SIQIANG BEARING MANUFACTURE CO LTD,"GRD FLR, 163, MUTTON  STREET, ",,,,,CHINA,,Ningbo,NHAVA SHEVA SEA (INNSA1),84828000,LINEAR MOTION BEARINGS LM35UU LINEAR MOTION BEARINGS LM35UU,,468.0,PCS,0.0,714.7486,LEHHKMP5GYLNX,,
2025-05-23,印度,中国,ATLANTIC INDUSTRIAL,ZHEJIANG JINGJIU BEARINGS INDUSTRIAL CO LTD,"Unit A, 2nd floor, No 103, 4th Cross Kalasipalyam New Extension",,,,,CHINA,,Ningbo,BANGALORE,84828000,LINEAR BLOCK BEARING HGH15CA,,400.0,PCS,0.0,713.9369,XX2K42NR3CRRP,,
2025-10-01,菲律宾,中国台湾,JB ELITE CORPORATION,HON PRECISION INC,UNIT6 AND7 2ND FLOOR LOT L PASEO DE CARMONA BRGY MADUYA CARMONACAVITE 4116PHILIPPINES,,,,,TAIWAN,,,,84828000000,4 LINEAR BEARING P020022005B,,4.0,PIECE,0.3,713.3388,884552432149,,
2025-05-02,印度,中国,INDO MIM LIMITED,DONGGUAN YHD SUPPLY CHAINMANAGEMENT CO LTD,"213/(539/A), STREET.NO.7, LANE.NO.2 HIMAYAT NAGAR, ",,,,,CHINA,,Shanghai,BANGALORE ACC (INBLR4),84828000,"FLANGE LINEAR BEARING(NICKEL-PLATED),LMG13-D25,78PCS(JIGS &FIXTURE PARTS)FLANGE LINEAR BEARING(NICKEL-PLATED),LMG13-D25,78PCS(JIGS &",,78.0,NOS,0.0,713.2274,073N2IEBSWESN,,
2025-10-22,印度,中国,OMKAR GLOBAL TECHNOLOGIES,ZHEJIANG WELL BEARING INDUSTRIAL CO LTD,,"NO.18 Xianxia Road,Nanmingshan Stre et, ,Liandu district,Lishui City,Zh ejiang  Province, China CHINA",,,,China (CN),,Ningbo,TUGHLAKABAD,84828000,"SC40UU, LINEAR BEARING  (FOR INDUSTRIAL USE) BEARING",,100.0,NOS,0.0,712.96,,,
2025-11-22,越南,中国,CÔNG TY CỔ PHẦN THƯƠNG MẠI CƠ KHÍ TRUNG TÍN,WUXI BLS MECHANICAL TRANSMISSION TECHNOLOGY CO LTD,"House No. 83, 664 Residential Area, Thanh Tri Commune, Hanoi City","MINFENG ROAD 198#,WUXI, JIANGSU,CHINA, CN",,,,China,,,,84828000,"Bi trượt bằng thép, model: LMK30UU, hiệu UKB, dùng cho các loại máy nông nghiệp, băng tải. Hàng mới 100%,Steel linear bearings, model: LMK30UU, UKB brand, used for agricultural machinery and conveyor belts. 100% brand new.",,500.0,Pieces,0.0,710.0,,,
2025-12-05,印度,中国,NIDHI BEARINGS,DYNAMIC RICH INC LIMITED,"GROUND FLOOR, NO.139,,THAMBU CHETT  Y STREET ",UNIT A (RM9) 3/F CHEONG SUN TOWER 116-118 WING LOK STREET SHEUNG WAN HONG KONG,,,,China (CN),,Qingdao,Chennai  ,84828000,LINEAR BEARINGS-SC50UU LINEAR BEARINGS-SC50UU,,50.0,NOS,0.0,708.36,,,
2025-06-19,印度,中国,RHD ENTERPRISE,CIXI HUIBO IMPORT AND EXPORT CO LTD,"D-10, HIRAMANEK BAPTISTA ROAD, VILE PARLE WEST,MUMBAI null",,,,,CHINA,,Ningbo,NHAVA SHEVA SEA (INNSA1),84821090,LINEAR BEARING SBR20LUU LINEAR BEARING SBR20LUU,,252.0,NOS,0.0,706.825,2H95CF4FI9KXG,,
2025-01-22,印度,中国,AXIS TECHNOLOGIES,YIBOYUAN LINQING CITY PRECISION MACHINERY CO L,"207, ARIHANT TOWER, 2ND FLOOR,83 V. V .CHANDAN STREET, MUMBAI, ",,,,,CHINA,,Qingdao,NHAVA SHEVA SEA (INNSA1),84828000,LINEAR MOTION BEARINGS SC35UU LINEAR MOTION BEARINGS SC35UU,,200.0,PCS,0.0,706.5181,C0W3RR1INJTTB,,
2025-07-08,印度,中国,AXIS TECHNOLOGIES,ZHEJIANG JINGRUI INTELLIGENT TRANSMISSION CO LTD,"207, ARIHANT TOWER, 2ND FLOOR,83 V. V .CHANDAN STREET, MUMBAI, ",,,,,CHINA,,Ningbo,NHAVA SHEVA SEA (INNSA1),84828000,LINEAR MOTION BEARINGS LMK8UU LINEAR MOTION BEARINGS LMK8UU,,1389.0,PCS,0.0,705.7325,0SVQ7GYDUI59V,,
2025-02-05,印度,中国,KNOWELL INTERNATIONAL PRIVATE LIMITED,INTERNATIONAL BEARINGS PTE LTD,"20, NETAJI SUBHAS ROAD,  N/A",,,,,CHINA,,Singapore,Kolkata,84828000,LINEAR MOTION GLIDING BEARINGS NO - LMF25UU (BRAND - SAMICK) LINEAR MOTION GLIDING BEARINGS NO - LMF25UU (BRAND - SAMICK),,80.0,PCS,0.0,703.9708,W9P3ISCU6CAYU,,
2025-03-10,印度,中国,AGARWAL INDUSTRIES,QINGDAO SHIYA IMPORT AND EXPORT CO,4 Ground Floor HARESH CHAMBER SAMUEL STREET VADGADI,,,,,CHINA,,Qingdao,NHAVA SHEVA SEA (INNSA1),84821090,LINEAR BALL BEARING LMK25UU LINEAR BALL BEARING,,700.0,NOS,0.0,702.799,WR2ROUSHLUCH0,,
2025-03-08,印度,中国,SANGHVI AUTOMATION,LISHUI GREENLEAF AUTOMATIC TECHNOLOGY CO LTD,"GALA NO. F/106 TOP CLASS ENCLAVE, FIRST FLOOR BHOIDAPADA NAKA, SATIVALI ROAD, VASAI EAST",,,,,CHINA,,Ningbo,NHAVA SHEVA SEA (INNSA1),84828000,LINEAR BEARING LMK 16 LUU LINEAR BEARING LMK 16 LUU,,500.0,NOS,0.0,702.6129,C5QXKO170YH8B,,
2025-10-17,越南,中国,CÔNG TY TNHH ĐIỆN TỬ JSTAR VIỆT NAM,GUANGXI PINGXIANG ZHONGYUE IMPORT AND EXPORT TRADE CO LTD,"Lot G11, Que Vo Industrial Park Expansion, Phuong Lieu Ward, Bac Ninh Province, Vietnam","NO.385 NANDA ROAD, SANYILU WAREHOUSE AND, LOGISTICS CENTER, PINGXIANG CITY, GUANGXI,CHINA, CN",,,,China,,,,84821000,"Bạc trượt tuyến tính (ổ bi trượt), dùng để giảm ma sát trong chuyển động thiết bị, kích thước: 8*15*24mm, mã B606ZZ. Hàng mới 100%,Silver linear slide (ball bearing slide), used to reduce friction in moving equipment, size: 8*15*24mm, code B606ZZ. 100% brand new",,200.0,Pieces,0.0,700.0,,,
2025-11-19,印度,中国,AMAFHH SONS,ZHEJIANG SIQIANG BEARING MANUFACTURE CO LTD,"2ND FLOOR, 71 NAGDEVI CROSS LANE,,  N/A","NO.97,XIANXIA ROAD,NANMING MOUNTAIN STREET, LIANDU ZONE,LISHUI CITY LI SHUI CITY, Zhejiang, CHINA CHINA",,,,China (CN),,Ningbo,NHAVA SHEVA SEA (INNSA1),84828000,LINEAR MOTION BEARINGS LMF50UU LINEAR MOTION BEARINGS LMF50UU,,100.0,NOS,0.0,698.0,,,
2025-05-23,印度,中国,RHD ENTERPRISE,CIXI HUIBO IMPORT AND EXPORT CO LTD,"D-10, HIRAMANEK BAPTISTA ROAD, VILE PARLE WEST,MUMBAI null",,,,,CHINA,,Ningbo,NHAVA SHEVA SEA (INNSA1),84821020,LINEAR BEARING LMES 40 LINEAR BEARING LMES 40,,100.0,NOS,0.0,697.8621,KLXTY7G6KR83E,,
2025-12-01,印度,中国,FLURO ENGINEERING PRIVATE LIMITED,HIWIN TECHNOLOGIES CORP,"A/3, DEVASHISH, NITYANAND COLONY  AMRUT NAGAR,GHATKOPAR WEST, ","NO.7, JINGKE ROAD, PRECISION MACHIN ERY PARK, TAICHUNG 40852, SDNF TAIWAN",,,,"Taiwan,China (TW)",,TaiChung,SAHAR AIR CARGO ACC (INBOM4),84821011,"HIWIN LINEAR BEARING - BK 25 C5(B2501EU-01) HIWIN INDUSTRIAL ROBOT,GUIDEWAYE,SPARE PARTS",,10.0,NOS,0.0,697.78,,,
2025-02-16,印度,中国,KHS INNOVATION & ENGINEERING LLP,ZHEJIANG SIQIANG BEARING MANUFACTURE CO LTDA,"4A, KARIM BUILDING, 1ST FLOOR,142/  144, ABDUL REHMAN STREET ",,,,,CHINA,,Shanghai,NHAVA SHEVA SEA (INNSA1),84828000,FLANGE LINEAR BEARING-LMF 50UU KHS-LG FLANGE LINEAR BEARING-LMF 50UU KHS-LG,,100.0,NOS,0.0,695.3075,U5NWSLS36YLHN,,
2025-02-24,越南,中国,CÔNG TY TNHH XNK CAO LỘC PHÁT,DONGXING CITY XING LONG TRADE LIMITED,"No. 298, Mac Dinh Chi Street, Ninh Duong Ward, Mong Cai City, Quang Ninh Province, Vietnam","NO.26, LANE 3, DONGXING TOWN, JIANG NA STREET, DONGXING CITY, GUANGXI, CHINA, CN",,,,China,,,,84821000,"Ổ bi trượt vuông bằng thép, dùng cho thanh trượt tuyến tính của máy khắc gỗ CNC, model HGH30CA, kích thước (45x60x98)mm, hiệu HW, mới 100%,Square steel slide bearing, used for linear slide of CNC wood carving machine, model HGH30CA, size (45x60x98)mm, brand HW, 100% new",,50.0,Pieces,0.0,695.0,,,
2025-11-05,印度,中国,AXIS TECHNOLOGIES,ZHEJIANG JINGRUI INTELLIGENT TRANSMISSION CO LTD,"207, ARIHANT TOWER, 2ND FLOOR,83 V. V .CHANDAN STREET, MUMBAI, ","#99, Shangxu Road Lishui Industral Zone Zhejiang, Zhejiang, CHINA SDNF CHINA",,,,China (CN),,Shanghai,NHAVA SHEVA SEA (INNSA1),84828000,LINEAR MOTION BEARINGS LMF 16UU LINEAR MOTION BEARINGS LMF 16UU,,960.0,NOS,0.0,694.36,,,
2025-09-26,印度,中国,AGARWAL INDUSTRIES,CHANGZHOU FOLEVO PRECISION MACHINER,4 Ground Floor HARESH CHAMBER SAMUEL STREET VADGADI,"Y CO., LTD NO. 288, XIAXI WEST ROAD , JIAZE TOWN, WUJIN DISTRICT, CHANG ZHOU CITY, JIANGSU CHINA",,,,China (CN),,Qingdao,,84821090,LINEAR BALL BEARING LMK50 UU LINEAR BALL BEARING,,100.0,PCS,0.0,693.74,,,
2025-05-30,印度,中国,AMAFHH SONS,ZHEJIANG SIQIANG BEARING MANUFACTURE CO LTD,"2ND FLOOR, 71 NAGDEVI CROSS LANE,,  N/A",,,,,CHINA,,Ningbo,NHAVA SHEVA SEA (INNSA1),84828000,LINEAR MOTION BEARINGS LMK8UU LINEAR MOTION BEARINGS LMK8UU,,1200.0,PCS,0.0,693.6285,0LAHS2H9JC2RX,,
2025-09-23,印度,中国,NXV BEARINGS PRIVATE LIMITED,NINGBO HUAYI IMP & EXP CO LTD,77 G B ROAD 2ND FLOOR,"ROOM 12-7/8, HUAHONG INTERNATIONAL CENTER, NO717 ZHONGXING ROAD, JIANG DONG DISTRICT, NINGBO, CHINA CHINA",,,,China (CN),,Qingdao,,84828000,"SC60UU,  LINEAR BEARING,  U/WT.-  4.72  (FOR INDUSTRIAL USE) BEARING",,30.0,NOS,0.0,692.6,,,
2025-11-08,印度,中国,RHD ENTERPRISE,CIXI HUIBO IMPORT AND EXPORT CO LTD,"D-10, HIRAMANEK BAPTISTA ROAD, VILE PARLE WEST,MUMBAI null","ROOM 305 BUILDING NO.1 FENGZEWAN,ZH OUXIANG TOWN,CIXI CITY,ZHEJIANG,CHI NA CHINA",,,,China (CN),,Qingdao,NHAVA SHEVA SEA (INNSA1),84828000,LINEAR BEARING SFNUR4005-4 LINEAR BEARING SFNUR4005-4,,50.0,PCS,0.0,692.39,,,
2025-07-09,印度,中国,KHS INNOVATION & ENGINEERING LLP,ZHEJIANG SIQIANG BEARING MANUFACTUR,"4A, KARIM BUILDING, 1ST FLOOR,142/  144, ABDUL REHMAN STREET ",,,,,CHINA,,Shanghai,NHAVA SHEVA SEA (INNSA1),84828000,LINEAR MOTION BEARINGS LMK16LUU KHS-LG LINEAR BEARINGS,,520.0,PCS,0.0,692.3197,ZZJGP1M2HQBY3,,
2025-01-13,印度,中国,AXIS TECHNOLOGIES,ZHEJIANG JINGRUI INTELLIGENT TRANSMISSION CO LTD,"207, ARIHANT TOWER, 2ND FLOOR,83 V. V .CHANDAN STREET, MUMBAI, ",,,,,CHINA,,Ningbo,NHAVA SHEVA SEA (INNSA1),84828000,LINEAR MOTION BEARINGS LMK20UU LINEAR MOTION BEARINGS LMK20UU,,800.0,PCS,0.0,691.3309,Y1D7BE3Q2SBOJ,,
2025-11-14,越南,中国,CÔNG TY TNHH SẢN XUẤT VÀ THƯƠNG MẠI DULICO,NINGBO POWERNICE INTELLIGENT TECHNOLOGY CO LTD,"Lot A2, CN7 Tu Liem Industrial Cluster, Xuan Phuong Ward, Hanoi City, Vietnam","398 BINHAI RD, BINHAI NEW AREA, ECONOMIC DEVELOPMENT  ZONE, FENGHUA DISTRICT NINGBO CITY, ZHEJIANG PROVINCE CHINA, CN",,,,China,,,,84821000,"Vòng bi cầu rãnh sâu, P/N: MS1301-6201RS-1,chất liệu bằng thép (có nắp nhựa chống bụi), dùng cho thiết bị truyền động tuyến tính, kích thước: phi 12*phi 32*10t. Mới 100%,Deep groove ball bearing, P/N: MS1301-6201RS-1, made of steel (with plastic dust cover), used for linear motion devices, dimensions: Ø12*Ø32*10t. 100% brand new.",,2880.0,Pieces,0.0,691.2,,,
2025-11-20,越南,中国,CÔNG TY TNHH SẢN XUẤT VÀ THƯƠNG MẠI DULICO,NINGBO POWERNICE INTELLIGENT TECHNOLOGY CO LTD,"Lot A2, CN7 Tu Liem Industrial Cluster, Xuan Phuong Ward, Hanoi City, Vietnam","398 BINHAI RD, BINHAI NEW AREA, ECONOMIC DEVELOPMENT  ZONE, FENGHUA DISTRICT NINGBO CITY, ZHEJIANG PROVINCE CHINA, CN",,,,China,,,,84821000,"Vòng bi cầu rãnh sâu, P/N: MS1301-6201RS-1,chất liệu bằng thép (có nắp nhựa chống bụi), dùng cho thiết bị truyền động tuyến tính, kích thước: phi 12*phi 32*10t. Mới 100%,Deep groove ball bearing, P/N: MS1301-6201RS-1, made of steel (with plastic dust cover), used for linear motion devices, dimensions: Ø12*Ø32*10t. 100% brand new.",,2880.0,Pieces,0.0,691.2,,,
2025-02-11,印度,中国,RELIANCE TOOLS AND BEARING STORES,LISHUI JINZHENG BEARING MANUFACTURE CO LTD,"GRD FLR, 163, MUTTON  STREET, ",,,,,CHINA,,Shanghai,NHAVA SHEVA SEA (INNSA1),84828000,FLANGE LINEAR MOTION BEARING LMK20UU FLANGE LINEAR MOTION BEARING LMK20UU,,700.0,PCS,0.0,691.1994,1ZWXTLPY0DNUH,,
2025-05-06,越南,中国,CÔNG TY TNHH YAZAKI HẢI PHÒNG VIỆT NAM,YANTAI UEDA TOOL& FIXTURE CO LTD,"Lô đất L, KCN Nhật Bản - Hải Phòng, Phường An Hưng, Quận Hồng Bàng, Thành phố Hải Phòng, Việt Nam","988 HEBIN ROAD, FUSHAN DISTRICT, YANTAI, CHINA, CN",,,,China,,,,84821000,"C031514#&Vòng bi bằng thép không gỉ, dùng để truyền chuyển động, đường kính ngoài không quá 15 cm, LINEAR BUSH. Hàng mới 100%,C031514#&Stainless steel bearing, used for transmitting motion, outer diameter not exceeding 15 cm, LINEAR BUSH. 100% new",,314.0,Pieces,0.0,690.8,,,
2025-07-10,乌兹别克斯坦,中国,СП ООО PROCAB,YUEQING NAKE ELECTRIC FACTORY,"г. Ташкент, Сергелийский р-н, ул. Файзли, 3, Tлф.:+998782580526","No.78 Gonggu North Road, Liushi Town, Yueqing City, Zhejiang,China",,,,,,,,8482800009,"1. Линейный подшипник (каретка) MSA55 - 2 штуки - запасные части к оборудованию для производства кабеля. Производитель: Китай-Вес 9 кг.  Кол. 2 шт 
2. Всего мест-1. 1 часть коробки
8. Код инвестиционных проектов:000
11. Код государственных закупок 02",,2.0,шт,9.0,688.0,,,без марки без бренда
2025-11-05,印度,中国,KHS INNOVATION & ENGINEERING LLP,ZHEJIANG SIQIANG BEARING MANUFACTUR,"4A, KARIM BUILDING, 1ST FLOOR,142/  144, ABDUL REHMAN STREET ","E CO.,LTD NO.97,XIANXIA ROAD. NANMING MOUNTAIN STREET. LIANDU ZONE.LISHUI CITY.ZHEJIANG CHINA",,,,China (CN),,SHANGHAI,NHAVA SHEVA SEA (INNSA1),84828000,LINEAR MOTION BEARINGS LM40UU MA LINEAR BEARINGS,,400.0,PCS,0.0,686.0,,,
2025-03-10,越南,中国,CÔNG TY TNHH JADE M - TECH,WUXI J WELL PRECISION MACHINERY CO LTD,"Land plot number TT3-09, Land Jam, Lien Mac Ward, Bac Tu Liem District, Hanoi City, Vietnam.","NO.1 HEHUAN ROAD, WUXI CITY, JIANGSU PROVINCE, CN",,,,China,,,,84821000,"Con trượt EGH20CA bộ phận của thanh tuyến tính dẫn hướng, bằng thép,có ổ bi, phụ tùng máy phay kim loại.Nhãn hiệu: Wuxi J-Well, NSX:Wuxi J-Well Co, ltd, mới 100%,EGH20CA linear guide rail part, steel, with ball bearing, metal milling machine spare parts.Brand: Wuxi J-Well, Manufacturer: Wuxi J-Well Co, ltd, 100% new",,200.0,Pieces,0.0,686.0,,,
2025-09-29,越南,中国,CÔNG TY TNHH MISUMI VIỆT NAM,MISUMI CHINA PRECISION MACHINERY TRADING CO LTD,"Lot No. 15, Road Ts11, Tien Son Industrial Park, Dai Dong Commune, Bac Ninh Province, Vietnam.","NO.1058 DILING RD, FENGXIAN DIST, SHANGHAI, CHINA, CN",,,,China,,,,84828000,"Thanh trượt tuyến tính có ổ bi (bằng thép, dài 25.34mm), hàng mới 100%, nhãn hiệu: MISUMI, code: C-MLGB7,Linear sliders have ball bearings (steel, long 25.34 mm), 100% brand new brand: MISUMI, code: C-MLGB7",,264.0,Pieces,0.0,685.0298,,,
2025-07-05,印度,中国,KHS INNOVATION & ENGINEERING LLP,LISHUIJINZHENGBEARINGMANUFACTURE,"4A, KARIM BUILDING, 1ST FLOOR,142/  144, ABDUL REHMAN STREET ",,,,,CHINA,,Shanghai,NHAVA SHEVA SEA (INNSA1),84828000,LINEAR MOTION BEARINGS LMK12LUU KHS-LG LINEAR BEARINGS,,600.0,PCS,0.0,684.7118,4A2G810XZMKMT,,
2025-03-25,越南,中国,CÔNG TY TNHH CÔNG NGHIỆP KTL,NINGBO MIKATE TRANSMISSION TECHNOLOGY CO LTD,"25/A85 NA12 Street, Viet Sing Residential Area, T.15, Binh Giao Quarter, Thuan Giao Ward, Thuan An City, Binh Duong Province","NO.9 SHANGSHAO EAST AREA, ZHUANGQIAO STREET, JIANGBEI DISTRICT, NINGBO CHINA, CN",,,,China,,,,84828000,"Bạc đạn bằng thép-linear bearing, hiệu MYT, model SC8UU, kích thước dr8*W34*H22mm, hàng mới 100%,Steel linear bearing, MYT brand, model SC8UU, size dr8*W34*H22mm, 100% new",,360.0,Pieces,0.0,684.0,,,
2025-01-21,印度,中国,V M TRADERS,SHANGHAI FENYUE INTERNATIONAL,"67, NAGDEVI STREET,  2ND FLOOR, ",,,,,CHINA,,Shanghai,NHAVA SHEVA SEA (INNSA1),84824000,NEEDLE ROLLER BEARING (MNB) NA4836 A LINEAR  BALL BEARINGS,,25.0,NOS,0.0,683.8264,CGXM94FBE4HRU,,
2025-03-12,越南,中国台湾,CÔNG TY TNHH MISUMI VIỆT NAM - CHI NHÁNH THÀNH PHỐ HỒ CHÍ MINH,MISUMI TAIWAN CORP,"Room 901, 9th Floor, Sacom-Chip Sang Building, Lot T2-4, Street D1, High-Tech Park, Tan Phu Ward, Thu Duc City, Ho Chi Minh City","9F-1, NO.126, SEC.4, NANJING E.RD., TAIPEI,10595, TAIWAN., TW",,,,Taiwan,,,,84828000,"Thanh trượt tuyến tính có ổ bi, nhãn hiệu MISUMI, mới 100%, code: C-SV2R33-220,Linear slide with ball bearing, MISUMI brand, 100% new, code: C-SV2R33-220",,16.0,Pieces,0.0,683.2142,,,
2025-09-17,越南,中国台湾,CÔNG TY TNHH JADE M - TECH,CHUN LOUNG CO LTD,"Land Lot No. Tt3-09, Land Jam, Thuong Cat Ward, Hanoi City, Vietnam","NO.1, LANE 333,MINYI ST, FUAN VILLAGE SIOUSHUEI  TOWNSHIP, CHANGHUA COUNTY 50444, TW",,,,China,,,,84821000,"Con trượt MGN5C Z0C-T  bộ phận của thanh tuyến tính dẫn hướng, bằng thép,có ổ bi, phụ tùng máy gia công kim loại. NSX: Wuxi J-Well, mới 100%,Slider MGN5C Z0C-T department of the linear guide, steel ball bearings, machine parts metal machining. MANUFACTURER: Wuxi J-Well, 100% new",,100.0,Pieces,0.0,680.0,,,
2025-04-03,越南,中国,CÔNG TY TNHH YAZAKI HẢI PHÒNG VIỆT NAM,YANTAI UEDA TOOL& FIXTURE CO LTD,"Lot L, Japan Industrial Park - Hai Phong, An Hung Ward, Hong Bang District, Hai Phong City, Vietnam","988 HEBIN ROAD, FUSHAN DISTRICT, YANTAI, CHINA, CN",,,,China,,,,84821000,"C031514#&Vòng bi bằng thép không gỉ, dùng để truyền chuyển động, đường kính ngoài không quá 15 cm, LINEAR BUSH. Hàng mới 100%,C031514#&Stainless steel bearing, used for transmitting motion, outer diameter not exceeding 15 cm, LINEAR BUSH. 100% new",,309.0,Pieces,0.0,679.8,,,
2025-02-20,印度,中国香港,BHAVI IMPEX,AMLAND GLOBE HK ENTERPRISE LTD,"108,SHUBH SANDESH, 16,  HANSRAJ LANE, BYCULLA, ",,,,,HONG KONG,,Ningbo,NHAVA SHEVA SEA (INNSA1),84828000,"LINEAR BEARING BRAND:HL ,ITEM NO.SW12UU LINEAR BEARING",,300.0,NOS,0.0,679.6323,U6066D9M8DSTU,,
2025-06-30,印度,中国,MAHAVIR SALES CORPORATION,YIWU ZHITONG E COMMERCE FIRM,"128,NARAYAN DHURU STREET,MICRO  HOUSE,4TH FL ",,,,,CHINA,,Ningbo,NHAVA SHEVA SEA (INNSA1),84828000,LINEAR MOTION BEARINGS LME 60 UU LINEAR MOTION BEARINGS LME 60 UU,,100.0,PCS,0.0,679.2345,T7FO7SFY9XVX3,,
2025-01-13,印度,中国,AXIS TECHNOLOGIES,ZHEJIANG JINGRUI INTELLIGENT TRANSMISSION CO LTD,"207, ARIHANT TOWER, 2ND FLOOR,83 V. V .CHANDAN STREET, MUMBAI, ",,,,,CHINA,,Ningbo,NHAVA SHEVA SEA (INNSA1),84828000,LINEAR MOTION BEARINGS LMK25UU LINEAR MOTION BEARINGS LMK25UU,,510.0,PCS,0.0,679.2326,Y1D7BE3Q2SBOJ,,
2025-02-20,印度,中国香港,BHAVI IMPEX,AMLAND GLOBE HK ENTERPRISE LTD,"108,SHUBH SANDESH, 16,  HANSRAJ LANE, BYCULLA, ",,,,,HONG KONG,,Ningbo,NHAVA SHEVA SEA (INNSA1),84828000,"LINEAR BEARING BRAND:HL ,ITEM NO.LMFP30LUU LINEAR BEARING",,24.0,NOS,0.0,677.8037,U6066D9M8DSTU,,
2025-11-07,印度,中国,AGARWAL INDUSTRIES,CHANGZHOU FOLEVO PRECISION MACHINER,4 Ground Floor HARESH CHAMBER SAMUEL STREET VADGADI,"Y CO., LTD NO. 288, XIAXI WEST ROAD , JIAZE TOWN, WUJIN DISTRICT, CHANG ZHOU CITY, JIANGSU CHINA",,,,China (CN),,Qingdao,NHAVA SHEVA SEA (INNSA1),84821090,LINEAR BALL BEARING LMK50 UU LINEAR BALL BEARING,,100.0,PCS,0.0,676.18,,,
2025-12-07,印度,中国,SALCOMP MANUFACTURING INDIA PRIVATE LIMITED,YUEQING OGRY BEARING CO LTD,"NOKIA TELECOM SEZ SIPCOT INDSL PAR  K,PHASE 3, CHENNAI BANGALORE ","RM.A2-38-53,BIDG,A, HONGXING ECOMME RCE PIONEER PARK,NO.1888 FEIHONG SO UTH ROAD, HONGQIAO TOWN YUEQING,WEN CHINA",,,,China (CN),,Shanghai,Chennai  ,84821090,UC03653NH LM8UU Linear Bearing (SPARE PARTS FOR COOKING ROBOT)UC03653NH LM8UU Linear Bearing (SPARE PARTS FOR COOKING ROBO,,2160.0,PCS,0.0,675.99,,,
2025-03-29,印度,中国,KHS INNOVATION & ENGINEERING LLP,LISHUIJINZHENGBEARINGMANUFACTURE,"4A, KARIM BUILDING, 1ST FLOOR,142/  144, ABDUL REHMAN STREET ",,,,,CHINA,,Shanghai,NHAVA SHEVA SEA (INNSA1),84828000,LINEAR MOTION BEARINGS LM50UU MA (BRAND - KHS LG) LINEAR MOTION BEARINGS,,150.0,PCS,0.0,675.804,ML7QWEAYAMIQU,,
2025-03-29,印度,中国,KHS INNOVATION & ENGINEERING LLP,LISHUIJINZHENGBEARINGMANUFACTURE,"4A, KARIM BUILDING, 1ST FLOOR,142/  144, ABDUL REHMAN STREET ",,,,,CHINA,,Shanghai,NHAVA SHEVA SEA (INNSA1),84828000,LINEAR MOTION BEARINGS LM40UU (BRAND - KHS LG) LINEAR MOTION BEARINGS,,360.0,PCS,0.0,675.2262,ML7QWEAYAMIQU,,
2025-05-15,越南,中国,CÔNG TY TNHH MISUMI VIỆT NAM,MISUMI CHINA PRECISION MACHINERY TRADING CO LTD,"Lô số 15, đường TS11, khu công nghiệp Tiên Sơn, Xã Hoàn Sơn. Huyện Tiên Du, Bắc Ninh","NO.1058 DILING RD, FENGXIAN DIST, SHANGHAI, CHINA, CN",,,,China,,,,84828000,"Thanh trượt tuyến tính có ổ bi (bằng thép, dài 151mm), hàng mới 100%, nhãn hiệu: MISUMI, code: E-SMLGW9-151,Linear slide with ball bearing (steel, length 151mm), 100% new, brand: MISUMI, code: E-SMLGW9-151",,60.0,Pieces,0.0,675.0528,,,
2025-11-19,印度,中国,MECH AUTO SYSTEMS,TECH MOTION SHANGHAI CO LTD,"SHOP NO 2, BALCHANDRA APARTMENT  PLOT NO.55, SECTOR 44A,NERUL ","ROOM 904, BUILDING 3, 80 HUASHEN RO AD, WAI GAO QIAO FREE TRADE ZONE Sh anghai, Shanghai, CHINA CHINA",,,,China (CN),,Shanghai,NHAVA SHEVA SEA (INNSA1),84821090,LINEAR MOTION BEARING BLOCK HGW30CC LINEAR MOTION BEARING BLOCK HGW30CC,,100.0,NOS,0.0,674.95,,,
2025-09-18,印度,中国,DIVINE TRANSMISSION SYSTEMS,NINGBO LIMON ROBOTECH INTERNATIONAL TRADING CO LTD,D-12 LAJPAT NAGAR-III  N/A,"D8, D9, LANE 215 QINGYI ROAD HIGH-TECH ZONE NINGBO ZHEJIANG, CHINA",,,,China (CN),,Shekou,,84821090,LINEAR MOTION BEARINGS :- LMK25UU LINEAR MOTION BEARINGS :- LM50UU,,300.0,NOS,0.0,674.37,,,
2025-07-13,印度,中国,JAYACHANDRA BEARINGS INDIA PRIVATE LIMITED,SHANGHAI NEO STAR MACHINERY&TECHNOL,"1002, AVANASHI ROAD,  N/A",,,,,CHINA,,Qingdao,NHAVA SHEVA SEA (INNSA1),84828000,SRBF LINEAR MOTION BEARING (INDL USE ONLY) SC40UU SRBF LINEAR MOTION BEARING (INDL USE ONLY),,100.0,NOS,0.0,674.0615,3VKZV2JDGHNYE,,
2025-06-05,越南,中国,CÔNG TY TNHH SẢN PHẨM BẢO HỘ LAO ĐỘNG HẰNG HUY VIỆT NAM,HANVO SHANGHAI SAFETY PRODUCTS CO LTD,"Land Lot 09.10, Lot Cn22, Hai Ha Industrial Park, Quang Ha Town, Hai Ha District, Quang Ninh Province, Vietnam","ROOM 02,32ND FLOOR, 100 YUTONG ROAD, JING'AN DISTRICT, SHANGHAI,CHINA, CN",,,,China,,,,84825000,"Ổ trượt hình trụ tuyến tính bằng thép, kích thước phi30*600mm, để dẫn hướng bể keo trong dây chuyền sản xuất găng tay, nsx: Nantong Hengkun Intelligent Equipment Technology Co., Ltd.,Steel cylindrical linear slide bearing, size phi30*600mm, for guiding glue tank in glove production line, manufacturer: Nantong Hengkun Intelligent Equipment Technology Co., Ltd.",,60.0,Pieces,0.0,672.84,,,
2025-09-05,印度,中国,N J ENTERPRISES,DYNAMIC RICH INC LIMITED,"A-104, AVANI TOWER , D.G ROAD, OLD MULUND, MULUND WEST,","ROOM 707, CHENGGONG BUILDING, ZHONG SHAN DISTRICT, DALIAN CHINA 116000 SDNF CHINA",,,,China (CN),,Qingdao,,84828000,LINEAR MOTION BEARING LM60LUU LINEAR MOTION BEARING LM60LUU,,50.0,PCS,0.0,671.35,,,
2025-09-15,印度,中国,RHD ENTERPRISE,CIXI HUIBO IMPORT AND EXPORT CO LTD,"D-10, HIRAMANEK BAPTISTA ROAD, VILE PARLE WEST,MUMBAI null","ROOM 305 BUILDING NO.1 FENGZEWAN,ZH OUXIANG TOWN,CIXI SDNF CHINA",,,,China (CN),,Ningbo,,84821090,LINEAR  BEARING SC 30 UU LINEAR  BEARING SC 30 UU,,260.0,PCS,0.0,670.84,,,
2025-11-05,印度,中国,AXIS TECHNOLOGIES,ZHEJIANG JINGRUI INTELLIGENT TRANSMISSION CO LTD,"207, ARIHANT TOWER, 2ND FLOOR,83 V. V .CHANDAN STREET, MUMBAI, ","#99, Shangxu Road Lishui Industral Zone Zhejiang, Zhejiang, CHINA SDNF CHINA",,,,China (CN),,Shanghai,NHAVA SHEVA SEA (INNSA1),84828000,LINEAR MOTION BEARINGS SC 60UU LINEAR MOTION BEARINGS SC 60UU,,30.0,NOS,0.0,670.1,,,
2025-08-16,越南,中国,CÔNG TY TNHH LUXSHARE ICT NGHỆ AN,LUXSHARE PRECISION LIMITED,"No. 18, Road No. 03, Vsip Nghe An Industrial Park, Hung Tay Commune, Hung Nguyen District, Nghe An Province, Vietnam","SUITE 1621, 16/F., OCEAN CENTRE, HARBOUR CITY, 5 CANTON ROAD, TSIM SHA TSUI, KOWLOON, HONG KONG., ",,,,China,,,,84821000,".#&Ổ bi tuyến tính (Bộ thanh trượt), (gồm thanh trượt và con trượt có vòng bi) LWL2C1R16T0H, chất liệu bằng thép, dùng cho máy lắp ráp tự động, Nsx:IKO Japan Tosheng Co., Ltd ,nsx:2025. Hàng mới 100%,.#&amp;Linear ball bearings (The slider), (including the slider and the slide has ball bearings) LWL2C1R16T0H, material steel, for use by automatic assembly machines, Nsx:IKO Japan Tosheng Co., Ltd ,nsx:2025. 100% brand new",,10.0,Pieces,0.0,670.0,,,
2025-01-19,越南,中国台湾,CÔNG TY TNHH JADE M - TECH,CHUN LOUNG CO LTD,"Land Lot No. Tt3-09, Land Stuck Area, Lien Mac Ward, Bac Tu Liem District, Hanoi City, Vietnam","NO.1, LANE 333, MINYI ST., FUAN VILLAGE, SIOUSHUEI TOWNSHIP, CHANGHUA COUNTY 50444, TAIWAN, TW",,,,Taiwan,,,,84821000,"Con trượt HRC30FL S V0N, bộ phận của thanh tuyến tính dẫn hướng, bằng thép, có bổ bi, phụ tùng máy gia công kim loại. NSX: CPC, mới 100%,HRC30FL S V0N linear guide rail, steel, with ball bearing, metalworking machine spare part. Manufacturer: CPC, 100% new",,20.0,Pieces,0.0,670.0,,,
2025-05-25,越南,中国,CÔNG TY TNHH THƯƠNG MẠI VÀ XNK DIỆU LINH,PINGXIANG CHENGJIE IMP &EXP TRADE CO LTD,"LK305 DV8 Mậu Lương, Phường Kiến Hưng, Quận Hà Đông, Hà Nội, Việt Nam","12 FLOOR XINAN BUILDING, NO 9 YOU YI GUAN STREET, PINGXIANG CITY,GUANGXI, CHINA, CN",,,,China,,,,84821000,"Vòng bi SC192125 , Bằng thép cacbon hợp kim kt 36*42mm . Dùng trong hệ thống chuyển động tuyến tính,không có tên thương hiệu, Nsx: PINGXIANG CHENGJIE IMP.&EXP. TRADE CO.,LTD. mới 100%,SC192125 bearing, Made of carbon alloy steel, size 36*42mm. Used in linear motion systems, no brand name, Manufacturer: PINGXIANG CHENGJIE IMP.&EXP. TRADE CO.,LTD. 100% new",,3.0,Pieces,0.0,669.9,,,
2025-09-18,印度,中国,DIVINE TRANSMISSION SYSTEMS,ZHEJIANG WELL BERING INDUSTRIAL CO LTD,D-12 LAJPAT NAGAR-III  N/A,"NO.18 XIANXIA ROAD NANMIG SHAN STREET LIANDU DISTRICT LISHUI CITY ZHEJIANG PROVIBCE , CHINA",,,,China (CN),,Shekou,,84828000,LINEAR BEARING :- LMF60LUU LINEAR BEARING :- OBF16 (RED COLOR),,36.0,NOS,0.0,666.93,,,
2025-02-19,印度,中国,SGS TRADE IMPEX,LINYI GUANDING IMPORT AND EXPORT CO LTD,"11, NARAYAN DHURU X LANE,  4TH FLOOR, ",,,,,CHINA,,Qingdao,NHAVA SHEVA SEA (INNSA1),84828000,LINEAR MOTION BEARINGS SC 12 L UU LINEAR MOTION BEARINGS SC 12 L UU,,500.0,PCS,0.0,665.4098,DTACQM16K09IF,,
2025-06-19,印度,中国,RELIANCE TOOLS AND BEARING STORES,ZHEJIANG SIQIANG BEARING MANUFACTURE CO LTD,"GRD FLR, 163, MUTTON  STREET, ",,,,,CHINA,,Ningbo,NHAVA SHEVA SEA (INNSA1),84828000,FLANGE LINEAR MOTION BEARING LMK50LUU FLANGE LINEAR MOTION BEARING LMK50LUU,,50.0,PCS,0.0,665.321,G5HEYAG6NAZQ0,,
2025-08-11,印度,中国,KHS INNOVATION & ENGINEERING LLP,ZHEJIANG SIQIANG BEARING MANUFACTUR,"4A, KARIM BUILDING, 1ST FLOOR,142/  144, ABDUL REHMAN STREET ","E CO.,LTD NO.97, XIANXIA ROAD, NAN MING MOUNTAIN STREET LIANDU ZONE, LISHUI CITY, ZHEJIANG CHINA",,,,China (CN),,Shanghai,,84828000,LINEAR MOTION BEARINGS LMK25UU (BRAND - KHS LG) LINEAR MOTION BEARINGS,,500.0,PCS,0.0,665.0,,,
2025-02-14,印度,中国,RELIANCE TOOLS AND BEARING STORES,ZHEJIANG SIQIANG BEARING MANUFACTURE CO LTD,"GRD FLR, 163, MUTTON  STREET, ",,,,,CHINA,,Ningbo,NHAVA SHEVA SEA (INNSA1),84828000,LINEAR BEARING BLOCK SC20UU LINEAR BEARING BLOCK SC20UU,,500.0,PCS,0.0,664.9211,LEHHKMP5GYLNX,,
2025-09-26,印度,中国,AGARWAL INDUSTRIES,CHANGZHOU FOLEVO PRECISION MACHINER,4 Ground Floor HARESH CHAMBER SAMUEL STREET VADGADI,"Y CO., LTD NO. 288, XIAXI WEST ROAD , JIAZE TOWN, WUJIN DISTRICT, CHANG ZHOU CITY, JIANGSU CHINA",,,,China (CN),,Qingdao,,84821090,LINEAR BALL BEARING LMK20 UU LINEAR BALL BEARING,,1000.0,PCS,0.0,664.02,,,
2025-12-13,秘鲁,中国,IMPORTADORA Y DISTRIBUIDORA DE RETENES R,KAIYUAN SHIPPING CO LTD,AV. RAMON CARCAMO NRO. 506,,,,,"CHINA, PEOPLE'S REPUBLIC OF",,NINGBO LISHE INTERNATIONAL APT,,8482100000,"RODAMIENTO LINEAL, KMK, ROD-3449 REPUESTO PARA MAQUINAS QUE REQUIEREN ALTA PRECISION DE POSICIONAMIENTO, REPETIBILIDAD Y RI RODAMIENTOS INDUSTRIALES DE ACERO DONDE RECIRCULAN UNAS PEQUENAS BOLAS DE ACERO QUE PERMIT LINEAR BEARING DE ACERO",,40.0,UNITS,42.38,663.76,,,
2025-11-12,越南,中国,CÔNG TY TNHH DỊCH VỤ THƯƠNG MẠI QUỐC TẾ ĐÌNH MINH,GUANGXI DONGXING YINGDA IMPORT AND EXPORT TRADING CO LTD,"Hai Dong Village, Quang Duc Commune, Quang Ninh Province, Vietnam.","NO.30 DA PO ROAD, DONGXING TOWN, DONGXING CITY GUANGXI, CHINA., CN",,,,China,,,,84821000,"Ổ bi trượt bằng thép, dùng cho máy CNC, kích thước: (56.8x34 x19.5)mm, model: EGH15CA, NSX: GUANGXI DONGXING YINGDA, mới 100%,Steel linear ball bearing, for CNC machines, dimensions: (56.8 x 34 x 19.5) mm, model: EGH15CA, Manufacturer: GUANGXI DONGXING YINGDA, 100% new.",,100.0,Pieces,0.0,663.0,,,
2025-08-25,越南,中国台湾,CÔNG TY TNHH MISUMI VIỆT NAM,MISUMI TAIWAN CORP,"Lot No. 15, Ts11 Road, Tien Son Industrial Park, Hoan Son Commune, Tien Du District, Bac Ninh Province, Vietnam","9F-1, NO.126, SEC.4, NANJING E.RD., TAIPEI,10595, TAIWAN, ",,,,Taiwan,,,,84828000,"Thanh trượt tuyến tính có ổ bi (bằng thép, dài 1960mm), hàng mới 100%, nhãn hiệu: MISUMI, code: C-SX2R28-1960,Linear sliders have ball bearings (steel, long, 1960mm), 100% brand new brand: MISUMI, code: C-SX2R28-1960",,6.0,Pieces,0.0,662.371,,,
2025-03-21,越南,中国,CÔNG TY TNHH YAZAKI HẢI PHÒNG VIỆT NAM,YANTAI UEDA TOOL& FIXTURE CO LTD,"Lot L, Japan Industrial Park - Hai Phong, An Hung Ward, Hong Bang District, Hai Phong City, Vietnam","988 HEBIN ROAD, FUSHAN DISTRICT, YANTAI, CHINA, CN",,,,China,,,,84821000,"C031514#&Vòng bi bằng thép không gỉ, dùng để truyền chuyển động, đường kính ngoài không quá 15 cm, Linear bush. Hàng mới 100%,C031514#&Stainless steel bearings, used for transmitting motion, outer diameter not exceeding 15 cm, Linear bush. 100% new",,301.0,Pieces,0.0,662.2,,,
2025-01-13,印度,中国,AXIS TECHNOLOGIES,ZHEJIANG JINGRUI INTELLIGENT TRANSMISSION CO LTD,"207, ARIHANT TOWER, 2ND FLOOR,83 V. V .CHANDAN STREET, MUMBAI, ",,,,,CHINA,,Ningbo,NHAVA SHEVA SEA (INNSA1),84828000,LINEAR MOTION BEARINGS LMF25LUU LINEAR MOTION BEARINGS LMF25LUU,,300.0,PCS,0.0,661.8476,Y1D7BE3Q2SBOJ,,
2025-08-28,印度,中国,SHREE BALAJI ENTERPRISES,SHANDONG HIKING INTERNATIONAL COMMERCE GROUP CO LT,"NO 330 THAMBU CHETTY STREET,MANNAD  Y ","19/F, XINKAIDA MANSION, NO.33 LONGCHENG ROAD, SHIBEI DISTRICT,QINGDAO, CHINA CN",,,,China (CN),,Qingdao,,84821090,LINEAR MOTION BEARINGS HGH25CA BEARINGS,,300.0,PCS,0.0,661.8,,,
2025-06-19,印度,中国,RHD ENTERPRISE,CIXI HUIBO IMPORT AND EXPORT CO LTD,"D-10, HIRAMANEK BAPTISTA ROAD, VILE PARLE WEST,MUMBAI null",,,,,CHINA,,Ningbo,NHAVA SHEVA SEA (INNSA1),84821090,LINEAR BEARING LMF30LUU LINEAR BEARING LMF30LUU,,250.0,NOS,0.0,660.1184,2H95CF4FI9KXG,,
2025-06-19,越南,中国,CÔNG TY TNHH JADE M - TECH,WUXI J WELL PRECISION MACHINERY CO LTD,"Land Lot No. Tt3-09, Land Block, Lien Mac Ward, Bac Tu Liem District, Hanoi City, Vietnam.","YANGSHI CHUXIN INDUSTRIAL PARK, LUOSHE TOWN, HUISHAN DISTRICT, WUXI CITY, CN",,,,China,,,,84821000,"Con trượt HGH35CA bộ phận của thanh tuyến tính dẫn hướng, bằng thép,có ổ bi,,không hiệu,, phụ tùng máy gia công kim loại. NSX: Wuxi J-Well , mới 100%,HGH35CA linear guide rail part, steel, with ball bearing, no brand, metalworking machine spare part. Manufacturer: Wuxi J-Well, 100% new",,60.0,Pieces,0.0,660.0,,,
2025-01-04,越南,中国,CÔNG TY TNHH YAZAKI HẢI PHÒNG VIỆT NAM,YANTAI UEDA TOOL& FIXTURE CO LTD,"Lot L, Japan Industrial Park - Hai Phong, An Hung Ward, Hong Bang District, Hai Phong City, Vietnam","988 HEBIN ROAD, FUSHAN DISTRICT, YANTAI, CHINA, CN",,,,China,,,,84821000,"C031514#&Vòng bi bằng thép không gỉ, dùng để truyền chuyển động, kích thước các cạnh ngoài không quá 15 cm, LINEAR BUSH. Hàng mới 100%,C031514#&Stainless steel bearings, used for transmitting motion, outer edge size not exceeding 15 cm, LINEAR BUSH. 100% new",,300.0,Pieces,0.0,660.0,,,
2025-08-04,印度,中国,HAWKTECH TRADING AND SERVICE,DONGGUAN DR TRADING LTD,N/A N/A,"ROOM 101, NO. 1, LANE 2, STREET 1, FUYONG NEW VILLAGE, WANGNIUDUN TOWN ,DONGGUAN, GUANGDONG, CHINA",,,,China (CN),,SHENZHEN,,84821090,LINEAR BEARING (PARTS FOR SOLDERING MACHINE) LINEAR BEARING (PARTS FOR SOLDERING AND BRAZING MACHINE),,20.0,NOS,0.0,660.0,,,
2025-03-10,印度,中国,AGARWAL INDUSTRIES,QINGDAO SHIYA IMPORT AND EXPORT CO,4 Ground Floor HARESH CHAMBER SAMUEL STREET VADGADI,,,,,CHINA,,Qingdao,NHAVA SHEVA SEA (INNSA1),84821090,LINEAR BALL BEARING SC12LUU LINEAR BALL BEARING,,500.0,NOS,0.0,659.7709,WR2ROUSHLUCH0,,
2025-09-23,印度,中国,NXV BEARINGS PRIVATE LIMITED,NINGBO HUAYI IMP & EXP CO LTD,77 G B ROAD 2ND FLOOR,"ROOM 12-7/8, HUAHONG INTERNATIONAL CENTER, NO717 ZHONGXING ROAD, JIANG DONG DISTRICT, NINGBO, CHINA CHINA",,,,China (CN),,Qingdao,,84828000,"LM40UU,  LINEAR BEARING,  U/WT.-  0.549  (FOR INDUSTRIAL USE)BEARING",,500.0,NOS,0.0,657.4,,,
2025-07-28,印度,中国,AGARWAL INDUSTRIES,CHANGZHOU FOLEVO PRECISION MACHINER,4 Ground Floor HARESH CHAMBER SAMUEL STREET VADGADI,,,,,CHINA,,Qingdao,NHAVA SHEVA SEA (INNSA1),84821090,LINEAR BALL BEARING LMF20 UU NICKEL LINEAR BALL BEARING,,1000.0,PCS,0.0,657.0252,XX1QCT108N7ET,,
2025-08-02,越南,中国,CÔNG TY TNHH GOERTEK ĐIỆN TỬ VIỆT NAM,NANNING GOERTEK TRADING CO LTD,"Lot A1, Nam Son - Hap Linh Industrial Park, Nam Son Ward, Hap Linh Va Ward, Tan Chi Commune, Bac Ninh Province, Vietnam","F16-17, R&D BLD, HEADQUARTER BASE, OF NANNING-ASEAN AGRICULTURAL, SCIENCE & TECHNOLOGY DLT ENTERPRISE, NO.10 GAOXIN,3RD ROAD, NANNING CITY, CN",,,,China,,,,84828000,"701020075530#&Thanh trượt tuyến tính có ổ bi dùng trong chuyền sản xuất sản phẩm model T2403ME515A01-07V00, hiệu Olyto, kích thước: 12mm*6mm*42mm, mới 100%, 701020075530,701020075530#&amp;linear sliders are ball bearings used in production line products model T2403ME515A01-07V00, brand Olyto, size: 12mm*6mm*42mm, 100% new, 701020075530",,15.0,Pieces,0.0,656.89,,,
2025-03-11,印度,中国,ELECTUS SYSTEMS,LISHUI GREENLEAF AUTOMATIC TECHNOLOGY CO LTD,"G3,Ghawte Tower Dr,Ansari Road seco  ",,,,,CHINA,,Ningbo,NHAVA SHEVA SEA (INNSA1),84828000,LINEAR BEARINGS SC16LUU LINEAR BEARINGS SC16LUU,,300.0,NOS,0.0,656.0231,4MRHJKZ9YIULH,,
2025-03-11,印度,中国,ELECTUS SYSTEMS,LISHUI GREENLEAF AUTOMATIC TECHNOLOGY CO LTD,"G3,Ghawte Tower Dr,Ansari Road seco  ",,,,,CHINA,,Ningbo,NHAVA SHEVA SEA (INNSA1),84828000,LINEAR BEARINGS LMK25LUU LINEAR BEARINGS LMK25LUU,,300.0,NOS,0.0,656.0231,4MRHJKZ9YIULH,,
2025-07-28,印度,中国,AGARWAL INDUSTRIES,CHANGZHOU FOLEVO PRECISION MACHINER,4 Ground Floor HARESH CHAMBER SAMUEL STREET VADGADI,,,,,CHINA,,Qingdao,NHAVA SHEVA SEA (INNSA1),84821090,LINEAR BALL BEARING MGN9 C LINEAR BALL BEARING,,500.0,PCS,0.0,655.6933,XX1QCT108N7ET,,
2025-02-20,印度,中国,SYSCOM AUTOMATION,LISHUI GREENLEAF AUTOMATIC TECHNOLOY CO LTD,"8/24, MUNICIPAL COLONY,PARK SITE, VIKHROLI WEST ,",,,,,CHINA,,Ningbo,NHAVA SHEVA SEA (INNSA1),84828000,LINEAR BEARING SCS 30 LUU (143 KGS) LINEAR BEARING SCS 30 LUU (143 KGS),,100.0,NOS,0.0,653.6475,DTZY6YQ9GVIWO,,
2025-06-11,印度,中国,TECHNOMET ENTERPRISES PUNE,ZHEJIANG JINGJIU BEARINGS INDUSTRIAL CO LTD,"SHOP NO-102,103 & 104 VARAD VINAYAK COMPLEX S.NO-26/1 AT NARHE TAL-HAVELI PUNE",,,,,CHINA,,Shanghai,NHAVA SHEVA SEA (INNSA1),84829900,"HG25-6000L, Linear guide (Bearing Parts) HG25-6000L, Linear guide",,15.0,PCS,0.0,653.2058,EJH3TW211D2ZA,,
2025-12-13,秘鲁,中国,IMPORTADORA Y DISTRIBUIDORA DE RETENES R,KAIYUAN SHIPPING CO LTD,AV. RAMON CARCAMO NRO. 506,,,,,"CHINA, PEOPLE'S REPUBLIC OF",,NINGBO LISHE INTERNATIONAL APT,,8482100000,"RODAMIENTO LINEAL, KMK, ROD-3442 REPUESTO PARA MAQUINAS QUE REQUIEREN ALTA PRECISION DE POSICIONAMIENTO, REPETIBILIDAD Y RI RODAMIENTOS INDUSTRIALES DE ACERO DONDE RECIRCULAN UNAS PEQUENAS BOLAS DE ACERO QUE PERMIT LINEAR BEARING DE ACERO",,100.0,UNITS,41.69,653.0,,,
2025-09-23,印度,中国,NXV BEARINGS PRIVATE LIMITED,NINGBO HUAYI IMP & EXP CO LTD,77 G B ROAD 2ND FLOOR,"ROOM 12-7/8, HUAHONG INTERNATIONAL CENTER, NO717 ZHONGXING ROAD, JIANG DONG DISTRICT, NINGBO, CHINA CHINA",,,,China (CN),,Qingdao,,84828000,"LM80UU,  LINEAR BEARING,  U/WT.-  4.42  (FOR INDUSTRIAL USE) BEARING",,36.0,NOS,0.0,652.97,,,
2025-01-05,印度,中国,SHREE SAI TRADERS,LISHUI CITY JIALIDA BEARING CO LTD,RATTAN SINGH CHOWK FATEHGARH CHURIAN ROAD NEXT TO INDIAN OIL PUMP,,,,,CHINA,,Shanghai,NHAVA SHEVA SEA (INNSA1),84821090,LINEAR BEARING LMES40UU,,100.0,NOS,0.0,652.7388,62LIQWN09ZT9I,,
2025-06-13,墨西哥,中国,PAVISA LUXE SA DE CV,HUBEI CHUDA INTELLIGENT EQUIPMENT CO LTD,"GENERAL AGUSTIN MILLAN CALLE 10 CALLE AVENIDA 16 DE SEPTIEMBRE Y PRIVADA GENERAL AGUSTIN MILLAN CALLE
Naucalpan de Juarez
Mexico
53500","


",,,,CHINA,,,MANZANILLO MANZANILLO COLIMA.,8482109999,COJINETE LINEAL,,4.0,PIECE,2861.0,652.66,,,
2025-03-10,印度,中国,AGARWAL INDUSTRIES,QINGDAO SHIYA IMPORT AND EXPORT CO,4 Ground Floor HARESH CHAMBER SAMUEL STREET VADGADI,,,,,CHINA,,Qingdao,NHAVA SHEVA SEA (INNSA1),84821090,LINEAR BALL BEARING LMF50UU LINEAR BALL BEARING,,101.0,NOS,0.0,651.8822,WR2ROUSHLUCH0,,
2025-06-20,菲律宾,中国台湾,AMKOR TECHNOLOGY PHILIPPINES INC,HON PRECISION INC,"119 NORTH SCIENCE AVENUE LAGUNA TECHNOPARK, SEPZ, BINAN LAGUNA",,,,,TAIWAN,,,,84828000000,3.00 PE LINEAR BEARING,,3.0,Piece,0.6,651.5,882084617430,,
2025-02-14,印度,中国,RELIANCE TOOLS AND BEARING STORES,ZHEJIANG SIQIANG BEARING MANUFACTURE CO LTD,"GRD FLR, 163, MUTTON  STREET, ",,,,,CHINA,,Ningbo,NHAVA SHEVA SEA (INNSA1),84828000,LINEAR BEARING BLOCK SC40UUOP LINEAR BEARING BLOCK SC40UUOP,,100.0,PCS,0.0,651.4149,LEHHKMP5GYLNX,,
2025-11-28,越南,中国,CÔNG TY TNHH CƠ KHÍ VÀ THIẾT BỊ ĐIỆN HẠO QUANG,HONG KONG BEILIDA INDUSTRIAL CO LIMITED,"No. 310 Nguyen Dang Dao Street, Vo Cuong Ward, Bac Ninh Province, Vietnam","ROOM A,9TH FLOOR, YIN GAO INTERNATIONAL BUILDING, 707-713 NATHAN ROAD, MONG KOK,HONG KONG, CHINA, CN",,,,China,,,,84821000,"Bộ thanh trượt hoàn chỉnh (có ổ bi) HGW35CC2R1040ZAC-40/40, KT: 1040mm, chất liệu thép, dùng để dẫn hướng và cố định các bộ phận của máy CNC, nhãn hiệu: KSY. mới 100%,Complete linear guide rail set (with ball bearings) HGW35CC2R1040ZAC-40/40, dimensions: 1040mm, steel material, used for guiding and fixing CNC machine parts, brand: KSY. 100% new.",,2.0,Pieces,0.0,650.32,,,
2025-05-06,越南,中国,CÔNG TY TNHH POWERNICE SMARTECH VIỆT NAM,NINGBO PIONEER IMP &EXP CO LTD,"Lô số CN2-8, Khu công nghiệp Minh Quang-Phường Bạch Sam-Thị xã Mỹ Hào-Hưng Yên","398 BINHAI RD, BINHAI NEW AREA, ECONOMIC DEVELOPMENT ZONE, FENGHUA DISTRICT, NINGBO CITY, ZHEJIANG,CHINA, CN",,,,China,,,,84821000,"Vòng bi cầu rãnh sâu, P/N: MS1301-6201RS-1,chất liệu bằng thép (có nắp nhựa chống bụi), dùng cho thiết bị truyền động tuyến tính, kích thước: phi 12*phi 32*10t. Mới 100%,Deep groove ball bearing, P/N: MS1301-6201RS-1, steel material (with dustproof plastic cover), used for linear actuator, size: phi 12*phi 32*10t. 100% new",,2500.0,Pieces,0.0,650.0,,,
2025-05-14,孟加拉国,中国,NASIR FLOAT GLASS INDUSTRIES LIMITED,SHANGHAI XINJIAN HEAVY MACHINERY CO,,,,,,CN,,,,84825000,TOP ROLLER LINEAR BEARING,,0.0,,26.0,650.0,,,
2025-08-25,越南,中国,CÔNG TY CỔ PHẦN THIẾT BỊ QUỐC TẾ TPT,TIANJIN TEXTILE GROUP IMPORT AND EXPORT INC,"No. 56 Lot N15D, X2A Resettlement Area, Yen So Ward, Hoang Mai District, Hanoi City, Vietnam","3.YUNNAN ROAD, TIANJIN, CHINA, ",,,,China,,,,84821000,"Bi trượt tuyến tính dùng cho máy cắt gạch tự động mã SCS60UU, cao 114 rộng 132 dài 122 mm (đường kính trục 60mm), Nsx:Mckes-china chất liệu bằng thép, mới 100%,Ball bearing slide linear for tile cutting machines, automatic code SCS60UU, high 114 width 132 long 122 mm (shaft diameter 60mm), Nsx:Mckes-china material stainless steel, 100% new",,16.0,Pieces,0.0,649.6,,,
2025-12-04,印度,中国,PANACEA MEDICAL TECHNOLOGIES PRIVATE LIMITED,HEFEI KONLON BEARING CO LTD,"H.NO.1-10-1/27,1ST FLOOR, STREET NO 5,ASHOK NAGAR,HYDERABAD ","NO.28 HEZUOHUA SOUTH ROAD,SHUSHAN D ISTRICT,HEFEI, CHINA SDNF China",,,,China (CN),,SHENZHEN,BANGALORE,84828000,LINEAR MOTION GUIDE / MSR55-R2220L-H / BEARINGS LINEAR MOTION GUIDE / MSR55-R2220L-H / BEARINGS,,4.0,NOS,0.0,649.26,,,
2025-10-02,越南,中国台湾,CÔNG TY TNHH MISUMI VIỆT NAM - CHI NHÁNH THÀNH PHỐ HỒ CHÍ MINH,MISUMI TAIWAN CORP,"Room 901, 9th Floor, Sacom-Chip Sang Building, Lot T2-4, D1 Street, High-Tech Park, Tang Nhon Phu Ward, Ho Chi Minh City","15F., NO.223, SONGJIANG RD., ZHONGSHAN DIST., TAIPEI CITY, TW",,,,Taiwan,,,,84828000,"Thanh trượt tuyến tính có ổ bi, nhãn hiệu MISUMI, mới 100%, code: C-SX2R28-520,Linear sliders have ball bearings, brands MISUMI, 100% new code: C-SX2R28-520",,12.0,Pieces,0.0,649.1201,,,
2025-07-04,越南,中国,CÔNG TY TNHH THIẾT BỊ CƠ ĐIỆN MINH THÀNH,HK TOMUU ACTUATOR TECHNOLOGY CO LIMITED,"Trang Due Residential Group (At Ngan Vu Company Limited), Le Loi Ward, An Duong District, Hai Phong City, Vietnam.","ROOM 1318-19, HOLLYWOOD PLAZA, 610 NATHAN ROAD, MONGKOK, KOWLOON, HONGKONG, CN",,,,China,,,,84821000,"TMA-MNA-U10A00005#& Ổ bi dùng cho hộp số động cơ của bộ truyền động tuyến tính, mới 100%,TMA-MNA-U10A00005#& Ball bearing for motor gearbox of linear actuator, 100% new",,4325.0,Pieces,0.0,648.75,,,
2025-07-04,越南,中国,CÔNG TY TNHH THIẾT BỊ CƠ ĐIỆN MINH THÀNH,HK TOMUU ACTUATOR TECHNOLOGY CO LIMITED,"Trang Due Residential Group (At Ngan Vu Company Limited), Le Loi Ward, An Duong District, Hai Phong City, Vietnam.","ROOM 1318-19, HOLLYWOOD PLAZA, 610 NATHAN ROAD, MONGKOK, KOWLOON, HONGKONG, CN",,,,China,,,,84821000,"TMA-MNA-U13A00043#& Ổ bi dùng cho hộp số động cơ của bộ truyền động tuyến tính, mới 100%,TMA-MNA-U13A00043#& Ball bearing for motor gearbox of linear actuator, 100% new",,4325.0,Pieces,0.0,648.75,,,
2025-06-04,印度,中国,AXIS TECHNOLOGIES,YIBOYUAN LINQING CITY PRECISION MACHINERY CO L,"207, ARIHANT TOWER, 2ND FLOOR,83 V. V .CHANDAN STREET, MUMBAI, ",,,,,CHINA,,Qingdao,NHAVA SHEVA SEA (INNSA1),84828000,LINEAR MOTION BEARINGS LM40UU LINEAR MOTION BEARINGS LM40UU,,500.0,PCS,0.0,648.5833,HQYSN2DXBFGH4,,
2025-08-05,印度,中国,DURGA BEARINGS PRIVATE LIMITED,LUOYANG MONTON BEARING SCIENCE & TECHNOLOGY CO LTD,"39, NEW AVADI ROAD,  KILPAUK, ","NO.119 JIANSHE ROAD,LUOYANG HENAN SDNF CN",,,,China (CN),,LUOYANG,,84828000,BEARINGS-RU85UUCC0P5 BMD LINEAR BUSH SBR12UU,,20.0,PCS,0.0,648.07,,,
2025-04-26,越南,中国香港,CÔNG TY TNHH THIẾT BỊ CƠ ĐIỆN MINH THÀNH,HK TOMUU ACTUATOR TECHNOLOGY CO LIMITED,"Trang Due Residential Group (at Ngan Vu Company Limited), Le Loi Ward, An Duong District, Hai Phong City, Vietnam.","ROOM 1318-19, HOLLYWOOD PLAZA, 610 NATHAN ROAD, MONGKOK, KOWLOON, HONGKONG, HK",,,,China,,,,84821000,"TMA-MNA-U13A00043#& Ổ bi dùng cho hộp số động cơ của bộ truyền động tuyến tính, mới 100%,TMA-MNA-U13A00043#& Ball bearing for motor gearbox of linear actuator, 100% new",,4320.0,Pieces,0.0,648.0,,,
2025-04-11,越南,中国香港,CÔNG TY TNHH THIẾT BỊ CƠ ĐIỆN MINH THÀNH,HK TOMUU ACTUATOR TECHNOLOGY CO LIMITED,"Trang Due Residential Group (at Ngan Vu Company Limited), Le Loi Ward, An Duong District, Hai Phong City, Vietnam.","ROOM 1318-19, HOLLYWOOD PLAZA, 610 NATHAN ROAD, MONGKOK, KOWLOON, HONGKONG, HK",,,,China,,,,84821000,"TMA-MNA-U10A00005#& Ổ bi dùng cho hộp số động cơ của bộ truyền động tuyến tính, mới 100%,TMA-MNA-U10A00005#& Ball bearing for motor gearbox of linear actuator, 100% new",,4320.0,Pieces,0.0,648.0,,,
2025-05-08,越南,中国香港,CÔNG TY TNHH THIẾT BỊ CƠ ĐIỆN MINH THÀNH,HK TOMUU ACTUATOR TECHNOLOGY CO LIMITED,"Tổ dân phốTràngDuệ(tại Công tyTNHH Ngân Vũ),phường Lê Lợi, quận An Dương,TP Hải Phòng, Việt Nam.","ROOM 1318-19, HOLLYWOOD PLAZA, 610 NATHAN ROAD, MONGKOK, KOWLOON, HONGKONG, HK",,,,China,,,,84821000,"TMA-MNA-U10A00005#& Ổ bi dùng cho hộp số động cơ của bộ truyền động tuyến tính, mới 100%,TMA-MNA-U10A00005#& Ball bearing for motor gearbox of linear actuator, 100% new",,4320.0,Pieces,0.0,648.0,,,
2025-07-25,越南,中国,CÔNG TY TNHH THIẾT BỊ CƠ ĐIỆN MINH THÀNH,HK TOMUU ACTUATOR TECHNOLOGY CO LIMITED,"Trang Due Residential Group (At Ngan Vu Company Limited), Le Loi Ward, An Duong District, Hai Phong City, Vietnam.","ROOM 1318-19, HOLLYWOOD PLAZA, 610 NATHAN ROAD, MONGKOK, KOWLOON, HONGKONG, ZZ",,,,China,,,,84821000,"TMA-MNA-U10A00005#& Ổ bi dùng cho hộp số động cơ của bộ truyền động tuyến tính, mới 100%,TMA-MNA-U10A00005#& Ball bearing for motor gearbox of linear actuator, 100% new",,4320.0,Pieces,0.0,648.0,,,
2025-05-08,越南,中国香港,CÔNG TY TNHH THIẾT BỊ CƠ ĐIỆN MINH THÀNH,HK TOMUU ACTUATOR TECHNOLOGY CO LIMITED,"Tổ dân phốTràngDuệ(tại Công tyTNHH Ngân Vũ),phường Lê Lợi, quận An Dương,TP Hải Phòng, Việt Nam.","ROOM 1318-19, HOLLYWOOD PLAZA, 610 NATHAN ROAD, MONGKOK, KOWLOON, HONGKONG, HK",,,,China,,,,84821000,"TMA-MNA-U13A00043#& Ổ bi dùng cho hộp số động cơ của bộ truyền động tuyến tính, mới 100%,TMA-MNA-U13A00043#& Ball bearing for motor gearbox of linear actuator, 100% new",,4320.0,Pieces,0.0,648.0,,,
2025-05-12,越南,中国香港,CÔNG TY TNHH THIẾT BỊ CƠ ĐIỆN MINH THÀNH,HK TOMUU ACTUATOR TECHNOLOGY CO LIMITED,"Tổ dân phốTràngDuệ(tại Công tyTNHH Ngân Vũ),phường Lê Lợi, quận An Dương,TP Hải Phòng, Việt Nam.","ROOM 1318-19, HOLLYWOOD PLAZA, 610 NATHAN ROAD, MONGKOK, KOWLOON, HONGKONG, HK",,,,China,,,,84821000,"TMA-MNA-U10A00005#& Ổ bi dùng cho hộp số động cơ của bộ truyền động tuyến tính, mới 100%,TMA-MNA-U10A00005#& Ball bearing for motor gearbox of linear actuator, 100% new",,4320.0,Pieces,0.0,648.0,,,
2025-05-12,越南,中国香港,CÔNG TY TNHH THIẾT BỊ CƠ ĐIỆN MINH THÀNH,HK TOMUU ACTUATOR TECHNOLOGY CO LIMITED,"Tổ dân phốTràngDuệ(tại Công tyTNHH Ngân Vũ),phường Lê Lợi, quận An Dương,TP Hải Phòng, Việt Nam.","ROOM 1318-19, HOLLYWOOD PLAZA, 610 NATHAN ROAD, MONGKOK, KOWLOON, HONGKONG, HK",,,,China,,,,84821000,"TMA-MNA-U13A00043#& Ổ bi dùng cho hộp số động cơ của bộ truyền động tuyến tính, mới 100%,TMA-MNA-U13A00043#& Ball bearing for motor gearbox of linear actuator, 100% new",,4320.0,Pieces,0.0,648.0,,,
2025-03-06,越南,中国香港,CÔNG TY TNHH THIẾT BỊ CƠ ĐIỆN MINH THÀNH,HK TOMUU ACTUATOR TECHNOLOGY CO LIMITED,"Trang Due Village (at Ngan Vu Limited Liability Company), Le Loi Commune, An Duong District, Hai Phong, Vietnam","ROOM 1318-19, HOLLYWOOD PLAZA, 610 NATHAN ROAD, MONGKOK, KOWLOON, HONGKONG, HK",,,,China,,,,84821000,"TM14#& Ổ bi dùng cho hộp số động cơ của bộ truyền động tuyến tính, mới 100%,TM14#& Ball bearing for motor gearbox of linear actuator, 100% new",,4320.0,Pieces,0.0,648.0,,,
2025-07-16,越南,中国,CÔNG TY TNHH THIẾT BỊ CƠ ĐIỆN MINH THÀNH,HK TOMUU ACTUATOR TECHNOLOGY CO LIMITED,"Trang Due Residential Group (At Ngan Vu Company Limited), Le Loi Ward, An Duong District, Hai Phong City, Vietnam.","ROOM 1318-19, HOLLYWOOD PLAZA, 610 NATHAN ROAD, MONGKOK, KOWLOON, HONGKONG, CN",,,,China,,,,84821000,"TMA-MNA-U10A00005#& Ổ bi dùng cho hộp số động cơ của bộ truyền động tuyến tính, mới 100%,TMA-MNA-U10A00005#& Ball bearing for motor gearbox of linear actuator, 100% new",,4320.0,Pieces,0.0,648.0,,,
2025-07-25,越南,中国,CÔNG TY TNHH THIẾT BỊ CƠ ĐIỆN MINH THÀNH,HK TOMUU ACTUATOR TECHNOLOGY CO LIMITED,"Trang Due Residential Group (At Ngan Vu Company Limited), Le Loi Ward, An Duong District, Hai Phong City, Vietnam.","ROOM 1318-19, HOLLYWOOD PLAZA, 610 NATHAN ROAD, MONGKOK, KOWLOON, HONGKONG, ZZ",,,,China,,,,84821000,"TMA-MNA-U13A00043#& Ổ bi dùng cho hộp số động cơ của bộ truyền động tuyến tính, mới 100%,TMA-MNA-U13A00043#& Ball bearing for motor gearbox of linear actuator, 100% new",,4320.0,Pieces,0.0,648.0,,,
2025-04-26,越南,中国香港,CÔNG TY TNHH THIẾT BỊ CƠ ĐIỆN MINH THÀNH,HK TOMUU ACTUATOR TECHNOLOGY CO LIMITED,"Trang Due Residential Group (at Ngan Vu Company Limited), Le Loi Ward, An Duong District, Hai Phong City, Vietnam.","ROOM 1318-19, HOLLYWOOD PLAZA, 610 NATHAN ROAD, MONGKOK, KOWLOON, HONGKONG, HK",,,,China,,,,84821000,"TMA-MNA-U10A00005#& Ổ bi dùng cho hộp số động cơ của bộ truyền động tuyến tính, mới 100%,TMA-MNA-U10A00005#& Ball bearing for motor gearbox of linear actuator, 100% new",,4320.0,Pieces,0.0,648.0,,,
2025-03-06,越南,中国香港,CÔNG TY TNHH THIẾT BỊ CƠ ĐIỆN MINH THÀNH,HK TOMUU ACTUATOR TECHNOLOGY CO LIMITED,"Trang Due Village (at Ngan Vu Limited Liability Company), Le Loi Commune, An Duong District, Hai Phong, Vietnam","ROOM 1318-19, HOLLYWOOD PLAZA, 610 NATHAN ROAD, MONGKOK, KOWLOON, HONGKONG, HK",,,,China,,,,84821000,"TM14#& Ổ bi dùng cho hộp số động cơ của bộ truyền động tuyến tính, mới 100%,TM14#& Ball bearing for motor gearbox of linear actuator, 100% new",,4320.0,Pieces,0.0,648.0,,,
2025-04-11,越南,中国香港,CÔNG TY TNHH THIẾT BỊ CƠ ĐIỆN MINH THÀNH,HK TOMUU ACTUATOR TECHNOLOGY CO LIMITED,"Trang Due Residential Group (at Ngan Vu Company Limited), Le Loi Ward, An Duong District, Hai Phong City, Vietnam.","ROOM 1318-19, HOLLYWOOD PLAZA, 610 NATHAN ROAD, MONGKOK, KOWLOON, HONGKONG, HK",,,,China,,,,84821000,"TMA-MNA-U13A00043#& Ổ bi dùng cho hộp số động cơ của bộ truyền động tuyến tính, mới 100%,TMA-MNA-U13A00043#& Ball bearing for motor gearbox of linear actuator, 100% new",,4320.0,Pieces,0.0,648.0,,,
2025-07-16,越南,中国,CÔNG TY TNHH THIẾT BỊ CƠ ĐIỆN MINH THÀNH,HK TOMUU ACTUATOR TECHNOLOGY CO LIMITED,"Trang Due Residential Group (At Ngan Vu Company Limited), Le Loi Ward, An Duong District, Hai Phong City, Vietnam.","ROOM 1318-19, HOLLYWOOD PLAZA, 610 NATHAN ROAD, MONGKOK, KOWLOON, HONGKONG, CN",,,,China,,,,84821000,"TMA-MNA-U13A00043#& Ổ bi dùng cho hộp số động cơ của bộ truyền động tuyến tính, mới 100%,TMA-MNA-U13A00043#& Ball bearing for motor gearbox of linear actuator, 100% new",,4320.0,Pieces,0.0,648.0,,,
2025-04-15,印度,中国,KHS INNOVATION & ENGINEERING LLP,ZHEJIANG SIQIANG BEARING MANUFACTUR,"4A, KARIM BUILDING, 1ST FLOOR,142/  144, ABDUL REHMAN STREET ",,,,,CHINA,,Shanghai,NHAVA SHEVA SEA (INNSA1),84828000,LINEAR MOTION BEARINGS LM12UU (BRAND - KHS LG) LINEAR MOTION BEARINGS,,2000.0,PCS,0.0,647.6849,GZ6HW5WC9YCWX,,
2025-03-17,坦桑尼亚,中国台湾,WATERCOM T LIMITED,JON WAI MACHINERY WORKS CO LTD,,,,,,"Taiwan, Province of China","Tanzania, United Republic of",,,848299000000,LINEAR BALL BEARING,,3.0,KGM,3.0,646.3133,6280228345,,
2025-04-25,印度,中国,BHAVI IMPEX,AMLAND GLOBE HK ENTERPRISE LTD,"108,SHUBH SANDESH, 16,  HANSRAJ LANE, BYCULLA, ",,,,,CHINA,,Ningbo,NHAVA SHEVA SEA (INNSA1),84828000,"LINEAR BEARING BRAND:9KBC, ITEM NO.LMF25LUU LINEAR BEARING",,200.0,NOS,0.0,646.1891,LFU4IYNTHODV1,,
2025-07-28,印度,中国,AGARWAL INDUSTRIES,CHANGZHOU FOLEVO PRECISION MACHINER,4 Ground Floor HARESH CHAMBER SAMUEL STREET VADGADI,,,,,CHINA,,Qingdao,NHAVA SHEVA SEA (INNSA1),84821090,LINEAR BALL BEARING LMK16 UU NICKEL LINEAR BALL BEARING,,1000.0,PCS,0.0,645.4481,XX1QCT108N7ET,,
2025-07-28,印度,中国,AGARWAL INDUSTRIES,CHANGZHOU FOLEVO PRECISION MACHINER,4 Ground Floor HARESH CHAMBER SAMUEL STREET VADGADI,,,,,CHINA,,Qingdao,NHAVA SHEVA SEA (INNSA1),84821090,LINEAR BALL BEARING KH3050 PP LINEAR BALL BEARING,,700.0,PCS,0.0,645.4481,XX1QCT108N7ET,,
2025-08-30,越南,中国,CÔNG TY TNHH CÔNG NGHỆ THÔNG MINH GOERTEK VINA,NANNING GOERTEK TRADING CO LTD,"Lot A1, Nam Son - Hap Linh Industrial Park, Nam Son Ward, Hap Linh Va Ward, Tan Chi Commune, Bac Ninh Province, Vietnam","F16-17, R&D BLD, HEADQUARTER BASE, OF NANNING-ASEAN AGRICULTURAL, SCIENCE & TECHNOLOGY DLT ENTERPRISE, NO.10 GAOXIN,3RD ROAD, NANNING CITY, ",,,,Viet Nam,,,,84828000,"701020030912#&Thanh trượt tuyến tính có ổ bi (bằng thép, dài 45mm, nhãn hiệu: MISUMI) SSEBL10-45, mới 100%, 701020030912,701020030912#&amp;linear sliders have ball bearings (steel, length 45mm, brand: MISUMI) SSEBL10-45, 100% new, 701020030912",,40.0,Pieces,0.0,644.97,,,
2025-11-05,印度,中国,AXIS TECHNOLOGIES,YIBOYUAN LINQING CITY PRECISION MACHINERY CO L,"207, ARIHANT TOWER, 2ND FLOOR,83 V. V .CHANDAN STREET, MUMBAI, ","TD INDUSTRIAL PARK, BACHALU TOWN LI NQING CITY, LIAOCHENG CITY, SHANDON G PROVINCE LIAOCHENG, Shandong, CHI CHINA",,,,China (CN),,Qingdao,NHAVA SHEVA SEA (INNSA1),84828000,LINEAR MOTION BEARINGS LMES20UU LINEAR BUSHINGS LMES20UU,,300.0,NOS,0.0,644.96,,,
2025-11-24,印度,中国,RHD ENTERPRISE,CIXI HUIBO IMPORT AND EXPORT CO LTD,"D-10, HIRAMANEK BAPTISTA ROAD, VILE PARLE WEST,MUMBAI null","ROOM 305 BUILDING NO.1 FENGZEWAN,ZH OUXIANG TOWN,CIXI CITY,ZHEJIANG,CHI NA CHINA",,,,China (CN),,Ningbo,NHAVA SHEVA SEA (INNSA1),84821090,LINEAR BEARING SBR16UU LINEAR BEARING SBR16UU,,500.0,PCS,0.0,644.65,,,
2025-11-06,越南,中国,CÔNG TY TNHH SHUNHONGFA VIỆT NAM,HUAI'AN BOJIN ELECTRONICS CO LTD,"No. Cl7-36, Him Lam Urban Area, Vo Cuong Ward, Bac Ninh Province, Vietnam","ROOM E03, BUILDING E NO. 43 YINGBIN, AVENUE, HUAI'AN ECONOMIC AND, TECHNOLOGICAL DEVELOPMENT ZONE, JIANGSU, CHINA, CN",,,,China,,,,84821000,"Con trượt tuyến tính (có bi bên trong), dùng để dẫn hướng các chi tiết máy, model: HGH15CA2R400ZACE20, chất liệu bằng thép, kích thước 400*34*28mm, hàng mới 100%,Linear slide bearing (with internal ball bearings), used for guiding machine parts, model: HGH15CA2R400ZACE20, made of steel, dimensions 400*34*28mm, 100% brand new.",,26.0,Pieces,0.0,644.02,,,
2025-07-28,印度,中国,AGARWAL INDUSTRIES,CHANGZHOU FOLEVO PRECISION MACHINER,4 Ground Floor HARESH CHAMBER SAMUEL STREET VADGADI,,,,,CHINA,,Qingdao,NHAVA SHEVA SEA (INNSA1),84821090,LINEAR BALL BEARING MGN12C LINEAR BALL BEARING,,400.0,PCS,0.0,643.3991,XX1QCT108N7ET,,
2025-04-03,肯尼亚,中国台湾,ASSOCIATED BATTERY MANUFACTURES EAST AFRICA LIMITED,KAE LII MACHINE MFG CO LTD,,,,,,Taiwan (Province of China),Kenya,,,8482800000,KAELII; 8 PCS OF MYA3068 LINEAR SLIDE BEARINGS; KAELII; KAELII; 8; 8; 2025; 1; 1,,8.0,UNT,0.0,643.0072,,,
2025-04-17,印度,中国,AXIS TECHNOLOGIES,ZHEJIANG JINGRUI INTELLIGENT TRANSMISSION CO LTD,"207, ARIHANT TOWER, 2ND FLOOR,83 V. V .CHANDAN STREET, MUMBAI, ",,,,,CHINA,,Ningbo,NHAVA SHEVA SEA (INNSA1),84828000,LINEAR MOTION BEARINGS SC16LUUOP LINEAR MOTION BEARINGS SC16LUUOP,,300.0,PCS,0.0,642.7526,A8ZMM89N2QT3T,,
2025-07-10,印度,中国,VHP LINEAR MOTIONS,NINGBO LIMON ROBOTECH INTERNATIONAL TRADING CO LTD,N/A N/A,,,,,CHINA,,Ningbo,AHEMDABAD ICD (INSBI6),84821090,LINEAR BEARING LMFC 25UU LINEAR BEARING LMFC 25UU,,80.0,NOS,0.0,641.9351,IV1JAPHFOXDVD,,
2025-02-20,印度,中国香港,BHAVI IMPEX,AMLAND GLOBE HK ENTERPRISE LTD,"108,SHUBH SANDESH, 16,  HANSRAJ LANE, BYCULLA, ",,,,,HONG KONG,,Ningbo,NHAVA SHEVA SEA (INNSA1),84828000,"LINEAR BEARING BRAND:HL ,ITEM NO.LMK12LUU LINEAR BEARING",,100.0,NOS,0.0,641.0284,U6066D9M8DSTU,,
2025-04-18,印度,中国,NXV BEARINGS PRIVATE LIMITED,NINGBO HUAYI IMP & EXP CO LTD,77 G B ROAD 2ND FLOOR,,,,,CHINA,,Qingdao,CMA CGM LOGISTICS PARK ICD (INCPL6),84828000,"LM 40 UU,  LINEAR MOTION BEARING,  U/WT.-  0.55  (FOR INDUSTRIAL USE)BEARING",,510.0,NOS,0.0,640.9058,E26EMX78SXYEK,,
2025-05-30,印度,中国,AMAFHH SONS,ZHEJIANG SIQIANG BEARING MANUFACTURE CO LTD,"2ND FLOOR, 71 NAGDEVI CROSS LANE,,  N/A",,,,,CHINA,,Ningbo,NHAVA SHEVA SEA (INNSA1),84828000,LINEAR MOTION BEARINGS LMK16LUU LINEAR MOTION BEARINGS LMK16LUU,,500.0,PCS,0.0,640.8965,0LAHS2H9JC2RX,,
2025-11-01,越南,中国,CÔNG TY TNHH JINYA VIỆT NAM,TIANJIN JINYA ELECTRONICS CO LTD,"No. T2-20, Belhomes Project, VSIP Urban Area, Tu Son Ward, Bac Ninh Province, Vietnam","NO.95, NANHAI ROAD, TEDA TIANJIN, CHINA 300457, CN",,,,China,,,,84828000,"Thanh trượt tuyến tính, có ổ bi, bằng thép không gỉ, dẫn hướng và hỗ trợ cho chuyển động tuyến tính của các bộ phận cơ khí, kích thước: 10*5*30mm , model: LM15C2R210C0CM , hàng mới 100%,Linear slide rail, with ball bearings, made of stainless steel, guides and supports the linear movement of mechanical parts, dimensions: 10*5*30mm, model: LM15C2R210C0CM, 100% brand new.",,16.0,Pieces,0.0,640.8,,,
2025-07-09,印度,中国,KHS INNOVATION & ENGINEERING LLP,ZHEJIANG SIQIANG BEARING MANUFACTUR,"4A, KARIM BUILDING, 1ST FLOOR,142/  144, ABDUL REHMAN STREET ",,,,,CHINA,,Shanghai,NHAVA SHEVA SEA (INNSA1),84828000,LINEAR MOTION BEARINGS LMF20LUU KHS-LG LINEAR BEARINGS,,400.0,PCS,0.0,640.666,ZZJGP1M2HQBY3,,
2025-07-28,印度,中国,AGARWAL INDUSTRIES,CHANGZHOU FOLEVO PRECISION MACHINER,4 Ground Floor HARESH CHAMBER SAMUEL STREET VADGADI,,,,,CHINA,,Qingdao,NHAVA SHEVA SEA (INNSA1),84821090,LINEAR BALL BEARING LMF30 UU NICKEL LINEAR BALL BEARING,,500.0,PCS,0.0,640.3255,XX1QCT108N7ET,,
2025-07-28,印度,中国,AGARWAL INDUSTRIES,CHANGZHOU FOLEVO PRECISION MACHINER,4 Ground Floor HARESH CHAMBER SAMUEL STREET VADGADI,,,,,CHINA,,Qingdao,NHAVA SHEVA SEA (INNSA1),84821090,LINEAR BALL BEARING LMK30 UU NICKEL LINEAR BALL BEARING,,500.0,PCS,0.0,640.3255,XX1QCT108N7ET,,
2025-02-14,印度,中国,FIVE FINGERS EXPORTS INDIA PRIVATE LIMITED,HEBEI JINPINGDA TECHNOLOGY CO LTD,"448, VELLALORE ROAD SINGANALLUR",,,,,CHINA,,Guangzhou Pt,Chennai  ,84821090,LINEAR RAIL & LINEAR BLOCK BALL BEARING,,60.0,NOS,0.0,640.0125,OZQHPZOAKA1C7,,
2025-08-11,印度,中国,KHS INNOVATION & ENGINEERING LLP,ZHEJIANG SIQIANG BEARING MANUFACTUR,"4A, KARIM BUILDING, 1ST FLOOR,142/  144, ABDUL REHMAN STREET ","E CO.,LTD NO.97, XIANXIA ROAD, NAN MING MOUNTAIN STREET LIANDU ZONE, LISHUI CITY, ZHEJIANG CHINA",,,,China (CN),,Shanghai,,84828000,LINEAR MOTION BEARINGS LME12UU (BRAND - KHS LG) LINEAR MOTION BEARINGS,,2000.0,PCS,0.0,640.0,,,
2025-09-17,越南,中国台湾,CÔNG TY TNHH JADE M - TECH,CHUN LOUNG CO LTD,"Land Lot No. Tt3-09, Land Jam, Thuong Cat Ward, Hanoi City, Vietnam","NO.1, LANE 333,MINYI ST, FUAN VILLAGE SIOUSHUEI  TOWNSHIP, CHANGHUA COUNTY 50444, TW",,,,Japan,,,,84821000,"Thanh tuyến tính dẫn hướng SHS30R2SS+520L, gồm thanh trượt  dài 520mm và con trượt có ổ bi,phụ tùng máy gia công kim loại. NSX: THK, mới 100%,Rod linear guide SHS30R2SS+520L, including sliders long 520mm and the slide has ball bearings,machine parts metal machining. MANUFACTURER: THK, new 100%",,2.0,Set,0.0,640.0,,,
2025-04-15,印度,中国,KHS INNOVATION & ENGINEERING LLP,ZHEJIANG SIQIANG BEARING MANUFACTUR,"4A, KARIM BUILDING, 1ST FLOOR,142/  144, ABDUL REHMAN STREET ",,,,,CHINA,,Shanghai,NHAVA SHEVA SEA (INNSA1),84828000,LINEAR MOTION BEARINGS LM40UU (BRAND - KHS LG) LINEAR MOTION BEARINGS,,340.0,PCS,0.0,639.9936,GZ6HW5WC9YCWX,,
2025-02-14,印度,中国,RELIANCE TOOLS AND BEARING STORES,ZHEJIANG SIQIANG BEARING MANUFACTURE CO LTD,"GRD FLR, 163, MUTTON  STREET, ",,,,,CHINA,,Ningbo,NHAVA SHEVA SEA (INNSA1),84828000,FLANGE LINEAR MOTION BEARING LMK16UU FLANGE LINEAR MOTION BEARING LMK16UU,,700.0,PCS,0.0,639.9445,LEHHKMP5GYLNX,,
2025-08-11,印度,中国,KHS INNOVATION & ENGINEERING LLP,ZHEJIANG SIQIANG BEARING MANUFACTUR,"4A, KARIM BUILDING, 1ST FLOOR,142/  144, ABDUL REHMAN STREET ","E CO.,LTD NO.97, XIANXIA ROAD, NAN MING MOUNTAIN STREET LIANDU ZONE, LISHUI CITY, ZHEJIANG CHINA",,,,China (CN),,Shanghai,,84828000,LINEAR MOTION BEARINGS LMK8UU (BRAND - KHS LG) LINEAR MOTION BEARINGS,,1120.0,PCS,0.0,638.4,,,
2025-11-12,印度,中国,BOMAG INDIA PRIVATE LIMITED,BOMAG CHANGZHOU CONSTRUCTION MACHINERY CO LTD,"1206 LODHA SUPREMUS SENAPATI B ROA  D,LOWER PAREL WEST MUMBAI 13 ","NO.66 BOPA ROAD, XUEJIA TOWN, XINBE I DISTRICT CHANGZHOU CHINA SDNF China",,,,China (CN),,Shanghai,NHAVA SHEVA SEA (INNSA1),84821090,5164001 Linear ball bearing (PRODUCTION PARTS FOR ROAD ROLLERS)5164001 Linear ball bearing (PRODUCTION PARTS FOR ROAD ROLLE,,40.0,NOS,0.0,638.31,,,
2025-09-26,印度,中国,AGARWAL INDUSTRIES,CHANGZHOU FOLEVO PRECISION MACHINER,4 Ground Floor HARESH CHAMBER SAMUEL STREET VADGADI,"Y CO., LTD NO. 288, XIAXI WEST ROAD , JIAZE TOWN, WUJIN DISTRICT, CHANG ZHOU CITY, JIANGSU CHINA",,,,China (CN),,Qingdao,,84821090,LINEAR BLOCK BALL BEARING HGW35 CC LINEAR BLOCK BEARING,,100.0,PCS,0.0,637.83,,,
2025-03-08,印度,中国,SANGHVI AUTOMATION,LISHUI GREENLEAF AUTOMATIC TECHNOLOGY CO LTD,"GALA NO. F/106 TOP CLASS ENCLAVE, FIRST FLOOR BHOIDAPADA NAKA, SATIVALI ROAD, VASAI EAST",,,,,CHINA,,Ningbo,NHAVA SHEVA SEA (INNSA1),84828000,LINEAR BEARING SC 20 LUU LINEAR BEARING SC 20 LUU,,300.0,NOS,0.0,637.0357,C5QXKO170YH8B,,
2025-04-25,越南,中国,CÔNG TY TNHH MERRY & LUXSHARE VIỆT NAM,GUANGXI CHONGZUO GONGTOU INDUSTRIAL LOGISTICS CO LTD,"NO. 6, DAN CHU STREET, VSIP NGHE AN INDUSTRIAL PARK, HUNG TAY COMMUNE, HUNG NGUYEN DISTRICT, NGHE AN PROVINCE, VIETNAM","ROOM 307, 3RD FLOOR, ENTERPRISE, SERVICE CENTER, ENTERPRISE, HEADQUARTERS BASE, JIANGZHOU, DISTRICT, CHONGZUO CITY",,,,China,,,,84821000,".#&Vòng bi (ổ bi) tuyến tính LMF01-D12, chất liệu thép không gỉ, giúp dẫn hướng trong hệ thống đưa chuyển, mới 100%,.#&Linear bearing LMF01-D12, stainless steel material, helps guide in the conveying system, 100% new",,260.0,Pieces,0.0,637.0,,,
2025-08-05,印度,中国,DURGA BEARINGS PRIVATE LIMITED,LUOYANG MONTON BEARING SCIENCE & TECHNOLOGY CO LTD,"39, NEW AVADI ROAD,  KILPAUK, ","NO.119 JIANSHE ROAD,LUOYANG HENAN SDNF CN",,,,China (CN),,LUOYANG,,84828000,BEARINGS-RBH11020UUC0P5 BMD LINEAR BUSH SBR12UU,,10.0,PCS,0.0,636.89,,,
2025-05-18,印度,中国,AGARWAL INDUSTRIES,CHANGZHOU FOLEVO PRECISION MACHINER,4 Ground Floor HARESH CHAMBER SAMUEL STREET VADGADI,,,,,CHINA,,Qingdao,NHAVA SHEVA SEA (INNSA1),84821090,LINEAR BLOCK BEARING HGW20CC LINEAR BLOCK BEARING,,300.0,NOS,0.0,636.2625,7I38VF3QR2DUN,,
2025-07-15,越南,中国,CÔNG TY TNHH GIẢI PHÁP Ô TÔ,SHANDONG SAIR MECHANICAL GUIDE CO LTD,"6/12 Street No. 3, Lu Gia Residential Area, Phu Tho Ward, Ho Chi Minh City","WESTERN PART OF LINZHAI, INDUSTRIAL PARK, RENHE ZONE, GAOTANG COUNTY, SHANDONG PROVINCE, CHINA, CN",,,,China,,,,84821000,"Vòng bi tuyến tính LMF30LUU. Ko nhãn hiệu. NSX: SHANDONG SAIR MECHANICAL GUIDE CO., LTD. Hàng mới 100%,Linear bearing LMF30LUU. No brand. Manufacturer: SHANDONG SAIR MECHANICAL GUIDE CO., LTD. 100% new",,240.0,Pieces,0.0,636.0,,,
2025-08-07,越南,中国香港,CÔNG TY TNHH CÔNG NGHỆ VÀ THƯƠNG MẠI HÀ SƠN,NIHON ENGINEERING LTD,"No. 1, Alley 172 Thai Thinh Street, Trung Liet Ward, Dong Da District, Hanoi City, Vietnam","ROOM 2103, FUTURA PLAZA, 111 HOW MING STREET, KWUN TONG, HONGKONG, HK",,,,Japan,,,,84821000,"Vòng bi tuyến tính LMK40L bằng thép, phi 60mm x dài 80mm x dày 20mm,  dùng cho máy kiểm tra phanh, hiệu THK, hàng mới 100%,Linear bearings LMK40L steel, non-60mm x 80mm x 20mm thick, used for air brake test brand THK, 100% brand new",,4.0,Pieces,0.0,636.0,,,
2025-12-04,印度,中国,KNOWELL INTERNATIONAL PRIVATE LIMITED,RHB PRECISION MACHINERY CO LTD,"20, NETAJI SUBHAS ROAD,  N/A","NO. 20-6, 37 BAIZHANG EAST ROAD, YI NZHOU, NINGBO P.R. CHINA ., , CHINA SDNF CHINA",,,,China (CN),,Shanghai,Kolkata,84828000,LINEAR MOTION GLIDING BEARINGS NO - KH 4060PP (BRAND - KHK) LINEAR MOTION GLIDING BEARINGS NO - KH 4060PP (BRAND - KHK),,150.0,PCS,0.0,635.89,,,
2025-10-25,印度,中国,RHD ENTERPRISE,CIXI HUIBO IMPORT AND EXPORT CO LTD,,"ROOM 305 BUILDING NO.1 FENGZEWAN,ZH OUXIANG TOWN,CIXI SDNF CHINA",,,,China (CN),,Ningbo,NHAVA SHEVA SEA (INNSA1),84821090,LINEAR BLOCK BEARING HGH45CA LINEAR BLOCK BEARING HGH45CA,,50.0,PCS,0.0,635.52,,,
2025-09-24,印度,中国,AMAFHH SONS,ZHEJIANG WELL BEARING INDUSTRIAL CO LTD,"2ND FLOOR, 71 NAGDEVI CROSS LANE,,  N/A","NO.18, XIANXIA ROAD,NANMINGSHAN STR EET, LIANDU DISTRICT LISHUI CITY, Z HEJIANG, CHINA CHINA",,,,China (CN),,Shanghai,,84828000,LINEAR MOTION BEARINGS LMK40UU LINEAR MOTION BEARINGS LMK40UU,,200.0,NOS,0.0,635.4,,,
2025-02-16,印度,中国,KHS INNOVATION & ENGINEERING LLP,ZHEJIANG SIQIANG BEARING MANUFACTURE CO LTDA,"4A, KARIM BUILDING, 1ST FLOOR,142/  144, ABDUL REHMAN STREET ",,,,,CHINA,,Shanghai,NHAVA SHEVA SEA (INNSA1),84828000,LINEAR BEARING-LM 25 UU NIPPON LINEAR BEARING-LM 25 UU NIPPON,,800.0,NOS,0.0,633.8155,U5NWSLS36YLHN,,
2025-06-04,印度,中国,AXIS TECHNOLOGIES,YIBOYUAN LINQING CITY PRECISION MACHINERY CO L,"207, ARIHANT TOWER, 2ND FLOOR,83 V. V .CHANDAN STREET, MUMBAI, ",,,,,CHINA,,Qingdao,NHAVA SHEVA SEA (INNSA1),84828000,LINEAR MOTION BEARINGS SC16UUOP LINEAR MOTION BEARINGS SC16UUOP,,600.0,PCS,0.0,632.3687,HQYSN2DXBFGH4,,
2025-08-05,印度,中国,CIU BEARING CO,TIANJIN TEXTILE GROUP IMPORT AND EXPORT INC,"502, SATGURU SUPREME, WALJI LADHA ROAD, MULUND WEST,","3YUNNAN ROAD, TIANJIN, CHINA Tianji n, , CHINA SDNF CHINA",,,,China (CN),,Qingdao,,84828000,LINEAR MOTION BEARINGS SC 12L UU LINEAR MOTION BEARINGS SC 12L UU,,500.0,PCS,0.0,632.0,,,
2025-10-09,越南,中国,CÔNG TY TNHH GOERTEK ĐIỆN TỬ VIỆT NAM,NANNING GOERTEK TRADING CO LTD,"Lot A1, Nam Son - Hap Linh Industrial Park, Nam Son Ward, Hap Linh Va Ward, Tan Chi Commune, Bac Ninh Province, Vietnam","F16-17, R&D BLD, HEADQUARTER BASE, OF NANNING-ASEAN AGRICULTURAL, SCIENCE & TECHNOLOGY DLT ENTERPRISE, NO.10 GAOXIN,3RD ROAD, NANNING CITY, CN",,,,China,,,,84828000,"7010200310484#&Thanh trượt tuyến tính có ổ bi, dùng trong chuyền sản xuất, kích thước: 40mm*20mm*10mm, chất liệu: Thép không gỉ, mới 100%, 7010200310484,7010200310484#&amp;linear sliders are ball bearings used in production line, size: 40mm*20mm*10mm, material: stainless Steel, 100% new, 7010200310484",,50.0,Pieces,0.0,630.43,,,
2025-10-16,印度,中国,MISUMI INDIA PRIVATE LIMITED,MISUMI CHINA PRECISION MACHINERY,,"TRADING CO LTD NO.1058, DILING RD, FENGXIAN DIST, SHANGHAI, CHINA, ZIP CD201402 CHINA",,,,China (CN),,SHANGHAI - PU DONG,SAHAR AIR CARGO ACC (INBOM4),84821090,E-LBH20DMUU-LINEAR BALL BEARING - (STANDARD COMPONENTS FOR PRESS DIE AND PLASTIC MOULDS).,,114.0,NOS,0.0,630.02,,,
2025-03-25,越南,中国,CÔNG TY TNHH CÔNG NGHIỆP KTL,NINGBO MIKATE TRANSMISSION TECHNOLOGY CO LTD,"25/A85 NA12 Street, Viet Sing Residential Area, T.15, Binh Giao Quarter, Thuan Giao Ward, Thuan An City, Binh Duong Province","NO.9 SHANGSHAO EAST AREA, ZHUANGQIAO STREET, JIANGBEI DISTRICT, NINGBO CHINA, CN",,,,China,,,,84828000,"Bạc đạn bằng thép-linear bearing, hiệu MYT, model LMK20LUU, kích thước dr20*D32*L80mm, hàng mới 100%,Steel linear bearing, MYT brand, model LMK20LUU, size dr20*D32*L80mm, 100% new",,168.0,Pieces,0.0,630.0,,,
2025-06-30,印度,中国,MAHAVIR SALES CORPORATION,YIWU ZHITONG E COMMERCE FIRM,"128,NARAYAN DHURU STREET,MICRO  HOUSE,4TH FL ",,,,,CHINA,,Ningbo,NHAVA SHEVA SEA (INNSA1),84828000,LINEAR MOTION BEARINGS LM40 UU OP LINEAR MOTION BEARINGS LM40 UU OP,,300.0,PCS,0.0,629.8356,T7FO7SFY9XVX3,,
2025-01-13,印度,中国,AXIS TECHNOLOGIES,ZHEJIANG JINGRUI INTELLIGENT TRANSMISSION CO LTD,"207, ARIHANT TOWER, 2ND FLOOR,83 V. V .CHANDAN STREET, MUMBAI, ",,,,,CHINA,,Ningbo,NHAVA SHEVA SEA (INNSA1),84828000,LINEAR MOTION BEARINGS LM30UU LINEAR MOTION BEARINGS LM30UU,,784.0,PCS,0.0,629.6804,Y1D7BE3Q2SBOJ,,
2025-09-01,巴基斯坦,中国,NESTLE PAKISTAN LIMITED,GUANGZHOU TECH LONG PACKAGING MACHINERY CO LTD,"Packages Mall, Shahrah-e-Roomi, PO Amer Sidhu, Lahore",23 YUNPU 1 ROAD YUNPIU INDUSTRIAL ZONE 510530 GUANGZHOU CHINA,,,,China,,GUANGZHOU,LPAF,84828000,Flange bearing  Bearing 7005AC  Linear bearing,,34.0,u,50000.0,629.0873,78481191110,,
2025-04-03,越南,中国台湾,CÔNG TY TNHH JADE M - TECH,CHUN LOUNG CO LTD,"Land plot number TT3-09, Land Stuck Area, Lien Mac Ward, Bac Tu Liem District, Hanoi City, Vietnam","NO.1, LANE 333,MINYI ST, FUAN VILLAGE SIOUSHUEI  TOWNSHIP, CHANGHUA COUNTY 50444, TAIWAN, TW",,,,Taiwan,,,,84821000,"Con trượt HRC55FL S V1N, bộ phận của thanh tuyến tính dẫn hướng, bằng thép,có ổ bii,phụ tùng máy gia công kim loại.Nhãn hiệu:CPC,NSX: Chieftek Precision Co. Ltd. mới 100%,HRC55FL S V1N linear guide rail, steel, with ball bearing, metalworking machine spare part. Brand: CPC, Manufacturer: Chieftek Precision Co. Ltd. 100% new",,8.0,Pieces,0.0,628.8,,,
2025-10-09,越南,中国,CÔNG TY TNHH JADE M - TECH,WUXI J WELL IMPORT AND EXPORT TRADING CO LTD,"Land Lot No. Tt3-09, Land Jam, Thuong Cat Ward, Hanoi City, Vietnam","YANGSHI CHUXIN INDUSTRIAL PARK, LUOSHE TOWN, HUISHAN DISTRICT, WUXI CITY, CN",,,,China,,,,84821000,"Con trượt HGW35CC bộ phận của thanh tuyến tính dẫn hướng, bằng thép,không hiệu,có ổ bi, phụ tùng máy gia công kim loại. NSX: Wuxi J-Well , mới 100%,Slider HGW35CC parts of the linear guide, stainless steel,non-performance,there are ball bearings, machine parts metal machining. MANUFACTURER: Wuxi J-Well , 100% new",,50.0,Pieces,0.0,628.5,,,
2025-06-19,越南,中国,CÔNG TY TNHH JADE M - TECH,WUXI J WELL PRECISION MACHINERY CO LTD,"Land Lot No. Tt3-09, Land Block, Lien Mac Ward, Bac Tu Liem District, Hanoi City, Vietnam.","YANGSHI CHUXIN INDUSTRIAL PARK, LUOSHE TOWN, HUISHAN DISTRICT, WUXI CITY, CN",,,,China,,,,84821000,"Con trượt HGW35CC bộ phận của thanh tuyến tính dẫn hướng, bằng thép,có ổ bi,,không hiệu,, phụ tùng máy gia công kim loại. NSX: Wuxi J-Well , mới 100%,HGW35CC linear guide rail part, steel, with ball bearing, no brand, metalworking machine spare parts. Manufacturer: Wuxi J-Well, 100% new",,50.0,Pieces,0.0,628.5,,,
2025-06-19,越南,中国,CÔNG TY TNHH JADE M - TECH,WUXI J WELL PRECISION MACHINERY CO LTD,"Land Lot No. Tt3-09, Land Block, Lien Mac Ward, Bac Tu Liem District, Hanoi City, Vietnam.","YANGSHI CHUXIN INDUSTRIAL PARK, LUOSHE TOWN, HUISHAN DISTRICT, WUXI CITY, CN",,,,China,,,,84821000,"Con trượt EGH15CA bộ phận của thanh tuyến tính dẫn hướng, bằng thép,có ổ bi,không hiệu, phụ tùng máy gia công kim loại. NSX: Wuxi J-Well, mới 100%,EGH15CA linear guide rail part, steel, with ball bearing, no brand, metalworking machine spare part. Manufacturer: Wuxi J-Well, 100% new",,200.0,Pieces,0.0,628.0,,,
2025-05-16,印度,中国,RAGHAV BEARING ENTERPRISES,CHANGZHOU FOLEVO PRECISION,"Shop No 63, First Floor, GB Road Contact No: 918743097367",,,,,CHINA,,Shanghai,ICD PATPARGANJ,84828000,LINEAR BEARING (LM16UU) LINEAR BEARING (LM16UU),,2000.0,PCS,0.0,625.8289,584U8APG3SBC1,,
2025-09-27,印度,中国,KHS INNOVATION & ENGINEERING LLP,ZHEJIANG SIQIANG BEARING MANUFACTUR,"4A, KARIM BUILDING, 1ST FLOOR,142/  144, ABDUL REHMAN STREET ","E CO.,LTD NO.97,XIANXIA ROAD. NANMING MOUNTAIN STREET. LIANDU ZONE.LISHUI CITY.ZHEJIANG CHINA",,,,China (CN),,Shanghai,,84824000,FLANGE LINEAR BEARING LMK20UU-SS KHS-LG FLANGE LINEAR BEARING,,50.0,PCS,0.0,625.0,,,
2025-11-12,越南,中国,CÔNG TY TNHH DỊCH VỤ THƯƠNG MẠI QUỐC TẾ ĐÌNH MINH,GUANGXI DONGXING YINGDA IMPORT AND EXPORT TRADING CO LTD,"Hai Dong Village, Quang Duc Commune, Quang Ninh Province, Vietnam.","NO.30 DA PO ROAD, DONGXING TOWN, DONGXING CITY GUANGXI, CHINA., CN",,,,China,,,,84821000,"Ổ bi trượt bằng thép, dùng cho máy CNC, kích thước: (61.4x34x23.7)mm, model: HGH15CA, NSX: GUANGXI DONGXING YINGDA, mới 100%,Steel linear ball bearing, for CNC machines, dimensions: (61.4x34x23.7)mm, model: HGH15CA, Manufacturer: GUANGXI DONGXING YINGDA, 100% new.",,100.0,Pieces,0.0,625.0,,,
2025-11-05,印度,中国,AXIS TECHNOLOGIES,YIBOYUAN LINQING CITY PRECISION MACHINERY CO L,"207, ARIHANT TOWER, 2ND FLOOR,83 V. V .CHANDAN STREET, MUMBAI, ","TD INDUSTRIAL PARK, BACHALU TOWN LI NQING CITY, LIAOCHENG CITY, SHANDON G PROVINCE LIAOCHENG, Shandong, CHI CHINA",,,,China (CN),,Qingdao,NHAVA SHEVA SEA (INNSA1),84828000,LINEAR MOTION BEARINGS LMK25UU LINEAR MOTION BEARINGS LMK25UU,,700.0,NOS,0.0,624.68,,,
2025-03-25,越南,中国,CÔNG TY TNHH CÔNG NGHIỆP KTL,NINGBO MIKATE TRANSMISSION TECHNOLOGY CO LTD,"25/A85 NA12 Street, Viet Sing Residential Area, T.15, Binh Giao Quarter, Thuan Giao Ward, Thuan An City, Binh Duong Province","NO.9 SHANGSHAO EAST AREA, ZHUANGQIAO STREET, JIANGBEI DISTRICT, NINGBO CHINA, CN",,,,China,,,,84828000,"Bạc đạn bằng thép-linear bearing, hiệu MYT, model LM25GA, kích thước dr25*D40*L59mm, hàng mới 100%,Steel linear bearing, MYT brand, model LM25GA, size dr25*D40*L59mm, 100% new",,192.0,Pieces,0.0,624.0,,,
2025-03-03,越南,中国台湾,CÔNG TY TNHH POU SUNG VIỆT NAM,THE LOOK MACAO COMMERCIAL OFFSHORE COMPANY LIMITED,"Bau Xeo Industrial Zone, 61 Village, Trang Bom District, Dong Nai Province, Vietnam","UNIT 1703-1704 17/F., AIA, TOWER,NOS. 251A-301 AVENIDA, COMERCIAL DE MACAU, MACAU, TW",,,,Taiwan,,,,84821000,"Bạc đạn máy dập lỗ giày (ổ bi) (đã kiểm tại mục 30 TK 105201083262/A12 ngày 04/01/2023)/Linear Guideway BRH-45BL, ABBA,Shoe hole punching machine bearing (ball bearing) (inspected in item 30 TK 105201083262/A12 on January 4, 2023)/Linear Guideway BRH-45BL, ABBA",,4.0,Pieces,0.0,623.1862,,,
2025-09-17,印度,中国,OSR INTERNATIONAL,SHANGHAI NEO STAR MACHINERY &TECHNOLOGY CO LTD,"72 GROUND FLOOR, G.B ROAD S. N MARG Contact No: 919810818275","Room 422, No.399,Jianyun Road, Pudo ng District Shanghai 201318 SDNF CHINA",,,,China (CN),,Qingdao,,84821090,Linear Motion Bearing SC50LUU Linear Motion Bearing SC50LUU,,24.0,NOS,0.0,622.55,,,
2025-01-13,印度,中国,AXIS TECHNOLOGIES,ZHEJIANG JINGRUI INTELLIGENT TRANSMISSION CO LTD,"207, ARIHANT TOWER, 2ND FLOOR,83 V. V .CHANDAN STREET, MUMBAI, ",,,,,CHINA,,Ningbo,NHAVA SHEVA SEA (INNSA1),84828000,LINEAR MOTION BEARINGS LM60UU LINEAR MOTION BEARINGS LM60UU,,102.0,PCS,0.0,622.1978,Y1D7BE3Q2SBOJ,,
2025-02-16,印度,中国,KHS INNOVATION & ENGINEERING LLP,ZHEJIANG SIQIANG BEARING MANUFACTURE CO LTDA,"4A, KARIM BUILDING, 1ST FLOOR,142/  144, ABDUL REHMAN STREET ",,,,,CHINA,,Shanghai,NHAVA SHEVA SEA (INNSA1),84828000,LINEAR BEARING-LME 16UU KHS-LG LINEAR BEARING-LME 16UU KHS-LG,,1500.0,NOS,0.0,620.8121,U5NWSLS36YLHN,,
2025-06-14,印度,中国,AMBICA IMPEX,ZHEJIANG OUYI BEARING MANUFACTURE CO LTD,N/A N/A,,,,,CHINA,,Ningbo,Mundra,84821090,Linear bearing Block (HGW35 CA) Linear bearing Block (HGW35 CA),,100.0,NOS,0.0,620.789,PJ9ED6VE2I3PA,,
2025-05-07,印度,中国,KHS INNOVATION & ENGINEERING LLP,ZHEJIANG SIQIANG BEARING MANUFACTUR,"4A, KARIM BUILDING, 1ST FLOOR,142/  144, ABDUL REHMAN STREET ",,,,,CHINA,,Shanghai,NHAVA SHEVA SEA (INNSA1),84828000,LINEAR MOTION BEARINGS LMK50LUU (BRAND - KHS LG) LINEAR MOTION BEARINGS,,50.0,PCS,0.0,620.534,Q8MNXZXFQ41NW,,
2025-05-29,越南,中国,CÔNG TY TNHH HƯNG THỊNH VƯỢNG VIỆT NAM,GUANGXI LIANGXUN IMPORT AND EXPORT TRADE CO LTD,"Khu Sơn, Phường Khắc Niệm, Thành phố Bắc Ninh, Bắc Ninh, Việt Nam","ROOM410.4/F,OFFICE COMPLEX BUILDING, FORMAL FREIGHT YARD DONGXING PORT, ERQIAO COMPREHENSIVE SERVICE AREA, DONGXING CITY GUANGXI,CHINA, CN",,,,China,,,,84821000,"Vòng bi tuyến tính LM8UU, kích thước đường kính trong 8mm, đường kính ngoài 15mm, chiều dày 24mm, chất liệu bằng thép, dùng để lắp vào máy in 3D, nhãn hiệu BOLANTE, hàng mới 100%,Linear bearing LM8UU, inner diameter 8mm, outer diameter 15mm, thickness 24mm, steel material, used for 3D printer, BOLANTE brand, 100% new",,2000.0,Pieces,0.0,620.0,,,
2025-07-14,越南,中国,CÔNG TY TNHH HƯNG THỊNH VƯỢNG VIỆT NAM,GUANGXI LIANGXUN IMPORT AND EXPORT TRADE CO LTD,"Khu Son, Hap Linh Ward, Bac Ninh Province, Vietnam","ROOM410.4/F,OFFICE COMPLEX BUILDING, FORMAL FREIGHT YARD DONGXING PORT, ERQIAO COMPREHENSIVE SERVICE AREA, DONGXINGTOWN,DONGXING CITY,GUANGXI, CN",,,,China,,,,84821000,"Vòng bi tuyến tính LM8UU, kích thước đường kính trong 8mm, đường kính ngoài 15mm, chiều dày 24mm, chất liệu bằng thép không gỉ, dùng để lắp vào máy in 3D, nhãn hiệu Bolante, hàng mới 100%,Linear bearing LM8UU, inner diameter 8mm, outer diameter 15mm, thickness 24mm, stainless steel material, used for 3D printer, Bolante brand, 100% new",,2000.0,Pieces,0.0,620.0,,,
2025-09-27,印度,中国,KHS INNOVATION & ENGINEERING LLP,ZHEJIANG SIQIANG BEARING MANUFACTUR,"4A, KARIM BUILDING, 1ST FLOOR,142/  144, ABDUL REHMAN STREET ","E CO.,LTD NO.97,XIANXIA ROAD. NANMING MOUNTAIN STREET. LIANDU ZONE.LISHUI CITY.ZHEJIANG CHINA",,,,China (CN),,Shanghai,,84824000,FLANGE LINEAR BEARING NC LMK16LUU KHS-LG FLANGE LINEAR BEARING,,400.0,PCS,0.0,620.0,,,
2025-02-24,越南,中国,CÔNG TY TNHH XNK CAO LỘC PHÁT,DONGXING CITY XING LONG TRADE LIMITED,"No. 298, Mac Dinh Chi Street, Ninh Duong Ward, Mong Cai City, Quang Ninh Province, Vietnam","NO.26, LANE 3, DONGXING TOWN, JIANG NA STREET, DONGXING CITY, GUANGXI, CHINA, CN",,,,China,,,,84821000,"Ổ bi trượt bằng thép, dùng để dẫn hướng tuyến tính cho máy cắt gỗ CNC, model SCS25UU, đường kính trong 25mm, dày 13mm, NSX: Suzhou Shunhe Shengda Automation Technolgy Co., Ltd, mới 100%,Steel slide bearing, used for linear guidance for CNC wood cutting machine, model SCS25UU, inner diameter 25mm, thickness 13mm, Manufacturer: Suzhou Shunhe Shengda Automation Technolgy Co., Ltd, 100% new",,200.0,Pieces,0.0,620.0,,,
2025-09-10,越南,中国,CÔNG TY TNHH HƯNG THỊNH VƯỢNG VIỆT NAM,GUANGXI LIANGXUN IMPORT AND EXPORT TRADE CO LTD,"Khu Son, Hap Linh Ward, Bac Ninh Province, Vietnam","NO. 3, 6TH LANE, HEZHOU ROAD, DONGXING TOWN, DONGXING CITY GUANGXI, CN",,,,China,,,,84821000,"Vòng bi tuyến tính LM8UU, kích thước đường kính trong 8mm, đường kính ngoài 15mm, chiều dày 24mm, chất liệu bằng thép không gỉ, dùng để lắp vào máy in 3D, nhãn hiệu Bolante, hàng mới 100%,Linear bearings LM8UU, size, inner diameter 8mm, outer diameter 15mm, thickness 24mm, material stainless steel, used for assembly into a 3D printer, brand Bolante, 100% brand new",,2000.0,Pieces,0.0,620.0,,,
2025-10-22,印度,中国,OMKAR GLOBAL TECHNOLOGIES,ZHEJIANG WELL BEARING INDUSTRIAL CO LTD,,"NO.18 Xianxia Road,Nanmingshan Stre et, ,Liandu district,Lishui City,Zh ejiang  Province, China CHINA",,,,China (CN),,Ningbo,TUGHLAKABAD,84828000,"SC20LUU, LINEAR BEARING  (FOR INDUSTRIAL USE) BEARING",,200.0,NOS,0.0,619.25,,,
2025-04-25,印度,中国,BHAVI IMPEX,AMLAND GLOBE HK ENTERPRISE LTD,"108,SHUBH SANDESH, 16,  HANSRAJ LANE, BYCULLA, ",,,,,CHINA,,Ningbo,NHAVA SHEVA SEA (INNSA1),84828000,"LINEAR BEARING BRAND:9KBC, ITEM NO.LMF50UU LINEAR BEARING",,50.0,NOS,0.0,618.4231,LFU4IYNTHODV1,,
2025-06-05,印度,中国,CIU BEARING CO,TIANJIN TEXTILE GROUP IMPORT AND EXPORT INC,"502, SATGURU SUPREME, WALJI LADHA ROAD, MULUND WEST,",,,,,CHINA,,Qingdao,NHAVA SHEVA SEA (INNSA1),84828000,LINEAR MOTION BEARINGS LM 40 UU LINEAR MOTION BEARINGS LM 40 UU,,500.0,PCS,0.0,618.3968,VLJ87V9GLSD5C,,
2025-12-04,印度,中国,KNOWELL INTERNATIONAL PRIVATE LIMITED,RHB PRECISION MACHINERY CO LTD,"20, NETAJI SUBHAS ROAD,  N/A","NO. 20-6, 37 BAIZHANG EAST ROAD, YI NZHOU, NINGBO P.R. CHINA ., , CHINA SDNF CHINA",,,,China (CN),,Shanghai,Kolkata,84828000,LINEAR MOTION GLIDING BEARINGS NO - LB 20UU (BRAND - KHK) LINEAR MOTION GLIDING BEARINGS NO - LB 20UU (BRAND - KHK),,600.0,PCS,0.0,617.72,,,
2025-04-08,越南,中国,CÔNG TY TNHH MISUMI VIỆT NAM,MISUMI CHINA PRECISION MACHINERY TRADING CO LTD,"Lot 15, TS11 Road, Tien Son Industrial Park, Hoan Son Commune. Tien Du District, Bac Ninh","NO.1058 DILING RD, FENGXIAN DIST, SHANGHAI, CHINA, CN",,,,China,,,,84828000,"Thanh trượt tuyến tính có ổ bi (bằng thép, dài 900mm), hàng mới 100%, nhãn hiệu: MISUMI, code: E-GMLG12-900,Linear slide with ball bearing (steel, length 900mm), 100% new, brand: MISUMI, code: E-GMLG12-900",,40.0,Pieces,0.0,617.5344,,,
2025-03-10,印度,中国,AGARWAL INDUSTRIES,QINGDAO SHIYA IMPORT AND EXPORT CO,4 Ground Floor HARESH CHAMBER SAMUEL STREET VADGADI,,,,,CHINA,,Qingdao,NHAVA SHEVA SEA (INNSA1),84821090,LINEAR BALL BEARING SK25 LINEAR BALL BEARING,,1000.0,NOS,0.0,616.7416,WR2ROUSHLUCH0,,
2025-05-30,印度,中国,AMAFHH SONS,ZHEJIANG SIQIANG BEARING MANUFACTURE CO LTD,"2ND FLOOR, 71 NAGDEVI CROSS LANE,,  N/A",,,,,CHINA,,Ningbo,NHAVA SHEVA SEA (INNSA1),84828000,LINEAR MOTION BEARING LMF40UU LINEAR MOTION BEARING LMF40UU,,200.0,PCS,0.0,616.5587,0LAHS2H9JC2RX,,
2025-10-06,越南,中国,CÔNG TY TNHH JINYA VIỆT NAM,BEIJING FOXSLIDE AUTOMATION TECHNOLOGY CO LTD,"No. T2-20, Belhomes Project, Vsip Urban Area, Tu Son Ward, Bac Ninh Province, Vietnam","ROOM 1367, 13 FLOOR, NO. 2 BUILDING, YARD 38, KECHUANG 5TH STREET, BDA, BEIJING, CHINA, CN",,,,China,,,,84821000,"Bộ thanh trượt tuyến tính có ổ bi, model: 9-1-50, bằng thép hợp kim, dùng để hỗ trợ, dẫn hướng chuyển động thẳng (tuyến tính) của các bộ phận tủ điện (PLC, rơle...) KT:20*10*50mm, J015099104. Mới 100%,The linear sliders have ball bearings, model: 9-1-50, alloy steel, used to support, guide linear motion (linear) of the parts electrical cabinet (PLC, relay...) KT:20*10*50mm, J015099104. New 100%",,56.0,Pieces,0.0,616.0,,,
2025-02-18,印度,中国,MAHAVIR SALES CORPORATION,YIWU ZHITONG E COMMERCE FIRM,"128,NARAYAN DHURU STREET,MICRO  HOUSE,4TH FL ",,,,,CHINA,,Ningbo,NHAVA SHEVA SEA (INNSA1),84828000,LINEAR MOTION BEARINGS KH1630 PP LINEAR MOTION BEARINGS KH1630 PP,,1000.0,PCS,0.0,615.7914,S6ZUX3V42JKLS,,
2025-12-04,印度,中国,CIU BEARING CO,TIANJIN TEXTILE GROUP IMPORT AND EXPORT INC,"502, SATGURU SUPREME, WALJI LADHA ROAD, MULUND WEST,","3YUNNAN ROAD, TIANJIN, CHINA Tianji n, , CHINA SDNF CHINA",,,,China (CN),,Qingdao,NHAVA SHEVA SEA (INNSA1),84828000,LINEAR MOTION BEARINGS SC12LUU LINEAR MOTION BEARINGS SC12LUU,,500.0,NOS,0.0,615.0,,,
2025-02-19,印度,中国,SGS TRADE IMPEX,LINYI GUANDING IMPORT AND EXPORT CO LTD,"11, NARAYAN DHURU X LANE,  4TH FLOOR, ",,,,,CHINA,,Qingdao,NHAVA SHEVA SEA (INNSA1),84828000,LINEAR MOTION BEARINGS LMK 20 L UU LINEAR MOTION BEARINGS LMK 20 L UU,,500.0,PCS,0.0,614.6151,DTACQM16K09IF,,
2025-08-08,印度,中国,FLURO ENGINEERING PRIVATE LIMITED,HIWIN TECHNOLOGIES CORP,"A/3, DEVASHISH, NITYANAND COLONY  AMRUT NAGAR,GHATKOPAR WEST, ","No. 7, Jingke Road, Precision Machi nery Park, Taichung 40852, Taiwan SDNF Taiwan, Province of China",,,,"Taiwan,China (TW)",,TAIPEI,,84821011,HIWIN LINEAR BEARING CRBA 300 25 WW C8 P5(B2500XE-01)(F00XE1)(AD007EM1 Stock-08/0807/2025/SYNTHESIS)HIWIN LINEAR BEARING CRBA 300 25 WW C8 P5(B2500XE-01)(F00XE1,,1.0,NOS,0.0,614.22,,,
2025-04-22,印度,中国,INDO MIM LIMITED,DONGGUAN YHD SUPPLY CHAINMANAGEMENT CO LTD,"213/(539/A), STREET.NO.7, LANE.NO.2 HIMAYAT NAGAR, ",,,,,CHINA,,Shanghai,BANGALORE ACC (INBLR4),84828000,"GUIDE LINEAR BEARING WITH FLANGE,LML21-D16,132PCS(JIGS & FIXTURES PARTS)GUIDE LINEAR BEARING WITH FLANGE,LML21-D16,132PCS(JIGS & FIX",,132.0,NOS,0.0,613.7102,3HOAQU12VCMAF,,
2025-04-04,菲律宾,中国香港,JEA STEEL INDUSTRIES INC,LMS INTERNATIONAL LIMITED,"3RD AND 4TH FLR DN COMMONWEALTH 533 COMMONWEALTH AVE. MATANDANG BALARA, QUEZON CITY",,,,,CHINA,,,,84828000000,10 PCS LINEAR ROLL BEARING H25VN PR101000036 PO01071 (SPARE PARTS FOR SLITTING MACHINES AND TUBULAR MACHINES) PART OF 1 PKG IN ITEM 2,,10.0,PIECE,5.6,613.5,GZMNN25008893,,
2025-10-08,越南,中国台湾,CÔNG TY TNHH MISUMI VIỆT NAM - CHI NHÁNH THÀNH PHỐ HỒ CHÍ MINH,MISUMI TAIWAN CORP,"Room 901, 9th Floor, Sacom-Chip Sang Building, Lot T2-4, D1 Street, High-Tech Park, Tang Nhon Phu Ward, Ho Chi Minh City","15F., NO.223, SONGJIANG RD., ZHONGSHAN DIST., TAIPEI CITY,104472, TAIWAN., TW",,,,Taiwan,,,,84828000,"Thanh trượt tuyến tính có ổ bi, nhãn hiệu MISUMI, mới 100%, code: C-SX2R24-880,Linear sliders have ball bearings, brands MISUMI, 100% new code: C-SX2R24-880",,10.0,Pieces,0.0,612.0673,,,
2025-06-28,印度,中国,MUNDRA SOLAR PV LIMITED,WUXI AUTOWELL SUPPLY CHAIN,"ADANI HOUSE, NR. MITHAKHALI SIX RD, NAVRANGPURA, ",,,,,CHINA,,Nanjing,AHEMDABAD AIR ACC (INAMD4),84828000,LINEAR BEARING F2D-2HTL-L300  (PARTS FOR  ATW  STRINGER MACHINE / AS PER INVOICE)PARTS FOR  ATW  STRINGER MACHINE,,2.0,NOS,0.0,612.0424,QC0Q9ZUOIID8G,,
2025-03-02,印度,中国,KNOWELL INTERNATIONAL PRIVATE LIMITED,RHB PRECISION MACHINERY CO LTD,"20, NETAJI SUBHAS ROAD,  N/A",,,,,CHINA,,Shanghai,Kolkata,84828000,LINEAR MOTION GLIDING BEARINGS NO - LB30UU (BRAND - KHK) LINEAR MOTION GLIDING BEARINGS NO - LB30UU (BRAND - KHK),,300.0,PCS,0.0,611.7321,JRTAQCEL963R7,,
2025-11-07,印度,中国,AGARWAL INDUSTRIES,CHANGZHOU FOLEVO PRECISION MACHINER,4 Ground Floor HARESH CHAMBER SAMUEL STREET VADGADI,"Y CO., LTD NO. 288, XIAXI WEST ROAD , JIAZE TOWN, WUJIN DISTRICT, CHANG ZHOU CITY, JIANGSU CHINA",,,,China (CN),,Qingdao,NHAVA SHEVA SEA (INNSA1),84821090,LINEAR BALL BEARING SBR25 UU With Clips LINEAR BALL BEARING,,300.0,PCS,0.0,611.59,,,
2025-04-17,印度,中国,AXIS TECHNOLOGIES,ZHEJIANG JINGRUI INTELLIGENT TRANSMISSION CO LTD,"207, ARIHANT TOWER, 2ND FLOOR,83 V. V .CHANDAN STREET, MUMBAI, ",,,,,CHINA,,Ningbo,NHAVA SHEVA SEA (INNSA1),84828000,LINEAR MOTION BEARINGS LMH25UU LINEAR MOTION BEARINGS LMH25UU,,483.0,PCS,0.0,611.0435,A8ZMM89N2QT3T,,
2025-06-19,印度,中国,RELIANCE TOOLS AND BEARING STORES,ZHEJIANG SIQIANG BEARING MANUFACTURE CO LTD,"GRD FLR, 163, MUTTON  STREET, ",,,,,CHINA,,Ningbo,NHAVA SHEVA SEA (INNSA1),84828000,LINEAR MOTION BEARINGS LM60UU LINEAR MOTION BEARINGS LM60UU,,100.0,PCS,0.0,610.5062,G5HEYAG6NAZQ0,,
2025-02-20,印度,中国香港,BHAVI IMPEX,AMLAND GLOBE HK ENTERPRISE LTD,"108,SHUBH SANDESH, 16,  HANSRAJ LANE, BYCULLA, ",,,,,HONG KONG,,Ningbo,NHAVA SHEVA SEA (INNSA1),84828000,"LINEAR BEARING BRAND:HL ,ITEM NO.KBF30UU LINEAR BEARING",,100.0,NOS,0.0,609.5357,U6066D9M8DSTU,,
2025-10-16,印度,中国,CIU BEARING CO,TIANJIN TEXTILE GROUP IMPORT AND EXPORT INC,,"3YUNNAN ROAD, TIANJIN, CHINA Tianji n, , CHINA SDNF CHINA",,,,China (CN),,Qingdao,NHAVA SHEVA SEA (INNSA1),84828000,LINEAR MOTION BEARINGS LM 40 UU LINEAR MOTION BEARINGS LM 40 UU,,500.0,NOS,0.0,609.47,,,
2025-11-06,印度,中国,RNS BEARINGS,SHANDONG YKK BEARING MANUFACTURING,"3rd FLOOR, 306, Menek Bhavan Premises Co-op.Soc.Ltd 137,Narayan Dhuru Street , Mumbai","CO., LTD. ROOM 1029,AREA A, 10TH FL OOR,BLOCK A,JINAN WEST INNOVATION P ARK,NO2687 CHANGQING,DIST,JINAN,SHA CHINA",,,,China (CN),,SHANGHAI - PU DONG,SAHAR AIR CARGO ACC (INBOM4),84821090,LINEAR BEARING (AS PER INV & PACKLIST UNIT WEIGHT /PER PCS.7.2 KGS)LINEAR BEARING,,3.0,NOS,0.0,608.75,,,
2025-01-22,印度,中国,AXIS TECHNOLOGIES,YIBOYUAN LINQING CITY PRECISION MACHINERY CO L,"207, ARIHANT TOWER, 2ND FLOOR,83 V. V .CHANDAN STREET, MUMBAI, ",,,,,CHINA,,Qingdao,NHAVA SHEVA SEA (INNSA1),84828000,LINEAR MOTION BEARINGS SC35UUOP LINEAR MOTION BEARINGS SC35UUOP,,150.0,PCS,0.0,608.2198,C0W3RR1INJTTB,,
2025-04-01,印度,中国,AXIS TECHNOLOGIES,ZHEJIANG JINGRUI INTELLIGENT TRANSMISSION CO LTD,"207, ARIHANT TOWER, 2ND FLOOR,83 V. V .CHANDAN STREET, MUMBAI, ",,,,,CHINA,,Ningbo,NHAVA SHEVA SEA (INNSA1),84828000,LINEAR MOTION BEARINGS SC50UU LINEAR MOTION BEARINGS SC50UU,,52.0,PCS,0.0,608.1844,VOOLSCS6OAR5X,,
2025-12-04,印度,中国,KNOWELL INTERNATIONAL PRIVATE LIMITED,RHB PRECISION MACHINERY CO LTD,"20, NETAJI SUBHAS ROAD,  N/A","NO. 20-6, 37 BAIZHANG EAST ROAD, YI NZHOU, NINGBO P.R. CHINA ., , CHINA SDNF CHINA",,,,China (CN),,Shanghai,Kolkata,84828000,LINEAR MOTION GLIDING BEARINGS NO - GEBK 18 (BRAND - KHK) LINEAR MOTION GLIDING BEARINGS NO - GEBK 18 (BRAND - KHK),,200.0,PCS,0.0,607.63,,,
2025-07-05,印度,中国,KHS INNOVATION & ENGINEERING LLP,LISHUIJINZHENGBEARINGMANUFACTURE,"4A, KARIM BUILDING, 1ST FLOOR,142/  144, ABDUL REHMAN STREET ",,,,,CHINA,,Shanghai,NHAVA SHEVA SEA (INNSA1),84828000,LINEAR MOTION BEARINGS LMF25UU KHS-LG LINEAR BEARINGS,,474.0,PCS,0.0,607.3513,4A2G810XZMKMT,,
2025-11-20,越南,中国,CÔNG TY CỔ PHẦN ĐẦU TƯ VÀ PHÁT TRIỂN HOÀNG MINH,GROOT SHANDONG SUPPLY CHAIN TECHNOLOGY CO LTD,"Van Diem Village, Phu Xuyen Commune, Hanoi City, Vietnam","5012, 3RD FLOOR, BUILDING, MENGSHAN FOURTH ROAD, YIHE NEW AREA, COMPREHENSIVE BONDED ZONE, LINYI CITY, SHANDONG PROVINCE,CHINA",,,,China,,,,84821000,"Con trượt bằng thép,  nhãn hiệu TBAI,  dùng cho lắp ráp máy, mô tơ, động cơ. Mã hàng  EGH20CA ( Steel Cages) , kích thước 69.1*42*22mm. Hàng mới 100%. NSX: GROOT (SHANDONG) SUPPLY CHAIN TECHNOLOGY C,Steel linear bearings, TBAI brand, used for assembling machines, motors, and engines. Item code EGH20CA (Steel Cages), dimensions 69.1*42*22mm. 100% brand new. Manufacturer: GROOT (SHANDONG) SUPPLY CHAIN TECHNOLOGY C",,300.0,Pieces,0.0,606.3,,,
2025-01-22,印度,中国,AXIS TECHNOLOGIES,YIBOYUAN LINQING CITY PRECISION MACHINERY CO L,"207, ARIHANT TOWER, 2ND FLOOR,83 V. V .CHANDAN STREET, MUMBAI, ",,,,,CHINA,,Qingdao,NHAVA SHEVA SEA (INNSA1),84828000,LINEAR MOTION BEARINGS KH1228PP LINEAR MOTION BEARINGS KH1228PP,,1000.0,PCS,0.0,606.172,C0W3RR1INJTTB,,
2025-03-27,越南,中国,CÔNG TY TNHH INNOREV VIỆT NAM,DONGGUAN YHD SUPPLY CHAIN MANAGEMENT CO LTD,"FACTORY C3, LOT CN4-1, YEN PHONG II-C INDUSTRIAL PARK, TAM GIANG COMMUNE, YEN PHONG DISTRICT, BAC NINH PROVINCE","RM 1001,BLDG 3,#33,TAOYUAN 2ND ROAD, CUNWEI,HENGLI TOWN,DONGGUAN CITY, GUANGDONG PROVINCE, CHINA",,,,China,,,,84821000,"Vòng bi mặt bích trượt tuyến tính LMK22-d12 bằng thép(phụ kiện lắp ráp thiết bị kiểm tra), đường kính trong 12mm, , Mới 100%,LMK22-d12 Linear Slide Flange Bearing Steel (Testing Equipment Assembly Accessories), Inner Diameter 12mm, , 100% New",,56.0,Pieces,0.0,605.92,,,
2025-05-12,菲律宾,中国香港,PHILIPPINE BATTERIES INC,MANNA TRADING LIMITED,"STA. MARIA INDUSTRIAL PARK-SEZ, BO. BULAC, STA. MARIA, BULACANSTA MARIA 3022PHILIPPINES",,,,,CHINA,,,,84821000000,LINEAR BEARING 6EA,,6.0,UNKNOWN,2.59,605.74,881104848835,,
2025-05-19,印度,中国,KNOWELL INTERNATIONAL PRIVATE LIMITED,RHB PRECISION MACHINERY CO LTD,"20, NETAJI SUBHAS ROAD,  N/A",,,,,CHINA,,Shanghai,Kolkata,84828000,LINEAR MOTION GLIDING BEARINGS NO - LBK 25UU (BRAND - KHK) LINEAR MOTION GLIDING BEARINGS NO - LBK 25UU (BRAND - KHK),,150.0,PCS,0.0,605.54,CLGU5X3HV91YC,,
2025-10-01,越南,中国香港,CÔNG TY TNHH GOERTEK ĐIỆN TỬ VIỆT NAM,HONGKONG SECOTE PRECISION ELECTRONIC CO LIMITED,"Lot A1, Nam Son - Hap Linh Industrial Park, Nam Son Ward, Hap Linh Va Ward, Tan Chi Commune, Bac Ninh Province, Vietnam","UNIT 417 4/FLIPPO, CENTRE TOWER TWO, NO.89 QUEENSWAY ADMIRALTY, HK",,,,China,,,,84828000,"811170003338#&Thanh trượt tuyến tính chất liệu bằng 40% thép, 60% nhôm có ổ bi, kích thước: 10*8*30mm, mới 100%, 811170003338,811170003338#&amp;slider linear material by 40% steel, 60% aluminum bearing, size: 10*8*30mm, 100% new, 811170003338",,27.0,Pieces,0.0,605.07,,,
2025-11-27,印度,中国,SAAVIK ENTERPRISES,SKYWALK INDUSTRIES GROUP LIMITED,,"UNIT 04-05,16/F THE BROADWAY NO 5 4-6 2 LOCK HART RD WANCHAI HK CHINA",,,,China (CN),,Ningbo,MUNDRA PORT &amp; SEZ LTD (INAJM6),84821090,ASSORTED TYPES OF LINEAR BALL BUSH BEARING 22  CHAIN (SPARE PARTS),,1000.0,PCS,0.0,604.07,,,
2025-03-11,印度,中国,ELECTUS SYSTEMS,LISHUI GREENLEAF AUTOMATIC TECHNOLOGY CO LTD,"G3,Ghawte Tower Dr,Ansari Road seco  ",,,,,CHINA,,Ningbo,NHAVA SHEVA SEA (INNSA1),84828000,LINEAR BEARINGS SC40UU LINEAR BEARINGS SC40UU,,100.0,NOS,0.0,603.9578,4MRHJKZ9YIULH,,
2025-01-13,印度,中国,AXIS TECHNOLOGIES,ZHEJIANG JINGRUI INTELLIGENT TRANSMISSION CO LTD,"207, ARIHANT TOWER, 2ND FLOOR,83 V. V .CHANDAN STREET, MUMBAI, ",,,,,CHINA,,Ningbo,NHAVA SHEVA SEA (INNSA1),84828000,LINEAR MOTION BEARINGS SC50UU LINEAR MOTION BEARINGS SC50UU,,52.0,PCS,0.0,602.6779,Y1D7BE3Q2SBOJ,,
2025-10-08,越南,中国台湾,CÔNG TY TNHH MISUMI VIỆT NAM - CHI NHÁNH THÀNH PHỐ HỒ CHÍ MINH,MISUMI TAIWAN CORP,"Room 901, 9th Floor, Sacom-Chip Sang Building, Lot T2-4, D1 Street, High-Tech Park, Tang Nhon Phu Ward, Ho Chi Minh City","15F., NO.223, SONGJIANG RD., ZHONGSHAN DIST., TAIPEI CITY,104472, TAIWAN., TW",,,,Taiwan,,,,84828000,"Thanh trượt tuyến tính có ổ bi, nhãn hiệu MISUMI, mới 100%, code: C-SV2R24-880,Linear sliders have ball bearings, brands MISUMI, 100% new code: C-SV2R24-880",,10.0,Pieces,0.0,602.5828,,,
2025-03-10,印度,中国,AGARWAL INDUSTRIES,QINGDAO SHIYA IMPORT AND EXPORT CO,4 Ground Floor HARESH CHAMBER SAMUEL STREET VADGADI,,,,,CHINA,,Qingdao,NHAVA SHEVA SEA (INNSA1),84821090,LINEAR BALL BEARING SBR25UU LINEAR BALL BEARING,,300.0,NOS,0.0,602.3991,WR2ROUSHLUCH0,,
2025-03-10,印度,中国,AGARWAL INDUSTRIES,QINGDAO SHIYA IMPORT AND EXPORT CO,4 Ground Floor HARESH CHAMBER SAMUEL STREET VADGADI,,,,,CHINA,,Qingdao,NHAVA SHEVA SEA (INNSA1),84821090,LINEAR BALL BEARING LM20UU LINEAR BALL BEARING,,2000.0,NOS,0.0,602.399,WR2ROUSHLUCH0,,
2025-03-10,印度,中国,AGARWAL INDUSTRIES,QINGDAO SHIYA IMPORT AND EXPORT CO,4 Ground Floor HARESH CHAMBER SAMUEL STREET VADGADI,,,,,CHINA,,Qingdao,NHAVA SHEVA SEA (INNSA1),84821090,LINEAR BALL BEARING LMK20UU LINEAR BALL BEARING,,1000.0,NOS,0.0,602.399,WR2ROUSHLUCH0,,
2025-10-16,印度,中国,CIU BEARING CO,TIANJIN TEXTILE GROUP IMPORT AND EXPORT INC,,"3YUNNAN ROAD, TIANJIN, CHINA Tianji n, , CHINA SDNF CHINA",,,,China (CN),,Qingdao,NHAVA SHEVA SEA (INNSA1),84828000,LINEAR MOTION BEARINGS SBLF204 LINEAR MOTION BEARINGS SBLF204,,550.0,NOS,0.0,602.26,,,
2025-03-10,越南,中国,CÔNG TY TNHH MISUMI VIỆT NAM,MISUMI CHINA PRECISION MACHINERY TRADING CO LTD,"Lot 15, TS11 Road, Tien Son Industrial Park, Hoan Son Commune, Tien Du District, Bac Ninh Province, Vietnam","NO.1058 DILING RD, FENGXIAN DIST, SHANGHAI, CHINA, CN",,,,China,,,,84828000,"Thanh trượt tuyến tính có ổ bi (bằng thép, dài 33.9mm), hàng mới 100%, nhãn hiệu: MISUMI, code: C-MLGB12,Linear slide with ball bearing (steel, length 33.9mm), 100% new, brand: MISUMI, code: C-MLGB12",,200.0,Pieces,0.0,601.854,,,
2025-05-17,越南,中国,CÔNG TY TNHH MISUMI VIỆT NAM,MISUMI CHINA PRECISION MACHINERY TRADING CO LTD,"Lô số 15, đường TS11, khu công nghiệp Tiên Sơn, Xã Hoàn Sơn. Huyện Tiên Du, Bắc Ninh","NO.1058 DILING RD, FENGXIAN DIST, SHANGHAI, CHINA, CN",,,,China,,,,84828000,"Thanh trượt tuyến tính có ổ bi (bằng thép, dài 28.98mm), hàng mới 100%, nhãn hiệu: MISUMI, code: C-MLGB9,Linear slide with ball bearing (steel, length 28.98mm), 100% new, brand: MISUMI, code: C-MLGB9",,235.0,Pieces,0.0,601.8491,,,
2025-07-18,印度,中国,CIU BEARING CO,TIANJIN TEXTILE GROUP IMPORT AND EXPORT INC,"502, SATGURU SUPREME, WALJI LADHA ROAD, MULUND WEST,",,,,,CHINA,,Qingdao,NHAVA SHEVA SEA (INNSA1),84828000,LINEAR MOTION BEARINGS  SC20LUU LINEAR MOTION BEARINGS  SC20LUU,,300.0,PCS,0.0,601.781,VQGV26NTLDG16,,
2025-11-01,印度,中国,RAGHAV BEARING ENTERPRISES,CHANGZHOU FOLEVO PRECISION,"Shop No 63, First Floor, GB Road Contact No: 918743097367","MACHINERY CO., LTD NO. 288, XIAXI WEST ROAD, JIAZE TOWN, WUJIN CHANGZHOU CITY, JIANGSU CHINA, CHINA",,,,China (CN),,Shanghai,ICD PATPARGANJ,84828000,LINEAR BEARING SFNUR2510 LINEAR BEARING SFNUR2510,,100.0,PCS,0.0,601.23,,,
2025-07-09,印度,中国,KHS INNOVATION & ENGINEERING LLP,ZHEJIANG SIQIANG BEARING MANUFACTUR,"4A, KARIM BUILDING, 1ST FLOOR,142/  144, ABDUL REHMAN STREET ",,,,,CHINA,,Shanghai,NHAVA SHEVA SEA (INNSA1),84828000,LINEAR MOTION BEARINGS LMF40LUU KHS-LG LINEAR BEARINGS,,100.0,PCS,0.0,600.6244,ZZJGP1M2HQBY3,,
2025-05-27,印度,中国,THE BALL BEARING TRADERS,ZHEJIANG SIQIANG BEARING MANUFACTURE CO LTD,"NO.8/1,KRISHNASAI MANSION,N.R.RD,K  ALASIPALYAM, NEW EXTN. ",,,,,CHINA,,Ningbo,Chennai  ,84828000,LINEAR BEARINGS-LMK12  UU LINEAR BEARINGS-LMK12  UU,,700.0,NOS,0.0,600.5363,BNUI4YICVJ80K,,
2025-07-17,越南,中国,CÔNG TY TNHH SẢN XUẤT VÀ THƯƠNG MẠI DULICO,NINGBO POWERNICE INTELLIGENT TECHNOLOGY CO LTD,"Lot A2, Cn7 Tu Liem Industrial Park, Phuong Canh Ward, Nam Tu Liem District, Hanoi City, Vietnam","398 BINHAI RD, BINHAI NEW AREA, ECONOMIC DEVELOPMENT  ZONE, FENGHUA DISTRICT NINGBO CITY, ZHEJIANG PROVINCE CHINA, ZZ",,,,China,,,,84821000,"Vòng bi cầu rãnh sâu, P/N: MS1301-6201RS-1,chất liệu bằng thép (có nắp nhựa chống bụi), dùng cho thiết bị truyền động tuyến tính, kích thước: phi 12*phi 32*10t. Mới 100%,Deep groove ball bearing, P/N: MS1301-6201RS-1, steel material (with dustproof plastic cover), used for linear actuator, size: phi 12*phi 32*10t. 100% new",,2500.0,Pieces,0.0,600.0,,,
2025-07-15,越南,中国,CÔNG TY TNHH SẢN XUẤT VÀ THƯƠNG MẠI DULICO,NINGBO POWERNICE INTELLIGENT TECHNOLOGY CO LTD,"Lot A2, Cn7 Tu Liem Industrial Park, Phuong Canh Ward, Nam Tu Liem District, Hanoi City, Vietnam","398 BINHAI RD, BINHAI NEW AREA, ECONOMIC DEVELOPMENT  ZONE, FENGHUA DISTRICT NINGBO CITY, ZHEJIANG PROVINCE CHINA, CN",,,,China,,,,84821000,"Vòng bi cầu rãnh sâu, P/N: MS1301-6201RS-1,chất liệu bằng thép (có nắp nhựa chống bụi), dùng cho thiết bị truyền động tuyến tính, kích thước: phi 12*phi 32*10t. Mới 100%,Deep groove ball bearing, P/N: MS1301-6201RS-1, steel material (with dustproof plastic cover), used for linear actuator, size: phi 12*phi 32*10t. 100% new",,2500.0,Pieces,0.0,600.0,,,
2025-07-15,越南,中国,CÔNG TY TNHH GIẢI PHÁP Ô TÔ,SHANDONG SAIR MECHANICAL GUIDE CO LTD,"6/12 Street No. 3, Lu Gia Residential Area, Phu Tho Ward, Ho Chi Minh City","WESTERN PART OF LINZHAI, INDUSTRIAL PARK, RENHE ZONE, GAOTANG COUNTY, SHANDONG PROVINCE, CHINA, CN",,,,China,,,,84821000,"Vòng bi tuyến tính D30-161-VN. Ko nhãn hiệu. NSX: SHANDONG SAIR MECHANICAL GUIDE CO., LTD. Hàng mới 100%,Linear bearing D30-161-VN. No brand. Manufacturer: SHANDONG SAIR MECHANICAL GUIDE CO., LTD. 100% new",,240.0,Pieces,0.0,600.0,,,
2025-09-08,越南,中国,CÔNG TY TNHH WINDA TECH,WINDA INTERNATIONAL LIMITED,"No. 46, Street No. 13A, Ward 23, An Lac Ward, Ho Chi Minh City, Vietnam","UNIT D3, 11/F, LUK HOP INDUSTRIAL, BUILDING,NO.8 LUK HOP STREET,SAN PO, KONG, KOWLOON,HONG KONG",,,,China,,,,84821000,"Ổ bi bằng thép - Linear module bearing ,kt:4.2*4.2*1.9cm, dùng trong máy cắt/trải vải tự động, hiệu: Bullmer. Hàng mới 100%,Ball bearings in steel - Linear module bearing ,kt:4.2*4.2*1.9 cm, used in cutting machine/cloth auto, brand: Bullmer. 100% brand new",,4.0,Pieces,0.0,600.0,,,
2025-07-08,乌兹别克斯坦,中国,СП ООО ТАШКЕНТСКИЙ ТРУБНЫЙ ЗАВОД ИМЕНИ В Л ГАЛЬПЕРИНА,XINJIANG JINBOER INDUSTRIAL TRADE CO LTD,"г.Ташкент, Шайхантахурский район, ул.Фурката,4","Китай,Xuanjing Garden,№366 East Suzhou Road.Urumqi City.",,,,China,,,,8482300009,"1. Подшипник линейный HGW 65CB2R1120Z0C-35/35 - кол. 8 шт, вес: 73,36 кг
2. мест 1, 1 фанерн коробка
3. HDMU6899810 - Собственность владельца груза
8. 000
11. 02
Общее кол. мест: 1",,8.0,шт,73.36,600.0,,,БЕЗ МАРКИ
2025-10-10,越南,中国,CÔNG TY TNHH THƯƠNG MẠI DỊCH VỤ XUẤT NHẬP KHẨU QUÂN PHAN,FRACHEM TECHNOLOGIES BEIJING INC,"449 Hau Giang Street, Binh Phu Ward, Ho Chi Minh City, Vietnam","SUITE 1906, BLOCK B, E-WING CENTER, NO.113 ZHICHUN ROAD, HAIDIAN DISTRICT, BEIJING, CHINA 100086, CN",,,,China,,,,84821000,"Vòng bi trượt tuyến tính, bằng thép - Liner motion Ball Bearing (G-4A-1-34), bộ phận của máy nhồi xúc xích. Hàng mới 100%,Bearings linear slide, steel - Liner motion Ball Bearing (G-4A-1-34), division of the sausage stuffing. 100% brand new",,10.0,Pieces,0.0,600.0,,,
2025-06-19,乌兹别克斯坦,中国,СП ООО ТАШКЕНТСКИЙ ТРУБНЫЙ ЗАВОД ИМЕНИ В Л ГАЛЬПЕРИНА,XINJIANG JINBOER INDUSTRIAL TRADE CO LTD,"г.Ташкент, Шайхантахурский район, ул.Фурката,4","Китай,Xuanjing Garden,№366 East Suzhou Road.Urumqi City.",,,,China,,,,8482300009,"1. Подшипник линейный HGW 65CB2R1120Z0C-35/35 - кол. 8 шт, вес: 73,36 кг
2. мест 1, 1 фанерн коробка
3. HDMU6899810 - Собственность владельца груза
8. 000
11. 02
Общее кол. мест: 1",,8.0,шт,73.36,600.0,,,БЕЗ МАРКИ
2025-08-01,越南,中国,CÔNG TY TNHH SẢN XUẤT VÀ THƯƠNG MẠI DULICO,NINGBO POWERNICE INTELLIGENT TECHNOLOGY CO LTD,"Lot A2, Cn7 Tu Liem Industrial Cluster, Phuong Canh Ward, Nam Tu Liem District, Hanoi City, Vietnam","398 BINHAI RD, BINHAI NEW AREA, ECONOMIC DEVELOPMENT  ZONE, FENGHUA DISTRICT NINGBO CITY, ZHEJIANG PROVINCE CHINA, CN",,,,China,,,,84821000,"Vòng bi cầu rãnh sâu, P/N: MS1301-6201RS-1,chất liệu bằng thép (có nắp nhựa chống bụi), dùng cho hộp số của thiết bị truyền động tuyến tính, kích thước: phi 12*phi 32*10t. Mới 100%,Deep groove ball bearings, P/N: MS1301-6201RS-1,material stainless steel (lid dust-proof plastic), used for transmission of actuator linear, size: phi 12*africa 32*10t. New 100%",,2500.0,Pieces,0.0,600.0,,,
2025-11-19,印度,中国,AMAFHH SONS,ZHEJIANG SIQIANG BEARING MANUFACTURE CO LTD,"2ND FLOOR, 71 NAGDEVI CROSS LANE,,  N/A","NO.97,XIANXIA ROAD,NANMING MOUNTAIN STREET, LIANDU ZONE,LISHUI CITY LI SHUI CITY, Zhejiang, CHINA CHINA",,,,China (CN),,Ningbo,NHAVA SHEVA SEA (INNSA1),84828000,LINEAR MOTION BEARINGS SK16 LINEAR MOTION BEARINGS SK16,,1500.0,NOS,0.0,600.0,,,
2025-03-26,越南,中国,CÔNG TY TNHH ĐIỆN TỬ JSTAR VIỆT NAM,GUANGXI PINGXIANG ZHONGYUE IMPORT AND EXPORT TRADE CO LTD,"Lot G11, Que Vo Industrial Park Expansion, Phuong Lieu Ward, Que Vo Town, Bac Ninh, Vietnam","NO.385 NANDA ROAD, SANYILU WAREHOUSE AND, LOGISTICS CENTER, PINGXIANG CITY, GUANGXI,CHINA, CN",,,,China,,,,84821000,"Bạc trượt tuyến tính (ổ bi trượt), mã LMF16LUU, chất liệu inox AISI 304, kích thước 16*28*70mm, NSX: YTP. Hàng mới 100%,Linear slide bearing (slide bearing), code LMF16LUU, AISI 304 stainless steel material, size 16*28*70mm, Manufacturer: YTP. 100% new",,50.0,Pieces,0.0,600.0,,,
2025-01-13,印度,中国,AXIS TECHNOLOGIES,ZHEJIANG JINGRUI INTELLIGENT TRANSMISSION CO LTD,"207, ARIHANT TOWER, 2ND FLOOR,83 V. V .CHANDAN STREET, MUMBAI, ",,,,,CHINA,,Ningbo,NHAVA SHEVA SEA (INNSA1),84828000,LINEAR MOTION BEARINGS LMF16LUU LINEAR MOTION BEARINGS LMF16LUU,,472.0,PCS,0.0,599.8312,Y1D7BE3Q2SBOJ,,
2025-11-05,印度,中国,KHS INNOVATION & ENGINEERING LLP,ZHEJIANG SIQIANG BEARING MANUFACTUR,"4A, KARIM BUILDING, 1ST FLOOR,142/  144, ABDUL REHMAN STREET ","E CO.,LTD NO.97,XIANXIA ROAD. NANMING MOUNTAIN STREET. LIANDU ZONE.LISHUI CITY.ZHEJIANG CHINA",,,,China (CN),,SHANGHAI,NHAVA SHEVA SEA (INNSA1),84828000,LINEAR MOTION BEARINGS LM16UU KHS-LG LINEAR BEARINGS,,1499.0,PCS,0.0,599.6,,,
2025-05-30,印度,中国,AMAFHH SONS,ZHEJIANG SIQIANG BEARING MANUFACTURE CO LTD,"2ND FLOOR, 71 NAGDEVI CROSS LANE,,  N/A",,,,,CHINA,,Ningbo,NHAVA SHEVA SEA (INNSA1),84828000,LINEAR MOTION BEARINGS SBR30UU LINEAR MOTION BEARINGS SBR30UU,,200.0,PCS,0.0,598.3053,0LAHS2H9JC2RX,,
2025-07-20,印度,中国台湾,FLURO ENGINEERING PRIVATE LIMITED,HIWIN TECHNOLOGIES CORP,"A/3, DEVASHISH, NITYANAND COLONY  AMRUT NAGAR,GHATKOPAR WEST, ",,,,,TAIWAN,,KAOHSIUNG,NHAVA SHEVA SEA (INNSA1),84821011,HIWIN LINEAR BEARING: FK10 C5(B2500N1-01)(F00N11)(ADA301A2 FEPL/Stock-09/0905/2025/MESSER)HIWIN INDUSTRIAL ROBOT: KK60 10C-400A1-F0(K25007U-04)(F007U4,,20.0,NOS,0.0,598.1283,4V5M703PXAR8O,,
2025-04-01,印度,中国,GAUTAM SOLAR PRIVATE LIMITED,ZHANGJIAGANG SIMPULSE TECH CO LTD,"F-33, OKHLA INDUSTRIAL AREA  PHASE-1 ",,,,,CHINA,,Shanghai,DELHI AIR CARGO ACC (INDEL4),84828000,LINEAR MOTION SLIDE BEARING - HSA45LC (TO BE USING IN SOLARPANEL MANUFACTURING MACHINE)LINEAR MOTION SLIDE BEARING - HSA45LC (TO BE USING IN SOLAR,,10.0,PCS,0.0,595.6085,SREFLOP8ZG4VR,,
2025-09-23,印度,中国,NXV BEARINGS PRIVATE LIMITED,NINGBO HUAYI IMP & EXP CO LTD,77 G B ROAD 2ND FLOOR,"ROOM 12-7/8, HUAHONG INTERNATIONAL CENTER, NO717 ZHONGXING ROAD, JIANG DONG DISTRICT, NINGBO, CHINA CHINA",,,,China (CN),,Qingdao,,84828000,"SC50UU,  LINEAR BEARING,  U/WT.-  3.34  (FOR INDUSTRIAL USE) BEARING",,50.0,NOS,0.0,595.29,,,
2025-04-07,印度,中国,BHAVI IMPEX,AMLAND GLOBE HK ENTERPRISE LTD,"108,SHUBH SANDESH, 16,  HANSRAJ LANE, BYCULLA, ",,,,,CHINA,,Ningbo,NHAVA SHEVA SEA (INNSA1),84828000,"LINEAR BEARING WITH HOUSING,BRAND:9KBC,ITEM NO.:SC50UU LINEAR BEARING",,50.0,NOS,0.0,594.5545,U3SB7GYE588QP,,
2025-11-08,印度,中国,RHD ENTERPRISE,CIXI HUIBO IMPORT AND EXPORT CO LTD,"D-10, HIRAMANEK BAPTISTA ROAD, VILE PARLE WEST,MUMBAI null","ROOM 305 BUILDING NO.1 FENGZEWAN,ZH OUXIANG TOWN,CIXI CITY,ZHEJIANG,CHI NA CHINA",,,,China (CN),,Qingdao,NHAVA SHEVA SEA (INNSA1),84828000,LINEAR BEARING SFNUR3210-4 LINEAR BEARING SFNUR3210-4,,50.0,PCS,0.0,594.48,,,
2025-03-29,印度,中国,KHS INNOVATION & ENGINEERING LLP,LISHUIJINZHENGBEARINGMANUFACTURE,"4A, KARIM BUILDING, 1ST FLOOR,142/  144, ABDUL REHMAN STREET ",,,,,CHINA,,Shanghai,NHAVA SHEVA SEA (INNSA1),84828000,LINEAR MOTION BEARINGS LM60U U (BRAND - NIPPON) LINEAR MOTION BEARINGS,,100.0,PCS,0.0,594.3241,ML7QWEAYAMIQU,,
2025-05-12,印度,中国,METRO BEARING INTERNATIONAL,HANKES NEW MATERIALS SHANDONG CO LTD,H NO 2448 1ST FLOOR RAJJI G B ROAD NEAR MASJID,,,,,CHINA,,Qingdao,TUGHLAKABAD,84828000,"HK4520,  LINEAR MOTION BEARING,  U/WT.-  0.056  (FOR INDUSTRIAL USE)BEARING",,3000.0,NOS,0.0,594.0258,L00UI7NZIRNG7,,
2025-11-28,越南,中国香港,CÔNG TY CỔ PHẦN METROFA,VEN INDUSTRIAL LIMITED,"No. 1A, Alley 276/45, Lane 276, Group 10, Dai Tu Street, Dinh Cong Ward, Hanoi City, Vietnam","UNIT A3, 2/F, HING YIP CENTRE, NO.31 HING YIPSTREET, KWUN TONG, KOWLOON, HONGKONG, HK",,,,China,,,,84821000,"Con trượt model BRC15-A0Z0-N0S-00 (có chứa bi bên trong), bằng thép, để lắp vào thanh trượt, dùng cho máy CNC, kt: L66 x W47 x H19,4 mm, hiệu ABBA, nsx: ABBA LINEAR TECH CO.,LTD hàng mới 100%,Linear slide bearing model BRC15-A0Z0-N0S-00 (containing ball bearings inside), made of steel, for mounting onto a linear guide rail, used for CNC machines, dimensions: L66 x W47 x H19.4 mm, brand ABBA, manufacturer: ABBA LINEAR TECH CO.,LTD, 100% new.",,55.0,Pieces,0.0,594.0,,,
2025-08-14,印度,中国,BHAVI IMPEX,AMLAND GLOBE HK ENTERPRISE LTD,"108,SHUBH SANDESH, 16,  HANSRAJ LANE, BYCULLA, ","ROOM 811,BAILI BUSINESS CENTER,87-1 05, CHATHAM ROAD SOUTH,TSIM SHA TSU I,KOWLOON HONG KONG",,,,China (CN),,Ningbo,,84828000,"LINEAR BEARING BRAND:9KBC,MODEL: KH3050PP LINEAR BEARING",,1000.0,NOS,0.0,594.0,,,
2025-03-11,印度,中国,ELECTUS SYSTEMS,LISHUI GREENLEAF AUTOMATIC TECHNOLOGY CO LTD,"G3,Ghawte Tower Dr,Ansari Road seco  ",,,,,CHINA,,Ningbo,NHAVA SHEVA SEA (INNSA1),84828000,LINEAR BEARINGS SC30LUU LINEAR BEARINGS SC30LUU,,100.0,NOS,0.0,593.5448,4MRHJKZ9YIULH,,
2025-03-10,俄罗斯,中国,MEDPRIBOR CO LTD,TIANJIN HAORONGSHENGYE ELECTRICAL EQUIPMENT CO LTD,"195197, ГОРОД, САНКТ-ПЕТЕРБУРГ, УЛ. ЖУКОВА, Д.18, ЛИТ.Д, ПОМ. 9Н (ЧАСТЬ КОМНАТЫ",", , TIANJIN, NO 1-11-118 BEIFANG CHENG,MIYUN ROAD, ..,,",,,HIWIN TECHNOLOGIES,China (CN),Russia,,,8482109008,"BALL BEARING. CARRYING OUT LINEAR MOVEMENT ALONG A PRECISION SHAFT WITHOUT SUPPORT. OUTER DIAMETER 45MM, INNER DIAMETER 30MM.",,100.0,PC,66.0,593.3,,,HIWIN
2025-06-05,印度,中国,SGS TRADE IMPEX,LINYI GUANDING IMPORT AND EXPORT CO LTD,"11, NARAYAN DHURU X LANE,  4TH FLOOR, ",,,,,CHINA,,Qingdao,NHAVA SHEVA SEA (INNSA1),84828000,LINEAR MOTION BEARINGS  LMK 20 L UU LINEAR MOTION BEARINGS  LMK 20 L UU,,500.0,PCS,0.0,593.2587,ETASG1ICJ3CZ5,,
2025-01-13,印度,中国,AXIS TECHNOLOGIES,ZHEJIANG JINGRUI INTELLIGENT TRANSMISSION CO LTD,"207, ARIHANT TOWER, 2ND FLOOR,83 V. V .CHANDAN STREET, MUMBAI, ",,,,,CHINA,,Ningbo,NHAVA SHEVA SEA (INNSA1),84828000,LINEAR MOTION BEARINGS LMK20LUU LINEAR MOTION BEARINGS LMK20LUU,,360.0,PCS,0.0,592.9179,Y1D7BE3Q2SBOJ,,
2025-07-21,印度,中国,V M TRADERS,SHANGHAI FENYUE INTERNATIONAL TRADI,"67, NAGDEVI STREET,  2ND FLOOR, ",,,,,CHINA,,Shanghai,NHAVA SHEVA SEA (INNSA1),84828000,LINEAR BEARING SDM40GA (WZB) LINEAR BEARING,,50.0,NOS,0.0,591.4053,I6LKER2MAMKMF,,
2025-10-10,印度,中国,RAGHAV BEARING ENTERPRISES,CHANGZHOU FOLEVO PRECISION,,"MACHINERY CO., LTD NO. 288, XIAXI WEST ROAD, JIAZE TOWN, WUJIN CHANGZHOU CITY, JIANGSU CHINA, CHINA",,,,China (CN),,Shanghai,ICD PATPARGANJ,84828000,LINEAR BEARING SBR30UU LINEAR BEARING SBR30UU,,200.0,PCS,0.0,591.36,,,
2025-01-13,印度,中国,AXIS TECHNOLOGIES,ZHEJIANG JINGRUI INTELLIGENT TRANSMISSION CO LTD,"207, ARIHANT TOWER, 2ND FLOOR,83 V. V .CHANDAN STREET, MUMBAI, ",,,,,CHINA,,Ningbo,NHAVA SHEVA SEA (INNSA1),84828000,LINEAR MOTION BEARINGS LMF25UU LINEAR MOTION BEARINGS LMF25UU,,480.0,PCS,0.0,590.4779,Y1D7BE3Q2SBOJ,,
2025-11-07,印度,中国,AGARWAL INDUSTRIES,CHANGZHOU FOLEVO PRECISION MACHINER,4 Ground Floor HARESH CHAMBER SAMUEL STREET VADGADI,"Y CO., LTD NO. 288, XIAXI WEST ROAD , JIAZE TOWN, WUJIN DISTRICT, CHANG ZHOU CITY, JIANGSU CHINA",,,,China (CN),,Qingdao,NHAVA SHEVA SEA (INNSA1),84821090,LINEAR BALL BEARING SC12 LUU LINEAR BALL BEARING,,500.0,PCS,0.0,590.39,,,
2025-06-14,印度,中国,JMD ENGINEERS AND TRADERS,LISHUI GREENLEAF AUTOMATIC TECHNOLOGY CO LTD,BC-17 WEST SHALIMAR BAGH  N/A,,,,,CHINA,,Ningbo,ICD PATPARGANJ,84828000,"ST100UU  B DOUBLE CAGE,  LINEAR  BEARING,  U/WT.-  2.394  (FOR INDUSTRIAL USE)BEARING",,12.0,NOS,0.0,589.2612,JHNMYMJCJH01P,,
2025-12-13,秘鲁,中国,IMPORTADORA Y DISTRIBUIDORA DE RETENES R,KAIYUAN SHIPPING CO LTD,AV. RAMON CARCAMO NRO. 506,,,,,"CHINA, PEOPLE'S REPUBLIC OF",,NINGBO LISHE INTERNATIONAL APT,,8482100000,"RODAMIENTO LINEAL, KMK, ROD-3453 REPUESTO PARA MAQUINAS QUE REQUIEREN ALTA PRECISION DE POSICIONAMIENTO, REPETIBILIDAD Y RI RODAMIENTOS INDUSTRIALES DE ACERO DONDE RECIRCULAN UNAS PEQUENAS BOLAS DE ACERO QUE PERMIT LINEAR BEARING DE ACERO",,40.0,UNITS,37.6,589.02,,,
2025-09-27,印度,中国,KHS INNOVATION & ENGINEERING LLP,ZHEJIANG SIQIANG BEARING MANUFACTUR,"4A, KARIM BUILDING, 1ST FLOOR,142/  144, ABDUL REHMAN STREET ","E CO.,LTD NO.97,XIANXIA ROAD. NANMING MOUNTAIN STREET. LIANDU ZONE.LISHUI CITY.ZHEJIANG CHINA",,,,China (CN),,Shanghai,,84828000,LINEAR MOTION BEARINGS LM60UU KHS-LG LINEAR BEARINGS,,100.0,PCS,0.0,589.0,,,
2025-08-06,越南,中国,CÔNG TY CỔ PHẦN MAY MẶC BÌNH DƯƠNG,SHENZHEN YIMINGDA INDUSTRIAL&TRADING DEVELOPMENT CO LTD,"No. 7/128 Binh Duc Quarter 1, Binh Hoa Ward, Thuan An City, Binh Duong Province, Vietnam","R00M 1512, HUIYI WEALTH CENTER, NO.9 ZHONGXIN ROAD, DALANG STREET, LONGHUA DISTRICT,518109 SHENZHEN, CHINA, CN",,,,China,,,,84821000,"Bạc đạn trục ( 59486001 BEARING, LINEAR, W/ROD S-93-7, phụ tùng thay thế dùng cho máy cắt vải tự động).Hàng mới 100%,Silver bullet axis ( 59486001 BEARING, LINEAR, W/ROD S-93-7, replacement parts for cloth cutting machine, automatic).100% brand new",,2.0,Pieces,0.0,588.8,,,
2025-09-18,越南,中国,CÔNG TY TNHH KHOA HỌC KỸ THUẬT ĐIỆN TỬ CHÍNH XÁC SAN RUI VIỆT NAM,GUANGXI CHANG RUN PRECISION INDUSTRY CO LTD,"Khac Niem Industrial Park, Hap Linh Ward, Bac Ninh Province, Vietnam","NO. 8 FACTORY, HAICHENG INDUSTRIAL, PARK, NO. 9 HAICHENG ROAD, NANNING, GUANGXI, CN",,,,China,,,,84828000,"Ổ trượt tuyến tính đã lắp ổ bi,01-U7-Pro-Max-PT, chất liệu: Thép, kích thước: 80mm*32mm*18mm, dùng cho  hộp kiểm tra sản phẩm. Nsx: Foshan Nanhai Huaming Metal Materials Co., Ltd. Mới 100%.,Linear plain bearings mounted ball bearings,01-U7-Pro-Max-PT, material: Steel, size: 80mm*32mm*18mm, used for check box products. Manufacturer: Foshan Nanhai Huaming Metal Materials Co., Ltd. 100% new.",,13.0,Pieces,0.0,588.25,,,
2025-03-10,印度,中国,AGARWAL INDUSTRIES,QINGDAO SHIYA IMPORT AND EXPORT CO,4 Ground Floor HARESH CHAMBER SAMUEL STREET VADGADI,,,,,CHINA,,Qingdao,NHAVA SHEVA SEA (INNSA1),84821090,LINEAR BALL BEARING KH3050PP LINEAR BALL BEARING,,500.0,NOS,0.0,588.0562,WR2ROUSHLUCH0,,
2025-08-23,越南,中国,CÔNG TY TNHH CÔNG NGHIỆP ĐÁ ANDI VIỆT NAM,MOMA INTERNATIONAL DEVELOPMENT CO LTD,"My Xuan B1-Dai Duong Industrial Park, Phu My Ward, Ho Chi Minh City, Vietnam","ROOM 1603, 16/F., CHUANG'S ENTERPRISES BUILDING, 376-382 LOCKHART ROAD, WANCHAI, HONG KONG., ",,,,China,,,,84821000,"Vòng bi con lăn tuyến tính bằng sắt, model 107451L.03.02, kích thước  190*130*20mm, dùng trong bộ phận đánh bóng của máy mài bóng, hàng mới 100%,Bearings rollers linear iron, model 107451L.03.02, size 190*130*20mm, used in polishing department of grinding ball, 100% brand new",,2.0,Pieces,0.0,587.5,,,
2025-09-05,印度,中国,N J ENTERPRISES,DYNAMIC RICH INC LIMITED,"A-104, AVANI TOWER , D.G ROAD, OLD MULUND, MULUND WEST,","ROOM 707, CHENGGONG BUILDING, ZHONG SHAN DISTRICT, DALIAN CHINA 116000 SDNF CHINA",,,,China (CN),,Qingdao,,84828000,LINEAR MOTION BEARING LM60UU LINEAR MOTION BEARING LM60UU,,100.0,PCS,0.0,587.4,,,
2025-01-19,印度,中国,KAMAL SHAFT & TUBES INDIA LLP,QINGDAO YI XIN YAN INTERNATIONAL TR,"PLOT NO. 25/6, INDUSTRIAL AREA, N.I.T",,,,,CHINA,,Qingdao,NHAVA SHEVA SEA (INNSA1),84828000,LINEAR BEARING LM 30UU (NET WT 200.00KGS) LINEAR BEARING,,800.0,PCS,0.0,586.5519,II71ZJCPM7WJD,,
2025-07-08,孟加拉国,中国,WALTON HITECH INDUSTRIES PLC,GEARWELL MACHINERY CO LTD,Chandra; Kaliakair PS;,CHINA,,,,CN,,,,84822000,"LINEAR BEARING M: LM16UU, HGH25CA",,0.0,,7.0,586.0,,,
2025-05-08,越南,中国香港,CÔNG TY TNHH RYDER INDUSTRIES VIỆT NAM,RYDER ELECTRONICS XINFENG LTD,"Lô đất số C.II.II-1, Đường số 9, KCN Long Thành, X. Tam An, H. Long Thành, Tỉnh Đồng Nai, Việt Nam","SHUIDONG AVE(E), XINFENG INDUSTRIAL PARK, XINFENG COUNTY, GANZHOU CITY, JIANGXI PROVINCE, CHINA, HK",,,,China,,,,84821000,"22V00018#&Ổ bi, NL để sản xuất sản phẩm xuất khẩu - 2210011746 / METAL,GENERAL,LINEAR BEERING LM3,FORGINGxTURNINGxGRINDING,HEAT TREATMENT,SILVER,phi7xphi3x10MM,GCR15. Hàng mới 100%,22V00018#&Ball bearing, NL for manufacturing export products - 2210011746 / METAL,GENERAL,LINEAR BEERING LM3,FORGINGxTURNINGxGRINDING,HEAT TREATMENT,SILVER,phi7xphi3x10MM,GCR15. 100% new",,700.0,Pieces,0.0,585.998,,,
2025-07-31,越南,中国,CÔNG TY TNHH KHOA HỌC KỸ THUẬT GOERTEK VINA,NANNING GOERTEK TRADING CO LTD,"Lot N-1 Que Vo Industrial Park (Expansion Area), Nam Son Ward, Bac Ninh Province, Vietnam.","F16-17, R&D BLD, HEADQUARTER BASE, OF NANNING-ASEAN AGRICULTURAL, SCIENCE & TECHNOLOGY DLT ENTERPRISE, NO.10 GAOXIN,3RD ROAD, NANNING CITY, CN",,,,Viet Nam,,,,84828000,"701020030224#&Thanh trượt tuyến tính có ổ bi (bằng thép, dài 55mm, nhãn hiệu: MISUMI) SSEB10-55, mới 100%, 701020030224,701020030224#&Linear slide with ball bearing (steel, length 55mm, brand: MISUMI) SSEB10-55, 100% new, 701020030224",,40.0,Pieces,0.0,585.9,,,
2025-02-18,印度,中国,MAHAVIR SALES CORPORATION,YIWU ZHITONG E COMMERCE FIRM,"128,NARAYAN DHURU STREET,MICRO  HOUSE,4TH FL ",,,,,CHINA,,Ningbo,NHAVA SHEVA SEA (INNSA1),84828000,LINEAR MOTION BEARINGS SBR20 UU LINEAR BEARINGS GUIDEWAY SBR20 UU,,500.0,PCS,0.0,585.0018,S6ZUX3V42JKLS,,
2025-01-10,印度,中国,AXIS TECHNOLOGIES,ZHEJIANG JINGRUI INTELLIGENT TRANSMISSION CO LTD,"207, ARIHANT TOWER, 2ND FLOOR,83 V. V .CHANDAN STREET, MUMBAI, ",,,,,CHINA,,Ningbo,NHAVA SHEVA SEA (INNSA1),84828000,LINEAR MOTION BEARING LM30UU LINEAR MOTION BEARING LM30UU,,728.0,PCS,0.0,584.6214,I8HCZQIRGX46A,,
2025-06-19,印度,中国,RHD ENTERPRISE,CIXI HUIBO IMPORT AND EXPORT CO LTD,"D-10, HIRAMANEK BAPTISTA ROAD, VILE PARLE WEST,MUMBAI null",,,,,CHINA,,Ningbo,NHAVA SHEVA SEA (INNSA1),84821090,LINEAR BEARING SBR30LUU LINEAR BEARING SBR30LUU,,100.0,NOS,0.0,584.6029,2H95CF4FI9KXG,,
2025-01-13,印度,中国,AXIS TECHNOLOGIES,ZHEJIANG JINGRUI INTELLIGENT TRANSMISSION CO LTD,"207, ARIHANT TOWER, 2ND FLOOR,83 V. V .CHANDAN STREET, MUMBAI, ",,,,,CHINA,,Ningbo,NHAVA SHEVA SEA (INNSA1),84828000,LINEAR MOTION BEARINGS SC8LUU LINEAR MOTION BEARINGS SC8LUU,,500.0,PCS,0.0,584.5813,Y1D7BE3Q2SBOJ,,
2025-05-18,印度,中国,AGARWAL INDUSTRIES,CHANGZHOU FOLEVO PRECISION MACHINER,4 Ground Floor HARESH CHAMBER SAMUEL STREET VADGADI,,,,,CHINA,,Qingdao,NHAVA SHEVA SEA (INNSA1),84821090,LINEAR BLOCK BEARING HGH35CA LINEAR BLOCK BEARING,,100.0,NOS,0.0,584.5339,7I38VF3QR2DUN,,
2025-06-19,印度,中国,RHD ENTERPRISE,CIXI HUIBO IMPORT AND EXPORT CO LTD,"D-10, HIRAMANEK BAPTISTA ROAD, VILE PARLE WEST,MUMBAI null",,,,,CHINA,,Ningbo,NHAVA SHEVA SEA (INNSA1),84821090,LINEAR BEARING LM25UU LINEAR BEARING LM25UU,,800.0,NOS,0.0,583.5755,2H95CF4FI9KXG,,
2025-05-09,越南,中国台湾,CÔNG TY TNHH MISUMI VIỆT NAM - CHI NHÁNH THÀNH PHỐ HỒ CHÍ MINH,MISUMI TAIWAN CORP,"P 901 Tầng 9 Tòa Nhà Sacom-Chíp Sáng Lô T2-4 Đường D1 Khu Công Nghệ Cao P.Tân Phú,TP .Thủ Đức,TP.HCM","9F-1, NO.126, SEC.4, NANJING E.RD., TAIPEI,10595, TAIWAN., TW",,,,Taiwan,,,,84828000,"Thanh trượt tuyến tính có ổ bi, nhãn hiệu MISUMI, mới 100%, code: C-SX2R42-680,Linear slide with ball bearing, MISUMI brand, 100% new, code: C-SX2R42-680",,7.0,Pieces,0.0,582.796,,,
2025-09-18,印度,中国,SHAKTI BEARING,NINGBO HUAYI IMPORT AND EXPORT CO LTD,21/2 REVA BHAI INDUSTRIAL ESTATE NEAR ISHWAR KRUPA WAY BRIDGE CTM AMRAIWADI,"ROOM 12-7/8HUAHONG INTERNATIONAL CENTRE, NO. 717, ZHONGXING ROAD, JIANGDONG DISTRICT,NINGBO CHINA CN",,,,China (CN),,Qingdao,,84828000,LINEAR MOTION BEARING : SC25UU LINEAR MOTION BEARING,,300.0,NOS,0.0,582.56,,,
2025-05-30,印度,中国,AMAFHH SONS,ZHEJIANG SIQIANG BEARING MANUFACTURE CO LTD,"2ND FLOOR, 71 NAGDEVI CROSS LANE,,  N/A",,,,,CHINA,,Ningbo,NHAVA SHEVA SEA (INNSA1),84828000,LINEAR MOTION BEARINGS LM30UU LINEAR MOTION BEARINGS LM30UU,,700.0,PCS,0.0,582.0801,0LAHS2H9JC2RX,,
2025-09-17,印度,中国,C K ENTERPRISES,YIWU ZHITONG E COMMERCE FIRM,"OFFICE. 3 7 4,INDUTA ENTERPRISES  PREMISES CO-OP SO.LTD,68/70,NAGDEVI","302 BUILDING 3, NO.662 JINTANG ROAD SHANGXI TOWN, YIWU, ZHEJIANG, CHINA CHINA",,,,China (CN),,Qingdao,,84828000,LINEAR MOTION BEARINGS KH 3050 PP (BLACK SEAL) LINEAR MOTION BEARINGS,,500.0,PCS,0.0,581.62,,,
2025-03-12,越南,中国台湾,CÔNG TY TNHH MISUMI VIỆT NAM - CHI NHÁNH THÀNH PHỐ HỒ CHÍ MINH,MISUMI TAIWAN CORP,"Room 901, 9th Floor, Sacom-Chip Sang Building, Lot T2-4, Street D1, High-Tech Park, Tan Phu Ward, Thu Duc City, Ho Chi Minh City","9F-1, NO.126, SEC.4, NANJING E.RD., TAIPEI,10595, TAIWAN., TW",,,,Taiwan,,,,84828000,"Thanh trượt tuyến tính có ổ bi, nhãn hiệu MISUMI, mới 100%, code: C-SVRL24-710,Linear slide with ball bearing, MISUMI brand, 100% new, code: C-SVRL24-710",,14.0,Pieces,0.0,581.5992,,,
2025-11-08,印度,中国,RHD ENTERPRISE,CIXI HUIBO IMPORT AND EXPORT CO LTD,"D-10, HIRAMANEK BAPTISTA ROAD, VILE PARLE WEST,MUMBAI null","ROOM 305 BUILDING NO.1 FENGZEWAN,ZH OUXIANG TOWN,CIXI CITY,ZHEJIANG,CHI NA CHINA",,,,China (CN),,Qingdao,NHAVA SHEVA SEA (INNSA1),84828000,LINEAR BEARING SBR40UU LINEAR BEARING SBR40UU,,100.0,PCS,0.0,580.48,,,
2025-03-19,越南,中国,CÔNG TY TNHH MISUMI VIỆT NAM,MISUMI CHINA PRECISION MACHINERY TRADING CO LTD,"Lot 15, TS11 Road, Tien Son Industrial Park, Hoan Son Commune, Tien Du District, Bac Ninh Province, Vietnam","NO.1058 DILING RD, FENGXIAN DIST, SHANGHAI, CHINA, CN",,,,China,,,,84828000,"Thanh trượt tuyến tính có ổ bi (bằng thép, dài 33.9mm), hàng mới 100%, nhãn hiệu: MISUMI, code: C-MLGB12,Linear slide with ball bearing (steel, length 33.9mm), 100% new, brand: MISUMI, code: C-MLGB12",,200.0,Pieces,0.0,579.946,,,
2025-09-26,印度,中国,AGARWAL INDUSTRIES,CHANGZHOU FOLEVO PRECISION MACHINER,4 Ground Floor HARESH CHAMBER SAMUEL STREET VADGADI,"Y CO., LTD NO. 288, XIAXI WEST ROAD , JIAZE TOWN, WUJIN DISTRICT, CHANG ZHOU CITY, JIANGSU CHINA",,,,China (CN),,Qingdao,,84821090,LINEAR BALL BEARING LMK40 UU LINEAR BALL BEARING,,200.0,PCS,0.0,579.84,,,
2025-11-11,越南,中国,CÔNG TY TNHH MISUMI VIỆT NAM - CHI NHÁNH THÀNH PHỐ HỒ CHÍ MINH,MISUMI CHINA PRECISION MACHINERY TRADING CO LTD,"P 901, 9th Floor, Sacom-Chip Building, Lot T2-4, D1 Street, High-Tech Zone, Tan Nhon Phu Ward, Ho Chi Minh City","NO.1058 DILING RD, FENGXIAN DIST, SHANGHAI, CHINA, CN",,,,China,,,,84828000,"Thanh trượt tuyến tính có ổ bi, nhãn hiệu MISUMI, mới 100%, code: E-HLGH65-1320,Linear slide with ball bearings, MISUMI brand, 100% new, code: E-HLGH65-1320",,4.0,Pieces,0.0,579.4327,,,
2025-11-30,印度,中国,G J IMPEX,XIAMEN PRIDE BEARINGS CO LTD,"B-64/3A, MAYAPURI PHASE II,  N/A","ZONE-D, UNIT 507,NO: 1690,GANGZHONG ROAD,XIAMEN, FUJIAN, CHINA SDNF CHINA",,,,China (CN),,Qingdao,TUGHLAKABAD,84828000,"LM30UU, LINEAR BEARING,  U/WT.-  0.23  (FOR INDUSTRIAL USE) LINEAR BEARING",,1500.0,NOS,0.0,579.02,,,
2025-05-27,哈萨克斯坦,中国,ТОО GLK EXTRUSIONS ГЛК ЭКСТРУЖНС,FOSHAN GOLEAD ENTERPRISES LIMITED,"КАЗАХСТАН, Г. АЛМАТЫ, МИКРОРАЙОН АТЫРАУ 10","КИТАЙ, FOSHAN, GUICHENG NANHAI, NO.16 RONGHE RD, BILDING 2ND JINGHUA SQUARE",,,"FOSHAN GOLEAD ENTERPRISES LIMITED;
",China,Kazakhstan,,,8482109008,"1. BERAING / ЛИНЕЙНЫЙ ПОДШИПНИК,    ЛИНЕЙНЫЙ ПОДШИПНИК; ПРОИЗВОДИТЕЛЬ: FOSHAN GOLEAD ENTERPRISES LIMITED; МАРКА ТОВАРА: ДАННЫЕ ОТСУТСТВУЮТ; , КОЛИЧЕСТВО: 4.00 ШТ;",,4.0,ШТ,8.6,578.78,,,"ДАННЫЕ ОТСУТСТВУЮТ;
"
2025-11-19,越南,中国,CÔNG TY TNHH THIẾT BỊ MÁY CÔNG TRÌNH HẢI LÂM,GUANGZHOU HEHE TRADE CO LIMITED,"House No. 5, Alley 61/45, Tram Street, Long Bien Ward, Hanoi City, Vietnam","ROOM 302-A300, BUILDING 1, NO. 1963 HUAGUAN ROAD, TIANHE DISTRICT, GUANGZHOU,CHINA, CN",,,,China,,,,84828000,"Khối trượt tuyến tính dạng ổ bi, mã HGW25CC Z0C, dùng cho máy CNC, máy công nghiệp để trượt trên thanh dẫn hướng tuyến tính. NSX Fuchang Machinery & Equipment Co., Ltd. Không hiệu, mới 100%,Ball bearing linear slide block, model HGW25CC Z0C, used for CNC machines and industrial machinery to slide on linear guide rails. Manufactured by Fuchang Machinery & Equipment Co., Ltd. No brand, 100% new.",,40.0,Pieces,0.0,577.6,,,
2025-09-23,印度,中国,NXV BEARINGS PRIVATE LIMITED,NINGBO HUAYI IMP & EXP CO LTD,77 G B ROAD 2ND FLOOR,"ROOM 12-7/8, HUAHONG INTERNATIONAL CENTER, NO717 ZHONGXING ROAD, JIANG DONG DISTRICT, NINGBO, CHINA CHINA",,,,China (CN),,Qingdao,,84828000,"LM60UU,  LINEAR BEARING,  U/WT.-  1.86  (FOR INDUSTRIAL USE) BEARING",,100.0,NOS,0.0,576.65,,,
2025-01-13,印度,中国,AXIS TECHNOLOGIES,ZHEJIANG JINGRUI INTELLIGENT TRANSMISSION CO LTD,"207, ARIHANT TOWER, 2ND FLOOR,83 V. V .CHANDAN STREET, MUMBAI, ",,,,,CHINA,,Ningbo,NHAVA SHEVA SEA (INNSA1),84828000,LINEAR MOTION BEARINGS SC40LUU LINEAR MOTION BEARINGS SC40LUU,,54.0,PCS,0.0,576.4479,Y1D7BE3Q2SBOJ,,
2025-02-19,越南,中国香港,CÔNG TY TNHH THIẾT BỊ CƠ ĐIỆN MINH THÀNH,HK TOMUU ACTUATOR TECHNOLOGY CO LIMITED,"Trang Due Village (At Ngan Vu Limited Liability Company), Le Loi Commune, An Duong District, Hai Phong, Vietnam","ROOM 1318-19, HOLLYWOOD PLAZA, 610 NATHAN ROAD, MONGKOK, KOWLOON, HONGKONG, HK",,,,China,,,,84821000,"TM14#& Ổ bi dùng cho hộp số động cơ của bộ truyền động tuyến tính, mới 100%,TM14#& Ball bearing for motor gearbox of linear actuator, 100% new",,3840.0,Pieces,0.0,576.0,,,
2025-02-19,越南,中国香港,CÔNG TY TNHH THIẾT BỊ CƠ ĐIỆN MINH THÀNH,HK TOMUU ACTUATOR TECHNOLOGY CO LIMITED,"Trang Due Village (At Ngan Vu Limited Liability Company), Le Loi Commune, An Duong District, Hai Phong, Vietnam","ROOM 1318-19, HOLLYWOOD PLAZA, 610 NATHAN ROAD, MONGKOK, KOWLOON, HONGKONG, HK",,,,China,,,,84821000,"TM14#& Ổ bi dùng cho hộp số động cơ của bộ truyền động tuyến tính, mới 100%,TM14#& Ball bearing for motor gearbox of linear actuator, 100% new",,3840.0,Pieces,0.0,576.0,,,
2025-03-02,印度,中国,KNOWELL INTERNATIONAL PRIVATE LIMITED,RHB PRECISION MACHINERY CO LTD,"20, NETAJI SUBHAS ROAD,  N/A",,,,,CHINA,,Shanghai,Kolkata,84828000,LINEAR MOTION GLIDING BEARINGS NO - POS 25L (BRAND - KHK) LINEAR MOTION GLIDING BEARINGS NO - POS 25L (BRAND - KHK),,100.0,PCS,0.0,575.0282,JRTAQCEL963R7,,
2025-06-11,印度,中国,TECHNOMET ENTERPRISES PUNE,ZHEJIANG JINGJIU BEARINGS INDUSTRIAL CO LTD,"SHOP NO-102,103 & 104 VARAD VINAYAK COMPLEX S.NO-26/1 AT NARHE TAL-HAVELI PUNE",,,,,CHINA,,Shanghai,NHAVA SHEVA SEA (INNSA1),84829900,"HG30-4000L, Linear guide (Bearing Parts) HG30-4000L, Linear guide",,15.0,PCS,0.0,573.8443,EJH3TW211D2ZA,,
2025-03-10,印度,中国,AGARWAL INDUSTRIES,QINGDAO SHIYA IMPORT AND EXPORT CO,4 Ground Floor HARESH CHAMBER SAMUEL STREET VADGADI,,,,,CHINA,,Qingdao,NHAVA SHEVA SEA (INNSA1),84821090,LINEAR BALL BEARING SBR30UU LINEAR BALL BEARING,,200.0,NOS,0.0,573.7137,WR2ROUSHLUCH0,,
2025-03-10,印度,中国,AGARWAL INDUSTRIES,QINGDAO SHIYA IMPORT AND EXPORT CO,4 Ground Floor HARESH CHAMBER SAMUEL STREET VADGADI,,,,,CHINA,,Qingdao,NHAVA SHEVA SEA (INNSA1),84821090,LINEAR BALL BEARING SBR20UU LINEAR BALL BEARING,,500.0,NOS,0.0,573.7135,WR2ROUSHLUCH0,,
2025-03-10,印度,中国,AGARWAL INDUSTRIES,QINGDAO SHIYA IMPORT AND EXPORT CO,4 Ground Floor HARESH CHAMBER SAMUEL STREET VADGADI,,,,,CHINA,,Qingdao,NHAVA SHEVA SEA (INNSA1),84821090,LINEAR BALL BEARING LM16UU LINEAR BALL BEARING,,2000.0,NOS,0.0,573.7135,WR2ROUSHLUCH0,,
2025-03-10,印度,中国,AGARWAL INDUSTRIES,QINGDAO SHIYA IMPORT AND EXPORT CO,4 Ground Floor HARESH CHAMBER SAMUEL STREET VADGADI,,,,,CHINA,,Qingdao,NHAVA SHEVA SEA (INNSA1),84821090,LINEAR BALL BEARING LMK16UU LINEAR BALL BEARING,,1000.0,NOS,0.0,573.7135,WR2ROUSHLUCH0,,
2025-01-10,印度,中国,AXIS TECHNOLOGIES,ZHEJIANG JINGRUI INTELLIGENT TRANSMISSION CO LTD,"207, ARIHANT TOWER, 2ND FLOOR,83 V. V .CHANDAN STREET, MUMBAI, ",,,,,CHINA,,Ningbo,NHAVA SHEVA SEA (INNSA1),84828000,LINEAR MOTION BEARING LM40UU LINEAR MOTION BEARING LM40UU,,330.0,PCS,0.0,573.6226,I8HCZQIRGX46A,,
2025-01-16,印度,中国,BHAVI IMPEX,AMLAND GLOBE HK ENTERPRISE LTD,"108,SHUBH SANDESH, 16,  HANSRAJ LANE, BYCULLA, ",,,,,CHINA,,Ningbo,NHAVA SHEVA SEA (INNSA1),84828000,LINEAR BEARING ITEM NO.: LMB12UU LINEAR BEARING,,1000.0,NOS,0.0,572.4018,57PN11IQ66I61,,
2025-05-07,印度,中国,KHS INNOVATION & ENGINEERING LLP,ZHEJIANG SIQIANG BEARING MANUFACTUR,"4A, KARIM BUILDING, 1ST FLOOR,142/  144, ABDUL REHMAN STREET ",,,,,CHINA,,Shanghai,NHAVA SHEVA SEA (INNSA1),84828000,LINEAR MOTION BEARINGS LMF20UU (BRAND - KHS LG) LINEAR MOTION BEARINGS,,600.0,PCS,0.0,572.3372,Q8MNXZXFQ41NW,,
2025-01-13,印度,中国,NIDHI BEARINGS,DYNAMIC RICH INC LTD,"GROUND FLOOR, NO.139,,THAMBU CHETT  Y STREET ",,,,,CHINA,,Qingdao,Chennai  ,84828000,LINEAR MOTION BEARINGS-LMF 100 UU LINEAR MOTION BEARINGS-LM 50 UU,,6.0,NOS,0.0,571.9279,O4MP9MGVZCVC0,,
2025-01-13,印度,中国,AXIS TECHNOLOGIES,ZHEJIANG JINGRUI INTELLIGENT TRANSMISSION CO LTD,"207, ARIHANT TOWER, 2ND FLOOR,83 V. V .CHANDAN STREET, MUMBAI, ",,,,,CHINA,,Ningbo,NHAVA SHEVA SEA (INNSA1),84828000,LINEAR MOTION BEARINGS LM10UU LINEAR MOTION BEARINGS LM10UU,,2160.0,PCS,0.0,570.9579,Y1D7BE3Q2SBOJ,,
2025-02-15,印度,中国,KHS INNOVATION & ENGINEERING LLP,XI'AN SILVERSTONE MACHINERY INDUSTRY CO LTD,"4A, KARIM BUILDING, 1ST FLOOR,142/  144, ABDUL REHMAN STREET ",,,,,CHINA,,Shanghai,NHAVA SHEVA SEA (INNSA1),84821090,LINEAR BALL BEARINGS-LM100UU -KHS-LG LINEAR BALL BEARINGS-LM100UU -KHS-LG,,10.0,NOS,0.0,570.94,O2WB7PR20FTJ2,,
2025-09-22,印度,中国,CIU BEARING CO,TIANJIN TEXTILE GROUP IMPORT AND EXPORT INC,"502, SATGURU SUPREME, WALJI LADHA ROAD, MULUND WEST,","3YUNNAN ROAD, TIANJIN, CHINA Tianji n, , CHINA SDNF CHINA",,,,China (CN),,Qingdao,,84828000,LINEAR MOTION BEARINGS SME40UU LINEAR MOTION BEARINGS SME40UU,,100.0,NOS,0.0,570.9,,,
2025-05-19,印度,中国,KNOWELL INTERNATIONAL PRIVATE LIMITED,RHB PRECISION MACHINERY CO LTD,"20, NETAJI SUBHAS ROAD,  N/A",,,,,CHINA,,Shanghai,Kolkata,84828000,LINEAR MOTION GLIDING BEARINGS NO - LBK 20UU (BRAND - KHK) LINEAR MOTION GLIDING BEARINGS NO - LBK 20UU (BRAND - KHK),,200.0,PCS,0.0,570.8795,CLGU5X3HV91YC,,
2025-09-05,印度,中国,N J ENTERPRISES,DYNAMIC RICH INC LIMITED,"A-104, AVANI TOWER , D.G ROAD, OLD MULUND, MULUND WEST,","ROOM 707, CHENGGONG BUILDING, ZHONG SHAN DISTRICT, DALIAN CHINA 116000 SDNF CHINA",,,,China (CN),,Qingdao,,84828000,LINEAR MOTION BEARING LM50LUU LINEAR MOTION BEARING LM50LUU,,50.0,PCS,0.0,570.65,,,
2025-08-11,印度,中国,KHS INNOVATION & ENGINEERING LLP,ZHEJIANG SIQIANG BEARING MANUFACTUR,"4A, KARIM BUILDING, 1ST FLOOR,142/  144, ABDUL REHMAN STREET ","E CO.,LTD NO.97, XIANXIA ROAD, NAN MING MOUNTAIN STREET LIANDU ZONE, LISHUI CITY, ZHEJIANG CHINA",,,,China (CN),,Shanghai,,84828000,LINEAR MOTION BEARINGS LMK50UU (BRAND - KHS LG) LINEAR MOTION BEARINGS,,75.0,PCS,0.0,570.0,,,
2025-10-08,印度,中国,JMD ENGINEERS AND TRADERS,LISHUI GREENLEAF AUTOMATIC,,"TECHNOLOGY CO., LTD 297 LONGQING ROAD SHUIGE AREA LIAND LISHUIZHEJIANG, CHINA",,,,China (CN),,Ningbo,ICD PATPARGANJ,84821090,LINEAR BEARINGS - SC25UU U/WT. - 0.657 (FOR INDUSTRIAL USE) .,,300.0,NOS,0.0,569.72,,,
2025-05-23,印度,中国,RHD ENTERPRISE,CIXI HUIBO IMPORT AND EXPORT CO LTD,"D-10, HIRAMANEK BAPTISTA ROAD, VILE PARLE WEST,MUMBAI null",,,,,CHINA,,Ningbo,NHAVA SHEVA SEA (INNSA1),84821020,LINEAR BEARING LMES 30 LINEAR BEARING LMES 30,,100.0,NOS,0.0,569.6917,KLXTY7G6KR83E,,
2025-09-26,印度,中国,AGARWAL INDUSTRIES,CHANGZHOU FOLEVO PRECISION MACHINER,4 Ground Floor HARESH CHAMBER SAMUEL STREET VADGADI,"Y CO., LTD NO. 288, XIAXI WEST ROAD , JIAZE TOWN, WUJIN DISTRICT, CHANG ZHOU CITY, JIANGSU CHINA",,,,China (CN),,Qingdao,,84821090,LINEAR BALL BEARING LMK20 LUU LINEAR BALL BEARING,,500.0,PCS,0.0,569.49,,,
2025-09-20,印度,中国,ROLLON INDIA PRIVATE LIMITED,ROLLON S R L,"SY NO. 261, K NO. 1056, 1037 1,104  21, GB PALYA, HOGASANDRA V ","VIA TRIESTE 26 20871 VIMERCATE(MB) ITALY Vimercate, , Italy SDNF Italy",,,,China (CN),,Milan,,84828000,CPN43Z ASS PERNO CONC CUSCINETTO CPN43-2Z (LINEAR MOTION COMPONENTS) (SLIDER WITH ROLLER BEARING)CPN43Z ASS PERNO CONC CUSCINETTO CPN43-2Z LINEAR MOTION COMP,,150.0,PCS,0.0,569.08,,,
2025-03-19,越南,中国,CÔNG TY CỔ PHẦN TETRA PAK VIỆT NAM,TETRA PAK TRADING SHANGHAI CO LTD,"14F, The Metropolitan Building, 235 Dong Khoi, District 1, HCMC","201 EAST KANG QIAO DONG ROAD, PUDONG DISTRICT SHANGHAI, 201315 PRC PR CHINA, CN",,,,Japan,,,,84821000,"Phụ tùng máy chế biến,rót sữa:Ổ bi bằng thép, dài 30mm, đường kính trong/ngoài 12/21mm Linear bearing, 12.00x21.00x30.00mm;70000153838;NSX:IKO International.Mới100%,Spare parts for milk processing and pouring machines: Steel bearing, length 30mm, inner/outer diameter 12/21mm Linear bearing, 12.00x21.00x30.00mm; 70000153838; Manufacturer: IKO International. 100% new",,24.0,Pieces,0.0,567.84,,,
2025-07-23,越南,中国,CÔNG TY CỔ PHẦN TETRA PAK VIỆT NAM,TETRA PAK TRADING SHANGHAI CO LTD,"235 Dong Khoi, Ben Nghe Ward, District 1, Ho Chi Minh City","201 EAST KANG QIAO DONG ROAD, PUDONG DISTRICT SHANGHAI, 201315 PRC PR CHINA, ZZ",,,,Japan,,,,84821000,"Phụ tùng máy chế biến,rót sữa:Ổ bi bằng thép, dài 30mm, đường kính trong/ngoài 12/21mm Linear bearing, 12.00x21.00x30.00mm;70000153838;NSX:IKO International.Mới100%,Spare parts for milk processing and pouring machines: Steel bearing, length 30mm, inner/outer diameter 12/21mm Linear bearing, 12.00x21.00x30.00mm; 70000153838; Manufacturer: IKO International. 100% new",,24.0,Pieces,0.0,567.84,,,
2025-03-31,越南,中国,CÔNG TY CỔ PHẦN TETRA PAK VIỆT NAM,TETRA PAK TRADING SHANGHAI CO LTD,"14F, The Metropolitan Building, 235 Dong Khoi, District 1, HCMC","201 EAST KANG QIAO DONG ROAD, PUDONG DISTRICT SHANGHAI, 201315 PRC PR CHINA, CN",,,,Japan,,,,84821000,"Phụ tùng máy chế biến,rót sữa:Ổ bi bằng thép, dài 30mm, đường kính trong/ngoài 12/21mm Linear bearing, 12.00x21.00x30.00mm;70000153838;NSX:IKO International.Mới100%,Spare parts for milk processing and pouring machines: Steel bearing, length 30mm, inner/outer diameter 12/21mm Linear bearing, 12.00x21.00x30.00mm; 70000153838; Manufacturer: IKO International. 100% new",,24.0,Pieces,0.0,567.84,,,
2025-09-23,越南,中国,CÔNG TY CỔ PHẦN TETRA PAK VIỆT NAM,TETRA PAK TRADING SHANGHAI CO LTD,"235 Dong Khoi, Saigon Ward, Ho Chi Minh City, Vietnam","201 EAST KANG QIAO DONG ROAD, PUDONG DISTRICT SHANGHAI, 201315 PRC PR CHINA, CN",,,,Japan,,,,84821000,"Phụ tùng máy chế biến,rót sữa:Ổ bi bằng thép, dài 30mm, đường kính trong/ngoài 12/21mm Linear bearing, 12.00x21.00x30.00mm;70000153838;NSX:IKO International.Mới100%,Machine parts processing,pouring milk:ball bearing steel, length 30mm, diameter in/out 12/21mm Linear bearing, 12.00x21.00x30.00mm;70000153838;NSX:IKO International.Mới100%",,24.0,Pieces,0.0,567.84,,,
2025-10-14,越南,中国,CÔNG TY CỔ PHẦN TETRA PAK VIỆT NAM,TETRA PAK TRADING SHANGHAI CO LTD,"14F, The Metropolitan Building, 235 Dong Khoi, District 1, HCMC","201 EAST KANG QIAO DONG ROAD, PUDONG DISTRICT SHANGHAI, 201315 PRC PR CHINA, CN",,,,Japan,,,,84821000,"Phụ tùng máy chế biến,rót sữa:Ổ bi bằng thép, dài 30mm, đường kính trong/ngoài 12/21mm Linear bearing, 12.00x21.00x30.00mm;70000153838;NSX:IKO International.Mới100%,Machine parts processing,pouring milk:ball bearing steel, length 30mm, diameter in/out 12/21mm Linear bearing, 12.00x21.00x30.00mm;70000153838;NSX:IKO International.Mới100%",,24.0,Pieces,0.0,567.84,,,
2025-03-26,越南,中国,CÔNG TY CỔ PHẦN TETRA PAK VIỆT NAM,TETRA PAK TRADING SHANGHAI CO LTD,"14F, The Metropolitan Building, 235 Dong Khoi, District 1, HCMC","201 EAST KANG QIAO DONG ROAD, PUDONG DISTRICT SHANGHAI, 201315 PRC PR CHINA, CN",,,,Japan,,,,84821000,"Phụ tùng máy chế biến,rót sữa:Ổ bi bằng thép, dài 30mm, đường kính trong/ngoài 12/21mm Linear bearing, 12.00x21.00x30.00mm;70000153838;NSX:IKO International.Mới100%,Spare parts for milk processing and pouring machines: Steel bearing, length 30mm, inner/outer diameter 12/21mm Linear bearing, 12.00x21.00x30.00mm; 70000153838; Manufacturer: IKO International. 100% new",,24.0,Pieces,0.0,567.84,,,
2025-09-04,越南,中国,CÔNG TY CỔ PHẦN TETRA PAK VIỆT NAM,TETRA PAK TRADING SHANGHAI CO LTD,"235 Dong Khoi, Saigon Ward, Ho Chi Minh City, Vietnam","201 EAST KANG QIAO DONG ROAD, PUDONG DISTRICT SHANGHAI, 201315 PRC PR CHINA, ZZ",,,,Japan,,,,84821000,"Phụ tùng máy chế biến,rót sữa:Ổ bi bằng thép, dài 30mm, đường kính trong/ngoài 12/21mm Linear bearing, 12.00x21.00x30.00mm;70000153838;NSX:IKO International.Mới100%,Machine parts processing,pouring milk:ball bearing steel, length 30mm, diameter in/out 12/21mm Linear bearing, 12.00x21.00x30.00mm;70000153838;NSX:IKO International.Mới100%",,24.0,Pieces,0.0,567.84,,,
2025-03-11,越南,中国,CÔNG TY CỔ PHẦN TETRA PAK VIỆT NAM,TETRA PAK TRADING SHANGHAI CO LTD,"14F, The Metropolitan Building, 235 Dong Khoi, District 1, HCMC","201 EAST KANG QIAO DONG ROAD, PUDONG DISTRICT SHANGHAI, 201315 PRC PR CHINA, CN",,,,Japan,,,,84821000,"Phụ tùng máy chế biến,rót sữa:Ổ bi bằng thép, dài 30mm, đường kính trong/ngoài 12/21mm Linear bearing, 12.00x21.00x30.00mm;70000153838;NSX:IKO International.Mới100%,Spare parts for milk processing and pouring machines: Steel bearing, length 30mm, inner/outer diameter 12/21mm Linear bearing, 12.00x21.00x30.00mm; 70000153838; Manufacturer: IKO International. 100% new",,24.0,Pieces,0.0,567.84,,,
2025-04-11,印度,中国,BEARING INDIA,XI'AN WEINUO MACHINERY AND EQUIPMENT CO LTD,"2418, SECOND FLOOR, GEETA MANSION, G.B. ROAD",,,,,CHINA,,Qingdao,ICD PATPARGANJ,84828000,LINEAR MOTION BEARINGS: Nylon23-4-90 LINEAR MOTION BEARINGS: Nylon23-4-90,,299.0,NOS,0.0,567.1598,SY97QUTSBZ3ZI,,
2025-10-20,越南,中国台湾,CÔNG TY TNHH MISUMI VIỆT NAM,MISUMI TAIWAN CORP,"Lot No. 15, Road Ts 11, Tien Son Industrial Park, Dai Dong Commune, Bac Ninh Province, Vietnam","15 F., NO. 223, SONGJIANG RD., ZHONGSHAN DIST., TAIPEI CITY,104472, TAIWAN, TW",,,,Taiwan,,,,84828000,"Thanh trượt tuyến tính có ổ bi (bằng thép, dài 1120mm), hàng mới 100%, nhãn hiệu: MISUMI, code: C-SH2R28-1120,Linear sliders have ball bearings (steel, length 1120mm), 100% brand new brand: MISUMI, code: C-SH2R28-1120",,8.0,Pieces,0.0,567.1136,,,
2025-09-18,印度,中国,SHAKTI BEARING,NINGBO HUAYI IMPORT AND EXPORT CO LTD,21/2 REVA BHAI INDUSTRIAL ESTATE NEAR ISHWAR KRUPA WAY BRIDGE CTM AMRAIWADI,"ROOM 12-7/8HUAHONG INTERNATIONAL CENTRE, NO. 717, ZHONGXING ROAD, JIANGDONG DISTRICT,NINGBO CHINA CN",,,,China (CN),,Qingdao,,84828000,LINEAR MOTION BEARING : LM30UU LINEAR MOTION BEARING,,1000.0,NOS,0.0,566.59,,,
2025-10-25,印度,中国,RHD ENTERPRISE,CIXI HUIBO IMPORT AND EXPORT CO LTD,,"ROOM 305 BUILDING NO.1 FENGZEWAN,ZH OUXIANG TOWN,CIXI SDNF CHINA",,,,China (CN),,Ningbo,NHAVA SHEVA SEA (INNSA1),84821090,LINEAR BEARING SC 20UU LINEAR BEARING SC 20UU,,520.0,PCS,0.0,566.58,,,
2025-02-14,印度,中国,RELIANCE TOOLS AND BEARING STORES,ZHEJIANG SIQIANG BEARING MANUFACTURE CO LTD,"GRD FLR, 163, MUTTON  STREET, ",,,,,CHINA,,Ningbo,NHAVA SHEVA SEA (INNSA1),84828000,FLANGE LINEAR MOTION BEARING LMF25UU FLANGE LINEAR MOTION BEARING LMF25UU,,384.0,PCS,0.0,566.5128,LEHHKMP5GYLNX,,
2025-09-10,越南,中国,CÔNG TY TNHH MISUMI VIỆT NAM - CHI NHÁNH THÀNH PHỐ HỒ CHÍ MINH,MISUMI CHINA PRECISION MACHINERY TRADING CO LTD,"Room 901, 9th Floor, Sacom-Chip Sang Building, Lot T2-4, D1 Street, High-Tech Park, Tang Nhon Phu Ward, Ho Chi Minh City","NO.1058 DILING RD, FENGXIAN DIST, SHANGHAI, CN",,,,China,,,,84828000,"Thanh trượt tuyến tính có ổ bi, nhãn hiệu MISUMI, mới 100%, code: E-GMLG15-110,Linear sliders have ball bearings, brands MISUMI, 100% new code: E-GMLG15-110",,100.0,Pieces,0.0,566.451,,,
2025-05-12,越南,中国,CÔNG TY TNHH MISUMI VIỆT NAM,MISUMI CHINA PRECISION MACHINERY TRADING CO LTD,"Lô số 15, đường TS11, khu công nghiệp Tiên Sơn, Xã Hoàn Sơn. Huyện Tiên Du, Bắc Ninh","NO.1058 DILING RD, FENGXIAN DIST, SHANGHAI, CHINA, CN",,,,China,,,,84828000,"Thanh trượt tuyến tính có ổ bi (bằng thép, dài 900mm), hàng mới 100%, nhãn hiệu: MISUMI, code: E-GMLG9-900,Linear slide with ball bearing (steel, length 900mm), 100% new, brand: MISUMI, code: E-GMLG9-900",,40.0,Pieces,0.0,565.8992,,,
2025-10-25,印度,中国,RHD ENTERPRISE,CIXI HUIBO IMPORT AND EXPORT CO LTD,,"ROOM 305 BUILDING NO.1 FENGZEWAN,ZH OUXIANG TOWN,CIXI SDNF CHINA",,,,China (CN),,Ningbo,NHAVA SHEVA SEA (INNSA1),84821090,LINEAR BEARING LMK30LUU C,,180.0,PCS,0.0,565.59,,,
2025-08-21,越南,中国台湾,CÔNG TY TNHH MISUMI VIỆT NAM - CHI NHÁNH THÀNH PHỐ HỒ CHÍ MINH,MISUMI TAIWAN CORP,"Room 208, 2Nd Floor, Sacom-Chip Sang Building, Lot T2-4, Road D1, Hi-Tech Park, Tan Phu Ward, Thu Duc City, Ho Chi Minh City","9F-1, NO.126, SEC.4, NANJING E.RD., TAIPEI,10595, TAIWAN., ",,,,Taiwan,,,,84828000,"Thanh trượt tuyến tính có ổ bi, nhãn hiệu MISUMI, mới 100%, code: C-SXR33-640,Linear sliders have ball bearings, brands MISUMI, 100% new code: C-SXR33-640",,12.0,Pieces,0.0,564.512,,,
2025-07-29,印度,中国,RHD ENTERPRISE,CIXI HUIBO IMPORT AND EXPORT CO LTD,"D-10, HIRAMANEK BAPTISTA ROAD, VILE PARLE WEST,MUMBAI null",,,,,CHINA,,Qingdao,NHAVA SHEVA SEA (INNSA1),84821090,LINEAR BEARINGS LME40UU LINEAR BEARINGS LME40UU,,250.0,NOS,0.0,563.9143,RT6OI02E86FIR,,
2025-01-22,印度,中国,AXIS TECHNOLOGIES,YIBOYUAN LINQING CITY PRECISION MACHINERY CO L,"207, ARIHANT TOWER, 2ND FLOOR,83 V. V .CHANDAN STREET, MUMBAI, ",,,,,CHINA,,Qingdao,NHAVA SHEVA SEA (INNSA1),84828000,LINEAR MOTION BEARINGS SC50UU LINEAR MOTION BEARINGS SC50UU,,50.0,PCS,0.0,563.6785,C0W3RR1INJTTB,,
2025-03-29,印度,中国,KHS INNOVATION & ENGINEERING LLP,LISHUIJINZHENGBEARINGMANUFACTURE,"4A, KARIM BUILDING, 1ST FLOOR,142/  144, ABDUL REHMAN STREET ",,,,,CHINA,,Shanghai,NHAVA SHEVA SEA (INNSA1),84828000,LINEAR MOTION BEARINGS LM40UU (BRAND - NIPPON) LINEAR MOTION BEARINGS,,300.0,PCS,0.0,562.6885,ML7QWEAYAMIQU,,
2025-11-05,印度,中国,AXIS TECHNOLOGIES,ZHEJIANG JINGRUI INTELLIGENT TRANSMISSION CO LTD,"207, ARIHANT TOWER, 2ND FLOOR,83 V. V .CHANDAN STREET, MUMBAI, ","#99, Shangxu Road Lishui Industral Zone Zhejiang, Zhejiang, CHINA SDNF CHINA",,,,China (CN),,Shanghai,NHAVA SHEVA SEA (INNSA1),84828000,LINEAR MOTION BEARINGS LMF 80UU LINEAR MOTION BEARINGS LMF 80UU,,20.0,NOS,0.0,562.67,,,
2025-07-22,越南,中国,CÔNG TY TNHH MISUMI VIỆT NAM,MISUMI CHINA PRECISION MACHINERY TRADING CO LTD,"Lot No. 15, Road Ts11, Tien Son Industrial Park, Dai Dong Commune, Bac Ninh Province, Vietnam","NO.1058 DILING RD, FENGXIAN DIST, SHANGHAI, CHINA, ZZ",,,,China,,,,84828000,"Thanh trượt tuyến tính có ổ bi (bằng thép, dài 33.9mm), hàng mới 100%, nhãn hiệu: MISUMI, code: C-MLGB12,Linear slide with ball bearing (steel, length 33.9mm), 100% new, brand: MISUMI, code: C-MLGB12",,200.0,Pieces,0.0,562.476,,,
2025-01-21,印度,中国,V M TRADERS,SHANGHAI FENYUE INTERNATIONAL,"67, NAGDEVI STREET,  2ND FLOOR, ",,,,,CHINA,,Shanghai,NHAVA SHEVA SEA (INNSA1),84828000,CAM FOLLOWER (MNB) CF12BUUR LINEAR  BALL BEARINGS,,300.0,NOS,0.0,562.2573,CGXM94FBE4HRU,,
2025-08-07,印度,中国,PARTH AGENCY,SHANGHAI SIMINGTE AUTOMATION TECHNOLOGY CO LTD,N/A N/A,"INDUSTRIAL PARK, YANDIAN TOWN LINQI NG CITY SHANDONG PROVINCE LINQING, Shandong, CHINA CHINA",,,,China (CN),,Qingdao,,84828000,LINEAR MOTION BEARINGS LM20UU LINEAR MOTION BEARINGS LM20UU,,2000.0,PCS,0.0,561.46,,,
2025-11-05,印度,中国,AXIS TECHNOLOGIES,ZHEJIANG JINGRUI INTELLIGENT TRANSMISSION CO LTD,"207, ARIHANT TOWER, 2ND FLOOR,83 V. V .CHANDAN STREET, MUMBAI, ","#99, Shangxu Road Lishui Industral Zone Zhejiang, Zhejiang, CHINA SDNF CHINA",,,,China (CN),,Shanghai,NHAVA SHEVA SEA (INNSA1),84828000,LINEAR MOTION BEARINGS SC 40UU LINEAR MOTION BEARINGS SC 40UU,,108.0,NOS,0.0,561.14,,,
2025-05-27,印度,中国,THE BALL BEARING TRADERS,ZHEJIANG SIQIANG BEARING MANUFACTURE CO LTD,"NO.8/1,KRISHNASAI MANSION,N.R.RD,K  ALASIPALYAM, NEW EXTN. ",,,,,CHINA,,Ningbo,Chennai  ,84828000,LINEAR BEARINGS-LMF25  UU LINEAR BEARINGS-LMF25  UU,,400.0,NOS,0.0,560.9873,BNUI4YICVJ80K,,
2025-03-02,印度,中国,KNOWELL INTERNATIONAL PRIVATE LIMITED,RHB PRECISION MACHINERY CO LTD,"20, NETAJI SUBHAS ROAD,  N/A",,,,,CHINA,,Shanghai,Kolkata,84828000,LINEAR MOTION GLIDING BEARINGS NO - PHS6 (BRAND - KHK) LINEAR MOTION GLIDING BEARINGS NO - PHS6 (BRAND - KHK),,1000.0,PCS,0.0,560.7544,JRTAQCEL963R7,,
2025-03-02,印度,中国,KNOWELL INTERNATIONAL PRIVATE LIMITED,RHB PRECISION MACHINERY CO LTD,"20, NETAJI SUBHAS ROAD,  N/A",,,,,CHINA,,Shanghai,Kolkata,84828000,LINEAR MOTION GLIDING BEARINGS NO - PHS 6L (BRAND - KHK) LINEAR MOTION GLIDING BEARINGS NO - PHS 6L (BRAND - KHK),,1000.0,PCS,0.0,560.7544,JRTAQCEL963R7,,
2025-12-04,印度,中国,KNOWELL INTERNATIONAL PRIVATE LIMITED,RHB PRECISION MACHINERY CO LTD,"20, NETAJI SUBHAS ROAD,  N/A","NO. 20-6, 37 BAIZHANG EAST ROAD, YI NZHOU, NINGBO P.R. CHINA ., , CHINA SDNF CHINA",,,,China (CN),,Shanghai,Kolkata,84828000,LINEAR MOTION GLIDING BEARINGS NO - SC 30UU (BRAND - KHK) LINEAR MOTION GLIDING BEARINGS NO - SC 30UU (BRAND - KHK),,90.0,PCS,0.0,560.49,,,
2025-01-13,印度,中国,AXIS TECHNOLOGIES,ZHEJIANG JINGRUI INTELLIGENT TRANSMISSION CO LTD,"207, ARIHANT TOWER, 2ND FLOOR,83 V. V .CHANDAN STREET, MUMBAI, ",,,,,CHINA,,Ningbo,NHAVA SHEVA SEA (INNSA1),84828000,LINEAR MOTION BEARINGS SC40UU LINEAR MOTION BEARINGS SC40UU,,108.0,PCS,0.0,559.978,Y1D7BE3Q2SBOJ,,
2025-08-30,印度,中国,MISUMI INDIA PRIVATE LIMITED,MISUMI CHINA PRECISION MACHINERY,"3RD FL.ONYX BUILDING, NORTH MAIN  ROAD, KOREGAON PARIK ","TRADING CO.,LTD NO.1058 DILING RD FENGXIAN DIST, SHANGHAI, CHINA ZIP CD:201402 CHINA",,,,China (CN),,Shanghai,,84828000,LINEAR BALL BEARING-D3250828116651(STANDARD COMPONENTS FOR PRESS DIE AND PLASTIC MOLD)LINEAR BALL BEARING-D3250828116651(STANDARD COMPONENTS FOR P,,75.0,PCS,0.0,559.89,,,
2025-03-25,越南,中国,CÔNG TY TNHH CÔNG NGHIỆP KTL,NINGBO MIKATE TRANSMISSION TECHNOLOGY CO LTD,"25/A85 NA12 Street, Viet Sing Residential Area, T.15, Binh Giao Quarter, Thuan Giao Ward, Thuan An City, Binh Duong Province","NO.9 SHANGSHAO EAST AREA, ZHUANGQIAO STREET, JIANGBEI DISTRICT, NINGBO CHINA, CN",,,,China,,,,84828000,"Bạc đạn bằng thép-linear bearing, hiệu MYT, model LM8SUU , kích thước dr8*D15*L17mm, hàng mới 100%,Steel linear bearing, MYT brand, model LM8SUU, size dr8*D15*L17mm, 100% new",,1056.0,Pieces,0.0,559.68,,,
2025-10-16,印度,中国,CIU BEARING CO,TIANJIN TEXTILE GROUP IMPORT AND EXPORT INC,,"3YUNNAN ROAD, TIANJIN, CHINA Tianji n, , CHINA SDNF CHINA",,,,China (CN),,Qingdao,NHAVA SHEVA SEA (INNSA1),84828000,LINEAR MOTION BEARINGS LM 30 UU LINEAR MOTION BEARINGS LM 30 UU,,1000.0,NOS,0.0,558.68,,,
2025-10-25,印度,中国,RHD ENTERPRISE,CIXI HUIBO IMPORT AND EXPORT CO LTD,,"ROOM 305 BUILDING NO.1 FENGZEWAN,ZH OUXIANG TOWN,CIXI SDNF CHINA",,,,China (CN),,Ningbo,NHAVA SHEVA SEA (INNSA1),84821090,LINEAR BEARING SC 40UU LINEAR BEARING SC 40UU,,100.0,PCS,0.0,558.66,,,
2025-05-14,哈萨克斯坦,中国,ТОО ПРОИЗВОДСТВЕННО КОММЕРЧЕСКАЯ ФИРМА КОНТИНЕНТ КО ЛТД,SHANGHAI WEIYE OFC EQUIPMENT CO LIMITED,"КАЗАХСТАН, Г. АТЫРАУ, ПРОМЫШЛЕННАЯ ЗОНА СОЛТҮСТІК, СТРОЕНИЕ 52А","КИТАЙ, SHANGHAI, 201 MINYI LU, SONGJIANG QU",,,"SHANGHAI WEIYE OFC EQUIPMENT CO., LIMITED;
",China,Kazakhstan,,,8482109008,"1. ЛИНЕЙНЫЙ ПОДШИПНИК (ЛИНИЯ ИЗГОТОВЛЕНИЯ МОДУЛЯ),    ЛИНЕЙНЫЙ ПОДШИПНИК (ЛИНИЯ ИЗГОТОВЛЕНИЯ МОДУЛЯ); ПРОИЗВОДИТЕЛЬ: SHANGHAI WEIYE OFC EQUIPMENT CO., LIMITED; ТОВАРНЫЙ ЗНАК: SHANGHAI WEIYE OFC EQUIPMENT; МАРКА ТОВАРА: SHANGHAI WEIYE OFC EQUIPMENT; , КОЛИЧЕСТВО: 2.00 ШТ;",,2.0,ШТ,4.0,558.07,,,"SHANGHAI WEIYE OFC EQUIPMENT;
"
2025-11-20,越南,中国,CÔNG TY CỔ PHẦN ĐẦU TƯ VÀ PHÁT TRIỂN HOÀNG MINH,GROOT SHANDONG SUPPLY CHAIN TECHNOLOGY CO LTD,"Van Diem Village, Phu Xuyen Commune, Hanoi City, Vietnam","5012, 3RD FLOOR, BUILDING, MENGSHAN FOURTH ROAD, YIHE NEW AREA, COMPREHENSIVE BONDED ZONE, LINYI CITY, SHANDONG PROVINCE,CHINA",,,,China,,,,84821000,"Con trượt bằng thép,  nhãn hiệu TBAI,  dùng cho lắp ráp máy, mô tơ, động cơ. Mã hàng  HGH15CA ( Steel Cages) , kích thước 61.4*34*23.7mm. Hàng mới 100%. NSX: GROOT (SHANDONG) SUPPLY CHAIN TECHNOLOGY,Steel linear bearings, TBAI brand, used for assembling machines, motors, and engines. Item code HGH15CA (Steel Cages), dimensions 61.4*34*23.7mm. 100% brand new. Manufacturer: GROOT (SHANDONG) SUPPLY CHAIN TECHNOLOGY",,300.0,Pieces,0.0,558.0,,,
2025-04-28,越南,中国台湾,CÔNG TY TNHH JADE M - TECH,CHUN LOUNG CO LTD,"Land plot number TT3-09, Land Stuck Area, Lien Mac Ward, Bac Tu Liem District, Hanoi City, Vietnam","NO.1, LANE 333, MINYI ST., FUAN VILLAGE, SIOUSHUEI TOWNSHIP, CHANGHUA COUNTY 50444, TAIWAN, TW",,,,Taiwan,,,,84821000,"Con trượt ARC20MN S V1N, bộ phận của thanh tuyến tính dẫn hướng, bằng thép, có ổ bi, phụ tùng máy gia công kim loại. NSX: CPC, mới 100%,ARC20MN S V1N slider, part of linear guide bar, steel, with ball bearing, metalworking machine spare part. Manufacturer: CPC, 100% new",,36.0,Pieces,0.0,558.0,,,
2025-06-30,印度,中国,MAHAVIR SALES CORPORATION,YIWU ZHITONG E COMMERCE FIRM,"128,NARAYAN DHURU STREET,MICRO  HOUSE,4TH FL ",,,,,CHINA,,Ningbo,NHAVA SHEVA SEA (INNSA1),84828000,LINEAR MOTION BEARINGS SCS30L UU LINEAR MOTION BEARINGS SCS30L UU,,100.0,PCS,0.0,557.7956,T7FO7SFY9XVX3,,
2025-11-05,印度,中国,KHS INNOVATION & ENGINEERING LLP,ZHEJIANG SIQIANG BEARING MANUFACTUR,"4A, KARIM BUILDING, 1ST FLOOR,142/  144, ABDUL REHMAN STREET ","E CO.,LTD NO.97,XIANXIA ROAD. NANMING MOUNTAIN STREET. LIANDU ZONE.LISHUI CITY.ZHEJIANG CHINA",,,,China (CN),,SHANGHAI,NHAVA SHEVA SEA (INNSA1),84828000,LINEAR MOTION BEARINGS LME12UU KHS-LG LINEAR BEARINGS,,1743.0,PCS,0.0,557.76,,,
2025-02-25,越南,中国,CÔNG TY TNHH XNK CAO LỘC PHÁT,DONGXING CITY XING LONG TRADE LIMITED,"No. 298, Mac Dinh Chi Street, Ninh Duong Ward, Mong Cai City, Quang Ninh Province, Vietnam","NO.26, LANE 3, DONGXING TOWN, JIANG NA STREET, DONGXING CITY, GUANGXI, CHINA, CN",,,,China,,,,84821000,"Ổ bi trượt vuông bằng thép, dùng cho thanh trượt tuyến tính của máy khắc gỗ CNC, model HGW35CC, kích thước (48x100x113)mm, hiệu HW, mới 100%,Square steel slide bearing, used for linear slide of CNC wood carving machine, model HGW35CC, size (48x100x113)mm, HW brand, 100% new",,25.0,Pieces,0.0,557.5,,,
2025-02-24,越南,中国,CÔNG TY TNHH XNK CAO LỘC PHÁT,DONGXING CITY XING LONG TRADE LIMITED,"No. 298, Mac Dinh Chi Street, Ninh Duong Ward, Mong Cai City, Quang Ninh Province, Vietnam","NO.26, LANE 3, DONGXING TOWN, JIANG NA STREET, DONGXING CITY, GUANGXI, CHINA, CN",,,,China,,,,84821000,"Ổ bi trượt vuông bằng thép, dùng cho thanh trượt tuyến tính của máy khắc gỗ CNC, model HGW35CC, kích thước (48x100x113)mm, hiệu HW, mới 100%,Square steel slide bearing, used for linear slide of CNC wood carving machine, model HGW35CC, size (48x100x113)mm, HW brand, 100% new",,25.0,Pieces,0.0,557.5,,,
2025-11-07,菲律宾,中国香港,NEXPERIA PHILIPPINES INC,NEXPERIA HONG KONG,"PHILIPS AVENUE, LISP I-SEZ, BO. DIEZMO, CABUYAOLAGUNA 4025PHILIPPINES",,,,,HONG KONG,,,,84828000000,LINEAR BEARING,,32.0,PIECE,0.76,557.411,3415223486,,
2025-10-21,印度,中国,NEEDLES BEARINGS INDIA,YIBO YUAN LINQING CITY PRECISION,,"MACHINERY CO LTD,ADDRESS.INDUSTRIAL PARK,BACHALU TOWN ,LINQING CITY LIAOCHENG CITY,SHANDONG PROVINCE CHINA",,,,China (CN),,Beijing,CHENNAI AIR CARGO ACC (INMAA4),84821090,LINEAR BEARING PART NO LMFM40LUU HC LINEAR BEARING PART NO LMFM40LUU HC,,60.0,PCS,0.0,556.27,,,
2025-03-01,印度,中国,ROLLON INDIA PRIVATE LIMITED,ROLLON S R L,"SY NO. 261, K NO. 1056, 1037 1,104  21, GB PALYA, HOGASANDRA V ",,,,,CHINA,,Milan,BANGALORE ACC (INBLR4),84828000,RGAP43R ROTELLA ECC PIANA GOTICA CON CODOLINO X GUID TG LINEAR MOTION COMPONENTS (SLIDER WITH ROLLER BEARING)RGAP43R ROTELLA ECC PIANA GOTICA CON CODOLINO X GUID TG LINE,,176.0,PCS,0.0,556.1539,YTED7EJ8VBFP3,,
2025-08-21,印度,中国,AMBICA IMPEX,ZHEJIANG OUYI BEARING MANUFACTURE CO LTD,N/A N/A,"ADD NO 701# JIANGNAN STREET, LISHUI , Zhejiang, CHINA SDNF CHINA",,,,China (CN),,Shanghai,,84821090,Linear bearing Block (HGW15 CA) Linear bearing Block (HGW15 CA),,200.0,NOS,0.0,556.13,,,
2025-06-16,印度,中国,BOMAG INDIA PRIVATE LIMITED,BOMAG CHANGZHOU CONSTRUCTION MACHINERY CO LTD,"1206 LODHA SUPREMUS SENAPATI B ROA  D,LOWER PAREL WEST MUMBAI 13 ",,,,,CHINA,,Shanghai,NHAVA SHEVA SEA (INNSA1),84821090,5164001 Linear ball bearing (PRODUCTION PARTS FOR ROAD ROLLER)5164001 Linear ball bearing (PRODUCTION PARTS FOR ROAD ROLLE,,30.0,NOS,0.0,555.5498,WVCWEM62HV3D3,,
2025-03-12,越南,中国台湾,CÔNG TY TNHH MISUMI VIỆT NAM - CHI NHÁNH THÀNH PHỐ HỒ CHÍ MINH,MISUMI TAIWAN CORP,"Room 901, 9th Floor, Sacom-Chip Sang Building, Lot T2-4, Street D1, High-Tech Park, Tan Phu Ward, Thu Duc City, Ho Chi Minh City","9F-1, NO.126, SEC.4, NANJING E.RD., TAIPEI,10595, TAIWAN., TW",,,,Taiwan,,,,84828000,"Thanh trượt tuyến tính có ổ bi, nhãn hiệu MISUMI, mới 100%, code: C-SV2R24-580,Linear slide with ball bearing, MISUMI brand, 100% new, code: C-SV2R24-580",,12.0,Pieces,0.0,555.5273,,,
2025-12-13,秘鲁,中国,IMPORTADORA Y DISTRIBUIDORA DE RETENES R,KAIYUAN SHIPPING CO LTD,AV. RAMON CARCAMO NRO. 506,,,,,"CHINA, PEOPLE'S REPUBLIC OF",,NINGBO LISHE INTERNATIONAL APT,,8482100000,"RODAMIENTO LINEAL, KMK, ROD-3450 REPUESTO PARA MAQUINAS QUE REQUIEREN ALTA PRECISION DE POSICIONAMIENTO, REPETIBILIDAD Y RI RODAMIENTOS INDUSTRIALES DE ACERO DONDE RECIRCULAN UNAS PEQUENAS BOLAS DE ACERO QUE PERMIT LINEAR BEARING DE ACERO",,40.0,UNITS,35.45,555.31,,,
2025-02-25,印度,中国,INDO MIM LIMITED,DONGGUAN YHD SUPPLY CHAIN MANAGEMENT CO LTD,"213/(539/A), STREET.NO.7, LANE.NO.2 HIMAYAT NAGAR, ",,,,,CHINA,,Shanghai,BANGALORE ACC (INBLR4),84828000,"GUIDE LINEAR BEARING WITH FLANGE (NICKEL PLATING),LMJ73-D8,44NOS(JIGS & FIXTURE PARTS)GUIDE LINEAR BEARING WITH FLANGE (NICKEL PLATING),LMJ73-D8,4",,44.0,NOS,0.0,555.1555,3LV6AJYZI0KQJ,,
2025-11-07,印度,中国,AGARWAL INDUSTRIES,CHANGZHOU FOLEVO PRECISION MACHINER,4 Ground Floor HARESH CHAMBER SAMUEL STREET VADGADI,"Y CO., LTD NO. 288, XIAXI WEST ROAD , JIAZE TOWN, WUJIN DISTRICT, CHANG ZHOU CITY, JIANGSU CHINA",,,,China (CN),,Qingdao,NHAVA SHEVA SEA (INNSA1),84821090,LINEAR BALL BEARING SBR20 UU With Clips LINEAR BALL BEARING,,500.0,PCS,0.0,555.07,,,
2025-03-25,越南,中国,CÔNG TY TNHH CÔNG NGHIỆP KTL,NINGBO MIKATE TRANSMISSION TECHNOLOGY CO LTD,"25/A85 NA12 Street, Viet Sing Residential Area, T.15, Binh Giao Quarter, Thuan Giao Ward, Thuan An City, Binh Duong Province","NO.9 SHANGSHAO EAST AREA, ZHUANGQIAO STREET, JIANGBEI DISTRICT, NINGBO CHINA, CN",,,,China,,,,84828000,"Bạc đạn bằng thép-linear bearing, hiệu MYT, model LMH12LUU, kích thước dr12*D21*L57mm, hàng mới 100%,Steel linear bearing, MYT brand, model LMH12LUU, size dr12*D21*L57mm, 100% new",,192.0,Pieces,0.0,554.88,,,
2025-11-12,越南,中国,CÔNG TY TNHH REGINA MIRACLE INTERNATIONAL VIỆT NAM,MAKERBONI MECHANICS SHANGHAI CO LTD,"No. 9, East-West Road, VSIP Hai Phong Industrial and Service Zone, Thuy Nguyen Ward, Hai Phong City, Vietnam","ROOM 4070, 4TH FLOOR, BUILDING 22, NO.85, MINGNAN ROAD, ZHONGSHAN STREET,SONGJIANG DISTRICT, SHANGHAI, CHINA",,,,Japan,,,,84828000,"VDW0180249#&BEARING,LINEAR - Bộ bạc đạn trượt đầu cắt máy cắt vải 59486001, hàng mới 100%,VDW0180249#&BEARING,LINEAR - Sliding bearing set for fabric cutting machine 59486001, 100% brand new.",,3.0,Set,0.0,554.79,,,
2025-04-15,印度,中国,KHS INNOVATION & ENGINEERING LLP,ZHEJIANG SIQIANG BEARING MANUFACTUR,"4A, KARIM BUILDING, 1ST FLOOR,142/  144, ABDUL REHMAN STREET ",,,,,CHINA,,Shanghai,NHAVA SHEVA SEA (INNSA1),84828000,LINEAR MOTION BEARINGS LMK12UU (BRAND - MA) LINEAR MOTION BEARINGS,,800.0,PCS,0.0,554.4344,GZ6HW5WC9YCWX,,
2025-02-20,印度,中国香港,BHAVI IMPEX,AMLAND GLOBE HK ENTERPRISE LTD,"108,SHUBH SANDESH, 16,  HANSRAJ LANE, BYCULLA, ",,,,,HONG KONG,,Ningbo,NHAVA SHEVA SEA (INNSA1),84828000,"LINEAR BEARING BRAND:HL ,ITEM NO.LMF25LUU NI LINEAR BEARING",,48.0,NOS,0.0,554.4336,U6066D9M8DSTU,,
2025-11-20,印度,中国,SAAVIK ENTERPRISES,SKYWALK INDUSTRIES GROUP LIMITED,,"UNIT 04-05,16/F THE BROADWAY NO 5 4-6 2 LOCK HART RD WANCHAI HK CHINA",,,,China (CN),,Ningbo,MUNDRA PORT &amp; SEZ LTD (INAJM6),84821090,ASSORTED TYPES OF LINEAR BALL BUSH BEARING 22  CHAIN (SPARE PARTS),,1000.0,PCS,0.0,554.04,,,
2025-10-09,越南,中国,CÔNG TY TNHH JADE M - TECH,WUXI J WELL IMPORT AND EXPORT TRADING CO LTD,"Land Lot No. Tt3-09, Land Jam, Thuong Cat Ward, Hanoi City, Vietnam","YANGSHI CHUXIN INDUSTRIAL PARK, LUOSHE TOWN, HUISHAN DISTRICT, WUXI CITY, CN",,,,China,,,,84821000,"Con trượt MGN7C Z0C-T bộ phận của thanh tuyến tính dẫn hướng, bằng thép,có ổ bi,không hiệu, phụ tùng máy gia công kim loại. NSX: Wuxi J-Well, mới 100%,Slider MGN7C Z0C-T department of the linear guide, steel ball bearing,non-performance, machine parts metal machining. MANUFACTURER: Wuxi J-Well, 100% new",,200.0,Pieces,0.0,554.0,,,
2025-09-05,印度,中国,N J ENTERPRISES,DYNAMIC RICH INC LIMITED,"A-104, AVANI TOWER , D.G ROAD, OLD MULUND, MULUND WEST,","ROOM 707, CHENGGONG BUILDING, ZHONG SHAN DISTRICT, DALIAN CHINA 116000 SDNF CHINA",,,,China (CN),,Qingdao,,84828000,LINEAR MOTION BEARING LM50UU LINEAR MOTION BEARING LM50UU,,150.0,PCS,0.0,553.8,,,
2025-12-04,印度,中国,MOTHERSON ELECTRONIC COMPONENTS PRIVATE LIMITED,ELEGANT HK INTERNATIONAL TRADING CO LIMITED,"F-7 BLOCK B-1 MCIE ,  Mohan Cooperative Industrial Estate, ,  Mathura Road,Tugalkabad ,  SOUTH DELHI ,  DELHI,  110044 N/A",RM1801 EASEY COMM BLDG 253-261 HENN ESSY RD WANCHAI HONGKONG SDNF Hong Kong,,,,China (CN),,Hong Kong,CHENNAI AIR CARGO ACC (INMAA4),84821090,[8006949] Linear bearing LMK10L [8006949] Linear bearing LMK10L,,8.0,NOS,0.0,553.25,,,
2025-10-01,菲律宾,中国台湾,JB ELITE CORPORATION,HON PRECISION INC,UNIT6 AND7 2ND FLOOR LOT L PASEO DE CARMONA BRGY MADUYA CARMONACAVITE 4116PHILIPPINES,,,,,TAIWAN,,,,84828000000,2 LINEAR BEARING P02022006B,,2.0,PIECE,0.3,551.9938,884552432149,,
2025-03-02,印度,中国,KNOWELL INTERNATIONAL PRIVATE LIMITED,RHB PRECISION MACHINERY CO LTD,"20, NETAJI SUBHAS ROAD,  N/A",,,,,CHINA,,Shanghai,Kolkata,84828000,LINEAR MOTION GLIDING BEARINGS NO - POS 16 (BRAND - KHK) LINEAR MOTION GLIDING BEARINGS NO - POS 16 (BRAND - KHK),,324.0,PCS,0.0,551.6599,JRTAQCEL963R7,,
2025-09-22,印度,中国,CIU BEARING CO,TIANJIN TEXTILE GROUP IMPORT AND EXPORT INC,"502, SATGURU SUPREME, WALJI LADHA ROAD, MULUND WEST,","3YUNNAN ROAD, TIANJIN, CHINA Tianji n, , CHINA SDNF CHINA",,,,China (CN),,Qingdao,,84828000,LINEAR MOTION BEARINGS SME30UU LINEAR MOTION BEARINGS SME30UU,,200.0,NOS,0.0,551.2,,,
2025-07-30,印度,中国台湾,AMARA RAJA ENERGY & MOBILITY LIMITED,HITEC AUTOMATION CO LTD,RENIGUNTA CUDDAPAH RD  N/A,,,,,TAIWAN,,Taiyuan,CHENNAI AIR CARGO ACC (INMAA4),84821090,LINEAR BEARING-SCSSEBL20101-PO#2119016221 LINEAR BEARING-SCSSEBL20101-PO#2119016221,,2.0,PCS,0.0,550.8553,5HL4VRP6WLMIZ,,
2025-07-12,印度,中国,MISUMI INDIA PRIVATE LIMITED,MISUMI CHINA PRECISION MACHINERY,"3RD FL.ONYX BUILDING, NORTH MAIN  ROAD, KOREGAON PARIK ",,,,,CHINA,,Shanghai,BANGALORE ACC (INBLR4),84828000,LINEAR BALL BEARING-DA915623007789(STANDARD COMPONENTSFOR PRESS DIE AND PLASTIC MOLD)LINEAR BALL BEARING-DA915623007789(STANDARD COMPONENTSFOR PR,,24.0,PCS,0.0,550.6953,309J1L3WV4DN5,,
2025-06-30,印度,中国,MAHAVIR SALES CORPORATION,YIWU ZHITONG E COMMERCE FIRM,"128,NARAYAN DHURU STREET,MICRO  HOUSE,4TH FL ",,,,,CHINA,,Ningbo,NHAVA SHEVA SEA (INNSA1),84828000,LINEAR MOTION BEARINGS LMK 25 UU LINEAR MOTION BEARINGS LMK 25 UU,,500.0,PCS,0.0,550.5916,T7FO7SFY9XVX3,,
2025-07-09,印度,中国,KHS INNOVATION & ENGINEERING LLP,ZHEJIANG SIQIANG BEARING MANUFACTUR,"4A, KARIM BUILDING, 1ST FLOOR,142/  144, ABDUL REHMAN STREET ",,,,,CHINA,,Shanghai,NHAVA SHEVA SEA (INNSA1),84828000,LINEAR MOTION BEARINGS LM16UUOP KHS-LG LINEAR BEARINGS,,1000.0,PCS,0.0,550.5723,ZZJGP1M2HQBY3,,
2025-09-01,印度,中国,WEBSOL ENERGY SYSTEM LIMITED,WUXI LERIN NEW ENERGY TECHNOLOGY CO LTD,,ROOM 719 NO 1097 EAST TAIHU AVENUE DONGTING STREET XISHAN DISTRICT WUX SDNF China,,,,China (CN),,SHANGHAI,,84828000,LINEAR BEARING (FOC)(NCV)(DTLS AS PER INV),,4.0,PCS,0.0,550.25,,,
2025-06-09,越南,中国,CÔNG TY TNHH KHOA HỌC KỸ THUẬT GOERTEK VINA,NANNING GOERTEK TRADING CO LTD,"Lot N-1, Que Vo Industrial Park (Expansion Area), Nam Son Ward, Bac Ninh City, Bac Ninh Province, Vietnam","F16-17, R&D BLD, HEADQUARTER BASE, OF NANNING-ASEAN AGRICULTURAL, SCIENCE & TECHNOLOGY DLT ENTERPRISE, NO.10 GAOXIN,3RD ROAD, NANNING CITY, CN",,,,Viet Nam,,,,84828000,"701020031548#&Thanh trượt tuyến tính có ổ bi model SSEB8-55 hiệu Misumi chất liệu bằng Inox dùng trong chuyền sản xuất sản phẩm, kích thước: D8*55mm, mới 100%, 701020031548,701020031548#&Linear slide with ball bearing model SSEB8-55 brand Misumi, made of stainless steel, used in product production line, size: D8*55mm, 100% new, 701020031548",,36.0,Pieces,0.0,550.04,,,
2025-10-15,越南,中国,CÔNG TY TNHH KIJO BATTERY VIETNAM,KIJO POWER SHENZHEN CO LTD,"Lot B14.1, Road N12, Thanh Thanh Cong Industrial Park, Trang Bang Ward, Tay Ninh Province, Vietnam","1109 ROOM, BLOCK 4, CHONGWEN GARDEN, NO.1TANGLING ROAD,FUGUANG COMMUNITY, TAOYUAN STREET, NANSHAN DISTRICT, SHENZHEN, GUANGDONG",,,,China,,,,84821000,"SLIDER-Con trượt bằng sắt, có cơ cấu ổ bi bên trong, dùng cho thanh trượt tuyến tính, mã: GHW15CC, hiệu: SHAC, kích thước: 61*47*20mm, mới 100%,SLIDER-the slider of iron, structure, ball bearings inside, used for linear sliders, code: GHW15CC, brand: SHAC, size: 61*47*20mm, 100% new",,40.0,Pieces,0.0,550.0,,,
2025-11-19,印度,中国,AMAFHH SONS,ZHEJIANG SIQIANG BEARING MANUFACTURE CO LTD,"2ND FLOOR, 71 NAGDEVI CROSS LANE,,  N/A","NO.97,XIANXIA ROAD,NANMING MOUNTAIN STREET, LIANDU ZONE,LISHUI CITY LI SHUI CITY, Zhejiang, CHINA CHINA",,,,China (CN),,Ningbo,NHAVA SHEVA SEA (INNSA1),84828000,LINEAR MOTION BEARINGS SBR16LUU LINEAR MOTION BEARINGS SBR16LUU,,200.0,NOS,0.0,550.0,,,
2025-06-19,越南,中国,CÔNG TY TNHH JADE M - TECH,WUXI J WELL PRECISION MACHINERY CO LTD,"Land Lot No. Tt3-09, Land Block, Lien Mac Ward, Bac Tu Liem District, Hanoi City, Vietnam.","YANGSHI CHUXIN INDUSTRIAL PARK, LUOSHE TOWN, HUISHAN DISTRICT, WUXI CITY, CN",,,,China,,,,84821000,"Con trượt HGW25CC bộ phận của thanh tuyến tính dẫn hướng, bằng thép,có ổ bi,,không hiệu,,phụ tùng máy gia công kim loại. NSX: Wuxi J-Well, mới 100%,HGW25CC linear guide rail part, steel, with ball bearing, no brand, metalworking machine spare part. Manufacturer: Wuxi J-Well, 100% new",,100.0,Pieces,0.0,550.0,,,
2025-08-08,印度,中国台湾,FLURO ENGINEERING PRIVATE LIMITED,HIWIN TECHNOLOGIES CORP,,,,,,TAIWAN,,,SAHAR AIR CARGO ACC ,84821011,HIWIN LINEAR BEARING CRBA 300 25 WW C8 P5(B2500XE-01)(F00XE1)(AD007EM1 Stock-08/0807/2025/SYNTHESIS)HIWIN LINEAR BEARING CRBA 300 25 WW C8 P5(B2500XE-01)(F00XE1,,1.0,NOS,0.0,549.85,,,
2025-05-02,印度,中国,INDO MIM LIMITED,DONGGUAN YHD SUPPLY CHAINMANAGEMENT CO LTD,"213/(539/A), STREET.NO.7, LANE.NO.2 HIMAYAT NAGAR, ",,,,,CHINA,,Shanghai,BANGALORE ACC (INBLR4),84828000,"FLANGE LINEAR BEARING(NICKEL-PLATED),LMG13-D25,44PCS(JIGS &FIXTURE PARTS)FLANGE LINEAR BEARING(NICKEL-PLATED),LMG13-D25,44PCS(JIGS &",,44.0,NOS,0.0,549.7907,073N2IEBSWESN,,
2025-03-08,印度,中国,SANGHVI AUTOMATION,LISHUI GREENLEAF AUTOMATIC TECHNOLOGY CO LTD,"GALA NO. F/106 TOP CLASS ENCLAVE, FIRST FLOOR BHOIDAPADA NAKA, SATIVALI ROAD, VASAI EAST",,,,,CHINA,,Ningbo,NHAVA SHEVA SEA (INNSA1),84828000,LINEAR BEARING LMES 25 LINEAR BEARING LMES 25,,200.0,NOS,0.0,549.5995,C5QXKO170YH8B,,
2025-04-03,越南,中国,CÔNG TY TNHH MISUMI VIỆT NAM - CHI NHÁNH THÀNH PHỐ HỒ CHÍ MINH,MISUMI CHINA PRECISION MACHINERY TRADING CO LTD,"Room 901, 9th Floor, Sacom-Chip Sang Building, Lot T2-4, Street D1, High-Tech Park, Tan Phu Ward, Thu Duc City, Ho Chi Minh City","NO.1058 DILING RD, FENGXIAN DIST, SHANGHAI, CHINA, CN",,,,China,,,,84828000,"Thanh trượt tuyến tính có ổ bi, nhãn hiệu MISUMI, mới 100%, code: E-GMLG15-110,Linear slide with ball bearing, MISUMI brand, 100% new, code: E-GMLG15-110",,100.0,Pieces,0.0,549.479,,,
2025-07-17,越南,中国台湾,CÔNG TY TNHH JADE M - TECH,CHUN LOUNG CO LTD,"Land Lot No. Tt3-09, Land Block, Lien Mac Ward, Bac Tu Liem District, Hanoi City, Vietnam.","NO.1, LANE 333,MINYI ST, FUAN VILLAGE SIOUSHUEI  TOWNSHIP, CHANGHUA COUNTY 50444, TAIWAN, ZZ",,,,Japan,,,,84821000,"Thanh tuyến tính dẫn hướng Y-S2AB:HSR25B2SSC0E-738LH-II bằng thép, gồm thanh trượt dài 738mm và con trượt, có ổ bi,hiệu THK, phụ tùng máy gia công kim loại. NSX: THK, mới 100%,Linear guide bar Y-S2AB:HSR25B2SSC0E-738LH-II made of steel, including 738mm long slide bar and slider, with ball bearing, THK brand, metal processing machine spare part. Manufacturer: THK, 100% new",,1.0,Set,0.0,549.0,,,
2025-04-28,越南,中国台湾,CÔNG TY TNHH JADE M - TECH,CHUN LOUNG CO LTD,"Land plot number TT3-09, Land Stuck Area, Lien Mac Ward, Bac Tu Liem District, Hanoi City, Vietnam","NO.1, LANE 333, MINYI ST., FUAN VILLAGE, SIOUSHUEI TOWNSHIP, CHANGHUA COUNTY 50444, TAIWAN, TW",,,,Japan,,,,84821000,"Thanh tuyến tính dẫn hướng Y-S2AB:HSR25B2SSC0E-738LH-II bằng thép, gồm thanh trượt dài 738mm và con trượt, có ổ bi, phụ tùng máy gia công kim loại. NSX: THK, mới 100%,Y-S2AB:HSR25B2SSC0E-738LH-II steel linear guide bar, including 738mm long slide bar and slider, with ball bearing, metalworking machine spare part. Manufacturer: THK, 100% new",,1.0,Set,0.0,549.0,,,
2025-08-08,越南,中国台湾,CÔNG TY TNHH JADE M - TECH,CHUN LOUNG CO LTD,"Lot No. Tt3-09, Dat Ket Area, Lien Mac Ward, Bac Tu Liem District, Hanoi City, Vietnam","NO.1, LANE 333,MINYI ST, FUAN VILLAGE SIOUSHUEI  TOWNSHIP, CHANGHUA COUNTY 50444, TAIWAN, TW",,,,Japan,,,,84821000,"Thanh tuyến tính dẫn hướng Y-S2AB:HSR25B2SSC0E-738LH-II bằng thép, gồm thanh trượt dài 738mm và con trượt, có ổ bi, phụ tùng máy gia công kim loại. NSX: THK, mới 100%,Rod linear guide Y-S2AB:HSR25B2SSC0E-738LH-II steel, including slider length 738mm and the slide has ball bearings, machine parts metal machining. MANUFACTURER: THK, new 100%",,1.0,Set,0.0,549.0,,,
2025-01-13,印度,中国,AXIS TECHNOLOGIES,ZHEJIANG JINGRUI INTELLIGENT TRANSMISSION CO LTD,"207, ARIHANT TOWER, 2ND FLOOR,83 V. V .CHANDAN STREET, MUMBAI, ",,,,,CHINA,,Ningbo,NHAVA SHEVA SEA (INNSA1),84828000,LINEAR MOTION BEARINGS LMF80UU LINEAR MOTION BEARINGS LMF80UU,,20.0,PCS,0.0,548.998,Y1D7BE3Q2SBOJ,,
2025-02-19,印度,中国,SGS TRADE IMPEX,LINYI GUANDING IMPORT AND EXPORT CO LTD,"11, NARAYAN DHURU X LANE,  4TH FLOOR, ",,,,,CHINA,,Qingdao,NHAVA SHEVA SEA (INNSA1),84828000,LINEAR MOTION BEARINGS SME 30 L UU LINEAR MOTION BEARINGS SME 30 L UU,,100.0,PCS,0.0,548.5821,DTACQM16K09IF,,
2025-02-24,印度,中国台湾,AMARA RAJA ENERGY & MOBILITY LIMITED,HITEC AUTOMATION CO LTD,RENIGUNTA CUDDAPAH RD  N/A,,,,,TAIWAN,,Taiyuan,CHENNAI AIR CARGO ACC (INMAA4),84821090,"LINEAR BEARING (PO#2119014745) RUBBER HOSE (CLEAR, 15.2M/PC) (PO#2119014541)",,2.0,NOS,0.0,546.9255,BXWUC6SYDILUP,,
2025-07-25,越南,中国,CÔNG TY TNHH MISUMI VIỆT NAM - CHI NHÁNH THÀNH PHỐ HỒ CHÍ MINH,MISUMI CHINA PRECISION MACHINERY TRADING CO LTD,"Room 901, 9th Floor, Sacom-Chip Sang Building, Lot T2-4, D1 Street, High-Tech Park, Tan Phu Ward, Thu Duc City, Ho Chi Minh City","NO.1058 DILING RD, FENGXIAN DIST, SHANGHAI, CHINA, ZZ",,,,China,,,,84828000,"Thanh trượt tuyến tính có ổ bi, nhãn hiệu MISUMI, mới 100%, code: E-GMLG15-110,Linear slide with ball bearing, MISUMI brand, 100% new, code: E-GMLG15-110",,100.0,Pieces,0.0,546.633,,,
2025-03-08,印度,中国,SANGHVI AUTOMATION,LISHUI GREENLEAF AUTOMATIC TECHNOLOGY CO LTD,"GALA NO. F/106 TOP CLASS ENCLAVE, FIRST FLOOR BHOIDAPADA NAKA, SATIVALI ROAD, VASAI EAST",,,,,CHINA,,Ningbo,NHAVA SHEVA SEA (INNSA1),84828000,LINEAR BEARING SC 20 UU LINEAR BEARING SC 20 UU,,500.0,NOS,0.0,546.4768,C5QXKO170YH8B,,
2025-04-18,印度,中国,RAGHAV BEARING ENTERPRISES,CHANGZHOU FOLEVO PRECISION,"Shop No 63, First Floor, GB Road Contact No: 918743097367",,,,,CHINA,,Shanghai,ICD PATPARGANJ,84828000,LINEAR BEARING (SBR30 LUU) LINEAR BEARING (SBR30 LUU),,100.0,PCS,0.0,546.111,4Y2G4RZSTRR8H,,
2025-06-17,印度,中国台湾,FLURO ENGINEERING PRIVATE LIMITED,HIWIN TECHNOLOGIES CORP,"A/3, DEVASHISH, NITYANAND COLONY  AMRUT NAGAR,GHATKOPAR WEST, ",,,,,TAIWAN,,KAOHSIUNG,NHAVA SHEVA SEA (INNSA1),84821011,HIWIN LINEAR BEARING: CRBA 025 08 WW C1 P5(B2500JF-01)(F00JF1)(AD007SB1 FEPL/ Stock-16/1604/2025 /SVP)HIWIN SPARE PARTS: HG45-ZZ-KIT A4(Z25001D-05)(D2300GA4 FEPL/,,8.0,NOS,0.0,545.909,4YZF3NXXJBWMG,,
2025-11-05,印度,中国,AXIS TECHNOLOGIES,YIBOYUAN LINQING CITY PRECISION MACHINERY CO L,"207, ARIHANT TOWER, 2ND FLOOR,83 V. V .CHANDAN STREET, MUMBAI, ","TD INDUSTRIAL PARK, BACHALU TOWN LI NQING CITY, LIAOCHENG CITY, SHANDON G PROVINCE LIAOCHENG, Shandong, CHI CHINA",,,,China (CN),,Qingdao,NHAVA SHEVA SEA (INNSA1),84828000,LINEAR MOTION BEARINGS SC50UU LINEAR MOTION BEARINGS SC50UU,,50.0,NOS,0.0,545.58,,,
2025-10-18,印度,中国,NEEDLES BEARINGS INDIA,YIBO YUAN LINQING CITY PRECISION,,"MACHINERY CO LTD,ADDRESS.INDUSTRIAL PARK,BACHALU TOWN ,LINQING CITY LIAOCHENG CITY,SHANDONG PROVINCE CHINA",,,,China (CN),,Qingdao,Chennai  ,84821090,LINEAR BEARING -PART NO SBR30UU LINEAR SLIDER -PART NO SBR25UU,,200.0,PCS,0.0,545.12,,,
2025-09-23,印度,中国,NXV BEARINGS PRIVATE LIMITED,NINGBO HUAYI IMP & EXP CO LTD,77 G B ROAD 2ND FLOOR,"ROOM 12-7/8, HUAHONG INTERNATIONAL CENTER, NO717 ZHONGXING ROAD, JIANG DONG DISTRICT, NINGBO, CHINA CHINA",,,,China (CN),,Qingdao,,84828000,"SC40UU, LINEAR BEARING, U/WT.- 1.427 (FOR INDUSTRIAL USE) SC40UU, LINEAR BEARING, U/WT.- 1.427 (FOR INDUSTRIAL USE)",,96.0,NOS,0.0,544.87,,,
2025-10-25,印度,中国,RHD ENTERPRISE,CIXI HUIBO IMPORT AND EXPORT CO LTD,,"ROOM 305 BUILDING NO.1 FENGZEWAN,ZH OUXIANG TOWN,CIXI SDNF CHINA",,,,China (CN),,Ningbo,NHAVA SHEVA SEA (INNSA1),84821090,LINEAR BLOCK BEARING HGH30CA LINEAR BEARING LM8UU,,100.0,PCS,0.0,544.69,,,
2025-05-27,印度,中国,THE BALL BEARING TRADERS,ZHEJIANG SIQIANG BEARING MANUFACTURE CO LTD,"NO.8/1,KRISHNASAI MANSION,N.R.RD,K  ALASIPALYAM, NEW EXTN. ",,,,,CHINA,,Ningbo,Chennai  ,84828000,LINEAR BEARINGS-LMH20 UU LINEAR BEARINGS-LMH20 UU,,500.0,NOS,0.0,544.5592,BNUI4YICVJ80K,,
2025-11-01,印度,中国,RAGHAV BEARING ENTERPRISES,CHANGZHOU FOLEVO PRECISION,"Shop No 63, First Floor, GB Road Contact No: 918743097367","MACHINERY CO., LTD NO. 288, XIAXI WEST ROAD, JIAZE TOWN, WUJIN CHANGZHOU CITY, JIANGSU CHINA, CHINA",,,,China (CN),,Shanghai,ICD PATPARGANJ,84828000,LINEAR BEARING SFY2525 LINEAR BEARING SFY2525,,50.0,PCS,0.0,543.65,,,
2025-03-10,越南,中国,CÔNG TY TNHH JADE M - TECH,WUXI J WELL PRECISION MACHINERY CO LTD,"Land plot number TT3-09, Land Jam, Lien Mac Ward, Bac Tu Liem District, Hanoi City, Vietnam.","NO.1 HEHUAN ROAD, WUXI CITY, JIANGSU PROVINCE, CN",,,,China,,,,84821000,"Con trượt HGW20HC bộ phận của thanh tuyến tính dẫn hướng, bằng thép,có ổ bi, phụ tùng máy phay kim loại. Nhãn hiệu: Wuxi J-Well, NSX:Wuxi J-Well Co, ltd, mới 100%,HGW20HC linear guide rail parts, steel, with ball bearing, metal milling machine spare parts. Brand: Wuxi J-Well, Manufacturer: Wuxi J-Well Co, ltd, 100% new",,100.0,Pieces,0.0,543.0,,,
2025-06-13,印度,中国,NEEDLES BEARINGS INDIA,YIBO YUAN LINQING CITY PRECISION,"NO.595, I FLOOR, M.T.H. ROAD,  MANNURPET, AMBATTUR ESTATE, ",,,,,CHINA,,Qingdao,Chennai  ,84821090,LINEAR BEARING - SBR30UU LINEAR BEARING -,,200.0,NOS,0.0,542.9748,SR5NQAE7ENWX0,,
2025-06-19,印度,中国,RELIANCE TOOLS AND BEARING STORES,ZHEJIANG SIQIANG BEARING MANUFACTURE CO LTD,"GRD FLR, 163, MUTTON  STREET, ",,,,,CHINA,,Ningbo,NHAVA SHEVA SEA (INNSA1),84828000,FLANGE LINEAR MOTION BEARING LMF60UU FLANGE LINEAR MOTION BEARING LMF60UU,,50.0,PCS,0.0,542.1134,G5HEYAG6NAZQ0,,
2025-07-18,印度,中国,CIU BEARING CO,TIANJIN TEXTILE GROUP IMPORT AND EXPORT INC,"502, SATGURU SUPREME, WALJI LADHA ROAD, MULUND WEST,",,,,,CHINA,,Qingdao,NHAVA SHEVA SEA (INNSA1),84828000,LINEAR MOTION BEARINGS  SME40LUU LINEAR MOTION BEARINGS  SME40LUU,,50.0,PCS,0.0,541.8045,VQGV26NTLDG16,,
2025-12-04,印度,中国,MOTHERSON ELECTRONIC COMPONENTS PRIVATE LIMITED,ELEGANT HK INTERNATIONAL TRADING CO LIMITED,"F-7 BLOCK B-1 MCIE ,  Mohan Cooperative Industrial Estate, ,  Mathura Road,Tugalkabad ,  SOUTH DELHI ,  DELHI,  110044 N/A",RM1801 EASEY COMM BLDG 253-261 HENN ESSY RD WANCHAI HONGKONG SDNF Hong Kong,,,,China (CN),,Hong Kong,CHENNAI AIR CARGO ACC (INMAA4),84821090,[8005564] Flanged Linear Bearing LMF12-d12 [8005564] Flanged Linear Bearing LMF12-d12,,19.0,NOS,0.0,541.5,,,
2025-06-14,印度,中国,JMD ENGINEERS AND TRADERS,LISHUI GREENLEAF AUTOMATIC TECHNOLOGY CO LTD,BC-17 WEST SHALIMAR BAGH  N/A,,,,,CHINA,,Ningbo,ICD PATPARGANJ,84828000,"LM30UU,  LINEAR  BEARING,  U/WT.-  0.257  (FOR INDUSTRIAL USE)BEARING",,1000.0,NOS,0.0,541.4126,JHNMYMJCJH01P,,
2025-08-26,印度,中国,SANGHVI AUTOMATION,LISHUI GREENLEAF AUTOMATIC TECHNOLOGY CO LTD,"GALA NO. F/106 TOP CLASS ENCLAVE, FIRST FLOOR BHOIDAPADA NAKA, SATIVALI ROAD, VASAI EAST","NO 297 LONGQING RD SHUIGE AREA LISH UI ZHEJIANG CHINA CHINA, , CHINA SDNF CHINA",,,,China (CN),,Shanghai,,84828000,LINEAR BEARING LMF 25 LUU LINEAR BEARING LMF 25 LUU,,250.0,NOS,0.0,541.29,,,
2025-05-18,印度,中国,AGARWAL INDUSTRIES,CHANGZHOU FOLEVO PRECISION MACHINER,4 Ground Floor HARESH CHAMBER SAMUEL STREET VADGADI,,,,,CHINA,,Qingdao,NHAVA SHEVA SEA (INNSA1),84821090,LINEAR BALL BEARING LM20 UU LINEAR BALL BEARING,,1800.0,NOS,0.0,540.0473,7I38VF3QR2DUN,,
2025-11-12,越南,中国,CÔNG TY TNHH DESAY BATTERY VINA,PINGXIANG ZHONGXIN IMPORT AND EXPORT CO LTD,"Lot Fj-26, Song Khe - Noi Hoang Industrial Zone (South), Tien Phong Ward, Bac Ninh Province, Vietnam","ROOM 401-31, 4TH FLOOR, REDWOOD, INSPECTION AND TESTING CENTER, NO.438, NANDA ROAD, PINGXIANG CITY, CHONGZUO CITY,GUANGXI ZHUANG ...",,,,China,,,,84828000,"DS-CCDC#&Thanh trượt tuyến tính(đường ray dẫn hướng tuyến tính đã bao gồm ổ bi trượt), bằng thép, model: HGH20CA4R2500, kích thước: L:250CM. Hàng mới 100%,DS-CCDC#&Linear slide rail (linear guide rail with sliding bearings included), steel, model: HGH20CA4R2500, size: L:250CM. 100% brand new.",,5.0,Pieces,0.0,540.0,,,
2025-10-27,越南,中国,CÔNG TY TNHH JINYA VIỆT NAM,BEIJING FOXSLIDE AUTOMATION TECHNOLOGY CO LTD,"No. T2-20, Belhomes Project, Vsip Urban Area, Tu Son Ward, Bac Ninh Province, Vietnam","ROOM 1367, 13 FLOOR, NO. 2 BUILDING, YARD 38, KECHUANG 5TH STREET, BDA, BEIJING, CHINA, CN",,,,China,,,,84828000,"Thanh trượt tuyến tính, có ổ bi, model: 15-2-450, chất liệu bằng thép hợp kim, kích thước: 450*35*20mm, dùng để dẫn hướng chuyển động thẳng (tuyến tính) của các bộ phận tủ điện. Hàng mới 100%,Linear sliders, there are ball bearings, model: 15-2-450, material alloy steel, size: 450*35*20mm, used to guide motion straight (linear) of the department of electrical cabinets. 100% brand new",,10.0,Pieces,0.0,540.0,,,
2025-11-19,印度,中国,AMAFHH SONS,ZHEJIANG SIQIANG BEARING MANUFACTURE CO LTD,"2ND FLOOR, 71 NAGDEVI CROSS LANE,,  N/A","NO.97,XIANXIA ROAD,NANMING MOUNTAIN STREET, LIANDU ZONE,LISHUI CITY LI SHUI CITY, Zhejiang, CHINA CHINA",,,,China (CN),,Ningbo,NHAVA SHEVA SEA (INNSA1),84828000,LINEAR MOTION BEARINGS KH2540PP LINEAR MOTION BEARINGS KH2540PP,,600.0,NOS,0.0,540.0,,,
2025-09-22,印度,中国,CIU BEARING CO,TIANJIN TEXTILE GROUP IMPORT AND EXPORT INC,"502, SATGURU SUPREME, WALJI LADHA ROAD, MULUND WEST,","3YUNNAN ROAD, TIANJIN, CHINA Tianji n, , CHINA SDNF CHINA",,,,China (CN),,Qingdao,,84828000,LINEAR MOTION BEARINGS SC16UU LINEAR MOTION BEARINGS SC16UU,,600.0,NOS,0.0,540.0,,,
2025-09-10,越南,中国台湾,CÔNG TY TNHH MISUMI VIỆT NAM - CHI NHÁNH THÀNH PHỐ HỒ CHÍ MINH,MISUMI TAIWAN CORP,"Room 901, 9th Floor, Sacom-Chip Sang Building, Lot T2-4, D1 Street, High-Tech Park, Tang Nhon Phu Ward, Ho Chi Minh City","9F-1, NO.126, SEC.4, NANJING E.RD., TAIPEI,10595, TAIWAN., TW",,,,Taiwan,,,,84828000,"Thanh trượt tuyến tính có ổ bi, nhãn hiệu MISUMI, mới 100%, code: C-SX2R28-280,Linear sliders have ball bearings, brands MISUMI, 100% new code: C-SX2R28-280",,12.0,Pieces,0.0,539.6069,,,
2025-03-13,越南,中国台湾,CÔNG TY TNHH MISUMI VIỆT NAM - CHI NHÁNH THÀNH PHỐ HỒ CHÍ MINH,MISUMI TAIWAN CORP,"Room 901, 9th Floor, Sacom-Chip Sang Building, Lot T2-4, Street D1, High-Tech Park, Tan Phu Ward, Thu Duc City, Ho Chi Minh City","9F-1, NO.126, SEC.4, NANJING E.RD., TAIPEI,10595, TAIWAN., TW",,,,Taiwan,,,,84828000,"Thanh trượt tuyến tính có ổ bi, nhãn hiệu MISUMI, mới 100%, code: C-SV2R24-340,Linear slide with ball bearing, MISUMI brand, 100% new, code: C-SV2R24-340",,14.0,Pieces,0.0,539.1238,,,
2025-05-19,印度,中国,KNOWELL INTERNATIONAL PRIVATE LIMITED,RHB PRECISION MACHINERY CO LTD,"20, NETAJI SUBHAS ROAD,  N/A",,,,,CHINA,,Shanghai,Kolkata,84828000,LINEAR MOTION GLIDING BEARINGS NO - PHS 12 (BRAND - KHK) LINEAR MOTION GLIDING BEARINGS NO - PHS 12 (BRAND - KHK),,468.0,PCS,0.0,539.1141,CLGU5X3HV91YC,,
2025-11-19,印度,中国,AMAFHH SONS,ZHEJIANG SIQIANG BEARING MANUFACTURE CO LTD,"2ND FLOOR, 71 NAGDEVI CROSS LANE,,  N/A","NO.97,XIANXIA ROAD,NANMING MOUNTAIN STREET, LIANDU ZONE,LISHUI CITY LI SHUI CITY, Zhejiang, CHINA CHINA",,,,China (CN),,Ningbo,NHAVA SHEVA SEA (INNSA1),84828000,LINEAR MOTION BEARINGS SCS35UU LINEAR MOTION BEARINGS SCS35UU,,100.0,NOS,0.0,539.0,,,
2025-12-13,秘鲁,中国,IMPORTADORA Y DISTRIBUIDORA DE RETENES R,KAIYUAN SHIPPING CO LTD,AV. RAMON CARCAMO NRO. 506,,,,,"CHINA, PEOPLE'S REPUBLIC OF",,NINGBO LISHE INTERNATIONAL APT,,8482100000,"RODAMIENTO LINEAL, KMK, ROD-3441 REPUESTO PARA MAQUINAS QUE REQUIEREN ALTA PRECISION DE POSICIONAMIENTO, REPETIBILIDAD Y RI RODAMIENTOS INDUSTRIALES DE ACERO DONDE RECIRCULAN UNAS PEQUENAS BOLAS DE ACERO QUE PERMIT LINEAR BEARING DE ACERO",,100.0,UNITS,34.36,538.24,,,
2025-10-09,越南,中国,CÔNG TY TNHH JADE M - TECH,WUXI J WELL IMPORT AND EXPORT TRADING CO LTD,"Land Lot No. Tt3-09, Land Jam, Thuong Cat Ward, Hanoi City, Vietnam","YANGSHI CHUXIN INDUSTRIAL PARK, LUOSHE TOWN, HUISHAN DISTRICT, WUXI CITY, CN",,,,China,,,,84821000,"Con trượt MGN12C Z0C-T bộ phận của thanh tuyến tính dẫn hướng, bằng thép,có ổ bi,không hiệu, phụ tùng máy gia công kim loại. NSX: Wuxi J-Well, mới 100%,I slide MGN12C Z0C-T department of the linear guide, steel ball bearing,non-performance, machine parts metal machining. MANUFACTURER: Wuxi J-Well, 100% new",,200.0,Pieces,0.0,538.0,,,
2025-03-10,印度,中国,AGARWAL INDUSTRIES,QINGDAO SHIYA IMPORT AND EXPORT CO,4 Ground Floor HARESH CHAMBER SAMUEL STREET VADGADI,,,,,CHINA,,Qingdao,NHAVA SHEVA SEA (INNSA1),84821090,LINEAR BALL BEARING SBR16UU LINEAR BALL BEARING,,500.0,NOS,0.0,537.8566,WR2ROUSHLUCH0,,
2025-02-18,印度,中国,MAHAVIR SALES CORPORATION,YIWU ZHITONG E COMMERCE FIRM,"128,NARAYAN DHURU STREET,MICRO  HOUSE,4TH FL ",,,,,CHINA,,Ningbo,NHAVA SHEVA SEA (INNSA1),84828000,LINEAR MOTION BEARINGS LMK 40 UU LINEAR MOTION BEARINGS LMK 40 UU,,200.0,PCS,0.0,537.791,S6ZUX3V42JKLS,,
2025-10-10,印度,中国,RAGHAV BEARING ENTERPRISES,CHANGZHOU FOLEVO PRECISION,,"MACHINERY CO., LTD NO. 288, XIAXI WEST ROAD, JIAZE TOWN, WUJIN CHANGZHOU CITY, JIANGSU CHINA, CHINA",,,,China (CN),,Shanghai,ICD PATPARGANJ,84828000,LINEAR BEARING SFNUR2505 LINEAR BEARING SFNUR2505,,100.0,PCS,0.0,537.41,,,
2025-10-31,越南,中国香港,CÔNG TY CỔ PHẦN GIAO NHẬN VẬN TẢI THÁI BÌNH DƯƠNG VIỆT NAM,HONG KONG SEAFLOWS TECHNOLOGY NETWORK LIMITED,"Nghiem Xa Village, Yen Phong Commune, Bac Ninh Province, Vietnam","RM 1002, 10/F, EASEY COMM BUILDING, 253-261 HENNESSY ROAD, WAN CHAI HONG KONG, HK",,,,China,,,,84828000,"Ray trượt tuyến tính bằng thép, có con trượt bi, Model TM15NNS-NS-Z0, nhãn hiệu: TBI MOTION, dùng cho máy phay CNC. Hàng mới 100%,Linear slide rails steel slider bearings Model TM15NNS-NS-Z0, brand: TBI MOTION, used for CNC milling machine. 100% brand new",,60.0,Pieces,0.0,536.796,,,
2025-01-03,越南,中国,CÔNG TY TNHH MISUMI VIỆT NAM,MISUMI CHINA PRECISION MACHINERY TRADING CO LTD,"Lot No. 15, Road Ts11, Tien Son Industrial Park, Hoan Son Commune. Tien Du District, Bac Ninh","NO.1058 DILING RD, FENGXIAN DIST, SHANGHAI, CHINA, CN",,,,China,,,,84828000,"Thanh trượt tuyến tính có ổ bi (bằng thép, dài 6960mm), hàng mới 100%, nhãn hiệu: MISUMI, code: TOKU-C-HLG30-6960-B2-241209-00GVNM,Linear slide with ball bearing (steel, length 6960mm), 100% new, brand: MISUMI, code: TOKU-C-HLG30-6960-B2-241209-00GVNM",,4.0,Pieces,0.0,536.7433,,,
2025-03-05,印度,中国,AMBAY BEARING & MACHINERY,CHANGZHOU FOLEVO PRECISION MACHINERY CO LTD,"538687 BEHIND 59 GB ROAD,  N/A",,,,,CHINA,,Shanghai,ICD PATPARGANJ,84828000,LINEAR BEARING (LM 35 UU) LINEAR BEARING (LM 35 UU),,400.0,NOS,0.0,536.7184,PQU65OJGQ795D,,
2025-05-27,印度,中国,THE BALL BEARING TRADERS,ZHEJIANG SIQIANG BEARING MANUFACTURE CO LTD,"NO.8/1,KRISHNASAI MANSION,N.R.RD,K  ALASIPALYAM, NEW EXTN. ",,,,,CHINA,,Ningbo,Chennai  ,84828000,LINEAR BEARINGS-LMK25 L UU LINEAR BEARINGS-LMK25 L UU,,200.0,NOS,0.0,535.4326,BNUI4YICVJ80K,,
2025-03-02,印度,中国,KNOWELL INTERNATIONAL PRIVATE LIMITED,RHB PRECISION MACHINERY CO LTD,"20, NETAJI SUBHAS ROAD,  N/A",,,,,CHINA,,Shanghai,Kolkata,84828000,LINEAR MOTION GLIDING BEARINGS NO - LB60UU (BRAND - KHK) LINEAR MOTION GLIDING BEARINGS NO - LB60UU (BRAND - KHK),,50.0,PCS,0.0,535.2656,JRTAQCEL963R7,,
2025-05-06,孟加拉国,中国,TETRA PAK INDIA PVT LTD,TETRA PAK TECHNICAL SERVICE,(Bangladesh Branch Office),S ME AE,,,,CN,,,,84821000,LINEAR BEARING,,0.0,,3.0,535.09,,,
2025-06-19,印度,中国,RHD ENTERPRISE,CIXI HUIBO IMPORT AND EXPORT CO LTD,"D-10, HIRAMANEK BAPTISTA ROAD, VILE PARLE WEST,MUMBAI null",,,,,CHINA,,Ningbo,NHAVA SHEVA SEA (INNSA1),84821090,LINEAR BEARING LMK30UU LINEAR BEARING LMK30UU,,310.0,NOS,0.0,535.0811,2H95CF4FI9KXG,,
2025-04-17,印度,中国,BHARAT FIH LIMITED,HONOR WIDE HONG KONG TECHNOLOGY LIMITED,"380 BELERICA ROAD SRI CITY,SIDDAM  AGRAHARAM VARADAIAH PALEM ",,,,,CHINA,,Hong Kong,CHENNAI AIR CARGO ACC (INMAA4),84822090,LINEAR BEARING SSEBSLT10-33-P/N: 77AFIXSTD307VA (PARTS FOR FIXTURE)CYLINDER TACQ16-15-P/N: 77AFIXSTD366VA (PARTS FOR FIXTURE),,10.0,PCS,0.0,534.9143,87SFK1M1DSI4R,,
2025-11-07,印度,中国,AGARWAL INDUSTRIES,CHANGZHOU FOLEVO PRECISION MACHINER,4 Ground Floor HARESH CHAMBER SAMUEL STREET VADGADI,"Y CO., LTD NO. 288, XIAXI WEST ROAD , JIAZE TOWN, WUJIN DISTRICT, CHANG ZHOU CITY, JIANGSU CHINA",,,,China (CN),,Qingdao,NHAVA SHEVA SEA (INNSA1),84821090,LINEAR BALL BEARING LM16 UU LINEAR BALL BEARING,,2000.0,PCS,0.0,534.89,,,
2025-12-04,印度,中国,KNOWELL INTERNATIONAL PRIVATE LIMITED,RHB PRECISION MACHINERY CO LTD,"20, NETAJI SUBHAS ROAD,  N/A","NO. 20-6, 37 BAIZHANG EAST ROAD, YI NZHOU, NINGBO P.R. CHINA ., , CHINA SDNF CHINA",,,,China (CN),,Shanghai,Kolkata,84828000,LINEAR MOTION GLIDING BEARINGS NO - PHS 12 (BRAND - KHK) LINEAR MOTION GLIDING BEARINGS NO - PHS 12 (BRAND - KHK),,468.0,PCS,0.0,533.78,,,
2025-03-11,越南,中国,CÔNG TY TNHH MISUMI VIỆT NAM,MISUMI CHINA PRECISION MACHINERY TRADING CO LTD,"Lot 15, TS11 Road, Tien Son Industrial Park, Hoan Son Commune, Tien Du District, Bac Ninh Province, Vietnam","NO.1058 DILING RD, FENGXIAN DIST, SHANGHAI, CHINA, CN",,,,China,,,,84828000,"Thanh trượt tuyến tính có ổ bi (bằng thép, dài 1640mm), hàng mới 100%, nhãn hiệu: MISUMI, code: TOKU-C-HLG30-5240-1640-1800-1800-B2-250213-00GVNM,Linear slide with ball bearing (steel, length 1640mm), 100% new, brand: MISUMI, code: TOKU-C-HLG30-5240-1640-1800-1800-B2-250213-00GVNM",,4.0,Pieces,0.0,533.5922,,,
2025-02-11,印度,中国,RELIANCE TOOLS AND BEARING STORES,LISHUI JINZHENG BEARING MANUFACTURE CO LTD,"GRD FLR, 163, MUTTON  STREET, ",,,,,CHINA,,Shanghai,NHAVA SHEVA SEA (INNSA1),84828000,FLANGE LINEAR MOTION BEARING LMF30LUU FLANGE LINEAR MOTION BEARING LMF30LUU,,150.0,PCS,0.0,533.5158,1ZWXTLPY0DNUH,,
2025-07-16,肯尼亚,中国,KRONES LCS CENTRE EAST AFRICA LIMITED,KRONES MIDDLE EAST AFRICA FZCO DUBAI BRANCH,,,,,,China,Kenya,,,84821000,"Krones; Deep groove ball bearing,Linear ball bearin&Tension bearing; Krones; Krones; 109; 109; 00002025; 1; 0.05; 1;",,109.0,UNT,0.0,532.7264,,,
2025-01-22,印度,中国,AXIS TECHNOLOGIES,YIBOYUAN LINQING CITY PRECISION MACHINERY CO L,"207, ARIHANT TOWER, 2ND FLOOR,83 V. V .CHANDAN STREET, MUMBAI, ",,,,,CHINA,,Qingdao,NHAVA SHEVA SEA (INNSA1),84828000,LINEAR MOTION BEARINGS SC16UUOP LINEAR MOTION BEARINGS SC16UUOP,,500.0,PCS,0.0,532.4484,C0W3RR1INJTTB,,
2025-12-08,印度,中国,BHAVI IMPEX,AMLAND GLOBE HK ENTERPRISE LTD,"108,SHUBH SANDESH, 16,  HANSRAJ LANE, BYCULLA, ","ROOM 811,BAILI BUSINESS CENTER,87-1 05, CHATHAM ROAD SOUTH,TSIM SHA TSU I,KOWLOON HONG KONG",,,,China (CN),,Ningbo,NHAVA SHEVA SEA (INNSA1),84828000,"LINEAR BEARING BRAND-9KBC,ITEM NO.LMK25UU LINEAR BEARING",,313.0,NOS,0.0,532.1,,,
2025-09-26,印度,中国,AGARWAL INDUSTRIES,CHANGZHOU FOLEVO PRECISION MACHINER,4 Ground Floor HARESH CHAMBER SAMUEL STREET VADGADI,"Y CO., LTD NO. 288, XIAXI WEST ROAD , JIAZE TOWN, WUJIN DISTRICT, CHANG ZHOU CITY, JIANGSU CHINA",,,,China (CN),,Qingdao,,84821090,LINEAR BALL BEARING LM60UU LINEAR BALL BEARING,,100.0,PCS,0.0,531.18,,,
2025-04-25,印度,中国,BHAVI IMPEX,AMLAND GLOBE HK ENTERPRISE LTD,"108,SHUBH SANDESH, 16,  HANSRAJ LANE, BYCULLA, ",,,,,CHINA,,Ningbo,NHAVA SHEVA SEA (INNSA1),84828000,"LINEAR BEARING BRAND:9KBC, ITEM NO.LMK60LUU LINEAR BEARING",,24.0,NOS,0.0,530.6828,LFU4IYNTHODV1,,
2025-06-05,印度,中国,SGS TRADE IMPEX,LINYI GUANDING IMPORT AND EXPORT CO LTD,"11, NARAYAN DHURU X LANE,  4TH FLOOR, ",,,,,CHINA,,Qingdao,NHAVA SHEVA SEA (INNSA1),84828000,LINEAR MOTION BEARINGS LMF50LUU LINEAR MOTION BEARINGS LMF50LUU,,50.0,PCS,0.0,530.4135,ETASG1ICJ3CZ5,,
2025-11-07,印度,中国,AGARWAL INDUSTRIES,CHANGZHOU FOLEVO PRECISION MACHINER,4 Ground Floor HARESH CHAMBER SAMUEL STREET VADGADI,"Y CO., LTD NO. 288, XIAXI WEST ROAD , JIAZE TOWN, WUJIN DISTRICT, CHANG ZHOU CITY, JIANGSU CHINA",,,,China (CN),,Qingdao,NHAVA SHEVA SEA (INNSA1),84821090,LINEAR BALL BEARING SBR16 UU With Clips LINEAR BALL BEARING,,500.0,PCS,0.0,529.84,,,
2025-10-17,越南,中国台湾,CÔNG TY TNHH MISUMI VIỆT NAM - CHI NHÁNH THÀNH PHỐ HỒ CHÍ MINH,MISUMI TAIWAN CORP,"Room 901, 9th Floor, Sacom-Chip Sang Building, Lot T2-4, D1 Street, High-Tech Park, Tang Nhon Phu Ward, Ho Chi Minh City","15F., NO.223, SONGJIANG RD., ZHONGSHAN DIST., TAIPEI CITY,104472, TAIWAN., TW",,,,Taiwan,,,,84828000,"Thanh trượt tuyến tính có ổ bi, nhãn hiệu MISUMI, mới 100%, code: C-SXR24-160,Linear sliders have ball bearings, brands MISUMI, 100% new code: C-SXR24-160",,23.0,Pieces,0.0,529.5359,,,
2025-11-05,印度,中国,AXIS TECHNOLOGIES,YIBOYUAN LINQING CITY PRECISION MACHINERY CO L,"207, ARIHANT TOWER, 2ND FLOOR,83 V. V .CHANDAN STREET, MUMBAI, ","TD INDUSTRIAL PARK, BACHALU TOWN LI NQING CITY, LIAOCHENG CITY, SHANDON G PROVINCE LIAOCHENG, Shandong, CHI CHINA",,,,China (CN),,Qingdao,NHAVA SHEVA SEA (INNSA1),84828000,LINEAR MOTION BEARINGS LM30UU LINEAR MOTION BEARINGS LM30UU,,900.0,NOS,0.0,529.36,,,
2025-05-23,印度,中国,ATLANTIC INDUSTRIAL,ZHEJIANG JINGJIU BEARINGS INDUSTRIAL CO LTD,"Unit A, 2nd floor, No 103, 4th Cross Kalasipalyam New Extension",,,,,CHINA,,Ningbo,BANGALORE,84828000,LINEAR BLOCK BEARING HGW30CC,,120.0,PCS,0.0,529.1533,XX2K42NR3CRRP,,
2025-09-23,印度,中国,NXV BEARINGS PRIVATE LIMITED,NINGBO HUAYI IMP & EXP CO LTD,77 G B ROAD 2ND FLOOR,"ROOM 12-7/8, HUAHONG INTERNATIONAL CENTER, NO717 ZHONGXING ROAD, JIANG DONG DISTRICT, NINGBO, CHINA CHINA",,,,China (CN),,Qingdao,,84828000,"SC30LUU, LINEAR BEARING, U/WT.- 1.272 (FOR INDUSTRIAL USE) SC30LUU, LINEAR BEARING, U/WT.- 1.272 (FOR INDUSTRIAL USE)",,96.0,NOS,0.0,528.8,,,
2025-01-13,印度,中国,AXIS TECHNOLOGIES,ZHEJIANG JINGRUI INTELLIGENT TRANSMISSION CO LTD,"207, ARIHANT TOWER, 2ND FLOOR,83 V. V .CHANDAN STREET, MUMBAI, ",,,,,CHINA,,Ningbo,NHAVA SHEVA SEA (INNSA1),84828000,LINEAR MOTION BEARINGS SC30LUU LINEAR MOTION BEARINGS SC30LUU,,100.0,PCS,0.0,528.6648,Y1D7BE3Q2SBOJ,,
2025-04-25,印度,中国,MIHIR INTERNATIONAL,SHANDONG SAAB INTERNATIONAL TRADING,"163 DHANLAXMI PREMISES THIRD FLOOR  ,NARAYAN DHURU STREET MUMBAI 400003",,,,,CHINA,,Qingdao,NHAVA SHEVA SEA (INNSA1),84824000,LINEAR BALL BEARING LM20UU,,2000.0,NOS,0.0,528.4409,LREJUP1DHM9LI,,
2025-12-13,秘鲁,中国,IMPORTADORA Y DISTRIBUIDORA DE RETENES R,KAIYUAN SHIPPING CO LTD,AV. RAMON CARCAMO NRO. 506,,,,,"CHINA, PEOPLE'S REPUBLIC OF",,NINGBO LISHE INTERNATIONAL APT,,8482100000,"RODAMIENTO LINEAL, KMK, ROD-3411 REPUESTO PARA MAQUINAS QUE REQUIEREN ALTA PRECISION DE POSICIONAMIENTO, REPETIBILIDAD Y RI RODAMIENTOS INDUSTRIALES DE ACERO DONDE RECIRCULAN UNAS PEQUENAS BOLAS DE ACERO QUE PERMIT LINEAR BEARING DE ACERO",,200.0,UNITS,33.71,528.09,,,
2025-05-23,越南,中国,CÔNG TY TNHH SẢN XUẤT VÀ THƯƠNG MẠI DULICO,NINGBO POWERNICE INTELLIGENT TECHNOLOGY CO LTD,"Lô A2, CN7 cụm công nghiệp Từ Liêm, Phường Phương Canh, Quận Nam Từ Liêm, Thành phố Hà Nội, Việt Nam","398 BINHAI RD, BINHAI NEW AREA, ECONOMIC DEVELOPMENT  ZONE, FENGHUA DISTRICT NINGBO CITY, ZHEJIANG PROVINCE CHINA, CN",,,,China,,,,84821000,"Vòng bi cầu rãnh sâu, P/N: MS1301-6201RS-1,chất liệu bằng thép (có nắp nhựa chống bụi), dùng cho thiết bị truyền động tuyến tính, kích thước: phi 12*phi 32*10t. Mới 100%,Deep groove ball bearing, P/N: MS1301-6201RS-1, steel material (with dustproof plastic cover), used for linear actuator, size: phi 12*phi 32*10t. 100% new",,2200.0,Pieces,0.0,528.0,,,
2025-05-30,越南,中国,CÔNG TY TNHH SẢN XUẤT VÀ THƯƠNG MẠI DULICO,NINGBO POWERNICE INTELLIGENT TECHNOLOGY CO LTD,"Lô A2, CN7 cụm công nghiệp Từ Liêm, Phường Phương Canh, Quận Nam Từ Liêm, Thành phố Hà Nội, Việt Nam","398 BINHAI RD, BINHAI NEW AREA, ECONOMIC DEVELOPMENT  ZONE, FENGHUA DISTRICT NINGBO CITY, ZHEJIANG PROVINCE CHINA, CN",,,,China,,,,84821000,"Vòng bi cầu rãnh sâu, P/N: MS1301-6201RS-1,chất liệu bằng thép (có nắp nhựa chống bụi), dùng cho thiết bị truyền động tuyến tính, kích thước: phi 12*phi 32*10t. Mới 100%,Deep groove ball bearing, P/N: MS1301-6201RS-1, steel material (with dustproof plastic cover), used for linear actuator, size: phi 12*phi 32*10t. 100% new",,2200.0,Pieces,0.0,528.0,,,
2025-04-08,越南,中国,CÔNG TY TNHH MISUMI VIỆT NAM,MISUMI CHINA PRECISION MACHINERY TRADING CO LTD,"Lot 15, TS11 Road, Tien Son Industrial Park, Hoan Son Commune. Tien Du District, Bac Ninh","NO.1058 DILING RD, FENGXIAN DIST, SHANGHAI, CHINA, CN",,,,China,,,,84828000,"Thanh trượt tuyến tính có ổ bi (bằng thép, dài 28.98mm), hàng mới 100%, nhãn hiệu: MISUMI, code: C-MLGB9,Linear slide with ball bearing (steel, length 28.98mm), 100% new, brand: MISUMI, code: C-MLGB9",,200.0,Pieces,0.0,527.784,,,
2025-09-23,印度,中国,NXV BEARINGS PRIVATE LIMITED,NINGBO HUAYI IMP & EXP CO LTD,77 G B ROAD 2ND FLOOR,"ROOM 12-7/8, HUAHONG INTERNATIONAL CENTER, NO717 ZHONGXING ROAD, JIANG DONG DISTRICT, NINGBO, CHINA CHINA",,,,China (CN),,Qingdao,,84828000,"SC50UUOP,  LINEAR BEARING,  U/WT.-  2.638  (FOR INDUSTRIAL USE)BEARING",,40.0,NOS,0.0,527.58,,,
2025-06-04,印度,中国,AXIS TECHNOLOGIES,YIBOYUAN LINQING CITY PRECISION MACHINERY CO L,"207, ARIHANT TOWER, 2ND FLOOR,83 V. V .CHANDAN STREET, MUMBAI, ",,,,,CHINA,,Qingdao,NHAVA SHEVA SEA (INNSA1),84828000,LINEAR MOTION BEARINGS LMK20LUU LINEAR MOTION BEARINGS LMK20LUU,,500.0,PCS,0.0,526.9739,HQYSN2DXBFGH4,,
2025-01-03,印度,中国,PET STREAM INC,SUZHOU STARMEC IMPORT & EXPORT CO,"7255/77 A GROUND FLOOR AJENDRA,MAR  KET SHAKTI NAGAR DELHI-110007 ",,,,,CHINA,,Hong Kong,DELHI AIR CARGO ACC (INDEL4),84828000,LINEAR BEARING HOUSING ASSEMBLY - 50503-24-1501-00007 BEARING,,2.0,NOS,0.0,526.4191,VSKCYJTFGPUIX,,
2025-10-21,越南,中国,CÔNG TY TNHH MISUMI VIỆT NAM,MISUMI CHINA PRECISION MACHINERY TRADING CO LTD,"Lot No. 15, Road Ts 11, Tien Son Industrial Park, Dai Dong Commune, Bac Ninh Province, Vietnam","NO.1058 DILING RD, FENGXIAN DIST, SHANGHAI, CHINA, CN",,,,China,,,,84828000,"Thanh trượt tuyến tính có ổ bi (bằng thép, dài 70mm), hàng mới 100%, nhãn hiệu: MISUMI, code: E-SMLG12-70,Linear sliders have ball bearings (steel, 70mm long), 100% brand new brand: MISUMI, code: E-SMLG12-70",,100.0,Pieces,0.0,525.596,,,
2025-09-22,印度,中国,CIU BEARING CO,TIANJIN TEXTILE GROUP IMPORT AND EXPORT INC,"502, SATGURU SUPREME, WALJI LADHA ROAD, MULUND WEST,","3YUNNAN ROAD, TIANJIN, CHINA Tianji n, , CHINA SDNF CHINA",,,,China (CN),,Qingdao,,84828000,LINEAR MOTION BEARINGS LMF50LUU LINEAR MOTION BEARINGS LMF50LUU,,50.0,NOS,0.0,525.25,,,
2025-02-24,越南,中国,CÔNG TY TNHH XNK CAO LỘC PHÁT,DONGXING CITY XING LONG TRADE LIMITED,"No. 298, Mac Dinh Chi Street, Ninh Duong Ward, Mong Cai City, Quang Ninh Province, Vietnam","NO.26, LANE 3, DONGXING TOWN, JIANG NA STREET, DONGXING CITY, GUANGXI, CHINA, CN",,,,China,,,,84821000,"Ổ bi trượt vuông bằng thép, dùng cho thanh trượt tuyến tính của máy khắc gỗ CNC, model HGH35CA, kích thước (55x70x113)mm, hiệu HW, mới 100%,Square steel slide bearing, used for linear slide of CNC wood carving machine, model HGH35CA, size (55x70x113)mm, brand HW, 100% new",,25.0,Pieces,0.0,525.0,,,
2025-02-25,越南,中国,CÔNG TY TNHH XNK CAO LỘC PHÁT,DONGXING CITY XING LONG TRADE LIMITED,"No. 298, Mac Dinh Chi Street, Ninh Duong Ward, Mong Cai City, Quang Ninh Province, Vietnam","NO.26, LANE 3, DONGXING TOWN, JIANG NA STREET, DONGXING CITY, GUANGXI, CHINA, CN",,,,China,,,,84821000,"Ổ bi trượt vuông bằng thép, dùng cho thanh trượt tuyến tính của máy khắc gỗ CNC, model HGH35CA, kích thước (55x70x113)mm, hiệu HW, mới 100%,Square steel slide bearing, used for linear slide of CNC wood carving machine, model HGH35CA, size (55x70x113)mm, brand HW, 100% new",,25.0,Pieces,0.0,525.0,,,
2025-03-10,印度,中国,AGARWAL INDUSTRIES,QINGDAO SHIYA IMPORT AND EXPORT CO,4 Ground Floor HARESH CHAMBER SAMUEL STREET VADGADI,,,,,CHINA,,Qingdao,NHAVA SHEVA SEA (INNSA1),84821090,LINEAR BALL BEARING LMK25LUU LINEAR BALL BEARING,,300.0,NOS,0.0,524.9481,WR2ROUSHLUCH0,,
2025-07-25,印度,中国,BOMAG INDIA PRIVATE LIMITED,BOMAG CHANGZHOU CONSTRUCTION MACHINERY CO LTD,"1206 LODHA SUPREMUS SENAPATI B ROA  D,LOWER PAREL WEST MUMBAI 13 ",,,,,CHINA,,Shanghai,NHAVA SHEVA SEA (INNSA1),84821090,05164001L Linear ball bearing (PRODUCTION PARTS FOR ROAD ROLLER)05164001L Linear ball bearing (PRODUCTION PARTS FOR ROAD ROL,,30.0,NOS,0.0,524.8816,0M7KIOOKPWC0W,,
2025-06-19,印度,中国,RHD ENTERPRISE,CIXI HUIBO IMPORT AND EXPORT CO LTD,"D-10, HIRAMANEK BAPTISTA ROAD, VILE PARLE WEST,MUMBAI null",,,,,CHINA,,Ningbo,NHAVA SHEVA SEA (INNSA1),84821090,LINEAR BEARING LMK16UU LINEAR BEARING LMK16UU,,600.0,NOS,0.0,523.985,2H95CF4FI9KXG,,
2025-06-25,菲律宾,中国,TIGER MACHINERY AND INDUSTRIAL CORPORATION,FOSHAN WECANS BUILDING MATERIAL CO LTD,,,,,,CHINA,,,,84824000000,5 PCE OF  LINEAR ROLLER BEARING,,5.0,,9.7,523.2,3856192675,,
2025-12-13,秘鲁,中国,IMPORTADORA Y DISTRIBUIDORA DE RETENES R,KAIYUAN SHIPPING CO LTD,AV. RAMON CARCAMO NRO. 506,,,,,"CHINA, PEOPLE'S REPUBLIC OF",,NINGBO LISHE INTERNATIONAL APT,,8482100000,"RODAMIENTO LINEAL, KMK, ROD-3407 REPUESTO PARA MAQUINAS QUE REQUIEREN ALTA PRECISION DE POSICIONAMIENTO, REPETIBILIDAD Y RI RODAMIENTOS INDUSTRIALES DE ACERO DONDE RECIRCULAN UNAS PEQUENAS BOLAS DE ACERO QUE PERMIT LINEAR BEARING DE ACERO",,500.0,UNITS,33.39,523.01,,,
2025-01-31,印度,中国,PET STREAM INC,SUZHOU STARMEC IMPORT & EXPORT CO,"7255/77 A GROUND FLOOR AJENDRA,MAR  KET SHAKTI NAGAR DELHI-110007 ",,,,,CHINA,,Shanghai,DELHI AIR CARGO ACC (INDEL4),84828000,LINEAR BEARING HOUSING ASSEMBLY - 50503-24-1501-00007 BEARING,,2.0,NOS,0.0,522.1185,TB3XB83JYE6TN,,
2025-02-16,印度,中国,KHS INNOVATION & ENGINEERING LLP,ZHEJIANG SIQIANG BEARING MANUFACTURE CO LTDA,"4A, KARIM BUILDING, 1ST FLOOR,142/  144, ABDUL REHMAN STREET ",,,,,CHINA,,Shanghai,NHAVA SHEVA SEA (INNSA1),84828000,FLANGE LINEAR BEARING-LMF 25UU KHS-LG FLANGE LINEAR BEARING-LMF 25UU KHS-LG,,400.0,NOS,0.0,521.4781,U5NWSLS36YLHN,,
2025-05-27,印度,中国,INDO MIM LIMITED,DONGGUAN YHD SUPPLY CHAINMANAGEMENT CO LTD,"213/(539/A), STREET.NO.7, LANE.NO.2 HIMAYAT NAGAR, ",,,,,CHINA,,Shanghai,BANGALORE ACC (INBLR4),84828000,"LINEAR BEARINGS WITH FLANGE(NICKEL PLATED),LMG13-D25,40PCS(JIGS & FIXTURES PARTS)LINEAR BEARINGS WITH FLANGE(NICKEL PLATED),LMG13-D25,40PCS(J",,40.0,NOS,0.0,521.1527,07SP2FTMTQTIN,,
2025-10-08,印度,中国,JMD ENGINEERS AND TRADERS,LISHUI GREENLEAF AUTOMATIC,,"TECHNOLOGY CO., LTD 297 LONGQING ROAD SHUIGE AREA LIAND LISHUIZHEJIANG, CHINA",,,,China (CN),,Ningbo,ICD PATPARGANJ,84821090,LINEAR BEARINGS - SBR30UU U/WT. - 0.68985 (FOR INDUSTRIAL USE).,,200.0,NOS,0.0,521.1,,,
2025-08-14,印度,中国,BHAVI IMPEX,AMLAND GLOBE HK ENTERPRISE LTD,"108,SHUBH SANDESH, 16,  HANSRAJ LANE, BYCULLA, ","ROOM 811,BAILI BUSINESS CENTER,87-1 05, CHATHAM ROAD SOUTH,TSIM SHA TSU I,KOWLOON HONG KONG",,,,China (CN),,Ningbo,,84828000,"LINEAR BEARING BRAND:HL,MODEL:LMFC50LUU LINEAR BEARING",,13.0,NOS,0.0,520.0,,,
2025-03-05,印度,中国,OSR INTERNATIONAL,SHANGHAI NEOSTAR MACHINERY&TECHNOLOGY CO LTD,"72 GROUND FLOOR, G.B ROAD S. N MARG Contact No: 919810818275",,,,,CHINA,,Mundra,ICD PATPARGANJ,84821090,"LM40UU,LINEAR MOTION BEARING (FOR INDUSTRIAL USE) LINEAR MOTION BEARING",,300.0,NOS,0.0,519.5292,4JYQHILQGUSJM,,
2025-02-18,印度,中国,MAHAVIR SALES CORPORATION,YIWU ZHITONG E COMMERCE FIRM,"128,NARAYAN DHURU STREET,MICRO  HOUSE,4TH FL ",,,,,CHINA,,Ningbo,NHAVA SHEVA SEA (INNSA1),84828000,LINEAR MOTION BEARINGS SCS30 UU LINEAR MOTION BEARINGS SCS30 UU,,200.0,PCS,0.0,519.3173,S6ZUX3V42JKLS,,
2025-06-18,菲律宾,中国,TIGER MACHINERY AND INDUSTRIAL CORPORATION,FOSHAN WECANS BUILDING MATERIAL CO LTD,"359 F. SAN DIEGO ST VIENTE REALES, VALENZUELA",,,,,CHINA,,,,84829900000,LINEAR ROLLER BEARING PR14061 GR1/0-5 RO E10 2 PCS,,0.0,,0.72,517.7,1516383853,,
2025-08-05,印度,中国,CIU BEARING CO,TIANJIN TEXTILE GROUP IMPORT AND EXPORT INC,"502, SATGURU SUPREME, WALJI LADHA ROAD, MULUND WEST,","3YUNNAN ROAD, TIANJIN, CHINA Tianji n, , CHINA SDNF CHINA",,,,China (CN),,Qingdao,,84828000,LINEAR MOTION BEARINGS LMK 16 UU LINEAR MOTION BEARINGS LMK 16 UU,,800.0,PCS,0.0,517.6,,,
2025-05-27,菲律宾,中国,VACUUMTECH PHILIPPINES INC,ELMUNDO JIANGSU HOUSEWARES CO LTD,"LOT 7, FIRST PHILIPPINE INDUSTRIAL PARK II SEZ, STA ANASTACIASTO. TOMAS, BATANGAS 4234PHILIPPINES",,,,,CHINA,,,,84821000000,LINEAR BEARING - 12 PCS,,12.0,UNKNOWN,7.74,517.57,SITGSHMNH605099,,
2025-11-07,印度,中国,AGARWAL INDUSTRIES,CHANGZHOU FOLEVO PRECISION MACHINER,4 Ground Floor HARESH CHAMBER SAMUEL STREET VADGADI,"Y CO., LTD NO. 288, XIAXI WEST ROAD , JIAZE TOWN, WUJIN DISTRICT, CHANG ZHOU CITY, JIANGSU CHINA",,,,China (CN),,Qingdao,NHAVA SHEVA SEA (INNSA1),84821090,LINEAR BLOCK BALL BEARING HGH25 CA LINEAR BLOCK BALL BEARING,,250.0,PCS,0.0,517.23,,,
2025-06-30,印度,中国,MAHAVIR SALES CORPORATION,YIWU ZHITONG E COMMERCE FIRM,"128,NARAYAN DHURU STREET,MICRO  HOUSE,4TH FL ",,,,,CHINA,,Ningbo,NHAVA SHEVA SEA (INNSA1),84828000,LINEAR MOTION BEARINGS SCS 30 UU LINEAR MOTION BEARINGS SCS 30 UU,,200.0,PCS,0.0,516.6299,T7FO7SFY9XVX3,,
2025-03-10,印度,中国,AGARWAL INDUSTRIES,QINGDAO SHIYA IMPORT AND EXPORT CO,4 Ground Floor HARESH CHAMBER SAMUEL STREET VADGADI,,,,,CHINA,,Qingdao,NHAVA SHEVA SEA (INNSA1),84821090,LINEAR BALL BEARING SC40UU LINEAR BALL BEARING,,100.0,NOS,0.0,516.3422,WR2ROUSHLUCH0,,
2025-03-10,印度,中国,AGARWAL INDUSTRIES,QINGDAO SHIYA IMPORT AND EXPORT CO,4 Ground Floor HARESH CHAMBER SAMUEL STREET VADGADI,,,,,CHINA,,Qingdao,NHAVA SHEVA SEA (INNSA1),84821090,LINEAR BALL BEARING CSK20P LINEAR BALL BEARING,,400.0,NOS,0.0,516.3422,WR2ROUSHLUCH0,,
2025-05-27,印度,中国,THE BALL BEARING TRADERS,ZHEJIANG SIQIANG BEARING MANUFACTURE CO LTD,"NO.8/1,KRISHNASAI MANSION,N.R.RD,K  ALASIPALYAM, NEW EXTN. ",,,,,CHINA,,Ningbo,Chennai  ,84828000,LINEAR BEARINGS-LMF30 L UU LINEAR BEARINGS-LMF30 L UU,,150.0,NOS,0.0,516.2665,BNUI4YICVJ80K,,
2025-06-17,巴基斯坦,中国,GHANI GLASS LIMITED,WUXI HXH BEARING CO LIMITED,"40, L BLOCK, MODEL TOWN EXTENSION, Lahore",PVG,,,,China,,shanghai,KPAF,84828000,LINEAR GUIDE BEARING HG55,,10.0,u,69000.0,516.1124,60739076962,,
2025-01-22,印度,中国,AXIS TECHNOLOGIES,YIBOYUAN LINQING CITY PRECISION MACHINERY CO L,"207, ARIHANT TOWER, 2ND FLOOR,83 V. V .CHANDAN STREET, MUMBAI, ",,,,,CHINA,,Qingdao,NHAVA SHEVA SEA (INNSA1),84828000,LINEAR MOTION BEARINGS LMES40UU LINEAR MOTION BEARINGS LMES40UU,,100.0,PCS,0.0,516.0654,C0W3RR1INJTTB,,
2025-05-30,印度,中国,AMAFHH SONS,ZHEJIANG SIQIANG BEARING MANUFACTURE CO LTD,"2ND FLOOR, 71 NAGDEVI CROSS LANE,,  N/A",,,,,CHINA,,Ningbo,NHAVA SHEVA SEA (INNSA1),84828000,LINEAR MOTION BEARINGS LMK30UU LINEAR MOTION BEARINGS LMK30UU,,300.0,PCS,0.0,514.1369,0LAHS2H9JC2RX,,
2025-10-25,越南,中国香港,CÔNG TY TNHH CÔNG NGHIỆP ĐÁ ANDI VIỆT NAM,MOMA INTERNATIONAL DEVELOPMENT CO LTD,"My Xuan B1 Industrial Park - Dai Duong, Phu My Ward, Ho Chi Minh City, Vietnam","ROOM 1603, 16/F., CHUANG'S, ENTERPRISES BUILDING, 376-382, LOCKHART ROAD, WAN CHAI, HONG KONG, HK",,,,China,,,,84821000,"Vòng bi chuyển động tuyến tính - 110081R.01.04.03. Kích thước: 1840*130*20mm, hàng mới 100%.,Bearings linear motion - 110081R.01.04.03. Size: 1840*130*20mm, 100% brand new.",,2.0,Pieces,0.0,513.89,,,
2025-01-13,印度,中国,AXIS TECHNOLOGIES,ZHEJIANG JINGRUI INTELLIGENT TRANSMISSION CO LTD,"207, ARIHANT TOWER, 2ND FLOOR,83 V. V .CHANDAN STREET, MUMBAI, ",,,,,CHINA,,Ningbo,NHAVA SHEVA SEA (INNSA1),84828000,LINEAR MOTION BEARINGS LMH30UU LINEAR MOTION BEARINGS LMH30UU,,312.0,PCS,0.0,513.8622,Y1D7BE3Q2SBOJ,,
2025-11-19,印度,中国,MECH AUTO SYSTEMS,TECH MOTION SHANGHAI CO LTD,"SHOP NO 2, BALCHANDRA APARTMENT  PLOT NO.55, SECTOR 44A,NERUL ","ROOM 904, BUILDING 3, 80 HUASHEN RO AD, WAI GAO QIAO FREE TRADE ZONE Sh anghai, Shanghai, CHINA CHINA",,,,China (CN),,Shanghai,NHAVA SHEVA SEA (INNSA1),84821090,LINEAR MOTION BEARING BLOCK HGH15CA LINEAR MOTION BEARING BLOCK HGH15CA,,200.0,NOS,0.0,513.76,,,
2025-05-16,越南,中国香港,CÔNG TY TNHH THIẾT BỊ CƠ ĐIỆN MINH THÀNH,HK TOMUU ACTUATOR TECHNOLOGY CO LIMITED,"Tổ dân phốTràngDuệ(tại Công tyTNHH Ngân Vũ),phường Lê Lợi, quận An Dương,TP Hải Phòng, Việt Nam.","ROOM 1318-19, HOLLYWOOD PLAZA, 610 NATHAN ROAD, MONGKOK, KOWLOON, HONGKONG, HK",,,,China,,,,84821000,"TMA-MNA-U13A00043#& Ổ bi dùng cho hộp số động cơ của bộ truyền động tuyến tính, mới 100%,TMA-MNA-U13A00043#& Ball bearing for motor gearbox of linear actuator, 100% new",,3425.0,Pieces,0.0,513.75,,,
2025-04-25,印度,中国,BHAVI IMPEX,AMLAND GLOBE HK ENTERPRISE LTD,"108,SHUBH SANDESH, 16,  HANSRAJ LANE, BYCULLA, ",,,,,CHINA,,Ningbo,NHAVA SHEVA SEA (INNSA1),84828000,"LINEAR BEARING BRAND:9KBC, ITEM NO.LMF40LUU LINEAR BEARING",,55.0,NOS,0.0,513.6698,LFU4IYNTHODV1,,
2025-08-12,印度,中国,MEET ENTERPRISE,LISHUI YUXUAN AUTOMATION MANUFACTURING CO LTD,"215 2nd Floor Murli Manohar Market, Opp. Hari Om A.C. Market, Revdi Bazzar Cross Road, Kalupur,","NO 289, LONGQING ROAD, SHUIGE INDUS TRIAL ZONE, LIANDU DISTRICT, LISHUI CITY, , CHINA CHINA",,,,China (CN),,Shanghai,,84828000,LINEAR BEARINGS LINEAR BEARINGS,,300.0,NOS,0.0,513.39,,,
2025-03-20,印度,中国,MARIYAH OVERSEAS PRIVATE LIMITED,DIYUE TRADING CO LIMITED,"OFFICE NO.406, 4TH FLOOR,AJAY INDL  ESTATE, B-ANJIRWADI ",,,,,CHINA,,Ningbo,NHAVA SHEVA SEA (INNSA1),84828000,LINEAR BEARING (FOR HOT PRESS MACHINE) LINEAR BEARING (FOR HOT PRESS MACHINE),,347.5,DOZ,0.0,513.2039,RA0273AE80K36,,
2025-04-01,印度,中国,AXIS TECHNOLOGIES,ZHEJIANG JINGRUI INTELLIGENT TRANSMISSION CO LTD,"207, ARIHANT TOWER, 2ND FLOOR,83 V. V .CHANDAN STREET, MUMBAI, ",,,,,CHINA,,Ningbo,NHAVA SHEVA SEA (INNSA1),84828000,LINEAR MOTION BEARINGS SC40UU LINEAR MOTION BEARINGS SC40UU,,100.0,PCS,0.0,512.976,VOOLSCS6OAR5X,,
2025-11-05,印度,中国,AXIS TECHNOLOGIES,YIBOYUAN LINQING CITY PRECISION MACHINERY CO L,"207, ARIHANT TOWER, 2ND FLOOR,83 V. V .CHANDAN STREET, MUMBAI, ","TD INDUSTRIAL PARK, BACHALU TOWN LI NQING CITY, LIAOCHENG CITY, SHANDON G PROVINCE LIAOCHENG, Shandong, CHI CHINA",,,,China (CN),,Qingdao,NHAVA SHEVA SEA (INNSA1),84828000,LINEAR MOTION BEARINGS LME50UU LINEAR BUSHINGS LME50UU,,150.0,NOS,0.0,512.62,,,
2025-03-25,越南,中国,CÔNG TY TNHH CÔNG NGHIỆP KTL,NINGBO MIKATE TRANSMISSION TECHNOLOGY CO LTD,"25/A85 NA12 Street, Viet Sing Residential Area, T.15, Binh Giao Quarter, Thuan Giao Ward, Thuan An City, Binh Duong Province","NO.9 SHANGSHAO EAST AREA, ZHUANGQIAO STREET, JIANGBEI DISTRICT, NINGBO CHINA, CN",,,,China,,,,84828000,"Bạc đạn bằng thép-linear bearing, hiệu MYT, model LMF25UU, kích thước dr25*D40*L59mm, hàng mới 100%,Steel linear bearing, MYT brand, model LMF25UU, size dr25*D40*L59mm, 100% new",,200.0,Pieces,0.0,512.4,,,
2025-11-05,印度,中国,CNZ BEARINGS PRIVATE LIMITED,SHAOXING LAVA MACHINERY CO LTD,"17, ARYAN CORPORATE PARK, NR.  SHILAJ RLY CROSSING, THALTEJ, ","XINCHANG, Zhejiang, CHINA SDNF SDNF CHINA",,,,China (CN),,Ningbo,AHEMDABAD ICD (INSBI6),84821090,LINEAR BALL BEARING - LM16UU LINEAR BALL BEARING - LM16UU,,1000.0,PCS,0.0,512.16,,,
2025-11-30,印度,中国,G J IMPEX,XIAMEN PRIDE BEARINGS CO LTD,"B-64/3A, MAYAPURI PHASE II,  N/A","ZONE-D, UNIT 507,NO: 1690,GANGZHONG ROAD,XIAMEN, FUJIAN, CHINA SDNF CHINA",,,,China (CN),,Qingdao,TUGHLAKABAD,84828000,"SC30UU, LINEAR BEARING,  U/WT.-  0.61  (FOR INDUSTRIAL USE) LINEAR BEARING",,500.0,NOS,0.0,511.89,,,
2025-12-08,印度,中国,RNS BEARINGS,SHANDONG YKK BEARING MANUFACTURING CO LTD,"3rd FLOOR, 306, Menek Bhavan Premises Co-op.Soc.Ltd 137,Narayan Dhuru Street , Mumbai","ROOM 1029,AREA A, 10TH FLOOR,BLOCK A, JINAN WEST INNOVATION PARK,NO 26 87,ZIWEI ROAD,UNIVERSITY SCIENCE AN CHINA",,,,China (CN),,Zhengzhou,SAHAR AIR CARGO ACC (INBOM4),84821090,LINEAR BEARING   As per INV.&P/LIST Unit Weight /Pc 7.2 KGS LINEAR BEARING   As per INV.&P/LIST Unit Weight /Pc 7.2 KGS,,3.0,NOS,0.0,511.23,,,
2025-12-08,印度,中国,BHAVI IMPEX,AMLAND GLOBE HK ENTERPRISE LTD,"108,SHUBH SANDESH, 16,  HANSRAJ LANE, BYCULLA, ","ROOM 811,BAILI BUSINESS CENTER,87-1 05, CHATHAM ROAD SOUTH,TSIM SHA TSU I,KOWLOON HONG KONG",,,,China (CN),,Ningbo,NHAVA SHEVA SEA (INNSA1),84828000,"LINEAR BEARING BRAND-9KBC,ITEM NO.LMK30UU LINEAR BEARING",,240.0,NOS,0.0,511.2,,,
2025-03-05,俄罗斯,中国,CRTS OVD JSC,T&L SHANGHAI INTERNATIONAL TRADING CO LTD,"601800, ВЛАДИМИРСКАЯ ОБЛ., Г. ЮРЬЕВ-ПОЛЬСКИЙ, УЛ. НАБЕРЕЖНАЯ, Д.80,","201803, SHANGHAI CITY, JIADING DISTRICT, WANDA PLAZA,BUILDING 6,ROOM 916, ,,,",,,"WUXI DINGHAN INTELLIGENT EQUIPMENT CO.,LTD.",China (CN),Russia,,,8482109008,"PARTS AND ACCESSORIES FOR MACHINE TOOLS OF 8456-8461: LINEAR CARRIAGE FOR SUPPORTING BEARINGS OF A SHEET BENDING MACHINE, NOT SCRAP, NOT FOR MILITARY USE, NO RADIOACTIVE SOURCES",,6.0,PC,9.1,511.0,,,DINGHAN
2025-04-25,印度,中国,BHAVI IMPEX,AMLAND GLOBE HK ENTERPRISE LTD,"108,SHUBH SANDESH, 16,  HANSRAJ LANE, BYCULLA, ",,,,,CHINA,,Ningbo,NHAVA SHEVA SEA (INNSA1),84828000,"LINEAR BEARING BRAND:9KBC, ITEM NO.LM16LUU LINEAR BEARING",,550.0,NOS,0.0,510.8932,LFU4IYNTHODV1,,
2025-06-04,越南,中国,CÔNG TY TNHH SẢN XUẤT VÀ THƯƠNG MẠI DULICO,NINGBO POWERNICE INTELLIGENT TECHNOLOGY CO LTD,"Lot A2, Cn7 Tu Liem Industrial Park, Phuong Canh Ward, Nam Tu Liem District, Hanoi City, Vietnam","398 BINHAI RD, BINHAI NEW AREA, ECONOMIC DEVELOPMENT  ZONE, FENGHUA DISTRICT NINGBO CITY, ZHEJIANG PROVINCE CHINA, CN",,,,China,,,,84821000,"Vòng bi cầu rãnh sâu, P/N: MS1301-6201RS-1,chất liệu bằng thép (có nắp nhựa chống bụi), dùng cho thiết bị truyền động tuyến tính, kích thước: phi 12*phi 32*10t. Mới 100%,Deep groove ball bearing, P/N: MS1301-6201RS-1, steel material (with dustproof plastic cover), used for linear actuator, size: phi 12*phi 32*10t. 100% new",,2128.0,Pieces,0.0,510.72,,,
2025-01-29,印度,中国,BEAUTIFLY,YIWU XIAMEI IMPORT AND EXPORT CO LTD,"NEAR GUMBAJWALI MASJID BHAGATALAV SECOND FLOOR, H.NO.10/330. BHAGATALAV",,,,,CHINA,,Ningbo,NHAVA SHEVA SEA (INNSA1),84821012,LINEAR BEARING (FOR WOOD CUTTING MACHINE) LINEAR BEARING (FOR WOOD CUTTING MACHINE),,1000.0,PCS,0.0,510.6871,2WW9CKT15THSD,,
2025-11-08,印度,中国,RHD ENTERPRISE,CIXI HUIBO IMPORT AND EXPORT CO LTD,"D-10, HIRAMANEK BAPTISTA ROAD, VILE PARLE WEST,MUMBAI null","ROOM 305 BUILDING NO.1 FENGZEWAN,ZH OUXIANG TOWN,CIXI CITY,ZHEJIANG,CHI NA CHINA",,,,China (CN),,Qingdao,NHAVA SHEVA SEA (INNSA1),84828000,LINEAR BEARING SFNUR3205-4 LINEAR BEARING SFNUR3205-4,,50.0,PCS,0.0,510.56,,,
2025-10-29,越南,中国台湾,CÔNG TY TNHH MISUMI VIỆT NAM - CHI NHÁNH THÀNH PHỐ HỒ CHÍ MINH,MISUMI TAIWAN CORP,"Room 901, 9th Floor, Sacom-Chip Sang Building, Lot T2-4, D1 Street, High-Tech Park, Tang Nhon Phu Ward, Ho Chi Minh City","15F., NO.223, SONGJIANG RD., ZHONGSHAN DIST., TAIPEI CITY,104472, TAIWAN., TW",,,,Taiwan,,,,84828000,"Thanh trượt tuyến tính có ổ bi, nhãn hiệu MISUMI, mới 100%, code: C-SER40-1960,Linear sliders have ball bearings, brands MISUMI, 100% new code: C-SER40-1960",,5.0,Pieces,0.0,510.486,,,
2025-06-19,印度,中国,MISUMI INDIA PRIVATE LIMITED,MISUMI CHINA PRECISION MACHINERY,"3RD FL.ONYX BUILDING, NORTH MAIN  ROAD, KOREGAON PARIK ",,,,,CHINA,,Shanghai,BANGALORE ACC (INBLR4),84828000,LINEAR BALL BEARING-DAW01B75006530(STANDARD COMPONENTS FOR PRESSDIE ANDPLASTIC MOULDS)LINEAR BALL BEARING-DAW01B75006530(STANDARD COMPONENTS FOR P,,22.0,PCS,0.0,510.4144,WUGCBLWZI57V2,,
2025-05-27,印度,中国,THE BALL BEARING TRADERS,ZHEJIANG SIQIANG BEARING MANUFACTURE CO LTD,"NO.8/1,KRISHNASAI MANSION,N.R.RD,K  ALASIPALYAM, NEW EXTN. ",,,,,CHINA,,Ningbo,Chennai  ,84828000,LINEAR BEARINGS-LMK16 UU LINEAR BEARINGS-LM25 UU,,500.0,NOS,0.0,510.0806,BNUI4YICVJ80K,,
2025-10-17,印度,中国,FLURO ENGINEERING PRIVATE LIMITED,HIWIN TECHNOLOGIES CORP,,"NO.7, JINGKE ROAD, NANTUN DISTRICT, TAICHUNG 40852,TAIWAN SDNF TAIWAN",,,,"Taiwan,China (TW)",,Taiyuan,SAHAR AIR CARGO ACC (INBOM4),84821011,HIWIN LINEAR BEARING: BK 30 C5(B25014V-01)(F014V1)(ADA10182FEPL/Stock-20/2008/2025/ENP)HIWIN LINEAR GUIDEWAYS: BK 30 C5(B25014V-01)(F014V1)(ADA1018,,6.0,NOS,0.0,509.91,,,
2025-11-20,越南,中国,CÔNG TY CỔ PHẦN ĐẦU TƯ VÀ PHÁT TRIỂN HOÀNG MINH,GROOT SHANDONG SUPPLY CHAIN TECHNOLOGY CO LTD,"Van Diem Village, Phu Xuyen Commune, Hanoi City, Vietnam","5012, 3RD FLOOR, BUILDING, MENGSHAN FOURTH ROAD, YIHE NEW AREA, COMPREHENSIVE BONDED ZONE, LINYI CITY, SHANDONG PROVINCE,CHINA",,,,China,,,,84821000,"Con trượt bằng thép,  nhãn hiệu TBAI,  dùng cho lắp ráp máy, mô tơ, động cơ. Mã hàng  SBR30UU( Plant) , kích thước 70*70*56mm. Hàng mới 100%. NSX: GROOT (SHANDONG) SUPPLY CHAIN TECHNOLOGY CO., LTD,Steel linear bearing, TBAI brand, used for assembling machines, motors, and engines. Item code SBR30UU(Plant), dimensions 70*70*56mm. 100% brand new. Manufacturer: GROOT (SHANDONG) SUPPLY CHAIN TECHNOLOGY CO., LTD",,300.0,Pieces,0.0,509.4,,,
2025-10-28,越南,中国,CÔNG TY TNHH THƯƠNG MẠI BEN FU,DONGXING WANSHIXING IMPORT AND EXPORT TRADING CO LTD,"At Sao Khue Trading Support Company Limited, Unit 1043, Thinh Hung Ward, Quang Phu Ward, Thanh Hoa, Vietnam","ROOM 01, 1ST FLOOR, NO. 73-9,HEXIE ROAD,DONGXING TOWN, DONGXING CITY, FANGCHENGGANG CITY, CHINA, CN",,,,China,,,,84821000,"Con trượt tuyến tính BRD45LR, dài 163mm, rộng 86mm,có ổ bi bên trong, bằng thép,dùng trong các hệ thống dẫn hướng tuyến tính máy CNC.Hsx ABBA,mới 100%,Slider linear BRD45LR, length 163mm, width 86mm,have ball bearings inside, made of steel,used in the guidance systems linear CNC.Hsx ABBA,100% new",,10.0,Pieces,0.0,508.4,,,
2025-10-18,印度,中国,NEEDLES BEARINGS INDIA,YIBO YUAN LINQING CITY PRECISION,,"MACHINERY CO LTD,ADDRESS.INDUSTRIAL PARK,BACHALU TOWN ,LINQING CITY LIAOCHENG CITY,SHANDONG PROVINCE CHINA",,,,China (CN),,Qingdao,Chennai  ,84821090,LINEAR SLIDER -PART NO SC60UU LINEAR BEARING -PART NO LMH25UU,,20.0,PCS,0.0,507.95,,,
2025-08-21,印度,中国,AMBICA IMPEX,ZHEJIANG SIQIANG BEARING MANUFACTURE CO LTD,N/A N/A,"NO.97,Xianxia Road.Nanming Mountain Street. Liandu Zone LISHUI, Zhejia ng, CHINA CHINA",,,,China (CN),,Shanghai,,84828000,LINEAR BEARING (LM16UU) LINEAR BEARING (LM16UU),,1200.0,NOS,0.0,507.95,,,
2025-02-27,印度,中国,PET STREAM INC,SUZHOU STARMEC IMPORT & EXPORT CO,"7255/77 A GROUND FLOOR AJENDRA,MAR  KET SHAKTI NAGAR DELHI-110007 ",,,,,CHINA,,Nanjing,DELHI AIR CARGO ACC (INDEL4),84828000,CIRCULAR FLANGE TYPE LINEAR BEARING - 50503-24-1501-00002 BEARING,,8.0,NOS,0.0,507.7269,ZIWPJL8YSOADQ,,
2025-09-18,印度,中国,SHAKTI BEARING,NINGBO HUAYI IMPORT AND EXPORT CO LTD,21/2 REVA BHAI INDUSTRIAL ESTATE NEAR ISHWAR KRUPA WAY BRIDGE CTM AMRAIWADI,"ROOM 12-7/8HUAHONG INTERNATIONAL CENTRE, NO. 717, ZHONGXING ROAD, JIANGDONG DISTRICT,NINGBO CHINA CN",,,,China (CN),,Qingdao,,84828000,LINEAR MOTION BEARING : LMK20UU LINEAR MOTION BEARING,,800.0,NOS,0.0,506.84,,,
2025-01-27,印度,中国,AVAADA ELECTRO PRIVATE LIMITED,SUNWORLD GROUP HOLDING LIMITED,"C-11 ,  SECTOR 65 ,  NOIDA ,  GAUTAM BUDDHA NAGAR ,  UTTAR PRADESH,  201301 N/A",,,,,CHINA,,Shanghai,DELHI AIR CARGO ACC (INDEL4),84828000,LINEAR BALL BEARING (HSA35LR) NA,,20.0,PCS,0.0,506.4779,UQMFCZPF2BSQ0,,
2025-06-13,印度,中国,NEEDLES BEARINGS INDIA,YIBO YUAN LINQING CITY PRECISION,"NO.595, I FLOOR, M.T.H. ROAD,  MANNURPET, AMBATTUR ESTATE, ",,,,,CHINA,,Qingdao,Chennai  ,84821090,LINEAR BEARING - SC60UU LINEAR BEARING -,,20.0,NOS,0.0,505.9539,SR5NQAE7ENWX0,,
2025-03-09,印度,中国,BHAVI IMPEX,AMLAND GLOBE HK ENTERPRISE LTD,"108,SHUBH SANDESH, 16,  HANSRAJ LANE, BYCULLA, ",,,,,CHINA,,Ningbo,NHAVA SHEVA SEA (INNSA1),84828000,"LINEAR BEARING BRAND :9KBC,ITEM NO.:LMK25UU LINEAR BEARING",,300.0,NOS,0.0,505.0605,LBB1GBXTG5LE3,,
2025-08-25,越南,中国,CÔNG TY TNHH YANMADE TECHNOLOGY VIỆT NAM,SHENZHEN YANMADE TECHNOLOGY INC,"Lot V.9.1 Thuan Thanh 3 Industrial Park - Module 1, Tri Qua Ward, Bac Ninh Province, Vietnam","C BUILDING NO. 2, BANGKAI, UNIVERSITY OF SCIENCE AND, TECHNOLOGY, GUANGMING DISTRICT, SHENZHEN, ",,,,China,,,,84821000,"Vòng bi tuyến tính, bằng thép, là linh kiện dùng cho Thiết bị kiểm tra điện trên tấm mạch in, nsx: YIHEDA, mã: LMC03-d4 . kích thước: D4*3mm, hàng mới 100%,Linear bearings, made of steel, are components used for electrical test Equipment on-board in, nsx: YIHEDA code: LMC03-d4 . size: D4*3mm, 100% brand new",,500.0,Pieces,0.0,505.0,,,
2025-11-04,印度,中国,FLURO ENGINEERING PRIVATE LIMITED,HIWIN TECHNOLOGIES CORP,"A/3, DEVASHISH, NITYANAND COLONY  AMRUT NAGAR,GHATKOPAR WEST, ","NO.7, JINGKE ROAD, PRECISION MACHIN ERY PARK, TAICHUNG 40852 SDNF Taiwan",,,,"Taiwan,China (TW)",,Taiyuan,SAHAR AIR CARGO ACC (INBOM4),84821011,HIWIN LINEAR BEARING BK 30 C5(B25018V-01) HIWIN LINEAR BEARING BK 30 C5(B25018V-01),,6.0,NOS,0.0,504.73,,,
2025-05-19,印度,中国,KNOWELL INTERNATIONAL PRIVATE LIMITED,RHB PRECISION MACHINERY CO LTD,"20, NETAJI SUBHAS ROAD,  N/A",,,,,CHINA,,Shanghai,Kolkata,84828000,LINEAR MOTION GLIDING BEARINGS NO - KH 2030PP (BRAND - KHK) LINEAR MOTION GLIDING BEARINGS NO - KH 2030PP (BRAND - KHK),,300.0,PCS,0.0,504.6166,CLGU5X3HV91YC,,
2025-09-05,印度,中国,N J ENTERPRISES,DYNAMIC RICH INC LIMITED,"A-104, AVANI TOWER , D.G ROAD, OLD MULUND, MULUND WEST,","ROOM 707, CHENGGONG BUILDING, ZHONG SHAN DISTRICT, DALIAN CHINA 116000 SDNF CHINA",,,,China (CN),,Qingdao,,84828000,LINEAR MOTION BEARING LM20UU LINEAR MOTION BEARING LM20UU,,1500.0,PCS,0.0,504.0,,,
2025-11-05,印度,中国,AXIS TECHNOLOGIES,ZHEJIANG JINGRUI INTELLIGENT TRANSMISSION CO LTD,"207, ARIHANT TOWER, 2ND FLOOR,83 V. V .CHANDAN STREET, MUMBAI, ","#99, Shangxu Road Lishui Industral Zone Zhejiang, Zhejiang, CHINA SDNF CHINA",,,,China (CN),,Shanghai,NHAVA SHEVA SEA (INNSA1),84828000,LINEAR MOTION BEARINGS LMK8UU LINEAR MOTION BEARINGS LMK8UU,,1000.0,NOS,0.0,503.46,,,
2025-02-11,印度,中国,RELIANCE TOOLS AND BEARING STORES,LISHUI JINZHENG BEARING MANUFACTURE CO LTD,"GRD FLR, 163, MUTTON  STREET, ",,,,,CHINA,,Shanghai,NHAVA SHEVA SEA (INNSA1),84828000,FLANGE LINEAR MOTION BEARING LMK25LUU FLANGE LINEAR MOTION BEARING LMK25LUU,,192.0,PCS,0.0,502.9814,1ZWXTLPY0DNUH,,
2025-02-18,印度,中国,MAHAVIR SALES CORPORATION,YIWU ZHITONG E COMMERCE FIRM,"128,NARAYAN DHURU STREET,MICRO  HOUSE,4TH FL ",,,,,CHINA,,Ningbo,NHAVA SHEVA SEA (INNSA1),84828000,LINEAR MOTION BEARINGS SBR25L UU LINEAR BEARINGS GUIDEWAY SBR25L UU,,100.0,PCS,0.0,502.8962,S6ZUX3V42JKLS,,
2025-08-21,印度,中国,AMBICA IMPEX,ZHEJIANG SIQIANG BEARING MANUFACTURE CO LTD,N/A N/A,"NO.97,Xianxia Road.Nanming Mountain Street. Liandu Zone LISHUI, Zhejia ng, CHINA CHINA",,,,China (CN),,Shanghai,,84828000,LINEAR BEARING (LME50UU) LINEAR BEARING (LME50UU),,100.0,NOS,0.0,502.66,,,
2025-08-05,印度,中国,CIU BEARING CO,TIANJIN TEXTILE GROUP IMPORT AND EXPORT INC,"502, SATGURU SUPREME, WALJI LADHA ROAD, MULUND WEST,","3YUNNAN ROAD, TIANJIN, CHINA Tianji n, , CHINA SDNF CHINA",,,,China (CN),,Qingdao,,84828000,LINEAR MOTION BEARINGS LMK 25 UU LINEAR MOTION BEARINGS LMK 25 UU,,500.0,PCS,0.0,502.5,,,
2025-01-22,印度,中国,AXIS TECHNOLOGIES,YIBOYUAN LINQING CITY PRECISION MACHINERY CO L,"207, ARIHANT TOWER, 2ND FLOOR,83 V. V .CHANDAN STREET, MUMBAI, ",,,,,CHINA,,Qingdao,NHAVA SHEVA SEA (INNSA1),84828000,LINEAR MOTION BEARINGS LMF40UU LINEAR MOTION BEARINGS LMF40UU,,200.0,PCS,0.0,501.9349,C0W3RR1INJTTB,,
2025-01-22,印度,中国,AXIS TECHNOLOGIES,YIBOYUAN LINQING CITY PRECISION MACHINERY CO L,"207, ARIHANT TOWER, 2ND FLOOR,83 V. V .CHANDAN STREET, MUMBAI, ",,,,,CHINA,,Qingdao,NHAVA SHEVA SEA (INNSA1),84828000,LINEAR MOTION BEARINGS SC50LUUOP LINEAR MOTION BEARINGS SC50LUUOP,,20.0,PCS,0.0,501.7302,C0W3RR1INJTTB,,
2025-01-22,印度,中国,AXIS TECHNOLOGIES,YIBOYUAN LINQING CITY PRECISION MACHINERY CO L,"207, ARIHANT TOWER, 2ND FLOOR,83 V. V .CHANDAN STREET, MUMBAI, ",,,,,CHINA,,Qingdao,NHAVA SHEVA SEA (INNSA1),84828000,LINEAR MOTION BEARINGS SC30LUUOP LINEAR MOTION BEARINGS SC30LUUOP,,100.0,PCS,0.0,501.7302,C0W3RR1INJTTB,,
2025-06-04,印度,中国,AXIS TECHNOLOGIES,YIBOYUAN LINQING CITY PRECISION MACHINERY CO L,"207, ARIHANT TOWER, 2ND FLOOR,83 V. V .CHANDAN STREET, MUMBAI, ",,,,,CHINA,,Qingdao,NHAVA SHEVA SEA (INNSA1),84828000,LINEAR MOTION BEARINGS SC16LUU LINEAR MOTION BEARINGS SC16LUU,,300.0,PCS,0.0,501.6386,HQYSN2DXBFGH4,,
2025-08-26,印度,中国,SANGHVI AUTOMATION,LISHUI GREENLEAF AUTOMATIC TECHNOLOGY CO LTD,"GALA NO. F/106 TOP CLASS ENCLAVE, FIRST FLOOR BHOIDAPADA NAKA, SATIVALI ROAD, VASAI EAST","NO 297 LONGQING RD SHUIGE AREA LISH UI ZHEJIANG CHINA CHINA, , CHINA SDNF CHINA",,,,China (CN),,Shanghai,,84828000,LINEAR BEARING LMK 30 UU LINEAR BEARING LMK 30 UU,,300.0,NOS,0.0,501.51,,,
2025-03-12,越南,中国台湾,CÔNG TY TNHH MISUMI VIỆT NAM - CHI NHÁNH THÀNH PHỐ HỒ CHÍ MINH,MISUMI TAIWAN CORP,"Room 901, 9th Floor, Sacom-Chip Sang Building, Lot T2-4, Street D1, High-Tech Park, Tan Phu Ward, Thu Duc City, Ho Chi Minh City","9F-1, NO.126, SEC.4, NANJING E.RD., TAIPEI,10595, TAIWAN., TW",,,,Taiwan,,,,84828000,"Thanh trượt tuyến tính có ổ bi, nhãn hiệu MISUMI, mới 100%, code: C-SVRL24-730,Linear slide with ball bearing, MISUMI brand, 100% new, code: C-SVRL24-730",,12.0,Pieces,0.0,501.3643,,,
2025-11-01,印度,中国,MOTHERSON ELECTRONIC COMPONENTS PRIVATE LIMITED,ELEGANT HK INTERNATIONAL TRADING CO LIMITED,"F-7 BLOCK B-1 MCIE ,  Mohan Cooperative Industrial Estate, ,  Mathura Road,Tugalkabad ,  SOUTH DELHI ,  DELHI,  110044 N/A",Address: RM1801 EASEY COMM BLDG 253 -261 HENNESSY RD WANCHAI HONGKONG SDNF Hong Kong,,,,China (CN),,Hong Kong,CHENNAI AIR CARGO ACC (INMAA4),84821090,[LMQ11-d16]Linear Bearing [LMQ11-d16]Linear Bearing,,20.0,NOS,0.0,500.89,,,
2025-11-21,越南,中国,CÔNG TY TNHH THƯƠNG MẠI DỊCH VỤ VÀ KỸ THUẬT MT VIỆT NAM,DONGGUAN YUHE IMPORT AND EXPORT TRADING CO LTD,"No. 158 Lam Lang Street, Nam Son Ward, Bac Ninh Province, Vietnam","ROOM 2302, NO.288, DALANG SECTION, GUANZHANG ROAD, DALANG TOWN, DONGGUAN CITY, GUANGDONG PROVINCE, CHINA, CN",,,,China,,,,84821000,"Con trượt vuông MGN15C (có chứa bi bên trong), chất liệu: thép, kích thước: (15*38*42)mm, là bộ phận chuyên dụng dùng trong các cơ cấu dẫn hướng của máy CNC, nsx: Dongguan Nesco CNC. Hàng mới 100%,The MGN15C square linear guide (containing internal ball bearings), material: steel, dimensions: (15*38*42)mm, is a specialized component used in the guiding mechanisms of CNC machines. Manufacturer: Dongguan Nesco CNC. 100% brand new.",,100.0,Pieces,0.0,500.0,,,
2025-12-04,印度,中国,CIU BEARING CO,TIANJIN TEXTILE GROUP IMPORT AND EXPORT INC,"502, SATGURU SUPREME, WALJI LADHA ROAD, MULUND WEST,","3YUNNAN ROAD, TIANJIN, CHINA Tianji n, , CHINA SDNF CHINA",,,,China (CN),,Qingdao,NHAVA SHEVA SEA (INNSA1),84828000,LINEAR MOTION BEARINGS LMK25UU LINEAR MOTION BEARINGS LMK25UU,,500.0,NOS,0.0,500.0,,,
2025-10-17,越南,中国,CÔNG TY TNHH ĐIỆN TỬ JSTAR VIỆT NAM,GUANGXI PINGXIANG ZHONGYUE IMPORT AND EXPORT TRADE CO LTD,"Lot G11, Que Vo Industrial Park Expansion, Phuong Lieu Ward, Bac Ninh Province, Vietnam","NO.385 NANDA ROAD, SANYILU WAREHOUSE AND, LOGISTICS CENTER, PINGXIANG CITY, GUANGXI,CHINA, CN",,,,China,,,,84821000,"Bạc trượt tuyến tính (ổ bi trượt), dùng để giảm ma sát trong chuyển động thiết bị, kích thước: 12*21*30mm, mã: LM12UU. Hàng mới 100%,Silver linear slide (ball bearing slide), used to reduce friction in moving equipment, size: 12*21*30mm, code: 12MM. 100% brand new",,500.0,Pieces,0.0,500.0,,,
2025-09-30,孟加拉国,中国,M N DYEING PRINTING & WASHING,SAILTEX SINGAPORE SG,Mills Limited Changed From M. N.,,,,,CN,,,,84822000,PRINT HEADE CARRIAGE LINEAR BEARING,,0.0,,8.0,500.0,,,
2025-03-10,越南,中国,CÔNG TY TNHH JADE M - TECH,WUXI J WELL PRECISION MACHINERY CO LTD,"Land plot number TT3-09, Land Jam, Lien Mac Ward, Bac Tu Liem District, Hanoi City, Vietnam.","NO.1 HEHUAN ROAD, WUXI CITY, JIANGSU PROVINCE, CN",,,,China,,,,84821000,"Con trượt HGH35CA bộ phận của thanh tuyến tính dẫn hướng, bằng thép,có ổ bi, phụ tùng máy gia công kim loại. Nhãn hiệu: Wuxi J-Well, NSX:Wuxi J-Well Co, ltd, mới 100%,HGH35CA linear guide rail parts, steel, with ball bearing, metalworking machine parts. Brand: Wuxi J-Well, Manufacturer: Wuxi J-Well Co, ltd, 100% new",,50.0,Pieces,0.0,500.0,,,
2025-01-10,越南,中国,CÔNG TY TNHH YANMADE TECHNOLOGY VIỆT NAM,SHENZHEN YANMADE TECHNOLOGY INC,"Lot V.9.1 Thuan Thanh 3 Industrial Park - Module 1, Thanh Khuong Ward, Thuan Thanh Town, Bac Ninh","C BUILDING NO. 2, BANGKAI UNIVERSITY OF SCIENCE, AND TECHNOLOGY, GUANGMING DISTRICT, SHENZHEN, CN",,,,China,,,,84825000,"Vòng bi tuyến tính LMC03-d4, hình trụ, kt phi 4*3mm, chất liệu bằng thép, Hàng mới 100%,Linear bearing LMC03-d4, cylindrical, size 4*3mm, steel material, 100% new",,500.0,Pieces,0.0,500.0,,,
2025-03-08,印度,中国,SANGHVI AUTOMATION,LISHUI GREENLEAF AUTOMATIC TECHNOLOGY CO LTD,"GALA NO. F/106 TOP CLASS ENCLAVE, FIRST FLOOR BHOIDAPADA NAKA, SATIVALI ROAD, VASAI EAST",,,,,CHINA,,Ningbo,NHAVA SHEVA SEA (INNSA1),84828000,LINEAR BEARING SC 16 UU LINEAR BEARING SC 16 UU,,500.0,NOS,0.0,499.6358,C5QXKO170YH8B,,
2025-10-03,印度,中国,FLURO ENGINEERING PRIVATE LIMITED,HIWIN TECHNOLOGIES CORP,,"NO.7,JINGKE ROAD, PRECISION MACHINE RY PARK, TALCHUNG 40852 SDNF Taiwan",,,,"Taiwan,China (TW)",,Taiyuan,SAHAR AIR CARGO ACC (INBOM4),84821011,HIWIN LINEAR BEARING WBK 40 DF(B250120-01) HIWIN LINEAR BEARING WBK 40 DF(B250120-01),,2.0,NOS,0.0,499.33,,,
2025-09-18,印度,中国,SHAKTI BEARING,NINGBO HUAYI IMPORT AND EXPORT CO LTD,21/2 REVA BHAI INDUSTRIAL ESTATE NEAR ISHWAR KRUPA WAY BRIDGE CTM AMRAIWADI,"ROOM 12-7/8HUAHONG INTERNATIONAL CENTRE, NO. 717, ZHONGXING ROAD, JIANGDONG DISTRICT,NINGBO CHINA CN",,,,China (CN),,Qingdao,,84828000,LINEAR MOTION BEARING : SC30UU LINEAR MOTION BEARING,,200.0,NOS,0.0,499.22,,,
2025-11-05,印度,中国,AXIS TECHNOLOGIES,ZHEJIANG JINGRUI INTELLIGENT TRANSMISSION CO LTD,"207, ARIHANT TOWER, 2ND FLOOR,83 V. V .CHANDAN STREET, MUMBAI, ","#99, Shangxu Road Lishui Industral Zone Zhejiang, Zhejiang, CHINA SDNF CHINA",,,,China (CN),,Shanghai,NHAVA SHEVA SEA (INNSA1),84828000,LINEAR MOTION BEARINGS LM40UU LINEAR MOTION BEARINGS LM40UU,,300.0,NOS,0.0,499.06,,,
2025-04-15,印度,中国,KHS INNOVATION & ENGINEERING LLP,ZHEJIANG SIQIANG BEARING MANUFACTUR,"4A, KARIM BUILDING, 1ST FLOOR,142/  144, ABDUL REHMAN STREET ",,,,,CHINA,,Shanghai,NHAVA SHEVA SEA (INNSA1),84828000,LINEAR MOTION BEARINGS LM30UU (BRAND - NIPPON) LINEAR MOTION BEARINGS,,600.0,PCS,0.0,496.5172,GZ6HW5WC9YCWX,,
2025-10-12,印度,中国,BEARING INDIA,XI'AN WEINUO MACHINERY AND EQUIPMENT CO LTD,,"ROOM 1101,BLOCK 9 TAIHUA JINMAO INT ERNATIONAL,NO.16 SOUTH OF FENGHUI R OAD,HIGH-TECH ZONE,XI'AN,CHINA CHINA",,,,China (CN),,Qingdao,ICD PATPARGANJ,84828000,LINEAR MOTION BEARING: LMF 50 UU LINEAR MOTION BEARING: LMF 50 UU,,50.0,NOS,0.0,495.28,,,
2025-04-25,巴基斯坦,中国台湾,SUNRISE PLASTIC INDUSTRIES PVT LTD,CHUM POWER MACHINERY CORP,"F87/A,, NEAR LABOUR SQUARE, SITE, KARACHI, Karachi West",NO 688-1 SECTION 3 ZHONG SHAN ROAD WURI TAICHUNG CITY 41453 TAIWAN R.O.C,,,,Taiwan/sep Customs Territory O,,TaiChung,KAPW,84824000,"PARTS FOR BLOW MOULDING MACHINE LINEAR BEARING _ 
JB-16AWW SB033013",,36.0,u,120.0,495.2748,1KHI25031995,,
2025-10-09,越南,中国,CÔNG TY TNHH JADE M - TECH,WUXI J WELL IMPORT AND EXPORT TRADING CO LTD,"Land Lot No. Tt3-09, Land Jam, Thuong Cat Ward, Hanoi City, Vietnam","YANGSHI CHUXIN INDUSTRIAL PARK, LUOSHE TOWN, HUISHAN DISTRICT, WUXI CITY, CN",,,,China,,,,84821000,"Con trượt HGW30HC bộ phận của thanh tuyến tính dẫn hướng, bằng thép,không hiệu,có ổ bi, phụ tùng máy gia công kim loại. NSX: Wuxi J-Well, mới 100%,Slider HGW30HC parts of the linear guide, stainless steel,non-performance,there are ball bearings, machine parts metal machining. MANUFACTURER: Wuxi J-Well, 100% new",,50.0,Pieces,0.0,495.0,,,
2025-03-11,印度,中国,ELECTUS SYSTEMS,LISHUI GREENLEAF AUTOMATIC TECHNOLOGY CO LTD,"G3,Ghawte Tower Dr,Ansari Road seco  ",,,,,CHINA,,Ningbo,NHAVA SHEVA SEA (INNSA1),84828000,LINEAR BEARINGS SC35LUU LINEAR BEARINGS SC35LUU,,50.0,NOS,0.0,494.6206,4MRHJKZ9YIULH,,
2025-07-16,越南,中国,CÔNG TY TNHH KHOA HỌC KỸ THUẬT GOERTEK VINA,WEIFANG GOERTEK TRADING CO LTD,"Lot N-1 Que Vo Industrial Park (Expansion Area), Nam Son Ward, Bac Ninh Province, Vietnam.","NORTH END DONGFANG ROAD, HIGH-TECH INDUSTRIAL DEVELOPMENT, DISTRICT,WEIFANG,SHANDONG,261031,P.R.CHINA, CN",,,,China,,,,84828000,"701020030234#&Thanh trượt tuyến tính có ổ bi (bằng thép, dài 150mm, hiệu MISUMI) SSEB16-150, mới 100%, 701020030234,701020030234#&Linear slide with ball bearing (steel, 150mm long, MISUMI brand) SSEB16-150, 100% new, 701020030234",,20.0,Pieces,0.0,494.1,,,
2025-10-15,越南,中国台湾,CÔNG TY TNHH MISUMI VIỆT NAM - CHI NHÁNH THÀNH PHỐ HỒ CHÍ MINH,MISUMI TAIWAN CORP,"Room 901, 9th Floor, Sacom-Chip Sang Building, Lot T2-4, D1 Street, High-Tech Park, Tang Nhon Phu Ward, Ho Chi Minh City","15F., NO.223, SONGJIANG RD., ZHONGSHAN DIST., TAIPEI CITY,104472, TAIWAN., TW",,,,Taiwan,,,,84828000,"Thanh trượt tuyến tính có ổ bi, nhãn hiệu MISUMI, mới 100%, code: C-SV2R24-580,Linear sliders have ball bearings, brands MISUMI, 100% new code: C-SV2R24-580",,10.0,Pieces,0.0,493.9874,,,
2025-02-20,印度,中国香港,BHAVI IMPEX,AMLAND GLOBE HK ENTERPRISE LTD,"108,SHUBH SANDESH, 16,  HANSRAJ LANE, BYCULLA, ",,,,,HONG KONG,,Ningbo,NHAVA SHEVA SEA (INNSA1),84828000,"LINEAR BEARING BRAND:HL ,ITEM NO.LMF20LU NI LINEAR BEARING",,48.0,NOS,0.0,493.9678,U6066D9M8DSTU,,
2025-06-30,印度,中国,MAHAVIR SALES CORPORATION,YIWU ZHITONG E COMMERCE FIRM,"128,NARAYAN DHURU STREET,MICRO  HOUSE,4TH FL ",,,,,CHINA,,Ningbo,NHAVA SHEVA SEA (INNSA1),84828000,LINEAR MOTION BEARINGS SBR25L UU LINEAR MOTION BEARINGS SBR25L UU,,100.0,PCS,0.0,492.9596,T7FO7SFY9XVX3,,
2025-11-05,印度,中国,AXIS TECHNOLOGIES,YIBOYUAN LINQING CITY PRECISION MACHINERY CO L,"207, ARIHANT TOWER, 2ND FLOOR,83 V. V .CHANDAN STREET, MUMBAI, ","TD INDUSTRIAL PARK, BACHALU TOWN LI NQING CITY, LIAOCHENG CITY, SHANDON G PROVINCE LIAOCHENG, Shandong, CHI CHINA",,,,China (CN),,Qingdao,NHAVA SHEVA SEA (INNSA1),84828000,LINEAR MOTION BEARINGS LMK40UU LINEAR MOTION BEARINGS LMK40UU,,200.0,NOS,0.0,492.85,,,
2025-11-05,印度,中国,AXIS TECHNOLOGIES,YIBOYUAN LINQING CITY PRECISION MACHINERY CO L,"207, ARIHANT TOWER, 2ND FLOOR,83 V. V .CHANDAN STREET, MUMBAI, ","TD INDUSTRIAL PARK, BACHALU TOWN LI NQING CITY, LIAOCHENG CITY, SHANDON G PROVINCE LIAOCHENG, Shandong, CHI CHINA",,,,China (CN),,Qingdao,NHAVA SHEVA SEA (INNSA1),84828000,LINEAR MOTION BEARINGS SC40UU LINEAR MOTION BEARINGS SC40UU,,100.0,NOS,0.0,491.83,,,
2025-02-19,印度,中国,SGS TRADE IMPEX,LINYI GUANDING IMPORT AND EXPORT CO LTD,"11, NARAYAN DHURU X LANE,  4TH FLOOR, ",,,,,CHINA,,Qingdao,NHAVA SHEVA SEA (INNSA1),84828000,LINEAR MOTION BEARINGS SME 20 UU WITH CLIP LINEAR MOTION BEARINGS SME 20 UU WITH CLIP,,400.0,PCS,0.0,491.6921,DTACQM16K09IF,,
2025-01-22,印度,中国,AXIS TECHNOLOGIES,YIBOYUAN LINQING CITY PRECISION MACHINERY CO L,"207, ARIHANT TOWER, 2ND FLOOR,83 V. V .CHANDAN STREET, MUMBAI, ",,,,,CHINA,,Qingdao,NHAVA SHEVA SEA (INNSA1),84828000,LINEAR MOTION BEARINGS SC60UU LINEAR MOTION BEARINGS SC60UU,,20.0,PCS,0.0,491.4908,C0W3RR1INJTTB,,
2025-06-10,印度,中国,CIU BEARING CO,TIANJIN TEXTILE GROUP IMPORT AND EXPORT INC,"502, SATGURU SUPREME, WALJI LADHA ROAD, MULUND WEST,",,,,,CHINA,,Qingdao,NHAVA SHEVA SEA (INNSA1),84828000,LINEAR MOTION BEARINGS SC80UU LINEAR MOTION BEARINGS SC80UU,,8.0,PCS,0.0,490.2601,IEQV7VOXN126Y,,
2025-07-08,印度,中国,AXIS TECHNOLOGIES,ZHEJIANG JINGRUI INTELLIGENT TRANSMISSION CO LTD,"207, ARIHANT TOWER, 2ND FLOOR,83 V. V .CHANDAN STREET, MUMBAI, ",,,,,CHINA,,Ningbo,NHAVA SHEVA SEA (INNSA1),84828000,LINEAR MOTION BEARINGS LMK20LUU LINEAR MOTION BEARINGS LMK20LUU,,315.0,PCS,0.0,489.7448,0SVQ7GYDUI59V,,
2025-02-20,印度,中国香港,BHAVI IMPEX,AMLAND GLOBE HK ENTERPRISE LTD,"108,SHUBH SANDESH, 16,  HANSRAJ LANE, BYCULLA, ",,,,,HONG KONG,,Ningbo,NHAVA SHEVA SEA (INNSA1),84828000,"LINEAR BEARING BRAND:HL ,ITEM NO.LMF16UU NI LINEAR BEARING",,100.0,NOS,0.0,489.6603,U6066D9M8DSTU,,
2025-02-14,印度,中国,RELIANCE TOOLS AND BEARING STORES,ZHEJIANG SIQIANG BEARING MANUFACTURE CO LTD,"GRD FLR, 163, MUTTON  STREET, ",,,,,CHINA,,Ningbo,NHAVA SHEVA SEA (INNSA1),84828000,LINEAR MOTION BEARINGS LME50UU LINEAR MOTION BEARINGS LME50UU,,96.0,PCS,0.0,488.7171,LEHHKMP5GYLNX,,
2025-03-10,印度,中国,AGARWAL INDUSTRIES,QINGDAO SHIYA IMPORT AND EXPORT CO,4 Ground Floor HARESH CHAMBER SAMUEL STREET VADGADI,,,,,CHINA,,Qingdao,NHAVA SHEVA SEA (INNSA1),84821090,LINEAR BALL BEARING LMF25UU LINEAR BALL BEARING,,500.0,NOS,0.0,487.6565,WR2ROUSHLUCH0,,
2025-02-19,印度,中国,SGS TRADE IMPEX,LINYI GUANDING IMPORT AND EXPORT CO LTD,"11, NARAYAN DHURU X LANE,  4TH FLOOR, ",,,,,CHINA,,Qingdao,NHAVA SHEVA SEA (INNSA1),84828000,LINEAR MOTION BEARINGS LMK 25 UU LINEAR MOTION BEARINGS LMK 25 UU,,400.0,PCS,0.0,487.6285,DTACQM16K09IF,,
2025-11-06,越南,中国,CÔNG TY TNHH GOERTEK ĐIỆN TỬ VIỆT NAM,WEIFANG GOERTEK TRADING CO LTD,"Lot A1, Nam Son - Hap Linh Industrial Park, Nam Son Ward, Hap Linh Commune, Tan Chi District, Bac Ninh Province, Vietnam","NORTH END DONGFANG ROAD, HIGH-TECH INDUSTRIAL DEVELOPMENT, DISTRICT,WEIFANG,SHANDONG,261031,P.R.CHINA, CN",,,,China,,,,84828000,"814010024683#&Ổ bi trượt vuông kèm ray dẫn hướng tuyến tính, kích thước: 5.2*3*2cm, ray trượt dài 15.3cm, mới 100%, 814010024683,814010024683#&Square linear ball bearing with guide rail, dimensions: 5.2*3*2cm, guide rail length 15.3cm, 100% new, 814010024683",,4.0,Pieces,0.0,486.57,,,
2025-10-30,印度,中国,RAGHAV BEARING ENTERPRISES,CHANGZHOU FOLEVO PRECISION,,"MACHINERY CO., LTD NO. 288, XIAXI WEST ROAD, JIAZE TOWN, WUJIN CHANGZHOU CITY, JIANGSU CHINA, CHINA",,,,China (CN),,Shanghai,ICD PATPARGANJ,84828000,LINEAR BEARING SC30UU LINEAR BEARING SC30UU,,200.0,PCS,0.0,486.38,,,
2025-01-21,印度,中国,V M TRADERS,SHANGHAI FENYUE INTERNATIONAL,"67, NAGDEVI STREET,  2ND FLOOR, ",,,,,CHINA,,Shanghai,NHAVA SHEVA SEA (INNSA1),84824000,TRACK ROLLER BEARING (MNB) MCYR8S LINEAR  BALL BEARINGS,,400.0,NOS,0.0,486.2766,CGXM94FBE4HRU,,
2025-11-19,印度,中国,AMAFHH SONS,ZHEJIANG SIQIANG BEARING MANUFACTURE CO LTD,"2ND FLOOR, 71 NAGDEVI CROSS LANE,,  N/A","NO.97,XIANXIA ROAD,NANMING MOUNTAIN STREET, LIANDU ZONE,LISHUI CITY LI SHUI CITY, Zhejiang, CHINA CHINA",,,,China (CN),,Ningbo,NHAVA SHEVA SEA (INNSA1),84828000,LINEAR MOTION BEARINGS SBR25UU LINEAR MOTION BEARINGS SBR25UU,,200.0,NOS,0.0,486.0,,,
2025-04-15,印度,中国,KHS INNOVATION & ENGINEERING LLP,ZHEJIANG SIQIANG BEARING MANUFACTUR,"4A, KARIM BUILDING, 1ST FLOOR,142/  144, ABDUL REHMAN STREET ",,,,,CHINA,,Shanghai,NHAVA SHEVA SEA (INNSA1),84828000,LINEAR MOTION BEARINGS LM12UU (BRAND - KHS LG) LINEAR MOTION BEARINGS,,1500.0,PCS,0.0,485.9154,GZ6HW5WC9YCWX,,
2025-12-04,印度,中国,KNOWELL INTERNATIONAL PRIVATE LIMITED,RHB PRECISION MACHINERY CO LTD,"20, NETAJI SUBHAS ROAD,  N/A","NO. 20-6, 37 BAIZHANG EAST ROAD, YI NZHOU, NINGBO P.R. CHINA ., , CHINA SDNF CHINA",,,,China (CN),,Shanghai,Kolkata,84828000,LINEAR MOTION GLIDING BEARINGS NO - POS 16 (BRAND - KHK) LINEAR MOTION GLIDING BEARINGS NO - POS 16 (BRAND - KHK),,288.0,PCS,0.0,485.46,,,
2025-11-21,越南,中国,CÔNG TY TNHH DỊCH VỤ THƯƠNG MẠI QUỐC TẾ ĐÌNH MINH,DONGXING CITY XING LONG TRADE LIMITED,"Hai Dong Village, Quang Duc Commune, Quang Ninh Province, Vietnam.","NO. 26, LANE 3, DONGXING TOWN, JIANG NA STREET, DONGXING CITY, GUANGXI, CHINA., CN",,,,China,,,,84821000,"Ổ bi con trượt bằng thép , dùng cho máy CNC, kích thước ( 23x48x82.6)mm, model:  EGH25CA, NSX: GUANGXI DONGXING YINGDA, mới 100%,Steel linear ball bearing, for CNC machines, dimensions (23x48x82.6)mm, model: EGH25CA, Manufacturer: GUANGXI DONGXING YINGDA, 100% new.",,50.0,Pieces,0.0,485.0,,,
2025-08-05,印度,中国,DURGA BEARINGS PRIVATE LIMITED,LUOYANG MONTON BEARING SCIENCE & TECHNOLOGY CO LTD,"39, NEW AVADI ROAD,  KILPAUK, ","NO.119 JIANSHE ROAD,LUOYANG HENAN SDNF CN",,,,China (CN),,LUOYANG,,84828000,BEARINGS-CRBTF105 LINEAR BUSH SBR12UU,,14.0,PCS,0.0,484.93,,,
2025-09-24,印度,中国,VISHAKHA METALS PRIVATE LIMITED,JINAN DEGA MACHINE CO LTD,"1ST FLOOR ASHIRWAD PARASCORPORATE,  NO 2 OPP KRISHNA BUNGLOWS PRAHLADN","666 FUHUA ROAD, HEHUA STREET, LICHENG DISTRICT, JINAN CITY 250101 CHINA",,,,China (CN),,Guangzhou,,84821090,LINEAR BEARING MODEL TMN12C LINEAR BEARING MODEL TMN12C,,10.0,SET,0.0,484.5,,,
2025-11-07,印度,中国,AGARWAL INDUSTRIES,CHANGZHOU FOLEVO PRECISION MACHINER,4 Ground Floor HARESH CHAMBER SAMUEL STREET VADGADI,"Y CO., LTD NO. 288, XIAXI WEST ROAD , JIAZE TOWN, WUJIN DISTRICT, CHANG ZHOU CITY, JIANGSU CHINA",,,,China (CN),,Qingdao,NHAVA SHEVA SEA (INNSA1),84821090,LINEAR BALL BEARING SC20 UU LINEAR BALL BEARING,,500.0,PCS,0.0,484.43,,,
2025-10-08,印度,中国,JMD ENGINEERS AND TRADERS,LISHUI GREENLEAF AUTOMATIC,,"TECHNOLOGY CO., LTD 297 LONGQING ROAD SHUIGE AREA LIAND LISHUIZHEJIANG, CHINA",,,,China (CN),,Ningbo,ICD PATPARGANJ,84821090,LINEAR BEARINGS - SBR20UU U/WT. - 0.219 (FOR INDUSTRIAL USE) .,,400.0,NOS,0.0,484.4,,,
2025-11-19,印度,中国,MECH AUTO SYSTEMS,TECH MOTION SHANGHAI CO LTD,"SHOP NO 2, BALCHANDRA APARTMENT  PLOT NO.55, SECTOR 44A,NERUL ","ROOM 904, BUILDING 3, 80 HUASHEN RO AD, WAI GAO QIAO FREE TRADE ZONE Sh anghai, Shanghai, CHINA CHINA",,,,China (CN),,Shanghai,NHAVA SHEVA SEA (INNSA1),84821090,LINEAR MOTION BEARING BLOCK HGW25CC LINEAR MOTION BEARING BLOCK HGW25CC,,100.0,NOS,0.0,483.54,,,
2025-06-19,印度,中国,RHD ENTERPRISE,CIXI HUIBO IMPORT AND EXPORT CO LTD,"D-10, HIRAMANEK BAPTISTA ROAD, VILE PARLE WEST,MUMBAI null",,,,,CHINA,,Ningbo,NHAVA SHEVA SEA (INNSA1),84821090,LINEAR BEARING LMK20LUU LINEAR BEARING LMK20LUU,,280.0,NOS,0.0,483.2991,2H95CF4FI9KXG,,
2025-02-12,乌兹别克斯坦,中国,OOO INTELLIGENT PROCESSING,DONGGUAN JACTON INDUSTRY CO LTD,,,,,,,,,,8482109008,"1. Линейный подшипник ШАРИКОВЫЙ  типа LMK20LUU - 50шт, LMF50LUU - 10шт(диаметр наружный 32 мм и более).
Используется в собственном производстве для сборки станков. Производитель: DONGGUAN JACTON INDUSTRY CO., LTD (Китай) - кол. 60 шт, вес: 48,5 кг
2. час",,60.0,шт,48.5,482.63,,,
2025-06-30,印度,中国,BEARING INDIA,XI'AN WEINUO MACHINERY AND EQUIPMENT CO LTD,"2418, SECOND FLOOR, GEETA MANSION, G.B. ROAD",,,,,CHINA,,Qingdao,ICD PATPARGANJ,84828000,LINEAR MOTION BEARINGS: SBR30UU LINEAR MOTION BEARINGS: SBR30UU,,150.0,NOS,0.0,482.585,KR9JEJ3U6S7U4,,
2025-11-08,印度,中国,RHD ENTERPRISE,CIXI HUIBO IMPORT AND EXPORT CO LTD,"D-10, HIRAMANEK BAPTISTA ROAD, VILE PARLE WEST,MUMBAI null","ROOM 305 BUILDING NO.1 FENGZEWAN,ZH OUXIANG TOWN,CIXI CITY,ZHEJIANG,CHI NA CHINA",,,,China (CN),,Qingdao,NHAVA SHEVA SEA (INNSA1),84828000,LINEAR BEARING SFNUR2510-4 LINEAR BEARING SFNUR2510-4,,50.0,PCS,0.0,482.57,,,
2025-09-24,印度,中国,AMAFHH SONS,ZHEJIANG WELL BEARING INDUSTRIAL CO LTD,"2ND FLOOR, 71 NAGDEVI CROSS LANE,,  N/A","NO.18, XIANXIA ROAD,NANMINGSHAN STR EET, LIANDU DISTRICT LISHUI CITY, Z HEJIANG, CHINA CHINA",,,,China (CN),,Shanghai,,84828000,LINEAR MOTION BEARINGS LMK30UU LINEAR MOTION BEARINGS LMK30UU,,300.0,NOS,0.0,481.8,,,
2025-09-23,印度,中国,NXV BEARINGS PRIVATE LIMITED,NINGBO HUAYI IMP & EXP CO LTD,77 G B ROAD 2ND FLOOR,"ROOM 12-7/8, HUAHONG INTERNATIONAL CENTER, NO717 ZHONGXING ROAD, JIANG DONG DISTRICT, NINGBO, CHINA CHINA",,,,China (CN),,Qingdao,,84828000,"LM20UU,  LINEAR BEARING,  U/WT.-  0.083  (FOR INDUSTRIAL USE)BEARING",,1500.0,NOS,0.0,481.41,,,
2025-03-31,印度,中国,INDO MIM LIMITED,SUZHOU BYT ELECTRONICS TECHNOLOGY LIMITED,"213/(539/A), STREET.NO.7, LANE.NO.2 HIMAYAT NAGAR, ",,,,,CHINA,,Shanghai,BANGALORE ACC (INBLR4),84828000,"FLANGE LINEAR BEARINGS,C-02-104-00063,16PCS(JIGS & FIXTURESPARTS)FLANGE LINEAR BEARINGS,C-02-104-00063,16PCS(JIGS & FIXTURES",,16.0,NOS,0.0,481.3284,R200O8F9G5KHM,,
2025-11-15,越南,中国,CÔNG TY TNHH CÔNG NGHỆ TỰ ĐỘNG HÓA THIÊN VŨ VIỆT NAM,HONG KONG JINZHENG TECHNOLOGY DEVELOPMENT CO LIMITED,"Que Vo Industrial Zone (Expanded Area), Phuong Lieu Ward, Bac Ninh Province, Vietnam","ROOM 01,21/F, PROSPER COMMERCIAL BUILDING, 9 YIN CHONG STREET, KOWLOON, HONG KONG, CHINA, CN",,,,China,,,,84821000,"Bộ thanh trượt hoàn chỉnh gồm thanh trượt và con trượt vuông chứa ổ bi, dùng hỗ trợ dẫn hướng cho thiết bị công nghiệp, kích thước: 425*110*65mm, model: MTP40-S200, nsx: Dongguan Taipin, mới 100%.,Complete linear guide set including linear guide rail and square bearing slide, used to support guidance for industrial equipment, dimensions: 425*110*65mm, model: MTP40-S200, manufacturer: Dongguan Taipin, 100% new.",,1.0,Pieces,0.0,480.97,,,
2025-01-31,印度,中国,PET STREAM INC,SUZHOU STARMEC IMPORT & EXPORT CO,"7255/77 A GROUND FLOOR AJENDRA,MAR  KET SHAKTI NAGAR DELHI-110007 ",,,,,CHINA,,Shanghai,DELHI AIR CARGO ACC (INDEL4),84828000,FIXED SEAT ASSEMBLY OF LINEAR BAERING - 50503-24-1501-00007 BEARING,,2.0,NOS,0.0,480.6998,TB3XB83JYE6TN,,
2025-01-13,印度,中国,AXIS TECHNOLOGIES,ZHEJIANG JINGRUI INTELLIGENT TRANSMISSION CO LTD,"207, ARIHANT TOWER, 2ND FLOOR,83 V. V .CHANDAN STREET, MUMBAI, ",,,,,CHINA,,Ningbo,NHAVA SHEVA SEA (INNSA1),84828000,LINEAR MOTION BEARINGS SC30LUUOP LINEAR MOTION BEARINGS SC30LUUOP,,90.0,PCS,0.0,480.3733,Y1D7BE3Q2SBOJ,,
2025-09-26,越南,中国,CÔNG TY TNHH SX & TM BORUI,HL CROSS BORDER SUPPLY CHAIN LIMITED,"No. 169, Street 208, An Hai Ward, Hai Phong City, Vietnam","FLAT 2401-16, 24/F, WING SHING INDUSTRIAL BUILDING, 26 NG FONG STREET, SAN, CN",,,,China,,,,84821000,"Vòng bi tuyến tính bằng thép, model: LME33-d30, NSX: Suzhou Shunhe Shengda Automation Technology Co., Ltd, dùng cho băng chuyền.Mới 100%,Linear ball bearings in steel, model: LME33-d30, NSX: Suzhou Shunhe Shengda Automation Technology Co., Ltd, used for conveyor belt.New 100%",,32.0,Pieces,0.0,480.0,,,
2025-05-09,越南,中国,CÔNG TY TNHH POWERNICE SMARTECH VIỆT NAM,NINGBO POWERNICE INTELLIGENT TECHNOLOGY CO LTD,"Lô số CN2-8, Khu công nghiệp Minh Quang-Phường Bạch Sam-Thị xã Mỹ Hào-Hưng Yên","398 BINHAI RD, BINHAI NEW AREA, ECONOMIC DEVELOPMENT ZONE, FENGHUA DISTRICT, NINGBO CITY, ZHEJIANG,CHINA, CN",,,,China,,,,84821000,"Vòng bi cầu rãnh sâu, P/N: MS1301-6201RS-1,chất liệu bằng thép (có nắp nhựa chống bụi), dùng cho thiết bị truyền động tuyến tính, kích thước: phi 12*phi 32*10t. Mới 100%,Deep groove ball bearing, P/N: MS1301-6201RS-1, steel material (with dustproof plastic cover), used for linear actuator, size: phi 12*phi 32*10t. 100% new",,2000.0,Pieces,0.0,480.0,,,
2025-08-21,越南,中国,CÔNG TY TNHH XUAN JIN HUI,KATHLY INDUSTRIAL CO LIMITED,"Bai Cat Area, Chu Mau, Nam Son Ward, Bac Ninh Province, Vietnam","FLAT/RM A 9/F SILVERCORP, INTERNATIONAL TOWER 707-713, NATHAN ROAD MONGKOK, KOWLOON, HONG KONG, CHINA, ",,,,China,,,,84821000,"Vòng bi tuyến tính model LMU4, hãng Misumi, kt: 4*8*12mm, bằng thép, mới 100%,Linear bearing model LMU4, genuine Misumi, kt: 4*8*12mm, stainless steel, 100% new",,4.0,Pieces,0.0,480.0,,,
2025-03-19,乌兹别克斯坦,中国,ООО OSIYO SANOAT INVEST,JIANGSU ASIA SUPPLY CHAIN MANAGEMENT CO LTD,,,,,,China,,,,8482800009,"1. ПОДШИПНИКИ ЛИНЕЙНЫЕ КОМБИНИРОВАННЫЕ. ГОСТ:520-2002. 8338-75. Для использования в производстве эл.технике, ремонте. Combined bearing / Подшипник линейный рельсовый направляющий комбинированый HGH55-Вес 50,04 кг.  Кол. 12 шт ;
Combined bearing / Подшипн",,18.0,шт,85.8,480.0,,,
2025-09-10,越南,中国台湾,CÔNG TY TNHH MISUMI VIỆT NAM - CHI NHÁNH THÀNH PHỐ HỒ CHÍ MINH,MISUMI TAIWAN CORP,"Room 901, 9th Floor, Sacom-Chip Sang Building, Lot T2-4, D1 Street, High-Tech Park, Tang Nhon Phu Ward, Ho Chi Minh City","9F-1, NO.126, SEC.4, NANJING E.RD., TAIPEI,10595, TAIWAN., TW",,,,Taiwan,,,,84828000,"Thanh trượt tuyến tính có ổ bi, nhãn hiệu MISUMI, mới 100%, code: C-SX2R24-280,Linear sliders have ball bearings, brands MISUMI, 100% new code: C-SX2R24-280",,12.0,Pieces,0.0,479.7343,,,
2025-04-18,印度,中国,RAGHAV BEARING ENTERPRISES,CHANGZHOU FOLEVO PRECISION,"Shop No 63, First Floor, GB Road Contact No: 918743097367",,,,,CHINA,,Shanghai,ICD PATPARGANJ,84828000,LINEAR BEARING (SC30 UU) LINEAR BEARING (SC30 UU),,200.0,PCS,0.0,478.4973,4Y2G4RZSTRR8H,,
2025-09-05,印度,中国,N J ENTERPRISES,DYNAMIC RICH INC LIMITED,"A-104, AVANI TOWER , D.G ROAD, OLD MULUND, MULUND WEST,","ROOM 707, CHENGGONG BUILDING, ZHONG SHAN DISTRICT, DALIAN CHINA 116000 SDNF CHINA",,,,China (CN),,Qingdao,,84828000,LINEAR MOTION BEARING LMK60LUU LINEAR MOTION BEARING LMK60LUU,,30.0,PCS,0.0,478.32,,,
2025-09-06,越南,中国,CN CÔNG TY TNHH YAZAKI HẢI PHÒNG VIỆT NAM TẠI THÁI BÌNH,YANTAI UEDA TOOL & FIXTURE CO LTD,"Lot Cn1+Cn2, Song Tra Industrial Park, National Highway 10, Thai Binh Ward, Hung Yen Province, Vietnam","STREET FUSHAN, NEW&HIGH-TECH INDUSTRY PARK, YANTAI, CHINA, ZZ",,,,China,,,,84821000,"C031514#&Vòng bi bằng thép không gỉ, dùng để truyền chuyển động, đường kính ngoài không quá 15 cm, Linear bush. Hàng mới 100%,C031514#&amp;bearings made of stainless steel, used to transmit motion, external diameter not exceeding 15 cm, Linear bush. 100% brand new",,217.0,Pieces,0.0,477.4,,,
2025-06-16,印度,中国,RAGHAV BEARING ENTERPRISES,CHANGZHOU FOLEVO PRECISION,"Shop No 63, First Floor, GB Road Contact No: 918743097367",,,,,CHINA,,Shanghai,ICD PATPARGANJ,84828000,LINEAR BEARING  LM12 UU LINEAR BEARING  LM12 UU,,2000.0,PCS,0.0,476.8019,J5JX059QYVXLP,,
2025-02-20,印度,中国,SYSCOM AUTOMATION,LISHUI GREENLEAF AUTOMATIC TECHNOLOY CO LTD,"8/24, MUNICIPAL COLONY,PARK SITE, VIKHROLI WEST ,",,,,,CHINA,,Ningbo,NHAVA SHEVA SEA (INNSA1),84828000,LINEAR BEARING LM16AUU (67 KGS) LINEAR BEARING LM16AUU (67 KGS),,1000.0,NOS,0.0,476.7283,DTZY6YQ9GVIWO,,
2025-11-19,印度,中国,AMAFHH SONS,ZHEJIANG SIQIANG BEARING MANUFACTURE CO LTD,"2ND FLOOR, 71 NAGDEVI CROSS LANE,,  N/A","NO.97,XIANXIA ROAD,NANMING MOUNTAIN STREET, LIANDU ZONE,LISHUI CITY LI SHUI CITY, Zhejiang, CHINA CHINA",,,,China (CN),,Ningbo,NHAVA SHEVA SEA (INNSA1),84828000,LINEAR MOTION BEARINGS LMK25LUU LINEAR MOTION BEARINGS LMK25LUU,,200.0,NOS,0.0,476.0,,,
2025-09-22,印度,中国,CIU BEARING CO,TIANJIN TEXTILE GROUP IMPORT AND EXPORT INC,"502, SATGURU SUPREME, WALJI LADHA ROAD, MULUND WEST,","3YUNNAN ROAD, TIANJIN, CHINA Tianji n, , CHINA SDNF CHINA",,,,China (CN),,Qingdao,,84828000,LINEAR MOTION BEARINGS SME20UU LINEAR MOTION BEARINGS SME20UU,,400.0,NOS,0.0,475.2,,,
2025-08-11,印度,中国,KHS INNOVATION & ENGINEERING LLP,ZHEJIANG SIQIANG BEARING MANUFACTUR,"4A, KARIM BUILDING, 1ST FLOOR,142/  144, ABDUL REHMAN STREET ","E CO.,LTD NO.97, XIANXIA ROAD, NAN MING MOUNTAIN STREET LIANDU ZONE, LISHUI CITY, ZHEJIANG CHINA",,,,China (CN),,Shanghai,,84828000,LINEAR MOTION BEARINGS LMF20UU (BRAND - KHS LG) LINEAR MOTION BEARINGS,,500.0,PCS,0.0,475.0,,,
2025-05-12,印度,中国,METRO BEARING INTERNATIONAL,HANKES NEW MATERIALS SHANDONG CO LTD,H NO 2448 1ST FLOOR RAJJI G B ROAD NEAR MASJID,,,,,CHINA,,Qingdao,TUGHLAKABAD,84828000,"SCS30UU,  LINEAR MOTION BEARING,  U/WT.-  0.735  (FOR INDUSTRIAL USE)BEARING",,300.0,NOS,0.0,474.1663,L00UI7NZIRNG7,,
2025-09-18,印度,中国,SHAKTI BEARING,NINGBO HUAYI IMPORT AND EXPORT CO LTD,21/2 REVA BHAI INDUSTRIAL ESTATE NEAR ISHWAR KRUPA WAY BRIDGE CTM AMRAIWADI,"ROOM 12-7/8HUAHONG INTERNATIONAL CENTRE, NO. 717, ZHONGXING ROAD, JIANGDONG DISTRICT,NINGBO CHINA CN",,,,China (CN),,Qingdao,,84828000,LINEAR MOTION BEARING : LM25UU LINEAR MOTION BEARING,,1000.0,NOS,0.0,473.87,,,
2025-04-12,印度,中国,KHS INNOVATION & ENGINEERING LLP,ZHEJIANG SIQIANG BEARING MANUFACTUR,"4A, KARIM BUILDING, 1ST FLOOR,142/  144, ABDUL REHMAN STREET ",,,,,CHINA,,Shanghai,NHAVA SHEVA SEA (INNSA1),84828000,LINEAR MOTION BEARINGS LMK25UU (BRAND - KHS LG) LINEAR MOTION BEARINGS,,352.0,PCS,0.0,473.7815,253CNM79HRCOK,,
2025-06-17,印度,中国,ASM TECHNOLOGIES LIMITED,FOUTEMA AUTOMATION TECHNOLOGY SUZHOU CO LTD,"80/2,LUSANNE COURT,  RICHMOND ROAD ",,,,,CHINA,,Nanjing,BANGALORE ACC (INBLR4),84828000,LINEAR BEARING-LHMSW16- P.NO.8600001557 LINEAR BEARING-LHMSW16- P.NO.8600001557,,8.0,PCS,0.0,473.7193,ECRDX9RR7SZ9V,,
2025-03-10,印度,中国,AGARWAL INDUSTRIES,QINGDAO SHIYA IMPORT AND EXPORT CO,4 Ground Floor HARESH CHAMBER SAMUEL STREET VADGADI,,,,,CHINA,,Qingdao,NHAVA SHEVA SEA (INNSA1),84821090,LINEAR BALL BEARING CSK25PP LINEAR BALL BEARING,,300.0,NOS,0.0,473.3137,WR2ROUSHLUCH0,,
2025-09-15,印度,中国,RHD ENTERPRISE,CIXI HUIBO IMPORT AND EXPORT CO LTD,"D-10, HIRAMANEK BAPTISTA ROAD, VILE PARLE WEST,MUMBAI null","ROOM 305 BUILDING NO.1 FENGZEWAN,ZH OUXIANG TOWN,CIXI SDNF CHINA",,,,China (CN),,Ningbo,,84821090,LINEAR BLOCK BEARING HGH 15 CA LINEAR BLOCK BEARING HGH 15 CA,,200.0,PCS,0.0,473.03,,,
2025-06-28,越南,中国,CÔNG TY TNHH GOERTEK ĐIỆN TỬ VIỆT NAM,NANNING GOERTEK TRADING CO LTD,"Lot A1, Nam Son-Hap Linh Industrial Park, Nam Son Ward, Hap Linh Ward, Bac Ninh City and Lac Ve Commune, Tien Du District, Bac Ninh, Vietnam","F16-17, R&D BLD, HEADQUARTER BASE, OF NANNING-ASEAN AGRICULTURAL, SCIENCE & TECHNOLOGY DLT ENTERPRISE, NO.10 GAOXIN,3RD ROAD, NANNING CITY, CN",,,,China,,,,84828000,"814010072181#&Thanh trượt tuyến tính có ổ bi chất liệu bằng thép dùng trong sản xuất, model: MGN12C2R145Z0CE 10, hiệu: HIWIN, kích thước: 145*27*13mm, mới 100%, 814010072181,814010072181#&Linear slide with ball bearing made of steel used in production, model: MGN12C2R145Z0CE 10, brand: HIWIN, size: 145*27*13mm, 100% new, 814010072181",,11.0,Pieces,0.0,472.62,,,
2025-07-09,印度,中国,KHS INNOVATION & ENGINEERING LLP,ZHEJIANG SIQIANG BEARING MANUFACTUR,"4A, KARIM BUILDING, 1ST FLOOR,142/  144, ABDUL REHMAN STREET ",,,,,CHINA,,Shanghai,NHAVA SHEVA SEA (INNSA1),84828000,LINEAR MOTION BEARINGS LMF60UU KHS-LG LINEAR BEARINGS,,50.0,PCS,0.0,472.4912,ZZJGP1M2HQBY3,,
2025-12-13,秘鲁,中国,IMPORTADORA Y DISTRIBUIDORA DE RETENES R,KAIYUAN SHIPPING CO LTD,AV. RAMON CARCAMO NRO. 506,,,,,"CHINA, PEOPLE'S REPUBLIC OF",,NINGBO LISHE INTERNATIONAL APT,,8482100000,"RODAMIENTO LINEAL, KMK, ROD-3406 REPUESTO PARA MAQUINAS QUE REQUIEREN ALTA PRECISION DE POSICIONAMIENTO, REPETIBILIDAD Y RI RODAMIENTOS INDUSTRIALES DE ACERO DONDE RECIRCULAN UNAS PEQUENAS BOLAS DE ACERO QUE PERMIT LINEAR BEARING DE ACERO",,500.0,UNITS,30.15,472.23,,,
2025-08-11,印度,中国,KHS INNOVATION & ENGINEERING LLP,ZHEJIANG SIQIANG BEARING MANUFACTUR,"4A, KARIM BUILDING, 1ST FLOOR,142/  144, ABDUL REHMAN STREET ","E CO.,LTD NO.97, XIANXIA ROAD, NAN MING MOUNTAIN STREET LIANDU ZONE, LISHUI CITY, ZHEJIANG CHINA",,,,China (CN),,Shanghai,,84828000,LINEAR MOTION BEARINGS LMF60UU (BRAND - KHS LG) LINEAR MOTION BEARINGS,,50.0,PCS,0.0,472.0,,,
2025-04-01,印度,中国,AXIS TECHNOLOGIES,ZHEJIANG JINGRUI INTELLIGENT TRANSMISSION CO LTD,"207, ARIHANT TOWER, 2ND FLOOR,83 V. V .CHANDAN STREET, MUMBAI, ",,,,,CHINA,,Ningbo,NHAVA SHEVA SEA (INNSA1),84828000,LINEAR MOTION BEARINGS SC50LUU LINEAR MOTION BEARINGS SC50LUU,,20.0,PCS,0.0,471.9379,VOOLSCS6OAR5X,,
2025-07-18,越南,中国,CÔNG TY TNHH GOERTEK ĐIỆN TỬ VIỆT NAM,NANNING GOERTEK TRADING CO LTD,"Lot A1, Nam Son - Hap Linh Industrial Park, Nam Son Ward, Hap Linh Va Ward, Tan Chi Commune, Bac Ninh Province, Vietnam","F16-17, R&D BLD, HEADQUARTER BASE, OF NANNING-ASEAN AGRICULTURAL, SCIENCE & TECHNOLOGY DLT ENTERPRISE, NO.10 GAOXIN,3RD ROAD, NANNING CITY, ZZ",,,,China,,,,84828000,"814010072181#&Thanh trượt tuyến tính có ổ bi chất liệu bằng thép dùng trong sản xuất, model: MGN12C2R145Z0CE 10, hiệu: HIWIN, kích thước: 145*27*13mm, mới 100%, 814010072181,814010072181#&Linear slide with ball bearing made of steel used in production, model: MGN12C2R145Z0CE 10, brand: HIWIN, size: 145*27*13mm, 100% new, 814010072181",,11.0,Pieces,0.0,471.53,,,
2025-09-23,印度,中国,NXV BEARINGS PRIVATE LIMITED,NINGBO HUAYI IMP & EXP CO LTD,77 G B ROAD 2ND FLOOR,"ROOM 12-7/8, HUAHONG INTERNATIONAL CENTER, NO717 ZHONGXING ROAD, JIANG DONG DISTRICT, NINGBO, CHINA CHINA",,,,China (CN),,Qingdao,,84828000,"SC16UU,  LINEAR BEARING,  U/WT.-  0.17  (FOR INDUSTRIAL USE) BEARING",,500.0,NOS,0.0,471.05,,,
2025-06-20,越南,中国香港,CÔNG TY TNHH QUỐC TẾ SHENLIAN VIỆT NAM,CHAISANG INDUSTRY CO LIMITED,"Mao Doc Quarter, Phuong Mao Ward, Que Vo Town, Bac Ninh Province, Vietnam","ROOM 01,21/F, PROSPER COMMERCIAL BUILDING, 9 YIN CHONG STREET, KOWLOON,H.K, HK",,,,China,,,,84821000,"Vòng bi tuyến tính, dùng cho thiết bị tự động hóa, chất liệu thép, kích thước: Phi 38mm,mã hàng: 24-AMY044-300-MBSH38-90. Mới 100%,Linear bearings, used for automation equipment, steel material, size: Phi 38mm, item code: 24-AMY044-300-MBSH38-90. 100% new",,20.0,Pieces,0.0,470.5814,,,
2025-06-20,越南,中国香港,CÔNG TY TNHH QUỐC TẾ SHENLIAN VIỆT NAM,CHAISANG INDUSTRY CO LIMITED,"Mao Doc Quarter, Phuong Mao Ward, Que Vo Town, Bac Ninh Province, Vietnam","ROOM 01,21/F, PROSPER COMMERCIAL BUILDING, 9 YIN CHONG STREET, KOWLOON,H.K, HK",,,,China,,,,84821000,"Vòng bi tuyến tính, dùng cho thiết bị tự động hóa, chất liệu thép, kích thước: Phi 32mm,mã hàng: 24-AMY044-300-MBSH32-90. Mới 100%,Linear bearings, used for automation equipment, steel material, size: Phi 32mm, item code: 24-AMY044-300-MBSH32-90. 100% new",,20.0,Pieces,0.0,470.5814,,,
2025-08-13,印度,中国,MISUMI INDIA PRIVATE LIMITED,MISUMI CHINA PRECISION MACHINERY,"3RD FL.ONYX BUILDING, NORTH MAIN  ROAD, KOREGAON PARIK ","TRADING CO LTD NO.1058, DILING RD, FENGXIAN DIST, SHANGHAI, CHINA, ZIP CD201402 CHINA",,,,China (CN),,SHANGHAI - PU DONG,,84821090,SGBBF25-LC35-LINEAR BALL BEARING - (STANDARD COMPONENTS FORPRESS DIE AND PLASTIC MOULDS).,,20.0,NOS,0.0,470.38,,,
2025-07-05,印度,中国,KHS INNOVATION & ENGINEERING LLP,LISHUIJINZHENGBEARINGMANUFACTURE,"4A, KARIM BUILDING, 1ST FLOOR,142/  144, ABDUL REHMAN STREET ",,,,,CHINA,,Shanghai,NHAVA SHEVA SEA (INNSA1),84828000,LINEAR MOTION BEARINGS LMK50LUU KHS-LG LINEAR BEARINGS,,38.0,PCS,0.0,470.1688,4A2G810XZMKMT,,
2025-11-30,印度,中国,G J IMPEX,XIAMEN PRIDE BEARINGS CO LTD,"B-64/3A, MAYAPURI PHASE II,  N/A","ZONE-D, UNIT 507,NO: 1690,GANGZHONG ROAD,XIAMEN, FUJIAN, CHINA SDNF CHINA",,,,China (CN),,Qingdao,TUGHLAKABAD,84828000,"LM40UU, LINEAR BEARING,  U/WT.-  0.56  (FOR INDUSTRIAL USE) LINEAR BEARING",,500.0,NOS,0.0,469.93,,,
2025-03-29,印度,中国,KHS INNOVATION & ENGINEERING LLP,LISHUIJINZHENGBEARINGMANUFACTURE,"4A, KARIM BUILDING, 1ST FLOOR,142/  144, ABDUL REHMAN STREET ",,,,,CHINA,,Shanghai,NHAVA SHEVA SEA (INNSA1),84828000,LINEAR MOTION BEARINGS LMK20UU MA (BRAND - KHS LG) LINEAR MOTION BEARINGS,,500.0,PCS,0.0,469.5121,ML7QWEAYAMIQU,,
2025-05-05,越南,中国台湾,CÔNG TY TNHH MISUMI VIỆT NAM - CHI NHÁNH THÀNH PHỐ HỒ CHÍ MINH,MISUMI TAIWAN CORP,"P 901 Tầng 9 Tòa Nhà Sacom-Chíp Sáng Lô T2-4 Đường D1 Khu Công Nghệ Cao P.Tân Phú,TP .Thủ Đức,TP.HCM","9F-1, NO.126, SEC.4, NANJING E.RD., TAIPEI,10595, TAIWAN., TW",,,,Taiwan,,,,84828000,"Thanh trượt tuyến tính có ổ bi, nhãn hiệu MISUMI, mới 100%, code: C-SVR24-520,Linear slide with ball bearing, MISUMI brand, 100% new, code: C-SVR24-520",,14.0,Pieces,0.0,469.2478,,,
2025-11-03,越南,中国,CÔNG TY TNHH SAMSUNG DISPLAY VIỆT NAM,IMARKETCHINA CO LTD,"Yen Phong Industrial Park, Yen Trung Commune, Bac Ninh Province, Vietnam","19TH FL, TIANXIN BUILDING, NO. 125, WEI DI ST., HE XI DIST., WEI DI ST., HE XI DIST., CN",,,,China,,,,84828000,"Q311-061185#&THANH TRƯỢT TUYẾN TÍNH MSB15TS2SSFC+U400-20/20N, CHẤT LIỆU THÉP, KẾT HỢP VỚI BI CẦU. HÀNG MỚI 100%,Q311-061185#&Linear Slide Rail MSB15TS2SSFC+U400-20/20N, Steel Material, Combined with Ball Bearings. 100% Brand New",,16.0,Pieces,0.0,469.12,,,
2025-09-11,印度,中国,RNS BEARINGS,SHANDONG YKK BEARING MANUFACTURING CO LTD,"3rd FLOOR, 306, Menek Bhavan Premises Co-op.Soc.Ltd 137,Narayan Dhuru Street , Mumbai","ROOM 1029,AREA A, 10TH FLOOR,BLOCK A, JINAN WEST INNOVATION PARK,NO 26 87,ZIWEI ROAD,UNIVERSITY SCIENCE AN CHINA",,,,China (CN),,Qingdao,,84824000,LINEAR BALL BEARING As per INV.&P/LIST Unit Weight /Pc 0.064kgsLINEAR BALL BEARING As per INV.&P/LIST Unit Weight /Pc 0.064,,20.0,NOS,0.0,469.11,,,
2025-10-24,越南,中国香港,CÔNG TY CỔ PHẦN METROFA,VEN INDUSTRIAL LIMITED,"No. 1A, Alley 276/45, Lane 276, Group 10, Dai Tu Street, Dinh Cong Ward, Hanoi City, Vietnam","UNIT A3, 2/F., HING YIP CENTRE, NO. 31 HING YIPSTREET, KWUN TONG, KOWLOON, HONGKONG, HK",,,,Taiwan,,,,84821000,"Ổ bi model FSER03232A2D, phi 32mm, bằng thép. dùng cho máy CNC, hiệu ABBA, nsx: ABBA LINEAR TECH CO.,LTD, hàng mới 100%,Bearings model FSER03232A2D, non-32mm, stainless steel. for CNC, brand ABBA, nsx: ABBA LINEAR TECH CO.,LTD., new goods 100%",,9.0,Pieces,0.0,468.99,,,
2025-07-10,印度,中国,AMBAY BEARING & MACHINERY,LISHUI GREENLEAF AUTOMATIC,"538687 BEHIND 59 GB ROAD,  N/A",,,,,CHINA,,Ningbo,ICD PATPARGANJ,84821090,LINEAR BEARING SC30UU BEARING,,200.0,NOS,0.0,468.7137,B6NLRBAHI0DVQ,,
2025-02-11,印度,中国,RELIANCE TOOLS AND BEARING STORES,LISHUI JINZHENG BEARING MANUFACTURE CO LTD,"GRD FLR, 163, MUTTON  STREET, ",,,,,CHINA,,Shanghai,NHAVA SHEVA SEA (INNSA1),84828000,FLANGE LINEAR MOTION BEARING LMF50UU FLANGE LINEAR MOTION BEARING LMF50UU,,60.0,PCS,0.0,468.5295,1ZWXTLPY0DNUH,,
2025-05-23,印度,中国,ATLANTIC INDUSTRIAL,ZHEJIANG JINGJIU BEARINGS INDUSTRIAL CO LTD,"Unit A, 2nd floor, No 103, 4th Cross Kalasipalyam New Extension",,,,,CHINA,,Ningbo,BANGALORE,84828000,LINEAR BLOCK BEARING HGW20CC,,200.0,PCS,0.0,468.2586,XX2K42NR3CRRP,,
2025-12-08,印度,中国,RAGHAV BEARING ENTERPRISES,CHANGZHOU FOLEVO PRECISION,"Shop No 63, First Floor, GB Road Contact No: 918743097367","MACHINERY CO., LTD NO. 288, XIAXI WEST ROAD, JIAZE TOWN, WUJIN CHANGZHOU CITY, JIANGSU CHINA, CHINA",,,,China (CN),,Ningbo,ICD PATPARGANJ,84828000,LINEAR BEARING SC40 UU LINEAR BEARING SC40 UU,,100.0,PCS,0.0,467.81,,,
2025-06-19,印度,中国,RHD ENTERPRISE,CIXI HUIBO IMPORT AND EXPORT CO LTD,"D-10, HIRAMANEK BAPTISTA ROAD, VILE PARLE WEST,MUMBAI null",,,,,CHINA,,Ningbo,NHAVA SHEVA SEA (INNSA1),84821090,LINEAR BEARING LMF25LUU LINEAR BEARING LMF25LUU,,202.0,NOS,0.0,466.9631,2H95CF4FI9KXG,,
2025-10-10,印度,中国,RAGHAV BEARING ENTERPRISES,CHANGZHOU FOLEVO PRECISION,,"MACHINERY CO., LTD NO. 288, XIAXI WEST ROAD, JIAZE TOWN, WUJIN CHANGZHOU CITY, JIANGSU CHINA, CHINA",,,,China (CN),,Shanghai,ICD PATPARGANJ,84828000,LINEAR BEARING SFNUR2005 LINEAR BEARING SFNUR2005,,100.0,PCS,0.0,466.86,,,
2025-06-30,印度,中国,THE BEARING STORE,SHANGHAI SIMINGTE AUTOMATION TECHNOLOGY CO LTD,N/A N/A,,,,,CHINA,,Qingdao,AHEMDABAD ICD (INSBI6),84821090,LINEAR MOTION BEARING - SCS8LUU ( AS PER INVOICE ) LINER MOTION BEARING - SCS8LUU ( AS PER INVOICE ),,500.0,NOS,0.0,466.1287,FVEI0WOJ0NOO1,,
2025-09-27,印度,中国,KHS INNOVATION & ENGINEERING LLP,ZHEJIANG SIQIANG BEARING MANUFACTUR,"4A, KARIM BUILDING, 1ST FLOOR,142/  144, ABDUL REHMAN STREET ","E CO.,LTD NO.97,XIANXIA ROAD. NANMING MOUNTAIN STREET. LIANDU ZONE.LISHUI CITY.ZHEJIANG CHINA",,,,China (CN),,Shanghai,,84824000,FLANGE LINEAR BEARING LMF20UU KHS-LG FLANGE LINEAR BEARING,,500.0,PCS,0.0,465.0,,,
2025-01-22,印度,中国,AXIS TECHNOLOGIES,YIBOYUAN LINQING CITY PRECISION MACHINERY CO L,"207, ARIHANT TOWER, 2ND FLOOR,83 V. V .CHANDAN STREET, MUMBAI, ",,,,,CHINA,,Qingdao,NHAVA SHEVA SEA (INNSA1),84828000,LINEAR MOTION BEARINGS KH2540PP LINEAR MOTION BEARINGS KH2540PP,,500.0,PCS,0.0,464.8683,C0W3RR1INJTTB,,
2025-03-10,越南,中国,CÔNG TY TNHH JADE M - TECH,WUXI J WELL PRECISION MACHINERY CO LTD,"Land plot number TT3-09, Land Jam, Lien Mac Ward, Bac Tu Liem District, Hanoi City, Vietnam.","NO.1 HEHUAN ROAD, WUXI CITY, JIANGSU PROVINCE, CN",,,,China,,,,84821000,"Con trượt HGW35CC bộ phận của thanh tuyến tính dẫn hướng, bằng thép,có ổ bi, phụ tùng máy gia công kim loại. Nhãn hiệu: Wuxi J-Well, NSX:Wuxi J-Well Co, ltd , mới 100%,HGW35CC linear guide rail parts, steel, with ball bearing, metalworking machine parts. Brand: Wuxi J-Well, Manufacturer: Wuxi J-Well Co, ltd , 100% new",,50.0,Pieces,0.0,464.5,,,
2025-11-26,越南,中国,CÔNG TY CỔ PHẦN CÔNG NGHỆ MẠCH VIỆT CNC,GUANGDONG SAINI INTELLIGENT EQUIPMENT TECHNOLOGY CO LTD,"House No. 28, Alley 198/3, Le Trong Tan Street, Phuong Liet Ward, Hanoi City, Vietnam","ROOM 101, BUILDING 3, NO.136, GANGJIAN ROAD, CHANGPING TOWN, DONGGUAN CITY, GUANGDONG PROVINCE, CHINA, CN",,,,China,,,,84821000,"Bộ dẫn động đơn trục của máy cơ khí, là bộ thanh trượt dẫn hướng tuyến tính, cấu tạo gồm thân và con trượt (có chứa ổ bi),model:GSH14-L10-500-BC-H40-C4 14-50-70-M5, hãng GIGA, hàng mới 100%,The single-axis drive unit for mechanical machines is a linear guide rail assembly consisting of a body and a slider (containing ball bearings), model: GSH14-L10-500-BC-H40-C4 14-50-70-M5, GIGA brand, 100% new.",,2.0,Pieces,0.0,464.0,,,
2025-11-20,肯尼亚,中国,SILAFRICA KENYA LIMITED,TIMESUI CO LIMITED,,,,,,China,Kenya,,,84829900,TIMESUI; 8 PCS OF LINEAR BEARING BLOCK; TIMESUI; TIMESUI; 8; 8; 2025; 1; 8; 0; 464;,,8.0,KGM,0.0,464.0,,,
2025-04-24,印度,中国,SGR INDUSTRIAL HOUSE,QINGDAO YI XIN YAN INTERNATIONAL TRADE CO LTD,"63/33,Third  Floor,  Shop No.3, Katchaleeswarar Agaraharam Street, George Town, Chennai",,,,,CHINA,,Qingdao,Chennai  ,84821011,LINEAR BEARING 40-66-14-14 (WOOD CNC MACHINE SPARE PARTS) LINEAR BEARING 40-66-14-14 (WOOD CNC MACHINE SPARE PARTS),,200.0,NOS,0.0,462.5734,Y1FQ2792AI3HQ,,
2025-08-29,印度,中国,RHD ENTERPRISE,CIXI HUIBO IMPORT AND EXPORT CO LTD,"D-10, HIRAMANEK BAPTISTA ROAD, VILE PARLE WEST,MUMBAI null","ROOM 305 BUILDING NO.1 FENGZEWAN,ZH OUXIANG TOWN,CIXI SDNF CHINA",,,,China (CN),,Ningbo,,84828000,LINEAR BEARING SFUR4010 4 LINEAR BEARING SFUR4010 4,,25.0,PCS,0.0,462.46,,,
2025-06-13,印度,中国,NEEDLES BEARINGS INDIA,YIBO YUAN LINQING CITY PRECISION,"NO.595, I FLOOR, M.T.H. ROAD,  MANNURPET, AMBATTUR ESTATE, ",,,,,CHINA,,Qingdao,Chennai  ,84821090,LINEAR BEARING - LMK50LUU HC LINEAR BEARING -,,30.0,NOS,0.0,462.4542,SR5NQAE7ENWX0,,
2025-03-08,印度,中国,SANGHVI AUTOMATION,LISHUI GREENLEAF AUTOMATIC TECHNOLOGY CO LTD,"GALA NO. F/106 TOP CLASS ENCLAVE, FIRST FLOOR BHOIDAPADA NAKA, SATIVALI ROAD, VASAI EAST",,,,,CHINA,,Ningbo,NHAVA SHEVA SEA (INNSA1),84828000,LINEAR BEARING LMK 25 LUU LINEAR BEARING LMK 25 LUU,,200.0,NOS,0.0,462.1631,C5QXKO170YH8B,,
2025-11-19,印度,中国,AMAFHH SONS,ZHEJIANG SIQIANG BEARING MANUFACTURE CO LTD,"2ND FLOOR, 71 NAGDEVI CROSS LANE,,  N/A","NO.97,XIANXIA ROAD,NANMING MOUNTAIN STREET, LIANDU ZONE,LISHUI CITY LI SHUI CITY, Zhejiang, CHINA CHINA",,,,China (CN),,Ningbo,NHAVA SHEVA SEA (INNSA1),84828000,LINEAR MOTION BEARINGS LM50UU LINEAR MOTION BEARINGS LM50UU,,100.0,NOS,0.0,462.0,,,
2025-01-05,印度,中国,SHREE SAI TRADERS,LISHUI CITY JIALIDA BEARING CO LTD,RATTAN SINGH CHOWK FATEHGARH CHURIAN ROAD NEXT TO INDIAN OIL PUMP,,,,,CHINA,,Shanghai,NHAVA SHEVA SEA (INNSA1),84821090,LINEAR BEARING LMES30UU,,100.0,NOS,0.0,461.9383,62LIQWN09ZT9I,,
2025-02-07,印度,中国,SCHAEFFLER INDIA LIMITED,SCHAEFFLER TECHNOLOGIES AG & CO KG,MANEJA  N/A,,,,,CHINA,,Wilhelmshaven,NHAVA SHEVA SEA (INNSA1),84821090,[LINEAR BEARING] RADIAL INSERT BALL BEARING - GYE30-KRR-B-VA-HLA#N1 (ACTUAL USER) |||20009038782025_83[LINEAR BEARING] RADIAL INSERT BALL BEARING - GYE30-KRR-B-VA,,20.0,NOS,0.0,460.8731,I047DB6B9PEE1,,
2025-07-30,印度,中国,JAGDAMBA BEARINGS,CMG IMPORT AND EXPORT COMPANY LIMITED,"NO. 14, ERABALLU CHETTY STREET,,BR  OADWAY, ",,,,,CHINA,,Qingdao,Chennai  ,84828000,LINEAR BEARINGS-SBR12-4000L LINEAR BEARINGS-SBR12-4000L,,25.0,NOS,0.0,460.7964,X9M17G719OKA1,,
2025-12-04,印度,中国,CIU BEARING CO,TIANJIN TEXTILE GROUP IMPORT AND EXPORT INC,"502, SATGURU SUPREME, WALJI LADHA ROAD, MULUND WEST,","3YUNNAN ROAD, TIANJIN, CHINA Tianji n, , CHINA SDNF CHINA",,,,China (CN),,Qingdao,NHAVA SHEVA SEA (INNSA1),84828000,LINEAR MOTION BEARINGS SME20UU LINEAR MOTION BEARINGS SME20UU,,400.0,NOS,0.0,460.0,,,
2025-01-10,印度,中国,RAGHAV BEARING ENTERPRISES,CHANGZHOU FOLEVO PRECISION,"Shop No 63, First Floor, GB Road Contact No: 918743097367",,,,,CHINA,,Shanghai,ICD PATPARGANJ,84828000,LINEAR BEARING (SC30UU) LINEAR BEARING (SC30UU),,200.0,PCS,0.0,459.5029,7TSV3XUVF1N31,,
2025-07-29,斯里兰卡,中国,PHOENIX INDUSTRIES LTD,SUZHOU JUNJIE HONGSHENG AUTOMATION TECHNOLOGY CO LTD,"25, RHEINLAND PLACE,COLOMBO 03,EREG COMPLTD","3-5-4,NO 9,HUAYUAN EST ROAD,WUZHONG DISTRICT,SUZHOU CITY,CHINA",,,,CHINA,,,,84821000,"SPARE PARTS FOR INJECTION MOLDING MACHINE :&#10;LINEAR BLOCK,( BEARING )  43 PCS",,43.0,NIU,16.63,459.0,,,
2025-03-02,印度,中国,KNOWELL INTERNATIONAL PRIVATE LIMITED,RHB PRECISION MACHINERY CO LTD,"20, NETAJI SUBHAS ROAD,  N/A",,,,,CHINA,,Shanghai,Kolkata,84828000,LINEAR MOTION GLIDING BEARINGS NO - PHS 20 (BRAND - KHK) LINEAR MOTION GLIDING BEARINGS NO - PHS 20 (BRAND - KHK),,150.0,PCS,0.0,458.799,JRTAQCEL963R7,,
2025-05-19,印度,中国,KNOWELL INTERNATIONAL PRIVATE LIMITED,RHB PRECISION MACHINERY CO LTD,"20, NETAJI SUBHAS ROAD,  N/A",,,,,CHINA,,Shanghai,Kolkata,84828000,LINEAR MOTION GLIDING BEARINGS NO - PHS 20 (BRAND - KHK) LINEAR MOTION GLIDING BEARINGS NO - PHS 20 (BRAND - KHK),,150.0,PCS,0.0,458.7424,CLGU5X3HV91YC,,
2025-01-22,印度,中国,AXIS TECHNOLOGIES,YIBOYUAN LINQING CITY PRECISION MACHINERY CO L,"207, ARIHANT TOWER, 2ND FLOOR,83 V. V .CHANDAN STREET, MUMBAI, ",,,,,CHINA,,Qingdao,NHAVA SHEVA SEA (INNSA1),84828000,LINEAR MOTION BEARINGS LMK16LUU LINEAR MOTION BEARINGS LMK16LUU,,500.0,PCS,0.0,458.6188,CUZSH4J6SO7S8,,
2025-04-15,印度,中国,KHS INNOVATION & ENGINEERING LLP,ZHEJIANG SIQIANG BEARING MANUFACTUR,"4A, KARIM BUILDING, 1ST FLOOR,142/  144, ABDUL REHMAN STREET ",,,,,CHINA,,Shanghai,NHAVA SHEVA SEA (INNSA1),84828000,LINEAR MOTION BEARINGS LM30UUOP (BRAND - KHS LG) LINEAR MOTION BEARINGS,,400.0,PCS,0.0,457.4274,GZ6HW5WC9YCWX,,
2025-02-16,印度,中国,KHS INNOVATION & ENGINEERING LLP,ZHEJIANG SIQIANG BEARING MANUFACTURE CO LTDA,"4A, KARIM BUILDING, 1ST FLOOR,142/  144, ABDUL REHMAN STREET ",,,,,CHINA,,Shanghai,NHAVA SHEVA SEA (INNSA1),84828000,LINEAR BEARING-LM 30UUOP KHS-LG LINEAR BEARING-LM 30UUOP KHS-LG,,400.0,NOS,0.0,457.233,U5NWSLS36YLHN,,
2025-01-23,印度,中国,RAGHAV BEARING ENTERPRISES,CHANGZHOU FOLEVO PRECISION MACHINERY CO LTD,"Shop No 63, First Floor, GB Road Contact No: 918743097367",,,,,CHINA,,Shanghai,TUGHLAKABAD,84828000,LINEAR BEARING (MODEL - SC30 UU) .,,200.0,PCS,0.0,456.9309,BVP4O2JJY2V87,,
2025-03-05,印度,中国,RAGHAV BEARING ENTERPRISES,CHANGZHOU FOLEVO PRECISION,"Shop No 63, First Floor, GB Road Contact No: 918743097367",,,,,CHINA,,Shanghai,TUGHLAKABAD,84828000,LINEAR BEARING (SBR25UU) LINEAR BEARING (SBR25UU),,200.0,PCS,0.0,456.3568,0THJRUJZOAD2W,,
2025-10-22,印度,中国,MISUMI INDIA PRIVATE LIMITED,MISUMI CHINA PRECISION MACHINERY TRADING CO LTD,,NO. 1058 DILING RD FENGXIAN DIST SHANGHAI CHINA SDNF CHINA,,,,China (CN),,Shanghai,ICD PATPARGANJ,84821090,LINEAR BALL BEARING -E-LB20UU(STANDARD COMPONENTS FOR PRESSDIE AND PLASTIC MOLDS)LINEAR BALL BEARING -E-LB20UU(STANDARD COMPONENTS FOR PRESS,,700.0,PCS,0.0,456.12,,,
2025-11-19,印度,中国,AMAFHH SONS,ZHEJIANG SIQIANG BEARING MANUFACTURE CO LTD,"2ND FLOOR, 71 NAGDEVI CROSS LANE,,  N/A","NO.97,XIANXIA ROAD,NANMING MOUNTAIN STREET, LIANDU ZONE,LISHUI CITY LI SHUI CITY, Zhejiang, CHINA CHINA",,,,China (CN),,Ningbo,NHAVA SHEVA SEA (INNSA1),84828000,LINEAR MOTION BEARINGS SCS16LUU LINEAR MOTION BEARINGS SCS16LUU,,200.0,NOS,0.0,456.0,,,
2025-04-12,印度,中国,KHS INNOVATION & ENGINEERING LLP,ZHEJIANG SIQIANG BEARING MANUFACTUR,"4A, KARIM BUILDING, 1ST FLOOR,142/  144, ABDUL REHMAN STREET ",,,,,CHINA,,Shanghai,NHAVA SHEVA SEA (INNSA1),84828000,LINEAR MOTION BEARINGS LMK16UU (BRAND - KHS LG) LINEAR MOTION BEARINGS,,500.0,PCS,0.0,455.4034,253CNM79HRCOK,,
2025-08-04,越南,中国台湾,CÔNG TY TNHH MISUMI VIỆT NAM - CHI NHÁNH THÀNH PHỐ HỒ CHÍ MINH,MISUMI TAIWAN CORP,"Room 208, 2Nd Floor, Sacom-Chip Sang Building, Lot T2-4, Road D1, Hi-Tech Park, Tan Phu Ward, Thu Duc City, Ho Chi Minh City","9F-1, NO.126, SEC.4, NANJING E.RD., TAIPEI,10595, TAIWAN., TW",,,,Taiwan,,,,84828000,"Thanh trượt tuyến tính có ổ bi, nhãn hiệu MISUMI, mới 100%, code: C-SXR24-280,Linear sliders have ball bearings, brands MISUMI, 100% new code: C-SXR24-280",,16.0,Pieces,0.0,454.6187,,,
2025-11-05,印度,中国,AXIS TECHNOLOGIES,ZHEJIANG JINGRUI INTELLIGENT TRANSMISSION CO LTD,"207, ARIHANT TOWER, 2ND FLOOR,83 V. V .CHANDAN STREET, MUMBAI, ","#99, Shangxu Road Lishui Industral Zone Zhejiang, Zhejiang, CHINA SDNF CHINA",,,,China (CN),,Shanghai,NHAVA SHEVA SEA (INNSA1),84828000,LINEAR MOTION BEARINGS LMF 60LUU LINEAR MOTION BEARINGS LMF 60LUU,,26.0,NOS,0.0,454.47,,,
2025-05-07,印度,中国,KHS INNOVATION & ENGINEERING LLP,ZHEJIANG SIQIANG BEARING MANUFACTUR,"4A, KARIM BUILDING, 1ST FLOOR,142/  144, ABDUL REHMAN STREET ",,,,,CHINA,,Shanghai,NHAVA SHEVA SEA (INNSA1),84828000,LINEAR MOTION BEARINGS LMF50LUU (BRAND - KHS LG) LINEAR MOTION BEARINGS,,39.0,PCS,0.0,454.255,3P1VVTB4FUWNI,,
2025-12-04,印度,中国,KNOWELL INTERNATIONAL PRIVATE LIMITED,RHB PRECISION MACHINERY CO LTD,"20, NETAJI SUBHAS ROAD,  N/A","NO. 20-6, 37 BAIZHANG EAST ROAD, YI NZHOU, NINGBO P.R. CHINA ., , CHINA SDNF CHINA",,,,China (CN),,Shanghai,Kolkata,84828000,LINEAR MOTION GLIDING BEARINGS NO - PHS 20L (BRAND - KHK) LINEAR MOTION GLIDING BEARINGS NO - PHS 20L (BRAND - KHK),,150.0,PCS,0.0,454.21,,,
2025-11-26,越南,中国,CÔNG TY TNHH THIẾT BỊ CƠ ĐIỆN MINH THÀNH,HK TOMUU ACTUATOR TECHNOLOGY CO LIMITED,"Trang Due Residential Area (at Ngan Vu Co., Ltd.), An Duong Ward, Hai Phong City, Vietnam","ROOM 1318-19, HOLLYWOOD PLAZA, 610 NATHAN ROAD, MONGKOK, KOWLOON, HONGKONG, CN",,,,China,,,,84821000,"MNA-U10G00013#&Ổ bi dùng cho hộp số động cơ của bộ truyền động tuyến tính, mới 100%,MNA-U10G00013#&Bearing for motor gearbox of linear actuator, 100% new",,2162.0,Pieces,0.0,454.02,,,
2025-08-21,印度,中国,AMBICA IMPEX,ZHEJIANG SIQIANG BEARING MANUFACTURE CO LTD,N/A N/A,"NO.97,Xianxia Road.Nanming Mountain Street. Liandu Zone LISHUI, Zhejia ng, CHINA CHINA",,,,China (CN),,Shanghai,,84828000,LINEAR BEARING (LM25UU) LINEAR BEARING (LM25UU),,550.0,NOS,0.0,453.99,,,
2025-02-18,印度,中国,MAHAVIR SALES CORPORATION,YIWU ZHITONG E COMMERCE FIRM,"128,NARAYAN DHURU STREET,MICRO  HOUSE,4TH FL ",,,,,CHINA,,Ningbo,NHAVA SHEVA SEA (INNSA1),84828000,LINEAR MOTION BEARINGS LMK30L UU LINEAR MOTION BEARINGS LMK30L UU,,200.0,PCS,0.0,453.6329,S6ZUX3V42JKLS,,
2025-02-11,印度,中国,RELIANCE TOOLS AND BEARING STORES,LISHUI JINZHENG BEARING MANUFACTURE CO LTD,"GRD FLR, 163, MUTTON  STREET, ",,,,,CHINA,,Shanghai,NHAVA SHEVA SEA (INNSA1),84828000,FLANGE LINEAR MOTION BEARING LMH12UU FLANGE LINEAR MOTION BEARING LMH12UU,,500.0,PCS,0.0,453.4107,1ZWXTLPY0DNUH,,
2025-09-18,印度,中国,SHAKTI BEARING,NINGBO HUAYI IMPORT AND EXPORT CO LTD,21/2 REVA BHAI INDUSTRIAL ESTATE NEAR ISHWAR KRUPA WAY BRIDGE CTM AMRAIWADI,"ROOM 12-7/8HUAHONG INTERNATIONAL CENTRE, NO. 717, ZHONGXING ROAD, JIANGDONG DISTRICT,NINGBO CHINA CN",,,,China (CN),,Qingdao,,84828000,LINEAR MOTION BEARING : LMK25UU LINEAR MOTION BEARING,,500.0,NOS,0.0,453.27,,,
2025-02-05,印度,中国,KNOWELL INTERNATIONAL PRIVATE LIMITED,INTERNATIONAL BEARINGS PTE LTD,"20, NETAJI SUBHAS ROAD,  N/A",,,,,CHINA,,Singapore,Kolkata,84828000,LINEAR MOTION GLIDING BEARINGS NO - LMK30UU (BRAND - SAMICK) LINEAR MOTION GLIDING BEARINGS NO - LMK30UU (BRAND - SAMICK),,40.0,PCS,0.0,452.7247,W9P3ISCU6CAYU,,
2025-06-05,印度,中国,SGS TRADE IMPEX,LINYI GUANDING IMPORT AND EXPORT CO LTD,"11, NARAYAN DHURU X LANE,  4TH FLOOR, ",,,,,CHINA,,Qingdao,NHAVA SHEVA SEA (INNSA1),84828000,LINEAR MOTION BEARINGS SME30UU WITH CLIP LINEAR MOTION BEARINGS SME30UU WITH CLIP,,200.0,PCS,0.0,452.4854,ETASG1ICJ3CZ5,,
2025-01-03,菲律宾,中国香港,NEXPERIA PHILIPPINES INC,ASMPT TECHNOLOGY HONG KONG LIMITED,"PHILIPS AVENUE, LISP I-SEZ, BO. DIEZMO, CABUYAO, LAGUNA",,,,,JAPAN,,,,84828000000,LINEAR BEARING  FOR BONDER MACHINE,,22.0,PIECE,0.22,451.9,8339956903,,
2025-05-30,印度,中国,AMAFHH SONS,ZHEJIANG SIQIANG BEARING MANUFACTURE CO LTD,"2ND FLOOR, 71 NAGDEVI CROSS LANE,,  N/A",,,,,CHINA,,Ningbo,NHAVA SHEVA SEA (INNSA1),84828000,LINEAR MOTION BEARINGS LM50UU LINEAR MOTION BEARINGS LM50UU,,96.0,PCS,0.0,451.7104,0LAHS2H9JC2RX,,
2025-11-20,越南,中国,CÔNG TY CỔ PHẦN ĐẦU TƯ VÀ PHÁT TRIỂN HOÀNG MINH,GROOT SHANDONG SUPPLY CHAIN TECHNOLOGY CO LTD,"Van Diem Village, Phu Xuyen Commune, Hanoi City, Vietnam","5012, 3RD FLOOR, BUILDING, MENGSHAN FOURTH ROAD, YIHE NEW AREA, COMPREHENSIVE BONDED ZONE, LINYI CITY, SHANDONG PROVINCE,CHINA",,,,China,,,,84821000,"Con trượt bằng thép,  nhãn hiệu TBAI,  dùng cho lắp ráp máy, mô tơ, động cơ. Mã hàng  SCS30UU , kích thước 78*72*59.5mm. Hàng mới 100%. NSX: GROOT (SHANDONG) SUPPLY CHAIN TECHNOLOGY CO., LTD,Steel linear bearing, TBAI brand, used for assembling machines, motors, and engines. Item code SCS30UU, dimensions 78*72*59.5mm. 100% brand new. Manufacturer: GROOT (SHANDONG) SUPPLY CHAIN TECHNOLOGY CO., LTD",,300.0,Pieces,0.0,451.2,,,
2025-07-09,印度,中国,KHS INNOVATION & ENGINEERING LLP,ZHEJIANG SIQIANG BEARING MANUFACTUR,"4A, KARIM BUILDING, 1ST FLOOR,142/  144, ABDUL REHMAN STREET ",,,,,CHINA,,Shanghai,NHAVA SHEVA SEA (INNSA1),84828000,LINEAR MOTION BEARINGS LM16LUU KHS-LG LINEAR BEARINGS,,500.0,PCS,0.0,450.4683,ZZJGP1M2HQBY3,,
2025-08-11,印度,中国,KHS INNOVATION & ENGINEERING LLP,ZHEJIANG SIQIANG BEARING MANUFACTUR,"4A, KARIM BUILDING, 1ST FLOOR,142/  144, ABDUL REHMAN STREET ","E CO.,LTD NO.97, XIANXIA ROAD, NAN MING MOUNTAIN STREET LIANDU ZONE, LISHUI CITY, ZHEJIANG CHINA",,,,China (CN),,Shanghai,,84828000,LINEAR MOTION BEARINGS LM16LUU (BRAND - KHS LG) LINEAR MOTION BEARINGS,,500.0,PCS,0.0,450.0,,,
2025-10-24,越南,中国,CÔNG TY CỔ PHẦN TETRA PAK VIỆT NAM,TETRA PAK TRADING SHANGHAI CO LTD,"14F, The Metropolitan Building, 235 Dong Khoi, District 1, HCMC","201 EAST KANG QIAO DONG ROAD, PUDONG DISTRICT SHANGHAI, 201315 PRC PR CHINA, CN",,,,Japan,,,,84821000,"Phụ tùng máy chế biến,rót sữa:Ổ bi bằng thép, dài 30mm, đường kính trong/ngoài 12/21mm Linear bearing, 12.00x21.00x30.00mm;70000153838;NSX:IKO International.Mới100%,Machine parts processing,pouring milk:ball bearing steel, length 30mm, diameter in/out 12/21mm Linear bearing, 12.00x21.00x30.00mm;70000153838;NSX:IKO International.Mới100%",,19.0,Pieces,0.0,449.54,,,
2025-11-07,印度,中国,AGARWAL INDUSTRIES,CHANGZHOU FOLEVO PRECISION MACHINER,4 Ground Floor HARESH CHAMBER SAMUEL STREET VADGADI,"Y CO., LTD NO. 288, XIAXI WEST ROAD , JIAZE TOWN, WUJIN DISTRICT, CHANG ZHOU CITY, JIANGSU CHINA",,,,China (CN),,Qingdao,NHAVA SHEVA SEA (INNSA1),84821090,LINEAR BALL BEARING SK30 LINEAR BALL BEARING,,500.0,PCS,0.0,449.1,,,
2025-02-14,印度,中国,RELIANCE TOOLS AND BEARING STORES,ZHEJIANG SIQIANG BEARING MANUFACTURE CO LTD,"GRD FLR, 163, MUTTON  STREET, ",,,,,CHINA,,Ningbo,NHAVA SHEVA SEA (INNSA1),84828000,LINEAR MOTION BEARINGS KH2540PP LINEAR MOTION BEARINGS KH2540PP,,400.0,PCS,0.0,448.8218,LEHHKMP5GYLNX,,
2025-03-12,越南,中国台湾,CÔNG TY TNHH MISUMI VIỆT NAM - CHI NHÁNH THÀNH PHỐ HỒ CHÍ MINH,MISUMI TAIWAN CORP,"Room 901, 9th Floor, Sacom-Chip Sang Building, Lot T2-4, Street D1, High-Tech Park, Tan Phu Ward, Thu Duc City, Ho Chi Minh City","9F-1, NO.126, SEC.4, NANJING E.RD., TAIPEI,10595, TAIWAN., TW",,,,Taiwan,,,,84828000,"Thanh trượt tuyến tính có ổ bi, nhãn hiệu MISUMI, mới 100%, code: C-SXRL24-420,Linear slide with ball bearing, MISUMI brand, 100% new, code: C-SXRL24-420",,14.0,Pieces,0.0,448.5671,,,
2025-11-10,越南,中国,CÔNG TY TNHH MISUMI VIỆT NAM - CHI NHÁNH THÀNH PHỐ HỒ CHÍ MINH,MISUMI CHINA PRECISION MACHINERY TRADING CO LTD,"P 901, 9th Floor, Sacom-Chip Building, Lot T2-4, D1 Street, High-Tech Zone, Tan Nhon Phu Ward, Ho Chi Minh City","NO.1058 DILING RD, FENGXIAN DIST, SHANGHAI, CHINA, CN",,,,China,,,,84828000,"Thanh trượt tuyến tính có ổ bi, nhãn hiệu MISUMI, mới 100%, code: E-SMLG15-900-B2,Linear slide with ball bearings, MISUMI brand, 100% new, code: E-SMLG15-900-B2",,14.0,Pieces,0.0,447.7724,,,
2025-02-19,印度,中国,SGS TRADE IMPEX,LINYI GUANDING IMPORT AND EXPORT CO LTD,"11, NARAYAN DHURU X LANE,  4TH FLOOR, ",,,,,CHINA,,Qingdao,NHAVA SHEVA SEA (INNSA1),84828000,LINEAR MOTION BEARINGS SME 25 L UU LINEAR MOTION BEARINGS SME 25 L UU,,100.0,PCS,0.0,446.9928,DTACQM16K09IF,,
2025-10-15,越南,中国台湾,CÔNG TY TNHH MISUMI VIỆT NAM - CHI NHÁNH THÀNH PHỐ HỒ CHÍ MINH,MISUMI TAIWAN CORP,"Room 901, 9th Floor, Sacom-Chip Sang Building, Lot T2-4, D1 Street, High-Tech Park, Tang Nhon Phu Ward, Ho Chi Minh City","15F., NO.223, SONGJIANG RD., ZHONGSHAN DIST., TAIPEI CITY,104472, TAIWAN., TW",,,,Taiwan,,,,84828000,"Thanh trượt tuyến tính có ổ bi, nhãn hiệu MISUMI, mới 100%, code: C-SVRL24-730,Linear sliders have ball bearings, brands MISUMI, 100% new code: C-SVRL24-730",,10.0,Pieces,0.0,446.1923,,,
2025-10-15,越南,中国台湾,CÔNG TY TNHH MISUMI VIỆT NAM - CHI NHÁNH THÀNH PHỐ HỒ CHÍ MINH,MISUMI TAIWAN CORP,"Room 901, 9th Floor, Sacom-Chip Sang Building, Lot T2-4, D1 Street, High-Tech Park, Tang Nhon Phu Ward, Ho Chi Minh City","15F., NO.223, SONGJIANG RD., ZHONGSHAN DIST., TAIPEI CITY,104472, TAIWAN., TW",,,,Taiwan,,,,84828000,"Thanh trượt tuyến tính có ổ bi, nhãn hiệu MISUMI, mới 100%, code: C-SVRL24-710,Linear sliders have ball bearings, brands MISUMI, 100% new code: C-SVRL24-710",,10.0,Pieces,0.0,446.1923,,,
2025-05-16,越南,中国,CÔNG TY TNHH KEESON BÌNH PHƯỚC,KEESON TECHNOLOGY CORPORATION LIMITED,"Lô NX-D, đường D1,Cụm công nghiệp Tân Tiến 1,ấp Thái Dũng,Xã Tân Tiến,Huyện Đồng Phú,Tỉnh Bình Phước","NO. 158, QIUMAO ROAD, WANGJIANGJING, XIUZHOU DISTRICT, JIAXING,ZHEJIANG, CHINA. 314016, CN",,,,China,,,,84821000,"Ổ bi tuyến tính, không hiệu, không model, phụ kiện của máy lật giường, kích thước 45x30x123mm, mới 100%, 29008925,Linear ball bearing, no brand, no model, bed turning machine accessory, size 45x30x123mm, 100% new, 29008925",,64.0,Pieces,0.0,445.44,,,
2025-04-12,印度,中国,KHS INNOVATION & ENGINEERING LLP,ZHEJIANG SIQIANG BEARING MANUFACTUR,"4A, KARIM BUILDING, 1ST FLOOR,142/  144, ABDUL REHMAN STREET ",,,,,CHINA,,Shanghai,NHAVA SHEVA SEA (INNSA1),84828000,LINEAR MOTION BEARINGS LM16UUOP (BRAND - KHS LG) LINEAR MOTION BEARINGS,,800.0,PCS,0.0,445.2833,253CNM79HRCOK,,
2025-10-30,印度,中国,RAGHAV BEARING ENTERPRISES,CHANGZHOU FOLEVO PRECISION,,"MACHINERY CO., LTD NO. 288, XIAXI WEST ROAD, JIAZE TOWN, WUJIN CHANGZHOU CITY, JIANGSU CHINA, CHINA",,,,China (CN),,Shanghai,ICD PATPARGANJ,84828000,LINEAR BEARING LM50 UU LINEAR BEARING LM50 UU,,100.0,PCS,0.0,444.98,,,
2025-09-30,印度,中国,SK TRADEHOUSE,YIWU PASE TRADING FIRM,N/A N/A,2202 UNIT3 BUILDING3 WORLD TRADE CE NTER FUTIAN STREET YIWU SDNF China,,,,China (CN),,Ningbo,,84821090,LINEAR BEARING SPARE PARTS FOR CNC MACHINE LINEAR BEARING SPARE PARTS FOR CNC MACHINE,,1112.0,PCS,0.0,444.8,,,
2025-03-10,印度,中国,AGARWAL INDUSTRIES,QINGDAO SHIYA IMPORT AND EXPORT CO,4 Ground Floor HARESH CHAMBER SAMUEL STREET VADGADI,,,,,CHINA,,Qingdao,NHAVA SHEVA SEA (INNSA1),84821090,LINEAR BALL BEARING LM20GA LINEAR BALL BEARING,,500.0,NOS,0.0,444.6278,WR2ROUSHLUCH0,,
2025-03-10,印度,中国,AGARWAL INDUSTRIES,QINGDAO SHIYA IMPORT AND EXPORT CO,4 Ground Floor HARESH CHAMBER SAMUEL STREET VADGADI,,,,,CHINA,,Qingdao,NHAVA SHEVA SEA (INNSA1),84821090,LINEAR BALL BEARING LMK16LUU LINEAR BALL BEARING,,500.0,NOS,0.0,444.6278,WR2ROUSHLUCH0,,
2025-06-30,印度,中国,MAHAVIR SALES CORPORATION,YIWU ZHITONG E COMMERCE FIRM,"128,NARAYAN DHURU STREET,MICRO  HOUSE,4TH FL ",,,,,CHINA,,Ningbo,NHAVA SHEVA SEA (INNSA1),84828000,LINEAR MOTION BEARINGS SBR 25 UU LINEAR MOTION BEARINGS SBR 25 UU,,200.0,PCS,0.0,444.5899,T7FO7SFY9XVX3,,
2025-02-20,印度,中国香港,BHAVI IMPEX,AMLAND GLOBE HK ENTERPRISE LTD,"108,SHUBH SANDESH, 16,  HANSRAJ LANE, BYCULLA, ",,,,,HONG KONG,,Ningbo,NHAVA SHEVA SEA (INNSA1),84828000,"LINEAR BEARING BRAND:HL ,ITEM NO.KBK20UU LINEAR BEARING",,100.0,NOS,0.0,443.9452,U6066D9M8DSTU,,
2025-11-21,越南,中国,CÔNG TY TNHH XNK YOULI,PINGXIANG CHENGJIE IMP & EXP TRADE CO LTD,"3rd Floor, 126-128 Tran Vy Street, Phu Dien Ward, Hanoi City, Vietnam","NO. 1507, 15TH FLOOR, BUILDING B, NO. 18 TIANXIN ROAD, PINGXIANG TOWN, GUANGXI CHINA, CN",,,,China,,,,84821000,"Vòng bi SHIR2030C7. Bằng hợp kim thép, kt 39x48x50mm. Dùng trong hệ thống chuyển động tuyến tính.không có tên thương hiệu, Nsx: PINGXIANG CHENGJIE IMP.&EXP. TRADE CO.,LTD. mới 100%,SHIR2030C7 bearing. Made of alloy steel, dimensions 39x48x50mm. Used in linear motion systems. No brand name. Manufacturer: PINGXIANG CHENGJIE IMP.&EXP. TRADE CO.,LTD. 100% new.",,2.0,Pieces,0.0,443.74,,,
2025-02-19,印度,中国,SGS TRADE IMPEX,LINYI GUANDING IMPORT AND EXPORT CO LTD,"11, NARAYAN DHURU X LANE,  4TH FLOOR, ",,,,,CHINA,,Qingdao,NHAVA SHEVA SEA (INNSA1),84828000,LINEAR MOTION BEARINGS SME 16 UU LINEAR MOTION BEARINGS SME 16 UU,,400.0,PCS,0.0,442.9293,DTACQM16K09IF,,
2025-05-30,印度,中国,AMAFHH SONS,ZHEJIANG SIQIANG BEARING MANUFACTURE CO LTD,"2ND FLOOR, 71 NAGDEVI CROSS LANE,,  N/A",,,,,CHINA,,Ningbo,NHAVA SHEVA SEA (INNSA1),84828000,LINEAR MOTION BEARINGS LMES25UU LINEAR MOTION BEARINGS LMES25UU,,200.0,PCS,0.0,442.5431,0LAHS2H9JC2RX,,
2025-06-19,印度,中国,RELIANCE TOOLS AND BEARING STORES,ZHEJIANG SIQIANG BEARING MANUFACTURE CO LTD,"GRD FLR, 163, MUTTON  STREET, ",,,,,CHINA,,Ningbo,NHAVA SHEVA SEA (INNSA1),84828000,FLANGE LINEAR MOTION BEARING LMF16UU FLANGE LINEAR MOTION BEARING LMF16UU,,500.0,PCS,0.0,442.5416,G5HEYAG6NAZQ0,,
2025-06-21,印度,中国,CFK OVERSEAS LLP,QINGDAO HIKING YICAITONG MARKET,"C-100, GROUND FLOOR,NEW MULTAN NAG  AR ",,,,,CHINA,,Qingdao,STARTRACK TERMINAL ICD (INSTT6),84828000,"LM 25 UU,  LINEAR MOTION BEARINGS,  U/WT.-  0.22  (FOR INDUSTRIAL USE)BEARING",,1000.0,NOS,0.0,442.499,5P6JDDVGQIE5C,,
2025-05-17,印度,中国,MIDEA INDIA PRIVATE LIMITED,GUANGDONG YUHAI CHENG TRADING CO LTD,"PLOT NO. 51, 1ST FLOOR, PEARL,GLOB  AL BUILDING, SECTOR- 32 ",,,,,CHINA,,Shekou,NHAVA SHEVA SEA (INNSA1),84821090,method Blue linear bearing LMK20LUU F05200000102908@MD (COMPRESSORS PRODUCTION LINE/ AUXILIARY MATERIALS)method Blue linear bearing LMK20LUU F05200000102908@MD (COMP,,12.0,NOS,0.0,442.261,ZOLXE2E7QMGXL,,
2025-03-15,印度,中国,RAGHAV BEARING ENTERPRISES,CHANGZHOU FOLEVO PRECISION,"Shop No 63, First Floor, GB Road Contact No: 918743097367",,,,,CHINA,,Shanghai,ICD PATPARGANJ,84828000,LINEAR BEARING (LM40UU) LINEAR BEARING (LM40UU),,300.0,PCS,0.0,441.6943,XHSDBAZ71AUW3,,
2025-01-27,印度,中国,AVAADA ELECTRO PRIVATE LIMITED,SUNWORLD GROUP HOLDING LIMITED,"C-11 ,  SECTOR 65 ,  NOIDA ,  GAUTAM BUDDHA NAGAR ,  UTTAR PRADESH,  201301 N/A",,,,,CHINA,,Shanghai,DELHI AIR CARGO ACC (INDEL4),84828000,LINEAR BALL BEARING (HSA30LR) NA,,20.0,PCS,0.0,440.4155,UQMFCZPF2BSQ0,,
2025-10-29,越南,中国,CHI NHÁNH CÔNG TY TNHH YAZAKI HẢI PHÒNG VIỆT NAM TẠI QUẢNG NINH,YANTAI UEDA TOOL & FIXTURE CO LTD,"Land Lot Cn-02, Dong Mai Industrial Park, Dong Mai Ward, Quang Ninh Province, Vietnam","988 HEBIN ROAD, FUSHAN DISTRICT, YANTAI CITY, 265500 CHINA, CN",,,,China,,,,84821000,"C031514#&Vòng bi bằng thép không gỉ, dùng để truyền chuyển động, đường kính ngoài không quá 15 cm, Linear bush. Hàng mới 100%,C031514#&amp;bearings made of stainless steel, used to transmit motion, external diameter not exceeding 15 cm, Linear bush. 100% brand new",,200.0,Pieces,0.0,440.0,,,
2025-11-18,越南,中国,CHI NHÁNH CÔNG TY TNHH YAZAKI HẢI PHÒNG VIỆT NAM TẠI QUẢNG NINH,YANTAI UEDA TOOL & FIXTURE CO LTD,"Plot CN-02, Dong Mai Industrial Zone, Dong Mai Ward, Quang Ninh Province","988 HEBIN ROAD, FUSHAN DISTRICT, YANTAI CITY, 265500 CHINA, CN",,,,China,,,,84821000,"C031514#&Vòng bi bằng thép không gỉ, dùng để truyền chuyển động, đường kính ngoài không quá 15 cm, Linear bush. Hàng mới 100%,C031514#&Stainless steel bearings, for motion transmission, outer diameter not exceeding 15 cm, Linear bush. 100% brand new.",,200.0,Pieces,0.0,440.0,,,
2025-09-08,越南,中国,CHI NHÁNH CÔNG TY TNHH YAZAKI HẢI PHÒNG VIỆT NAM TẠI QUẢNG NINH,YANTAI UEDA TOOL & FIXTURE CO LTD,"Land Lot Cn-02, Dong Mai Industrial Park, Dong Mai Ward, Quang Ninh Province","988 HEBIN ROAD, FUSHAN DISTRICT, YANTAI CITY, 265500 CHINA, ZZ",,,,China,,,,84821000,"C031514#&Vòng bi bằng thép không gỉ, dùng để truyền chuyển động, đường kính ngoài không quá 15 cm, Linear bush. Hàng mới 100%,C031514#&amp;bearings made of stainless steel, used to transmit motion, external diameter not exceeding 15 cm, Linear bush. 100% brand new",,200.0,Pieces,0.0,440.0,,,
2025-05-10,乌兹别克斯坦,中国,ООО ARTEL ELECTRONICS MANUFACTURING,GUANGDONG ZHENFULONG MACHINERY EQUIPMENT CO LTD,,,,,,China,,,,8482800009,"1. Линейный шарико-ролековый подшипник открытого типа, в сборе с алюминиевым корпусом Модель-HGH30HAH, внутренний диаметр:40 мм, расстояние между центрами крепёжных отверстий B2- 65 мм, размеры корпуса: 90х72 мм   - кол. 10 шт, вес: 27 кг
2. часть места",,10.0,шт,27.0,440.0,,,
2025-11-05,印度,中国,CNZ BEARINGS PRIVATE LIMITED,SHAOXING LAVA MACHINERY CO LTD,"17, ARYAN CORPORATE PARK, NR.  SHILAJ RLY CROSSING, THALTEJ, ","XINCHANG, Zhejiang, CHINA SDNF SDNF CHINA",,,,China (CN),,Ningbo,AHEMDABAD ICD (INSBI6),84821090,LINEAR BALL BEARING - LM30UU LINEAR BALL BEARING - LM30UU,,300.0,PCS,0.0,439.86,,,
2025-05-18,印度,中国,AGARWAL INDUSTRIES,CHANGZHOU FOLEVO PRECISION MACHINER,4 Ground Floor HARESH CHAMBER SAMUEL STREET VADGADI,,,,,CHINA,,Qingdao,NHAVA SHEVA SEA (INNSA1),84821090,LINEAR BALL BEARING LMF25 UU LINEAR BALL BEARING,,500.0,NOS,0.0,439.6936,7I38VF3QR2DUN,,
2025-12-13,秘鲁,中国,IMPORTADORA Y DISTRIBUIDORA DE RETENES R,KAIYUAN SHIPPING CO LTD,AV. RAMON CARCAMO NRO. 506,,,,,"CHINA, PEOPLE'S REPUBLIC OF",,NINGBO LISHE INTERNATIONAL APT,,8482100000,"RODAMIENTO LINEAL, KMK, ROD-3447 REPUESTO PARA MAQUINAS QUE REQUIEREN ALTA PRECISION DE POSICIONAMIENTO, REPETIBILIDAD Y RI RODAMIENTOS INDUSTRIALES DE ACERO DONDE RECIRCULAN UNAS PEQUENAS BOLAS DE ACERO QUE PERMIT LINEAR BEARING DE ACERO",,40.0,UNITS,28.01,438.72,,,
2025-10-03,印度,中国,FLURO ENGINEERING PRIVATE LIMITED,HIWIN TECHNOLOGIES CORP,,"NO.7,JINGKE ROAD, PRECISION MACHINE RY PARK, TALCHUNG 40852 SDNF Taiwan",,,,"Taiwan,China (TW)",,Taiyuan,SAHAR AIR CARGO ACC (INBOM4),84821011,HIWIN LINEAR BEARING BK 25 C5(B25014V-02) HIWIN LINEAR BEARING BK 25 C5(B25014V-02),,6.0,NOS,0.0,438.24,,,
2025-01-16,印度,中国,KHS INNOVATION & ENGINEERING LLP,ZHEJIANG SIQIANG BEARING MANUFACTURE CO LTD,"4A, KARIM BUILDING, 1ST FLOOR,142/  144, ABDUL REHMAN STREET ",,,,,CHINA,,CHENGDU,SAHAR AIR CARGO ACC (INBOM4),84828000,CAM FOLLOWER-CF18B KHS-LG LINEAR BEARING,,277.0,NOS,0.0,437.5117,3C9DYVP60HCDT,,
2025-06-30,越南,中国,CÔNG TY TNHH PRIMETECH VIETNAM,DONGGUAN HYVISION TECHNOLOGY CO LTD,"Land Lot Cn5A-4, Que Vo III Industrial Park, Viet Hung Ward, Que Vo Town, Bac Ninh Province, Vietnam","ROOM 101,601 BUILDING 2, RUIDA, INDUSTRIAL PARK,  26 JIATANG ROAD, HANXISHUI,CHA SHAN TOWN, DONGGUAN, CITY",,,,China,,,,84821000,"SXM0032#&Bạc đạn tuyến tính có mặt bích, Model: LME23-d20. Hàng mới 100%,SXM0032#&Flanged Linear Bearing, Model: LME23-d20. 100% New",,72.0,Pieces,0.0,437.04,,,
2025-05-11,印度,中国,MINIATURE AND PRECISION BEARING COMPANY,CHANGZHOU FOLEVO PRECISION MACHINERY CO LTD,19/22 Mooker Nalla Muthu Street 1st Floor Parrys Contact No: 919677002100,,,,,CHINA,,Shanghai,Chennai  ,84821090,LINEAR BEARING LINEAR BEARING,,790.0,PCS,0.0,436.3122,33007G9BAABQS,,
2025-06-27,印度,中国,AGARWAL INDUSTRIES,CHANGZHOU FOLEVO PRECISION MACHINER,4 Ground Floor HARESH CHAMBER SAMUEL STREET VADGADI,,,,,CHINA,,Beijing,SAHAR AIR CARGO ACC (INBOM4),84821090,LINEAR RAIL MGNR12--2 METER LINEAR BALL BEARING,,20.0,PCS,0.0,436.1926,095DMMO2JZYQW,,
2025-06-30,印度,中国,BEARING INDIA,XI'AN WEINUO MACHINERY AND EQUIPMENT CO LTD,"2418, SECOND FLOOR, GEETA MANSION, G.B. ROAD",,,,,CHINA,,Qingdao,ICD PATPARGANJ,84828000,LINEAR MOTION BEARINGS: LIN -01-25 LINEAR MOTION BEARINGS: LIN -01-25,,200.0,NOS,0.0,435.8833,KR9JEJ3U6S7U4,,
2025-08-05,印度,中国,DURGA BEARINGS PRIVATE LIMITED,LUOYANG MONTON BEARING SCIENCE & TECHNOLOGY CO LTD,"39, NEW AVADI ROAD,  KILPAUK, ","NO.119 JIANSHE ROAD,LUOYANG HENAN SDNF CN",,,,China (CN),,LUOYANG,,84828000,BEARINGS-CRBTF205 LINEAR BUSH SBR12UU,,12.0,PCS,0.0,435.77,,,
2025-10-10,印度,中国,RAGHAV BEARING ENTERPRISES,CHANGZHOU FOLEVO PRECISION,,"MACHINERY CO., LTD NO. 288, XIAXI WEST ROAD, JIAZE TOWN, WUJIN CHANGZHOU CITY, JIANGSU CHINA, CHINA",,,,China (CN),,Shanghai,ICD PATPARGANJ,84828000,LINEAR BEARING LM10 UU LINEAR BEARING LM10 UU,,2000.0,PCS,0.0,435.74,,,
2025-01-19,越南,中国台湾,CÔNG TY TNHH JADE M - TECH,CHUN LOUNG CO LTD,"Land Lot No. Tt3-09, Land Stuck Area, Lien Mac Ward, Bac Tu Liem District, Hanoi City, Vietnam","NO.1, LANE 333, MINYI ST., FUAN VILLAGE, SIOUSHUEI TOWNSHIP, CHANGHUA COUNTY 50444, TAIWAN, TW",,,,Taiwan,,,,84821000,"Con trượt MR7ML SU VCN, bộ phận của thanh tuyến tính dẫn hướng, bằng thép,có ổ bi,phụ tùng máy gia công kim loại. NSX: CPC, mới 100%,MR7ML SU VCN slider, part of linear guide bar, steel, with ball bearing, metalworking machine spare part. Manufacturer: CPC, 100% new",,60.0,Pieces,0.0,435.6,,,
2025-06-05,印度,中国,SGS TRADE IMPEX,LINYI GUANDING IMPORT AND EXPORT CO LTD,"11, NARAYAN DHURU X LANE,  4TH FLOOR, ",,,,,CHINA,,Qingdao,NHAVA SHEVA SEA (INNSA1),84828000,LINEAR MOTION BEARINGS SME16UU WITH CLIP LINEAR MOTION BEARINGS SME16UU WITH CLIP,,400.0,PCS,0.0,434.386,ETASG1ICJ3CZ5,,
2025-10-17,印度,中国,FLURO ENGINEERING PRIVATE LIMITED,HIWIN TECHNOLOGIES CORP,,"NO.7, JINGKE ROAD, NANTUN DISTRICT, TAICHUNG 40852,TAIWAN SDNF TAIWAN",,,,"Taiwan,China (TW)",,Taiyuan,SAHAR AIR CARGO ACC (INBOM4),84821011,HIWIN LINEAR BEARING: BK 25 C5(B25018V-02)(F018V2)(ADA10172FEPL/Stock-15/1509/2025/ENP)HIWIN LINEAR GUIDEWAYS: BK 25 C5(B25018V-02)(F018V2)(ADA1017,,6.0,NOS,0.0,434.11,,,
2025-11-08,印度,中国,RHD ENTERPRISE,CIXI HUIBO IMPORT AND EXPORT CO LTD,"D-10, HIRAMANEK BAPTISTA ROAD, VILE PARLE WEST,MUMBAI null","ROOM 305 BUILDING NO.1 FENGZEWAN,ZH OUXIANG TOWN,CIXI CITY,ZHEJIANG,CHI NA CHINA",,,,China (CN),,Qingdao,NHAVA SHEVA SEA (INNSA1),84828000,LINEAR BEARING SFNUR2505-4 LINEAR BEARING SFNUR2505-4,,50.0,PCS,0.0,433.64,,,
2025-05-27,印度,中国,THE BALL BEARING TRADERS,ZHEJIANG SIQIANG BEARING MANUFACTURE CO LTD,"NO.8/1,KRISHNASAI MANSION,N.R.RD,K  ALASIPALYAM, NEW EXTN. ",,,,,CHINA,,Ningbo,Chennai  ,84828000,LINEAR BEARINGS-LMF16 UU LINEAR BEARINGS-LMF16 L UU,,450.0,NOS,0.0,433.0615,BNUI4YICVJ80K,,
2025-12-03,印度,中国,V M TRADERS,SHANGHAI FENYUE INTERNATIONAL,"67, NAGDEVI STREET,  2ND FLOOR, ","TRADING CO LTDROOM B468, FLOOR 4, N O.1359ZHONGHUA RD., SHANGHAI, 20001 0 CHINA",,,,China (CN),,Shanghai,NHAVA SHEVA SEA (INNSA1),84828000,LINEAR BUSHING SC25UU MNB NEEDLE ROLLER BEARING,,200.0,NOS,0.0,432.92,,,
2025-07-08,印度,中国,AXIS TECHNOLOGIES,ZHEJIANG JINGRUI INTELLIGENT TRANSMISSION CO LTD,"207, ARIHANT TOWER, 2ND FLOOR,83 V. V .CHANDAN STREET, MUMBAI, ",,,,,CHINA,,Ningbo,NHAVA SHEVA SEA (INNSA1),84828000,LINEAR MOTION BEARINGS SC12LUU LINEAR MOTION BEARINGS SC12LUU,,300.0,PCS,0.0,432.8899,0SVQ7GYDUI59V,,
2025-02-16,印度,中国,KHS INNOVATION & ENGINEERING LLP,ZHEJIANG SIQIANG BEARING MANUFACTURE CO LTDA,"4A, KARIM BUILDING, 1ST FLOOR,142/  144, ABDUL REHMAN STREET ",,,,,CHINA,,Shanghai,NHAVA SHEVA SEA (INNSA1),84828000,FLANGE LINEAR BEARING-LMF 25LUU KHS-LG FLANGE LINEAR BEARING-LMF 25LUU KHS-LG,,200.0,NOS,0.0,432.5976,U5NWSLS36YLHN,,
2025-07-04,越南,中国,CÔNG TY TNHH THIẾT BỊ CƠ ĐIỆN MINH THÀNH,HK TOMUU ACTUATOR TECHNOLOGY CO LIMITED,"Trang Due Residential Group (At Ngan Vu Company Limited), Le Loi Ward, An Duong District, Hai Phong City, Vietnam.","ROOM 1318-19, HOLLYWOOD PLAZA, 610 NATHAN ROAD, MONGKOK, KOWLOON, HONGKONG, CN",,,,China,,,,84821000,"TMA-MNA-U20A00059#& Ổ bi dùng cho hộp số động cơ của bộ truyền động tuyến tính, mới 100%,TMA-MNA-U20A00059#& Ball bearing for motor gearbox of linear actuator, 100% new",,4325.0,Pieces,0.0,432.5,,,
2025-06-30,印度,中国,MAHAVIR SALES CORPORATION,YIWU ZHITONG E COMMERCE FIRM,"128,NARAYAN DHURU STREET,MICRO  HOUSE,4TH FL ",,,,,CHINA,,Ningbo,NHAVA SHEVA SEA (INNSA1),84828000,LINEAR MOTION BEARINGS LMK20L UU LINEAR MOTION BEARINGS LMK20L UU,,300.0,PCS,0.0,432.2402,T7FO7SFY9XVX3,,
2025-04-26,越南,中国香港,CÔNG TY TNHH THIẾT BỊ CƠ ĐIỆN MINH THÀNH,HK TOMUU ACTUATOR TECHNOLOGY CO LIMITED,"Trang Due Residential Group (at Ngan Vu Company Limited), Le Loi Ward, An Duong District, Hai Phong City, Vietnam.","ROOM 1318-19, HOLLYWOOD PLAZA, 610 NATHAN ROAD, MONGKOK, KOWLOON, HONGKONG, HK",,,,China,,,,84821000,"TMA-MNA-U20A00059#& Ổ bi dùng cho hộp số động cơ của bộ truyền động tuyến tính, mới 100%,TMA-MNA-U20A00059#& Ball bearing for motor gearbox of linear actuator, 100% new",,4320.0,Pieces,0.0,432.0,,,
2025-07-25,越南,中国,CÔNG TY TNHH THIẾT BỊ CƠ ĐIỆN MINH THÀNH,HK TOMUU ACTUATOR TECHNOLOGY CO LIMITED,"Trang Due Residential Group (At Ngan Vu Company Limited), Le Loi Ward, An Duong District, Hai Phong City, Vietnam.","ROOM 1318-19, HOLLYWOOD PLAZA, 610 NATHAN ROAD, MONGKOK, KOWLOON, HONGKONG, ZZ",,,,China,,,,84821000,"TMA-MNA-U20A00059#& Ổ bi dùng cho hộp số động cơ của bộ truyền động tuyến tính, mới 100%,TMA-MNA-U20A00059#& Ball bearing for motor gearbox of linear actuator, 100% new",,4320.0,Pieces,0.0,432.0,,,
2025-05-12,越南,中国香港,CÔNG TY TNHH THIẾT BỊ CƠ ĐIỆN MINH THÀNH,HK TOMUU ACTUATOR TECHNOLOGY CO LIMITED,"Tổ dân phốTràngDuệ(tại Công tyTNHH Ngân Vũ),phường Lê Lợi, quận An Dương,TP Hải Phòng, Việt Nam.","ROOM 1318-19, HOLLYWOOD PLAZA, 610 NATHAN ROAD, MONGKOK, KOWLOON, HONGKONG, HK",,,,China,,,,84821000,"TMA-MNA-U20A00059#& Ổ bi dùng cho hộp số động cơ của bộ truyền động tuyến tính, mới 100%,TMA-MNA-U20A00059#& Ball bearing for motor gearbox of linear actuator, 100% new",,4320.0,Pieces,0.0,432.0,,,
2025-05-08,越南,中国香港,CÔNG TY TNHH THIẾT BỊ CƠ ĐIỆN MINH THÀNH,HK TOMUU ACTUATOR TECHNOLOGY CO LIMITED,"Tổ dân phốTràngDuệ(tại Công tyTNHH Ngân Vũ),phường Lê Lợi, quận An Dương,TP Hải Phòng, Việt Nam.","ROOM 1318-19, HOLLYWOOD PLAZA, 610 NATHAN ROAD, MONGKOK, KOWLOON, HONGKONG, HK",,,,China,,,,84821000,"TMA-MNA-U20A00059#& Ổ bi dùng cho hộp số động cơ của bộ truyền động tuyến tính, mới 100%,TMA-MNA-U20A00059#& Ball bearing for motor gearbox of linear actuator, 100% new",,4320.0,Pieces,0.0,432.0,,,
2025-07-16,越南,中国,CÔNG TY TNHH THIẾT BỊ CƠ ĐIỆN MINH THÀNH,HK TOMUU ACTUATOR TECHNOLOGY CO LIMITED,"Trang Due Residential Group (At Ngan Vu Company Limited), Le Loi Ward, An Duong District, Hai Phong City, Vietnam.","ROOM 1318-19, HOLLYWOOD PLAZA, 610 NATHAN ROAD, MONGKOK, KOWLOON, HONGKONG, CN",,,,China,,,,84821000,"TMA-MNA-U20A00059#& Ổ bi dùng cho hộp số động cơ của bộ truyền động tuyến tính, mới 100%,TMA-MNA-U20A00059#& Ball bearing for motor gearbox of linear actuator, 100% new",,4320.0,Pieces,0.0,432.0,,,
2025-04-11,越南,中国香港,CÔNG TY TNHH THIẾT BỊ CƠ ĐIỆN MINH THÀNH,HK TOMUU ACTUATOR TECHNOLOGY CO LIMITED,"Trang Due Residential Group (at Ngan Vu Company Limited), Le Loi Ward, An Duong District, Hai Phong City, Vietnam.","ROOM 1318-19, HOLLYWOOD PLAZA, 610 NATHAN ROAD, MONGKOK, KOWLOON, HONGKONG, HK",,,,China,,,,84821000,"TMA-MNA-U20A00059#& Ổ bi dùng cho hộp số động cơ của bộ truyền động tuyến tính, mới 100%,TMA-MNA-U20A00059#& Ball bearing for motor gearbox of linear actuator, 100% new",,4320.0,Pieces,0.0,432.0,,,
2025-03-06,越南,中国香港,CÔNG TY TNHH THIẾT BỊ CƠ ĐIỆN MINH THÀNH,HK TOMUU ACTUATOR TECHNOLOGY CO LIMITED,"Trang Due Village (at Ngan Vu Limited Liability Company), Le Loi Commune, An Duong District, Hai Phong, Vietnam","ROOM 1318-19, HOLLYWOOD PLAZA, 610 NATHAN ROAD, MONGKOK, KOWLOON, HONGKONG, HK",,,,China,,,,84821000,"TM14#& Ổ bi dùng cho hộp số động cơ của bộ truyền động tuyến tính, mới 100%,TM14#& Ball bearing for motor gearbox of linear actuator, 100% new",,4320.0,Pieces,0.0,432.0,,,
2025-05-27,印度,中国,THE BALL BEARING TRADERS,ZHEJIANG SIQIANG BEARING MANUFACTURE CO LTD,"NO.8/1,KRISHNASAI MANSION,N.R.RD,K  ALASIPALYAM, NEW EXTN. ",,,,,CHINA,,Ningbo,Chennai  ,84828000,LINEAR BEARINGS-LMF16 L UU LINEAR BEARINGS-LMF16 L UU,,250.0,NOS,0.0,431.7432,BNUI4YICVJ80K,,
2025-11-05,印度,中国,AXIS TECHNOLOGIES,YIBOYUAN LINQING CITY PRECISION MACHINERY CO L,"207, ARIHANT TOWER, 2ND FLOOR,83 V. V .CHANDAN STREET, MUMBAI, ","TD INDUSTRIAL PARK, BACHALU TOWN LI NQING CITY, LIAOCHENG CITY, SHANDON G PROVINCE LIAOCHENG, Shandong, CHI CHINA",,,,China (CN),,Qingdao,NHAVA SHEVA SEA (INNSA1),84828000,LINEAR MOTION BEARINGS SC80UU LINEAR MOTION BEARINGS SC80UU,,6.0,NOS,0.0,431.21,,,
2025-01-22,印度,中国,AXIS TECHNOLOGIES,YIBOYUAN LINQING CITY PRECISION MACHINERY CO L,"207, ARIHANT TOWER, 2ND FLOOR,83 V. V .CHANDAN STREET, MUMBAI, ",,,,,CHINA,,Qingdao,NHAVA SHEVA SEA (INNSA1),84828000,LINEAR MOTION BEARINGS LMF60LUU LINEAR MOTION BEARINGS LMF60LUU,,30.0,PCS,0.0,430.9453,C0W3RR1INJTTB,,
2025-03-14,越南,中国,CÔNG TY TNHH GOERTEK ĐIỆN TỬ VIỆT NAM,NANNING GOERTEK TRADING CO LTD,"Lot A1, Nam Son-Hap Linh Industrial Park, Nam Son Ward, Hap Linh Ward, Bac Ninh City and Lac Ve Commune, Tien Du District, Bac Ninh, Vietnam","F16-17, R&D BLD, HEADQUARTER BASE, OF NANNING-ASEAN AGRICULTURAL, SCIENCE & TECHNOLOGY DLT ENTERPRISE, NO.10 GAOXIN,3RD ROAD, NANNING CITY, CN",,,,China,,,,84828000,"814010072181#&Thanh trượt tuyến tính có ổ bi chất liệu bằng thép dùng trong sản xuất, model: MGN12C2R145Z0CE 10, hiệu: HIWIN, kích thước: 145*27*13mm, mới 100%, 814010072181,814010072181#&Linear slide with ball bearing made of steel used in production, model: MGN12C2R145Z0CE 10, brand: HIWIN, size: 145*27*13mm, 100% new, 814010072181",,10.0,Pieces,0.0,430.56,,,
2025-07-16,越南,中国台湾,CÔNG TY TNHH MISUMI VIỆT NAM - CHI NHÁNH THÀNH PHỐ HỒ CHÍ MINH,MISUMI TAIWAN CORP,"Room 901, 9th Floor, Sacom-Chip Sang Building, Lot T2-4, D1 Street, High-Tech Park, Tan Phu Ward, Thu Duc City, Ho Chi Minh City","9F-1, NO.126, SEC.4, NANJING E.RD., TAIPEI,10595, TAIWAN., TW",,,,Taiwan,,,,84828000,"Thanh trượt tuyến tính có ổ bi, nhãn hiệu MISUMI, mới 100%, code: C-SXR24-220,Linear slide with ball bearing, MISUMI brand, 100% new, code: C-SXR24-220",,16.0,Pieces,0.0,430.4246,,,
2025-07-14,越南,中国台湾,CÔNG TY TNHH MISUMI VIỆT NAM - CHI NHÁNH THÀNH PHỐ HỒ CHÍ MINH,MISUMI TAIWAN CORP,"Room 901, 9th Floor, Sacom-Chip Sang Building, Lot T2-4, D1 Street, High-Tech Park, Tan Phu Ward, Thu Duc City, Ho Chi Minh City","9F-1, NO.126, SEC.4, NANJING E.RD., TAIPEI,10595, TAIWAN., TW",,,,Taiwan,,,,84828000,"Thanh trượt tuyến tính có ổ bi, nhãn hiệu MISUMI, mới 100%, code: C-SXR24-220,Linear slide with ball bearing, MISUMI brand, 100% new, code: C-SXR24-220",,16.0,Pieces,0.0,430.4246,,,
2025-03-10,印度,中国,AGARWAL INDUSTRIES,QINGDAO SHIYA IMPORT AND EXPORT CO,4 Ground Floor HARESH CHAMBER SAMUEL STREET VADGADI,,,,,CHINA,,Qingdao,NHAVA SHEVA SEA (INNSA1),84821090,LINEAR BALL BEARING SK20 LINEAR BALL BEARING,,1000.0,NOS,0.0,430.2851,WR2ROUSHLUCH0,,
2025-03-10,印度,中国,AGARWAL INDUSTRIES,QINGDAO SHIYA IMPORT AND EXPORT CO,4 Ground Floor HARESH CHAMBER SAMUEL STREET VADGADI,,,,,CHINA,,Qingdao,NHAVA SHEVA SEA (INNSA1),84821090,LINEAR BALL BEARING LMK8UU LINEAR BALL BEARING,,1000.0,NOS,0.0,430.2851,WR2ROUSHLUCH0,,
2025-11-01,越南,中国,CÔNG TY TNHH JINYA VIỆT NAM,TIANJIN JINYA ELECTRONICS CO LTD,"No. T2-20, Belhomes Project, VSIP Urban Area, Tu Son Ward, Bac Ninh Province, Vietnam","NO.95, NANHAI ROAD, TEDA TIANJIN, CHINA 300457, CN",,,,China,,,,84828000,"Thanh trượt tuyến tính, có ổ bi, bằng thép không gỉ, dẫn hướng và hỗ trợ cho chuyển động tuyến tính của các bộ phận cơ khí, kích thước: 10*5*20mm, model: LM15H1R170C0CM, hàng mới 100%,Linear slide rail, with ball bearings, made of stainless steel, guides and supports the linear movement of mechanical parts, dimensions: 10*5*20mm, model: LM15H1R170C0CM, 100% brand new.",,16.0,Pieces,0.0,429.6,,,
2025-05-18,印度,中国,AGARWAL INDUSTRIES,CHANGZHOU FOLEVO PRECISION MACHINER,4 Ground Floor HARESH CHAMBER SAMUEL STREET VADGADI,,,,,CHINA,,Qingdao,NHAVA SHEVA SEA (INNSA1),84821090,LINEAR BALL BEARING LMF50 LUU LINEAR BALL BEARING,,50.0,NOS,0.0,429.3479,7I38VF3QR2DUN,,
2025-05-07,印度,中国,KHS INNOVATION & ENGINEERING LLP,ZHEJIANG SIQIANG BEARING MANUFACTUR,"4A, KARIM BUILDING, 1ST FLOOR,142/  144, ABDUL REHMAN STREET ",,,,,CHINA,,Shanghai,NHAVA SHEVA SEA (INNSA1),84828000,LINEAR MOTION BEARINGS LMK30LUU (BRAND - KHS LG) LINEAR MOTION BEARINGS,,150.0,PCS,0.0,429.2528,Q8MNXZXFQ41NW,,
2025-11-19,印度,中国,AMAFHH SONS,ZHEJIANG SIQIANG BEARING MANUFACTURE CO LTD,"2ND FLOOR, 71 NAGDEVI CROSS LANE,,  N/A","NO.97,XIANXIA ROAD,NANMING MOUNTAIN STREET, LIANDU ZONE,LISHUI CITY LI SHUI CITY, Zhejiang, CHINA CHINA",,,,China (CN),,Ningbo,NHAVA SHEVA SEA (INNSA1),84828000,LINEAR MOTION BEARINGS LMF20LUU LINEAR MOTION BEARINGS LMF20LUU,,300.0,NOS,0.0,429.0,,,
2025-03-06,越南,中国台湾,CÔNG TY TNHH MISUMI VIỆT NAM,MISUMI TAIWAN CORP,"Lot 15, TS11 Road, Tien Son Industrial Park, Hoan Son Commune, Tien Du District, Bac Ninh Province, Vietnam","9F-1, NO. 126, NANJING E.RD.,4, TAIPEI 10595, TAIWAN R.O.C., TW",,,,Taiwan,,,,84828000,"Thanh trượt tuyến tính có ổ bi (bằng thép, dài 1780mm), hàng mới 100%, nhãn hiệu: MISUMI, code: C-SH2WT36-1780,Linear slide with ball bearing (steel, length 1780mm), 100% new, brand: MISUMI, code: C-SH2WT36-1780",,4.0,Pieces,0.0,428.6718,,,
2025-11-30,印度,中国,G J IMPEX,XIAMEN PRIDE BEARINGS CO LTD,"B-64/3A, MAYAPURI PHASE II,  N/A","ZONE-D, UNIT 507,NO: 1690,GANGZHONG ROAD,XIAMEN, FUJIAN, CHINA SDNF CHINA",,,,China (CN),,Qingdao,TUGHLAKABAD,84828000,"SC25UU, LINEAR BEARING,  U/WT.-  0.51  (FOR INDUSTRIAL USE) LINEAR BEARING",,500.0,NOS,0.0,427.97,,,
2025-07-10,印度,中国,AMBAY BEARING & MACHINERY,LISHUI GREENLEAF AUTOMATIC,"538687 BEHIND 59 GB ROAD,  N/A",,,,,CHINA,,Ningbo,ICD PATPARGANJ,84821090,LINEAR BEARING SC25UU BEARING,,200.0,NOS,0.0,427.956,B6NLRBAHI0DVQ,,
2025-01-13,印度,中国,AXIS TECHNOLOGIES,ZHEJIANG JINGRUI INTELLIGENT TRANSMISSION CO LTD,"207, ARIHANT TOWER, 2ND FLOOR,83 V. V .CHANDAN STREET, MUMBAI, ",,,,,CHINA,,Ningbo,NHAVA SHEVA SEA (INNSA1),84828000,LINEAR MOTION BEARINGS LMF20LUU LINEAR MOTION BEARINGS LMF20LUU,,296.0,PCS,0.0,427.3238,Y1D7BE3Q2SBOJ,,
2025-09-18,印度,中国,DIVINE TRANSMISSION SYSTEMS,NINGBO LIMON ROBOTECH INTERNATIONAL TRADING CO LTD,D-12 LAJPAT NAGAR-III  N/A,"D8, D9, LANE 215 QINGYI ROAD HIGH-TECH ZONE NINGBO ZHEJIANG, CHINA",,,,China (CN),,Shekou,,84821090,LINEAR MOTION BEARINGS :- LMF50UU LINEAR MOTION BEARINGS :- LM50UU,,48.0,NOS,0.0,426.69,,,
2025-10-25,印度,中国,RHD ENTERPRISE,CIXI HUIBO IMPORT AND EXPORT CO LTD,,"ROOM 305 BUILDING NO.1 FENGZEWAN,ZH OUXIANG TOWN,CIXI SDNF CHINA",,,,China (CN),,Ningbo,NHAVA SHEVA SEA (INNSA1),84821090,LINEAR BLOCK BEARING HGW35CC LINEAR BLOCK BEARING HGW35CC,,50.0,PCS,0.0,426.01,,,
2025-08-11,印度,中国,KHS INNOVATION & ENGINEERING LLP,ZHEJIANG SIQIANG BEARING MANUFACTUR,"4A, KARIM BUILDING, 1ST FLOOR,142/  144, ABDUL REHMAN STREET ","E CO.,LTD NO.97, XIANXIA ROAD, NAN MING MOUNTAIN STREET LIANDU ZONE, LISHUI CITY, ZHEJIANG CHINA",,,,China (CN),,Shanghai,,84828000,LINEAR MOTION BEARINGS LMF25LUU (BRAND - KHS LG) LINEAR MOTION BEARINGS,,200.0,PCS,0.0,426.0,,,
2025-11-05,印度,中国,AXIS TECHNOLOGIES,YIBOYUAN LINQING CITY PRECISION MACHINERY CO L,"207, ARIHANT TOWER, 2ND FLOOR,83 V. V .CHANDAN STREET, MUMBAI, ","TD INDUSTRIAL PARK, BACHALU TOWN LI NQING CITY, LIAOCHENG CITY, SHANDON G PROVINCE LIAOCHENG, Shandong, CHI CHINA",,,,China (CN),,Qingdao,NHAVA SHEVA SEA (INNSA1),84828000,LINEAR MOTION BEARINGS LMK20UU LINEAR MOTION BEARINGS LMK20UU,,700.0,NOS,0.0,425.92,,,
2025-01-03,加纳,中国台湾,POLYTANKS GHANA LIMITED,LATITUDE MACHINERY CORP,,,,,,Taiwan (China),,,,8482100000,B2-1020  LINEARITY  SLIDING BEARING  滑行軸,,0.0,,13.08,425.6,E738815,,
2025-12-04,印度,中国,KNOWELL INTERNATIONAL PRIVATE LIMITED,RHB PRECISION MACHINERY CO LTD,"20, NETAJI SUBHAS ROAD,  N/A","NO. 20-6, 37 BAIZHANG EAST ROAD, YI NZHOU, NINGBO P.R. CHINA ., , CHINA SDNF CHINA",,,,China (CN),,Shanghai,Kolkata,84828000,LINEAR MOTION GLIDING BEARINGS NO - KH 3050PP (BRAND - KHK) LINEAR MOTION GLIDING BEARINGS NO - KH 3050PP (BRAND - KHK),,150.0,PCS,0.0,425.44,,,
2025-09-18,印度,中国,DIVINE TRANSMISSION SYSTEMS,NINGBO LIMON ROBOTECH INTERNATIONAL TRADING CO LTD,D-12 LAJPAT NAGAR-III  N/A,"D8, D9, LANE 215 QINGYI ROAD HIGH-TECH ZONE NINGBO ZHEJIANG, CHINA",,,,China (CN),,Shekou,,84821090,LINEAR MOTION BEARINGS :- LM40UUOP LINEAR MOTION BEARINGS :- LM50UU,,100.0,NOS,0.0,425.06,,,
2025-06-30,印度,中国,MAHAVIR SALES CORPORATION,YIWU ZHITONG E COMMERCE FIRM,"128,NARAYAN DHURU STREET,MICRO  HOUSE,4TH FL ",,,,,CHINA,,Ningbo,NHAVA SHEVA SEA (INNSA1),84828000,LINEAR MOTION BEARINGS SC 40 - ONLY BLOCK LINEAR MOTION BEARINGS SC 40 - ONLY BLOCK,,100.0,PCS,0.0,425.0362,T7FO7SFY9XVX3,,
2025-02-16,印度,中国,KHS INNOVATION & ENGINEERING LLP,ZHEJIANG SIQIANG BEARING MANUFACTURE CO LTDA,"4A, KARIM BUILDING, 1ST FLOOR,142/  144, ABDUL REHMAN STREET ",,,,,CHINA,,Shanghai,NHAVA SHEVA SEA (INNSA1),84828000,LINEAR BEARING-LM 20UU NIPPON LINEAR BEARING-LM 20UU NIPPON,,1000.0,NOS,0.0,424.7143,U5NWSLS36YLHN,,
2025-11-05,印度,中国,RAGHAV BEARING ENTERPRISES,CHANGZHOU FOLEVO PRECISION,"Shop No 63, First Floor, GB Road Contact No: 918743097367","MACHINERY CO., LTD NO. 288, XIAXI WEST ROAD, JIAZE TOWN, WUJIN CHANGZHOU CITY, JIANGSU CHINA, CHINA",,,,China (CN),,Shanghai,ICD PATPARGANJ,84828000,LINEAR BEARING LM50 UU LINEAR BEARING LM50 UU,,100.0,PCS,0.0,424.71,,,
2025-11-20,越南,中国,CÔNG TY CỔ PHẦN ĐẦU TƯ VÀ PHÁT TRIỂN HOÀNG MINH,GROOT SHANDONG SUPPLY CHAIN TECHNOLOGY CO LTD,"Van Diem Village, Phu Xuyen Commune, Hanoi City, Vietnam","5012, 3RD FLOOR, BUILDING, MENGSHAN FOURTH ROAD, YIHE NEW AREA, COMPREHENSIVE BONDED ZONE, LINYI CITY, SHANDONG PROVINCE,CHINA",,,,China,,,,84821000,"Con trượt bằng thép,  nhãn hiệu TBAI,  dùng cho lắp ráp máy, mô tơ, động cơ. Mã hàng  HGH15CA , kích thước 61.4*34*23.7mm. Hàng mới 100%. NSX: GROOT (SHANDONG) SUPPLY CHAIN TECHNOLOGY CO., LTD,Steel linear bearing, TBAI brand, used for assembling machines, motors, and engines. Item code HGH15CA, dimensions 61.4*34*23.7mm. 100% brand new. Manufacturer: GROOT (SHANDONG) SUPPLY CHAIN TECHNOLOGY CO., LTD",,500.0,Pieces,0.0,424.5,,,
2025-05-18,印度,中国,AGARWAL INDUSTRIES,CHANGZHOU FOLEVO PRECISION MACHINER,4 Ground Floor HARESH CHAMBER SAMUEL STREET VADGADI,,,,,CHINA,,Qingdao,NHAVA SHEVA SEA (INNSA1),84821090,LINEAR BLOCK BEARING HGH25CA LINEAR BLOCK BEARING,,200.0,NOS,0.0,424.1751,7I38VF3QR2DUN,,
2025-10-09,越南,中国,CÔNG TY TNHH JADE M - TECH,WUXI J WELL IMPORT AND EXPORT TRADING CO LTD,"Land Lot No. Tt3-09, Land Jam, Thuong Cat Ward, Hanoi City, Vietnam","YANGSHI CHUXIN INDUSTRIAL PARK, LUOSHE TOWN, HUISHAN DISTRICT, WUXI CITY, CN",,,,China,,,,84821000,"Con trượt MGN15H Z0C-T bộ phận của thanh tuyến tính dẫn hướng, bằng thép,có ổ bi,không hiệu, phụ tùng máy gia công kim loại. NSX: Wuxi J-Well, mới 100%,Slider MGN15H Z0C-T department of the linear guide, steel ball bearing,non-performance, machine parts metal machining. MANUFACTURER: Wuxi J-Well, 100% new",,100.0,Pieces,0.0,424.0,,,
2025-09-18,印度,中国,CIU BEARING CO,TIANJIN TEXTILE GROUP IMPORT AND EXPORT INC,"502, SATGURU SUPREME, WALJI LADHA ROAD, MULUND WEST,","3YUNNAN ROAD, TIANJIN, CHINA Tianji n, , CHINA SDNF CHINA",,,,China (CN),,Qingdao,,84828000,LINEAR MOTION BEARINGS LME80UU LINEAR MOTION BEARINGS LME80UU,,20.0,PCS,0.0,424.0,,,
2025-12-04,印度,中国,KNOWELL INTERNATIONAL PRIVATE LIMITED,RHB PRECISION MACHINERY CO LTD,"20, NETAJI SUBHAS ROAD,  N/A","NO. 20-6, 37 BAIZHANG EAST ROAD, YI NZHOU, NINGBO P.R. CHINA ., , CHINA SDNF CHINA",,,,China (CN),,Shanghai,Kolkata,84828000,LINEAR MOTION GLIDING BEARINGS NO - LB 60UU (BRAND - KHK) LINEAR MOTION GLIDING BEARINGS NO - LB 60UU (BRAND - KHK),,40.0,PCS,0.0,423.93,,,
2025-05-07,印度,中国,KHS INNOVATION & ENGINEERING LLP,ZHEJIANG SIQIANG BEARING MANUFACTUR,"4A, KARIM BUILDING, 1ST FLOOR,142/  144, ABDUL REHMAN STREET ",,,,,CHINA,,Shanghai,NHAVA SHEVA SEA (INNSA1),84828000,LINEAR MOTION BEARINGS LMF60LUU (BRAND - KHS LG) LINEAR MOTION BEARINGS,,30.0,PCS,0.0,423.8308,3P1VVTB4FUWNI,,
2025-02-20,印度,中国,SYSCOM AUTOMATION,LISHUI GREENLEAF AUTOMATIC TECHNOLOY CO LTD,"8/24, MUNICIPAL COLONY,PARK SITE, VIKHROLI WEST ,",,,,,CHINA,,Ningbo,NHAVA SHEVA SEA (INNSA1),84828000,LINEAR BEARING LMK 30 R.F (70 KGS) LINEAR BEARING LMK 30 R.F (70 KGS),,200.0,NOS,0.0,423.7585,DTZY6YQ9GVIWO,,
2025-12-04,印度,中国,KNOWELL INTERNATIONAL PRIVATE LIMITED,RHB PRECISION MACHINERY CO LTD,"20, NETAJI SUBHAS ROAD,  N/A","NO. 20-6, 37 BAIZHANG EAST ROAD, YI NZHOU, NINGBO P.R. CHINA ., , CHINA SDNF CHINA",,,,China (CN),,Shanghai,Kolkata,84828000,LINEAR MOTION GLIDING BEARINGS NO - PHS 30L (BRAND - KHK) LINEAR MOTION GLIDING BEARINGS NO - PHS 30L (BRAND - KHK),,54.0,PCS,0.0,422.96,,,
2025-08-26,印度,中国,SANGHVI AUTOMATION,LISHUI GREENLEAF AUTOMATIC TECHNOLOGY CO LTD,"GALA NO. F/106 TOP CLASS ENCLAVE, FIRST FLOOR BHOIDAPADA NAKA, SATIVALI ROAD, VASAI EAST","NO 297 LONGQING RD SHUIGE AREA LISH UI ZHEJIANG CHINA CHINA, , CHINA SDNF CHINA",,,,China (CN),,Shanghai,,84828000,LINEAR BEARING SC 25 LUU LINEAR BEARING SC 25 LUU,,100.0,NOS,0.0,422.96,,,
2025-01-10,印度,中国,RAGHAV BEARING ENTERPRISES,CHANGZHOU FOLEVO PRECISION,"Shop No 63, First Floor, GB Road Contact No: 918743097367",,,,,CHINA,,Shanghai,ICD PATPARGANJ,84828000,LINEAR BEARING (KH3050PP) LINEAR BEARING (KH3050PP),,300.0,PCS,0.0,422.9515,7TSV3XUVF1N31,,
2025-01-21,印度,中国,V M TRADERS,SHANGHAI FENYUE INTERNATIONAL,"67, NAGDEVI STREET,  2ND FLOOR, ",,,,,CHINA,,Shanghai,NHAVA SHEVA SEA (INNSA1),84828000,LINEAR BEARING (MNB) LM80UU LINEAR  BALL BEARINGS,,15.0,NOS,0.0,422.6047,CGXM94FBE4HRU,,
2025-07-09,印度,中国,KHS INNOVATION & ENGINEERING LLP,ZHEJIANG SIQIANG BEARING MANUFACTUR,"4A, KARIM BUILDING, 1ST FLOOR,142/  144, ABDUL REHMAN STREET ",,,,,CHINA,,Shanghai,NHAVA SHEVA SEA (INNSA1),84828000,LINEAR MOTION BEARINGS LMF60LUU KHS-LG LINEAR BEARINGS,,30.0,PCS,0.0,422.5392,ZZJGP1M2HQBY3,,
2025-05-30,印度,中国,AMAFHH SONS,ZHEJIANG SIQIANG BEARING MANUFACTURE CO LTD,"2ND FLOOR, 71 NAGDEVI CROSS LANE,,  N/A",,,,,CHINA,,Ningbo,NHAVA SHEVA SEA (INNSA1),84828000,LINEAR MOTION BEARINGS LMK20LUU LINEAR MOTION BEARINGS LMK20LUU,,300.0,PCS,0.0,422.2616,0LAHS2H9JC2RX,,
2025-08-04,印度,中国,CNZ BEARINGS PRIVATE LIMITED,SHAOXING LAVA MACHINERY CO LTD,"17, ARYAN CORPORATE PARK, NR.  SHILAJ RLY CROSSING, THALTEJ, ","XINCHANG, Zhejiang, CHINA SDNF SDNF CHINA",,,,China (CN),,Ningbo,,84821090,LINEAR BALL BEARING - LM20UU LINEAR BALL BEARING - LM20UU,,700.0,PCS,0.0,422.25,,,
2025-03-02,印度,中国,KNOWELL INTERNATIONAL PRIVATE LIMITED,RHB PRECISION MACHINERY CO LTD,"20, NETAJI SUBHAS ROAD,  N/A",,,,,CHINA,,Shanghai,Kolkata,84828000,LINEAR MOTION GLIDING BEARINGS NO - LB8UU (BRAND - KHK) LINEAR MOTION GLIDING BEARINGS NO - LB8UU (BRAND - KHK),,600.0,PCS,0.0,422.0951,JRTAQCEL963R7,,
2025-11-05,印度,中国,AXIS TECHNOLOGIES,YIBOYUAN LINQING CITY PRECISION MACHINERY CO L,"207, ARIHANT TOWER, 2ND FLOOR,83 V. V .CHANDAN STREET, MUMBAI, ","TD INDUSTRIAL PARK, BACHALU TOWN LI NQING CITY, LIAOCHENG CITY, SHANDON G PROVINCE LIAOCHENG, Shandong, CHI CHINA",,,,China (CN),,Qingdao,NHAVA SHEVA SEA (INNSA1),84828000,LINEAR MOTION BEARINGS SC25UUOP LINEAR MOTION BEARINGS SC25UUOP,,200.0,NOS,0.0,421.86,,,
2025-01-22,印度,中国,AXIS TECHNOLOGIES,YIBOYUAN LINQING CITY PRECISION MACHINERY CO L,"207, ARIHANT TOWER, 2ND FLOOR,83 V. V .CHANDAN STREET, MUMBAI, ",,,,,CHINA,,Qingdao,NHAVA SHEVA SEA (INNSA1),84828000,LINEAR MOTION BEARINGS GLM30UU LINEAR MOTION BEARINGS GLM30UU,,200.0,PCS,0.0,421.7654,CUZSH4J6SO7S8,,
2025-05-07,印度,中国,KHS INNOVATION & ENGINEERING LLP,ZHEJIANG SIQIANG BEARING MANUFACTUR,"4A, KARIM BUILDING, 1ST FLOOR,142/  144, ABDUL REHMAN STREET ",,,,,CHINA,,Shanghai,NHAVA SHEVA SEA (INNSA1),84828000,LINEAR MOTION BEARINGS LME20UU (BRAND - KHS LG) LINEAR MOTION BEARINGS,,1000.0,PCS,0.0,421.7221,3P1VVTB4FUWNI,,
2025-05-30,印度,中国,INDO MIM LIMITED,DONGGUAN YHD SUPPLY CHAINMANAGEMENT CO LTD,"213/(539/A), STREET.NO.7, LANE.NO.2 HIMAYAT NAGAR, ",,,,,CHINA,,Shanghai,BANGALORE ACC (INBLR4),84828000,"GUIDED LINEAR BEARING WITH FLANGE,LMJ73-D8,32PCS(JIGS & FIXTURE PARTS)GUIDED LINEAR BEARING WITH FLANGE,LMJ73-D8,32PCS(JIGS & FIXT",,32.0,NOS,0.0,421.624,U6DO6RNRT7GSS,,
2025-09-17,越南,中国台湾,CÔNG TY TNHH JADE M - TECH,CHUN LOUNG CO LTD,"Land Lot No. Tt3-09, Land Jam, Thuong Cat Ward, Hanoi City, Vietnam","NO.1, LANE 333,MINYI ST, FUAN VILLAGE SIOUSHUEI  TOWNSHIP, CHANGHUA COUNTY 50444, TW",,,,Taiwan,,,,84821000,"Con trượt MR7WNK SS V0N, bộ phận của thanh tuyến tính dẫn hướng, bằng thép,có ổ bi, phụ tùng máy gia công kim loại. NSX: CPC, mới 100%,Slider MR7WNK SS V0N parts of the linear guide, steel ball bearings, machine parts metal machining. MANUFACTURER: CPC, 100% new",,50.0,Pieces,0.0,421.5,,,
2025-06-19,印度,中国,RHD ENTERPRISE,CIXI HUIBO IMPORT AND EXPORT CO LTD,"D-10, HIRAMANEK BAPTISTA ROAD, VILE PARLE WEST,MUMBAI null",,,,,CHINA,,Ningbo,NHAVA SHEVA SEA (INNSA1),84821090,LINEAR BEARING LM30UU LINEAR BEARING LM30UU,,500.0,NOS,0.0,421.2429,2H95CF4FI9KXG,,
2025-02-25,印度,中国,INDO MIM LIMITED,DONGGUAN YHD SUPPLY CHAIN MANAGEMENT CO LTD,"213/(539/A), STREET.NO.7, LANE.NO.2 HIMAYAT NAGAR, ",,,,,CHINA,,Shanghai,BANGALORE ACC (INBLR4),84828000,"LINEAR BEARING WITH FLANGE(NICKEL PLATED),LMG13-D25,44NOS(JIGS & FIXTURE PARTS)LINEAR BEARING WITH FLANGE(NICKEL PLATED),LMG13-D25,44NOS(JI",,44.0,NOS,0.0,420.8354,3LV6AJYZI0KQJ,,
2025-02-14,印度,中国,RELIANCE TOOLS AND BEARING STORES,ZHEJIANG SIQIANG BEARING MANUFACTURE CO LTD,"GRD FLR, 163, MUTTON  STREET, ",,,,,CHINA,,Ningbo,NHAVA SHEVA SEA (INNSA1),84828000,LINEAR MOTION BEARINGS LM25UU LINEAR MOTION BEARINGS LM25UU,,500.0,PCS,0.0,420.7757,LEHHKMP5GYLNX,,
2025-01-23,印度,中国,RAGHAV BEARING ENTERPRISES,CHANGZHOU FOLEVO PRECISION MACHINERY CO LTD,"Shop No 63, First Floor, GB Road Contact No: 918743097367",,,,,CHINA,,Shanghai,TUGHLAKABAD,84828000,LINEAR BEARING (MODEL - SBR20 UU) .,,300.0,PCS,0.0,420.5841,BVP4O2JJY2V87,,
2025-01-14,巴基斯坦,中国台湾,SAAD TRADERS,VICTORY WORLD GENERAL TRADING CO LLC,"FLAT # B-09, FARHAN SQUARE, NORTH NAZIMBAD, Karachi Central North Nazimabad Town",,,,,Taiwan/sep Customs Territory O,,,KAPW,84828000,"12 ----LINEAR BEARING, TYPE: MGN-12CH / R044429401,",,14.0,u,0.0,420.0,,,
2025-08-26,印度,中国,SANGHVI AUTOMATION,LISHUI GREENLEAF AUTOMATIC TECHNOLOGY CO LTD,"GALA NO. F/106 TOP CLASS ENCLAVE, FIRST FLOOR BHOIDAPADA NAKA, SATIVALI ROAD, VASAI EAST","NO 297 LONGQING RD SHUIGE AREA LISH UI ZHEJIANG CHINA CHINA, , CHINA SDNF CHINA",,,,China (CN),,Shanghai,,84828000,LINEAR BEARING LMK 25 UU LINEAR BEARING LMK 25 UU,,300.0,NOS,0.0,419.94,,,
2025-03-02,印度,中国,KNOWELL INTERNATIONAL PRIVATE LIMITED,RHB PRECISION MACHINERY CO LTD,"20, NETAJI SUBHAS ROAD,  N/A",,,,,CHINA,,Shanghai,Kolkata,84828000,LINEAR MOTION GLIDING BEARINGS NO - SC50UU (BRAND - KHK) LINEAR MOTION GLIDING BEARINGS NO - SC50UU (BRAND - KHK),,15.0,PCS,0.0,419.6482,JRTAQCEL963R7,,
2025-01-21,印度,中国,V M TRADERS,SHANGHAI FENYUE INTERNATIONAL,"67, NAGDEVI STREET,  2ND FLOOR, ",,,,,CHINA,,Shanghai,NHAVA SHEVA SEA (INNSA1),84825000,THRUST BEARING (BOT) 81180 M LINEAR  BALL BEARINGS,,2.0,NOS,0.0,419.4135,CGXM94FBE4HRU,,
2025-06-14,印度,中国,AMBICA IMPEX,ZHEJIANG OUYI BEARING MANUFACTURE CO LTD,N/A N/A,,,,,CHINA,,Ningbo,Mundra,84821090,Linear bearing Block (HGW15 CA) Linear bearing Block (HGW15 CA),,150.0,NOS,0.0,419.0326,PJ9ED6VE2I3PA,,
2025-02-18,印度,中国,MAHAVIR SALES CORPORATION,YIWU ZHITONG E COMMERCE FIRM,"128,NARAYAN DHURU STREET,MICRO  HOUSE,4TH FL ",,,,,CHINA,,Ningbo,NHAVA SHEVA SEA (INNSA1),84828000,LINEAR MOTION BEARINGS LMF40 UU-N LINEAR MOTION BEARINGS LMF40 UU-N,,100.0,PCS,0.0,418.738,S6ZUX3V42JKLS,,
2025-04-10,印度,中国,ATLBATTERY TECHNOLOGY INDIA PRIVATE LIMITED,NINGDE AMPEREX TECHNOLOGY LIMITED,Plot No 197 Sector 4 Phase II HSIIDC Industrial Growth Centre Bawal Contact No: 919945055887,,,,,CHINA,,Shanghai,DELHI AIR CARGO ACC (INDEL4),84829900,Linear Bearing(PT-134-007-2378)-Auxiliary Spare Parts for Front Process Line of LI Cell MFG unitAuxiliary Spare Parts for Front Process Line of LI Cell MFG,,4.0,PCS,0.0,418.6626,XM4QVR2UX77XU,,
2025-08-11,印度,中国,KHS INNOVATION & ENGINEERING LLP,ZHEJIANG SIQIANG BEARING MANUFACTUR,"4A, KARIM BUILDING, 1ST FLOOR,142/  144, ABDUL REHMAN STREET ","E CO.,LTD NO.97, XIANXIA ROAD, NAN MING MOUNTAIN STREET LIANDU ZONE, LISHUI CITY, ZHEJIANG CHINA",,,,China (CN),,Shanghai,,84828000,LINEAR MOTION BEARINGS LMF30LUU (BRAND - KHS LG) LINEAR MOTION BEARINGS,,150.0,PCS,0.0,418.5,,,
2025-08-28,印度,中国,SHREE BALAJI ENTERPRISES,SHANDONG HIKING INTERNATIONAL COMMERCE GROUP CO LT,"NO 330 THAMBU CHETTY STREET,MANNAD  Y ","19/F, XINKAIDA MANSION, NO.33 LONGCHENG ROAD, SHIBEI DISTRICT,QINGDAO, CHINA CN",,,,China (CN),,Qingdao,,84821090,LINEAR MOTION BEARINGS HGW20CC BEARINGS,,200.0,PCS,0.0,418.0,,,
2025-12-04,印度,中国,KNOWELL INTERNATIONAL PRIVATE LIMITED,RHB PRECISION MACHINERY CO LTD,"20, NETAJI SUBHAS ROAD,  N/A","NO. 20-6, 37 BAIZHANG EAST ROAD, YI NZHOU, NINGBO P.R. CHINA ., , CHINA SDNF CHINA",,,,China (CN),,Shanghai,Kolkata,84828000,LINEAR MOTION GLIDING BEARINGS NO - LB 8UU (BRAND - KHK) LINEAR MOTION GLIDING BEARINGS NO - LB 8UU (BRAND - KHK),,600.0,PCS,0.0,417.87,,,
2025-08-28,印度,中国,SHREE BALAJI ENTERPRISES,SHANDONG HIKING INTERNATIONAL COMMERCE GROUP CO LT,"NO 330 THAMBU CHETTY STREET,MANNAD  Y ","19/F, XINKAIDA MANSION, NO.33 LONGCHENG ROAD, SHIBEI DISTRICT,QINGDAO, CHINA CN",,,,China (CN),,Qingdao,,84821090,LINEAR MOTION BEARINGS HGH35CA BEARINGS,,100.0,PCS,0.0,417.8,,,
2025-10-25,越南,中国香港,CÔNG TY TNHH LUXSHARE ICT NGHỆ AN,LUXSHARE PRECISION LIMITED,"No. 18, Road No. 03, Vsip Nghe An Industrial Park, Hung Nguyen Commune, Nghe An Province, Vietnam","SUITE 1621, 16/F., OCEAN CENTRE, HARBOUR CITY, 5 CANTON ROAD, TSIM SHA TSUI, KOWLOON, HONG KONG., HK",,,,China,,,,84821000,".#&Ổ bi tuyến tính, dùng truyền động, dẫn hướng chuyển động tịnh tiến, model: MGN9C1R75Z1 (E1=E2=7.5), chất liệu thép hợp kim, nsx: Shanghai Jiuyin Machinery Equipment Co., Ltd, năm sx 2025, mới 100%,.#&amp;Linear ball bearings, used transmission, manual guide, translational motion, model: MGN9C1R75Z1 (E1=E2=7.5), material alloy steel, manufacturer: Shanghai Jiuyin Machinery Equipment Co., Ltd., year of manufacture 2025, 100% new",,50.0,Pieces,0.0,417.5,,,
2025-10-18,印度,中国,NEEDLES BEARINGS INDIA,YIBO YUAN LINQING CITY PRECISION,,"MACHINERY CO LTD,ADDRESS.INDUSTRIAL PARK,BACHALU TOWN ,LINQING CITY LIAOCHENG CITY,SHANDONG PROVINCE CHINA",,,,China (CN),,Qingdao,Chennai  ,84821090,LINEAR BEARING-PART NO :GLMF40UU HC LINEAR BEARING-PART NO :LMK50UU,,50.0,PCS,0.0,417.1,,,
2025-08-26,印度,中国,SANGHVI AUTOMATION,LISHUI GREENLEAF AUTOMATIC TECHNOLOGY CO LTD,"GALA NO. F/106 TOP CLASS ENCLAVE, FIRST FLOOR BHOIDAPADA NAKA, SATIVALI ROAD, VASAI EAST","NO 297 LONGQING RD SHUIGE AREA LISH UI ZHEJIANG CHINA CHINA, , CHINA SDNF CHINA",,,,China (CN),,Shanghai,,84828000,LINEAR BEARING SC 25 OP LINEAR BEARING SC 25 OP,,200.0,NOS,0.0,416.92,,,
2025-03-05,巴基斯坦,中国台湾,FIVE STAR FOODS FACTORY,CHUMPOWER MACHINERY CORP,"8.5 KM, JARRANWALA ROAD, KHURRIANWALA, Faisalabad Jaranwala","NO 688 1 SEC 3 ZHONG SHAN RD WURI TAIVHUNG CITY, TAIWAN",,,,Taiwan,,Taoyuan International Airport,LPAF,84828000,Bearing seat  Linear bearing JB20AWW,,68.0,u,55870.0,416.2952,AA800207,,
2025-11-25,越南,中国香港,CÔNG TY TNHH CÔNG NGHIỆP VÀ THƯƠNG MẠI HOSUNG VIỆT NAM,HONGTIME TRADE CO LIMITED,"C5-31 Geleximco Urban Area, Le Trong Tan Street, Duong Noi Ward, Hanoi City, Vietnam","RM 1607, TREND CTR, 29-31CHEUNG, LEE ST CHAI WAN HK, HK",,,,China,,,,84821000,"Bộ bi trượt H35VN  (kèm thanh trượt TR35),c.liệu thép,kt:80*55mm,dùng để giảm ma sát,chịu tải cho các bp máy móc,nsx:Wuxi Xinshengyang Mechanical Transmission Technology Co., Ltd, mới 100%,H35VN linear bearing set (with TR35 guide rail), steel material, dimensions: 80*55mm, used to reduce friction and bear loads in machinery parts, manufacturer: Wuxi Xinshengyang Mechanical Transmission Technology Co., Ltd, 100% new.",,10.0,Pieces,0.0,416.2,,,
2025-03-02,印度,中国,KNOWELL INTERNATIONAL PRIVATE LIMITED,RHB PRECISION MACHINERY CO LTD,"20, NETAJI SUBHAS ROAD,  N/A",,,,,CHINA,,Shanghai,Kolkata,84828000,LINEAR MOTION GLIDING BEARINGS NO - LB20UU (BRAND - KHK) LINEAR MOTION GLIDING BEARINGS NO - LB20UU (BRAND - KHK),,400.0,PCS,0.0,415.9778,JRTAQCEL963R7,,
2025-05-19,印度,中国,KNOWELL INTERNATIONAL PRIVATE LIMITED,RHB PRECISION MACHINERY CO LTD,"20, NETAJI SUBHAS ROAD,  N/A",,,,,CHINA,,Shanghai,Kolkata,84828000,LINEAR MOTION GLIDING BEARINGS NO - LB 20UU (BRAND - KHK) LINEAR MOTION GLIDING BEARINGS NO - LB 20UU (BRAND - KHK),,400.0,PCS,0.0,415.9264,CLGU5X3HV91YC,,
2025-11-12,印度,中国,CIU BEARING CO,TIANJIN TEXTILE GROUP IMPORT AND EXPORT INC,"502, SATGURU SUPREME, WALJI LADHA ROAD, MULUND WEST,","3YUNNAN ROAD, TIANJIN, CHINA Tianji n, , CHINA SDNF CHINA",,,,China (CN),,Qingdao,NHAVA SHEVA SEA (INNSA1),84828000,LINEAR MOTION BEARINGS SC12UU LINEAR MOTION BEARINGS SC12UU,,600.0,NOS,0.0,415.8,,,
2025-11-12,印度,中国,CIU BEARING CO,TIANJIN TEXTILE GROUP IMPORT AND EXPORT INC,"502, SATGURU SUPREME, WALJI LADHA ROAD, MULUND WEST,","3YUNNAN ROAD, TIANJIN, CHINA Tianji n, , CHINA SDNF CHINA",,,,China (CN),,Qingdao,NHAVA SHEVA SEA (INNSA1),84828000,LINEAR MOTION BEARINGS LMK30LUU LINEAR MOTION BEARINGS LMK30LUU,,200.0,NOS,0.0,415.6,,,
2025-06-13,印度,中国,NEEDLES BEARINGS INDIA,YIBO YUAN LINQING CITY PRECISION,"NO.595, I FLOOR, M.T.H. ROAD,  MANNURPET, AMBATTUR ESTATE, ",,,,,CHINA,,Qingdao,Chennai  ,84821090,LINEAR BEARING - GLMF40UU HC LINEAR BEARING -,,50.0,NOS,0.0,415.4581,SR5NQAE7ENWX0,,
2025-04-11,印度,中国,BEARING INDIA,XI'AN WEINUO MACHINERY AND EQUIPMENT CO LTD,"2418, SECOND FLOOR, GEETA MANSION, G.B. ROAD",,,,,CHINA,,Qingdao,ICD PATPARGANJ,84828000,LINEAR MOTION BEARINGS: Nylon12-3-50 LINEAR MOTION BEARINGS: Nylon12-3-50,,300.0,NOS,0.0,415.2501,SY97QUTSBZ3ZI,,
2025-01-13,印度,中国,AXIS TECHNOLOGIES,ZHEJIANG JINGRUI INTELLIGENT TRANSMISSION CO LTD,"207, ARIHANT TOWER, 2ND FLOOR,83 V. V .CHANDAN STREET, MUMBAI, ",,,,,CHINA,,Ningbo,NHAVA SHEVA SEA (INNSA1),84828000,LINEAR MOTION BEARINGS LM25GAUU LINEAR MOTION BEARINGS LM25GAUU,,300.0,PCS,0.0,414.7985,Y1D7BE3Q2SBOJ,,
2025-12-13,秘鲁,中国,IMPORTADORA Y DISTRIBUIDORA DE RETENES R,KAIYUAN SHIPPING CO LTD,AV. RAMON CARCAMO NRO. 506,,,,,"CHINA, PEOPLE'S REPUBLIC OF",,NINGBO LISHE INTERNATIONAL APT,,8482100000,"RODAMIENTO LINEAL, KMK, ROD-3448 REPUESTO PARA MAQUINAS QUE REQUIEREN ALTA PRECISION DE POSICIONAMIENTO, REPETIBILIDAD Y RI RODAMIENTOS INDUSTRIALES DE ACERO DONDE RECIRCULAN UNAS PEQUENAS BOLAS DE ACERO QUE PERMIT LINEAR BEARING DE ACERO",,40.0,UNITS,26.48,414.76,,,
2025-10-09,越南,中国台湾,CÔNG TY TNHH MISUMI VIỆT NAM - CHI NHÁNH THÀNH PHỐ HỒ CHÍ MINH,MISUMI TAIWAN CORP,"Room 901, 9th Floor, Sacom-Chip Sang Building, Lot T2-4, D1 Street, High-Tech Park, Tang Nhon Phu Ward, Ho Chi Minh City","15F., NO.223, SONGJIANG RD., ZHONGSHAN DIST., TAIPEI CITY,104472, TAIWAN., TW",,,,Taiwan,,,,84828000,"Thanh trượt tuyến tính có ổ bi, nhãn hiệu MISUMI, mới 100%, code: C-SV2R24-340,Linear sliders have ball bearings, brands MISUMI, 100% new code: C-SV2R24-340",,10.0,Pieces,0.0,414.7481,,,
2025-12-05,印度,中国,NIDHI BEARINGS,DYNAMIC RICH INC LIMITED,"GROUND FLOOR, NO.139,,THAMBU CHETT  Y STREET ",UNIT A (RM9) 3/F CHEONG SUN TOWER 116-118 WING LOK STREET SHEUNG WAN HONG KONG,,,,China (CN),,Qingdao,Chennai  ,84828000,LINEAR BEARINGS-SC20UUOP LINEAR BEARINGS-SC20UUOP,,300.0,NOS,0.0,414.25,,,
2025-09-22,印度,中国,CIU BEARING CO,TIANJIN TEXTILE GROUP IMPORT AND EXPORT INC,"502, SATGURU SUPREME, WALJI LADHA ROAD, MULUND WEST,","3YUNNAN ROAD, TIANJIN, CHINA Tianji n, , CHINA SDNF CHINA",,,,China (CN),,Qingdao,,84828000,LINEAR MOTION BEARINGS SME25UU LINEAR MOTION BEARINGS SME25UU,,200.0,NOS,0.0,414.2,,,
2025-02-21,越南,中国,CÔNG TY TNHH H A V A S,GUANGZHOU LIANROU MACHINERY AND EQUIPMENT CO LTD,"Group 7, Hamlet 6+7, Thien Tan Commune, Vinh Cuu District, Dong Nai Province, Vietnam","NO.13, YUNZHAN ROAD, LUOGANG, DISTRICT, GUANGZHOU, CHINA, CN",,,,China,,,,84821000,"Con trượt bằng thép (có chứa bi bên trong) - phụ tùng của máy sản xuất lò xo túi- Spare part of Pocket spring machine - Linear Bearing BGXH25BN. Hàng mới 100%,Steel slider (with ball inside) - Spare part of Pocket spring machine - Linear Bearing BGXH25BN. 100% new",,5.0,Pieces,0.0,414.0,,,
2025-10-30,印度,中国,RAGHAV BEARING ENTERPRISES,CHANGZHOU FOLEVO PRECISION,,"MACHINERY CO., LTD NO. 288, XIAXI WEST ROAD, JIAZE TOWN, WUJIN CHANGZHOU CITY, JIANGSU CHINA, CHINA",,,,China (CN),,Shanghai,ICD PATPARGANJ,84828000,LINEAR BEARING SBR25UU LINEAR BEARING SBR25UU,,200.0,PCS,0.0,413.94,,,
2025-11-07,印度,中国,HAITIAN PLASTICS MACHINERY INDIA PRIVATE LIMITED,HAITIAN HUAYUAN HONG KONG LIMITED,"2ND FLOOR, 305, NORTH,,2ND STREET,  SECTOR 3, ","UNIT 1105, 11/F, METRO PLAZA TOWER II 223 HING FONG ROAD, KWAI FONG, N.T. HONG KONG HK",,,,China (CN),,Ningbo,Chennai  ,84821090,LINEAR BEARING LM30UU LINEAR BEARING LM30UU,,100.0,PCS,0.0,413.57,,,
2025-09-24,印度,中国,AMAFHH SONS,ZHEJIANG WELL BEARING INDUSTRIAL CO LTD,"2ND FLOOR, 71 NAGDEVI CROSS LANE,,  N/A","NO.18, XIANXIA ROAD,NANMINGSHAN STR EET, LIANDU DISTRICT LISHUI CITY, Z HEJIANG, CHINA CHINA",,,,China (CN),,Shanghai,,84828000,LINEAR MOTION BEARINGS LMF20LUU LINEAR MOTION BEARINGS LMF20LUU,,300.0,NOS,0.0,413.4,,,
2025-03-05,印度,中国,AMBAY BEARING & MACHINERY,CHANGZHOU FOLEVO PRECISION MACHINERY CO LTD,"538687 BEHIND 59 GB ROAD,  N/A",,,,,CHINA,,Shanghai,ICD PATPARGANJ,84828000,LINEAR BEARING (LM 30 UU) LINEAR BEARING (LM 30 UU),,500.0,NOS,0.0,412.8602,PQU65OJGQ795D,,
2025-02-12,乌兹别克斯坦,中国,OOO INTELLIGENT PROCESSING,DONGGUAN JACTON INDUSTRY CO LTD,,,,,,,,,,8482101009,"1. Линейный подшипник ШАРИКОВЫЙ  типа LMK12LUU (диаметр наружный 21мм). 200шт. Используется в собственном производстве для сборки станков. Производитель: DONGGUAN JACTON INDUSTRY CO., LTD (Китай) - кол. 200 шт, вес: 18 кг
2. часть дерев.ящик.
3. APHU4531",,200.0,шт,18.0,412.51,,,
2025-02-20,印度,中国香港,BHAVI IMPEX,AMLAND GLOBE HK ENTERPRISE LTD,"108,SHUBH SANDESH, 16,  HANSRAJ LANE, BYCULLA, ",,,,,HONG KONG,,Ningbo,NHAVA SHEVA SEA (INNSA1),84828000,"LINEAR BEARING BRAND:HL ,ITEM NO.LMTC20LUU LINEAR BEARING",,20.0,NOS,0.0,411.8429,U6066D9M8DSTU,,
2025-09-18,印度,中国,DIVINE TRANSMISSION SYSTEMS,ZHEJIANG WELL BERING INDUSTRIAL CO LTD,D-12 LAJPAT NAGAR-III  N/A,"NO.18 XIANXIA ROAD NANMIG SHAN STREET LIANDU DISTRICT LISHUI CITY ZHEJIANG PROVIBCE , CHINA",,,,China (CN),,Shekou,,84828000,LINEAR BEARING :- LMF40UU LINEAR BEARING :- OBF16 (RED COLOR),,100.0,NOS,0.0,411.68,,,
2025-03-05,巴基斯坦,中国台湾,FIVE STAR FOODS FACTORY,CHUMPOWER MACHINERY CORP,"8.5 KM, JARRANWALA ROAD, KHURRIANWALA, Faisalabad Jaranwala",,,,,Taiwan,,,LPAF,84828000,Bearing seat  Linear bearing JB20AWW,,68.0,u,0.0,411.4,,,
2025-05-01,印度,中国,BTI AUTOMATION,CHANGZHOU FOLEVO PRECISION MACHINERY CO LTD,"12,FLOOR -2ND, PLOT NO.41/47, BIBIJAN STREET, OFF ABDUL REHMAN STREET, PYDHONIE,MANDVI",,,,,CHINA,,Shanghai,NHAVA SHEVA SEA (INNSA1),84828000,Linear Bearing (MODEL NO LM 25UU) Linear Bearing (MODEL NO LM 25UU),,800.0,NOS,0.0,411.3811,GEQ8DHJFK8A2K,,
2025-10-08,印度,中国,JMD ENGINEERS AND TRADERS,LISHUI GREENLEAF AUTOMATIC,,"TECHNOLOGY CO., LTD 297 LONGQING ROAD SHUIGE AREA LIAND LISHUIZHEJIANG, CHINA",,,,China (CN),,Ningbo,ICD PATPARGANJ,84821090,LINEAR BEARINGS - SBR25UU U/WT. - 0.49275 (FOR INDUSTRIAL USE).,,200.0,NOS,0.0,411.01,,,
2025-08-04,越南,中国,CÔNG TY TNHH SẢN XUẤT VÀ THƯƠNG MẠI DULICO,NINGBO POWERNICE INTELLIGENT TECHNOLOGY CO LTD,"Lot A2, Cn7 Tu Liem Industrial Cluster, Phuong Canh Ward, Nam Tu Liem District, Hanoi City, Vietnam","398 BINHAI RD, BINHAI NEW AREA, ECONOMIC DEVELOPMENT  ZONE, FENGHUA DISTRICT NINGBO CITY, ZHEJIANG PROVINCE CHINA, CN",,,,China,,,,84821000,"Vòng bi cầu rãnh sâu, P/N: MS1301-6201RS-1,chất liệu bằng thép (có nắp nhựa chống bụi), dùng cho hộp số của thiết bị truyền động tuyến tính, kích thước: phi 12*phi 32*10t. Mới 100%,Deep groove ball bearings, P/N: MS1301-6201RS-1,material stainless steel (lid dust-proof plastic), used for transmission of actuator linear, size: phi 12*africa 32*10t. New 100%",,1710.0,Pieces,0.0,410.4,,,
2025-11-05,印度,中国,KHS INNOVATION & ENGINEERING LLP,ZHEJIANG SIQIANG BEARING MANUFACTUR,"4A, KARIM BUILDING, 1ST FLOOR,142/  144, ABDUL REHMAN STREET ","E CO.,LTD NO.97,XIANXIA ROAD. NANMING MOUNTAIN STREET. LIANDU ZONE.LISHUI CITY.ZHEJIANG CHINA",,,,China (CN),,SHANGHAI,NHAVA SHEVA SEA (INNSA1),84828000,LINEAR MOTION BEARINGS LM30UU MA LINEAR BEARINGS,,500.0,PCS,0.0,410.0,,,
2025-02-18,印度,中国,WITTMANN BATTENFELD INDIA PRIVATE LIMITED,WITTMANN ROBOT KUNSHAN CO LTD,"NO.1 2, ARUMUGAM NAGAR,  CHINNA PORUR, ",,,,,CHINA,,SHANGHAI - PU DONG,CHENNAI AIR CARGO ACC (INMAA4),84828000,ML00000984 LINEAR BEARING (PARTS OF INJECTION MOULDING MACHINE) (FOR INDUSTRIAL USE) (FOC)PART OF INJECTION MOULDING MACHINE,,24.0,NOS,0.0,409.2865,9Z0SPL7P6R85A,,
2025-10-09,越南,中国,CÔNG TY TNHH JADE M - TECH,WUXI J WELL IMPORT AND EXPORT TRADING CO LTD,"Land Lot No. Tt3-09, Land Jam, Thuong Cat Ward, Hanoi City, Vietnam","YANGSHI CHUXIN INDUSTRIAL PARK, LUOSHE TOWN, HUISHAN DISTRICT, WUXI CITY, CN",,,,China,,,,84821000,"Con trượt HGW20CC bộ phận của thanh tuyến tính dẫn hướng, bằng thép,không hiệu,có ổ bi, phụ tùng máy gia công kim loại. NSX: Wuxi J-Well, mới 100%,Slider HGW20CC parts of the linear guide, stainless steel,non-performance,there are ball bearings, machine parts metal machining. MANUFACTURER: Wuxi J-Well, 100% new",,100.0,Pieces,0.0,409.0,,,
2025-08-26,印度,中国,SANGHVI AUTOMATION,LISHUI GREENLEAF AUTOMATIC TECHNOLOGY CO LTD,"GALA NO. F/106 TOP CLASS ENCLAVE, FIRST FLOOR BHOIDAPADA NAKA, SATIVALI ROAD, VASAI EAST","NO 297 LONGQING RD SHUIGE AREA LISH UI ZHEJIANG CHINA CHINA, , CHINA SDNF CHINA",,,,China (CN),,Shanghai,,84828000,LINEAR BEARING SC 20 LUU LINEAR BEARING SC 20 LUU,,200.0,NOS,0.0,408.86,,,
2025-03-10,印度,中国,AGARWAL INDUSTRIES,QINGDAO SHIYA IMPORT AND EXPORT CO,4 Ground Floor HARESH CHAMBER SAMUEL STREET VADGADI,,,,,CHINA,,Qingdao,NHAVA SHEVA SEA (INNSA1),84821090,LINEAR BALL BEARING CSK20PP LINEAR BALL BEARING,,300.0,NOS,0.0,408.7711,WR2ROUSHLUCH0,,
2025-05-27,印度,中国,THE BALL BEARING TRADERS,ZHEJIANG SIQIANG BEARING MANUFACTURE CO LTD,"NO.8/1,KRISHNASAI MANSION,N.R.RD,K  ALASIPALYAM, NEW EXTN. ",,,,,CHINA,,Ningbo,Chennai  ,84828000,LINEAR BEARINGS-LMF20  UU LINEAR BEARINGS-LMF20  UU,,400.0,NOS,0.0,408.0645,BNUI4YICVJ80K,,
2025-05-19,印度,中国,KNOWELL INTERNATIONAL PRIVATE LIMITED,RHB PRECISION MACHINERY CO LTD,"20, NETAJI SUBHAS ROAD,  N/A",,,,,CHINA,,Shanghai,Kolkata,84828000,LINEAR MOTION GLIDING BEARINGS NO - LB 30UU (BRAND - KHK) LINEAR MOTION GLIDING BEARINGS NO - LB 30UU (BRAND - KHK),,200.0,PCS,0.0,407.771,CLGU5X3HV91YC,,
2025-08-19,越南,中国,CÔNG TY TNHH THIẾT BỊ CƠ ĐIỆN MINH THÀNH,HK TOMUU ACTUATOR TECHNOLOGY CO LIMITED,"Trang Due Village (At Ngan Vu Company Limited), Le Loi Commune, An Duong District, Hai Phong City, Vietnam","ROOM 1318-19, HOLLYWOOD PLAZA, 610 NATHAN ROAD, MONGKOK, KOWLOON, HONGKONG, ",,,,China,,,,84821000,"TMA-MNA-U10A00002#& Ổ bi dùng cho hộp số động cơ của bộ truyền động tuyến tính, mới 100%,TMA-MNA-U10A00002#&amp; bearings for gearbox motor of the actuator, linear, 100% new",,4529.0,Pieces,0.0,407.61,,,
2025-05-07,印度,中国,KHS INNOVATION & ENGINEERING LLP,ZHEJIANG SIQIANG BEARING MANUFACTUR,"4A, KARIM BUILDING, 1ST FLOOR,142/  144, ABDUL REHMAN STREET ",,,,,CHINA,,Shanghai,NHAVA SHEVA SEA (INNSA1),84828000,LINEAR MOTION BEARINGS LME16UU (BRAND - KHS LG) LINEAR MOTION BEARINGS,,990.0,PCS,0.0,407.5644,3P1VVTB4FUWNI,,
2025-11-24,印度,中国,RHD ENTERPRISE,CIXI HUIBO IMPORT AND EXPORT CO LTD,"D-10, HIRAMANEK BAPTISTA ROAD, VILE PARLE WEST,MUMBAI null","ROOM 305 BUILDING NO.1 FENGZEWAN,ZH OUXIANG TOWN,CIXI CITY,ZHEJIANG,CHI NA CHINA",,,,China (CN),,Ningbo,NHAVA SHEVA SEA (INNSA1),84821090,LINEAR BEARING KH4060PP LINEAR BEARING KH4060PP,,200.0,NOS,0.0,406.4,,,
2025-05-23,印度,中国,RHD ENTERPRISE,CIXI HUIBO IMPORT AND EXPORT CO LTD,"D-10, HIRAMANEK BAPTISTA ROAD, VILE PARLE WEST,MUMBAI null",,,,,CHINA,,Ningbo,NHAVA SHEVA SEA (INNSA1),84821020,LINEAR BEARING LMES 25 LINEAR BEARING LMES 25,,100.0,NOS,0.0,405.8387,KLXTY7G6KR83E,,
2025-11-03,越南,中国,CÔNG TY TNHH MTV SẢN XUẤT KỆ KHO HÀNG BHD VIỆT NAM,DAWA HK CO LIMITED,"Lot 20, Dien Nam-Dien Ngoc Industrial Zone, Dien Nam Bac Ward, Dien Ban Town, Quang Nam Province, Vietnam","UNIT A17,29/F LEGEND, TOWER NO 7 SHING YIP ST, KWUN TONG, HONG KONG, CN",,,,China,,,,84821000,"CLBMD#&Ổ bi tuyến tính ( con lăn dẫn hướng biên máy dập), bộ phận của máy dập, phần bên trong là 2 ổ bi, phần lớp ngoài bằng nhựa, hàng mới 100%,CLBMD#&Linear ball bearing (press machine edge guide roller), part of a press machine, the inside consists of 2 ball bearings, the outer layer is made of plastic, 100% brand new.",,10.0,Set,0.0,405.6,,,
2025-09-11,印度,中国,PURI SALES CORPORATION,LINYI MOHIT TRADING CO LTD,"SHOP NO.5467-B,BEHIND 67  N/A","007F, D1 DISTRICT, 3RD FLOOR LINYI MALL ENGINEERING MARKET, LINYI CITY , SHANDONG PROVINCE, CHINA CHINA",,,,China (CN),,Qingdao,,84828000,"LM12UU,  LINEAR BEARING,  U/WT.-  0.025  (FOR INDUSTRIAL USE)BEARING",,2400.0,NOS,0.0,405.6,,,
2025-03-25,越南,中国,CÔNG TY TNHH CÔNG NGHIỆP KTL,NINGBO MIKATE TRANSMISSION TECHNOLOGY CO LTD,"25/A85 NA12 Street, Viet Sing Residential Area, T.15, Binh Giao Quarter, Thuan Giao Ward, Thuan An City, Binh Duong Province","NO.9 SHANGSHAO EAST AREA, ZHUANGQIAO STREET, JIANGBEI DISTRICT, NINGBO CHINA, CN",,,,China,,,,84828000,"Bạc đạn bằng thép-linear bearing, hiệu MYT, model LMF20UU, kích thước dr20*D32*L42mm, hàng mới 100%,Steel linear bearing, MYT brand, model LMF20UU, size dr20*D32*L42mm, 100% new",,240.0,Pieces,0.0,405.6,,,
2025-07-08,印度,中国,AXIS TECHNOLOGIES,ZHEJIANG JINGRUI INTELLIGENT TRANSMISSION CO LTD,"207, ARIHANT TOWER, 2ND FLOOR,83 V. V .CHANDAN STREET, MUMBAI, ",,,,,CHINA,,Ningbo,NHAVA SHEVA SEA (INNSA1),84828000,LINEAR MOTION BEARINGS LMK16LUU LINEAR MOTION BEARINGS LMK16LUU,,300.0,PCS,0.0,405.4533,0SVQ7GYDUI59V,,
2025-06-27,印度,中国,AGARWAL INDUSTRIES,CHANGZHOU FOLEVO PRECISION MACHINER,4 Ground Floor HARESH CHAMBER SAMUEL STREET VADGADI,,,,,CHINA,,Beijing,SAHAR AIR CARGO ACC (INBOM4),84821090,LINEAR RAIL MGNR9--2 METER LINEAR BALL BEARING,,20.0,PCS,0.0,405.0041,095DMMO2JZYQW,,
2025-11-21,印度,中国,NAVYA ENGINEERING,DONGGUAN DC ENTERPRISE MANAGEMENT CO LTD,"9/19 TIRUMALA COMPLEX ,  GANDHINAGAR CO-OPERATIVE INDUSTRIAL ESTATE ,  HYDERABAD ,  HYDERABAD ,  TELANGANA,  500037 N/A",ROOM 1108 BUILDING 2 NANCHENG COUNTRY GARDEN NO16 CHEZHAN ROAD NANCHENG STREET DONGGUAN CHINA,,,,China (CN),,SHENZHEN,DELHI AIR CARGO ACC (INDEL4),84821020,LINEAR BEARING ( COIL INSERT MACHINE PARTS LINEAR BEARING,,3.0,PCS,0.0,404.71,,,
2025-10-10,印度,中国,TARODE TECHNOLOGY INDIA PRIVATE LIMITED,WANG FOO TAI INTERNATIONAL LIMITED,,"Underground, Freder centre No.214, Kowloon City Road To Kwa Wan, Kowlo on City, Hong Kong",,,,China (CN),,Hong Kong,Chennai  ,84829900,Linear bearing mounting block (MODEL NO: Z1-ZXZCAZK) Linear bearing mounting block (MODEL NO: Z1-ZXZCAZK),,20.0,PCS,0.0,404.42,,,
2025-09-22,印度,中国,CIU BEARING CO,TIANJIN TEXTILE GROUP IMPORT AND EXPORT INC,"502, SATGURU SUPREME, WALJI LADHA ROAD, MULUND WEST,","3YUNNAN ROAD, TIANJIN, CHINA Tianji n, , CHINA SDNF CHINA",,,,China (CN),,Qingdao,,84828000,LINEAR MOTION BEARINGS LMF40LUU LINEAR MOTION BEARINGS LMF40LUU,,100.0,NOS,0.0,404.2,,,
2025-05-18,印度,中国,AGARWAL INDUSTRIES,CHANGZHOU FOLEVO PRECISION MACHINER,4 Ground Floor HARESH CHAMBER SAMUEL STREET VADGADI,,,,,CHINA,,Qingdao,NHAVA SHEVA SEA (INNSA1),84821090,LINEAR BLOCK BEARING HGW25 CC LINEAR BLOCK BEARING,,150.0,NOS,0.0,403.4836,7I38VF3QR2DUN,,
2025-06-06,菲律宾,中国香港,NEXPERIA PHILIPPINES INC,ASMPT TECHNOLOGY HONG KONG LIMITED,"PHILIPS AVENUE, LISP I-SEZ, BO. DIEZMO, CABUYAO, LAGUNA",,,,,JAPAN,,,,84828000000,LINEAR BEARING,,30.0,Piece,0.22,403.3,3600324276,,
2025-04-01,印度,中国,AXIS TECHNOLOGIES,ZHEJIANG JINGRUI INTELLIGENT TRANSMISSION CO LTD,"207, ARIHANT TOWER, 2ND FLOOR,83 V. V .CHANDAN STREET, MUMBAI, ",,,,,CHINA,,Ningbo,NHAVA SHEVA SEA (INNSA1),84828000,LINEAR MOTION BEARINGS LM25GAUU LINEAR MOTION BEARINGS LM25GAUU,,300.0,PCS,0.0,403.1991,VOOLSCS6OAR5X,,
2025-01-06,印度,中国,RHD ENTERPRISE,CIXI HUIBO IMPORT AND EXPORT CO LTD,"D-10, HIRAMANEK BAPTISTA ROAD, VILE PARLE WEST,MUMBAI null",,,,,CHINA,,Ningbo,NHAVA SHEVA SEA (INNSA1),84821090,LINEAR BLOCK BEARINGS R144 ZZ LINEAR BLOCK BEARINGS R144 ZZ,,3000.0,NOS,0.0,402.8465,4G4UEM035NOY6,,
2025-08-20,印度,中国,FLURO ENGINEERING PRIVATE LIMITED,HIWIN TECHNOLOGIES CORP,"A/3, DEVASHISH, NITYANAND COLONY  AMRUT NAGAR,GHATKOPAR WEST, ","No. 7, Jingke Road, Precision Machi nery Park, Taichung 40852, Taiwan SDNF Taiwan, Province of China",,,,"Taiwan,China (TW)",,TAIPEI,,84821011,HIWIN LINEAR BEARING AK 25 C3(B2500XK-01) (F00XK1)(ADA900K2FEPL/ Stock-08/0807/2025 /SM)HIWIN LINEAR BEARING AK 25 C3(B2500XK-01) (F00XK1)(ADA900K2,,4.0,NOS,0.0,401.81,,,
2025-06-30,印度,中国,THE BEARING STORE,SHANGHAI SIMINGTE AUTOMATION TECHNOLOGY CO LTD,N/A N/A,,,,,CHINA,,Qingdao,AHEMDABAD ICD (INSBI6),84821090,LINEAR MOTION BEARING - LMK8LUU ( AS PER INVOICE ) LINEAR MOTION BEARING - LMK8LUU ( AS PER INVOICE ),,500.0,NOS,0.0,401.6036,FVEI0WOJ0NOO1,,
2025-03-10,印度,中国,AGARWAL INDUSTRIES,QINGDAO SHIYA IMPORT AND EXPORT CO,4 Ground Floor HARESH CHAMBER SAMUEL STREET VADGADI,,,,,CHINA,,Qingdao,NHAVA SHEVA SEA (INNSA1),84821090,LINEAR BALL BEARING SBR16LUU LINEAR BALL BEARING,,200.0,NOS,0.0,401.5994,WR2ROUSHLUCH0,,
2025-05-27,印度,中国,THE BALL BEARING TRADERS,ZHEJIANG SIQIANG BEARING MANUFACTURE CO LTD,"NO.8/1,KRISHNASAI MANSION,N.R.RD,K  ALASIPALYAM, NEW EXTN. ",,,,,CHINA,,Ningbo,Chennai  ,84828000,LINEAR BEARINGS-LMK50  UU LINEAR BEARINGS-LMK50  UU,,50.0,NOS,0.0,401.5744,BNUI4YICVJ80K,,
2025-09-11,印度,中国,MAHAVIR SALES CORPORATION,YIWU ZHITONG E COMMERCE FIRM,"128,NARAYAN DHURU STREET,MICRO  HOUSE,4TH FL ","ROOM603,NO.2388 ZHONGSHAN EAST ROAD QIUAI TOWN YINZHOU Ningbo, NINGBO, CHINA CHINA",,,,China (CN),,Ningbo,,84828000,LINEAR MOTION BEARINGS LM6UU-N LINEAR MOTION BEARINGS LM6UU-N,,2000.0,PCS,0.0,401.48,,,
2025-07-13,印度,中国,JAYACHANDRA BEARINGS INDIA PRIVATE LIMITED,SHANGHAI NEO STAR MACHINERY&TECHNOL,"1002, AVANASHI ROAD,  N/A",,,,,CHINA,,Qingdao,NHAVA SHEVA SEA (INNSA1),84828000,SRBF LINEAR MOTION BEARING (INDL USE ONLY) SC20UU SRBF LINEAR MOTION BEARING (INDL USE ONLY),,300.0,NOS,0.0,400.8959,3VKZV2JDGHNYE,,
2025-02-18,印度,中国,MAHAVIR SALES CORPORATION,YIWU ZHITONG E COMMERCE FIRM,"128,NARAYAN DHURU STREET,MICRO  HOUSE,4TH FL ",,,,,CHINA,,Ningbo,NHAVA SHEVA SEA (INNSA1),84828000,LINEAR MOTION BEARINGS LMK 30 UU LINEAR MOTION BEARINGS LMK 30 UU,,300.0,PCS,0.0,400.2643,S6ZUX3V42JKLS,,
2025-08-27,肯尼亚,中国,SILAFRICA KENYA LIMITED,SHENZHEN RUIFENG ELECTRIC CO LTD,,,,,,China,Kenya,,,84828000,SHENZHEN; 8 PCS OF LINEAR BEARING BLOCK; SHENZHEN; SHENZHEN; 8; 8; 2025; 1; 40; 0; 400;,,8.0,UNT,0.0,400.0,,,
2025-11-19,印度,中国,AMAFHH SONS,ZHEJIANG SIQIANG BEARING MANUFACTURE CO LTD,"2ND FLOOR, 71 NAGDEVI CROSS LANE,,  N/A","NO.97,XIANXIA ROAD,NANMING MOUNTAIN STREET, LIANDU ZONE,LISHUI CITY LI SHUI CITY, Zhejiang, CHINA CHINA",,,,China (CN),,Ningbo,NHAVA SHEVA SEA (INNSA1),84828000,LINEAR MOTION BEARINGS LM16UU LINEAR MOTION BEARINGS LM16UU,,1000.0,NOS,0.0,400.0,,,
2025-03-11,印度,中国,ELECTUS SYSTEMS,LISHUI GREENLEAF AUTOMATIC TECHNOLOGY CO LTD,"G3,Ghawte Tower Dr,Ansari Road seco  ",,,,,CHINA,,Ningbo,NHAVA SHEVA SEA (INNSA1),84828000,LINEAR BEARINGS LMK25UU LINEAR BEARINGS LMK25UU,,300.0,NOS,0.0,399.8618,4MRHJKZ9YIULH,,
2025-02-20,印度,中国香港,BHAVI IMPEX,AMLAND GLOBE HK ENTERPRISE LTD,"108,SHUBH SANDESH, 16,  HANSRAJ LANE, BYCULLA, ",,,,,HONG KONG,,Ningbo,NHAVA SHEVA SEA (INNSA1),84828000,"LINEAR BEARING BRAND:HL ,ITEM NO.KBF50UU LINEAR BEARING",,24.0,NOS,0.0,399.8554,U6066D9M8DSTU,,
2025-04-25,印度,中国,BHAVI IMPEX,AMLAND GLOBE HK ENTERPRISE LTD,"108,SHUBH SANDESH, 16,  HANSRAJ LANE, BYCULLA, ",,,,,CHINA,,Ningbo,NHAVA SHEVA SEA (INNSA1),84828000,"LINEAR BEARING BRAND:9KBC, ITEM NO.LMK20UU LINEAR BEARING",,528.0,NOS,0.0,399.8295,LFU4IYNTHODV1,,
2025-01-23,印度,中国,RAGHAV BEARING ENTERPRISES,CHANGZHOU FOLEVO PRECISION MACHINERY CO LTD,"Shop No 63, First Floor, GB Road Contact No: 918743097367",,,,,CHINA,,Shanghai,TUGHLAKABAD,84828000,LINEAR BEARING (MODEL - SC20 UU) .,,350.0,PCS,0.0,399.8145,BVP4O2JJY2V87,,
2025-04-15,印度,中国,KHS INNOVATION & ENGINEERING LLP,ZHEJIANG SIQIANG BEARING MANUFACTUR,"4A, KARIM BUILDING, 1ST FLOOR,142/  144, ABDUL REHMAN STREET ",,,,,CHINA,,Shanghai,NHAVA SHEVA SEA (INNSA1),84828000,LINEAR MOTION BEARINGS LMF30UU (BRAND - KHS LG) LINEAR MOTION BEARINGS,,250.0,PCS,0.0,399.285,GZ6HW5WC9YCWX,,
2025-10-22,越南,中国香港,CÔNG TY TNHH LUXSHARE ICT NGHỆ AN,LUXSHARE PRECISION LIMITED,"No. 18, Road No. 03, Vsip Nghe An Industrial Park, Hung Nguyen Commune, Nghe An Province, Vietnam","SUITE 1621, 16/F., OCEAN CENTRE, HARBOUR CITY, 5 CANTON ROAD, TSIM SHA TSUI, KOWLOON, HONG KONG., HK",,,,China,,,,84821000,".#&Ổ bi tuyến tính MGN9C,bộ phận truyền động của băng tải kho vận,dùng để dẫn hướng chuyển động tịnh tiến, chất liệu thép, nsx: Shenzhen Yinlitai Technology Co.,Ltd, năm sx 2025, hàng mới 100%,.#&amp;Linear ball bearings MGN9C,the transmission parts of the conveyor belt,logistics, used to guide translational motion, material steel, manufacturer: Shenzhen Yinlitai Technology Co.,Ltd., year of manufacture 2025, 100% brand new",,50.0,Pieces,0.0,399.0,,,
2025-11-05,印度,中国,AXIS TECHNOLOGIES,ZHEJIANG JINGRUI INTELLIGENT TRANSMISSION CO LTD,"207, ARIHANT TOWER, 2ND FLOOR,83 V. V .CHANDAN STREET, MUMBAI, ","#99, Shangxu Road Lishui Industral Zone Zhejiang, Zhejiang, CHINA SDNF CHINA",,,,China (CN),,Shanghai,NHAVA SHEVA SEA (INNSA1),84828000,LINEAR MOTION BEARINGS SC 20UU OP LINEAR MOTION BEARINGS SC 20UU OP,,300.0,NOS,0.0,398.74,,,
2025-11-08,印度,中国,RHD ENTERPRISE,CIXI HUIBO IMPORT AND EXPORT CO LTD,"D-10, HIRAMANEK BAPTISTA ROAD, VILE PARLE WEST,MUMBAI null","ROOM 305 BUILDING NO.1 FENGZEWAN,ZH OUXIANG TOWN,CIXI CITY,ZHEJIANG,CHI NA CHINA",,,,China (CN),,Qingdao,NHAVA SHEVA SEA (INNSA1),84828000,LINEAR BEARING SFNUR2010-4 LINEAR BEARING SFNUR2010-4,,50.0,PCS,0.0,398.65,,,
2025-05-19,印度,中国,BOMAG INDIA PRIVATE LIMITED,BOMAG CHANGZHOU CONSTRUCTION MACHINERY CO LTD,"1206 LODHA SUPREMUS SENAPATI B ROA  D,LOWER PAREL WEST MUMBAI 13 ",,,,,CHINA,,Shanghai,NHAVA SHEVA SEA (INNSA1),84821090,05164001L Linear ball bearing (PRODUCTION PARTS FOR ROAD ROLLER)05164001L Linear ball bearing (PRODUCTION PARTS FOR ROAD ROL,,24.0,NOS,0.0,398.6359,L56N802P02K49,,
2025-10-18,印度,中国,NEEDLES BEARINGS INDIA,YIBO YUAN LINQING CITY PRECISION,,"MACHINERY CO LTD,ADDRESS.INDUSTRIAL PARK,BACHALU TOWN ,LINQING CITY LIAOCHENG CITY,SHANDONG PROVINCE CHINA",,,,China (CN),,Qingdao,Chennai  ,84821090,LINEAR BEARING -PART NO SBR25UU LINEAR SLIDER -PART NO SBR20UU,,200.0,PCS,0.0,398.51,,,
2025-03-02,印度,中国,KNOWELL INTERNATIONAL PRIVATE LIMITED,RHB PRECISION MACHINERY CO LTD,"20, NETAJI SUBHAS ROAD,  N/A",,,,,CHINA,,Shanghai,Kolkata,84828000,LINEAR MOTION GLIDING BEARINGS NO - LB25UU (BRAND - KHK) LINEAR MOTION GLIDING BEARINGS NO - LB25UU (BRAND - KHK),,250.0,PCS,0.0,397.6258,JRTAQCEL963R7,,
2025-05-30,印度,中国,AMAFHH SONS,ZHEJIANG SIQIANG BEARING MANUFACTURE CO LTD,"2ND FLOOR, 71 NAGDEVI CROSS LANE,,  N/A",,,,,CHINA,,Ningbo,NHAVA SHEVA SEA (INNSA1),84828000,LINEAR MOTION BEARINGS LM16UU LINEAR MOTION BEARINGS LM16UU,,1000.0,PCS,0.0,397.5181,0LAHS2H9JC2RX,,
2025-02-08,印度,中国,NEEDLES BEARINGS INDIA,YIBO YUAN LINQING CITY PRECISION,"NO.595, I FLOOR, M.T.H. ROAD,  MANNURPET, AMBATTUR ESTATE, ",,,,,CHINA,,Qingdao,Chennai  ,84821090,LINEAR BEARING - PARTS NO-LMF50LUU LINEAR BEARING - PARTS NO-LMF30LUU HC,,30.0,PCS,0.0,397.4793,UJDMLK83D9CAL,,
2025-06-13,印度,中国,NEEDLES BEARINGS INDIA,YIBO YUAN LINQING CITY PRECISION,"NO.595, I FLOOR, M.T.H. ROAD,  MANNURPET, AMBATTUR ESTATE, ",,,,,CHINA,,Qingdao,Chennai  ,84821090,LINEAR BEARING - SBR25UU LINEAR BEARING -,,200.0,NOS,0.0,396.9475,SR5NQAE7ENWX0,,
2025-08-21,印度,中国,AMBICA IMPEX,ZHEJIANG SIQIANG BEARING MANUFACTURE CO LTD,N/A N/A,"NO.97,Xianxia Road.Nanming Mountain Street. Liandu Zone LISHUI, Zhejia ng, CHINA CHINA",,,,China (CN),,Shanghai,,84828000,LINEAR BEARING (KH1630PP) LINEAR BEARING (KH1630PP),,500.0,NOS,0.0,396.84,,,
2025-04-12,印度,中国,KHS INNOVATION & ENGINEERING LLP,ZHEJIANG SIQIANG BEARING MANUFACTUR,"4A, KARIM BUILDING, 1ST FLOOR,142/  144, ABDUL REHMAN STREET ",,,,,CHINA,,Shanghai,NHAVA SHEVA SEA (INNSA1),84828000,LINEAR MOTION BEARINGS LME40UU (BRAND - KHS LG) LINEAR MOTION BEARINGS,,200.0,PCS,0.0,396.707,253CNM79HRCOK,,
2025-01-14,巴基斯坦,中国,DOT PIXEL LIMITS,YIWU HUAYI IMP AND EXP CO LIMITED,"Plot#B-77, Shed-6,, Behind Pso Petrol Pump, Estate Avenue, Shershah  Chowrangi, SITE , Karachi, Karachi West Site Town",ROOM 1802 HUANOTU BUILDING 168 FUTIAN STREET FUTIAN STREET YIWU CITY ZHEJIAN PROVINCE CHINA,,,,China                         ,,Ningbo,KAPW,84824000,"(9) NEEDLE BEARING  PART NO – HK4012  NET WEIGHT – 72 KGS APPROX.8482.vr
 A. LINEAR BEARING  PART NO – LM2544  NET WEIGHT – 60 KGS APPROX.
 B. BALL BEARINGS  PART NO – 1026  NET WEIGHT – 9 KGS APPROX.",,141.0,u,10660.0,396.6678,OOLU2751395960,,
2025-04-25,印度,中国,MIHIR INTERNATIONAL,SHANDONG SAAB INTERNATIONAL TRADING,"163 DHANLAXMI PREMISES THIRD FLOOR  ,NARAYAN DHURU STREET MUMBAI 400003",,,,,CHINA,,Qingdao,NHAVA SHEVA SEA (INNSA1),84824000,LINEAR BALL BEARING LM20UU,,1500.0,NOS,0.0,396.3307,LREJUP1DHM9LI,,
2025-02-16,印度,中国,KHS INNOVATION & ENGINEERING LLP,ZHEJIANG SIQIANG BEARING MANUFACTURE CO LTDA,"4A, KARIM BUILDING, 1ST FLOOR,142/  144, ABDUL REHMAN STREET ",,,,,CHINA,,Shanghai,NHAVA SHEVA SEA (INNSA1),84828000,LINEAR BEARING-LM 25UU KHS-LG LINEAR BEARING-LM 25UU KHS-LG,,500.0,NOS,0.0,396.1373,U5NWSLS36YLHN,,
2025-03-08,印度,中国,SANGHVI AUTOMATION,LISHUI GREENLEAF AUTOMATIC TECHNOLOGY CO LTD,"GALA NO. F/106 TOP CLASS ENCLAVE, FIRST FLOOR BHOIDAPADA NAKA, SATIVALI ROAD, VASAI EAST",,,,,CHINA,,Ningbo,NHAVA SHEVA SEA (INNSA1),84828000,LINEAR BEARING LM 16 UU LINEAR BEARING LM 16 UU,,1000.0,NOS,0.0,395.5451,C5QXKO170YH8B,,
2025-01-22,印度,中国,AXIS TECHNOLOGIES,YIBOYUAN LINQING CITY PRECISION MACHINERY CO L,"207, ARIHANT TOWER, 2ND FLOOR,83 V. V .CHANDAN STREET, MUMBAI, ",,,,,CHINA,,Qingdao,NHAVA SHEVA SEA (INNSA1),84828000,LINEAR MOTION BEARINGS LMK60UU LINEAR MOTION BEARINGS LMK60UU,,50.0,PCS,0.0,395.4965,C0W3RR1INJTTB,,
2025-01-22,印度,中国,AXIS TECHNOLOGIES,YIBOYUAN LINQING CITY PRECISION MACHINERY CO L,"207, ARIHANT TOWER, 2ND FLOOR,83 V. V .CHANDAN STREET, MUMBAI, ",,,,,CHINA,,Qingdao,NHAVA SHEVA SEA (INNSA1),84828000,LINEAR MOTION BEARINGS LMES30UU LINEAR MOTION BEARINGS LMES30UU,,100.0,PCS,0.0,395.2405,C0W3RR1INJTTB,,
2025-12-08,印度,中国,BHAVI IMPEX,AMLAND GLOBE HK ENTERPRISE LTD,"108,SHUBH SANDESH, 16,  HANSRAJ LANE, BYCULLA, ","ROOM 811,BAILI BUSINESS CENTER,87-1 05, CHATHAM ROAD SOUTH,TSIM SHA TSU I,KOWLOON HONG KONG",,,,China (CN),,Ningbo,NHAVA SHEVA SEA (INNSA1),84828000,"LINEAR BEARING BRAND-HL,ITEM NO.LMST8GAUU LINEAR BEARING",,20.0,NOS,0.0,395.0,,,
2025-08-08,印度,中国,RNS BEARINGS,SHANDONG YKK BEARING MANUFACTURING CO LTD,,,,,,CHINA,,,SAHAR AIR CARGO ACC ,84824000,LINEAR BEARING As per INV.&P/LIST Unit Weight /Pc 12.9KG LINEAR BEARING BEARING As per INV.&P/LIST Unit Weight /Pc 4.,,4.0,NOS,0.0,394.97,,,
2025-12-01,印度,中国,FLURO ENGINEERING PRIVATE LIMITED,HIWIN TECHNOLOGIES CORP,"A/3, DEVASHISH, NITYANAND COLONY  AMRUT NAGAR,GHATKOPAR WEST, ","NO.7, JINGKE ROAD, PRECISION MACHIN ERY PARK, TAICHUNG 40852 SDNF Taiwan",,,,"Taiwan,China (TW)",,Taiyuan,SAHAR AIR CARGO ACC (INBOM4),84821011,HIWIN LINEAR BEARING CRBE 160 35 A WW C1 P4(B2501G4-01) HIWIN LINEAR BEARING CRBE 160 35 A WW C1 P4(B2501G4-01),,1.0,NOS,0.0,394.92,,,
2025-08-26,印度,中国,SANGHVI AUTOMATION,LISHUI GREENLEAF AUTOMATIC TECHNOLOGY CO LTD,"GALA NO. F/106 TOP CLASS ENCLAVE, FIRST FLOOR BHOIDAPADA NAKA, SATIVALI ROAD, VASAI EAST","NO 297 LONGQING RD SHUIGE AREA LISH UI ZHEJIANG CHINA CHINA, , CHINA SDNF CHINA",,,,China (CN),,Shanghai,,84828000,LINEAR BEARING SC 16 LUU LINEAR BEARING SC 16 LUU,,200.0,NOS,0.0,394.76,,,
2025-08-26,印度,中国,SANGHVI AUTOMATION,LISHUI GREENLEAF AUTOMATIC TECHNOLOGY CO LTD,"GALA NO. F/106 TOP CLASS ENCLAVE, FIRST FLOOR BHOIDAPADA NAKA, SATIVALI ROAD, VASAI EAST","NO 297 LONGQING RD SHUIGE AREA LISH UI ZHEJIANG CHINA CHINA, , CHINA SDNF CHINA",,,,China (CN),,Shanghai,,84828000,LINEAR BEARING SC 25 UU LINEAR BEARING SC 25 UU,,200.0,NOS,0.0,394.76,,,
2025-05-23,印度,中国,RHD ENTERPRISE,CIXI HUIBO IMPORT AND EXPORT CO LTD,"D-10, HIRAMANEK BAPTISTA ROAD, VILE PARLE WEST,MUMBAI null",,,,,CHINA,,Ningbo,NHAVA SHEVA SEA (INNSA1),84821020,LINEAR BEARING SC20LUU LINEAR BEARING SC20LUU,,200.0,NOS,0.0,394.5597,KLXTY7G6KR83E,,
2025-03-10,印度,中国,AGARWAL INDUSTRIES,QINGDAO SHIYA IMPORT AND EXPORT CO,4 Ground Floor HARESH CHAMBER SAMUEL STREET VADGADI,,,,,CHINA,,Qingdao,NHAVA SHEVA SEA (INNSA1),84821090,LINEAR BALL BEARING LMF60UU LINEAR BALL BEARING,,50.0,NOS,0.0,394.4281,WR2ROUSHLUCH0,,
2025-09-22,印度,中国,CIU BEARING CO,TIANJIN TEXTILE GROUP IMPORT AND EXPORT INC,"502, SATGURU SUPREME, WALJI LADHA ROAD, MULUND WEST,","3YUNNAN ROAD, TIANJIN, CHINA Tianji n, , CHINA SDNF CHINA",,,,China (CN),,Qingdao,,84828000,LINEAR MOTION BEARINGS LM6UU LINEAR MOTION BEARINGS LM6UU,,2000.0,NOS,0.0,394.0,,,
2025-07-23,印度,中国,RAGHAV BEARING ENTERPRISES,CHANGZHOU FOLEVO PRECISION,"Shop No 63, First Floor, GB Road Contact No: 918743097367",,,,,CHINA,,Shanghai,ICD PATPARGANJ,84828000,LINEAR BEARING SFY2020 LINEAR BEARING SFY2020,,40.0,PCS,0.0,393.7736,LA4Y752EJ9N3O,,
2025-07-14,越南,中国台湾,CÔNG TY TNHH MISUMI VIỆT NAM - CHI NHÁNH THÀNH PHỐ HỒ CHÍ MINH,MISUMI TAIWAN CORP,"Room 901, 9th Floor, Sacom-Chip Sang Building, Lot T2-4, D1 Street, High-Tech Park, Tan Phu Ward, Thu Duc City, Ho Chi Minh City","9F-1, NO.126, SEC.4, NANJING E.RD., TAIPEI,10595, TAIWAN., TW",,,,Taiwan,,,,84828000,"Thanh trượt tuyến tính có ổ bi, nhãn hiệu MISUMI, mới 100%, code: C-SV2R33-220,Linear slide with ball bearing, MISUMI brand, 100% new, code: C-SV2R33-220",,8.0,Pieces,0.0,393.7589,,,
2025-01-22,印度,中国,AXIS TECHNOLOGIES,YIBOYUAN LINQING CITY PRECISION MACHINERY CO L,"207, ARIHANT TOWER, 2ND FLOOR,83 V. V .CHANDAN STREET, MUMBAI, ",,,,,CHINA,,Qingdao,NHAVA SHEVA SEA (INNSA1),84828000,LINEAR MOTION BEARINGS LM50UU LINEAR MOTION BEARINGS LM50UU,,100.0,PCS,0.0,393.3974,C0W3RR1INJTTB,,
2025-02-11,印度,中国,RELIANCE TOOLS AND BEARING STORES,LISHUI JINZHENG BEARING MANUFACTURE CO LTD,"GRD FLR, 163, MUTTON  STREET, ",,,,,CHINA,,Shanghai,NHAVA SHEVA SEA (INNSA1),84828000,FLANGE LINEAR MOTION BEARING LMK12UU FLANGE LINEAR MOTION BEARING LMK12UU,,500.0,PCS,0.0,392.956,1ZWXTLPY0DNUH,,
2025-08-26,印度,中国,SANGHVI AUTOMATION,LISHUI GREENLEAF AUTOMATIC TECHNOLOGY CO LTD,"GALA NO. F/106 TOP CLASS ENCLAVE, FIRST FLOOR BHOIDAPADA NAKA, SATIVALI ROAD, VASAI EAST","NO 297 LONGQING RD SHUIGE AREA LISH UI ZHEJIANG CHINA CHINA, , CHINA SDNF CHINA",,,,China (CN),,Shanghai,,84828000,LINEAR BEARING LM 20 UU LINEAR BEARING LM 20 UU,,1000.0,NOS,0.0,392.75,,,
2025-07-08,印度,中国,AXIS TECHNOLOGIES,ZHEJIANG JINGRUI INTELLIGENT TRANSMISSION CO LTD,"207, ARIHANT TOWER, 2ND FLOOR,83 V. V .CHANDAN STREET, MUMBAI, ",,,,,CHINA,,Ningbo,NHAVA SHEVA SEA (INNSA1),84828000,LINEAR MOTION BEARINGS LM30UU LINEAR MOTION BEARINGS LM30UU,,522.0,PCS,0.0,392.5275,0SVQ7GYDUI59V,,
2025-06-11,印度,中国,TECHNOMET ENTERPRISES PUNE,ZHEJIANG JINGJIU BEARINGS INDUSTRIAL CO LTD,"SHOP NO-102,103 & 104 VARAD VINAYAK COMPLEX S.NO-26/1 AT NARHE TAL-HAVELI PUNE",,,,,CHINA,,Shanghai,NHAVA SHEVA SEA (INNSA1),84829900,"TFC25-4000L, Shaft (Linear Shaft) (Bearing Parts) TFC25-4000L, Shaft (Linear Shaft)",,25.0,PCS,0.0,391.72,EJH3TW211D2ZA,,
2025-08-21,印度,中国,AMBICA IMPEX,ZHEJIANG SIQIANG BEARING MANUFACTURE CO LTD,N/A N/A,"NO.97,Xianxia Road.Nanming Mountain Street. Liandu Zone LISHUI, Zhejia ng, CHINA CHINA",,,,China (CN),,Shanghai,,84828000,LINEAR BEARING (LM40UU) LINEAR BEARING (LM40UU),,200.0,NOS,0.0,391.55,,,
2025-06-19,印度,中国,RHD ENTERPRISE,CIXI HUIBO IMPORT AND EXPORT CO LTD,"D-10, HIRAMANEK BAPTISTA ROAD, VILE PARLE WEST,MUMBAI null",,,,,CHINA,,Ningbo,NHAVA SHEVA SEA (INNSA1),84821090,LINEAR BEARING LMF25UU LINEAR BEARING LMF25UU,,300.0,NOS,0.0,391.4476,2H95CF4FI9KXG,,
2025-04-25,印度,中国,BHAVI IMPEX,AMLAND GLOBE HK ENTERPRISE LTD,"108,SHUBH SANDESH, 16,  HANSRAJ LANE, BYCULLA, ",,,,,CHINA,,Ningbo,NHAVA SHEVA SEA (INNSA1),84828000,"LINEAR BEARING BRAND:9KBC, ITEM NO.LM12LUU LINEAR BEARING",,1060.0,NOS,0.0,390.6415,LFU4IYNTHODV1,,
2025-10-28,越南,中国,CÔNG TY TNHH THƯƠNG MẠI BEN FU,DONGXING WANSHIXING IMPORT AND EXPORT TRADING CO LTD,"At Sao Khue Trading Support Company Limited, Unit 1043, Thinh Hung Ward, Quang Phu Ward, Thanh Hoa, Vietnam","ROOM 01, 1ST FLOOR, NO. 73-9,HEXIE ROAD,DONGXING TOWN, DONGXING CITY, FANGCHENGGANG CITY, CHINA, CN",,,,China,,,,84821000,"Con trượt tuyến tính NBH-45-TRHA(T3), dài 174mm, rộng 85.5mm,có ổ bi bên trong, bằng thép,dùng trong các hệ thống dẫn hướng tuyến tính máy CNC.Hsx TBI,mới 100%,Slider linear NBH-45-TRHA(T3), length 174mm, width 85.5 mm,with ball bearings inside, made of steel,used in the guidance systems linear CNC.Hsx TBI,100% new",,6.0,Pieces,0.0,390.54,,,
2025-08-08,印度,中国,RNS BEARINGS,SHANDONG YKK BEARING MANUFACTURING CO LTD,"3rd FLOOR, 306, Menek Bhavan Premises Co-op.Soc.Ltd 137,Narayan Dhuru Street , Mumbai","ROOM 1029,AREA A, 10TH FLOOR,BLOCK A, JINAN WEST INNOVATION PARK,NO 26 87,ZIWEI ROAD,UNIVERSITY SCIENCE AN CHINA",,,,China (CN),,Qingdao,,84824000,LINEAR BEARING As per INV.&P/LIST Unit Weight /Pc 12.9KG LINEAR BEARING BEARING As per INV.&P/LIST Unit Weight /Pc 4.,,4.0,NOS,0.0,390.29,,,
2025-02-18,印度,中国,MAHAVIR SALES CORPORATION,YIWU ZHITONG E COMMERCE FIRM,"128,NARAYAN DHURU STREET,MICRO  HOUSE,4TH FL ",,,,,CHINA,,Ningbo,NHAVA SHEVA SEA (INNSA1),84828000,LINEAR MOTION BEARINGS LMF60L UU LINEAR MOTION BEARINGS LMF60L UU,,20.0,PCS,0.0,390.0011,S6ZUX3V42JKLS,,
2025-10-09,孟加拉国,中国台湾,OPSONIN PHARMA LIMITED,LUNG WEI PACKING CO LTD,"RUPATALI,; Kotwali PS;",. TAIWAN,,,,TW,,,,84828000,"LINEAR BEARING, LMF-30UU FOR SACHET FILLING MACHINE",,0.0,,3.2,390.0,,,
2025-04-01,印度,中国,AXIS TECHNOLOGIES,ZHEJIANG JINGRUI INTELLIGENT TRANSMISSION CO LTD,"207, ARIHANT TOWER, 2ND FLOOR,83 V. V .CHANDAN STREET, MUMBAI, ",,,,,CHINA,,Ningbo,NHAVA SHEVA SEA (INNSA1),84828000,LINEAR MOTION BEARINGS LM6UU LINEAR MOTION BEARINGS LM6UU,,2000.0,PCS,0.0,389.8618,VOOLSCS6OAR5X,,
2025-06-19,印度,中国,RELIANCE TOOLS AND BEARING STORES,ZHEJIANG SIQIANG BEARING MANUFACTURE CO LTD,"GRD FLR, 163, MUTTON  STREET, ",,,,,CHINA,,Ningbo,NHAVA SHEVA SEA (INNSA1),84828000,FLANGE LINEAR MOTION BEARING LMK50UU FLANGE LINEAR MOTION BEARING LMK50UU,,50.0,PCS,0.0,389.7383,G5HEYAG6NAZQ0,,
2025-08-26,印度,中国,SANGHVI AUTOMATION,LISHUI GREENLEAF AUTOMATIC TECHNOLOGY CO LTD,"GALA NO. F/106 TOP CLASS ENCLAVE, FIRST FLOOR BHOIDAPADA NAKA, SATIVALI ROAD, VASAI EAST","NO 297 LONGQING RD SHUIGE AREA LISH UI ZHEJIANG CHINA CHINA, , CHINA SDNF CHINA",,,,China (CN),,Shanghai,,84828000,LINEAR BEARING LMF 25 UU LINEAR BEARING LMF 25 UU,,300.0,NOS,0.0,389.73,,,
2025-04-10,印度,中国,DIVINE TRANSMISSION SYSTEMS,NINGBO LIMON ROBOTECH INTERNATIONAL TRADING CO LTD,D-12 LAJPAT NAGAR-III  N/A,,,,,CHINA,,Ningbo,ICD PATPARGANJ,84821090,LINEAR MOTION BEARINGS SC30LUU LINEAR MOTION BEARINGS KH3050PP,,36.0,NOS,0.0,389.6372,7W7IOBUIOS8Z4,,
2025-08-21,印度,中国,AMBICA IMPEX,ZHEJIANG SIQIANG BEARING MANUFACTURE CO LTD,N/A N/A,"NO.97,Xianxia Road.Nanming Mountain Street. Liandu Zone LISHUI, Zhejia ng, CHINA CHINA",,,,China (CN),,Shanghai,,84828000,LINEAR BEARING (LMH16UU) LINEAR BEARING (LMH16UU),,400.0,NOS,0.0,389.43,,,
2025-08-11,印度,中国,KHS INNOVATION & ENGINEERING LLP,ZHEJIANG SIQIANG BEARING MANUFACTUR,"4A, KARIM BUILDING, 1ST FLOOR,142/  144, ABDUL REHMAN STREET ","E CO.,LTD NO.97, XIANXIA ROAD, NAN MING MOUNTAIN STREET LIANDU ZONE, LISHUI CITY, ZHEJIANG CHINA",,,,China (CN),,Shanghai,,84828000,LINEAR MOTION BEARINGS LM60UU (BRAND - KHS LG) LINEAR MOTION BEARINGS,,66.0,PCS,0.0,388.74,,,
2025-05-23,印度,中国,RHD ENTERPRISE,CIXI HUIBO IMPORT AND EXPORT CO LTD,"D-10, HIRAMANEK BAPTISTA ROAD, VILE PARLE WEST,MUMBAI null",,,,,CHINA,,Ningbo,NHAVA SHEVA SEA (INNSA1),84821020,LINEAR BEARING OBP 11R 25 LINEAR BEARING OBP 11R 25,,107.0,NOS,0.0,388.6024,KLXTY7G6KR83E,,
2025-11-07,印度,中国,AGARWAL INDUSTRIES,CHANGZHOU FOLEVO PRECISION MACHINER,4 Ground Floor HARESH CHAMBER SAMUEL STREET VADGADI,"Y CO., LTD NO. 288, XIAXI WEST ROAD , JIAZE TOWN, WUJIN DISTRICT, CHANG ZHOU CITY, JIANGSU CHINA",,,,China (CN),,Qingdao,NHAVA SHEVA SEA (INNSA1),84821090,LINEAR BLOCK BALL BEARING HGH15 CA LINEAR BLOCK BALL BEARING,,250.0,PCS,0.0,388.55,,,
2025-11-07,印度,中国,AGARWAL INDUSTRIES,CHANGZHOU FOLEVO PRECISION MACHINER,4 Ground Floor HARESH CHAMBER SAMUEL STREET VADGADI,"Y CO., LTD NO. 288, XIAXI WEST ROAD , JIAZE TOWN, WUJIN DISTRICT, CHANG ZHOU CITY, JIANGSU CHINA",,,,China (CN),,Qingdao,NHAVA SHEVA SEA (INNSA1),84821090,LINEAR BLOCK BALL BEARING HGH20 CA LINEAR BLOCK BALL BEARING,,250.0,PCS,0.0,388.55,,,
2025-11-20,越南,中国,CÔNG TY CỔ PHẦN ĐẦU TƯ VÀ PHÁT TRIỂN HOÀNG MINH,GROOT SHANDONG SUPPLY CHAIN TECHNOLOGY CO LTD,"Van Diem Village, Phu Xuyen Commune, Hanoi City, Vietnam","5012, 3RD FLOOR, BUILDING, MENGSHAN FOURTH ROAD, YIHE NEW AREA, COMPREHENSIVE BONDED ZONE, LINYI CITY, SHANDONG PROVINCE,CHINA",,,,China,,,,84821000,"Con trượt bằng thép,  nhãn hiệu TBAI,  dùng cho lắp ráp máy, mô tơ, động cơ. Mã hàng  HGH25CA , kích thước 84*48*34.5mm. Hàng mới 100%. NSX: GROOT (SHANDONG) SUPPLY CHAIN TECHNOLOGY CO., LTD,Steel linear bearing, TBAI brand, used for assembling machines, motors, and engines. Item code HGH25CA, dimensions 84*48*34.5mm. 100% brand new. Manufacturer: GROOT (SHANDONG) SUPPLY CHAIN TECHNOLOGY CO., LTD",,300.0,Pieces,0.0,388.2,,,
2025-06-19,印度,中国,RELIANCE TOOLS AND BEARING STORES,ZHEJIANG SIQIANG BEARING MANUFACTURE CO LTD,"GRD FLR, 163, MUTTON  STREET, ",,,,,CHINA,,Ningbo,NHAVA SHEVA SEA (INNSA1),84828000,LINEAR MOTION BEARINGS LM16LUU LINEAR MOTION BEARINGS LM16LUU,,400.0,PCS,0.0,388.0152,G5HEYAG6NAZQ0,,
2025-07-18,印度,中国,CIU BEARING CO,TIANJIN TEXTILE GROUP IMPORT AND EXPORT INC,"502, SATGURU SUPREME, WALJI LADHA ROAD, MULUND WEST,",,,,,CHINA,,Qingdao,NHAVA SHEVA SEA (INNSA1),84828000,LINEAR MOTION BEARINGS  SME35LUU LINEAR MOTION BEARINGS  SME35LUU,,50.0,PCS,0.0,387.9824,VQGV26NTLDG16,,
2025-12-13,秘鲁,中国,IMPORTADORA Y DISTRIBUIDORA DE RETENES R,KAIYUAN SHIPPING CO LTD,AV. RAMON CARCAMO NRO. 506,,,,,"CHINA, PEOPLE'S REPUBLIC OF",,NINGBO LISHE INTERNATIONAL APT,,8482100000,"RODAMIENTO LINEAL, KMK, ROD-3421 REPUESTO PARA MAQUINAS QUE REQUIEREN ALTA PRECISION DE POSICIONAMIENTO, REPETIBILIDAD Y RI RODAMIENTOS INDUSTRIALES DE ACERO DONDE RECIRCULAN UNAS PEQUENAS BOLAS DE ACERO QUE PERMIT LINEAR BEARING DE ACERO",,200.0,UNITS,24.77,387.94,,,
2025-12-13,秘鲁,中国,IMPORTADORA Y DISTRIBUIDORA DE RETENES R,KAIYUAN SHIPPING CO LTD,AV. RAMON CARCAMO NRO. 506,,,,,"CHINA, PEOPLE'S REPUBLIC OF",,NINGBO LISHE INTERNATIONAL APT,,8482100000,"RODAMIENTO LINEAL, KMK, ROD-3410 REPUESTO PARA MAQUINAS QUE REQUIEREN ALTA PRECISION DE POSICIONAMIENTO, REPETIBILIDAD Y RI RODAMIENTOS INDUSTRIALES DE ACERO DONDE RECIRCULAN UNAS PEQUENAS BOLAS DE ACERO QUE PERMIT LINEAR BEARING DE ACERO",,200.0,UNITS,24.77,387.94,,,
2025-11-19,印度,中国,AMAFHH SONS,ZHEJIANG SIQIANG BEARING MANUFACTURE CO LTD,"2ND FLOOR, 71 NAGDEVI CROSS LANE,,  N/A","NO.97,XIANXIA ROAD,NANMING MOUNTAIN STREET, LIANDU ZONE,LISHUI CITY LI SHUI CITY, Zhejiang, CHINA CHINA",,,,China (CN),,Ningbo,NHAVA SHEVA SEA (INNSA1),84828000,LINEAR MOTION BEARINGS LMK50LUU LINEAR MOTION BEARINGS LMK50LUU,,30.0,NOS,0.0,387.6,,,
2025-02-25,印度,中国,INDO MIM LIMITED,DONGGUAN YHD SUPPLY CHAIN MANAGEMENT CO LTD,"213/(539/A), STREET.NO.7, LANE.NO.2 HIMAYAT NAGAR, ",,,,,CHINA,,Shanghai,BANGALORE ACC (INBLR4),84828000,"LINEAR BEARING WITH FLANGE,LMF22-D8,39NOS(JIGS & FIXTURE PARTS)LINEAR BEARING WITH FLANGE,LMF22-D8,39NOS(JIGS & FIXTURE PAR",,39.0,NOS,0.0,387.4992,3LV6AJYZI0KQJ,,
2025-09-23,印度,中国,NXV BEARINGS PRIVATE LIMITED,NINGBO HUAYI IMP & EXP CO LTD,77 G B ROAD 2ND FLOOR,"ROOM 12-7/8, HUAHONG INTERNATIONAL CENTER, NO717 ZHONGXING ROAD, JIANG DONG DISTRICT, NINGBO, CHINA CHINA",,,,China (CN),,Qingdao,,84828000,"SC25UUOP,  LINEAR BEARING,  U/WT.-  0.397  (FOR INDUSTRIAL USE)BEARING",,200.0,NOS,0.0,387.19,,,
2025-02-14,印度,中国,RELIANCE TOOLS AND BEARING STORES,ZHEJIANG SIQIANG BEARING MANUFACTURE CO LTD,"GRD FLR, 163, MUTTON  STREET, ",,,,,CHINA,,Ningbo,NHAVA SHEVA SEA (INNSA1),84828000,FLANGE LINEAR MOTION BEARING LMF40UU FLANGE LINEAR MOTION BEARING LMF40UU,,100.0,PCS,0.0,386.4854,LEHHKMP5GYLNX,,
2025-02-14,印度,中国,RELIANCE TOOLS AND BEARING STORES,ZHEJIANG SIQIANG BEARING MANUFACTURE CO LTD,"GRD FLR, 163, MUTTON  STREET, ",,,,,CHINA,,Ningbo,NHAVA SHEVA SEA (INNSA1),84828000,FLANGE LINEAR MOTION BEARING LMK40UU FLANGE LINEAR MOTION BEARING LMK40UU,,100.0,PCS,0.0,386.4854,LEHHKMP5GYLNX,,
2025-04-25,印度,中国,BHAVI IMPEX,AMLAND GLOBE HK ENTERPRISE LTD,"108,SHUBH SANDESH, 16,  HANSRAJ LANE, BYCULLA, ",,,,,CHINA,,Ningbo,NHAVA SHEVA SEA (INNSA1),84828000,"LINEAR BEARING BRAND:9KBC, ITEM NO.LMF16UU LINEAR BEARING",,500.0,NOS,0.0,386.1989,LFU4IYNTHODV1,,
2025-05-03,印度,中国,KAMAL SHAFT PRIVATE LIMITED,QINGDAO YI XIN YAN INTERNATIONAL TR,"SHED NO 14 SAPTARUSHI IND EST,GVMM  IN GIRNAR SCOOTR RING RD ODHAV ",,,,,CHINA,,Qingdao,NHAVA SHEVA SEA (INNSA1),84828000,LINEAR BEARING LM 20 (NET WT. 870.0KGS) LINEAR BEARING,,1000.0,PCS,0.0,386.0289,EN4QK1BUMUI3C,,
2025-03-12,菲律宾,中国台湾,FIRST AND FINEST TECHNOLOGY CORPORATION,EVER ROLL MACHINERY CO LTD,"BLK 5 LOT 7 WOODSIDE VILLAGE CANLALAY, CITY OF BINAN, LAGUNA",,,,,TAIWAN,,,,84829900000,EVER ROLL PACKAGING MACHINE PARTS: LINEAR BEARING CONNECTOR	LMA25LUU,,0.0,,2.65,385.8,9072888101,,
2025-08-20,印度,中国,FLURO ENGINEERING PRIVATE LIMITED,HIWIN TECHNOLOGIES CORP,"A/3, DEVASHISH, NITYANAND COLONY  AMRUT NAGAR,GHATKOPAR WEST, ","No. 7, Jingke Road, Precision Machi nery Park, Taichung 40852, Taiwan SDNF Taiwan, Province of China",,,,"Taiwan,China (TW)",,TAIPEI,,84821011,HIWIN LINEAR BEARING BK 17 C5(B250125-03) (F01253)(ADA10152FEPL/Stock-31/3107/2025/ENP)HIWIN LINEAR BEARING BK 17 C5(B250125-03) (F01253)(ADA10152,,6.0,NOS,0.0,385.6,,,
2025-02-18,印度,中国,MAHAVIR SALES CORPORATION,YIWU ZHITONG E COMMERCE FIRM,"128,NARAYAN DHURU STREET,MICRO  HOUSE,4TH FL ",,,,,CHINA,,Ningbo,NHAVA SHEVA SEA (INNSA1),84828000,LINEAR MOTION BEARINGS LMF 30 UU LINEAR MOTION BEARINGS LMF 30 UU,,300.0,PCS,0.0,384.8696,S6ZUX3V42JKLS,,
2025-11-08,印度,中国,RHD ENTERPRISE,CIXI HUIBO IMPORT AND EXPORT CO LTD,"D-10, HIRAMANEK BAPTISTA ROAD, VILE PARLE WEST,MUMBAI null","ROOM 305 BUILDING NO.1 FENGZEWAN,ZH OUXIANG TOWN,CIXI CITY,ZHEJIANG,CHI NA CHINA",,,,China (CN),,Qingdao,NHAVA SHEVA SEA (INNSA1),84828000,LINEAR BEARING SFNUR1610-4 LINEAR BEARING SFNUR1610-4,,50.0,PCS,0.0,384.65,,,
2025-01-23,印度,中国,RAGHAV BEARING ENTERPRISES,CHANGZHOU FOLEVO PRECISION MACHINERY CO LTD,"Shop No 63, First Floor, GB Road Contact No: 918743097367",,,,,CHINA,,Shanghai,TUGHLAKABAD,84828000,LINEAR BEARING (MODEL - SC25 UU) .,,200.0,PCS,0.0,384.2373,BVP4O2JJY2V87,,
2025-08-04,巴基斯坦,中国,CRESCENT BAHUMAN LIMITED,BULLMER MECHANICAL AND ELECTRICAL TECH CO LTD,"45-A, off Zafar Ali Raod, Gulberg-V, Lahore Gulberg Town","No.181,Qiyihe Road,",,,,China,,Metropolitan Ar,LPFI,84821000,SPARE PARTS FOR BULLMER CUTTER XL 7501 MACHINE FOR TEXTILE INDUSTRY  ( DETAIL AS PER INVOICE ) LINEAR MOTION BALL BEARING  QTY  6 - SET COUNTRY OF ORIGIN  CHINA  EXPORT FACILITATION  AUTH NO. EFSSEXP071013817,,6.0,u,18480.0,384.0697,4560168174,,
2025-08-11,印度,中国,KHS INNOVATION & ENGINEERING LLP,ZHEJIANG SIQIANG BEARING MANUFACTUR,"4A, KARIM BUILDING, 1ST FLOOR,142/  144, ABDUL REHMAN STREET ","E CO.,LTD NO.97, XIANXIA ROAD, NAN MING MOUNTAIN STREET LIANDU ZONE, LISHUI CITY, ZHEJIANG CHINA",,,,China (CN),,Shanghai,,84828000,LINEAR MOTION BEARINGS LMF25UU (BRAND - KHS LG) LINEAR MOTION BEARINGS,,300.0,PCS,0.0,384.0,,,
2025-02-19,越南,中国香港,CÔNG TY TNHH THIẾT BỊ CƠ ĐIỆN MINH THÀNH,HK TOMUU ACTUATOR TECHNOLOGY CO LIMITED,"Trang Due Village (At Ngan Vu Limited Liability Company), Le Loi Commune, An Duong District, Hai Phong, Vietnam","ROOM 1318-19, HOLLYWOOD PLAZA, 610 NATHAN ROAD, MONGKOK, KOWLOON, HONGKONG, HK",,,,China,,,,84821000,"TM14#& Ổ bi dùng cho hộp số động cơ của bộ truyền động tuyến tính, mới 100%,TM14#& Ball bearing for motor gearbox of linear actuator, 100% new",,3840.0,Pieces,0.0,384.0,,,
2025-03-06,越南,中国香港,DOANH NGHIỆP CHẾ XUẤT NITORI VIỆT NAM CHI NHÁNH BÀ RỊA VŨNG TÀU,ITSUWA HONG KONG LIMITED,"Road N2, Lot G - Phu My 3 Industrial Park, Phuoc Hoa Ward, Phu My Town, Ba Ria - Vung Tau Province, Vietnam.","ROOM 1005, 10/F, PENINSULA SQUARE, 18 SUNG ON STREET, HUNGHOM, KOWLOON, HONGKONG, HK",,,,Romania,,,,84828000,"Bạc đạn trượt LINEAR BEARING G.25 1622.224.20, dùng cho máy móc trong nhà xưởng, kthuoc: 93*47*30mm, hàng mới 100%,LINEAR BEARING G.25 1622.224.20 slide bearing, used for factory machinery, size: 93*47*30mm, 100% new",,2.0,Pieces,0.0,384.0,,,
2025-09-05,印度,中国,EXIDE INDUSTRIES LIMITED,TAI CHANG TRADING CO LTD,EXIDE HOUSE  59E CHOWRINGHEE ROAD ,TAIWAN. SDNF SDNF TAIWAN,,,,"Taiwan,China (TW)",,Taiyuan,,84828000,LINEAR BEARING TYPE: BRS20B-S.  (BATTERY MANUFACTURING MACHINERY USE ONLY)(05 PCS.)210222647002LINEAR BEARING TYPE: BRS20B-S.  (BATTERY MANUFACTURING MACHI,,5.0,NOS,0.0,383.96,,,
2025-04-25,印度,中国,BHAVI IMPEX,AMLAND GLOBE HK ENTERPRISE LTD,"108,SHUBH SANDESH, 16,  HANSRAJ LANE, BYCULLA, ",,,,,CHINA,,Ningbo,NHAVA SHEVA SEA (INNSA1),84828000,"LINEAR BEARING BRAND:HL, ITEM NO.LM16LUU LINEAR BEARING",,100.0,NOS,0.0,383.6748,LFU4IYNTHODV1,,
2025-09-03,越南,中国,CÔNG TY TNHH THIẾT BỊ VẬT TƯ CÔNG NGHIỆP HNH VIỆT NAM,XRT BEARING CO LIMITED,"Lk18-13 Van Khe New Urban Area, Ha Dong Ward, Hanoi City, Vietnam.","1305#MINGQUAN CENTER,68#DIKOU ROAD, TIANQIAO DISTRICT, JINAN250031, SHANDONG PROVINCE, CHINA, ZZ",,,,China,,,,84821000,"Khối trượt tuyến tính (vòng bi) model SKD 6-100, dùng cho ray dẫn hướng tuyến tính, kích thước 20mm, hiệu SCHNEEBERGER. Hàng mới 100%,Sliding block linear (bearings) model SKD 6-100, for guide rails, linear, size 20mm, brand SCHNEEBERGER. 100% brand new",,2.0,Pieces,0.0,383.6,,,
2025-09-15,印度,中国,RHD ENTERPRISE,CIXI HUIBO IMPORT AND EXPORT CO LTD,"D-10, HIRAMANEK BAPTISTA ROAD, VILE PARLE WEST,MUMBAI null","ROOM 305 BUILDING NO.1 FENGZEWAN,ZH OUXIANG TOWN,CIXI SDNF CHINA",,,,China (CN),,Ningbo,,84821090,LINEAR BLOCK BEARING HGH 65 HA LINEAR BLOCK BEARING HGH 65 HA,,6.0,PCS,0.0,382.67,,,
2025-06-25,印度,中国,CIU BEARING CO,TIANJIN TEXTILE GROUP IMPORT AND EXPORT INC,"502, SATGURU SUPREME, WALJI LADHA ROAD, MULUND WEST,",,,,,CHINA,,Qingdao,NHAVA SHEVA SEA (INNSA1),84828000,LINEAR MOTION BEARINGS LMF40UU LINEAR MOTION BEARINGS LMF40UU,,150.0,PCS,0.0,382.5265,Z3PYS67V59CLR,,
2025-09-19,印度,中国,INDO MIM LIMITED,SUZHOU BYT ELECTRONICS TECHNOLOGY LIMITED,"213/(539/A), STREET.NO.7, LANE.NO.2 HIMAYAT NAGAR, ","ROOM 91,BUILDING1,HAISHANG BUSINESS PLAZA,888XINWU STREET,ZHANGPU TOWN, SDNF CHINA",,,,China (CN),,Shanghai,,84828000,"LINEAR BEARING,IMLB00001,55PCS(JIGS & FIXTURES PARTS) LINEAR BEARING,IMLB00001,55PCS(JIGS & FIXTURES PARTS)",,55.0,NOS,0.0,382.06,,,
2025-05-30,印度,中国,AMAFHH SONS,ZHEJIANG SIQIANG BEARING MANUFACTURE CO LTD,"2ND FLOOR, 71 NAGDEVI CROSS LANE,,  N/A",,,,,CHINA,,Ningbo,NHAVA SHEVA SEA (INNSA1),84828000,LINEAR MOTION BEARINGS SCS12UU LINEAR MOTION BEARINGS SCS12UU,,500.0,PCS,0.0,381.7999,0LAHS2H9JC2RX,,
2025-01-06,印度,中国,RHD ENTERPRISE,CIXI HUIBO IMPORT AND EXPORT CO LTD,"D-10, HIRAMANEK BAPTISTA ROAD, VILE PARLE WEST,MUMBAI null",,,,,CHINA,,Ningbo,NHAVA SHEVA SEA (INNSA1),84821090,LINEAR BLOCK BEARINGS R166 ZZ LINEAR BLOCK BEARINGS R166 ZZ,,3000.0,NOS,0.0,381.642,4G4UEM035NOY6,,
2025-05-07,印度,中国,KHS INNOVATION & ENGINEERING LLP,ZHEJIANG SIQIANG BEARING MANUFACTUR,"4A, KARIM BUILDING, 1ST FLOOR,142/  144, ABDUL REHMAN STREET ",,,,,CHINA,,Shanghai,NHAVA SHEVA SEA (INNSA1),84828000,LINEAR MOTION BEARINGS LMK50UU (BRAND - KHS LG) LINEAR MOTION BEARINGS,,50.0,PCS,0.0,381.5581,Q8MNXZXFQ41NW,,
2025-07-22,越南,中国,CÔNG TY TNHH MISUMI VIỆT NAM,MISUMI CHINA PRECISION MACHINERY TRADING CO LTD,"Lot No. 15, Road Ts11, Tien Son Industrial Park, Dai Dong Commune, Bac Ninh Province, Vietnam","NO.1058 DILING RD, FENGXIAN DIST, SHANGHAI, CHINA, ZZ",,,,China,,,,84828000,"Thanh trượt tuyến tính có ổ bi (bằng thép, dài 28.98mm), hàng mới 100%, nhãn hiệu: MISUMI, code: C-MLGB9,Linear slide with ball bearing (steel, length 28.98mm), 100% new, brand: MISUMI, code: C-MLGB9",,150.0,Pieces,0.0,381.2565,,,
2025-08-21,印度,中国,AMBICA IMPEX,ZHEJIANG SIQIANG BEARING MANUFACTURE CO LTD,N/A N/A,"NO.97,Xianxia Road.Nanming Mountain Street. Liandu Zone LISHUI, Zhejia ng, CHINA CHINA",,,,China (CN),,Shanghai,,84828000,LINEAR BEARING (LMK16UU) LINEAR BEARING (LMK16UU),,400.0,NOS,0.0,380.97,,,
2025-01-22,印度,中国,AXIS TECHNOLOGIES,YIBOYUAN LINQING CITY PRECISION MACHINERY CO L,"207, ARIHANT TOWER, 2ND FLOOR,83 V. V .CHANDAN STREET, MUMBAI, ",,,,,CHINA,,Qingdao,NHAVA SHEVA SEA (INNSA1),84828000,LINEAR MOTION BEARINGS SC25LUUOP LINEAR MOTION BEARINGS SC25LUUOP,,100.0,PCS,0.0,380.9054,C0W3RR1INJTTB,,
2025-06-30,印度,中国,MAHAVIR SALES CORPORATION,YIWU ZHITONG E COMMERCE FIRM,"128,NARAYAN DHURU STREET,MICRO  HOUSE,4TH FL ",,,,,CHINA,,Ningbo,NHAVA SHEVA SEA (INNSA1),84828000,LINEAR MOTION BEARINGS SC 30 - ONLY BLOCK LINEAR MOTION BEARINGS SC 30 - ONLY BLOCK,,200.0,PCS,0.0,380.783,T7FO7SFY9XVX3,,
2025-04-15,印度,中国,KHS INNOVATION & ENGINEERING LLP,ZHEJIANG SIQIANG BEARING MANUFACTUR,"4A, KARIM BUILDING, 1ST FLOOR,142/  144, ABDUL REHMAN STREET ",,,,,CHINA,,Shanghai,NHAVA SHEVA SEA (INNSA1),84828000,LINEAR MOTION BEARINGS LM20UU (BRAND - NIPPON) LINEAR MOTION BEARINGS,,900.0,PCS,0.0,380.7811,GZ6HW5WC9YCWX,,
2025-06-13,印度,中国,NEEDLES BEARINGS INDIA,YIBO YUAN LINQING CITY PRECISION,"NO.595, I FLOOR, M.T.H. ROAD,  MANNURPET, AMBATTUR ESTATE, ",,,,,CHINA,,Qingdao,Chennai  ,84821090,LINEAR BEARING - GLM30UU HC LINEAR BEARING -,,100.0,NOS,0.0,380.4938,SR5NQAE7ENWX0,,
2025-04-03,越南,中国台湾,CÔNG TY TNHH JADE M - TECH,CHUN LOUNG CO LTD,"Land plot number TT3-09, Land Stuck Area, Lien Mac Ward, Bac Tu Liem District, Hanoi City, Vietnam","NO.1, LANE 333,MINYI ST, FUAN VILLAGE SIOUSHUEI  TOWNSHIP, CHANGHUA COUNTY 50444, TAIWAN, TW",,,,China,,,,84821000,"Con trượt HGW35HC bộ phận của thanh tuyến tính dẫn hướng, bằng thép,có ổ bi,không hiệ,,phụ tùng máy gia công kim loại..NSX:Wuxi J-Well precision Machinery Co, ltd , mới 100%,HGW35HC linear guide rail parts, steel, with ball bearing, no brand, metalworking machine spare parts..Manufacturer: Wuxi J-Well precision Machinery Co, ltd, 100% new",,20.0,Pieces,0.0,380.0,,,
2025-05-14,乌兹别克斯坦,中国,ООО ARTEL ELECTRONICS MANUFACTURING,GUANGDONG ZHENFULONG MACHINERY EQUIPMENT CO LTD,,,,,,China,,,,8482800009,"1. Линейный шарико-ролековый подшипник открытого типа, в сборе с алюминиевым корпусом Модель - HGH30HAH, внутренний диаметр:40 мм, расстояние между центрами крепёжных отверстий B2- 65 мм, размеры корпуса: 90х72 мм   - кол. 10 шт, вес: 2,75 кг
2. часть ме",,10.0,шт,2.75,380.0,,,
2025-03-02,印度,中国,KNOWELL INTERNATIONAL PRIVATE LIMITED,RHB PRECISION MACHINERY CO LTD,"20, NETAJI SUBHAS ROAD,  N/A",,,,,CHINA,,Shanghai,Kolkata,84828000,LINEAR MOTION GLIDING BEARINGS NO - LB50UU (BRAND - KHK) LINEAR MOTION GLIDING BEARINGS NO - LB50UU (BRAND - KHK),,50.0,PCS,0.0,379.7837,JRTAQCEL963R7,,
2025-08-25,越南,中国,CÔNG TY TNHH GOERTEK ĐIỆN TỬ VIỆT NAM,NANNING GOERTEK TRADING CO LTD,"Lot A1, Nam Son - Hap Linh Industrial Park, Nam Son Ward, Hap Linh Va Ward, Tan Chi Commune, Bac Ninh Province, Vietnam","F16-17, R&D BLD, HEADQUARTER BASE, OF NANNING-ASEAN AGRICULTURAL, SCIENCE & TECHNOLOGY DLT ENTERPRISE, NO.10 GAOXIN,3RD ROAD, NANNING CITY, ",,,,China,,,,84828000,"7010200310484#&Thanh trượt tuyến tính có ổ bi, dùng trong chuyền sản xuất, kích thước: 40mm*20mm*10mm, chất liệu: Thép không gỉ, mới 100%, 7010200310484,7010200310484#&amp;linear sliders are ball bearings used in production line, size: 40mm*20mm*10mm, material: stainless Steel, 100% new, 7010200310484",,30.0,Pieces,0.0,379.74,,,
2025-02-28,越南,中国,CÔNG TY TNHH MISUMI VIỆT NAM,MISUMI CHINA PRECISION MACHINERY TRADING CO LTD,"Lot No. 15, Road Ts11, Tien Son Industrial Park, Hoan Son Commune. Tien Du District, Bac Ninh","NO.1058 DILING RD, FENGXIAN DIST, SHANGHAI, CHINA, CN",,,,China,,,,84828000,"Thanh trượt tuyến tính có ổ bi (bằng thép, dài 2060mm), hàng mới 100%, nhãn hiệu: MISUMI, code: C-HLGWHA35-2060-B2-EB70-ES70-ZA,Linear slide with ball bearing (steel, length 2060mm), 100% new, brand: MISUMI, code: C-HLGWHA35-2060-B2-EB70-ES70-ZA",,6.0,Pieces,0.0,379.3777,,,
2025-04-11,印度,中国,BEARING INDIA,XI'AN WEINUO MACHINERY AND EQUIPMENT CO LTD,"2418, SECOND FLOOR, GEETA MANSION, G.B. ROAD",,,,,CHINA,,Qingdao,ICD PATPARGANJ,84828000,LINEAR MOTION BEARINGS: Nylon25-4-80 LINEAR MOTION BEARINGS: Nylon25-4-80,,200.0,NOS,0.0,379.3644,SY97QUTSBZ3ZI,,
2025-02-15,印度,中国,KHS INNOVATION & ENGINEERING LLP,XI'AN SILVERSTONE MACHINERY INDUSTRY CO LTD,"4A, KARIM BUILDING, 1ST FLOOR,142/  144, ABDUL REHMAN STREET ",,,,,CHINA,,Shanghai,NHAVA SHEVA SEA (INNSA1),84821090,LINEAR BALL BEARINGS-LM80UUOP -KHS-LG LINEAR BALL BEARINGS-LM80UUOP -KHS-LG,,12.0,NOS,0.0,379.2673,O2WB7PR20FTJ2,,
2025-12-13,秘鲁,中国,IMPORTADORA Y DISTRIBUIDORA DE RETENES R,KAIYUAN SHIPPING CO LTD,AV. RAMON CARCAMO NRO. 506,,,,,"CHINA, PEOPLE'S REPUBLIC OF",,NINGBO LISHE INTERNATIONAL APT,,8482100000,"RODAMIENTO LINEAL, KMK, ROD-3440 REPUESTO PARA MAQUINAS QUE REQUIEREN ALTA PRECISION DE POSICIONAMIENTO, REPETIBILIDAD Y RI RODAMIENTOS INDUSTRIALES DE ACERO DONDE RECIRCULAN UNAS PEQUENAS BOLAS DE ACERO QUE PERMIT LINEAR BEARING DE ACERO",,100.0,UNITS,24.18,378.81,,,
2025-09-18,印度,中国,SHAKTI BEARING,NINGBO HUAYI IMPORT AND EXPORT CO LTD,21/2 REVA BHAI INDUSTRIAL ESTATE NEAR ISHWAR KRUPA WAY BRIDGE CTM AMRAIWADI,"ROOM 12-7/8HUAHONG INTERNATIONAL CENTRE, NO. 717, ZHONGXING ROAD, JIANGDONG DISTRICT,NINGBO CHINA CN",,,,China (CN),,Qingdao,,84828000,LINEAR MOTION BEARING : SC35UU LINEAR MOTION BEARING,,100.0,NOS,0.0,378.69,,,
2025-09-22,越南,中国,CÔNG TY TNHH MISUMI VIỆT NAM - CHI NHÁNH THÀNH PHỐ HỒ CHÍ MINH,MISUMI CHINA PRECISION MACHINERY TRADING CO LTD,"Room 901, 9th Floor, Sacom-Chip Sang Building, Lot T2-4, D1 Street, High-Tech Park, Tang Nhon Phu Ward, Ho Chi Minh City","NO.1058 DILING RD, FENGXIAN DIST, SHANGHAI, CN",,,,China,,,,84828000,"Thanh trượt tuyến tính có ổ bi, nhãn hiệu MISUMI, mới 100%, code: C-ELGSA25-1080-B2,Linear sliders have ball bearings, brands MISUMI, 100% new code: C-ELGSA25-1080-B2",,16.0,Pieces,0.0,378.6603,,,
2025-11-20,越南,中国,CÔNG TY CỔ PHẦN ĐẦU TƯ VÀ PHÁT TRIỂN HOÀNG MINH,GROOT SHANDONG SUPPLY CHAIN TECHNOLOGY CO LTD,"Van Diem Village, Phu Xuyen Commune, Hanoi City, Vietnam","5012, 3RD FLOOR, BUILDING, MENGSHAN FOURTH ROAD, YIHE NEW AREA, COMPREHENSIVE BONDED ZONE, LINYI CITY, SHANDONG PROVINCE,CHINA",,,,China,,,,84821000,"Con trượt bằng thép,  nhãn hiệu TBAI,  dùng cho lắp ráp máy, mô tơ, động cơ. Mã hàng  SBR16UU(plant) , kích thước 45*45*33mm. Hàng mới 100%. NSX: GROOT (SHANDONG) SUPPLY CHAIN TECHNOLOGY CO., LTD,Steel linear bearing, TBAI brand, used for assembling machines, motors, and engines. Item code SBR16UU(plant), dimensions 45*45*33mm. 100% brand new. Manufacturer: GROOT (SHANDONG) SUPPLY CHAIN TECHNOLOGY CO., LTD",,600.0,Pieces,0.0,378.6,,,
2025-04-15,印度,中国,KHS INNOVATION & ENGINEERING LLP,ZHEJIANG SIQIANG BEARING MANUFACTUR,"4A, KARIM BUILDING, 1ST FLOOR,142/  144, ABDUL REHMAN STREET ",,,,,CHINA,,Shanghai,NHAVA SHEVA SEA (INNSA1),84828000,LINEAR MOTION BEARINGS LMF12UU (BRAND - KHS LG) LINEAR MOTION BEARINGS,,550.0,PCS,0.0,378.4908,GZ6HW5WC9YCWX,,
2025-03-10,越南,中国台湾,CÔNG TY TNHH MISUMI VIỆT NAM - CHI NHÁNH THÀNH PHỐ HỒ CHÍ MINH,MISUMI TAIWAN CORP,"Room 901, 9th Floor, Sacom-Chip Sang Building, Lot T2-4, Street D1, High-Tech Park, Tan Phu Ward, Thu Duc City, Ho Chi Minh City","9F-1, NO.126, SEC.4, NANJING E.RD., TAIPEI,10595, TAIWAN., TW",,,,Taiwan,,,,84828000,"Thanh trượt tuyến tính có ổ bi, nhãn hiệu MISUMI, mới 100%, code: C-SVR24-460,Linear slide with ball bearing, MISUMI brand, 100% new, code: C-SVR24-460",,12.0,Pieces,0.0,378.4284,,,
2025-07-09,印度,中国,KHS INNOVATION & ENGINEERING LLP,ZHEJIANG SIQIANG BEARING MANUFACTUR,"4A, KARIM BUILDING, 1ST FLOOR,142/  144, ABDUL REHMAN STREET ",,,,,CHINA,,Shanghai,NHAVA SHEVA SEA (INNSA1),84828000,LINEAR MOTION BEARINGS LMH6UU KHS-LG LINEAR BEARINGS,,700.0,PCS,0.0,378.3933,ZZJGP1M2HQBY3,,
2025-10-06,加纳,中国,SIJUN TISSUES MANUFACTURING COMPANY LIMITED,NANTONG XIAKE PLASTIC PACKAGING CO LTD,,,,,,China,,,,8482500000,"LINEAR SLIDER BEARING HGH30CA, UCF205",,0.0,,280.0,378.1283,264374347,,
2025-05-23,印度,中国,ATLANTIC INDUSTRIAL,ZHEJIANG JINGJIU BEARINGS INDUSTRIAL CO LTD,"Unit A, 2nd floor, No 103, 4th Cross Kalasipalyam New Extension",,,,,CHINA,,Ningbo,BANGALORE,84828000,LINEAR BLOCK BEARING HGH30CA,,100.0,PCS,0.0,377.9666,XX2K42NR3CRRP,,
2025-02-16,印度,中国,KHS INNOVATION & ENGINEERING LLP,ZHEJIANG SIQIANG BEARING MANUFACTURE CO LTDA,"4A, KARIM BUILDING, 1ST FLOOR,142/  144, ABDUL REHMAN STREET ",,,,,CHINA,,Shanghai,NHAVA SHEVA SEA (INNSA1),84828000,LINEAR BEARING-LM 40UU NIPPON LINEAR BEARING-LM 40UU NIPPON,,200.0,NOS,0.0,377.9121,U5NWSLS36YLHN,,
2025-11-05,印度,中国,AXIS TECHNOLOGIES,YIBOYUAN LINQING CITY PRECISION MACHINERY CO L,"207, ARIHANT TOWER, 2ND FLOOR,83 V. V .CHANDAN STREET, MUMBAI, ","TD INDUSTRIAL PARK, BACHALU TOWN LI NQING CITY, LIAOCHENG CITY, SHANDON G PROVINCE LIAOCHENG, Shandong, CHI CHINA",,,,China (CN),,Qingdao,NHAVA SHEVA SEA (INNSA1),84828000,LINEAR MOTION BEARINGS LMK30UU LINEAR MOTION BEARINGS LMK30UU,,300.0,NOS,0.0,377.24,,,
2025-09-26,印度,中国,V M CORPORATION,CHANGZHOU FOLEVO PRECISION MACHINERY CO LTD,"403 SHANKAR BHUVAN CHSL DAFTARY,R  D KHANDWALA LANE MALAD EAST ","No. 288, Xiaxi West Road Jiaze Town Wujin District, Changzhou, , CHINA SDNF CHINA",,,,China (CN),,Shanghai,,84828000,Linear Bearing (MODEL NO SC25UU) Linear Bearing (MODEL NO SC25UU),,200.0,NOS,0.0,377.22,,,
2025-12-08,印度,中国,BHAVI IMPEX,AMLAND GLOBE HK ENTERPRISE LTD,"108,SHUBH SANDESH, 16,  HANSRAJ LANE, BYCULLA, ","ROOM 811,BAILI BUSINESS CENTER,87-1 05, CHATHAM ROAD SOUTH,TSIM SHA TSU I,KOWLOON HONG KONG",,,,China (CN),,Ningbo,NHAVA SHEVA SEA (INNSA1),84828000,"LINEAR BEARING BRAND-HL,ITEM NO.LMSK10GAUU LINEAR BEARING",,20.0,NOS,0.0,377.0,,,
2025-10-09,越南,中国,CÔNG TY TNHH JADE M - TECH,WUXI J WELL IMPORT AND EXPORT TRADING CO LTD,"Land Lot No. Tt3-09, Land Jam, Thuong Cat Ward, Hanoi City, Vietnam","YANGSHI CHUXIN INDUSTRIAL PARK, LUOSHE TOWN, HUISHAN DISTRICT, WUXI CITY, CN",,,,China,,,,84821000,"Con trượt HGW30CC bộ phận của thanh tuyến tính dẫn hướng, bằng thép,không hiệu,có ổ bi, phụ tùng máy gia công kim loại. NSX: Wuxi J-Well, mới 100%,Slider HGW30CC parts of the linear guide, stainless steel,non-performance,there are ball bearings, machine parts metal machining. MANUFACTURER: Wuxi J-Well, 100% new",,50.0,Pieces,0.0,377.0,,,
2025-04-03,越南,中国台湾,CÔNG TY TNHH JADE M - TECH,CHUN LOUNG CO LTD,"Land plot number TT3-09, Land Stuck Area, Lien Mac Ward, Bac Tu Liem District, Hanoi City, Vietnam","NO.1, LANE 333,MINYI ST, FUAN VILLAGE SIOUSHUEI  TOWNSHIP, CHANGHUA COUNTY 50444, TAIWAN, TW",,,,Taiwan,,,,84821000,"Con trượt ARC55MN S V1N, bộ phận của thanh tuyến tính dẫn hướng, bằng thép,có ổ bi,phụ tùng máy gia công kim loại.Nhãn hiệu:CPC,NSX: Chieftek Precision Co. Ltd. mới 100%,ARC55MN S V1N linear guide rail, steel, with ball bearing, metalworking machine spare part. Brand: CPC, Manufacturer: Chieftek Precision Co. Ltd. 100% new",,6.0,Pieces,0.0,376.8,,,
2025-09-22,印度,中国,CIU BEARING CO,TIANJIN TEXTILE GROUP IMPORT AND EXPORT INC,"502, SATGURU SUPREME, WALJI LADHA ROAD, MULUND WEST,","3YUNNAN ROAD, TIANJIN, CHINA Tianji n, , CHINA SDNF CHINA",,,,China (CN),,Qingdao,,84828000,LINEAR MOTION BEARINGS LMF40UU LINEAR MOTION BEARINGS LMF40UU,,150.0,NOS,0.0,376.65,,,
2025-12-08,印度,中国,RAGHAV BEARING ENTERPRISES,CHANGZHOU FOLEVO PRECISION,"Shop No 63, First Floor, GB Road Contact No: 918743097367","MACHINERY CO., LTD NO. 288, XIAXI WEST ROAD, JIAZE TOWN, WUJIN CHANGZHOU CITY, JIANGSU CHINA, CHINA",,,,China (CN),,Ningbo,ICD PATPARGANJ,84828000,LINEAR BEARING SC20 LUU LINEAR BEARING SC20 LUU,,200.0,PCS,0.0,376.28,,,
2025-08-28,印度,中国,SHREE BALAJI ENTERPRISES,SHANDONG HIKING INTERNATIONAL COMMERCE GROUP CO LT,"NO 330 THAMBU CHETTY STREET,MANNAD  Y ","19/F, XINKAIDA MANSION, NO.33 LONGCHENG ROAD, SHIBEI DISTRICT,QINGDAO, CHINA CN",,,,China (CN),,Qingdao,,84821090,LINEAR MOTION BEARINGS HGW15CC BEARINGS,,200.0,PCS,0.0,376.0,,,
2025-12-03,印度,中国,V M TRADERS,SHANGHAI FENYUE INTERNATIONAL,"67, NAGDEVI STREET,  2ND FLOOR, ","TRADING CO LTDROOM B468, FLOOR 4, N O.1359ZHONGHUA RD., SHANGHAI, 20001 0 CHINA",,,,China (CN),,Shanghai,NHAVA SHEVA SEA (INNSA1),84828000,LINEAR BUSHING LMF40UU MNB NEEDLE ROLLER BEARING,,100.0,NOS,0.0,375.8,,,
2025-02-11,印度,中国,RELIANCE TOOLS AND BEARING STORES,LISHUI JINZHENG BEARING MANUFACTURE CO LTD,"GRD FLR, 163, MUTTON  STREET, ",,,,,CHINA,,Shanghai,NHAVA SHEVA SEA (INNSA1),84828000,FLANGE LINEAR MOTION BEARING LMF20UU FLANGE LINEAR MOTION BEARING LMF20UU,,380.0,PCS,0.0,375.2183,1ZWXTLPY0DNUH,,
2025-11-05,印度,中国,AXIS TECHNOLOGIES,YIBOYUAN LINQING CITY PRECISION MACHINERY CO L,"207, ARIHANT TOWER, 2ND FLOOR,83 V. V .CHANDAN STREET, MUMBAI, ","TD INDUSTRIAL PARK, BACHALU TOWN LI NQING CITY, LIAOCHENG CITY, SHANDON G PROVINCE LIAOCHENG, Shandong, CHI CHINA",,,,China (CN),,Qingdao,NHAVA SHEVA SEA (INNSA1),84828000,LINEAR MOTION BEARINGS SC25UU LINEAR MOTION BEARINGS SC25UU,,200.0,NOS,0.0,375.21,,,
2025-09-10,孟加拉国,中国,GREATWALL CERAMIC INDUSTRIES,XINCHENG INTERNATIONAL HONGKONG C,Limited,,,,,CN,,,,84821000,LINEAR BEARING,,0.0,,44.04,374.64,,,
2025-08-26,印度,中国,SANGHVI AUTOMATION,LISHUI GREENLEAF AUTOMATIC TECHNOLOGY CO LTD,"GALA NO. F/106 TOP CLASS ENCLAVE, FIRST FLOOR BHOIDAPADA NAKA, SATIVALI ROAD, VASAI EAST","NO 297 LONGQING RD SHUIGE AREA LISH UI ZHEJIANG CHINA CHINA, , CHINA SDNF CHINA",,,,China (CN),,Shanghai,,84828000,LINEAR BEARING SC 16 UU LINEAR BEARING SC 16 UU,,400.0,NOS,0.0,374.62,,,
2025-01-31,印度,中国,PET STREAM INC,SUZHOU STARMEC IMPORT & EXPORT CO,"7255/77 A GROUND FLOOR AJENDRA,MAR  KET SHAKTI NAGAR DELHI-110007 ",,,,,CHINA,,Shanghai,DELHI AIR CARGO ACC (INDEL4),84828000,LINEAR BEARING - 50503-24-1501-00002 BEARING,,6.0,NOS,0.0,374.2105,TB3XB83JYE6TN,,
2025-01-03,越南,中国台湾,CÔNG TY TNHH JADE M - TECH,CHUN LOUNG CO LTD,"Land Lot No. Tt3-09, Land Stuck Area, Lien Mac Ward, Bac Tu Liem District, Hanoi City, Vietnam","NO.1, LANE 333,MINYI ST, FUAN VILLAGE SIOUSHUEI  TOWNSHIP, CHANGHUA COUNTY 50444, TAIWAN, TW",,,,Taiwan,,,,84821000,"Con trượt ARC35ML S V0N bộ phận của thanh tuyến tính dẫn hướng, bằng thép, có ổ bi, phụ tùng máy gia công kim loại. NSX: CPC, mới 100%,ARC35ML S V0N linear guide rail part, steel, with ball bearing, metalworking machine spare part. Manufacturer: CPC, 100% new",,10.0,Pieces,0.0,374.0,,,
2025-12-04,印度,中国,CIU BEARING CO,TIANJIN TEXTILE GROUP IMPORT AND EXPORT INC,"502, SATGURU SUPREME, WALJI LADHA ROAD, MULUND WEST,","3YUNNAN ROAD, TIANJIN, CHINA Tianji n, , CHINA SDNF CHINA",,,,China (CN),,Qingdao,NHAVA SHEVA SEA (INNSA1),84828000,LINEAR MOTION BEARINGS LM6UU LINEAR MOTION BEARINGS LM6UU,,2000.0,NOS,0.0,374.0,,,
2025-10-07,越南,中国台湾,CÔNG TY HHCN KAIFA VIỆT NAM,KAIFA INDUSTRY CO LTD,"Lot I - 8 Ho Nai Industrial Park, Ho Nai Ward, Dong Nai Province, Vietnam","20 KAOHNAN HIGHWAY, JENWU HSLANG, KAOHSIUNG HSIEN, TAIWAN R.O.C, TW",,,,Taiwan,,,,84828000,"Ổ bi LINEAR BEARING dùng trong máy mài linh kiện giảm xóc xe gắn máy (hàng mới 100%),Ball bearing LINEAR BEARING used in grinding machines, components, shock absorbers, motorcycle (new 100%)",,4.0,Pieces,0.0,373.72,,,
2025-11-05,印度,中国,AXIS TECHNOLOGIES,ZHEJIANG JINGRUI INTELLIGENT TRANSMISSION CO LTD,"207, ARIHANT TOWER, 2ND FLOOR,83 V. V .CHANDAN STREET, MUMBAI, ","#99, Shangxu Road Lishui Industral Zone Zhejiang, Zhejiang, CHINA SDNF CHINA",,,,China (CN),,Shanghai,NHAVA SHEVA SEA (INNSA1),84828000,LINEAR MOTION BEARINGS LMK 60LUU LINEAR MOTION BEARINGS LMK 60LUU,,20.0,NOS,0.0,373.7,,,
2025-10-10,印度,中国,RAGHAV BEARING ENTERPRISES,CHANGZHOU FOLEVO PRECISION,,"MACHINERY CO., LTD NO. 288, XIAXI WEST ROAD, JIAZE TOWN, WUJIN CHANGZHOU CITY, JIANGSU CHINA, CHINA",,,,China (CN),,Shanghai,ICD PATPARGANJ,84828000,LINEAR BEARING LM6 UU LINEAR BEARING LM6 UU,,2000.0,PCS,0.0,373.49,,,
2025-03-10,印度,中国,AGARWAL INDUSTRIES,QINGDAO SHIYA IMPORT AND EXPORT CO,4 Ground Floor HARESH CHAMBER SAMUEL STREET VADGADI,,,,,CHINA,,Qingdao,NHAVA SHEVA SEA (INNSA1),84821090,LINEAR BALL BEARING SC35UU LINEAR BALL BEARING,,100.0,NOS,0.0,372.9139,WR2ROUSHLUCH0,,
2025-09-17,印度,中国,FLURO ENGINEERING PRIVATE LIMITED,HIWIN TECHNOLOGIES CORP,"A/3, DEVASHISH, NITYANAND COLONY  AMRUT NAGAR,GHATKOPAR WEST, ","No. 7, Jingke Road, Precision Machi nery Park, Taichung 40852, Taiwan SDNF Taiwan, Province of China",,,,"Taiwan,China (TW)",,TAIPEI,,84821011,HIWIN LINEAR BEARING BK 17 C5(B25014U-01) (F014U1)(ADA10152FEPL/Stock-20/2008/2025/ENP)HIWIN LINEAR BEARING BK 17 C5(B25014U-01) (F014U1)(ADA10152,,6.0,NOS,0.0,372.91,,,
2025-10-20,越南,中国,CÔNG TY TNHH MISUMI VIỆT NAM - CHI NHÁNH THÀNH PHỐ HỒ CHÍ MINH,MISUMI CHINA PRECISION MACHINERY TRADING CO LTD,"Room 901, 9th Floor, Sacom-Chip Sang Building, Lot T2-4, D1 Street, High-Tech Park, Tang Nhon Phu Ward, Ho Chi Minh City","NO.1058 DILING RD, FENGXIAN DIST, SHANGHAI, CHINA, CN",,,,China,,,,84828000,"Thanh trượt tuyến tính có ổ bi, nhãn hiệu MISUMI, mới 100%, code: E-HLGW30-500-B2,Linear sliders have ball bearings, brands MISUMI, 100% new code: E-HLGW30-500-B2",,18.0,Pieces,0.0,372.8018,,,
2025-07-29,印度,中国,AVILASH ENGINEERING CORPORATION,SHENZHEN BUPEX TECHNOLOGY CO LTD,"SHOP NO.75-76, CENTRAL MARKET,  GILL ROAD, ",,,,,CHINA,,Qingdao,TUGHLAKABAD,84828000,SBR-35UUOP LINEAR BEARINGS (USE FOR CNC MACHINE) SBR-35UUOP LINEAR BEARINGS (USE FOR CNC MACHINE),,200.0,NOS,0.0,372.2975,KXGYBYNTBCEOB,,
2025-05-15,印度,中国,PARTH AGENCY,SHANGHAI SIMINGTE AUTOMATION TECHNOLOGY CO LTD,N/A N/A,,,,,CHINA,,Qingdao,NHAVA SHEVA SEA (INNSA1),84828000,LINEAR MOTION BEARINGS SCS25UU LINEAR MOTION BEARINGS SCS25UU,,200.0,PCS,0.0,372.0037,RJOW1RR1VIL7M,,
2025-09-18,印度,中国,SHAKTI BEARING,NINGBO HUAYI IMPORT AND EXPORT CO LTD,21/2 REVA BHAI INDUSTRIAL ESTATE NEAR ISHWAR KRUPA WAY BRIDGE CTM AMRAIWADI,"ROOM 12-7/8HUAHONG INTERNATIONAL CENTRE, NO. 717, ZHONGXING ROAD, JIANGDONG DISTRICT,NINGBO CHINA CN",,,,China (CN),,Qingdao,,84828000,LINEAR MOTION BEARING : SC50UU LINEAR MOTION BEARING,,30.0,NOS,0.0,371.79,,,
2025-07-25,印度,中国,TATA ELECTRONICS PRODUCTS AND SOLUTIONS PRIVATE LI,KUNSHAN JTL INFORMATION TECHNOLOGY CO LTD,"8th floor (West Wing) of KRM centre Harrington Road,",,,,,CHINA,,Shanghai,BANGALORE ACC (INBLR4),84821090,Linear bearing(2300034819) Linear bearing(2300034819),,5.0,NOS,0.0,371.749,LVWXN94XYP2YF,,
2025-02-14,印度,中国,RELIANCE TOOLS AND BEARING STORES,ZHEJIANG SIQIANG BEARING MANUFACTURE CO LTD,"GRD FLR, 163, MUTTON  STREET, ",,,,,CHINA,,Ningbo,NHAVA SHEVA SEA (INNSA1),84828000,FLANGE LINEAR MOTION BEARING LMF80UU FLANGE LINEAR MOTION BEARING LMF80UU,,10.0,PCS,0.0,371.6285,LEHHKMP5GYLNX,,
2025-05-27,印度,中国,THE BALL BEARING TRADERS,ZHEJIANG SIQIANG BEARING MANUFACTURE CO LTD,"NO.8/1,KRISHNASAI MANSION,N.R.RD,K  ALASIPALYAM, NEW EXTN. ",,,,,CHINA,,Ningbo,Chennai  ,84828000,LINEAR BEARINGS-LMK20 L UU LINEAR BEARINGS-LMK20 L UU,,200.0,NOS,0.0,370.9493,BNUI4YICVJ80K,,
2025-05-19,越南,中国台湾,CÔNG TY TNHH MISUMI VIỆT NAM,MISUMI TAIWAN CORP,"Lô số 15, đuờng TS11, khu công nghiệp Tiên Sơn, Xã Hoàn Sơn, Huyện Tiên Du, Bắc Ninh","9F-1, NO. 126, NANJING E.RD.,4, TAIPEI 10595, TAIWAN R.O.C., TW",,,,Taiwan,,,,84828000,"Thanh trượt tuyến tính có ổ bi (bằng thép, dài 950mm), hàng mới 100%, nhãn hiệu: MISUMI, code: C-SXWTL28-950,Linear slide with ball bearing (steel, length 950mm), 100% new, brand: MISUMI, code: C-SXWTL28-950",,6.0,Pieces,0.0,370.2452,,,
2025-01-10,越南,中国,CÔNG TY TNHH GOERTEK ĐIỆN TỬ VIỆT NAM,NANNING GOERTEK TRADING CO LTD,"Lot A1, Nam Son-Hap Linh Industrial Park, Nam Son Ward, Hap Linh Ward, Bac Ninh City and Lac Ve Commune, Tien Du District, Bac Ninh, Vietnam","F16-17, R&D BLD, HEADQUARTER BASE, OF NANNING-ASEAN AGRICULTURAL, SCIENCE & TECHNOLOGY DLT ENTERPRISE, NO.10 GAOXIN,3RD ROAD, NANNING CITY, CN",,,,China,,,,84828000,"814010073204#&Con trượt có ổ bi kèm thanh dẫn hướng tuyến tính dùng trong sản xuất, kích thước: 34*24*400mm, mới 100%, 814010073204,814010073204#&Ball bearing slide with linear guide used in production, size: 34*24*400mm, 100% new, 814010073204",,6.0,Pieces,0.0,370.0,,,
2025-11-21,越南,中国台湾,CÔNG TY TNHH MISUMI VIỆT NAM,MISUMI TAIWAN CORP,"Lot No. 15, TS11 Road, Tien Son Industrial Zone, Dai Dong Commune, Bac Ninh Province, Vietnam.","15 F., NO. 223, SONGJIANG RD., ZHONGSHAN DIST., TAIPEI CITY,104472, TAIWAN, TW",,,,Taiwan,,,,84828000,"Thanh trượt tuyến tính có ổ bi (bằng thép, dài 450mm), hàng mới 100%, nhãn hiệu: MISUMI, code: C-SX2RL24-450,Linear slide rail with ball bearings (steel, 450mm long), 100% new, brand: MISUMI, code: C-SX2RL24-450",,8.0,Pieces,0.0,369.9657,,,
2025-05-12,印度,中国,METRO BEARING INTERNATIONAL,HANKES NEW MATERIALS SHANDONG CO LTD,H NO 2448 1ST FLOOR RAJJI G B ROAD NEAR MASJID,,,,,CHINA,,Qingdao,TUGHLAKABAD,84828000,"LMK25UU,  LINEAR MOTION BEARING,  U/WT.-  0.3  (FOR INDUSTRIAL USE)BEARING",,500.0,NOS,0.0,369.8102,L00UI7NZIRNG7,,
2025-02-27,印度,中国,MISUMI INDIA PRIVATE LIMITED,MISUMI CHINA PRECISION MACHINERY,"3RD FL.ONYX BUILDING, NORTH MAIN  ROAD, KOREGAON PARIK ",,,,,CHINA,,SHANGHAI - PU DONG,SAHAR AIR CARGO ACC (INBOM4),84821090,SGBBF25-LC35-LINEAR BALL BEARING - (STANDARD COMPONENTS FORPRESS DIE AND PLASTIC MOULDS).,,16.0,NOS,0.0,369.7569,ZOLAX4B257JI3,,
2025-02-18,印度,中国,MAHAVIR SALES CORPORATION,YIWU ZHITONG E COMMERCE FIRM,"128,NARAYAN DHURU STREET,MICRO  HOUSE,4TH FL ",,,,,CHINA,,Ningbo,NHAVA SHEVA SEA (INNSA1),84828000,LINEAR MOTION BEARINGS SBR50 UU LINEAR BEARINGS GUIDEWAY SBR50 UU,,30.0,PCS,0.0,369.4748,S6ZUX3V42JKLS,,
2025-09-24,印度,中国,AMAFHH SONS,ZHEJIANG WELL BEARING INDUSTRIAL CO LTD,"2ND FLOOR, 71 NAGDEVI CROSS LANE,,  N/A","NO.18, XIANXIA ROAD,NANMINGSHAN STR EET, LIANDU DISTRICT LISHUI CITY, Z HEJIANG, CHINA CHINA",,,,China (CN),,Shanghai,,84828000,LINEAR MOTION BEARINGS LMK50LUU LINEAR MOTION BEARINGS LMK50LUU,,30.0,NOS,0.0,369.36,,,
2025-04-16,越南,中国,CÔNG TY TNHH PHÁT TRIỂN KHOA HỌC CÔNG NGHỆ ZHE LU,GUANGZHOU XINFA IMPORT AND EXPORT CO LTD,"Thanh Oai Industrial Cluster, Bich Hoa Commune, Thanh Oai District, Hanoi City, Vietnam","ROOM E5193, 3RD FLOOR, BUILDING A, NO.1 YINGJUN ROAD, ZHUJI STREET, TIANHE DISTRICT, GUANGZHOU, CHINA, CN",,,,China,,,,84821000,"Vòng bi tuyến tính, kí hiệu HG45, kt:171.2*86*70mm,nsx: foshan zhelu import and export trading co.,ltd, mới 100%,Linear bearing, symbol HG45, size: 171.2*86*70mm, manufacturer: foshan zhelu import and export trading co.,ltd, 100% new",,6.0,Pieces,0.0,369.36,,,
2025-04-01,印度,中国,AXIS TECHNOLOGIES,ZHEJIANG JINGRUI INTELLIGENT TRANSMISSION CO LTD,"207, ARIHANT TOWER, 2ND FLOOR,83 V. V .CHANDAN STREET, MUMBAI, ",,,,,CHINA,,Ningbo,NHAVA SHEVA SEA (INNSA1),84828000,LINEAR MOTION BEARINGS SC80UU LINEAR MOTION BEARINGS SC80UU,,4.0,PCS,0.0,369.3428,VOOLSCS6OAR5X,,
2025-11-05,印度,中国,AXIS TECHNOLOGIES,ZHEJIANG JINGRUI INTELLIGENT TRANSMISSION CO LTD,"207, ARIHANT TOWER, 2ND FLOOR,83 V. V .CHANDAN STREET, MUMBAI, ","#99, Shangxu Road Lishui Industral Zone Zhejiang, Zhejiang, CHINA SDNF CHINA",,,,China (CN),,Shanghai,NHAVA SHEVA SEA (INNSA1),84828000,LINEAR MOTION BEARINGS LMK 100UU LINEAR MOTION BEARINGS LMK 100UU,,5.0,NOS,0.0,368.74,,,
