date,buyer_country,supplier_country,buyer,supplier,buyer_address,supplier_address,notify_party,notify_address,manufacturer,origin_country,destination_country,port_of_loading,port_of_discharge,hs_code,product_description,shipping_marks,quantity,quantity_unit,weight_kg,amount_usd,bill_number,container_number,brand
2025-10-30,越南,中国,CÔNG TY TNHH GREATSTAR INDUSTRIAL VIỆT NAM,HANGZHOU GREAT STAR INDUSTRIAL CO LTD,"Lot Cn8, Nam Cau Kien Industrial Park, Thien Huong Ward, Hai Phong City","NO.35 JIUHUAN ROAD, JIUBAO TOWN, HANGZHOU,310019, CHINA, CN",,,,China,,,,85076090,"Pin lithium  CAT.NO 48-11-2131 dùng cho dụng cụ đo cân bằng laser, có thể sạc lại, nhãn hiệu Milwaukee, 4V, 3.0Ah . Mới 100%,Lithium battery CAT.NO 48-11-2131 used for measuring weight laser rechargeable, brand Milwaukee, 4V, 3.0 Ah . New 100%",,5000.0,Pieces,0.0,5395.0,,,
2025-10-30,越南,中国,CÔNG TY TNHH GREATSTAR INDUSTRIAL VIỆT NAM,HANGZHOU GREAT STAR INDUSTRIAL CO LTD,"Lot Cn8, Nam Cau Kien Industrial Park, Thien Huong Ward, Hai Phong City","NO.35 JIUHUAN ROAD, JIUBAO TOWN, HANGZHOU,310019, CHINA, CN",,,,China,,,,85076090,"Pin lithium  CAT.NO 48-11-2131 dùng cho dụng cụ đo cân bằng laser, có thể sạc lại, nhãn hiệu Milwaukee, 4V, 3.0Ah . Mới 100%,Lithium battery CAT.NO 48-11-2131 used for measuring weight laser rechargeable, brand Milwaukee, 4V, 3.0 Ah . New 100%",,13000.0,Pieces,0.0,17927.0,,,
2025-10-29,越南,美国,CÔNG TY TNHH HUADA VIỆT NAM,TECHTRONIC CORDLESS GP,"1st Floor, Nx 2, Rented from Greatstar Industrial Vietnam Co., Ltd., Lot Cn8, Nck Industrial Park, Thien Huong, Hai Phong","100 INNOVATION WAY, ANDERSON SC 29621, US, US",,,,China,,,,85076090,"91.32.07.0009#&Pin lithium-ion CAT.NO 48-11-2440 dùng cho dụng cụ đo cân bằng laser , nhãn hiệu Milwaukee,  pin sạc lại được, 12V, 4.0Ah . Mới 100%,91.32.07.0009#&amp;lithium-ion Battery CAT.NO 48-11-2440 used for measuring weight, laser label , Milwaukee, battery charger again, 12V, 4.0 Ah . New 100%",,360.0,Pieces,0.0,4510.8,,,
2025-10-29,越南,美国,CÔNG TY TNHH HUADA VIỆT NAM,TECHTRONIC CORDLESS GP,"1st Floor, Nx 2, Rented from Greatstar Industrial Vietnam Co., Ltd., Lot Cn8, Nck Industrial Park, Thien Huong, Hai Phong","100 INNOVATION WAY, ANDERSON SC 29621, US, US",,,,China,,,,85076090,"91.32.07.0009#&Pin lithium-ion CAT.NO 48-11-2440 dùng cho dụng cụ đo cân bằng laser , nhãn hiệu Milwaukee,  pin sạc lại được, 12V, 4.0Ah . Mới 100%,91.32.07.0009#&amp;lithium-ion Battery CAT.NO 48-11-2440 used for measuring weight, laser label , Milwaukee, battery charger again, 12V, 4.0 Ah . New 100%",,676.0,Pieces,0.0,8470.28,,,
2025-10-29,越南,美国,CÔNG TY TNHH HUADA VIỆT NAM,TECHTRONIC CORDLESS GP,"1st Floor, Nx 2, Rented from Greatstar Industrial Vietnam Co., Ltd., Lot Cn8, Nck Industrial Park, Thien Huong, Hai Phong","100 INNOVATION WAY, ANDERSON SC 29621, US, US",,,,China,,,,85076090,"91.32.07.0009#&Pin lithium-ion CAT.NO 48-11-2440 dùng cho dụng cụ đo cân bằng laser , nhãn hiệu Milwaukee,  pin sạc lại được, 12V, 4.0Ah . Mới 100%,91.32.07.0009#&amp;lithium-ion Battery CAT.NO 48-11-2440 used for measuring weight, laser label , Milwaukee, battery charger again, 12V, 4.0 Ah . New 100%",,1802.0,Pieces,0.0,22579.06,,,
2025-10-29,越南,美国,CÔNG TY TNHH HUADA VIỆT NAM,TECHTRONIC CORDLESS GP,"1st Floor, Nx 2, Rented from Greatstar Industrial Vietnam Co., Ltd., Lot Cn8, Nck Industrial Park, Thien Huong, Hai Phong","100 INNOVATION WAY, ANDERSON SC 29621, US, US",,,,China,,,,85076090,"91.32.07.0009#&Pin lithium-ion CAT.NO 48-11-2440 dùng cho dụng cụ đo cân bằng laser , nhãn hiệu Milwaukee,  pin sạc lại được, 12V, 4.0Ah . Mới 100%,91.32.07.0009#&amp;lithium-ion Battery CAT.NO 48-11-2440 used for measuring weight, laser label , Milwaukee, battery charger again, 12V, 4.0 Ah . New 100%",,1374.0,Pieces,0.0,17216.22,,,
2025-10-22,越南,中国,CÔNG TY TNHH GREATSTAR INDUSTRIAL VIỆT NAM,HANGZHOU GREAT STAR INDUSTRIAL CO LTD,"Lot Cn8, Nam Cau Kien Industrial Park, Thien Huong Ward, Hai Phong City","NO.35 JIUHUAN ROAD, JIUBAO TOWN, HANGZHOU,310019, CHINA, CN",,,,China,,,,85076090,"Pin lithium  CAT.NO 48-11-2131 dùng cho dụng cụ đo cân bằng laser , nhãn hiệu Milwaukee, 4V, 3.0Ah . Mới 100%,Lithium battery CAT.NO 48-11-2131 used for measuring weight, laser label , Milwaukee, 4V, 3.0 Ah . New 100%",,5000.0,Pieces,0.0,6895.0,,,
2025-10-22,越南,中国,CÔNG TY TNHH GREATSTAR INDUSTRIAL VIỆT NAM,HANGZHOU GREAT STAR INDUSTRIAL CO LTD,"Lot Cn8, Nam Cau Kien Industrial Park, Thien Huong Ward, Hai Phong City","NO.35 JIUHUAN ROAD, JIUBAO TOWN, HANGZHOU,310019, CHINA, CN",,,,China,,,,85076090,"Pin lithium  CAT.NO 48-11-2131 dùng cho dụng cụ đo cân bằng laser , nhãn hiệu Milwaukee, 4V, 3.0Ah . Mới 100%,Lithium battery CAT.NO 48-11-2131 used for measuring weight, laser label , Milwaukee, 4V, 3.0 Ah . New 100%",,5000.0,Pieces,0.0,5395.0,,,
2025-10-17,越南,美国,CÔNG TY TNHH HUADA VIỆT NAM,TECHTRONIC CORDLESS GP,"1st Floor, Nx 2, Rented from Greatstar Industrial Vietnam Co., Ltd., Lot Cn8, Nck Industrial Park, Thien Huong, Hai Phong","100 INNOVATION WAY, ANDERSON SC 29621, US, US",,,,China,,,,85076090,"91.32.07.0008#&Pin lithium-ion  CAT.NO 48-11-2130 dùng cho dụng cụ đo cân bằng laser , nhãn hiệu Milwaukee, 12V, 3.0Ah, pin sạc lại được. Mới 100%,91.32.07.0008#&amp;lithium-ion Battery CAT.NO 48-11-2130 used for measuring weight, laser label , Milwaukee, 12V, 3.0 Ah, battery charging again. New 100%",,1008.0,Pieces,0.0,8537.76,,,
2025-10-07,越南,中国,CÔNG TY TNHH CÔNG NGHỆ JIAWEI VIỆT NAM,SHENZHEN JIANENG TRADING CO LTD,"Road D3, Nhon Trach II Industrial Park - Loc Khang, Nhon Trach Commune, Dong Nai, Vietnam","BUILDING A1101, NO.7 HUANPING ROAD, PINGDI STREET, LONGGANG DISTRICT, SHENZHEN, CHINA, CN",,,,China,,,,85076090,"Pin bằng ion liti có thể sạc lại, dùng cho đèn ngoài vườn-Li-ion Battery, điện áp:3.2V, dung lượng: 500mAh, Kt:(14*48)mm, NSX: ShenZhen Mottcell. Mới 100% BOM#10121000500M10,Battery ion lithium rechargeable, for lamp outdoor, garden-Li-ion Battery voltage:3.2 V capacity: 500mAh, Kt:(14*48)mm, MANUFACTURER: ShenZhen Mottcell. 100% new BOMB#10121000500M10",,40000.0,Pieces,0.0,13696.0,,,
2025-10-06,越南,越南,TTI PARTNERS SPC ACTING FOR THE ACCOUNT OF MPV SP,CÔNG TY TNHH GREEN PLANET DISTRIBUTION CENTRE,"UNIT E-F, 26/F, CENTRO COMERCIAL DA PRAIA GRANDE, NO. 429 AVENIDA DA PRAIA GRANDE, MACAU, VN","Lot A3.1, Area A3, Road D2&N2, Tan Phu Trung Industrial Park, Cu Chi Commune, Ho Chi Minh City, Vietnam",,,,,Vietnam,,,85076039,"133597300DG9#&Bộ pin sạc bằng Li-ion(18V, 6.0AH,108Wh),NH: Ryobi,model: PBP017_P/P ASS'Y,18V-DC 6.0AH LI-ION PACK/WITH EVE 20P 2.0AH CELL/PBP017.Mới 100%.TKN:107203376340/E15.Dòng 48#&CN,133597300DG9#&amp;battery charger with Li-ion battery(18V, 6.0 AH 108Wh),NH: Ryobi,model: PBP017_P/P ASS'y,18V-DC 6.0 AH LI-ION battery PACK/WITH EVE 20P 2.0 AH CELL/PBP017.100% new.TKN:107203376340/E15.Line 48#&amp;CN",,2.0,Pieces,0.0,45.3806,,,
2025-10-03,越南,中国,CÔNG TY CỔ PHẦN ABSE,BLUE CARBON TECHNOLOGY INC,"306/80 Xo Viet Nghe Tinh, Thanh My Tay Ward, Ho Chi Minh City, Vietnam","NO C1 TECHNOLOGY INNOVATION, HIGH-TECH ZONE,276800, RIZHAO CITY, SHANDONG PROVINCE, CHINA., CN",,,,China,,,,85076039,"Bộ Pin lithium ion 48VDC-300AH, công suất: 15kWh, Model: BCT-V-48-300, Nhãn hiệu: Blue Carbon, dùng cho bộ lưu giữ điện - Hàng mới 100%,The lithium ion Battery 48VDC-300AH capacity: 15kWh, Model: BCT-V-48-300, brand: Blue Carbon, used for the retention of power - 100% brand new",,10.0,Set,0.0,9120.0,,,
2025-10-02,越南,美国,CÔNG TY TNHH TECHTRONIC TOOLS VIỆT NAM,MILWAUKEE ELECTRIC TOOL CORPORATION,"Lot I-14.5, Road D14, High-Tech Park, Tang Nhon Phu Ward, Ho Chi Minh City, Vietnam","13135 W.LISBON ROAD, BROOKFILED, WI 53005, UNITED STATES, US",,,,China,,,,85076039,"CP00001690#&Hàng mẫu NK phục vụ nghiên cứu: Bộ pin sạc bằng Li-ion (18V, 6.0Ah), nhãn hiệu Milwaukee, model 48-11-1861 - M18 Lithium-Ion REDLITHIUM FORGE 6.0 Ah Battery Pack. Mới 100%,CP00001690#&amp;samples NK service research: battery charger with Li-ion battery (18V, 6.0 Ah), trademark Milwaukee, model 48-11-1861 - M18 Lithium-Ion REDLITHIUM FORGE 6.0 Ah Battery Pack. New 100%",,4.0,Pieces,0.0,916.0,,,
2025-10-02,越南,美国,CÔNG TY TNHH HUADA VIỆT NAM,TECHTRONIC CORDLESS GP,"1st Floor, Nx 2, Rented from Greatstar Industrial Vietnam Co., Ltd., Lot Cn8, Nck Industrial Park, Thien Huong, Hai Phong","100 INNOVATION WAY, ANDERSON SC 29621, US, US",,,,China,,,,85076090,"91.32.07.0009#&Pin lithium-ion CAT.NO 48-11-2440 dùng cho dụng cụ đo cân bằng laser , nhãn hiệu Milwaukee,  pin sạc lại được, 12V, 4.0Ah . Mới 100%,91.32.07.0009#&amp;lithium-ion Battery CAT.NO 48-11-2440 used for measuring weight, laser label , Milwaukee, battery charger again, 12V, 4.0 Ah . New 100%",,500.0,Pieces,0.0,6265.0,,,
2025-09-22,越南,越南,CONG TY TNHH SAM SUNG ELECTRONICS VIET NAM,CÔNG TY TNHH HOJEONG,"KCN YEN PHONG 1, XA YEN TRUNG, TINH BAC NINH, VIET NAM, VN","Tam Son High-Tech Craft Village Industrial Cluster, Tam Son Ward, Bac Ninh Province, Vietnam",,,,,Vietnam,,,85076090,"GH43-05244A#&PIN LITHIUM (PIN SẠC HOÀN CHỈNH) (xuất trả 1 phần mục 48, TK: 107534197260/E21)#&VN,GH43-05244A#&amp;LITHIUM BATTERY (BATTERY CHARGING COMPLETE) (cover 1 section 48, TK: 107534197260/E21)#&amp;VN",,2052.0,Pieces,0.0,9748.7011,,,
2025-09-16,越南,中国,CÔNG TY TNHH CÔNG NGHỆ UNI TREND VIỆT NAM,UNI TREND TECHNOLOGY CHINA CO LTD,"Factory Rbf.E & Rbf.F, Lot D, Thuan Thanh III Industrial Park, Sub-area B, Thuan Thanh Ward, Bac Ninh Province","NO.6,INDUSTRIAL NORTH 1ST ROAD, SONGSHAN LAKE PARK,DONGGUAN CITY, GUANGDONG PROVINCE,CHINA, CN",,,,China,,,,85076090,"NL113#&Pin Lithium,điện áp: 3.7V, dung lượng: 3050mAh, kích thước: 64.8*48*11mm, hàng mới 100%. PN: 110105400016X,NL113#&amp;Lithium Battery,voltage: 3.7 V, capacity: 3050mAh, size: 64.8*48*11mm, 100% brand new. PN: 110105400016X",,1000.0,Pieces,0.0,12888.9,,,
2025-09-15,越南,中国香港,CÔNG TY TNHH HUADA VIỆT NAM,PRIM' TOOLS LTD,"1st Floor, Nx 2, Rented by Greatstar Industrial Vietnam Co., Ltd., Lot Cn8, Nck Industrial Park, Thien Huong-Hp","UNIT 17, 23/F, SEAPOWER TOWER, CONCORDIA PLAZA NO.1, SCIENCE MUSEUM ROAD, TSIM SHA TSUI EAST,KOWLOON, HK",,,,China,,,,85076090,"2730-3T10-02#&Pin lithium  XC 3.0  , model  48-11-1828  dùng cho dụng cụ đo cân bằng laser, pin sạc lại được, nhãn hiệu Milwaukee, 18V . Mới 100%,2730-3T10-02#&amp;lithium XC 3.0 , model 48-11-1828 used for measuring weight by laser, the battery charge is brand Milwaukee, 18V . New 100%",,868.0,Pieces,0.0,20813.772,,,
2025-09-12,越南,越南,SAMSUNG ELECTRONICS VIETNAM CO LTD,CÔNG TY TNHH KHVATEC HANOI CHI NHÁNH,"KCN YEN PHONG I, XA YEN TRUNG, TINH BAC NINH, VIET NAM, VN","Lot A9, Que Vo Industrial Park, Phuong Lieu Ward, Bac Ninh Province, Vietnam",,,,,Vietnam,,,85076090,"GH43-05244B#&PIN LITHIUM (PIN SẠC HOÀN CHỈNH), xuất trả theo mục hàng số 48 của tờ khai 107505634460. Hàng mới 100%#&VN,GH43-05244B#&amp;LITHIUM BATTERY (BATTERY CHARGING COMPLETE), payment under section 48 of the declaration 107505634460. New goods 100%#&amp;VN",,23.0,Pieces,0.0,117.7078,,,
2025-09-11,越南,中国,CÔNG TY TNHH NĂNG LƯỢNG XANH NHẬT BẢN,CFE ESS CO LTD,"Lot A32-Nv13, Block 3, Geleximco A Urban Area, Tay Mo Ward, Hanoi City, Vietnam","SUITE 1303-1, TOWER A, WANGDU INTERNATIONAL, HIGH- TECH ZONE, XIAN, SHAANXI, CHINA, CN",,,,China,,,,85076090,"Pin Lithium lưu trữ điện của hệ thống điện năng lượng mặt trời, model: CFE-WL-15. loại sạc lại được, 300Ah, điện áp 48-56V, công suất: 15360Wh.Nhà sx: CFE ESS CO., LTD. Hiệu: CFE. (hàng FOC). Mới 100%,Lithium battery electric storage system, solar power, model: CFE-WL-15. type of charger again, 300Ah, voltage 48-56V capacity: 15360Wh.Manufacturer: CFE ESS CO., LTD. Brand: CFE. (row FOC). New 100%",,2.0,Pieces,0.0,0.0,,,
2025-09-11,越南,中国,CÔNG TY TNHH NĂNG LƯỢNG XANH NHẬT BẢN,CFE ESS CO LTD,"Lot A32-Nv13, Block 3, Geleximco A Urban Area, Tay Mo Ward, Hanoi City, Vietnam","SUITE 1303-1, TOWER A, WANGDU INTERNATIONAL, HIGH- TECH ZONE, XIAN, SHAANXI, CHINA, CN",,,,China,,,,85076090,"Pin Lithium lưu trữ điện của hệ thống điện năng lượng mặt trời, model: CFE-WL-15. loại sạc lại được, 300Ah, điện áp 48-56V, công suất: 15360Wh. Nhà sx: CFE ESS CO., LTD. Hiệu: CFE. Mới 100%,Lithium battery electric storage system, solar power, model: CFE-WL-15. type of charger again, 300Ah, voltage 48-56V capacity: 15360Wh. Manufacturer: CFE ESS CO., LTD. Brand: CFE. New 100%",,198.0,Pieces,0.0,185090.4,,,
2025-09-10,越南,中国,CÔNG TY TNHH CHO THUÊ XE NÂNG ZHONGBANG VIỆT NAM,SHANDONG ZHONGBANG IMPORT AND EXPORT TRADE CO LTD,"Kiosk No. 01, No. 556, Group 7, Hamlet 4, Truong Mit Commune, Tay Ninh Province, Vietnam","OFFICE BUILDING 5, SOUTH, NO. 102, TAIDONG ROAD, INTERNATIONAL, AUTOMOBILE CITY, DAIYUE DISTRICT, TAI'AN CITY,SHANDONG PROVINCE CHINA",,,,China,,,,85076090,"Pin lithium dùng cho xe nâng điện, model: 48V460AH, Điện áp: 48 V, dung lượng: 460 Ah, hiệu: XCMG, hàng mới 100%,Lithium battery for electric forklift, model: 48V460AH, voltage: 48 V, capacity: 460 Ah, brand: XCMG, 100% brand new",,1.0,Set,0.0,4480.0,,,
2025-09-09,越南,中国,CÔNG TY TNHH NĂNG LƯỢNG XANH NHẬT BẢN,CFE ESS CO LTD,"Lot A32-Nv13, Block 3, Geleximco A Urban Area, Tay Mo Ward, Hanoi City, Vietnam","SUITE 1303-1, TOWER A, WANGDU INTERNATIONAL, HIGH- TECH ZONE, XIAN, SHAANXI, CHINA, CN",,,,China,,,,85076090,"Pin Lithium lưu trữ điện của hệ thống điện năng lượng mặt trời, model: CFE-WL-15. loại sạc lại được, 300Ah, điện áp 48-56V, công suất: 15360Wh. Nhà sx: CFE ESS CO., LTD. Hiệu: CFE. Mới 100%,Lithium battery electric storage system, solar power, model: CFE-WL-15. type of charger again, 300Ah, voltage 48-56V capacity: 15360Wh. Manufacturer: CFE ESS CO., LTD. Brand: CFE. New 100%",,126.0,Pieces,0.0,117784.8,,,
2025-09-08,越南,美国,CÔNG TY TNHH HUADA VIỆT NAM,TECHTRONIC CORDLESS GP,"1st Floor, Nx 2, Rented by Greatstar Industrial Vietnam Co., Ltd., Lot Cn8, Nck Industrial Park, Thien Huong-Hp","100 INNOVATION WAY, ANDERSON SC 29621, US, US",,,,China,,,,85076090,"91.32.07.0009#&Pin lithium-ion CAT.NO 48-11-2440 dùng cho dụng cụ đo cân bằng laser , nhãn hiệu Milwaukee,  pin sạc lại được, 12V, 4.0Ah . Mới 100%,91.32.07.0009#&amp;lithium-ion Battery CAT.NO 48-11-2440 used for measuring weight, laser label , Milwaukee, battery charger again, 12V, 4.0 Ah . New 100%",,9840.0,Pieces,0.0,123295.2,,,
2025-09-08,越南,美国,CÔNG TY TNHH HUADA VIỆT NAM,TECHTRONIC CORDLESS GP,"1st Floor, Nx 2, Rented by Greatstar Industrial Vietnam Co., Ltd., Lot Cn8, Nck Industrial Park, Thien Huong-Hp","100 INNOVATION WAY, ANDERSON SC 29621, US, US",,,,China,,,,85076090,"91.32.07.0010#&Pin lithium-ion CAT.NO 48-11-2131 dùng cho dụng cụ đo cân bằng laser , nhãn hiệu Milwaukee, pin sạc lại được, 4V-DC 3.0Ah . Mới 100%,91.32.07.0010#&amp;lithium-ion Battery CAT.NO 48-11-2131 used for measuring weight, laser label , Milwaukee, battery charger again, 4V-DC 3.0 Ah . New 100%",,7000.0,Pieces,0.0,23660.0,,,
2025-09-08,越南,美国,CÔNG TY TNHH HUADA VIỆT NAM,TECHTRONIC CORDLESS GP,"1st Floor, Nx 2, Rented by Greatstar Industrial Vietnam Co., Ltd., Lot Cn8, Nck Industrial Park, Thien Huong-Hp","100 INNOVATION WAY, ANDERSON SC 29621, US, US",,,,China,,,,85076090,"91.32.07.0008#&Pin lithium-ion  CAT.NO 48-11-2130 dùng cho dụng cụ đo cân bằng laser , nhãn hiệu Milwaukee, 12V, 3.0Ah, pin sạc lại được. Mới 100%,91.32.07.0008#&amp;lithium-ion Battery CAT.NO 48-11-2130 used for measuring weight, laser label , Milwaukee, 12V, 3.0 Ah, battery charging again. New 100%",,3936.0,Pieces,0.0,33337.92,,,
2025-09-02,越南,澳大利亚,CÔNG TY CỔ PHẦN VIỄN THÔNG - TIN HỌC BƯU ĐIỆN,PAY ORBIT PTY LTD,"158/2 Hong Mai Street, Bach Mai Ward, Hanoi City","17 GRAHAM ROAD, CLAYTON SOUTH, VIC 3169, AUSTRALIA, AU",,,,Korea (Republic),,,,85076090,"PIN Lithium Bare Battery, Samsung LIB 2nd GEN, MODULE A điện áp 30.4V- 67AH, 8S1P(48+54), kích thước 216 x163 x 404.5MM dùng cho thiết bị nguồn UPS, trong viễn thông. Mới 100% hãng SX: SAMSUNG,Lithium Bare Battery, Samsung LIB 2nd GEN MODULE, A voltage 30.4 V - 67AH, 8S1P(48+54), size 216 x163 x 404.5 MM for equipment UPS power in telecommunications. New 100% genuine SX: SAMSUNG",,4.0,Set,0.0,434839.44,,,
2025-08-20,越南,越南,TTI PARTNERS SPC ACTING FOR THE ACCOUNT OF MPV SP,CÔNG TY TNHH GREEN PLANET DISTRIBUTION CENTRE,"UNIT E-F, 26/F, CENTRO COMERCIAL DA PRAIA GRANDE, NO. 429 AVENIDA DA PRAIA GRANDE, MACAU, VN","4Th Floor, Win Home Building, No. 25A Mai Thi Luu, Da Kao Ward, District 1, Ho Chi Minh City, Vietnam",,,,,Vietnam,,,85076039,"133597300DG9#&Bộ pin sạc bằng Li-ion (18V - 6.0AH,108Wh), hiệu Ryobi, model: PBP017_P/P ASS'Y,18V-DC 6.0AH LI-ION PACK /WITH EVE 20P 2.0AH CELL/ PBP017. Mới 100%.TKN:107203376340/E15.Dòng 48#&CN,133597300DG9#&amp;battery charger with Li-ion battery (18V - 6.0 AH 108Wh), the Ryobi, model: PBP017_P/P ASS'y,18V-DC 6.0 AH LI-ION battery PACK /WITH EVE 20P 2.0 AH CELL/ PBP017. 100% new.TKN:107203376340/E15.Line 48#&amp;CN",,1000.0,Pieces,0.0,22690.28,,,
2025-08-19,越南,中国,CÔNG TY TNHH THƯƠNG MẠI XUẤT NHẬP KHẨU THP GLOBAL,GUANGXI HENGYUAN IMPORT AND EXPORT CO LTD,"House No. 36, Alley 53, Lane 63/1 Tran Quoc Vuong Street, Cau Giay Ward, Hanoi City, Vietnam","GUANGXI ZHUANG AUTONOMOUS, REGION NO. 9, NO. 10, SHOP 1, NANSHAN ECONOMIC COOPERATION ZONE, PINGXIANG CITY, CHONGZUO, CHINA, CN",,,,China,,,,85076039,"Pin lithium lưu trữ dùng cho hộ gia đình model:48-300,CS:3.07KWh,ĐA :43.2-54Vd.c,CS định mức:60Ah,dòng điện định danh:60A,dung lượng pin 3072Wh không hiệu,mới: 100%,Lithium battery storage for household model:48-300,CS:3.07 KWh,MULTI :43.2-54Vd.c,CS norms:60Ah power line identifier:60A battery capacity 3072Wh not brand new: 100%",,4.0,Pieces,0.0,600.0,,,
2025-08-19,越南,中国,CÔNG TY TNHH NĂNG LƯỢNG XANH NHẬT BẢN,CFE ESS CO LTD,"Lot A32-Nv13, Block 3, Geleximco A Urban Area, An Khanh Commune, Hoai Duc District, Hanoi City, Vietnam","SUITE 1303-1, TOWER A, WANGDU INTERNATIONAL, HIGH- TECH ZONE, XIAN, SHAANXI, CHINA, CN",,,,China,,,,85076090,"Pin Lithium lưu trữ điện của hệ thống điện năng lượng mặt trời, model: CFE-WL-15. loại sạc lại được, 300Ah, điện áp 48-56V, công suất: 15360Wh. Nhà sx: CFE ESS CO., LTD. Hiệu: CFE. Mới 100%,Lithium battery electric storage system, solar power, model: CFE-WL-15. type of charger again, 300Ah, voltage 48-56V capacity: 15360Wh. Manufacturer: CFE ESS CO., LTD. Brand: CFE. New 100%",,198.0,Pieces,0.0,185090.4,,,
2025-08-19,越南,中国,CÔNG TY TNHH NĂNG LƯỢNG XANH NHẬT BẢN,CFE ESS CO LTD,"Lot A32-Nv13, Block 3, Geleximco A Urban Area, An Khanh Commune, Hoai Duc District, Hanoi City, Vietnam","SUITE 1303-1, TOWER A, WANGDU INTERNATIONAL, HIGH- TECH ZONE, XIAN, SHAANXI, CHINA, CN",,,,China,,,,85076090,"Pin Lithium lưu trữ điện của hệ thống điện năng lượng mặt trời, model: CFE-WL-15. loại sạc lại được, 300Ah, điện áp 48-56V, công suất: 15360Wh.Nhà sx: CFE ESS CO., LTD. Hiệu: CFE. (hàng FOC). Mới 100%,Lithium battery electric storage system, solar power, model: CFE-WL-15. type of charger again, 300Ah, voltage 48-56V capacity: 15360Wh.Manufacturer: CFE ESS CO., LTD. Brand: CFE. (row FOC). New 100%",,2.0,Pieces,0.0,0.0,,,
2025-08-18,越南,美国,CÔNG TY TNHH HUADA VIỆT NAM,TECHTRONIC CORDLESS GP,"1St Floor Factory 2, Rented By Greatstar Industrial Vietnam Co., Ltd.), Lot Cn8, Nam Cau Kien Industrial Park, Hoang Dong Commune, Thuy Nguyen District, Hai Phong City, Vietnam","100 INNOVATION WAY, ANDERSON SC 29621, US, US",,,,China,,,,85076090,"91.32.07.0008#&Pin lithium-ion  CAT.NO 48-11-2130 dùng cho dụng cụ đo cân bằng laser , nhãn hiệu Milwaukee, 12V, 3.0Ah, pin sạc lại được. Mới 100%,91.32.07.0008#&amp;lithium-ion Battery CAT.NO 48-11-2130 used for measuring weight, laser label , Milwaukee, 12V, 3.0 Ah, battery charging again. New 100%",,2016.0,Pieces,0.0,17075.52,,,
2025-08-18,越南,美国,CÔNG TY TNHH TECHTRONIC TOOLS VIỆT NAM,MILWAUKEE ELECTRIC TOOL CORPORATION,"Lot I-14.5, D14 Street, Hi-Tech Park, Tang Nhon Phu B Ward, Thu Duc City, Ho Chi Minh City, Vietnam","13135 W.LISBON ROAD, BROOKFILED, WI 53005, UNITED STATES, US",,,,China,,,,85076039,"CP002933#&Hàng mẫu NK phục vụ nghiên cứu: Bộ pin sạc bằng Li-ion (12V, 5A), dùng cho dụng cụ điện cầm tay, nhãn hiệu Milwaukee, P/N 48-11-2450 - M12 HO XC 5.0 with Thermocouples. Mới 100%,CP002933#&amp;samples NK service research: battery charger with Li-ion battery (12V, 5A), used for hand-held power tools, brands Milwaukee, P/N 48-11-2450 - M12 HO XC 5.0 with Thermocouples. New 100%",,6.0,Pieces,0.0,720.0,,,
2025-08-11,越南,中国香港,CÔNG TY TNHH HUADA VIỆT NAM,PRIM' TOOLS LTD,"1St Floor Factory 2, Rented By Greatstar Industrial Vietnam Co., Ltd.), Lot Cn8, Nam Cau Kien Industrial Park, Hoang Dong Commune, Thuy Nguyen District, Hai Phong City, Vietnam","UNIT 17, 23/F, SEAPOWER TOWER, CONCORDIA PLAZA NO.1, SCIENCE MUSEUM ROAD, TSIM SHA TSUI EAST,KOWLOON, HK",,,,China,,,,85076090,"2730-3T10-02#&Pin lithium  XC 3.0  , model  48-11-1828  dùng cho dụng cụ đo cân bằng laser, pin sạc lại được, nhãn hiệu Milwaukee, 18V . Mới 100%,2730-3T10-02#&amp;lithium XC 3.0 , model 48-11-1828 used for measuring weight by laser, the battery charge is brand Milwaukee, 18V . New 100%",,812.0,Pieces,0.0,19470.948,,,
2025-08-09,越南,越南,CONG TY TNHH SAMSUNG ELECTRONICS VIET NAM,CÔNG TY TNHH H&S TECH,"KCN YEN PHONG 1 - XA YEN TRUNG, BAC NINH, VN","Que Vo Industrial Park, Van Duong Ward, Bac Ninh City, Bac Ninh Province, Vietnam",,,,,Vietnam,,,85076039,"GH43-05257A#&PIN LITHIUM (PIN SẠC HOÀN CHỈNH) (tx mục 48 TKN 107416352520 ngày 05/08/2025),Hàng mới 100%#&VN,GH43-05257A#&amp;LITHIUM BATTERY (BATTERY CHARGING COMPLETE) (tx category 48 TKN 107416352520 day 05/08/2025),new Goods 100%#&amp;VN",,36.0,Pieces,0.0,191.2176,,,
2025-08-07,越南,美国,CÔNG TY TNHH HUADA VIỆT NAM,TECHTRONIC CORDLESS GP,"1St Floor Factory 2, Rented By Greatstar Industrial Vietnam Co., Ltd.), Lot Cn8, Nam Cau Kien Industrial Park, Hoang Dong Commune, Thuy Nguyen District, Hai Phong City, Vietnam","100 INNOVATION WAY, ANDERSON SC 29621, US, US",,,,China,,,,85076090,"91.32.07.0009#&Pin lithium-ion CAT.NO 48-11-2440 dùng cho dụng cụ đo cân bằng laser , nhãn hiệu Milwaukee, 12V, 4.0Ah . Mới 100%,91.32.07.0009#&amp;lithium-ion Battery CAT.NO 48-11-2440 used for measuring weight, laser label , Milwaukee, 12V, 4.0 Ah . New 100%",,500.0,Pieces,0.0,6265.0,,,
2025-08-07,越南,美国,CÔNG TY TNHH HUADA VIỆT NAM,TECHTRONIC CORDLESS GP,"1St Floor Factory 2, Rented By Greatstar Industrial Vietnam Co., Ltd.), Lot Cn8, Nam Cau Kien Industrial Park, Hoang Dong Commune, Thuy Nguyen District, Hai Phong City, Vietnam","100 INNOVATION WAY, ANDERSON SC 29621, US, US",,,,China,,,,85076090,"91.32.07.0009#&Pin lithium-ion CAT.NO 48-11-2440 dùng cho dụng cụ đo cân bằng laser , nhãn hiệu Milwaukee, 12V, 4.0Ah . Mới 100%,91.32.07.0009#&amp;lithium-ion Battery CAT.NO 48-11-2440 used for measuring weight, laser label , Milwaukee, 12V, 4.0 Ah . New 100%",,1968.0,Kilograms,0.0,24659.04,,,
2025-08-01,越南,中国,CÔNG TY CỔ PHẦN DỊCH VỤ THƯƠNG MẠI VÀ XUẤT NHẬP KHẨU SOLARTEK VIỆT NAM,BLUE CARBON TECHNOLOGY INC,"House No. 68, Nguyen Phi Khanh Street, Thuong Tin Commune, Hanoi City, Vietnam","NO C1 TECHNOLOGY INNOVATION, HIGH-TECH ZONE,276800, RIZHAO CITY, SHANDONG PROVINCE, CHINA, CN",,,,China,,,,85076090,"Pin Lithium, model: BCT-V-48-300, Công suất: 15.36kwh, Kích thước: 1188*507*212*mm, dùng để lưu trữ điện năng sau khi được biến đổi, NSX: BLUE CARBON TECHNOLOGY INC, hàng mới 100%,Lithium battery, model: BCT-V-48-300 capacity: 15.36 kwh, size: 1188*507*212*mm, used to store energy after being transformed, NSX: BLUE CARBON TECHNOLOGY INC., of new 100%",,10.0,Pieces,0.0,8214.0,,,
2025-07-31,越南,中国香港,CÔNG TY TNHH HUADA VIỆT NAM,PRIM' TOOLS LTD,"1st Floor, Nx 2, Rented from Greatstar Industrial Vietnam Co., Ltd., Lot Cn8, Nck Industrial Park, Hoang Lam-Tn-Hp","UNIT 17, 23/F, SEAPOWER TOWER, CONCORDIA PLAZA NO.1, SCIENCE MUSEUM ROAD, TSIM SHA TSUI EAST,KOWLOON, HK",,,,China,,,,85076090,"2730-3T10-02#&Pin lithium  XC 3.0  , model  48-11-1828  dùng cho dụng cụ đo cân bằng laser, pin sạc lại được, nhãn hiệu Milwaukee, 18V . Mới 100%,2730-3T10-02#&XC 3.0 lithium battery, model 48-11-1828 for laser level measuring tools, rechargeable battery, Milwaukee brand, 18V. 100% new",,560.0,Pieces,0.0,13428.24,,,
2025-07-30,越南,越南,TTI PARTNERS SPC ACTING FOR THE ACCOUNT OF MPV SP,CÔNG TY TNHH GREEN PLANET DISTRIBUTION CENTRE,"UNIT E-F, 26/F, CENTRO COMERCIAL DA PRAIA GRANDE, NO. 429 AVENIDA DA PRAIA GRANDE, MACAU, VN","Lot A3.1, Area A3, Road D2&N2, Tan Phu Trung Industrial Park, Cu Chi Commune, Ho Chi Minh City, Vietnam",,,,,Vietnam,,,85076039,"133597300DG9#&Bộ pin sạc bằng Li-ion (18V - 6.0AH,108Wh), hiệu Ryobi, model: PBP017_P/P ASS'Y,18V-DC 6.0AH LI-ION PACK /WITH EVE 20P 2.0AH CELL/ PBP017. Mới 100%.TKN:107203376340/E15.Dòng 48#&CN,133597300DG9#&Li-ion rechargeable battery pack (18V - 6.0AH,108Wh), Ryobi brand, model: PBP017_P/P ASS'Y,18V-DC 6.0AH LI-ION PACK /WITH EVE 20P 2.0AH CELL/ PBP017. 100% new.TKN:107203376340/E15.Line 48#&CN",,55.0,Pieces,0.0,1247.9654,,,
2025-07-30,越南,美国,CÔNG TY TNHH TECHTRONIC TOOLS VIỆT NAM,MILWAUKEE ELECTRIC TOOL CORPORATION,"Lot I-14.5, Road D14, High-Tech Park, Tang Nhon Phu Ward, Ho Chi Minh City, Vietnam","13135 W.LISBON ROAD, BROOKFILED, WI 53005, UNITED STATES, US",,,,China,,,,85076039,"CP002829#&Hàng mẫu NK phục vụ nghiên cứu: Bộ pin sạc bằng Li-ion (18V, 12Ah), model 48-11-1812, nhãn hiệu Milwaukee - M18 REDLITHIUM HIGH OUTPUT HD12.0 Battery Pack. Mới 100%,CP002829#&Imported sample for research: Li-ion rechargeable battery pack (18V, 12Ah), model 48-11-1812, Milwaukee brand - M18 REDLITHIUM HIGH OUTPUT HD12.0 Battery Pack. 100% new",,2.0,Pieces,0.0,498.0,,,
2025-07-28,越南,美国,CÔNG TY TNHH HUADA VIỆT NAM,TECHTRONIC CORDLESS GP,"1st Floor, Nx 2, Rented from Greatstar Industrial Vietnam Co., Ltd., Lot Cn8, Nck Industrial Park, Hoang Lam-Tn-Hp","100 INNOVATION WAY, ANDERSON SC 29621, US, US",,,,China,,,,85076090,"91.32.07.0008#&Pin lithium-ion  CAT.NO 48-11-2130 dùng cho dụng cụ đo cân bằng laser , pin sạc lại được, nhãn hiệu Milwaukee, 12V, 3.0Ah . Mới 100%,91.32.07.0008#&Lithium-ion battery CAT.NO 48-11-2130 for laser level measuring tools, rechargeable battery, Milwaukee brand, 12V, 3.0Ah. 100% new",,1968.0,Pieces,0.0,16668.96,,,
2025-07-27,越南,中国,CÔNG TY CỔ PHẦN KIM LONG MOTOR HUẾ,ANHUI ANKAI AUTOMOBILE CO LTD,"Highway 1A - Chan May Port Connection Road, Loc Tien Commune, Phu Loc District, Hue City, Vietnam","NO. 99, HUAYUAN AVENUE, HEFEI, ANHUI, CHINA, CN",,,,China,,,,85076033,"25AK/C0705VNW23624.41701.01W: Bộ pin có thể sạc lại, bằng ion liti, nhãn hiệu CATL, BC5, công suất 155kwh, dùng cho xe ô tô khách từ 24 đến 48 chỗ, sử dụng động cơ điện. Mới 100%, sx 2025,25AK/C0705VNW23624.41701.01W: Rechargeable battery pack, lithium ion, CATL brand, BC5, capacity 155kwh, used for passenger cars from 24 to 48 seats, using electric motors. 100% new, manufactured in 2025",,30.0,Unit,0.0,627750.0,,,
2025-07-26,越南,越南,CONG TY TNHH CONG NGHE ROBOT GRAND PRO VIET NAM,CÔNG TY TNHH BLUEWAY VINA,"NX X1 & X2, LO CN12-03,KCN&KHU PTQ, NAM DINH VU(KHUI),THUOC KKT DINH VU, CAT HAI, PHUONG DONG HAI, TP HAI PHONG, VIET NAM","Lot Cn-17, Van Trung Industrial Park, Nenh Ward, Bac Ninh Province, Vietnam",,,,,Vietnam,,,85076090,"SP686#&11003-0028832#&Bộ Pin Blueway Vina(TI), model RVBAT85016 (30Z7012(Hill-4S1P)-48(33V+TI) DEP2990-VN, hàng mới 100%#&VN,SP686#&11003-0028832#&Blueway Vina(TI) Battery Pack, model RVBAT85016 (30Z7012(Hill-4S1P)-48(33V+TI) DEP2990-VN, 100% new#&VN",,34.0,Pieces,0.0,765.58,,,
2025-07-16,越南,中国,CÔNG TY TNHH NĂNG LƯỢNG XANH NHẬT BẢN,CFE ESS CO LTD,"Lot A32-Nv13, Block 3, Geleximco A Urban Area. Tay Mo Ward, Hanoi City, Vietnam","SUITE 1303-1, TOWER A, WANGDU INTERNATIONAL, HIGH- TECH ZONE, XIAN, SHAANXI, CHINA, CN",,,,China,,,,85076090,"Pin Lithium lưu trữ điện của hệ thống điện năng lượng mặt trời, model: CFE-WL-15. loại sạc lại được, 300Ah, điện áp 48-56V, công suất: 15360Wh. Nhà sx: CFE ESS CO., LTD. Hiệu: CFE. Mới 100%,Lithium battery for storing electricity in solar power system, model: CFE-WL-15. Rechargeable type, 300Ah, voltage 48-56V, capacity: 15360Wh. Manufacturer: CFE ESS CO., LTD. Brand: CFE. 100% new",,126.0,Pieces,0.0,117784.8,,,
2025-07-11,越南,越南,CONG TY TNHH SAMSUNG ELECTRONICS VIET NAM,CÔNG TY TNHH H&S TECH,"KCN YEN PHONG 1 - XA YEN TRUNG, YEN PHONG, BAC NINH, VN","Que Vo Industrial Park, Van Duong Ward, Bac Ninh City, Bac Ninh Province",,,,,Vietnam,,,85076039,"GH43-05257A#&PIN LITHIUM (PIN SẠC HOÀN CHỈNH) (tx mục 48 TKN 107253901860 ngày 09/06/2025),Hàng mới 100%#&VN,GH43-05257A#&LITHIUM BATTERY (COMPLETE RECHARGEABLE BATTERY) (item 48 TKN 107253901860 dated 06/09/2025),100% new#&VN",,4003.0,Pieces,0.0,21262.3348,,,
2025-07-10,越南,美国,CÔNG TY TNHH HUADA VIỆT NAM,TECHTRONIC CORDLESS GP,"1st Floor, Nx 2, Rented from Greatstar Industrial Vietnam Co., Ltd., Lot Cn8, Nck Industrial Park, Hoang Lam-Tn-Hp","100 INNOVATION WAY, ANDERSON SC 29621, US, US",,,,China,,,,85076090,"91.32.07.0009#&Pin lithium-ion CAT.NO 48-11-2440 dùng cho dụng cụ đo cân bằng laser,pin sạc lại được, nhãn hiệu Milwaukee, 12V, 4.0Ah . Mới 100%,91.32.07.0009#&Lithium-ion battery CAT.NO 48-11-2440 for laser level measuring tools, rechargeable battery, Milwaukee brand, 12V, 4.0Ah. 100% new",,1968.0,Pieces,0.0,24659.04,,,
2025-07-10,越南,中国香港,CÔNG TY TNHH HUADA VIỆT NAM,PRIM' TOOLS LTD,"1st Floor, Nx 2, Rented from Greatstar Industrial Vietnam Co., Ltd., Lot Cn8, Nck Industrial Park, Hoang Lam-Tn-Hp","UNIT 17, 23/F, SEAPOWER TOWER, CONCORDIA PLAZA NO.1, SCIENCE MUSEUM ROAD, TSIM SHA TSUI EAST,KOWLOON, HK",,,,China,,,,85076090,"2730-3T10-02#&Pin lithium  XC 3.0  , model  48-11-1828  dùng cho dụng cụ đo cân bằng laser, pin sạc lại được, nhãn hiệu Milwaukee, 18V . Mới 100%,2730-3T10-02#&XC 3.0 lithium battery, model 48-11-1828 for laser level measuring tools, rechargeable battery, Milwaukee brand, 18V. 100% new",,560.0,Pieces,0.0,13428.24,,,
2025-07-02,越南,越南,TTI PARTNERS SPC ACTING FOR THE ACCOUNT OF MPV SP,CÔNG TY TNHH GREEN PLANET DISTRIBUTION CENTRE,"UNIT E-F, 26/F, CENTRO COMERCIAL DA PRAIA GRANDE, NO. 429 AVENIDA DA PRAIA GRANDE, MACAU, VN","Lot A3.1, Area A3, Road D2&N2, Tan Phu Trung Industrial Park, Cu Chi Commune, Ho Chi Minh City, Vietnam",,,,,Vietnam,,,85076039,"133597300DG9#&Bộ pin sạc bằng Li-ion (18V, 6.0AH,108Wh),NH: Ryobi,model: PBP017_P/P ASS'Y,18V-DC 6.0AH LI-ION PACK/WITH EVE 20P 2.0AH CELL/PBP017.Mới 100%.TKN:107203376340/E15.Dòng 48#&CN,133597300DG9#&Li-ion rechargeable battery pack (18V, 6.0AH,108Wh),NH: Ryobi,model: PBP017_P/P ASS'Y,18V-DC 6.0AH LI-ION PACK/WITH EVE 20P 2.0AH CELL/PBP017.100% new.TKN:107203376340/E15.Series 48#&CN",,3.0,Pieces,0.0,68.0708,,,
2025-06-28,越南,越南,CONG TY TNHH CONG NGHE ROBOT GRAND PRO VIET NAM,CÔNG TY TNHH BLUEWAY VINA,"NX X1 & X2, LO CN12-03,KCN&KHU PTQ, NAM DINH VU(KHUI),THUOC KKT DINH VU, CAT HAI, P.DONG HAI 2,QUAN HAI AN, TP HAI PHONG","Lot Cn-17, Van Trung Industrial Park, Van Trung Ward, Viet Yen Town, Bac Giang Province",,,,,Vietnam,,,85076090,"SP686#&11003-0028832#&Bộ Pin Blueway VinaTI), model RVBAT85016 (DEP2990-VN), 30Z7012(Hill-4S1P)-48(33V+TI)#&VN,SP686#&11003-0028832#&Blueway VinaTI Battery Pack), model RVBAT85016 (DEP2990-VN), 30Z7012(Hill-4S1P)-48(33V+TI)#&VN",,53.0,Pieces,0.0,1193.4116,,,
2025-06-27,越南,美国,CÔNG TY TNHH TECHTRONIC TOOLS VIỆT NAM,MILWAUKEE ELECTRIC TOOL CORPORATION,"Lot I-14.5, D14 Street, Shtp, Tang Nhon Phu B Ward, Thu Duc City Ho Chi Minh City","13135 W.LISBON, ROAD BROOKFILED, WI 53005, UNITED STATES, US, US",,,,China,,,,85076039,"CP002626#&Hàng mẫu NK phục vụ nghiên cứu: Bộ pin sạc bằng Li-ion (18V, 8.0Ah), model 48-11-1881, nhãn hiệu Milwaukee - M18 18V Lithium-Ion REDLITHIUM FORGE XC 8.0 Ah Battery Pack. Mới 100%,CP002626#&Imported sample for research: Li-ion rechargeable battery pack (18V, 8.0Ah), model 48-11-1881, Milwaukee brand - M18 18V Lithium-Ion REDLITHIUM FORGE XC 8.0 Ah Battery Pack. 100% new",,2.0,Pieces,0.0,398.0,,,
2025-06-27,越南,美国,CÔNG TY TNHH TECHTRONIC TOOLS VIỆT NAM,MILWAUKEE ELECTRIC TOOL CORPORATION,"Lot I-14.5, D14 Street, Shtp, Tang Nhon Phu B Ward, Thu Duc City Ho Chi Minh City","13135 W.LISBON, ROAD BROOKFILED, WI 53005, UNITED STATES, US, US",,,,Malaysia,,,,85076039,"CP002624#&Hàng mẫu NK phục vụ nghiên cứu: Bộ pin sạc bằng Li-ion (18V, 5.0Ah), model 48-11-1850, nhãn hiệu Milwaukee - M18 18-Volt 5.0 Ah Lithium-Ion XC Extended Capacity Battery Pack. Mới 100%,CP002624#&Imported sample for research: Li-ion rechargeable battery pack (18V, 5.0Ah), model 48-11-1850, Milwaukee brand - M18 18-Volt 5.0 Ah Lithium-Ion XC Extended Capacity Battery Pack. 100% new",,2.0,Pieces,0.0,198.0,,,
2025-06-27,越南,美国,CÔNG TY TNHH TECHTRONIC TOOLS VIỆT NAM,MILWAUKEE ELECTRIC TOOL CORPORATION,"Lot I-14.5, D14 Street, Shtp, Tang Nhon Phu B Ward, Thu Duc City Ho Chi Minh City","13135 W.LISBON ROAD, BROOKFILED, WI 53005, UNITED STATES, US, US",,,,China,,,,85076039,"CP002623#&Hàng mẫu NK phục vụ nghiên cứu: Bộ pin sạc bằng Li-ion (18V, 6.0Ah), model 48-11-1861, nhãn hiệu Milwaukee - M18 18V Lithium-Ion REDLITHIUM FORGE 6.0 Ah Battery Pack. Mới 100%,CP002623#&Imported sample for research: Li-ion rechargeable battery pack (18V, 6.0Ah), model 48-11-1861, Milwaukee brand - M18 18V Lithium-Ion REDLITHIUM FORGE 6.0 Ah Battery Pack. 100% new",,7.0,Pieces,0.0,1743.0,,,
2025-06-27,越南,美国,CÔNG TY TNHH TECHTRONIC TOOLS VIỆT NAM,MILWAUKEE ELECTRIC TOOL CORPORATION,"Lot I-14.5, D14 Street, Shtp, Tang Nhon Phu B Ward, Thu Duc City Ho Chi Minh City","13135 W.LISBON, ROAD BROOKFILED, WI 53005, UNITED STATES, US, US",,,,China,,,,85076039,"CP002625#&Hàng mẫu NK phục vụ nghiên cứu: Bộ pin sạc bằng Li-ion (18V, 6.0Ah), model 48-11-1861, nhãn hiệu Milwaukee - M18 18V Lithium-Ion REDLITHIUM FORGE 6.0 Ah Battery Pack. Mới 100%,CP002625#&Imported sample for research: Li-ion rechargeable battery pack (18V, 6.0Ah), model 48-11-1861, Milwaukee brand - M18 18V Lithium-Ion REDLITHIUM FORGE 6.0 Ah Battery Pack. 100% new",,4.0,Pieces,0.0,996.0,,,
2025-06-27,越南,美国,CÔNG TY TNHH TECHTRONIC TOOLS VIỆT NAM,MILWAUKEE ELECTRIC TOOL CORPORATION,"Lot I-14.5, D14 Street, Shtp, Tang Nhon Phu B Ward, Thu Duc City Ho Chi Minh City","13135 W.LISBON, ROAD BROOKFILED, WI 53005, UNITED STATES, US, US",,,,China,,,,85076039,"CP002627#&Hàng mẫu NK phục vụ nghiên cứu: Bộ pin sạc bằng Li-ion (18V, 12Ah), model 48-11-1813, nhãn hiệu Milwaukee - M18 18V Lithium-Ion REDLITHIUM FORGE HD 12.0 Ah Battery Pack. Mới 100%,CP002627#&Imported sample for research: Li-ion rechargeable battery pack (18V, 12Ah), model 48-11-1813, Milwaukee brand - M18 18V Lithium-Ion REDLITHIUM FORGE HD 12.0 Ah Battery Pack. 100% new",,6.0,Pieces,0.0,1494.0,,,
2025-06-25,越南,美国,CÔNG TY TNHH HUADA VIỆT NAM,TECHTRONIC CORDLESS GP,"1st Floor, Nx 2, Rented from Greatstar Industrial Vietnam Co., Ltd., Lot Cn8, Nck Industrial Park, Hoang Lam-Tn-Hp","100 INNOVATION WAY, ANDERSON SC 29621, US, US",,,,China,,,,85076090,"91.32.07.0009#&Pin lithium-ion CAT.NO 48-11-2440 dùng cho dụng cụ đo cân bằng laser,pin sạc lại được, nhãn hiệu Milwaukee, 12V, 4.0Ah . Mới 100%,91.32.07.0009#&Lithium-ion battery CAT.NO 48-11-2440 for laser level measuring tools, rechargeable battery, Milwaukee brand, 12V, 4.0Ah. 100% new",,500.0,Pieces,0.0,6265.0,,,
2025-06-25,越南,美国,CÔNG TY TNHH HUADA VIỆT NAM,TECHTRONIC CORDLESS GP,"1st Floor, Nx 2, Rented from Greatstar Industrial Vietnam Co., Ltd., Lot Cn8, Nck Industrial Park, Hoang Lam-Tn-Hp","100 INNOVATION WAY, ANDERSON SC 29621, US, US",,,,China,,,,85076090,"91.32.07.0009#&Pin lithium-ion CAT.NO 48-11-2440 dùng cho dụng cụ đo cân bằng laser,pin sạc lại được, nhãn hiệu Milwaukee, 12V, 4.0Ah . Mới 100%,91.32.07.0009#&Lithium-ion battery CAT.NO 48-11-2440 for laser level measuring tools, rechargeable battery, Milwaukee brand, 12V, 4.0Ah. 100% new",,500.0,Pieces,0.0,6265.0,,,
2025-06-21,越南,越南,CONG TY TNHH SAM SUNG ELECTRONICS VIET NAM,CÔNG TY TNHH HOJEONG,"KCN YEN PHONG 1 YEN TRUNG, YEN PHONG, BAC NINH, VIET NAM, VN","Tam Son High-Tech Craft Village Industrial Cluster, Tam Son Commune, Tu Son City, Bac Ninh Province, Vietnam",,,,,Vietnam,,,85076090,"GH43-05254A#&PIN LITHIUM (PIN SẠC HOÀN CHỈNH)  (xuất trả 1 phần mục  48, TK: 107260463660/E21)#&VN,GH43-05254A#&LITHIUM BATTERY (COMPLETE RECHARGEABLE BATTERY) (return part of item 48, account: 107260463660/E21)#&VN",,1089.0,Pieces,0.0,5232.0646,,,
2025-06-20,越南,越南,TTI PARTNERS SPC ACTING FOR THE ACCOUNT OF MPV SP,CÔNG TY TNHH GREEN PLANET DISTRIBUTION CENTRE,"UNIT E-F, 26/F, CENTRO COMERCIAL DA PRAIA GRANDE, NO. 429 AVENIDA DA PRAIA GRANDE, MACAU, VN","Lot A3.1, Area A3, Road D2&N2, Tan Phu Trung Industrial Park, Tan Phu Trung Commune, Cu Chi District, Ho Chi Minh City, Vietnam",,,,,Vietnam,,,85076039,"133597300DG9#&Bộ pin sạc bằng Li-ion(18V - 6.0AH,108Wh),hiệu Ryobi, model:PBP017_P/P ASS'Y,18V-DC 6.0AH LI-ION PACK/WITH EVE 20P 2.0AH CELL/.Mới 100%.TKN:107203376340/E15.Dòng 48#&CN,133597300DG9#&Li-ion rechargeable battery pack (18V - 6.0AH,108Wh), Ryobi brand, model:PBP017_P/P ASS'Y,18V-DC 6.0AH LI-ION PACK/WITH EVE 20P 2.0AH CELL/.100% new.TKN:107203376340/E15.Line 48#&CN",,340.0,Pieces,0.0,7714.6952,,,
2025-06-19,越南,中国香港,CÔNG TY TNHH HUADA VIỆT NAM,PRIM' TOOLS LTD,"1st Floor, Nx 2, Rented from Greatstar Industrial Vietnam Co., Ltd., Lot Cn8, Nck Industrial Park, Hoang Lam-Tn-Hp","UNIT 17, 23/F, SEAPOWER TOWER, CONCORDIA PLAZA NO.1, SCIENCE MUSEUM ROAD, TSIM SHA TSUI EAST,KOWLOON, HK",,,,China,,,,85076090,"2730-3T10-02#&Pin lithium  XC 3.0  , model  48-11-1828  dùng cho dụng cụ đo cân bằng laser , nhãn hiệu Milwaukee, 18V . Mới 100%,2730-3T10-02#&XC 3.0 lithium battery, model 48-11-1828 for laser level measuring tool, Milwaukee brand, 18V. 100% new",,308.0,Pieces,0.0,7385.532,,,
2025-06-17,越南,越南,SAMSUNG ELECTRONICS VIETNAM CO LTD,CÔNG TY TNHH KHVATEC HANOI CHI NHÁNH,"KCN YEN PHONG I IZ, YEN TRUNG DISTRICT,YEN PHONG, BAC NINH PROVINCE, VIET NAM, VN","Lot A9, Que Vo Industrial Park, Phuong Lieu Ward, Que Vo Town, Bac Ninh Province, Vietnam",,,,,Vietnam,,,85076090,"GH43-05122A#&PIN LITHIUM (PIN SẠC HOÀN CHỈNH), xuất trả theo mục hàng số 48 của tờ khai 107162777520. Hàng mới 100%#&VN,GH43-05122A#&LITHIUM BATTERY (COMPLETE RECHARGEABLE BATTERY), returned under item number 48 of declaration 107162777520. 100% new#&VN",,1.0,Pieces,0.0,5.968,,,
2025-06-17,越南,越南,CONG TY TNHH SAMSUNG ELECTRONICS VIET NAM,CÔNG TY TNHH H&S TECH,"KCN YEN PHONG 1 - XA YEN TRUNG, YEN PHONG, BAC NINH, VN","Que Vo Industrial Park, Van Duong Ward, Bac Ninh City, Bac Ninh Province",,,,,Vietnam,,,85076039,"GH43-05197B#&PIN LITHIUM (PIN SẠC HOÀN CHỈNH) (tx mục 48 TKN 107091146630 ngày 10/04/2025),Hàng mới 100%#&VN,GH43-05197B#&LITHIUM BATTERY (COMPLETE RECHARGEABLE BATTERY) (item 48 TKN 107091146630 dated 04/10/2025),100% new#&VN",,916.0,Pieces,0.0,5092.96,,,
2025-06-17,越南,越南,CONG TY TNHH SAMSUNG ELECTRONICS VIET NAM,CÔNG TY TNHH H&S TECH,"KCN YEN PHONG 1 - XA YEN TRUNG, YEN PHONG, BAC NINH, VN","Que Vo Industrial Park, Van Duong Ward, Bac Ninh City, Bac Ninh Province",,,,,Vietnam,,,85076039,"GH43-05257A#&PIN LITHIUM (PIN SẠC HOÀN CHỈNH) (tx mục 48 TKN 107253901860 ngày 09/06/2025),Hàng mới 100%#&VN,GH43-05257A#&LITHIUM BATTERY (COMPLETE RECHARGEABLE BATTERY) (item 48 TKN 107253901860 dated 06/09/2025),100% new#&VN",,1753.0,Pieces,0.0,9311.2348,,,
2025-06-16,越南,美国,CÔNG TY TNHH HUADA VIỆT NAM,TECHTRONIC CORDLESS GP,"1st Floor, Nx 2, Rented from Greatstar Industrial Vietnam Co., Ltd., Lot Cn8, Nck Industrial Park, Hoang Lam-Tn-Hp","100 INNOVATION WAY, ANDERSON SC 29621, US, US",,,,China,,,,85076090,"91.32.07.0010#&Pin lithium-ion CAT.NO 48-11-2131 dùng cho dụng cụ đo cân bằng laser,pin sạc lại được, nhãn hiệu Milwaukee, 4V-DC 3.0Ah . Mới 100%,91.32.07.0010#&Lithium-ion battery CAT.NO 48-11-2131 for laser level measuring tools, rechargeable battery, Milwaukee brand, 4V-DC 3.0Ah. 100% new",,1600.0,Pieces,0.0,5408.0,,,
2025-06-16,越南,中国,CÔNG TY TNHH CÔNG NGHỆ UNI TREND VIỆT NAM,UNI TREND TECHNOLOGY CHINA CO LTD,"Factory Rbf.E & Rbf.F, Lot D, Thuan Thanh III Industrial Park, Sub-area B, Gia Dong Ward, Thuan Thanh Town, Bac Ninh","NO.6,INDUSTRIAL NORTH 1ST ROAD, SONGSHAN LAKE PARK,DONGGUAN CITY, GUANGDONG PROVINCE,CHINA, CN",,,,China,,,,85076090,"NL113#&Pin Lithium,điện áp: 3.7V, dung lượng: 3050mAh, kích thước: 64.8*48*11mm, hàng mới 100%. P/N: 110105400016X,NL113#&Lithium battery, voltage: 3.7V, capacity: 3050mAh, size: 64.8*48*11mm, 100% new. P/N: 110105400016X",,60.0,Pieces,0.0,773.334,,,
2025-06-16,越南,中国,CÔNG TY TNHH CÔNG NGHỆ UNI TREND VIỆT NAM,UNI TREND TECHNOLOGY CHINA CO LTD,"Factory Rbf.E & Rbf.F, Lot D, Thuan Thanh III Industrial Park, Sub-area B, Gia Dong Ward, Thuan Thanh Town, Bac Ninh","NO.6,INDUSTRIAL NORTH 1ST ROAD, SONGSHAN LAKE PARK,DONGGUAN CITY, GUANGDONG PROVINCE,CHINA, CN",,,,China,,,,85076090,"NL113#&Pin Lithium,điện áp: 3.7V, dung lượng: 3050mAh, kích thước: 64.8*48*11mm, hàng mới 100%. P/N: 110105400016X,NL113#&Lithium battery, voltage: 3.7V, capacity: 3050mAh, size: 64.8*48*11mm, 100% new. P/N: 110105400016X",,840.0,Pieces,0.0,10826.676,,,
2025-06-16,越南,美国,CÔNG TY TNHH HUADA VIỆT NAM,TECHTRONIC CORDLESS GP,"1st Floor, Nx 2, Rented from Greatstar Industrial Vietnam Co., Ltd., Lot Cn8, Nck Industrial Park, Hoang Lam-Tn-Hp","100 INNOVATION WAY, ANDERSON SC 29621, US, US",,,,China,,,,85076090,"91.32.07.0009#&Pin lithium-ion CAT.NO 48-11-2440 dùng cho dụng cụ đo cân bằng laser,pin sạc lại được, nhãn hiệu Milwaukee, 12V, 4.0Ah . Mới 100%,91.32.07.0009#&Lithium-ion battery CAT.NO 48-11-2440 for laser level measuring tools, rechargeable battery, Milwaukee brand, 12V, 4.0Ah. 100% new",,1968.0,Pieces,0.0,24659.04,,,
2025-06-16,越南,美国,CÔNG TY TNHH HUADA VIỆT NAM,TECHTRONIC CORDLESS GP,"1st Floor, Nx 2, Rented from Greatstar Industrial Vietnam Co., Ltd., Lot Cn8, Nck Industrial Park, Hoang Lam-Tn-Hp","100 INNOVATION WAY, ANDERSON SC 29621, US, US",,,,China,,,,85076090,"91.32.07.0010#&Pin lithium-ion CAT.NO 48-11-2131 dùng cho dụng cụ đo cân bằng laser,pin sạc lại được, nhãn hiệu Milwaukee, 4V-DC 3.0Ah . Mới 100%,91.32.07.0010#&Lithium-ion battery CAT.NO 48-11-2131 for laser level measuring tools, rechargeable battery, Milwaukee brand, 4V-DC 3.0Ah. 100% new",,1600.0,Pieces,0.0,5408.0,,,
2025-06-06,越南,越南,CONG TY TNHH SAMSUNG ELECTRONICS VIET NAM,CÔNG TY TNHH DA ALL VINA,"KHU CONG NGHIEP YEN PHONG I, XA YEN TRUNG, HUYEN YEN PHONG, TINH BAC NINH, VIET NAM, VN","Lot G3, Thuan Thanh III Industrial Park, Sub-area B, Quarter N, Gia Dong Ward, Thuan Thanh Town, Bac Ninh Province",,,,,Vietnam,,,85076039,"GH43-05271A#&PIN LITHIUM (PIN SẠC HOÀN CHỈNH) (mục 48 TK 107242999510)#&VN,GH43-05271A#&LITHIUM BATTERY (COMPLETE RECHARGEABLE BATTERY) (item 48 TK 107242999510)#&VN",,423.0,Pieces,0.0,2635.0823,,,
2025-05-21,越南,美国,CÔNG TY TNHH HUADA VIỆT NAM,TECHTRONIC CORDLESS GP,"1st Floor, Nx 2, Rented from Greatstar Industrial Vietnam Co., Ltd., Lot Cn8, Nck Industrial Park, Hoang Lam-Tn-Hp","100 INNOVATION WAY, ANDERSON SC 29621, US, US",,,,China,,,,85076090,"91.32.07.0009#&Pin lithium-ion CAT.NO 48-11-2440 dùng cho dụng cụ đo cân bằng laser , nhãn hiệu Milwaukee, 12V, 4.0Ah . Mới 100%,91.32.07.0009#&Lithium-ion battery CAT.NO 48-11-2440 for laser level measuring tool, Milwaukee brand, 12V, 4.0Ah. 100% new",,500.0,Pieces,0.0,6265.0,,,
2025-05-21,越南,美国,CÔNG TY TNHH HUADA VIỆT NAM,TECHTRONIC CORDLESS GP,"1st Floor, Nx 2, Rented from Greatstar Industrial Vietnam Co., Ltd., Lot Cn8, Nck Industrial Park, Hoang Lam-Tn-Hp","100 INNOVATION WAY, ANDERSON SC 29621, US, US",,,,China,,,,85076090,"91.32.07.0010#&Pin lithium-ion CAT.NO 48-11-2131 dùng cho dụng cụ đo cân bằng laser , nhãn hiệu Milwaukee, 4V-DC 3.0Ah . Mới 100%,91.32.07.0010#&Lithium-ion battery CAT.NO 48-11-2131 for laser level measuring tool, Milwaukee brand, 4V-DC 3.0Ah. 100% new",,528.0,Pieces,0.0,1784.64,,,
2025-05-21,越南,美国,CÔNG TY TNHH HUADA VIỆT NAM,TECHTRONIC CORDLESS GP,"1st Floor, Nx 2, Rented from Greatstar Industrial Vietnam Co., Ltd., Lot Cn8, Nck Industrial Park, Hoang Lam-Tn-Hp","100 INNOVATION WAY, ANDERSON SC 29621, US, US",,,,China,,,,85076090,"91.32.07.0009#&Pin lithium-ion CAT.NO 48-11-2440 dùng cho dụng cụ đo cân bằng laser , nhãn hiệu Milwaukee, 12V, 4.0Ah . Mới 100%,91.32.07.0009#&Lithium-ion battery CAT.NO 48-11-2440 for laser level measuring tool, Milwaukee brand, 12V, 4.0Ah. 100% new",,500.0,Pieces,0.0,6265.0,,,
2025-05-21,越南,美国,CÔNG TY TNHH HUADA VIỆT NAM,TECHTRONIC CORDLESS GP,"1st Floor, Nx 2, Rented from Greatstar Industrial Vietnam Co., Ltd., Lot Cn8, Nck Industrial Park, Hoang Lam-Tn-Hp","100 INNOVATION WAY, ANDERSON SC 29621, US, US",,,,China,,,,85076090,"91.32.07.0009#&Pin lithium-ion CAT.NO 48-11-2440 dùng cho dụng cụ đo cân bằng laser , nhãn hiệu Milwaukee, 12V, 4.0Ah . Mới 100%,91.32.07.0009#&Lithium-ion battery CAT.NO 48-11-2440 for laser level measuring tool, Milwaukee brand, 12V, 4.0Ah. 100% new",,1968.0,Pieces,0.0,24659.04,,,
2025-05-20,越南,越南,CONG TY TNHH SAMSUNG ELECTRONICS VIET NAM,CÔNG TY TNHH H&S TECH,"KCN YEN PHONG 1 - XA YEN TRUNG, YEN PHONG, BAC NINH, VN","Que Vo Industrial Park, Van Duong Ward, Bac Ninh City, Bac Ninh Province",,,,,Vietnam,,,85076039,"GH43-05257A#&PIN LITHIUM (PIN SẠC HOÀN CHỈNH) (tx mục 48 TKN 107168807210 ngày 09/05/2025),Hàng mới 100%#&VN,GH43-05257A#&LITHIUM BATTERY (COMPLETE RECHARGEABLE BATTERY) (item 48 TKN 107168807210 dated 09/05/2025),100% new#&VN",,1476.0,Pieces,0.0,7839.9216,,,
2025-05-20,越南,越南,CONG TY TNHH SAMSUNG ELECTRONICS VIET NAM,CÔNG TY TNHH H&S TECH,"KCN YEN PHONG 1 - XA YEN TRUNG, YEN PHONG, BAC NINH, VN","Que Vo Industrial Park, Van Duong Ward, Bac Ninh City, Bac Ninh Province",,,,,Vietnam,,,85076039,"GH43-05137A#&PIN LITHIUM (PIN SẠC HOÀN CHỈNH) (tx mục 48 TKN 106781902620 ngày 05/12/2024),Hàng mới 100%#&VN,GH43-05137A#&LITHIUM BATTERY (COMPLETE RECHARGEABLE BATTERY) (item 48 TKN 106781902620 dated 12/05/2024),100% new#&VN",,552.0,Pieces,0.0,4448.568,,,
2025-05-16,越南,中国,CÔNG TY CỔ PHẦN SẢN XUẤT VÀ KINH DOANH VINFAST,LIAONING LANKE INTELLIGENT INDUSTRIAL ELECTRICAL EQUIPMENT CO LTD,"Dinh Vu-Cat Hai Economic Zone, Cat Hai Island, Cat Hai Town, Cat Hai District, Hai Phong City, Vietnam","NO. 109-1 (NO. 109-1), QUANYUN ROAD, SHENYANG AREA, CHINA (LIAONING) PILOT FREE, CN",,,,China,,,,85076090,"Pin lithium LFP EV 48-80, HAWKER, điện áp 51.2V, sạc qua dock sạc, dùng cho xe tự hành AGV Siasun: AGV-M-A1000A(1), hàng mới 100%(1 SET=1PCE),LFP EV 48-80 lithium battery, HAWKER, voltage 51.2V, charging via charging dock, used for AGV Siasun self-propelled vehicle: AGV-M-A1000A(1), 100% new (1 SET=1PCE)",,3.0,Set,0.0,15413.22,,,
2025-05-16,越南,中国,CÔNG TY TNHH EXPANDER,SHANGHAI ZHONGSHENG INDUSTRIAL CO LTD,"97/4C Street No. 48 Branch 3, Hiep Binh Chanh Ward, Thu Duc City, Ho Chi Minh City, Vietnam","NO.5889 HUTAI ROAD, BAOSHAN DISTRICH, SHANGHAI, CHINA, CN",,,,China,,,,85076090,"Bình ắc quy Lithium 48(V) 700(AH) - dùng cho xe nâng điện, nhãn hiệu ZOSHENG, hàng mới 100%,Lithium battery 48(V) 700(AH) - used for electric forklifts, ZOSHENG brand, 100% new",,6.0,Set,0.0,19050.0,,,
2025-05-16,越南,中国,CÔNG TY TNHH EXPANDER,SHANGHAI ZHONGSHENG INDUSTRIAL CO LTD,"97/4C Street No. 48 Branch 3, Hiep Binh Chanh Ward, Thu Duc City, Ho Chi Minh City, Vietnam","NO.5889 HUTAI ROAD, BAOSHAN DISTRICH, SHANGHAI, CHINA, CN",,,,China,,,,85076090,"Bình ắc quy Lithium 48(V) 575(AH) - dùng cho xe nâng điện, nhãn hiệu ZOSHENG, hàng mới 100%,Lithium battery 48(V) 575(AH) - used for electric forklifts, ZOSHENG brand, 100% new",,4.0,Set,0.0,10440.0,,,
2025-05-14,越南,越南,CÔNG TY TNHH SAMSUNG ELECTRONICS VIỆT NAM,CONG TY TNHH SAMSUNG ELECTRONICS VIET NAM,"Yen Phong I Industrial Park, Yen Trung Commune, Yen Phong District, Bac Ninh","KCN YEN PHONG I - XA YEN TRUNG, HUYEN YEN PHONG, TINH BAC NINH, VN, ZZ",,,,China,,,,85076039,"GH43-05226A#&PIN LITHIUM (PIN SẠC HOÀN CHỈNH) (DÙNG CHO TAI NGHE KHÔNG DÂY)(Chuyển đổi mục đích sử dụng 48 chiếc mục 8 TK: 107135860750/E11_26/04/2025),GH43-05226A#&LITHIUM BATTERY (COMPLETE RECHARGEABLE BATTERY) (FOR WIRELESS HEADPHONES)(Convert the use of 48 pieces item 8 TK: 107135860750/E11_26/04/2025)",,48.0,Pieces,0.0,95.2145,,,
2025-05-12,越南,越南,CONG TY TNHH SAMSUNG ELECTRONICS VIET NAM THAI NGUYEN,CÔNG TY TNHH SR TECH,"KCN YEN BINH, PHUONG DONG TIEN, TP PHO YEN, TINH THAI NGUYEN, VN","Area B, Song Cong 1 Industrial Park, Cach Mang Thang 10 Street, Bach Quang Ward, Song Cong City, Thai Nguyen",,,,,Vietnam,,,85076039,"GH43-05255B#&PIN SẠC HOÀN CHỈNH (PIN LITHIUM) DÙNG CHO ĐIỆN THOẠI DI ĐỘNG (tái xuất mục 48 tờ khai nhập số 106994606940 ngày 06/03/2025) (hàng mới 100%)#&VN,GH43-05255B#&COMPLETE RECHARGEABLE BATTERY (LITHIUM BATTERY) FOR MOBILE PHONES (re-exported item 48 import declaration number 106994606940 dated 06/03/2025) (100% new)#&VN",,48.0,Pieces,0.0,248.5315,,,
2025-05-12,越南,中国香港,CÔNG TY TNHH TECHTRONIC TOOLS VIỆT NAM,TECHTRONIC PRODUCT DEVELOPMENT LTD,"Lot I-14.5, Road D14, High-Tech Park, Ward Tang Nhon Phu B, Thu Duc City, Ho Chi Minh City, Vietnam","28/F & 29/F, TOWER 2, KOWLOON COMMERCE CENTRE, 51 KWAI CHEONG ROAD, KWAI CHUNG, HONG KONG., HK",,,,China,,,,85076039,"CP002403#&Hàng mẫu NK phục vụ nghiên cứu: Bộ pin sạc bằng Li-ion (18V, 12Ah), model 48-11-1813, nhãn hiệu Milwaukee - Lithium Ion Batteries. Mới 100%,CP002403#&Imported sample for research: Li-ion rechargeable battery pack (18V, 12Ah), model 48-11-1813, Milwaukee brand - Lithium Ion Batteries. 100% new",,25.0,Pieces,0.0,2700.0,,,
2025-05-12,越南,美国,CÔNG TY TNHH TECHTRONIC TOOLS VIỆT NAM,MILWAUKEE ELECTRIC TOOL CORPORATION,"Lot I-14.5, Road D14, High-Tech Park, Ward Tang Nhon Phu B, Thu Duc City, Ho Chi Minh City, Vietnam","13135 W., LISBON ROAD BROOKFILED, WI 53005, UNITED STATES, UNITED STATES OF AMERICA, US",,,,China,,,,85076039,"CP002413#&Hàng mẫu NK phục vụ nghiên cứu: Bộ pin sạc bằng Li-ion (18V, 12Ah), model 48-11-1813, nhãn hiệu Milwaukee - M18 FORGE 12.0 Battery. Mới 100%,CP002413#&Imported sample for research: Li-ion rechargeable battery pack (18V, 12Ah), model 48-11-1813, Milwaukee brand - M18 FORGE 12.0 Battery. 100% new",,11.0,Pieces,0.0,2739.0,,,
2025-05-10,越南,越南,SAMSUNG ELECTRONICS VIET NAM CO LTD,CÔNG TY TNHH K TECH VINA,"YEN PHONG  I INDUSTRUAL PARK, YEN TRUNG COMMUNE, YEN PHONG DISTRICS, BAC NINH PROVINCE, VIET NAM, VN","Lot G5-Dai Dong Industrial Park, Hoan Son, Hoan Son Commune, Tien Du District, Bac Ninh Province, Vietnam",,,,,Vietnam,,,85076039,"GH43-05244A#&PIN LITHIUM (PIN SẠC HOÀN CHỈNH). Tái xuất mục hàng số 48 TK 107161209260/E21#&VN,GH43-05244A#&LITHIUM BATTERY (COMPLETE RECHARGEABLE BATTERY). Re-export of item number 48 TK 107161209260/E21#&VN",,74.0,Pieces,0.0,362.7859,,,
2025-05-09,越南,中国香港,CÔNG TY TNHH HUADA VIỆT NAM,PRIM' TOOLS LTD,"1st Floor, Nx 2, Rented from Greatstar Industrial Vietnam Co., Ltd., Lot Cn8, Nck Industrial Park, Hoang Lam-Tn-Hp","UNIT 17, 23/F, SEAPOWER TOWER, CONCORDIA PLAZA NO.1, SCIENCE MUSEUM ROAD, TSIM SHA TSUI EAST,KOWLOON, HK",,,,China,,,,85076090,"2730-3T10-02#&Pin lithium  XC 3.0  , model  48-11-1828  dùng cho dụng cụ đo cân bằng laser , nhãn hiệu Milwaukee, 18V . Mới 100%,2730-3T10-02#&XC 3.0 lithium battery, model 48-11-1828 for laser level measuring tool, Milwaukee brand, 18V. 100% new",,560.0,Pieces,0.0,13428.24,,,
2025-05-07,越南,中国,CÔNG TY TNHH MỘT THÀNH VIÊN ĐẦU TƯ PHÁT TRIỂN CÔNG NGHỆ LÊ ANH,IBUY IMPORT AND EXPORT CO LTD,"No. 5, Alley 281 Tam Trinh, Hoang Van Thu Ward, Hoang Mai District, Hanoi City","SOUTH OFFICE. 1ST FLOOR,C4 PLANT, ELECTRONICINFORMATION INDUSTRIAL, PARK,JU COUNTY ECONOMIC DEVELOPMENT, ZONE. JU COUNTY, RIZHAO, SHANDONG, CN",,,,China,,,,85076039,"Pin lithium lưu trữ điện năng - Lithium Ion Batteries, dùng cho hệ thống năng lượng mặt trời, model: SMART-BCT-V-48-200, 200Ah, 51.2V, NSX:iBUY Import and Export Mới 100%,Lithium battery for storing electricity - Lithium Ion Batteries, used for solar energy systems, model: SMART-BCT-V-48-200, 200Ah, 51.2V, Manufacturer: iBUY Import and Export 100% New",,7.0,Set,0.0,5460.0,,,
2025-04-25,越南,美国,CÔNG TY TNHH HUADA VIỆT NAM,TECHTRONIC CORDLESS GP,"1st Floor, Nx 2, Rented from Greatstar Industrial Vietnam Co., Ltd., Lot Cn8, Nck Industrial Park, Hoang Lam - Tan An - Hai Phong","100 INNOVATION WAY, ANDERSON SC 29621, US, US",,,,China,,,,85076090,"91.32.07.0008#&Pin lithium-ion  CAT.NO 48-11-2130 dùng cho dụng cụ đo cân bằng laser , nhãn hiệu Milwaukee, 12V, 3.0Ah . Mới 100%,91.32.07.0008#&Lithium-ion battery CAT.NO 48-11-2130 for laser level measuring tool, Milwaukee brand, 12V, 3.0Ah. 100% new",,1968.0,Pieces,0.0,16668.96,,,
2025-04-25,越南,美国,CÔNG TY TNHH HUADA VIỆT NAM,TECHTRONIC CORDLESS GP,"1st Floor, Nx 2, Rented from Greatstar Industrial Vietnam Co., Ltd., Lot Cn8, Nck Industrial Park, Hoang Lam - Tan An - Hai Phong","100 INNOVATION WAY, ANDERSON SC 29621, US, US",,,,China,,,,85076090,"91.32.07.0009#&Pin lithium-ion CAT.NO 48-11-2440 dùng cho dụng cụ đo cân bằng laser , nhãn hiệu Milwaukee, 12V, 4.0Ah . Mới 100%,91.32.07.0009#&Lithium-ion battery CAT.NO 48-11-2440 for laser level measuring tool, Milwaukee brand, 12V, 4.0Ah. 100% new",,1248.0,Pieces,0.0,15637.44,,,
2025-04-24,越南,美国,CÔNG TY CỔ PHẦN SẢN XUẤT VÀ KINH DOANH VINFAST,HUMANETICS INNOVATIVE SOLUTIONS INC,"Dinh Vu-Cat Hai Economic Zone, Cat Hai Island, Cat Hai Town, Cat Hai District, Hai Phong City, Vietnam","23300 HAGGERTY ROAD, FARMINGTON HILLS, MICHIGAN, USA 48335, US",,,,United States of America,,,,85076090,"Pin Lithium hai cực, điện áp 48 V dùng cho Robot trong bài thử nghiệm an toàn, năm sản xuất: 2025. Hàng mới 100%,Bipolar Lithium Battery, 48V Voltage Used for Robot in Safety Test, Year of Manufacture: 2025. 100% New",,2.0,Pieces,0.0,6000.03,,,
2025-04-17,越南,越南,CONG TY TNHH SAMSUNG ELECTRONICS VIET NAM,CÔNG TY TNHH H&S TECH,"KCN YEN PHONG 1 - XA YEN TRUNG, YEN PHONG, BAC NINH, VN","Que Vo Industrial Park, Van Duong Ward, Bac Ninh City, Bac Ninh Province",,,,,Vietnam,,,85076039,"GH43-05197B#&PIN LITHIUM (PIN SẠC HOÀN CHỈNH) (tx mục 48 TKN 107091146630 ngày 10/04/2025),Hàng mới 100%#&VN,GH43-05197B#&LITHIUM BATTERY (COMPLETE RECHARGEABLE BATTERY) (item 48 TKN 107091146630 dated 04/10/2025),100% new#&VN",,67.0,Pieces,0.0,372.52,,,
2025-04-16,越南,美国,CÔNG TY TNHH HUADA VIỆT NAM,TECHTRONIC CORDLESS GP,"1st Floor, Nx 2, Rented from Greatstar Industrial Vietnam Co., Ltd., Lot Cn8, Nck Industrial Park, Hoang Lam - Tan An - Hai Phong","100 INNOVATION WAY, ANDERSON SC 29621, US, US",,,,China,,,,85076090,"91.32.07.0010#&Pin lithium-ion CAT.NO 48-11-2131 dùng cho dụng cụ đo cân bằng laser , nhãn hiệu Milwaukee, 4V-DC 3.0Ah . Mới 100%,91.32.07.0010#&Lithium-ion battery CAT.NO 48-11-2131 for laser level measuring tool, Milwaukee brand, 4V-DC 3.0Ah. 100% new",,1488.0,Pieces,0.0,5029.44,,,
2025-04-16,越南,美国,CÔNG TY TNHH HUADA VIỆT NAM,TECHTRONIC CORDLESS GP,"1st Floor, Nx 2, Rented from Greatstar Industrial Vietnam Co., Ltd., Lot Cn8, Nck Industrial Park, Hoang Lam - Tan An - Hai Phong","100 INNOVATION WAY, ANDERSON SC 29621, US, US",,,,China,,,,85076090,"91.32.07.0009#&Pin lithium-ion CAT.NO 48-11-2440 dùng cho dụng cụ đo cân bằng laser , nhãn hiệu Milwaukee, 12V, 4.0Ah . Mới 100%,91.32.07.0009#&Lithium-ion battery CAT.NO 48-11-2440 for laser level measuring tool, Milwaukee brand, 12V, 4.0Ah. 100% new",,1968.0,Pieces,0.0,24659.04,,,
2025-04-16,越南,美国,CÔNG TY TNHH HUADA VIỆT NAM,TECHTRONIC CORDLESS GP,"1st Floor, Nx 2, Rented from Greatstar Industrial Vietnam Co., Ltd., Lot Cn8, Nck Industrial Park, Hoang Lam - Tan An - Hai Phong","100 INNOVATION WAY, ANDERSON SC 29621, US, US",,,,China,,,,85076090,"91.32.07.0009#&Pin lithium-ion CAT.NO 48-11-2440 dùng cho dụng cụ đo cân bằng laser , nhãn hiệu Milwaukee, 12V, 4.0Ah . Mới 100%,91.32.07.0009#&Lithium-ion battery CAT.NO 48-11-2440 for laser level measuring tool, Milwaukee brand, 12V, 4.0Ah. 100% new",,500.0,Pieces,0.0,6265.0,,,
2025-04-11,越南,越南,CONG TY TNHH SAMSUNG ELECTRONICS VIET NAM THAI NGUYEN,CÔNG TY TNHH SR TECH,"KCN YEN BINH, PHUONG DONG TIEN, TP PHO YEN, TINH THAI NGUYEN, VN","Area B, Song Cong 1 Industrial Park, Cach Mang Thang 10 Street, Bach Quang Ward, Song Cong City, Thai Nguyen",,,,,Vietnam,,,85076039,"GH43-05255B#&PIN SẠC HOÀN CHỈNH (PIN LITHIUM) DÙNG CHO ĐIỆN THOẠI DI ĐỘNG (tái xuất mục 48 tờ khai nhập số 106994606940 ngày 06/03/2025) (hàng mới 100%)#&VN,GH43-05255B#&COMPLETE RECHARGEABLE BATTERY (LITHIUM BATTERY) FOR MOBILE PHONES (re-exported item 48 import declaration number 106994606940 dated 06/03/2025) (100% new)#&VN",,24.0,Pieces,0.0,124.2657,,,
2025-04-09,越南,中国香港,CÔNG TY TNHH HUADA VIỆT NAM,PRIM' TOOLS LTD,"1st Floor, Nx 2, Rented from Greatstar Industrial Vietnam Co., Ltd., Lot Cn8, Nck Industrial Park, Hoang Lam - Tan An - Hai Phong","UNIT 17, 23/F, SEAPOWER TOWER, CONCORDIA PLAZA NO.1, SCIENCE MUSEUM ROAD, TSIM SHA TSUI EAST,KOWLOON, HK",,,,China,,,,85076090,"2730-3T10-02#&Pin lithium  XC 3.0  , model  48-11-1828  dùng cho dụng cụ đo cân bằng laser , nhãn hiệu Milwaukee, 18V . Mới 100%,2730-3T10-02#&XC 3.0 lithium battery, model 48-11-1828 for laser level measuring tool, Milwaukee brand, 18V. 100% new",,812.0,Pieces,0.0,19470.948,,,
2025-04-09,越南,中国,CTY TNHH SẢN XUẤT VÀ THƯƠNG MẠI LỰC XƯƠNG,NOBLELIFT INTELLIGENT EQUIPMENT CO LTD,351 Su Van Hanh - Ward 12 - District 10 - Ho Chi Minh City.,"NO.528 CHANGZHOU ROAD, TAIHU SUB-DISTRICT, CHANGXING, ZHEJIANG 313100, CHINA, CN",,,,China,,,,85076090,"BÌNH ĐIỆN bằng ion liti - PTE20N-508537010000-LiFePO4 Battery, model FDE-Li-48-20-NL,điện áp 48V20AH,chất liệu Li-ION,nhãn hiệu Fordeary,sử dụng cho xe điện PTE20N. Hàng mới 100%,Lithium ion battery - PTE20N-508537010000-LiFePO4 Battery, model FDE-Li-48-20-NL, voltage 48V20AH, material Li-ION, brand Fordeary, used for electric vehicle PTE20N. 100% new",,10.0,Pieces,0.0,3430.0,,,
2025-03-31,越南,美国,CÔNG TY TNHH HUADA VIỆT NAM,TECHTRONIC CORDLESS GP,"1st floor, NX 2, rented from Greatstar Industrial Vietnam Co., Ltd., Lot CN8, NCK Industrial Park, Hoang Lam-TN-HP","100 INNOVATION WAY, ANDERSON SC 29621, US, US",,,,China,,,,85076090,"91.32.07.0010#&Pin lithium-ion CAT.NO 48-11-2131 dùng cho dụng cụ đo cân bằng laser , nhãn hiệu Milwaukee, 4V-DC 3.0Ah . Mới 100%,91.32.07.0010#&Lithium-ion battery CAT.NO 48-11-2131 for laser level measuring tool, Milwaukee brand, 4V-DC 3.0Ah. 100% new",,464.0,Pieces,0.0,1568.32,,,
2025-03-31,越南,美国,CÔNG TY TNHH HUADA VIỆT NAM,TECHTRONIC CORDLESS GP,"1st floor, NX 2, rented from Greatstar Industrial Vietnam Co., Ltd., Lot CN8, NCK Industrial Park, Hoang Lam-TN-HP","100 INNOVATION WAY, ANDERSON SC 29621, US, US",,,,China,,,,85076090,"91.32.07.0009#&Pin lithium-ion CAT.NO 48-11-2440 dùng cho dụng cụ đo cân bằng laser , nhãn hiệu Milwaukee, 12V, 4.0Ah . Mới 100%,91.32.07.0009#&Lithium-ion battery CAT.NO 48-11-2440 for laser level measuring tool, Milwaukee brand, 12V, 4.0Ah. 100% new",,1968.0,Pieces,0.0,24659.04,,,
2025-03-24,越南,中国,CÔNG TY TNHH XUẤT NHẬP KHẨU & THƯƠNG MẠI MIMO HÀ NỘI,HUBEI MIMO TRADING CO LTD,"Lot E10, Lane 461 Nguyen Van Linh Street, Phuc Dong Ward, Long Bien District, Hanoi City, Vietnam","1#-1 GROUP YUJIAWAN COMMUNITY, HUANGZHOU DISTRICT, HUANGGANG CITY, HUBEI PROVINCE, CHINA, CN",,,,China,,,,85076039,"Bộ pin lithilum, Model:48-840, hiệu Xindoo, loại LiFePo4, SeriNo: XD-48840-250124001-01BDJ; dùng cho xe nâng điện, Nsx: AnHui XinDong New Energy Technology Co.,Ltd. Hàng mới 100%,Lithium battery pack, Model: 48-840, Xindoo brand, LiFePo4 type, SeriNo: XD-48840-250124001-01BDJ; used for electric forklifts, Manufacturer: AnHui XinDong New Energy Technology Co.,Ltd. 100% new",,1.0,Pieces,0.0,8000.0,,,
2025-03-20,越南,美国,CÔNG TY TNHH HUADA VIỆT NAM,TECHTRONIC CORDLESS GP,"1st floor, NX 2, rented from Greatstar Industrial Vietnam Co., Ltd., Lot CN8, NCK Industrial Park, Hoang Lam-TN-HP","100 INNOVATION WAY, ANDERSON SC 29621, US, US",,,,China,,,,85076090,"91.32.07.0008#&Pin lithium-ion  CAT.NO 48-11-2130 dùng cho dụng cụ đo cân bằng laser , nhãn hiệu Milwaukee, 12V, 3.0Ah . Mới 100%,91.32.07.0008#&Lithium-ion battery CAT.NO 48-11-2130 for laser level measuring tool, Milwaukee brand, 12V, 3.0Ah. 100% new",,1968.0,Pieces,0.0,16668.96,,,
2025-03-10,越南,美国,CÔNG TY TNHH HUADA VIỆT NAM,TECHTRONIC CORDLESS GP,"1st floor, NX 2, rented from Greatstar Industrial Vietnam Co., Ltd., Lot CN8, NCK Industrial Park, Hoang Lam-TN-HP","100 INNOVATION WAY, ANDERSON SC 29621, US, US",,,,China,,,,85076090,"91.32.07.0009#&Pin lithium-ion CAT.NO 48-11-2440 dùng cho dụng cụ đo cân bằng laser , nhãn hiệu Milwaukee, 12V, 4.0Ah . Mới 100%,91.32.07.0009#&Lithium-ion battery CAT.NO 48-11-2440 for laser level measuring tool, Milwaukee brand, 12V, 4.0Ah. 100% new",,3936.0,Pieces,0.0,49318.08,,,
2025-02-27,越南,美国,CÔNG TY TNHH HUADA VIỆT NAM,TECHTRONIC CORDLESS GP,"1st Floor, Nx 2, Rented from Greatstar Industrial Vietnam Co., Ltd., Lot Cn8, Nck Industrial Park, Hoang Lam-Tn-Hp","100 INNOVATION WAY, ANDERSON SC 29621, US, US",,,,China,,,,85076090,"91.32.07.0010#&Pin lithium-ion CAT.NO 48-11-2131 dùng cho dụng cụ đo cân bằng laser , nhãn hiệu Milwaukee, 4V-DC 3.0Ah . Mới 100%,91.32.07.0010#&Lithium-ion battery CAT.NO 48-11-2131 for laser level measuring tool, Milwaukee brand, 4V-DC 3.0Ah. 100% new",,5292.0,Pieces,0.0,17886.96,,,
2025-02-21,越南,中国香港,CÔNG TY TNHH HUADA VIỆT NAM,PRIM' TOOLS LTD,"1st Floor, Nx 2, Rented from Greatstar Industrial Vietnam Co., Ltd., Lot Cn8, Nck Industrial Park, Hoang Lam-Tn-Hp","UNIT 17, 23/F, SEAPOWER TOWER, CONCORDIA PLAZA NO.1, SCIENCE MUSEUM ROAD, TSIM SHA TSUI EAST,KOWLOON, HK",,,,China,,,,85076090,"2730-3T10-02#&Pin lithium  XC 3.0  , model  48-11-1828  dùng cho dụng cụ đo cân bằng laser , nhãn hiệu Milwaukee, 18V . Mới 100%,2730-3T10-02#&XC 3.0 lithium battery, model 48-11-1828 for laser level measuring tool, Milwaukee brand, 18V. 100% new",,1120.0,Pieces,0.0,26856.48,,,
2025-02-21,越南,越南,CONG TY TNHH SAM SUNG ELECTRONICS VIET NAM,CÔNG TY TNHH HOJEONG,,"Cụm CN làng nghề công nghệ cao Tam Sơn, xã Tam Sơn, Tp Từ Sơn, Tỉnh Bắc Ninh, Việt Nam",,,,,Vietnam,,,85076090,"GH43-05254A#&PIN LITHIUM (PIN SẠC HOÀN CHỈNH) (xuất trả 1 phần mục 48 TK: 106934907110/E21)#&VN,GH43-05254A#&LITHIUM BATTERY (COMPLETE RECHARGEABLE BATTERY) (return part of item 48 TK: 106934907110/E21)#&VN",,1.0,Pieces,0.0,4.9269,,,
2025-02-13,越南,中国,CÔNG TY TNHH THƯƠNG MẠI VÀ XUẤT NHẬP KHẨU TRƯỜNG THÔNG,GUANGXI PINGXIANG SHENGHE IMPORT AND EXPORT TRADE CO LTD,"No. 66, Bui Thi Xuan Street, Vinh Trai Ward, Lang Son City, Lang Son, Vietnam","NO.2-502, BUILDING 4, YIPIN MINGFU, NO.2 SOUTH PINGXIANG ROAD, CHONGZUO DISTRICT, CHINA, (GUANGXI) PILOTFREE TRADE ZONE., CN",,,,China,,,,85076090,"Phụ tùng xe nâng PTE20N (loại xe sức nâng 2T): Bình ắc qui Li-Ion (Lithium-Ion). Nhãn hiệu: FORDEARY. Model: FDE-Li-48-20-NL, dung lượng bình: 48V- 20Ah. Mới 100%,Forklift spare parts PTE20N (2T capacity): Li-Ion battery. Brand: FORDEARY. Model: FDE-Li-48-20-NL, battery capacity: 48V- 20Ah. 100% new",,15.0,Pieces,0.0,3360.0,,,
2025-02-11,越南,中国香港,CÔNG TY TNHH TECHTRONIC TOOLS VIỆT NAM,TTI PARTNERS SPC ACTING FOR THE ACCOUNT OF MPV SP,"Lot I-14.5, Road D14, High-Tech Park, Ward Tang Nhon Phu B, Thu Duc City, Ho Chi Minh City, Vietnam","UNIT E-F 26/F, CENTRO COMERCIAL DA PRAIA GRANDE, NO. 429 AVENIDA DA PRAIA GRANDE, MACAU, HK",,,,China,,,,85076090,"CP001994#&Pin sạc bằng Lithium (18V, 8Ah, 144Wh), hiệu Milwaukee, model 48-11-1881, dùng cho dụng cụ cầm tay -  Lithium Ion Batteries. Mới 100%,CP001994#&Lithium rechargeable battery (18V, 8Ah, 144Wh), Milwaukee brand, model 48-11-1881, for hand tools - Lithium Ion Batteries. 100% new",,10.0,Pieces,0.0,1990.0,,,
2025-02-11,越南,中国香港,CÔNG TY TNHH TECHTRONIC TOOLS VIỆT NAM,TTI PARTNERS SPC ACTING FOR THE ACCOUNT OF MPV SP,"Lot I-14.5, Road D14, High-Tech Park, Ward Tang Nhon Phu B, Thu Duc City, Ho Chi Minh City, Vietnam","UNIT E-F 26/F, CENTRO COMERCIAL DA PRAIA GRANDE, NO. 429 AVENIDA DA PRAIA GRANDE, MACAU, HK",,,,China,,,,85076090,"CP001995#&Pin sạc bằng Lithium (18V, 12Ah, 216Wh), hiệu Milwaukee, model 48-11-1813, dùng cho dụng cụ cầm tay -  Lithium Ion Batteries. Mới 100%,CP001995#&Lithium rechargeable battery (18V, 12Ah, 216Wh), Milwaukee brand, model 48-11-1813, for hand tools - Lithium Ion Batteries. 100% new",,22.0,Pieces,0.0,5478.0,,,
2025-02-10,越南,中国,CÔNG TY TNHH MỘT THÀNH VIÊN ĐẦU TƯ PHÁT TRIỂN CÔNG NGHỆ LÊ ANH,BLUE CARBON TECHNOLOGY INC,"No. 5, Alley 281 Tam Trinh, Hoang Van Thu Ward, Hoang Mai District, Hanoi City","NO. C1,TECHNOLOGY INNOVATION CENTER, HIGH-TECH ZONE,276800 RIZHAO, SHANDONG PROVINCE, CHINA, CN",,,,China,,,,85076090,"Ắc quy bằng Lithium ion, mã hàng: BCT-V-48-100, dung lượng: 100Ah/ 51.2V, Hãng sx: BLUE CARBON, Hàng mới 100%,Lithium ion battery, item code: BCT-V-48-100, capacity: 100Ah/ 51.2V, Manufacturer: BLUE CARBON, 100% new",,1.0,Pieces,0.0,505.575,,,
2025-02-10,越南,中国香港,CÔNG TY TNHH HUADA VIỆT NAM,PRIM' TOOLS LTD,"1st Floor, Nx 2, Rented from Greatstar Industrial Vietnam Co., Ltd., Lot Cn8, Nck Industrial Park, Hoang Lam-Tn-Hp","UNIT 17, 23/F, SEAPOWER TOWER, CONCORDIA PLAZA NO.1, SCIENCE MUSEUM ROAD, TSIM SHA TSUI EAST,KOWLOON, HK",,,,China,,,,85076090,"2730-3T10-02#&Pin lithium  XC 3.0  , model  48-11-1828  dùng cho dụng cụ đo cân bằng laser , nhãn hiệu Milwaukee, 18V . Mới 100%,2730-3T10-02#&XC 3.0 lithium battery, model 48-11-1828 for laser level measuring tool, Milwaukee brand, 18V. 100% new",,560.0,Pieces,0.0,13428.24,,,
2025-02-08,越南,越南,SAMSUNG ELECTRONICS VIET NAM CO LTD,CÔNG TY TNHH K TECH VINA,,"Lô G5-KCN Đại Đồng,Hoàn Sơn,xã Hoàn Sơn,huyện Tiên Du, tỉnh Bắc Ninh, Việt Nam",,,,,Vietnam,,,85076039,"GH43-05203A#&PIN LITHIUM (PIN SẠC HOÀN CHỈNH). Tái xuất mục hàng số 48 TK 106923104960/E21#&VN,GH43-05203A#&LITHIUM BATTERY (COMPLETE RECHARGEABLE BATTERY). Re-export of item number 48 TK 106923104960/E21#&VN",,465.0,Pieces,0.0,3227.9356,,,
2025-02-07,越南,美国,CÔNG TY TNHH HUADA VIỆT NAM,TECHTRONIC CORDLESS GP,"1st Floor, Nx 2, Rented from Greatstar Industrial Vietnam Co., Ltd., Lot Cn8, Nck Industrial Park, Hoang Lam-Tn-Hp","100 INNOVATION WAY, ANDERSON SC 29621, US, US",,,,China,,,,85076090,"91.32.07.0010#&Pin lithium-ion CAT.NO 48-11-2131 dùng cho dụng cụ đo cân bằng laser , nhãn hiệu Milwaukee, 4V-DC 3.0Ah . Mới 100%,91.32.07.0010#&Lithium-ion battery CAT.NO 48-11-2131 for laser level measuring tool, Milwaukee brand, 4V-DC 3.0Ah. 100% new",,13252.0,Pieces,0.0,44791.76,,,
2025-02-07,越南,美国,CÔNG TY TNHH HUADA VIỆT NAM,TECHTRONIC CORDLESS GP,"1st Floor, Nx 2, Rented from Greatstar Industrial Vietnam Co., Ltd., Lot Cn8, Nck Industrial Park, Hoang Lam-Tn-Hp","100 INNOVATION WAY, ANDERSON SC 29621, US, US",,,,China,,,,85076090,"91.32.07.0010#&Pin lithium-ion CAT.NO 48-11-2131 dùng cho dụng cụ đo cân bằng laser , nhãn hiệu Milwaukee, 4V-DC 3.0Ah . Mới 100%,91.32.07.0010#&Lithium-ion battery CAT.NO 48-11-2131 for laser level measuring tool, Milwaukee brand, 4V-DC 3.0Ah. 100% new",,360.0,Pieces,0.0,1216.8,,,
2025-02-06,越南,中国香港,CÔNG TY TNHH TECHTRONIC TOOLS VIỆT NAM,TTI PARTNERS SPC ACTING FOR THE ACCOUNT OF MPV SP,"Lot I-14.5, Road D14, High-Tech Park, Ward Tang Nhon Phu B, Thu Duc City, Ho Chi Minh City, Vietnam","UNIT E-F 26/F, CENTRO COMERCIAL DA PRAIA GRANDE, NO. 429 AVENIDA DA PRAIA GRANDE, MACAU, HK",,,,China,,,,85076090,"CP001991#&Pin sạc bằng lithium (18V, 12Ah), kích thước (147 x 86 x 104)mm, hiệu Milwaukee, model 48-11-1813 - Lithium Ion Batteries. Hàng mới 100%,CP001991#&Lithium rechargeable battery (18V, 12Ah), size (147 x 86 x 104)mm, Milwaukee brand, model 48-11-1813 - Lithium Ion Batteries. 100% new",,30.0,Pieces,0.0,3240.0,,,
2025-01-22,越南,美国,CÔNG TY TNHH HUADA VIỆT NAM,TECHTRONIC CORDLESS GP,"1st Floor, Nx 2, Rented from Greatstar Industrial Vietnam Co., Ltd., Lot Cn8, Nck Industrial Park, Hoang Dong-Tn-Hp","100 INNOVATION WAY, ANDERSON SC 29621, US, US",,,,China,,,,85076090,"91.32.07.0009#&Pin lithium-ion CAT.NO 48-11-2440 dùng cho dụng cụ đo cân bằng laser , nhãn hiệu Milwaukee, 12V, 4.0Ah . Mới 100%,91.32.07.0009#&Lithium-ion battery CAT.NO 48-11-2440 for laser level measuring tool, Milwaukee brand, 12V, 4.0Ah. 100% new",,13776.0,Pieces,0.0,172613.28,,,
2025-01-15,越南,中国香港,CÔNG TY TNHH HUADA VIỆT NAM,PRIM' TOOLS LTD,"1st Floor, Nx 2, Rented from Greatstar Industrial Vietnam Co., Ltd., Lot Cn8, Nck Industrial Park, Hoang Dong-Tn-Hp","UNIT 17, 23/F, SEAPOWER TOWER, CONCORDIA PLAZA NO.1, SCIENCE MUSEUM ROAD, TSIM SHA TSUI EAST,KOWLOON, HK",,,,China,,,,85076090,"2730-3T10-02#&Pin lithium  XC 3.0  , model  48-11-1828  dùng cho dụng cụ đo cân bằng laser , nhãn hiệu Milwaukee, 18V . Mới 100%,2730-3T10-02#&XC 3.0 lithium battery, model 48-11-1828 for laser level measuring tool, Milwaukee brand, 18V. 100% new",,812.0,Pieces,0.0,19470.948,,,
2025-01-09,越南,美国,CÔNG TY TNHH HUADA VIỆT NAM,TECHTRONIC CORDLESS GP,"1st Floor, Nx 2, Rented from Greatstar Industrial Vietnam Co., Ltd., Lot Cn8, Nck Industrial Park, Hoang Dong-Tn-Hp","100 INNOVATION WAY, ANDERSON SC 29621, US, US",,,,China,,,,85076090,"91.32.07.0009#&Pin lithium-ion CAT.NO 48-11-2440 dùng cho dụng cụ đo cân bằng laser , nhãn hiệu Milwaukee, 12V, 4.0Ah . Mới 100%,91.32.07.0009#&Lithium-ion battery CAT.NO 48-11-2440 for laser level measuring tool, Milwaukee brand, 12V, 4.0Ah. 100% new",,3936.0,Pieces,0.0,49318.08,,,
2024-12-31,越南,越南,SAMSUNG ELECTRONICS VIETNAM CO LTD,CÔNG TY TNHH KHVATEC HANOI CHI NHÁNH,"KCN YEN PHONG I IZ, YEN TRUNG DISTRICT,YEN PHONG, BAC NINH PROVINCE, VIET NAM, VN","Lot A9, Que Vo Industrial Park, Phuong Lieu Ward, Que Vo Town, Bac Ninh Province, Vietnam",,,,,Vietnam,CTY TNHH KHVATEC HANOI-CHI NHANH,"SAMSUNG ELECTRONICS VIETNAM CO.,LTD",85076090,"GH43-05125A#&PIN LITHIUM (PIN SẠC HOÀN CHỈNH), xuất trả theo mục hàng số 48 của tờ khai 106819256940. Hàng mới 100%#&VN,GH43-05125A#&LITHIUM BATTERY (COMPLETE RECHARGEABLE BATTERY), returned under item number 48 of declaration 106819256940. 100% new#&VN",,23.0,Pieces,0.0,146.6294,122400035293086,,
2024-12-26,越南,中国香港,CÔNG TY TNHH HUADA VIỆT NAM,PRIM' TOOLS LTD,"1st Floor, Nx 2, Rented from Greatstar Industrial Vietnam Co., Ltd., Lot Cn8, Nck Industrial Park, Hoang Dong-Tn-Hp","UNIT 17, 23/F, SEAPOWER TOWER, CONCORDIA PLAZA NO.1, SCIENCE MUSEUM ROAD, TSIM SHA TSUI EAST,KOWLOON, HK",,,,China,,CHINA,CUA KHAU HUU NGHI (LANG SON),85076090,"2730-3T10-02#&Pin lithium  XC 3.0  , model  48-11-1828  dùng cho dụng cụ đo cân bằng laser , nhãn hiệu Milwaukee, 18V . Mới 100%,2730-3T10-02#&XC 3.0 lithium battery, model 48-11-1828 for laser level measuring tool, Milwaukee brand, 18V. 100% new",,1617.0,Pieces,0.0,38774.043,ZY20241225-053,,
2024-12-23,越南,中国,CÔNG TY TNHH NTECH SOLUTIONS,DC TIMES TECHNOLOGY INC,"H20 Park Riverside Residential Area, 101 Bung Ong Thoan, Phu Huu Ward, Thu Duc, Ho Chi Minh City","DONGGUAN TOWN, RIZHAO276800, SHANDONG PROVINCE, CHINA, CN",,,,China,,YANTIAN,CANG CAN TAN CANG NT,85076090,"Ắc Quy Lithium BLUECARBON 48V300Ah, Công suất: 15,36 KWH, Mã SMART-OLV 48-300(P), NSX: DC TIMES TECHNOLOGY INC. Mới 100%,BLUECARBON Lithium Battery 48V300Ah, Capacity: 15.36 KWH, Code SMART-OLV 48-300(P), Manufacturer: DC TIMES TECHNOLOGY INC. 100% New",,5.0,Set,0.0,4650.0,141224HH2412237,,
2024-12-23,越南,中国,CÔNG TY TNHH NTECH SOLUTIONS,DC TIMES TECHNOLOGY INC,"H20 Park Riverside Residential Area, 101 Bung Ong Thoan, Phu Huu Ward, Thu Duc, Ho Chi Minh City","DONGGUAN TOWN, RIZHAO276800, SHANDONG PROVINCE, CHINA, CN",,,,China,,YANTIAN,CANG CAN TAN CANG NT,85076090,"Ắc Quy Lithium BLUECARBON 48V200Ah, Công suất: 10,24 KWH, Mã SMART-OLV 48-200(P), NSX: DC TIMES TECHNOLOGY INC. Mới 100%,BLUECARBON Lithium Battery 48V200Ah, Capacity: 10.24 KWH, Code SMART-OLV 48-200(P), Manufacturer: DC TIMES TECHNOLOGY INC. 100% New",,10.0,Set,0.0,8300.0,141224HH2412237,,
2024-12-23,越南,中国,CÔNG TY TNHH NTECH SOLUTIONS,DC TIMES TECHNOLOGY INC,"H20 Park Riverside Residential Area, 101 Bung Ong Thoan, Phu Huu Ward, Thu Duc, Ho Chi Minh City","DONGGUAN TOWN, RIZHAO276800, SHANDONG PROVINCE, CHINA, CN",,,,China,,YANTIAN,CANG CAN TAN CANG NT,85076090,"Ắc Quy Lithium BLUECARBON 48V100Ah, Công suất: 5,12 KWH, Mã SMART-DC-V-48-100(P), NSX: DC TIMES TECHNOLOGY INC. Mới 100%,BLUECARBON Lithium Battery 48V100Ah, Capacity: 5.12 KWH, Code SMART-DC-V-48-100(P), Manufacturer: DC TIMES TECHNOLOGY INC. 100% New",,5.0,Set,0.0,2100.0,141224HH2412237,,
2024-12-20,越南,越南,CONG TY TNHH SAMSUNG ELECTRONICS VIET NAM,CÔNG TY TNHH H&S TECH,"KCN YEN PHONG 1 - XA YEN TRUNG, YEN PHONG, BAC NINH, VN","Que Vo Industrial Park, Van Duong Ward, Bac Ninh City, Bac Ninh Province",,,,,Vietnam,CONG TY TNHH SAMSUNG ELECTRONICS VI,CONG TY TNHH H&S TECH,85076039,"GH43-05137A#&PIN LITHIUM (PIN SẠC HOÀN CHỈNH) (tx mục 48 TKN 106781902620 ngày 05/12/2024),Hàng mới 100%#&VN,GH43-05137A#&LITHIUM BATTERY (COMPLETE RECHARGEABLE BATTERY) (item 48 TKN 106781902620 dated 12/05/2024),100% new#&VN",,28.0,Pieces,0.0,225.652,122400034968591,,
2024-12-16,越南,越南,CONG TY TNHH SAMSUNG ELECTRONICS VIET NAM THAI NGUYEN,CÔNG TY TNHH SR TECH,"KCN YEN BINH, PHUONG DONG TIEN, TP PHO YEN, TINH THAI NGUYEN, VN","Area B, Song Cong I Industrial Park, Cach Mang Thang 10 Street, Bach Quang Ward, Song Cong City, Thai Nguyen Province",,,,,Vietnam,KHO CTY SR TECH,KHO CTY SAMSUNG ELECTRONICS VN TN,85076039,"GH96-15917A-1#&PIN SẠC HOÀN CHỈNH (PIN LITHIUM) DÙNG CHO ĐIỆN THOẠI DI ĐỘNG (tái xuất mục 48 tờ khai nhập số 105251271420 ngày 05/02/2023) (hàng mới 100%)#&VN,GH96-15917A-1#&COMPLETE RECHARGEABLE BATTERY (LITHIUM BATTERY) FOR MOBILE PHONES (re-exported item 48 import declaration number 105251271420 dated February 5, 2023) (100% new)#&VN",,1949.0,Pieces,0.0,18437.54,132400034804899,,
2024-12-10,越南,越南,SAMSUNG ELECTRONICS VIET NAM CO LTD,CÔNG TY TNHH K TECH VINA,"YEN PHONG  I INDUSTRUAL PARK, YEN TRUNG COMMUNE, YEN PHONG DISTRICS, BAC NINH PROVINCE, VIET NAM, VN","Lot G5-Dai Dong Industrial Park, Hoan Son, Hoan Son Commune, Tien Du District, Bac Ninh Province, Vietnam",,,,,Vietnam,CONG TY TNHH K - TECH VINA,"SAMSUNG ELECTRONICS VIETNAM CO.,LTD",85076039,"GH43-05244A#&PIN LITHIUM (PIN SẠC HOÀN CHỈNH). Tái xuất mục hàng số 48 TK 106754421800/E21#&VN,GH43-05244A#&LITHIUM BATTERY (COMPLETE RECHARGEABLE BATTERY). Re-export of item number 48 TK 106754421800/E21#&VN",,26498.0,Pieces,0.0,129906.763,122400034578027,,
2024-12-04,越南,美国,CÔNG TY TNHH HUADA VIỆT NAM,TECHTRONIC CORDLESS GP,"1st Floor, Nx 2, Rented from Greatstar Industrial Vietnam Co., Ltd., Lot Cn8, Nck Industrial Park, Hoang Dong-Tn-Hp","100 INNOVATION WAY, ANDERSON SC 29621, US",,,,China,,DONGGUAN,CUA KHAU HUU NGHI (LANG SON),85076090,"01.32.07.0097#&Pin lithium-ion CAT.NO 48-11-2131 dùng cho dụng cụ đo cân bằng laser , nhãn hiệu Milwaukee, 4V-DC 3.0Ah . Mới 100%,01.32.07.0097#&Lithium-ion battery CAT.NO 48-11-2131 for laser level measuring tool, Milwaukee brand, 4V-DC 3.0Ah. 100% new",,240.0,Pieces,0.0,868.8,ZY20241204-050,,
2024-11-29,越南,美国,CÔNG TY TNHH HUADA VIỆT NAM,TECHTRONIC CORDLESS GP,"1st Floor, Nx 2, Rented from Greatstar Industrial Vietnam Co., Ltd., Lot Cn8, Nck Industrial Park, Hoang Dong-Tn-Hp","100 INNOVATION WAY, ANDERSON SC 29621, US",,,,China,,DONGGUAN,CUA KHAU HUU NGHI (LANG SON),85076090,"01.32.07.0068#&Bộ pin lithium-ion CAT.NO 48-11-2440 dùng cho dụng cụ đo cân bằng laser , nhãn hiệu Milwaukee, 12V, 4.0Ah . Mới 100%,01.32.07.0068#&Lithium-ion battery pack CAT.NO 48-11-2440 for laser level measuring tool, Milwaukee brand, 12V, 4.0Ah. 100% new",,4160.0,Pieces,0.0,55660.8,ZY20241128-057,,
2024-11-26,越南,越南,CÔNG TY TNHH TECHTRONIC INDUSTRIES VIỆT NAM MANUFACTURING,CONG TY TNHH TECHTRONIC INDUSTRIES VIET NAM MANUFACTURING,"9A Vsip II-A, Road No. 27, Vietnam - Singapore II A Industrial Park, Vinh Tan Ward, Tan Uyen City, Binh Duong Province","L20-04 BECAMEX, SO 1, HUNG VUONG, PHUONG HOA PHU, THANH PHO THU DAU MOT, TINH BINH DUONG, VIET NAM., VN",,,,China,,CTY TNHH TECHTRONIC INDUSTRIES VN,CTY TNHH TECHTRONIC INDUSTRIES VN,85076090,"Hàng mẫu nhập khẩu để nghiên cứu: Pin sạc lithium, điện áp 18V, công suất 54Wh, dòng điện 3.0AH, nhãn hiệu Milwaukee, model 48-11-1828, nsx 2023.TKN:105289272100/E13,DH2,Imported sample for research: Lithium rechargeable battery, voltage 18V, capacity 54Wh, current 3.0AH, Milwaukee brand, model 48-11-1828, manufactured in 2023.TKN: 105289272100/E13,DH2",,20.0,Pieces,0.0,448.6,132400033638086,,
2024-11-22,越南,越南,CONG TY TNHH SAM SUNG ELECTRONICS VIET NAM,CÔNG TY TNHH HOJEONG,"KCN YEN PHONG 1 YEN TRUNG, YEN PHONG, BAC NINH, VIET NAM, VN","Tam Son High-Tech Craft Village Industrial Cluster, Tam Son Commune, Tu Son City, Bac Ninh Province, Vietnam",,,,,Vietnam,,,85076090,"GH43-05100A#&PIN LITHIUM (PIN SẠC HOÀN CHỈNH) (tái xuất 1 phần mục 48, TK: 106723248000/E21)#&KR,GH43-05100A#&LITHIUM BATTERY (COMPLETE RECHARGEABLE BATTERY) (re-export of part of item 48, TK: 106723248000/E21)#&KR",,42.0,Pieces,0.0,283.7184,,,
2024-11-22,越南,美国,CÔNG TY TNHH TECHTRONIC TOOLS VIỆT NAM,MILWAUKEE ELECTRIC TOOL,"Lot I-14.5, Road D14, High-Tech Park, Ward Tang Nhon Phu B, Thu Duc City, Ho Chi Minh City, Vietnam","13135 W. LISBON  ROAD, BROOKFIELD, WI 53005, UNITED STATES OF AMERICA, US",,,,China,,UNITED STATES OF AMERICA,HO CHI MINH,85076090,"Pin sạc bằng Lithium (M12, 12V, 5Ah), hiệu Milwaukee, model 48-11-2450 - M12 12V Lithium Ion XC High Output 5.0 Ah Battery Pack. Hàng mới 100%,Lithium Rechargeable Battery (M12, 12V, 5Ah), Milwaukee, model 48-11-2450 - M12 12V Lithium Ion XC High Output 5.0 Ah Battery Pack. 100% new",,6.0,Pieces,0.0,714.0,743090863176,,
2024-11-18,越南,中国香港,CÔNG TY TNHH HUADA VIỆT NAM,PRIM' TOOLS LTD,"1st Floor, Nx 2, Rented from Greatstar Industrial Vietnam Co., Ltd., Lot Cn8, Nck Industrial Park, Hoang Dong-Tn-Hp","UNIT 17, 23/F, SEAPOWER TOWER, CONCORDIA PLAZA NO.1, SCIENCE MUSEUM ROAD, TSIM SHA TSUI EAST,KOWLOON,HONGKONG, HK",,,,China,,CHINA,CUA KHAU HUU NGHI (LANG SON),85076090,"2730-3T10-02#&Pin lithium  XC 3.0  , model  48-11-1828  dùng cho dụng cụ đo cân bằng laser , nhãn hiệu Milwaukee, 18V . Mới 100%,2730-3T10-02#&XC 3.0 lithium battery, model 48-11-1828 for laser level measuring tool, Milwaukee brand, 18V. 100% new",,868.0,Pieces,0.0,20813.772,ZY20241118-051,,
2024-11-05,越南,越南,CÔNG TY TNHH AAC TECHNOLOGIES VĨNH PHÚC,CONG TY TNHH AN VU BAC NINH,"Lot Cn5, Ba Thien Industrial Park, Ba Hien Town, Binh Xuyen District, Vinh Phuc Province, Vietnam","SO NHA 22, DUONG KINH BAC 65, PHUONG KINH BAC,THANH PHO BAC NINH, TINH BAC NINH, VIET NAM, VN",,,,China,,CONG TY TNHH AN VU BAC NINH,CT TNHH AAC TECHNOLOGIES VINH PHUC,85076031,".#&Pin HP PROBOOK 430G4(RR03XL), dung Lượng  48 Wh / 4210 mAh, Voltage 11.4 V dùng cho máy tính xách tay, hàng mới 100%#&CN,.#&HP PROBOOK 430G4(RR03XL) Battery, Capacity 48 Wh / 4210 mAh, Voltage 11.4 V for laptops, 100% new#&CN",,1.0,Fruit (UNQ),0.0,33.7302,112400033374129,,
2024-11-05,越南,中国香港,CÔNG TY TNHH HUADA VIỆT NAM,PRIM' TOOLS LTD,"1st Floor, Nx 2, Rented from Greatstar Industrial Vietnam Co., Ltd., Lot Cn8, Nck Industrial Park, Hoang Dong-Tn-Hp","UNIT 17, 23/F, SEAPOWER TOWER, CONCORDIA PLAZA NO.1, SCIENCE MUSEUM ROAD, TSIM SHA TSUI EAST,KOWLOON, HK",,,,China,,CHINA,CUA KHAU HUU NGHI (LANG SON),85076090,"2730-3T10-02#&Pin lithium  XC 3.0  , model  48-11-1828  dùng cho dụng cụ đo cân bằng laser , nhãn hiệu Milwaukee, 18V . Mới 100%,2730-3T10-02#&XC 3.0 lithium battery, model 48-11-1828 for laser level measuring tool, Milwaukee brand, 18V. 100% new",,504.0,Pieces,0.0,12085.416,ZY20241105-050,,
2024-10-31,越南,越南,CÔNG TY TNHH TECHTRONIC INDUSTRIES VIỆT NAM MANUFACTURING,CONG TY TNHH TECHTRONIC INDUSTRIES VIET NAM MANUFACTURING,"L20-04 Becamex, No. 1 Hung Vuong, Hoa Phu Ward, Thu Dau Mot City, Binh Duong Province, Vietnam.","L20-04 BECAMEX, SO 1, HUNG VUONG, PHUONG HOA PHU, THANH PHO THU DAU MOT, TINH BINH DUONG, VIET NAM., VN",,,,China,,,,85076090,"Pin sạc bằng Lithium 6.0Ah, nhãn hiệu Milwaukee, model 48-11-1865, nsx 2023- XC6.0 Battery Pack.TKN:105516099030/E13,DH1,Lithium rechargeable battery 6.0Ah, Milwaukee brand, model 48-11-1865, manufactured in 2023- XC6.0 Battery Pack.TKN:105516099030/E13,DH1",,5.0,Pieces,0.0,306.0,,,
2024-10-31,越南,越南,CÔNG TY TNHH TECHTRONIC INDUSTRIES VIỆT NAM MANUFACTURING,CONG TY TNHH TECHTRONIC INDUSTRIES VIET NAM MANUFACTURING,"L20-04 Becamex, No. 1 Hung Vuong, Hoa Phu Ward, Thu Dau Mot City, Binh Duong Province, Vietnam.","L20-04 BECAMEX, SO 1, HUNG VUONG, PHUONG HOA PHU, THANH PHO THU DAU MOT, TINH BINH DUONG, VIET NAM., VN",,,,China,,,,85076090,"Pin sạc bằng lithium 2.5Ah, nhãn hiệu Milwaukee, model 48-11-2425- M12 High OUTPUT CP2.5AH.TKN:105519016740/E13,DH1,Lithium rechargeable battery 2.5Ah, Milwaukee brand, model 48-11-2425- M12 High OUTPUT CP2.5AH.TKN:105519016740/E13,DH1",,2.0,Pieces,0.0,32.46,,,
2024-10-30,越南,越南,CONG TY TNHH AAC TECHNOLOGIES VINH PHUC,AN VU BAC NINH COMPANY LIMITED,"LO CN5,  KCN BA THIEN, THI TRAN BA HIEN,  HUYEN BINH XUYEN, TNH VINH PHUC, VIET NAM, VN","House No. 22, Kinh Bac 65 Street, Kinh Bac Ward, Bac Ninh City, Bac Ninh Province",,,,,Vietnam,,,85076031,"Pin HP PROBOOK 430G4(RR03XL), dung Lượng  48 Wh / 4210 mAh, Voltage 11.4 V dùng cho máy tính xách tay, hàng mới 100%#&CN,HP PROBOOK 430G4(RR03XL) Battery, Capacity 48 Wh / 4210 mAh, Voltage 11.4 V for laptops, 100% new#&CN",,1.0,Fruit (UNQ),0.0,33.9864,,,
2024-10-22,越南,中国香港,CÔNG TY TNHH HUADA VIỆT NAM,PRIM' TOOLS LTD,"1st Floor, Nx 2, Rented from Greatstar Industrial Vietnam Co., Ltd., Lot Cn8, Nck Industrial Park, Hoang Dong-Tn-Hp","UNIT 17, 23/F, SEAPOWER TOWER, CONCORDIA PLAZA NO.1, SCIENCE MUSEUM ROAD, TSIM SHA TSUI EAST,KOWLOON, HK",,,,China,,,,85076090,"2730-3T10-02#&Pin lithium  XC 3.0  , model  48-11-1828  dùng cho dụng cụ đo cân bằng laser , nhãn hiệu Milwaukee, 18V . Mới 100%,2730-3T10-02#&XC 3.0 lithium battery, model 48-11-1828 for laser level measuring tool, Milwaukee brand, 18V. 100% new",,812.0,Pieces,0.0,19470.948,,,
2024-10-22,越南,美国,CÔNG TY TNHH TECHTRONIC TOOLS VIỆT NAM,MILWAUKEE ELECTRIC TOOL CORPORATION,"Lot I-14.5, Road D14, High-Tech Park, Ward Tang Nhon Phu B, Thu Duc City, Ho Chi Minh City, Vietnam","13135 W.LISBON ROAD, BROOKFIELD, WI 53005, UNITED STATES OF AMERICA, US",,,,China,,,,85076090,"Pin sạc bằng lithium (12V, 5.0 Ah) dùng cho máy bắn vít, nhãn hiệu Milwaukee, model: 48-11-2450_M12 HO 5.0 Battery. Mới 100%,Lithium rechargeable battery (12V, 5.0 Ah) for screwdrivers, Milwaukee brand, model: 48-11-2450_M12 HO 5.0 Battery. 100% new",,4.0,Pieces,0.0,476.0,,,
2024-10-21,越南,美国,CÔNG TY TNHH HUADA VIỆT NAM,TECHTRONIC CORDLESS GP,"1st Floor, Nx 2, Rented from Greatstar Industrial Vietnam Co., Ltd., Lot Cn8, Nck Industrial Park, Hoang Dong-Tn-Hp","100 INNOVATION WAY, ANDERSON SC 29621, US",,,,China,,,,85076090,"01.32.07.0068#&Pin lithium-ion CAT.NO 48-11-2440 dùng cho dụng cụ đo cân bằng laser , nhãn hiệu Milwaukee, 12V, 4.0Ah . Mới 100%,01.32.07.0068#&Lithium-ion battery CAT.NO 48-11-2440 for laser level measuring tool, Milwaukee brand, 12V, 4.0Ah. 100% new",,1100.0,Pieces,0.0,14718.0,,,
2024-10-17,越南,越南,CONG TY TNHH SAMSUNG ELECTRONICS VIET NAM THAI NGUYEN,SR TECH COMPANY LIMITED,"KCN YEN BINH, PHUONG DONG TIEN, TP PHO YEN, TINH THAI NGUYEN, VN","Area B, Song Cong I Industrial Park, Cach Mang Thang 10 Street, Bach Quang Ward, Song Cong City, Thai Nguyen Province",,,,,Vietnam,KHO CTY SR TECH,KHO CTY SAMSUNG ELECTRONICS VN TN,85076039,"GH96-15917A-1#&PIN SẠC HOÀN CHỈNH (PIN LITHIUM) DÙNG CHO ĐIỆN THOẠI DI ĐỘNG (tái xuất mục 48 tờ khai nhập số 105251271420 ngày 05/02/2023) (hàng mới 100%)#&VN,GH96-15917A-1#&COMPLETE RECHARGEABLE BATTERY (LITHIUM BATTERY) FOR MOBILE PHONES (re-exported item 48 import declaration number 105251271420 dated February 5, 2023) (100% new)#&VN",,75.0,Pieces,0.0,709.5,132400032691610,,
2024-10-09,越南,中国,CÔNG TY TNHH CÔNG NGHỆ KỸ THUẬT HẢI ĐĂNG,JIANGXI ANCHI NEW ENERGY TECHNOLOGY CO LTD,"No. 34A Tien Cang, Thang Nhat Ward, Vung Tau City, Ba Ria - Vung Tau Province","SHANGRAO ECONOMIC DEVELOPMENT ZONE, XINGYE AVENUE NO.128, JIANGXI PROVINCE, CHINA, CN",,,,China,,,,85076090,"Pin lưu trữ bằng Lithium-Ion Cell, model: 48173166-150Ah, 150AH, 3.2V, size: 48*173*166mm, dùng trong hệ thống điện năng lượng mặt trời. NSX: JIANGXI ANCHI NEW ENERGY TECHNOLOGY CO.,LTD. Hàng mới 100%,Lithium-Ion Cell storage battery, model: 48173166-150Ah, 150AH, 3.2V, size: 48*173*166mm, used in solar power systems. Manufacturer: JIANGXI ANCHI NEW ENERGY TECHNOLOGY CO.,LTD. 100% new",,208.0,Pieces,0.0,5096.0,,,
2024-09-30,越南,美国,CÔNG TY TNHH HUADA VIỆT NAM,TECHTRONIC CORDLESS GP,"1st Floor, Nx 2, Rented from Greatstar Industrial Vietnam Co., Ltd., Lot Cn8, Nck Industrial Park, Hoang Dong-Tn-Hp","100 INNOVATION WAY, ANDERSON SC 29621, US",,,,China,,DONGGUAN,CUA KHAU HUU NGHI (LANG SON),85076090,"01.32.07.0098#&Pin lithium-ion  CAT.NO 48-11-2130 dùng cho dụng cụ đo cân bằng laser , nhãn hiệu Milwaukee, 12V, 3.0Ah . Mới 100%,01.32.07.0098#&Lithium-ion battery CAT.NO 48-11-2130 for laser level measuring tool, Milwaukee brand, 12V, 3.0Ah. 100% new",,7632.0,Pieces,0.0,70443.36,ZY20230930-061,,
2024-09-30,越南,美国,CÔNG TY TNHH HUADA VIỆT NAM,TECHTRONIC CORDLESS GP,"1st Floor, Nx 2, Rented from Greatstar Industrial Vietnam Co., Ltd., Lot Cn8, Nck Industrial Park, Hoang Dong-Tn-Hp","100 INNOVATION WAY, ANDERSON SC 29621, US",,,,China,,DONGGUAN,CUA KHAU HUU NGHI (LANG SON),85076090,"01.32.07.0097#&Pin lithium-ion CAT.NO 48-11-2131 dùng cho dụng cụ đo cân bằng laser , nhãn hiệu Milwaukee, 4V-DC 3.0Ah . Mới 100%,01.32.07.0097#&Lithium-ion battery CAT.NO 48-11-2131 for laser level measuring tool, Milwaukee brand, 4V-DC 3.0Ah. 100% new",,960.0,Pieces,0.0,3475.2,ZY20230930-061,,
2024-09-27,越南,中国,CÔNG TY CP ĐẦU TƯ THƯƠNG MẠI VÀ XUẤT NHẬP KHẨU VCGROUP,PINGXIANG FUKANG IMPORT AND EXPORT TRADE CO LTD,"Lot 1M6, Tt6, Bac Linh Dam, Dai Kim Ward, Hoang Mai District, Hanoi City","NO.80 LANE 5 BEIDA ROAD, PINGXIANG, GUANGXI, CHINA, CN",,,,China,,PINGXIANG,CUA KHAU HUU NGHI (LANG SON),85076090,"Phụ tùng xe nâng: Bình acquy li-ion, hiệu FORDEARY, model FDE-Li-48-20-NL, dung lượng bình 48V-20Ah. Hàng mới 100%,Forklift spare parts: Li-ion battery, FORDEARY brand, model FDE-Li-48-20-NL, battery capacity 48V-20Ah. 100% new",,15.0,Pieces,0.0,3513.0,100044627015,,
2024-09-25,越南,越南,TTI PARTNERS SPC ACTING FOR THE ACCOUNT OF MPV SP,CÔNG TY TNHH GREEN PLANET DISTRIBUTION CENTRE,"UNIT E-F, 26/F, CENTRO COMERCIAL DA PRAIA GRANDE, NO. 429 AVENIDA DA PRAIA GRANDE, MACAU, VN","Lot A3.1, Area A3, Road D2&N2, Tan Phu Trung Industrial Park, Tan Phu Trung Commune, Cu Chi District, Ho Chi Minh City, Vietnam",,,,,Vietnam,"CTY GREEN PLANET DC CO., LTD",CTY TNHH TTI CN DAU GIAY,85076090,"133597018#&Pin sạc bằng Lithium 20V 4AH, nhãn hiệu Ryobi -P/P ASS'Y,RYOBI 18V 5S2P 4.0AH PACK EVE 18650 20P CELL\RB1840X\EMEA FOR 130597018. Mới 100%.TKN:106485402330/E11.Dòng 48#&CN,133597018#&Lithium rechargeable battery 20V 4AH, Ryobi brand -P/P ASS'Y,RYOBI 18V 5S2P 4.0AH PACK EVE 18650 20P CELL\RB1840X\EMEA FOR 130597018. 100% new.TKN:106485402330/E11.Line 48#&CN",,6.0,Pieces,0.0,110.5387,132400032027166,,
2024-09-20,越南,美国,CÔNG TY TNHH HUADA VIỆT NAM,TECHTRONIC CORDLESS GP,"1st Floor, Nx 2, Rented from Greatstar Industrial Vietnam Co., Ltd., Lot Cn8, Nck Industrial Park, Hoang Dong-Tn-Hp","100 INNOVATION WAY, ANDERSON SC 29621, US",,,,China,,DONGGUAN,CUA KHAU HUU NGHI (LANG SON),85076090,"01.32.07.0097#&Pin lithium-ion CAT.NO 48-11-2131 dùng cho dụng cụ đo cân bằng laser , nhãn hiệu Milwaukee, 4V-DC 3.0Ah . Mới 100%,01.32.07.0097#&Lithium-ion battery CAT.NO 48-11-2131 for laser level measuring tool, Milwaukee brand, 4V-DC 3.0Ah. 100% new",,3600.0,Pieces,0.0,13032.0,ZY20230920-050,,
2024-09-20,越南,中国香港,CÔNG TY TNHH HUADA VIỆT NAM,PRIM' TOOLS LTD,"1st Floor, Nx 2, Rented from Greatstar Industrial Vietnam Co., Ltd., Lot Cn8, Nck Industrial Park, Hoang Dong-Tn-Hp","UNIT 17, 23/F, SEAPOWER TOWER, CONCORDIA PLAZA NO.1, SCIENCE MUSEUM ROAD, TSIM SHA TSUI EAST,KOWLOON, HK",,,,China,,DONGGUAN,CUA KHAU HUU NGHI (LANG SON),85076090,"2730-3T10-02#&Pin lithium  XC 3.0  , model  48-11-1828  dùng cho dụng cụ đo cân bằng laser , nhãn hiệu Milwaukee, 18V . Mới 100%,2730-3T10-02#&XC 3.0 lithium battery, model 48-11-1828 for laser level measuring tool, Milwaukee brand, 18V. 100% new",,1292.0,Pieces,0.0,30980.868,ZY20230920-052,,
2024-09-18,越南,越南,CONG TY TNHH SAMSUNG ELECTRONICS VIET NAM THAI NGUYEN,CÔNG TY TNHH SR TECH,"KCN YEN BINH, PHUONG DONG TIEN, TP PHO YEN, TINH THAI NGUYEN, VN","Area B, Song Cong 1 Industrial Park, Cach Mang Thang 10 Street, Bach Quang Ward, Song Cong City, Thai Nguyen",,,,,Vietnam,KHO CTY SR TECH,KHO CTY SAMSUNG ELECTRONICS VN TN,85076039,"GH96-15917A-1#&PIN SẠC HOÀN CHỈNH (PIN LITHIUM) DÙNG CHO ĐIỆN THOẠI DI ĐỘNG (tái xuất mục 48 tờ khai nhập số 105251271420 ngày 05/02/2023) (hàng mới 100%)#&VN,GH96-15917A-1#&COMPLETE RECHARGEABLE BATTERY (LITHIUM BATTERY) FOR MOBILE PHONES (re-exported item 48 import declaration number 105251271420 dated February 5, 2023) (100% new)#&VN",,996.0,Pieces,0.0,9422.16,132400031725220,,
2024-09-16,越南,美国,CÔNG TY TNHH HUADA VIỆT NAM,TECHTRONIC CORDLESS GP,"1st Floor, Nx 2, Rented from Greatstar Industrial Vietnam Co., Ltd., Lot Cn8, Nck Industrial Park, Hoang Dong-Tn-Hp","100 INNOVATION WAY, ANDERSON SC 29621, US",,,,China,,DONGGUAN,CUA KHAU HUU NGHI (LANG SON),85076090,"01.32.07.0098#&Pin lithium-ion  CAT.NO 48-11-2130 dùng cho dụng cụ đo cân bằng laser , nhãn hiệu Milwaukee, 12V, 3.0Ah . Mới 100%,01.32.07.0098#&Lithium-ion battery CAT.NO 48-11-2130 for laser level measuring tool, Milwaukee brand, 12V, 3.0Ah. 100% new",,72.0,Pieces,0.0,664.56,ZY20240916-051,,
2024-09-16,越南,美国,CÔNG TY TNHH HUADA VIỆT NAM,TECHTRONIC CORDLESS GP,"1st Floor, Nx 2, Rented from Greatstar Industrial Vietnam Co., Ltd., Lot Cn8, Nck Industrial Park, Hoang Dong-Tn-Hp","100 INNOVATION WAY, ANDERSON SC 29621, US",,,,China,,DONGGUAN,CUA KHAU HUU NGHI (LANG SON),85076090,"01.32.07.0098#&Pin lithium-ion  CAT.NO 48-11-2130 dùng cho dụng cụ đo cân bằng laser , nhãn hiệu Milwaukee, 12V, 3.0Ah . Mới 100%,01.32.07.0098#&Lithium-ion battery CAT.NO 48-11-2130 for laser level measuring tool, Milwaukee brand, 12V, 3.0Ah. 100% new",,720.0,Pieces,0.0,6645.6,ZY20240916-051,,
2024-09-16,越南,美国,CÔNG TY TNHH HUADA VIỆT NAM,TECHTRONIC CORDLESS GP,"1st Floor, Nx 2, Rented from Greatstar Industrial Vietnam Co., Ltd., Lot Cn8, Nck Industrial Park, Hoang Dong-Tn-Hp","100 INNOVATION WAY, ANDERSON SC 29621, US",,,,China,,DONGGUAN,CUA KHAU HUU NGHI (LANG SON),85076090,"01.32.07.0068#&Pin lithium-ion CAT.NO 48-11-2440 dùng cho dụng cụ đo cân bằng laser , nhãn hiệu Milwaukee, 12V, 4.0Ah . Mới 100%,01.32.07.0068#&Lithium-ion battery CAT.NO 48-11-2440 for laser level measuring tool, Milwaukee brand, 12V, 4.0Ah. 100% new",,24.0,Pieces,0.0,321.12,ZY20240916-051,,
2024-09-16,越南,美国,CÔNG TY TNHH HUADA VIỆT NAM,TECHTRONIC CORDLESS GP,"1st Floor, Nx 2, Rented from Greatstar Industrial Vietnam Co., Ltd., Lot Cn8, Nck Industrial Park, Hoang Dong-Tn-Hp","100 INNOVATION WAY, ANDERSON SC 29621, US",,,,China,,DONGGUAN,CUA KHAU HUU NGHI (LANG SON),85076090,"01.32.07.0068#&Pin lithium-ion CAT.NO 48-11-2440 dùng cho dụng cụ đo cân bằng laser , nhãn hiệu Milwaukee, 12V, 4.0Ah . Mới 100%,01.32.07.0068#&Lithium-ion battery CAT.NO 48-11-2440 for laser level measuring tool, Milwaukee brand, 12V, 4.0Ah. 100% new",,1440.0,Pieces,0.0,19267.2,ZY20240916-051,,
2024-09-16,越南,美国,CÔNG TY TNHH HUADA VIỆT NAM,TECHTRONIC CORDLESS GP,"1st Floor, Nx 2, Rented from Greatstar Industrial Vietnam Co., Ltd., Lot Cn8, Nck Industrial Park, Hoang Dong-Tn-Hp","100 INNOVATION WAY, ANDERSON SC 29621, US",,,,China,,DONGGUAN,CUA KHAU HUU NGHI (LANG SON),85076090,"01.32.07.0098#&Pin lithium-ion  CAT.NO 48-11-2130 dùng cho dụng cụ đo cân bằng laser , nhãn hiệu Milwaukee, 12V, 3.0Ah . Mới 100%,01.32.07.0098#&Lithium-ion battery CAT.NO 48-11-2130 for laser level measuring tool, Milwaukee brand, 12V, 3.0Ah. 100% new",,792.0,Pieces,0.0,7310.16,ZY20240916-051,,
2024-09-13,越南,美国,CÔNG TY TNHH HUADA VIỆT NAM,TECHTRONIC CORDLESS GP,"1st Floor, Nx 2, Rented from Greatstar Industrial Vietnam Co., Ltd., Lot Cn8, Nck Industrial Park, Hoang Dong-Tn-Hp","100 INNOVATION WAY, ANDERSON SC 29621, US",,,,China,,DONGGUAN,CUA KHAU HUU NGHI (LANG SON),85076090,"01.32.07.0098#&Pin lithium-ion  CAT.NO 48-11-2130 dùng cho dụng cụ đo cân bằng laser , nhãn hiệu Milwaukee, 12V, 3.0Ah . Mới 100%,01.32.07.0098#&Lithium-ion battery CAT.NO 48-11-2130 for laser level measuring tool, Milwaukee brand, 12V, 3.0Ah. 100% new",,648.0,Pieces,0.0,5981.04,130924ZY20240913-050,,
2024-08-22,越南,中国香港,CÔNG TY TNHH HUADA VIỆT NAM,PRIM' TOOLS LTD,"1st Floor, Nx 2, Rented from Greatstar Industrial Vietnam Co., Ltd., Lot Cn8, Nck Industrial Park, Hoang Dong-Tn-Hp","UNIT 17, 23/F, SEAPOWER TOWER, CONCORDIA PLAZA NO.1, SCIENCE MUSEUM ROAD, TSIM SHA TSUI EAST,KOWLOON, HK",,,,China,,,,85076090,"2730-3T10-02#&Pin lithium  XC 3.0  , model  48-11-1828  dùng cho dụng cụ đo cân bằng laser , nhãn hiệu Milwaukee, 18V . Mới 100%,2730-3T10-02#&XC 3.0 lithium battery, model 48-11-1828 for laser level measuring tool, Milwaukee brand, 18V. 100% new",,1008.0,Pieces,0.0,24170.832,,,
2024-08-20,越南,越南,CONG TY TNHH SAMSUNG ELECTRONICS VIET NAM,CÔNG TY TNHH H&S TECH,"KCN YEN PHONG 1 - XA YEN TRUNG, YEN PHONG","Que Vo Industrial Park, Van Duong Ward, Bac Ninh City, Bac Ninh Province",,,,,Vietnam,KHO CTY H&S TECH,KHO CTY SAMSUNG ELECTRONICS VN,85076039,"GH43-05148A#&PIN LITHIUM (PIN SẠC HOÀN CHỈNH) (tx mục 48 TKN 106456656500 ngày 26/07/2024),Hàng mới 100%#&VN,GH43-05148A#&LITHIUM BATTERY (COMPLETE RECHARGEABLE BATTERY) (tx item 48 TKN 106456656500 on 07/26/2024), 100% new#&VN",,132.0,Pieces,0.0,1096.128,122400030630134,,
2024-08-19,越南,美国,CÔNG TY TNHH HUADA VIỆT NAM,TECHTRONIC CORDLESS GP,"1st Floor, Nx 2, Rented from Greatstar Industrial Vietnam Co., Ltd., Lot Cn8, Nck Industrial Park, Hoang Dong-Tn-Hp","100 INNOVATION WAY, ANDERSON SC 29621, US",,,,China,,,,85076090,"01.32.07.0097#&Pin lithium-ion CAT.NO 48-11-2131 dùng cho dụng cụ đo cân bằng laser , nhãn hiệu Milwaukee, 4V-DC 3.0Ah . Mới 100%,01.32.07.0097#&Lithium-ion battery CAT.NO 48-11-2131 for laser level measuring tool, Milwaukee brand, 4V-DC 3.0Ah. 100% new",,120.0,Pieces,0.0,434.4,,,
2024-08-19,越南,美国,CÔNG TY TNHH HUADA VIỆT NAM,TECHTRONIC CORDLESS GP,"1st Floor, Nx 2, Rented from Greatstar Industrial Vietnam Co., Ltd., Lot Cn8, Nck Industrial Park, Hoang Dong-Tn-Hp","100 INNOVATION WAY, ANDERSON SC 29621, US",,,,China,,,,85076090,"01.32.07.0068#&Pin lithium-ion CAT.NO 48-11-2440 dùng cho dụng cụ đo cân bằng laser , nhãn hiệu Milwaukee, 12V, 4.0Ah . Mới 100%,01.32.07.0068#&Lithium-ion battery CAT.NO 48-11-2440 for laser level measuring tool, Milwaukee brand, 12V, 4.0Ah. 100% new",,7008.0,Pieces,0.0,93767.04,,,
2024-08-19,越南,美国,CÔNG TY TNHH HUADA VIỆT NAM,TECHTRONIC CORDLESS GP,"1st Floor, Nx 2, Rented from Greatstar Industrial Vietnam Co., Ltd., Lot Cn8, Nck Industrial Park, Hoang Dong-Tn-Hp","100 INNOVATION WAY, ANDERSON SC 29621, US",,,,China,,,,85076090,"01.32.07.0097#&Pin lithium-ion CAT.NO 48-11-2131 dùng cho dụng cụ đo cân bằng laser , nhãn hiệu Milwaukee, 4V-DC 3.0Ah . Mới 100%,01.32.07.0097#&Lithium-ion battery CAT.NO 48-11-2131 for laser level measuring tool, Milwaukee brand, 4V-DC 3.0Ah. 100% new",,3120.0,Pieces,0.0,11294.4,,,
2024-08-19,越南,越南,CONG TY TNHH SAMSUNG ELECTRONICS VIET NAM THAI NGUYEN,CÔNG TY TNHH SR TECH,"KCN YEN BINH, PHUONG DONG TIEN","Area B, Song Cong 1 Industrial Park, Cach Mang Thang 10 Street, Bach Quang Ward, Song Cong City, Thai Nguyen",,,,,Vietnam,KHO CTY SR TECH,KHO CTY SAMSUNG ELECTRONICS VN TN,85076090,"GH96-15917A-1#&PIN SẠC HOÀN CHỈNH (PIN LITHIUM) DÙNG CHO ĐIỆN THOẠI DI ĐỘNG (tái xuất mục 48 tờ khai nhập số 105251271420 ngày 05/02/2023) (hàng mới 100%)#&VN,GH96-15917A-1#&COMPLETE RECHARGEABLE BATTERY (LITHIUM BATTERY) FOR MOBILE PHONES (re-exported item 48 import declaration number 105251271420 dated February 5, 2023) (100% new)#&VN",,3.0,Pieces,0.0,28.38,132400030648164,,
2024-08-16,越南,意大利,CÔNG TY CỔ PHẦN CÔNG NGHỆ HỢP LONG,AUTOMHA S P A,"No. 6, Lane 293, Tan Mai Street, Tan Mai Ward, Hoang Mai District, Hanoi City","VIA EMILIA, 23 24052 AZZANO, SAN PAOLO (BG), ITALY, IT",,,,Italy,,,,85076090,"Ắc quy điện dùng cho pallet chạy tự động để vận chuyển hàng theo chiều ngang, chất liệu bằng ion liti, điện áp 48 V. Model: 39999-BA-0040_000_P. HSX: Automha. Mới 100%,Electric battery for automatic pallet for horizontal transport of goods, lithium ion material, voltage 48 V. Model: 39999-BA-0040_000_P. HSX: Automha. 100% new",,1.0,Pieces,0.0,1704.1609,,,
2024-08-16,越南,意大利,CÔNG TY CỔ PHẦN CÔNG NGHỆ HỢP LONG,AUTOMHA S P A,"No. 6, Lane 293, Tan Mai Street, Tan Mai Ward, Hoang Mai District, Hanoi City","VIA EMILIA, 23 24052 AZZANO, SAN PAOLO (BG), ITALY, IT",,,,Italy,,,,85076090,"Ắc quy điện dùng cho pallet chạy tự động để vận chuyển hàng theo chiều ngang, chất liệu bằng ion liti, điện áp 48 V. Model: 39999-BA-0040_000_P. HSX: Automha. Mới 100%,Electric battery for automatic pallet for horizontal transport of goods, lithium ion material, voltage 48 V. Model: 39999-BA-0040_000_P. HSX: Automha. 100% new",,1.0,Pieces,0.0,1704.1609,,,
2024-08-09,越南,越南,CONG TY TNHH SAMSUNG ELECTRONICS VIET NAM,CÔNG TY TNHH DA ALL VINA,"KHU CONG NGHIEP YEN PHONG I, XA YEN TRUNG","Lot Kt1-A1, Que Vo Industrial Park (Expanded Area), Nam Son Ward, Bac Ninh City, Bac Ninh Province",,,,,Vietnam,CONG TY TNHH DA ALL VINA,CT  SAMSUNG ELECTRONICS VIET NAM,85076039,"GH43-05217A#&PIN LITHIUM(PIN SẠC HOÀN CHỈNH) KÍCH THƯỚC 70x46mm Xuất trả theo mục 48 TK số 106435161560#&VN,GH43-05217A#&LITHIUM BATTERY (COMPLETE RECHARGEABLE BATTERY) SIZE 70x46mm Return according to item 48 Account number 106435161560#&VN",,55.0,Pieces,0.0,340.5005,132400030470619,,
2024-07-18,越南,美国,CÔNG TY TNHH HUADA VIỆT NAM,TECHTRONIC CORDLESS GP,"Floor 1, House 2, Rented From Greatstar Industrial Vietnam Company, Lot Cn8, Nck Industrial Park, Hoang Dong-Tn-Hp","100 INNOVATION WAY, ANDERSON SC 29621, US",,,,China,,DONGGUAN,CUA KHAU HUU NGHI (LANG SON),85076090,"01.32.07.0098#&Pin lithium-ion  CAT.NO 48-11-2130 dùng cho dụng cụ đo cân bằng laser , nhãn hiệu Milwaukee, 12V, 3.0Ah . Mới 100%,01.32.07.0098#&Lithium-ion battery CAT.NO 48-11-2130 for laser level measuring tools, Milwaukee brand, 12V, 3.0Ah. 100% New",,1872.0,Pieces,0.0,17278.56,ZY20240718-051,,
2024-07-18,越南,美国,CÔNG TY TNHH HUADA VIỆT NAM,TECHTRONIC CORDLESS GP,"Floor 1, House 2, Rented From Greatstar Industrial Vietnam Company, Lot Cn8, Nck Industrial Park, Hoang Dong-Tn-Hp","100 INNOVATION WAY, ANDERSON SC 29621, US",,,,China,,DONGGUAN,CUA KHAU HUU NGHI (LANG SON),85076090,"01.32.07.0097#&Pin lithium-ion CAT.NO 48-11-2131 dùng cho dụng cụ đo cân bằng laser , nhãn hiệu Milwaukee, 4V-DC 3.0Ah . Mới 100%,01.32.07.0097#&Lithium-ion battery CAT.NO 48-11-2131 for laser level measuring tools, Milwaukee brand, 4V-DC 3.0Ah. 100% New",,1440.0,Pieces,0.0,5212.8,ZY20240718-051,,
2024-07-18,越南,中国香港,CÔNG TY TNHH HUADA VIỆT NAM,PRIM' TOOLS LTD,"Floor 1, House 2, Rented From Greatstar Industrial Vietnam Company, Lot Cn8, Nck Industrial Park, Hoang Dong-Tn-Hp","UNIT 17, 23/F, SEAPOWER TOWER, CONCORDIA PLAZA NO.1, SCIENCE MUSEUM ROAD, TSIM SHA TSUI EAST,KOWLOON, HK",,,,China,,DONGGUAN,CUA KHAU HUU NGHI (LANG SON),85076090,"2730-3T10-02#&Pin lithium  XC 3.0  , model  48-11-1828  dùng cho dụng cụ đo cân bằng laser , nhãn hiệu Milwaukee, 18V . Mới 100%,2730-3T10-02#&XC 3.0 lithium battery, model 48-11-1828 for laser level measuring tool, Milwaukee brand, 18V. 100% New",,756.0,Pieces,0.0,18128.124,ZY20240718-052,,
2024-07-18,越南,美国,CÔNG TY TNHH HUADA VIỆT NAM,TECHTRONIC CORDLESS GP,"Floor 1, House 2, Rented From Greatstar Industrial Vietnam Company, Lot Cn8, Nck Industrial Park, Hoang Dong-Tn-Hp","100 INNOVATION WAY, ANDERSON SC 29621, US",,,,China,,DONGGUAN,CUA KHAU HUU NGHI (LANG SON),85076090,"01.32.07.0068#&Pin lithium-ion CAT.NO 48-11-2440 dùng cho dụng cụ đo cân bằng laser , nhãn hiệu Milwaukee, 12V, 4.0Ah . Mới 100%,01.32.07.0068#&Lithium-ion battery CAT.NO 48-11-2440 for laser level measuring tools, Milwaukee brand, 12V, 4.0Ah. 100% New",,2004.0,Pieces,0.0,26813.52,ZY20240718-051,,
2024-07-17,越南,越南,CÔNG TY TNHH DÂY CÁP ĐIỆN ÔTÔ SUMIDEN VIỆT NAM,CONG TY TNHH GIAI PHAP AN NINH KET NOI CONG NGHE CAO,"Lot Xn 2,3,6 Dai An Industrial Park, Tu Minh Ward, Hai Duong City, Hai Duong Province, Vietnam","SO B16,LO NHA VUON, KHU DO THI VIET HUNG, PHUONG GIANG BIEN,QUAN LONG BIEN, THANH PHO HA NOI,VIET NAM, VN",,,,China,,CTY GIAI PHAP AN NINH KET NOI CNC,SUMIDEN VIET NAM,85076090,"OW-TL-ADMIT-48#&Pin máy ảnh Canon.Hàng mới 100%,OW-TL-ADMIT-48#&Canon camera battery. 100% new",,2.0,Pieces/County (UNV),0.0,87.146,132400029531472,,
2024-07-16,越南,越南,CONG TY TNHH SAMSUNG ELECTRONICS VIET NAM,CÔNG TY TNHH H&S TECH,"KCN YEN PHONG 1 - XA YEN TRUNG, YEN PHONG","Que Vo Industrial Park, Van Duong Ward, Bac Ninh City, Bac Ninh Province",,,,,Vietnam,KHO CTY H&S TECH,KHO CTY SAMSUNG ELECTRONICS VN,85076090,"GH43-05089A#&PIN LITHIUM (PIN SẠC HOÀN CHỈNH) (tx mục 48 TKN 106417667050 ngày 10/07/2024),Hàng mới 100%#&VN,GH43-05089A#&LITHIUM BATTERY (COMPLETE RECHARGEABLE BATTERY) (tx item 48 TKN 106417667050 dated July 10, 2024), 100% new item#&VN",,253.0,Pieces,0.0,1657.15,122400029596100,,
2024-07-01,越南,越南,CÔNG TY TNHH ITM SEMICONDUCTOR VIETNAM,CONG TY CO PHAN THUONG MAI VA DICH VU THANH BAC,"No. 06, Street 11, Vsip Bac Ninh, Phu Chan Ward, Tu Son City, Bac Ninh Province, Vietnam","SO 2, DUONG XUONG GIANG, PHUONG TRAN PHU, THANH PHO BAC GIANG,TINH BAC GIANG, VIET NAM, VN",,,,China,,CTY CP TM&DV THANH BAC,CTY TNHH ITM SEMICONDUCTOR VIETNAM,85076031,".#&Pin HP RR03XL, Điện áp: 11.4V, Công suất: 48 Wh / 3930mAh, hàng mới 100%,.#&HP RR03XL battery, Voltage: 11.4V, Capacity: 48 Wh / 3930mAh, 100% new",,1.0,Pieces,0.0,27.4708,112400029161659,,
2024-06-07,越南,中国,CÔNG TY TNHH NTECH SOLUTIONS,IBUY IMPORT AND EXPORT CO LTD,"H20 Park Riverside Residential Area, 101 Bung Ong Thoan Street, Phu Huu Ward, Thu Duc City, Ho Chi Minh City, Vietnam","BUILDING 4, WISDOM VALLEY, NO.237 XUEYUAN ROAD, RIZHAO HIGH-TECH ZONE, SHANDONG PROVINCE,CHINA, CN",,,,China,,QINGDAO,CANG CAT LAI (HCM),85076090,"Ắc Quy Lithium, Model: BCT-V-48-100, công suất 5.12kWh /100Ah Hiệu Bluecarbon, NSX: IBUY IMPORT AND EXPORT CO.,LTD. Mới 100%,Lithium battery, Model: BCT-V-48-100, capacity 5.12kWh /100Ah Brand Bluecarbon, Manufacturer: IBUY IMPORT AND EXPORT CO.,LTD. 100% New",,10.0,Set,0.0,4500.0,280524WSDS24050521,,
2024-06-07,越南,中国,CÔNG TY TNHH NTECH SOLUTIONS,IBUY IMPORT AND EXPORT CO LTD,"H20 Park Riverside Residential Area, 101 Bung Ong Thoan Street, Phu Huu Ward, Thu Duc City, Ho Chi Minh City, Vietnam","BUILDING 4, WISDOM VALLEY, NO.237 XUEYUAN ROAD, RIZHAO HIGH-TECH ZONE, SHANDONG PROVINCE,CHINA, CN",,,,China,,QINGDAO,CANG CAT LAI (HCM),85076090,"Ắc Quy Lithium, Model: BCT-V-48-250 công suất 12.8kWh/250Ah Hiệu Bluecarbon, KT: , NSX: IBUY IMPORT AND EXPORT CO.,LTD. Mới 100%,Lithium battery, Model: BCT-V-48-250 capacity 12.8kWh/250Ah Brand Bluecarbon, Manufacturer: , Manufacturer: IBUY IMPORT AND EXPORT CO.,LTD. 100% New",,36.0,Set,0.0,34200.0,280524WSDS24050521,,
2024-05-02,越南,中国,CÔNG TY TNHH NTECH SOLUTIONS,IBUY IMPORT AND EXPORT CO LTD,"H20 Park Riverside Residential Area, 101 Bung Ong Thoan Street, Phu Huu Ward, Thu Duc City, Ho Chi Minh City, Vietnam","BUILDING 4, WISDOM VALLEY, NO.237 XUEYUAN ROAD, RIZHAO HIGH-TECH ZONE, SHANDONG PROVINCE,CHINA, CN",,,,China,,,,85076090,"Ắc Quy Lithium BLUECARBON  48V100Ah, Công suất: 5.12KWH, Mã: BCT-V-48-100,NSX: IBUY Import and Export Co., Ltd.. Mới 100%,BLUECARBON Lithium Battery 48V100Ah, Capacity: 5.12KWH, Code: BCT-V-48-100, Manufacturer: IBUY Import and Export Co., Ltd.. 100% New",,5.0,Set,0.0,2875.0,,,
2024-05-02,越南,中国,CÔNG TY TNHH NTECH SOLUTIONS,IBUY IMPORT AND EXPORT CO LTD,"H20 Park Riverside Residential Area, 101 Bung Ong Thoan Street, Phu Huu Ward, Thu Duc City, Ho Chi Minh City, Vietnam","BUILDING 4, WISDOM VALLEY, NO.237 XUEYUAN ROAD, RIZHAO HIGH-TECH ZONE, SHANDONG PROVINCE,CHINA, CN",,,,China,,,,85076090,"Ắc Quy Lithium BLUECARBON 48V250Ah, Công suất: 12,8KWH, Mã BCT-V-48-250, NSX: IBUY Import and Export Co., Ltd.. Mới 100%,BLUECARBON Lithium Battery 48V250Ah, Capacity: 12.8KWH, Code BCT-V-48-250, Manufacturer: IBUY Import and Export Co., Ltd.. 100% New",,10.0,Set,0.0,11250.0,,,
2024-04-12,越南,中国,CÔNG TY TNHH SẢN XUẤT VÀ THƯƠNG MẠI NINH THANH,ZHEJIANG NARADA POWER SOURCE CO LTD,"No. 20, Alley 24, Alley 38, Xuan La Street - Xuan La Ward - Tay Ho District - Hanoi City","NO.72, JINGGUAN ROAD, QINGSHAN TOWN, LIN'S AN ECONOMIC DEVELOPMENT ZONE, ZHEJIANG, CN",,,,China,,,,85076090,"Ắc quy điện bằng Lithium ion dùng cho trạm phát sóng viễn thông, dòng điện một chiều 48 VDC, dung lượng 50AH, kt: 980 x 690 x 460 mm, Model: PEN4850, nhãn hiệu: NARADA, mới 100%,Lithium ion electric battery for telecommunications broadcasting station, direct current 48 VDC, capacity 50AH, size: 980 x 690 x 460 mm, Model: PEN4850, brand: NARADA, 100% new",,113.0,Pieces,0.0,92208.0,,,
2024-01-10,越南,中国,CÔNG TY TNHH NTECH SOLUTIONS,HORIZON IMPORT AND EXPORT CO LTD,"H20 Park Riverside Residential Area, 101 Bung Ong Thoan Street - Phu Huu Ward - Thu Duc City - Ho Chi Minh City, Vietnam.","BUILDING 4, WISDOM VALLEY, NO.237 XUEYUAN ROAD, RIZHAO HIGH-TECH ZONE, CHINA, CN",,,,China,,,,85076090,"Ắc Quy Lithium BLUECARBON 48V 100AH, công suất 5,12 KWh Mã: Smart-BCT-V-48-100(P), NSX: Horizon Import and Export Co., Ltd.. Mới 100%,BLUECARBON Lithium Battery 48V 100AH, capacity 5.12 KWh Code: Smart-BCT-V-48-100(P), Manufacturer: Horizon Import and Export Co., Ltd.. 100% new",,2.0,Set,0.0,1350.0,,,
2024-01-10,越南,中国,CÔNG TY TNHH NTECH SOLUTIONS,HORIZON IMPORT AND EXPORT CO LTD,"H20 Park Riverside Residential Area, 101 Bung Ong Thoan Street - Phu Huu Ward - Thu Duc City - Ho Chi Minh City, Vietnam.","BUILDING 4, WISDOM VALLEY, NO.237 XUEYUAN ROAD, RIZHAO HIGH-TECH ZONE, CHINA, CN",,,,China,,,,85076090,"Ắc Quy Lithium BLUECARBON 48V 100AH, công suất 5,12 KWh Mã: BCT-V-48-100, NSX: Horizon Import and Export Co., Ltd.. Mới 100%,Lithium battery BLUECARBON 48V 100AH, capacity 5.12 KWh Code: BCT-V-48-100, Manufacturer: Horizon Import and Export Co., Ltd.. 100% new",,3.0,Set,0.0,1725.0,,,
2024-01-10,越南,中国,CÔNG TY TNHH NTECH SOLUTIONS,HORIZON IMPORT AND EXPORT CO LTD,"H20 Park Riverside Residential Area, 101 Bung Ong Thoan Street - Phu Huu Ward - Thu Duc City - Ho Chi Minh City, Vietnam.","BUILDING 4, WISDOM VALLEY, NO.237 XUEYUAN ROAD, RIZHAO HIGH-TECH ZONE, CHINA, CN",,,,China,,,,85076090,"Ắc Quy Lithium BLUECARBON 48V 250AH, công suất 12.8KWH Mã: BCT-V-48-250, NSX: Horizon Import and Export Co., Ltd.. Mới 100%,BLUECARBON Lithium Battery 48V 250AH, capacity 12.8KWH Code: BCT-V-48-250, Manufacturer: Horizon Import and Export Co., Ltd.. 100% new",,3.0,Set,0.0,3375.0,,,
2024-01-10,越南,中国,CÔNG TY TNHH NTECH SOLUTIONS,HORIZON IMPORT AND EXPORT CO LTD,"H20 Park Riverside Residential Area, 101 Bung Ong Thoan Street - Phu Huu Ward - Thu Duc City - Ho Chi Minh City, Vietnam.","BUILDING 4, WISDOM VALLEY, NO.237 XUEYUAN ROAD, RIZHAO HIGH-TECH ZONE, CHINA, CN",,,,China,,,,85076090,"Ắc Quy Lithium BLUECARBON 48V 250AH, công suất 12.8KWH Mã: Smart - BCT-V-48-250 (P), NSX: Horizon Import and Export Co., Ltd.. Mới 100%,BLUECARBON Lithium Battery 48V 250AH, capacity 12.8KWH Code: Smart - BCT-V-48-250 (P), Manufacturer: Horizon Import and Export Co., Ltd.. 100% new",,2.0,Set,0.0,2550.0,,,
