date,buyer_country,supplier_country,buyer,supplier,buyer_address,supplier_address,notify_party,notify_address,manufacturer,origin_country,destination_country,port_of_loading,port_of_discharge,hs_code,product_description,shipping_marks,quantity,quantity_unit,weight_kg,amount_usd,bill_number,container_number,brand
2023-12-30,印度,中国,KONICA MINOLTA HEALTHCARE INDIA PRIVATE LIMITED,SONOSCAPE MEDICAL CORP,"OFFICE NO.201, 2ND FLOOR, ATRIUM 2  ,,ANDHERI KURLA ROAD, CHAKALA,",,,,,CHINA ,,SHENZHEN,NHAVA SHEVA SEA (INNSA1),90181290,TV PROBE SV63N FOR CD40/CD50PRO AI (3 YEARS WARRANTY) (MEDICAL EQUIPMENT)(APTA NO.0123111700228746 DT.20.12.2023),,5.0,UNT ,0.0,6000.0,HWKC6IQJBE9OY,,
2023-12-30,印度,中国,KONICA MINOLTA HEALTHCARE INDIA PRIVATE LIMITED,SONOSCAPE MEDICAL CORP,"OFFICE NO.201, 2ND FLOOR, ATRIUM 2  ,,ANDHERI KURLA ROAD, CHAKALA,",,,,,CHINA ,,SHENZHEN,NHAVA SHEVA SEA (INNSA1),90181290,COMPOSITE CRYSTAL LINEAR PROBE SL12A FOR CD40&CD50PRO AI(3 YEARS WARRANTY)(MEDICAL EQUIPMENT)(APTA NO.0123111700228746 D,,5.0,UNT ,0.0,9000.0,HWKC6IQJBE9OY,,
2023-12-30,印度,中国,KONICA MINOLTA HEALTHCARE INDIA PRIVATE LIMITED,SONOSCAPE MEDICAL CORP,"OFFICE NO.201, 2ND FLOOR, ATRIUM 2  ,,ANDHERI KURLA ROAD, CHAKALA,",,,,,CHINA ,,SHENZHEN,NHAVA SHEVA SEA (INNSA1),90181290,SP7A PHASED ARRAY PROBE FOR CD50PRO AI (3 YEARS WARRANTY) (MEDICAL EQUIPMENT)(APTA NO.0123111700228746 DT.20.12.2023),,2.0,UNT ,0.0,2400.0,HWKC6IQJBE9OY,,
2023-12-30,印度,中国,KONICA MINOLTA HEALTHCARE INDIA PRIVATE LIMITED,SONOSCAPE MEDICAL CORP,"OFFICE NO.201, 2ND FLOOR, ATRIUM 2  ,,ANDHERI KURLA ROAD, CHAKALA,",,,,,CHINA ,,SHENZHEN,NHAVA SHEVA SEA (INNSA1),90181290,LINEAR PROBE SL42N FOR CD40 (3 YEARS WARRANTY) (MEDICAL EQUIPMENT)(APTA NO.0123111700228746 DT.20.12.2023),,3.0,UNT ,0.0,3600.0,HWKC6IQJBE9OY,,
2023-12-30,印度,中国,KONICA MINOLTA HEALTHCARE INDIA PRIVATE LIMITED,SONOSCAPE MEDICAL CORP,"OFFICE NO.201, 2ND FLOOR, ATRIUM 2  ,,ANDHERI KURLA ROAD, CHAKALA,",,,,,CHINA ,,SHENZHEN,NHAVA SHEVA SEA (INNSA1),90181290,AEROSCAN TROLLEY COLOUR DOPPLER ULTRASOUND SYSTEM CD40 (3 YEARS WARRANTY) (MEDICAL EQUIPMENT)(APTA NO.0123111700228746 D,,5.0,UNT ,0.0,40500.0,HWKC6IQJBE9OY,,
2023-12-30,印度,中国,KONICA MINOLTA HEALTHCARE INDIA PRIVATE LIMITED,SONOSCAPE MEDICAL CORP,"OFFICE NO.201, 2ND FLOOR, ATRIUM 2  ,,ANDHERI KURLA ROAD, CHAKALA,",,,,,CHINA ,,SHENZHEN,NHAVA SHEVA SEA (INNSA1),90181290,CONVEX PROBE SC3A FOR CD40 (3 YEARS WARRANTY) (MEDICAL EQUIPMENT)(APTA NO.0123111700228746 DT.20.12.2023),,5.0,UNT ,0.0,5000.0,HWKC6IQJBE9OY,,
2023-12-29,乌兹别克斯坦,中国,ООО MIRACLE IVF,SHENZHEN MINDRAY BIO MEDICAL ELECTRONICS CO LTD,,,,,,,,,,9018120000,"1)  Digital Ultrasound Diagnostic Imaging System DC-40 with accessories / Ультразвуковая диагностическая система DC-40 в комплекте с принадлежностями, новый, 2023 год выпуска, сер.№CT7-39008860, производитель Shenzhen Mindray Bio-Medical Electronics Co., Ltd  (Китай):  вес: 87,68 кг, кол. 1 шт; 2) Вид и количество упаковки:1 паллет+коробки; 3) № конт.:DFSU6438338, кол-во:1; ; 8) Код инвестпрограммы:000; 9) Код технологического оборудования:024; 10) Год изготовления и технические параметры: G31MARKA марка Mindray YEAR10 год производ 2023 PARAM10 Характеристика товара Напряжение 220V, частота 50/60Hz",,1.0,Piece,87.68,16000.0,,,
2023-12-28,越南,中国,CÔNG TY TNHH GMED,SONOSCAPE MEDICAL CORP,"No. 29, Alley 144, An Duong Vuong Street, Group 1, Cluster 1, Phu Thuong Ward, Tay Ho District, City. Hanoi","2F,12TH BUILDING, SHENZHEN SOFTWARE, PARK PHASE II, KEJI MIDDLE, 2ND ROAD, NANSHAN DISTRICT,518057, SHENZHEN",,,,China,,SHENZHEN,CANG XANH VIP,90181200,"Hệ thống chẩn đoán siêu âm Doppler màu P20, đầu dò VC6-2, HSX: Sonoscape Medical Corp, năm SX: 2023, dùng khảo sát nhiều bộ phận cơ thể, mới 100%,P20 color Doppler ultrasound diagnostic system, VC6-2 probe, HSX: Sonoscape Medical Corp, year of manufacture: 2023, used to survey many body parts, 100% new",,2.0,Set,0.0,24000.0,261223LSZHPH2310711,,
2023-12-28,越南,中国,CÔNG TY TNHH GMED,SONOSCAPE MEDICAL CORP,"No. 29, Alley 144, An Duong Vuong Street, Group 1, Cluster 1, Phu Thuong Ward, Tay Ho District, City. Hanoi","2F,12TH BUILDING, SHENZHEN SOFTWARE, PARK PHASE II, KEJI MIDDLE, 2ND ROAD, NANSHAN DISTRICT,518057, SHENZHEN",,,,China,,SHENZHEN,CANG XANH VIP,90181200,"Hệ thống chẩn đoán siêu âm Doppler màu P20, đầu dò VC6-2, HSX: Sonoscape Medical Corp, năm SX: 2023, dùng khảo sát nhiều bộ phận cơ thể, mới 100%,P20 color Doppler ultrasound diagnostic system, VC6-2 probe, HSX: Sonoscape Medical Corp, year of manufacture: 2023, used to survey many body parts, 100% new",,1.0,Set,0.0,12000.0,261223LSZHPH2310711,,
2023-12-28,印度,中国,NARAYAN INDUSTRIES,CONTEC MEDICAL SYSTEMS CO LTD,"6, STAR LANE,  ",,,,,CHINA ,,GUIYANG,KOLKATA ACC (INCCU4),90181290,"POCKET FETAL DOPPLER, MODEL: CONTEC10B ( MEDICAL EQUIPMENT WITH STANDARD ACCESSORIES)",,500.0,NOS ,0.0,7500.0,OCBAMTQFW7Q4S,,
2023-12-28,越南,中国,CÔNG TY TNHH GMED,SONOSCAPE MEDICAL CORP,"No. 29, Alley 144, An Duong Vuong Street, Group 1, Cluster 1, Phu Thuong Ward, Tay Ho District, City. Hanoi","2F,12TH BUILDING, SHENZHEN SOFTWARE, PARK PHASE II, KEJI MIDDLE, 2ND ROAD, NANSHAN DISTRICT,518057, SHENZHEN",,,,China,,SHENZHEN,CANG XANH VIP,90181200,"Hệ thống chẩn đoán siêu âm Doppler màu P20, đầu dò 6V1.  Hãng SX: Sonoscape Medical Corp, năm SX: 2023, dùng khảo sát nhiều bộ phận cơ thể, mới 100%,P20 color Doppler ultrasound diagnostic system, 6V1 probe. Manufacturer: Sonoscape Medical Corp, year of manufacture: 2023, used to survey many body parts, 100% new",,2.0,Set,0.0,22000.0,261223LSZHPH2310711,,
2023-12-28,秘鲁,中国,INNOVACIONES DIAGNOSTICAS INTELIGENTES S A C,NO DISPONIBLE,CAL. MERCATOR NRO. 401,,,,,CHINA,,,,9018120000,"TRANSDUCTOR DE ULTRASONIDO, MINDRAY, L14-6WE 120-001764-01 USO MÉDICO TRANSDUCTOR DE ULTRASONIDO,,,,",,1.0,U,4.078,3271.3,31586,,
2023-12-27,乌兹别克斯坦,中国,ООО FORTEK,SONOSCAPE MEDICAL CORP КИТАЙ,,,,,,,,,,9018120000,"1) Система ультразвуковая цифровая цветная допплеровская модели P12 Elite с принадлежностями./Новый,2023г.в./ Пр-ль.:""SonoScape Medical Corp."", Китай/ В комплект поставки помимо основного блока прибора также входят: - Конвексный датчик 3C-A / Convex Transducer 3C-A, - Линейный датчик L741 / Linear Transducer L741 , - Вагинальный датчик 6V3 / Endocavity Transducer 6V3, - Фазированный (кардиологический) датчик 3P-A  / Phased Transducer 3P-A/в комп./:  вес: 300 кг, кол. 5 шт; 2) Вид и количество уп G31MARKA марка SONOSCAPE YEAR10 год производ 2023 PARAM10 Характеристика товара Выполняя обещание заботиться о жизни с помощью инноваций, компания SonoScape представляет обновленное решение P12 Elite, которое представляет собой систему визуализации высокой четкости на основе передовых технологий, обеспечивающую информативную детализ",,5.0,Piece,300.0,91500.0,,,
2023-12-27,乌兹别克斯坦,中国,ООО FORTEK,SONOSCAPE MEDICAL CORP КИТАЙ,,,,,,,,,,9018120000,"1) Система ультразвуковая цифровая цветная допплеровская модели P20 Elite с принадлежностями. /Новый,2023г.в./ Пр-ль.:""SonoScape Medical Corp."", Китай/В комплект поставки помимо основного блока прибора также входят: - Конвексный датчик 3C-A / Convex Transducer 3C-A, - Линейный датчик L752 / Linear Transducer L752 , - Вагинальный датчик 6V3 / Endocavity Transducer 6V3, - Фазированный (кардиологический) датчик 2P1  / Phased Transducer 2P1/в комп./:  вес: 258 кг, кол. 3 шт; 2) Вид и количество упак G31MARKA марка SONOSCAPE YEAR10 год производ 2023 PARAM10 Характеристика товара С помощью новой ультразвуковой системы P20 Elite компании SonoScape, сочетающей в себе монокристаллическую четкость, расширенную технологию изображения и гибкость, задаваемую пользователем, вы сможете уверенно проводить диагностику в области женского здо",,3.0,Piece,258.0,61500.0,,,
2023-12-27,乌兹别克斯坦,中国,ООО FORTEK,SONOSCAPE MEDICAL CORP КИТАЙ,,,,,,,,,,9018120000,"1) Система ультразвуковая цифровая цветная допплеровская модели P50 Elite с принадлежностями. /Новый,2023г.в./ Пр-ль.:""SonoScape Medical Corp."", Китай/ В комплект поставки помимо основного блока прибора также входят: - Конвексный датчик C1-6 / Convex Transducer C1-6, - Линейный датчик 12L-A / Linear Transducer 12L-A, - Вагинальный датчик 6V3 / Endocavity Transducer 6V3, - Фазированный (кардиологический) датчик 4P-A  / Phased Transducer 4P-A/в комп./:  вес: 160 кг, кол. 2 шт; 2) Вид и количество G31MARKA марка SONOSCAPE YEAR10 год производ 2023 PARAM10 Характеристика товара Это ноу-хау в сфере ультразвуковой медицины от компании SonoScape. Данная линейка аппаратов объединяет в себе функции искусственного интеллекта, высокую продуктивность и скорость обработки изображений при проведении визуализации.",,2.0,Piece,160.0,48000.0,,,
2023-12-26,秘鲁,中国,ENDOMED TECNOLOGHIES S A C,NO DISPONIBLE,,,,,,CHINA,,Hong Kong,,9018120000,"MEDICAL VIDEO ENDOSCOPE, PUSEN, USCOPE PU3022A URETEROSCOPIO DE VIDEO FLEXIBLE, DE UN SOLO USO USO: EQUIPO BIOMEDICO MEDICAL VIDEO ENDOSCOPE CODIGO: PU3022A,,,,",,2.0,U,1.185,524.649,25232,,
2023-12-26,越南,中国,CÔNG TY TNHH THIẾT BỊ Y TẾ CÔNG NGHỆ CAO VIỆT ĐỨC,DAWEI MEDICAL JIANGSU CO LTD,"6th Floor, Md Complex Building, No. 68 Nguyen Co Thach Street, Cau Dien Ward, Nam Tu Liem District, Hanoi City","28 JINQIAO ROAD, ECONOMIC, AND TECHNOLOGICAL DEVELOPMENT, ZONE, XUZHOU, JIANGSU, CHINA 221004, CN",,,,China,,HONG KONG,HA NOI,90181200,"Hệ thống máy siêu âm và phụ kiện tiêu chuẩn đi kèm: 4 đầu dò siêu âm, dây nguồn, chủng loại: DW-T5, dùng trong y tế. Hsx: Dawei Medical (Jiangsu) Co.,Ltd. Hàng mới 100%,Ultrasound system and standard accessories included: 4 ultrasound probes, power cord, type: DW-T5, for medical use. Hsx: Dawei Medical (Jiangsu) Co.,Ltd. New 100%",,1.0,Set,0.0,12500.0,82855076792,,
2023-12-26,越南,中国,CÔNG TY CỔ PHẦN THIẾT BỊ Y TẾ VIỆT NHẬT,SONOSCAPE MEDICAL CORP,"24th Floor, Icon4 Building, 243A De La Thanh, Lang Thuong Ward, Dong Da District, Hanoi City, Vietnam","2F, 12TH BUILDING, SHENZHEN SOFTWARE PARK PHASE II, KEJI MIDDLE 2ND ROAD NANSHAN, DISTRICT,518057,SHENZHEN,GUANGDONG, CN",,,,China,,OTHER,HA NOI,90181200,"Máy siêu âm (1 đầu dò Linear L746) Model: E1 Hãng sản xuất: Sonoscape Medical Corp Xuất xứ: Trung Quốc Hàng mới 100%,Ultrasound machine (1 Linear L746 probe) Model: E1 Manufacturer: Sonoscape Medical Corp Origin: China 100% new",,1.0,Set,0.0,2500.0,774476488922,,
2023-12-26,秘鲁,中国,ENDOMED TECNOLOGHIES S A C,NO DISPONIBLE,,,,,,CHINA,,Hong Kong,,9018120000,"SISTEMA DE IMAGEN, PUSEN, PV300 HD MEDICAL VIDEO ENDOSCOPE IMAGEN PROCESADOR USO: COMPONENTE DEL EQUIPO BIOMEDICO SISTEMA DE IMAGEN CODIGO: PV300,,,,",,10.0,U,28.447,12591.823,25232,,
2023-12-26,越南,中国,CÔNG TY CỔ PHẦN XUẤT NHẬP KHẨU THIẾT BỊ Y TẾ HOÀN MỸ,SONOSCAPE MEDICAL CORP,"A8 Lot 12 Dinh Cong Urban Area, Dinh Cong Ward, Hoang Mai District, Hanoi City, Vietnam","2F,12TH BUILDING, SHENZHEN SOFTWARE, PARK PHASE II,KEJI MIDDLE 2 ND ROAD, NANSHAN DISTRICT, SHENZHEN,518057, CHINA",,,,China,,SHENZHEN,CANG XANH VIP,90181200,"Hệ thống siêu âm chẩn đoán màu, mã: E1, gồm máy chính và phụ kiện: đầu dò Convex C361, đầu dò Linear L746, dùng trong y tế. HSX: Sonoscape Medical Corp. Mới100%,Color diagnostic ultrasound system, code: E1, includes main machine and accessories: Convex C361 probe, Linear L746 probe, for medical use. HSX: Sonoscape Medical Corp. New100%",,30.0,Set,0.0,72000.0,231223VTRSE2312259,,
2023-12-26,秘鲁,中国,ENDOMED TECNOLOGHIES S A C,NO DISPONIBLE,,,,,,CHINA,,Hong Kong,,9018120000,"MEDICAL VIDEO ENDOSCOPE, PUSEN, PU3033A VIDEO FLEXIBLE URETEROSCOPIO, DE UN SOLO USO USO: EQUIPO BIOMEDICO MEDICAL VIDEO ENDOSCOPE (USCOPE) PU3033A CODIGO: PU3033A,,,,",,118.0,U,96.718,42812.128,25232,,
2023-12-26,越南,中国,CÔNG TY TNHH Y TẾ THÀNH AN,CHISON MEDICAL TECHNOLOGIES CO LTD,"No02, Lk45 Dong Gate Area, La Khe Ward, Ha Dong District, Hanoi City, Vietnam","NO.9 XIN HUI HUAN ROAD, XINWU DISTRICT, WUXI CITY, JIANG SU PROVINCE, CHINA 214028, CN",,,,China,,SHANGHAI,CANG DINH VU - HP,90181200,"Máy siêu âm dùng trong y tế, model Cbit4, hiệu Chison. Phụ kiện gồm: màn hình LED 19'';1 đầu dò D3P64L/2.5MHz, 1 đầu dò D3C60L/3.5MHz và 1 đầu dò D7L40L/7.5MHz; Mới 100%,Ultrasound machine for medical use, model Cbit4, brand Chison. Accessories include: 19'' LED screen; 1 D3P64L/2.5MHz probe, 1 D3C60L/3.5MHz probe and 1 D7L40L/7.5MHz probe; 100% New",,1.0,Set,0.0,8500.0,171223UMBOE2023120056,,
2023-12-22,越南,中国,CÔNG TY CỔ PHẦN THIẾT BỊ Y TẾ YK VIỆT,WUXI CANSONIC MEDICAL SCIENCE & TECHNOLOGY CO LTD,"No. 7 Lot A Bui Minh Truc Street, Ward 5, District 8, Ho Chi Minh City, Vietnam","2TH FLOOR, A6 BUILDING, STANDARD, WORKSHOP, LIYUAN DEVELOPMENT, ZONE, WUXI, JIANGSU, CHINA",,,,China,,SHENZHEN,DAU TU BAC KY,90181200,"Máy siêu âm chẩn đoán hình ảnh kỹ thuật số, kèm phụ kiện tiêu chuẩn, giúp bác sĩ chẩn đoán, điều trị. Chủng loại: K0. HSX: Wuxi Cansonic Medical Science & Technology Co., Ltd/Trung Quốc. Mới 100%,Digital imaging diagnostic ultrasound machine, with standard accessories, helps doctors diagnose and treat. Type: K0. HSX: Wuxi Cansonic Medical Science & Technology Co., Ltd/China. 100% New",,1.0,Set,0.0,2380.0,HHC20231216-001,,
2023-12-21,印度,中国,KONICA MINOLTA HEALTHCARE INDIA PRIVATE LIMITED,SONOSCAPE MEDICAL CORP,"OFFICE NO.201, 2ND FLOOR, ATRIUM 2  ,,ANDHERI KURLA ROAD, CHAKALA,",,,,,CHINA ,,Hong Kong,SAHAR AIR CARGO ACC (INBOM4),90181290,SP21N Phased Array Probe for CD25/CD30 (MEDICAL EQUIPMENT) (APTA CERT NO. 0123111700227431 DT. 19.12.2023),,5.0,NOS ,0.0,7500.0,I6ZUHLSM4CY8H,,
2023-12-21,印度,中国,KONICA MINOLTA HEALTHCARE INDIA PRIVATE LIMITED,SONOSCAPE MEDICAL CORP,"OFFICE NO.201, 2ND FLOOR, ATRIUM 2  ,,ANDHERI KURLA ROAD, CHAKALA,",,,,,CHINA ,,Hong Kong,SAHAR AIR CARGO ACC (INBOM4),90181290,SV61N TV Probe for CD25 (MEDICAL EQUIPMENT) (APTA CERT NO. 0123111700227431 DT. 19.12.2023),,5.0,NOS ,0.0,7500.0,I6ZUHLSM4CY8H,,
2023-12-21,印度,中国,KONICA MINOLTA HEALTHCARE INDIA PRIVATE LIMITED,SONOSCAPE MEDICAL CORP,"OFFICE NO.201, 2ND FLOOR, ATRIUM 2  ,,ANDHERI KURLA ROAD, CHAKALA,",,,,,CHINA ,,Hong Kong,SAHAR AIR CARGO ACC (INBOM4),90181290,"Aeroscan Colour Doppler Ultrasound System CD25 with 17"" Monitor (MEDICAL EQUIPMENT) (APTA CERT NO. 0123111700227431 DT.",,10.0,NOS ,0.0,24500.0,I6ZUHLSM4CY8H,,
2023-12-21,乌兹别克斯坦,中国,ООО AZZA MED,CHISON MEDICAL TECHNOLOGIES CO LTD,,,,,,,,,,9018120000,"1. Медицинское оборудование: Система ультразвуковая цифровая цветная допплеровская  c принадлежностями, модель:  ""Свit 10"" . в разобранном виде, новое 2023г выпуска. Производитель: CHISON Medical Technologies Co., Ltd/Китай/China-Вес 190 кг.  Кол. 2 шт  2. Всего мест-2 (2 кар.коробка) 8. Код инвестиционных проектов:000 9. Код основных сфер 001 10. 2023 г. / Медицинское оборудование: Система ультразвуковая цифровая цветная допплеровская  c принадлежностями, модель:  ""Свit 10"" . в разобранном G31MARKA марка CHISON YEAR10 год производ 2023 PARAM10 Характеристика товара Медицинское оборудование: Система ультразвуковая цифровая цветная допплеровская  c принадлежностями, модель:  ""Свit 10"" . в разобранном виде, новое 2023г выпуска. Производитель: CHISON Medical Technologies Co., Ltd/Китай/China",,2.0,Piece,190.0,30000.0,,,
2023-12-21,印度,中国,KONICA MINOLTA HEALTHCARE INDIA PRIVATE LIMITED,SONOSCAPE MEDICAL CORP,"OFFICE NO.201, 2ND FLOOR, ATRIUM 2  ,,ANDHERI KURLA ROAD, CHAKALA,",,,,,CHINA ,,Hong Kong,SAHAR AIR CARGO ACC (INBOM4),90181290,SC44N Convex Probe for CD25 (MEDICAL EQUIPMENT) (APTA CERT NO. 0123111700227431 DT. 19.12.2023),,10.0,NOS ,0.0,15000.0,I6ZUHLSM4CY8H,,
2023-12-20,乌兹别克斯坦,中国,ООО HEALTH TECH TRADE,SHENZHEN MINDRAY BIO MEDICAL ELECTRONICS CO LTD,,,,,,,,,,9018120000,"1) Digital Ultrasound Diagnostic Imaging System DC-40 with accessories/Ультразвуковая диагностическая система DC-40 в комплекте с принадлежностями, сер. №CT7-39008857, CT7-39008862, год выпуска 2023, производитель Shenzhen Mindray Bio-Medical Electronics Co., Ltd (Китай): вес: 175,36 кг, кол. 2 шт; 2) Вид и количество упаковки:2 паллет+коробки; 3) № конт.:DFSU6438338, кол-во:1; 8) Код инвестпрограммы:000; 9) Код технологического оборудования:024; 10) Год изготовления и технические параметры G31MARKA марка Mindray YEAR10 год производ 2023 PARAM10 Характеристика товара Напряжение 220V, частота 50/60Hz",,2.0,Piece,175.36,32000.0,,,
2023-12-19,乌兹别克斯坦,中国,ООО INTERMED LEASING,SHENZHEN MINDRAY BIO MEDICAL ELECTRONICS CO LTD,,,,,,,,,,9018120000,"1. Digital Ultrasound Diagnostic Imaging System Consona N7 with accessories / Ультразвуковая диагностическая система Consona N7 в комплекте с принадлежностями, производитель Shenzhen Mindray Bio-Medical Electronics Co., Ltd (Китай), с/н №LR1-39000509 - кол. 1 шт, вес: 70 кг 2. мест 1, 1 паллет+коробка 3. DFSU6438338/часть 8. 000 9. 024 10. 2023/напряжение 220, частота 50/60Hz 11. 02 Общее кол. мест: 1 G31MARKA марка SHENZHEN MINDRAY BIO MEDICAL ELECTRONICS YEAR10 год производ 2023 PARAM10 Характеристика товара напряжение 220, частота 50/60Hz",,1.0,Piece,70.0,25000.0,,,
2023-12-19,乌兹别克斯坦,中国,ООО INTERMED LEASING,MR GLOBAL HK LIMITED,,,,,,,,,,9018120000,"1. Digital Ultrasound Diagnostic Imaging System Consona N7 with accessories / Ультразвуковая диагностическая система Consona N7 в комплекте с принадлежностями, производитель Shenzhen Mindray Bio-Medical Electronics Co., Ltd (Китай), с/н №LR1-3A000530 - кол. 1 шт, вес: 72 кг 2. мест 1, 1 паллет+коробка 8. 000 9. 024 10. 2023/напряжение 220, частота 50/60Hz 11. 02 Общее кол. мест: 1 G31MARKA марка SHENZHEN MINDRAY BIO MEDICAL ELECTRONICS YEAR10 год производ 2023 PARAM10 Характеристика товара напряжение 220, частота 50/60Hz",,1.0,Piece,72.0,25000.0,,,
2023-12-19,印度,中国,EXPLORE MEDICAL ACCESSORIES LLP,CONTEC MEDICAL SYSTEMS CO LTD,,,,,,CHINA ,,CHENGDU,DELHI AIR CARGO ACC (INDEL4),90181290,ADULT PROBE FOR CMS5100 (MODEL: ESA0013) (SPARE PART FOR MEDICAL EQUIPMENTS),,200.0,PCS ,0.0,1700.0,56FB9A52Y8R47,,
2023-12-19,印度,中国,EXPLORE MEDICAL ACCESSORIES LLP,CONTEC MEDICAL SYSTEMS CO LTD,,,,,,CHINA ,,CHENGDU,DELHI AIR CARGO ACC (INDEL4),90181290,NEONATAL SPO2 EXTENSION CABLE (MODEL:FST0002) (SPARE PART FOR MEDICAL EQUIPMENTS),,150.0,PCS ,0.0,900.0,56FB9A52Y8R47,,
2023-12-18,印度,中国,MINDRAY MEDICAL INDIA PVT LTD,MR GLOBAL HK LIMITED,"UNIT NO 1061 SOLITAIRE BLDG NO 10,  6TH FLR SOLITAIRE CORPORATE PARK",,,,,CHINA ,,Hong Kong,SAHAR AIR CARGO ACC (INBOM4),90181290,2166B-PA00042 CONSONA N9 DIAGNOSTIC ULTRASOUND SYSTEM (FOR MEDICAL USE),,1.0,NOS ,0.0,18912.1,SJU9MR2S92HC7,,
2023-12-18,印度,中国,MINDRAY MEDICAL INDIA PVT LTD,MR GLOBAL HK LIMITED,"UNIT NO 1061 SOLITAIRE BLDG NO 10,  6TH FLR SOLITAIRE CORPORATE PARK",,,,,CHINA ,,Hong Kong,SAHAR AIR CARGO ACC (INBOM4),90181290,2146B-PA00145 MX7 MX7 PORTABLE DIAGNOSTIC ULTRASOUNDSYSTEM(FOR MEDICAL USE),,1.0,NOS ,0.0,9739.31,G9G1HAEBHFT5W,,
2023-12-18,印度,中国,MINDRAY MEDICAL INDIA PVT LTD,MR GLOBAL HK LIMITED,"UNIT NO 1061 SOLITAIRE BLDG NO 10,  6TH FLR SOLITAIRE CORPORATE PARK",,,,,CHINA ,,Hong Kong,SAHAR AIR CARGO ACC (INBOM4),90181290,2166B-PA00040 CONSONA N9 DIAGNOSTIC ULTRASOUND SYSTEM(FOR MEDICAL USE),,1.0,NOS ,0.0,19716.1,XG54HHKDUL1AC,,
2023-12-18,越南,中国,CÔNG TY CỔ PHẦN XUẤT NHẬP KHẨU THIẾT BỊ Y TẾ HOÀN MỸ,SONOSCAPE MEDICAL CORP,"A8 Lot 12 Dinh Cong Urban Area, Dinh Cong Ward, Hoang Mai District, Hanoi City, Vietnam","2F. 12TH BULDING, SHENZHEN SOFTWARE, PARK PHASE II,KEJI MIDDLE 2 ND ROAD, NANSHAN DISTRICT,518057, SHENZHEN, GUANGDONG, CHINA",,,,China,,SHENZHEN,CANG DINH VU - HP,90181200,"Hệ thống siêu âm chẩn đoán màu, mã: P20 Elite, gồm máy chính và phụ kiện: đầu dò Convex 3C-A, Linear L742, Volumetric Convex VC6-2, Transvaginal 6V3, dùng trong y tế.HSX:Sonoscape Medical Corp.Mới100%,Color diagnostic ultrasound system, code: P20 Elite, includes main machine and accessories: Convex 3C-A probe, Linear L742, Volumetric Convex VC6-2, Transvaginal 6V3, for medical use. HSX: Sonoscape Medical Corp. New100%",,2.0,Set,0.0,31200.0,141223VTRSE2312114,,
2023-12-18,印度,中国,MINDRAY MEDICAL INDIA PVT LTD,MR GLOBAL HK LIMITED,"UNIT NO 1061 SOLITAIRE BLDG NO 10,  6TH FLR SOLITAIRE CORPORATE PARK",,,,,CHINA ,,Hong Kong,SAHAR AIR CARGO ACC (INBOM4),90181290,2138B-PA00084 M6 M6 PORTABLE COLORDOPPLERULTRASOUNDSYSTEM(FOR MEDICAL USE),,1.0,NOS ,0.0,4025.45,UZYWSOEES8J87,,
2023-12-18,越南,中国,CÔNG TY CỔ PHẦN THIẾT BỊ Y TẾ VIỆT NHẬT,SONOSCAPE MEDICAL CORP,"24th Floor, Icon4 Building, 243A De La Thanh, Lang Thuong Ward, Dong Da District, Hanoi City, Vietnam","ROOM 201 & 202, 12TH BUILDING, SHENZHEN SOFTWARE PARK PHASE II, 1 KEJI MIDDLE 2ND ROAD, YUEHAI, SUBDISTRICT, NANSHAN,SHENZHEN, CN",,,,China,,HONG KONG,HA NOI,90181200,"Máy siêu âm (1 đầu dò Convex 3C-A,1 đầu dò Linear L741, 1 đầu dò tim 2P1 và đầu dò khối VC6-2) Model: P12 Elite Hãng sản xuất:Sonoscape Medical Corp Xuất xứ: Trung Quốc Hàng mới 100% Năm sản xuất 2023,Ultrasound machine (1 Convex 3C-A probe, 1 Linear L741 probe, 1 2P1 cardiac probe and VC6-2 mass probe) Model: P12 Elite Manufacturer: Sonoscape Medical Corp Origin: China 100% new % Year of manufacture 2023",,1.0,Unit,0.0,14040.0,HKHAN0952407,,
2023-12-18,印度,中国,MINDRAY MEDICAL INDIA PVT LTD,MR GLOBAL HK LIMITED,"UNIT NO 1061 SOLITAIRE BLDG NO 10,  6TH FLR SOLITAIRE CORPORATE PARK",,,,,CHINA ,,Hong Kong,SAHAR AIR CARGO ACC (INBOM4),90181290,"1116B-CTO-S01 Z60 DIAGNOSTIC ULTRASOUND SYSTEM DICOM BASIC,IMT,P-CV-1P DISCOUNT,PROBE 2P2P,Z60 MAIN(FOR MEDICAL USE)",,1.0,NOS ,0.0,8737.77,XG54HHKDUL1AC,,
2023-12-18,印度,中国,MINDRAY MEDICAL INDIA PVT LTD,MR GLOBAL HK LIMITED,"UNIT NO 1061 SOLITAIRE BLDG NO 10,  6TH FLR SOLITAIRE CORPORATE PARK",,,,,CHINA ,,Hong Kong,SAHAR AIR CARGO ACC (INBOM4),90181290,"1116B-CTO-S01 Z60 DIAGNOSTIC ULTRASOUND SYSTEM DICOM BASIC,IMT,P-GYN-2P DISCOUNT,PROBE V10-4BP,Z60 MAIN (FOR MEDICAL USE",,1.0,NOS ,0.0,7388.8,XG54HHKDUL1AC,,
2023-12-18,越南,中国,CÔNG TY CỔ PHẦN THIẾT BỊ Y TẾ VIỆT NHẬT,SONOSCAPE MEDICAL CORP,"24th Floor, Icon4 Building, 243A De La Thanh, Lang Thuong Ward, Dong Da District, Hanoi City, Vietnam","ROOM 201 & 202, 12TH BUILDING, SHENZHEN SOFTWARE PARK PHASE II, 1 KEJI MIDDLE 2ND ROAD, YUEHAI, SUBDISTRICT, NANSHAN,SHENZHEN, CN",,,,China,,HONG KONG,HA NOI,90181200,"Máy siêu âm (1 đầu dò Convex 3C-A 1 đầu dò Linear L741 và 1 đầu dò tim 2P1) Model: P12 Elite Hãng sản xuất: Sonoscape Medical Corp Xuất xứ: Trung Quốc Hàng mới 100% Năm sản xuất: 2023,Ultrasound machine (1 Convex 3C-A probe, 1 Linear L741 probe and 1 2P1 cardiac probe) Model: P12 Elite Manufacturer: Sonoscape Medical Corp Origin: China 100% new product Year of manufacture: 2023",,1.0,Unit,0.0,11790.0,HKHAN0952407,,
2023-12-18,印度,中国,MINDRAY MEDICAL INDIA PVT LTD,MR GLOBAL HK LIMITED,"UNIT NO 1061 SOLITAIRE BLDG NO 10,  6TH FLR SOLITAIRE CORPORATE PARK",,,,,CHINA ,,Hong Kong,SAHAR AIR CARGO ACC (INBOM4),90181290,2148B-PA00070 DC-40 DC-40 DIAGNOSTIC ULTRASOUND SYSTEM(FOR MEDICAL USE),,1.0,NOS ,0.0,14051.7,SJU9MR2S92HC7,,
2023-12-18,越南,中国,CÔNG TY CỔ PHẦN THIẾT BỊ Y TẾ VIỆT NHẬT,SONOSCAPE MEDICAL CORP,"24th Floor, Icon4 Building, 243A De La Thanh, Lang Thuong Ward, Dong Da District, Hanoi City, Vietnam","ROOM 201 & 202, 12TH BUILDING, SHENZHEN SOFTWARE PARK PHASE II, 1 KEJI MIDDLE 2ND ROAD, YUEHAI, SUBDISTRICT, NANSHAN,SHENZHEN, CN",,,,China,,HONG KONG,HA NOI,90181200,"Máy siêu âm (1 đầu dò Convex 3C-A, 1 đầu dò khối VC6-2  và 1 đầu dò phụ khoa 6V1) Model: P12 Elite Hãng sản xuất: Sonoscape Medical Corp Xuất xứ: Trung Quốc Hàng mới 100% Năm sản xuất: 2023,Ultrasound machine (1 Convex 3C-A probe, 1 VC6-2 block probe and 1 6V1 gynecological probe) Model: P12 Elite Manufacturer: Sonoscape Medical Corp Origin: China 100% new product Year of manufacture : 2023",,1.0,Unit,0.0,12000.0,HKHAN0952407,,
2023-12-18,印度,中国,MINDRAY MEDICAL INDIA PVT LTD,MR GLOBAL HK LIMITED,"UNIT NO 1061 SOLITAIRE BLDG NO 10,  6TH FLR SOLITAIRE CORPORATE PARK",,,,,CHINA ,,Hong Kong,SAHAR AIR CARGO ACC (INBOM4),90181290,2146B-PA00145 MX7 MX7 PORTABLE DIAGNOSTIC ULTRASOUNDSYSTEM(FOR MEDICAL USE),,1.0,NOS ,0.0,9739.31,G9G1HAEBHFT5W,,
2023-12-18,越南,中国,CÔNG TY CỔ PHẦN THIẾT BỊ Y TẾ VIỆT NHẬT,SONOSCAPE MEDICAL CORP,"24th Floor, Icon4 Building, 243A De La Thanh, Lang Thuong Ward, Dong Da District, Hanoi City, Vietnam","ROOM 201 & 202, 12TH BUILDING, SHENZHEN SOFTWARE PARK PHASE II, 1 KEJI MIDDLE 2ND ROAD, YUEHAI, SUBDISTRICT, NANSHAN,SHENZHEN, CN",,,,China,,HONG KONG,HA NOI,90181200,"Máy siêu âm (1 đầu dò Convex 3C-A, 1 đầu dò Linear L742, 1 đầu dò tim 2P1 và đầu dò khối VC6-2) Model: P12 Elite Hãng sản xuất:Sonoscape Medical Corp Xuất xứ:Trung Quốc Hàng mới 100% Năm sản xuất 2023,Ultrasound machine (1 Convex 3C-A probe, 1 Linear L742 probe, 1 2P1 cardiac probe and VC6-2 mass probe) Model: P12 Elite Manufacturer: Sonoscape Medical Corp Origin: China 100% new % Year of manufacture 2023",,1.0,Unit,0.0,14280.0,HKHAN0952407,,
2023-12-18,印度,中国,MINDRAY MEDICAL INDIA PVT LTD,MR GLOBAL HK LIMITED,"UNIT NO 1061 SOLITAIRE BLDG NO 10,  6TH FLR SOLITAIRE CORPORATE PARK",,,,,CHINA ,,Hong Kong,SAHAR AIR CARGO ACC (INBOM4),90181290,"1116B-CTO-S01 Z60 DIAGNOSTIC ULTRASOUND SYSTEM DICOM BASIC,IMT,P-GYN-2P DISCOUNT,PROBE V10-4BP(FOR MEDICAL USE)",,2.0,NOS ,0.0,14485.1,XG54HHKDUL1AC,,
2023-12-18,越南,中国,CÔNG TY CỔ PHẦN THIẾT BỊ Y TẾ VIỆT NHẬT,SONOSCAPE MEDICAL CORP,"24th Floor, Icon4 Building, 243A De La Thanh, Lang Thuong Ward, Dong Da District, Hanoi City, Vietnam","ROOM 201 & 202, 12TH BUILDING, SHENZHEN SOFTWARE PARK PHASE II, 1 KEJI MIDDLE 2ND ROAD, YUEHAI, SUBDISTRICT, NANSHAN,SHENZHEN, CN",,,,China,,HONG KONG,HA NOI,90181200,"Máy siêu âm (1 đầu dò Convex 3C-A và 1 đầu dò Linear L741) Model: P12 Elite Hãng sản xuất: Sonoscape Medical Corp Xuất xứ: Trung Quốc Hàng mới 100% Năm sản xuất: 2023,Ultrasound machine (1 Convex 3C-A probe and 1 Linear L741 probe) Model: P12 Elite Manufacturer: Sonoscape Medical Corp Origin: China 100% new Year of manufacture: 2023",,2.0,Unit,0.0,19000.0,HKHAN0952407,,
2023-12-18,越南,中国,CÔNG TY CỔ PHẦN XUẤT NHẬP KHẨU THIẾT BỊ Y TẾ HOÀN MỸ,SONOSCAPE MEDICAL CORP,"A8 Lot 12 Dinh Cong Urban Area, Dinh Cong Ward, Hoang Mai District, Hanoi City, Vietnam","2F. 12TH BULDING, SHENZHEN SOFTWARE, PARK PHASE II,KEJI MIDDLE 2 ND ROAD, NANSHAN DISTRICT,518057, SHENZHEN, GUANGDONG, CHINA",,,,China,,SHENZHEN,CANG DINH VU - HP,90181200,"Hệ thống siêu âm chẩn đoán màu, mã: P20 Elite, gồm máy chính và phụ kiện: đầu dò Convex 3C-A, Linear L742, Volumetric Convex VC6-2, Phased Array 2P1, dùng trong y tế.HSX:Sonoscape Medical Corp.Mới100%,Color diagnostic ultrasound system, code: P20 Elite, including main machine and accessories: Convex 3C-A probe, Linear L742, Volumetric Convex VC6-2, Phased Array 2P1, for medical use.HSX:Sonoscape Medical Corp .New100%",,1.0,Set,0.0,15600.0,141223VTRSE2312114,,
2023-12-18,印度,中国,MINDRAY MEDICAL INDIA PVT LTD,MR GLOBAL HK LIMITED,"UNIT NO 1061 SOLITAIRE BLDG NO 10,  6TH FLR SOLITAIRE CORPORATE PARK",,,,,CHINA ,,Hong Kong,SAHAR AIR CARGO ACC (INBOM4),90181290,"2146B-CTO-S01 MX7 PORTABLE DIAGNOSTIC ULTRASOUND SYSTEM ISCAPE VIEW,FREE XROS M,FREE XROS CM,TISSUE(FOR MEDICAL USE)",,1.0,NOS ,0.0,13035.2,UZYWSOEES8J87,,
2023-12-18,印度,中国,MINDRAY MEDICAL INDIA PVT LTD,MR GLOBAL HK LIMITED,"UNIT NO 1061 SOLITAIRE BLDG NO 10,  6TH FLR SOLITAIRE CORPORATE PARK",,,,,CHINA ,,Hong Kong,SAHAR AIR CARGO ACC (INBOM4),90181290,"1116B-CTO-S01 Z60 DIAGNOSTIC ULTRASOUND SYSTEM DICOM BASIC,IMT,P-GYN-2P DISCOUNT,PROBE V10-4BP,Z60(FOR MEDICAL USE)",,1.0,NOS ,0.0,7242.55,XG54HHKDUL1AC,,
2023-12-18,越南,中国,CÔNG TY CỔ PHẦN KỸ THUẬT MSD,WUXI HISKY MEDICAL TECHNOLOGIES CO LTD,"Thien Nam Building, No. 192-194-196-198 Ngo Gia Tu, Ward 04, District 10, Ho Chi Minh City","ROOM C405, 530 MANSION,UNIVERSITY, SCIENCE PARK,TAIHU INTERNATIONAL, SCIENCE & TECHNOLOGY PARK, XINWU DISTRICT, WUXI, CHINA 214135",,,,China,,OTHER,HO CHI MINH,90181200,"Máy siêu âm chẩn đoán định lượng xơ gan và gan nhiễm mỡ và phụ kiện kèm theo, chủng loại: FT100, .HSX:WUXI HISKY MEDICAL TECHNOLOGIES CO., LTD, Hàng mới 100%,Ultrasound machine for quantitative diagnosis of cirrhosis and fatty liver and accompanying accessories, type: FT100, .HSX:WUXI HISKY MEDICAL TECHNOLOGIES CO., LTD, 100% new product",,1.0,Set,0.0,22000.0,774458068438,,
2023-12-18,印度,中国,MEDION HEALTHCARE PRIVATE LIMITED,SINO MEDICAL DEVICE TECHNOLOGY CO LTD,"PLOT NO. K-49, THAKUR PADA GAON,  MIDC ANAND NAGAR, OPP. A SOLUTION C",,,,,CHINA ,,SHENZHEN,NHAVA SHEVA SEA (INNSA1),90181290,MEDICAL EQUIPMENT - SYRINGE PUMP SP101 (APTA NO. 0123111700221596 DTD. 06.12.2023 ),,350.0,NOS ,0.0,54250.0,7CPQKT2IN3LIQ,,
2023-12-18,越南,中国,CÔNG TY CỔ PHẦN XUẤT NHẬP KHẨU THIẾT BỊ Y TẾ HOÀN MỸ,SONOSCAPE MEDICAL CORP,"A8 Lot 12 Dinh Cong Urban Area, Dinh Cong Ward, Hoang Mai District, Hanoi City, Vietnam","2F. 12TH BULDING, SHENZHEN SOFTWARE, PARK PHASE II,KEJI MIDDLE 2 ND ROAD, NANSHAN DISTRICT,518057, SHENZHEN, GUANGDONG, CHINA",,,,China,,SHENZHEN,CANG DINH VU - HP,90181200,"Hệ thống siêu âm chẩn đoán màu, mã: P15, gồm máy chính và phụ kiện: đầu dò Convex 3C-A, Linear L742, Volumetric Convex VC6-2, Transvaginal 6V1, dùng trong y tế. HSX: Sonoscape Medical Corp. Mới100%,Color diagnostic ultrasound system, code: P15, includes main machine and accessories: Convex 3C-A probe, Linear L742, Volumetric Convex VC6-2, Transvaginal 6V1, for medical use. HSX: Sonoscape Medical Corp. New100%",,3.0,Set,0.0,36900.0,141223VTRSE2312114,,
2023-12-14,印度,中国,KONICA MINOLTA HEALTHCARE INDIA PRIVATE LIMITED,CHISON MEDICAL TECHNOLOGIES CO LTD,"OFFICE NO.201, 2ND FLOOR, ATRIUM 2  ,,ANDHERI KURLA ROAD, CHAKALA,",,,,,CHINA ,,Shekou,NHAVA SHEVA SEA (INNSA1),90181290,AEROSCAN COLOR DOPPLER ULTRASOUND CD 20 PRO (27 MONTHS WARRANTY) (MEDICAL EQUIPMENT) (APTA NO.B232405081537008 DT.05.12.,,8.0,PCS ,0.0,29600.0,IXHFKSG1YZMNC,,
2023-12-14,印度,中国,KONICA MINOLTA HEALTHCARE INDIA PRIVATE LIMITED,CHISON MEDICAL TECHNOLOGIES CO LTD,"OFFICE NO.201, 2ND FLOOR, ATRIUM 2  ,,ANDHERI KURLA ROAD, CHAKALA,",,,,,CHINA ,,Shekou,NHAVA SHEVA SEA (INNSA1),90181290,LINEAR PROBE D7L40L (27 MONTHS WARRANTY) (MEDICAL EQUIPMENT)(APTA NO.B232405081537008 DT.05.12.2023),,2.0,PCS ,0.0,2000.0,IXHFKSG1YZMNC,,
2023-12-14,印度,中国,KONICA MINOLTA HEALTHCARE INDIA PRIVATE LIMITED,CHISON MEDICAL TECHNOLOGIES CO LTD,"OFFICE NO.201, 2ND FLOOR, ATRIUM 2  ,,ANDHERI KURLA ROAD, CHAKALA,",,,,,CHINA ,,Shekou,NHAVA SHEVA SEA (INNSA1),90181290,CONVEX PROBE D3C60L (27 MONTHS WARRANTY) (MEDICAL EQUIPMENT)(APTA NO.B232405081537008 DT.05.12.2023),,8.0,PCS ,0.0,8000.0,IXHFKSG1YZMNC,,
2023-12-14,印度,中国,KONICA MINOLTA HEALTHCARE INDIA PRIVATE LIMITED,CHISON MEDICAL TECHNOLOGIES CO LTD,"OFFICE NO.201, 2ND FLOOR, ATRIUM 2  ,,ANDHERI KURLA ROAD, CHAKALA,",,,,,CHINA ,,Shekou,NHAVA SHEVA SEA (INNSA1),90181290,TRANS-VAGINAL PROBE D7C10L (12 MONTHS WARRANTY) (MEDICAL EQUIPMENT) (APTA NO.B232405081537008 DT.05.12.2023),,1.0,PCS ,0.0,1000.0,IXHFKSG1YZMNC,,
2023-12-13,印度,中国,SHIVA AND SHIVA ORTHOPAEDIC HOSPITAL PRIVATE LIMIT,WIPRO GE HELATHCARE PVT LTD,"NO 146, PRESTIGE OPAL,INFANTRY ROA  D",,,,,CHINA ,,Shanghai,BANGALORE ACC (INBLR4),90181290,MEDICAL DIAGNOSTIC AND IMAGING EQUIPMENT VERSANA ACTIVE WITHCOMPLETE SET,,2.0,NOS ,0.0,27700.0,0U91GYU747HVB,,
2023-12-13,印度,中国,UNITECH MEDICAL SYSTEMS,BMC MEDICAL CO LTD,"14/1 MAGADI MAIN ROAD,KAMAKSHIPALY  A",,,,,CHINA ,,SHENZHEN,BANGALORE ACC (INBLR4),90181290,MEDICAL EQUIPMENT/BMC NON INVASIVE VENTILATOR(G2S AUTO CPAP)(USED FOR PATIENTS RESPIRATORY PROBLEMS AT HOSPITALS),,200.0,NOS ,0.0,25400.0,RR67PZR5GB8YA,,
2023-12-12,越南,中国,CÔNG TY TNHH KỸ THUẬT THIẾT BỊ THIÊN PHÚC,CHISON MEDICAL TECHNOLOGIES CO LTD,"No. 151, Group 13 Mau Luong, Kien Hung Ward, Ha Dong District, Hanoi City, Vietnam","NO.9, XINHUIHUAN ROAD,  XINWU DISTRICT, WUXI,  JIANGSU, CHINA 214028, CN",,,,China,,SHANGHAI,HA NOI,90181200,"Máy ECO5 là máy siêu âm màu 2D xách tay. Bao gồm đầu dò convex và đầu dò Linear. Năm sản xuất 2023. HSX: CHISON MEDICAL TECHNOLOGIES CO., LTD. Máy mới 100%,The ECO5 machine is a portable 2D color ultrasound machine. Includes convex probe and Linear probe. Year of manufacture 2023. HSX: CHISON MEDICAL TECHNOLOGIES CO., LTD. 100% new machine",,2.0,Set,0.0,7600.0,AHAN221493,,
2023-12-12,乌兹别克斯坦,中国,ООО MEHRUFAR AKRAMOVNA DENTA,SHENZHEN MINDRAY BIO MEDICAL ELECTRONICS CO LTD,,,,,,,,,,9018120000,"1) Digital Ultrasound Diagnostic Imaging System DC-40 with accessories/Ультразвуковая диагностическая система DC-40 в комплекте с принадлежностями, сер. №CT7-39008859, год выпуска 2023, производитель Shenzhen Mindray Bio-Medical Electronics Co., Ltd (Китай): вес: 87,68 кг, кол. 1 шт; 2) Вид и количество упаковки:1 паллет+коробки; 3) № конт.:DFSU6438338 часть, кол-во:1; 8) Код инвестпрограммы:000; 9) Код технологического оборудования:024; 10) Год изготовления и технические параметры:2023/Нап G31MARKA марка Mindray YEAR10 год производ 2023 PARAM10 Характеристика товара Напряжение 220V, частота 50/60Hz",,1.0,Piece,87.68,16000.0,,,
2023-12-11,乌兹别克斯坦,中国,OOO HITECH ORIENT MEDBUSINESS,WUHAN ZONCARE BIO MEDICAL ELECTRONICS CO LTD,,,,,,,,,,9018120000,"1. Система ультразвуковая диагностика модель Zoncare ViV20  с принадлежностями. В комплектацию входит:Конвекс датчик,линейный датчик, кардио датчик. Предназначена для ультразвукового сканирования и исследования организма человека.Рег.Удос:ТТ/Х 06053/02/23, c/н: J3294171CTO08N0001, Новое 2023г.Производитель:WUHAN ZONCARE BIO-MEDICAL ELECTRONICS CO.,LTD Китай. - кол. 1 шт, вес: 68 кг 2. мест 11, дерев.ящик. 6. /коды № J3294171CTO08N0001/ 8. 000 9. 024 10. 2023/100V-240V, 50Hz/60Hz, 420VA 11. 02 О G31MARKA марка ZONCARE YEAR10 год производ 2023 PARAM10 Характеристика товара 100V-240V, 50Hz/60Hz, 420VA",,1.0,Piece,68.0,8187.5,,,
2023-12-11,印度,中国,MINDRAY MEDICAL INDIA PVT LTD,MR GLOBAL HK LIMITED,"UNIT NO 1061 SOLITAIRE BLDG NO 10,  6TH FLR SOLITAIRE CORPORATE PARK",,,,,CHINA ,,Hong Kong,SAHAR AIR CARGO ACC (INBOM4),90181290,"2147B-CTO-S01 DC-60 EXP DIAGNOSTIC ULTRASOUND SYSTEM DICOM BASIC,DICOM BREAST SR,DICOM VASCULAR SR(FOR MEDICAL USE)",,1.0,NOS ,0.0,24069.2,V3SN538TCKC6K,,
2023-12-11,乌兹别克斯坦,中国,SOG'LOM HAYOT,SONOSCAPE MEDICAL COPR,,,,,,,,,,9018120000,"1. Ultrasound system digital color Doppler model S50 Elite with accesories / Система ультразвуковая цифровая цветная доплеровская модель S50 Elite с принадлежностями Кол-во; 1 шт. Новый 2023 г, Производитель; SonoScape Medical Copr. (Китай) - кол. 1 шт, вес: 120 кг 2. мест 1, 1 дерев.ящик. 3. HPSU7772256/часть 8. 000 9. 024 10. 2023/Новый 11. 02 Общее кол. мест: 1 G31MARKA марка БЕЗ МАРКИ YEAR10 год производ 2023 PARAM10 Характеристика товара Новый",,1.0,Piece,120.0,40000.0,,,
2023-12-11,印度,中国,MINDRAY MEDICAL INDIA PVT LTD,MR GLOBAL HK LIMITED,"UNIT NO 1061 SOLITAIRE BLDG NO 10,  6TH FLR SOLITAIRE CORPORATE PARK",,,,,CHINA ,,Hong Kong,SAHAR AIR CARGO ACC (INBOM4),90181290,2145B-PA00365 DC-70 EXP DC-70 EXP DIAGNOSTIC ULTRASOUND SYSTEM(FOR MEDICAL USE),,5.0,NOS ,0.0,53675.0,NSL09SM4ME0JD,,
2023-12-11,印度,中国,MINDRAY MEDICAL INDIA PVT LTD,MR GLOBAL HK LIMITED,"UNIT NO 1061 SOLITAIRE BLDG NO 10,  6TH FLR SOLITAIRE CORPORATE PARK",,,,,CHINA ,,Hong Kong,SAHAR AIR CARGO ACC (INBOM4),90181290,2146B-PA00147 MX7 MX7 PORTABLE DIAGNOSTIC ULTRASOUNDSYSTEM(FOR MEDICAL USE),,1.0,NOS ,0.0,10733.8,V3SN538TCKC6K,,
2023-12-11,印度,中国,MINDRAY MEDICAL INDIA PVT LTD,MR GLOBAL HK LIMITED,"UNIT NO 1061 SOLITAIRE BLDG NO 10,  6TH FLR SOLITAIRE CORPORATE PARK",,,,,CHINA ,,Hong Kong,SAHAR AIR CARGO ACC (INBOM4),90181290,"2165B-CTO-S01 CONSONA N8 DIAGNOSTIC ULTRASOUND SYSTEM CV-MUPACKAGE DISCOUNT,BASIC PACKAGE DISCOUNT(FOR MEDICAL USE)",,2.0,NOS ,0.0,22068.2,NSL09SM4ME0JD,,
2023-12-11,乌兹别克斯坦,中国,OOO HITECH ORIENT MEDBUSINESS,WUHAN ZONCARE BIO MEDICAL ELECTRONICS CO LTD,,,,,,,,,,9018120000,"1. Портативный система ультразвуковая диагностика модель Zoncare М30 с принадлежностями.В комплектацию входит:Конвекс датчик,Линейный датчик. Тележка, сумка.Предназначена для ультразвукового сканирования и исследования организма человека.c/н:J32940714CTOXN0007,J32940714CTOXN0008,J32940714CTOXN0009.Рег. удос:ТТ/Х 06054/02/23 Новое 2023г. Производитель: WUHAN ZONCARE BIO-MEDICAL ELECTRONICS CO.,LTD Китай - кол. 3 шт, вес: 66,6 кг 2. мест 6, 6 картон.короб. 6. /коды № J32940714CTOXN0007, J32940714 G31MARKA марка ZONCARE YEAR10 год производ 2023 PARAM10 Характеристика товара 100V-240V, 50Hz/60Hz, 420VA",,3.0,Piece,66.6,17512.5,,,
2023-12-11,乌兹别克斯坦,中国,OOO HITECH ORIENT MEDBUSINESS,WUHAN ZONCARE BIO MEDICAL ELECTRONICS CO LTD,,,,,,,,,,9018120000,"1. Система ультразвуковая диагностика модель Zoncare ViV20  с принадлежностями. В комплектацию входит:Конвекс датчик,линейный датчик. Предназначена для ультразвукового сканирования и исследования организма человека.Рег.Удос:ТТ/Х 06053/02/23, C/Н: J3294171CTO08N0002 Новое 2023г.Производитель:WUHAN ZONCARE BIO-MEDICAL ELECTRONICS CO.,LTD Китай - кол. 1 шт, вес: 68 кг 2. мест 1, 1 дерев.ящик. 6. /коды № J3294171CTO08N0002/ 8. 000 9. 024 10. 2023/100V-240V, 50Hz/60Hz, 420VA 11. 02 Общее кол. мест: G31MARKA марка ZONCARE YEAR10 год производ 2023 PARAM10 Характеристика товара 100V-240V, 50Hz/60Hz, 420VA",,1.0,Piece,68.0,6987.5,,,
2023-12-08,巴基斯坦,中国,FAUJI FOUNDATION,SONOSCAPE MEDICAL CORP,"68 TIPU ROAD, FAUJI TOWERS, CHAKLALA RAWALPINDI ",,,,,China,,,IPAF,90181200,MEDICAL EQUIPMENT (COLOR DOPPLER ULTRASOUND MACHINE WITH THREE PROBS MODEL: P9ELITE) QTY=02 UNIT COMPLETE DETAIL AS PER PROFORMA INVOICE NO. PKIM20230725 DATED: 26.07.2023 ATTACHED,,2.0,u,0.0,35000.0,,,
2023-12-06,乌兹别克斯坦,中国,ООО INTERMED INNOVATION TRADE,SHENZHEN MINDRAY BIO MEDICAL ELECTRONICS CO LTD,,,,,,,,,,9018120000,"1. Digital Ultrasound Diagnostic Imaging System DC-30 with accessories/Ультразвуковая диагностическая система DC-30 в комплекте с принадлежностями, ср. JM3-29003208, JM3-29003209, год выпуска 2022, производитель Shenzhen Mindray Bio-Medical Electronics Co., Ltd - кол. 2 шт, вес: 114 кг 2. мест 2, 2 палетт+коробка 3. CRSU0405962/часть 8. 000 9. 024 10. 2022/напряжение 220, частота 50/60Hz 11. 02 Общее кол. мест: 2 G31MARKA марка SHENZHEN MINDRAY BIO MEDICAL ELECTRONICS YEAR10 год производ 2022 PARAM10 Характеристика товара напряжение 220, частота 50/60Hz",,2.0,Piece,114.0,19000.0,,,
2023-12-06,乌兹别克斯坦,中国,ООО INTERMED INNOVATION TRADE,SHENZHEN MINDRAY BIO MEDICAL ELECTRONICS CO LTD,,,,,,,,,,9018120000,"1. Digital Ultrasound Diagnostic Imaging System DC-30 with accessories/Ультразвуковая диагностическая система DC-30 в комплекте с принадлежностями, ср. JM3-29003202, год выпуска 2022, производитель Shenzhen Mindray Bio-Medical Electronics Co., Ltd - кол. 1 шт, вес: 55 кг 2. мест 1, 1 палетт+коробка 3. CRSU0405962/часть 8. 000 9. 024 10. 2022/напряжение 220, частота 50/60Hz 11. 02 Общее кол. мест: 1 G31MARKA марка SHENZHEN MINDRAY BIO MEDICAL ELECTRONICS YEAR10 год производ 2022 PARAM10 Характеристика товара напряжение 220, частота 50/60Hz",,1.0,Piece,55.0,11500.0,,,
2023-12-05,印度,中国,KONICA MINOLTA HEALTHCARE INDIA PRIVATE LIMITED,CHISON MEDICAL TECHNOLOGIES CO LTD,"OFFICE NO.201, 2ND FLOOR, ATRIUM 2  ,,ANDHERI KURLA ROAD, CHAKALA,",,,,,CHINA ,,Hong Kong,SAHAR AIR CARGO ACC (INBOM4),90181290,TRANS-VAGINAL PROBE D7C10L (12 MONTHS WARRANTY) (MEDICAL EQUIPMENT) (APTA CERT NO. B232405081537007 DT. 29.11.2023),,5.0,NOS ,0.0,5000.0,3WYG70JSGOD8F,,
2023-12-05,印度,中国,KONICA MINOLTA HEALTHCARE INDIA PRIVATE LIMITED,CHISON MEDICAL TECHNOLOGIES CO LTD,"OFFICE NO.201, 2ND FLOOR, ATRIUM 2  ,,ANDHERI KURLA ROAD, CHAKALA,",,,,,CHINA ,,Hong Kong,SAHAR AIR CARGO ACC (INBOM4),90181290,CONVEX PROBE D3C60L (27 MONTHS WARRANTY) (MEDICAL EQUIPMENT)(APTA CERT NO. B232405081537007 DT. 29.11.2023),,5.0,NOS ,0.0,5000.0,3WYG70JSGOD8F,,
2023-12-05,越南,中国,CÔNG TY CỔ PHẦN XUẤT NHẬP KHẨU THIẾT BỊ Y TẾ HOÀN MỸ,SONOSCAPE MEDICAL CORP,"A8 Lot 12 Dinh Cong Urban Area, Dinh Cong Ward, Hoang Mai District, Hanoi City, Vietnam","2F.12TH BUILDING, SHENZHEN SOFTWARE, PARK PHASE II,KEJI MIDDLE 2 ND ROAD, NANSHAN DISTRICT,518057, SHENZHEN, GUANGDONG, CHINA",,,,China,,HONG KONG,HO CHI MINH,90181200,"Hệ thống siêu âm chẩn đoán màu, mã:E3,gồm máy chính và phụ kiện:đầu dò Convex 3C-A, đầu dò Linear L741, đầu dò Phased Array 3P-A.HSX:Sonoscape Medical Corp.Mới100%,Color diagnostic ultrasound system, code: E3, including main machine and accessories: Convex 3C-A probe, Linear L741 probe, Phased Array 3P-A probe.HSX: Sonoscape Medical Corp. New 100%",,1.0,Set,0.0,8200.0,774273995463,,
2023-12-05,印度,中国,KONICA MINOLTA HEALTHCARE INDIA PRIVATE LIMITED,CHISON MEDICAL TECHNOLOGIES CO LTD,"OFFICE NO.201, 2ND FLOOR, ATRIUM 2  ,,ANDHERI KURLA ROAD, CHAKALA,",,,,,CHINA ,,Hong Kong,SAHAR AIR CARGO ACC (INBOM4),90181290,AEROSCAN COLOR DOPPLER ULTRASOUND CD20 PRO (27 MONTHS WARRANTY) (MEDICAL EQUIPMENT) (APTA CERT NO. B232405081537007 DT.,,5.0,NOS ,0.0,18500.0,3WYG70JSGOD8F,,
2023-12-05,印度,中国,KONICA MINOLTA HEALTHCARE INDIA PRIVATE LIMITED,CHISON MEDICAL TECHNOLOGIES CO LTD,"OFFICE NO.201, 2ND FLOOR, ATRIUM 2  ,,ANDHERI KURLA ROAD, CHAKALA,",,,,,CHINA ,,Hong Kong,SAHAR AIR CARGO ACC (INBOM4),90181290,LINEAR PROBE D7L40L (27 MONTHS WARRANTY) (MEDICAL EQUIPMENT)(APTA CERT NO. B232405081537007 DT. 29.11.2023),,5.0,NOS ,0.0,5000.0,3WYG70JSGOD8F,,
2023-12-05,印度,中国,MEDIMART MEDICAL SYSTEMS PRIVATE LIMITED,SZ HUGEMED MED TECH DEV CO LTD,"NO 9 PILLAYAR KOIL STREET,  RAMAPURAM MAIN ROAD KAIKANKUPPAM",,,,,CHINA ,,Guangzhou,CHENNAI AIR CARGO ACC (INMAA4),90181290,"SINGLE USE VIDEO URETEROSCOPE, HU30S, US (MEDICAL PARTS)",,219.0,PCS ,0.0,39999.912,AYEIHGVDODQAS,,
2023-12-04,越南,中国,CÔNG TY CỔ PHẦN THIẾT BỊ VẬT TƯ Y TẾ HÀ ANH,XUZHOU PINYUAN ELECTRONIC TECHNOLOGY CO LTD,"No. 29A12, Lane 2, Cau Buu Street, Ta Thanh Oai Commune, Thanh Tri District, Hanoi City, Vietnam","THETHIRDANDFOURTHFLOORSONTHE, NORTHSIDEOFU-SHAPEDBUILDINGIN, INDUSTRIALZONE 4,EASTOFSANHUAN, DONGROAD,XUZHOUECONOMICAND, CN",,,,China,,SHANGHAI,CANG DINH VU - HP,90181200,"Máy đo độ loãng xương model BMD-A3 điện áp 220V, công suất 220VA, dùng để đo độ loãng xương, hàng y tế, mới 100%,Osteoporosis meter model BMD-A3, 220V voltage, 220VA capacity, used to measure osteoporosis, medical product, 100% new",,5.0,Unit,0.0,10000.0,251123SHJPHPH2302745,,
2023-12-04,印度,中国,MINDRAY MEDICAL INDIA PVT LTD,MR GLOBAL HK LIMITED,"UNIT NO 1061 SOLITAIRE BLDG NO 10,  6TH FLR SOLITAIRE CORPORATE PARK",,,,,CHINA ,,Hong Kong,SAHAR AIR CARGO ACC (INBOM4),90181290,"2152B-CTO-S01 DC-80 COLOR DOPPLER SYSTEM 4D AND TEE DRIVER MODULE,DICOM BASIC(FOR MEDICAL USE)",,1.0,NOS ,0.0,31494.6,V0OONGYMBCO2I,,
2023-12-04,印度,中国,MINDRAY MEDICAL INDIA PVT LTD,MR GLOBAL HK LIMITED,"UNIT NO 1061 SOLITAIRE BLDG NO 10,  6TH FLR SOLITAIRE CORPORATE PARK",,,,,CHINA ,,Hong Kong,SAHAR AIR CARGO ACC (INBOM4),90181290,2148B-PA00070 DC-40 DC-40 COLOR DOPPLER SYSTEM(FOR MEDICAL USE),,1.0,NOS ,0.0,14051.7,V0OONGYMBCO2I,,
2023-12-04,印度,中国,MINDRAY MEDICAL INDIA PVT LTD,MR GLOBAL HK LIMITED,"UNIT NO 1061 SOLITAIRE BLDG NO 10,  6TH FLR SOLITAIRE CORPORATE PARK",,,,,CHINA ,,Hong Kong,SAHAR AIR CARGO ACC (INBOM4),90181290,2138B-PA00086 M6 M6 PORTABLE COLOR DOPPLER ULTRASOUND SYSTEM(FOR MEDICAL USE),,1.0,NOS ,0.0,6902.61,T99MAZ24JAWX1,,
2023-12-04,印度,中国,MINDRAY MEDICAL INDIA PVT LTD,MR GLOBAL HK LIMITED,"UNIT NO 1061 SOLITAIRE BLDG NO 10,  6TH FLR SOLITAIRE CORPORATE PARK",,,,,CHINA ,,Hong Kong,SAHAR AIR CARGO ACC (INBOM4),90181290,2138B-PA00086 M6 M6 PORTABLE COLOR DOPPLER ULTRASOUND SYSTEM(FOR MEDICAL USE),,1.0,NOS ,0.0,6902.61,T99MAZ24JAWX1,,
2023-12-02,乌兹别克斯坦,中国,OOO MEDSPACE SOLUTIONS,CHISON MEDICAL TECHNOLOGIES CO LTD,,,,,,,,,,9018120000,"1. CHISON QBit 9 COLOR DOPPLER ULTRASOUND DIAGNOSTIC SYSTEM/Система ультразвуковая цветная допплеровская QBit 9 с принадлежностями. Производитель-CHISON Medical Technologies Co.,Ltd - кол. 2 шт, вес: 152 кг 2. мест 2, 2 дерев.ящик. 8. 000 9. 000 10. 2023/Новый 11. 02 Общее кол. мест: 2 G31MARKA марка CHISON YEAR10 год производ 2023 PARAM10 Характеристика товара Новый",,2.0,Piece,152.0,15500.0,,,
2023-12-02,乌兹别克斯坦,中国,OOO MEDSPACE SOLUTIONS,CHISON MEDICAL TECHNOLOGIES CO LTD,,,,,,,,,,9018120000,"1. CHISON XBit 80 COLOR DOPPLER ULTRASOUND DIAGNOSTIC SYSTEM/Система ультразвуковая цветная допплеровская XBit 80 с принадлежностями. Производитель-CHISON Medical Technologies Co.,Ltd - кол. 3 шт, вес: 324 кг 2. мест 3, 3 дерев.ящик. 8. 000 9. 000 10. 2023/Новый 11. 02 Общее кол. мест: 3 G31MARKA марка CHISON YEAR10 год производ 2023 PARAM10 Характеристика товара Новый",,3.0,Piece,324.0,42000.0,,,
2023-12-01,乌兹别克斯坦,中国,ООО INTERMED INNOVATION TRADE,SHENZHEN MINDRAY BIO MEDICAL ELECTRONICS CO LTD,,,,,,,,,,9018120000,"1. Digital Ultrasound Diagnostic Imaging System Z50 with accessories/Ультразвуковая диагностическая система Z50 в комплекте с принадлежностями, ср. HH6-32003759, год выпуска 2023, производитель Shenzhen Mindray Bio-Medical Electronics Co., Ltd - кол. 1 шт, вес: 28,18 кг 2. мест 2, 2 палетт+коробка 8. 000 9. 024 10. 2023/Напряжение 220V, частота 50/60Hz 11. 02 Общее кол. мест: 2 G31MARKA марка SHENZHEN MINDRAY BIO MEDICAL ELECTRONICS YEAR10 год производ 2023 PARAM10 Характеристика товара Напряжение 220V, частота 50/60Hz",,1.0,Piece,28.18,11000.0,,,
2023-12-01,乌兹别克斯坦,中国,ООО INTERMED INNOVATION TRADE,SHENZHEN MINDRAY BIO MEDICAL ELECTRONICS CO LTD,,,,,,,,,,9018120000,"1. Digital Ultrasound Diagnostic Imaging System Z50 with accessories/Ультразвуковая диагностическая система Z50 в комплекте с принадлежностями, ср. HH6-32003759, год выпуска 2023, производитель Shenzhen Mindray Bio-Medical Electronics Co., Ltd - кол. 1 шт, вес: 28,18 кг 2. мест 2, 2 палетт+коробка 8. 000 9. 024 10. 2023/Напряжение 220V, частота 50/60Hz 11. 02 Общее кол. мест: 2 G31MARKA марка SHENZHEN MINDRAY BIO MEDICAL ELECTRONICS YEAR10 год производ 2023 PARAM10 Характеристика товара Напряжение 220V, частота 50/60Hz",,1.0,Piece,28.18,11000.0,,,
2023-11-29,越南,中国,CÔNG TY TNHH KỸ THUẬT VÀ DỊCH VỤ THIÊN LỘC,CHISON MEDICAL TECHNOLOGIES CO LTD,"Dong Bang Village, Dong Thai Commune, Ba Vi District, Hanoi City, Vietnam","NO.9, XINHUIHUAN ROAD, XINWU, DISTRICT,WUXI, JIANGSU, CHINA, CN",,,,China,,SHANGHAI,CANG HAI PHONG,90181200,"'Máy siêu âm; Hiệu CHISON,sx năm 2023; Model:CBit9; Màn hình hiển thị chuyên dùng đi kèm máy,Hsx:CHISON MEDICAL TECHNOLOGIES CO., LTD.,Mới 100%,'Ultrasound machine; CHISON brand, manufactured in 2023; Model:CBit9; Specialized display screen comes with the machine, HSX: CHISON MEDICAL TECHNOLOGIES CO., LTD., 100% new",,2.0,Set,0.0,27000.0,221123JWLEM23110815,,
2023-11-29,越南,中国,CÔNG TY TNHH KỸ THUẬT VÀ DỊCH VỤ THIÊN LỘC,CHISON MEDICAL TECHNOLOGIES CO LTD,"Dong Bang Village, Dong Thai Commune, Ba Vi District, Hanoi City, Vietnam","NO.9, XINHUIHUAN ROAD, XINWU, DISTRICT,WUXI, JIANGSU, CHINA, CN",,,,China,,SHANGHAI,CANG HAI PHONG,90181200,"'Máy siêu âm; Hiệu CHISON,sx năm 2023; Model:EBit30; Màn hình hiển thị chuyên dùng đi kèm máy,Hsx:CHISON MEDICAL TECHNOLOGIES CO., LTD.,Mới 100%,'Ultrasound machine; CHISON brand, manufactured in 2023; Model:EBit30; Specialized display screen comes with the machine, HSX: CHISON MEDICAL TECHNOLOGIES CO., LTD., 100% new",,8.0,Set,0.0,66000.0,221123JWLEM23110815,,
2023-11-29,越南,中国,CÔNG TY TNHH KỸ THUẬT VÀ DỊCH VỤ THIÊN LỘC,CHISON MEDICAL TECHNOLOGIES CO LTD,"Dong Bang Village, Dong Thai Commune, Ba Vi District, Hanoi City, Vietnam","NO.9, XINHUIHUAN ROAD, XINWU, DISTRICT,WUXI, JIANGSU, CHINA, CN",,,,China,,SHANGHAI,CANG HAI PHONG,90181200,"'Máy siêu âm; Hiệu CHISON,sx năm 2023; Model:EBit50; Màn hình hiển thị chuyên dùng đi kèm máy,Hsx:CHISON MEDICAL TECHNOLOGIES CO., LTD.,Mới 100%,'Ultrasound machine; CHISON brand, manufactured in 2023; Model:EBit50; Specialized display screen comes with the machine, HSX: CHISON MEDICAL TECHNOLOGIES CO., LTD., 100% new",,1.0,Set,0.0,6000.0,221123JWLEM23110815,,
2023-11-29,越南,中国,CÔNG TY TNHH KỸ THUẬT VÀ DỊCH VỤ THIÊN LỘC,CHISON MEDICAL TECHNOLOGIES CO LTD,"Dong Bang Village, Dong Thai Commune, Ba Vi District, Hanoi City, Vietnam","NO.9, XINHUIHUAN ROAD, XINWU, DISTRICT,WUXI, JIANGSU, CHINA, CN",,,,China,,SHANGHAI,CANG HAI PHONG,90181200,"'Máy siêu âm; Hiệu CHISON,sx năm 2023; Model:ECO5; Màn hình hiển thị chuyên dùng đi kèm máy,Hsx:CHISON MEDICAL TECHNOLOGIES CO., LTD.,Mới 100%,'Ultrasound machine; CHISON brand, manufactured in 2023; Model:ECO5; Specialized display screen comes with the machine, HSX: CHISON MEDICAL TECHNOLOGIES CO., LTD., 100% new",,1.0,Set,0.0,2000.0,221123JWLEM23110815,,
2023-11-28,越南,中国,CÔNG TY TNHH THIẾT BỊ Y TẾ SONOU,SONOSCAPE MEDICAL CORP,"1st Floor, No. 68 Ly Than Tong Street, Vo Cuong Ward, Bac Ninh City, Bac Ninh.","2F,12TH BUILDING, SHENZHEN SOFTWARE, PARK PHASE II, 1 KEJI MIDDLE 2ND, ROAD, NASHAN DISTRICT, 518057 SHENZHEN GUANGDONG, CHINA",,,,China,,SHENZHEN,CANG NAM DINH VU,90181200,"Máy siêu âm Doppler màu kỹ thuật số kèm phụ kiện tiêu chuẩn, chủng loại: R10, dùng trong y tế. HSX: SONOSCAPE MEDICAL CORP. Mới 100%,Digital color Doppler ultrasound machine with standard accessories, type: R10, for medical use. HSX: SONOSCAPE MEDICAL CORP. 100% New",,1.0,Set,0.0,8000.0,231123SZXS23110503,,
2023-11-28,越南,中国,CÔNG TY TNHH THIẾT BỊ Y TẾ SONOU,SONOSCAPE MEDICAL CORP,"1st Floor, No. 68 Ly Than Tong Street, Vo Cuong Ward, Bac Ninh City, Bac Ninh.","2F,12TH BUILDING, SHENZHEN SOFTWARE, PARK PHASE II, 1 KEJI MIDDLE 2ND, ROAD, NASHAN DISTRICT, 518057 SHENZHEN GUANGDONG, CHINA",,,,China,,SHENZHEN,CANG NAM DINH VU,90181200,"Máy siêu âm Doppler màu kỹ thuật số kèm phụ kiện tiêu chuẩn, chủng loại: R11, dùng trong y tế. HSX: SONOSCAPE MEDICAL CORP. Mới 100%,Digital color Doppler ultrasound machine with standard accessories, type: R11, for medical use. HSX: SONOSCAPE MEDICAL CORP. 100% New",,1.0,Set,0.0,10000.0,231123SZXS23110503,,
2023-11-27,乌兹别克斯坦,中国,OOO EQUIMED,SONOSCAPE MEDICAL COPR,,,,,,0,,,,9018120000,"1. Diagnostic Ultrasound System model S22 with accesories / Система ультразвуковая диагностическая модели S22 с принадлежностями. Кол-во; 2 шт. Новый 2023 г, Производитель; SonoScape Medical Copr. (Китай) - кол. 2 шт, вес: 120 кг 2. мест 2, 2 дерев.ящик. 3. HPSU7772256/часть 8. 000 9. 024 10. 2023/Новый 11. 02 Общее кол. мест: 2 G31MARKA марка БЕЗ МАРКИ YEAR10 год производ 2023 PARAM10 Характеристика товара Новый",,2.0,Piece,120.0,28000.0,,,
2023-11-27,乌兹别克斯坦,中国,OOO RENOVA BUILDING,SONOSCAPE MEDICAL CORP,,,,,,0,,,,9018120000,"1. Система  ультразвуковая диогностическая система. Модель: ""Х 3""-1 шт, с принадлежностями. Производитель: ""SONOSCAPE MEDICAL CORP"". Произвидено: 2023г.  - кол. 1 шт, вес: 6 кг 2. мест 1, спец.упаковка 8. 000 9. 024 10. 2023/Система  ультразвуковая диогностическая система. 11. 02 Общее кол. мест: 1 G31MARKA марка БЕЗ МАРКИ YEAR10 год производ 2023 PARAM10 Характеристика товара Система  ультразвуковая диогностическая система.",,1.0,Piece,6.0,9000.0,,,
2023-11-27,乌兹别克斯坦,中国,OOO EQUIMED,SONOSCAPE MEDICAL COPR,,,,,,0,,,,9018120000,"1. Portable Ultrasound diagnostic system model E3 with accesories /  Система ультразвуковая диагностическая портативная модель ""E3"" с принадлежностями Кол-во; 2 шт. Новый 2023 г, Производитель; SonoScape Medical Copr. (Китай) - кол. 2 шт, вес: 14 кг 2. мест 2, 2 картон.короб. 3. HPSU7772256/часть 8. 000 9. 024 10. 2023/Новый 11. 02 Общее кол. мест: 2 G31MARKA марка БЕЗ МАРКИ YEAR10 год производ 2023 PARAM10 Характеристика товара Новый",,2.0,Piece,14.0,20000.0,,,
2023-11-27,印度,中国,MINDRAY MEDICAL INDIA PVT LTD,MR GLOBAL HK LIMITED,B-404 CITY POINT ANDHERI KURLAROA D ANDHERI EAST,,,,,CHINA,,,SAHAR AIR,90181290,1156B-PA00003 DP-50EXPERT DP-50EXPERT DIGITAL ULTRASONIC DIAGNOSTI(FOR MEDICAL USE),,1.0,NOS,0.0,3173.03,2706337,,
2023-11-27,乌兹别克斯坦,中国,OOO EQUIMED,SONOSCAPE MEDICAL COPR,,,,,,0,,,,9018120000,"1. Ultrasound digital color Doppler ultrasound system model P12 Elite with accesories / Система ультразвуковая цифровая цветная допплеровская моделей Р12 Elite с принадлежностями, Кол-во; 1 шт. Новый 2023 г, Производитель; SonoScape Medical Copr. (Китай) - кол. 1 шт, вес: 60 кг 2. мест 1, 1 дерев.ящик. 3. HPSU7772256/часть 8. 000 9. 024 10. 2023/Новый 11. 02 Общее кол. мест: 1 G31MARKA марка БЕЗ МАРКИ YEAR10 год производ 2023 PARAM10 Характеристика товара Новый",,1.0,Piece,60.0,18000.0,,,
2023-11-25,乌兹别克斯坦,中国,ООО AZZA MED,CHISON MEDICAL TECHNOLOGIES CO LTD,,,,,,0,,,,9018120000,"1. Медицинское оборудование: Система ультразвуковая цифровая цветная допплеровская  c принадлежностями , модель: ""Свit 4"". в разобранном виде, новое 2023г выпуска. Производитель: CHISON Medical Technologies Co., Ltd/Китай/China-Вес 258 кг.  Кол. 3 шт  2. Всего мест-3 (3 кар.коробка) 3. Контейнеров 1шт. GESU5691487 8. Код инвестиционных проектов:000 9. Код основных сфер 001 10. 2023 г. / Медицинское оборудование: Система ультразвуковая цифровая цветная допплеровская  c принадлежностями , мод G31MARKA марка CHISON YEAR10 год производ 2023 PARAM10 Характеристика товара Медицинское оборудование: Система ультразвуковая цифровая цветная допплеровская  c принадлежностями , модель: ""Свit 4"". в разобранном виде, новое 2023г выпуска. Производитель: CHISON Medical Technologies Co., Ltd/Китай/China",,3.0,Piece,258.0,31500.0,,,
2023-11-25,乌兹别克斯坦,中国,ООО AZZA MED,CHISON MEDICAL TECHNOLOGIES CO LTD,,,,,,0,,,,9018120000,"1. Медицинское оборудование: Система ультразвуковая цифровая цветная допплеровская c принадлежностями, модель: ""СВit8"". в разобранном виде, новое 2023г выпуска. Производитель: CHISON Medical Technologies Co., Ltd/Китай/China-Вес 100 кг.  Кол. 1 шт  2. Всего мест-1 (1 кар.коробка) 3. Контейнеров 1шт. GESU5691487 8. Код инвестиционных проектов:000 9. Код основных сфер 001 10. 2023 г. / Медицинское оборудование: Система ультразвуковая цифровая цветная допплеровская c принадлежностями, модель: G31MARKA марка CHISON YEAR10 год производ 2023 PARAM10 Характеристика товара Медицинское оборудование: Система ультразвуковая цифровая цветная допплеровская c принадлежностями, модель: ""СВit8"". в разобранном виде, новое 2023г выпуска. Производитель: CHISON Medical Technologies Co., Ltd/Китай/China",,1.0,Piece,100.0,12500.0,,,
2023-11-25,乌兹别克斯坦,中国,ООО AZZA MED,CHISON MEDICAL TECHNOLOGIES CO LTD,,,,,,0,,,,9018120000,"1. Медицинское оборудование: Система ультразвуковая цифровая цветная допплеровская  c принадлежностями, модель:""Свit 10"" в разобранном виде, новое 2023г выпуска. Производитель: CHISON Medical Technologies Co., Ltd/Китай/China-Вес 86 кг.  Кол. 1 шт  2. Всего мест-1 (1 кар.коробка) 3. Контейнеров 1шт. GESU5691487 8. Код инвестиционных проектов:000 9. Код основных сфер 001 10. 2023 г. / Медицинское оборудование: Система ультразвуковая цифровая цветная допплеровская  c принадлежностями, модель: G31MARKA марка CHISON YEAR10 год производ 2023 PARAM10 Характеристика товара Медицинское оборудование: Система ультразвуковая цифровая цветная допплеровская  c принадлежностями, модель:""Свit 10"" в разобранном виде, новое 2023г выпуска. Производитель: CHISON Medical Technologies Co., Ltd/Китай/China",,1.0,Piece,86.0,15500.0,,,
2023-11-25,乌兹别克斯坦,中国,ООО AZZA MED,CHISON MEDICAL TECHNOLOGIES CO LTD,,,,,,0,,,,9018120000,"1. Медицинское оборудование: Система ультразвуковая цифровая цветная допплеровская  с принадлежностями, модель:""Ebit 60"" в разобранном виде, новое 2023г выпуска. Производитель: CHISON Medical Technologies Co., Ltd/Китай/China-Вес 16,5 кг.  Кол. 1 шт  2. Всего мест-1 (1 кар.коробка) 3. Контейнеров 1шт. GESU5691487 8. Код инвестиционных проектов:000 9. Код основных сфер 001 10. 2023 г. / Медицинское оборудование: Система ультразвуковая цифровая цветная допплеровская  с принадлежностями, модел G31MARKA марка CHISON YEAR10 год производ 2023 PARAM10 Характеристика товара Медицинское оборудование: Система ультразвуковая цифровая цветная допплеровская  с принадлежностями, модель:""Ebit 60"" в разобранном виде, новое 2023г выпуска. Производитель: CHISON Medical Technologies Co., Ltd/Китай/China",,1.0,Piece,16.5,6000.0,,,
2023-11-25,越南,中国,CÔNG TY TNHH ĐẦU TƯ VÀ THƯƠNG MẠI THĂNG LONG QUỐC TẾ,GUANGXI PINGXIANG SHENGQI INVESTMENT CO LTD,"No. 54/2 Diep Minh Chau, Tan Son Nhi Ward, Tan Phu District, Ho Chi Minh City","NO. 108-2, NORTH RING ROAD, PINGXIANG CITY, CHONGZUO DISTRICT, CHINA (GUANGXI) PILOT FREE, TRADE ZONE GUANGXI, ZZ",,,,China,,PINGXIANG,CUA KHAU HUU NGHI (LANG SON),90181200,"Máy siêu âm. Model: WED-9618CII và phụ liện kèm theo, đầu dò và gel, do hãng Shenzhen Well.d Medical Electronics Co., Ltd, sx 2023, mới 100%,Ultrasound machine. Model: WED-9618CII and accompanying accessories, probe and gel, manufactured by Shenzhen Well.d Medical Electronics Co., Ltd, manufactured in 2023, 100% new",,1.0,Set,0.0,5500.0,241123100045128000,,
2023-11-24,乌兹别克斯坦,中国,SOG'LOM HAYOT,SONOSCAPE MEDICAL COPR,,,,,,0,,,,9018120000,"1. Color Doppler Ultrasound diagnostic system model P10 with accessories/ Cистема ультразвуковая диагностическая с цветным доплером модель P10 с принадлежностями- (Конвекс датчик, Линейный датчик, Вагинальный датчик): Кол-во; 1 шт. Производитель; ""SONOSCAPE MEDICAL CORP"" China  - кол. 1 шт, вес: 56 кг 2. мест 1, 1 дерев.ящик. 3. GLDU7531252/часть 8. 000 9. 024 10. 2023/Новый 11. 02 Общее кол. мест: 1 G31MARKA марка БЕЗ МАРКИ YEAR10 год производ 2023 PARAM10 Характеристика товара Новый",,1.0,Piece,56.0,18200.0,,,
2023-11-24,乌兹别克斯坦,中国,OOO EQUIMED,SONOSCAPE MEDICAL COPR,,,,,,0,,,,9018120000,"1. Ultrasound diagnostic system model S50 with accesories / Система ультразвуковая цифровая цветная доплеровская модель S50 с принадлежностями, Кол-во; 1 шт, Новый 2023г не бывщий в употребления, Производитель: SONOSCAPE MEDICAL CORP (Китай) - кол. 1 шт, вес: 124 кг 2. мест 1, 1 дерев.ящик. 3. GLDU7531252/часть 8. 000 9. 024 10. 2023/Новый 11. 02 Общее кол. мест: 1 G31MARKA марка БЕЗ МАРКИ YEAR10 год производ 2023 PARAM10 Характеристика товара Новый",,1.0,Piece,124.0,24000.0,,,
2023-11-23,乌兹别克斯坦,中国,ООО PREMIUM TECHNICS,DONG HAO TRADE LIMITED,,,,,,0,,,,9018120000,"1. Новая медицинская ультразвуковая диагностическая система (УЗИ) SONOSCAPE  модели S22 c принадлежностями в кол.-3комплекта., новая 2023г.в.  Производитель: SONOSCAPE MEDICAL CORP. -Китай. - кол. 3 шт, вес: 180 кг 2. мест 3, 3 упаковка 3. PONU7224060/часть 8. 000 9. 024 10. 2023/ультразвуковая диагностическая система (УЗИ) модели S22 11. 02 Общее кол. мест: 3 G31MARKA марка SONOSCAPE YEAR10 год производ 2023 PARAM10 Характеристика товара ультразвуковая диагностическая система (УЗИ) модели S22",,3.0,Piece,180.0,28500.0,,,
2023-11-23,乌兹别克斯坦,中国,ООО XOLMAT MAVJUDA SHIFO,SHENZHEN MINDRAY BIO MEDICAL ELECTRONICS CO LTD,,,,,,0,,,,9018120000,"1)  Digital Ultrasound Diagnostic Imaging System Consona N9 with accessories / Ультразвуковая диагностическая система Consona N9 в комплекте с принадлежностями, новый, 2023 год выпуска, сер.№LQ6-39000990, производитель Shenzhen Mindray Bio-Medical Electronics Co., Ltd  (Китай):  вес: 73 кг, кол. 1 шт; 2) Вид и количество упаковки:1 паллет+коробки; 3) № конт.:DFSU6438338, кол-во:1; ; 8) Код инвестпрограммы:000; 9) Код технологического оборудования:024; 10) Год изготовления и технические па G31MARKA марка Mindray YEAR10 год производ 2023 PARAM10 Характеристика товара Напряжение 220V, частота 50/60Hz",,1.0,Piece,73.0,33000.0,,,
2023-11-23,乌兹别克斯坦,中国,ООО PREMIUM TECHNICS,DONG HAO TRADE LIMITED,,,,,,0,,,,9018120000,"1. Новая медицинская ультразвуковая диагностическая система (УЗИ) SONOSCAPE  модели S50 c принадлежностями в кол.-2комплекта., новая 2023г.в.  Производитель: SONOSCAPE MEDICAL CORP. -Китай. - кол. 2 шт, вес: 240 кг 2. мест 2, 2 упаковка 3. PONU7224060/часть 8. 000 9. 024 10. 2023/ультразвуковая диагностическая система (УЗИ) SONOSCAPE  модели S50 11. 02 Общее кол. мест: 2 G31MARKA марка SONOSCAPE YEAR10 год производ 2023 PARAM10 Характеристика товара ультразвуковая диагностическая система (УЗИ) SONOSCAPE  модели S50",,2.0,Piece,240.0,43000.0,,,
2023-11-23,乌兹别克斯坦,中国,ООО HOREV MEDICAL CENTER,SHENZHEN MINDRAY BIO MEDICAL ELECTRONICS CO LTD,,,,,,0,,,,9018120000,"1)  Digital Ultrasound Diagnostic Imaging System Resona I9 with accessories / Ультразвуковая диагностическая система Resona I9 в комплекте с принадлежностями, новый, 2023 год выпуска, сер.№KF8-39003021, производитель Shenzhen Mindray Bio-Medical Electronics Co., Ltd  (Китай):  вес: 133 кг, кол. 1 шт; 2) Вид и количество упаковки:1 паллет+коробки; 3) № конт.:DFSU6438338, кол-во:1; 8) Код инвестпрограммы:000; 9) Код технологического оборудования:024; 10) Год изготовления и технические параме G31MARKA марка Mindray YEAR10 год производ 2023 PARAM10 Характеристика товара Напряжение 220V, частота 50/60Hz",,1.0,Piece,133.0,42000.0,,,
2023-11-22,孟加拉国,中国,SYSMARK LTD,SHENZHEN EMPEROR ELECTRONIC TECHNOL,,,,,,China,,,,90181200,MEDICAL EQUIPMENT DIAGNOSTIC ULTRASOUND SYSTEM MODELNO-N2,,1.0,NMB,9.5,1750.0,,,
2023-11-22,孟加拉国,中国,SYSMARK LTD,SHENZHEN EMPEROR ELECTRONIC TECHNOL,,,,,,China,,,,90181200,MEDICAL EQUIPMENT DIAGNOSTIC ULTRASOUND SYSTEM MO-EMP3000,,1.0,NMB,90.0,4600.0,,,
2023-11-22,孟加拉国,中国,SYSMARK LTD,SHENZHEN EMPEROR ELECTRONIC TECHNOL,,,,,,China,,,,90181200,MEDICAL EQUIPMENT DIAGNOSTIC ULTRASOUND SYSTEM MO-G20,,1.0,NMB,9.5,2400.0,,,
2023-11-22,孟加拉国,中国,SYSMARK LTD,SHENZHEN EMPEROR ELECTRONIC TECHNOL,,,,,,China,,,,90181200,MEDICAL EQUIPMENT DIAGNOSTIC ULTRASOUND SYSTEM MO-EMP3000,,1.0,NMB,90.0,4600.0,,,
2023-11-21,印度,中国,KONICA MINOLTA HEALTHCARE INDIA PRIVATE LIMITED,SONOSCAPE MEDICAL CORP,OFFICE NO.201 2ND FLOOR ATRIUM 2 ANDHERI KURLA ROAD CHAKALA ANDHERI EAST,,,,,CHINA,,,JNPT/ NHAVA SHEVA SEA,90181290,SC3A CONVEX PROBE FOR CD25 (MEDICAL EQUIPMENT) (APTA NO.0123111700190491 DT.06.11.2023),,5.0,UNT,0.0,7500.0,5565764,,
2023-11-21,印度,中国,KONICA MINOLTA HEALTHCARE INDIA PRIVATE LIMITED,SONOSCAPE MEDICAL CORP,OFFICE NO.201 2ND FLOOR ATRIUM 2 ANDHERI KURLA ROAD CHAKALA ANDHERI EAST,,,,,CHINA,,,JNPT/ NHAVA SHEVA SEA,90181290,AEROSCAN COLOUR DOPPLER ULTRASOUND SYSTEM CD25 WITH 17 MONITOR(MEDICAL EQUIPMENT)(APTA NO.0123111700190491DT.06.11.2023),,25.0,UNT,0.0,62500.0,4327474,,
2023-11-21,印度,中国,KONICA MINOLTA HEALTHCARE INDIA PRIVATE LIMITED,SONOSCAPE MEDICAL CORP,OFFICE NO.201 2ND FLOOR ATRIUM 2 ANDHERI KURLA ROAD CHAKALA ANDHERI EAST,,,,,CHINA,,,JNPT/ NHAVA SHEVA SEA,90181290,SL41N LINEAR PROBE FOR CD25/CD30 (MEDICAL EQUIPMENT) (APTA NO.0123111700190491 DT.06.11.2023),,10.0,UNT,0.0,15000.0,6156785,,
2023-11-21,印度,中国,KONICA MINOLTA HEALTHCARE INDIA PRIVATE LIMITED,SONOSCAPE MEDICAL CORP,OFFICE NO.201 2ND FLOOR ATRIUM 2 ANDHERI KURLA ROAD CHAKALA ANDHERI EAST,,,,,CHINA,,,JNPT/ NHAVA SHEVA SEA,90181290,SC44N CONVEX PROBE FOR CD25 (MEDICAL EQUIPMENT) (APTA NO.0123111700190491 DT.06.11.2023),,20.0,UNT,0.0,30000.0,4411285,,
2023-11-20,乌兹别克斯坦,中国,OOO HITECH ORIENT MEDBUSINESS,WUHAN ZONCARE BIO MEDICAL ELECTRONICS CO LTD,,,,,,0,,,,9018120000,"1. Портативный система ультразвуковая диагностика модель Zoncare М30 с принадлежностями.В комплектацию входит:Конвекс датчик,Линейный датчик. Тележка, сумка.Предназначена для ультразвукового сканирования и исследования организма человека.c/н:J32940714CTOXN0007,J32940714CTOXN0008,J32940714CTOXN0009.Рег. удос:ТТ/Х 06054/02/23 Новое 2023г. Производитель: WUHAN ZONCARE BIO-MEDICAL ELECTRONICS CO.,LTD Китай - кол. 3 шт, вес: 66,6 кг 2. мест 6, 6 картон.короб. 6. /коды № J32940714CTOXN0007, J32940714 G31MARKA марка ZONCARE YEAR10 год производ 2023 PARAM10 Характеристика товара 100V-240V, 50Hz/60Hz, 420VA",,3.0,Piece,66.6,17512.5,,,
2023-11-20,乌兹别克斯坦,中国,OOO HITECH ORIENT MEDBUSINESS,WUHAN ZONCARE BIO MEDICAL ELECTRONICS CO LTD,,,,,,0,,,,9018120000,"1. Система ультразвуковая диагностика модель Zoncare ViV20  с принадлежностями. В комплектацию входит:Конвекс датчик,линейный датчик. Предназначена для ультразвукового сканирования и исследования организма человека.Рег.Удос:ТТ/Х 06053/02/23, C/Н: J3294171CTO08N0002 Новое 2023г.Производитель:WUHAN ZONCARE BIO-MEDICAL ELECTRONICS CO.,LTD Китай - кол. 1 шт, вес: 68 кг 2. мест 1, 1 дерев.ящик. 6. /коды № J3294171CTO08N0002/ 8. 000 9. 024 10. 2023/100V-240V, 50Hz/60Hz, 420VA 11. 02 Общее кол. мест: G31MARKA марка ZONCARE YEAR10 год производ 2023 PARAM10 Характеристика товара 100V-240V, 50Hz/60Hz, 420VA",,1.0,Piece,68.0,6987.5,,,
2023-11-20,乌兹别克斯坦,中国,OOO HITECH ORIENT MEDBUSINESS,WUHAN ZONCARE BIO MEDICAL ELECTRONICS CO LTD,,,,,,0,,,,9018120000,"1. Система ультразвуковая диагностика модель Zoncare ViV20  с принадлежностями. В комплектацию входит:Конвекс датчик,линейный датчик, кардио датчик. Предназначена для ультразвукового сканирования и исследования организма человека.Рег.Удос:ТТ/Х 06053/02/23, c/н: J3294171CTO08N0001, Новое 2023г.Производитель:WUHAN ZONCARE BIO-MEDICAL ELECTRONICS CO.,LTD Китай. - кол. 1 шт, вес: 68 кг 2. мест 11, дерев.ящик. 6. /коды № J3294171CTO08N0001/ 8. 000 9. 024 10. 2023/100V-240V, 50Hz/60Hz, 420VA 11. 02 О G31MARKA марка ZONCARE YEAR10 год производ 2023 PARAM10 Характеристика товара 100V-240V, 50Hz/60Hz, 420VA",,1.0,Piece,68.0,8187.5,,,
2023-11-17,越南,中国,CÔNG TY TNHH GE HEALTHCARE VIỆT NAM,GE MEDICAL SYSTEMS CHINA CO LTD,"V1505-1506 Pacific Place, 83B Ly Thuong Kiet, Tran Hung Dao Ward, Hoan Kiem District, Hanoi City, Vietnam","NO. 19 CHANGJIANG ROAD, WUXI NATIONAL, HI-TECH DEVELOPMENT ZONE, WUXI JIANGSU, 214028 CHINA, CN",,,,China,,OTHER,HO CHI MINH,90181200,"Đầu dò L6-12-RS dùng cho máy siêu âm, item number:H48062AC, NSX:GE MEDICAL SYSTEMS (CHINA) CO LTD (L6-12-RS Probe). Hàng mới 100%,L6-12-RS probe for ultrasound machine, item number:H48062AC, NSX:GE MEDICAL SYSTEMS (CHINA) CO LTD (L6-12-RS Probe). New 100%",,1.0,Pieces,0.0,306.15,4631352810,,
2023-11-17,乌兹别克斯坦,中国,OOO YUNUS YXG,SHENZHEN MINDRAY BIO MEDICAL ELECTRONICS CO LTD,,,,,,0,,,,9018120000,"1) Digital Ultrasound Diagnostic Imaging System DC-40 with accessories/Ультразвуковая диагностическая система DC-40 в комплекте с принадлежностями, сер. №CT7-39008853, год выпуска 2023, производитель Shenzhen Mindray Bio-Medical Electronics Co., Ltd (Китай): вес: 83,68 кг, кол. 1 шт; 2) Вид и количество упаковки:1 паллет+коробки; 3) № конт.:DFSU6438338, кол-во:1; 8) Код инвестпрограммы:000; 9) Код технологического оборудования:024; 10) Год изготовления и технические параметры:2023/Напряжени G31MARKA марка Mindray YEAR10 год производ 2023 PARAM10 Характеристика товара Напряжение 220V, частота 50/60Hz",,1.0,Piece,83.68,30100.0,,,
2023-11-17,乌兹别克斯坦,中国,OOO MEDSPACE SOLUTIONS,CHISON MEDICAL TECHNOLOGIES CO LTD,,,,,,0,,,,9018120000,"1. CHISON XBit 80 COLOR DOPPLER ULTRASOUND DIAGNOSTIC SYSTEM/Система ультразвуковая цветная допплеровская XBit 80 с принадлежностями. Производитель-CHISON Medical Technologies Co.,Ltd - кол. 3 шт, вес: 324 кг 2. мест 3, 3 дерев.ящик. 8. 000 9. 000 10. 2023/Новый 11. 02 Общее кол. мест: 3 G31MARKA марка CHISON YEAR10 год производ 2023 PARAM10 Характеристика товара Новый",,3.0,Piece,324.0,42000.0,,,
2023-11-17,乌兹别克斯坦,中国,OOO MEDSPACE SOLUTIONS,CHISON MEDICAL TECHNOLOGIES CO LTD,,,,,,0,,,,9018120000,"1. CHISON QBit 9 COLOR DOPPLER ULTRASOUND DIAGNOSTIC SYSTEM/Система ультразвуковая цветная допплеровская QBit 9 с принадлежностями. Производитель-CHISON Medical Technologies Co.,Ltd - кол. 2 шт, вес: 152 кг 2. мест 2, 2 дерев.ящик. 8. 000 9. 000 10. 2023/Новый 11. 02 Общее кол. мест: 2 G31MARKA марка CHISON YEAR10 год производ 2023 PARAM10 Характеристика товара Новый",,2.0,Piece,152.0,15500.0,,,
2023-11-16,乌兹别克斯坦,中国,ООО TRUST MEDICAL EQUIPMENT,SONOSCAPE MEDICAL CORP,,,,,,0,,,,9018120000,"1. Система  ультразвуковая диогностическая. Модель: ""P9""-2 шт, с принадлежностями. Производитель: ""SONOSCAPE MEDICAL CORP"". Произвидено: 2023г.  - кол. 2 шт, вес: 112 кг 2. мест 3, спец.упаковка 8. 000 9. 024 10. 2023/ Система  ультразвуковая диогностическая. 11. 02 Общее кол. мест: 3 G31MARKA марка БЕЗ МАРКИ YEAR10 год производ 2023 PARAM10 Характеристика товара Система  ультразвуковая диогностическая.",,2.0,Piece,112.0,6000.0,,,
2023-11-16,乌兹别克斯坦,中国,ЧАСТНОЕ ПРЕДПРИЯТИЕ MED LAZER PRO,SHENZHEN MINDRAY BIO MEDICAL ELECTRONICS CO LTD,,,,,,0,,,,9018120000,"1) Digital Ultrasound Diagnostic Imaging System DC-40 with accessories/Ультразвуковая диагностическая система DC-40 в комплекте с принадлежностями, сер. №CT7-39008856, год выпуска 2023, производитель Shenzhen Mindray Bio-Medical Electronics Co., Ltd (Китай): вес: 87,68 кг, кол. 1 шт; 2) Вид и количество упаковки:1 паллет+коробки; 3) № конт.:DFSU6438338, кол-во:1; 8) Код инвестпрограммы:000; 9) Код технологического оборудования:024; 10) Год изготовления и технические параметры:2023/Напряжени G31MARKA марка Mindray YEAR10 год производ 2023 PARAM10 Характеристика товара Напряжение 220V, частота 50/60Hz",,1.0,Piece,87.68,16500.0,,,
2023-11-16,印度,中国,MEDION HEALTHCARE PRIVATE LIMITED,AMBULANC SHENZHEN TECH CO LTD,. PLOT NO. K-49 THAKUR PADA GAONM IDC ANAND NAGAR OPP. A SOLUTION COAMBERNATH,,,,,CHINA,,,SAHAR AIR,90181290,VENT I VENTILATOR ( 10 SET ) (MEDICAL EQUIPMENT),,10.0,NOS,0.0,7450.0,7685541,,
2023-11-16,乌兹别克斯坦,中国,ООО INTERMED INNOVATION TRADE,SHENZHEN MINDRAY BIO MEDICAL ELECTRONICS CO LTD,,,,,,0,,,,9018120000,"1)   Digital Ultrasound Diagnostic Imaging System DC-40 with accessories/Ультразвуковая диагностическая система DC-40 в комплекте с принадлежностями, сер.№CT7-39008854,CT7-3900885, год выпуска 2023, производитель: Shenzhen Mindray Bio-Medical Electronics Co., Ltd(Китай): вес: 175,36 кг, кол. 2 шт; 2) Вид и количество упаковки:2 паллет+коробки; 3) № конт.:DFSU6438338, кол-во:1; 8) Код инвестпрограммы:000; 9) Код технологического оборудования:024; 10) Год изготовления и технические параметры: G31MARKA марка Mindray YEAR10 год производ 2023 PARAM10 Характеристика товара Напряжение 220V, частота 50/60Hz",,2.0,Piece,175.36,29000.0,,,
2023-11-16,乌兹别克斯坦,中国,ООО TRUST MEDICAL EQUIPMENT,SONOSCAPE MEDICAL CORP,,,,,,0,,,,9018120000,"1. Система  ультразвуковая цифровая цветная доплеровская. Модель: ""P50 Elite""-1 шт, с принадлежностями. Производитель: ""SONOSCAPE MEDICAL CORP"". Произвидено: 2023г.  - кол. 1 шт, вес: 84 кг 2. мест 1, спец.упаковка 8. 000 9. 024 10. 2023/Система  ультразвуковая цифровая цветная доплеровская 11. 02 Общее кол. мест: 1 G31MARKA марка БЕЗ МАРКИ YEAR10 год производ 2023 PARAM10 Характеристика товара Система  ультразвуковая цифровая цветная доплеровская",,1.0,Piece,84.0,6000.0,,,
2023-11-16,印度,中国,MEDION HEALTHCARE PRIVATE LIMITED,AMBULANC SHENZHEN TECH CO LTD,. PLOT NO. K-49 THAKUR PADA GAONM IDC ANAND NAGAR OPP. A SOLUTION COAMBERNATH,,,,,CHINA,,,SAHAR AIR,90181290,TRANSVENT T5 VENTILATOR ( 10 SET ) (MEDICAL EQUIPMENT),,10.0,NOS,0.0,20000.0,0381233,,
2023-11-15,印度,中国,MINDRAY MEDICAL INDIA PVT LTD,MR GLOBAL HK LIMITED,B-404 CITY POINT ANDHERI KURLAROA D ANDHERI EAST,,,,,CHINA,,,SAHAR AIR,90181290,2138B-PA00086 M6 M6 PORTABLE COLORDOPPLERULTRASOUNDSYSTEM(FOR MEDICAL USE),,1.0,NOS,0.0,6902.61,8276636,,
2023-11-14,印度,中国,KONICA MINOLTA HEALTHCARE INDIA PRIVATE LIMITED,CHISON MEDICAL TECHNOLOGIES CO LTD,OFFICE NO.201 2ND FLOOR ATRIUM 2 ANDHERI KURLA ROAD CHAKALA ANDHERI EAST,,,,,CHINA,,,JNPT/ NHAVA SHEVA SEA,90181290,AEROSCAN B/W ULTRASOUND SYSTEM MODEL B1 PRO SET (WARRANTY 27MONTHS) (MEDICAL EQUIPMENT) (APTA NO.B232405081537006 DT.31,,1.0,SET,0.0,5500.0,7206123,,
2023-11-14,印度,中国,KONICA MINOLTA HEALTHCARE INDIA PRIVATE LIMITED,CHISON MEDICAL TECHNOLOGIES CO LTD,OFFICE NO.201 2ND FLOOR ATRIUM 2 ANDHERI KURLA ROAD CHAKALA ANDHERI EAST,,,,,CHINA,,,JNPT/ NHAVA SHEVA SEA,90181290,AEROSCAN COLOR DOPPLER ULTRASOUND CD 20 PRO SET (WARRANTY 27MONTHS) (MEDICAL EQUIPMENT) (APTA NO.B232405081537006 DT.31,,1.0,SET,0.0,6500.0,5204674,,
2023-11-14,越南,中国,CÔNG TY TNHH GE HEALTHCARE VIỆT NAM,GE MEDICAL SYSTEMS CHINA CO LTD,"V1505-1506 Pacific Place, 83B Ly Thuong Kiet, Tran Hung Dao Ward, Hoan Kiem District, Hanoi City, Vietnam","NO. 19 CHANGJIANG ROAD, WUXI NATIONAL, HI-TECH DEVELOPMENT ZONE, WUXI JIANGSU, 214028 CHINA, CN",,,,China,,OTHER,HO CHI MINH,90181200,"Đầu dò 3Sc-RS  dùng cho máy siêu âm (Probe 3Sc-RS),Serial number:1293406WX3,1293436WX0. NSX:GE MEDICAL SYSTEMS (CHINA) CO., LTD - Hàng mới 100%,3Sc-RS probe for ultrasound machines (Probe 3Sc-RS),Serial number:1293406WX3,1293436WX0. Manufacturer:GE MEDICAL SYSTEMS (CHINA) CO., LTD - 100% new product",,2.0,Pieces,0.0,930.1,5401315964,,
2023-11-14,越南,中国,CÔNG TY TNHH GE HEALTHCARE VIỆT NAM,GE MEDICAL SYSTEMS CHINA CO LTD,"V1505-1506 Pacific Place, 83B Ly Thuong Kiet, Tran Hung Dao Ward, Hoan Kiem District, Hanoi City, Vietnam","NO. 19 CHANGJIANG ROAD, WUXI NATIONAL, HI-TECH DEVELOPMENT ZONE, WUXI JIANGSU, 214028 CHINA, CN",,,,China,,OTHER,HO CHI MINH,90181200,"Đầu dò 12L-RS dùng cho máy siêu âm (12L-RS PROBE),Serial number:1289523WX1,1298259WX1,1298260WX9,1298264WX1,1298282WX3,1298283WX1,1298288WX0,NSX:GE MEDICAL SYSTEMS (CHINA) CO LTD- Hàng mới 100%,12L-RS probe for ultrasound machine (12L-RS PROBE),Serial number:1289523WX1,1298259WX1,1298260WX9,1298264WX1,1298282WX3,1298283WX1,1298288WX0,NSX:GE MEDICAL SYSTEMS (CHINA) CO LTD- Goods 100% new",,15.0,Pieces,0.0,17938.65,8387071055,,
2023-11-14,越南,中国,CÔNG TY TNHH GE HEALTHCARE VIỆT NAM,GE MEDICAL SYSTEMS CHINA CO LTD,"V1505-1506 Pacific Place, 83B Ly Thuong Kiet, Tran Hung Dao Ward, Hoan Kiem District, Hanoi City, Vietnam","NO. 19 CHANGJIANG ROAD, WUXI NATIONAL, HI-TECH DEVELOPMENT ZONE, WUXI JIANGSU, 214028 CHINA, CN",,,,China,,OTHER,HO CHI MINH,90181200,"Đầu dò 3Sc-RS  dùng cho máy siêu âm (Probe 3Sc-RS),Serial number:1293383WX4,1293402WX2.1293418WX8,1293426WX1,1293439WX4,1293440WX2,NSX:GE MEDICAL SYSTEMS (CHINA) CO., LTD - Hàng mới 100%,3Sc-RS probe for ultrasound machines (Probe 3Sc-RS),Serial number:1293383WX4,1293402WX2.1293418WX8,1293426WX1,1293439WX4,1293440WX2,NSX:GE MEDICAL SYSTEMS (CHINA) CO., LTD - 100% new product",,6.0,Pieces,0.0,2790.3,8387071055,,
2023-11-13,越南,中国,CÔNG TY CỔ PHẦN XUẤT NHẬP KHẨU THIẾT BỊ Y TẾ HOÀN MỸ,SONOSCAPE MEDICAL CORP,"A8 Lot 12 Dinh Cong Urban Area, Dinh Cong Ward, Hoang Mai District, Hanoi City, Vietnam","2F. 12TH BULDING, SHENZHEN SOFTWARE, PARK PHASE II,KEJI MIDDLE 2 ND ROAD, NANSHAN DISTRICT,518057, SHENZHEN, GUANGDONG, CHINA",,,,China,,SHENZHEN,CANG XANH VIP,90181200,"Hệ thống siêu âm chẩn đoán màu, mã: E2pro, gồm máy chính và phụ kiện: đầu dò Convex C361, đầu dò Linear L741, dùng trong y tế. HSX: Sonoscape Medical Corp,China. Mới100%,Color diagnostic ultrasound system, code: E2pro, includes main machine and accessories: Convex C361 probe, Linear L741 probe, for medical use. HSX: Sonoscape Medical Corp,China. New100%",,20.0,Set,0.0,72000.0,111123VTRSE2311112,,
2023-11-13,越南,中国,CÔNG TY CỔ PHẦN XUẤT NHẬP KHẨU THIẾT BỊ Y TẾ HOÀN MỸ,SONOSCAPE MEDICAL CORP,"A8 Lot 12 Dinh Cong Urban Area, Dinh Cong Ward, Hoang Mai District, Hanoi City, Vietnam","2F. 12TH BULDING, SHENZHEN SOFTWARE, PARK PHASE II,KEJI MIDDLE 2 ND ROAD, NANSHAN DISTRICT,518057, SHENZHEN, GUANGDONG, CHINA",,,,China,,SHENZHEN,CANG XANH VIP,90181200,"Hệ thống siêu âm chẩn đoán màu, mã: E2, gồm máy chính và phụ kiện: đầu dò Convex 3C-A, đầu dò Linear  L741, đầu dò Phased Array 3P-A, dùng trong y tế. HSX:Sonoscape Medical Corp,China. Mới100%,Color diagnostic ultrasound system, code: E2, includes main machine and accessories: Convex 3C-A probe, Linear L741 probe, Phased Array 3P-A probe, for medical use. HSX:Sonoscape Medical Corp,China. New100%",,3.0,Set,0.0,19800.0,111123VTRSE2311112,,
2023-11-13,越南,中国,CÔNG TY TNHH GMED,SONOSCAPE MEDICAL CORP,"No. 29, Alley 144, An Duong Vuong Street, Group 1, Cluster 1, Phu Thuong Ward, Tay Ho District, Hanoi City.","2F,12TH BUILDING, SHENZHEN SOFTWARE, PARK PHASE II, KEJI MIDDLE, 2ND ROAD, NANSHAN DISTRICT, SHENZHEN,518057",,,,China,,SHENZHEN,GREEN PORT (HP),90181200,"Color Doppler Ultrasound System S55 Demo unit - Hệ thống chẩn đoán siêu âm Doppler màu S55, hãng SX: Sonoscape Medical Corp, năm SX: 2023, dùng khảo sát nhiều bộ phận cơ thể, mới 100%,Color Doppler Ultrasound System S55 Demo unit - Color Doppler ultrasound diagnostic system S55, manufacturer: Sonoscape Medical Corp, year of manufacture: 2023, used to survey many body parts, 100% new",,1.0,Set,0.0,17180.0,111123LSZHPH238959,,
2023-11-13,越南,中国,CÔNG TY TNHH GMED,SONOSCAPE MEDICAL CORP,"No. 29, Alley 144, An Duong Vuong Street, Group 1, Cluster 1, Phu Thuong Ward, Tay Ho District, Hanoi City.","2F,12TH BUILDING, SHENZHEN SOFTWARE, PARK PHASE II, KEJI MIDDLE, 2ND ROAD, NANSHAN DISTRICT, SHENZHEN,518057",,,,China,,SHENZHEN,GREEN PORT (HP),90181200,"Color Doppler Ultrasound System P20 Demo unit - Hệ thống chẩn đoán siêu âm Doppler màu P20, hãng SX: Sonoscape Medical Corp, năm SX: 2023, dùng khảo sát nhiều bộ phận cơ thể, mới 100%,Color Doppler Ultrasound System P20 Demo unit - Color Doppler ultrasound diagnostic system P20, manufacturer: Sonoscape Medical Corp, year of manufacture: 2023, used to survey many body parts, 100% new",,1.0,Set,0.0,12000.0,111123LSZHPH238959,,
2023-11-13,乌干达,中国,BHL HEALTHCARE LIMITED,SHANTOU INSTITUTE OF ULTRASONIC INSTRUMENTS CHINA,,,,,,CHINA,UGANDA,,,90181200000,ULTRASONIC PROBE & MEDICAL ITEMS,,53.0,Number,19.0,25413.0,,,
2023-11-10,乌兹别克斯坦,中国,SPECIAL TRADE STA LLC,URUMQI PERFECT INTERNATIONAL TRADING CO LTD,,,,,,0,,,,9018120000,"1. Ультразвуковое сканирующее оборудование УЗИ. Уложено в 1 место,  в количестве 1 штук. Модель: Samsung HS40. без серии номера Новый 2023 года выпуска (в соответствии с сертификатом качества товаропроизводителя). Изготовитель: Китайское предприятие. Shenzhen Mindray Bio-Medical Electronics Co.LTD.-Вес 98 кг.  Кол. 1 шт  2. Всего мест-1 (1 мест) 3. Контейнеров 1шт. TGHU9311340 8. Код инвестиционных проектов:000 9. Код основных сфер 024 10. 2023 г. / новый 11. Код государственных закупок 02 G31MARKA марка Без бренда YEAR10 год производ 2023 PARAM10 Характеристика товара новый",,1.0,Piece,98.0,40000.0,,,
2023-11-10,印度,中国,MINDRAY MEDICAL INDIA PVT LTD,MR GLOBAL HK LIMITED,B-404 CITY POINT ANDHERI KURLAROA D ANDHERI EAST,,,,,CHINA,,,SAHAR AIR,90181290,"2148B-CTO-S01 DC-40 DIAGNOSTIC ULTRASOUND SYSTEM ISCAPE VIEW,SMART 3D,IMT,TISSUE DOPPLER(FOR MEDICAL USE)",,1.0,NOS,0.0,13337.2,7662238,,
2023-11-10,印度,中国,MINDRAY MEDICAL INDIA PVT LTD,MR GLOBAL HK LIMITED,B-404 CITY POINT ANDHERI KURLAROA D ANDHERI EAST,,,,,CHINA,,,SAHAR AIR,90181290,1156B-PA00003 DP-50EXPERT DP-50EXPERT DIGITAL ULTRASONIC DIAGNOSTI(FOR MEDICAL USE),,1.0,NOS,0.0,3173.03,4642726,,
2023-11-10,印度,中国,MINDRAY MEDICAL INDIA PVT LTD,MR GLOBAL HK LIMITED,B-404 CITY POINT ANDHERI KURLAROA D ANDHERI EAST,,,,,CHINA,,,SAHAR AIR,90181290,1117B-PA00012 Z50 Z50 DIAGNOSTIC ULTRASOUND SYSTEM(FOR MEDICAL USE),,1.0,NOS,0.0,5186.48,5330162,,
2023-11-07,乌兹别克斯坦,中国,OOO HITECH ORIENT MEDBUSINESS,WUHAN ZONCARE BIO MEDICAL ELECTRONICS CO LTD,,,,,,0,,,,9018120000,"1. Портативный Система ультразвуковая диагностика модель Zoncare М5 с принадлежностями. В комплектацию входит:Конвекс датчик,кардио датчик,Тележка,Сумка. Предназначена для ультразвукового сканирования и исследования организма человека..Регистр.Удос № ТТ/Х 03721/07/20, c/н:H3294311CTO16N0002. Новое 2023г. Производитель:WUHAN ZONCARE BIO-MEDICAL ELECTRONICS CO.,LTD, Китай - кол. 1 шт, вес: 25 кг 2. мест 3, 3 картон.короб. 3. RSTU5503909/часть 6. /коды № H3294311CTO16N0002/ 8. 000 9. 024 10. 2023/ G31MARKA марка ZONCARE YEAR10 год производ 2023 PARAM10 Характеристика товара АС 100V/240V,50Hz/60Hz,75V",,1.0,Piece,25.0,4350.0,,,
2023-11-07,乌兹别克斯坦,中国,OOO HITECH ORIENT MEDBUSINESS,WUHAN ZONCARE BIO MEDICAL ELECTRONICS CO LTD,,,,,,0,,,,9018120000,"1. Система ультразвуковая диагностика модель Zoncare Q3 с принадлежностями. В комплекте: Конвекс датчик, линейный датчик.Предназначена для ультразвукового сканирования и исследования организма человека..Регистр.Удос № ТТ/Х 03721/07/20, c/н:Н3294551CTO25N0001,Н3294551CTO25N0002,Н3294551CTO25N0003,Н3294551CTO25N0004Н3294551CTO25N0005. Новое 2023г. Производитель:WUHAN ZONCARE BIO-MEDICAL ELECTRONICS CO.,LTD Китай - кол. 5 шт, вес: 300 кг 2. мест 5, 5 дерев.ящик. 3. RSTU5503909/часть 6. /коды № Н32 G31MARKA марка ZONCARE YEAR10 год производ 2023 PARAM10 Характеристика товара 100V-240V, 50Hz/60Hz, 420VA",,5.0,Piece,300.0,27237.5,,,
2023-11-07,乌兹别克斯坦,中国,ООО QIZILTEPA SHIFO SIHATGOHI,DONG HAO TRADE LIMITED,,,,,,0,,,,9018120000,"1. Новая медицинская ультразвуковая диагностическая система (УЗИ) с цветным Доплером  SONOSCAPE  модели S60 c принадлежностями в кол.-1комплекта., новая 2023г.в.  Производитель: SONOSCAPE MEDICAL CORP. -Китай. - кол. 1 шт, вес: 120 кг 2. мест 1, 1 упаковка 8. 000 9. 024 10. 2023/ультразвуковая диагностическая система (УЗИ) SONOSCAPE  модели S60 11. 02 Общее кол. мест: 1 G31MARKA марка SONOSCAPE YEAR10 год производ 2023 PARAM10 Характеристика товара ультразвуковая диагностическая система (УЗИ) SONOSCAPE  модели S60",,1.0,Piece,120.0,47500.0,,,
2023-11-07,越南,中国,CÔNG TY TNHH XUẤT NHẬP KHẨU Y TẾ THĂNG LONG,CHISON MEDICAL TECHNOLOGIES CO LTD,"Lot 20Bt8 Van Quan Urban Area, Van Quan Ward, Ha Dong District, Hanoi City","NO.9, XINHUIHUAN ROAD, XINWU DISTRICT, WUXI, JIANGSU, CHINA, CN",,,,China,,SHENZHEN,HA NOI,90181200,"Máy siêu âm màu kỹ thuật số,chủng loại: ECO1, gồm 1 đầu dò Micro-Curved Array MC6-A, dùng để thăm khám bằng sóng siêu âm, hsx: CHISON MEDICAL TECHNOLOGIES CO.,LTD. Mới 100%,Digital color ultrasound machine, type: ECO1, including 1 Micro-Curved Array MC6-A probe, used for ultrasound examination, hsx: CHISON MEDICAL TECHNOLOGIES CO.,LTD. 100% New",,4.0,Set,0.0,5800.0,SH20231104,,
2023-11-07,越南,中国,CÔNG TY TNHH XUẤT NHẬP KHẨU Y TẾ THĂNG LONG,CHISON MEDICAL TECHNOLOGIES CO LTD,"Lot 20Bt8 Van Quan Urban Area, Van Quan Ward, Ha Dong District, Hanoi City","NO.9, XINHUIHUAN ROAD, XINWU DISTRICT, WUXI, JIANGSU, CHINA, CN",,,,China,,SHENZHEN,HA NOI,90181200,"Máy siêu âm màu kỹ thuật số,chủng loại: ECO1, gồm 2 đầu dò Micro-Curved Array MC6-A, dùng để thăm khám bằng sóng siêu âm, hsx: CHISON MEDICAL TECHNOLOGIES CO.,LTD. Mới 100%,Digital color ultrasound machine, type: ECO1, includes 2 Micro-Curved Array MC6-A probes, used for ultrasound examination, hsx: CHISON MEDICAL TECHNOLOGIES CO.,LTD. 100% New",,6.0,Set,0.0,13500.0,SH20231104,,
2023-11-07,乌兹别克斯坦,中国,OOO HITECH ORIENT MEDBUSINESS,WUHAN ZONCARE BIO MEDICAL ELECTRONICS CO LTD,,,,,,0,,,,9018120000,"1. Система ультразвуковая диагностика модель Zoncare Q3 с принадлежностями. В компелкте: Конвекс датчик, Трансвагинал датчик. Предназначена для ультразвукового сканирования и исследования организма человека..Регистр.Удос № ТТ/Х 03721/07/20, c/н:Н3294551CTO25N0006,Н3294551CTO25N0007. Новое 2023г. Производитель:WUHAN ZONCARE BIO-MEDICAL ELECTRONICS CO.,LTD Китай - кол. 2 шт, вес: 120 кг 2. мест 2, 2 дерев.ящик. 3. RSTU5503909/часть 6. /коды № Н3294551CTO25N0006, Н3294551CTO25N0007/ 8. 000 9. 024 G31MARKA марка ZONCARE YEAR10 год производ 2023 PARAM10 Характеристика товара 100V-240V, 50Hz/60Hz, 420VA",,2.0,Piece,120.0,10275.0,,,
2023-11-07,乌兹别克斯坦,中国,OOO HITECH ORIENT MEDBUSINESS,WUHAN ZONCARE BIO MEDICAL ELECTRONICS CO LTD,,,,,,0,,,,9018120000,"1. Портативный Система ультразвуковая диагностика модель Zoncare М5 с принадлежностями. В комплектацию входит:Конвекс датчик, Трансвагинал датчик,Тележка,Сумка. Предназначена для ультразвукового сканирования и исследования организма человека..Регистр.Удос № ТТ/Х 03721/07/20, c/н:H3294311CTO16N0001. Новое 2023г. Производитель:WUHAN ZONCARE BIO-MEDICAL ELECTRONICS CO.,LTD, Китай - кол. 1 шт, вес: 25 кг 2. мест 3, 3 картон.короб. 3. RSTU5503909/часть 6. /коды № H3294311CTO16N0001/ 8. 000 9. 024 10 G31MARKA марка ZONCARE YEAR10 год производ 2023 PARAM10 Характеристика товара АС 100V/240V,50Hz/60Hz,75VA",,1.0,Piece,25.0,3975.0,,,
2023-11-07,乌兹别克斯坦,中国,ООО INTERMED INNOVATION TRADE,SHENZHEN MINDRAY BIO MEDICAL ELECTRONICS CO LTD,,,,,,0,,,,9018120000,"1)   Digital Ultrasound Diagnostic Imaging System Consona N7 with accessories/Ультразвуковая диагностическая система Consona N7 в комплекте с принадлежностями, сер. №LR1-39000506, год выпуска 2023, производитель Shenzhen Mindray Bio-Medical Electronics Co., Ltd (Китай): вес: 70 кг, кол. 1 шт; 2) Вид и количество упаковки:1 паллет+коробки; 3) № конт.:DFSU6438338, кол-во:1; 8) Код инвестпрограммы:000; 9) Код технологического оборудования:024; 10) Год изготовления и технические параметры:2023/ G31MARKA марка Mindray YEAR10 год производ 2023 PARAM10 Характеристика товара Напряжение 220V, частота 50/60Hz",,1.0,Piece,70.0,23000.0,,,
2023-11-06,印度,中国,KONICA MINOLTA HEALTHCARE INDIA PRIVATE LIMITED,SONOSCAPE MEDICAL CORP,OFFICE NO.201 2ND FLOOR ATRIUM 2 ANDHERI KURLA ROAD CHAKALA ANDHERI EAST,,,,,CHINA,,,SAHAR AIR,90181290,SV61N TV PROBE FOR CD25 (MEDICAL EQUIPMENT) (APTA CERT NO.0123111700190081 DT. 06.11.2023),,10.0,NOS,0.0,15000.0,8245766,,
2023-11-06,印度,中国,KONICA MINOLTA HEALTHCARE INDIA PRIVATE LIMITED,SONOSCAPE MEDICAL CORP,OFFICE NO.201 2ND FLOOR ATRIUM 2 ANDHERI KURLA ROAD CHAKALA ANDHERI EAST,,,,,CHINA,,,SAHAR AIR,90181290,SL41N LINEAR PROBE FOR CD25/CD30 (MEDICAL EQUIPMENT) (APTACERT NO. 0123111700190081 DT. 06.11.2023),,5.0,NOS,0.0,7500.0,3042560,,
2023-11-06,印度,中国,KONICA MINOLTA HEALTHCARE INDIA PRIVATE LIMITED,SONOSCAPE MEDICAL CORP,OFFICE NO.201 2ND FLOOR ATRIUM 2 ANDHERI KURLA ROAD CHAKALA ANDHERI EAST,,,,,CHINA,,,SAHAR AIR,90181290,SC44N CONVEX PROBE FOR CD25 (MEDICAL EQUIPMENT) (APTA CERTNO. 0123111700190081 DT. 06.11.2023),,10.0,NOS,0.0,15000.0,7383415,,
2023-11-06,越南,中国,CÔNG TY CỔ PHẦN XUẤT NHẬP KHẨU THIẾT BỊ Y TẾ HOÀN MỸ,SONOSCAPE MEDICAL CORP,"A8 Lot 12 Dinh Cong Urban Area, Dinh Cong Ward, Hoang Mai District, Hanoi City, Vietnam","2F.12TH BUILDING, SHENZHEN SOFTWARE, PARK PHASE II,KEJI MIDDLE 2 ND ROAD, NANSHAN DISTRICT,518057, SHENZHEN, GUANGDONG, CHINA",,,,China,,HONG KONG,HA NOI,90181200,"Hệ thống siêu âm chẩn đoán màu, mã:P50 Elite,gồm máy chính và phụ kiện:đầu dò Convex C1-6, Linear 12L-A, Volumetric Convex VC6-2, Phased Array 4P-A, Transvaginal 6V3.HSX:Sonoscape Medical Corp.Mới100%,Color diagnostic ultrasound system, code: P50 Elite, including main machine and accessories: Convex C1-6 probe, Linear 12L-A, Volumetric Convex VC6-2, Phased Array 4P-A, Transvaginal 6V3.HSX:Sonoscape Medical Corp.New100%",,1.0,Set,0.0,21200.0,82855118906,,
2023-11-06,印度,中国,KONICA MINOLTA HEALTHCARE INDIA PRIVATE LIMITED,SONOSCAPE MEDICAL CORP,OFFICE NO.201 2ND FLOOR ATRIUM 2 ANDHERI KURLA ROAD CHAKALA ANDHERI EAST,,,,,CHINA,,,SAHAR AIR,90181290,"AEROSCAN COLOUR DOPPIER ULTASOUND SYSTEM CD25 WITH 17"" MONITOR (MEDICAL EQUIPMENT) (APTA CERT NO. 0123111700190081 DT.",,5.0,NOS,0.0,12500.0,8555182,,
2023-11-06,波兰,中国,CARGO DB EURASIA GMBH P P GE HEALTHCARE GMBH,GE MEDICAL SYSTEMS CHINA CO LTD,ST. OF VIYEYSK 2 | 11,"NO. 19, CHANGJIANG ROAD WUXI NATIONAL HI-TECH DEVELOPMENT ZONE",,,,,Poland (PL),,,901812,"THE SENSOR OF ULTRASONIC DIAGNOSTICS MEDICAL, THE SENSOR OF ULTRASONIC DIAGNOSTICS MEDICAL M5SC-RS, THE SENSOR OF ULTRASONIC DIAGNOSTICS MEDICAL TYPE, THE SENSOR ULTRASONIC MEDICAL MEDICAL, THE HOLDER OF THE PRINTER FOR THE COLOR ULTRASONIC DEVICE, THE PROTECTIVE COVER FOR THE COLOR ULTRASONIC DEVICE, ZVUKOVOD-OBOGREVATEL, THE PROBE, THE PROBE THE MEDICAL ULTRASONIC DIAGNOSTIC, CABLE TRAY FOR COLOR ULTRASONOGRAPHY, THE BOX WITH THREE PROBES, THE BRACKET FOR COLOR ULTRASONOGRAPHY OF THE DEVICE, THE BRACKET FOR THE COLOR DOPPLER ULTRASONIC PRINTER, THE MULTIPURPOSE CART FOR COLOR ULTRASONOGRAPHY., THE MOBILE CART, THE MOUNTING BRACKET FOR THE COLOR ULTRASONIC DEVICE, THE FILM-KEYBOARD FOR THE COLOR ULTRASONIC DEVICE, COUNCIL OF CWD, THE CART FOR COLOR ULTRASONOGRAPHY, THE COLOR DOPPLER ULTRASONIC SYSTEM WITH FOUR SENSORS, THE COLOR DOPPLER ULTRASONIC DIAGNOSTIC UNIT, THE COLOR ULTRASONIC SOCKET FOR SEVERAL SENSORS",,753.036,KG,753.036,61384.42,,,
2023-11-04,乌兹别克斯坦,中国,OOO DOKTOR ABDUMALIK,DONG HAO TRADE LIMITED,,,,,,0,,,,9018120000,"1. Ультразвуковая диагностическая система с принадлнжностями Модель: S22 Производитель: Sonoscape Medical Corp. - кол. 1 шт, вес: 60 кг 2. мест 1, 1  часть спец.упаковка 8. 000 9. 024 10. 2023/Ультразвуковая диагностическая система с принадлнжностями 11. 02 Общее кол. мест: 1 G31MARKA марка Sonoscape YEAR10 год производ 2023 PARAM10 Характеристика товара Ультразвуковая диагностическая система с принадлнжностями",,1.0,Piece,60.0,30000.0,,,
2023-11-04,乌兹别克斯坦,中国,OOO DOKTOR ABDUMALIK,DONG HAO TRADE LIMITED,,,,,,0,,,,9018120000,"1. Ультразвуковая диагностическая система с принадлнжностями Модель: S50 Производитель: Sonoscape Medical Corp. - кол. 1 шт, вес: 120 кг 2. мест 1, 1  часть спец.упаковка 8. 000 9. 024 10. 2023/Ультразвуковая диагностическая система с принадлнжностями 11. 02 Общее кол. мест: 1 G31MARKA марка Sonoscape YEAR10 год производ 2023 PARAM10 Характеристика товара Ультразвуковая диагностическая система с принадлнжностями",,1.0,Piece,120.0,35000.0,,,
2023-11-04,印度,中国,MEDIMART MEDICAL SYSTEMS PRIVATE LIMITED,SZ HUGEMED MED TECH DEV CO LTD,NO 9 PILLAYAR KOIL STREET RAMAPURAM MAIN ROAD KAIKANKUPPAM VALASARAVAKKAM  TAMILNADU,,,,,CHINA,,,CHENNAI AIR,90181290,"SINGLE USE VIDEO CYSTOSCOPE CY-M40,US (MEDICAL PARTS)",,25.0,NOS,0.0,3250.0,6220015,,
2023-11-04,印度,中国,MEDIMART MEDICAL SYSTEMS PRIVATE LIMITED,SZ HUGEMED MED TECH DEV CO LTD,NO 9 PILLAYAR KOIL STREET RAMAPURAM MAIN ROAD KAIKANKUPPAM VALASARAVAKKAM  TAMILNADU,,,,,CHINA,,,CHENNAI AIR,90181290,"SINGLE USE VIDEO URETEROSCOPE -HU30S,US (MEDICAL PARTS)",,100.0,NOS,0.0,20000.0,3064783,,
2023-11-03,俄罗斯,中国,АО СИБИРСКАЯ МЕДИЦИНСКАЯ КОМПАНИЯ,MR GLOBAL HK LIMITED,"664003, ИРКУТСКАЯ ОБЛ., Г. ИРКУТСК, УЛ. ТИМИРЯЗЕВА Д.16,","1115-6, MONGKOK, KL, HONG KONG, FLAT/RM,BLOCK 1,11",,,SHENZHEN MINDRAY BIO MEDICAL ELECTRONICS CO LTD,China,Russia,,,9018120000,"АППАРАТ МЕДИЦИНСКИЙ, ПРИБОР УЛЬТРАЗВУКОВОЙ ДИАГНОСТИЧЕСКИЙ С ПРИНАДЛЕЖНОСТЯМИ. ПРИБОР ПРЕДНАЗНАЧЕН ДЛЯ ОБЕСПЕЧЕНИЯ ДИАГНОСТИКИ ВЗРОСЛЫХ И ДЕТЕЙ В МЕДИЦИНСКИХ УЧРЕЖДЕНИЯХ ОКП/ОКПД2 -26.60.12.132 ,НЕ СОДЕРЖИТ ВЧУ И РЭС:",,1.0,ШТ,39.26,12911.18,,,MINDRAY
2023-11-03,越南,中国,CÔNG TY CỔ PHẦN XUẤT NHẬP KHẨU THIẾT BỊ Y TẾ HOÀN MỸ,SONOSCAPE MEDICAL CORP,"A8 Lot 12 Dinh Cong Urban Area, Dinh Cong Ward, Hoang Mai District, Hanoi City, Vietnam","2F.12TH BUILDING, SHENZHEN SOFTWARE, PARK PHASE II,KEJI MIDDLE 2 ND ROAD, NANSHAN DISTRICT,518057, SHENZHEN, GUANGDONG, CHINA",,,,China,,SHENZHEN,CANG NAM DINH VU,90181200,"Hệ thống siêu âm chẩn đoán màu, mã: P22, gồm máy chính và phụ kiện: đầu dò Convex 3C-A, đầu dò Linear L742, đầu dò Volumetric Convex VC6-2, dùng trong y tế.HSX: Sonoscape Medical Corp.Mới100%,Color diagnostic ultrasound system, code: P22, includes main machine and accessories: Convex 3C-A probe, Linear L742 probe, Volumetric Convex VC6-2 probe, for medical use. HSX: Sonoscape Medical Corp. New100%",,1.0,Set,0.0,11800.0,011123VTRSE2310291,,
2023-11-03,越南,中国,CÔNG TY CỔ PHẦN XUẤT NHẬP KHẨU THIẾT BỊ Y TẾ HOÀN MỸ,SONOSCAPE MEDICAL CORP,"A8 Lot 12 Dinh Cong Urban Area, Dinh Cong Ward, Hoang Mai District, Hanoi City, Vietnam","2F.12TH BUILDING, SHENZHEN SOFTWARE, PARK PHASE II,KEJI MIDDLE 2 ND ROAD, NANSHAN DISTRICT,518057, SHENZHEN, GUANGDONG, CHINA",,,,China,,SHENZHEN,CANG NAM DINH VU,90181200,"Hệ thống siêu âm chẩn đoán màu, mã: P22, gồm máy chính và phụ kiện: đầu dò Convex 3C-A, đầu dò Linear L742, đầu dò Phased Array 4P-A, dùng trong y tế.HSX: Sonoscape Medical Corp.Mới100%,Color diagnostic ultrasound system, code: P22, includes main machine and accessories: Convex 3C-A probe, Linear L742 probe, Phased Array 4P-A probe, for medical use. HSX: Sonoscape Medical Corp. New100%",,2.0,Set,0.0,20400.0,011123VTRSE2310291,,
2023-11-02,乌兹别克斯坦,中国,ООО INTERMED INNOVATION TRADE,SHENZHEN MINDRAY BIO MEDICAL ELECTRONICS CO LTD,,,,,,0,,,,9018120000,"1) Digital Ultrasound Diagnostic Imaging System Z50 with accessories/Ультразвуковая диагностическая система  Z50 в комплекте с принадлежностями, новый, 2023 год выпуска, сер.№HH6-32003757,  производитель Shenzhen Mindray Bio-Medical Electronics Co., Ltd  (Китай):  вес: 28,18 кг, кол. 1 шт; 2) Вид и количество упаковки:2 коробка;; 8) Код инвестпрограммы:000; 9) Код технологического оборудования:024; 10) Год изготовления и технические параметры:2023/Напряжение 220V, частота 50/60Hz; 11) Приз G31MARKA марка Mindray YEAR10 год производ 2023 PARAM10 Характеристика товара Напряжение 220V, частота 50/60Hz",,1.0,Piece,28.18,11500.0,,,
2023-11-01,印度,中国,ACER BIOMEDICALS LLP,ZHUHAI HONGBANG MEDICAL SCIENCE&TE,#N/A,,,,,CHINA,,,PATPARGANJ ICD,90181290,POWER PCB BOARD (PARTS OF ECG MACHINE FOR MEDICAL USE),,50.0,NOS,0.0,5000.0,1077505,,
2023-11-01,印度,中国,ACER BIOMEDICALS LLP,ZHUHAI HONGBANG MEDICAL SCIENCE&TE,#N/A,,,,,CHINA,,,PATPARGANJ ICD,90181290,12.1 INCHES TOUCH PANEL (PARTS OF ECG MACHINE FOR MEDICAL USE),,30.0,NOS,0.0,330.0,6453446,,
2023-11-01,乌兹别克斯坦,中国,ООО PREMIUM TECHNICS,DONG HAO TRADE LIMITED,,,,,,0,,,,9018120000,"1. Новая медицинская ультразвуковая диагностическая система (УЗИ) SONOSCAPE  модели S22 c принадлежностями в кол.-3комплекта., новая 2023г.в.  Производитель: SONOSCAPE MEDICAL CORP. -Китай. - кол. 3 шт, вес: 180 кг 2. мест 3, 3 упаковка 3. PONU7224060/часть 8. 000 9. 024 10. 2023/ультразвуковая диагностическая система (УЗИ) модели S22 11. 02 Общее кол. мест: 3 G31MARKA марка SONOSCAPE YEAR10 год производ 2023 PARAM10 Характеристика товара ультразвуковая диагностическая система (УЗИ) модели S22",,3.0,Piece,180.0,28500.0,,,
2023-11-01,乌兹别克斯坦,中国,ООО PREMIUM TECHNICS,DONG HAO TRADE LIMITED,,,,,,0,,,,9018120000,"1. Новая медицинская ультразвуковая диагностическая система (УЗИ) SONOSCAPE  модели S50 c принадлежностями в кол.-2комплекта., новая 2023г.в.  Производитель: SONOSCAPE MEDICAL CORP. -Китай. - кол. 2 шт, вес: 240 кг 2. мест 2, 2 упаковка 3. PONU7224060/часть 8. 000 9. 024 10. 2023/ультразвуковая диагностическая система (УЗИ) SONOSCAPE  модели S50 11. 02 Общее кол. мест: 2 G31MARKA марка SONOSCAPE YEAR10 год производ 2023 PARAM10 Характеристика товара ультразвуковая диагностическая система (УЗИ) SONOSCAPE  модели S50",,2.0,Piece,240.0,43000.0,,,
2023-11-01,印度,中国,ACER BIOMEDICALS LLP,ZHUHAI HONGBANG MEDICAL SCIENCE&TE,#N/A,,,,,CHINA,,,PATPARGANJ ICD,90181290,12.1 INCHES DISPLAY (PARTS OF ECG MACHINE FOR MEDICAL USE),,30.0,NOS,0.0,840.0,3237148,,
2023-11-01,印度,中国,ACER BIOMEDICALS LLP,ZHUHAI HONGBANG MEDICAL SCIENCE&TE,#N/A,,,,,CHINA,,,PATPARGANJ ICD,90181290,POWER SWITCH BOARD (PARTS OF ECG MACHINE FOR MEDICAL USE),,50.0,NOS,0.0,600.0,2612750,,
2023-11-01,印度,中国,ACER BIOMEDICALS LLP,ZHUHAI HONGBANG MEDICAL SCIENCE&TE,#N/A,,,,,CHINA,,,PATPARGANJ ICD,90181290,POWER CORD (PARTS OF ECG MACHINE FOR MEDICAL USE),,50.0,NOS,0.0,225.0,2503724,,
2023-11-01,印度,中国,ACER BIOMEDICALS LLP,ZHUHAI HONGBANG MEDICAL SCIENCE&TE,#N/A,,,,,CHINA,,,PATPARGANJ ICD,90181290,10.2 INCHES TOUCH PANEL (PARTS OF ECG MACHINE FOR MEDICAL USE),,20.0,NOS,0.0,220.0,7013132,,
2023-11-01,印度,中国,ACER BIOMEDICALS LLP,ZHUHAI HONGBANG MEDICAL SCIENCE&TE,#N/A,,,,,CHINA,,,PATPARGANJ ICD,90181290,ECG PAPER (PARTS OF ECG MACHINE FOR MEDICAL USE),,50.0,NOS,0.0,75.0,7205705,,
2023-11-01,印度,中国,ACER BIOMEDICALS LLP,ZHUHAI HONGBANG MEDICAL SCIENCE&TE,#N/A,,,,,CHINA,,,PATPARGANJ ICD,90181290,10.2 INCHES DISPLAY (PARTS OF ECG MACHINE FOR MEDICAL USE),,20.0,NOS,0.0,560.0,0643587,,
2023-11-01,印度,中国,ACER BIOMEDICALS LLP,ZHUHAI HONGBANG MEDICAL SCIENCE&TE,#N/A,,,,,CHINA,,,PATPARGANJ ICD,90181290,CHEST ELECTRODES (PARTS OF ECG MACHINE FOR MEDICAL USE),,50.0,NOS,0.0,225.0,0382108,,
2023-11-01,印度,中国,ACER BIOMEDICALS LLP,ZHUHAI HONGBANG MEDICAL SCIENCE&TE,#N/A,,,,,CHINA,,,PATPARGANJ ICD,90181290,MAIN PCB BOARD (PARTS OF ECG MACHINE FOR MEDICAL USE),,50.0,NOS,0.0,5000.0,7484624,,
2023-11-01,印度,中国,MINDRAY MEDICAL INDIA PVT LTD,MR GLOBAL HK LIMITED,B-404 CITY POINT ANDHERI KURLAROA D ANDHERI EAST,,,,,CHINA,,,SAHAR AIR,90181290,"1116B-CTO-S01 Z60 DIAGNOSTIC ULTRASOUND SYSTEM DICOM BASIC,IMT,P-GI-1P DISCOUNT,PROBE 6CV1P,PROBE 7L5P(FOR MEDICAL USE)",,1.0,NOS,0.0,10820.8,1153156,,
2023-11-01,印度,中国,ACER BIOMEDICALS LLP,ZHUHAI HONGBANG MEDICAL SCIENCE&TE,#N/A,,,,,CHINA,,,PATPARGANJ ICD,90181290,LIMB ELECTRODES (PARTS OF ECG MACHINE FOR MEDICAL USE),,50.0,NOS,0.0,225.0,7431842,,
2023-11-01,印度,中国,ACER BIOMEDICALS LLP,ZHUHAI HONGBANG MEDICAL SCIENCE&TE,#N/A,,,,,CHINA,,,PATPARGANJ ICD,90181290,ECG CABLE (PARTS OF ECG MACHINE FOR MEDICAL USE),,50.0,NOS,0.0,225.0,8874345,,
2023-11-01,印度,中国,ACER BIOMEDICALS LLP,ZHUHAI HONGBANG MEDICAL SCIENCE&TE,#N/A,,,,,CHINA,,,PATPARGANJ ICD,90181290,PLASTIC SHELL WITH PRINTER HEAD AND MOTOR UNIT (PARTS OF ECG MACHINE FOR MEDICAL USE),,50.0,NOS,0.0,4150.0,0507841,,
2023-11-01,印度,中国,ACER BIOMEDICALS LLP,ZHUHAI HONGBANG MEDICAL SCIENCE&TE,#N/A,,,,,CHINA,,,PATPARGANJ ICD,90181290,ECG PCB BOARD (PARTS OF ECG MACHINE FOR MEDICAL USE),,50.0,NOS,0.0,225.0,7752825,,
2023-10-31,乌兹别克斯坦,中国,ООО LEKRIS HEALTH,SHENZHEN MINDRAY BIO MEDICAL ELECTRONICS CO LTD,,,,,,0,,,,9018120000,"1)  Digital Ultrasound Diagnostic Imaging System TE-7 with accessories / Ультразвуковая диагностическая система TE-7 в комплекте с принадлежностями, новый, 2023 год выпуска, сер.№CD7-39006743, производитель Shenzhen Mindray Bio-Medical Electronics Co., Ltd  (Китай): вес: 46,97 кг, кол. 1 шт;
2) Вид и количество упаковки:2 паллет+коробки;
3) № конт.:DFSU6438338, кол-во:1;
8) Код инвестпрограммы:000;
9) Код технологического оборудования:024;
10) Год изготовления и технические параметры:2023/Н",,1.0,Piece,46.97,27000.0,,,
2023-10-31,越南,中国,CÔNG TY CỔ PHẦN THIẾT BỊ Y TẾ VIỆT HÀN,VINNO TECHNOLOGY SUZHOU CO LTD,"Group 11, Yen Nghia Ward, Ha Dong District, Hanoi City","5F BUILDING A, 4F BUILDING C, NO.27 XINFA ROAD, SUZHOU INDUSTRIAL, PARK,215123, P.R.CHINA, CN",,,,China,,OTHER,HA NOI,90181200,"Máy siêu âm chẩn đoán, Model: VINNO X1, danh sách phụ kiện đi kèm, dùng trong y tế. Hãng sản xuất: VINNO Technology SuZhou Co., Ltd. Hàng mới 100%.,Diagnostic ultrasound machine, Model: VINNO X1, list of accompanying accessories, for medical use. Manufacturer: VINNO Technology SuZhou Co., Ltd. New 100%.",,1.0,Set,0.0,12170.0,NGT23102684,,
2023-10-31,乌兹别克斯坦,中国,ООО LEKRIS HEALTH,SHENZHEN MINDRAY BIO MEDICAL ELECTRONICS CO LTD,,,,,,0,,,,9018120000,"1)  Digital Ultrasound Diagnostic Imaging System Consona N9 with accessories / Ультразвуковая диагностическая система Consona N9 в комплекте с принадлежностями, новый, 2023 год выпуска, сер.№LQ6-39001009, производитель Shenzhen Mindray Bio-Medical Electronics Co., Ltd  (Китай):
 вес: 73 кг, кол. 1 шт;
2) Вид и количество упаковки:1 паллет+коробки;
3) № конт.:DFSU6438338, кол-во:1;
8) Код инвестпрограммы:000;
9) Код технологического оборудования:024;
10) Год изготовления и технические парам",,1.0,Piece,73.0,34000.0,,,
2023-10-27,乌兹别克斯坦,中国,ООО AZZA MED,CHISON MEDICAL TECHNOLOGIES CO LTD,,,,,,0,,,,9018120000,"1. Медицинское оборудование: Система ультразвуковая цифровая цветная допплеровская  ""СВit8""  с принадлежностями, модель:  ""СВit8"" . в разобранном виде, новое 2023г выпуска. Производитель: CHISON Medical Technologies Co., Ltd/Китай/China-Вес 200 кг.  Кол. 2 шт 
2. Всего мест-2 (2 кар.коробка)
8. Код инвестиционных проектов:000
9. Код основных сфер 001
10. 2023 г. / Медицинское оборудование: Система ультразвуковая цифровая цветная допплеровская  ""СВit8""  с принадлежностями, модель:  ""СВit8"" .",,2.0,Piece,200.0,25000.0,,,
2023-10-27,波兰,中国,DB CARGO EURASIA GMBH P P GE HEALTHCARE GMBH,GE MEDICAL SYSTEMS CHINA CO LTD,ST. OF VIYEYSK 2 | 11,"No. 19, CHANGJIANG ROAD, NATIONAL HI-TECH DEVELOPMENT ZONE",,,,,Poland (PL),,,901812,"PROTECTIVE COVER FOR THE COLOR ULTRASONIC DEVICE, THE CABLE TRAY FOR COLOR ULTRASOUND, THE PRINTER BRACKET FOR THE COLOR ULTRASONIC DEVICE, THE BRACKET OF THE COLOR ULTRASONIC PRINTER, THE MEDICAL ULTRASONIC DIAGNOSTIC 12L-RS, 3SC-RS, 4C-RS, 8C-RS, E8C-RS, E8CS-RS, IC5-9-D, L6-12-RS PROBE, THE MOUNTING BRACKET FOR THE COLOR ULTRASONIC DEVICE, THE GLUE HEATER FOR THE ULTRASONIC DEVICE, THE FILM FOR THE KEYBOARD OF THE COLOR ULTRASONIC DEVICE, THE ULTRASONIC DIAGNOSTIC UNIT, THE COLOR DOPPLER ULTRASONIC DIAGNOSTIC UNIT, THE COLOR ULTRASONIC DEVICE WITH FOUR PROBES, THE PROBE FOR THE ULTRASONIC DEVICE",,2402.375,KG,2402.375,184999.12,,,
2023-10-27,乌兹别克斯坦,中国,ООО AZZA MED,CHISON MEDICAL TECHNOLOGIES CO LTD,,,,,,0,,,,9018120000,"1. Медицинское оборудование: Система ультразвуковая цифровая цветная допплеровская   ""Свit 10""  с принадлежностями, модель:  ""Свit 10"" . в разобранном виде, новое 2023г выпуска. Производитель: CHISON Medical Technologies Co., Ltd/Китай/China-Вес 172 кг.  Кол. 2 шт 
2. Всего мест-2 (2 кар.коробка)
8. Код инвестиционных проектов:000
9. Код основных сфер 001
10. 2023 г. / Медицинское оборудование: Система ультразвуковая цифровая цветная допплеровская   ""Свit 10""  с принадлежностями, модель:  ""С",,2.0,Piece,172.0,31000.0,,,
2023-10-24,越南,中国,CÔNG TY TNHH KỸ THUẬT THIẾT BỊ THIÊN PHÚC,CHISON MEDICAL TECHNOLOGIES CO LTD,"No. 151, Group 13 Mau Luong, Kien Hung Ward, Ha Dong District, Hanoi City, Vietnam","NO.9, XINHUIHUAN ROAD, XINWU DISTRICT, WUXI, JIANGSU, CHINA 214028, CN",,,,China,,HONG KONG,CANG TAN VU - HP,90181200,"Máy ECO1 là máy siêu âm màu 2D xách tay. Bao gồm đầu dò Microconvex. Năm sản xuất 2023. HSX: CHISON MEDICAL TECHNOLOGIES CO., LTD. Máy mới 100%,The ECO1 machine is a portable 2D color ultrasound machine. Includes Microconvex probe. Year of manufacture 2023. HSX: CHISON MEDICAL TECHNOLOGIES CO., LTD. 100% new machine",,13.0,Set,0.0,18200.0,191023SZHTHPG2310038,,
2023-10-24,越南,中国,CÔNG TY TNHH KỸ THUẬT THIẾT BỊ THIÊN PHÚC,CHISON MEDICAL TECHNOLOGIES CO LTD,"No. 151, Group 13 Mau Luong, Kien Hung Ward, Ha Dong District, Hanoi City, Vietnam","NO.9, XINHUIHUAN ROAD, XINWU DISTRICT, WUXI, JIANGSU, CHINA 214028, CN",,,,China,,HONG KONG,CANG TAN VU - HP,90181200,"Máy ECO1 là máy siêu âm màu 2D xách tay. Bao gồm đầu dò Convex. Năm sản xuất 2023. HSX: CHISON MEDICAL TECHNOLOGIES CO., LTD. Máy mới 100%,The ECO1 machine is a portable 2D color ultrasound machine. Convex probe included. Year of manufacture 2023. HSX: CHISON MEDICAL TECHNOLOGIES CO., LTD. 100% new machine",,3.0,Set,0.0,4350.0,191023SZHTHPG2310038,,
2023-10-24,乌兹别克斯坦,中国,SOG'LOM HAYOT,SONOSCAPE MEDICAL COPR,,,,,,0,,,,9018120000,"1. Ultrasound system digital color Doppler model S50 Elite with accesories / Система ультразвуковая цифровая цветная доплеровская модель S50 Elite с принадлежностями Кол-во; 1 шт. Новый 2023 г, Производитель; SonoScape Medical Copr. (Китай) - кол. 1 шт, вес: 120 кг
2. мест 1, 1 дерев.ящик.
3. HPSU7772256/часть
8. 000
9. 024
10. 2023/Новый
11. 02
Общее кол. мест: 1",,1.0,Piece,120.0,40000.0,,,
2023-10-23,印度,中国,ACER BIOMEDICALS LLP,ZHUHAI HONGBANG MEDICAL SCIENCE&TE,,,,,,CHINA,,,DELHI AIR,90181290,MAIN BOARD (PARTS OF ECG MACHINE FOR MEDICAL USE),,55.0,NOS,0.0,1650.0,1810044,,
2023-10-23,印度,中国,KONICA MINOLTA HEALTHCARE INDIA PRIVATE LIMITED,EDAN INSTRUMENTS INC,OFFICE NO.201 2ND FLOOR ATRIUM 2 ANDHERI KURLA ROAD CHAKALA ANDHERI EAST,,,,,CHINA,,,SAHAR AIR,90181290,Convex Array Transducer C5-2Q (MEDICAL EQUIPMENT) (APTA NO:B231923672010017 DT. 23.10.2023),,10.0,NOS,0.0,5500.0,8131240,,
2023-10-23,印度,中国,ACER BIOMEDICALS LLP,ZHUHAI HONGBANG MEDICAL SCIENCE&TE,,,,,,CHINA,,,DELHI AIR,90181290,ECG CABLE (PARTS OF ECG MACHINE FOR MEDICAL USE),,50.0,NOS,0.0,300.0,3168821,,
2023-10-23,印度,中国,ACER BIOMEDICALS LLP,ZHUHAI HONGBANG MEDICAL SCIENCE&TE,,,,,,CHINA,,,DELHI AIR,90181290,ECG BOARD (PARTS OF ECG MACHINE FOR MEDICAL USE),,50.0,NOS,0.0,1500.0,3546147,,
2023-10-23,印度,中国,ACER BIOMEDICALS LLP,ZHUHAI HONGBANG MEDICAL SCIENCE&TE,,,,,,CHINA,,,DELHI AIR,90181290,PLASTIC SHELL WITH PRINTER HEAD AND MOTOR UNIT (PARTS OF ECG MACHINE FOR MEDICAL USE),,50.0,NOS,0.0,1775.0,7571225,,
2023-10-23,印度,中国,ACER BIOMEDICALS LLP,ZHUHAI HONGBANG MEDICAL SCIENCE&TE,,,,,,CHINA,,,DELHI AIR,90181290,7 INCHES DISPLAY (PARTS OF ECG MACHINE FOR MEDICAL USE),,50.0,NOS,0.0,400.0,6537382,,
2023-10-23,印度,中国,ACER BIOMEDICALS LLP,ZHUHAI HONGBANG MEDICAL SCIENCE&TE,,,,,,CHINA,,,DELHI AIR,90181290,SMPS BORAD (PARTS OF ECG MACHINE FOR MEDICAL USE),,5.0,NOS,0.0,175.0,7267414,,
2023-10-23,印度,中国,KONICA MINOLTA HEALTHCARE INDIA PRIVATE LIMITED,EDAN INSTRUMENTS INC,OFFICE NO.201 2ND FLOOR ATRIUM 2 ANDHERI KURLA ROAD CHAKALA ANDHERI EAST,,,,,CHINA,,,SAHAR AIR,90181290,Linear array transducer: VEL8-3WQ(2.5m) (MEDICAL EQUIPMENT)(APTA NO: B231923672010017 DT. 23.10.2023),,5.0,NOS,0.0,2750.0,2756644,,
2023-10-23,印度,中国,ACER BIOMEDICALS LLP,ZHUHAI HONGBANG MEDICAL SCIENCE&TE,,,,,,CHINA,,,DELHI AIR,90181290,PARAMETER BOARD (PARTS OF ECG MACHINE FOR MEDICAL USE),,5.0,NOS,0.0,175.0,3337312,,
2023-10-23,印度,中国,ACER BIOMEDICALS LLP,ZHUHAI HONGBANG MEDICAL SCIENCE&TE,,,,,,CHINA,,,DELHI AIR,90181290,POWER BOARD (PARTS OF ECG MACHINE FOR MEDICAL USE),,55.0,NOS,0.0,1650.0,0406874,,
2023-10-23,印度,中国,KONICA MINOLTA HEALTHCARE INDIA PRIVATE LIMITED,EDAN INSTRUMENTS INC,OFFICE NO.201 2ND FLOOR ATRIUM 2 ANDHERI KURLA ROAD CHAKALA ANDHERI EAST,,,,,CHINA,,,SAHAR AIR,90181290,Multi-Transducer Connectors MTC-801(new)(MEDICAL EQUIPMENT)(APTA NO: B231923672010017 DT. 23.10.2023),,5.0,NOS,0.0,5500.0,7860048,,
2023-10-23,印度,中国,KONICA MINOLTA HEALTHCARE INDIA PRIVATE LIMITED,EDAN INSTRUMENTS INC,OFFICE NO.201 2ND FLOOR ATRIUM 2 ANDHERI KURLA ROAD CHAKALA ANDHERI EAST,,,,,CHINA,,,SAHAR AIR,90181290,Micro convex array transducer:MC9-3TQ (MEDICAL EQUIPMENT) (APTA NO: B231923672010017 DT. 23.10.2023),,5.0,NOS,0.0,2750.0,7531452,,
2023-10-23,印度,中国,ACER BIOMEDICALS LLP,ZHUHAI HONGBANG MEDICAL SCIENCE&TE,,,,,,CHINA,,,DELHI AIR,90181290,7 INCHES TOUCH PANEL (PARTS OF ECG MACHINE FOR MEDICAL USE),,50.0,NOS,0.0,300.0,8666078,,
2023-10-23,印度,中国,ACER BIOMEDICALS LLP,ZHUHAI HONGBANG MEDICAL SCIENCE&TE,,,,,,CHINA,,,DELHI AIR,90181290,CHEST ELECTRODES (PARTS OF ECG MACHINE FOR MEDICAL USE),,50.0,NOS,0.0,300.0,1871061,,
2023-10-23,印度,中国,ACER BIOMEDICALS LLP,ZHUHAI HONGBANG MEDICAL SCIENCE&TE,,,,,,CHINA,,,DELHI AIR,90181290,LIMB ELECTRODES (PARTS OF ECG MACHINE FOR MEDICAL USE),,50.0,NOS,0.0,300.0,3517208,,
2023-10-23,印度,中国,KONICA MINOLTA HEALTHCARE INDIA PRIVATE LIMITED,EDAN INSTRUMENTS INC,OFFICE NO.201 2ND FLOOR ATRIUM 2 ANDHERI KURLA ROAD CHAKALA ANDHERI EAST,,,,,CHINA,,,SAHAR AIR,90181290,AEROSCAN Color Doppler CD 10 PRO Diagnostic (MEDICAL EQUIPMENT) (APTA NO: B231923672010017 DT. 23.10.2023),,10.0,NOS,0.0,39700.0,7447677,,
2023-10-18,越南,中国,CÔNG TY TNHH ĐẦU TƯ THƯƠNG MẠI VÀ DỊCH VỤ KỸ THUẬT HOÀNG MINH,CHISON MEDICAL TECHNOLOGIES CO LTD,"Village 3, Lai Yen Commune, Hoai Duc District, Hanoi City, Vietnam","NO.9, XINHUIHUAN ROAD, XINWU DISTRICT, WUXI,214028, JIANGSU, CHINA, CN",,,,China,,SHANGHAI,CANG HAI PHONG,90181200,"Máy siêu âm chẩn đoán (1 cổng đầu dò,1 đầu dò Micro Convex MC6-A);hoạt động bằng điện,điện áp 19V,3.15A,Model:ECO1;Nhãn hiệu CHISON.HSX Chison Medical Technologies Co., Ltd,Xuất xứ:Trung Quốc;Mới 100%,Diagnostic ultrasound machine (1 probe port, 1 Micro Convex MC6-A probe); electrically operated, voltage 19V, 3.15A, Model: ECO1; Brand CHISON.HSX Chison Medical Technologies Co., Ltd, Origin: China; 100% New",,10.0,Set,0.0,14000.0,131023UMBOE2023100019,,
2023-10-18,越南,中国,CÔNG TY CỔ PHẦN XUẤT NHẬP KHẨU THIẾT BỊ Y TẾ HOÀN MỸ,SONOSCAPE MEDICAL CORP,"A8 Lot 12 Dinh Cong Urban Area, Dinh Cong Ward, Hoang Mai District, Hanoi City, Vietnam","2F. 12TH BULDING, SHENZHEN SOFTWARE, PARK PHASE II,KEJI MIDDLE 2 ND ROAD, NANSHAN DISTRICT, SHENZHEN,518057, CHINA, CN",,,,China,,HONG KONG,CANG CAT LAI (HCM),90181200,"Hệ thống siêu âm chẩn đoán màu, mã: S22, gồm máy chính và phụ kiện: đầu dò Convex 3C-A, đầu dò Linear L742, đầu dò Phased Array 2P1, dùng trong y tế. HSX: Sonoscape Medical Corp.Mới100%,Color diagnostic ultrasound system, code: S22, includes main machine and accessories: Convex 3C-A probe, Linear L742 probe, Phased Array 2P1 probe, for medical use. HSX: Sonoscape Medical Corp.New100%",,2.0,Set,0.0,12300.0,111023SJFHK2303320,,
2023-10-18,越南,中国,CÔNG TY CỔ PHẦN XUẤT NHẬP KHẨU THIẾT BỊ Y TẾ HOÀN MỸ,SONOSCAPE MEDICAL CORP,"A8 Lot 12 Dinh Cong Urban Area, Dinh Cong Ward, Hoang Mai District, Hanoi City, Vietnam","2F. 12TH BULDING, SHENZHEN SOFTWARE, PARK PHASE II,KEJI MIDDLE 2 ND ROAD, NANSHAN DISTRICT, SHENZHEN,518057, CHINA, CN",,,,China,,HONG KONG,CANG CAT LAI (HCM),90181200,"Hệ thống siêu âm chẩn đoán màu, mã: S22, gồm máy chính và phụ kiện: đầu dò Convex 3C-A, đầu dò Linear L741, đầu dò 4D VC6-2, dùng trong y tế. HSX: Sonoscape Medical Corp.Mới100%,Color diagnostic ultrasound system, code: S22, includes main machine and accessories: Convex 3C-A probe, Linear L741 probe, 4D VC6-2 probe, for medical use. HSX: Sonoscape Medical Corp.New100%",,4.0,Set,0.0,26800.0,111023SJFHK2303320,,
2023-10-17,越南,中国,CÔNG TY TNHH KỸ THUẬT VÀ DỊCH VỤ THIÊN LỘC,CHISON MEDICAL TECHNOLOGIES CO LTD,"Dong Bang Village, Dong Thai Commune, Ba Vi District, Hanoi City, Vietnam","NO.9, XINHUIHUAN ROAD, XINWU, DISTRICT,WUXI, JIANGSU, CHINA, CN",,,,China,,SHANGHAI,CANG HAI PHONG,90181200,"'Máy siêu âm; Hiệu CHISON,sx năm 2023; Model:CBIT10; Màn hình hiển thị chuyên dùng đi kèm máy,Hsx:CHISON MEDICAL TECHNOLOGIES CO., LTD.,Mới 100%,'Ultrasound machine; CHISON brand, produced in 2023; Model:CBIT10; Specialized display screen comes with the machine, HSX: CHISON MEDICAL TECHNOLOGIES CO., LTD., 100% new",,6.0,Set,0.0,94999.98,071023JWLEM23091355,,
2023-10-17,越南,中国,CÔNG TY TNHH KỸ THUẬT VÀ DỊCH VỤ THIÊN LỘC,CHISON MEDICAL TECHNOLOGIES CO LTD,"Dong Bang Village, Dong Thai Commune, Ba Vi District, Hanoi City, Vietnam","NO.9, XINHUIHUAN ROAD, XINWU, DISTRICT,WUXI, JIANGSU, CHINA, CN",,,,China,,SHANGHAI,CANG HAI PHONG,90181200,"'Máy siêu âm; Hiệu CHISON,sx năm 2023; Model:ECO1; Màn hình hiển thị chuyên dùng đi kèm máy,Hsx:CHISON MEDICAL TECHNOLOGIES CO., LTD.,Mới 100%,'Ultrasound machine; CHISON brand, produced in 2023; Model:ECO1; Specialized display screen comes with the machine, HSX: CHISON MEDICAL TECHNOLOGIES CO., LTD., 100% new",,50.0,Set,0.0,70000.0,071023JWLEM23091355,,
2023-10-17,越南,中国,CÔNG TY TNHH KỸ THUẬT VÀ DỊCH VỤ THIÊN LỘC,CHISON MEDICAL TECHNOLOGIES CO LTD,"Dong Bang Village, Dong Thai Commune, Ba Vi District, Hanoi City, Vietnam","NO.9, XINHUIHUAN ROAD, XINWU, DISTRICT,WUXI, JIANGSU, CHINA, CN",,,,China,,SHANGHAI,CANG HAI PHONG,90181200,"'Máy siêu âm; Hiệu CHISON,sx năm 2023; Model:ECO5; Màn hình hiển thị chuyên dùng đi kèm máy,Hsx:CHISON MEDICAL TECHNOLOGIES CO., LTD.,Mới 100%,'Ultrasound machine; CHISON brand, produced in 2023; Model:ECO5; Specialized display screen comes with the machine, HSX: CHISON MEDICAL TECHNOLOGIES CO., LTD., 100% new",,1.0,Set,0.0,2800.0,071023JWLEM23091355,,
2023-10-17,越南,中国,CÔNG TY TNHH KỸ THUẬT VÀ DỊCH VỤ THIÊN LỘC,CHISON MEDICAL TECHNOLOGIES CO LTD,"Dong Bang Village, Dong Thai Commune, Ba Vi District, Hanoi City, Vietnam","NO.9, XINHUIHUAN ROAD, XINWU, DISTRICT,WUXI, JIANGSU, CHINA, CN",,,,China,,SHANGHAI,CANG HAI PHONG,90181200,"'Máy siêu âm; Hiệu CHISON,sx năm 2023; Model:ECO1; Màn hình hiển thị chuyên dùng đi kèm máy,Hsx:CHISON MEDICAL TECHNOLOGIES CO., LTD.,Mới 100%,'Ultrasound machine; CHISON brand, produced in 2023; Model:ECO1; Specialized display screen comes with the machine, HSX: CHISON MEDICAL TECHNOLOGIES CO., LTD., 100% new",,3.0,Set,0.0,4350.0,071023JWLEM23091355,,
2023-10-17,越南,中国,CÔNG TY TNHH KỸ THUẬT VÀ DỊCH VỤ THIÊN LỘC,CHISON MEDICAL TECHNOLOGIES CO LTD,"Dong Bang Village, Dong Thai Commune, Ba Vi District, Hanoi City, Vietnam","NO.9, XINHUIHUAN ROAD, XINWU, DISTRICT,WUXI, JIANGSU, CHINA, CN",,,,China,,SHANGHAI,CANG HAI PHONG,90181200,"'Máy siêu âm; Hiệu CHISON,sx năm 2023; Model:ECO5; Màn hình hiển thị chuyên dùng đi kèm máy,Hsx:CHISON MEDICAL TECHNOLOGIES CO., LTD.,Mới 100%. Hàng FOC,'Ultrasound machine; CHISON brand, produced in 2023; Model:ECO5; Specialized display screen comes with the machine, HSX: CHISON MEDICAL TECHNOLOGIES CO., LTD., 100% new. FOC goods",,1.0,Set,0.0,2800.0,071023JWLEM23091355,,
2023-10-13,印度,中国,KONICA MINOLTA HEALTHCARE INDIA PRIVATE LIMITED,SINO MEDICAL DEVICE TECHNOLOGY CO L,OFFICE NO.201 2ND FLOOR ATRIUM 2 ANDHERI KURLA ROAD CHAKALA ANDHERI EAST,,,,,CHINA,,,JNPT/ NHAVA SHEVA SEA,90181290,HIGH PRESSURE INJECTOR DUAL HEAD SINOPOWER-D - MEDICAL EQUIPMENT (APTA NO: 0123111700159523 DT.25.09.2023),,2.0,SET,0.0,10600.0,1088818,,
2023-10-13,乌兹别克斯坦,中国,OOO EQUIMED,SONOSCAPE MEDICAL COPR,,,,,,0,,,,9018120000,"1. Ultrasound diagnostic system model S50 with accesories / Система ультразвуковая цифровая цветная доплеровская модель S50 с принадлежностями, Кол-во; 1 шт, Новый 2023г не бывщий в употребления, Производитель: SONOSCAPE MEDICAL CORP (Китай) - кол. 1 шт, вес: 124 кг
2. мест 1, 1 дерев.ящик.
3. GLDU7531252/часть
8. 000
9. 024
10. 2023/Новый
11. 02
Общее кол. мест: 1",,1.0,Piece,124.0,24000.0,,,
2023-10-13,印度,中国,KONICA MINOLTA HEALTHCARE INDIA PRIVATE LIMITED,SINO MEDICAL DEVICE TECHNOLOGY CO L,OFFICE NO.201 2ND FLOOR ATRIUM 2 ANDHERI KURLA ROAD CHAKALA ANDHERI EAST,,,,,CHINA,,,JNPT/ NHAVA SHEVA SEA,90181290,HIGH PRESSURE INJECTOR SINGLE HEAD SINOPOWER-S - MEDICAL EQUIPMENT (APTA NO: 0123111700159523 DT.25.09.2023),,25.0,SET,0.0,57500.0,3640876,,
2023-10-13,乌兹别克斯坦,中国,Ч П INNOVATION MEDICAL SERVICE,XINJIANG QIANI QIANXUN TRADING CO LTD,,,,,,China,,,,9018120000,"1. Часть комплекта медицинского оборудования (Part of medical equipment set): 
Многопараметрический монитор пациента (Multi-parametr Patient Monitor) Модель : STAR8000E, 2 шт, в картонном коробке  - кол. 2 шт, вес: 3 кг
2. мест 2, 2 картон.короб.
3. HMMU9016190/часть
8. 000
9. 024
10. 2023/2022-23
11. 02
Общее кол. мест: 2",,2.0,Piece,3.0,11500.0,,,
2023-10-12,乌兹别克斯坦,中国,OOO EQUIMED,SONOSCAPE MEDICAL COPR,,,,,,0,,,,9018120000,"1. Portable Ultrasound diagnostic system model E3 with accesories /  Система ультразвуковая диагностическая портативная модель ""E3"" с принадлежностями Кол-во; 2 шт. Новый 2023 г, Производитель; SonoScape Medical Copr. (Китай) - кол. 2 шт, вес: 14 кг
2. мест 2, 2 картон.короб.
3. HPSU7772256/часть
8. 000
9. 024
10. 2023/Новый
11. 02
Общее кол. мест: 2",,2.0,Piece,14.0,20000.0,,,
2023-10-12,乌兹别克斯坦,中国,OOO EQUIMED,SONOSCAPE MEDICAL COPR,,,,,,0,,,,9018120000,"1. Ultrasound digital color Doppler ultrasound system model P12 Elite with accesories / Система ультразвуковая цифровая цветная допплеровская моделей Р12 Elite с принадлежностями, Кол-во; 1 шт. Новый 2023 г, Производитель; SonoScape Medical Copr. (Китай) - кол. 1 шт, вес: 60 кг
2. мест 1, 1 дерев.ящик.
3. HPSU7772256/часть
8. 000
9. 024
10. 2023/Новый
11. 02
Общее кол. мест: 1",,1.0,Piece,60.0,18000.0,,,
2023-10-12,乌兹别克斯坦,中国,OOO EQUIMED,SONOSCAPE MEDICAL COPR,,,,,,0,,,,9018120000,"1. Diagnostic Ultrasound System model S22 with accesories / Система ультразвуковая диагностическая модели S22 с принадлежностями. Кол-во; 2 шт. Новый 2023 г, Производитель; SonoScape Medical Copr. (Китай) - кол. 2 шт, вес: 120 кг
2. мест 2, 2 дерев.ящик.
3. HPSU7772256/часть
8. 000
9. 024
10. 2023/Новый
11. 02
Общее кол. мест: 2",,2.0,Piece,120.0,28000.0,,,
2023-10-12,乌兹别克斯坦,中国,OOO DOKTOR ABDUMALIK,DONG HAO TRADE LIMITED,,,,,,0,,,,9018120000,"1. Ультразвуковая диагностическая система с принадлнжностями Модель: S22 Производитель: Sonoscape Medical Corp. - кол. 1 шт, вес: 60 кг
2. мест 1, 1  часть спец.упаковка
8. 000
9. 024
10. 2023/Ультразвуковая диагностическая система с принадлнжностями
11. 02
Общее кол. мест: 1",,1.0,Piece,60.0,30000.0,,,
2023-10-12,乌兹别克斯坦,中国,SOG'LOM HAYOT,SONOSCAPE MEDICAL COPR,,,,,,0,,,,9018120000,"1. Color Doppler Ultrasound diagnostic system model P10 with accessories/ Cистема ультразвуковая диагностическая с цветным доплером модель P10 с принадлежностями- (Конвекс датчик, Линейный датчик, Вагинальный датчик): Кол-во; 1 шт. Производитель; ""SONOSCAPE MEDICAL CORP"" China  - кол. 1 шт, вес: 56 кг
2. мест 1, 1 дерев.ящик.
3. GLDU7531252/часть
8. 000
9. 024
10. 2023/Новый
11. 02
Общее кол. мест: 1",,1.0,Piece,56.0,18200.0,,,
2023-10-12,乌兹别克斯坦,中国,OOO DOKTOR ABDUMALIK,DONG HAO TRADE LIMITED,,,,,,0,,,,9018120000,"1. Ультразвуковая диагностическая система с принадлнжностями Модель: S50 Производитель: Sonoscape Medical Corp. - кол. 1 шт, вес: 120 кг
2. мест 1, 1  часть спец.упаковка
8. 000
9. 024
10. 2023/Ультразвуковая диагностическая система с принадлнжностями
11. 02
Общее кол. мест: 1",,1.0,Piece,120.0,35000.0,,,
2023-10-11,乌兹别克斯坦,中国,ООО AZZA MED,CHISON MEDICAL TECHNOLOGIES CO LTD,,,,,,0,,,,9018120000,"1. Медицинское оборудование: Система ультразвуковая цифровая цветная допплеровская  c принадлежностями, модель:""Свit 10"" в разобранном виде, новое 2023г выпуска. Производитель: CHISON Medical Technologies Co., Ltd/Китай/China-Вес 86 кг.  Кол. 1 шт 
2. Всего мест-1 (1 кар.коробка)
3. Контейнеров 1шт. GESU5691487
8. Код инвестиционных проектов:000
9. Код основных сфер 001
10. 2023 г. / Медицинское оборудование: Система ультразвуковая цифровая цветная допплеровская  c принадлежностями, модель:",,1.0,Piece,86.0,15500.0,,,
2023-10-11,乌兹别克斯坦,中国,ООО AZZA MED,CHISON MEDICAL TECHNOLOGIES CO LTD,,,,,,0,,,,9018120000,"1. Медицинское оборудование: Система ультразвуковая цифровая цветная допплеровская  c принадлежностями , модель: ""Свit 4"". в разобранном виде, новое 2023г выпуска. Производитель: CHISON Medical Technologies Co., Ltd/Китай/China-Вес 258 кг.  Кол. 3 шт 
2. Всего мест-3 (3 кар.коробка)
3. Контейнеров 1шт. GESU5691487
8. Код инвестиционных проектов:000
9. Код основных сфер 001
10. 2023 г. / Медицинское оборудование: Система ультразвуковая цифровая цветная допплеровская  c принадлежностями , мод",,3.0,Piece,258.0,31500.0,,,
2023-10-11,乌兹别克斯坦,中国,ООО MEDICAL MARKETING GROUP,HANS E TECHNOLOGY CO LTD,,,,,,0,,,,9018120000,"1) Ultrasonic Diagnostic System, model: Clover 60 / Ультразвуковая диагностическая система Clover 60 - 1 комп., Оборудования новое и не имеет следов эксплуатации 2023г., Пр-во SHENZHEN WISONIC MEDICAL TECHNOLOGY CO., LTD Китай:
 вес: 20 кг, кол. 1 шт;
2) Вид и количество упаковки:1 карт.короб;
;
8) Код инвестпрограммы:000;
9) Код технологического оборудования:024;
10) Год изготовления и технические параметры:2023/220 V;
11) Признак госзакупок:02;",,1.0,Piece,20.0,13825.0,,,
2023-10-11,印度,中国,MEDIMART MEDICAL SYSTEMS PRIVATE LIMITED,SZ HUGEMED MED TECH DEV CO LTD,NO 9 PILLAYAR KOIL STREET RAMAPURAM MAIN ROAD KAIKANKUPPAM VALASARAVAKKAM  TAMILNADU,,,,,CHINA,,,CHENNAI AIR,90181290,"SINGLE USE VIDEO URETEROSCOPE SYSTEM COMPLETE SET- HU30S, US& IMAGE PROCESSOR, HUV-01,EU (MEDICAL PARTS) (235 NOS)",,20.0,SET,0.0,60000.0,0333747,,
2023-10-11,乌兹别克斯坦,中国,SPECIAL TRADE STA LLC,URUMQI PERFECT INTERNATIONAL TRADING CO LTD,,,,,,0,,,,9018120000,"1. Ультразвуковое сканирующее оборудование УЗИ. Уложено в 1 место,  в количестве 1 штук. Модель: Samsung HS40. без серии номера Новый 2023 года выпуска (в соответствии с сертификатом качества товаропроизводителя). Изготовитель: Китайское предприятие. Shenzhen Mindray Bio-Medical Electronics Co.LTD.-Вес 98 кг.  Кол. 1 шт 
2. Всего мест-1 (1 мест)
3. Контейнеров 1шт. TGHU9311340
8. Код инвестиционных проектов:000
9. Код основных сфер 024
10. 2023 г. / новый
11. Код государственных закупок 02",,1.0,Piece,98.0,40000.0,,,
2023-10-11,乌兹别克斯坦,中国,ООО AZZA MED,CHISON MEDICAL TECHNOLOGIES CO LTD,,,,,,0,,,,9018120000,"1. Медицинское оборудование: Система ультразвуковая цифровая цветная допплеровская  с принадлежностями, модель:""Ebit 60"" в разобранном виде, новое 2023г выпуска. Производитель: CHISON Medical Technologies Co., Ltd/Китай/China-Вес 16,5 кг.  Кол. 1 шт 
2. Всего мест-1 (1 кар.коробка)
3. Контейнеров 1шт. GESU5691487
8. Код инвестиционных проектов:000
9. Код основных сфер 001
10. 2023 г. / Медицинское оборудование: Система ультразвуковая цифровая цветная допплеровская  с принадлежностями, модел",,1.0,Piece,16.5,6000.0,,,
2023-10-11,乌兹别克斯坦,中国,ООО AZZA MED,CHISON MEDICAL TECHNOLOGIES CO LTD,,,,,,0,,,,9018120000,"1. Медицинское оборудование: Система ультразвуковая цифровая цветная допплеровская c принадлежностями, модель: ""СВit8"". в разобранном виде, новое 2023г выпуска. Производитель: CHISON Medical Technologies Co., Ltd/Китай/China-Вес 100 кг.  Кол. 1 шт 
2. Всего мест-1 (1 кар.коробка)
3. Контейнеров 1шт. GESU5691487
8. Код инвестиционных проектов:000
9. Код основных сфер 001
10. 2023 г. / Медицинское оборудование: Система ультразвуковая цифровая цветная допплеровская c принадлежностями, модель:",,1.0,Piece,100.0,12500.0,,,
2023-10-10,乌兹别克斯坦,中国,OOO HITECH ORIENT MEDBUSINESS,WUHAN ZONCARE BIO MEDICAL ELECTRONICS CO LTD,,,,,,0,,,,9018120000,"1. Портативный Система ультразвуковая диагностика модель Zoncare М5 с принадлежностями. В комплектацию входит:Конвекс датчик, Трансвагинал датчик,Тележка,Сумка. Предназначена для ультразвукового сканирования и исследования организма человека..Регистр.Удос № ТТ/Х 03721/07/20, c/н:H3294311CTO16N0001. Новое 2023г. Производитель:WUHAN ZONCARE BIO-MEDICAL ELECTRONICS CO.,LTD, Китай - кол. 1 шт, вес: 25 кг
2. мест 3, 3 картон.короб.
3. RSTU5503909/часть
6. /коды № H3294311CTO16N0001/
8. 000
9. 024
10",,1.0,Piece,25.0,3975.0,,,
2023-10-10,乌兹别克斯坦,中国,OOO HITECH ORIENT MEDBUSINESS,WUHAN ZONCARE BIO MEDICAL ELECTRONICS CO LTD,,,,,,0,,,,9018120000,"1. Портативный Система ультразвуковая диагностика модель Zoncare М5 с принадлежностями. В комплектацию входит:Конвекс датчик,кардио датчик,Тележка,Сумка. Предназначена для ультразвукового сканирования и исследования организма человека..Регистр.Удос № ТТ/Х 03721/07/20, c/н:H3294311CTO16N0002. Новое 2023г. Производитель:WUHAN ZONCARE BIO-MEDICAL ELECTRONICS CO.,LTD, Китай - кол. 1 шт, вес: 25 кг
2. мест 3, 3 картон.короб.
3. RSTU5503909/часть
6. /коды № H3294311CTO16N0002/
8. 000
9. 024
10. 2023/",,1.0,Piece,25.0,4350.0,,,
2023-10-10,乌兹别克斯坦,中国,OOO HITECH ORIENT MEDBUSINESS,WUHAN ZONCARE BIO MEDICAL ELECTRONICS CO LTD,,,,,,0,,,,9018120000,"1. Система ультразвуковая диагностика модель Zoncare Q3 с принадлежностями. В компелкте: Конвекс датчик, Трансвагинал датчик. Предназначена для ультразвукового сканирования и исследования организма человека..Регистр.Удос № ТТ/Х 03721/07/20, c/н:Н3294551CTO25N0006,Н3294551CTO25N0007. Новое 2023г. Производитель:WUHAN ZONCARE BIO-MEDICAL ELECTRONICS CO.,LTD Китай - кол. 2 шт, вес: 120 кг
2. мест 2, 2 дерев.ящик.
3. RSTU5503909/часть
6. /коды № Н3294551CTO25N0006, Н3294551CTO25N0007/
8. 000
9. 024",,2.0,Piece,120.0,10275.0,,,
2023-10-10,乌兹别克斯坦,中国,OOO HITECH ORIENT MEDBUSINESS,WUHAN ZONCARE BIO MEDICAL ELECTRONICS CO LTD,,,,,,0,,,,9018120000,"1. Система ультразвуковая диагностика модель Zoncare Q3 с принадлежностями. В комплекте: Конвекс датчик, линейный датчик.Предназначена для ультразвукового сканирования и исследования организма человека..Регистр.Удос № ТТ/Х 03721/07/20, c/н:Н3294551CTO25N0001,Н3294551CTO25N0002,Н3294551CTO25N0003,Н3294551CTO25N0004Н3294551CTO25N0005. Новое 2023г. Производитель:WUHAN ZONCARE BIO-MEDICAL ELECTRONICS CO.,LTD Китай - кол. 5 шт, вес: 300 кг
2. мест 5, 5 дерев.ящик.
3. RSTU5503909/часть
6. /коды № Н32",,5.0,Piece,300.0,27237.5,,,
2023-10-09,乌兹别克斯坦,中国,ООО SANO PRIMUS,SONOSCAPE MEDICAL CORP ZOE,,,,,,0,,,,9018120000,"1. Ultrasonic Transducer / Фазированный (кардиологический) датчик модель: S1-5. Серийный № E122813152, Год выпуска - 2023. часть аппарат Узи (Система ультразвуковая цифровая цветная доплеровская модель S50 Elite) Кол-во: 1 шт. Производитель: SONOSCAPE MEDICAL CORP. Китай. - кол. 1 шт, вес: 1,7 кг
2. мест 1, 1 спец.упаковка
8. 000
9. 000
10. 2023/S1-5
11. 02
Общее кол. мест: 1",,1.0,Piece,1.7,3300.0,,,
2023-10-06,印度,中国,KONICA MINOLTA HEALTHCARE INDIA PRIVATE LIMITED,CHISON MEDICAL TECHNOLOGIES CO LIMITED,OFFICE NO.201 2ND FLOOR ATRIUM 2 ANDHERI KURLA ROAD CHAKALA ANDHERI EAST,,,,,CHINA,,,JNPT/ NHAVA SHEVA SEA,90181290,AEROSCAN B/W ULTRASOUND SYSTEM MODEL B1 PRO (MEDICAL EQUIPMENT) (APTA CERT NO. B232405081537005 DT 23.09.2023),,20.0,SET,0.0,14000.0,2657547,,
2023-10-06,印度,中国,GENIQUE MEDCROP PRIVATE LIMITED,WUZHOU AOKACE TECHNOLOGY CO LIMITED,,,,,,CHINA,,,PATPARGANJ ICD,90181290,SPARE PARTS FOR MEDICAL EQUIPMENT AGS-PL100 LOGO CUSTOMIZED,,31.0,PCS,0.0,1798.0,3678401,,
2023-10-06,印度,中国,GENIQUE MEDCROP PRIVATE LIMITED,WUZHOU AOKACE TECHNOLOGY CO LIMITED,,,,,,CHINA,,,PATPARGANJ ICD,90181290,SPARE PARTS FOR MEDICAL EQUIPMENT AGM-P1 LOGO CUSTOMIZED+18MM COUPLER,,25.0,PCS,0.0,10500.0,4551236,,
2023-10-06,印度,中国,KONICA MINOLTA HEALTHCARE INDIA PRIVATE LIMITED,CHISON MEDICAL TECHNOLOGIES CO LIMITED,OFFICE NO.201 2ND FLOOR ATRIUM 2 ANDHERI KURLA ROAD CHAKALA ANDHERI EAST,,,,,CHINA,,,JNPT/ NHAVA SHEVA SEA,90181290,C3-A CONVEX PROBE (MEDICAL EQUIPMENT) (APTA CERT NO. B232405081537005 DT 23.09.2023),,10.0,SET,0.0,8000.0,8185565,,
2023-10-06,印度,中国,GENIQUE MEDCROP PRIVATE LIMITED,WUZHOU AOKACE TECHNOLOGY CO LIMITED,,,,,,CHINA,,,PATPARGANJ ICD,90181290,SPARE PARTS FOR MEDICAL EQUIPMENT AGM HD1 1080P ENDOSCOPE LOGO CUSTOMIZED (22MM COUPLER),,26.0,PCS,0.0,33072.0,8631845,,
2023-10-06,印度,中国,KONICA MINOLTA HEALTHCARE INDIA PRIVATE LIMITED,CHISON MEDICAL TECHNOLOGIES CO LIMITED,OFFICE NO.201 2ND FLOOR ATRIUM 2 ANDHERI KURLA ROAD CHAKALA ANDHERI EAST,,,,,CHINA,,,JNPT/ NHAVA SHEVA SEA,90181290,TRANSVAGINAL PROBE V6-A FOR ECO1/ECO2/ECO6 (MEDICAL EQUIPMENT) (APTA CERT NO. B232405081537005 DT 23.09.2023),,3.0,SET,0.0,2400.0,6532006,,
2023-10-06,印度,中国,GENIQUE MEDCROP PRIVATE LIMITED,WUZHOU AOKACE TECHNOLOGY CO LIMITED,,,,,,CHINA,,,PATPARGANJ ICD,90181290,SPARE PARTS FOR MEDICAL EQUIPMENT 4*3000MM WOLF FIBER CABLE,,20.0,PCS,0.0,1140.0,3202558,,
2023-10-06,乌兹别克斯坦,中国,ООО ВАYMED INNOVАTION,PERLONG MEDICAL EQUIPMENT CO LTD,,,,,,0,,,,9018120000,"1. Система ультразвуковая диагностическая с принадлежностями. Модель: Zoncare Q3. Ultrasonic diagnostic system with accessories. Model: Zoncare Q3. Производитель WUHAN ZONCARE BIO-MEDICAL ELECTRONICS CO.,LTD. Китай. - кол. 4 шт, вес: 400 кг
2. мест 4, дерев.ящик.
8. 000
9. 024
10. 2023/Он сочетает в себе один 8,4-дюймовый сенсорный экран и 15-дюймовый светодиодный монитор.
Формирователь луча способен одновременно фокусировать принимаемые ультразвуковые сигналы 
от 2 МГц до 15 МГц с одинаковой",,4.0,Piece,400.0,29740.0,,,
2023-10-06,印度,中国,KONICA MINOLTA HEALTHCARE INDIA PRIVATE LIMITED,CHISON MEDICAL TECHNOLOGIES CO LIMITED,OFFICE NO.201 2ND FLOOR ATRIUM 2 ANDHERI KURLA ROAD CHAKALA ANDHERI EAST,,,,,CHINA,,,JNPT/ NHAVA SHEVA SEA,90181290,MC3-A MICRO CONVEX PROBE (MEDICAL EQUIPMENT) (APTA CERT NO.B232405081537005 DT 23.09.2023),,1.0,SET,0.0,800.0,8241074,,
2023-10-06,印度,中国,KONICA MINOLTA HEALTHCARE INDIA PRIVATE LIMITED,CHISON MEDICAL TECHNOLOGIES CO LIMITED,OFFICE NO.201 2ND FLOOR ATRIUM 2 ANDHERI KURLA ROAD CHAKALA ANDHERI EAST,,,,,CHINA,,,JNPT/ NHAVA SHEVA SEA,90181290,MC6-A MICRO CONVEX PROBE (MEDICAL EQUIPMENT) (APTA CERT NO.B232405081537005 DT 23.09.2023),,6.0,SET,0.0,4800.0,1861003,,
2023-10-06,印度,中国,GENIQUE MEDCROP PRIVATE LIMITED,WUZHOU AOKACE TECHNOLOGY CO LIMITED,,,,,,CHINA,,,PATPARGANJ ICD,90181290,SPARE PARTS FOR MEDICAL EQUIPMENT AGS210 LOGO CUSTOMIZED,,31.0,PCS,0.0,8990.0,7817842,,
2023-10-06,印度,中国,GENIQUE MEDCROP PRIVATE LIMITED,WUZHOU AOKACE TECHNOLOGY CO LIMITED,,,,,,CHINA,,,PATPARGANJ ICD,90181290,SPARE PARTS FOR MEDICAL EQUIPMENT AGM-HD3 LOGO CUSTOMIZED,,5.0,PCS,0.0,15000.0,4014164,,
2023-10-05,乌兹别克斯坦,中国,OOO BARUNMED,SHENZHEN EMPEROR ELECTRONIC TECHNOLOGY CO LTD,,,,,,0,,,,9018120000,"1. Новый медицинский ультразвуковой диагностический аппарат (УЗИ) модель G76 c принадлежностями в кол.-1комплект. , новая 2023г.в., сер. № 47023006WSD,  производитель: SHENZHEN EMPEROR ELECTRONIC TECHNOLOGY CO., LTD. -Китай. - кол. 1 шт, вес: 85 кг
2. мест 1, 1 дерев.ящик.
8. 000
9. 024
10. 2023/
11. 02
Общее кол. мест: 1",,1.0,Piece,85.0,14210.0,,,
2023-10-05,乌兹别克斯坦,中国,OOO BARUNMED,SHENZHEN EMPEROR ELECTRONIC TECHNOLOGY CO LTD,,,,,,0,,,,9018120000,"1. Новый медицинский ультразвуковой диагностический сканер модель G30 c принадлежностями в кол.-1комплект. , новая 2023г.в., сер. № 35523086WD,  производитель: SHENZHEN EMPEROR ELECTRONIC TECHNOLOGY CO., LTD. -Китай.  - кол. 1 шт, вес: 6,5 кг
2. мест 1, 1 картон.короб.
8. 000
9. 024
10. 2023/
11. 02
Общее кол. мест: 1",,1.0,Piece,6.5,6686.0,,,
2023-10-04,乌兹别克斯坦,中国,OOO ABDURAXMON MALXAM,MR GLOBAL HK LIMITED,,,,,,0,,,,9018120000,"1) Digital Ultrasound Diagnostic Imaging System DC-70 with accessories / Ультразвуковая диагностическая система DC-70 в комплекте с
принадлежностями, новый, 2023 год выпуска, сер.№CJ1-38003612,CJ1-38003613, производитель Shenzhen Mindray Bio-Medical Electronics Co., Ltd (Китай):
 вес: 193,24 кг, кол. 2 шт;
2) Вид и количество упаковки:4 коробка+палет;
8) Код инвестпрограммы:000;
9) Код технологического оборудования:024;
10) Год изготовления и технические параметры:2023/Напряжение 220V, час",,2.0,Piece,193.24,60000.0,,,
2023-10-03,越南,中国,CÔNG TY TNHH XUẤT NHẬP KHẨU Y TẾ THĂNG LONG,CHISON MEDICAL TECHNOLOGIES CO LTD,"Lot 20-Bt8 Van Quan Urban Area, Van Quan Ward, Ha Dong District, Hanoi City","NO.9, XINHUIHUAN ROAD, XINWU DISTRICT, WUXI, JIANGSU, CHINA 214028, CN",,,,China,,SHENZHEN,HA NOI,90181200,"Máy siêu âm màu kỹ thuật số,chủng loại: ECO1, gồm  1 đầu dò Micro-Curved Array MC6-A, dùng để thăm khám bằng sóng siêu âm, hsx: CHISON MEDICAL TECHNOLOGIES CO.,LTD,mới 100%,Digital color ultrasound machine, type: ECO1, including 1 Micro-Curved Array MC6-A probe, used for ultrasound examination, manufacturer: CHISON MEDICAL TECHNOLOGIES CO.,LTD, 100% new",,8.0,Set,0.0,11600.0,SH20230927,,
2023-10-03,越南,中国,CÔNG TY TNHH XUẤT NHẬP KHẨU Y TẾ THĂNG LONG,CHISON MEDICAL TECHNOLOGIES CO LTD,"Lot 20-Bt8 Van Quan Urban Area, Van Quan Ward, Ha Dong District, Hanoi City","NO.9, XINHUIHUAN ROAD, XINWU DISTRICT, WUXI, JIANGSU, CHINA 214028, CN",,,,China,,SHENZHEN,HA NOI,90181200,"Máy siêu âm màu kỹ thuật số, loại:ECO1, gồm 3 đầu dò: Linear Array L7M-A,Micro-Curved Array MC6-A,Trans-vaginal Array V6-A dùng để thăm khám bằng sóng siêu âm,hsx:CHISON MEDICAL TECHNOLOGIES, mới 100%,Digital color ultrasound machine, type: ECO1, includes 3 probes: Linear Array L7M-A, Micro-Curved Array MC6-A, Trans-vaginal Array V6-A used for ultrasound examination, hsx: CHISON MEDICAL TECHNOLOGIES, 100% new",,2.0,Set,0.0,6200.0,SH20230927,,
2023-10-03,乌兹别克斯坦,中国,OOO DOKTOR ABDUMALIK,DONG HAO TRADE LIMITED,,,,,,0,,,,9018120000,"1. УЗИ стационарный с цветным Доплером (С принадлежностями) S50 Производитель: Sonoscape Medical Corp - кол. 1 шт, вес: 120 кг
2. мест 1, 1  часть спец.упаковка
8. 000
9. 024
10. 2023/УЗИ стационарный с цветным Доплером
11. 02
Общее кол. мест: 1",,1.0,Piece,120.0,35000.0,,,
2023-10-03,乌兹别克斯坦,中国,OOO DOKTOR ABDUMALIK,DONG HAO TRADE LIMITED,,,,,,0,,,,9018120000,"1. УЗИ стационарный с цветным Доплером (С принадлежностями) P40 Elite  Производитель: Sonoscape Medical Corp - кол. 1 шт, вес: 84 кг
2. мест 1, 1  часть спец.упаковка
8. 000
9. 024
10. 2023/УЗИ стационарный с цветным Доплером
11. 02
Общее кол. мест: 1",,1.0,Piece,84.0,40000.0,,,
2023-10-03,乌兹别克斯坦,中国,OOO DOKTOR ABDUMALIK,DONG HAO TRADE LIMITED,,,,,,0,,,,9018120000,"1. УЗИ стационарный с цветным Доплером (С принадлежностями) S60 Производитель: Sonoscape Medical Corp - кол. 1 шт, вес: 120 кг
2. мест 1, 1  часть спец.упаковка
8. 000
9. 024
10. 2023/УЗИ стационарный с цветным Доплером
11. 02
Общее кол. мест: 1",,1.0,Piece,120.0,45000.0,,,
2023-10-02,越南,中国,CÔNG TY CỔ PHẦN THIẾT BỊ Y TẾ VIỆT HÀN,SHENZHEN EMPEROR ELECTRONIC TECHNOLOGY CO LTD,"Group 11, Yen Nghia Ward, Ha Dong District, Hanoi City","11/F, ZHIYAN INNOVATION BUILDING 1, TIANLIAO COMMUNITY YUTANG STREET, GUANGMING DISTRICT, SHENZHEN, CHINA, CN",,,,China,,OTHER,HA NOI,90181200,"Máy siêu âm chẩn đoán kỹ thuật số, Model: N2, danh sách phụ kiện đi kèm, dùng trong y tế. Hãng sản xuất: Shenzhen Emperor Electronic Technology Co., Ltd. Hàng mới 100%.,Digital diagnostic ultrasound machine, Model: N2, list of accompanying accessories, for medical use. Manufacturer: Shenzhen Emperor Electronic Technology Co., Ltd. New 100%.",,2.0,Set,0.0,4000.0,773502094531,,
2023-10-01,乌兹别克斯坦,中国,ООО AZZA MED,CHISON MEDICAL TECHNOLOGIES CO LTD,,,,,,0,,,,9018120000,"1. Медицинское Оборудование: Система ультразвуковая диагностическая с цветным доплером,  модель: ""QBit 9"" с принадлежностями, новая 2023 год вып, Производитель: CHISON Medical Technologies Co., Ltd /Китай-Вес 258 кг.  Кол. 3 шт 
2. Всего мест-3 (3 дерев. ящик)
3. Контейнеров 1шт. FCIU8471645
8. Код инвестиционных проектов:000
9. Код основных сфер 001
10. 2023 г. / Медицинское Оборудование: Система ультразвуковая диагностическая с цветным доплером,  модель: ""QBit 9"" с принадлежностями, новая",,3.0,Piece,258.0,22500.0,,,
2023-09-29,乌兹别克斯坦,中国,OOO EQUIMED,SONOSCAPE MEDICAL CORP,,,,,,0,,,,9018120000,"1. Ultrasound diagnostic system model S50 Elite with accesories / Система ультразвуковая цифровая цветная доплеровская модель S50 Elite с принадлежностями, Кол-во; 1 шт, Новый 2023г не бывщий в употребления, Производитель: SONOSCAPE MEDICAL CORP (Китай) - кол. 1 шт, вес: 120 кг
2. мест 1, 1 дерев.ящик.
8. 000
9. 024
10. 2023/Новый
11. 02
Общее кол. мест: 1",,1.0,Piece,120.0,30000.0,,,
2023-09-28,印度,中国,KORRIDA MEDICAL SYSTEMS,SHENZHEN LE MEDICAL TECHNOLOGY CO LTD,"376,1ST FLOOR, RANUNADHAM SOCIETY,  BOMBEY MARKET TO PUNA ROAD",,,,,CHINA ,,Shekou,NHAVA SHEVA SEA (INNSA1),90181290,TABLE OXIMETER TM-5100 ( INVOICE NO - LE MEDICAL-20220901),,600.0,NOS ,0.0,36000.0,KSPVTVYAZZJ3C,,
2023-09-27,印度,中国,NARAYAN INDUSTRIES,CONTEC MEDICAL SYSTEMS CO LTD,"6, STAR LANE,  ",,,,,CHINA ,,Nanning,KOLKATA ACC (INCCU4),90181290,"POCKET FETAL DOPPLER, MODEL: CONTEC10B ( MEDICAL EQUIPMENT WITH STANDARD ACCESSORIES)",,600.0,NOS ,0.0,9000.0,DL8JX75EAHW9E,,
2023-09-27,乌兹别克斯坦,中国,OOO HITECH ORIENT MEDBUSINESS,WUHAN ZONCARE BIOMEDICAL ELECTRONICS CO LTD,,,,,,0,,,,9018120000,"1. Портативный Система ультразвуковая диагностика модель Zoncare М5 с принадлежностями. В комплектацию входит:Конвекс датчик,Линейний датчик,Тележка,Сумка. Предназначена для ультразвукового сканирования и исследования организма человека..Регистр.Удос № ТТ/Х 03721/07/20, c/н:G32943114CTOXN0005,G32943114CTOXN0006,G32943114CTOXN0007,G32943114CTOXN0008 Новое 2023г. Производитель:WUHAN ZONCARE BIO-MEDICAL ELECTRONICS CO.,LTD, Китай - кол. 4 шт, вес: 96 кг
2. мест 8, 8 картон.короб.
3. SERU1001370/ча",,4.0,Piece,96.0,15900.0,,,
2023-09-27,乌兹别克斯坦,中国,OOO HITECH ORIENT MEDBUSINESS,WUHAN ZONCARE BIOMEDICAL ELECTRONICS CO LTD,,,,,,0,,,,9018120000,"1. Система ультразвуковая диагностика модель Zoncare ViV20  с принадлежностями. В комплектацию входит:Конвекс датчик,трансвагинал датчик. Предназначена для ультразвукового сканирования и исследования организма человека.c/н:G3294171CTO08N0001.Рег.Удос:ТТ/Х 06053/02/23, Новое 2023г.Производитель:WUHAN ZONCARE BIO-MEDICAL ELECTRONICS CO.,LTD Китай. - кол. 1 шт, вес: 68 кг
2. мест 1, 1 дерев.ящик.
3. SERU1001370/часть
6. /коды № G3294171CTO08N0001/
8. 000
9. 024
10. 2023/100V-240V, 50Hz/60Hz, 420VA",,1.0,Piece,68.0,6987.5,,,
2023-09-27,印度,中国,NARAYAN INDUSTRIES,CONTEC MEDICAL SYSTEMS CO LTD,"6, STAR LANE,  ",,,,,CHINA ,,Nanning,KOLKATA ACC (INCCU4),90181290,"ELECTROCARDIOGRAPH, MODEL: ECG1200G ( MEDICAL EQUIPMENT WITHSTANDARD ACCESSORIES)",,10.0,NOS ,0.0,3600.0,DL8JX75EAHW9E,,
2023-09-27,乌兹别克斯坦,中国,OOO HITECH ORIENT MEDBUSINESS,WUHAN ZONCARE BIOMEDICAL ELECTRONICS CO LTD,,,,,,0,,,,9018120000,"1. Портативный система ультразвуковая диагностика модель Zoncare М30 с принадлежностями.В комплектацию входит:Конвекс датчик,Трансвагинальная датчик. Тележка, сумка.Предназначена для ультразвукового сканирования и исследования организма человека.c/н:G32940714CTOXN0001. Новое 2023г. Производитель: WUHAN ZONCARE BIO-MEDICAL ELECTRONICS CO.,LTD Китай - кол. 1 шт, вес: 22,5 кг
2. мест 2, 2 картон.короб.
3. SERU1001370/часть
6. /коды № G32940714CTOXN0001/
8. 000
9. 024
10. 2023/100V-240V, 50Hz/60Hz,",,1.0,Piece,22.5,5837.5,,,
2023-09-27,印度,中国,NARAYAN INDUSTRIES,CONTEC MEDICAL SYSTEMS CO LTD,"6, STAR LANE,  ",,,,,CHINA ,,Nanning,KOLKATA ACC (INCCU4),90181290,"PATIENT MONITOR, MODEL: CMS8000 ( MEDICAL EQUIPMENT WITH STANDARD ACCESSORIES)",,2.0,NOS ,0.0,2476.0,DL8JX75EAHW9E,,
2023-09-26,乌兹别克斯坦,中国,OOO DOKTOR ABDUMALIK,DONG HAO TRADE LIMITED,,,,,,0,,,,9018120000,"1. УЗИ стационарный с цветным Доплером S22 Производитель: Sonoscape Medical Corp. - кол. 1 шт, вес: 60 кг
2. мест 1, 1  часть дерев.ящик.
8. 000
9. 024
10. 2023/УЗИ стационарный с цветным Доплером
11. 02
Общее кол. мест: 1",,1.0,Piece,60.0,30000.0,,,
2023-09-25,乌兹别克斯坦,中国,ООО FORTEK,CHISON MEDICAL TECHNOLOGIES CO LTD КИТАЙ,,,,,,0,,,,9018120000,"1) Система ультразвуковая диагностическая с цветным доплером модели Qbit 9 с принадлежностями / в компл./Digital Color Doppler Ultrasound System Qbit 9 (set)/Новый,2023г.в./Сер№122101168/Пр-ль.:""CHISON Medical Technologies Co., Ltd"", Китай/C функцией эластографии, расширенным кардиопакетом (CW, Free Steering M, Color M, TDI), IMT, Stress echo, Super Needle, Virtual HD, ECG Function, Curved Panoramic Imaging, поддержка передачи Dicom 3.0, 2D steer, SonoCrystal, ножной выключатель. В комплект пост",,1.0,Piece,83.9,14150.0,,,
2023-09-25,乌兹别克斯坦,中国,ООО FORTEK,CHISON MEDICAL TECHNOLOGIES CO LTD КИТАЙ,,,,,,0,,,,9018120000,"1) Система ультразвуковая цифровая цветная допплеровская модели EBit 30 с принадлежностями/Digital Color Doppler Ultrasound System EBit 30 (set)/в компл./Новый,2023г.в./Сер№122090517, 123030637, 123061396, 122120230, 123061282/Пр-ль.:""CHISON Medical Technologies Co., Ltd"", Китай/C функцией эластографии, Curved Panoramic Imaging, 2D steer, Super Needle, поддержка передачи Dicom 3.0, Triplex. В комплект поставки помимо основного блока прибора также входят: - 3.5MHz конвексный датчик C3-E / 3.5MHz",,5.0,Piece,98.3,25750.0,,,
2023-09-25,乌兹别克斯坦,中国,ООО TRUST MEDICAL EQUIPMENT,SONOSCAPE MEDICAL CORP,,,,,,0,,,,9018120000,"1. P9 Elite Color Doppler Diagnostic Ultrasound System - 21.5"" High Resolution Medical Monitor With Wifi Module, Linear array L741, Convex array 3C-A.  P9 Elite Color Doppler Diagnostic Ultrasound System - 21.5"" High Resolution Medical Monitor With Wifi Module, Linear array L741, Convex array 3C-A, Micro-convex array C613, Система  ультразвуковая цифравая цветная допплеровская система модель ""P9 Elite""-3 шт, с принадлежностями. Производитель: ""SONOSCAPE MEDICAL CORP"". Произвидено: 2023г.  - кол",,3.0,Piece,204.0,17250.0,,,
2023-09-25,乌兹别克斯坦,中国,ООО FORTEK,CHISON MEDICAL TECHNOLOGIES CO LTD КИТАЙ,,,,,,0,,,,9018120000,"1) Система ультразвуковая диагностическая с цветным доплером модели Qbit 9 с принадлежностями / Digital Color Doppler Ultrasound System Qbit 9 (set)/в компл./Новый,2023/Сер№122081119, 122101191, 122081122, 122101201/Пр-ль.:""CHISON Medical Technologies Co., Ltd"", Китай/C функцией эластографии, расширенным кардиопакетом (CW, Free Steering M, Color M, TDI), IMT, Stress echo, Super Needle, ECG Function, Curved Panoramic Imaging, поддержка передачи Dicom 3.0, 2D steer, ножной выключатель. В комплект",,4.0,Piece,329.3,38600.0,,,
2023-09-25,印度,中国,MINDRAY MEDICAL INDIA PVT LTD,MR GLOBAL HK LIMITED,"UNIT NO 1061 SOLITAIRE BLDG NO 10,  6TH FLR SOLITAIRE CORPORATE PARK",,,,,CHINA ,,Hong Kong,SAHAR AIR CARGO ACC (INBOM4),90181290,2138B-PA00084 M6 M6 PORTABLE DIAGNOSTIC ULTRASOUND SYSTEM(FOR MEDICAL USE),,1.0,NOS ,0.0,4025.45,AQDI6RIEEV4NO,,
2023-09-25,乌兹别克斯坦,中国,OOO EQUIMED,SONOSCAPE MEDICAL CORP,,,,,,0,,,,9018120000,"1. Ultrasound diagnostic system model S50 Elite with accesories / Система ультразвуковая цифровая цветная доплеровская модель S50 Elite с принадлежностями, Кол-во; 1 шт, Новый 2023г не бывщий в употребления, Производитель: SONOSCAPE MEDICAL CORP (Китай) - кол. 1 шт, вес: 120 кг
2. мест 1, 1 дерев.ящик.
8. 000
9. 024
10. 2023/Новый
11. 02
Общее кол. мест: 1",,1.0,Piece,120.0,30000.0,,,
2023-09-23,乌兹别克斯坦,中国,ООО AZZA MED,CHISON MEDICAL TECHNOLOGIES CO LTD,,,,,,0,,,,9018120000,"1. Медицинское оборудование: Система ультразвуковая цифровая цветная допплеровская   ""Свit 10""  с принадлежностями, модель:  ""Свit 10"" . в разобранном виде, новое 2023г выпуска. Производитель: CHISON Medical Technologies Co., Ltd/Китай/China-Вес 172 кг.  Кол. 2 шт 
2. Всего мест-2 (2 кар.коробка)
8. Код инвестиционных проектов:000
9. Код основных сфер 001
10. 2023 г. / Медицинское оборудование: Система ультразвуковая цифровая цветная допплеровская   ""Свit 10""  с принадлежностями, модель:  ""С",,2.0,Piece,172.0,31000.0,,,
2023-09-23,乌兹别克斯坦,中国,ООО AZZA MED,CHISON MEDICAL TECHNOLOGIES CO LTD,,,,,,0,,,,9018120000,"1. Медицинское оборудование: Система ультразвуковая цифровая цветная допплеровская  ""СВit8""  с принадлежностями, модель:  ""СВit8"" . в разобранном виде, новое 2023г выпуска. Производитель: CHISON Medical Technologies Co., Ltd/Китай/China-Вес 200 кг.  Кол. 2 шт 
2. Всего мест-2 (2 кар.коробка)
8. Код инвестиционных проектов:000
9. Код основных сфер 001
10. 2023 г. / Медицинское оборудование: Система ультразвуковая цифровая цветная допплеровская  ""СВit8""  с принадлежностями, модель:  ""СВit8"" .",,2.0,Piece,200.0,25000.0,,,
2023-09-23,印度,中国,TECHNOCARE MEDISYSTEMS,SHENZHEN LE MEDICAL TECHNOLOGY CO LTD,"SHOP NO. 1310-1311,,NEW BOMBAY MAR  KET, UMARWADA",,,,,CHINA ,,Hong Kong,SAHAR AIR CARGO ACC (INBOM4),90181290,CARDIAC MONITOR ( INVOICE NO - LE medical-20230917 ),,100.0,NOS ,0.0,25000.0,S57A6WR0PTUCW,,
2023-09-22,菲律宾,中国,RDMA MEDICAL EQUIPMENT REPAIR AND,SONOSCAPE MEDICAL CORP,,,,,,CHINA,,,,90181200000,3 PACKAGES DISASSEMBLED ULTRASONIC MACHINE  (BRAND: SONOSCOPE MEDICAL),,3.0,PIECE,90.0,224.0,SGLC23090392,,
2023-09-22,印度,中国,MINDRAY MEDICAL INDIA PVT LTD,MR GLOBAL HK LIMITED,"UNIT NO 1061 SOLITAIRE BLDG NO 10,  6TH FLR SOLITAIRE CORPORATE PARK",,,,,CHINA ,,Hong Kong,SAHAR AIR CARGO ACC (INBOM4),90181290,2142B-PA00162 RESONA I9 COLOR DOPPLER SYSTEM (FOR MEDICAL USE),,2.0,NOS ,0.0,55688.4,JEK02DIMXSRMC,,
2023-09-22,印度,中国,MINDRAY MEDICAL INDIA PVT LTD,MR GLOBAL HK LIMITED,"UNIT NO 1061 SOLITAIRE BLDG NO 10,  6TH FLR SOLITAIRE CORPORATE PARK",,,,,CHINA ,,Hong Kong,SAHAR AIR CARGO ACC (INBOM4),90181290,"2147B-CTO-S01 DC-60 EXP COLOR DOPPLER SYSTEM DVD-RW,DICOM BASIC,DICOM BREAST SR,DICOM VASCULAR (FOR MEDICAL USE)",,14.0,NOS ,0.0,313903.8,982MFM5AOT85L,,
2023-09-22,印度,中国,MINDRAY MEDICAL INDIA PVT LTD,MR GLOBAL HK LIMITED,"UNIT NO 1061 SOLITAIRE BLDG NO 10,  6TH FLR SOLITAIRE CORPORATE PARK",,,,,CHINA ,,Hong Kong,SAHAR AIR CARGO ACC (INBOM4),90181290,2138B-PA00237 M6 PORTABLE COLOR DOPPLER ULTRASOUND SYSTEM(FOR MEDICAL USE),,5.0,NOS ,0.0,35671.25,JEK02DIMXSRMC,,
2023-09-22,印度,中国,MINDRAY MEDICAL INDIA PVT LTD,MR GLOBAL HK LIMITED,"UNIT NO 1061 SOLITAIRE BLDG NO 10,  6TH FLR SOLITAIRE CORPORATE PARK",,,,,CHINA ,,Hong Kong,SAHAR AIR CARGO ACC (INBOM4),90181290,"2147B-CTO-S01 DC-60 EXP COLOR DOPPLER SYSTEM DVD-RW,DICOM BASIC,DICOM BREAST SR,DICOM VASCULAR (FOR MEDICAL USE)",,1.0,NOS ,0.0,22359.6,JEK02DIMXSRMC,,
2023-09-22,印度,中国,MINDRAY MEDICAL INDIA PVT LTD,MR GLOBAL HK LIMITED,"UNIT NO 1061 SOLITAIRE BLDG NO 10,  6TH FLR SOLITAIRE CORPORATE PARK",,,,,CHINA ,,Hong Kong,SAHAR AIR CARGO ACC (INBOM4),90181290,"2148B-CTO-S01 DC-40 COLOR DOPPLER SYSTEM ISCAPE VIEW,SMART3D,IMT,TISSUE DOPPLER IMAGING,FREE XROS (FOR MEDICAL USE)",,3.0,NOS ,0.0,43883.1,BJ2GYTBYYJ5JC,,
2023-09-22,印度,中国,MINDRAY MEDICAL INDIA PVT LTD,MR GLOBAL HK LIMITED,"UNIT NO 1061 SOLITAIRE BLDG NO 10,  6TH FLR SOLITAIRE CORPORATE PARK",,,,,CHINA ,,Hong Kong,SAHAR AIR CARGO ACC (INBOM4),90181290,"2147B-CTO-S01 DC-60 EXP COLOR DOPPLER SYSTEM DVD-RW,DICOMBASIC,DICOM BREAST SR,DICOM VASCULAR (FOR MEDICAL USE)",,9.0,NOS ,0.0,201795.3,BJ2GYTBYYJ5JC,,
2023-09-21,印度,中国,MEDIRACK ENTERPRISES,OPTOMED TECHNOLOGY CO LTD,"128/13, SAROJINI COLONY PHASE 1,YA  MUNANAGAR",,,,,CHINA ,,Hong Kong,DELHI AIR CARGO ACC (INDEL4),90181290,CONTEC 6 PIN CONNECTOR (SPARE PART FOR MEDICAL EQUIPMENT),,1500.0,NOS ,0.0,1500.0,810GGXNC35TLD,,
2023-09-21,印度,中国,MEDIRACK ENTERPRISES,OPTOMED TECHNOLOGY CO LTD,"128/13, SAROJINI COLONY PHASE 1,YA  MUNANAGAR",,,,,CHINA ,,Hong Kong,DELHI AIR CARGO ACC (INDEL4),90181290,ADULT SILICON WITH LED/PD BOX (SPARE PART FOR MEDICAL EQUIPMENT),,1000.0,NOS ,0.0,800.0,810GGXNC35TLD,,
2023-09-21,印度,中国,LIFE PLUS HEALTHCARE PRIVATE LIMITED,SHENZHEN LE MEDICAL TECHNOLOGY CO LTD,"18, GANESH CHANDRA  AVENUE,  ",,,,,CHINA ,,Dachang,Kolkata,90181290,ECG-601(MEDICAL EQUIPMENT) WITH STANDARD ACCESSORIES INSKU CONDITION,,50.0,UNT ,0.0,9500.0,JRC1PWPFA72DU,,
2023-09-21,乌兹别克斯坦,中国,OOO DOKTOR ABDUMALIK,DONG HAO TRADE LIMITED,,,,,,0,,,,9018120000,"1. УЗИ стационарный с цветным Доплером (С принадлежностями) P40 Elite  Производитель: Sonoscape Medical Corp - кол. 1 шт, вес: 84 кг
2. мест 1, 1  часть спец.упаковка
8. 000
9. 024
10. 2023/УЗИ стационарный с цветным Доплером
11. 02
Общее кол. мест: 1",,1.0,Piece,84.0,40000.0,,,
2023-09-21,乌兹别克斯坦,中国,OOO DOKTOR ABDUMALIK,DONG HAO TRADE LIMITED,,,,,,0,,,,9018120000,"1. УЗИ стационарный с цветным Доплером (С принадлежностями) S60 Производитель: Sonoscape Medical Corp - кол. 1 шт, вес: 120 кг
2. мест 1, 1  часть спец.упаковка
8. 000
9. 024
10. 2023/УЗИ стационарный с цветным Доплером
11. 02
Общее кол. мест: 1",,1.0,Piece,120.0,45000.0,,,
2023-09-21,印度,中国,MEDIRACK ENTERPRISES,OPTOMED TECHNOLOGY CO LTD,"128/13, SAROJINI COLONY PHASE 1,YA  MUNANAGAR",,,,,CHINA ,,Hong Kong,DELHI AIR CARGO ACC (INDEL4),90181290,DIGITAL PD (SPARE PART FOR MEDICAL EQUIPMENT),,2000.0,NOS ,0.0,2200.0,810GGXNC35TLD,,
2023-09-21,印度,中国,MEDIRACK ENTERPRISES,OPTOMED TECHNOLOGY CO LTD,"128/13, SAROJINI COLONY PHASE 1,YA  MUNANAGAR",,,,,CHINA ,,Hong Kong,DELHI AIR CARGO ACC (INDEL4),90181290,NEONTAL WRAP WITH LED/PD BOX (SPARE PART FOR MEDICAL EQUIPMENT),,2000.0,NOS ,0.0,1200.0,810GGXNC35TLD,,
2023-09-21,印度,中国,LIFE PLUS HEALTHCARE PRIVATE LIMITED,SHENZHEN LE MEDICAL TECHNOLOGY CO LTD,"18, GANESH CHANDRA  AVENUE,  ",,,,,CHINA ,,Dachang,Kolkata,90181290,ECG-1201(MEDICAL EQUIPMENT) WITH STANDARD ACCESSORIES INSKUCONDITION,,10.0,UNT ,0.0,3000.0,JRC1PWPFA72DU,,
2023-09-21,乌兹别克斯坦,中国,OOO DOKTOR ABDUMALIK,DONG HAO TRADE LIMITED,,,,,,0,,,,9018120000,"1. УЗИ стационарный с цветным Доплером (С принадлежностями) S50 Производитель: Sonoscape Medical Corp - кол. 1 шт, вес: 120 кг
2. мест 1, 1  часть спец.упаковка
8. 000
9. 024
10. 2023/УЗИ стационарный с цветным Доплером
11. 02
Общее кол. мест: 1",,1.0,Piece,120.0,35000.0,,,
2023-09-21,印度,中国,LIFE PLUS HEALTHCARE PRIVATE LIMITED,SHENZHEN LE MEDICAL TECHNOLOGY CO LTD,"18, GANESH CHANDRA  AVENUE,  ",,,,,CHINA ,,Dachang,Kolkata,90181290,PATIENT MONITOR PM12E(MEDICAL EQUIPMENT) WITH STANDARD ACCESSORIES IN SKU CONDITION,,200.0,UNT ,0.0,26000.0,JRC1PWPFA72DU,,
2023-09-20,秘鲁,中国,ENDOMED TECNOLOGHIES S A C,NO DISPONIBLE,,,,,,CHINA,,,,9018120000,"MEDICAL VIDEO ENDOSCOPE, PUSEN, PU3033A VIDEO FLEXIBLE URETEROSCOPIO, DE UN SOLO USO USO: EQUIPO BIOMEDICO MEDICAL VIDEO ENDOSCOPE (USCOPE) PU3033A CODIGO: PU3033A,,,,",,30.0,U,24.0,14327.0,22233,,
2023-09-20,哥伦比亚,中国,ROYAL PLUS TECHNOLOGIES S A S,SONOSCAPE MEDICAL CORPORATION,CR 20B # 72-44 P 2,"2F, 12TH BUILDING",,,,CHINA,,,,9018120000,"DO 2314724. DECLARACION(1-1). MERCANCIA NUEVA. NOS ACOGEMOS AL DECRETO NÃšMERO 1881 DE 2021, MINISTERIO DE COMERCIO, INDUSTRIA YTURISMO. PRODUCTO: TRANSDUCTOR ULTRASONICO (ULTRASONIC TRANSDUCER). MARCA: SONOSCAPE MEDICAL CORP. MODELO: L741V. REFERENCIA: L741V. SERIAL: 0728015748, 0728181476, 0729107266, 0726181662, 0722896874, 0727674162, 0726847158, 0728246175, 071121753, 0728171627. USO O DESTINO: VETERINARIO. TECNICA DE DIAGNOSTICO: ULTRASONIDO. INCLUYE SISTEMA DE ULTRASONIDOS E1V CON SONDA ENDOCAVITY LINEAR ARRAY L741V, CON MOCHILA, CON BATERÃA ESTÃNDAR, CUBIERTA DE TECLADO, CON CONFIGURACIONES ESTÃNDAR, INCLUYE PARTES Y ACCESORIOS PARA SU NORMAL FUNCIONAMIENTO CANT (10) UNIDADES (ITEM 1) PRODUCTO: TRANSDUCTOR ULTRASONICO. MARCA: SONOSCAPE. MODELO: C613. REFERENCIA: C613. SERIAL: 0727814441, 0729884273, 0726411878, 0727867165, 0723107671, 0725095381, 0724133679, 0725671138, 0722944340, 0721524890. USO O DESTINO: PARA USO VETERINARIO UNICAMENTE. TECNICA DE DIAGNOSTICO: ULTRASONID",,20.0,NUMERO DE ARTICULOS,100.0,43454.76,,,
2023-09-20,越南,中国,CÔNG TY TNHH XUẤT NHẬP KHẨU THIẾT BỊ Y TẾ MAI GIA,SONOSCAPE MEDICAL CORP,"4th Floor, Hud3 Tower, No. 121-123 To Hieu Street, Nguyen Trai Ward, Ha Dong District, Hanoi City","2F, 12TH BUILDING,SHENZHEN SOFTWARE, PARK PHASE II,KEJI MIDDLE 2ND ROAD, NANSHAN DISTRICT,SHENZHEN,518057, GUANGDONG",,,,China,,HONG KONG,HA NOI,90181200,"Máy siêu âm chẩn đoán,chủng loại:S22, gồm 1 ổ đĩa DVD,1đầu dò Curved Array VC6-2,1 đầu dò Curved Array 3C-A,1đầu dò Linear Array L742,hsx:SONOSCAPE MEDICAL CORP,mới 100%,Diagnostic ultrasound machine, type: S22, including 1 DVD drive, 1 Curved Array VC6-2 probe, 1 Curved Array 3C-A probe, 1 Linear Array L742 probe, hsx:SONOSCAPE MEDICAL CORP, 100% new",,2.0,Set,0.0,16400.0,CAI25808,,
2023-09-19,印度,中国,ACER BIOMEDICALS LLP,ZHUHAI HONGBANG MEDICAL SCIENCE&TE,"76/76A, 3RD FLOOR, 453/455, CHIKHA  L,HOUSE, KALBADEVI ROAD,",,,,,CHINA ,,SHENZHEN,DELHI AIR CARGO ACC (INDEL4),90181290,ECG PAPER (PARTS OF ECG MACHINE FOR MEDICAL USE),,80.0,NOS ,0.0,120.0,1AU4NWBZZXD6T,,
2023-09-19,印度,中国,ACER BIOMEDICALS LLP,ZHUHAI HONGBANG MEDICAL SCIENCE&TE,"76/76A, 3RD FLOOR, 453/455, CHIKHA  L,HOUSE, KALBADEVI ROAD,",,,,,CHINA ,,SHENZHEN,DELHI AIR CARGO ACC (INDEL4),90181290,POWER PCB BOARD (PARTS OF ECG MACHINE FOR MEDICAL USE),,80.0,NOS ,0.0,8000.0,1AU4NWBZZXD6T,,
2023-09-19,印度,中国,ACER BIOMEDICALS LLP,ZHUHAI HONGBANG MEDICAL SCIENCE&TE,"76/76A, 3RD FLOOR, 453/455, CHIKHA  L,HOUSE, KALBADEVI ROAD,",,,,,CHINA ,,SHENZHEN,DELHI AIR CARGO ACC (INDEL4),90181290,MAIN PCB BOARD (PARTS OF ECG MACHINE FOR MEDICAL USE),,80.0,NOS ,0.0,8000.0,1AU4NWBZZXD6T,,
2023-09-19,印度,中国,ACER BIOMEDICALS LLP,ZHUHAI HONGBANG MEDICAL SCIENCE&TE,"76/76A, 3RD FLOOR, 453/455, CHIKHA  L,HOUSE, KALBADEVI ROAD,",,,,,CHINA ,,SHENZHEN,DELHI AIR CARGO ACC (INDEL4),90181290,12.1 INCHES DISPLAY (PARTS OF ECG MACHINE FOR MEDICAL USE),,20.0,NOS ,0.0,560.0,1AU4NWBZZXD6T,,
2023-09-19,印度,中国,ACER BIOMEDICALS LLP,ZHUHAI HONGBANG MEDICAL SCIENCE&TE,"76/76A, 3RD FLOOR, 453/455, CHIKHA  L,HOUSE, KALBADEVI ROAD,",,,,,CHINA ,,SHENZHEN,DELHI AIR CARGO ACC (INDEL4),90181290,ECG PCB BOARD (PARTS OF ECG MACHINE FOR MEDICAL USE),,80.0,NOS ,0.0,360.0,1AU4NWBZZXD6T,,
2023-09-19,印度,中国,ACER BIOMEDICALS LLP,ZHUHAI HONGBANG MEDICAL SCIENCE&TE,"76/76A, 3RD FLOOR, 453/455, CHIKHA  L,HOUSE, KALBADEVI ROAD,",,,,,CHINA ,,SHENZHEN,DELHI AIR CARGO ACC (INDEL4),90181290,PLASTIC SHELL WITH PRINTER HEAD AND MOTOR UNIT (PARTS OF ECG MACHINE FOR MEDICAL USE),,80.0,NOS ,0.0,5940.0,1AU4NWBZZXD6T,,
2023-09-19,印度,中国,ACER BIOMEDICALS LLP,ZHUHAI HONGBANG MEDICAL SCIENCE&TE,"76/76A, 3RD FLOOR, 453/455, CHIKHA  L,HOUSE, KALBADEVI ROAD,",,,,,CHINA ,,SHENZHEN,DELHI AIR CARGO ACC (INDEL4),90181290,POWER SWITCH BOARD (PARTS OF ECG MACHINE FOR MEDICAL USE),,80.0,NOS ,0.0,960.0,1AU4NWBZZXD6T,,
2023-09-19,印度,中国,ACER BIOMEDICALS LLP,ZHUHAI HONGBANG MEDICAL SCIENCE&TE,"76/76A, 3RD FLOOR, 453/455, CHIKHA  L,HOUSE, KALBADEVI ROAD,",,,,,CHINA ,,SHENZHEN,DELHI AIR CARGO ACC (INDEL4),90181290,POWER CORD (PARTS OF ECG MACHINE FOR MEDICAL USE),,80.0,NOS ,0.0,360.0,1AU4NWBZZXD6T,,
2023-09-19,印度,中国,ACER BIOMEDICALS LLP,ZHUHAI HONGBANG MEDICAL SCIENCE&TE,"76/76A, 3RD FLOOR, 453/455, CHIKHA  L,HOUSE, KALBADEVI ROAD,",,,,,CHINA ,,SHENZHEN,DELHI AIR CARGO ACC (INDEL4),90181290,12.1 INCHES TOUCH PANEL (PARTS OF ECG MACHINE FOR MEDICAL USE),,20.0,NOS ,0.0,220.0,1AU4NWBZZXD6T,,
2023-09-19,印度,中国,ACER BIOMEDICALS LLP,ZHUHAI HONGBANG MEDICAL SCIENCE&TE,"76/76A, 3RD FLOOR, 453/455, CHIKHA  L,HOUSE, KALBADEVI ROAD,",,,,,CHINA ,,SHENZHEN,DELHI AIR CARGO ACC (INDEL4),90181290,10.2 INCHES DISPLAY (PARTS OF ECG MACHINE FOR MEDICAL USE),,60.0,NOS ,0.0,1680.0,1AU4NWBZZXD6T,,
2023-09-19,印度,中国,ACER BIOMEDICALS LLP,ZHUHAI HONGBANG MEDICAL SCIENCE&TE,"76/76A, 3RD FLOOR, 453/455, CHIKHA  L,HOUSE, KALBADEVI ROAD,",,,,,CHINA ,,SHENZHEN,DELHI AIR CARGO ACC (INDEL4),90181290,LIMB ELECTRODE (PARTS OF ECG MACHINE FOR MEDICAL USE),,80.0,NOS ,0.0,360.0,1AU4NWBZZXD6T,,
2023-09-19,印度,中国,MEDIMART MEDICAL SYSTEMS PRIVATE LIMITED,ZHENGSHAN WESEE MEDITECH CO LTD,"NO 9 PILLAYAR KOIL STREET,  RAMAPURAM MAIN ROAD KAIKANKUPPAM",,,,,CHINA ,,Hong Kong,CHENNAI AIR CARGO ACC (INMAA4),90181290,URETEROSCOPE RF14A (MEDICAL PARTS),,3.0,NOS ,0.0,3900.0,812OK3NB100G2,,
2023-09-19,印度,中国,ACER BIOMEDICALS LLP,ZHUHAI HONGBANG MEDICAL SCIENCE&TE,"76/76A, 3RD FLOOR, 453/455, CHIKHA  L,HOUSE, KALBADEVI ROAD,",,,,,CHINA ,,SHENZHEN,DELHI AIR CARGO ACC (INDEL4),90181290,CHEST ELECTRODE (PARTS OF ECG MACHINE FOR MEDICAL USE),,80.0,NOS ,0.0,360.0,1AU4NWBZZXD6T,,
2023-09-19,印度,中国,ACER BIOMEDICALS LLP,ZHUHAI HONGBANG MEDICAL SCIENCE&TE,"76/76A, 3RD FLOOR, 453/455, CHIKHA  L,HOUSE, KALBADEVI ROAD,",,,,,CHINA ,,SHENZHEN,DELHI AIR CARGO ACC (INDEL4),90181290,ECG CABLE (PARTS OF ECG MACHINE FOR MEDICAL USE),,80.0,NOS ,0.0,360.0,1AU4NWBZZXD6T,,
2023-09-19,印度,中国,ACER BIOMEDICALS LLP,ZHUHAI HONGBANG MEDICAL SCIENCE&TE,"76/76A, 3RD FLOOR, 453/455, CHIKHA  L,HOUSE, KALBADEVI ROAD,",,,,,CHINA ,,SHENZHEN,DELHI AIR CARGO ACC (INDEL4),90181290,10.2 INCHES TOUCH PANEL (PARTS OF ECG MACHINE FOR MEDICAL USE),,60.0,NOS ,0.0,660.0,1AU4NWBZZXD6T,,
2023-09-18,印度,中国,KONICA MINOLTA HEALTHCARE INDIA PRIVATE LIMITED,EDAN INSTRUMENTS INC,"OFFICE NO.201, 2ND FLOOR, ATRIUM 2  ,,ANDHERI KURLA ROAD, CHAKALA,",,,,,CHINA ,,Hong Kong,SAHAR AIR CARGO ACC (INBOM4),90181290,AEROSCAN Color Doppler CD 10 PRO Diagnostic Ultrasound System (MEDICAL EQUIPMENT) (APTA NO: B231923672010015 DT. 18.09.2,,2.0,PCS ,0.0,8140.0,HJ2ZWWWE9VJ63,,
2023-09-18,越南,中国,CÔNG TY CỔ PHẦN CÔNG NGHỆ AN PHÚC,SONOSCAPE MEDICAL CORP,"Lk21-16(19), Van Khe New Urban Area, La Khe Ward, Ha Dong District, Hanoi","2F, 12TH BUILDING,SHENZHEN SOFTWARE, PHASE II KEJI MIDDLE 2ND ROAD, NANSHAN DISTRICT, SHENZHEN,518057, GUANGDONG, CN",,,,China,,HONG KONG,HA NOI,90181200,"Máy siêu âm chẩn đoán R10 Dùng để siêu âm chẩn đoán. NSX Sonoscape Medical Corp. hàng mới 100%,Diagnostic ultrasound machine R10 Used for diagnostic ultrasound. NSX Sonoscape Medical Corp. new 100%",,1.0,Set,0.0,10000.0,SJFHK2302978,,
2023-09-18,印度,中国,KONICA MINOLTA HEALTHCARE INDIA PRIVATE LIMITED,EDAN INSTRUMENTS INC,"OFFICE NO.201, 2ND FLOOR, ATRIUM 2  ,,ANDHERI KURLA ROAD, CHAKALA,",,,,,CHINA ,,Hong Kong,SAHAR AIR CARGO ACC (INBOM4),90181290,Linear array transducer: L17-7HQ ((vet)) (MEDICAL EQUIPMENT)(APTA NO: B231923672010015 DT. 18.09.2023),,3.0,PCS ,0.0,3000.0,HJ2ZWWWE9VJ63,,
2023-09-18,印度,中国,KONICA MINOLTA HEALTHCARE INDIA PRIVATE LIMITED,EDAN INSTRUMENTS INC,"OFFICE NO.201, 2ND FLOOR, ATRIUM 2  ,,ANDHERI KURLA ROAD, CHAKALA,",,,,,CHINA ,,Hong Kong,SAHAR AIR CARGO ACC (INBOM4),90181290,Phased array transducer: P5-1Q(2m) ((vet) (MEDICAL EQUIPMENT) (APTA NO: B231923672010015 DT. 18.09.2023),,1.0,PCS ,0.0,800.0,HJ2ZWWWE9VJ63,,
2023-09-16,印度,中国,MINDRAY MEDICAL INDIA PVT LTD,MR GLOBAL HK LIMITED,"UNIT NO 1061 SOLITAIRE BLDG NO 10,  6TH FLR SOLITAIRE CORPORATE PARK",,,,,CHINA ,,Hong Kong,SAHAR AIR CARGO ACC (INBOM4),90181290,"1153B-CTO-S01 DP-10 PORTABLE COLOR DOPPLER SYSTEM MAIN UNITFOR DP-10,DUAL PROBE CONNECTORS(LI),DICOM (FOR MEDICAL US",,1.0,NOS ,0.0,1434.95,HUI9S6NFGIAWW,,
2023-09-16,印度,中国,MINDRAY MEDICAL INDIA PVT LTD,MR GLOBAL HK LIMITED,"UNIT NO 1061 SOLITAIRE BLDG NO 10,  6TH FLR SOLITAIRE CORPORATE PARK",,,,,CHINA ,,Hong Kong,SAHAR AIR CARGO ACC (INBOM4),90181290,2142B-PA00126 RESONA I9 COLOR DOPPLER SYSTEM (FOR MEDICAL USE),,1.0,NOS ,0.0,29477.0,HUI9S6NFGIAWW,,
2023-09-16,印度,中国,MINDRAY MEDICAL INDIA PVT LTD,MR GLOBAL HK LIMITED,"UNIT NO 1061 SOLITAIRE BLDG NO 10,  6TH FLR SOLITAIRE CORPORATE PARK",,,,,CHINA ,,Hong Kong,SAHAR AIR CARGO ACC (INBOM4),90181290,2142B-PA00127 RESONA I9 COLOR DOPPLER SYSTEM (FOR MEDICAL USE),,1.0,NOS ,0.0,25983.2,HUI9S6NFGIAWW,,
2023-09-16,印度,中国,MINDRAY MEDICAL INDIA PVT LTD,MR GLOBAL HK LIMITED,"UNIT NO 1061 SOLITAIRE BLDG NO 10,  6TH FLR SOLITAIRE CORPORATE PARK",,,,,CHINA ,,Hong Kong,SAHAR AIR CARGO ACC (INBOM4),90181290,"2142B-CTO-S01 NUEWA I9 COLOR DOPPLER SYSTEM SMART TRACE,SMART HIP,SMART VOLUME,SMART V TRACE,SMART SCENE (FOR MEDICAL US",,1.0,NOS ,0.0,38525.0,HUI9S6NFGIAWW,,
2023-09-16,印度,中国,MINDRAY MEDICAL INDIA PVT LTD,MR GLOBAL HK LIMITED,"UNIT NO 1061 SOLITAIRE BLDG NO 10,  6TH FLR SOLITAIRE CORPORATE PARK",,,,,CHINA ,,Hong Kong,SAHAR AIR CARGO ACC (INBOM4),90181290,"2142B-CTO-S01 NUEWA I9 COLOR DOPPLER SYSTEM SMART TRACE,SMART HIP,SMART VOLUME,SMART V TRACE,SMART SCENE (FOR MEDICAL",,1.0,NOS ,0.0,35028.0,HUI9S6NFGIAWW,,
2023-09-16,印度,中国,MINDRAY MEDICAL INDIA PVT LTD,MR GLOBAL HK LIMITED,"UNIT NO 1061 SOLITAIRE BLDG NO 10,  6TH FLR SOLITAIRE CORPORATE PARK",,,,,CHINA ,,Hong Kong,SAHAR AIR CARGO ACC (INBOM4),90181290,2142B-PA00126 RESONA I9 COLOR DOPPLER SYSTEM (FOR MEDICAL USE),,1.0,NOS ,0.0,29477.0,HUI9S6NFGIAWW,,
2023-09-14,越南,中国,CÔNG TY TNHH GMED,SONOSCAPE MEDICAL CORP,"No. 29 Alley 144 An Duong Vuong, Group 1, Cluster 1, Phu Thuong Ward, Tay Ho District, Hanoi","2F,12TH BUILDING,SHENZHEN SOFTWARE, PARK PHASE II,KEJI MIDDLE 2ND ROAD, NANSHAN DISTRICT,SHENZHEN,518057,CHINA",,,,China,,SHENZHEN,HO CHI MINH,90181200,"Hệ thống chẩn đoán siêu âm màu Color Doppler Ultrasound system mã E2 Exp và phụ kiện gồm: đầu dò Convex 3C-A,đầu dò Linear L741,đầu dò tim 3P-A,đầu dò khối VC2-9A.Mới 100%,NSX:Sonoscape Medical Corp,Color Doppler Ultrasound system code E2 Exp and accessories include: Convex 3C-A probe, Linear L741 probe, 3P-A heart probe, VC2-9A mass probe. 100% new, NSX :Sonoscape Medical Corp",,1.0,Set,0.0,7170.66,6117754996,,
2023-09-14,乌兹别克斯坦,中国,OOO BARUNMED,SHENZHEN EMPEROR ELECTRONIC TECHNOLOGY CO LTD,,,,,,0,,,,9018120000,"1. Новый медицинский ультразвуковой диагностический аппарат (УЗИ) модель G76 c принадлежностями в кол.-1комплект. , новая 2023г.в., сер. № 47023006WSD,  производитель: SHENZHEN EMPEROR ELECTRONIC TECHNOLOGY CO., LTD. -Китай. - кол. 1 шт, вес: 85 кг
2. мест 1, 1 дерев.ящик.
8. 000
9. 024
10. 2023/
11. 02
Общее кол. мест: 1",,1.0,Piece,85.0,14210.0,,,
2023-09-14,乌兹别克斯坦,中国,OOO BARUNMED,SHENZHEN EMPEROR ELECTRONIC TECHNOLOGY CO LTD,,,,,,0,,,,9018120000,"1. Новый медицинский ультразвуковой диагностический сканер модель G30 c принадлежностями в кол.-1комплект. , новая 2023г.в., сер. № 35523086WD,  производитель: SHENZHEN EMPEROR ELECTRONIC TECHNOLOGY CO., LTD. -Китай.  - кол. 1 шт, вес: 6,5 кг
2. мест 1, 1 картон.короб.
8. 000
9. 024
10. 2023/
11. 02
Общее кол. мест: 1",,1.0,Piece,6.5,6686.0,,,
2023-09-13,印度,中国,MINDRAY MEDICAL INDIA PVT LTD,MR GLOBAL HK LIMITED,"UNIT NO 1061 SOLITAIRE BLDG NO 10,  6TH FLR SOLITAIRE CORPORATE PARK",,,,,CHINA ,,Hong Kong,SAHAR AIR CARGO ACC (INBOM4),90181290,"2148B-CTO-S01 DC-40 COLOR DOPPLER SYSTEM ISCAPE VIEW,SMART3D,IMT,TISSUE DOPPLER IMAGING(FOR MEDICAL USE)",,3.0,NOS ,0.0,37940.4,2YVG1CYWRMMFM,,
2023-09-13,乌兹别克斯坦,中国,ООО ВАYMED INNOVАTION,PERLONG MEDICAL EQUIPMENT CO LTD,,,,,,0,,,,9018120000,"1. Система ультразвуковая диагностическая с принадлежностями. Модель: Zoncare Q3. Ultrasonic diagnostic system with accessories. Model: Zoncare Q3. Производитель WUHAN ZONCARE BIO-MEDICAL ELECTRONICS CO.,LTD. Китай. - кол. 4 шт, вес: 400 кг
2. мест 4, дерев.ящик.
8. 000
9. 024
10. 2023/Он сочетает в себе один 8,4-дюймовый сенсорный экран и 15-дюймовый светодиодный монитор.
Формирователь луча способен одновременно фокусировать принимаемые ультразвуковые сигналы 
от 2 МГц до 15 МГц с одинаковой",,4.0,Piece,400.0,29740.0,,,
2023-09-13,乌兹别克斯坦,中国,ООО TRUST MEDICAL EQUIPMENT,QINGDAO HISENSE MEDICAL EQUIPMENT CO LTD,,,,,,0,,,,9018120000,"1. Ultrasonic probe P4-1E, Фазированный датчик, модель: ""P4-1E"", 1шт. Ultrasonic probe E9-4B, Внутриполостной датчик, модель: ""E9-4B"", 1шт. Производитель: ""Qingdao Hisense Medical Equipment"" CO.,LTD. Произведено 2023 году. - кол. 2 шт, вес: 7,2 кг
2. мест 1, картон.короб.
8. 000
9. 024
10. 2023/Ultrasonic probe:, Модель: ""P4-1E"", ""E9-4B"" 
11. 02
Общее кол. мест: 1",,2.0,Piece,7.2,2334.0,,,
2023-09-11,哥伦比亚,中国,NOVA MEDICA LTDA,SONOSCAPE MEDICAL CORPORATION,CR 49C # 79 184 BR ALTOS DE PRADO,"2F,12TH BUILDING, SHENZHEN SOFTWARE",,,,CHINA,,,,9018120000,"DO 32313282 DECLARACION(1-1) FACTURA: CONV230823 FECHA: 2023-08-23 CANT (1) U PRODUCTO: TRANSDUCTOR LINEAL, MARCA: SONOSCAPE, MODELO: L742, REFERENCIA: L742, USO O DESTINO: EMITIR SEÃ‘ALES ULTRASONICAS PARA CONVERTIRLAS EN IMAGENES CON FINES DE DIAGNOSTICO, TECNICA DE DIAGNOSTICO: ULTRASONIDO, SERIAL: B236507553, ULTRASOUND PROBE L742, TRANSDUCTOR LINEAL MARCA SONOSCAPE MOD: L742 PARA SISTEMA DE ULTRASONIDO COLOR DOPPLER DIGITAL PORTATIL MARCA SONOSCAPE, MODELO: S40. MERCANCIA NUEVA. AÃ‘O DE FABRICACION: 2023.REGISTRO SANITARIO INVIMA 2013DM- 0010489 ,FABRICANTE:SONOSCAPE MEDICAL CORP. PAIS DE ORIGEN:CHINA..20067579. USO ESPECIFICO: EMITIR SEÃ‘ALES ULTRASONICAS PARA CONVERTIRLAS EN IMAGENES CON FINES DE DIAGNOSTICO, ESTADO: NUEVO, AÃ‘O DE FABRICACIÃ“N: 2023, PAIS DE ORIGEN: CHINA. CANT (1) U // REG-50132447-20230825N CON FECHA 2023-08-25, NUMERO DE VISTO BUENO VINVIMA-23-0100401 CON FECHA 2023-08-25,.-",,1.0,NUMERO DE ARTICULOS,2.05,2245.7,,,
2023-09-09,印度,中国,MINDRAY MEDICAL INDIA PVT LTD,MR GLOBAL HK LIMITED,"UNIT NO 1061 SOLITAIRE BLDG NO 10,  6TH FLR SOLITAIRE CORPORATE PARK",,,,,CHINA ,,,SAHAR AIR CARGO ACC (INBOM4),90181290,2146B-PA00144 MX7 MX7 PORTABLE COLOR DOPPLER SYSTEM(FOR MEDICAL USE),,1.0,NOS ,0.0,9837.14,XLIULLFDUUQBT,,
2023-09-09,印度,中国,KONICA MINOLTA HEALTHCARE INDIA PRIVATE LIMITED,CHISON MEDICAL TECHNOLOGIES CO LTD,"OFFICE NO.201, 2ND FLOOR, ATRIUM 2  ,,ANDHERI KURLA ROAD, CHAKALA,",,,,,CHINA ,,Shekou,NHAVA SHEVA SEA (INNSA1),90181290,TRANS-VAGINAL PROBE D7C10L (MEDICAL EQUIPMENT) (APTA CERT NO. B232405081537004 DT 31.08.2023),,5.0,SET ,0.0,5000.0,NL70NYJV9TXNC,,
2023-09-09,印度,中国,MINDRAY MEDICAL INDIA PVT LTD,MR GLOBAL HK LIMITED,"UNIT NO 1061 SOLITAIRE BLDG NO 10,  6TH FLR SOLITAIRE CORPORATE PARK",,,,,CHINA ,,,SAHAR AIR CARGO ACC (INBOM4),90181290,"2147B-CTO-S01 DC-60 EXP COLOR DOPPLER SYSTEM DVD-RW,DICOM BASIC,DICOM BREAST SR,DICOM VASCULAR (FOR MEDICAL USE)",,1.0,PCS ,0.0,27010.0,Y2SE0L4KPPKZ2,,
2023-09-09,印度,中国,KONICA MINOLTA HEALTHCARE INDIA PRIVATE LIMITED,CHISON MEDICAL TECHNOLOGIES CO LTD,"OFFICE NO.201, 2ND FLOOR, ATRIUM 2  ,,ANDHERI KURLA ROAD, CHAKALA,",,,,,CHINA ,,Shekou,NHAVA SHEVA SEA (INNSA1),90181290,CONVEX PROBE D3C60L (MEDICAL EQUIPMENT) (APTA CERT NO. B232405081537004 DT 31.08.2023),,10.0,SET ,0.0,10000.0,NL70NYJV9TXNC,,
2023-09-09,印度,中国,KONICA MINOLTA HEALTHCARE INDIA PRIVATE LIMITED,CHISON MEDICAL TECHNOLOGIES CO LTD,"OFFICE NO.201, 2ND FLOOR, ATRIUM 2  ,,ANDHERI KURLA ROAD, CHAKALA,",,,,,CHINA ,,Shekou,NHAVA SHEVA SEA (INNSA1),90181290,LINEAR PROBE D7L40L (MEDICAL EQUIPMENT) (APTA CERT NO. B232405081537004 DT 31.08.2023),,2.0,SET ,0.0,2000.0,NL70NYJV9TXNC,,
2023-09-09,印度,中国,MINDRAY MEDICAL INDIA PVT LTD,MR GLOBAL HK LIMITED,"UNIT NO 1061 SOLITAIRE BLDG NO 10,  6TH FLR SOLITAIRE CORPORATE PARK",,,,,CHINA ,,,SAHAR AIR CARGO ACC (INBOM4),90181290,1156B-PA00003 DP-50EXPERT DP-50EXPERT DIGITAL ULTRASONIC DIAGNOSTI(FOR MEDICAL USE),,1.0,PCS ,0.0,3173.03,Y2SE0L4KPPKZ2,,
2023-09-09,印度,中国,KONICA MINOLTA HEALTHCARE INDIA PRIVATE LIMITED,CHISON MEDICAL TECHNOLOGIES CO LTD,"OFFICE NO.201, 2ND FLOOR, ATRIUM 2  ,,ANDHERI KURLA ROAD, CHAKALA,",,,,,CHINA ,,Shekou,NHAVA SHEVA SEA (INNSA1),90181290,PHASED ARRAY PROBE D3P64L (MEDICAL EQUIPMENT) (APTA CERT NO.B232405081537004 DT 31.08.2023),,3.0,SET ,0.0,3000.0,NL70NYJV9TXNC,,
2023-09-09,印度,中国,MINDRAY MEDICAL INDIA PVT LTD,MR GLOBAL HK LIMITED,"UNIT NO 1061 SOLITAIRE BLDG NO 10,  6TH FLR SOLITAIRE CORPORATE PARK",,,,,CHINA ,,,SAHAR AIR CARGO ACC (INBOM4),90181290,"1116B-CTO-S01 Z60 COLOR DOPPLER SYSTEM DICOM BASIC,IMT,P-GI-1P DISCOUNT,PROBE 2P2P,Z60 MAIN (FOR MEDICAL USE)",,1.0,PCS ,0.0,17766.7,Y2SE0L4KPPKZ2,,
2023-09-09,印度,中国,KONICA MINOLTA HEALTHCARE INDIA PRIVATE LIMITED,CHISON MEDICAL TECHNOLOGIES CO LTD,"OFFICE NO.201, 2ND FLOOR, ATRIUM 2  ,,ANDHERI KURLA ROAD, CHAKALA,",,,,,CHINA ,,Shekou,NHAVA SHEVA SEA (INNSA1),90181290,AEROSCAN COLOR DOPPLER ULTRASOUND CD20 PRO (MEDICAL EQUIPMENT) (APTA CERT NO. B232405081537004 DT 31.08.2023),,10.0,SET ,0.0,37000.0,NL70NYJV9TXNC,,
2023-09-07,巴基斯坦,中国,MEDICAL EQUIPMENT SYSTEMS,MR GLOBAL HK LIMITED,60/61 FCC SYED MARATIB ALI ROAD GULBERG IV  ,,,,,China,,,KAPW,90181200,"MEDICAL EQUIPMENT   
ULTRASOUND SYSTEM  
WITH STANDRAD ACCESSORIES",,50.0,u,0.0,34000.0,,,
2023-09-06,印度,中国,MINDRAY MEDICAL INDIA PVT LTD,MR GLOBAL HK LIMITED,"UNIT NO 1061 SOLITAIRE BLDG NO 10,  6TH FLR SOLITAIRE CORPORATE PARK",,,,,CHINA ,,,SAHAR AIR CARGO ACC (INBOM4),90181290,2145B-PA00114 DC-70 EXP DC-70 EXP COLOR DOPPLER SYSTEM (FOR MEDICAL USE),,1.0,NOS ,0.0,13151.3,I9VEB6OKCJBJE,,
2023-09-06,印度,中国,UNITECH MEDICAL SYSTEMS,SHENZHEN SORADAR TECHNOLOGY CO LTD,"14/1 MAGADI MAIN ROAD,KAMAKSHIPALY  A",,,,,CHINA ,,SHENZHEN,BANGALORE,90181290,MEDICAL EQUIPMENT/KM8015(MEC-5000)15 INCH PATIENT MONITOR(10PCS NEED CO2 CONNECTION)(USED FOR CHECKING & MONITORING PATI,,100.0,NOS ,0.0,22000.0,QU6O1035VVG2D,,
2023-09-06,乌兹别克斯坦,中国,OOO HITECH ORIENT MEDBUSINESS,WUHAN ZONCARE BIOMEDICAL ELECTRONICS CO LTD,,,,,,0,,,,9018120000,"1. Портативный Система ультразвуковая диагностика модель Zoncare М5 с принадлежностями. В комплектацию входит:Конвекс датчик,Линейний датчик,Тележка,Сумка. Предназначена для ультразвукового сканирования и исследования организма человека..Регистр.Удос № ТТ/Х 03721/07/20, c/н:G32943114CTOXN0005,G32943114CTOXN0006,G32943114CTOXN0007,G32943114CTOXN0008 Новое 2023г. Производитель:WUHAN ZONCARE BIO-MEDICAL ELECTRONICS CO.,LTD, Китай - кол. 4 шт, вес: 96 кг
2. мест 8, 8 картон.короб.
3. SERU1001370/ча",,4.0,Piece,96.0,15900.0,,,
2023-09-06,印度,中国,KONICA MINOLTA HEALTHCARE INDIA PRIVATE LIMITED,SONOSCAPE MEDICAL CORP,"OFFICE NO.201, 2ND FLOOR, ATRIUM 2  ,,ANDHERI KURLA ROAD, CHAKALA,",,,,,CHINA ,,Hong Kong,SAHAR AIR CARGO ACC (INBOM4),90181290,TV 4D probe for CD40/CD50Pro AI (MEDICAL EQUIPMENT) (APTA CERT NO. 0123111700140193 DT. 04.09.2023),,2.0,NOS ,0.0,8000.0,NJCVIGFKZRTNE,,
2023-09-06,印度,中国,UNITECH MEDICAL SYSTEMS,SHENZHEN SORADAR TECHNOLOGY CO LTD,"14/1 MAGADI MAIN ROAD,KAMAKSHIPALY  A",,,,,CHINA ,,SHENZHEN,BANGALORE,90181290,MEDICAL EQUIPMENT/KM8080(NEO)8 INCH PATIENT MONITOR(USED FORCHECKING & MONITORING THE PROGRESS OF PATIENT HEALTH CONDITI,,250.0,NOS ,0.0,42500.0,QU6O1035VVG2D,,
2023-09-06,印度,中国,MINDRAY MEDICAL INDIA PVT LTD,MR GLOBAL HK LIMITED,"UNIT NO 1061 SOLITAIRE BLDG NO 10,  6TH FLR SOLITAIRE CORPORATE PARK",,,,,CHINA ,,,SAHAR AIR CARGO ACC (INBOM4),90181290,"2142B-CTO-S01 NUEWA I9 COLOR DOPPLER SYSTEM SMART TRACE,SMART HIP,SMART VOLUME(FOR MEDICAL USE)",,1.0,NOS ,0.0,36664.7,I9VEB6OKCJBJE,,
2023-09-06,乌兹别克斯坦,中国,OOO HITECH ORIENT MEDBUSINESS,WUHAN ZONCARE BIOMEDICAL ELECTRONICS CO LTD,,,,,,0,,,,9018120000,"1. Система ультразвуковая диагностика модель Zoncare ViV20  с принадлежностями. В комплектацию входит:Конвекс датчик,трансвагинал датчик. Предназначена для ультразвукового сканирования и исследования организма человека.c/н:G3294171CTO08N0001.Рег.Удос:ТТ/Х 06053/02/23, Новое 2023г.Производитель:WUHAN ZONCARE BIO-MEDICAL ELECTRONICS CO.,LTD Китай. - кол. 1 шт, вес: 68 кг
2. мест 1, 1 дерев.ящик.
3. SERU1001370/часть
6. /коды № G3294171CTO08N0001/
8. 000
9. 024
10. 2023/100V-240V, 50Hz/60Hz, 420VA",,1.0,Piece,68.0,6987.5,,,
2023-09-06,乌兹别克斯坦,中国,OOO HITECH ORIENT MEDBUSINESS,WUHAN ZONCARE BIOMEDICAL ELECTRONICS CO LTD,,,,,,0,,,,9018120000,"1. Портативный система ультразвуковая диагностика модель Zoncare М30 с принадлежностями.В комплектацию входит:Конвекс датчик,Трансвагинальная датчик. Тележка, сумка.Предназначена для ультразвукового сканирования и исследования организма человека.c/н:G32940714CTOXN0001. Новое 2023г. Производитель: WUHAN ZONCARE BIO-MEDICAL ELECTRONICS CO.,LTD Китай - кол. 1 шт, вес: 22,5 кг
2. мест 2, 2 картон.короб.
3. SERU1001370/часть
6. /коды № G32940714CTOXN0001/
8. 000
9. 024
10. 2023/100V-240V, 50Hz/60Hz,",,1.0,Piece,22.5,5837.5,,,
2023-09-06,印度,中国,KONICA MINOLTA HEALTHCARE INDIA PRIVATE LIMITED,SONOSCAPE MEDICAL CORP,"OFFICE NO.201, 2ND FLOOR, ATRIUM 2  ,,ANDHERI KURLA ROAD, CHAKALA,",,,,,CHINA ,,Hong Kong,SAHAR AIR CARGO ACC (INBOM4),90181290,Micro Convex Probe: SC13N for CD25 (MEDICAL EQUIPMENT) (APTACERT NO. 0123111700140193 DT. 04.09.2023),,3.0,NOS ,0.0,3000.0,NJCVIGFKZRTNE,,
2023-09-05,印度,中国,KONICA MINOLTA HEALTHCARE INDIA PRIVATE LIMITED,SONOSCAPE MEDICAL CORP,"OFFICE NO.201, 2ND FLOOR, ATRIUM 2  ,,ANDHERI KURLA ROAD, CHAKALA,",,,,,CHINA ,,,NHAVA SHEVA SEA (INNSA1),90181290,SC44N CONVEX PROBE FOR CD25 (MEDICAL EQUIPMENT) (APTA NO.0123111700140618 DT.23.08.2023 ),,10.0,UNT ,0.0,15000.0,DXU1Y7C4128D7,,
2023-09-05,印度,中国,KONICA MINOLTA HEALTHCARE INDIA PRIVATE LIMITED,SONOSCAPE MEDICAL CORP,"OFFICE NO.201, 2ND FLOOR, ATRIUM 2  ,,ANDHERI KURLA ROAD, CHAKALA,",,,,,CHINA ,,,NHAVA SHEVA SEA (INNSA1),90181290,AEROSCAN COLOUR DOPPLER ULTRASOUND SYSTEM CD25 WIT 17 MONITOR (MEDICAL EQUIPMENT) (APTA NO.0123111700140618 DT. 23.08.2,,10.0,UNT ,0.0,17744.4,DXU1Y7C4128D7,,
2023-09-03,俄罗斯,中国,LLC OTT FOR LLC EAST MEDIKAL GROUP,SHENZHEN MINDRAY ANIMAL MEDICAL TECHNOLOGY CO LTD,"THE BOGORODSK GUO, RUBBED. NOSOVIKHINSKOYE HIGHWAY, 26TH KILOMETR ST., 1, FLOOR | OFFICE 3 | 319","No. 1301-88 GUANGUANG ROAD,LONGHUA DISTRICT",,,,,Russia (RU),,,901812,THE VETERINARY DIAGNOSTIC ULTRASONIC DEVICE VETUS 8 WITH ACCESSORIES. IT IS USED FOR TREATMENT OF ANIMALS. NOT THE MEDICAL EQUIPMENT VETERINARY LINEAR SENSOR,,3786.68,KG,3786.68,434214.7186,,,
2023-09-02,印度,中国,GENIQUE MEDCROP PRIVATE LIMITED,WUHAN ZONCARE BIOMEDICAL,"HOUSE NO.57,DEV NAGAR  RAILWAY ROAD,NEAR HOLY,PALWAL",,,,,CHINA ,,SHENZHEN,ICD PATPARGANJ,90181290,SPARE PARTS FOR MEDICAL EQUIPMENT 12-CH ECG MACHINE U90,,50.0,PCS ,0.0,24000.0,8CNBKRJN82XWI,,
2023-09-02,印度,中国,MINDRAY MEDICAL INDIA PVT LTD,MR GLOBAL HK LIMITED,"UNIT NO 1061 SOLITAIRE BLDG NO 10,  6TH FLR SOLITAIRE CORPORATE PARK",,,,,CHINA ,,Shekou,NHAVA SHEVA SEA (INNSA1),90181290,2142B-PA00144 RESONA I9 COLOR DOPPLER SYSTEM (FOR MEDICAL USE),,10.0,NOS ,0.0,329734.0,UBYQT0IU7K8IR,,
2023-09-02,印度,中国,MINDRAY MEDICAL INDIA PVT LTD,MR GLOBAL HK LIMITED,"UNIT NO 1061 SOLITAIRE BLDG NO 10,  6TH FLR SOLITAIRE CORPORATE PARK",,,,,CHINA ,,Shekou,NHAVA SHEVA SEA (INNSA1),90181290,2142B-PA00126 RESONA I9 COLOR DOPPLER SYSTEM (FOR MEDICAL USE),,20.0,NOS ,0.0,589540.0,UBYQT0IU7K8IR,,
2023-09-02,印度,中国,MINDRAY MEDICAL INDIA PVT LTD,MR GLOBAL HK LIMITED,"UNIT NO 1061 SOLITAIRE BLDG NO 10,  6TH FLR SOLITAIRE CORPORATE PARK",,,,,CHINA ,,Shekou,NHAVA SHEVA SEA (INNSA1),90181290,2142B-PA00144 RESONA I9 COLOR DOPPLER SYSTEM (FOR MEDICAL USE),,2.0,NOS ,0.0,65946.8,WTZS1KYRCQC68,,
2023-08-29,乌兹别克斯坦,中国,ООО AZZA MED,CHISON MEDICAL TECHNOLOGIES CO LTD,,,,,,0,,,,9018120000,"1. Медицинское Оборудование: Система ультразвуковая диагностическая с цветным доплером,  модель: ""QBit 9"" с принадлежностями, новая 2023 год вып, Производитель: CHISON Medical Technologies Co., Ltd /Китай-Вес 258 кг.  Кол. 3 шт 
2. Всего мест-3 (3 дерев. ящик)
3. Контейнеров 1шт. FCIU8471645
8. Код инвестиционных проектов:000
9. Код основных сфер 001
10. 2023 г. / Медицинское Оборудование: Система ультразвуковая диагностическая с цветным доплером,  модель: ""QBit 9"" с принадлежностями, новая",,3.0,Piece,258.0,22500.0,,,
2023-08-29,印度,中国,N P HEALTHCARE,CHISON MEDICAL TECHNOLOGIES CO LIMITED,A 18 FIRST FLOOR OKHLA INDUSTRIAL AREA PHASE II  110020,,,,,China,,,SAHAR AIR,90181290,CBIT 6 COLOR DOPPLER ULTRASOUND SYSTEM WITH SPARE PARTS / ACCESSORIES / COMPONENT MEDICAL EQUIPMENT,,2.0,UNT,0.0,22300.0,4121638,,
2023-08-29,印度,中国,MEDION HEALTHCARE PRIVATE LIMITED,AMBULANC SHENZHEN TECH CO LIMITED,VIKAS COMMERCIAL OFFICE UNIT  NO.402 4TH FLOOR BHAKTI MARG,,,,,China,,,SAHAR AIR,90181290,T5 VENTILATOR MEDICAL EQUIP. 5 SET,,5.0,NOS,0.0,10000.0,5100808,,
2023-08-29,越南,中国,CÔNG TY TNHH Y TẾ MERY,ARI MEDICAL TECHNOLOGY CO LIMITED,"109/71H Binh Tri Dong, Binh Tri Dong Ward, Binh Tan District, Ho Chi Minh City","BLOCK C, CC PARK, NO.728 LANZHOU ROAD, BAOHE INDUSTRIAL ZONE, HEFEI, CHINA, CN",,,,China,,HONG KONG,HO CHI MINH,90181200,"Handheld ultrasound fetal heart monitor, for medical use, voltage 220V, 50/60Hz, with charger. Type: AFD-640C. HSX: AIR Medical Technology Co.,Ltd. 100% new,Máy nghe tim thai cầm tay bằng siêu âm, dùng trong y tế, điện áp 220V, 50/60Hz, kèm nguồn sạc. Chủng loại: AFD-640C. HSX: AIR Medical Technology Co.,Ltd. Mới 100%",,1.0,Set,0.0,35.0,773021604976,,
2023-08-25,乌克兰,中国,ТОВ САНТЕ ІНТЕГРАЛЬ,VEGA SP Z,,,,,,China,,,,9018120000,"1.Медичні вироби.Апаратура для ультразвукового сканування:Portable ultrasound system (Портативна ультразвукова система:модель C10RL-15шт.Комплектація згідно інструкції.Згідно Технічного регламентущо до медичніх виробів затвердженного постановою КМУ від 02. 10.2013р. № 753.Відповідне маркування присутнє. Клас ризику 2а. Виробник:ТОВ ""САНТЕ ІНТЕГРАЛЬ"". Торговельна марка: BEIJING KONTED MEDICAL. Країна виробництва CN",,13.5,кг,13.5,21150.045,,,
2023-08-25,越南,中国,CÔNG TY CỔ PHẦN THIẾT BỊ VẬT TƯ Y TẾ HÀ ANH,XUZHOU PINYUAN ELECTRONIC TECHNOLOGY CO LTD,"No. 29A12, Lane 2, Cau Buu Street, Ta Thanh Oai Commune, Thanh Tri District, Hanoi City, Vietnam","THETHIRDANDFOURTHFLOORSONTHE, NORTHSIDEOFU-SHAPEDBUILDINGIN, INDUSTRIALZONE 4,SEASTOFSANHUANG, DONGROAD,XUZHOUECONOMICAND, CN",,,,China,,SHANGHAI,CANG NAM DINH VU,90181200,"Osteoporosis meter (configuration includes: main body and 1.2MHz probe) model BMD-A3, 220V voltage, 200W capacity, used for ultrasound to measure osteoporosis, medical product, 100% new,Máy đo độ loãng xương (cấu hình gồm: thân máy chính và đầu dò 1.2MHz) model BMD-A3 điện áp 220V, công suất 200W, dùng để siêu âm đo độ loãng xương, hàng y tế, mới 100%",,5.0,Unit,0.0,10000.0,160823SMLCL23080095,,
2023-08-24,孟加拉国,中国,SYSMARK LTD,HANS ETECHNOLOGY CO LIMITED,,,,,,China,,,,90181200,MEDICAL EQUIPMENT DIAGNOSTIC UL-TRASOUND SYSTEM N2,,1.0,NMB,5.0,1480.0,A6D742FC4XC,,
2023-08-24,越南,中国,CÔNG TY TNHH XUẤT NHẬP KHẨU THIẾT BỊ Y TẾ MAI GIA,SONOSCAPE MEDICAL CORP,"4th Floor, Hud3 Tower Building, No. 121-123 To Hieu Street, Nguyen Trai Ward, Ha Dong District, Hanoi City","2F, 12TH BUILDING,SHENZHEN SOFTWARE, PARK PHASE II,KEJI MIDDLE 2ND ROAD, NANSHAN DISTRICT,SHENZHEN,518057, GUANGDONG",,,,China,,HONG KONG,HA NOI,90181200,"Diagnostic ultrasound machine, type: E1 EXP, including 1 Curved Array C361 probe, 1 Linear Array L741 probe, hsx:SONOSCAPE MEDICAL CORP, 100% new,Máy siêu âm chẩn đoán,chủng loại: E1 EXP, gồm 1 đầu dò Curved Array C361, 1 đầu dò Linear Array L741, hsx:SONOSCAPE MEDICAL CORP, mới 100%",,1.0,Pieces,0.0,3900.0,CAI25737,,
2023-08-24,越南,中国,CÔNG TY TNHH XUẤT NHẬP KHẨU THIẾT BỊ Y TẾ MAI GIA,SONOSCAPE MEDICAL CORP,"4th Floor, Hud3 Tower Building, No. 121-123 To Hieu Street, Nguyen Trai Ward, Ha Dong District, Hanoi City","2F, 12TH BUILDING,SHENZHEN SOFTWARE, PARK PHASE II,KEJI MIDDLE 2ND ROAD, NANSHAN DISTRICT,SHENZHEN,518057, GUANGDONG",,,,China,,HONG KONG,HA NOI,90181200,"Diagnostic ultrasound machine, type: S22, including 1 DVD drive, 1 Curved Array VC6-2 probe, 1 Curved Array 3C-A probe, 1 Linear Array L742 probe, hsx:SONOSCAPE MEDICAL CORP, 100% new,Máy siêu âm chẩn đoán,chủng loại:S22, gồm 1 ổ đĩa DVD,1đầu dò Curved Array VC6-2,1 đầu dò Curved Array 3C-A,1đầu dò Linear Array L742,hsx:SONOSCAPE MEDICAL CORP,mới 100%",,2.0,Pieces,0.0,16400.0,CAI25737,,
2023-08-24,越南,中国,CÔNG TY TNHH XUẤT NHẬP KHẨU THIẾT BỊ Y TẾ MAI GIA,SONOSCAPE MEDICAL CORP,"4th Floor, Hud3 Tower Building, No. 121-123 To Hieu Street, Nguyen Trai Ward, Ha Dong District, Hanoi City","2F, 12TH BUILDING,SHENZHEN SOFTWARE, PARK PHASE II,KEJI MIDDLE 2ND ROAD, NANSHAN DISTRICT,SHENZHEN,518057, GUANGDONG",,,,China,,HONG KONG,HA NOI,90181200,"Diagnostic ultrasound machine, type: S22, including 1 DVD drive, 2 Curved Array VC6-2 probes, 1 Curved Array 3C-A probe, hsx:SONOSCAPE MEDICAL CORP, 100% new,Máy siêu âm chẩn đoán,chủng loại:S22, gồm 1 ổ đĩa DVD,2đầu dò Curved Array VC6-2,1 đầu dò Curved Array 3C-A, hsx:SONOSCAPE MEDICAL CORP,mới 100%",,1.0,Pieces,0.0,9200.0,CAI25737,,
2023-08-22,乌兹别克斯坦,中国,OOO MEDSPACE SOLUTIONS,CHISON MEDICAL TECHNOLOGIES CO LTD,,,,,,0,,,,9018120000,"1. CHISON QBit 9 COLOR DOPPLER ULTRASOUND DIAGNOSTIC SYSTEM/Система ультразвуковая цветная допплеровская QBit 9 с принадлежностями. Производитель-CHISON Medical Technologies Co.,Ltd - кол. 6 шт, вес: 464 кг
2. мест 7, 7 картон.короб.
8. 000
9. 000
10. 2023/Новый
11. 02
Общее кол. мест: 7",,6.0,Piece,464.0,48900.0,,,
2023-08-22,越南,中国,CÔNG TY TNHH Y TẾ THÀNH AN,CHISON MEDICAL TECHNOLOGIES CO LTD,"No02, Lk45 Dong Gate Area, La Khe Ward, Ha Dong District, Hanoi City","NO 9, XINHUIHUAN ROAD, XINWU DIST, WUXI, JIANGSU, CHINA, CN",,,,China,,OTHER,HA NOI,90181200,"Linear probe model: D7L40L, used as an accessory for CBIT4 ultrasound machine to examine abdomen, thyroid, HSX: CHISON MEDICAL TECHNOLOGIES CO LTD, sample, 100% brand new,Đầu dò Linear model: D7L40L, dùng làm phụ kiện cho máy siêu âm CBIT4 khám ổ bụng, tuyến giáp, HSX: CHISON MEDICAL TECHNOLOGIES CO LTD, hàng mẫu, hàng mới 100%",,1.0,Pieces,0.0,10.0,772961569413,,
2023-08-21,乌兹别克斯坦,中国,ООО AZZA MED,CHISON MEDICAL TECHNOLOGIES CO LTD,,,,,,0,,,,9018120000,"1. Медицинское оборудование: Система ультразвуковая диагностическая с цветным доплером моделей ""QBit 9""  с принадлежностями, модель: QBit 9 . в разобранном виде, новое 2023г выпуска. Производитель: CHISON Medical Technologies Co., Ltd/Китай/China-Вес 172 кг.  Кол. 2 шт 
2. Всего мест-2 (2 дерев. ящик)
8. Код инвестиционных проектов:000
9. Код основных сфер 001
10. 2023 г. / Медицинское оборудование: Система ультразвуковая диагностическая с цветным доплером моделей ""QBit 9""  с принадлежностям",,2.0,Piece,162.0,15000.0,,,
2023-08-21,巴基斯坦,中国,PPHI SINDH,MR GLOBAL HK LIMITED,B-86 STREET NO-15 GULSHAN-E-FAISAL BATH ISLAND CLIFTON,,,,,China                         ,,,KAPW,90181200,"MEDICAL EQUIPPMENT
DP-10 PORTABLE DIAGNOSTIC ULTRA SOUND SYSTEM WITH MOBILE TROLLEY WITH B/W VIDEO PRINTER ALL STANDARD ACCESSORIES",,96.0,u,0.0,324480.0,,,
2023-08-21,越南,中国,CÔNG TY CỔ PHẦN XUẤT NHẬP KHẨU THIẾT BỊ Y TẾ HOÀN MỸ,SONOSCAPE MEDICAL CORP,A8 Lot 12 Dinh Cong Street - Dinh Cong Ward - Hoang Mai District - Hanoi.,"2F, 12TH BUILING,SHENZHEN, SOFTWARE PARK PHASE II, KEJI MIDDLE, 2ND ROAD,NANSHAN DISTRICT, SHENZHEN,518057",,,,China,,HONG KONG,HA NOI,90181200,"Color diagnostic ultrasound system, code: E3, including accessories: Linear L741 transducer, 3P-A heart probe, Convex 3C-A probe, for medical use. HSX: Sonoscape Medical Corp, 100% new product,Hệ thống siêu âm chẩn đoán màu, mã: E3, gồm phụ kiện: đầu dò Linear L741, đầu dò tim 3P-A, đầu dò Convex 3C-A, dùng trong y tế. HSX: Sonoscape Medical Corp, hàng mới100%",,1.0,Unit,0.0,8400.0,773067019415,,
2023-08-21,乌兹别克斯坦,中国,ООО MEDICAL MARKETING GROUP,HANS E TECHNOLOGY CO LTD,,,,,,0,,,,9018120000,"1) Ultrasonic Diagnostic System, model: Clover 60 / Ультразвуковая диагностическая система Clover 60 - 1 комп., Оборудования новое и не имеет следов эксплуатации 2023г., Пр-во SHENZHEN WISONIC MEDICAL TECHNOLOGY CO., LTD Китай:
 вес: 20 кг, кол. 1 шт;
2) Вид и количество упаковки:1 карт.короб;
;
8) Код инвестпрограммы:000;
9) Код технологического оборудования:024;
10) Год изготовления и технические параметры:2023/220 V;
11) Признак госзакупок:02;",,1.0,Piece,20.0,13825.0,,,
2023-08-21,乌兹别克斯坦,中国,ООО AZZA MED,CHISON MEDICAL TECHNOLOGIES CO LTD,,,,,,0,,,,9018120000,"1. Медицинское оборудование: Система ультразвуковая цифровая цветная допплеровская ""Ebit 60""  с принадлежностями, модель: Ebit 60 . в разобранном виде, новое 2023г выпуска. Производитель: CHISON Medical Technologies Co., Ltd/Китай/China-Вес 24 кг.  Кол. 2 шт 
2. Всего мест-2 (2 кар.коробка)
8. Код инвестиционных проектов:000
9. Код основных сфер 001
10. 2023 г. / Медицинское оборудование: Система ультразвуковая цифровая цветная допплеровская ""Ebit 60""  с принадлежностями, модель: Ebit 60 . в",,2.0,Piece,24.0,29000.0,,,
2023-08-20,孟加拉国,中国,NOVOMED,PHILIPS MEDICAL SYSTEMS NEDERLAND N,,,,,,China,,,,90181200,MEDICAL EWUIPMENT ULTRASOUND SYSTEM MODEL: CLEARVUE 550,,3.0,NMB,240.0,32800.0,A655130,,
2023-08-19,印度,中国,MEDION HEALTHCARE PRIVATE LIMITED,SHENZHEN SPRING TECHNOLOGY INDUSTRY CO LIMITED,202-204 TOLSTOY HOUSE15 TOLSTOY MARG,,,,,China,,,JNPT/ NHAVA SHEVA SEA,90181290,SPR9000A MULTI-PARA MONITOR MEDICAL EQUIP.,,50.0,NOS,0.0,17500.0,2243042,,
2023-08-19,印度,中国,TECHNOCARE MEDISYSTEMS,SHENZHEN LE MEDICAL TECHNOLOGY CO LIMITED,SHOP NO. 1310-1311NEW  MAR KET UMARWADA,,,,,China,,,JNPT/ NHAVA SHEVA SEA,90181290,PATIENT MONITOR TM-8009B - DOCUMENT NO.:LE medical-20230715,,100.0,NOS,0.0,12000.0,4122487,,
2023-08-18,乌兹别克斯坦,中国,OOO INNOVOMED,CHISON MEDICAL TECHNOLOGIES CO LTD,,,,,,0,,,,9018120000,"1. СHISON ХВit80 COLOR DOPPLER ULTRASOUND DIAGNOSTIC SYSTEM /Система ультразвуковая цифровая цветная допплеровская ХВit80 с принадлежностями: Кол-во; 1 шт. Новый 2023 г, Производитель; CHISON Medical Technologies Co., Ltd. Китай - кол. 1 шт, вес: 108 кг
2. мест 1, 1 палетта
3. HJCU7727530/часть - Возвратный
8. 000
9. 024
10. 2023/Новый
11. 02
Общее кол. мест: 1",,1.0,Piece,108.0,35000.0,,,
2023-08-18,乌兹别克斯坦,中国,IBRAGIM KURYAZOV OCULUS' XK,CHISON MEDICAL TECHNOLOGIES CO LTD,,,,,,0,,,,9018120000,"1. CHISON CBit8 COLOR DOPPLER ULTRASOUND DIAGNOSTIC SYSTEM / Система ультразвуковая цифровая цветная допплеровская модели ""СВit8"", c принадлежностями : Кол-во; 1 шт. Новый 2023 г, Производитель; CHISON Medical Technologies Co., Ltd. Китай - кол. 1 шт, вес: 80 кг
2. мест 1, 1 палетта
3. HJCU7727530/часть - Возвратный
8. 000
9. 024
10. 2023/Новый
11. 02
Общее кол. мест: 1",,1.0,Piece,80.0,37000.0,,,
2023-08-17,印度,中国,AMITABHA MITRA,CONTEC MEDICAL SYSTEMS CO LIMITED,24 GULTEKDI INDUSTRIAL ESTATE,,,,,China,,,KOLKATA AIR,90181290,"POCKET FETAL DOPPLER, MODEL: CONTEC10B MEDICAL EQUIPMENT WITH STANDARD SPARE PARTS / ACCESSORIES / COMPONENT",,665.0,NOS,0.0,9975.0,1427383,,
2023-08-17,塔吉克斯坦,中国,OOO 'ORIEN TEHNOLOGIYA TICHORAT,XINJIANG DABULUO COMERCE TRADE CO LTD,"NISOR MAHOMED 5 | 5, KB,114",,,,,,Tajikistan (TJ),,,901812,MEDICAL ACCESSORIES,,0.0,,30.0,16.0,,,
2023-08-17,印度,中国,AMITABHA MITRA,CONTEC MEDICAL SYSTEMS CO LIMITED,24 GULTEKDI INDUSTRIAL ESTATE,,,,,China,,,KOLKATA AIR,90181290,"POCKET FETAL DOPPLER, MODEL: CONTEC10B MEDICAL EQUIPMENT WITH STANDARD SPARE PARTS / ACCESSORIES / COMPONENT",,665.0,NOS,0.0,9975.0,4854052,,
2023-08-14,乌兹别克斯坦,中国,OOO HITECH ORIENT MEDBUSINESS,WUHAN ZONCARE BIO MEDICAL ELECTRONICS CO LTD,,,,,,0,,,,9018120000,"1. Система ультразвуковая диагностика модель Zoncare Q3 с принадлежностями. В комплектацию входит:Конвекс датчик, Трансвагинал датчик. Предназначена для ультразвукового сканирования и исследования организма человека..Регистр.Удос № ТТ/Х 03721/07/20, c/н:E3294551CTO25N0001 , Новое 2023г. Производитель:WUHAN ZONCARE BIO-MEDICAL ELECTRONICS CO.,LTD Китай - кол. 1 шт, вес: 60 кг
2. мест 1, 1 дерев.ящик.
3. TGHU9269786/часть
6. /коды № E3294551CTO25N0001 /
8. 000
9. 024
10. 2023/100V-240V, 50Hz/60Hz",,1.0,Piece,60.0,5212.5,,,
2023-08-14,印度,中国,KONICA MINOLTA HEALTHCARE INDIA PRIVATE LIMITED,SINO MEDICALDEVICE TECHNOLOGY CO LIMITED,D 14TH FLOOR TOWER 5B DLF CYBERTERR ACES DLF CYBER CITY,,,,,China,,,JNPT/ NHAVA SHEVA SEA,90181290,MEDICAL EQUIP. - HIGH PRESSURE INJECTOR SINOMRI-BP APTANO: 0123111700114616 DT.21.07.2023,,1.0,SET,0.0,9200.0,3386660,,
2023-08-14,乌兹别克斯坦,中国,OOO HITECH ORIENT MEDBUSINESS,WUHAN ZONCARE BIO MEDICAL ELECTRONICS CO LTD,,,,,,0,,,,9018120000,"1. Портативный Система ультразвуковая диагностика модель Zoncare М5 с принадлежностями. В комплектацию входит:Конвекс датчик,Линейний датчик,Тележка,Сумка. Предназначена для ультразвукового сканирования и исследования организма человека..Регистр.Удос № ТТ/Х 03721/07/20, c/н:E32943114СТОХN000З Новое 2023г. Производитель:WUHAN ZONCARE BIO-MEDICAL ELECTRONICS CO.,LTD, Китай - кол. 2 шт, вес: 48 кг
2. мест 4, 4 картон.короб.
3. TGHU9269786/часть
6. /коды № E32943114СТОХN000З/
8. 000
9. 024
10. 2023",,2.0,Piece,48.0,7950.0,,,
2023-08-14,乌兹别克斯坦,中国,OOO HITECH ORIENT MEDBUSINESS,WUHAN ZONCARE BIO MEDICAL ELECTRONICS CO LTD,,,,,,0,,,,9018120000,"1. Портативный система ультразвуковая диагностика модель Zoncare М30 с принадлежностями.В комплектацию входит:Конвекс датчик,Трансвагинальная датчик. Тележка, сумка.Предназначена для ультразвукового сканирования и исследования организма человека.c/н: Е32940714СТОХN0002. Новое 2023г. Производитель: WUHAN ZONCARE BIO-MEDICAL ELECTRONICS CO.,LTD Китай - кол. 1 шт, вес: 22,5 кг
2. мест 2, 2 дерев.ящик.
3. TGHU9269786/часть
6. /коды № Е32940714СТОХN0002 /
8. 000
9. 024
10. 2023/100V-240V, 50Hz/60Hz,",,1.0,Piece,22.5,5837.5,,,
2023-08-14,乌兹别克斯坦,中国,OOO HITECH ORIENT MEDBUSINESS,WUHAN ZONCARE BIO MEDICAL ELECTRONICS CO LTD,,,,,,0,,,,9018120000,"1. Система ультразвуковая диагностика модель Zoncare Q7 с принадлежностями. В комплектацию входит:Конвекс датчик,Tрансвагинальная датчик. Предназначена для ультразвукового сканирования и исследования организма человека.Регистр.Удос № ТТ/Х 01792/05/18.с/н: E3294361CTO20N0001, E3294361CTO20N0002. Новое 2023г. Производитель:WUHAN ZONCARE BIO-MEDICAL ELECTRONICS CO.,LTD Китай. - кол. 2 шт, вес: 156 кг
2. мест 2, 2 дерев.ящик.
3. TGHU9269786/часть
6. /коды № E3294361CTO20N0001, E3294361CTO20N0002 /",,2.0,Piece,156.0,11025.0,,,
2023-08-14,印度,中国,KONICA MINOLTA HEALTHCARE INDIA PRIVATE LIMITED,SINO MEDICALDEVICE TECHNOLOGY CO LIMITED,D 14TH FLOOR TOWER 5B DLF CYBERTERR ACES DLF CYBER CITY,,,,,China,,,JNPT/ NHAVA SHEVA SEA,90181290,MEDICAL EQUIP. - HIGH PRESSURE INJECTOR SINOMRI-BP APTANO: 0123111700114616 DT.21.07.2023,,1.0,SET,0.0,9200.0,8288163,,
2023-08-14,乌兹别克斯坦,中国,OOO HITECH ORIENT MEDBUSINESS,WUHAN ZONCARE BIO MEDICAL ELECTRONICS CO LTD,,,,,,0,,,,9018120000,"1. Система ультразвуковая диагностика модель Zoncare Q3 с принадлежностями. В комплектацию входит:Конвекс датчик, Трансвагинал датчик. Предназначена для ультразвукового сканирования и исследования организма человека..Регистр.Удос № ТТ/Х 03721/07/20, c/н:E3294551CTO25N0002,E3294551CTO25N0003,E3294551CTO25N0004., Новое 2023г. Производитель:WUHAN ZONCARE BIO-MEDICAL ELECTRONICS CO.,LTD Китай - кол. 3 шт, вес: 180 кг
2. мест 3, 3 дерев.ящик.
3. TGHU9269786/часть
6. /коды № E3294551CTO25N0002, E3294",,3.0,Piece,180.0,15637.5,,,
2023-08-14,印度,中国,KONICA MINOLTA HEALTHCARE INDIA PRIVATE LIMITED,SINO MEDICALDEVICE TECHNOLOGY CO LIMITED,D 14TH FLOOR TOWER 5B DLF CYBERTERR ACES DLF CYBER CITY,,,,,China,,,JNPT/ NHAVA SHEVA SEA,90181290,MEDICAL EQUIP. - HIGH PRESSURE INJECTOR DUAL HEAD SINOPOWER-D APTA NO: 0123111700114616 DT.21.07.2023,,2.0,SET,0.0,10600.0,8671616,,
2023-08-14,印度,中国,TECHNOCARE MEDISYSTEMS,SHENZHEN LE MEDICAL TECHNOLOGY CO LIMITED,C-40/41 OKHLA INDUSTRIAL AREAPHA SE-II,,,,,China,,,SAHAR AIR,90181290,CARDIAC MONITOR - DOCUMENT NO.:LE medical-20230727,,100.0,NOS,0.0,25000.0,5115724,,
2023-08-11,印度,中国,MEDIMART MEDICAL SYSTEMS PRIVATE LIMITED,SZ HUGEMED MED TECH DEV CO LIMITED,C/O IVALUE CONSULTING PLOT.314QUT AB PLAZADLF PHASE I GURGOAN,,,,,China,,,CHENNAI AIR,90181290,"SINGLE USE VIDEO URETEROSCOPE SYSTEM COMPLETE SET- HU30S, US& IMAGE PROCESSOR, HUV-01 EU 249 PCS MEDICAL PARTS",,20.0,SET,0.0,60000.0,4455523,,
2023-08-09,越南,中国,CÔNG TY TNHH XUẤT NHẬP KHẨU THIẾT BỊ Y TẾ MAI GIA,SONOSCAPE MEDICAL CORP,"4th Floor, Hud3 Tower Building, No. 121-123 To Hieu Street, Nguyen Trai Ward, Ha Dong District, Hanoi City","2F, 12TH BUILDING,SHENZHEN SOFTWARE, PARK PHASE II,KEJI MIDDLE 2ND ROAD, NANSHAN DISTRICT,SHENZHEN,518057, GUANGDONG",,,,China,,HONG KONG,HA NOI,90181200,"Diagnostic ultrasound machine, type: P20, including 1 DVD drive, 1 Curved Array 3C-A probe, 1 Curved Array VC6-2 probe, hsx:SONOSCAPE MEDICAL CORP, 100% new,Máy siêu âm chẩn đoán,chủng loại: P20, gồm 1 ổ đĩa DVD,1 đầu dò Curved Array 3C-A,  1 đầu dò Curved Array VC6-2, hsx:SONOSCAPE MEDICAL CORP, mới 100%",,1.0,Pieces,0.0,10500.0,FAM54884830,,
2023-08-09,越南,中国,CÔNG TY TNHH XUẤT NHẬP KHẨU THIẾT BỊ Y TẾ MAI GIA,SONOSCAPE MEDICAL CORP,"4th Floor, Hud3 Tower Building, No. 121-123 To Hieu Street, Nguyen Trai Ward, Ha Dong District, Hanoi City","2F, 12TH BUILDING,SHENZHEN SOFTWARE, PARK PHASE II,KEJI MIDDLE 2ND ROAD, NANSHAN DISTRICT,SHENZHEN,518057, GUANGDONG",,,,China,,HONG KONG,HA NOI,90181200,"Diagnostic ultrasound machine, type: P20, including 1 DVD drive, 1 Curved Array VC6-2 probe, 1 Curved Array 3C-A probe, 1 Linear Array L742 probe, 1 Micro-Curved Array 6V3 probe, hsx:SONOSCAPE MEDICAL CORP, 100% new,Máy siêu âm chẩn đoán,chủng loại:P20, gồm1 ổ đĩa DVD,1đầu dò Curved Array VC6-2,1 đầu dò Curved Array 3C-A,1đầu dò Linear Array L742, 1đầu dò Micro-Curved Array 6V3,hsx:SONOSCAPE MEDICAL CORP,mới 100%",,4.0,Pieces,0.0,54800.0,FAM54884830,,
2023-08-09,乌兹别克斯坦,中国,ООО AZZA MED,CHISON MEDICAL TECHNOLOGIES CO LTD,,,,,,0,,,,9018120000,"1. Медицинское оборудование: Система ультразвуковая цифровая цветная допплеровская ""Ebit 60""  с принадлежностями, модель: Ebit 60 . в разобранном виде, новое 2023г выпуска. Производитель: CHISON Medical Technologies Co., Ltd/Китай/China-Вес 24 кг.  Кол. 2 шт 
2. Всего мест-2 (2 кар.коробка)
8. Код инвестиционных проектов:000
9. Код основных сфер 001
10. 2023 г. / Медицинское оборудование: Система ультразвуковая цифровая цветная допплеровская ""Ebit 60""  с принадлежностями, модель: Ebit 60 . в",,2.0,Piece,24.0,29000.0,,,
2023-08-09,乌兹别克斯坦,中国,ООО AZZA MED,CHISON MEDICAL TECHNOLOGIES CO LTD,,,,,,0,,,,9018120000,"1. Медицинское оборудование: Система ультразвуковая диагностическая с цветным доплером моделей ""QBit 9""  с принадлежностями, модель: QBit 9 . в разобранном виде, новое 2023г выпуска. Производитель: CHISON Medical Technologies Co., Ltd/Китай/China-Вес 172 кг.  Кол. 2 шт 
2. Всего мест-2 (2 дерев. ящик)
8. Код инвестиционных проектов:000
9. Код основных сфер 001
10. 2023 г. / Медицинское оборудование: Система ультразвуковая диагностическая с цветным доплером моделей ""QBit 9""  с принадлежностям",,2.0,Piece,162.0,15000.0,,,
2023-08-09,越南,中国,CÔNG TY TNHH XUẤT NHẬP KHẨU THIẾT BỊ Y TẾ MAI GIA,SONOSCAPE MEDICAL CORP,"4th Floor, Hud3 Tower Building, No. 121-123 To Hieu Street, Nguyen Trai Ward, Ha Dong District, Hanoi City","2F, 12TH BUILDING,SHENZHEN SOFTWARE, PARK PHASE II,KEJI MIDDLE 2ND ROAD, NANSHAN DISTRICT,SHENZHEN,518057, GUANGDONG",,,,China,,HONG KONG,HA NOI,90181200,"Diagnostic ultrasound machine, type: E1 EXP, including 1 Curved Array C361 probe, 1 Linear Array L741 probe, hsx:SONOSCAPE MEDICAL CORP, 100% new,Máy siêu âm chẩn đoán,chủng loại: E1 EXP, gồm 1 đầu dò Curved Array C361,  1 đầu dò Linear Array L741, hsx:SONOSCAPE MEDICAL CORP, mới 100%",,1.0,Pieces,0.0,3900.0,FAM54884830,,
2023-08-04,印度,中国,KONICA MINOLTA HEALTHCARE INDIA PRIVATE LIMITED,EDAN INSTRUMENTS INC,UNIT NO.9 9TH FLOOR NORTH WINGG ODREJ ONE PIROJSHAH NAGAR VIKHROLI EAST,,,,,China,,,SAHAR AIR,90181290,Convex array transducer: C5-2Q vet MEDICAL EQUIP. APTA NO: B231923672010014 DT. 03.08.2023,,5.0,PCS,0.0,2750.0,6343686,,
2023-08-04,印度,中国,KONICA MINOLTA HEALTHCARE INDIA PRIVATE LIMITED,EDAN INSTRUMENTS INC,OFFICE NO.201 2ND FLOOR ATRIUM 2 ANDHERI KURLA ROAD CHAKALA ANDHERI EAST,,,,,China,,,SAHAR AIR,90181290,Micro convex array transducer:MC9-3TQ MEDICAL EQUIP. APTA NO: B231923672010014 DT. 03.08.2023,,5.0,PCS,0.0,2750.0,5874485,,
2023-08-04,印度,中国,KONICA MINOLTA HEALTHCARE INDIA PRIVATE LIMITED,EDAN INSTRUMENTS INC,1120-21 11TH FLOORTOWER-ADLF TO WER DISTRICT CENTRE JASOLA,,,,,China,,,SAHAR AIR,90181290,Micro convex array transducer:MC8-4Q MEDICAL EQUIP. APTA NO: B231923672010014 DT. 03.08.2023,,10.0,PCS,0.0,5500.0,4177774,,
2023-08-04,印度,中国,KONICA MINOLTA HEALTHCARE INDIA PRIVATE LIMITED,EDAN INSTRUMENTS INC,1120-21 11TH FLOORTOWER-ADLF TO WER DISTRICT CENTRE JASOLA,,,,,China,,,SAHAR AIR,90181290,Linear array transducer: L12-5Qvet MEDICAL EQUIP. APTA NO: B231923672010014 DT. 03.08.2023,,5.0,PCS,0.0,2750.0,7050767,,
2023-08-03,越南,中国,CÔNG TY CỔ PHẦN THIẾT BỊ Y TẾ VIỆT NHẬT,SONOSCAPE MEDICAL CORP,"24th Floor, Icon4 Building, 243A De La Thanh, Lang Thuong Ward, Dong Da District, Hanoi City, Vietnam","ROOM 201 & 202, 12TH BUILDING, SHENZHEN SOFTWARE PARK PHASE II, 1 KEJI MIDDLE 2ND ROAD, YUEHAI, SUBDISTRICT, NANSHAN,SHENZHEN, CN",,,,China,,HONG KONG,HA NOI,90181200,"Ultrasound machine for medical use, model: P12 Elite. Hsx: Sonoscape Medical Corp. From China. New 100%,Máy siêu âm dùng trong y tế, model: P12 Elite. Hsx: Sonoscape Medical Corp. Xuất xứ: Trung Quốc. Hàng mới 100%",,1.0,Set,0.0,12000.0,HKHAN0952215,,
2023-08-03,越南,中国,CÔNG TY CỔ PHẦN THIẾT BỊ Y TẾ VIỆT NHẬT,SONOSCAPE MEDICAL CORP,"24th Floor, Icon4 Building, 243A De La Thanh, Lang Thuong Ward, Dong Da District, Hanoi City, Vietnam","ROOM 201 & 202, 12TH BUILDING, SHENZHEN SOFTWARE PARK PHASE II, 1 KEJI MIDDLE 2ND ROAD, YUEHAI, SUBDISTRICT, NANSHAN,SHENZHEN, CN",,,,China,,HONG KONG,HA NOI,90181200,"Ultrasound machine for medical use, model: P12 Elite. Hsx: Sonoscape Medical Corp. From China. 100% Brand New (FOC),Máy siêu âm dùng trong y tế, model: P12 Elite. Hsx: Sonoscape Medical Corp. Xuất xứ: Trung Quốc. Hàng mới 100% (FOC)",,1.0,Set,0.0,0.0,HKHAN0952215,,
2023-08-02,印度,中国,ASTER DM HEALTHCARE LIMITED,WIPRO GE HEALTHCARE PRIVATE LIMITED,GROUND FLOOR ELEGANCE TOWERPLOT NO.8 JASOLA DISTRICT CENTRE,,,,,China,,,COCHIN AIR,90181290,"VERSANA ACTIVE COLOR DOPPLER USG SYS WITH 3 PROBES LINEAR,CONVEX AND CARDIAC MEDICAL EQUIP. S FOR HOSPITAL USE",,1.0,PCS,0.0,14450.0,3584645,,
2023-08-02,印度,中国,ASTER DM HEALTHCARE LIMITED,WIPRO GE HEALTHCARE PRIVATE LIMITED,IX/475L ASTER MEDCITY KUTTISAHIB ROAD NEAR KOTHAD BRIDGE SOUTH CHITTOOR P O CHERANALLOOR,,,,,China,,,COCHIN AIR,90181290,"VERSANA ACTIVE COLOR DOPPLER USG SYS WITH 3 PROBES LINEAR,CONVEX AND CARDIAC MEDICAL EQUIP. S FOR HOSPITAL USE",,1.0,PCS,0.0,14450.0,4055106,,
2023-07-31,乌兹别克斯坦,中国,OOO MEDSPACE SOLUTIONS,CHISON MEDICAL TECHNOLOGIES CO LTD,,,,,,0,,,,9018120000,"1. CHISON QBit 9 COLOR DOPPLER ULTRASOUND DIAGNOSTIC SYSTEM/Система ультразвуковая цветная допплеровская QBit 9 с принадлежностями. Производитель-CHISON Medical Technologies Co.,Ltd - кол. 6 шт, вес: 464 кг
2. мест 7, 7 картон.короб.
8. 000
9. 000
10. 2023/Новый
11. 02
Общее кол. мест: 7",,6.0,Piece,464.0,48900.0,,,
2023-07-28,乌兹别克斯坦,中国,OOO MEDSPACE SOLUTIONS,CHISON MEDICAL TECHNOLOGIES CO LTD,,,,,,0,,,,9018120000,"1. CHISON СBit 9 COLOR DOPPLER ULTRASOUND DIAGNOSTIC SYSTEM/Система ультразвуковая цветная допплеровская СBit 9 с принадлежностями. Производитель-CHISON Medical Technologies Co.,Ltd - кол. 1 шт, вес: 86 кг
2. мест 1, 1 дерев.ящик.
8. 000
9. 000
10. 2023/Новый
11. 02
Общее кол. мест: 1",,1.0,Piece,86.0,12500.0,,,
2023-07-28,越南,中国,CÔNG TY CỔ PHẦN XUẤT NHẬP KHẨU THIẾT BỊ Y TẾ HOÀN MỸ,SONOSCAPE MEDICAL CORP,"A8 Lot 12 Dinh Cong Street, Dinh Cong Ward, Hoang Mai District, Hanoi City, Vietnam","2F, 12TH BUILING,SHENZHEN, SOFTWARE PARK PHASE II, KEJI MIDDLE, 2ND ROAD,NANSHAN DISTRICT, SHENZHEN,518057",,,,China,,HONG KONG,HA NOI,90181200,"Hệ thống siêu âm chẩn đoán màu, mã: E2, phụ kiện: đầu dò tim 3P-A, đầu dò âm đạo 6V1, dùng trong y tế. HSX: Sonoscape Medical Corp, hàng mới100%,Color diagnostic ultrasound system, code: E2, accessories: cardiac probe 3P-A, vaginal probe 6V1, medical use. HSX: Sonoscape Medical Corp, 100% brand new",,2.0,Pieces,0.0,9600.0,SE2303194,,
2023-07-28,乌兹别克斯坦,中国,OOO MEDSPACE SOLUTIONS,CHISON MEDICAL TECHNOLOGIES CO LTD,,,,,,0,,,,9018120000,"1. CHISON ECO3 EXPERT ULTRASOUND DIAGNOSTIC SYSTEM/Ультразвуковая диагностическая система ECO3 EXPERT с принадлежностями. Производитель-CHISON Medical Technologies Co.,Ltd - кол. 1 шт, вес: 26 кг
2. мест 2, 2 дерев.ящик.
8. 000
9. 000
10. 2023/Новый
11. 02
Общее кол. мест: 2",,1.0,Piece,26.0,5250.0,,,
2023-07-28,乌兹别克斯坦,中国,OOO MEDSPACE SOLUTIONS,CHISON MEDICAL TECHNOLOGIES CO LTD,,,,,,0,,,,9018120000,"1. CHISON СBit 10 COLOR DOPPLER ULTRASOUND DIAGNOSTIC SYSTEM/Система ультразвуковая цветная допплеровская СBit 10 с принадлежностями. Производитель-CHISON Medical Technologies Co.,Ltd - кол. 5 шт, вес: 430 кг
2. мест 5, 5 дерев.ящик.
8. 000
9. 000
10. 2023/Новый
11. 02
Общее кол. мест: 5",,5.0,Piece,430.0,83500.0,,,
2023-07-28,乌兹别克斯坦,中国,OOO MEDSPACE SOLUTIONS,CHISON MEDICAL TECHNOLOGIES CO LTD,,,,,,0,,,,9018120000,"1. CHISON EBit 60 COLOR DOPPLER ULTRASOUND DIAGNOSTIC SYSTEM/Система ультразвуковая цветная допплеровская EBit 60 с принадлежностями. Производитель-CHISON Medical Technologies Co.,Ltd - кол. 4 шт, вес: 88 кг
2. мест 6, 6 дерев.ящик.
8. 000
9. 000
10. 2023/Новый
11. 02
Общее кол. мест: 6",,4.0,Piece,88.0,25200.0,,,
2023-07-25,巴基斯坦,中国,MEDICAL EQUIPMENT SYSTEMS,MR GLOBAL HK LIMITED,60/61 FCC SYED MARATIB ALI ROAD GULBERG IV  ,,,,,China,,,KAPW,90181200,"MEDICAL EQUIPMENT  
ULTRASOUND SYSTEM  DP 
 WITH ALL STANDARD ACCESSORIES",,5.0,u,0.0,5250.0,,,
2023-07-25,乌兹别克斯坦,中国,ООО TRUST MEDICAL EQUIPMENT,SONOSCAPE MEDICAL CORP,,,,,,0,,,,9018120000,"1. P9 Elite Color Doppler Diagnostic Ultrasound System - 21.5"" High Resolution Medical Monitor With Wifi Module, Linear array L741, Convex array 3C-A.  P9 Elite Color Doppler Diagnostic Ultrasound System - 21.5"" High Resolution Medical Monitor With Wifi Module, Linear array L741, Convex array 3C-A, Micro-convex array C613, Система  ультразвуковая цифравая цветная допплеровская система модель ""P9 Elite""-3 шт, с принадлежностями. Производитель: ""SONOSCAPE MEDICAL CORP"". Произвидено: 2023г.  - кол",,3.0,Piece,204.0,17250.0,,,
2023-07-21,印度,中国,KONICA MINOLTA HEALTHCARE INDIA PRIVATE LIMITED,EDAN INSTRUMENTS INC,OFFICE NO.201 2ND FLOOR ATRIUM 2 ANDHERI KURLA ROAD CHAKALA ANDHERI EAST,,,,,China,,,SAHAR AIR,90181290,Convex array transducer:C5-2Q MEDICAL EQUIP. APTA NO:B231923672010013 DT. 19.07.2023,,5.0,NOS,0.0,2750.0,8076275,,
2023-07-21,印度,中国,KONICA MINOLTA HEALTHCARE INDIA PRIVATE LIMITED,EDAN INSTRUMENTS INC,OFFICE NO.201 2ND FLOOR ATRIUM 2 ANDHERI KURLA ROAD CHAKALA ANDHERI EAST,,,,,China,,,SAHAR AIR,90181290,Convex array transducer:C5-2Q MEDICAL EQUIP. APTA NO:B231923672010013 DT. 19.07.2023,,5.0,NOS,0.0,2750.0,0422177,,
2023-07-17,印度,中国,KONICA MINOLTA HEALTHCARE INDIA PRIVATE LIMITED,EDAN INSTRUMENTS INC,OFFICE NO.201 2ND FLOOR ATRIUM 2 ANDHERI KURLA ROAD CHAKALA ANDHERI EAST,,,,,China,,,JNPT/ NHAVA SHEVA SEA,90181290,CONVEX ARRAY TRANSDUCER C5-2Q MEDICAL EQUIP. APTA NO.B231923672010012 DT.11.07.2023,,20.0,NOS,0.0,10000.0,1683433,,
2023-07-17,印度,中国,KONICA MINOLTA HEALTHCARE INDIA PRIVATE LIMITED,EDAN INSTRUMENTS INC,OFFICE NO.201 2ND FLOOR ATRIUM 2 ANDHERI KURLA ROAD CHAKALA ANDHERI EAST,,,,,China,,,JNPT/ NHAVA SHEVA SEA,90181290,ENDOCAVITY ARRAY TRANSDUCER : E8-4Q MEDICAL EQUIP. APTA NO.B231923672010012 DT.11.07.2023,,8.0,NOS,0.0,4000.0,7182154,,
2023-07-17,乌克兰,中国,ТОВ САНТЕ ІНТЕГРАЛЬ,VEGA SP Z,,,,,,China,,,,9018120000,"1.Медичні вироби.Апаратура для ультразвукового сканування:Color Doppler WiFi Linear Probe 10-14mzh C10CS (Портативна ультразвукова система модель C10CS)-2шт.Комплектація згідно інструкції.Згідно Технічного регламентущо до медичніх виробів затвердженного постановою КМУ від 02. 10.2013р. № 753.Відповідне маркування присутнє. Клас ризику 2а. Виробник:ТОВ ""САНТЕ ІНТЕГРАЛЬ"". Торговельна марка: BEIJING KONTED MEDICAL. Країна виробництва CN",,1.86,кг,1.86,3279.9984,,,
2023-07-17,印度,中国,KONICA MINOLTA HEALTHCARE INDIA PRIVATE LIMITED,SHANTOU INSTITUTE OF ULTRASONIC INS,OFFICE NO.201 2ND FLOOR ATRIUM 2 ANDHERI KURLA ROAD CHAKALA ANDHERI EAST,,,,,China,,,JNPT/ NHAVA SHEVA SEA,90181290,V6I11F TRANSVAGINAL PROBE MEDICAL EQUIP. APTA CERT NO.B234559428030002 DT.06.07.2023,,10.0,NOS,0.0,8000.0,1177307,,
2023-07-17,印度,中国,KONICA MINOLTA HEALTHCARE INDIA PRIVATE LIMITED,SHANTOU INSTITUTE OF ULTRASONIC INS,OFFICE NO.201 2ND FLOOR ATRIUM 2 ANDHERI KURLA ROAD CHAKALA ANDHERI EAST,,,,,China,,,JNPT/ NHAVA SHEVA SEA,90181290,C3I60F CONVEX PROBE MEDICAL EQUIP. APTA CERT NO. B234559428030002 DT.06.07.2023,,10.0,NOS,0.0,8000.0,7366515,,
2023-07-17,乌兹别克斯坦,中国,OOO HITECH ORIENT MEDBUSINESS,WUHAN ZONCARE BIO MEDICAL ELECTRONICS CO LTD,,,,,,0,,,,9018120000,"1. Система ультразвуковая диагностика модель Zoncare Q7 с принадлежностями. В комплектацию входит:Конвекс датчик,Tрансвагинальная датчик. Предназначена для ультразвукового сканирования и исследования организма человека.Регистр.Удос № ТТ/Х 01792/05/18.с/н: E3294361CTO20N0001, E3294361CTO20N0002. Новое 2023г. Производитель:WUHAN ZONCARE BIO-MEDICAL ELECTRONICS CO.,LTD Китай. - кол. 2 шт, вес: 156 кг
2. мест 2, 2 дерев.ящик.
3. TGHU9269786/часть
6. /коды № E3294361CTO20N0001, E3294361CTO20N0002 /",,2.0,Piece,156.0,11025.0,,,
2023-07-17,印度,中国,KONICA MINOLTA HEALTHCARE INDIA PRIVATE LIMITED,SHANTOU INSTITUTE OF ULTRASONIC INS,OFFICE NO.201 2ND FLOOR ATRIUM 2 ANDHERI KURLA ROAD CHAKALA ANDHERI EAST,,,,,China,,,JNPT/ NHAVA SHEVA SEA,90181290,ULTRASOUND SCANNER CTS-5000 MEDICAL EQUIP. APTA CERT NO. B234559428030002 DT.06.07.2023,,10.0,UNT,0.0,24000.0,7734123,,
2023-07-17,乌兹别克斯坦,中国,OOO HITECH ORIENT MEDBUSINESS,WUHAN ZONCARE BIO MEDICAL ELECTRONICS CO LTD,,,,,,0,,,,9018120000,"1. Система ультразвуковая диагностика модель Zoncare Q3 с принадлежностями. В комплектацию входит:Конвекс датчик ТP 50, Трансвагинал датчик TP 16. Предназначена для ультразвукового сканирования и исследования организма человека..Регистр.Удос № ТТ/Х 03721/07/20, c/н:E3294551CTO25N0001 , Новое 2023г. Производитель:WUHAN ZONCARE BIO-MEDICAL ELECTRONICS CO.,LTD Китай - кол. 1 шт, вес: 60 кг
2. мест 1, 1 дерев.ящик.
3. TGHU9269786/часть
6. /коды № E3294551CTO25N0001 /
8. 000
9. 024
10. 2023/100V-240",,1.0,Piece,60.0,5212.5,,,
2023-07-17,印度,中国,KONICA MINOLTA HEALTHCARE INDIA PRIVATE LIMITED,SHANTOU INSTITUTE OF ULTRASONIC INS,OFFICE NO.201 2ND FLOOR ATRIUM 2 ANDHERI KURLA ROAD CHAKALA ANDHERI EAST,,,,,China,,,JNPT/ NHAVA SHEVA SEA,90181290,CONVEX PROBE C3LC FOR CD35 MEDICAL EQUIP. APTA CERT NO. B234559428030002 DT.06.07.2023,,4.0,NOS,0.0,6000.0,6848726,,
2023-07-17,印度,中国,KONICA MINOLTA HEALTHCARE INDIA PRIVATE LIMITED,SHANTOU INSTITUTE OF ULTRASONIC INS,OFFICE NO.201 2ND FLOOR ATRIUM 2 ANDHERI KURLA ROAD CHAKALA ANDHERI EAST,,,,,China,,,JNPT/ NHAVA SHEVA SEA,90181290,VAGINAL PROBE V6LC FOR CD35 MEDICAL EQUIP. APTA CERT NO. B234559428030002 DT.06.07.2023,,5.0,NOS,0.0,7500.0,1744277,,
2023-07-17,印度,中国,KONICA MINOLTA HEALTHCARE INDIA PRIVATE LIMITED,SHANTOU INSTITUTE OF ULTRASONIC INS,OFFICE NO.201 2ND FLOOR ATRIUM 2 ANDHERI KURLA ROAD CHAKALA ANDHERI EAST,,,,,China,,,JNPT/ NHAVA SHEVA SEA,90181290,COLOR DOPPLER ULTRASOUND SYSTEM AEROSCAN CD35 MEDICAL EQUIP. APTA CERT NO. B234559428030002 DT.06.07.2023,,5.0,UNT,0.0,22500.0,1624378,,
2023-07-17,印度,中国,KONICA MINOLTA HEALTHCARE INDIA PRIVATE LIMITED,SHANTOU INSTITUTE OF ULTRASONIC INS,OFFICE NO.201 2ND FLOOR ATRIUM 2 ANDHERI KURLA ROAD CHAKALA ANDHERI EAST,,,,,China,,,JNPT/ NHAVA SHEVA SEA,90181290,PHASED ARRAY PROBE P3FC FOR CD35 MEDICAL EQUIP. APTA CERT NO. B234559428030002 DT.06.07.2023,,1.0,NOS,0.0,1500.0,8588534,,
2023-07-17,印度,中国,KONICA MINOLTA HEALTHCARE INDIA PRIVATE LIMITED,EDAN INSTRUMENTS INC,OFFICE NO.201 2ND FLOOR ATRIUM 2 ANDHERI KURLA ROAD CHAKALA ANDHERI EAST,,,,,China,,,JNPT/ NHAVA SHEVA SEA,90181290,LINEAR ARRAY TRANSDUCER : L12-5Q MEDICAL EQUIP. APTA NO.B231923672010012 DT.11.07.2023,,10.0,NOS,0.0,5000.0,7403037,,
2023-07-17,印度,中国,KONICA MINOLTA HEALTHCARE INDIA PRIVATE LIMITED,SHANTOU INSTITUTE OF ULTRASONIC INS,OFFICE NO.201 2ND FLOOR ATRIUM 2 ANDHERI KURLA ROAD CHAKALA ANDHERI EAST,,,,,China,,,JNPT/ NHAVA SHEVA SEA,90181290,LINEAR PROBE L8LC FOR CD35 MEDICAL EQUIP. APTA CERT NO. B234559428030002 DT.06.07.2023,,5.0,NOS,0.0,7500.0,5333781,,
2023-07-17,印度,中国,KONICA MINOLTA HEALTHCARE INDIA PRIVATE LIMITED,EDAN INSTRUMENTS INC,OFFICE NO.201 2ND FLOOR ATRIUM 2 ANDHERI KURLA ROAD CHAKALA ANDHERI EAST,,,,,China,,,JNPT/ NHAVA SHEVA SEA,90181290,ACCLARIX LX3 DIAGNOSTIC ULTRASOUND SYSTEM MEDICAL EQUIP. APTA NO. B231923672010012 DT.11.07.2023,,10.0,NOS,0.0,56700.0,2541251,,
2023-07-17,印度,中国,KONICA MINOLTA HEALTHCARE INDIA PRIVATE LIMITED,EDAN INSTRUMENTS INC,OFFICE NO.201 2ND FLOOR ATRIUM 2 ANDHERI KURLA ROAD CHAKALA ANDHERI EAST,,,,,China,,,JNPT/ NHAVA SHEVA SEA,90181290,ENDOCAVITY ARRAY TRANSDUCER : E10-3HQ MEDICAL EQUIP. APTA NO.B231923672010012 DT.11.07.2023,,10.0,NOS,0.0,10000.0,2005577,,
2023-07-17,印度,中国,KONICA MINOLTA HEALTHCARE INDIA PRIVATE LIMITED,EDAN INSTRUMENTS INC,OFFICE NO.201 2ND FLOOR ATRIUM 2 ANDHERI KURLA ROAD CHAKALA ANDHERI EAST,,,,,China,,,JNPT/ NHAVA SHEVA SEA,90181290,CONVEX ARRAY TRANSDUCER C5-2Q MEDICAL EQUIP. APTA NO.B231923672010012 DT.11.07.2023,,20.0,NOS,0.0,10000.0,6182325,,
2023-07-17,印度,中国,KONICA MINOLTA HEALTHCARE INDIA PRIVATE LIMITED,SHANTOU INSTITUTE OF ULTRASONIC INS,OFFICE NO.201 2ND FLOOR ATRIUM 2 ANDHERI KURLA ROAD CHAKALA ANDHERI EAST,,,,,China,,,JNPT/ NHAVA SHEVA SEA,90181290,C3I60F CONVEX PROBE MEDICAL EQUIP. APTA CERT NO. B234559428030002 DT.06.07.2023,,10.0,NOS,0.0,8000.0,1217355,,
2023-07-17,印度,中国,KONICA MINOLTA HEALTHCARE INDIA PRIVATE LIMITED,EDAN INSTRUMENTS INC,OFFICE NO.201 2ND FLOOR ATRIUM 2 ANDHERI KURLA ROAD CHAKALA ANDHERI EAST,,,,,China,,,JNPT/ NHAVA SHEVA SEA,90181290,CONVEX ARRAY TRANSDUCER C5-2Q MEDICAL EQUIP. APTA NO.B231923672010012 DT.11.07.2023,,10.0,NOS,0.0,5000.0,3275678,,
2023-07-17,乌兹别克斯坦,中国,OOO HITECH ORIENT MEDBUSINESS,WUHAN ZONCARE BIO MEDICAL ELECTRONICS CO LTD,,,,,,0,,,,9018120000,"1. Портативный система ультразвуковая диагностика модель Zoncare М30 с принадлежностями.В комплектацию входит:Конвекс датчик модель:3С5PD,Трансвагинальная датчик модель:6Е1PD. Тележка, сумка.Предназначена для ультразвукового сканирования и исследования организма человека.c/н: Е32940714СТОХN0002. Новое 2023г. Производитель: WUHAN ZONCARE BIO-MEDICAL ELECTRONICS CO.,LTD Китай - кол. 1 шт, вес: 22,5 кг
2. мест 2, 2 дерев.ящик.
3. TGHU9269786/часть
6. /коды № Е32940714СТОХN0002 /
8. 000
9. 024
10.",,1.0,Piece,22.5,5837.5,,,
2023-07-17,乌兹别克斯坦,中国,OOO HITECH ORIENT MEDBUSINESS,WUHAN ZONCARE BIO MEDICAL ELECTRONICS CO LTD,,,,,,0,,,,9018120000,"1. Портативный Система ультразвуковая диагностика модель Zoncare М5 с принадлежностями. В комплектацию входит:Конвекс датчик модель:TP50,Линейний датчик модель: TP40,Тележка,Сумка. Предназначена для ультразвукового сканирования и исследования организма человека.Регистр.Удос № ТТ/Х 03721/07/20, c/н:E32943114СТОХN000З,E32943114СТОХN0006. Новое 2023г.Производитель:WUHAN ZONCARE BIO-MEDICAL ELECTRONICS CO.,LTD, Китай - кол. 2 шт, вес: 48 кг
2. мест 4, 4 картон.короб.
3. TGHU9269786/часть
6. /коды №",,2.0,Piece,48.0,7950.0,,,
2023-07-17,印度,中国,KONICA MINOLTA HEALTHCARE INDIA PRIVATE LIMITED,EDAN INSTRUMENTS INC,OFFICE NO.201 2ND FLOOR ATRIUM 2 ANDHERI KURLA ROAD CHAKALA ANDHERI EAST,,,,,China,,,JNPT/ NHAVA SHEVA SEA,90181290,PHASED ARRAY TRANSDUCER : P5-1Q MEDICAL EQUIP. APTA NO.B231923672010012 DT.11.07.2023,,10.0,NOS,0.0,5000.0,8757738,,
2023-07-17,印度,中国,KONICA MINOLTA HEALTHCARE INDIA PRIVATE LIMITED,EDAN INSTRUMENTS INC,OFFICE NO.201 2ND FLOOR ATRIUM 2 ANDHERI KURLA ROAD CHAKALA ANDHERI EAST,,,,,China,,,JNPT/ NHAVA SHEVA SEA,90181290,AEROSCAN COLOR DOPPLER CD 10 PRO DIAGNOSTIC ULTRASOUND SYSTEM MEDICAL EQUIP. APTA NO.B231923672010012 DT.11.07.202,,20.0,NOS,0.0,80600.0,3304522,,
2023-07-17,乌克兰,中国,ТОВ САНТЕ ІНТЕГРАЛЬ,VEGA SP Z,,,,,,China,,,,9018120000,"1.Медичні вироби.Апаратура для ультразвукового сканування:Portable ultrasound system (Портативна ультразвукова система:модель C10RL-12шт.модель C10UL-1шт.,Комплектація згідно інструкції.Згідно Технічного регламентущо до медичніх виробів затвердженного постановою КМУ від 02. 10.2013р. № 753.Відповідне маркування присутнє. Клас ризику 2а. Виробник:ТОВ ""САНТЕ ІНТЕГРАЛЬ"". Торговельна марка: BEIJING KONTED MEDICAL. Країна виробництва CN",,10.23,кг,10.23,17879.994,,,
2023-07-17,印度,中国,KONICA MINOLTA HEALTHCARE INDIA PRIVATE LIMITED,SHANTOU INSTITUTE OF ULTRASONIC INS,OFFICE NO.201 2ND FLOOR ATRIUM 2 ANDHERI KURLA ROAD CHAKALA ANDHERI EAST,,,,,China,,,JNPT/ NHAVA SHEVA SEA,90181290,ULTRASOUND SCANNER CTS-5000 MEDICAL EQUIP. APTA CERT NO. B234559428030002 DT.06.07.2023,,10.0,UNT,0.0,24000.0,4028702,,
2023-07-17,乌兹别克斯坦,中国,OOO HITECH ORIENT MEDBUSINESS,WUHAN ZONCARE BIO MEDICAL ELECTRONICS CO LTD,,,,,,0,,,,9018120000,"1. Система ультразвуковая диагностика модель Zoncare Q3 с принадлежностями. В комплектацию входит:Конвекс датчик модель: TP50, Линейный датчик TP40. Предназначена для ультразвукового сканирования и исследования организма человека..Регистр.Удос № ТТ/Х 03721/07/20, c/н:E3294551CTO25N0002,E3294551CTO25N0003,E3294551CTO25N0004., Новое 2023г. Производитель:WUHAN ZONCARE BIO-MEDICAL ELECTRONICS CO.,LTD Китай - кол. 3 шт, вес: 180 кг
2. мест 3, 3 дерев.ящик.
3. TGHU9269786/часть
6. /коды № E3294551CTO",,3.0,Piece,180.0,15637.5,,,
2023-07-17,印度,中国,KONICA MINOLTA HEALTHCARE INDIA PRIVATE LIMITED,EDAN INSTRUMENTS INC,OFFICE NO.201 2ND FLOOR ATRIUM 2 ANDHERI KURLA ROAD CHAKALA ANDHERI EAST,,,,,China,,,JNPT/ NHAVA SHEVA SEA,90181290,LINEAR ARRAY TRANSDUCER L12-5Q MEDICAL EQUIP. APTA NO.B231923672010012 DT.11.07.2023,,12.0,NOS,0.0,6000.0,8146056,,
2023-07-17,印度,中国,KONICA MINOLTA HEALTHCARE INDIA PRIVATE LIMITED,EDAN INSTRUMENTS INC,OFFICE NO.201 2ND FLOOR ATRIUM 2 ANDHERI KURLA ROAD CHAKALA ANDHERI EAST,,,,,China,,,JNPT/ NHAVA SHEVA SEA,90181290,BOTTOM CASE MEDICAL EQUIPMENT SPARE PARTS / ACCESSORIES / COMPONENT,,1.0,NOS,0.0,90.0,4113517,,
2023-07-15,印度,中国,KONICA MINOLTA HEALTHCARE INDIA PRIVATE LIMITED,SONOSCAPE MEDICAL CORP,OFFICE NO.201 2ND FLOOR ATRIUM 2 ANDHERI KURLA ROAD CHAKALA ANDHERI EAST,,,,,China,,,JNPT/ NHAVA SHEVA SEA,90181290,SL41N LINER PROBE FOR CD25/CD30 MEDICAL EQUIP. APTA NO. 0123103700099158 DT 04.07.2023,,35.0,NOS,0.0,52500.0,2632638,,
2023-07-15,印度,中国,KONICA MINOLTA HEALTHCARE INDIA PRIVATE LIMITED,SONOSCAPE MEDICAL CORP,OFFICE NO.201 2ND FLOOR ATRIUM 2 ANDHERI KURLA ROAD CHAKALA ANDHERI EAST,,,,,China,,,JNPT/ NHAVA SHEVA SEA,90181290,SC3A CONVEX PROBE FOR CD40 MEDICAL EQUIP. APTA NO. 0123103700099158 DT 04.07.2023,,5.0,NOS,0.0,7500.0,8448111,,
2023-07-15,印度,中国,KONICA MINOLTA HEALTHCARE INDIA PRIVATE LIMITED,SONOSCAPE MEDICAL CORP,OFFICE NO.201 2ND FLOOR ATRIUM 2 ANDHERI KURLA ROAD CHAKALA ANDHERI EAST,,,,,China,,,JNPT/ NHAVA SHEVA SEA,90181290,SC3A CONVEX PROBE FOR CD40 MEDICAL EQUIP. APTA NO. 0123103700099158 DT 04.07.2023,,5.0,NOS,0.0,7500.0,6844008,,
2023-07-15,乌兹别克斯坦,中国,ЧП XK UNICOM,GUANGZHOU YUESHEN MEDICAL EQUIPMENT CO LTD,,,,,,0,,,,9018120000,"1. Система цифровая цветная допплеровская ультразвуковая модель: P20 c принадлежностями новый не б/у 2023г Производитель: SONOSCAPE MEDICAL CORP Sonascape P20 серийный номер: 2304280001 на 19V-4.74A Ultrasound machine Sonascape P20 (with accessories) - кол. 1 шт, вес: 120 кг
2. мест 2, 2  полный картон.короб.
8. 000
9. 000
10. 2023/Система цифровая цветная допплеровская ультразвуковая модель: P20 c принадлежностями новый не б/у 2023г Производитель: SONOSCAPE MEDICAL CORP серийный номер: 2304280",,1.0,Piece,120.0,4000.0,,,
2023-07-15,印度,中国,KONICA MINOLTA HEALTHCARE INDIA PRIVATE LIMITED,SONOSCAPE MEDICAL CORP,OFFICE NO.201 2ND FLOOR ATRIUM 2 ANDHERI KURLA ROAD CHAKALA ANDHERI EAST,,,,,China,,,JNPT/ NHAVA SHEVA SEA,90181290,AEROSCAN COLOUR DOPPLER ULTRASOUND SYSTEM CD25 WITH 17 MONITOR MEDICAL EQUIP. APTA NO. 0123103700099158 DT 04.07.,,30.0,NOS,0.0,53233.2,3865014,,
2023-07-15,印度,中国,KONICA MINOLTA HEALTHCARE INDIA PRIVATE LIMITED,SONOSCAPE MEDICAL CORP,OFFICE NO.201 2ND FLOOR ATRIUM 2 ANDHERI KURLA ROAD CHAKALA ANDHERI EAST,,,,,China,,,JNPT/ NHAVA SHEVA SEA,90181290,AEROSCAN COLOUR DOPPLER ULTRASOUND SYSTEM CD40 MEDICAL EQUIP. APTA NO. 0123103700099158 DT 04.07.2023,,5.0,NOS,0.0,34222.4,6776411,,
2023-07-15,印度,中国,KONICA MINOLTA HEALTHCARE INDIA PRIVATE LIMITED,SONOSCAPE MEDICAL CORP,OFFICE NO.201 2ND FLOOR ATRIUM 2 ANDHERI KURLA ROAD CHAKALA ANDHERI EAST,,,,,China,,,JNPT/ NHAVA SHEVA SEA,90181290,SC3A CONVEX PROBE FOR CD25 MEDICAL EQUIP. APTA NO. 0123103700099158 DT 04.07.2023,,10.0,NOS,0.0,15000.0,0371480,,
2023-07-15,印度,中国,KONICA MINOLTA HEALTHCARE INDIA PRIVATE LIMITED,SONOSCAPE MEDICAL CORP,OFFICE NO.201 2ND FLOOR ATRIUM 2 ANDHERI KURLA ROAD CHAKALA ANDHERI EAST,,,,,China,,,JNPT/ NHAVA SHEVA SEA,90181290,SC44N CONVEX PROBE FOR CD25 MEDICAL EQUIP. APTA NO. 0123103700099158 DT 04.07.2023,,30.0,NOS,0.0,45000.0,8438834,,
2023-07-15,印度,中国,KONICA MINOLTA HEALTHCARE INDIA PRIVATE LIMITED,SONOSCAPE MEDICAL CORP,OFFICE NO.201 2ND FLOOR ATRIUM 2 ANDHERI KURLA ROAD CHAKALA ANDHERI EAST,,,,,China,,,JNPT/ NHAVA SHEVA SEA,90181290,SP21N CARDIAC PROBE FOR CD25 MEDICAL EQUIP. APTA NO.0123103700099158 DT 04.07.2023,,20.0,NOS,0.0,30000.0,7813184,,
2023-07-15,印度,中国,KONICA MINOLTA HEALTHCARE INDIA PRIVATE LIMITED,SONOSCAPE MEDICAL CORP,OFFICE NO.201 2ND FLOOR ATRIUM 2 ANDHERI KURLA ROAD CHAKALA ANDHERI EAST,,,,,China,,,JNPT/ NHAVA SHEVA SEA,90181290,SL42N PROBE FOR CD40 MEDICAL EQUIP. APTA NO. 0123103700099158 DT 04.07.2023,,6.0,NOS,0.0,10800.0,2265663,,
2023-07-15,印度,中国,KONICA MINOLTA HEALTHCARE INDIA PRIVATE LIMITED,SONOSCAPE MEDICAL CORP,OFFICE NO.201 2ND FLOOR ATRIUM 2 ANDHERI KURLA ROAD CHAKALA ANDHERI EAST,,,,,China,,,JNPT/ NHAVA SHEVA SEA,90181290,SC3A CONVEX PROBE FOR CD25 MEDICAL EQUIP. APTA NO. 0123103700099158 DT 04.07.2023,,10.0,NOS,0.0,15000.0,3221186,,
2023-07-15,印度,中国,KONICA MINOLTA HEALTHCARE INDIA PRIVATE LIMITED,SONOSCAPE MEDICAL CORP,OFFICE NO.201 2ND FLOOR ATRIUM 2 ANDHERI KURLA ROAD CHAKALA ANDHERI EAST,,,,,China,,,JNPT/ NHAVA SHEVA SEA,90181290,SP3A PHASED ARRAY PROBE FOR CD40 MEDICAL EQUIP. APTANO. 0123103700099158 DT 04.07.2023,,4.0,NOS,0.0,6000.0,4310058,,
2023-07-15,印度,中国,KONICA MINOLTA HEALTHCARE INDIA PRIVATE LIMITED,SONOSCAPE MEDICAL CORP,OFFICE NO.201 2ND FLOOR ATRIUM 2 ANDHERI KURLA ROAD CHAKALA ANDHERI EAST,,,,,China,,,JNPT/ NHAVA SHEVA SEA,90181290,SV61N TV PROBE FOR CD25 MEDICAL EQUIP. APTA NO. 0123103700099158 DT 04.07.2023,,15.0,NOS,0.0,22500.0,3085441,,
2023-07-13,越南,中国,CÔNG TY TNHH XUẤT NHẬP KHẨU THIẾT BỊ Y TẾ MAI GIA,SONOSCAPE MEDICAL CORP,"4th Floor, Hud3 Tower Building, No. 121-123 To Hieu Street, Nguyen Trai Ward, Ha Dong District, Hanoi City","2F, 12TH BUILDING,SHENZHEN SOFTWARE, PARK PHASE II,KEJI MIDDLE 2ND ROAD, NANSHAN DISTRICT,SHENZHEN,518057, GUANGDONG",,,,China,,HONG KONG,HA NOI,90181200,"Máy siêu âm chẩn đoán,chủng loại: S22, màn hình 18.5'', gồm 1 ổ đĩa DVD,1 đầu dò Curved Array 3C-A,  1 đầu dò Curved Array 2P1, 1 đầu dò Linear Array L742, hsx:SONOSCAPE MEDICAL CORP, mới 100%,Diagnostic ultrasound machine, type: S22, 18.5'' screen, includes 1 DVD drive, 1 Curved Array 3C-A probe, 1 Curved Array 2P1 probe, 1 Linear Array L742 probe, hsx:SONOSCAPE MEDICAL CORP, 100% new",,1.0,Pieces,0.0,8200.0,AOF160043,,
2023-07-13,越南,中国,CÔNG TY TNHH XUẤT NHẬP KHẨU THIẾT BỊ Y TẾ MAI GIA,SONOSCAPE MEDICAL CORP,"4th Floor, Hud3 Tower Building, No. 121-123 To Hieu Street, Nguyen Trai Ward, Ha Dong District, Hanoi City","2F, 12TH BUILDING,SHENZHEN SOFTWARE, PARK PHASE II,KEJI MIDDLE 2ND ROAD, NANSHAN DISTRICT,SHENZHEN,518057, GUANGDONG",,,,China,,HONG KONG,HA NOI,90181200,"Máy siêu âm chẩn đoán,chủng loại: R10, gồm 1 ổ đĩa DVD,1 đầu dò Curved Array 3C-A, 1 đầu dò Micro-Curved Array 6V1, hsx:SONOSCAPE MEDICAL CORP,mới 100%,Diagnostic ultrasound machine, type: R10, includes 1 DVD drive, 1 Curved Array 3C-A probe, 1 Micro-Curved Array 6V1 probe, hsx:SONOSCAPE MEDICAL CORP, 100% new",,1.0,Pieces,0.0,9000.0,AOF160043,,
2023-07-13,越南,中国,CÔNG TY TNHH Y TẾ THÀNH AN,CHISON MEDICAL TECHNOLOGIES CO LTD,"No02, Lk45 Dong Gate Area, La Khe Ward, Ha Dong District, Hanoi City","NO 9, XINHUIHUAN ROAD, XINWU, JIANGSU, CHINA, CN",,,,China,,OTHER,HA NOI,90181200,"Đầu dò linear dùng cho máy siêu âm ECO1, model: L7M-A, dùng khám ổ bụng, tuyến giáp, HSX: CHISON MEDICAL TECHNOLOGIES CO LTD, hàng mẫu, hàng mới 100%,Linear transducer for ultrasound machine ECO1, model: L7M-A, for abdominal examination, thyroid, HSX: CHISON MEDICAL TECHNOLOGIES CO LTD, sample, 100% brand new",,1.0,Pieces,0.0,10.0,772666743993,,
2023-07-13,印度,中国,CHOICEMMED TECHNOLOGY INDIA PRIVATE LIMITED,BEIJING CHOICE ELECTRONIC TECHNOLOGY CO LIMITED,#N/A,,,,,China,,,PATPARGANJ ICD,90181290,MD2000A VITAL SIGN MONITOR MEDICAL EQUIP.,,50.0,NOS,0.0,5234.8921,0738606,,
2023-07-13,印度,中国,S S MEDICAL SYSTEMS INDIA PRIVATE LIMITED,DAWEI MEDICAL JIANGSU CO LIMITED,F2&F3 INDUSTRIAL ESTATE,,,,,China,,,DELHI AIR,90181210,ULTRASONIC DIAGNOSTIC SYSTEM SSD 6000 CD-PRO MEDICAL EQUIP. S,,1.0,NOS,0.0,12330.0,5432300,,
2023-07-12,津巴布韦,中国,BLUELINE HEATHCARE P L,HAIXIN GARMENT CO LIMITED,BLUELINE HEATHCARE P/L,"HAIXIN GARMENT CO, LIMITED",,,,China,Zimbabwe,,,90181200,MEDICAL INSTRUMENTS,,0.0,,8.0,2430.0,,,
2023-07-12,印度,中国,M S KDS ENTERPRISE,HUNAN BEYOND MEDICAL TECHNOLOGY,#N/A,,,,,China,,,PATPARGANJ ICD,90181290,BYZ-810 SYRINGE PUMP MEDICAL EQUIP.,,100.0,NOS,0.0,13000.0,3321537,,
2023-07-11,俄罗斯,中国,MEDGREID LLC OOO MEDGREID,CHINA ISOTOPE&RADIATION CORPORATION,"SCHELKOVSKOE SH., D.5, C.1, OF.619","No. 66, CHANGWA MIDDLE STREET,",,,,,Russia (RU),,,901812,Medical equipment,,6535.64,KG,6535.64,1276153.7183,,,
2023-07-08,印度,中国,KONICA MINOLTA HEALTHCARE INDIA PRIVATE LIMITED,SINO MEDICALDEVICE TECHNOLOGY CO LIMITED,OFFICE NO.201 2ND FLOOR ATRIUM 2 ANDHERI KURLA ROAD CHAKALA ANDHERI EAST,,,,,China,,,SAHAR AIR,90181290,MEDICAL EQUIP. - High Pressure Injector SinoMRI-BP APTANO: 0123111700099994 DT.05.07.2023,,1.0,SET,0.0,9200.0,2737250,,
2023-07-08,印度,中国,KONICA MINOLTA HEALTHCARE INDIA PRIVATE LIMITED,SINO MEDICALDEVICE TECHNOLOGY CO LIMITED,OFFICE NO.201 2ND FLOOR ATRIUM 2 ANDHERI KURLA ROAD CHAKALA ANDHERI EAST,,,,,China,,,SAHAR AIR,90181290,MEDICAL EQUIP. - High Pressure Injector SinoMRI-BP APTANO: 0123111700099994 DT.05.07.2023,,1.0,SET,0.0,9200.0,4078631,,
2023-07-06,乌兹别克斯坦,中国,ООО FORTEK,CHISON MEDICAL TECHNOLOGIES CO LTD КИТАЙ,,,,,,0,,,,9018120000,"1) Система ультразвуковая цифровая цветная допплеровская модели CBit8 с принадлежностями. /Новый,2023г.в./Пр-ль.:""CHISON Medical Technologies Co., Ltd"", Китай/ C функцией ECG Function, эластографии, Curved Panoramic Imaging, Supper Needle, 2D steer, поддержка передачи Dicom 3.0, Curved Expanding, Stress echo, IMT, Intelligent Doppler, HIPPA license, Sono Al-OB, расширенным кардиопакетом (CW, TDI, HPRF, Free Steering M, Color M) В комплект поставки помимо основного блока прибора также входят:  -",,1.0,Piece,80.0,12600.0,,,
2023-07-06,乌兹别克斯坦,中国,ООО FORTEK,CHISON MEDICAL TECHNOLOGIES CO LTD КИТАЙ,,,,,,0,,,,9018120000,"1) Ультразвуковая диагностическая система ECO 3 EXPERT, с принадлежностями /Новый,2023г.в./Пр-ль.:""CHISON Medical Technologies Co., Ltd"", Китай / C функцией Frozen Panoramic View, Full Screen Display Mode, поддержка передачи Dicom 3.0 / В комплект поставки помимо основного блока прибора также входят: - 3.5MHz конвексный датчик C3-A / 3.5MHz Convex Probe C3-A:
 вес: 32 кг, кол. 4 шт;
2) Вид и количество упаковки:4 карт.кор/паллет;
3) № конт.:TGHU8685201 часть, кол-во:1;
8) Код инвестпрограммы:000",,4.0,Piece,32.0,8000.0,,,
2023-07-06,乌兹别克斯坦,中国,ООО FORTEK,CHISON MEDICAL TECHNOLOGIES CO LTD КИТАЙ,,,,,,0,,,,9018120000,"1) Система ультразвуковая цифровая цветная допплеровская модели CBit8 с принадлежностями /Новый,2023г.в./Пр-ль.:""CHISON Medical Technologies Co., Ltd"", Китай / C функцией ECG Function, эластографии, Curved Panoramic Imaging, Supper Needle, 2D steer, поддержка передачи Dicom 3.0, Curved Expanding, Stress echo, IMT, Intelligent Doppler, HIPPA license, Sono Al-OB, расширенным кардиопакетом (CW, TDI, HPRF, Free Steering M, Color M) В комплект поставки помимо основного блока прибора также входят: - 7",,3.0,Piece,240.0,34200.0,,,
2023-07-06,乌兹别克斯坦,中国,ООО FORTEK,CHISON MEDICAL TECHNOLOGIES CO LTD КИТАЙ,,,,,,0,,,,9018120000,"1) Система ультразвуковая цифровая цветная допплеровская модели CBit8 с принадлежностями/Новый,2023г.в./Пр-ль.:""CHISON Medical Technologies Co., Ltd"", Китай / C функцией ECG Function, эластографии, Curved Panoramic Imaging, Supper Needle, 2D steer, поддержка передачи Dicom 3.0, Curved Expanding, Stress echo, IMT, Intelligent Doppler, HIPPA license, Sono Al-OB, расширенным кардиопакетом (CW, TDI, HPRF, Free Steering M, Color M) В комплект поставки помимо основного блока прибора также входят:  - 3",,2.0,Piece,160.0,26200.0,,,
2023-07-06,乌兹别克斯坦,中国,ООО FORTEK,CHISON MEDICAL TECHNOLOGIES CO LTD КИТАЙ,,,,,,0,,,,9018120000,"1) Система ультразвуковая цифровая цветная допплеровская XBit 90 с принадлежностями /Новый,2023г.в./Пр-ль.:""CHISON Medical Technologies Co., Ltd"", Китай / C функцией подогрева геля, SonoOB, расширенным кардиопакетом (Free Steering M, Color M, TDI, CW), ECG Function, SonoBreast, Strain, Auto EF, Color Panoramic, SonoPW, ShearWave Elastography, HIPPA license, SonoContrast-Phased array probe, Stress echo, поддержка передачи Dicom 3.0, эластографии, Intelligent Doppler, SonoNeedle, Nano Flow, MVI, S",,1.0,Piece,108.0,24400.0,,,
2023-07-05,乌兹别克斯坦,中国,OOO MEDSPACE SOLUTIONS,CHISON MEDICAL TECHNOLOGIES CO LTD,,,,,,0,,,,9018120000,"1. CHISON EBit 60 COLOR DOPPLER ULTRASOUND DIAGNOSTIC SYSTEM/Система ультразвуковая цветная допплеровская EBit 60 с принадлежностями. Производитель-CHISON Medical Technologies Co.,Ltd - кол. 4 шт, вес: 88 кг
2. мест 6, 6 дерев.ящик.
8. 000
9. 000
10. 2023/Новый
11. 02
Общее кол. мест: 6",,4.0,Piece,88.0,25200.0,,,
2023-07-05,乌兹别克斯坦,中国,OOO MEDSPACE SOLUTIONS,CHISON MEDICAL TECHNOLOGIES CO LTD,,,,,,0,,,,9018120000,"1. CHISON ECO3 EXPERT ULTRASOUND DIAGNOSTIC SYSTEM/Ультразвуковая диагностическая система ECO3 EXPERT с принадлежностями. Производитель-CHISON Medical Technologies Co.,Ltd - кол. 1 шт, вес: 26 кг
2. мест 2, 2 дерев.ящик.
8. 000
9. 000
10. 2023/Новый
11. 02
Общее кол. мест: 2",,1.0,Piece,26.0,5250.0,,,
2023-07-05,乌兹别克斯坦,中国,OOO MEDSPACE SOLUTIONS,CHISON MEDICAL TECHNOLOGIES CO LTD,,,,,,0,,,,9018120000,"1. CHISON СBit 10 COLOR DOPPLER ULTRASOUND DIAGNOSTIC SYSTEM/Система ультразвуковая цветная допплеровская СBit 10 с принадлежностями. Производитель-CHISON Medical Technologies Co.,Ltd - кол. 5 шт, вес: 430 кг
2. мест 5, 5 дерев.ящик.
8. 000
9. 000
10. 2023/Новый
11. 02
Общее кол. мест: 5",,5.0,Piece,430.0,83500.0,,,
2023-07-05,越南,中国,CÔNG TY TNHH ĐẦU TƯ THƯƠNG MẠI VÀ DỊCH VỤ KỸ THUẬT HOÀNG MINH,CHISON MEDICAL TECHNOLOGIES CO LTD,"Hamlet 3, Lai Yen Commune, Hoai Duc District, Hanoi City, Vietnam","NO.9, XINHUIHUAN ROAD, XINWU DISTRICT, WUXI,214028, JIANGSU, CHINA, CN",,,,China,,SHANGHAI,CANG HAI PHONG,90181200,"Máy siêu âm chẩn đoán (1 cổng đầu dò, đầu dò Micro Convex MC6-A); hoạt động bằng điện, điện áp 19V, 3.15A, Model: ECO1; HSX: Chison Medical Technologies Co., Ltd; Xuất xứ: Trung Quốc; Mới 100%,Diagnostic ultrasound machine (1 probe port, Micro Convex MC6-A probe); electrically operated, voltage 19V, 3.15A, Model: ECO1; HSX: Chison Medical Technologies Co., Ltd; From China; 100% new",,10.0,Set,0.0,14000.0,280623S00236706,,
2023-07-05,乌兹别克斯坦,中国,OOO MEDSPACE SOLUTIONS,CHISON MEDICAL TECHNOLOGIES CO LTD,,,,,,0,,,,9018120000,"1. CHISON СBit 9 COLOR DOPPLER ULTRASOUND DIAGNOSTIC SYSTEM/Система ультразвуковая цветная допплеровская СBit 9 с принадлежностями. Производитель-CHISON Medical Technologies Co.,Ltd - кол. 1 шт, вес: 86 кг
2. мест 1, 1 дерев.ящик.
8. 000
9. 000
10. 2023/Новый
11. 02
Общее кол. мест: 1",,1.0,Piece,86.0,12500.0,,,
2023-07-04,印度,中国,UNITECH MEDICAL SYSTEMS,SHENZHEN SORADAR TECHNOLOGY CO LIMITED,#N/A,,,,,China,,,BANGALORE AIR,90181290,MEDICAL EQUIP. /KM8080 8 INCH PATIENT MONITORUSED FOR CHECKING & MONITORING THE PROGRESS OF PATIENT HEALTH CONDITION,,100.0,NOS,0.0,16500.0,3087221,,
2023-07-04,印度,中国,UNITECH MEDICAL SYSTEMS,SHENZHEN SORADAR TECHNOLOGY CO LIMITED,#N/A,,,,,China,,,BANGALORE AIR,90181290,MEDICAL EQUIP. /KM8015/15 INCH PATIENT MONITOR10 PCS NEEDCO2 CONECTIONUSED FOR CHECKING & MONITORING PATIENT HEALTH,,50.0,NOS,0.0,11250.0,1517147,,
2023-07-03,乌兹别克斯坦,中国,OOO EQUIMED,SONOSCAPE MEDICAL COPR,,,,,,0,,,,9018120000,"1. Ultrasound diagnostic system with color Doppler model P10 with accesories / Система ультразвуковая диагностическая с цветным доплером модель P10 с принадлежностями: Кол-во; 1 шт. Новый 2023 г, Производитель; SONOSCAPE MEDICAL CORP. Китай - кол. 1 шт, вес: 76 кг
2. мест 1, 1 дерев.ящик.
3. HJCU7727530/часть - Возвратный
8. 000
9. 024
10. 2023/Новый
11. 02
Общее кол. мест: 1",,1.0,Piece,76.0,17000.0,,,
2023-07-03,乌兹别克斯坦,中国,OOO EQUIMED,SONOSCAPE MEDICAL COPR,,,,,,0,,,,9018120000,"1. Ultrasonic diagnostic system model S50 with accesories / Система ультразвуковая диагностическая модель ""S50"" с принадлежностями : Кол-во; 1 шт. Новый 2023 г, Производитель; SONOSCAPE MEDICAL CORP. Китай - кол. 1 шт, вес: 134 кг
2. мест 1, 1 дерев.ящик.
3. HJCU7727530/часть - Возвратный
8. 000
9. 024
10. 2023/Новый
11. 02
Общее кол. мест: 1",,1.0,Piece,134.0,24000.0,,,
2023-07-03,越南,中国,CÔNG TY CỔ PHẦN XUẤT NHẬP KHẨU THIẾT BỊ Y TẾ HOÀN MỸ,SONOSCAPE MEDICAL CORP,"A8 Lot 12 Dinh Cong Street, Dinh Cong Ward, Hoang Mai District, Hanoi City, Vietnam","2F. 12TH BULDING, SHENZHEN SOFTWARE, PARK PHASE II,KEJI MIDDLE 2 ND ROAD, NANSHAN DISTRICT,518057, SHENZHEN, GUANGDONG, CHINA",,,,China,,HONG KONG,CANG DINH VU - HP,90181200,"Hệ thống siêu âm chẩn đoán màu,mã:P40 Elite,gồm máy chính và phụ kiện:đầu dò Convex 3C-A,Linear 12L-A,Volumetric Convex VC6-2, Phased Array 4P-A, dùng trong y tế.HSX:Sonoscape Medical Corp.Mới100%,Color diagnostic ultrasound system, code: P40 Elite, includes main unit and accessories: Convex 3C-A probe, Linear 12L-A,Volumetric Convex VC6-2, Phased Array 4P-A, medical use.HSX :Sonoscape Medical Corp.100% New",,1.0,Set,0.0,18000.0,290623SJFHK2302016,,
2023-07-03,越南,中国,CÔNG TY CỔ PHẦN XUẤT NHẬP KHẨU THIẾT BỊ Y TẾ HOÀN MỸ,SONOSCAPE MEDICAL CORP,"A8 Lot 12 Dinh Cong Street, Dinh Cong Ward, Hoang Mai District, Hanoi City, Vietnam","2F. 12TH BULDING, SHENZHEN SOFTWARE, PARK PHASE II,KEJI MIDDLE 2 ND ROAD, NANSHAN DISTRICT,518057, SHENZHEN, GUANGDONG, CHINA",,,,China,,HONG KONG,CANG DINH VU - HP,90181200,"Hệ thống siêu âm chẩn đoán màu, mã: P40 Elite, gồm máy chính và phụ kiện: đầu dò Convex 3C-A, Linear 12L-A, Volumetric Convex VC6-2, Transvaginal 6V3,dùng trong y tế.HSX:Sonoscape Medical Corp.Mới100%,Color diagnostic ultrasound system, code: P40 Elite, including main unit and accessories: Convex 3C-A probe, Linear 12L-A, Volumetric Convex VC6-2, Transvaginal 6V3, medical use.HSX:Sonoscape Medical Corp.New100%",,2.0,Set,0.0,33000.0,290623SJFHK2302016,,
2023-07-03,乌兹别克斯坦,中国,OOO EQUIMED,SONOSCAPE MEDICAL COPR,,,,,,0,,,,9018120000,"1. P20 digital color Doppler ultrasound system with accesories / Система цифровая цветная допплеровская ультразвуковая модель ""P20"" с принадлежностями : Кол-во; 1 шт. Новый 2023 г, Производитель; SONOSCAPE MEDICAL CORP. Китай - кол. 1 шт, вес: 88 кг
2. мест 1, 1 дерев.ящик.
3. HJCU7727530/часть - Возвратный
8. 000
9. 024
10. 2023/Новый
11. 02
Общее кол. мест: 1",,1.0,Piece,88.0,20000.0,,,
2023-07-03,乌兹别克斯坦,中国,OOO EQUIMED,SONOSCAPE MEDICAL COPR,,,,,,0,,,,9018120000,"1. S50 Elite digital color Doppler ultrasound system with accesories / Система ультразвуковая цифровая цветная доплеровская модель S50 Elite с принадлежностями : Кол-во; 1 шт. Новый 2023 г, Производитель; SONOSCAPE MEDICAL CORP. Китай - кол. 1 шт, вес: 132 кг
2. мест 1, 1 дерев.ящик.
3. HJCU7727530/часть - Возвратный
8. 000
9. 024
10. 2023/Новый
11. 02
Общее кол. мест: 1",,1.0,Piece,132.0,28000.0,,,
2023-07-01,印度,中国,AUSASIA LIFESCIENCES,HONG KONG VERATECH MEDICAL TECHNOLO,92G PRATAP COMPLEXSHOP NO. 109 MUNIRKA,,,,,China,,,DELHI AIR,90181290,MINI560 SHEAR WAVE QUANTIFICATIONAL ULTRASOUND DIAGNOSTIC SYSTEMFOR MEDICAL,,1.0,NOS,0.0,11980.0,8331286,,
2023-07-01,印度,中国,AUSASIA LIFESCIENCES,HONG KONG VERATECH MEDICAL TECHNOLO,92G PRATAP COMPLEXSHOP NO. 109 MUNIRKA,,,,,China,,,DELHI AIR,90181290,MINI560 SHEAR WAVE QUANTIFICATIONAL ULTRASOUND DIAGNOSTIC SYSTEMFOR MEDICAL,,1.0,NOS,0.0,11980.0,2707247,,
2023-06-29,越南,中国,CÔNG TY TNHH XUẤT NHẬP KHẨU THIẾT BỊ Y TẾ MAI GIA,SONOSCAPE MEDICAL CORP,"4th Floor, Hud3 Tower Building, No. 121-123 To Hieu Street, Nguyen Trai Ward, Ha Dong District, Hanoi City","2F, 12TH BUILDING,SHENZHEN SOFTWARE, PARK PHASE II,KEJI MIDDLE 2ND ROAD, NANSHAN DISTRICT,SHENZHEN,518057, GUANGDONG",,,,China,,HONG KONG,HA NOI,90181200,"Máy siêu âm chẩn đoán,chủng loại: E1, gồm 1 đầu dò Curved Array C361,hsx:SONOSCAPE MEDICAL CORP,mới 100%,Diagnostic ultrasound machine, type: E1, including 1 probe Curved Array C361, hsx:SONOSCAPE MEDICAL CORP, 100% new",,3.0,Pieces,0.0,6300.0,AOF160026,,
2023-06-29,越南,中国,CÔNG TY TNHH XUẤT NHẬP KHẨU THIẾT BỊ Y TẾ MAI GIA,SONOSCAPE MEDICAL CORP,"4th Floor, Hud3 Tower Building, No. 121-123 To Hieu Street, Nguyen Trai Ward, Ha Dong District, Hanoi City","2F, 12TH BUILDING,SHENZHEN SOFTWARE, PARK PHASE II,KEJI MIDDLE 2ND ROAD, NANSHAN DISTRICT,SHENZHEN,518057, GUANGDONG",,,,China,,HONG KONG,HA NOI,90181200,"Máy siêu âm chẩn đoán,chủng loại: E1, gồm 1 đầu dò Linear Array L746,hsx:SONOSCAPE MEDICAL CORP,mới 100%,Diagnostic ultrasound machine, type: E1, includes 1 probe Linear Array L746, hsx:SONOSCAPE MEDICAL CORP, 100% new",,2.0,Pieces,0.0,4200.0,AOF160026,,
2023-06-29,越南,中国,CÔNG TY TNHH XUẤT NHẬP KHẨU THIẾT BỊ Y TẾ MAI GIA,SONOSCAPE MEDICAL CORP,"4th Floor, Hud3 Tower Building, No. 121-123 To Hieu Street, Nguyen Trai Ward, Ha Dong District, Hanoi City","2F, 12TH BUILDING,SHENZHEN SOFTWARE, PARK PHASE II,KEJI MIDDLE 2ND ROAD, NANSHAN DISTRICT,SHENZHEN,518057, GUANGDONG",,,,China,,HONG KONG,HA NOI,90181200,"Máy siêu âm chẩn đoán,chủng loại: P20, gồm 1 ổ đĩa DVD,1 đầu dò Curved Array 3C-A, 1 đầu dò Linear Array L742, hsx:SONOSCAPE MEDICAL CORP, mới 100%,Diagnostic ultrasound machine, type: P20, includes 1 DVD drive, 1 Curved Array 3C-A probe, 1 Linear Array L742 probe, hsx:SONOSCAPE MEDICAL CORP, 100% new",,1.0,Pieces,0.0,10000.0,AOF160026,,
2023-06-29,越南,中国,CÔNG TY TNHH XUẤT NHẬP KHẨU THIẾT BỊ Y TẾ MAI GIA,SONOSCAPE MEDICAL CORP,"4th Floor, Hud3 Tower Building, No. 121-123 To Hieu Street, Nguyen Trai Ward, Ha Dong District, Hanoi City","2F, 12TH BUILDING,SHENZHEN SOFTWARE, PARK PHASE II,KEJI MIDDLE 2ND ROAD, NANSHAN DISTRICT,SHENZHEN,518057, GUANGDONG",,,,China,,HONG KONG,HA NOI,90181200,"Máy siêu âm chẩn đoán,chủng loại: P20, gồm 1 ổ đĩa DVD,1 đầu dò Curved Array VC6-2,1 đầu dò Curved Array 3C-A, 1 đầu dò Linear Array L742, hsx:SONOSCAPE MEDICAL CORP,mới 100%,Diagnostic ultrasound machine, type: P20, includes 1 DVD drive, 1 Curved Array VC6-2.1 probe, 1 Curved Array 3C-A probe, 1 Linear Array L742 probe, hsx:SONOSCAPE MEDICAL CORP, new 100 %",,2.0,Pieces,0.0,24400.0,AOF160026,,
2023-06-28,乌克兰,中国,ТОВ ЕКНА УКРАЇНА,SHENZHEN LANMAGE MEDICAL TECHNOLOGY CO LTD,02141 МІСТO КИЇВ ВУЛ ЛАРИСИ РУДЕНКO 6А,103 BAGUANG SERVICE CENTER 2 BAISHA BAY ROAD BAGUANG COMMUNITY,,,,China,,,,9018120000,МЕДИЧНЕ ОБЛАДНАННЯ ЩО НЕОБХІДНЕ ДЛЯ ЗДІЙСНЕННЯ ЗАХОДІВ СПРЯМОВАНИХ  НА ЗАПОБІГАННЯ ВИНИКНЕННЮ І ПОШИРЕННЮ ЛОКАЛІЗАЦІЮ ТА ЛІКВІДАЦІЮ СПАЛАХІВ ЕПІДЕМІЙ ТА ПАНДЕМІЙ ГОСТРОЇ РЕСПІРАТОРНОЇ ХВОРОБИ COVID 19 СПРИЧИНЕНОЇ КОРОНОВІРУСОМ SARS COV 2 НАЗВАВИРОБІВ АПАРАТ УЗД З НАБОРОМ ДАТЧИКІВ ТОРГОВЕЛЬНА НАЗВА СИСТЕМА УЛЬТРАЗВУКОВА ДІАГНОСТИЧНА С6 СЕРІЙНІ НОМЕРИ CP1123300277G CP1123300278G CP1123300279G CP1123300280G CP1123300281G ОБСЯГ ПАРТІЇ 5 КОМПЛ ПРИЗНАЧЕНІ ДЛЯ УЛЬТРАЗВУКОВОГО ДОСЛІДЖЕННЯСТРУКТУРИ ОРГАНІВ ЛЮДИНИ ПОСТАЧАЮТЬСЯ У РОЗІБРАНОМУ СТАНІ ВИРОБНИК SHENZHEN LANMAGE MEDICAL TECHNOLOGY CO LTD КРАЇНА ВИРОБНИЦТВА CN ТОРГОВЕЛЬНА МАРКА LANMAGE,,255.0,КГ,255.0,57500.0,,,
2023-06-23,印度,中国,BIOMEDIX OPHTOTECHNIK DEVICES PRIVATE LIMITED,MEDA CO LIMITED,#258AMARJYOTHI LAYOUT INNER RING ROAD DOMLUR,,,,,China,,,BANGALORE AIR,90181290,MD-2300S MEDICAL ULTRASOUND SCANNER,,10.0,NOS,0.0,40000.0,4836640,,
2023-06-23,乌兹别克斯坦,中国,ООО STAR MEDS CENTER,DONG HAO TRADE LIMITED,,,,,,0,,,,9018120000,"1. Стационарная цифровая ультразвуковая диагностическая система с цветным допплером (УЗИ), модель ""S50"" с принадлежностями, новая, 2023 года выпуска в кол. -1комплект.
Производитель: SONOSCAPE MEDICAL CORP., Китай. - кол. 1 шт, вес: 122 кг
2. мест 1, 1 дерев.ящик.
8. 000
9. 024
10. 2023/
11. 02
Общее кол. мест: 1",,1.0,Piece,122.0,28500.0,,,
2023-06-23,越南,中国,CÔNG TY TNHH KỸ THUẬT VÀ DỊCH VỤ THIÊN LỘC,CHISON MEDICAL TECHNOLOGIES CO LTD,"Dong Bang Village, Dong Thai Commune, Ba Vi District, Hanoi City, Vietnam","NO.9, XINHUIHUAN ROAD, XINWU, DISTRICT,WUXI, JIANGSU, CHINA, CN",,,,China,,SHANGHAI,CANG HAI PHONG,90181200,"Máy siêu âm; Hiệu CHISON,sx năm 2023; Model:CBIT10; Màn hình hiển thị chuyên dùng đi kèm máy,Hsx:CHISON MEDICAL TECHNOLOGIES CO., LTD.,Mới 100%,Ultrasound machine; Brand CHISON, sx in 2023; Model:CBIT10; Dedicated display screen included with the machine,Hsx:CHISON MEDICAL TECHNOLOGIES CO., LTD.,100% Brand New",,6.0,Set,0.0,94999.98,170623JWLEM23060423,,
2023-06-22,印度,中国,MEDIRACK ENTERPRISES,OPTOMED TECHNOLOGY CO LIMITED,#N/A,,,,,China,,,DELHI AIR,90181290,DIGITAL PD SPARE PART FOR MEDICAL EQUIP.,,2000.0,NOS,0.0,2200.0,2475656,,
2023-06-22,乌兹别克斯坦,中国,СП SULAYMON UMIDA SHIFO,SHENZHEN MINDRAY BIOMEDICAL ELECTRONICS CO LTD,,,,,,0,,,,9018120000,"1) Ultrasound Diagnostic Imaging System DC-60Exp with accessories/Ультразвуковая диагностическая система  DC-60Exp в комплекте с принадлежностями, новый, 2022 год выпуска, сер.№CN8-29002566, производитель Shenzhen Mindray Bio-Medical Electronics Co., Ltd  (Китай):
 вес: 93 кг, кол. 1 шт;
2) Вид и количество упаковки:1 палет+коробка;
3) № конт.:CRSU0405962(часть), кол-во:1;
8) Код инвестпрограммы:000;
9) Код технологического оборудования:024;
10) Год изготовления и технические параметры:202",,1.0,Piece,93.0,23000.0,,,
2023-06-22,孟加拉国,中国,TRANSCO MEDICAL SYSTEM,EDAN INSTRUMENTS INC CN,,,,,,China,,,,90181200,MEDICAL EQUIPMENT DIAGNOSTIC ULTRASOND SYSTEM,,1.0,NMB,55.0,7729.0,N/A,,
2023-06-22,印度,中国,MEDIRACK ENTERPRISES,OPTOMED TECHNOLOGY CO LIMITED,#N/A,,,,,China,,,DELHI AIR,90181290,ONLY LED/PD BOX FOR ADULT SILICON SPARE PART FOR MEDICAL EQUIP.,,1000.0,NOS,0.0,150.0,7531808,,
2023-06-22,印度,中国,MEDIRACK ENTERPRISES,OPTOMED TECHNOLOGY CO LIMITED,#N/A,,,,,China,,,DELHI AIR,90181290,NEONTAL WRAP WITH LED/PD BOX SPARE PART FOR MEDICAL EQUIP.,,1500.0,NOS,0.0,900.0,0668040,,
2023-06-22,乌兹别克斯坦,中国,IBRAGIM KURYAZOV OCULUS' XK,CHISON MEDICAL TECHNOLOGIES CO LTD,,,,,,0,,,,9018120000,"1. CHISON CBit8 COLOR DOPPLER ULTRASOUND DIAGNOSTIC SYSTEM / Система ультразвуковая цифровая цветная допплеровская модели ""СВit8"", c принадлежностями : Кол-во; 1 шт. Новый 2023 г, Производитель; CHISON Medical Technologies Co., Ltd. Китай - кол. 1 шт, вес: 80 кг
2. мест 1, 1 палетта
3. HJCU7727530/часть - Возвратный
8. 000
9. 024
10. 2023/Новый
11. 02
Общее кол. мест: 1",,1.0,Piece,80.0,37000.0,,,
2023-06-22,印度,中国,MEDIRACK ENTERPRISES,OPTOMED TECHNOLOGY CO LIMITED,#N/A,,,,,China,,,DELHI AIR,90181290,ONLY LED/PD BOX FOR ADULT SILICON SPARE PART FOR MEDICAL EQUIP.,,1000.0,NOS,0.0,150.0,4330325,,
2023-06-20,印度,中国,MEX INDIA,JING FANG PRECISION MEDICAL DEVICE,F-148LAL BUILDING MAIN MARKET LAXMI NAGAR,,,,,China,,,DELHI AIR,90181290,JEM-021 REUSABLE NEEDLE GUIDES C9-4V FOR MOUNTING ON ULTRASOUND TRANSDUCERS FOR MEDICAL USE,,9.0,NOS,0.0,1845.0,8578747,,
2023-06-20,印度,中国,MEX INDIA,JING FANG PRECISION MEDICAL DEVICE,F-148LAL BUILDING MAIN MARKET LAXMI NAGAR,,,,,China,,,DELHI AIR,90181290,JSM-069 REUSABLE NEEDLE GUIDES C5-1 FOR MOUNTING ON ULTRASOUND TRANSDUCERS FOR MEDICAL USE,,3.0,NOS,0.0,615.0,2214482,,
2023-06-20,印度,中国,MEX INDIA,JING FANG PRECISION MEDICAL DEVICE,F-148LAL BUILDING MAIN MARKET LAXMI NAGAR,,,,,China,,,DELHI AIR,90181290,JSM-198 REUSABLE NEEDLE GUIDES AC2541 FOR MOUNTING ON ULTRASOUND TRANSDUCERS FOR MEDICAL USE,,1.0,NOS,0.0,205.0,3813408,,
2023-06-20,印度,中国,MEX INDIA,JING FANG PRECISION MEDICAL DEVICE,F-148LAL BUILDING MAIN MARKET LAXMI NAGAR,,,,,China,,,DELHI AIR,90181290,JEM-027 REUSABLE NEEDLE GUIDES ER4-9 FOR MOUNTING ON ULTRASOUND TRANSDUCERS FOR MEDICAL USE,,3.0,NOS,0.0,615.0,1182864,,
2023-06-20,印度,中国,MEX INDIA,JING FANG PRECISION MEDICAL DEVICE,F-148LAL BUILDING MAIN MARKET LAXMI NAGAR,,,,,China,,,DELHI AIR,90181290,JEM-030 REUSABLE NEEDLE GUIDES BP10-5EC FOR MOUNTING ON ULTRASOUND TRANSDUCERS FOR MEDICAL USE,,1.0,NOS,0.0,205.0,6703327,,
2023-06-20,印度,中国,MEX INDIA,JING FANG PRECISION MEDICAL DEVICE,F-148LAL BUILDING MAIN MARKET LAXMI NAGAR,,,,,China,,,DELHI AIR,90181290,"JSM-395 REUSABLE NEEDLE GUIDES CL4416R, CL4416R1FOR MOUNTING ON ULTRASOUND TRANSDUCERS FOR MEDICAL USE",,1.0,NOS,0.0,205.0,8611174,,
2023-06-20,越南,中国,CÔNG TY TNHH XUẤT NHẬP KHẨU Y TẾ THĂNG LONG,CHISON MEDICAL TECHNOLOGIES CO LTD,"Lot 20-Bt8 Van Quan Urban Area, Van Quan Ward, Ha Dong District, Hanoi City","NO.3, CHANGJIANG SOUTH ROAD,  XINWU DISTRICT, WUXI, JIANGSU, CHINA 214028, CN",,,,China,,ZHENGZHOU,HA NOI,90181200,"Máy siêu âm màu kỹ thuật số,chủng loại: ECO1,gồm  1 đầu dò  Micro curved Array MC6-A,dùng để thăm khám bằng sóng siêu âm,hsx:CHISON MEDICAL TECHNOLOGIES CO.,LTD,mới 100%,Digital color ultrasound machine, type: ECO1, includes 1 probe Micro curved Array MC6-A, used for ultrasound examination, hsx:CHISON MEDICAL TECHNOLOGIES CO.,LTD,100% new",,10.0,Pieces,0.0,14000.0,AS232796,,
2023-06-20,越南,中国,CÔNG TY TNHH XUẤT NHẬP KHẨU Y TẾ THĂNG LONG,CHISON MEDICAL TECHNOLOGIES CO LTD,"Lot 20-Bt8 Van Quan Urban Area, Van Quan Ward, Ha Dong District, Hanoi City","NO.3, CHANGJIANG SOUTH ROAD,  XINWU DISTRICT, WUXI, JIANGSU, CHINA 214028, CN",,,,China,,ZHENGZHOU,HA NOI,90181200,"Máy siêu âm màu kỹ thuật số,chủng loại: ECO1,gồm  1 đầu dò  Curved Array C3-A,dùng để thăm khám bằng sóng siêu âm,hsx:CHISON MEDICAL TECHNOLOGIES CO.,LTD,mới 100%,Digital color ultrasound machine, type: ECO1, includes 1 Curved Array C3-A probe, used for ultrasound examination, hsx:CHISON MEDICAL TECHNOLOGIES CO.,LTD,100% new",,10.0,Pieces,0.0,13000.0,AS232796,,
2023-06-19,乌兹别克斯坦,中国,OOO PREMIUM TECHNICS,SONOSCAPE MEDICAL CORP,,,,,,0,,,,9018120000,"1. Неотъемлемая часть системы ультразвукового сканирования S50:
Секторный фазированный датчик, клиническое применение: кардиология, транскраниальные исследования, абдоминальные исследования. Совместимость с SonoScape S40, S50, S60. Бренд: ""SONOSCAPE"", модель:""4P-A"", изготовитель: ""SONOSCAPE MEDICAL CORP"" Китай. - кол. 2 шт, вес: 1,4 кг. Класс энергоэффективности: A
2. 2  часть часть карт.кароб.
8. 000
9. 000
10. 2023/2,7 МГц, 450мм/310мм/95мм
11. 02",,2.0,Piece,1.4,10.0,,,
2023-06-19,印度,中国,KONICA MINOLTA HEALTHCARE INDIA PRIVATE LIMITED,EDAN INSTRUMENTS INC,OFFICE NO.201 2ND FLOOR ATRIUM 2 ANDHERI KURLA ROAD CHAKALA ANDHERI EAST,,,,,China,,,JNPT/ NHAVA SHEVA SEA,90181290,MICRO CONVEX ARRAY TRANSDUCER: MC8-4Q MEDICAL EQUIP. APTA NO. B231923672010010 DT 07.06.2023,,2.0,NOS,0.0,1000.0,5621632,,
2023-06-19,越南,中国,CÔNG TY TNHH KỸ THUẬT THIẾT BỊ THIÊN PHÚC,CHISON MEDICAL TECHNOLOGIES CO LTD,"No. 151, Group 13 Mau Luong, Kien Hung Ward, Ha Dong District, Hanoi City, Vietnam","NO.9, XINHUIHUAN ROAD, XINWU DISTRICT, WUXI, JIANGSU, CHINA 214028, CN",,,,China,,SHANGHAI,CANG DINH VU - HP,90181200,"Máy CBIT8 là máy siêu âm màu 4D. Bao gồm đầu dò khối 4 chiều. Năm sản xuất 2023. HSX: CHISON MEDICAL TECHNOLOGIES CO., LTD. Máy mới 100%,The CBIT8 is a 4D color ultrasound machine. Includes 4-way block probe. Year of manufacture 2023. HSX: CHISON MEDICAL TECHNOLOGIES CO., LTD. 100% new machine",,1.0,Set,0.0,9800.0,100623S00232942,,
2023-06-19,乌兹别克斯坦,中国,OOO INNOVOMED,CHISON MEDICAL TECHNOLOGIES CO LTD,,,,,,0,,,,9018120000,"1. СHISON ХВit80 COLOR DOPPLER ULTRASOUND DIAGNOSTIC SYSTEM /Система ультразвуковая цифровая цветная допплеровская ХВit80 с принадлежностями: Кол-во; 1 шт. Новый 2023 г, Производитель; CHISON Medical Technologies Co., Ltd. Китай - кол. 1 шт, вес: 108 кг
2. мест 1, 1 палетта
3. HJCU7727530/часть - Возвратный
8. 000
9. 024
10. 2023/Новый
11. 02
Общее кол. мест: 1",,1.0,Piece,108.0,35000.0,,,
2023-06-19,印度,中国,KONICA MINOLTA HEALTHCARE INDIA PRIVATE LIMITED,EDAN INSTRUMENTS INC,OFFICE NO.201 2ND FLOOR ATRIUM 2 ANDHERI KURLA ROAD CHAKALA ANDHERI EAST,,,,,China,,,JNPT/ NHAVA SHEVA SEA,90181290,ENDOCAVITY ARRAY TRANSDUCER: E8-4Q MEDICAL EQUIP. APTANO. B231923672010010 DT 07.06.2023,,5.0,NOS,0.0,2500.0,3358506,,
2023-06-19,印度,中国,KONICA MINOLTA HEALTHCARE INDIA PRIVATE LIMITED,EDAN INSTRUMENTS INC,OFFICE NO.201 2ND FLOOR ATRIUM 2 ANDHERI KURLA ROAD CHAKALA ANDHERI EAST,,,,,China,,,JNPT/ NHAVA SHEVA SEA,90181290,LINEAR ARRAY TRANSDUCER L12-5Q MEDICAL EQUIP. APTA NO.B231923672010010 DT 07.06.2023,,20.0,NOS,0.0,10000.0,2634221,,
2023-06-19,越南,中国,CÔNG TY TNHH KỸ THUẬT THIẾT BỊ THIÊN PHÚC,CHISON MEDICAL TECHNOLOGIES CO LTD,"No. 151, Group 13 Mau Luong, Kien Hung Ward, Ha Dong District, Hanoi City, Vietnam","NO.9, XINHUIHUAN ROAD, XINWU DISTRICT, WUXI, JIANGSU, CHINA 214028, CN",,,,China,,SHANGHAI,CANG DINH VU - HP,90181200,"Máy CBIT8 là máy siêu âm màu 4D. Bao gồm đầu dò khối 4 chiều, đầu dò 2 chiều convex, đầu dò linear, đầu dò âm đạo. Năm sản xuất 2023. HSX: CHISON MEDICAL TECHNOLOGIES CO., LTD. Máy mới 100%,The CBIT8 is a 4D color ultrasound machine. Includes 4-way volume probe, convex 2-way transducer, linear transducer, vaginal transducer. Year of manufacture 2023. HSX: CHISON MEDICAL TECHNOLOGIES CO., LTD. 100% new machine",,4.0,Set,0.0,51200.0,100623S00232942,,
2023-06-19,乌兹别克斯坦,中国,OOO MEDSPACE SOLUTIONS,CHISON MEDICAL TECHNOLOGIES CO LTD,,,,,,0,,,,9018120000,"1. CHISON XBit 80 COLOR DOPPLER ULTRASOUND DIAGNOSTIC SYSTEM/Система ультразвуковая цветная допплеровская XBit 80 с принадлежностями. Производитель-CHISON Medical Technologies Co.,Ltd - кол. 1 шт, вес: 82 кг
2. мест 1, 1 дерев.ящик.
8. 000
9. 000
10. 2023/Новый
11. 02
Общее кол. мест: 1",,1.0,Piece,82.0,14000.0,,,
2023-06-19,乌兹别克斯坦,中国,OOO PREMIUM TECHNICS,SONOSCAPE MEDICAL CORP,,,,,,0,,,,9018120000,"1. Неотъемлемая часть системы ультразвукового сканирования S50:
Широкополосный конвексный датчик высокой четкости для брюшной полости, акушерства, гинекологии. Совместимость с SonoScape S22, S30, S40, S50, S60. Бренд: ""SONOSCAPE"", модель:""3C-A"", изготовитель: ""SONOSCAPE MEDICAL CORP"" Китай. - кол. 1 шт, вес: 0,8 кг. Класс энергоэффективности: A
2. 1  часть часть карт.кароб.
8. 000
9. 000
10. 2023/3,2 МГц, 1,0-7,0 МГц, 450мм/310мм/95мм
11. 02",,1.0,Piece,0.8,5.0,,,
2023-06-19,越南,中国,CÔNG TY TNHH KỸ THUẬT THIẾT BỊ THIÊN PHÚC,CHISON MEDICAL TECHNOLOGIES CO LTD,"No. 151, Group 13 Mau Luong, Kien Hung Ward, Ha Dong District, Hanoi City, Vietnam","NO.9, XINHUIHUAN ROAD, XINWU DISTRICT, WUXI, JIANGSU, CHINA 214028, CN",,,,China,,SHANGHAI,CANG DINH VU - HP,90181200,"Máy CBIT8 là máy siêu âm màu 4D. Bao gồm đầu dò khối 4 chiều, đầu dò 2 chiều convex, đầu dò linear, đầu dò tim. Năm sản xuất 2023. HSX: CHISON MEDICAL TECHNOLOGIES CO., LTD. Máy mới 100%,The CBIT8 is a 4D color ultrasound machine. Includes 4-way block probe, 2-way convex probe, linear probe, heart probe. Year of manufacture 2023. HSX: CHISON MEDICAL TECHNOLOGIES CO., LTD. 100% new machine",,1.0,Set,0.0,13300.0,100623S00232942,,
2023-06-19,越南,中国,CÔNG TY TNHH KỸ THUẬT THIẾT BỊ THIÊN PHÚC,CHISON MEDICAL TECHNOLOGIES CO LTD,"No. 151, Group 13 Mau Luong, Kien Hung Ward, Ha Dong District, Hanoi City, Vietnam","NO.9, XINHUIHUAN ROAD, XINWU DISTRICT, WUXI, JIANGSU, CHINA 214028, CN",,,,China,,SHANGHAI,CANG DINH VU - HP,90181200,"Máy ECO1 là máy siêu âm màu 2D xách tay. Bao gồm đầu dò Microconvex. Năm sản xuất 2023. HSX: CHISON MEDICAL TECHNOLOGIES CO., LTD. Máy mới 100%,The ECO1 is a portable 2D color ultrasound machine. Includes Microconvex probe. Year of manufacture 2023. HSX: CHISON MEDICAL TECHNOLOGIES CO., LTD. 100% new machine",,12.0,Set,0.0,16800.0,100623S00232942,,
2023-06-19,越南,中国,CÔNG TY TNHH KỸ THUẬT THIẾT BỊ THIÊN PHÚC,CHISON MEDICAL TECHNOLOGIES CO LTD,"No. 151, Group 13 Mau Luong, Kien Hung Ward, Ha Dong District, Hanoi City, Vietnam","NO.9, XINHUIHUAN ROAD, XINWU DISTRICT, WUXI, JIANGSU, CHINA 214028, CN",,,,China,,SHANGHAI,CANG DINH VU - HP,90181200,"Máy CBIT8 là máy siêu âm màu 4D. Bao gồm đầu dò khối 4 chiều, đầu dò 2 chiều convex, đầu dò linear. Năm sản xuất 2023. HSX: CHISON MEDICAL TECHNOLOGIES CO., LTD. Máy mới 100%,The CBIT8 is a 4D color ultrasound machine. Includes 4-way block probe, 2-way convex probe, linear probe. Year of manufacture 2023. HSX: CHISON MEDICAL TECHNOLOGIES CO., LTD. 100% new machine",,1.0,Set,0.0,11800.0,100623S00232942,,
2023-06-19,印度,中国,KONICA MINOLTA HEALTHCARE INDIA PRIVATE LIMITED,EDAN INSTRUMENTS INC,OFFICE NO.201 2ND FLOOR ATRIUM 2 ANDHERI KURLA ROAD CHAKALA ANDHERI EAST,,,,,China,,,JNPT/ NHAVA SHEVA SEA,90181290,AEROSCAN COLOR DOPPLER CD 10 PRO DIAGNOSTICS ULTRASOUND SYSTEM MEDICAL EQUIP. APTA NO. B231923672010010 DT 07.06.2,,33.0,NOS,0.0,134310.0,0358415,,
2023-06-19,越南,中国,CÔNG TY TNHH KỸ THUẬT THIẾT BỊ THIÊN PHÚC,CHISON MEDICAL TECHNOLOGIES CO LTD,"No. 151, Group 13 Mau Luong, Kien Hung Ward, Ha Dong District, Hanoi City, Vietnam","NO.9, XINHUIHUAN ROAD, XINWU DISTRICT, WUXI, JIANGSU, CHINA 214028, CN",,,,China,,SHANGHAI,CANG DINH VU - HP,90181200,"Máy QBIT5 là máy siêu âm màu 2D. Bao gồm đầu dò convex, đầu dò linear. Năm sản xuất 2023. HSX: CHISON MEDICAL TECHNOLOGIES CO., LTD. Máy mới 100%.,The QBIT5 is a 2D color ultrasound machine. Includes convex probe, linear probe. Year of manufacture 2023. HSX: CHISON MEDICAL TECHNOLOGIES CO., LTD. 100% new machine.",,1.0,Set,0.0,5600.0,100623S00232942,,
2023-06-19,乌兹别克斯坦,中国,OOO PREMIUM TECHNICS,SONOSCAPE MEDICAL CORP,,,,,,0,,,,9018120000,"1. Неотъемлемая часть системы ультразвукового сканирования S50:
Микроконвексный вагинально-ректальный датчик высокой плотности. Совместимость с SonoScape S435, S50, S60. Бренд: ""SONOSCAPE"", модель:""6V3"", изготовитель: ""SONOSCAPE MEDICAL CORP"" Китай. - кол. 3 шт, вес: 2,4 кг. Класс энергоэффективности: A
2. мест 1, 3  1 Упак.в картон.короб.
8. 000
9. 000
10. 2023/4.0-11.0 МГц, 6 МГц, 450мм/310мм/95мм
11. 02
Общее кол. мест: 1",,3.0,Piece,2.4,15.0,,,
2023-06-19,印度,中国,KONICA MINOLTA HEALTHCARE INDIA PRIVATE LIMITED,EDAN INSTRUMENTS INC,OFFICE NO.201 2ND FLOOR ATRIUM 2 ANDHERI KURLA ROAD CHAKALA ANDHERI EAST,,,,,China,,,JNPT/ NHAVA SHEVA SEA,90181290,CONVEX ARRAY TRANSDUCER C5-2Q MEDICAL EQUIP. APTA NO.B231923672010010 DT 07.06.2023,,10.0,NOS,0.0,5000.0,7487268,,
2023-06-19,印度,中国,KONICA MINOLTA HEALTHCARE INDIA PRIVATE LIMITED,EDAN INSTRUMENTS INC,OFFICE NO.201 2ND FLOOR ATRIUM 2 ANDHERI KURLA ROAD CHAKALA ANDHERI EAST,,,,,China,,,JNPT/ NHAVA SHEVA SEA,90181290,ENDOCAVITY ARRAY TRANSDUCER: E10-3HQ MEDICAL EQUIP. APTA NO. B231923672010010 DT 07.06.2023,,13.0,NOS,0.0,15600.0,7876485,,
2023-06-19,越南,中国,CÔNG TY TNHH KỸ THUẬT THIẾT BỊ THIÊN PHÚC,CHISON MEDICAL TECHNOLOGIES CO LTD,"No. 151, Group 13 Mau Luong, Kien Hung Ward, Ha Dong District, Hanoi City, Vietnam","NO.9, XINHUIHUAN ROAD, XINWU DISTRICT, WUXI, JIANGSU, CHINA 214028, CN",,,,China,,SHANGHAI,CANG DINH VU - HP,90181200,"Máy ECO1 là máy siêu âm màu 2D xách tay. Bao gồm 3 đầu dò Linear. Năm sản xuất 2023. HSX: CHISON MEDICAL TECHNOLOGIES CO., LTD. Máy mới 100%,The ECO1 is a portable 2D color ultrasound machine. Includes 3 Linear probes. Year of manufacture 2023. HSX: CHISON MEDICAL TECHNOLOGIES CO., LTD. 100% new machine",,1.0,Set,0.0,2500.0,100623S00232942,,
2023-06-19,乌兹别克斯坦,中国,OOO MEDSPACE SOLUTIONS,CHISON MEDICAL TECHNOLOGIES CO LTD,,,,,,0,,,,9018120000,"1. CHISON EBit 60 COLOR DOPPLER ULTRASOUND DIAGNOSTIC SYSTEM/Система ультразвуковая цветная допплеровская EBit 60 с принадлежностями. Производитель-CHISON Medical Technologies Co.,Ltd - кол. 3 шт, вес: 91,1 кг
2. мест 5, 5 дерев.ящик.
8. 000
9. 000
10. 2023/Новый
11. 02
Общее кол. мест: 5",,3.0,Piece,91.1,15000.0,,,
2023-06-19,印度,中国,KONICA MINOLTA HEALTHCARE INDIA PRIVATE LIMITED,EDAN INSTRUMENTS INC,OFFICE NO.201 2ND FLOOR ATRIUM 2 ANDHERI KURLA ROAD CHAKALA ANDHERI EAST,,,,,China,,,JNPT/ NHAVA SHEVA SEA,90181290,ENDOCAVITY ARRAY TRANSDUCER: E8-4Q MEDICAL EQUIP. APTANO. B231923672010010 DT 07.06.2023,,7.0,NOS,0.0,3500.0,6642372,,
2023-06-19,越南,中国,CÔNG TY TNHH KỸ THUẬT THIẾT BỊ THIÊN PHÚC,CHISON MEDICAL TECHNOLOGIES CO LTD,"No. 151, Group 13 Mau Luong, Kien Hung Ward, Ha Dong District, Hanoi City, Vietnam","NO.9, XINHUIHUAN ROAD, XINWU DISTRICT, WUXI, JIANGSU, CHINA 214028, CN",,,,China,,SHANGHAI,CANG DINH VU - HP,90181200,"Máy QBIT7 là máy siêu âm màu 4D. Bao gồm đầu dò khối 4 chiều, đầu dò 2 chiều convex, đầu dò linear. Năm sản xuất 2023. HSX: CHISON MEDICAL TECHNOLOGIES CO., LTD. Máy mới 100%,The QBIT7 is a 4D color ultrasound machine. Includes 4-way block probe, 2-way convex probe, linear probe. Year of manufacture 2023. HSX: CHISON MEDICAL TECHNOLOGIES CO., LTD. 100% new machine",,1.0,Set,0.0,8800.0,100623S00232942,,
2023-06-17,印度,中国,KONICA MINOLTA HEALTHCARE INDIA PRIVATE LIMITED,SONOSCAPE MEDICAL CORP,OFFICE NO.201 2ND FLOOR ATRIUM 2 ANDHERI KURLA ROAD CHAKALA ANDHERI EAST,,,,,China,,,JNPT/ NHAVA SHEVA SEA,90181290,AEROSCAN COLOUR DOPPLER ULTRASOUND SYSTEM CD40 MEDICAL EQUIP. APTA NO. 0123111700081575 DT 08.06.2023,,5.0,UNT,0.0,31000.0,4815582,,
2023-06-17,印度,中国,GENIQUE MEDCROP PRIVATE LIMITED,HUNAN BEYOND MEDICAL TECHNOLOGY,NA,,,,,China,,,PATPARGANJ ICD,90181290,SYRINGE PUMP MEDICAL EQUIP.,,2.0,NOS,0.0,500.0,0171011,,
2023-06-17,印度,中国,GENIQUE MEDCROP PRIVATE LIMITED,HUNAN BEYOND MEDICAL TECHNOLOGY,NA,,,,,China,,,PATPARGANJ ICD,90181290,SYRINGE PUMP MEDICAL EQUIP.,,200.0,NOS,0.0,20000.0,2323448,,
2023-06-17,印度,中国,KONICA MINOLTA HEALTHCARE INDIA PRIVATE LIMITED,SONOSCAPE MEDICAL CORP,OFFICE NO.201 2ND FLOOR ATRIUM 2 ANDHERI KURLA ROAD CHAKALA ANDHERI EAST,,,,,China,,,JNPT/ NHAVA SHEVA SEA,90181290,AEROSCAN COLOUR DOPPLER ULTRASOUND SYSTEM CD40 MEDICAL EQUIP. APTA NO. 0123111700081575 DT 08.06.2023,,5.0,UNT,0.0,31000.0,7154024,,
2023-06-17,印度,中国,GENIQUE MEDCROP PRIVATE LIMITED,HUNAN BEYOND MEDICAL TECHNOLOGY,NA,,,,,China,,,PATPARGANJ ICD,90181290,INFUSION PUMP MEDICAL EQUIP.,,2.0,NOS,0.0,500.0,7638464,,
2023-06-17,印度,中国,GENIQUE MEDCROP PRIVATE LIMITED,HUNAN BEYOND MEDICAL TECHNOLOGY,NA,,,,,China,,,PATPARGANJ ICD,90181290,SYRINGE PUMP MEDICAL EQUIP.,,200.0,NOS,0.0,20000.0,3875483,,
2023-06-17,印度,中国,GENIQUE MEDCROP PRIVATE LIMITED,HUNAN BEYOND MEDICAL TECHNOLOGY,NA,,,,,China,,,PATPARGANJ ICD,90181290,INFUSION PUMP MEDICAL EQUIP.,,2.0,NOS,0.0,500.0,6627250,,
2023-06-17,印度,中国,GENIQUE MEDCROP PRIVATE LIMITED,HUNAN BEYOND MEDICAL TECHNOLOGY,NA,,,,,China,,,PATPARGANJ ICD,90181290,SYRINGE PUMP MEDICAL EQUIP.,,1000.0,NOS,0.0,104000.0,7360321,,
2023-06-16,越南,中国,CÔNG TY TNHH THIẾT BỊ Y TẾ MINH KHANG,CHISON MEDICAL TECHNOLOGIES CO LTD,"No. 3, Alley 8/191/1 Le Quang Dao Street, Phu Do Ward, Nam Tu Liem District, Hanoi City, Vietnam","NO.9, XINHUIHUAN ROAD, XINWU DISTRICT, WUXI, JIANGSU, CHINA 214028, CN",,,,China,,HONG KONG,CANG NAM DINH VU,90181200,"Máy siêu âm dành cho thú y, kèm phụ kiện tiêu chuẩn. Model: CBit 4VET. HSX: CHISON MEDICAL TECHNOLOGIES CO.,LTD. Mới 100%,Veterinary ultrasound machine, with standard accessories. Model: CBit 4VET. HSX: CHISON MEDICAL TECHNOLOGIES CO.,LTD. 100% new",,1.0,Set,0.0,6800.0,070623HHSE3055417,,
2023-06-16,乌兹别克斯坦,中国,ООО SPACEMED TECHNICS Г ТАШКЕНТ,EDAN INSTRUMENT INC,,,,,,0,,,,9018120000,"1. Aclarix LX9, Diagnostic Ultrasound SyStem, 1T SSD, eSRI, CE,EDAN1,with Russian Software, with Battery*2, with C5-2Q probe,with P5-1Q, with L17-7HQ, with E10-3HQ, Advanced DICOM/  Ультразвуковая портативная диагностическая система с комплектующие Модель: Acclarix LX9,Кол-во- 2 шт. Новый 2023г, Пр-во: ""EDAN Instruments, Inc"" Китай.: - кол. 2 шт, вес: 150 кг
2. мест 2, 2 места
8. 000
9. 001
10. 2023/ 21,5-дюймовый медицинский монитор с высоким разрешением 
14-дюймовый сенсорный экран, который",,2.0,Piece,150.0,36340.0,,,
2023-06-14,越南,中国,CÔNG TY CỔ PHẦN XUẤT NHẬP KHẨU THIẾT BỊ Y TẾ HOÀN MỸ,SONOSCAPE MEDICAL CORP,"A8 Lot 12 Dinh Cong Street, Dinh Cong Ward, Hoang Mai District, Hanoi City, Vietnam","2F. 12TH BULDING, SHENZHEN SOFTWARE, PARK PHASE II,KEJI MIDDLE 2 ND ROAD, NANSHAN DISTRICT,518057, SHENZHEN, GUANGDONG, CHINA",,,,China,,HONG KONG,CANG DINH VU - HP,90181200,"Hệ thống siêu âm chẩn đoán màu, mã: E2pro, gồm máy chính và phụ kiện: đầu dò Convex C361, đầu dò Linear L741, dùng trong y tế. HSX: Sonoscape Medical Corp,China. Mới100%,Color diagnostic ultrasound system, code: E2pro, including main machine and accessories: Convex C361 probe, Linear L741 probe, used for medical purposes. HSX: Sonoscape Medical Corp,China. New100%",,20.0,Set,0.0,68000.0,080623SJFHK2301784,,
2023-06-14,乌兹别克斯坦,中国,СП ООО NEKTAR AGRO MED,MEXXEM TIRE CO LIMETED,,,,,,0,,,,9018120000,"1) Аппарат ультразвуковой цветной диагностический ""DAWEI"" модель DW-F5 с принадлежностями, 1 шт. в разборном виде для удобства траспортировки, упак. пэт плёнку, в картон. кор. и в деревянный ящик, производитель - Dawei Medical (Jiangsu) Co., Ltd, Китай:
 вес: 94 кг, кол. 1 шт;
2) Вид и количество упаковки:1 МЕСТО;
8) Код инвестпрограммы:000;
9) Код технологического оборудования:024;
10) Год изготовления и технические параметры:2023/модель DW-F5;
11) Признак госзакупок:02;",,1.0,Piece,94.0,1250.0,,,
2023-06-14,乌兹别克斯坦,中国,ЯТТ KULMUXAMEDOV NAVRUZ ISMATOVICH,SHENZHEN MINDRAY BIOMEDICAL ELECTRONICS CO LTD,,,,,,0,,,,9018120000,"1) Digital Ultrasound Diagnostic Imaging System DC-60Exp with accessories / Ультразвуковая диагностическая система  DC-60Exp в комплекте с принадлежностями, новый, 2023 год выпуска, сер.№CN8-32003016, производитель Shenzhen Mindray Bio-Medical Electronics Co., Ltd  (Китай):
 вес: 90,68 кг, кол. 1 шт;
2) Вид и количество упаковки:1 паллет+коробка;
8) Код инвестпрограммы:000;
9) Код технологического оборудования:024;
10) Год изготовления и технические параметры:2022/Напряжение 220V, частота 5",,1.0,Piece,90.68,23000.0,,,
2023-06-13,印度,中国,MEDION HEALTHCARE PRIVATE LIMITED,SINO MEDICALDEVICE TECHNOLOGY CO LIMITED,. PLOT NO. K-49 THAKUR PADA GAONM IDC ANAND NAGAR OPP. A SOLUTION COAMBERNATH,,,,,China,,,JNPT/ NHAVA SHEVA SEA,90181290,MEDICAL EQUIP. - INFUSION PUMP IP100 APTA NO. 0123111700075882 DTD. 31.05.2023,,50.0,NOS,0.0,9000.0,4622087,,
2023-06-13,印度,中国,MEDION HEALTHCARE PRIVATE LIMITED,SINO MEDICALDEVICE TECHNOLOGY CO LIMITED,. PLOT NO. K-49 THAKUR PADA GAONM IDC ANAND NAGAR OPP. A SOLUTION COAMBERNATH,,,,,China,,,JNPT/ NHAVA SHEVA SEA,90181290,MEDICAL EQUIP. - SYRINGE PUMP SP101 APTA NO. 0123111700075882 DTD. 31.05.2023,,300.0,NOS,0.0,46500.0,8150424,,
2023-06-13,印度,中国,MEDION HEALTHCARE PRIVATE LIMITED,SINO MEDICALDEVICE TECHNOLOGY CO LIMITED,. PLOT NO. K-49 THAKUR PADA GAONM IDC ANAND NAGAR OPP. A SOLUTION COAMBERNATH,,,,,China,,,JNPT/ NHAVA SHEVA SEA,90181290,MEDICAL EQUIP. - SYRINGE PUMP SP101 APTA NO. 0123111700075882 DTD. 31.05.2023,,300.0,NOS,0.0,46500.0,4752570,,
2023-06-11,孟加拉国,中国,NOBLE IMAGING,CHISON MEDICAL TECHNOLOGIES CO LTD,,,,,,China,,,,90181200,ULTRASOUND MEDICAL SYSTEM CBIT 4,,1.0,NMB,86.0,9575.0,N/A,,
2023-06-11,孟加拉国,中国,NOBLE IMAGING,CHISON MEDICAL TECHNOLOGIES CO LTD,,,,,,China,,,,90181200,ULTRASOUND MEDICAL SYSTEM CBIT 8,,1.0,NMB,86.0,11675.0,N/A,,
2023-06-10,印度,中国,AMITABHA MITRA,CONTEC MEDICAL SYSTEMS CO LIMITED,6 STAR LANE,,,,,China,,,KOLKATA AIR,90181290,"PATIENT MONITOR, MODEL: CMS7000 MEDICAL EQUIPMENT WITH STANDARD SPARE PARTS / ACCESSORIES / COMPONENT",,16.0,NOS,0.0,7504.0,7280478,,
2023-06-10,印度,中国,AMITABHA MITRA,CONTEC MEDICAL SYSTEMS CO LIMITED,6 STAR LANE,,,,,China,,,KOLKATA AIR,90181290,"PATIENT MONITOR, MODEL: CMS7000 MEDICAL EQUIPMENT WITH STANDARD SPARE PARTS / ACCESSORIES / COMPONENT",,16.0,NOS,0.0,7504.0,2626283,,
2023-06-10,印度,中国,AMITABHA MITRA,CONTEC MEDICAL SYSTEMS CO LIMITED,6 STAR LANE,,,,,China,,,KOLKATA AIR,90181290,"POCKET FETAL DOPPLER, MODEL: CONTEC10B MEDICAL EQUIPMENT WITH STANDARD SPARE PARTS / ACCESSORIES / COMPONENT",,500.0,NOS,0.0,7500.0,2678606,,
2023-06-08,乌兹别克斯坦,中国,OOO AKMAL FARM SANOAT,SHENZHEN MINDRAY BIOMEDICAL ELECTRONICS CO LTD,,,,,,0,,,,9018120000,"1) Digital Ultrasound Diagnostic Imaging System DC-40 with accessories / Ультразвуковая диагностическая система DC-40 в комплекте с принадлежностями, новый, 2023 год выпуска, сер.№CT7-32007385, производитель Shenzhen Mindray Bio-Medical Electronics Co., Ltd  (Китай):
 вес: 92 кг, кол. 1 шт;
2) Вид и количество упаковки:1 паллет+коробка;
8) Код инвестпрограммы:000;
9) Код технологического оборудования:024;
10) Год изготовления и технические параметры:2022/Напряжение 220V, частота 50/60Hz;
1",,1.0,Piece,92.0,16000.0,,,
2023-06-08,印度,中国,VATS MEDICAL HEALTHCARE PRIVATE LIMITED,SHENZHEN CARETECH MEDICAL,D 1683-B/1 TODAR FARM NAJAFGARH` N./,,,,,China,,,TUGLAKABAD ICD,90181290,FETAL DOPPLER FOR AUDIBLE SIMULATION OF BABY HEART BEAT MODEL NO - F1 FOR MEDICAL USE UNPOPULAR BRAND-OLEX,,600.0,NOS,0.0,5520.0,3840100,,
2023-06-08,印度,中国,VATS MEDICAL HEALTHCARE PRIVATE LIMITED,SHENZHEN CARETECH MEDICAL,D 1683-B/1 TODAR FARM NAJAFGARH` N./,,,,,China,,,TUGLAKABAD ICD,90181290,FETAL DOPPLER FOR AUDIBLE SIMULATION OF BABY HEART BEAT MODEL NO - D1 FOR MEDICAL USE UNPOPULAR BRAND-OLEX,,500.0,NOS,0.0,4250.0,4438761,,
2023-06-06,印度,中国,KONICA MINOLTA HEALTHCARE INDIA PRIVATE LIMITED,SONOSCAPE MEDICAL CORP,OFFICE NO.201 2ND FLOOR ATRIUM 2 ANDHERI KURLA ROAD CHAKALA ANDHERI EAST,,,,,China,,,SAHAR AIR,90181290,VC62N-45 4D CONVEX PROBE FOR CD40 MEDICAL EQUIP. APTACERT NO. B237432197675024 DT 05.06.2023,,3.0,NOS,0.0,9750.0,5081857,,
2023-06-06,印度,中国,KONICA MINOLTA HEALTHCARE INDIA PRIVATE LIMITED,SONOSCAPE MEDICAL CORP,OFFICE NO.201 2ND FLOOR ATRIUM 2 ANDHERI KURLA ROAD CHAKALA ANDHERI EAST,,,,,China,,,SAHAR AIR,90181290,SP7B PAEDIATRIC PHASED ARRAY PROBE FOR CD40 MEDICAL EQUIP. APTA CERT NO. B237432197675024 DT 05.06.2023,,5.0,NOS,0.0,9000.0,0587336,,
2023-06-06,印度,中国,KONICA MINOLTA HEALTHCARE INDIA PRIVATE LIMITED,SONOSCAPE MEDICAL CORP,OFFICE NO.201 2ND FLOOR ATRIUM 2 ANDHERI KURLA ROAD CHAKALA ANDHERI EAST,,,,,China,,,SAHAR AIR,90181290,SC3A CONVEX PROBE FOR CD40 MEDICAL EQUIP. APTA CERT NO. B237432197675024 DT 05.06.2023,,5.0,NOS,0.0,7500.0,3653627,,
2023-06-06,越南,中国,CÔNG TY TNHH KỸ THUẬT VÀ DỊCH VỤ THIÊN LỘC,CHISON MEDICAL TECHNOLOGIES CO LTD,"Dong Bang Village, Dong Thai Commune, Ba Vi District, Hanoi City, Vietnam","NO.9, XINHUIHUAN ROAD, XINWU, DISTRICT,WUXI, JIANGSU, CHINA, CN",,,,China,,SHANGHAI,CANG HAI PHONG,90181200,"'Máy siêu âm chuẩn đoán; Hiệu CHISON,sx năm 2023, (Ultrasound diagnostic system); Model:ECO1; Màn hình hiển thị chuyên dùng đi kèm máy,Hsx:CHISON MEDICAL TECHNOLOGIES CO., LTD.,Mới 100%,'Diagnostic ultrasound machine; Brand CHISON, sx in 2023, (Ultrasound diagnostic system); Model: ECO1; Dedicated display screen included with the machine,Hsx:CHISON MEDICAL TECHNOLOGIES CO., LTD.,100% Brand New",,5.0,Set,0.0,10250.0,310523JWLEM23051003,,
2023-06-06,印度,中国,KONICA MINOLTA HEALTHCARE INDIA PRIVATE LIMITED,SONOSCAPE MEDICAL CORP,OFFICE NO.201 2ND FLOOR ATRIUM 2 ANDHERI KURLA ROAD CHAKALA ANDHERI EAST,,,,,China,,,SAHAR AIR,90181290,SP3A PHASED ARRAY PROBE FOR CD40 MEDICAL EQUIP. APTA CERT NO. B237432197675024 DT 05.06.2023,,5.0,NOS,0.0,7750.0,6002361,,
2023-06-06,印度,中国,KONICA MINOLTA HEALTHCARE INDIA PRIVATE LIMITED,SONOSCAPE MEDICAL CORP,OFFICE NO.201 2ND FLOOR ATRIUM 2 ANDHERI KURLA ROAD CHAKALA ANDHERI EAST,,,,,China,,,SAHAR AIR,90181290,SV63N ENDOCAVITY PROBE FOR CD40 MEDICAL EQUIP. APTA CERT NO. B237432197675024 DT 05.06.2023,,5.0,NOS,0.0,7500.0,0406528,,
2023-06-06,越南,中国,CÔNG TY TNHH KỸ THUẬT VÀ DỊCH VỤ THIÊN LỘC,CHISON MEDICAL TECHNOLOGIES CO LTD,"Dong Bang Village, Dong Thai Commune, Ba Vi District, Hanoi City, Vietnam","NO.9, XINHUIHUAN ROAD, XINWU, DISTRICT,WUXI, JIANGSU, CHINA, CN",,,,China,,SHANGHAI,CANG HAI PHONG,90181200,"'Máy siêu âm chuẩn đoán; Hiệu CHISON,sx năm 2023, (Ultrasound diagnostic system); Model:ECO5; Màn hình hiển thị chuyên dùng đi kèm máy,Hsx:CHISON MEDICAL TECHNOLOGIES CO., LTD.,Mới 100%,'Diagnostic ultrasound machine; Brand CHISON, sx in 2023, (Ultrasound diagnostic system); Model: ECO5; Dedicated display screen included with the machine,Hsx:CHISON MEDICAL TECHNOLOGIES CO., LTD.,100% Brand New",,1.0,Set,0.0,2200.0,310523JWLEM23051003,,
2023-06-06,越南,中国,CÔNG TY TNHH KỸ THUẬT VÀ DỊCH VỤ THIÊN LỘC,CHISON MEDICAL TECHNOLOGIES CO LTD,"Dong Bang Village, Dong Thai Commune, Ba Vi District, Hanoi City, Vietnam","NO.9, XINHUIHUAN ROAD, XINWU, DISTRICT,WUXI, JIANGSU, CHINA, CN",,,,China,,SHANGHAI,CANG HAI PHONG,90181200,"'Máy siêu âm chuẩn đoán; Hiệu CHISON,sx năm 2023, (Ultrasound diagnostic system); Model:QBit9; Màn hình hiển thị chuyên dùng đi kèm máy,Hsx:CHISON MEDICAL TECHNOLOGIES CO., LTD.,Mới 100%,'Diagnostic ultrasound machine; Brand CHISON, sx in 2023, (Ultrasound diagnostic system); Model: QBit9; Dedicated display screen included with the machine,Hsx:CHISON MEDICAL TECHNOLOGIES CO., LTD.,100% Brand New",,5.0,Set,0.0,47500.0,310523JWLEM23051003,,
2023-06-06,越南,中国,CÔNG TY TNHH KỸ THUẬT VÀ DỊCH VỤ THIÊN LỘC,CHISON MEDICAL TECHNOLOGIES CO LTD,"Dong Bang Village, Dong Thai Commune, Ba Vi District, Hanoi City, Vietnam","NO.9, XINHUIHUAN ROAD, XINWU, DISTRICT,WUXI, JIANGSU, CHINA, CN",,,,China,,SHANGHAI,CANG HAI PHONG,90181200,"'Máy siêu âm chuẩn đoán; Hiệu CHISON,sx năm 2023, (Ultrasound diagnostic system); Model:CBIT8; Màn hình hiển thị chuyên dùng đi kèm máy,Hsx:CHISON MEDICAL TECHNOLOGIES CO., LTD.,Mới 100%,'Diagnostic ultrasound machine; Brand CHISON, sx in 2023, (Ultrasound diagnostic system); Model:CBIT8; Dedicated display screen included with the machine,Hsx:CHISON MEDICAL TECHNOLOGIES CO., LTD.,100% Brand New",,5.0,Set,0.0,62500.0,310523JWLEM23051003,,
2023-06-06,印度,中国,KONICA MINOLTA HEALTHCARE INDIA PRIVATE LIMITED,SONOSCAPE MEDICAL CORP,OFFICE NO.201 2ND FLOOR ATRIUM 2 ANDHERI KURLA ROAD CHAKALA ANDHERI EAST,,,,,China,,,SAHAR AIR,90181290,SL42N LINEAR PROBE FOR CD40 MEDICAL EQUIP. APTA CERT NO. B237432197675024 DT 05.06.2023,,5.0,NOS,0.0,7500.0,3356050,,
2023-06-04,孟加拉国,中国,SYSMARK LTD,SHENZHEN EMPEROR ELECTRONIC CHINA,,,,,,China,,,,90181200,"MEDICAL EQUIP,DIAGONSTIC ULTRASOUND SYSTEM MODEL NO-N2",,3.0,NMB,30.0,3750.0,N/A,,
2023-06-03,津巴布韦,中国,PRIME DENTAL SERVICES P L906 TRAFALGAR CRT J NYERERE WAYHARARE,AIDITE TECHNOLOGY CO LTD,,"QINHUANGDAO CITY,CHINA",,,,China,Zimbabwe,,,90181200,MEDICAL SCANNER,,0.0,,60.0,4000.0,,,
2023-06-01,越南,中国,CÔNG TY TNHH ĐẦU TƯ THƯƠNG MẠI VÀ DỊCH VỤ KỸ THUẬT HOÀNG MINH,CHISON MEDICAL TECHNOLOGIES CO LTD,"Hamlet 3, Lai Yen Commune, Hoai Duc District, Hanoi City, Vietnam","NO.9, XINHUIHUAN ROAD, XINWU DISTRICT, WUXI,214028, JIANGSU, CHINA, CN",,,,China,,SHANGHAI,CANG HAI PHONG,90181200,"Máy siêu âm chẩn đoán (1 cổng đầu dò, đầu dò Micro Convex MC6-A); hoạt động bằng điện, điện áp 19V, 3.15A, Model: ECO1; HSX: Chison Medical Technologies Co., Ltd; Xuất xứ: Trung Quốc; Mới 100%,Diagnostic ultrasound machine (1 probe port, Micro Convex MC6-A probe); electrically operated, voltage 19V, 3.15A, Model: ECO1; HSX: Chison Medical Technologies Co., Ltd; From China; 100% new",,9.0,Set,0.0,12600.0,270523SZCP23050094,,
2023-06-01,越南,中国,CÔNG TY TNHH ĐẦU TƯ THƯƠNG MẠI VÀ DỊCH VỤ KỸ THUẬT HOÀNG MINH,CHISON MEDICAL TECHNOLOGIES CO LTD,"Hamlet 3, Lai Yen Commune, Hoai Duc District, Hanoi City, Vietnam","NO.9, XINHUIHUAN ROAD, XINWU DISTRICT, WUXI,214028, JIANGSU, CHINA, CN",,,,China,,SHANGHAI,CANG HAI PHONG,90181200,"Máy siêu âm chẩn đoán (2 cổng đầu dò, 1 đầu dò Convex C3-A); hoạt động bằng điện, điện áp 19V, 3.15A, Model: ECO1; HSX: Chison Medical Technologies Co., Ltd; Xuất xứ: Trung Quốc; Mới 100%,Diagnostic ultrasound machine (2 probe ports, 1 Convex C3-A probe); electrically operated, voltage 19V, 3.15A, Model: ECO1; HSX: Chison Medical Technologies Co., Ltd; From China; 100% new",,1.0,Set,0.0,1400.0,270523SZCP23050094,,
2023-05-31,印度,中国,MINDRAY MEDICAL INDIA PVT LTD,MR GLOBAL HK LIMITED,"FLAT/RM 1115-6 BLOCK 1,11/F GRANDCENTURY PLACE 193 PRINCEEDWARD WEST ROAD ,",,,,,CHINA,,,NHAVA SHEVA SEA (INNSA1),90181290,2145B-PA00364 DC-70 EXP COLOR DOPPLER SYSTEM(FOR MEDICAL USE),,3.0,NOS,0.0,47127.39,3433558,,
2023-05-31,印度,中国,MINDRAY MEDICAL INDIA PVT LTD,MR GLOBAL HK LIMITED,"FLAT/RM 1115-6 BLOCK 1,11/F GRANDCENTURY PLACE 193 PRINCEEDWARD WEST ROAD ,",,,,,CHINA,,,NHAVA SHEVA SEA (INNSA1),90181290,2142B-PA00126 RESONA I9 COLOR DOPPLER SYSTEM (FOR MEDICAL USE),,6.0,NOS,0.0,176862.06,1332284,,
2023-05-31,印度,中国,MINDRAY MEDICAL INDIA PVT LTD,MR GLOBAL HK LIMITED,"FLAT/RM 1115-6 BLOCK 1,11/F GRANDCENTURY PLACE 193 PRINCEEDWARD WEST ROAD ,",,,,,CHINA,,,NHAVA SHEVA SEA (INNSA1),90181290,2148B-PA00066 DC-40 COLOR DOPPLER SYSTEM(FOR MEDICAL USE),,5.0,NOS,0.0,58883.7,8182082,,
2023-05-31,印度,中国,MINDRAY MEDICAL INDIA PVT LTD,MR GLOBAL HK LIMITED,"FLAT/RM 1115-6 BLOCK 1,11/F GRANDCENTURY PLACE 193 PRINCEEDWARD WEST ROAD ,",,,,,CHINA,,,NHAVA SHEVA SEA (INNSA1),90181290,2165B-PA00020 CONSONA N8 COLOR DOPPLER SYSTEM(FOR MEDICAL USE),,10.0,NOS,0.0,153900.8,7368155,,
2023-05-31,越南,中国,CÔNG TY TNHH XUẤT NHẬP KHẨU THIẾT BỊ Y TẾ MAI GIA,SONOSCAPE MEDICAL CORP,"4th floor, Hud3 Tower, No. 121-123 To Hieu Street - Nguyen Trai Ward - Ha Dong District - Hanoi.","2F, 12TH BUILDING,SHENZHEN SOFTWARE, PARK PHASE II,KEJI MIDDLE 2ND ROAD, NANSHAN DISTRICT,SHENZHEN,518057, GUANGDONG",,,,China,,HONG KONG,HA NOI,90181200,"Máy siêu âm chẩn đoán,chủng loại: P20,gồm 1 ổ đĩa DVD,2 đầu dò Curved Array VC6-2,1 đầu dò Curved Array 3C-A, 1 đầu dò Linear Array L742,1 đầu dò Linear Array L741,hsx:SONOSCAPE MEDICAL CORP,mới 100%,Diagnostic ultrasound machine, type: P20, includes 1 DVD drive, 2 Curved Array VC6-2.1 probes, 1 Curved Array 3C-A probe, 1 Linear Array L742.1 transducer, 1 Linear Array L741 probe, hsx :SONOSCAPE MEDICAL CORP, 100% new",,1.0,Set,0.0,16300.0,JS202300245,,
2023-05-31,越南,中国,CÔNG TY TNHH XUẤT NHẬP KHẨU THIẾT BỊ Y TẾ MAI GIA,SONOSCAPE MEDICAL CORP,"4th floor, Hud3 Tower, No. 121-123 To Hieu Street - Nguyen Trai Ward - Ha Dong District - Hanoi.","2F, 12TH BUILDING,SHENZHEN SOFTWARE, PARK PHASE II,KEJI MIDDLE 2ND ROAD, NANSHAN DISTRICT,SHENZHEN,518057, GUANGDONG",,,,China,,HONG KONG,HA NOI,90181200,"Máy siêu âm chẩn đoán,chủng loại: P20,gồm 1 ổ đĩa DVD,2 đầu dò Curved Array VC6-2, 2 đầu dò Linear Array L742,hsx:SONOSCAPE MEDICAL CORP,mới 100%,Diagnostic ultrasound machine, type: P20, includes 1 DVD drive, 2 Curved Array VC6-2 probes, 2 Linear Array L742 probes, hsx:SONOSCAPE MEDICAL CORP, 100% new",,1.0,Set,0.0,14700.0,JS202300245,,
2023-05-31,乌兹别克斯坦,中国,ООО INTERMED INNOVATION TRADE,SHENZHEN MINDRAY BIOMEDICAL ELECTRONICS CO LTD,,,,,,0,,,,9018120000,"1) Digital Ultrasound Diagnostic Imaging System Z50 with accessories/Ультразвуковая диагностическая система  Z50 в комплекте с принадлежностями, новый, 2023 год выпуска, сер.№HH6-32003758,  производитель Shenzhen Mindray Bio-Medical Electronics Co., Ltd  (Китай):
 вес: 28,18 кг, кол. 1 шт;
2) Вид и количество упаковки:2 коробка;
8) Код инвестпрограммы:000;
9) Код технологического оборудования:024;
10) Год изготовления и технические параметры:2023/Напряжение 220V, частота 50/60Hz;
11) Призн",,1.0,Piece,28.18,9000.0,,,
2023-05-31,印度,中国,MINDRAY MEDICAL INDIA PVT LTD,MR GLOBAL HK LIMITED,"FLAT/RM 1115-6 BLOCK 1,11/F GRANDCENTURY PLACE 193 PRINCEEDWARD WEST ROAD ,",,,,,CHINA,,,SAHAR AIR CARGO ACC (INBOM4),90181290,"2147B-CTO-S01 DC-60 EXP COLOR DOPPLER SYSTEM DVD-RW,DICOM BASIC,DICOM BREAST SR,DICOM VASCULAR (FOR MEDICAL USE)",,1.0,NOS,0.0,21656.97,0333325,,
2023-05-31,印度,中国,MINDRAY MEDICAL INDIA PVT LTD,MR GLOBAL HK LIMITED,"FLAT/RM 1115-6 BLOCK 1,11/F GRANDCENTURY PLACE 193 PRINCEEDWARD WEST ROAD ,",,,,,CHINA,,,NHAVA SHEVA SEA (INNSA1),90181290,2148B-PA00066 DC-40 DC-40 COLOR DOPPLER SYSTEM(FOR MEDICAL USE),,33.0,NOS,0.0,388632.42,6008515,,
2023-05-31,乌兹别克斯坦,中国,ООО INTERMED INNOVATION TRADE,SHENZHEN MINDRAY BIOMEDICAL ELECTRONICS CO LTD,,,,,,0,,,,9018120000,"1) Digital Ultrasound Diagnostic Imaging System DC-40 with accessories / Ультразвуковая диагностическая система DC-40 в комплекте с принадлежностями, новый, 2023 год выпуска, сер.№CT7-32007386, производитель Shenzhen Mindray Bio-Medical Electronics Co., Ltd  (Китай):
 вес: 92 кг, кол. 1 шт;
2) Вид и количество упаковки:1 паллет+коробка;
8) Код инвестпрограммы:000;
9) Код технологического оборудования:024;
10) Год изготовления и технические параметры:2023/Напряжение 220V, частота 50/60Hz;
1",,1.0,Piece,92.0,16000.0,,,
2023-05-31,印度,中国,BIOMEDIX OPTOTECHNIK AND DEVICES PRIVATE LIMITED,MEDA CO LTD,"ROOM D, F3, BUILDING C2, XINMAO SCIENCE SKILL PARK, HUAYUAN INDUSTRY DEVELOPMENT AREA Tianjin, , China",,,,,CHINA,,,BANGALORE ACC (INBLR4),90181290,MD-2300S WITH UBM MEDICAL ULTRASOUND SCANNER,,2.0,NOS,0.0,19000.0,5882205,,
2023-05-31,印度,中国,MINDRAY MEDICAL INDIA PVT LTD,MR GLOBAL HK LIMITED,"FLAT/RM 1115-6 BLOCK 1,11/F GRANDCENTURY PLACE 193 PRINCEEDWARD WEST ROAD ,",,,,,CHINA,,,SAHAR AIR CARGO ACC (INBOM4),90181290,2167B-PA00112 DC-30 DC-30 COLOR DOPPLER SYSTEM(FOR MEDICAL USE),,4.0,NOS,0.0,34670.24,5741015,,
2023-05-31,乌兹别克斯坦,中国,ООО INTERMED INNOVATION TRADE,SHENZHEN MINDRAY BIOMEDICAL ELECTRONICS CO LTD,,,,,,0,,,,9018120000,"1) Digital Ultrasound Diagnostic Imaging System Z50 with accessories/Ультразвуковая диагностическая система  Z50 в комплекте с принадлежностями, новый, 2023 год выпуска, сер.№HH6-32003761,  производитель Shenzhen Mindray Bio-Medical Electronics Co., Ltd  (Китай): вес: 28,18 кг, кол. 1 шт;
2) Вид и количество упаковки:2 коробка;
8) Код инвестпрограммы:000;
9) Код технологического оборудования:024;
10) Год изготовления и технические параметры:2023/Напряжение 220V, частота 50/60Hz;
11) Признак",,1.0,Piece,28.18,9000.0,,,
2023-05-31,印度,中国,MINDRAY MEDICAL INDIA PVT LTD,MR GLOBAL HK LIMITED,"FLAT/RM 1115-6 BLOCK 1,11/F GRANDCENTURY PLACE 193 PRINCEEDWARD WEST ROAD ,",,,,,CHINA,,,NHAVA SHEVA SEA (INNSA1),90181290,2167B-PA00112 DC-30 DC-30 COLOR DOPPLER SYSTEM (FOR MEDICAL USE),,4.0,NOS,0.0,34670.24,0478857,,
2023-05-31,印度,中国,MINDRAY MEDICAL INDIA PVT LTD,MR GLOBAL HK LIMITED,"FLAT/RM 1115-6 BLOCK 1,11/F GRANDCENTURY PLACE 193 PRINCEEDWARD WEST ROAD ,",,,,,CHINA,,,NHAVA SHEVA SEA (INNSA1),90181290,2165B-PA00028 CONSONA N8 COLOR DOPPLER SYSTEM(FOR MEDICAL USE),,15.0,NOS,0.0,203490.75,8241847,,
2023-05-31,印度,中国,MINDRAY MEDICAL INDIA PVT LTD,MR GLOBAL HK LIMITED,"FLAT/RM 1115-6 BLOCK 1,11/F GRANDCENTURY PLACE 193 PRINCEEDWARD WEST ROAD ,",,,,,CHINA,,,SAHAR AIR CARGO ACC (INBOM4),90181290,2146B-PA00145 MX7 MX7 PORTABLE COLOR DOPPLER SYSTEM(FOR MEDICAL USE),,1.0,NOS,0.0,9739.31,2323336,,
2023-05-31,印度,中国,MINDRAY MEDICAL INDIA PVT LTD,MR GLOBAL HK LIMITED,"FLAT/RM 1115-6 BLOCK 1,11/F GRANDCENTURY PLACE 193 PRINCEEDWARD WEST ROAD ,",,,,,CHINA,,,SAHAR AIR CARGO ACC (INBOM4),90181290,2167B-PA00005 DC-30 DC-30 COLOR DOPPLER SYSTEM(FOR MEDICAL USE),,1.0,NOS,0.0,8658.66,3063478,,
2023-05-31,越南,中国,CÔNG TY TNHH XUẤT NHẬP KHẨU THIẾT BỊ Y TẾ MAI GIA,SONOSCAPE MEDICAL CORP,"4th floor, Hud3 Tower, No. 121-123 To Hieu Street - Nguyen Trai Ward - Ha Dong District - Hanoi.","2F, 12TH BUILDING,SHENZHEN SOFTWARE, PARK PHASE II,KEJI MIDDLE 2ND ROAD, NANSHAN DISTRICT,SHENZHEN,518057, GUANGDONG",,,,China,,HONG KONG,HA NOI,90181200,"Máy siêu âm chẩn đoán,chủng loại: P20,gồm 1 ổ đĩa DVD,2 đầu dò Curved Array VC6-2,1 đầu dò Phased Array 3P-A, 1 đầu dò Linear Array L742,hsx:SONOSCAPE MEDICAL CORP,mới 100%,Diagnostic ultrasound machine, type: P20, includes 1 DVD drive, 2 Curved Array VC6-2.1 probes, 1 Phased Array 3P-A probe, 1 Linear Array L742 probe, hsx:SONOSCAPE MEDICAL CORP, new 100 %",,1.0,Set,0.0,14700.0,JS202300245,,
2023-05-30,印度,中国,MINDRAY MEDICAL INDIA PVT LTD,MR GLOBAL HK LIMITED,"FLAT/RM 1115-6 BLOCK 1,11/F GRANDCENTURY PLACE 193 PRINCEEDWARD WEST ROAD ,",,,,,CHINA,,,SAHAR AIR CARGO ACC (INBOM4),90181290,2142B-PA00124 NUEWA I9 COLOR DOPPLER SYSTEM(FOR MEDICAL USE),,5.0,NOS,0.0,138239.3,2770634,,
2023-05-30,印度,中国,MINDRAY MEDICAL INDIA PVT LTD,MR GLOBAL HK LIMITED,"FLAT/RM 1115-6 BLOCK 1,11/F GRANDCENTURY PLACE 193 PRINCEEDWARD WEST ROAD ,",,,,,CHINA,,,SAHAR AIR CARGO ACC (INBOM4),90181290,2148B-PA00430 DC-40 DC-40 COLOR DOPPLER SYSTEM(FOR MEDICAL USE),,1.0,NOS,0.0,16354.79,2210887,,
2023-05-30,印度,中国,MINDRAY MEDICAL INDIA PVT LTD,MR GLOBAL HK LIMITED,"FLAT/RM 1115-6 BLOCK 1,11/F GRANDCENTURY PLACE 193 PRINCEEDWARD WEST ROAD ,",,,,,CHINA,,,SAHAR AIR CARGO ACC (INBOM4),90181290,2166B-PA00043 CONSONA N9 COLOR DOPPLER SYSTEM(FOR MEDICAL USE),,1.0,NOS,0.0,17964.05,5453277,,
2023-05-29,印度,中国,MINDRAY MEDICAL INDIA PVT LTD,MR GLOBAL HK LIMITED,"FLAT/RM 1115-6 BLOCK 1,11/F GRANDCENTURY PLACE 193 PRINCEEDWARD WEST ROAD ,",,,,,CHINA,,,SAHAR AIR CARGO ACC (INBOM4),90181290,2142B-PA00126 RESONA I9 COLOR DOPPLER SYSTEM(FOR MEDICAL USE),,2.0,NOS,0.0,58954.02,3358851,,
2023-05-29,乌兹别克斯坦,中国,OOO MEDSPACE SOLUTIONS,CHISON MEDICAL TECHNOLOGIES CO LTD,,,,,,0,,,,9018120000,"1. CHISON EBit 60 COLOR DOPPLER ULTRASOUND DIAGNOSTIC SYSTEM/Система ультразвуковая цветная допплеровская EBit 60 с принадлежностями. Производитель-CHISON Medical Technologies Co.,Ltd - кол. 3 шт, вес: 91,1 кг
2. мест 5, 5 дерев.ящик.
8. 000
9. 000
10. 2023/Новый
11. 02
Общее кол. мест: 5",,3.0,Piece,91.1,15000.0,,,
2023-05-29,乌兹别克斯坦,中国,OOO MEDSPACE SOLUTIONS,CHISON MEDICAL TECHNOLOGIES CO LTD,,,,,,0,,,,9018120000,"1. CHISON XBit 80 COLOR DOPPLER ULTRASOUND DIAGNOSTIC SYSTEM/Система ультразвуковая цветная допплеровская XBit 80 с принадлежностями. Производитель-CHISON Medical Technologies Co.,Ltd - кол. 1 шт, вес: 82 кг
2. мест 1, 1 дерев.ящик.
8. 000
9. 000
10. 2023/Новый
11. 02
Общее кол. мест: 1",,1.0,Piece,82.0,14000.0,,,
2023-05-29,乌克兰,中国,ТОВ МК СОНОМЕДИКА,SONOSCAPE MEDICAL CORP ROOM,03124 М КИЇВ ВУЛ МИКОЛИ ВАСИЛЕНКА БУД 21 ОФ 105,201 202 12TH BUILDING SHENZHEN SOFTWARE PARK PHASE II 1 KEJI,,,,China,,,,9018120000,АПАРАТУРА ДЛЯ УЛЬТРАЗВУКОВОГО СКАНУВАННЯ ЦИФРОВА КОЛЬОРОВА ДОПЛЕРІВСЬКА УЛЬТРАЗВУКОВА СИСТЕМА P15 1 ШТ ЦИФРОВА КОЛЬОРОВА ДОПЛЕРІВСЬКА УЛЬТРАЗВУКОВА СИСТЕМА P10 EXP 1 ШТ ЦИФРОВА КОЛЬОРОВА ДОПЛЕРІВСЬКА УЛЬТРАЗВУКОВА СИСТЕМА P10 1 ШТ ЦИФРОВА КОЛЬОРОВА ДОПЛЕРІВСЬКА УЛЬТРАЗВУКОВА СИСТЕМА P9 1 ШТ ЦИФРОВА КОЛЬОРОВА ДОПЛЕРІВСЬКА УЛЬТРАЗВУКОВА СИСТЕМА X3 PRO 2 ШТ ДАТЧИК УЛЬТРАЗВУКОВИЙ L752 2 ШТ ДАТЧИК УЛЬТРАЗВУКОВИЙ L741 4 ШТ ДАТЧИК УЛЬТРАЗВУКОВИЙ 3C A 2 ШТ ДАТЧИК УЛЬТРАЗВУКОВИЙ 6V1 2 ШТ ДАТЧИК УЛЬТРАЗВУКОВИЙ EC9 5 1 ШТ ВІДПОВІДАЄ ВИМОГАМ ТЕХНІЧНОГО РЕГЛАМЕНТУ ЩОДО МЕДИЧНИХ ВИРОБІВ ЗАТВЕРДЖЕНОГО ПКМУ 753 ВИРОБНИК SONOSCAPE MEDICAL CORP КРАЇНА ВИРОБНИЦТВА CN,,329.0,КГ,329.0,105100.0,,,
2023-05-29,印度,中国,MINDRAY MEDICAL INDIA PVT LTD,MR GLOBAL HK LIMITED,"FLAT/RM 1115-6 BLOCK 1,11/F GRANDCENTURY PLACE 193 PRINCEEDWARD WEST ROAD ,",,,,,CHINA,,,SAHAR AIR CARGO ACC (INBOM4),90181290,"2142B-CTO-S01 RESONA I9 COLOR DOPPLER SYSTEM SMART TRACE,CPP,SMART THYROID,SMART PACKAGE,DVD ASSEMBLY,4D (FOR MEDICAL US",,1.0,NOS,0.0,28467.56,4533773,,
2023-05-29,印度,中国,MINDRAY MEDICAL INDIA PVT LTD,MR GLOBAL HK LIMITED,"FLAT/RM 1115-6 BLOCK 1,11/F GRANDCENTURY PLACE 193 PRINCEEDWARD WEST ROAD ,",,,,,CHINA,,,SAHAR AIR CARGO ACC (INBOM4),90181290,2142B-PA00127 RESONA I9 COLOR DOPPLER SYSTEM(FOR MEDICAL USE),,5.0,NOS,0.0,129916.2,1487500,,
2023-05-29,越南,中国,CÔNG TY CỔ PHẦN CÔNG NGHỆ AN PHÚC,SONOSCAPE MEDICAL CORP,"Lk21-16(19), Van Khe New Urban Area, La Khe Ward, Ha Dong District, Hanoi City, Vietnam","2F, 12TH BUILDING,SHENZHEN SOFTWARE, PHASE II KEJI MIDDLE 2ND ROAD,  NANSHAN DISTRICT, SHENZHEN,518057, GUANGDONG, CN",,,,China,,HONG KONG,HA NOI,90181200,"Máy siêu âm chẩn đoán R10 và phụ kiện tiêu chuẩn đi kèm. NSX Sonoscape Medical Corp. hàng mới 100%,Diagnostic ultrasound machine R10 and standard accessories included. NSX Sonoscape Medical Corp. new 100%",,1.0,Set,0.0,9500.0,SJFHK2301615,,
2023-05-27,印度,中国,MINDRAY MEDICAL INDIA PVT LTD,MR GLOBAL HK LIMITED,"FLAT/RM 1115-6 BLOCK 1,11/F GRANDCENTURY PLACE 193 PRINCEEDWARD WEST ROAD ,",,,,,CHINA,,,SAHAR AIR CARGO ACC (INBOM4),90181290,2142B-PA00144 RESONA I9 COLOR DOPPLER SYSTEM(FOR MEDICAL USE),,10.0,NOS,0.0,329733.9,4458843,,
2023-05-26,印度,中国,MINDRAY MEDICAL INDIA PVT LTD,MR GLOBAL HK LIMITED,"FLAT/RM 1115-6 BLOCK 1,11/F GRANDCENTURY PLACE 193 PRINCEEDWARD WEST ROAD ,",,,,,CHINA,,,SAHAR AIR CARGO ACC (INBOM4),90181290,2138B-PA00233 M6 PORTABLE COLOR COLOR DOPPLER SYSTEM(FOR MEDICAL USE),,12.0,NOS,0.0,88080.12,8756438,,
2023-05-26,印度,中国,NIDEK MEDICAL INDIA PRIVATE LIMITED,GENERAL MEDITECH INC,ADD SOUTH OFFICE 4F 1KEZHI WEST SCIENCE PARK NANSHAN SHENZHEN GUANGDONG 518057 P.R CHINA,,,,,CHINA,,,Kolkata,90181290,G6B (FM150) 12.1 INCH FETAL MONITOR (MEDICAL EQUIPMENT),,60.0,NOS,0.0,33000.0,7361062,,
2023-05-26,乌兹别克斯坦,中国,ООО INTERMED INNOVATION TRADE,SHENZHEN MINDRAY BIOMEDICAL ELECTRONICS CO LTD,,,,,,0,,,,9018120000,"1) Digital Ultrasound Diagnostic Imaging System DC-40 with accessories / Ультразвуковая диагностическая система DC-40 в комплекте с принадлежностями, новый, 2023 год выпуска, сер.№CT7-32007383, производитель Shenzhen Mindray Bio-Medical Electronics Co., Ltd  (Китай):
 вес: 92 кг, кол. 1 шт;
2) Вид и количество упаковки:1 паллет+коробка;
8) Код инвестпрограммы:000;
9) Код технологического оборудования:024;
10) Год изготовления и технические параметры:2022/Напряжение 220V, частота 50/60Hz;
1",,1.0,Piece,92.0,18500.0,,,
2023-05-26,印度,中国,NIDEK MEDICAL INDIA PRIVATE LIMITED,GENERAL MEDITECH INC,ADD SOUTH OFFICE 4F 1KEZHI WEST SCIENCE PARK NANSHAN SHENZHEN GUANGDONG 518057 P.R CHINA,,,,,CHINA,,,Kolkata,90181290,G3M - 10.4 INCH PATIENT MONITOR (BRAVO 10 ) (MEDICAL EQUIPMENT),,40.0,NOS,0.0,16600.0,4546161,,
2023-05-26,印度,中国,NIDEK MEDICAL INDIA PRIVATE LIMITED,GENERAL MEDITECH INC,ADD SOUTH OFFICE 4F 1KEZHI WEST SCIENCE PARK NANSHAN SHENZHEN GUANGDONG 518057 P.R CHINA,,,,,CHINA,,,Kolkata,90181290,FM-150 BELT (SPARE PARTS OF FETAL MONITOR) (MEDICAL EQUIPMENT),,10.0,NOS,0.0,60.0,0683707,,
2023-05-26,印度,中国,MINDRAY MEDICAL INDIA PVT LTD,MR GLOBAL HK LIMITED,"FLAT/RM 1115-6 BLOCK 1,11/F GRANDCENTURY PLACE 193 PRINCEEDWARD WEST ROAD ,",,,,,CHINA,,,SAHAR AIR CARGO ACC (INBOM4),90181290,2147B-PA00071 DC-60 EXP DC-60 EXP COLOR DOPPLER SYSTEM(FOR MEDICAL USE),,2.0,NOS,0.0,31811.06,1373024,,
2023-05-26,印度,中国,NIDEK MEDICAL INDIA PRIVATE LIMITED,GENERAL MEDITECH INC,ADD SOUTH OFFICE 4F 1KEZHI WEST SCIENCE PARK NANSHAN SHENZHEN GUANGDONG 518057 P.R CHINA,,,,,CHINA,,,Kolkata,90181290,FM-150 FHR PROBE (1.0Hz) (MEDICAL EQUIPMENT),,8.0,NOS,0.0,480.0,6353482,,
2023-05-26,乌兹别克斯坦,中国,СП ООО INTERMED INNOVATION,SHENZHEN MINDRAY BIOMEDICAL ELECTRONICS CO LTD,,,,,,0,,,,9018120000,"1) Ultrasound Diagnostic Imaging System DC-60Exp with accessories/Ультразвуковая диагностическая система  DC-60Exp в комплекте с принадлежностями, новый, 2022 год выпуска, сер.№CN8-29002567, производитель Shenzhen Mindray Bio-Medical Electronics Co., Ltd  (Китай):
 вес: 93 кг, кол. 1 шт;
2) Вид и количество упаковки:1 палет+коробка;
3) № конт.:CRSU0405962(часть), кол-во:1;
8) Код инвестпрограммы:000;
9) Код технологического оборудования:024;
10) Год изготовления и технические параметры:202",,1.0,Piece,93.0,25000.0,,,
2023-05-26,印度,中国,MINDRAY MEDICAL INDIA PVT LTD,MR GLOBAL HK LIMITED,"FLAT/RM 1115-6 BLOCK 1,11/F GRANDCENTURY PLACE 193 PRINCEEDWARD WEST ROAD ,",,,,,CHINA,,,SAHAR AIR CARGO ACC (INBOM4),90181290,2138B-PA00085 M6 M6 PORTABLE COLOR DOPPLER ULTRASOUND SYSTEM(FOR MEDICAL USE),,10.0,NOS,0.0,58944.4,2704624,,
2023-05-26,印度,中国,NIDEK MEDICAL INDIA PRIVATE LIMITED,GENERAL MEDITECH INC,ADD SOUTH OFFICE 4F 1KEZHI WEST SCIENCE PARK NANSHAN SHENZHEN GUANGDONG 518057 P.R CHINA,,,,,CHINA,,,Kolkata,90181290,FM-150 FHR PROBE (1.5Hz) (MEDICAL EQUIPMENT),,2.0,NOS,0.0,120.0,2245048,,
2023-05-26,印度,中国,NIDEK MEDICAL INDIA PRIVATE LIMITED,GENERAL MEDITECH INC,ADD SOUTH OFFICE 4F 1KEZHI WEST SCIENCE PARK NANSHAN SHENZHEN GUANGDONG 518057 P.R CHINA,,,,,CHINA,,,Kolkata,90181290,FM-150 BOARD AC/DC (SPARE PARTS OF FETAL MONITOR) (MEDICAL EQUIPMENT),,6.0,NOS,0.0,96.0,5055321,,
2023-05-25,印度,中国,MEDIMART MEDICAL SYSTEMS PRIVATE LIMITED,ZHONGSHAN WESEE MEDITECH CO LTD,"ADD 6F BLOCK C, 2 JIANSHUO STR,HOCHUNG VILLAGE, NANLANGZHONGSHAN P.R CHINA",,,,,CHINA,,,CHENNAI AIR CARGO ACC (INMAA4),90181290,VIDEO URETEROSCOPE RF 14A- RF14A (MEDICAL PARTS),,2.0,NOS,0.0,2200.0,3802882,,
2023-05-25,印度,中国,MEDIMART MEDICAL SYSTEMS PRIVATE LIMITED,ZHONGSHAN WESEE MEDITECH CO LTD,"ADD 6F BLOCK C, 2 JIANSHUO STR,HOCHUNG VILLAGE, NANLANGZHONGSHAN P.R CHINA",,,,,CHINA,,,CHENNAI AIR CARGO ACC (INMAA4),90181290,VIDEO URETEROSCOPE - C100A (MEDICAL PARTS),,2.0,NOS,0.0,2200.0,1401165,,
2023-05-25,乌兹别克斯坦,中国,CП ООО INTERMED INNOVATION,SHENZHEN MINDRAY BIOMEDICAL ELECTRONICS CO LTD,,,,,,0,,,,9018120000,"1) Digital Ultrasound Diagnostic Imaging System DC-60Exp with accessories / Ультразвуковая диагностическая система DC-60Exp в комплекте с принадлежностями, новый, 2023 год выпуска, сер.№CN8-32003014,CN8-32003017, производитель Shenzhen Mindray Bio-Medical Electronics Co., Ltd  (Китай):
 вес: 181,36 кг, кол. 2 шт;
2) Вид и количество упаковки:2 паллет+коробка;
8) Код инвестпрограммы:000;
9) Код технологического оборудования:024;
10) Год изготовления и технические параметры:2023/Напряжение 22",,2.0,Piece,181.36,50000.0,,,
2023-05-24,乌兹别克斯坦,中国,ООО TRUST MEDICAL EQUIPMENT,QINGDAO HISENSE MEDICAL EQUIPMENT CO LTD,,,,,,0,,,,9018120000,"1. Digital Color Doppler Ultrasound System model ""HD42"" witn accessories. Цифровая цветная ультразвуковая допплеровская система модель ""HD42"" с принадлежностями. Серия № 470112292101. Производитель ""Qingdao Hisense Medical Equipment"" CO.,LTD. Произведено 2022 году. - - кол. 1 шт, вес: 167,4 кг
2. мест 1, дерев.ящик.
8. 000
9. 024
10. 2022/Цифровая цветная ультразвуковая допплеровская система модель ""HD42"" с принадлежностями.
11. 02
Общее кол. мест: 1",,1.0,Piece,167.4,13551.0,,,
2023-05-24,印度,中国,MINDRAY MEDICAL INDIA PVT LTD,MR GLOBAL HK LIMITED,"FLAT/RM 1115-6 BLOCK 1,11/F GRANDCENTURY PLACE 193 PRINCEEDWARD WEST ROAD ,",,,,,CHINA,,,SAHAR AIR CARGO ACC (INBOM4),90181290,2138B-PA00085 M6 M6 PORTABLE COLORDOPPLERULTRASOUNDSYSTEM(FOR MEDICAL USE),,1.0,NOS,0.0,5894.44,7256757,,
2023-05-24,巴基斯坦,中国,MEDICAL EQUIPMENT SYSTEMS,TEKSMED INTERNATIONAL SYSTEMS FZC,60/61 FCC SYED MARATIB ALI ROAD GULBERG IV  ,,,,,China,,,KAPW,90181200,"PARTS FOR MEDICAL EQUIPMENT 
 X-SHIELD DOUBLE SIDD.50PB FREE APRON  
1 PCS",,1.0,u,0.0,185.0,,,
2023-05-24,印度,中国,MINDRAY MEDICAL INDIA PVT LTD,MR GLOBAL HK LIMITED,"FLAT/RM 1115-6 BLOCK 1,11/F GRANDCENTURY PLACE 193 PRINCEEDWARD WEST ROAD ,",,,,,CHINA,,,SAHAR AIR CARGO ACC (INBOM4),90181290,"2146B-CTO-S01 MX7 PORTABLE COLOR DOPPLER SYSTEM ISCAPE VIEW,FREE XROS M,FREE XROS CM,TISSUE DOPPLER IMAGING (FOR MEDICAL",,1.0,NOS,0.0,12697.2,2407247,,
2023-05-24,巴基斯坦,中国,MEDICAL EQUIPMENT SYSTEMS,TEKSMED INTERNATIONAL SYSTEMS FZC,60/61 FCC SYED MARATIB ALI ROAD GULBERG IV  ,,,,,China,,,KAPW,90181200,"PARTS FOR MEDICAL EQUIPMENT 
 X-SHIELD OT LIGHT (C310 &DA4560 WITHC310) 
2 PCS",,2.0,u,0.0,350.0,,,
2023-05-24,印度,中国,PARAS HEALTHCARE PRIVATE LIMITED,WIPRO GE HEALTHCARE PVT LTD,11 NORTH BUONA VISTA DRIVE11-07 THE METROPOLISSINGAPORE-138589,,,,,CHINA,,,DELHI AIR CARGO ACC (INDEL4),90181290,VIVID T8 V204 PRO WITH ADULT CARDIAC AND TEE PROBE WITH ACCESS (MEDICAL EQUIPMENT),,1.0,NOS,0.0,30000.0,5323822,,
2023-05-24,印度,中国,KONICA MINOLTA HEALTHCARE INDIA PRIVATE LIMITED,EDAN INSTRUMENTS INC,"NO.15 JINHUI RD., JINSHA COMMUNITY,KENGZI SUBDISTRICT, PINGSHAN DISTRICT, SHENZHEN 518122 P.R.CHINA , .,",,,,,CHINA,,,SAHAR AIR CARGO ACC (INBOM4),90181290,"Acclarix AX3,Diagnostic Ultrasound System with Two Sockets (MEDICAL EQUIPMENT) (APTA NO:B231923672010009 DT. 24.05.2023)",,2.0,PCS,0.0,7820.0,3803222,,
2023-05-24,乌兹别克斯坦,中国,ЧП XK UNICOM,GUANGZHOU YUESHEN MEDICAL EQUIPMENT CO LTD,,,,,,0,,,,9018120000,"1. Система цифровая цветная допплеровская ультразвуковая модель: P20 c принадлежностями новый не б/у 2023г Производитель: SONOSCAPE MEDICAL CORP Sonascape P20 серийный номер: 2304280001 на 19V-4.74A Ultrasound machine Sonascape P20 (with accessories) - кол. 1 шт, вес: 120 кг
2. мест 2, 2  полный картон.короб.
8. 000
9. 000
10. 2023/Система цифровая цветная допплеровская ультразвуковая модель: P20 c принадлежностями новый не б/у 2023г Производитель: SONOSCAPE MEDICAL CORP серийный номер: 2304280",,1.0,Piece,120.0,4000.0,,,
2023-05-24,巴基斯坦,中国,MEDICAL EQUIPMENT SYSTEMS,TEKSMED INTERNATIONAL SYSTEMS FZC,60/61 FCC SYED MARATIB ALI ROAD GULBERG IV  ,,,,,China,,,KAPW,90181200,"PARTS FOR MEDICAL EQUIPMENT 
 X-SHIELD BP50 FREE THYROID  
1 PCS",,1.0,u,0.0,35.0,,,
2023-05-24,印度,中国,MINDRAY MEDICAL INDIA PVT LTD,MR GLOBAL HK LIMITED,"FLAT/RM 1115-6 BLOCK 1,11/F GRANDCENTURY PLACE 193 PRINCEEDWARD WEST ROAD ,",,,,,CHINA,,,SAHAR AIR CARGO ACC (INBOM4),90181290,2138B-PA00085 M6 M6 PORTABLE COLORDOPPLERULTRASOUNDSYSTEM(FOR MEDICAL USE),,1.0,NOS,0.0,5894.44,5320674,,
2023-05-24,巴基斯坦,中国,ISLAMIC INTERNATIONAL MEDICAL COLLEGE TRUST,PHILIPS ELECTRONICS SINGAPORE PTE LTD,274 Peshawar Road Old Supreme Court Building,,,,,China                         ,,,KPAF,90181200,"2ND PART SHIPMENT MEDICAL EQUIPMENTS ACCESS CT AND INTELLSPACE PACKAGE CT VX  WITH ALL STANDARD ACCESSORIES AND ATTCHMENTS QTY 1 UNIT ORIGIN CHINA ALL OTHER DETAIL AS PERT INVOICE AND PACKING LIST
PART GD NO. KAPS-HC-6037-08-03-2023",,1.0,u,0.0,10000.0,,,
2023-05-24,巴基斯坦,中国,MEDICAL EQUIPMENT SYSTEMS,TEKSMED INTERNATIONAL SYSTEMS FZC,60/61 FCC SYED MARATIB ALI ROAD GULBERG IV  ,,,,,China,,,KAPW,90181200,"PARTS FOR MEDICAL EQUIPMENT 
 X-SHIELD MONITOR HANGING 
1 PCS",,1.0,u,0.0,1250.0,,,
2023-05-24,印度,中国,MINDRAY MEDICAL INDIA PVT LTD,MR GLOBAL HK LIMITED,"FLAT/RM 1115-6 BLOCK 1,11/F GRANDCENTURY PLACE 193 PRINCEEDWARD WEST ROAD ,",,,,,CHINA,,,SAHAR AIR CARGO ACC (INBOM4),90181290,2146B-PA00145 MX7 MX7 PORTABLE DIAGNOSTIC ULTRASOUNDSYSTEM(FOR MEDICAL USE),,10.0,NOS,0.0,97393.1,1638101,,
2023-05-24,巴基斯坦,中国,MEDICAL EQUIPMENT SYSTEMS,TEKSMED INTERNATIONAL SYSTEMS FZC,60/61 FCC SYED MARATIB ALI ROAD GULBERG IV  ,,,,,China,,,KAPW,90181200,"PARTS FOR MEDICAL EQUIPMENT 
 X-SHIELD LEAD GOGGLES 
1 PCS",,1.0,u,0.0,45.0,,,
2023-05-24,巴基斯坦,中国,MEDICAL EQUIPMENT SYSTEMS,TEKSMED INTERNATIONAL SYSTEMS FZC,60/61 FCC SYED MARATIB ALI ROAD GULBERG IV  ,,,,,China,,,KAPW,90181200,"PARTS FOR MEDICAL EQUIPMENT 
 LOWER BODY RADIATION PROTECTIONS  
1 PCS",,1.0,u,0.0,90.0,,,
2023-05-24,乌兹别克斯坦,中国,ООО TRUST MEDICAL EQUIPMENT,QINGDAO HISENSE MEDICAL EQUIPMENT CO LTD,,,,,,0,,,,9018120000,"1. Digital Color Doppler Ultrasound System model ""HD60"" witn accessories. Цифровая цветная ультразвуковая допплеровская система модель ""HD60"" с принадлежностями. Серия №170112292101. Производитель ""Qingdao Hisense Medical Equipment"" CO.,LTD. Произведено 2022 году. - кол. 1 шт, вес: 167,4 кг
2. мест 1, дерев.ящик.
8. 000
9. 024
10. 2022/Цифровая цветная ультразвуковая допплеровская система модель ""HD60"" с принадлежностями. 
11. 02
Общее кол. мест: 1",,1.0,Piece,167.4,15551.0,,,
2023-05-23,乌兹别克斯坦,中国,ООО INTERMED INNOVATION TRADE,SHENZHEN MINDRAY BIOMEDICAL ELECTRONICS CO LTD,,,,,,0,,,,9018120000,"1) Digital Ultrasound Diagnostic Imaging System DC-40 with accessories / Ультразвуковая диагностическая система DC-40 в комплекте с принадлежностями, новый, 2023 год выпуска, сер.№CT7-32007382, производитель Shenzhen Mindray Bio-Medical Electronics Co., Ltd  (Китай):
 вес: 92 кг, кол. 1 шт;
2) Вид и количество упаковки:1 паллет+коробка;
8) Код инвестпрограммы:000;
9) Код технологического оборудования:024;
10) Год изготовления и технические параметры:2022/Напряжение 220V, частота 50/60Hz;
1",,1.0,Piece,92.0,15000.0,,,
2023-05-22,俄罗斯,中国,ОООБИОСТРИМ,HENWELL SHANGHAI CO LTD,"142132, МОСКОВСКАЯ ОБЛ., Г.ПОДОЛЬСК, П.ДУБРОВИЦЫ, Д.60, КОМН.4,","201600, WANDA PLAZA, SHANGHAI, ROOM 513,4TH BUILDI",,,SHENZHEN WELL D MEDICAL ELECTRONICS CO LTD,China,Russia,,,9018120000,"АППАРАТУРА УЛЬТРАЗВУКОВОГО СКАНИРОВАНИЯ. НЕ СОДЕРЖИТ ИСТОЧНИКОВ ВЫСОКОЧАСТОТНЫХ РАДИОСИГНАЛОВ И ВЫСОКОЧАСТОТНОГО ЭЛЕКТРОМАГНИТНОГО ИЗЛУЧЕНИЯ, ДЛЯ ВЕТЕРИНАРИИ, НЕ ВОЕННОГО НАЗНАЧЕНИЯ, : ПРОИЗВ.: SHENZHEN WELL.D MEDICAL ELECTRONICS CO., LTD., (TM):",,15.0,ШТ,25.2,6246.09,,,WELLD
2023-05-21,印度,中国,MINDRAY MEDICAL INDIA PVT LTD,MR GLOBAL HK LIMITED,"FLAT/RM 1115-6 BLOCK 1,11/F GRANDCENTURY PLACE 193 PRINCEEDWARD WEST ROAD ,",,,,,CHINA,,,SAHAR AIR CARGO ACC (INBOM4),90181290,2146B-PA00146 MX7 MX7 PORTABLE COLOR DOPPLER SYSTEM (FOR MEDICAL USE),,3.0,NOS,0.0,33978.72,5764556,,
2023-05-21,印度,中国,MINDRAY MEDICAL INDIA PVT LTD,MR GLOBAL HK LIMITED,"FLAT/RM 1115-6 BLOCK 1,11/F GRANDCENTURY PLACE 193 PRINCEEDWARD WEST ROAD ,",,,,,CHINA,,,SAHAR AIR CARGO ACC (INBOM4),90181290,2142B-PA00125 RESONA I9 COLOR DOPPLER SYSTEM (MEDICAL USE),,5.0,NOS,0.0,160979.8,7485664,,
2023-05-21,印度,中国,MINDRAY MEDICAL INDIA PVT LTD,MR GLOBAL HK LIMITED,"FLAT/RM 1115-6 BLOCK 1,11/F GRANDCENTURY PLACE 193 PRINCEEDWARD WEST ROAD ,",,,,,CHINA,,,SAHAR AIR CARGO ACC (INBOM4),90181290,2142B-PA00126 RESONA I9 COLOR DOPPLER SYSTEM (MEDICAL USE),,1.0,NOS,0.0,29477.01,5270280,,
2023-05-21,印度,中国,MINDRAY MEDICAL INDIA PVT LTD,MR GLOBAL HK LIMITED,"FLAT/RM 1115-6 BLOCK 1,11/F GRANDCENTURY PLACE 193 PRINCEEDWARD WEST ROAD ,",,,,,CHINA,,,SAHAR AIR CARGO ACC (INBOM4),90181290,"2148B-CTO-S01 DC-40 COLOR DOPPLER SYSTEM -ISCAPE VIEW,SMART3D,IMT,DICOM BASIC,IPAGE (MEDICAL USE)",,1.0,NOS,0.0,14788.59,6482648,,
2023-05-21,印度,中国,MINDRAY MEDICAL INDIA PVT LTD,MR GLOBAL HK LIMITED,"FLAT/RM 1115-6 BLOCK 1,11/F GRANDCENTURY PLACE 193 PRINCEEDWARD WEST ROAD ,",,,,,CHINA,,,SAHAR AIR CARGO ACC (INBOM4),90181290,2142B-PA00125 RESONA I9 COLOR DOPPLER SYSTEM (FOR MEDICAL USE),,5.0,NOS,0.0,160979.8,2688007,,
2023-05-21,印度,中国,MINDRAY MEDICAL INDIA PVT LTD,MR GLOBAL HK LIMITED,"FLAT/RM 1115-6 BLOCK 1,11/F GRANDCENTURY PLACE 193 PRINCEEDWARD WEST ROAD ,",,,,,CHINA,,,SAHAR AIR CARGO ACC (INBOM4),90181290,2146B-PA00149 MX7 MX7 PORTABLE COLOR DOPPLER SYSTEM (FOR MEDICAL USE),,5.0,NOS,0.0,69714.05,2074675,,
2023-05-21,印度,中国,MINDRAY MEDICAL INDIA PVT LTD,MR GLOBAL HK LIMITED,"FLAT/RM 1115-6 BLOCK 1,11/F GRANDCENTURY PLACE 193 PRINCEEDWARD WEST ROAD ,",,,,,CHINA,,,SAHAR AIR CARGO ACC (INBOM4),90181290,2142B-PA00126 RESONA I9 COLOR DOPPLER SYSTEM (FOR MEDICAL USE),,1.0,NOS,0.0,29477.01,6600033,,
2023-05-21,印度,中国,MINDRAY MEDICAL INDIA PVT LTD,MR GLOBAL HK LIMITED,"FLAT/RM 1115-6 BLOCK 1,11/F GRANDCENTURY PLACE 193 PRINCEEDWARD WEST ROAD ,",,,,,CHINA,,,SAHAR AIR CARGO ACC (INBOM4),90181290,2146B-PA00149 MX7 MX7 PORTABLE COLOR DOPPLER SYSTEM (FOR MEDICAL USE),,2.0,NOS,0.0,27885.62,5438137,,
2023-05-21,印度,中国,MINDRAY MEDICAL INDIA PVT LTD,MR GLOBAL HK LIMITED,"FLAT/RM 1115-6 BLOCK 1,11/F GRANDCENTURY PLACE 193 PRINCEEDWARD WEST ROAD ,",,,,,CHINA,,,SAHAR AIR CARGO ACC (INBOM4),90181290,"2138B-CTO-S01 M6 PORTABLE COLOR COLOR DOPPLER SYSTEM SERVICEPACKAGE,IMT,SMART 3D,ISCAPE VIEW,FREE XROS(FOR MEDICAL USE)",,1.0,NOS,0.0,8537.91,5773333,,
2023-05-21,印度,中国,MINDRAY MEDICAL INDIA PVT LTD,MR GLOBAL HK LIMITED,"FLAT/RM 1115-6 BLOCK 1,11/F GRANDCENTURY PLACE 193 PRINCEEDWARD WEST ROAD ,",,,,,CHINA,,,SAHAR AIR CARGO ACC (INBOM4),90181290,2148B-PA00430 DC-40 DC-40 COLOR DOPPLER SYSTEM (MEDICAL USE),,5.0,NOS,0.0,81773.95,1048562,,
2023-05-21,印度,中国,MINDRAY MEDICAL INDIA PVT LTD,MR GLOBAL HK LIMITED,"FLAT/RM 1115-6 BLOCK 1,11/F GRANDCENTURY PLACE 193 PRINCEEDWARD WEST ROAD ,",,,,,CHINA,,,SAHAR AIR CARGO ACC (INBOM4),90181290,"2148B-CTO-S01 DC-40 COLOR DOPPLER SYSTEM ISCAPE VIEW,SMART 3D,IMT,DICOM BASIC,SMART(FOR MEDICAL USE)",,2.0,NOS,0.0,21171.1,6764572,,
2023-05-19,印度,中国,MINDRAY MEDICAL INDIA PVT LTD,MR GLOBAL HK LIMITED,"FLAT/RM 1115-6 BLOCK 1,11/F GRANDCENTURY PLACE 193 PRINCEEDWARD WEST ROAD ,",,,,,CHINA,,,SAHAR AIR CARGO ACC (INBOM4),90181290,1156B-PA00005 DP-50EXPERT DP-50EXPERT DIGITAL ULTRASONIC DIAGNOSTI (FOR MEDICAL USE),,15.0,NOS,0.0,67156.95,6072102,,
2023-05-19,印度,中国,GLOBAL HEALTH LIMITED,WIPRO GE HEALTHCARE PVT LTD,11 NORTH BUONA VISTA DRIVE11-07 THE METROPOLISSINGAPORE-138589,,,,,CHINA,,,DELHI AIR CARGO ACC (INDEL4),90181290,VIVID IQ 4D PREMIUM HIGH PERFORMANCE USG WITH ACCESS (VIVIDID 4D PREMIUM COLOUR DOPPLER MEDICAL EQUIPMENT),,1.0,NOS,0.0,46500.0,8641488,,
2023-05-18,越南,中国,CÔNG TY CỔ PHẦN XUẤT NHẬP KHẨU THIẾT BỊ Y TẾ HOÀN MỸ,SONOSCAPE MEDICAL CORP,"A8 Lot 12 Dinh Cong Street, Dinh Cong Ward, Hoang Mai District, Hanoi City, Vietnam","2F. 12TH BULDING, SHENZHEN SOFTWARE, PARK PHASE II,KEJI MIDDLE 2 ND ROAD, NANSHAN DISTRICT,518057, SHENZHEN, GUANGDONG, CHINA",,,,China,,HONG KONG,GREEN PORT (HP),90181200,"Hệ thống siêu âm chẩn đoán màu, mã: P40 Elite, gồm máy chính và phụ kiện:đầu dò Convex 3C-A, Linear 12L-A, Volumetric Convex VC6-2, Transvaginal 6V3, dùng trong y tế.HSX:Sonoscape Medical Corp,Mới100%,Color diagnostic ultrasound system, code: P40 Elite, including main unit and accessories: Convex 3C-A probe, Linear 12L-A, Volumetric Convex VC6-2, Transvaginal 6V3, medical use.HSX:Sonoscape Medical Corp,100% New",,1.0,Set,0.0,18400.0,150523SJFHK2301554,,
2023-05-18,印度,中国,KONICA MINOLTA HEALTHCARE INDIA PRIVATE LIMITED,SINO MEDICAL DEVICE TECHNOLOGY CO L,"TD6TH FLOOR,BUILDING 15,NO.1008,SOGBAI ROAD,NANSHAN DISTRICTSHENZHEN,P.R.CHINA",,,,,CHINA,,,NHAVA SHEVA SEA (INNSA1),90181290,MEDICAL EQUIPMENT - HIGH PRESSURE INJECTOR SINGLE HEAD SINOPOWER-S (APTA NO: 0123111700057300 DT.04.05.2023),,25.0,SET,0.0,57500.0,4084087,,
2023-05-18,印度,中国,KONICA MINOLTA HEALTHCARE INDIA PRIVATE LIMITED,SINO MEDICAL DEVICE TECHNOLOGY CO L,"TD6TH FLOOR,BUILDING 15,NO.1008,SOGBAI ROAD,NANSHAN DISTRICTSHENZHEN,P.R.CHINA",,,,,CHINA,,,NHAVA SHEVA SEA (INNSA1),90181290,MEDICAL EQUIPMENT - HIGH PRESSURE INJECTOR DUAL HEAD SINOPOWER-D (APTA NO: 0123111700057300 DT.04.05.2023),,3.0,SET,0.0,15900.0,5243686,,
2023-05-18,越南,中国,CÔNG TY CỔ PHẦN XUẤT NHẬP KHẨU THIẾT BỊ Y TẾ HOÀN MỸ,SONOSCAPE MEDICAL CORP,"A8 Lot 12 Dinh Cong Street, Dinh Cong Ward, Hoang Mai District, Hanoi City, Vietnam","2F. 12TH BULDING, SHENZHEN SOFTWARE, PARK PHASE II,KEJI MIDDLE 2 ND ROAD, NANSHAN DISTRICT,518057, SHENZHEN, GUANGDONG, CHINA",,,,China,,HONG KONG,GREEN PORT (HP),90181200,"Hệ thống siêu âm chẩn đoán màu, mã: P22, gồm máy chính và phụ kiện: đầu dò Convex 3C-A, Linear L741, Volumetric Convex VC6-2, Phased Array 3P-A, dùng trong y tế. HSX: Sonoscape Medical Corp.Mới100%,Color diagnostic ultrasound system, code: P22, including main unit and accessories: Convex 3C-A probe, Linear L741, Volumetric Convex VC6-2, Phased Array 3P-A, for medical use. HSX: Sonoscape Medical Corp.100% New",,3.0,Set,0.0,39000.0,150523SJFHK2301554,,
2023-05-18,孟加拉国,中国,CAPSTONE SOLUTION LTD,CHISON MEDICAL TECHNOLOGIES CO LTD,,,,,,China,,,,90181200,MEDICAL EQUIPMENT CBIT 4 MAIN UNIT WITH STANDARD ACCESSORIES,,2.0,NMB,172.0,10965.0,N/A,,
2023-05-18,越南,中国,CÔNG TY CỔ PHẦN XUẤT NHẬP KHẨU THIẾT BỊ Y TẾ HOÀN MỸ,SONOSCAPE MEDICAL CORP,"A8 Lot 12 Dinh Cong Street, Dinh Cong Ward, Hoang Mai District, Hanoi City, Vietnam","2F. 12TH BULDING, SHENZHEN SOFTWARE, PARK PHASE II,KEJI MIDDLE 2 ND ROAD, NANSHAN DISTRICT,518057, SHENZHEN, GUANGDONG, CHINA",,,,China,,HONG KONG,GREEN PORT (HP),90181200,"Hệ thống siêu âm chẩn đoán màu, mã: P40 Elite, gồm máy chính và phụ kiện: đầu dò Convex 3C-A, Linear 12L-A, Volumetric Convex VC6-2, dùng trong y tế. HSX: Sonoscape Medical Corp,China. Mới100%,Color diagnostic ultrasound system, code: P40 Elite, including main machine and accessories: Convex 3C-A probe, Linear 12L-A, Volumetric Convex VC6-2, for medical use. HSX: Sonoscape Medical Corp,China. New100%",,2.0,Set,0.0,33000.0,150523SJFHK2301554,,
2023-05-16,印度,中国,MINDRAY MEDICAL INDIA PVT LTD,MR GLOBAL HK LIMITED,"FLAT/RM 1115-6 BLOCK 1,11/F GRANDCENTURY PLACE 193 PRINCEEDWARD WEST ROAD ,",,,,,CHINA,,,SAHAR AIR CARGO ACC (INBOM4),90181290,1116B-CTO-S01 Z60 COLOR DOPPLER SYSTEM(FOR MEDICAL USE),,1.0,NOS,0.0,7739.35,3364174,,
2023-05-16,印度,中国,MINDRAY MEDICAL INDIA PVT LTD,MR GLOBAL HK LIMITED,"FLAT/RM 1115-6 BLOCK 1,11/F GRANDCENTURY PLACE 193 PRINCEEDWARD WEST ROAD ,",,,,,CHINA,,,SAHAR AIR CARGO ACC (INBOM4),90181290,2147B-CTO-S01 DC-60 EXP COLOR DOPPLER SYSTEM(FOR MEDICAL USE),,1.0,NOS,0.0,25857.51,8425805,,
2023-05-16,印度,中国,MINDRAY MEDICAL INDIA PVT LTD,MR GLOBAL HK LIMITED,"FLAT/RM 1115-6 BLOCK 1,11/F GRANDCENTURY PLACE 193 PRINCEEDWARD WEST ROAD ,",,,,,CHINA,,,SAHAR AIR CARGO ACC (INBOM4),90181290,2145B-PA00364 DC-70 EXP COLOR DOPPLER SYSTEM(FOR MEDICAL USE),,1.0,NOS,0.0,15709.13,5785283,,
2023-05-16,印度,中国,MINDRAY MEDICAL INDIA PVT LTD,MR GLOBAL HK LIMITED,"FLAT/RM 1115-6 BLOCK 1,11/F GRANDCENTURY PLACE 193 PRINCEEDWARD WEST ROAD ,",,,,,CHINA,,,SAHAR AIR CARGO ACC (INBOM4),90181290,2145B-CTO-S01 DC-70 EXP COLOR DOPPLER SYSTEM(FOR MEDICAL USE),,3.0,NOS,0.0,43229.31,2225681,,
2023-05-16,俄罗斯,中国,JSC TASKOM FOR EAST MEDICAL GROUP,SHENZHEN MINDRAY ANIMAL MEDICAL TECHNOLOGY CO LTD,"BOHR RAYON, VORSINO'S VILLAGE, NORTHERN INDUSTRIAL ZONE, VLADENIE 6, BUILDING 1","TOWER 4, YESUN INTELLIGENT COMMUNITY III, No. 1301-88 GUANGUANG ROAD,LONGHUA DISTRICT",,,,,Russia (RU),,,901812,THE VETERINARY DIAGNOSTIC ULTRASONIC DEVICE VETUS 5EXP WITH ACCESSORIES. IT IS USED FOR TREATMENT OF ANIMALS. NOT THE MEDICAL EQUIPMENT,,0.0,KG,0.0,284258.613,,,
2023-05-16,印度,中国,MINDRAY MEDICAL INDIA PVT LTD,MR GLOBAL HK LIMITED,"FLAT/RM 1115-6 BLOCK 1,11/F GRANDCENTURY PLACE 193 PRINCEEDWARD WEST ROAD ,",,,,,CHINA,,,SAHAR AIR CARGO ACC (INBOM4),90181290,1117B-PA00013 Z50 COLOR DOPPLER SYSTEM(FOR MEDICAL USE),,5.0,NOS,0.0,26540.4,4140675,,
2023-05-16,印度,中国,MINDRAY MEDICAL INDIA PVT LTD,MR GLOBAL HK LIMITED,"FLAT/RM 1115-6 BLOCK 1,11/F GRANDCENTURY PLACE 193 PRINCEEDWARD WEST ROAD ,",,,,,CHINA,,,SAHAR AIR CARGO ACC (INBOM4),90181290,2142B-CTO-S01 RESONA I9 COLOR DOPPLER SYSTEM(FOR MEDICAL USE),,2.0,NOS,0.0,75571.92,3360088,,
2023-05-15,乌兹别克斯坦,中国,ООО MEDICAL MARKETING GROUP,SHENZHEN WISONIC MEDICAL TECHNOLOGY CO LTD,,,,,,0,,,,9018120000,"1) Ultrasonic Diagnostic System, model: Piloter / Ультразвуковая диагностическая система Piloter - 1 комп., Оборудования новое и не имеет следов эксплуатации 2022г., Пр-во SHENZHEN WISONIC MEDICAL TECHNOLOGY CO., LTD Китай:
 вес: 15 кг, кол. 1 шт;
2) Вид и количество упаковки:1 карт.короб;
8) Код инвестпрограммы:000;
9) Код технологического оборудования:024;
10) Год изготовления и технические параметры:2022/220 V;
11) Признак госзакупок:02;",,1.0,Piece,15.0,8655.0,,,
2023-05-15,乌兹别克斯坦,中国,ООО STAR MEDS CENTER,DONG HAO TRADE LIMITED,,,,,,0,,,,9018120000,"1. Стационарная цифровая ультразвуковая диагностическая система с цветным допплером (УЗИ), модель ""S50"" с принадлежностями, новая, 2023 года выпуска в кол. -1комплект.
Производитель: SONOSCAPE MEDICAL CORP., Китай. - кол. 1 шт, вес: 122 кг
2. мест 1, 1 дерев.ящик.
8. 000
9. 024
10. 2023/
11. 02
Общее кол. мест: 1",,1.0,Piece,122.0,28500.0,,,
2023-05-15,乌兹别克斯坦,中国,ООО MEDICAL MARKETING GROUP,SHENZHEN WISONIC MEDICAL TECHNOLOGY CO LTD,,,,,,0,,,,9018120000,"1) Ultrasonic Diagnostic System, model: Clover 60 / Ультразвуковая диагностическая система Clover 60 - 1 комп., Оборудования новое и не имеет следов эксплуатации 2022г., Пр-во SHENZHEN WISONIC MEDICAL TECHNOLOGY CO., LTD Китай:
 вес: 18 кг, кол. 1 шт;
2) Вид и количество упаковки:1 карт.короб;
8) Код инвестпрограммы:000;
9) Код технологического оборудования:024;
10) Год изготовления и технические параметры:2022/220 V;
11) Признак госзакупок:02;",,1.0,Piece,18.0,11045.0,,,
2023-05-13,印度,中国,MINDRAY MEDICAL INDIA PVT LTD,MR GLOBAL HK LIMITED,"FLAT/RM 1115-6 BLOCK 1,11/F GRANDCENTURY PLACE 193 PRINCEEDWARD WEST ROAD ,",,,,,CHINA,,,SAHAR AIR CARGO ACC (INBOM4),90181290,1117B-PA00013 Z50 Z50 COLOR DOPPLER SYSTEM(FOR MEDICAL USE),,1.0,NOS,0.0,5308.08,7576803,,
2023-05-13,印度,中国,MINDRAY MEDICAL INDIA PVT LTD,MR GLOBAL HK LIMITED,"FLAT/RM 1115-6 BLOCK 1,11/F GRANDCENTURY PLACE 193 PRINCEEDWARD WEST ROAD ,",,,,,CHINA,,,SAHAR AIR CARGO ACC (INBOM4),90181290,"2147B-CTO-S01 DC-60 EXP COLOR DOPPLER SYSTEM DVD-RW,DICOM BASIC,DICOM BREAST SR,DICOM VASCULAR SR(FOR MEDICAL USE)",,1.0,NOS,0.0,23937.77,5751584,,
2023-05-13,印度,中国,MINDRAY MEDICAL INDIA PVT LTD,MR GLOBAL HK LIMITED,"FLAT/RM 1115-6 BLOCK 1,11/F GRANDCENTURY PLACE 193 PRINCEEDWARD WEST ROAD ,",,,,,CHINA,,,SAHAR AIR CARGO ACC (INBOM4),90181290,"2122B-CTO-S01 DC-N3 PRO COLOR DOPPLER SYSTEM ISCAPE VIEW,IMT,TISSUE DOPPLER IMAGING,FREE XROS M(FOR MEDICAL USE)",,1.0,NOS,0.0,10495.2,4021156,,
2023-05-13,印度,中国,MINDRAY MEDICAL INDIA PVT LTD,MR GLOBAL HK LIMITED,"FLAT/RM 1115-6 BLOCK 1,11/F GRANDCENTURY PLACE 193 PRINCEEDWARD WEST ROAD ,",,,,,CHINA,,,SAHAR AIR CARGO ACC (INBOM4),90181290,"2146B-CTO-S01 MX7 PORTABLE COLOR DOPPLER SYSTEM ISCAPE VIEW,FREE XROS M,FREE XROS CM,TISSUE DOPPLER IMAGING(FOR MEDICAL",,2.0,NOS,0.0,19986.4,1577168,,
2023-05-13,印度,中国,MINDRAY MEDICAL INDIA PVT LTD,MR GLOBAL HK LIMITED,"FLAT/RM 1115-6 BLOCK 1,11/F GRANDCENTURY PLACE 193 PRINCEEDWARD WEST ROAD ,",,,,,CHINA,,,SAHAR AIR CARGO ACC (INBOM4),90181290,"2146B-CTO-S01 MX7 PORTABLE COLOR DOPPLER SYSTEM ISCAPE VIEW,FREE XROS M,FREE XROS CM,TISSUE DOPPLER IMAGING(FOR MEDICAL",,1.0,NOS,0.0,9993.2,3804776,,
2023-05-13,印度,中国,MINDRAY MEDICAL INDIA PVT LTD,MR GLOBAL HK LIMITED,"FLAT/RM 1115-6 BLOCK 1,11/F GRANDCENTURY PLACE 193 PRINCEEDWARD WEST ROAD ,",,,,,CHINA,,,SAHAR AIR CARGO ACC (INBOM4),90181290,2167B-PA00112 DC-30 DC-30 COLOR DOPPLER SYSTEM(FOR MEDICAL USE),,1.0,NOS,0.0,8667.56,7102621,,
2023-05-13,印度,中国,MINDRAY MEDICAL INDIA PVT LTD,MR GLOBAL HK LIMITED,"FLAT/RM 1115-6 BLOCK 1,11/F GRANDCENTURY PLACE 193 PRINCEEDWARD WEST ROAD ,",,,,,CHINA,,,SAHAR AIR CARGO ACC (INBOM4),90181290,2146B-PA00145 MX7 MX7 PORTABLE COLOR DOPPLER SYSTEM(FOR MEDICAL USE),,1.0,NOS,0.0,9739.31,1841183,,
2023-05-13,印度,中国,MINDRAY MEDICAL INDIA PVT LTD,MR GLOBAL HK LIMITED,"FLAT/RM 1115-6 BLOCK 1,11/F GRANDCENTURY PLACE 193 PRINCEEDWARD WEST ROAD ,",,,,,CHINA,,,SAHAR AIR CARGO ACC (INBOM4),90181290,"1117B-CTO-S01 Z50 COLOR DOPPLER SYSTEM DICOM BASIC,IMT,P-GYN-2P DISCOUNT,PROBE 35C50EA,PROBE 65EC10EA(FOR MEDICAL USE)",,2.0,NOS,0.0,10616.16,5413572,,
2023-05-13,印度,中国,MINDRAY MEDICAL INDIA PVT LTD,MR GLOBAL HK LIMITED,"FLAT/RM 1115-6 BLOCK 1,11/F GRANDCENTURY PLACE 193 PRINCEEDWARD WEST ROAD ,",,,,,CHINA,,,SAHAR AIR CARGO ACC (INBOM4),90181290,"2116B-CTO-S01 M8 PORTABLE COLOR DOPPLER SYSTEM P-8-CV-1P DISCOUNT,M8 MAIN UNIT,PHYSIO,CW,FREE XROS M,ISCAPE (FOR MEDICAL",,1.0,NOS,0.0,16509.75,6088118,,
2023-05-11,乌兹别克斯坦,中国,ЧП ESKULAP MED SERVIS,SHENZHEN MINDRAY BIOMEDICAL ELECTRONICS CO LTD,,,,,,0,,,,9018120000,"1) Digital Ultrasound Diagnostic Imaging System DC-60Exp with accessories / Ультразвуковая диагностическая система  DC-60Exp в комплекте с принадлежностями, новый,2023 год выпуска, сер.№CN8-32003015, производитель Shenzhen Mindray Bio-Medical Electronics Co., Ltd  (Китай):
 вес: 90,68 кг, кол. 1 шт;
2) Вид и количество упаковки:1 паллет+коробка;
8) Код инвестпрограммы:000;
9) Код технологического оборудования:024;
10) Год изготовления и технические параметры:2023/Напряжение 220V, частота 50",,1.0,Piece,90.68,25000.0,,,
2023-05-11,越南,中国,CÔNG TY TNHH KỸ THUẬT THIẾT BỊ THIÊN PHÚC,CHISON MEDICAL TECHNOLOGIES CO LTD,"No. 151, Group 13 Mau Luong, Kien Hung Ward, Ha Dong District, Hanoi City, Vietnam","NO.9, XINHUIHUAN ROAD, XINWU DISTRICT, WUXI,JIANGSU, CHINA 214028, CN",,,,China,,NINGBO,HA NOI,90181200,"Máy Qbit5 là máy siêu âm màu 2D. Bao gồm đầu dò convex, đầu dò linear, Năm sản xuất 2023. HSX: CHISON MEDICAL TECHNOLOGIES CO., LTD. Máy mới 100%.,The Qbit5 is a 2D color ultrasound machine. Includes convex probe, linear probe, Year of manufacture 2023. HSX: CHISON MEDICAL TECHNOLOGIES CO., LTD. 100% new machine.",,1.0,Set,0.0,6000.0,JT2305019,,
2023-05-11,越南,中国,CÔNG TY TNHH KỸ THUẬT THIẾT BỊ THIÊN PHÚC,CHISON MEDICAL TECHNOLOGIES CO LTD,"No. 151, Group 13 Mau Luong, Kien Hung Ward, Ha Dong District, Hanoi City, Vietnam","NO.9, XINHUIHUAN ROAD, XINWU DISTRICT, WUXI,JIANGSU, CHINA 214028, CN",,,,China,,NINGBO,HA NOI,90181200,"Máy Qbit5 là máy siêu âm màu 2D. Bao gồm đầu dò convex, đầu dò linear, đầu dò tim. Năm sản xuất 2023. HSX: CHISON MEDICAL TECHNOLOGIES CO., LTD. Máy mới 100%.,The Qbit5 is a 2D color ultrasound machine. Includes convex probe, linear probe, cardiac probe. Year of manufacture 2023. HSX: CHISON MEDICAL TECHNOLOGIES CO., LTD. 100% new machine.",,1.0,Set,0.0,7200.0,JT2305019,,
2023-05-10,印度,中国,MINDRAY MEDICAL INDIA PVT LTD,MR GLOBAL HK LIMITED,"FLAT/RM 1115-6 BLOCK 1,11/F GRANDCENTURY PLACE 193 PRINCEEDWARD WEST ROAD ,",,,,,CHINA,,,SAHAR AIR CARGO ACC (INBOM4),90181290,"1156B-CTO-S01 DP-50EXPERT DIGITAL COLOR DOPPLER SYSTEM DP-50EXPERT MAIN UNIT,DICOM BASIC(FOR MEDICAL USE)",,1.0,NOS,0.0,3173.03,6237647,,
2023-05-10,印度,中国,MINDRAY MEDICAL INDIA PVT LTD,MR GLOBAL HK LIMITED,"FLAT/RM 1115-6 BLOCK 1,11/F GRANDCENTURY PLACE 193 PRINCEEDWARD WEST ROAD ,",,,,,CHINA,,,SAHAR AIR CARGO ACC (INBOM4),90181290,"1156B-CTO-S01 DP-50EXPERT COLOR DOPPLER SYSTEM DP-50EXPERT MAIN UNIT,DICOM BASIC,IMT,SMART(FOR MEDICAL USE)",,1.0,NOS,0.0,4477.13,3062767,,
2023-05-10,印度,中国,MINDRAY MEDICAL INDIA PVT LTD,MR GLOBAL HK LIMITED,"FLAT/RM 1115-6 BLOCK 1,11/F GRANDCENTURY PLACE 193 PRINCEEDWARD WEST ROAD ,",,,,,CHINA,,,SAHAR AIR CARGO ACC (INBOM4),90181290,"2145B-CTO-S01 DC-70 EXP COLOR DOPPLER SYSTEM SHARED SERVICEPACKAGE,SMART NT,SMART OB(FOR MEDICAL USE)",,1.0,NOS,0.0,17696.33,8633145,,
2023-05-10,印度,中国,MINDRAY MEDICAL INDIA PVT LTD,MR GLOBAL HK LIMITED,"FLAT/RM 1115-6 BLOCK 1,11/F GRANDCENTURY PLACE 193 PRINCEEDWARD WEST ROAD ,",,,,,CHINA,,,SAHAR AIR CARGO ACC (INBOM4),90181290,"2148B-CTO-S01 DC-40 COLOR DOPPLER SYSTEM ISCAPE VIEW,SMART 3D,IMT,TISSUE DOPPLER IMAGING (FOR MEDICAL USE)",,1.0,NOS,0.0,14627.69,8321008,,
2023-05-10,印度,中国,MINDRAY MEDICAL INDIA PVT LTD,MR GLOBAL HK LIMITED,"FLAT/RM 1115-6 BLOCK 1,11/F GRANDCENTURY PLACE 193 PRINCEEDWARD WEST ROAD ,",,,,,CHINA,,,SAHAR AIR CARGO ACC (INBOM4),90181290,"1154B-CTO-S01 DP-20 PORTABLE COLOR DOPPLER SYSTEM ,DICOM BASIC,DICOM WORKLIST,P-GI-2P DISCOUNT,CONVEX(FOR MEDICAL USE)",,1.0,NOS,0.0,2579.95,0751750,,
2023-05-10,印度,中国,MINDRAY MEDICAL INDIA PVT LTD,MR GLOBAL HK LIMITED,"FLAT/RM 1115-6 BLOCK 1,11/F GRANDCENTURY PLACE 193 PRINCEEDWARD WEST ROAD ,",,,,,CHINA,,,SAHAR AIR CARGO ACC (INBOM4),90181290,"2121B-CTO-S01 TE7 PORTABLE COLOR DOPPLER SYSTEM IMT,FREE XROS M,SMART 3D,MCAFEE,DVR MODULE,ISCAPE VIEW(FOR MEDICAL USE)",,2.0,NOS,0.0,35841.48,5185630,,
2023-05-10,印度,中国,MINDRAY MEDICAL INDIA PVT LTD,MR GLOBAL HK LIMITED,"FLAT/RM 1115-6 BLOCK 1,11/F GRANDCENTURY PLACE 193 PRINCEEDWARD WEST ROAD ,",,,,,CHINA,,,SAHAR AIR CARGO ACC (INBOM4),90181290,"2148B-CTO-S01 DC-40 COLOR DOPPLER SYSTEM ISCAPE VIEW,SMART3D,IMT,DICOM BASIC(FOR MEDICAL USE)",,1.0,NOS,0.0,11061.95,7447860,,
2023-05-09,印度,中国,MINDRAY MEDICAL INDIA PVT LTD,MR GLOBAL HK LIMITED,"FLAT/RM 1115-6 BLOCK 1,11/F GRANDCENTURY PLACE 193 PRINCEEDWARD WEST ROAD ,",,,,,CHINA,,,SAHAR AIR CARGO ACC (INBOM4),90181290,2142B-PA00124 NUEWA I9 COLOR DOPPLER SYSTEM(FOR MEDICAL USE),,1.0,NOS,0.0,27647.86,3435431,,
2023-05-09,印度,中国,MINDRAY MEDICAL INDIA PVT LTD,MR GLOBAL HK LIMITED,"FLAT/RM 1115-6 BLOCK 1,11/F GRANDCENTURY PLACE 193 PRINCEEDWARD WEST ROAD ,",,,,,CHINA,,,SAHAR AIR CARGO ACC (INBOM4),90181290,2142B-PA00124 NUEWA I9 COLOR DOPPLER SYSTEM(FOR MEDICAL USE),,1.0,NOS,0.0,27647.86,2355331,,
2023-05-09,印度,中国,MINDRAY MEDICAL INDIA PVT LTD,MR GLOBAL HK LIMITED,"FLAT/RM 1115-6 BLOCK 1,11/F GRANDCENTURY PLACE 193 PRINCEEDWARD WEST ROAD ,",,,,,CHINA,,,SAHAR AIR CARGO ACC (INBOM4),90181290,2142B-PA00126 RESONA I9 COLOR DOPPLER SYSTEM(FOR MEDICAL USE),,1.0,NOS,0.0,29477.01,0101504,,
2023-05-09,印度,中国,MINDRAY MEDICAL INDIA PVT LTD,MR GLOBAL HK LIMITED,"FLAT/RM 1115-6 BLOCK 1,11/F GRANDCENTURY PLACE 193 PRINCEEDWARD WEST ROAD ,",,,,,CHINA,,,NHAVA SHEVA SEA (INNSA1),90181290,2142B-PA00125 RESONA I9 COLOR DOPPLER SYSTEM(FOR MEDICAL USE),,5.0,NOS,0.0,160979.8,0544083,,
2023-05-09,印度,中国,BIOMEDIX OPTOTECHNIK AND DEVICES PRIVATE LIMITED,MEDA CO LTD,"ROOM D, F3, BUILDING C2, XINMAO SCIENCE SKILL PARK, HUAYUAN INDUSTRY DEVELOPMENT AREA Tianjin, , China",,,,,CHINA,,,BANGALORE ACC (INBLR4),90181290,MD-2300S MEDICAL ULTRASOUND SCANNER,,10.0,NOS,0.0,40000.0,2460786,,
2023-05-09,印度,中国,MINDRAY MEDICAL INDIA PVT LTD,MR GLOBAL HK LIMITED,"FLAT/RM 1115-6 BLOCK 1,11/F GRANDCENTURY PLACE 193 PRINCEEDWARD WEST ROAD ,",,,,,CHINA,,,SAHAR AIR CARGO ACC (INBOM4),90181290,"2142B-CTO-S01 RESONA I9 COLOR DOPPLER SYSTEM SMART TRACE,CPP,SMART THYROID,SMART BREAST,SMART HRI(FOR MEDICAL USE)",,1.0,NOS,0.0,36621.19,7637310,,
2023-05-09,印度,中国,MINDRAY MEDICAL INDIA PVT LTD,MR GLOBAL HK LIMITED,"FLAT/RM 1115-6 BLOCK 1,11/F GRANDCENTURY PLACE 193 PRINCEEDWARD WEST ROAD ,",,,,,CHINA,,,SAHAR AIR CARGO ACC (INBOM4),90181290,"1116B-CTO-S01 Z60 COLOR DOPPLER SYSTEM DICOM BASIC,IMT,P-GYN-2P DISCOUNT,PROBE(FOR MEDICAL USE)",,1.0,NOS,0.0,10225.87,0131567,,
2023-05-09,印度,中国,MINDRAY MEDICAL INDIA PVT LTD,MR GLOBAL HK LIMITED,"FLAT/RM 1115-6 BLOCK 1,11/F GRANDCENTURY PLACE 193 PRINCEEDWARD WEST ROAD ,",,,,,CHINA,,,SAHAR AIR CARGO ACC (INBOM4),90181290,"1116B-CTO-S01 Z60 COLOR DOPPLER SYSTEM DICOM BASIC,IMT,P-GYN-2P DISCOUNT,PROBE V10-4BP(FOR MEDICAL USE)",,1.0,NOS,0.0,7242.55,5063227,,
2023-05-09,印度,中国,MEDIMART MEDICAL SYSTEMS PRIVATE LIMITED,SZ HUGEMED MED TECH DEV CO LTD,"516-1 BUILDING 2 NO 1 MAWU ROADBAOAN CUMMUNITY, YUANSHAN STREETLONGGANG DISTRICT,SHENZHEN,GUANGDON",,,,,CHINA,,,CHENNAI AIR CARGO ACC (INMAA4),90181290,"SINGLE USE VIDEO URETEROSCOPE SYSTEM COMPLETE SET - IMAGE PROCESSOR, HUV01 & HU30S (MEDICAL PARTS) (270 NOS)",,20.0,SET,0.0,60000.0,8581151,,
2023-05-09,印度,中国,MINDRAY MEDICAL INDIA PVT LTD,MR GLOBAL HK LIMITED,"FLAT/RM 1115-6 BLOCK 1,11/F GRANDCENTURY PLACE 193 PRINCEEDWARD WEST ROAD ,",,,,,CHINA,,,SAHAR AIR CARGO ACC (INBOM4),90181290,"1116B-CTO-S01 Z60 COLOR DOPPLER SYSTEM DICOM BASIC,IMT,P-GYN-2P DISCOUNT,PROBE V10-4BP(FOR MEDICAL USE)",,1.0,NOS,0.0,8350.45,0336486,,
2023-05-09,印度,中国,MINDRAY MEDICAL INDIA PVT LTD,MR GLOBAL HK LIMITED,"FLAT/RM 1115-6 BLOCK 1,11/F GRANDCENTURY PLACE 193 PRINCEEDWARD WEST ROAD ,",,,,,CHINA,,,NHAVA SHEVA SEA (INNSA1),90181290,2145B-PA00364 DC-70 EXP DC-70 EXP COLOR DOPPLER SYSTEM(FOR MEDICAL USE),,17.0,NOS,0.0,267055.21,7380820,,
2023-05-09,印度,中国,MINDRAY MEDICAL INDIA PVT LTD,MR GLOBAL HK LIMITED,"FLAT/RM 1115-6 BLOCK 1,11/F GRANDCENTURY PLACE 193 PRINCEEDWARD WEST ROAD ,",,,,,CHINA,,,SAHAR AIR CARGO ACC (INBOM4),90181290,2147B-CTO-S01 DC-60 EXP COLOR DOPPLER SYSTEM (FOR MEDICAL USE),,1.0,NOS,0.0,23027.07,0167887,,
2023-05-09,印度,中国,MINDRAY MEDICAL INDIA PVT LTD,MR GLOBAL HK LIMITED,"FLAT/RM 1115-6 BLOCK 1,11/F GRANDCENTURY PLACE 193 PRINCEEDWARD WEST ROAD ,",,,,,CHINA,,,NHAVA SHEVA SEA (INNSA1),90181290,2142B-PA00127 RESONA I9 COLOR DOPPLER SYSTEM(FOR MEDICAL USE),,7.0,NOS,0.0,181882.68,0558528,,
2023-05-09,印度,中国,MINDRAY MEDICAL INDIA PVT LTD,MR GLOBAL HK LIMITED,"FLAT/RM 1115-6 BLOCK 1,11/F GRANDCENTURY PLACE 193 PRINCEEDWARD WEST ROAD ,",,,,,CHINA,,,SAHAR AIR CARGO ACC (INBOM4),90181290,"1116B-CTO-S01 Z60 COLOR DOPPLER SYSTEM DICOM BASIC,IMT,P-CV-1P DISCOUNT,PROBE 2P2P(FOR MEDICAL USE)",,1.0,NOS,0.0,9048.27,2275580,,
2023-05-08,越南,中国,CÔNG TY TNHH KỸ THUẬT THIẾT BỊ THIÊN PHÚC,CHISON MEDICAL TECHNOLOGIES CO LTD,"No. 151, Group 13 Mau Luong, Kien Hung Ward, Ha Dong District, Hanoi City, Vietnam","NO.9, XINHUIHUAN ROAD, XINWU DISTRICT, WUXI,JIANGSU, CHINA 214028, CN",,,,China,,SHANGHAI,CANG DINH VU - HP,90181200,"Máy ECO1 là máy siêu âm màu 2D xách tay. Bao gồm đầu dò microconvex. Năm sản xuất 2023, HSX: CHISON MEDICAL TECHNOLOGIES CO., LTD, Máy mới 100%,The ECO1 is a portable 2D color ultrasound machine. Includes microconvex probe. Manufacture year 2023, HSX: CHISON MEDICAL TECHNOLOGIES CO., LTD, Machine 100% new",,1.0,Set,0.0,1450.0,270423S00221928,,
2023-05-08,越南,中国,CÔNG TY TNHH KỸ THUẬT THIẾT BỊ THIÊN PHÚC,CHISON MEDICAL TECHNOLOGIES CO LTD,"No. 151, Group 13 Mau Luong, Kien Hung Ward, Ha Dong District, Hanoi City, Vietnam","NO.9, XINHUIHUAN ROAD, XINWU DISTRICT, WUXI,JIANGSU, CHINA 214028, CN",,,,China,,SHANGHAI,CANG DINH VU - HP,90181200,"Máy ECO1 là máy siêu âm màu 2D xách tay. Bao gồm đầu dò convex. Năm sản xuất 2023, HSX: CHISON MEDICAL TECHNOLOGIES CO., LTD, Máy mới 100%,The ECO1 is a portable 2D color ultrasound machine. Convex probe included. Manufacture year 2023, HSX: CHISON MEDICAL TECHNOLOGIES CO., LTD, Machine 100% new",,2.0,Set,0.0,2800.0,270423S00221928,,
2023-05-08,越南,中国,CÔNG TY TNHH KỸ THUẬT THIẾT BỊ THIÊN PHÚC,CHISON MEDICAL TECHNOLOGIES CO LTD,"No. 151, Group 13 Mau Luong, Kien Hung Ward, Ha Dong District, Hanoi City, Vietnam","NO.9, XINHUIHUAN ROAD, XINWU DISTRICT, WUXI,JIANGSU, CHINA 214028, CN",,,,China,,SHANGHAI,CANG DINH VU - HP,90181200,"Máy CBIT8 là máy siêu âm màu 4D. Bao gồm đầu dò convex, đầu dò linear. Năm sản xuất 2023, HSX: CHISON MEDICAL TECHNOLOGIES CO., LTD, Máy mới 100%,The CBIT8 is a 4D color ultrasound machine. Includes convex probe, linear probe. Manufacture year 2023, HSX: CHISON MEDICAL TECHNOLOGIES CO., LTD, Machine 100% new",,1.0,Set,0.0,10800.0,270423S00221928,,
2023-05-08,越南,中国,CÔNG TY TNHH KỸ THUẬT THIẾT BỊ THIÊN PHÚC,CHISON MEDICAL TECHNOLOGIES CO LTD,"No. 151, Group 13 Mau Luong, Kien Hung Ward, Ha Dong District, Hanoi City, Vietnam","NO.9, XINHUIHUAN ROAD, XINWU DISTRICT, WUXI,JIANGSU, CHINA 214028, CN",,,,China,,SHANGHAI,CANG DINH VU - HP,90181200,"Máy ECO1 là máy siêu âm màu 2D xách tay. Bao gồm đầu dò convex và 2 cổng cắm đầu dò. Năm sản xuất 2023, HSX: CHISON MEDICAL TECHNOLOGIES CO., LTD, Máy mới 100%,The ECO1 is a portable 2D color ultrasound machine. Includes convex probe and 2 probe jacks. Manufacture year 2023, HSX: CHISON MEDICAL TECHNOLOGIES CO., LTD, Machine 100% new",,1.0,Set,0.0,1450.0,270423S00221928,,
2023-05-08,越南,中国,CÔNG TY TNHH KỸ THUẬT THIẾT BỊ THIÊN PHÚC,CHISON MEDICAL TECHNOLOGIES CO LTD,"No. 151, Group 13 Mau Luong, Kien Hung Ward, Ha Dong District, Hanoi City, Vietnam","NO.9, XINHUIHUAN ROAD, XINWU DISTRICT, WUXI,JIANGSU, CHINA 214028, CN",,,,China,,SHANGHAI,CANG DINH VU - HP,90181200,"Máy CBIT8 là máy siêu âm màu 4D. Bao gồm đầu dò khối 4 chiều, đầu dò 2 chiều convex, đầu dò linear, đầu dò âm đạo. Năm sản xuất 2023, HSX: CHISON MEDICAL TECHNOLOGIES CO., LTD,  Máy mới 100%,The CBIT8 is a 4D color ultrasound machine. Includes 4-way volume probe, convex 2-way transducer, linear transducer, vaginal transducer. Manufacture year 2023, HSX: CHISON MEDICAL TECHNOLOGIES CO., LTD, Machine 100% new",,3.0,Set,0.0,37500.0,270423S00221928,,
2023-05-08,越南,中国,CÔNG TY TNHH KỸ THUẬT THIẾT BỊ THIÊN PHÚC,CHISON MEDICAL TECHNOLOGIES CO LTD,"No. 151, Group 13 Mau Luong, Kien Hung Ward, Ha Dong District, Hanoi City, Vietnam","NO.9, XINHUIHUAN ROAD, XINWU DISTRICT, WUXI,JIANGSU, CHINA 214028, CN",,,,China,,SHANGHAI,CANG DINH VU - HP,90181200,"Máy CBIT9 là máy siêu âm màu 5D. Bao gồm đầu dò convex, đầu dò linear, đầu dò linear. Năm sản xuất 2023, HSX: CHISON MEDICAL TECHNOLOGIES CO., LTD, Máy mới 100%,The CBIT9 is a 5D color ultrasound machine. Includes convex probe, linear probe, linear probe. Manufacture year 2023, HSX: CHISON MEDICAL TECHNOLOGIES CO., LTD, Machine 100% new",,1.0,Set,0.0,11500.0,270423S00221928,,
2023-05-08,越南,中国,CÔNG TY TNHH KỸ THUẬT THIẾT BỊ THIÊN PHÚC,CHISON MEDICAL TECHNOLOGIES CO LTD,"No. 151, Group 13 Mau Luong, Kien Hung Ward, Ha Dong District, Hanoi City, Vietnam","NO.9, XINHUIHUAN ROAD, XINWU DISTRICT, WUXI,JIANGSU, CHINA 214028, CN",,,,China,,SHANGHAI,CANG DINH VU - HP,90181200,"Máy CBIT6 là máy siêu âm màu 4D. Bao gồm đầu dò khối 4 chiều, đầu dò 2 chiều convex. Năm sản xuất 2023, HSX: CHISON MEDICAL TECHNOLOGIES CO., LTD, Máy mới 100%,The CBIT6 is a 4D color ultrasound machine. Includes 4-way block probe, 2-way convex probe. Manufacture year 2023, HSX: CHISON MEDICAL TECHNOLOGIES CO., LTD, Machine 100% new",,1.0,Set,0.0,9000.0,270423S00221928,,
2023-05-08,越南,中国,CÔNG TY TNHH KỸ THUẬT THIẾT BỊ THIÊN PHÚC,CHISON MEDICAL TECHNOLOGIES CO LTD,"No. 151, Group 13 Mau Luong, Kien Hung Ward, Ha Dong District, Hanoi City, Vietnam","NO.9, XINHUIHUAN ROAD, XINWU DISTRICT, WUXI,JIANGSU, CHINA 214028, CN",,,,China,,SHANGHAI,CANG DINH VU - HP,90181200,"Máy CBIT9 là máy siêu âm màu 5D. Bao gồm đầu dò khối 5 chiều, đầu dò convex, đầu dò linear. Năm sản xuất 2023, HSX: CHISON MEDICAL TECHNOLOGIES CO., LTD, Máy mới 100%,The CBIT9 is a 5D color ultrasound machine. Includes 5-way block probe, convex probe, linear probe. Manufacture year 2023, HSX: CHISON MEDICAL TECHNOLOGIES CO., LTD, Machine 100% new",,1.0,Set,0.0,12500.0,270423S00221928,,
2023-05-08,越南,中国,CÔNG TY TNHH KỸ THUẬT THIẾT BỊ THIÊN PHÚC,CHISON MEDICAL TECHNOLOGIES CO LTD,"No. 151, Group 13 Mau Luong, Kien Hung Ward, Ha Dong District, Hanoi City, Vietnam","NO.9, XINHUIHUAN ROAD, XINWU DISTRICT, WUXI,JIANGSU, CHINA 214028, CN",,,,China,,SHANGHAI,CANG DINH VU - HP,90181200,"Máy ECO1 là máy siêu âm màu 2D xách tay. Bao gồm đầu dò convex, đầu dò linear và 2 cổng cắm đầu dò. Năm sản xuất 2023, HSX: CHISON MEDICAL TECHNOLOGIES CO., LTD, Máy mới 100%,The ECO1 is a portable 2D color ultrasound machine. Includes convex probe, linear probe and 2 probe ports. Manufacture year 2023, HSX: CHISON MEDICAL TECHNOLOGIES CO., LTD, Machine 100% new",,1.0,Set,0.0,2150.0,270423S00221928,,
2023-05-08,乌兹别克斯坦,中国,OOO YUNUS YXG,SHENZHEN MINDRAY BIOMEDICAL ELECTRONICS CO LTD,,,,,,0,,,,9018120000,"1) Ultrasound Diagnostic Imaging System DC-60Exp with accessories/Ультразвуковая диагностическая система  DC-60Exp в комплекте с принадлежностями, новый, 2022 год выпуска, сер.№CN8-29002562,  производитель Shenzhen Mindray Bio-Medical Electronics Co., Ltd  (Китай):
 вес: 93 кг, кол. 1 шт;
2) Вид и количество упаковки:1 палет+коробка;
3) № конт.:CRSU0405962(часть), кол-во:1;
8) Код инвестпрограммы:000;
9) Код технологического оборудования:024;
10) Год изготовления и технические параметры:20",,1.0,Piece,93.0,24000.0,,,
2023-05-08,越南,中国,CÔNG TY TNHH KỸ THUẬT THIẾT BỊ THIÊN PHÚC,CHISON MEDICAL TECHNOLOGIES CO LTD,"No. 151, Group 13 Mau Luong, Kien Hung Ward, Ha Dong District, Hanoi City, Vietnam","NO.9, XINHUIHUAN ROAD, XINWU DISTRICT, WUXI,JIANGSU, CHINA 214028, CN",,,,China,,SHANGHAI,CANG DINH VU - HP,90181200,"Máy CBIT8 là máy siêu âm màu 4D. Bao gồm đầu dò khối 4 chiều, đầu dò 2 chiều convex, đầu dò linear. Năm sản xuất 2023, HSX: CHISON MEDICAL TECHNOLOGIES CO., LTD,  Máy mới 100%,The CBIT8 is a 4D color ultrasound machine. Includes 4-way block probe, 2-way convex probe, linear probe. Manufacture year 2023, HSX: CHISON MEDICAL TECHNOLOGIES CO., LTD, Machine 100% new",,2.0,Set,0.0,23000.0,270423S00221928,,
2023-05-08,越南,中国,CÔNG TY TNHH KỸ THUẬT THIẾT BỊ THIÊN PHÚC,CHISON MEDICAL TECHNOLOGIES CO LTD,"No. 151, Group 13 Mau Luong, Kien Hung Ward, Ha Dong District, Hanoi City, Vietnam","NO.9, XINHUIHUAN ROAD, XINWU DISTRICT, WUXI,JIANGSU, CHINA 214028, CN",,,,China,,SHANGHAI,CANG DINH VU - HP,90181200,"Máy QBIT7 là máy siêu âm màu 4D. Bao gồm đầu dò khối 4 chiều, đầu dò 2 chiều convex, đầu dò linear. Năm sản xuất 2023, HSX: CHISON MEDICAL TECHNOLOGIES CO., LTD, Máy mới 100%,The QBIT7 is a 4D color ultrasound machine. Includes 4-way block probe, 2-way convex probe, linear probe. Manufacture year 2023, HSX: CHISON MEDICAL TECHNOLOGIES CO., LTD, Machine 100% new",,2.0,Set,0.0,18000.0,270423S00221928,,
2023-05-06,印度,中国,KONICA MINOLTA HEALTHCARE INDIA PRIVATE LIMITED,SONOSCAPE MEDICAL CORP,"2F, 12TH BUILDING, SHENZHEN SOFTWAREPARK PHASE II, KEJI MIDDLE 2ND ROAD, NANSHAN DISTRICT, SHENZHEN,51805",,,,,CHINA,,,NHAVA SHEVA SEA (INNSA1),90181290,ULTRASOUND TRANSDUER: SC44N (MEDICAL EQUIPMENT) (APTA NO. B237432197675020 DT 24.04.2023),,30.0,UNT,0.0,45000.0,1057606,,
2023-05-06,印度,中国,KONICA MINOLTA HEALTHCARE INDIA PRIVATE LIMITED,SONOSCAPE MEDICAL CORP,"2F, 12TH BUILDING, SHENZHEN SOFTWAREPARK PHASE II, KEJI MIDDLE 2ND ROAD, NANSHAN DISTRICT, SHENZHEN,51805",,,,,CHINA,,,NHAVA SHEVA SEA (INNSA1),90181290,AEROSCAN COLOUR DOPPLER ULTRASOUND SYSTEM CD25 (MEDICAL EQUIPMENT) (APTA NO. B237432197675020 DT 24.04.2023),,30.0,UNT,0.0,69900.0,4217132,,
2023-05-06,印度,中国,KONICA MINOLTA HEALTHCARE INDIA PRIVATE LIMITED,SONOSCAPE MEDICAL CORP,"2F, 12TH BUILDING, SHENZHEN SOFTWAREPARK PHASE II, KEJI MIDDLE 2ND ROAD, NANSHAN DISTRICT, SHENZHEN,51805",,,,,CHINA,,,NHAVA SHEVA SEA (INNSA1),90181290,ULTRASOUND TRANSDUER: SV61N (MEDICAL EQUIPMENT) (APTA NO. B237432197675020 DT 24.04.2023),,15.0,UNT,0.0,22500.0,7371678,,
2023-05-06,印度,中国,TECHNOCARE MEDISYSTEMS,SHENZHEN YUANHUA MEDICAL EQUIPMENT,"TECHNOLOGY CO., LTD ADD - ROOM01/6TH FLOOR, NO.2 BUILDING, DAQIAN INDUSTRIAL ZONE, XINAN STREET 67TH SUBD",,,,,CHINA,,,SAHAR AIR CARGO ACC (INBOM4),90181290,"V-SHOW6, PINK (VEIN SHOWING SYSTEM WITH BRACKET) (MEDICAL INSTRUMENT)",,30.0,NOS,0.0,14850.0,5745781,,
2023-05-05,越南,中国,CÔNG TY TNHH XUẤT NHẬP KHẨU THIẾT BỊ Y TẾ MAI GIA,SONOSCAPE MEDICAL CORP,"4th floor, Hud3 Tower, No. 121-123 To Hieu Street - Nguyen Trai Ward - Ha Dong District - Hanoi.","2F, 12TH BUILDING,SHENZHEN SOFTWARE, PARK PHASE II,KEJI MIDDLE 2ND ROAD, NANSHAN DISTRICT,SHENZHEN, 518057 CHINA, CN",,,,China,,HONG KONG,HA NOI,90181200,"Máy siêu âm chẩn đoán, model E1,gồm 1 đầu dò Curved Array C361, 1 đầu dò Linear Array L746, hsx:SONOSCAPE MEDICAL CORP, hàng mới 100%,Diagnostic ultrasound machine, model E1, including 1 Curved Array C361 probe, 1 Linear Array L746 probe, hsx:SONOSCAPE MEDICAL CORP, 100% brand new",,2.0,Set,0.0,5400.0,SJFHK2301380,,
2023-05-05,越南,中国,CÔNG TY TNHH XUẤT NHẬP KHẨU THIẾT BỊ Y TẾ MAI GIA,SONOSCAPE MEDICAL CORP,"4th floor, Hud3 Tower, No. 121-123 To Hieu Street - Nguyen Trai Ward - Ha Dong District - Hanoi.","2F, 12TH BUILDING,SHENZHEN SOFTWARE, PARK PHASE II,KEJI MIDDLE 2ND ROAD, NANSHAN DISTRICT,SHENZHEN, 518057 CHINA, CN",,,,China,,HONG KONG,HA NOI,90181200,"Máy siêu âm chẩn đoán, model P20,gồm 1 ổ đĩa DVD, 1 đầu dò Curved Array VC6-2, 2 đầu dò Curved Array 3C-A, 1 đầu dò Linear Array L742,1 thiết bị làm ấm Gel, hsx: SONOSCAPE MEDICAL CORP. mới 100%,Diagnostic ultrasound machine, model P20, includes 1 DVD drive, 1 Curved Array VC6-2 probe, 2 Curved Array 3C-A probes, 1 Linear Array L742.1 probe, Gel warmer, hsx: SONOSCAPE MEDICAL CORP. 100% new",,2.0,Set,0.0,24600.0,SJFHK2301380,,
2023-05-05,越南,中国,CÔNG TY TNHH XUẤT NHẬP KHẨU THIẾT BỊ Y TẾ MAI GIA,SONOSCAPE MEDICAL CORP,"4th floor, Hud3 Tower, No. 121-123 To Hieu Street - Nguyen Trai Ward - Ha Dong District - Hanoi.","2F, 12TH BUILDING,SHENZHEN SOFTWARE, PARK PHASE II,KEJI MIDDLE 2ND ROAD, NANSHAN DISTRICT,SHENZHEN, 518057 CHINA, CN",,,,China,,HONG KONG,HA NOI,90181200,"Máy siêu âm chẩn đoán, model R10,gồm 1 ổ đĩa DVD, 1 đầu dò Curved Array 3PA, 1 đầu dò Curved Array 3C-A, 1 đầu dò Linear Array L741, bàn phím, hsx: SONOSCAPE MEDICAL CORP, hàng mới 100%,Diagnostic ultrasound machine, model R10, includes 1 DVD drive, 1 Curved Array 3PA probe, 1 Curved Array 3C-A probe, 1 Linear Array L741 probe, keyboard, hsx: SONOSCAPE MEDICAL CORP, brand new 100 %",,2.0,Set,0.0,20600.0,SJFHK2301380,,
2023-05-05,越南,中国,CÔNG TY TNHH XUẤT NHẬP KHẨU THIẾT BỊ Y TẾ MAI GIA,SONOSCAPE MEDICAL CORP,"4th floor, Hud3 Tower, No. 121-123 To Hieu Street - Nguyen Trai Ward - Ha Dong District - Hanoi.","2F, 12TH BUILDING,SHENZHEN SOFTWARE, PARK PHASE II,KEJI MIDDLE 2ND ROAD, NANSHAN DISTRICT,SHENZHEN, 518057 CHINA, CN",,,,China,,HONG KONG,HA NOI,90181200,"Máy siêu âm chẩn đoán, model E1,gồm 1 đầu dò Curved Array C361, hsx:SONOSCAPE MEDICAL CORP, hàng mới 100%,Diagnostic ultrasound machine, model E1, including 1 Curved Array C361 probe, hsx:SONOSCAPE MEDICAL CORP, 100% brand new",,3.0,Set,0.0,6300.0,SJFHK2301380,,
2023-05-05,越南,中国,CÔNG TY TNHH XUẤT NHẬP KHẨU THIẾT BỊ Y TẾ MAI GIA,SONOSCAPE MEDICAL CORP,"4th floor, Hud3 Tower, No. 121-123 To Hieu Street - Nguyen Trai Ward - Ha Dong District - Hanoi.","2F, 12TH BUILDING,SHENZHEN SOFTWARE, PARK PHASE II,KEJI MIDDLE 2ND ROAD, NANSHAN DISTRICT,SHENZHEN, 518057 CHINA, CN",,,,China,,HONG KONG,HA NOI,90181200,"Máy siêu âm chẩn đoán, model S22,gồm 1 ổ đĩa DVD, 2 đầu dò Curved Array 3C-A, 1 đầu dò Micro-Curved Array 6V1,1 đầu dò Micro-Curved Array 6V3, hsx: SONOSCAPE MEDICAL CORP, hàng mới 100%,Diagnostic ultrasound machine, model S22, includes 1 DVD drive, 2 Curved Array 3C-A probes, 1 Micro-Curved Array 6V1, 1 Micro-Curved Array 6V3 probe, hsx: SONOSCAPE MEDICAL CORP, brand new 100%",,1.0,Set,0.0,6000.0,SJFHK2301380,,
2023-05-05,印度,中国,MINDRAY MEDICAL INDIA PVT LTD,MR GLOBAL HK LIMITED,"FLAT/RM 1115-6 BLOCK 1,11/F GRANDCENTURY PLACE 193 PRINCEEDWARD WEST ROAD ,",,,,,CHINA,,,NHAVA SHEVA SEA (INNSA1),90181290,2166B-PA00039 CONSONA N9 COLOR DOPPLER SYSTEM(FOR MEDICAL USE),,5.0,NOS,0.0,92400.4,4344237,,
2023-05-05,印度,中国,MINDRAY MEDICAL INDIA PVT LTD,MR GLOBAL HK LIMITED,"FLAT/RM 1115-6 BLOCK 1,11/F GRANDCENTURY PLACE 193 PRINCEEDWARD WEST ROAD ,",,,,,CHINA,,,NHAVA SHEVA SEA (INNSA1),90181290,2142B-PA00124 NUEWA I9 COLOR DOPPLER SYSTEM(FOR MEDICAL USE),,6.0,NOS,0.0,165887.16,8683053,,
2023-05-04,乌兹别克斯坦,中国,OOO HITECH ORIENT MEDBUSINESS,WUHAN ZONCARE BIOMEDICAL ELECTRONICS CO LTD,,,,,,0,,,,9018120000,"1. Система ультразвуковая диагностика модель Zoncare Q7 с принадлежностями. В комплектацию входит:Конвекс датчик,Линейний датчик, Tрансвагинальная датчик, Кардио датчик. Предназначена для ультразвукового сканирования и исследования организма человека.Регистр.Удос № ТТ/Х 01792/05/18. c/н:  C3294361CTO20N0001,C3294361CTO20N0002.Новое 2023г. Производитель:WUHAN ZONCARE BIO-MEDICAL ELECTRONICS CO.,LTD Китай. - кол. 2 шт, вес: 156 кг
2. мест 2, 2 дерев.ящик.
3. HYWU8200328/часть
6. /коды № C3294361C",,2.0,Piece,156.0,13756.25,,,
2023-05-04,喀麦隆,中国,STE OMARY SARL,MR GLOBAL HK LIMITED,,,,,,Chine,Cameroun,,,901812000000,115-015305-00 DC -DC POWER BOARD ASSEMBLY (ACCESSORIES FOR MEDICAL EQUIPMENTS),,1.0,NMB,3.0,982.7698,,,
2023-05-04,乌兹别克斯坦,中国,OOO HITECH ORIENT MEDBUSINESS,WUHAN ZONCARE BIOMEDICAL ELECTRONICS CO LTD,,,,,,0,,,,9018120000,"1. Портативный система ультразвуковая диагностика модель Zoncare М5 с принадлежностями.В комплектацию входит:Конвекс датчик,Линейный датчик,Тележка, сумка.Предназначена для ультразвукового сканирования и исследования организма человека.с/н: C32943114CTOXN0022, C32943114CTOXN0023, C32943114CTOXN0024. Рег.Удос:ТТ/X 03721/07/21. Новое 2023г. Производитель: WUHAN ZONCARE BIO-MEDICAL ELECTRONICS CO.,LTD Китай. - кол. 3 шт, вес: 78 кг
2. мест 6, 6 картон.короб.
3. HYWU8200328/часть
6. /коды № C329431",,3.0,Piece,78.0,10396.88,,,
2023-05-04,印度,中国,KONCEPTOGEN HEALTHCARE PRIVATE LIMITED,VYAIRE B V,DE MOLEN 8-10 3994 DB HOUTENSDNFSDNF,,,,,CHINA,,,NHAVA SHEVA SEA (INNSA1),90181290,"TRANSDUCER, ULTRASOUND, BUTTON, 8 FT (QTY-30 NOS)(FOR MEDICAL USE)",,30.0,NOS,0.0,4644.9209,8570575,,
2023-05-04,乌兹别克斯坦,中国,OOO HITECH ORIENT MEDBUSINESS,WUHAN ZONCARE BIOMEDICAL ELECTRONICS CO LTD,,,,,,0,,,,9018120000,"1. Система ультразвуковая диагностика модель Zoncare Q7 с принадлежностями. В комплектацию входит:Конвекс датчик,Линейний датчик, Tрансвагинальная датчик. Предназначена для ультразвукового сканирования и исследования организма человека.Регистр.Удос № ТТ/Х 01792/05/18. c/н:C3294361CTO20N0003, C3294361CTO20N0004. Новое 2023г. Производитель:WUHAN ZONCARE BIO-MEDICAL ELECTRONICS CO.,LTD Китай - кол. 2 шт, вес: 156 кг
2. мест 2, 2 дерев.ящик.
3. HYWU8200328/часть
6. /коды № C3294361CTO20N0003, C3294",,2.0,Piece,156.0,11506.25,,,
2023-05-04,印度,中国,KONCEPTOGEN HEALTHCARE PRIVATE LIMITED,VYAIRE B V,DE MOLEN 8-10 3994 DB HOUTENSDNFSDNF,,,,,CHINA,,,NHAVA SHEVA SEA (INNSA1),90181290,"TRANSDUCER, TOCO, BUTTON, 8 FT (QTY-20 NOS)(FOR MEDICAL USE)",,20.0,NOS,0.0,3072.7942,2057476,,
2023-05-04,乌兹别克斯坦,中国,OOO HITECH ORIENT MEDBUSINESS,WUHAN ZONCARE BIOMEDICAL ELECTRONICS CO LTD,,,,,,0,,,,9018120000,"1. Система ультразвуковая диагностика модель Zoncare ViV20  с принадлежностями. В комплектацию входит:Конвекс датчик,Линейний датчик,Кардио датчик. Предназначена для ультразвукового сканирования и исследования организма человека.c/н:C3294171CTO08N0001.Рег.Удос:ТТ/Х 06053/02/23, Новое 2023г.Производитель:WUHAN ZONCARE BIO-MEDICAL ELECTRONICS CO.,LTD Китай. - кол. 1 шт, вес: 65 кг
2. мест 1, 1 дерев.ящик.
3. HYWU8200328/часть
6. /коды № C3294171CTO08N0001 /
8. 000
9. 024
10. 2023/100V-240V, 50Hz/",,1.0,Piece,65.0,7303.12,,,
2023-05-01,印度,中国,MINDRAY MEDICAL INDIA PVT LTD,MR GLOBAL HK LIMITED,"FLAT/RM 1115-6 BLOCK 1,11/F GRANDCENTURY PLACE 193 PRINCEEDWARD WEST ROAD ,",,,,,CHINA,,,SAHAR AIR CARGO ACC (INBOM4),90181290,"2142B-CTO-S01 RESONA I9 COLOR DOPPLER SYSTEM CENTRAL BRAKE,SMART TRACE,CPP,SMART THYROID,SMART BREAST(FOR MEDICAL USE)",,1.0,NOS,0.0,42712.31,1638302,,
2023-05-01,印度,中国,MINDRAY MEDICAL INDIA PVT LTD,MR GLOBAL HK LIMITED,"FLAT/RM 1115-6 BLOCK 1,11/F GRANDCENTURY PLACE 193 PRINCEEDWARD WEST ROAD ,",,,,,CHINA,,,SAHAR AIR CARGO ACC (INBOM4),90181290,2142B-PA00124 NUEWA I9 COLOR DOPPLER SYSTEM (FOR MEDICAL USE),,2.0,NOS,0.0,55295.72,3152036,,
2023-05-01,乌兹别克斯坦,中国,OOO N S GROUP,CHISON MEDICAL TECHNOLOGIES CO LTD,,,,,,0,,,,9018120000,"1. Система ультразвуковая цифровая цветная допплеровская ""i 6"" (4 шт датчиков), кол-во 1 комплект, новое оборудование 2023 года выпуска, без следов эксплуатации. Изготовитель: Chison Medical Technologies Co.,Ltd., Китай - кол. 1 шт, вес: 77 кг
2. мест 1, 1 ящик
8. 000
9. 000
10. 2023/.
11. 02
Общее кол. мест: 1",,1.0,Piece,77.0,10000.0,,,
2023-04-29,印度,中国,MINDRAY MEDICAL INDIA PVT LTD,MR GLOBAL HK LIMITED,"UNIT NO 1061 SOLITAIRE BLDG NO 10,  6TH FLR SOLITAIRE CORPORATE PARK",,,,,CHINA,,,SAHAR AIR CARGO ACC (INBOM4),90181290,2142B-PA00124 NUEWA I9 COLOR DOPPLER SYSTEM (FOR MEDICAL USE),,3.0,NOS,0.0,82943.58,6846565,,
2023-04-29,印度,中国,MINDRAY MEDICAL INDIA PVT LTD,MR GLOBAL HK LIMITED,"UNIT NO 1061 SOLITAIRE BLDG NO 10,  6TH FLR SOLITAIRE CORPORATE PARK",,,,,CHINA,,,SAHAR AIR CARGO ACC (INBOM4),90181290,2142B-PA00124 NUEWA I9 COLOR DOPPLER SYSTEM (FOR MEDICAL USE),,1.0,NOS,0.0,27647.86,6846565,,
2023-04-29,印度,中国,MINDRAY MEDICAL INDIA PVT LTD,MR GLOBAL HK LIMITED,"UNIT NO 1061 SOLITAIRE BLDG NO 10,  6TH FLR SOLITAIRE CORPORATE PARK",,,,,CHINA,,,SAHAR AIR CARGO ACC (INBOM4),90181290,"2142B-CTO-S01 NUEWA I9 COLOR DOPPLER SYSTEM SMART TRACE,SMART HIP,SMART VOLUME(FOR MEDICAL USE)",,1.0,NOS,0.0,36229.8,6846565,,
2023-04-29,印度,中国,MINDRAY MEDICAL INDIA PVT LTD,MR GLOBAL HK LIMITED,"UNIT NO 1061 SOLITAIRE BLDG NO 10,  6TH FLR SOLITAIRE CORPORATE PARK",,,,,CHINA,,,SAHAR AIR CARGO ACC (INBOM4),90181290,"2147B-CTO-S01 DC-60 EXP COLOR DOPPLER SYSTEM DVD-RW,DICOM BASIC,DICOM BREAST SR,DICOM VASCULAR SR(FOR MEDICAL USE)",,1.0,NOS,0.0,23089.48,6846565,,
2023-04-29,印度,中国,GENIQUE MEDCROP PRIVATE LIMITED,WUHAN ZONCARE BIOMEDICAL,"HOUSE NO.57,DEV NAGAR  RAILWAY ROAD,NEAR HOLY,PALWAL",,,,,CHINA,,,SAHAR AIR CARGO ACC (INBOM4),90181290,12-CH ECG MACHINE U90 ( SPARE PARTS FOR MEDICAL EQUIPMENT),,10.0,PCS,0.0,5000.0,6830618,,
2023-04-29,印度,中国,GENIQUE MEDCROP PRIVATE LIMITED,WUHAN ZONCARE BIOMEDICAL,"HOUSE NO.57,DEV NAGAR  RAILWAY ROAD,NEAR HOLY,PALWAL",,,,,CHINA,,,SAHAR AIR CARGO ACC (INBOM4),90181290,MULTI-PARA MONITOR PM-7000D WITH IBP AND ETCO2 ( SPARE PARTS FOR MEDICAL EQUIPMENT),,10.0,PCS,0.0,12500.0,6830618,,
2023-04-28,印度,中国,KONICA MINOLTA HEALTHCARE INDIA PRIVATE LIMITED,EDAN INSTRUMENTS INC,"OFFICE NO.201, 2ND FLOOR, ATRIUM 2  ,,ANDHERI KURLA ROAD, CHAKALA,",,,,,CHINA,,,SAHAR AIR CARGO ACC (INBOM4),90181290,VET Endorectal Transducer VEL12-5Q(2.5m) (MEDICAL EQUIPMENT)(APTA CERT NO: B231923672010008 DT. 28.04.2023),,6.0,NOS,0.0,3000.0,6835065,,
2023-04-28,越南,中国,CÔNG TY TNHH ĐẦU TƯ THƯƠNG MẠI VÀ DỊCH VỤ KỸ THUẬT HOÀNG MINH,CHISON MEDICAL TECHNOLOGIES CO LTD,"Thôn 3, xã Lại Yên, huyện Hoài Đức, thành phố Hà Nội, Việt Nam",,,,,China,,SHANGHAI,CANG HAI PHONG,90181200,"Máy siêu âm chẩn đoán (1 cổng đầu dò, đầu dò Micro Convex MC6-A); Model: ECO1; HSX: Chison Medical Technologies Co., Ltd; Xuất xứ: Trung Quốc; Mới 100%,Diagnostic ultrasound machine (1 probe port, Micro Convex MC6-A probe); Model: ECO1; HSX: Chison Medical Technologies Co., Ltd; From China; 100% new",,8.0,Set,0.0,11200.0,220423SZCP23040065,,
2023-04-28,越南,中国,CÔNG TY TNHH ĐẦU TƯ THƯƠNG MẠI VÀ DỊCH VỤ KỸ THUẬT HOÀNG MINH,CHISON MEDICAL TECHNOLOGIES CO LTD,"Thôn 3, xã Lại Yên, huyện Hoài Đức, thành phố Hà Nội, Việt Nam",,,,,China,,SHANGHAI,CANG HAI PHONG,90181200,"Máy siêu âm chẩn đoán (2 cổng đầu dò, đầu dò Linear L7M-A); Model: ECO1; HSX: Chison Medical Technologies Co., Ltd; Xuất xứ: Trung Quốc; Mới 100%,Diagnostic ultrasound machine (2 probe ports, Linear probe L7M-A); Model: ECO1; HSX: Chison Medical Technologies Co., Ltd; From China; 100% new",,1.0,Set,0.0,1400.0,220423SZCP23040065,,
2023-04-28,乌克兰,中国,ТОВ САНТЕ ІНТЕГРАЛЬУКРАЇНА,VEGA SP Z O,18030 М ЧЕРКАСИ ВУЛИЦЯ ЧИГИРИНСЬКА БУДИНОК 13, 0 5 7 BURAKOWSKA STREET 01066 WARSAW POLAND,,,,China,,,,9018120000,МЕДИЧНІ ВИРОБИ АПАРАТУРА ДЛЯ УЛЬТРАЗВУКОВОГО СКАНУВАННЯ PORTABLE ULTRASOUND SYSTEM ПОРТАТИВНА УЛЬТРАЗВУКОВА СИСТЕМА МОДЕЛЬ C10RL 10 ШТ МОДЕЛЬ C10CT 1 ШТ МОДЕЛЬ C10UL 1 ШТ  КОМПЛЕКТАЦІЯ ЗГІДНО ІНСТРУКЦІЇ ЗГІДНО ТЕХНІЧНОГО РЕГЛАМЕНТУ ЩО ДО МЕДИЧНІХ ВИРОБІВ ЗАТВЕРДЖЕННОГО ПОСТАНОВОЮ КМУ ВІД02 10 2013Р 753 ВІДПОВІДНЕ МАРКУВАННЯ ПРИСУТНЄ КЛАС РИЗИКУ 2А ТОРГОВЕЛЬНА МАРКА BEIJING KONTED MEDICAL ВИРОБНИК ТОВ САНТЕ ІНТЕГРАЛЬ КРАЇНА ВИРОБНИЦТВА CN,,15.0,КГ,15.0,17760.0,,,
2023-04-28,印度,中国,KONICA MINOLTA HEALTHCARE INDIA PRIVATE LIMITED,EDAN INSTRUMENTS INC,"OFFICE NO.201, 2ND FLOOR, ATRIUM 2  ,,ANDHERI KURLA ROAD, CHAKALA,",,,,,CHINA,,,SAHAR AIR CARGO ACC (INBOM4),90181290,Phased array transducer: P7-3Q (MEDICAL EQUIPMENT) (APTA CERT NO: B231923672010008 DT. 28.04.2023),,2.0,NOS,0.0,3150.0,6835065,,
2023-04-28,印度,中国,KONICA MINOLTA HEALTHCARE INDIA PRIVATE LIMITED,EDAN INSTRUMENTS INC,"OFFICE NO.201, 2ND FLOOR, ATRIUM 2  ,,ANDHERI KURLA ROAD, CHAKALA,",,,,,CHINA,,,SAHAR AIR CARGO ACC (INBOM4),90181290,MT-808 Trolley for AX3 series (Height adjustable) (MEDICAL EQUIPMENT) (APTA CERT NO: B231923672010008 DT. 28.04.2023),,5.0,NOS,0.0,2500.0,6835065,,
2023-04-28,越南,中国,CÔNG TY TNHH ĐẦU TƯ THƯƠNG MẠI VÀ DỊCH VỤ KỸ THUẬT HOÀNG MINH,CHISON MEDICAL TECHNOLOGIES CO LTD,"Thôn 3, xã Lại Yên, huyện Hoài Đức, thành phố Hà Nội, Việt Nam",,,,,China,,SHANGHAI,CANG HAI PHONG,90181200,"Máy siêu âm chẩn đoán (2 cổng đầu dò, đầu dò Micro Convex MC6-A); Model: ECO1; HSX: Chison Medical Technologies Co., Ltd; Xuất xứ: Trung Quốc; Mới 100%,Diagnostic ultrasound machine (2 probe ports, Micro Convex MC6-A probe); Model: ECO1; HSX: Chison Medical Technologies Co., Ltd; From China; 100% new",,1.0,Set,0.0,1450.0,220423SZCP23040065,,
2023-04-28,印度,中国,KONICA MINOLTA HEALTHCARE INDIA PRIVATE LIMITED,EDAN INSTRUMENTS INC,"OFFICE NO.201, 2ND FLOOR, ATRIUM 2  ,,ANDHERI KURLA ROAD, CHAKALA,",,,,,CHINA,,,SAHAR AIR CARGO ACC (INBOM4),90181290,LINEAR ARRAY TRANSDUCER: L17-7SQ (MEDICAL EQUIPMENT) (APTA CERT NO: B231923672010008 DT. 28.04.2023),,2.0,NOS,0.0,1000.0,6835065,,
2023-04-26,越南,中国,CÔNG TY TNHH THIẾT BỊ Y TẾ MINH KHANG,SZ SUNWAY MEDICAL,"Số 3, ngõ 8/191/1 đường Lê Quang Đạo, phường Phú Đô, quận Nam Từ Liêm, TP Hà Nội, VN",,,,,China,,HONG KONG,HA NOI,90181200,"Máy siêu âm xách tay dành cho thú y, kèm phụ kiện tiêu chuẩn. Chủng loại: HandScan V8. HSX: Shenzhen Sunway Medical Device.,Ltd. Mới 100%,Veterinary portable ultrasound machine, with standard accessories. Category: HandScan V8. HSX: Shenzhen Sunway Medical Device.,Ltd. 100% new",,2.0,Set,0.0,2100.0,771893273160,,
2023-04-26,印度,中国,S AND T HEALTHCARE TECHNOLOGIES PRIVATE LIMITED,HONGKONG LIFECARING TECHNOLOGY,20-1/A VASANTH NAGAR  SINGANALLUR,,,,,CHINA,,,BANGALORE ACC (INBLR4),90181290,MEDICAL EQUIPMENT/ 12.1 INCH PATIENT MONITOR H8,,20.0,NOS,0.0,5400.0,6796988,,
2023-04-26,印度,中国,MINDRAY MEDICAL INDIA PVT LTD,MR GLOBAL HK LIMITED,"UNIT NO 1061 SOLITAIRE BLDG NO 10,  6TH FLR SOLITAIRE CORPORATE PARK",,,,,CHINA,,,SAHAR AIR CARGO ACC (INBOM4),90181290,"2142B-CTO-S01 NUEWA I9 COLOR DOPPLER SYSTEM SMART TRACE,CPP,SMART THYROID,SMART BREAST(FOR MEDICAL USE)",,1.0,NOS,0.0,33122.84,6791215,,
2023-04-26,印度,中国,MINDRAY MEDICAL INDIA PVT LTD,MR GLOBAL HK LIMITED,"UNIT NO 1061 SOLITAIRE BLDG NO 10,  6TH FLR SOLITAIRE CORPORATE PARK",,,,,CHINA,,,SAHAR AIR CARGO ACC (INBOM4),90181290,2138B-PA00085 M6 M6 PORTABLE COLORDOPPLERULTRASOUNDSYSTEM(FOR MEDICAL USE),,1.0,NOS,0.0,5894.44,6791215,,
2023-04-26,越南,中国,CÔNG TY CỔ PHẦN XUẤT NHẬP KHẨU THIẾT BỊ Y TẾ HOÀN MỸ,SONOSCAPE MEDICAL CORP,"A8 Lô 12 ĐTM Định Công, Phường Định Công, Quận Hoàng Mai, Thành phố Hà Nội, Việt Nam",,,,,China,,HONG KONG,HA NOI,90181200,"Hệ thống siêu âm chẩn đoán màu, mã: E2pro, gồm máy chính và phụ kiện: đầu dò Convex C361, đầu dò Linear L741, dùng trong y tế. HSX: Sonoscape Medical Corp,China. Mới100%,Color diagnostic ultrasound system, code: E2pro, including main machine and accessories: Convex C361 probe, Linear L741 probe, used for medical purposes. HSX: Sonoscape Medical Corp,China. New100%",,3.0,Set,0.0,12150.0,SJFHK2301177,,
2023-04-26,印度,中国,MINDRAY MEDICAL INDIA PVT LTD,MR GLOBAL HK LIMITED,"UNIT NO 1061 SOLITAIRE BLDG NO 10,  6TH FLR SOLITAIRE CORPORATE PARK",,,,,CHINA,,,SAHAR AIR CARGO ACC (INBOM4),90181290,"2166B-CTO-S01 CONSONA N9 COLOR DOPPLER SYSTEM SS-4P PACKAGEDISCOUNT,PC KEYBOARD,MULTIFUNCTION MODULE(FOR MEDICAL USE)",,1.0,NOS,0.0,24404.36,6791215,,
2023-04-25,乌兹别克斯坦,中国,OOO EQUIMED,CHISON MEDICAL TECHNOLOGIES CO LTD,,,,,,0,,,,9018120000,"1. CHISON ХВit90 COLOR DOPPLER ULTRASOUND DIAGNOSTIC SYSTEM / Сиcтема ультразвуковая цифровая цветная допплеровская ХВit90 с принадлежностями; 1 шт,  Производитель: Китай ""CHISON Medical Technologies Co., Ltd"" - кол. 1 шт, вес: 108 кг
2. мест 1, 1 палетта
8. 000
9. 024
10. 2023/Новый
11. 02
Общее кол. мест: 1",,1.0,Piece,108.0,35000.0,,,
2023-04-24,印度,中国,GENIQUE MEDCROP PRIVATE LIMITED,WUZHOU AOKACE TECHNOLOGY,"HOUSE NO.57,DEV NAGAR  RAILWAY ROAD,NEAR HOLY,PALWAL",,,,,CHINA,,,SAHAR AIR CARGO ACC (INBOM4),90181290,AGS210 LED LIGHT SOURCE WITH LOGO CUTOMIZED (SPARE PARTS OF MEDICAL EQUIPMENT),,5.0,PCS,0.0,1500.0,6760668,,
2023-04-24,印度,中国,GENIQUE MEDCROP PRIVATE LIMITED,WUZHOU AOKACE TECHNOLOGY,"HOUSE NO.57,DEV NAGAR  RAILWAY ROAD,NEAR HOLY,PALWAL",,,,,CHINA,,,SAHAR AIR CARGO ACC (INBOM4),90181290,AGM-HD3 ALL IN ONE ENDOSOCPE CAMERA SYSTEM WITH LOGO CUSTOMIZE (SPARE PARTS OF MEDICAL EQUIPMENT),,1.0,PCS,0.0,3000.0,6760668,,
2023-04-24,印度,中国,GENIQUE MEDCROP PRIVATE LIMITED,WUZHOU AOKACE TECHNOLOGY,"HOUSE NO.57,DEV NAGAR  RAILWAY ROAD,NEAR HOLY,PALWAL",,,,,CHINA,,,SAHAR AIR CARGO ACC (INBOM4),90181290,4*1800MM WOLF/STORZ FIBER CABLE (SPARE PARTS OF MEDICAL EQUIPMENT),,5.0,PCS,0.0,300.0,6760668,,
2023-04-24,印度,中国,GENIQUE MEDCROP PRIVATE LIMITED,WUZHOU AOKACE TECHNOLOGY,"HOUSE NO.57,DEV NAGAR  RAILWAY ROAD,NEAR HOLY,PALWAL",,,,,CHINA,,,SAHAR AIR CARGO ACC (INBOM4),90181290,4*3000MM WOLF/STORZ FIBER CABLE (SPARE PARTS OF MEDICAL EQUIPMENT),,5.0,PCS,0.0,225.0,6760668,,
2023-04-24,印度,中国,GENIQUE MEDCROP PRIVATE LIMITED,WUZHOU AOKACE TECHNOLOGY,"HOUSE NO.57,DEV NAGAR  RAILWAY ROAD,NEAR HOLY,PALWAL",,,,,CHINA,,,SAHAR AIR CARGO ACC (INBOM4),90181290,AGM-HD1 1080P ENDOSOCPE CAMERA SYSTEM WITH ACCESSORIES (SPARE PARTS OF MEDICAL EQUIPMENT),,5.0,PCS,0.0,6600.0,6760668,,
2023-04-24,印度,中国,GENIQUE MEDCROP PRIVATE LIMITED,WUZHOU AOKACE TECHNOLOGY,"HOUSE NO.57,DEV NAGAR  RAILWAY ROAD,NEAR HOLY,PALWAL",,,,,CHINA,,,SAHAR AIR CARGO ACC (INBOM4),90181290,AGM-P1 USB CAMERA WITH LOGO CUSTOMIZED+18MM COUPLER (SPARE PARTS OF MEDICAL EQUIPMENT),,5.0,PCS,0.0,2250.0,6760668,,
2023-04-22,印度,中国,KONICA MINOLTA HEALTHCARE INDIA PRIVATE LIMITED,SONOSCAPE MEDICAL CORP,"OFFICE NO.201, 2ND FLOOR, ATRIUM 2  ,,ANDHERI KURLA ROAD, CHAKALA,",,,,,CHINA,,,DELHI AIR CARGO ACC (INDEL4),90181290,SP21N CADIAC PROBE FOR CD25/CD30 (MEDICAL EQUIPMENT) (APTA NO. B237432197675019 DT 19.04.2023),,15.0,NOS,0.0,22500.0,6737664,,
2023-04-22,印度,中国,KONICA MINOLTA HEALTHCARE INDIA PRIVATE LIMITED,SONOSCAPE MEDICAL CORP,"OFFICE NO.201, 2ND FLOOR, ATRIUM 2  ,,ANDHERI KURLA ROAD, CHAKALA,",,,,,CHINA,,,DELHI AIR CARGO ACC (INDEL4),90181290,SL41N LINEAR PROBE FOR CD25/CD30 (MEDICAL EQUIPMENT) (APTA NO. B237432197675019 DT 19.04.2023),,30.0,NOS,0.0,45000.0,6737664,,
2023-04-21,印度,中国,KONICA MINOLTA HEALTHCARE INDIA PRIVATE LIMITED,SINO MEDICALDEVICE TECHNOLOGY CO LTD,"OFFICE NO.201, 2ND FLOOR, ATRIUM 2  ,,ANDHERI KURLA ROAD, CHAKALA,",,,,,CHINA,,,SAHAR AIR CARGO ACC (INBOM4),90181290,MEDICAL EQUIPMENT - HIGH PRESSURE INJECTOR DUAL HEAD SINOPOWER-D (APTA NO: 0123111700045635 DT.13.04.2023),,3.0,SET,0.0,15900.0,6735333,,
2023-04-21,印度,中国,S S MEDICAL SYSTEMS INDIA PRIVATE LIMITED,DAWEI MEDICAL JIANGSU CO LTD,"F2&F3, INDUSTRIAL ESTATE,",,,,,CHINA,,,DELHI AIR CARGO ACC (INDEL4),90181290,DIGI 1100 CD-E PORTABLE ULTRASOUND MACHINE WITH ACCESSORIES(MEDICAL EQUIPMENT),,10.0,SET,0.0,36000.0,6718775,,
2023-04-20,乌兹别克斯坦,中国,ООО AZZA MED,NANJING LONG MEDICAL TECHNOLOGY CO LTD,,,,,,0,,,,9018120000,"1. Портативный система ультразвуковая диагностика Система ультразвуковая диагностическая Zoncare M5 с принадлежностями, Модель: Zoncare M5, новая 2023 год вып. Производитель:Wuhan Zoncare Bio-Medical Electronics Co., Ltd, China/Китай-Вес 135 кг.  Кол. 5 шт 
2. Всего мест-10 (10 дерев. ящик)
3. Контейнеров 1шт. LYGU4107181
8. Код инвестиционных проектов:000
9. Код основных сфер 000
10. 2023 г. / Портативный система ультразвуковая диагностика Система ультразвуковая диагностическая Zoncare M5",,5.0,Piece,135.0,37500.0,,,
2023-04-20,乌兹别克斯坦,中国,ООО INTERMED INNOVATION TRADE,SHENZHEN MINDRAY BIOMEDICAL ELECTRONICS CO LTD,,,,,,0,,,,9018120000,"1) Digital Ultrasound Diagnostic Imaging System DC-40 with accessories / Ультразвуковая диагностическая система DC-40 в комплекте с принадлежностями, новый, 2023 год выпуска, сер.№CT7-32007384, производитель Shenzhen Mindray Bio-Medical Electronics Co., Ltd  (Китай):
 вес: 92 кг, кол. 1 шт;
2) Вид и количество упаковки:1 паллет+коробка;
8) Код инвестпрограммы:000;
9) Код технологического оборудования:024;
10) Год изготовления и технические параметры:2022/Напряжение 220V, частота 50/60Hz;
1",,1.0,Piece,92.0,15000.0,,,
2023-04-19,印度,中国,MINDRAY MEDICAL INDIA PVT LTD,MR GLOBAL HK LIMITED,"UNIT NO 1061 SOLITAIRE BLDG NO 10,  6TH FLR SOLITAIRE CORPORATE PARK",,,,,CHINA,,,SAHAR AIR CARGO ACC (INBOM4),90181290,"2145B-CTO-S01 DC-70 EXP COLOR DOPPLER SYSTEM SHARED SERVICEPACKAGE,SMART NT,SMART OB(FOR MEDICAL USE)",,1.0,NOS,0.0,19148.27,6687364,,
2023-04-19,印度,中国,MINDRAY MEDICAL INDIA PVT LTD,MR GLOBAL HK LIMITED,"UNIT NO 1061 SOLITAIRE BLDG NO 10,  6TH FLR SOLITAIRE CORPORATE PARK",,,,,CHINA,,,SAHAR AIR CARGO ACC (INBOM4),90181290,"2145B-CTO-S01 DC-70 EXP COLOR DOPPLER SYSTEM SHARED SERVICEPACKAGE,STRESS ECHO (FOR MEDICAL USE)",,1.0,NOS,0.0,15236.55,6687364,,
2023-04-19,印度,中国,MINDRAY MEDICAL INDIA PVT LTD,MR GLOBAL HK LIMITED,"UNIT NO 1061 SOLITAIRE BLDG NO 10,  6TH FLR SOLITAIRE CORPORATE PARK",,,,,CHINA,,,SAHAR AIR CARGO ACC (INBOM4),90181290,"2147B-CTO-S01 DC-60 EXP COLOR DOPPLER SYSTEM DVD-RW,DICOM BASIC,DICOM BREAST SR(FOR MEDICAL USE)",,2.0,NOS,0.0,46455.14,6687364,,
2023-04-19,印度,中国,MINDRAY MEDICAL INDIA PVT LTD,MR GLOBAL HK LIMITED,"UNIT NO 1061 SOLITAIRE BLDG NO 10,  6TH FLR SOLITAIRE CORPORATE PARK",,,,,CHINA,,,SAHAR AIR CARGO ACC (INBOM4),90181290,"2145B-CTO-S01 DC-70 EXP COLOR DOPPLER SYSTEM SHARED SERVICEPACKAGE,SMART NT,SMART (FOR MEDICAL USE)",,1.0,NOS,0.0,18556.97,6687364,,
2023-04-19,印度,中国,MINDRAY MEDICAL INDIA PVT LTD,MR GLOBAL HK LIMITED,"UNIT NO 1061 SOLITAIRE BLDG NO 10,  6TH FLR SOLITAIRE CORPORATE PARK",,,,,CHINA,,,SAHAR AIR CARGO ACC (INBOM4),90181290,"2152B-CTO-S01 DC-80 COLOR DOPPLER SYSTEM DICOM BASIC,DICOMWORKLIST(FOR MEDICAL USE)",,1.0,NOS,0.0,28685.73,6687364,,
2023-04-19,乌兹别克斯坦,中国,OOO SMART SITY MEDIKAL,SHENZHEN MINDRAY BIOMEDICAL ELECTRONICS CO LTD,,,,,,0,,,,9018120000,"1) Digital Ultrasound Diagnostic Imaging System Z50 with accessories/Ультразвуковая диагностическая система  Z50 в комплекте с принадлежностями, новый, 2023 год выпуска, сер.№HH6-32003760,  производитель Shenzhen Mindray Bio-Medical Electronics Co., Ltd  (Китай):
 вес: 28,18 кг, кол. 1 шт;
2) Вид и количество упаковки:2 паллет+коробка;
8) Код инвестпрограммы:000;
9) Код технологического оборудования:024;
10) Год изготовления и технические параметры:2023/Напряжение 220V, частота 50/60Hz;
11",,1.0,Piece,28.18,11000.0,,,
2023-04-18,印度,中国,MINDRAY MEDICAL INDIA PVT LTD,MR GLOBAL HK LIMITED,"UNIT NO 1061 SOLITAIRE BLDG NO 10,  6TH FLR SOLITAIRE CORPORATE PARK",,,,,CHINA,,,SAHAR AIR CARGO ACC (INBOM4),90181290,"2148B-CTO-S01 DC-40 COLOR DOPPLER SYSTEM ISCAPE VIEW,SMART 3D,IMT,DICOM BASIC,SMART OB,ELASTOGRAPHY(FOR MEDICAL USE)",,2.0,NOS,0.0,25003.74,6669880,,
2023-04-18,印度,中国,KONICA MINOLTA HEALTHCARE INDIA PRIVATE LIMITED,EDAN INSTRUMENTS INC,"OFFICE NO.201, 2ND FLOOR, ATRIUM 2  ,,ANDHERI KURLA ROAD, CHAKALA,",,,,,CHINA,,,SAHAR AIR CARGO ACC (INBOM4),90181290,MULTI-TRANSDUCER CONNECTORS MTC-801 (NEW) (MEDICAL EQUIPMENT) (APTA CERT NO. B231923672010006 DT.17.04.2023),,10.0,PCS,0.0,12850.0,6670003,,
2023-04-18,印度,中国,KONICA MINOLTA HEALTHCARE INDIA PRIVATE LIMITED,EDAN INSTRUMENTS INC,"OFFICE NO.201, 2ND FLOOR, ATRIUM 2  ,,ANDHERI KURLA ROAD, CHAKALA,",,,,,CHINA,,,SAHAR AIR CARGO ACC (INBOM4),90181290,PHASED ARRAY TRANSDUCER: P7-3Q (NEW) (MEDICAL EQUIPMENT) (APTA CERT NO: B231923672010004 DT. 11.04.2023),,10.0,PCS,0.0,15750.0,6681168,,
2023-04-18,印度,中国,KONICA MINOLTA HEALTHCARE INDIA PRIVATE LIMITED,EDAN INSTRUMENTS INC,"OFFICE NO.201, 2ND FLOOR, ATRIUM 2  ,,ANDHERI KURLA ROAD, CHAKALA,",,,,,CHINA,,,SAHAR AIR CARGO ACC (INBOM4),90181290,AEROSCAN COLOR DOPPLER CD 10 PRO DIAGNOSTIC ULTRASOUND SYSTEM (MEDICAL EQUIPMENT) (APTA NO.B231923672010006 DT.17.04.23),,10.0,PCS,0.0,39600.0,6670003,,
2023-04-18,印度,中国,KONICA MINOLTA HEALTHCARE INDIA PRIVATE LIMITED,EDAN INSTRUMENTS INC,"OFFICE NO.201, 2ND FLOOR, ATRIUM 2  ,,ANDHERI KURLA ROAD, CHAKALA,",,,,,CHINA,,,SAHAR AIR CARGO ACC (INBOM4),90181290,PHASED ARRAY TRANSDUCER: P7-3Q (OLD) (MEDICAL EQUIPMENT) (APTA CERT NO: B231923672010004 DT. 11.04.2023),,10.0,PCS,0.0,25000.0,6681168,,
2023-04-18,印度,中国,KONICA MINOLTA HEALTHCARE INDIA PRIVATE LIMITED,EDAN INSTRUMENTS INC,"OFFICE NO.201, 2ND FLOOR, ATRIUM 2  ,,ANDHERI KURLA ROAD, CHAKALA,",,,,,CHINA,,,SAHAR AIR CARGO ACC (INBOM4),90181290,PHASED ARRAY TRANSDUCER: P5-1Q (MEDICAL EQUIPMENT) (APTA CERT NO: B231923672010004 DT. 11.04.2023),,50.0,PCS,0.0,25000.0,6681168,,
2023-04-17,孟加拉国,中国,NOBLE IMAGING,CHISON MEDICAL TECHNOLOGIES CO LTD,,,,,,China,,,,90181200,ULTRASOUND MEDICAL SYSTEM ECO3 EXPERT 3.5MHZ CONVEX PROBE C3-A,,4.0,NMB,36.0,8315.0,LLLCGP23321316,,
2023-04-17,孟加拉国,中国,NOBLE IMAGING,CHISON MEDICAL TECHNOLOGIES CO LTD,,,,,,China,,,,90181200,ULTRASOUND MEDICAL SYSTEM ECO3 EXPERT 7.5MHZ LINEAR PROBE L7M-A,,3.0,NMB,27.0,5830.0,LLLCGP23321316,,
2023-04-17,印度,中国,KONICA MINOLTA HEALTHCARE INDIA PRIVATE LIMITED,SINO MEDICALDEVICE TECHNOLOGY CO LTD,"OFFICE NO.201, 2ND FLOOR, ATRIUM 2  ,,ANDHERI KURLA ROAD, CHAKALA,",,,,,CHINA,,,SAHAR AIR CARGO ACC (INBOM4),90181290,MEDICAL EQUIPMENT - HIGH PRESSURE INJECTOR SINGLE HEAD SINOPOWER-S (APTA NO: 0123111700045748 DT.13.04.2023),,5.0,SET,0.0,11500.0,6651940,,
2023-04-17,印度,中国,MINDRAY MEDICAL INDIA PVT LTD,MR GLOBAL HK LIMITED,"UNIT NO 1061 SOLITAIRE BLDG NO 10,  6TH FLR SOLITAIRE CORPORATE PARK",,,,,CHINA,,,SAHAR AIR CARGO ACC (INBOM4),90181290,"2148B-CTO-S01 DC-40 COLOR DOPPLER SYSTEM ISCAPE VIEW,SMART 3D,IMT,TISSUE DOPPLER IMAGING(FOR MEDICAL USE)",,1.0,NOS,0.0,18557.9,6657632,,
2023-04-17,孟加拉国,中国,NOBLE IMAGING,CHISON MEDICAL TECHNOLOGIES CO LTD,,,,,,China,,,,90181200,ULTRASOUND MEDICAL SYSTEM ECO3 EXPERT 6.0MHZ TRANSVAGINAL PROBE V6-A,,3.0,NMB,27.0,5830.0,LLLCGP23321316,,
2023-04-17,印度,中国,MINDRAY MEDICAL INDIA PVT LTD,MR GLOBAL HK LIMITED,"UNIT NO 1061 SOLITAIRE BLDG NO 10,  6TH FLR SOLITAIRE CORPORATE PARK",,,,,CHINA,,,SAHAR AIR CARGO ACC (INBOM4),90181290,"2146B-CTO-S01 MX7 PORTABLE COLOR DOPPLER SYSTEM ISCAPE VIEW,FREE XROS M,FREE XROS CM,TISSUE DOPPLER IMAGING(FOR MEDICAL",,1.0,NOS,0.0,15750.2,6657632,,
2023-04-17,乌兹别克斯坦,中国,ООО INTERMED INNOVATION TRADE,SHENZHEN MINDRAY BIOMEDICAL ELECTRONICS CO LTD,,,,,,0,,,,9018120000,"1) Ultrasound Diagnostic Imaging System Consona N9 with accessories/Ультразвуковая диагностическая система  Consona N9 в комплекте с принадлежностями, новый, 2022 год выпуска, сер.№LQ6-29000184, производитель Shenzhen Mindray Bio-Medical Electronics Co., Ltd  (Китай):
 вес: 74 кг, кол. 1 шт;
2) Вид и количество упаковки:1 палет+коробка;
3) № конт.:CRSU0405962(часть), кол-во:1;
8) Код инвестпрограммы:000;
9) Код технологического оборудования:024;
10) Год изготовления и технические параметры",,1.0,Piece,74.0,31000.0,,,
2023-04-15,乌兹别克斯坦,中国,OOO MEDSPACE SOLUTIONS,CHISON MEDICAL TECHNOLOGIES CO LTD,,,,,,0,,,,9018120000,"1. CHISON QBit9 COLOR DOPPLER ULTRASOUD DIAGNOSTIC SYSTEM / Система ультра  звуковая цветная допплеровская  QBit9 с принадлежностями. Производитель:CHISON MEDICAL TECHNOLOGIES CO.,LTD - кол. 6 шт, вес: 456 кг
2. мест 6, 6 дерев.ящик.
8. 000
9. 000
10. 2022/Новый
11. 02
Общее кол. мест: 6",,6.0,Piece,456.0,48900.0,,,
2023-04-15,印度,中国,MINDRAY MEDICAL INDIA PVT LTD,MR GLOBAL HK LIMITED,"UNIT NO 1061 SOLITAIRE BLDG NO 10,  6TH FLR SOLITAIRE CORPORATE PARK",,,,,CHINA,,,SAHAR AIR CARGO ACC (INBOM4),90181290,"2138B-CTO-S01 M6 PORTABLE COLOR DOPPLER SYSTEM SHARED SERVICE PACKAGE,IMT,SMART 3D,ISCAPE VIEW,FREE XROS (FOR MEDICAL US",,1.0,NOS,0.0,7340.01,6633610,,
2023-04-15,印度,中国,MINDRAY MEDICAL INDIA PVT LTD,MR GLOBAL HK LIMITED,"UNIT NO 1061 SOLITAIRE BLDG NO 10,  6TH FLR SOLITAIRE CORPORATE PARK",,,,,CHINA,,,SAHAR AIR CARGO ACC (INBOM4),90181290,"2148B-CTO-S01 DC-40 COLOR DOPPLER SYSTEM ISCAPE VIEW,SMART 3D,IMT,DICOM BASIC,SMART OB,ELASTOGRAPHY(FOR MEDICAL USE)",,1.0,NOS,0.0,12170.65,6633610,,
2023-04-15,印度,中国,MINDRAY MEDICAL INDIA PVT LTD,MR GLOBAL HK LIMITED,"UNIT NO 1061 SOLITAIRE BLDG NO 10,  6TH FLR SOLITAIRE CORPORATE PARK",,,,,CHINA,,,SAHAR AIR CARGO ACC (INBOM4),90181290,2148B-PA00066 DC-40 COLOR DOPPLER SYSTEM(FOR MEDICAL USE),,1.0,NOS,0.0,11776.74,6633610,,
2023-04-15,印度,中国,MINDRAY MEDICAL INDIA PVT LTD,MR GLOBAL HK LIMITED,"UNIT NO 1061 SOLITAIRE BLDG NO 10,  6TH FLR SOLITAIRE CORPORATE PARK",,,,,CHINA,,,SAHAR AIR CARGO ACC (INBOM4),90181290,"2122B-CTO-S01 DC-N3 PRO COLOR DOPPLER SYSTEM ISCAPE VIEW,IMT,TISSUE DOPPLER IMAGING,FREE XROS M,DICOM BASIC(FOR MEDICAL",,1.0,NOS,0.0,12193.95,6633610,,
2023-04-15,印度,中国,MINDRAY MEDICAL INDIA PVT LTD,MR GLOBAL HK LIMITED,"UNIT NO 1061 SOLITAIRE BLDG NO 10,  6TH FLR SOLITAIRE CORPORATE PARK",,,,,CHINA,,,SAHAR AIR CARGO ACC (INBOM4),90181290,"2146B-CTO-S01 MX7 PORTABLE COLOR DOPPLER SYSTEM ISCAPE VIEW,FREE XROS M,FREE XROS CM,TISSUE DOPPLER IMAGING(FOR MEDICAL",,1.0,NOS,0.0,11143.7,6633610,,
2023-04-15,印度,中国,MINDRAY MEDICAL INDIA PVT LTD,MR GLOBAL HK LIMITED,"UNIT NO 1061 SOLITAIRE BLDG NO 10,  6TH FLR SOLITAIRE CORPORATE PARK",,,,,CHINA,,,SAHAR AIR CARGO ACC (INBOM4),90181290,"2121B-CTO-S01 TE7 PORTABLE COLOR DOPPLER SYSTEM IMT,FREE XROS M,TISSUE DOPPLER IMAGING,SMART 3D,MCAFEE(FOR MEDICAL USE)",,1.0,NOS,0.0,18106.33,6633610,,
2023-04-15,乌兹别克斯坦,中国,OOO MEDSPACE SOLUTIONS,CHISON MEDICAL TECHNOLOGIES CO LTD,,,,,,0,,,,9018120000,"1. CHISON XBit90 COLOR DOPPLER ULTRASOUD DIAGNOSTIC SYSTEM / Система ультра  звуковая цветная допплеровская  XBit90 с принадлежностями. Производитель:CHISON MEDICAL TECHNOLOGIES CO.,LTD - кол. 3 шт, вес: 324 кг
2. мест 3, 3 дерев.ящик.
8. 000
9. 000
10. 2022/Новый
11. 02
Общее кол. мест: 3",,3.0,Piece,324.0,69900.0,,,
2023-04-15,印度,中国,MINDRAY MEDICAL INDIA PVT LTD,MR GLOBAL HK LIMITED,"UNIT NO 1061 SOLITAIRE BLDG NO 10,  6TH FLR SOLITAIRE CORPORATE PARK",,,,,CHINA,,,SAHAR AIR CARGO ACC (INBOM4),90181290,2138B-PA00085 M6 PORTABLECOLOR DOPPLER SYSTEM(FOR MEDICAL USE),,1.0,NOS,0.0,5894.44,6633610,,
2023-04-15,印度,中国,MINDRAY MEDICAL INDIA PVT LTD,MR GLOBAL HK LIMITED,"UNIT NO 1061 SOLITAIRE BLDG NO 10,  6TH FLR SOLITAIRE CORPORATE PARK",,,,,CHINA,,,SAHAR AIR CARGO ACC (INBOM4),90181290,"2138B-CTO-S01 M6 PORTABLE COLOR DOPPLER SYSTEM DICOM QUERY/RETRIEVE,DICOM MPPS,SHARED SERVICE PACKAGE(FOR MEDICAL USE)",,1.0,NOS,0.0,6960.37,6633610,,
2023-04-14,越南,中国,CÔNG TY TNHH THIẾT BỊ SIÊU ÂM Y TẾ VIỆT NAM,CHISON MEDICAL TECHNOLOGIES CO LTD,"B26, lô 19, khu đô thị mới Định Công, Phường Định Công, Quận Hoàng Mai, TP Hà Nội, Việt Nam",,,,,China,,SHANGHAI,CANG CAT LAI (HCM),90181200,"Máy siêu âm dùng trong y tế, model CBit6 kèm 3 đầu dò: D3C60L, D7L40L, V4C40L và phụ kiện tiêu chuẩn, hãng sản xuất: Chison Medical Technologies Co., Ltd, sản xuất: 2023, hàng mới 100%,Ultrasound machine for medical use, model CBit6 with 3 probes: D3C60L, D7L40L, V4C40L and standard accessories, manufacturer: Chison Medical Technologies Co., Ltd, manufacture: 2023, 100% brand new",,5.0,Set,0.0,55500.0,040423HACK230390967,,
2023-04-14,越南,中国,CÔNG TY TNHH THIẾT BỊ SIÊU ÂM Y TẾ VIỆT NAM,CHISON MEDICAL TECHNOLOGIES CO LTD,"B26, lô 19, khu đô thị mới Định Công, Phường Định Công, Quận Hoàng Mai, TP Hà Nội, Việt Nam",,,,,China,,SHANGHAI,CANG CAT LAI (HCM),90181200,"Máy siêu âm dùng trong y tế, model ECO5 kèm 1 đầu dò: C3-A và phụ kiện tiêu chuẩn, hãng sản xuất: Chison Medical Technologies, Co.,Ltd, sản xuất: 2023, hàng mới 100%,Ultrasound machine for medical use, model ECO5 with 1 probe: C3-A and standard accessories, manufacturer: Chison Medical Technologies, Co.,Ltd, manufacture: 2023, 100% brand new",,1.0,Set,0.0,2000.0,040423HACK230390967,,
2023-04-13,乌兹别克斯坦,中国,SANATRIX' XK,CHISON MEDICAL TECHNOLOGIES CO LTD,,,,,,0,,,,9018120000,"1. Chison i8 Color Doppler Ultrasound Diagnostic System / Система ультразвуковая цифровая цветная допплеровская ""i 8"" с принадлежностями, Кол-во; 1 шт. Новый 2023 г, Производитель; Китай ""CHISON Medical Technologies Co., Ltd"" - кол. 1 шт, вес: 125 кг
2. мест 1, 1 палетта
3. EISU9179453/часть - Возвратный
8. 000
9. 024
10. 2023/Новый
11. 02
Общее кол. мест: 1",,1.0,Piece,125.0,15634.0,,,
2023-04-13,印度,中国,RECORDERS & MEDICARE SYSTEMS PRIVATE LIMITED,SHENZHEN DELICA MFDICAL EQUIPMENT CO LTD,"181/5, INDUSTRIAL AREA  PHASE-I",,,,,CHINA,,,DELHI AIR CARGO ACC (INDEL4),90181290,EMS-9U1 TRANSCRANIAL DOPPLER ULTRASOUND SYSTEM (WITH ACCESSORIES) (MEDICAL EQUIPMENT),,1.0,UNT,0.0,2363.0,6509716,,
2023-04-12,乌兹别克斯坦,中国,ТIВ DUNYOSI' LLC,CHISON MEDICAL TECHNOLOGIES CO LTD,,,,,,0,,,,9018120000,"1. Chison i6 Color Doppler Ultrasound Diagnostic System / Система ультразвуковая цифровая цветная допплеровская ""i 6"" с принадлежностями, Кол-во; 1 шт. Новый 2023 г, Производитель; Китай ""CHISON Medical Technologies Co., Ltd"" - кол. 1 шт, вес: 125 кг
2. мест 1, 1 палетта
3. EISU9179453/часть - Возвратный
8. 000
9. 024
10. 2023/Новый
11. 02
Общее кол. мест: 1",,1.0,Piece,125.0,40000.0,,,
2023-04-12,乌兹别克斯坦,中国,ООО MENTOL MEDICAL,SHENZHEN MINDRAY BIOMEDICAL ELECTRONICS CO LTD,,,,,,0,,,,9018120000,"1) Ultrasound Diagnostic Imaging System DC-60Exp with accessories/Ультразвуковая диагностическая система  DC-60Exp в комплекте с принадлежностями, новый, 2022 год выпуска, сер.№CN8-29002561, производитель Shenzhen Mindray Bio-Medical Electronics Co., Ltd  (Китай):
 вес: 93 кг, кол. 1 шт;
2) Вид и количество упаковки:1 палет+коробка;
3) № конт.:CRSU0405962(часть), кол-во:1;
8) Код инвестпрограммы:000;
9) Код технологического оборудования:024;
10) Год изготовления и технические параметры:202",,1.0,Piece,93.0,22000.0,,,
2023-04-12,越南,中国,CÔNG TY CỔ PHẦN XUẤT NHẬP KHẨU THIẾT BỊ Y TẾ HOÀN MỸ,SONOSCAPE MEDICAL CORP,"A8 Lô 12 ĐTM Định Công, Phường Định Công, Quận Hoàng Mai, Thành phố Hà Nội, Việt Nam",,,,,China,,HONG KONG,CANG NAM DINH VU,90181200,"Hệ thống siêu âm chẩn đoán màu, mã: E1, gồm máy chính và phụ kiện: đầu dò Convex C361, đầu dò Linear L746, dùng trong y tế. HSX: Sonoscape Medical Corp,China. Mới100%,Color diagnostic ultrasound system, code: E1, including main machine and accessories: Convex C361 probe, Linear L746 probe, used for medical purposes. HSX: Sonoscape Medical Corp,China. New100%",,30.0,Set,0.0,72000.0,080423SJFHK2301037,,
2023-04-12,印度,中国,S S MEDICAL SYSTEMS INDIA PRIVATE LIMITED,DAWEI MEDICAL JIANGSU CO LTD,"F2&F3, INDUSTRIAL ESTATE,",,,,,CHINA,,,DELHI AIR CARGO ACC (INDEL4),90181290,DIGI 1100 CD-E PORTABLE ULTRASOUND MACHINE SYSTEM WITH ACCESSORIES (MEDICAL EQUIPMENT),,10.0,SET,0.0,36000.0,6595148,,
2023-04-11,印度,中国,MEDION HEALTHCARE PRIVATE LIMITED,AMBULANC SHENZHEN TECH CO LTD,"PLOT NO. K-49, THAKUR PADA GAON,  MIDC ANAND NAGAR, OPP. A SOLUTION C",,,,,CHINA,,,SAHAR AIR CARGO ACC (INBOM4),90181290,T5 VENTILATOR (MEDICAL EQUIPMENT) 5 SET,,5.0,NOS,0.0,10000.0,6574192,,
2023-04-11,乌兹别克斯坦,中国,ООО MEMORIAL HOSPITAL,HEALICOM MEDICAL EQUIPMENT CO LTD,,,,,,China,,,,9018120000,"1. Цветной ультразвуковой диагностический аппарат модели DW-T8 с принадлежностями Новое год/вып 2022г. Призводитель: Dawei Medical (Jiangsu) Co., Ltd - кол. 1 шт, вес: 120 кг
2. мест 1, 1 дерев.ящик.
3. LYGU5038320
8. 000
9. 000
10. 2022/Новый
11. 02
Общее кол. мест: 1",,1.0,Piece,120.0,30986.0,,,
2023-04-10,乌兹别克斯坦,中国,SAMARKAND BRANCH OF REPUBLICAN SPECIALIZED SCIENTIFIC AND PRACTICAL MEDICAL CENTER OF EYE MICTOSURGE,INTERNATIONAL HEALTH EXCHANGE AND CORPARATION CENTER NHC PRC IHECC,,,,,,0,,,,9018120000,"1) Спекулумы  - 20 упак.  Пр-во: Jiangxi 3L Medical Products Group Co., Ltd., :
 вес: 6 кг;
2) Вид и количество упаковки:паллет;
8) Код инвестпрограммы:000;
9) Код технологического оборудования:000;
10) Год изготовления и технические параметры:2023/;
11) Признак госзакупок:02;",,20.0,Piece,6.0,146.0,,,
2023-04-10,乌兹别克斯坦,中国,SAMARKAND BRANCH OF REPUBLICAN SPECIALIZED SCIENTIFIC AND PRACTICAL MEDICAL CENTER OF EYE MICTOSURGE,INTERNATIONAL HEALTH EXCHANGE AND CORPARATION CENTER NHC PRC IHECC,,,,,,0,,,,9018120000,"1) Офтальмологические щипцы для микроскопирования зубо  - 20 упак.  Пр-во: Jiangxi 3L Medical Products Group Co., Ltd., :
 вес: 2 кг;
2) Вид и количество упаковки:паллет;
8) Код инвестпрограммы:000;
9) Код технологического оборудования:000;
10) Год изготовления и технические параметры:2023/;
11) Признак госзакупок:02;",,20.0,Piece,2.0,146.0,,,
2023-04-10,印度,中国,MINDRAY MEDICAL INDIA PVT LTD,MR GLOBAL HK LIMITED,"UNIT NO 1061 SOLITAIRE BLDG NO 10,  6TH FLR SOLITAIRE CORPORATE PARK",,,,,CHINA,,,SAHAR AIR CARGO ACC (INBOM4),90181290,2146B-PA00151 MX7 MX7 PORTABLE COLOR DOPPLER SYSTEM(FOR MEDICAL USE),,1.0,NOS,0.0,9174.81,6552746,,
2023-04-10,印度,中国,MINDRAY MEDICAL INDIA PVT LTD,MR GLOBAL HK LIMITED,"UNIT NO 1061 SOLITAIRE BLDG NO 10,  6TH FLR SOLITAIRE CORPORATE PARK",,,,,CHINA,,,SAHAR AIR CARGO ACC (INBOM4),90181290,2146B-PA00149 MX7 MX7 PORTABLE COLOR DOPPLER SYSTEM(FOR MEDICAL USE),,1.0,NOS,0.0,13942.81,6552618,,
2023-04-10,乌兹别克斯坦,中国,ЧП HEALTHY CHILDRENS,SHENZHEN MINDRAY BIOMEDICAL ELECTRONICS CO LTD,,,,,,0,,,,9018120000,"1) Ultrasound Diagnostic Imaging System DC-60Exp with accessories/Ультразвуковая диагностическая система  DC-60Exp в комплекте с принадлежностями, новый, 2022 год выпуска, сер.№CN8-29002565,  производитель Shenzhen Mindray Bio-Medical Electronics Co., Ltd  (Китай):
 вес: 93 кг, кол. 1 шт;
2) Вид и количество упаковки:1 палет+коробка;
3) № конт.:CRSU0405962(часть), кол-во:1;
8) Код инвестпрограммы:000;
9) Код технологического оборудования:024;
10) Год изготовления и технические параметры:20",,1.0,Piece,93.0,25000.0,,,
2023-04-10,乌兹别克斯坦,中国,SAMARKAND BRANCH OF REPUBLICAN SPECIALIZED SCIENTIFIC AND PRACTICAL MEDICAL CENTER OF EYE MICTOSURGE,INTERNATIONAL HEALTH EXCHANGE AND CORPARATION CENTER NHC PRC IHECC,,,,,,0,,,,9018120000,"1) Ножницы  - 20 упак.  Пр-во: Jiangxi 3L Medical Products Group Co., Ltd., :
 вес: 6 кг;
2) Вид и количество упаковки:паллет;
8) Код инвестпрограммы:000;
9) Код технологического оборудования:000;
10) Год изготовления и технические параметры:2023/;
11) Признак госзакупок:02;",,20.0,Piece,6.0,146.0,,,
2023-04-10,乌兹别克斯坦,中国,SAMARKAND BRANCH OF REPUBLICAN SPECIALIZED SCIENTIFIC AND PRACTICAL MEDICAL CENTER OF EYE MICTOSURGE,INTERNATIONAL HEALTH EXCHANGE AND CORPARATION CENTER NHC PRC IHECC,,,,,,0,,,,9018120000,"1) Ножницы  - 20 упак.  Пр-во: Jiangxi 3L Medical Products Group Co., Ltd., :
 вес: 4 кг;
2) Вид и количество упаковки:паллет;
8) Код инвестпрограммы:000;
9) Код технологического оборудования:000;
10) Год изготовления и технические параметры:2023/;
11) Признак госзакупок:02;",,20.0,Piece,4.0,146.0,,,
2023-04-10,乌兹别克斯坦,中国,SAMARKAND BRANCH OF REPUBLICAN SPECIALIZED SCIENTIFIC AND PRACTICAL MEDICAL CENTER OF EYE MICTOSURGE,INTERNATIONAL HEALTH EXCHANGE AND CORPARATION CENTER NHC PRC IHECC,,,,,,0,,,,9018120000,"1) Щипцы для капсулорексиса       - 20 упак.  Пр-во: Jiangxi 3L Medical Products Group Co., Ltd., :
 вес: 2 кг;
2) Вид и количество упаковки:паллет;
8) Код инвестпрограммы:000;
9) Код технологического оборудования:000;
10) Год изготовления и технические параметры:2023/;
11) Признак госзакупок:02;",,20.0,Piece,2.0,146.0,,,
2023-04-10,乌兹别克斯坦,中国,SAMARKAND BRANCH OF REPUBLICAN SPECIALIZED SCIENTIFIC AND PRACTICAL MEDICAL CENTER OF EYE MICTOSURGE,INTERNATIONAL HEALTH EXCHANGE AND CORPARATION CENTER NHC PRC IHECC,,,,,,0,,,,9018120000,"1) Микроскопические игольчатые щипцы  - 20 упак.  Пр-во: Jiangxi 3L Medical Products Group Co., Ltd., :
 вес: 6 кг;
2) Вид и количество упаковки:паллет;
8) Код инвестпрограммы:000;
9) Код технологического оборудования:000;
10) Год изготовления и технические параметры:2023/;
11) Признак госзакупок:02;",,20.0,Piece,6.0,146.0,,,
2023-04-10,印度,中国,MINDRAY MEDICAL INDIA PVT LTD,MR GLOBAL HK LIMITED,"UNIT NO 1061 SOLITAIRE BLDG NO 10,  6TH FLR SOLITAIRE CORPORATE PARK",,,,,CHINA,,,SAHAR AIR CARGO ACC (INBOM4),90181290,"2166B-CTO-S01 CONSONA N9 COLOR DOPPLER SYSTEM SS-4P PACKAGEDISCOUNT,PC KEYBOARD,MULTIFUNCTION MODULE(FOR MEDICAL USE)",,1.0,NOS,0.0,22406.36,6552746,,
2023-04-10,印度,中国,MINDRAY MEDICAL INDIA PVT LTD,MR GLOBAL HK LIMITED,"UNIT NO 1061 SOLITAIRE BLDG NO 10,  6TH FLR SOLITAIRE CORPORATE PARK",,,,,CHINA,,,SAHAR AIR CARGO ACC (INBOM4),90181290,2167B-PA00005 DC-30 DC-30 COLOR DOPPLER SYSTEM(FOR MEDICAL USE),,1.0,NOS,0.0,8658.66,6552746,,
2023-04-10,乌兹别克斯坦,中国,SAMARKAND BRANCH OF REPUBLICAN SPECIALIZED SCIENTIFIC AND PRACTICAL MEDICAL CENTER OF EYE MICTOSURGE,INTERNATIONAL HEALTH EXCHANGE AND CORPARATION CENTER NHC PRC IHECC,,,,,,0,,,,9018120000,"1) Крючок для позиционирования искусственного кристалла  - 20 упак.  Пр-во: Jiangxi 3L Medical Products Group Co., Ltd., :
 вес: 4 кг;
2) Вид и количество упаковки:паллет;
8) Код инвестпрограммы:000;
9) Код технологического оборудования:000;
10) Год изготовления и технические параметры:2023/;
11) Признак госзакупок:02;",,20.0,Piece,4.0,146.0,,,
2023-04-10,乌兹别克斯坦,中国,SAMARKAND BRANCH OF REPUBLICAN SPECIALIZED SCIENTIFIC AND PRACTICAL MEDICAL CENTER OF EYE MICTOSURGE,INTERNATIONAL HEALTH EXCHANGE AND CORPARATION CENTER NHC PRC IHECC,,,,,,0,,,,9018120000,"1) Мембранозная катаракта ножницы  - 20 упак.  Пр-во: Jiangxi 3L Medical Products Group Co., Ltd., :
 вес: 6 кг;
2) Вид и количество упаковки:паллет;
8) Код инвестпрограммы:000;
9) Код технологического оборудования:000;
10) Год изготовления и технические параметры:2023/;
11) Признак госзакупок:02;",,20.0,Piece,6.0,146.0,,,
2023-04-10,印度,中国,MINDRAY MEDICAL INDIA PVT LTD,MR GLOBAL HK LIMITED,"UNIT NO 1061 SOLITAIRE BLDG NO 10,  6TH FLR SOLITAIRE CORPORATE PARK",,,,,CHINA,,,SAHAR AIR CARGO ACC (INBOM4),90181290,"2148B-CTO-S01 DC-40 COLOR DOPPLER SYSTEM ISCAPE VIEW,SMART 3D,IMT,DICOM BASIC,SMART OB,ELASTOGRAPHY(FOR MEDICAL USE)",,7.0,NOS,0.0,82854.94,6552618,,
2023-04-06,乌兹别克斯坦,中国,ООО XANIFA MED,SHENZHEN MINDRAY BIOMEDICAL ELECTRONICS CO LTD,,,,,,0,,,,9018120000,"1) Ultrasound Diagnostic Imaging System DC-60Exp with accessories/Ультразвуковая диагностическая система  DC-60Exp в комплекте с принадлежностями, новый, 2022 год выпуска, сер.№CN8-29002568, производитель Shenzhen Mindray Bio-Medical Electronics Co., Ltd  (Китай):
 вес: 93 кг, кол. 1 шт;
2) Вид и количество упаковки:1 палет+коробка;
3) № конт.:CRSU0405962(часть), кол-во:1;
8) Код инвестпрограммы:000;
9) Код технологического оборудования:024;
10) Год изготовления и технические параметры:202",,1.0,Piece,93.0,24000.0,,,
2023-04-06,越南,中国,CÔNG TY CỔ PHẦN XUẤT NHẬP KHẨU THIẾT BỊ Y TẾ HOÀN MỸ,SONOSCAPE MEDICAL CORP,"A8 Lô 12 ĐTM Định Công, Phường Định Công, Quận Hoàng Mai, Thành phố Hà Nội, Việt Nam",,,,,China,,HONG KONG,CANG DINH VU - HP,90181200,"Hệ thống siêu âm chẩn đoán màu, mã: P15, gồm máy chính và phụ kiện: đầu dò Convex 3C-A, đầu dò Linear L741, dùng trong y tế. HSX: Sonoscape Medical Corp,China. Mới100%,Color diagnostic ultrasound system, code: P15, including main machine and accessories: Convex 3C-A probe, Linear L741 probe, used for medical purposes. HSX: Sonoscape Medical Corp,China. New100%",,2.0,Set,0.0,18000.0,040423SJFHK2300915,,
2023-04-06,越南,中国,CÔNG TY CỔ PHẦN XUẤT NHẬP KHẨU THIẾT BỊ Y TẾ HOÀN MỸ,SONOSCAPE MEDICAL CORP,"A8 Lô 12 ĐTM Định Công, Phường Định Công, Quận Hoàng Mai, Thành phố Hà Nội, Việt Nam",,,,,China,,HONG KONG,CANG DINH VU - HP,90181200,"Hệ thống siêu âm chẩn đoán màu, mã: P15, gồm máy chính và phụ kiện: đầu dò Convex 3C-A, Linear L741, Volumetric Convex VC6-2, dùng trong y tế. HSX: Sonoscape Medical Corp,China. Mới100%,Color diagnostic ultrasound system, code: P15, including main unit and accessories: Convex 3C-A probe, Linear L741, Volumetric Convex VC6-2, for medical use. HSX: Sonoscape Medical Corp,China. New100%",,2.0,Set,0.0,23000.0,040423SJFHK2300915,,
2023-04-06,越南,中国,CÔNG TY CỔ PHẦN XUẤT NHẬP KHẨU THIẾT BỊ Y TẾ HOÀN MỸ,SONOSCAPE MEDICAL CORP,"A8 Lô 12 ĐTM Định Công, Phường Định Công, Quận Hoàng Mai, Thành phố Hà Nội, Việt Nam",,,,,China,,HONG KONG,CANG DINH VU - HP,90181200,"Hệ thống siêu âm chẩn đoán màu, mã: P40 Elite, gồm máy chính và phụ kiện: đầu dò Convex 3C-A, Linear 12L-A, Volumetric Convex VC6-2, dùng trong y tế. HSX: Sonoscape Medical Corp,China. Mới100%,Color diagnostic ultrasound system, code: P40 Elite, including main machine and accessories: Convex 3C-A probe, Linear 12L-A, Volumetric Convex VC6-2, for medical use. HSX: Sonoscape Medical Corp,China. New100%",,1.0,Set,0.0,16900.0,040423SJFHK2300915,,
2023-04-05,印度,中国,LIFE PLUS HEALTHCARE PRIVATE LIMITED,SHENZHEN LE MEDICAL TECHNOLOGY CO LTD,"18, GANESH CHANDRA  AVENUE,",,,,,CHINA,,,Kolkata,90181290,PATIENT MONITOR(MODEL NO:LPM-903D)(MEDICAL EQUIPMENT)WITH STANDARD ACCESSORIES,,100.0,NOS,0.0,15500.0,6480477,,
2023-04-05,印度,中国,MINDRAY MEDICAL INDIA PVT LTD,MR GLOBAL HK LIMITED,"UNIT NO 1061 SOLITAIRE BLDG NO 10,  6TH FLR SOLITAIRE CORPORATE PARK",,,,,CHINA,,,SAHAR AIR CARGO ACC (INBOM4),90181290,2138B-PA00086 M6 PORTABLE COLOR DOPPLER SYSTEM(FOR MEDICAL USE),,1.0,NOS,0.0,6902.61,6480491,,
2023-04-05,乌兹别克斯坦,中国,ООО BAYMED INNOVATION,PERLONG MEDICAL EQUIPMENT CO LTD,,,,,,0,,,,9018120000,"1. Система ультразвуковая цифровая с цветным доплером, модель новый ""ZONCARE-Q7"" с принадлежностями Приозводитель: Wuhan Zoncare Bio Medical Electronics Co Ltd Контейнер: CCLU7036100 - кол. 1 шт, вес: 100 кг
2. мест 1, 1  часть картон.короб.
3. CCLU7036100/часть - Собственность владельца груза
8. 000
9. 024
10. 2022/Система ультразвуковая цифровая с цветным доплером, модель ""ZONCARE-Q7"" с принадлежностями
11. 02
Общее кол. мест: 1",,1.0,Piece,100.0,10800.0,,,
2023-04-05,印度,中国,LIFE PLUS HEALTHCARE PRIVATE LIMITED,SHENZHEN LE MEDICAL TECHNOLOGY CO LTD,"18, GANESH CHANDRA  AVENUE,",,,,,CHINA,,,Kolkata,90181290,ECG-MACHINE (MODEL NO:601)(MEDICAL EQUIPMENT)WITH STANDARD ACCESSORIES,,50.0,NOS,0.0,9750.0,6480477,,
2023-04-05,乌兹别克斯坦,中国,ЧП GREEN VET,GUANGZHOU YUESHEN MEDICAL EQUIPMENT CO LTD,,,,,,China,,,,9018120000,"1) Veterinary ultrasound diagnostic system/Ветеринарьная ультразвуковая диагностическая система (УЗИ). Производитель:GUANGZHOU YUESHEN MEDICAL EQUIPMENT CO., LTD (Китай) Новая 2023 года:
 вес: 172 кг, кол. 1 шт;
2) Вид и количество упаковки:2 мест;
3) № конт.:BMCU0001320, кол-во:1;
8) Код инвестпрограммы:000;
9) Код технологического оборудования:000;
10) Год изготовления и технические параметры:2022/Ветеринарьная ультразвуковая диагностическая система (УЗИ);
11) Признак госзакупок:02;",,1.0,Piece,172.0,8453.0,,,
2023-04-05,印度,中国,LIFE PLUS HEALTHCARE PRIVATE LIMITED,SHENZHEN LE MEDICAL TECHNOLOGY CO LTD,"18, GANESH CHANDRA  AVENUE,",,,,,CHINA,,,Kolkata,90181290,ECG MACHINE (MODEL NO.301)(MEDICAL EQUIPMENT)WITH STANDARD ACCESSORIES,,50.0,NOS,0.0,7500.0,6480477,,
2023-04-05,印度,中国,LIFE PLUS HEALTHCARE PRIVATE LIMITED,SHENZHEN LE MEDICAL TECHNOLOGY CO LTD,"18, GANESH CHANDRA  AVENUE,",,,,,CHINA,,,Kolkata,90181290,SYRINGE PUMP(MEDICAL EQUIPMENT)WITH STANDARD ACCESSORIES,,1.0,NOS,0.0,95.0,6480477,,
2023-04-05,印度,中国,MINDRAY MEDICAL INDIA PVT LTD,MR GLOBAL HK LIMITED,"UNIT NO 1061 SOLITAIRE BLDG NO 10,  6TH FLR SOLITAIRE CORPORATE PARK",,,,,CHINA,,,SAHAR AIR CARGO ACC (INBOM4),90181290,"1116B-CTO-S01 Z60 COLOR DOPPLER SYSTEM DICOM BASIC,IMT,P-GI-2P DISCOUNT,PROBE 2P2P,Z60 MAIN UNIT,HPRF (FOR MEDICAL USE)",,1.0,NOS,0.0,9238.07,6480491,,
2023-04-05,印度,中国,LIFE PLUS HEALTHCARE PRIVATE LIMITED,SHENZHEN LE MEDICAL TECHNOLOGY CO LTD,"18, GANESH CHANDRA  AVENUE,",,,,,CHINA,,,Kolkata,90181290,TABLE OXIMETER(MODEL NO:LPM-105B)(MEDICAL EQUIPMENT)WITH STANDARD ACCESSORIES,,100.0,NOS,0.0,7000.0,6480477,,
2023-04-05,印度,中国,MINDRAY MEDICAL INDIA PVT LTD,MR GLOBAL HK LIMITED,"UNIT NO 1061 SOLITAIRE BLDG NO 10,  6TH FLR SOLITAIRE CORPORATE PARK",,,,,CHINA,,,SAHAR AIR CARGO ACC (INBOM4),90181290,2138B-PA00085 M6 M6 PORTABLE COLOR DOPPLER SYSTEM(FOR MEDICAL USE),,1.0,NOS,0.0,5894.44,6480491,,
2023-04-03,印度,中国,MEDIMART MEDICAL SYSTEMS PRIVATE LIMITED,SZ HUGEMED MED TECH DEV CO LTD,"NO 9 PILLAYAR KOIL STREET,  RAMAPURAM MAIN ROAD KAIKANKUPPAM",,,,,CHINA,,,CHENNAI AIR CARGO ACC (INMAA4),90181290,"IMAGE PROCESSOR, HUV-01 (4 PCS) (MEDICAL PARTS)",,4.0,PCS,0.0,4440.0,6457227,,
2023-04-03,印度,中国,MEDIMART MEDICAL SYSTEMS PRIVATE LIMITED,SZ HUGEMED MED TECH DEV CO LTD,"NO 9 PILLAYAR KOIL STREET,  RAMAPURAM MAIN ROAD KAIKANKUPPAM",,,,,CHINA,,,CHENNAI AIR CARGO ACC (INMAA4),90181290,"SINGLE USE VIDEO URETEROSCOPE SYSTEM, COMPLETE SET- HU30S &IMAGE PROCESSOR, HUV-01 (176 PCS) (MEDICAL PARTS)",,16.0,SET,0.0,50560.0,6457227,,
2023-04-01,印度,中国,MINDRAY MEDICAL INDIA PVT LTD,MR GLOBAL HK LIMITED,"UNIT NO 1061 SOLITAIRE BLDG NO 10,  6TH FLR SOLITAIRE CORPORATE PARK",,,,,CHINA,,,SAHAR AIR CARGO ACC (INBOM4),90181290,"2121B-CTO-S01 TE9 PORTABLE COLOR DOPPLER SYSTEM IMT,FREE XROS M,TISSUE DOPPLER IMAGING,SMART 3D,AUTOEF(FOR MEDICAL USE)",,1.0,NOS,0.0,15745.1,6445642,,
2023-03-31,越南,中国,CÔNG TY CỔ PHẦN Y TẾ MDS,CHISON MEDICAL TECHNOLOGIES CO LT,"No. 3 Alley 1 Le Van Thiem, Nhan Chinh Ward, Thanh Xuan District, Hanoi City, Vietnam","NO.9, XINHUIHUAN ROAD, XINWU DISTRI, WUXI, JIANGSU, CHINA 214028, WUXI, CHINA, CN",,,,China,,PUDONG,HA NOI,90181200,"Đầu dò linear dùng cho máy siêu âm Cbit 4, Nhãn hiệu CHISON MEDICAL TECHNOLOGIES CO., LTD, Model D7L40L, hàng mẫu không thanh toán, Mới 100%,Linear transducer for ultrasound Cbit 4, Brand CHISON MEDICAL TECHNOLOGIES CO., LTD, Model D7L40L, sample without payment, 100% New",,1.0,Pieces,0.0,50.0,7761591261,,
2023-03-31,乌兹别克斯坦,中国,OOO ST MED CENTER,PERLONG MEDICAL EQUIPMENT CO LTD,,,,,,0,,,,9018120000,"1. Система ультразвуковая цифровая с цветным доплером, модель ""ZONCARE-Q7"" с принадлежностями Приозводитель: Wuhan Zoncare Bio Medical Electronics Co Ltd Контейнер: CCLU7036100 - кол. 1 шт, вес: 100 кг
2. мест 1, 1  часть картон.короб.
3. CCLU7036100/часть - Собственность владельца груза
8. 000
9. 024
10. 2022/Система ультразвуковая цифровая с цветным доплером, модель ""ZONCARE-Q7"" с принадлежностями
11. 02
Общее кол. мест: 1",,1.0,Piece,100.0,15550.0,,,
2023-03-31,乌兹别克斯坦,中国,ООО INTERMED INNOVATION TRADE,SHENZHEN MINDRAY BIOMEDICAL ELECTRONICS CO LTD,,,,,,0,,,,9018120000,"1) Ultrasound Diagnostic Imaging System DC-30 with accessories/Ультразвуковая диагностическая система  DC-30 в комплекте с принадлежностями, новый, 2022 год выпуска, сер.№JM3-29003201, производитель Shenzhen Mindray Bio-Medical Electronics Co., Ltd  (Китай):
 вес: 57 кг, кол. 1 шт;
2) Вид и количество упаковки:1 палет+коробка;
3) № конт.:CRSU0405962(часть), кол-во:1;
8) Код инвестпрограммы:000;
9) Код технологического оборудования:024;
10) Год изготовления и технические параметры:2022/Напр",,1.0,Piece,57.0,13000.0,,,
2023-03-29,印度,中国,MEDION HEALTHCARE PRIVATE LIMITED,SHENZHEN PRUNUS MEDICAL CO LTD,"PLOT NO. K-49, THAKUR PADA GAON,  MIDC ANAND NAGAR, OPP. A SOLUTION C",,,,,CHINA,,,SAHAR AIR CARGO ACC (INBOM4),90181290,VENTILATOR BOARAY 2000D (OPTIMA) 15 SET (MEDICAL EQUIPMENT),,15.0,NOS,0.0,54000.0,6387077,,
2023-03-28,越南,中国,CÔNG TY TNHH KỸ THUẬT VÀ DỊCH VỤ THIÊN LỘC,CHISON MEDICAL TECHNOLOGIES CO LTD,"Dong Bang Village, Dong Thai Commune, Ba Vi District, Hanoi City, Vietnam","NO.9, XINHUIHUAN ROAD, XINWU, DISTRICT,WUXI, JIANGSU, CHINA, CN",,,,China,,SHANGHAI,CANG HAI PHONG,90181200,"'Máy siêu âm chuẩn đoán; Hiệu CHISON,sx năm 2023, (Ultrasound diagnostic system); Model:ECO5; Màn hình hiển thị chuyên dùng đi kèm máy, kèm phụ kiện. Hsx:CHISON MEDICAL TECHNOLOGIES CO., LTD.,Mới 100%,'Diagnostic ultrasound machine; Brand CHISON, sx in 2023, (Ultrasound diagnostic system); Model: ECO5; Specialized display screen comes with the machine, with accessories. HSX:CHISON MEDICAL TECHNOLOGIES CO., LTD.,100% Brand New",,1.0,Set,0.0,2000.0,190323JWLEM23030632,,
2023-03-28,越南,中国,CÔNG TY TNHH KỸ THUẬT VÀ DỊCH VỤ THIÊN LỘC,CHISON MEDICAL TECHNOLOGIES CO LTD,"Dong Bang Village, Dong Thai Commune, Ba Vi District, Hanoi City, Vietnam","NO.9, XINHUIHUAN ROAD, XINWU, DISTRICT,WUXI, JIANGSU, CHINA, CN",,,,China,,SHANGHAI,CANG HAI PHONG,90181200,"'Máy siêu âm chuẩn đoán; Hiệu CHISON,sx năm 2023, (Ultrasound diagnostic system); Model:CBIT8; Màn hình hiển thị chuyên dùng đi kèm máy,kèm phụ kiện. Hsx:CHISON MEDICAL TECHNOLOGIES CO., LTD.,Mới 100%,'Diagnostic ultrasound machine; Brand CHISON, sx in 2023, (Ultrasound diagnostic system); Model:CBIT8; Dedicated display screen that comes with the machine, with accessories. HSX:CHISON MEDICAL TECHNOLOGIES CO., LTD.,100% Brand New",,5.0,Set,0.0,63000.0,190323JWLEM23030632,,
2023-03-27,印度,中国,MINDRAY MEDICAL INDIA PVT LTD,MR GLOBAL HK LIMITED,"UNIT NO 1061 SOLITAIRE BLDG NO 10,  6TH FLR SOLITAIRE CORPORATE PARK",,,,,CHINA,,,SAHAR AIR CARGO ACC (INBOM4),90181290,2148B-PA00066 DC-40 COLOR DOPPLER SYSTEM(FOR MEDICAL USE),,1.0,NOS,0.0,11776.74,6353346,,
2023-03-27,印度,中国,S S MEDICAL SYSTEMS INDIA PRIVATE LIMITED,DAWEI MEDICAL JIANGSU CO LTD,"F2&F3, INDUSTRIAL ESTATE,",,,,,CHINA,,,DELHI AIR CARGO ACC (INDEL4),90181290,DIGI 1100 CD-E PORTABLE ULTRASOUND MACHINE SYSTEM WITH ACCESSORIES (MEDICAL EQUIPMENT),,10.0,SET,0.0,36000.0,6356818,,
2023-03-27,印度,中国,MINDRAY MEDICAL INDIA PVT LTD,MR GLOBAL HK LIMITED,"UNIT NO 1061 SOLITAIRE BLDG NO 10,  6TH FLR SOLITAIRE CORPORATE PARK",,,,,CHINA,,,SAHAR AIR CARGO ACC (INBOM4),90181290,"2148B-CTO-S01 DC-40 COLOR DOPPLER SYSTEM ISCAPE VIEW,SMART 3D,IMT,DICOM BASIC,SMART (FOR MEDICAL USE)",,1.0,NOS,0.0,12177.2,6354359,,
2023-03-27,印度,中国,MINDRAY MEDICAL INDIA PVT LTD,MR GLOBAL HK LIMITED,"UNIT NO 1061 SOLITAIRE BLDG NO 10,  6TH FLR SOLITAIRE CORPORATE PARK",,,,,CHINA,,,SAHAR AIR CARGO ACC (INBOM4),90181290,"2138B-CTO-S01 M6 PORTABLE COLOR DOPPLER SYSTEM DICOM QUERY/RETRIEVE,DICOM MPPS,SHARED SERVICE PACKAGE(FOR MEDICAL USE)",,1.0,NOS,0.0,6960.32,6353346,,
2023-03-27,印度,中国,MINDRAY MEDICAL INDIA PVT LTD,MR GLOBAL HK LIMITED,"UNIT NO 1061 SOLITAIRE BLDG NO 10,  6TH FLR SOLITAIRE CORPORATE PARK",,,,,CHINA,,,SAHAR AIR CARGO ACC (INBOM4),90181290,"2166B-CTO-S01 CONSONA N9 COLOR DOPPLER SYSTEM OBG-3P PACKAGEDISCOUNT,PC KEYBOARD,MULTIFUNCTION MODULE(FOR MEDICAL USE)",,1.0,NOS,0.0,21804.1,6354359,,
2023-03-25,印度,中国,ACER BIOMEDICALS LLP,ZHUHAI HONGBANG MEDICAL SCIENCE &TECHNOLOGY CO LTD,"76/76A, 3RD FLOOR, 453/455, CHIKHA  L,HOUSE, KALBADEVI ROAD,",,,,,CHINA,,,DELHI AIR CARGO ACC (INDEL4),90181290,HB1003-3 CHANNEL ECG MACHINE (MEDICAL EQUIPMENT),,200.0,NOS,0.0,33000.0,6337036,,
2023-03-25,印度,中国,ACER BIOMEDICALS LLP,ZHUHAI HONGBANG MEDICAL SCIENCE &TECHNOLOGY CO LTD,"76/76A, 3RD FLOOR, 453/455, CHIKHA  L,HOUSE, KALBADEVI ROAD,",,,,,CHINA,,,DELHI AIR CARGO ACC (INDEL4),90181290,Front Cabinet-(Part of ECG Machine) (MEDICAL EQUIPMENT),,1.0,NOS,0.0,8.0,6337036,,
2023-03-25,印度,中国,MINDRAY MEDICAL INDIA PVT LTD,MR GLOBAL HK LIMITED,"UNIT NO 1061 SOLITAIRE BLDG NO 10,  6TH FLR SOLITAIRE CORPORATE PARK",,,,,CHINA,,,SAHAR AIR CARGO ACC (INBOM4),90181290,"2166B-CTO-S01 CONSONA N9 COLOR DOPPLER SYSTEM SS-4P PACKAGEDISCOUNT,PC KEYBOARD,MULTIFUNCTION MODULE(FOR MEDICAL USE)",,1.0,NOS,0.0,18950.35,6336766,,
2023-03-25,印度,中国,ACER BIOMEDICALS LLP,ZHUHAI HONGBANG MEDICAL SCIENCE &TECHNOLOGY CO LTD,"76/76A, 3RD FLOOR, 453/455, CHIKHA  L,HOUSE, KALBADEVI ROAD,",,,,,CHINA,,,DELHI AIR CARGO ACC (INDEL4),90181290,Plunger Assembly-(Part of ECG Machine) (MEDICAL EQUIPMENT),,1.0,NOS,0.0,10.0,6337036,,
2023-03-25,印度,中国,ACER BIOMEDICALS LLP,ZHUHAI HONGBANG MEDICAL SCIENCE &TECHNOLOGY CO LTD,"76/76A, 3RD FLOOR, 453/455, CHIKHA  L,HOUSE, KALBADEVI ROAD,",,,,,CHINA,,,DELHI AIR CARGO ACC (INDEL4),90181290,HB1012 -12 CHANNEL ECG MACHINE (MEDICAL EQUIPMENT),,40.0,NOS,0.0,16000.0,6337036,,
2023-03-25,印度,中国,ACER BIOMEDICALS LLP,ZHUHAI HONGBANG MEDICAL SCIENCE &TECHNOLOGY CO LTD,"76/76A, 3RD FLOOR, 453/455, CHIKHA  L,HOUSE, KALBADEVI ROAD,",,,,,CHINA,,,DELHI AIR CARGO ACC (INDEL4),90181290,Main Power Board-(Part of ECG Machine) (MEDICAL EQUIPMENT),,4.0,NOS,0.0,40.0,6337036,,
2023-03-25,印度,中国,ACER BIOMEDICALS LLP,ZHUHAI HONGBANG MEDICAL SCIENCE &TECHNOLOGY CO LTD,"76/76A, 3RD FLOOR, 453/455, CHIKHA  L,HOUSE, KALBADEVI ROAD,",,,,,CHINA,,,DELHI AIR CARGO ACC (INDEL4),90181290,Touch panel-(part of ECG machine) (MEDICAL EQUIPMENT),,4.0,NOS,0.0,60.0,6337036,,
2023-03-25,印度,中国,MINDRAY MEDICAL INDIA PVT LTD,MR GLOBAL HK LIMITED,"UNIT NO 1061 SOLITAIRE BLDG NO 10,  6TH FLR SOLITAIRE CORPORATE PARK",,,,,CHINA,,,SAHAR AIR CARGO ACC (INBOM4),90181290,"2166B-CTO-S01 CONSONA N9 COLOR DOPPLER SYSTEM SS-4P PACKAGEDISCOUNT,PC KEYBOARD,MULTIFUNCTION MODULE(FOR MEDICAL USE)",,1.0,NOS,0.0,18950.35,6336766,,
2023-03-25,印度,中国,ACER BIOMEDICALS LLP,ZHUHAI HONGBANG MEDICAL SCIENCE &TECHNOLOGY CO LTD,"76/76A, 3RD FLOOR, 453/455, CHIKHA  L,HOUSE, KALBADEVI ROAD,",,,,,CHINA,,,DELHI AIR CARGO ACC (INDEL4),90181290,Potentiometer-(Part of ECG Machine) (MEDICAL EQUIPMENT),,5.0,NOS,0.0,30.0,6337036,,
2023-03-25,印度,中国,ACER BIOMEDICALS LLP,ZHUHAI HONGBANG MEDICAL SCIENCE &TECHNOLOGY CO LTD,"76/76A, 3RD FLOOR, 453/455, CHIKHA  L,HOUSE, KALBADEVI ROAD,",,,,,CHINA,,,DELHI AIR CARGO ACC (INDEL4),90181290,Pole Clamp-(Part of ECG Machine) (MEDICAL EQUIPMENT),,10.0,NOS,0.0,60.0,6337036,,
2023-03-25,印度,中国,S S MEDICAL SYSTEMS INDIA PRIVATE LIMITED,WUHAN ZONCARE BIOMEDICAL ELECTRONICS CO LTD,"F2&F3, INDUSTRIAL ESTATE,",,,,,CHINA,,,DELHI AIR CARGO ACC (INDEL4),90181290,COLOR DOPPLER VIV20 MAIN UNIT ASSEMBLY (PARTS AND ACCESSORIES FOR COLOR DOPPLER VIV20) (MEDICAL EQUIPMENT),,4.0,NOS,0.0,11300.0,6320895,,
2023-03-25,印度,中国,NARAYAN INDUSTRIES,CONTEC MEDICAL SYSTEMS CO LTD,"6, STAR LANE,",,,,,CHINA,,,KOLKATA ACC (INCCU4),90181290,"POCKET FETAL DOPPLER, MODEL: CONTEC10B ( MEDICAL EQUIPMENT WITH STANDARD ACCESSORIES)",,800.0,NOS,0.0,12000.0,6320390,,
2023-03-25,印度,中国,MINDRAY MEDICAL INDIA PVT LTD,MR GLOBAL HK LIMITED,"UNIT NO 1061 SOLITAIRE BLDG NO 10,  6TH FLR SOLITAIRE CORPORATE PARK",,,,,CHINA,,,SAHAR AIR CARGO ACC (INBOM4),90181290,"2167B-CTO-S01 DC-30 COLOR DOPPLER SYSTEM IMT,TISSUE DOPPLERIMAGING,FREE XROS M,DICOM BASIC(FOR MEDICAL USE)",,2.0,NOS,0.0,15827.52,6336766,,
2023-03-25,印度,中国,ACER BIOMEDICALS LLP,ZHUHAI HONGBANG MEDICAL SCIENCE &TECHNOLOGY CO LTD,"76/76A, 3RD FLOOR, 453/455, CHIKHA  L,HOUSE, KALBADEVI ROAD,",,,,,CHINA,,,DELHI AIR CARGO ACC (INDEL4),90181290,Keypad-(Part of ECG Machine) (MEDICAL EQUIPMENT),,31.0,NOS,0.0,165.0006,6337036,,
2023-03-25,印度,中国,ACER BIOMEDICALS LLP,ZHUHAI HONGBANG MEDICAL SCIENCE &TECHNOLOGY CO LTD,"76/76A, 3RD FLOOR, 453/455, CHIKHA  L,HOUSE, KALBADEVI ROAD,",,,,,CHINA,,,DELHI AIR CARGO ACC (INDEL4),90181290,Pull handle-(Part of ECG Machine)(MEDICAL EQUIPMENT),,15.0,NOS,0.0,60.0,6337036,,
2023-03-25,印度,中国,S S MEDICAL SYSTEMS INDIA PRIVATE LIMITED,WUHAN ZONCARE BIOMEDICAL ELECTRONICS CO LTD,"F2&F3, INDUSTRIAL ESTATE,",,,,,CHINA,,,DELHI AIR CARGO ACC (INDEL4),90181290,COLOR DOPPLER VIV20 DISPLAY ASSEMBLY (PARTS AND ACCESSORIESFOR COLOR DOPPLER VIV20) (MEDICAL EQUIPMENT),,4.0,NOS,0.0,11300.0,6320895,,
2023-03-25,印度,中国,ACER BIOMEDICALS LLP,ZHUHAI HONGBANG MEDICAL SCIENCE &TECHNOLOGY CO LTD,"76/76A, 3RD FLOOR, 453/455, CHIKHA  L,HOUSE, KALBADEVI ROAD,",,,,,CHINA,,,DELHI AIR CARGO ACC (INDEL4),90181290,Keypad PCB-(Part of ECG Machine)(MEDICAL EQUIPMENT),,4.0,NOS,0.0,40.0,6337036,,
2023-03-25,印度,中国,ACER BIOMEDICALS LLP,ZHUHAI HONGBANG MEDICAL SCIENCE &TECHNOLOGY CO LTD,"76/76A, 3RD FLOOR, 453/455, CHIKHA  L,HOUSE, KALBADEVI ROAD,",,,,,CHINA,,,DELHI AIR CARGO ACC (INDEL4),90181290,Display PCB-(Part of ECG Machine)(MEDICAL EQUIPMENT),,4.0,NOS,0.0,64.0,6337036,,
2023-03-25,印度,中国,ACER BIOMEDICALS LLP,ZHUHAI HONGBANG MEDICAL SCIENCE &TECHNOLOGY CO LTD,"76/76A, 3RD FLOOR, 453/455, CHIKHA  L,HOUSE, KALBADEVI ROAD,",,,,,CHINA,,,DELHI AIR CARGO ACC (INDEL4),90181290,Back cabinet-(Part of ECG Machine)(MEDICAL EQUIPMENT),,2.0,NOS,0.0,16.0,6337036,,
2023-03-25,印度,中国,ACER BIOMEDICALS LLP,ZHUHAI HONGBANG MEDICAL SCIENCE &TECHNOLOGY CO LTD,"76/76A, 3RD FLOOR, 453/455, CHIKHA  L,HOUSE, KALBADEVI ROAD,",,,,,CHINA,,,DELHI AIR CARGO ACC (INDEL4),90181290,HB1012 -12 CHANNEL ECG MACHINE (MEDICAL EQUIPMENT),,26.0,NOS,0.0,10400.0,6337036,,
2023-03-24,印度,中国,MINDRAY MEDICAL INDIA PVT LTD,MR GLOBAL HK LIMITED,"UNIT NO 1061 SOLITAIRE BLDG NO 10,  6TH FLR SOLITAIRE CORPORATE PARK",,,,,CHINA,,,SAHAR AIR CARGO ACC (INBOM4),90181290,2167B-PA00005 DC-30 DC-30 COLOR DOPPLER SYSTEM(FOR MEDICAL USE)(FOR MEDICAL USE),,2.0,NOS,0.0,17317.32,6319829,,
2023-03-24,印度,中国,MINDRAY MEDICAL INDIA PVT LTD,MR GLOBAL HK LIMITED,"UNIT NO 1061 SOLITAIRE BLDG NO 10,  6TH FLR SOLITAIRE CORPORATE PARK",,,,,CHINA,,,SAHAR AIR CARGO ACC (INBOM4),90181290,"2166B-CTO-S01 CONSONA N9 COLOR DOPPLER SYSTEM SS-4P PACKAGEDISCOUNT,PC KEYBOARD,MULTIFUNCTION MODULE,SW-(FOR MEDICAL US",,1.0,NOS,0.0,18950.35,6319829,,
2023-03-24,印度,中国,MINDRAY MEDICAL INDIA PVT LTD,MR GLOBAL HK LIMITED,"UNIT NO 1061 SOLITAIRE BLDG NO 10,  6TH FLR SOLITAIRE CORPORATE PARK",,,,,CHINA,,,SAHAR AIR CARGO ACC (INBOM4),90181290,"2166B-CTO-S01 CONSONA N9 COLOR DOPPLER SYSTEM OBG-3P PACKAGEDISCOUNT,PC KEYBOARD,MULTIFUNCTION MODULE,SW-(FOR MEDICAL U",,1.0,NOS,0.0,19286.33,6319829,,
2023-03-24,印度,中国,MINDRAY MEDICAL INDIA PVT LTD,MR GLOBAL HK LIMITED,"UNIT NO 1061 SOLITAIRE BLDG NO 10,  6TH FLR SOLITAIRE CORPORATE PARK",,,,,CHINA,,,SAHAR AIR CARGO ACC (INBOM4),90181290,2167B-PA00112 DC-30 DC-30 COLOR DOPPLER SYSTEM(FOR MEDICAL USE)(FOR MEDICAL USE),,2.0,NOS,0.0,17335.12,6319829,,
2023-03-24,印度,中国,MINDRAY MEDICAL INDIA PVT LTD,MR GLOBAL HK LIMITED,"UNIT NO 1061 SOLITAIRE BLDG NO 10,  6TH FLR SOLITAIRE CORPORATE PARK",,,,,CHINA,,,SAHAR AIR CARGO ACC (INBOM4),90181290,2146B-PA00146 MX7 MX7 PORTABLE DIAGNOSTIC ULTRASOUNDSYSTEM(FOR MEDICAL USE)(FOR MEDICAL USE),,1.0,NOS,0.0,11326.24,6319829,,
2023-03-24,印度,中国,MINDRAY MEDICAL INDIA PVT LTD,MR GLOBAL HK LIMITED,"UNIT NO 1061 SOLITAIRE BLDG NO 10,  6TH FLR SOLITAIRE CORPORATE PARK",,,,,CHINA,,,SAHAR AIR CARGO ACC (INBOM4),90181290,2167B-PA00005 DC-30 DC-30 COLOR DOPPLER SYSTEM(FOR MEDICAL USE)(FOR MEDICAL USE),,2.0,NOS,0.0,17317.32,6319829,,
2023-03-24,印度,中国,MINDRAY MEDICAL INDIA PVT LTD,MR GLOBAL HK LIMITED,"UNIT NO 1061 SOLITAIRE BLDG NO 10,  6TH FLR SOLITAIRE CORPORATE PARK",,,,,CHINA,,,SAHAR AIR CARGO ACC (INBOM4),90181290,"2166B-CTO-S01 CONSONA N9 COLOR DOPPLER SYSTEM OB-2V PACKAGEDISCOUNT,PC KEYBOARD,MULTIFUNCTION MODULE,SW-(FOR MEDICAL US",,1.0,NOS,0.0,22164.1,6319829,,
2023-03-24,印度,中国,MINDRAY MEDICAL INDIA PVT LTD,MR GLOBAL HK LIMITED,"UNIT NO 1061 SOLITAIRE BLDG NO 10,  6TH FLR SOLITAIRE CORPORATE PARK",,,,,CHINA,,,SAHAR AIR CARGO ACC (INBOM4),90181290,"2166B-CTO-S01 CONSONA N9 COLOR DOPPLER SYSTEM SS-4P PACKAGEDISCOUNT,PC KEYBOARD,MULTIFUNCTION MODULE,SW-(FOR MEDICAL US",,1.0,NOS,0.0,18804.1,6319829,,
2023-03-24,印度,中国,MINDRAY MEDICAL INDIA PVT LTD,MR GLOBAL HK LIMITED,"UNIT NO 1061 SOLITAIRE BLDG NO 10,  6TH FLR SOLITAIRE CORPORATE PARK",,,,,CHINA,,,SAHAR AIR CARGO ACC (INBOM4),90181290,"2166B-CTO-S01 CONSONA N9 COLOR DOPPLER SYSTEM SS-4P PACKAGEDISCOUNT,PC KEYBOARD,MULTIFUNCTION MODULE,SW-(FOR MEDICAL US",,1.0,NOS,0.0,28122.13,6319829,,
2023-03-24,印度,中国,MINDRAY MEDICAL INDIA PVT LTD,MR GLOBAL HK LIMITED,"UNIT NO 1061 SOLITAIRE BLDG NO 10,  6TH FLR SOLITAIRE CORPORATE PARK",,,,,CHINA,,,SAHAR AIR CARGO ACC (INBOM4),90181290,2147B-PA00065 DC-60 EXP DC-60 EXP COLOR DOPPLER SYSTEM(FOR MEDICAL USE)(FOR MEDICAL USE),,1.0,NOS,0.0,24007.52,6319829,,
2023-03-24,印度,中国,MINDRAY MEDICAL INDIA PVT LTD,MR GLOBAL HK LIMITED,"UNIT NO 1061 SOLITAIRE BLDG NO 10,  6TH FLR SOLITAIRE CORPORATE PARK",,,,,CHINA,,,SAHAR AIR CARGO ACC (INBOM4),90181290,2148B-PA00430 DC-40 DC-40 COLOR DOPPLER SYSTEM(FOR MEDICAL USE)(FOR MEDICAL USE),,1.0,NOS,0.0,16354.79,6319829,,
2023-03-24,印度,中国,MINDRAY MEDICAL INDIA PVT LTD,MR GLOBAL HK LIMITED,"UNIT NO 1061 SOLITAIRE BLDG NO 10,  6TH FLR SOLITAIRE CORPORATE PARK",,,,,CHINA,,,SAHAR AIR CARGO ACC (INBOM4),90181290,2167B-PA00112 DC-30 DC-30 COLOR DOPPLER SYSTEM(FOR MEDICAL USE)(FOR MEDICAL USE),,2.0,NOS,0.0,17335.12,6319829,,
2023-03-21,印度,中国,MINDRAY MEDICAL INDIA PVT LTD,MR GLOBAL HK LIMITED,"UNIT NO 1061 SOLITAIRE BLDG NO 10,  6TH FLR SOLITAIRE CORPORATE PARK",,,,,CHINA,,,NHAVA SHEVA SEA (INNSA1),90181290,2127B-PA00099 DC-60 DC-60 COLOR DOPPLER SYSTEM(FOR MEDICAL USE),,11.0,NOS,0.0,166627.89,6263564,,
2023-03-21,印度,中国,ASTER DM HEALTHCARE LIMITED,MR GLOBAL LIMITED,"IX/475L, ASTER MEDCITY, KUTTISAHIB  ,ROAD, NEAR KOTHAD BRIDGE, SOUTH",,,,,CHINA,,,BANGALORE ACC (INBLR4),90181290,2142B-CTO-S01 RESONA I9 DIAGNOSTIC ULTRASOUND SYSTEM WITH ACCESSORIES (MEDICAL EQUIPMENTS AND ACCESSORIES FOR HOSPITAL U,,2.0,NOS,0.0,75943.0,6261082,,
2023-03-21,印度,中国,ASTER DM HEALTHCARE LIMITED,MR GLOBAL LIMITED,"IX/475L, ASTER MEDCITY, KUTTISAHIB  ,ROAD, NEAR KOTHAD BRIDGE, SOUTH",,,,,CHINA,,,BANGALORE ACC (INBLR4),90181290,2146B-CTO-S01 MX7 PORTABLE DIAGNOSTIC ULTRASOUND SYSTEM WITHACCESSORIES (MEDICAL EQUIPMENTS AND ACCESSORIES FOR HOSPITAL,,1.0,NOS,0.0,20967.0,6250577,,
2023-03-18,印度,中国,MINDRAY MEDICAL INDIA PVT LTD,MR GLOBAL HK LIMITED,"UNIT NO 1061 SOLITAIRE BLDG NO 10,  6TH FLR SOLITAIRE CORPORATE PARK",,,,,CHINA,,,SAHAR AIR CARGO ACC (INBOM4),90181290,PR3A-30-91145 NGB-004 NEEDLE-GUIDED BRACKET(FOR MEDICAL USE),,1.0,NOS,0.0,217.98,6224298,,
2023-03-18,印度,中国,MINDRAY MEDICAL INDIA PVT LTD,MR GLOBAL HK LIMITED,"UNIT NO 1061 SOLITAIRE BLDG NO 10,  6TH FLR SOLITAIRE CORPORATE PARK",,,,,CHINA,,,SAHAR AIR CARGO ACC (INBOM4),90181290,"2142B-CTO-S01 RESONA I9 COLOR DOPPLER SYSTEM SMART TRACE,CPP,SMART THYROID,SMART BREAST,SMART HRI(FOR MEDICAL USE)",,1.0,NOS,0.0,25205.22,6224831,,
2023-03-18,印度,中国,MINDRAY MEDICAL INDIA PVT LTD,MR GLOBAL HK LIMITED,"UNIT NO 1061 SOLITAIRE BLDG NO 10,  6TH FLR SOLITAIRE CORPORATE PARK",,,,,CHINA,,,SAHAR AIR CARGO ACC (INBOM4),90181290,"2138B-CTO-S01 M6 PORTABLE COLOR DOPPLER SYSTEM DICOM MPPS,SHARED SERVICE PACKAGE,IMT,SMART 3D,ISCAPE VIEW(FOR MEDICAL US",,3.0,NOS,0.0,16751.82,6224298,,
2023-03-18,印度,中国,MINDRAY MEDICAL INDIA PVT LTD,MR GLOBAL HK LIMITED,"UNIT NO 1061 SOLITAIRE BLDG NO 10,  6TH FLR SOLITAIRE CORPORATE PARK",,,,,CHINA,,,SAHAR AIR CARGO ACC (INBOM4),90181290,"2142B-CTO-S01 RESONA I9 COLOR DOPPLER SYSTEM SMART TRACE,CPP,SMART THYROID,SMART BREAST,SMART HRI (FOR MEDICAL USE)",,1.0,NOS,0.0,29902.73,6224298,,
2023-03-18,印度,中国,MINDRAY MEDICAL INDIA PVT LTD,MR GLOBAL HK LIMITED,"UNIT NO 1061 SOLITAIRE BLDG NO 10,  6TH FLR SOLITAIRE CORPORATE PARK",,,,,CHINA,,,SAHAR AIR CARGO ACC (INBOM4),90181290,"2142B-CTO-S01 RESONA I9 COLOR DOPPLER SYSTEM SMART TRACE,CPP,SMART THYROID,SMART BREAST,SMART HIP(FOR MEDICAL USE)",,1.0,NOS,0.0,43644.44,6224627,,
2023-03-18,印度,中国,MINDRAY MEDICAL INDIA PVT LTD,MR GLOBAL HK LIMITED,"UNIT NO 1061 SOLITAIRE BLDG NO 10,  6TH FLR SOLITAIRE CORPORATE PARK",,,,,CHINA,,,SAHAR AIR CARGO ACC (INBOM4),90181290,"2147B-CTO-S01 DC-60 EXP COLOR DOPPLER SYSTEM DVD-RW,DICOM BASIC,DICOM BREAST SR(FOR MEDICAL USE)",,1.0,NOS,0.0,17933.68,6224831,,
2023-03-18,印度,中国,MINDRAY MEDICAL INDIA PVT LTD,MR GLOBAL HK LIMITED,"UNIT NO 1061 SOLITAIRE BLDG NO 10,  6TH FLR SOLITAIRE CORPORATE PARK",,,,,CHINA,,,SAHAR AIR CARGO ACC (INBOM4),90181290,"2153B-CTO-S01 RESONA 7 COLOR DOPPLER SYSTEM CONTROL PANNEL BACK/FORTH,GEL WARMER,ISCAPE VIEW(FOR MEDICAL USE)",,1.0,NOS,0.0,57493.18,6224627,,
2023-03-18,印度,中国,MEDION HEALTHCARE PRIVATE LIMITED,SINO MEDICAL DEVICE TECHNOLOGY CO LTD,"PLOT NO. K-49, THAKUR PADA GAON,  MIDC ANAND NAGAR, OPP. A SOLUTION C",,,,,CHINA,,,NHAVA SHEVA SEA (INNSA1),90181290,MEDICAL EQUIPMENT - SYRINGE PUMP SP101 (APTA NO. 0123111700017793 DTD. 01.03.2023),,300.0,NOS,0.0,46500.0,6228831,,
2023-03-18,印度,中国,MINDRAY MEDICAL INDIA PVT LTD,MR GLOBAL HK LIMITED,"UNIT NO 1061 SOLITAIRE BLDG NO 10,  6TH FLR SOLITAIRE CORPORATE PARK",,,,,CHINA,,,SAHAR AIR CARGO ACC (INBOM4),90181290,"2147B-CTO-S01 DC-60 EXP COLOR DOPPLER SYSTEM DVD-RW,DICOM BASIC,DICOM BREAST SR,DICOM VASCULAR SR(FOR MEDICAL USE)",,1.0,NOS,0.0,17969.08,6224298,,
2023-03-18,印度,中国,MINDRAY MEDICAL INDIA PVT LTD,MR GLOBAL HK LIMITED,"UNIT NO 1061 SOLITAIRE BLDG NO 10,  6TH FLR SOLITAIRE CORPORATE PARK",,,,,CHINA,,,SAHAR AIR CARGO ACC (INBOM4),90181290,"2142B-CTO-S01 NUEWA I9 COLOR DOPPLER SYSTEM SMART TRACE,SMART VOLUME,SMART SCENE 3D(FOR MEDICAL USE)",,1.0,NOS,0.0,35531.05,6224831,,
2023-03-18,印度,中国,MINDRAY MEDICAL INDIA PVT LTD,MR GLOBAL HK LIMITED,"UNIT NO 1061 SOLITAIRE BLDG NO 10,  6TH FLR SOLITAIRE CORPORATE PARK",,,,,CHINA,,,SAHAR AIR CARGO ACC (INBOM4),90181290,"2142B-CTO-S01 RESONA I9 COLOR DOPPLER SYSTEM SMART TRACE,CPP,SMART THYROID,SMART BREAST,SMART HRI(FOR MEDICAL USE)",,1.0,NOS,0.0,28975.18,6224831,,
2023-03-18,印度,中国,MINDRAY MEDICAL INDIA PVT LTD,MR GLOBAL HK LIMITED,"UNIT NO 1061 SOLITAIRE BLDG NO 10,  6TH FLR SOLITAIRE CORPORATE PARK",,,,,CHINA,,,SAHAR AIR CARGO ACC (INBOM4),90181290,"2148B-CTO-S01 DC-40 COLOR DOPPLER SYSTEM ISCAPE VIEW,SMART 3D,IMT,TISSUE DOPPLER IMAGING(FOR MEDICAL USE)",,1.0,NOS,0.0,16656.29,6224831,,
2023-03-18,印度,中国,MINDRAY MEDICAL INDIA PVT LTD,MR GLOBAL HK LIMITED,"UNIT NO 1061 SOLITAIRE BLDG NO 10,  6TH FLR SOLITAIRE CORPORATE PARK",,,,,CHINA,,,SAHAR AIR CARGO ACC (INBOM4),90181290,"2142B-CTO-S01 NUEWA I9 COLOR DOPPLER SYSTEM SMART TRACE,SMART HIP,SMART VOLUME,(FOR MEDICAL USE)",,1.0,NOS,0.0,37193.1,6224831,,
2023-03-18,印度,中国,MINDRAY MEDICAL INDIA PVT LTD,MR GLOBAL HK LIMITED,"UNIT NO 1061 SOLITAIRE BLDG NO 10,  6TH FLR SOLITAIRE CORPORATE PARK",,,,,CHINA,,,SAHAR AIR CARGO ACC (INBOM4),90181290,120-002699-00 P10-4S ULTRASONIC PROBE(FOR MEDICAL USE),,1.0,NOS,0.0,2904.3,6224298,,
2023-03-18,印度,中国,MINDRAY MEDICAL INDIA PVT LTD,MR GLOBAL HK LIMITED,"UNIT NO 1061 SOLITAIRE BLDG NO 10,  6TH FLR SOLITAIRE CORPORATE PARK",,,,,CHINA,,,SAHAR AIR CARGO ACC (INBOM4),90181290,"2147B-CTO-S01 DC-60 EXP COLOR DOPPLER SYSTEM DVD-RW,DICOM BASIC,DICOM BREAST SR(FOR MEDICAL USE)",,1.0,NOS,0.0,24191.52,6224831,,
2023-03-18,印度,中国,MINDRAY MEDICAL INDIA PVT LTD,MR GLOBAL HK LIMITED,"UNIT NO 1061 SOLITAIRE BLDG NO 10,  6TH FLR SOLITAIRE CORPORATE PARK",,,,,CHINA,,,SAHAR AIR CARGO ACC (INBOM4),90181290,"2142B-CTO-S01 RESONA I9 COLOR DOPPLER SYSTEM SMART TRACE,CPP,SMART THYROID,SMART BREAST(FOR MEDICAL USE)",,3.0,NOS,0.0,77709.81,6224621,,
2023-03-18,印度,中国,MINDRAY MEDICAL INDIA PVT LTD,MR GLOBAL HK LIMITED,"UNIT NO 1061 SOLITAIRE BLDG NO 10,  6TH FLR SOLITAIRE CORPORATE PARK",,,,,CHINA,,,SAHAR AIR CARGO ACC (INBOM4),90181290,"2142B-CTO-S01 RESONA I9 COLOR DOPPLER SYSTEM SMART TRACE,CPP,SMART THYROID,SMART BREAST(FOR MEDICAL USE)",,1.0,NOS,0.0,28466.24,6224298,,
2023-03-18,印度,中国,MINDRAY MEDICAL INDIA PVT LTD,MR GLOBAL HK LIMITED,"UNIT NO 1061 SOLITAIRE BLDG NO 10,  6TH FLR SOLITAIRE CORPORATE PARK",,,,,CHINA,,,SAHAR AIR CARGO ACC (INBOM4),90181290,"2166B-CTO-S01 CONSONA N9 COLOR DOPPLER SYSTEM OBG-3P PACKAGEDISCOUNT,PC KEYBOARD,MULTIFUNCTION MODULE (FOR MEDICAL USE)",,1.0,NOS,0.0,25308.13,6224298,,
2023-03-18,印度,中国,MINDRAY MEDICAL INDIA PVT LTD,MR GLOBAL HK LIMITED,"UNIT NO 1061 SOLITAIRE BLDG NO 10,  6TH FLR SOLITAIRE CORPORATE PARK",,,,,CHINA,,,SAHAR AIR CARGO ACC (INBOM4),90181290,"2166B-CTO-S01 CONSONA N9 COLOR DOPPLER SYSTEM OBG-3P PACKAGE DISCOUNT,PC KEYBOARD,MULTIFUNCTION(FOR MEDICAL USE)",,1.0,NOS,0.0,24738.13,6224621,,
2023-03-18,印度,中国,MEDION HEALTHCARE PRIVATE LIMITED,SINO MEDICAL DEVICE TECHNOLOGY CO LTD,"PLOT NO. K-49, THAKUR PADA GAON,  MIDC ANAND NAGAR, OPP. A SOLUTION C",,,,,CHINA,,,NHAVA SHEVA SEA (INNSA1),90181290,MEDICAL EQUIPMENT - INFUSION PUMP IP100 (APTA NO. 0123111700017793 DTD. 01.03.2023),,26.0,NOS,0.0,4680.0,6228831,,
2023-03-18,印度,中国,MINDRAY MEDICAL INDIA PVT LTD,MR GLOBAL HK LIMITED,"UNIT NO 1061 SOLITAIRE BLDG NO 10,  6TH FLR SOLITAIRE CORPORATE PARK",,,,,CHINA,,,SAHAR AIR CARGO ACC (INBOM4),90181290,120-001643-00 V10-4BP ULTRASONIC PROBE(FOR MEDICAL USE),,1.0,NOS,0.0,1117.8,6224981,,
2023-03-18,印度,中国,MINDRAY MEDICAL INDIA PVT LTD,MR GLOBAL HK LIMITED,"UNIT NO 1061 SOLITAIRE BLDG NO 10,  6TH FLR SOLITAIRE CORPORATE PARK",,,,,CHINA,,,SAHAR AIR CARGO ACC (INBOM4),90181290,M1K7B-PA00059 UMEC15 UMEC15 PATIENT MONITOR(FOR MEDICAL USE),,6.0,NOS,0.0,8568.12,6224298,,
2023-03-18,印度,中国,MINDRAY MEDICAL INDIA PVT LTD,MR GLOBAL HK LIMITED,"UNIT NO 1061 SOLITAIRE BLDG NO 10,  6TH FLR SOLITAIRE CORPORATE PARK",,,,,CHINA,,,SAHAR AIR CARGO ACC (INBOM4),90181290,2152B-CTO-S01 DC-80 COLOR DOPPLER SYSTEM (FOR MEDICAL USE),,1.0,NOS,0.0,26213.53,6224621,,
2023-03-18,印度,中国,MINDRAY MEDICAL INDIA PVT LTD,MR GLOBAL HK LIMITED,"UNIT NO 1061 SOLITAIRE BLDG NO 10,  6TH FLR SOLITAIRE CORPORATE PARK",,,,,CHINA,,,SAHAR AIR CARGO ACC (INBOM4),90181290,"2142B-CTO-S01 RESONA I9 COLOR DOPPLER SYSTEM SMART TRACE,CPP,SMART THYROID,SMART BREAST(FOR MEDICAL USE)",,1.0,NOS,0.0,34834.29,6224831,,
2023-03-17,越南,中国,CÔNG TY TNHH Y TẾ VIỆT TIẾN,GE MEDICAL SYSTEMS CHINA CO LTD,"6/1 Street No. 6, Ward 15, Go Vap District, Ho Chi Minh City, Vietnam","NO.19 CHANGJIANG RD NEW AREA, WUXI, WUXI, CHINA, CN",,,,China,,PUDONG,HO CHI MINH,90181200,"Đầu dò dùng cho máy siêu âm Versana Essential, mã: H4000SR, model: 4C-RS, hiệu: GE MEDICAL SYSTEMS (CHINA) CO.,LTD, hàng mới 100%,Transducer for Versana Essential ultrasound machine, code: H4000SR, model: 4C-RS, brand: GE MEDICAL SYSTEMS (CHINA) CO.,LTD, 100% brand new",,1.0,Pieces,0.0,1500.0,8582832576,,
2023-03-16,乌兹别克斯坦,中国,ООО INTERMED INNOVATION TRADE,SHENZHEN MINDRAY BIOMEDICAL ELECTRONICS CO LTD,,,,,,0,,,,9018120000,"1) Ultrasound Diagnostic Imaging System DC-60Exp with accessories/Ультразвуковая диагностическая система  DC-60Exp в комплекте с принадлежностями, новый, 2022 год выпуска, сер.№CN8-29002560,  производитель Shenzhen Mindray Bio-Medical Electronics Co., Ltd  (Китай):
 вес: 91 кг, кол. 1 шт;
2) Вид и количество упаковки:1 палет+коробка;
3) № конт.:CRSU0405962(часть), кол-во:1;
8) Код инвестпрограммы:000;
9) Код технологического оборудования:024;
10) Год изготовления и технические параметры:20",,1.0,Piece,91.0,20000.0,,,
2023-03-16,印度,中国,MINDRAY MEDICAL INDIA PVT LTD,MR GLOBAL HK LIMITED,"UNIT NO 1061 SOLITAIRE BLDG NO 10,  6TH FLR SOLITAIRE CORPORATE PARK",,,,,CHINA,,,SAHAR AIR CARGO ACC (INBOM4),90181290,"2147B-CTO-S01 DC-60 EXP COLOR DOPPLER SYSTEM DVD-RW,DICOM BASIC,DICOM BREAST SR,DICOM VASCULA(FOR MEDICAL USE)",,1.0,NOS,0.0,17933.68,6183737,,
2023-03-16,印度,中国,MEDICAL POINT,PLUTUS ENTERPRISE LTD,13-B N.S. MARG IST FLOOR  DARYA GANJ,,,,,CHINA,,,ICD PATPARGANJ,90181290,MULTIPARAMETER MONITOR MODEL XM750 (MEDICAL EQUIPMENT ),,115.0,PCS,0.0,20930.0,6182568,,
2023-03-16,印度,中国,MINDRAY MEDICAL INDIA PVT LTD,MR GLOBAL HK LIMITED,"UNIT NO 1061 SOLITAIRE BLDG NO 10,  6TH FLR SOLITAIRE CORPORATE PARK",,,,,CHINA,,,SAHAR AIR CARGO ACC (INBOM4),90181290,"2142B-CTO-S01 NUEWA I9 COLOR DOPPLER SYSTEM SMART TRACE,SMART HIP,SMART VOLUME,SMART(FOR MEDICAL USE)",,1.0,NOS,0.0,37193.1,6183737,,
2023-03-16,印度,中国,MINDRAY MEDICAL INDIA PVT LTD,MR GLOBAL HK LIMITED,"UNIT NO 1061 SOLITAIRE BLDG NO 10,  6TH FLR SOLITAIRE CORPORATE PARK",,,,,CHINA,,,SAHAR AIR CARGO ACC (INBOM4),90181290,2146B-PA00144 MX7 MX7 PORTABLE COLOR DOPPLER SYSTEM (FOR MEDICAL USE),,2.0,NOS,0.0,19674.28,6183737,,
2023-03-16,印度,中国,MINDRAY MEDICAL INDIA PVT LTD,MR GLOBAL HK LIMITED,"UNIT NO 1061 SOLITAIRE BLDG NO 10,  6TH FLR SOLITAIRE CORPORATE PARK",,,,,CHINA,,,SAHAR AIR CARGO ACC (INBOM4),90181290,"2147B-CTO-S01 DC-60 EXP COLOR DOPPLER SYSTEM DVD-RW,DICOM BASIC,DICOM BREAST SR,DICOM VASCULAR (FOR MEDICAL USE)",,1.0,NOS,0.0,22885.67,6183737,,
2023-03-16,印度,中国,MINDRAY MEDICAL INDIA PVT LTD,MR GLOBAL HK LIMITED,"UNIT NO 1061 SOLITAIRE BLDG NO 10,  6TH FLR SOLITAIRE CORPORATE PARK",,,,,CHINA,,,SAHAR AIR CARGO ACC (INBOM4),90181290,2146B-PA00149 MX7 MX7 PORTABLE COLOR DOPPLER SYSTEM (FOR MEDICAL USE),,1.0,NOS,0.0,13942.81,6183737,,
2023-03-16,印度,中国,MINDRAY MEDICAL INDIA PVT LTD,MR GLOBAL HK LIMITED,"UNIT NO 1061 SOLITAIRE BLDG NO 10,  6TH FLR SOLITAIRE CORPORATE PARK",,,,,CHINA,,,SAHAR AIR CARGO ACC (INBOM4),90181290,"1117B-CTO-S01 Z50 COLOR DOPPLER SYSTEM DICOM BASIC,IMT,P-GI-1P DISCOUNT,PROBE 35C50EA,Z50 MAIN(FOR MEDICAL USE)",,1.0,NOS,0.0,4639.28,6183737,,
2023-03-15,印度,中国,MINDRAY MEDICAL INDIA PVT LTD,MR GLOBAL HK LIMITED,"UNIT NO 1061 SOLITAIRE BLDG NO 10,  6TH FLR SOLITAIRE CORPORATE PARK",,,,,CHINA,,,NHAVA SHEVA SEA (INNSA1),90181290,2145B-PA00362 DC-70 EXP DC-70 EXP COLOR DOPPLER SYSTEM(FOR MEDICAL USE),,3.0,NOS,0.0,62295.27,6166298,,
2023-03-13,越南,中国,CÔNG TY CỔ PHẦN XUẤT NHẬP KHẨU THIẾT BỊ Y TẾ HOÀN MỸ,SONOSCAPE MEDICAL CORP,"A8 Lot 12 Dinh Cong Street, Dinh Cong Ward, Hoang Mai District, Hanoi City, Vietnam","2F. 12TH BULDING, SHENZHEN SOFTWARE, PARK PHASE II,KEJI MIDDLE 2 ND ROAD, NANSHAN DISTRICT, SHENZHEN,518057, GUANGDONG CHINA, CN",,,,China,,HONG KONG,CANG DINH VU - HP,90181200,"Hệ thống siêu âm chẩn đoán màu, mã: P9, gồm máy chính và phụ kiện: đầu dò Convex C361, đầu dò Linear  L741, đầu dò Phased Array 3P-A dùng trong y tế. HSX:Sonoscape Medical Corp,China. Mới100%,Color diagnostic ultrasound system, code: P9, including main unit and accessories: Convex C361 probe, Linear L741 probe, Phased Array 3P-A probe for medical use. HSX:Sonoscape Medical Corp,China. New100%",,1.0,Set,0.0,8200.0,090323SJFHK2300634,,
2023-03-13,越南,中国,CÔNG TY CỔ PHẦN XUẤT NHẬP KHẨU THIẾT BỊ Y TẾ HOÀN MỸ,SONOSCAPE MEDICAL CORP,"A8 Lot 12 Dinh Cong Street, Dinh Cong Ward, Hoang Mai District, Hanoi City, Vietnam","2F. 12TH BULDING, SHENZHEN SOFTWARE, PARK PHASE II,KEJI MIDDLE 2 ND ROAD, NANSHAN DISTRICT, SHENZHEN,518057, GUANGDONG CHINA, CN",,,,China,,HONG KONG,CANG DINH VU - HP,90181200,"Hệ thống siêu âm chẩn đoán màu, mã: P9, gồm máy chính và phụ kiện: đầu dò Convex C361, đầu dò Linear  L741, dùng trong y tế. HSX:Sonoscape Medical Corp,China. Mới100%,Color diagnostic ultrasound system, code: P9, including main machine and accessories: Convex C361 probe, Linear L741 probe, used for medical purposes. HSX:Sonoscape Medical Corp,China. New100%",,4.0,Set,0.0,26400.0,090323SJFHK2300634,,
2023-03-13,乌兹别克斯坦,中国,OOO MEDSPACE SOLUTIONS,CHISON MEDICAL TECHNOLOGIES CO LTD,,,,,,0,,,,9018120000,"1. CHISON CBit9 COLOR DOPPLER ULTRASOUD DIAGNOSTIC SYSTEM / Система ультра  звуковая цветная допплеровская  CBit9 с принадлежностями. Производитель:CHISON MEDICAL TECHNOLOGIES CO.,LTD - кол. 2 шт, вес: 172 кг
2. мест 2, 2 дерев.ящик.
8. 000
9. 000
10. 2022/Новый
11. 02
Общее кол. мест: 2",,2.0,Piece,172.0,26800.0,,,
2023-03-13,乌兹别克斯坦,中国,OOO MEDSPACE SOLUTIONS,CHISON MEDICAL TECHNOLOGIES CO LTD,,,,,,0,,,,9018120000,"1. CHISON QBit9 COLOR DOPPLER ULTRASOUD DIAGNOSTIC SYSTEM / Система ультра  звуковая цветная допплеровская  QBit9 с принадлежностями. Производитель:CHISON MEDICAL TECHNOLOGIES CO.,LTD - кол. 7 шт, вес: 532 кг
2. мест 7, 7 дерев.ящик.
8. 000
9. 000
10. 2022/Новый
11. 02
Общее кол. мест: 7",,7.0,Piece,532.0,52500.0,,,
2023-03-13,乌兹别克斯坦,中国,OOO MEDSPACE SOLUTIONS,CHISON MEDICAL TECHNOLOGIES CO LTD,,,,,,0,,,,9018120000,"1. CHISON CBit4 COLOR DOPPLER ULTRASOUD DIAGNOSTIC SYSTEM / Система ультра  звуковая цветная допплеровская  CBit4 с принадлежностями. Производитель:CHISON MEDICAL TECHNOLOGIES CO.,LTD - кол. 2 шт, вес: 172 кг
2. мест 2, 2 дерев.ящик.
8. 000
9. 000
10. 2022/Новый
11. 02
Общее кол. мест: 2",,2.0,Piece,172.0,21800.0,,,
2023-03-11,印度,中国,MINDRAY MEDICAL INDIA PVT LTD,MR GLOBAL HK LIMITED,"UNIT NO 1061 SOLITAIRE BLDG NO 10,  6TH FLR SOLITAIRE CORPORATE PARK",,,,,CHINA,,,SAHAR AIR CARGO ACC (INBOM4),90181290,"2148B-CTO-S01 DC-40 COLOR DOPPLER SYSTEM ISCAPE VIEW,SMART3D,IMT,TISSUE DOPPLER IMAGING(FOR MEDICAL USE)",,1.0,NOS,0.0,14408.29,5000581,,
2023-03-11,印度,中国,MINDRAY MEDICAL INDIA PVT LTD,MR GLOBAL HK LIMITED,"UNIT NO 1061 SOLITAIRE BLDG NO 10,  6TH FLR SOLITAIRE CORPORATE PARK",,,,,CHINA,,,SAHAR AIR CARGO ACC (INBOM4),90181290,"2146B-CTO-S01 MX7 PORTABLE COLOR DOPPLER SYSTEM ISCAPE VIEW,CONTRAST IMAGING(FOR MEDICAL USE)",,1.0,NOS,0.0,11326.24,5000581,,
2023-03-11,印度,中国,MINDRAY MEDICAL INDIA PVT LTD,MR GLOBAL HK LIMITED,"UNIT NO 1061 SOLITAIRE BLDG NO 10,  6TH FLR SOLITAIRE CORPORATE PARK",,,,,CHINA,,,SAHAR AIR CARGO ACC (INBOM4),90181290,"2146B-CTO-S01 MX7 PORTABLE COLOR DOPPLER SYSTEM ISCAPE VIEW,FREE XROS M,FREE XROS CM,TISSUE(FOR MEDICAL USE)",,1.0,NOS,0.0,11076.31,5000581,,
2023-03-11,印度,中国,MINDRAY MEDICAL INDIA PVT LTD,MR GLOBAL HK LIMITED,"UNIT NO 1061 SOLITAIRE BLDG NO 10,  6TH FLR SOLITAIRE CORPORATE PARK",,,,,CHINA,,,SAHAR AIR CARGO ACC (INBOM4),90181290,1156B-PA00003 DP-50EXPERT DP-50EXPERT DIGITAL ULTRASONIC DIAGNOSTI(FOR MEDICAL USE),,1.0,NOS,0.0,3173.03,5000223,,
2023-03-11,印度,中国,MINDRAY MEDICAL INDIA PVT LTD,MR GLOBAL HK LIMITED,"UNIT NO 1061 SOLITAIRE BLDG NO 10,  6TH FLR SOLITAIRE CORPORATE PARK",,,,,CHINA,,,SAHAR AIR CARGO ACC (INBOM4),90181290,2146B-PA00145 MX7 MX7 PORTABLE COLOR DOPPLER SYSTEM(FOR MEDICAL USE),,1.0,NOS,0.0,9739.31,5000581,,
2023-03-11,印度,中国,MINDRAY MEDICAL INDIA PVT LTD,MR GLOBAL HK LIMITED,"UNIT NO 1061 SOLITAIRE BLDG NO 10,  6TH FLR SOLITAIRE CORPORATE PARK",,,,,CHINA,,,SAHAR AIR CARGO ACC (INBOM4),90181290,2147B-PA00064 DC-60 EXP DC-60 EXP COLOR DOPPLER SYSTEM(FOR MEDICAL USE),,1.0,NOS,0.0,19450.37,5000223,,
2023-03-11,印度,中国,MINDRAY MEDICAL INDIA PVT LTD,MR GLOBAL HK LIMITED,"UNIT NO 1061 SOLITAIRE BLDG NO 10,  6TH FLR SOLITAIRE CORPORATE PARK",,,,,CHINA,,,SAHAR AIR CARGO ACC (INBOM4),90181290,2167B-PA00006 DC-30 DC-30 COLOR DOPPLER SYSTEM(FOR MEDICAL USE),,1.0,NOS,0.0,8605.46,6116093,,
2023-03-11,印度,中国,MINDRAY MEDICAL INDIA PVT LTD,MR GLOBAL HK LIMITED,"UNIT NO 1061 SOLITAIRE BLDG NO 10,  6TH FLR SOLITAIRE CORPORATE PARK",,,,,CHINA,,,SAHAR AIR CARGO ACC (INBOM4),90181290,"2146B-CTO-S01 MX7 PORTABLE COLOR DOPPLER SYSTEM ISCAPE VIEW,FREE XROS M,FREE XROS CM(FOR MEDICAL USE)",,1.0,NOS,0.0,13942.81,5000581,,
2023-03-11,印度,中国,MINDRAY MEDICAL INDIA PVT LTD,MR GLOBAL HK LIMITED,"UNIT NO 1061 SOLITAIRE BLDG NO 10,  6TH FLR SOLITAIRE CORPORATE PARK",,,,,CHINA,,,SAHAR AIR CARGO ACC (INBOM4),90181290,2146B-PA00145 MX7 MX7 PORTABLE COLOR DOPPLER SYSTEM(FOR MEDICAL USE),,2.0,NOS,0.0,19478.62,5000581,,
2023-03-11,印度,中国,MINDRAY MEDICAL INDIA PVT LTD,MR GLOBAL HK LIMITED,"UNIT NO 1061 SOLITAIRE BLDG NO 10,  6TH FLR SOLITAIRE CORPORATE PARK",,,,,CHINA,,,SAHAR AIR CARGO ACC (INBOM4),90181290,"2146B-CTO-S01 MX7 PORTABLE COLOR DOPPLER SYSTEM ISCAPE VIEW,FREE XROS M,FREE XROS CM(FOR MEDICAL USE)",,1.0,NOS,0.0,9993.2,5000581,,
2023-03-11,印度,中国,MINDRAY MEDICAL INDIA PVT LTD,MR GLOBAL HK LIMITED,"UNIT NO 1061 SOLITAIRE BLDG NO 10,  6TH FLR SOLITAIRE CORPORATE PARK",,,,,CHINA,,,SAHAR AIR CARGO ACC (INBOM4),90181290,"2167B-CTO-S01 DC-30 COLOR DOPPLER SYSTEM IMT,PROBE 2P2P,PROBE V10-4BP,TISSUE DOPPLER IMAGING,FREE XROS(FOR MEDICAL USE)",,2.0,NOS,0.0,19597.56,6116093,,
2023-03-11,印度,中国,MINDRAY MEDICAL INDIA PVT LTD,MR GLOBAL HK LIMITED,"UNIT NO 1061 SOLITAIRE BLDG NO 10,  6TH FLR SOLITAIRE CORPORATE PARK",,,,,CHINA,,,SAHAR AIR CARGO ACC (INBOM4),90181290,2152B-PA00028 DC-80 DC-80 COLOR DOPPLER SYSTEM(FOR MEDICAL USE),,2.0,NOS,0.0,66502.16,5000223,,
2023-03-11,印度,中国,MINDRAY MEDICAL INDIA PVT LTD,MR GLOBAL HK LIMITED,"UNIT NO 1061 SOLITAIRE BLDG NO 10,  6TH FLR SOLITAIRE CORPORATE PARK",,,,,CHINA,,,SAHAR AIR CARGO ACC (INBOM4),90181290,"2147B-CTO-S01 DC-60 EXP COLOR DOPPLER SYSTEM DVD-RW,DICOM BASIC,DICOM BREAST SR,DICOM(FOR MEDICAL USE)",,1.0,NOS,0.0,25091.07,5000223,,
2023-03-10,印度,中国,KONICA MINOLTA HEALTHCARE INDIA PRIVATE LIMITED,CHISON MEDICAL TECHNOLOGIES CO LTD,"OFFICE NO.201, 2ND FLOOR, ATRIUM 2  ,,ANDHERI KURLA ROAD, CHAKALA,",,,,,CHINA,,,NHAVA SHEVA SEA (INNSA1),90181290,MC5V-A MICRO CONVEX PROBE (MEDICAL EQUIPMENT) (APTA CERT NO.B232405081537003DT 23.02.2023),,6.0,PCS,0.0,5400.0,5087863,,
2023-03-10,印度,中国,KONICA MINOLTA HEALTHCARE INDIA PRIVATE LIMITED,CHISON MEDICAL TECHNOLOGIES CO LTD,"OFFICE NO.201, 2ND FLOOR, ATRIUM 2  ,,ANDHERI KURLA ROAD, CHAKALA,",,,,,CHINA,,,NHAVA SHEVA SEA (INNSA1),90181290,ECO6 COLOR ULTRASOUND SYSTEM (MEDICAL EQUIPMENT) (APTA CERTNO. B232405081537003DT 23.02.2023),,2.0,PCS,0.0,1520.0,5087863,,
2023-03-10,印度,中国,KONICA MINOLTA HEALTHCARE INDIA PRIVATE LIMITED,CHISON MEDICAL TECHNOLOGIES CO LTD,"OFFICE NO.201, 2ND FLOOR, ATRIUM 2  ,,ANDHERI KURLA ROAD, CHAKALA,",,,,,CHINA,,,NHAVA SHEVA SEA (INNSA1),90181290,L7M-A LINEAR PROBE (MEDICAL EQUIPMENT) (APTA CERT NO. B232405081537003DT 23.02.2023),,8.0,PCS,0.0,6400.0,5087863,,
2023-03-10,印度,中国,KONICA MINOLTA HEALTHCARE INDIA PRIVATE LIMITED,CHISON MEDICAL TECHNOLOGIES CO LTD,"OFFICE NO.201, 2ND FLOOR, ATRIUM 2  ,,ANDHERI KURLA ROAD, CHAKALA,",,,,,CHINA,,,NHAVA SHEVA SEA (INNSA1),90181290,ECO6 COLOR ULTRASOUND SYSTEM (MEDICAL EQUIPMENT) (APTA CERTNO. B232405081537003DT 23.02.2023),,13.0,PCS,0.0,9880.0,5087863,,
2023-03-10,印度,中国,KONICA MINOLTA HEALTHCARE INDIA PRIVATE LIMITED,CHISON MEDICAL TECHNOLOGIES CO LTD,"OFFICE NO.201, 2ND FLOOR, ATRIUM 2  ,,ANDHERI KURLA ROAD, CHAKALA,",,,,,CHINA,,,NHAVA SHEVA SEA (INNSA1),90181290,C3-A CONVEX PROBE (MEDICAL EQUIPMENT) (APTA CERT NO. B232405081537003DT 23.02.2023),,12.0,PCS,0.0,9600.0,5087863,,
2023-03-10,印度,中国,KONICA MINOLTA HEALTHCARE INDIA PRIVATE LIMITED,CHISON MEDICAL TECHNOLOGIES CO LTD,"OFFICE NO.201, 2ND FLOOR, ATRIUM 2  ,,ANDHERI KURLA ROAD, CHAKALA,",,,,,CHINA,,,NHAVA SHEVA SEA (INNSA1),90181290,P3-A CARDIAO PROBE (MEDICAL EQUIPMENT) (APTA CERT NO. B232405081537003DT 23.02.2023),,12.0,PCS,0.0,10800.0,5087863,,
2023-03-10,乌兹别克斯坦,中国,ООО LAB NET,SHENZHEN MINDRAY BIOMEDICAL ELECTRONICS CO LTD,,,,,,0,,,,9018120000,"1) Ultrasound Diagnostic Imaging System Consona N9 with accessories/Ультразвуковая диагностическая система  Consona N9 в комплекте с принадлежностями, новый, 2022 год выпуска, сер.№LQ6-29000185, производитель Shenzhen Mindray Bio-Medical Electronics Co., Ltd  (Китай):
 вес: 74 кг, кол. 1 шт;
2) Вид и количество упаковки:1 палет+коробка;
3) № конт.:CRSU0405962(часть), кол-во:1;
8) Код инвестпрограммы:000;
9) Код технологического оборудования:024;
10) Год изготовления и технические параметры",,1.0,Piece,74.0,37000.0,,,
2023-03-10,印度,中国,KONICA MINOLTA HEALTHCARE INDIA PRIVATE LIMITED,CHISON MEDICAL TECHNOLOGIES CO LTD,"OFFICE NO.201, 2ND FLOOR, ATRIUM 2  ,,ANDHERI KURLA ROAD, CHAKALA,",,,,,CHINA,,,NHAVA SHEVA SEA (INNSA1),90181290,V6-A TV PROBE (MEDICAL EQUIPMENT) (APTA CERT NO. B232405081537003DT 23.02.2023),,1.0,PCS,0.0,800.0,5087863,,
2023-03-09,印度,中国,ACER BIOMEDICALS LLP,ZHUHAI HONGBANG MEDICAL SCIENCE &TECHNOLOGY CO LTD,"76/76A, 3RD FLOOR, 453/455, CHIKHA  L,HOUSE, KALBADEVI ROAD,",,,,,CHINA,,,DELHI AIR CARGO ACC (INDEL4),90181290,HB1012 -12 CHANNEL ECG MACHINE (MEDICAL EQUIPMENT),,12.0,PCS,0.0,4800.0,5074181,,
2023-03-09,印度,中国,ACER BIOMEDICALS LLP,ZHUHAI HONGBANG MEDICAL SCIENCE &TECHNOLOGY CO LTD,"76/76A, 3RD FLOOR, 453/455, CHIKHA  L,HOUSE, KALBADEVI ROAD,",,,,,CHINA,,,DELHI AIR CARGO ACC (INDEL4),90181290,HB1003 -3 CHANNEL ECG MACHINE (MEDICAL EQUIPMENT),,152.0,PCS,0.0,26220.0,5074181,,
2023-03-09,乌兹别克斯坦,中国,ЧП CHINOBOD SOF TASHXIS,SHENZHEN MINDRAY BIOMEDICAL ELECTRONICS CO LTD,,,,,,0,,,,9018120000,"1) Ultrasound Diagnostic Imaging System DC-60Exp with accessories/Ультразвуковая диагностическая система  DC-60Exp в комплекте с принадлежностями, новый, 2022 год выпуска, сер.№CN8-29002559, производитель Shenzhen Mindray Bio-Medical Electronics Co., Ltd  (Китай):
 вес: 91 кг, кол. 1 шт;
2) Вид и количество упаковки:1 палет+коробка;
3) № конт.:CRSU0405962(часть), кол-во:1;
8) Код инвестпрограммы:000;
9) Код технологического оборудования:024;
10) Год изготовления и технические параметры:202",,1.0,Piece,91.0,21000.0,,,
2023-03-08,巴基斯坦,中国,ISLAMIC INTERNATIONAL MEDICAL COLLEGE TRUST,PHILIPS ELECTRONICS SINGAPORE PTE LTD,274 Peshawar Road Old Supreme Court Building,,,,,China                         ,,,KAPS,90181200,MEDICAL EQUIPMENTS ACCESS CT SCAN MACHINE AND INTELLSPACE PACKAGE CT VX  WITH ALL STANDARD ACCESSORIES AND ATTCHMENTS QTY 1 UNIT ORIGIN CHINA ALL OTHER DETAIL AS PERT INVOICE AND PACKING LIST,,1.0,u,0.0,135000.0,,,
2023-03-07,乌兹别克斯坦,中国,ЧП SHIFOKOR SHOXISTA FAYZULLAYEVNA,SHENZHEN SHUOXING IMPORT&EXPORT CO LTD,,,,,,0,,,,9018120000,"1) Digital Ultrasound Diagnostic Imaging System Resona i9 with accessories / Ультразвуковая диагностическая система  Resona i9 в комплекте с принадлежностями, новый, 2022 год выпуска, сер.№KF8-2A001546, производитель Shenzhen Mindray Bio-Medical Electronics Co., Ltd  (Китай):
 вес: 132,55 кг, кол. 1 шт;
2) Вид и количество упаковки:2 палет+коробка;
8) Код инвестпрограммы:000;
9) Код технологического оборудования:024;
10) Год изготовления и технические параметры:2022/Напряжение 220V, частота",,1.0,Piece,132.55,42000.0,,,
2023-03-07,乌兹别克斯坦,中国,ЧП QOSHMATHOJA FAYZ,SHENZHEN MINDRAY BIOMEDICAL ELECTRONICS CO LTD,,,,,,0,,,,9018120000,"1) Ultrasound Diagnostic Imaging System DC-60Exp with accessories/Ультразвуковая диагностическая система  DC-60Exp в комплекте с принадлежностями, новый, 2022 год выпуска, сер.№CN8-29002564, производитель Shenzhen Mindray Bio-Medical Electronics Co., Ltd  (Китай):
 вес: 91 кг, кол. 1 шт;
2) Вид и количество упаковки:1 палет+коробка;
3) № конт.:CRSU0405962(часть), кол-во:1;
8) Код инвестпрограммы:000;
9) Код технологического оборудования:024;
10) Год изготовления и технические параметры:202",,1.0,Piece,91.0,23000.0,,,
2023-03-07,印度,中国,MINDRAY MEDICAL INDIA PVT LTD,MR GLOBAL HK LIMITED,"UNIT NO 1061 SOLITAIRE BLDG NO 10,  6TH FLR SOLITAIRE CORPORATE PARK",,,,,CHINA,,,NHAVA SHEVA SEA (INNSA1),90181290,2152B-PA00024 DC-80 DC-80 COLOR DOPPLER SYSTEM(FOR MEDICAL USE),,4.0,NOS,0.0,142366.28,5045365,,
2023-03-07,印度,中国,MINDRAY MEDICAL INDIA PVT LTD,MR GLOBAL HK LIMITED,"UNIT NO 1061 SOLITAIRE BLDG NO 10,  6TH FLR SOLITAIRE CORPORATE PARK",,,,,CHINA,,,NHAVA SHEVA SEA (INNSA1),90181290,2145B-PA00364 DC-70 EXP DC-70 EXP COLOR DOPPLER SYSTEM(FOR MEDICAL USE),,10.0,NOS,0.0,157091.3,5045367,,
2023-03-07,印度,中国,MINDRAY MEDICAL INDIA PVT LTD,MR GLOBAL HK LIMITED,"UNIT NO 1061 SOLITAIRE BLDG NO 10,  6TH FLR SOLITAIRE CORPORATE PARK",,,,,CHINA,,,NHAVA SHEVA SEA (INNSA1),90181290,2145B-PA00107 DC-70 EXP DC-70 EXP COLOR DOPPLER SYSTEM(FOR MEDICAL USE),,10.0,NOS,0.0,194734.7,5045367,,
2023-03-07,印度,中国,MINDRAY MEDICAL INDIA PVT LTD,MR GLOBAL HK LIMITED,"UNIT NO 1061 SOLITAIRE BLDG NO 10,  6TH FLR SOLITAIRE CORPORATE PARK",,,,,CHINA,,,NHAVA SHEVA SEA (INNSA1),90181290,2127B-PA00098 DC-60 COLOR DOPPLER SYSTEM(FOR MEDICAL USE),,10.0,NOS,0.0,149764.0,5045366,,
2023-03-07,印度,中国,MINDRAY MEDICAL INDIA PVT LTD,MR GLOBAL HK LIMITED,"UNIT NO 1061 SOLITAIRE BLDG NO 10,  6TH FLR SOLITAIRE CORPORATE PARK",,,,,CHINA,,,NHAVA SHEVA SEA (INNSA1),90181290,2152B-PA00024 DC-80 DC-80 COLOR DOPPLER SYSTEM(FOR MEDICAL USE),,6.0,NOS,0.0,213549.42,5045367,,
2023-03-07,印度,中国,MINDRAY MEDICAL INDIA PVT LTD,MR GLOBAL HK LIMITED,"UNIT NO 1061 SOLITAIRE BLDG NO 10,  6TH FLR SOLITAIRE CORPORATE PARK",,,,,CHINA,,,NHAVA SHEVA SEA (INNSA1),90181290,2145B-PA00113 DC-70 EXP COLOR DOPPLER SYSTEM(FOR MEDICAL USE),,5.0,NOS,0.0,99826.05,5045366,,
2023-03-06,越南,中国,CÔNG TY TNHH ĐẦU TƯ THƯƠNG MẠI VÀ DỊCH VỤ KỸ THUẬT HOÀNG MINH,CHISON MEDICAL TECHNOLOGY CO LTD,"Hamlet 3, Lai Yen Commune, Hoai Duc District, Hanoi City, Vietnam","NO.0, XINHUIHUAN ROAD, XINWU, DISTRICT, WUXI, JIANGSU, CHINA, CN",,,,China,,PUDONG,HA NOI,90181200,"Máy siêu âm chẩn đoán (đầu dò Linear D7L40L, đầu dò Convex D3C60L); Model: QBit 5; HSX: Chison Medical Technologies Co., Ltd, dùng trong y tê; Xuất xứ: Trung Quốc; Mới 100%,Diagnostic ultrasound machine (Linear probe D7L40L, Convex probe D3C60L); Model: QBit 5; HSX: Chison Medical Technologies Co., Ltd, used in medicine; From China; 100% new",,1.0,Set,0.0,6000.0,AASHA2302659,,
2023-03-06,印度,中国,MEDION HEALTHCARE PRIVATE LIMITED,SINO MEDICAL DEVICE TECHNOLOGY CO LTD,"PLOT NO. K-49, THAKUR PADA GAON,  MIDC ANAND NAGAR, OPP. A SOLUTION C",,,,,CHINA,,,SAHAR AIR CARGO ACC (INBOM4),90181290,MEDICAL EQUIPMENT - INFUSION PUMPIP100 (APTA NO. 0123111700017808 DTD. 01-03-2023),,24.0,NOS,0.0,4320.0,5036972,,
2023-03-05,印度,中国,NEW GEN MEDICAL SYSTEMS,KEEWELL MEDICAL TECHNOLOGY,"112, GROUND FLOOR,MADANGIR VILLAGE",,,,,CHINA,,,DELHI AIR CARGO ACC (INDEL4),90181290,VETERINARY FLUID WARMER WP-1004 (MEDICAL EQUIPMENT),,3.0,PCS,0.0,285.0,5025500,,
2023-03-05,印度,中国,NEW GEN MEDICAL SYSTEMS,KEEWELL MEDICAL TECHNOLOGY,"112, GROUND FLOOR,MADANGIR VILLAGE",,,,,CHINA,,,DELHI AIR CARGO ACC (INDEL4),90181290,VETERINARY FLUID WARMER 70WKB (MEDICAL EQUIPMENT),,1.0,PCS,0.0,60.0,5025500,,
2023-03-05,印度,中国,NEW GEN MEDICAL SYSTEMS,KEEWELL MEDICAL TECHNOLOGY,"112, GROUND FLOOR,MADANGIR VILLAGE",,,,,CHINA,,,DELHI AIR CARGO ACC (INDEL4),90181290,VETERINARY FLUID WARMER Q-WARM (MEDICAL EQUIPMENT),,16.0,PCS,0.0,2880.0,5025500,,
2023-03-04,印度,中国,MINDRAY MEDICAL INDIA PVT LTD,MR GLOBAL HK LIMITED,"UNIT NO 1061 SOLITAIRE BLDG NO 10,  6TH FLR SOLITAIRE CORPORATE PARK",,,,,CHINA,,,SAHAR AIR CARGO ACC (INBOM4),90181290,1156B-PA00003 DP-50EXPERT DP-50EXPERT COLOR DOPPLER SYSTEM(FOR MEDICAL USE),,1.0,NOS,0.0,3173.03,5016213,,
2023-03-04,印度,中国,MINDRAY MEDICAL INDIA PVT LTD,MR GLOBAL HK LIMITED,"UNIT NO 1061 SOLITAIRE BLDG NO 10,  6TH FLR SOLITAIRE CORPORATE PARK",,,,,CHINA,,,SAHAR AIR CARGO ACC (INBOM4),90181290,"2146B-CTO-S01 MX7 PORTABLE COLOR DOPPLER SYSTEM ISCAPE VIEW,FREE XROS M,FREE XROS CM(FOR MEDICAL USE)",,1.0,NOS,0.0,13942.81,5016213,,
2023-03-04,印度,中国,MINDRAY MEDICAL INDIA PVT LTD,MR GLOBAL HK LIMITED,"UNIT NO 1061 SOLITAIRE BLDG NO 10,  6TH FLR SOLITAIRE CORPORATE PARK",,,,,CHINA,,,SAHAR AIR CARGO ACC (INBOM4),90181290,"2167B-CTO-S01 DC-30 COLOR DOPPLER SYSTEM IMT,PROBE 2P2P,TISSUE DOPPLER IMAGING(FOR MEDICAL USE)",,1.0,NOS,0.0,8407.58,5016213,,
2023-03-04,印度,中国,MINDRAY MEDICAL INDIA PVT LTD,MR GLOBAL HK LIMITED,"UNIT NO 1061 SOLITAIRE BLDG NO 10,  6TH FLR SOLITAIRE CORPORATE PARK",,,,,CHINA,,,SAHAR AIR CARGO ACC (INBOM4),90181290,"2152B-CTO-S01 DC-80 COLOR DOPPLER SYSTEM DICOM BASIC,DICOM WORKLIST,DICOM MPPS (FOR MEDICAL USE)",,1.0,NOS,0.0,30451.26,5016213,,
2023-03-04,印度,中国,MINDRAY MEDICAL INDIA PVT LTD,MR GLOBAL HK LIMITED,"UNIT NO 1061 SOLITAIRE BLDG NO 10,  6TH FLR SOLITAIRE CORPORATE PARK",,,,,CHINA,,,NHAVA SHEVA SEA (INNSA1),90181290,2147B-PA00065 DC-60 EXP DC-60 EXP COLOR DOPPLER SYSTEM(FOR MEDICAL USE),,20.0,NOS,0.0,480150.4,5011702,,
2023-03-04,印度,中国,MINDRAY MEDICAL INDIA PVT LTD,MR GLOBAL HK LIMITED,"UNIT NO 1061 SOLITAIRE BLDG NO 10,  6TH FLR SOLITAIRE CORPORATE PARK",,,,,CHINA,,,SAHAR AIR CARGO ACC (INBOM4),90181290,"2148B-CTO-S01 DC-40 COLOR DOPPLER SYSTEM ISCAPE VIEW,SMART 3D,IMT,TISSUE DOPPLER IMAGING (FOR MEDICAL USE)",,2.0,NOS,0.0,38589.2,5016213,,
2023-03-04,印度,中国,MINDRAY MEDICAL INDIA PVT LTD,MR GLOBAL HK LIMITED,"UNIT NO 1061 SOLITAIRE BLDG NO 10,  6TH FLR SOLITAIRE CORPORATE PARK",,,,,CHINA,,,SAHAR AIR CARGO ACC (INBOM4),90181290,"2167B-CTO-S01 DC-30 COLOR DOPPLER SYSTEM IMT,TISSUE DOPPLERIMAGING,FREE XRO(FOR MEDICAL USE)",,1.0,NOS,0.0,9279.66,5016213,,
2023-03-04,印度,中国,MINDRAY MEDICAL INDIA PVT LTD,MR GLOBAL HK LIMITED,"UNIT NO 1061 SOLITAIRE BLDG NO 10,  6TH FLR SOLITAIRE CORPORATE PARK",,,,,CHINA,,,SAHAR AIR CARGO ACC (INBOM4),90181290,"2148B-CTO-S01 DC-40 COLOR DOPPLER SYSTEM ISCAPE VIEW,SMART 3D,IMT,DICOM BASIC (FOR MEDICAL USE)",,1.0,NOS,0.0,17185.66,5016213,,
2023-03-04,印度,中国,MINDRAY MEDICAL INDIA PVT LTD,MR GLOBAL HK LIMITED,"UNIT NO 1061 SOLITAIRE BLDG NO 10,  6TH FLR SOLITAIRE CORPORATE PARK",,,,,CHINA,,,SAHAR AIR CARGO ACC (INBOM4),90181290,"2146B-CTO-S01 MX7 PORTABLE COLOR DOPPLER SYSTEM ISCAPE VIEW,FREE XROS M,FREE XROS CM,TISSUE DOPPLER(FOR MEDICAL USE)",,2.0,NOS,0.0,30357.62,5016213,,
2023-03-04,印度,中国,MINDRAY MEDICAL INDIA PVT LTD,MR GLOBAL HK LIMITED,"UNIT NO 1061 SOLITAIRE BLDG NO 10,  6TH FLR SOLITAIRE CORPORATE PARK",,,,,CHINA,,,SAHAR AIR CARGO ACC (INBOM4),90181290,1116B-PA00020 Z60 Z60 COLOR DOPPLER SYSTEM (FOR MEDICAL USE),,1.0,NOS,0.0,7416.43,5016213,,
2023-03-04,印度,中国,MINDRAY MEDICAL INDIA PVT LTD,MR GLOBAL HK LIMITED,"UNIT NO 1061 SOLITAIRE BLDG NO 10,  6TH FLR SOLITAIRE CORPORATE PARK",,,,,CHINA,,,SAHAR AIR CARGO ACC (INBOM4),90181290,"2166B-CTO-S01 CONSONA N9 COLOR DOPPLER SYSTEM SS-4P PACKAGEDISCOUNT,PC KEYBOARD,MULTIFUNCTION(FOR MEDICAL USE)",,1.0,NOS,0.0,18668.35,5016213,,
2023-03-04,印度,中国,MINDRAY MEDICAL INDIA PVT LTD,MR GLOBAL HK LIMITED,"UNIT NO 1061 SOLITAIRE BLDG NO 10,  6TH FLR SOLITAIRE CORPORATE PARK",,,,,CHINA,,,SAHAR AIR CARGO ACC (INBOM4),90181290,"1116B-CTO-S01 Z60 COLOR DOPPLER SYSTEM DICOM BASIC,IMT,P-GYN-2P DISCOUNT(FOR MEDICAL USE)",,1.0,NOS,0.0,9915.37,5016213,,
2023-03-04,印度,中国,MINDRAY MEDICAL INDIA PVT LTD,MR GLOBAL HK LIMITED,"UNIT NO 1061 SOLITAIRE BLDG NO 10,  6TH FLR SOLITAIRE CORPORATE PARK",,,,,CHINA,,,NHAVA SHEVA SEA (INNSA1),90181290,2148B-PA00430 DC-40 DC-40 COLOR DOPPLER SYSTEM(FOR MEDICAL USE),,10.0,NOS,0.0,163547.9,5011702,,
2023-03-04,印度,中国,MINDRAY MEDICAL INDIA PVT LTD,MR GLOBAL HK LIMITED,"UNIT NO 1061 SOLITAIRE BLDG NO 10,  6TH FLR SOLITAIRE CORPORATE PARK",,,,,CHINA,,,SAHAR AIR CARGO ACC (INBOM4),90181290,"2146B-CTO-S01 MX7 PORTABLE COLOR DOPPLER SYSTEM ISCAPE VIEW,FREE XROS M,FREE XROS(FOR MEDICAL USE)",,1.0,NOS,0.0,11123.79,5016213,,
2023-03-04,印度,中国,MINDRAY MEDICAL INDIA PVT LTD,MR GLOBAL HK LIMITED,"UNIT NO 1061 SOLITAIRE BLDG NO 10,  6TH FLR SOLITAIRE CORPORATE PARK",,,,,CHINA,,,SAHAR AIR CARGO ACC (INBOM4),90181290,"2146B-CTO-S01 MX7 PORTABLE COLOR DOPPLER SYSTEM ISCAPE VIEW,FREE XROS M,FREE XROS CM (FOR MEDICAL USE)",,1.0,NOS,0.0,13942.81,5016213,,
2023-03-04,印度,中国,MINDRAY MEDICAL INDIA PVT LTD,MR GLOBAL HK LIMITED,"UNIT NO 1061 SOLITAIRE BLDG NO 10,  6TH FLR SOLITAIRE CORPORATE PARK",,,,,CHINA,,,SAHAR AIR CARGO ACC (INBOM4),90181290,1116B-PA00020 Z60 Z60 COLOR DOPPLER SYSTEM (FOR MEDICAL USE),,2.0,NOS,0.0,14832.86,5016213,,
2023-03-03,印度,中国,KONICA MINOLTA HEALTHCARE INDIA PRIVATE LIMITED,CHISON MEDICAL TECHNOLOGIES CO LTD,"OFFICE NO.201, 2ND FLOOR, ATRIUM 2  ,,ANDHERI KURLA ROAD, CHAKALA,",,,,,CHINA,,,NHAVA SHEVA SEA (INNSA1),90181290,L7V-A LINEAR RECTAL PROBE (MEDICAL EQUIPMENT) (APTA CERT NO.B232405081537002 DT 15.02.2023),,5.0,PCS,0.0,4000.0,5992568,,
2023-03-03,印度,中国,KONICA MINOLTA HEALTHCARE INDIA PRIVATE LIMITED,SINO MEDICAL DEVICE TECHNOLOGY CO L,"OFFICE NO.201, 2ND FLOOR, ATRIUM 2  ,,ANDHERI KURLA ROAD, CHAKALA,",,,,,CHINA,,,NHAVA SHEVA SEA (INNSA1),90181290,MEDICAL EQUIPMENT - HIGH PRESSURE INJECTOR DUAL HEAD SINO POWER-D (APTA CERT NO: 012311700013355 DT. 20.02.2023),,2.0,SET,0.0,10600.0,5991945,,
2023-03-03,印度,中国,KONICA MINOLTA HEALTHCARE INDIA PRIVATE LIMITED,CHISON MEDICAL TECHNOLOGIES CO LTD,"OFFICE NO.201, 2ND FLOOR, ATRIUM 2  ,,ANDHERI KURLA ROAD, CHAKALA,",,,,,CHINA,,,NHAVA SHEVA SEA (INNSA1),90181290,C3-A CONVEX PROBE (MEDICAL EQUIPMENT) (APTA CERT NO. B232405081537002 DT 15.02.2023),,15.0,PCS,0.0,12000.0,5992568,,
2023-03-03,印度,中国,KONICA MINOLTA HEALTHCARE INDIA PRIVATE LIMITED,SINO MEDICAL DEVICE TECHNOLOGY CO L,"OFFICE NO.201, 2ND FLOOR, ATRIUM 2  ,,ANDHERI KURLA ROAD, CHAKALA,",,,,,CHINA,,,NHAVA SHEVA SEA (INNSA1),90181290,MEDICAL EQUIPMENT - HIGH PRESSURE INJECTOR DUAL HEAD SINO POWER-D (APTA CERT NO: 012311700013355 DT. 20.02.2023),,2.0,SET,0.0,10600.0,5990717,,
2023-03-03,印度,中国,KONICA MINOLTA HEALTHCARE INDIA PRIVATE LIMITED,CHISON MEDICAL TECHNOLOGIES CO LTD,"OFFICE NO.201, 2ND FLOOR, ATRIUM 2  ,,ANDHERI KURLA ROAD, CHAKALA,",,,,,CHINA,,,NHAVA SHEVA SEA (INNSA1),90181290,V6-A TV PROBE (MEDICAL EQUIPMENT) (APTA CERT NO. B232405081537002 DT 15.02.2023),,7.0,PCS,0.0,5600.0,5992568,,
2023-03-03,印度,中国,KONICA MINOLTA HEALTHCARE INDIA PRIVATE LIMITED,CHISON MEDICAL TECHNOLOGIES CO LTD,"OFFICE NO.201, 2ND FLOOR, ATRIUM 2  ,,ANDHERI KURLA ROAD, CHAKALA,",,,,,CHINA,,,NHAVA SHEVA SEA (INNSA1),90181290,L7M-A LINEAR PROBE (MEDICAL EQUIPMENT) (APTA CERT NO. B232405081537002 DT 15.02.2023),,10.0,PCS,0.0,8000.0,5992568,,
2023-03-03,印度,中国,KONICA MINOLTA HEALTHCARE INDIA PRIVATE LIMITED,CHISON MEDICAL TECHNOLOGIES CO LTD,"OFFICE NO.201, 2ND FLOOR, ATRIUM 2  ,,ANDHERI KURLA ROAD, CHAKALA,",,,,,CHINA,,,NHAVA SHEVA SEA (INNSA1),90181290,ECO2 B/W ULTRASOUND SYSTEM (MEDICAL EQUIPMENT) (APTA CERT NO. B232405081537002 DT 15.02.2023),,40.0,PCS,0.0,28000.0,5992568,,
2023-03-03,印度,中国,KONICA MINOLTA HEALTHCARE INDIA PRIVATE LIMITED,CHISON MEDICAL TECHNOLOGIES CO LTD,"OFFICE NO.201, 2ND FLOOR, ATRIUM 2  ,,ANDHERI KURLA ROAD, CHAKALA,",,,,,CHINA,,,NHAVA SHEVA SEA (INNSA1),90181290,MC3-A MICRO COVEX PROBE (MEDICAL EQUIPMENT) (APTA CERT NO. B232405081537002 DT 15.02.2023),,3.0,PCS,0.0,2400.0,5992568,,
2023-03-02,印度,中国,KONICA MINOLTA HEALTHCARE INDIA PRIVATE LIMITED,EDAN INSTRUMENTS INC,"OFFICE NO.201, 2ND FLOOR, ATRIUM 2  ,,ANDHERI KURLA ROAD, CHAKALA,",,,,,CHINA,,,SAHAR AIR CARGO ACC (INBOM4),90181290,LINEAR ARRAY TRANSDUCER: L17-7HQ (MEDICAL EQUIPMENT) (APTA CERT NO: B231923672010002 DT. 01.03.2023),,13.0,PCS,0.0,13000.0,5982826,,
2023-03-02,印度,中国,KONICA MINOLTA HEALTHCARE INDIA PRIVATE LIMITED,EDAN INSTRUMENTS INC,"OFFICE NO.201, 2ND FLOOR, ATRIUM 2  ,,ANDHERI KURLA ROAD, CHAKALA,",,,,,CHINA,,,SAHAR AIR CARGO ACC (INBOM4),90181290,LINEAR ARRAY TRANSDUCER: L12-5Q (MEDICAL EQUIPMENT) (APTA CERT NO: B231923672010002 DT. 01.03.2023),,57.0,PCS,0.0,28500.0,5982826,,
2023-03-02,印度,中国,KONICA MINOLTA HEALTHCARE INDIA PRIVATE LIMITED,EDAN INSTRUMENTS INC,"OFFICE NO.201, 2ND FLOOR, ATRIUM 2  ,,ANDHERI KURLA ROAD, CHAKALA,",,,,,CHINA,,,SAHAR AIR CARGO ACC (INBOM4),90181290,PHASED ARRAY TRANSDUCER: P5-1Q (MEDICAL EQUIPMENT) (APTA CERT NO: B231923672010002 DT. 01.03.2023),,10.0,PCS,0.0,5000.0,5982826,,
2023-03-02,印度,中国,KONICA MINOLTA HEALTHCARE INDIA PRIVATE LIMITED,EDAN INSTRUMENTS INC,"OFFICE NO.201, 2ND FLOOR, ATRIUM 2  ,,ANDHERI KURLA ROAD, CHAKALA,",,,,,CHINA,,,SAHAR AIR CARGO ACC (INBOM4),90181290,LINEAR ARRAY TRANSDUCER: VEL8-3WQ(2.5M) (MEDICAL EQUIPMENT)(APTA CERT NO: B231923672010002 DT. 01.03.2023),,8.0,PCS,0.0,4000.0,5982826,,
2023-03-02,印度,中国,ACER BIOMEDICALS LLP,WUHAN ZONCARE BIOMEDICAL ELECTRONICS,"76/76A, 3RD FLOOR, 453/455, CHIKHA  L,HOUSE, KALBADEVI ROAD,",,,,,CHINA,,,DELHI AIR CARGO ACC (INDEL4),90181290,IMAC 120 -12 CHANNEL ECG MACHINE (MEDICAL EQUIPMENT),,50.0,PCS,0.0,25000.0,5976041,,
2023-03-02,印度,中国,KONICA MINOLTA HEALTHCARE INDIA PRIVATE LIMITED,EDAN INSTRUMENTS INC,"OFFICE NO.201, 2ND FLOOR, ATRIUM 2  ,,ANDHERI KURLA ROAD, CHAKALA,",,,,,CHINA,,,SAHAR AIR CARGO ACC (INBOM4),90181290,VET ENDORECTAL TRANSDUCER: VEL12-5Q(2.5M) (MEDICAL EQUIPMENT) (APTA CERT NO: B231923672010002 DT. 01.03.2023),,8.0,PCS,0.0,4000.0,5982826,,
2023-03-01,印度,中国,S S MEDICAL SYSTEMS INDIA PRIVATE LIMITED,WUHAN ZONCARE BIOMEDICAL ELECTRONICS CO LTD,"F2&F3, INDUSTRIAL ESTATE,",,,,,CHINA,,,DELHI AIR CARGO ACC (INDEL4),90181290,COLOR DOPPLER ZONCARE-Q3 DISPLAY ASSEMBLY (MEDICAL EQUIPMENT),,1.0,NOS,0.0,1500.0,5966308,,
2023-03-01,印度,中国,S S MEDICAL SYSTEMS INDIA PRIVATE LIMITED,WUHAN ZONCARE BIOMEDICAL ELECTRONICS CO LTD,"F2&F3, INDUSTRIAL ESTATE,",,,,,CHINA,,,DELHI AIR CARGO ACC (INDEL4),90181290,COLOR DOPPLER ZONCARE-M5CONTROL PANEL ASSEMBLY (MEDICAL EQUIPMENT),,2.0,NOS,0.0,3500.0,5966308,,
2023-03-01,印度,中国,S S MEDICAL SYSTEMS INDIA PRIVATE LIMITED,WUHAN ZONCARE BIOMEDICAL ELECTRONICS CO LTD,"F2&F3, INDUSTRIAL ESTATE,",,,,,CHINA,,,DELHI AIR CARGO ACC (INDEL4),90181290,COLOR DOPPLER ZONCARE-M5 MAIN UNIT ASSEMBLY (MEDICAL EQUIPMENT),,2.0,NOS,0.0,3500.0,5966308,,
2023-03-01,印度,中国,S S MEDICAL SYSTEMS INDIA PRIVATE LIMITED,WUHAN ZONCARE BIOMEDICAL ELECTRONICS CO LTD,"F2&F3, INDUSTRIAL ESTATE,",,,,,CHINA,,,DELHI AIR CARGO ACC (INDEL4),90181290,COLOR DOPPLER ZONCARE-Q3 DISPLAY ASSEMBLY (MEDICAL EQUIPMENT),,1.0,NOS,0.0,1500.0,5966308,,
2023-03-01,印度,中国,S S MEDICAL SYSTEMS INDIA PRIVATE LIMITED,WUHAN ZONCARE BIOMEDICAL ELECTRONICS CO LTD,"F2&F3, INDUSTRIAL ESTATE,",,,,,CHINA,,,DELHI AIR CARGO ACC (INDEL4),90181290,COLOR DOPPLER ZONCARE-M5 MAIN UNIT ASSEMBLY (MEDICAL EQUIPMENT),,2.0,NOS,0.0,3500.0,5966308,,
2023-03-01,印度,中国,S S MEDICAL SYSTEMS INDIA PRIVATE LIMITED,WUHAN ZONCARE BIOMEDICAL ELECTRONICS CO LTD,"F2&F3, INDUSTRIAL ESTATE,",,,,,CHINA,,,DELHI AIR CARGO ACC (INDEL4),90181290,COLOR DOPPLER ZONCARE-Q3 MAIN UNIT ASSEMBLY (MEDICAL EQUIPMENT),,1.0,NOS,0.0,1500.0,5966308,,
2023-03-01,印度,中国,S S MEDICAL SYSTEMS INDIA PRIVATE LIMITED,WUHAN ZONCARE BIOMEDICAL ELECTRONICS CO LTD,"F2&F3, INDUSTRIAL ESTATE,",,,,,CHINA,,,DELHI AIR CARGO ACC (INDEL4),90181290,COLOR DOPPLER ZONCARE-Q3 MAIN UNIT ASSEMBLY (MEDICAL EQUIPMENT),,1.0,NOS,0.0,1500.0,5966308,,
2023-03-01,印度,中国,S S MEDICAL SYSTEMS INDIA PRIVATE LIMITED,WUHAN ZONCARE BIOMEDICAL ELECTRONICS CO LTD,"F2&F3, INDUSTRIAL ESTATE,",,,,,CHINA,,,DELHI AIR CARGO ACC (INDEL4),90181290,COLOR DOPPLER ZONCARE-M5CONTROL PANEL ASSEMBLY (MEDICAL EQUIPMENT),,2.0,NOS,0.0,3500.0,5966308,,
2023-02-28,印度,中国,MINDRAY MEDICAL INDIA PVT LTD,MR GLOBAL HK LIMITED,"UNIT NO 1061 SOLITAIRE BLDG NO 10,  6TH FLR SOLITAIRE CORPORATE PARK",,,,,CHINA,,,SAHAR AIR CARGO ACC (INBOM4),90181290,"1154B-CTO-S01 DP-20 PORTABLE COLOR DOPPLER SYSTEM MAIN UNITFOR DP-20,DUAL TRANSDUCER CONNECTORS(FOR MEDICAL USE)",,1.0,NOS,0.0,2574.15,0763226,,
2023-02-28,乌兹别克斯坦,中国,OOO BINOKOR MALXAM SHIFO,CHISON MEDICAL TECHNOLOGIES CO LTD,,,,,,0,,,,9018120000,"1. Медицинское оборудование: ""Система ультразвуковая цифровая цветная допплеровская ""i 8"" с принадлежностями"", модели: ""i8"", серийный номер:122110995, год производства:01/2023, упаков. в 1 место. Всего: 1 штук. Производитель: ""CHISON Medical Technologies",,1.0,Piece,86.0,20000.0,,,
2023-02-27,印度,中国,MINDRAY MEDICAL INDIA PVT LTD,MR GLOBAL HK LIMITED,"UNIT NO 1061 SOLITAIRE BLDG NO 10,  6TH FLR SOLITAIRE CORPORATE PARK",,,,,CHINA,,,NHAVA SHEVA SEA (INNSA1),90181290,2152B-PA00023 DC-80 DC-80 COLOR DOPPLER SYSTEM(FOR MEDICAL USE),,5.0,NOS,0.0,165674.1,6576487,,
2023-02-27,印度,中国,MINDRAY MEDICAL INDIA PVT LTD,MR GLOBAL HK LIMITED,"UNIT NO 1061 SOLITAIRE BLDG NO 10,  6TH FLR SOLITAIRE CORPORATE PARK",,,,,CHINA,,,NHAVA SHEVA SEA (INNSA1),90181290,2152B-PA00028 DC-80 DC-80 COLOR DOPPLER SYSTEM(FOR MEDICAL USE),,3.0,NOS,0.0,99753.24,0124844,,
2023-02-25,印度,中国,MINDRAY MEDICAL INDIA PVT LTD,MR GLOBAL HK LIMITED,"UNIT NO 1061 SOLITAIRE BLDG NO 10,  6TH FLR SOLITAIRE CORPORATE PARK",,,,,CHINA,,,SAHAR AIR CARGO ACC (INBOM4),90181290,"2142B-CTO-S01 RESONA I9 COLOR DOPPLER SYSTEM CENTRAL BRAKE,SMART(FOR MEDICAL USE)",,1.0,NOS,0.0,45973.38,6632185,,
2023-02-25,印度,中国,MINDRAY MEDICAL INDIA PVT LTD,MR GLOBAL HK LIMITED,"UNIT NO 1061 SOLITAIRE BLDG NO 10,  6TH FLR SOLITAIRE CORPORATE PARK",,,,,CHINA,,,SAHAR AIR CARGO ACC (INBOM4),90181290,2138B-PA00085 M6 M6 PORTABLE COLORDOPPLERULTRASOUNDSYSTEM (FOR MEDICAL USE),,1.0,NOS,0.0,5894.44,3856700,,
2023-02-25,印度,中国,MINDRAY MEDICAL INDIA PVT LTD,MR GLOBAL HK LIMITED,"UNIT NO 1061 SOLITAIRE BLDG NO 10,  6TH FLR SOLITAIRE CORPORATE PARK",,,,,CHINA,,,SAHAR AIR CARGO ACC (INBOM4),90181290,"2142B-CTO-S01 RESONA I9 COLOR DOPPLER SYSTEM SMART TRACE,CPP,SMART THYROID,SMART BREAST,SMART (FOR MEDICAL USE)",,1.0,NOS,0.0,35067.01,6344512,,
2023-02-25,印度,中国,MINDRAY MEDICAL INDIA PVT LTD,MR GLOBAL HK LIMITED,"UNIT NO 1061 SOLITAIRE BLDG NO 10,  6TH FLR SOLITAIRE CORPORATE PARK",,,,,CHINA,,,SAHAR AIR CARGO ACC (INBOM4),90181290,"2138B-CTO-S01 M6 PORTABLE COLOR COLOR DOPPLER SYSTEM CW,DICOM QUERY/RETRIEVE,DICOM MPPS,SHARED SERVICE PACKAGE(FOR MEDIC",,1.0,NOS,0.0,3851.56,6451487,,
2023-02-25,印度,中国,MINDRAY MEDICAL INDIA PVT LTD,MR GLOBAL HK LIMITED,"UNIT NO 1061 SOLITAIRE BLDG NO 10,  6TH FLR SOLITAIRE CORPORATE PARK",,,,,CHINA,,,SAHAR AIR CARGO ACC (INBOM4),90181290,"2146B-CTO-S01 MX7 PORTABLE COLOR DOPPLER SYSTEM ISCAPE VIEW,FREE XROS(FOR MEDICAL USE)",,1.0,NOS,0.0,14706.15,3402862,,
2023-02-25,印度,中国,MINDRAY MEDICAL INDIA PVT LTD,MR GLOBAL HK LIMITED,"UNIT NO 1061 SOLITAIRE BLDG NO 10,  6TH FLR SOLITAIRE CORPORATE PARK",,,,,CHINA,,,SAHAR AIR CARGO ACC (INBOM4),90181290,"2145B-CTO-S01 DC-70 EXP COLOR DOPPLER SYSTEM SHARED SERVICEPACKAGE,SMART NT,SMART OB,STRAIN ELASTOGRAPHY(FOR MEDICAL US",,1.0,NOS,0.0,25977.27,6005562,,
2023-02-25,印度,中国,MINDRAY MEDICAL INDIA PVT LTD,MR GLOBAL HK LIMITED,"UNIT NO 1061 SOLITAIRE BLDG NO 10,  6TH FLR SOLITAIRE CORPORATE PARK",,,,,CHINA,,,SAHAR AIR CARGO ACC (INBOM4),90181290,"2142B-CTO-S01 RESONA I9 COLOR DOPPLER SYSTEM CENTRAL BRAKE,SMART TRACE(FOR MEDICAL USE)",,1.0,NOS,0.0,29242.99,7305813,,
2023-02-25,印度,中国,MINDRAY MEDICAL INDIA PVT LTD,MR GLOBAL HK LIMITED,"UNIT NO 1061 SOLITAIRE BLDG NO 10,  6TH FLR SOLITAIRE CORPORATE PARK",,,,,CHINA,,,SAHAR AIR CARGO ACC (INBOM4),90181290,"2148B-CTO-S01 DC-40 COLOR DOPPLER SYSTEM ISCAPE VIEW,SMART3D,IMT,TISSUE DOPPLER IMAGING,FREE XROS (FOR MEDICAL USE)",,1.0,NOS,0.0,14054.39,6221328,,
2023-02-25,印度,中国,MINDRAY MEDICAL INDIA PVT LTD,MR GLOBAL HK LIMITED,"UNIT NO 1061 SOLITAIRE BLDG NO 10,  6TH FLR SOLITAIRE CORPORATE PARK",,,,,CHINA,,,SAHAR AIR CARGO ACC (INBOM4),90181290,"2145B-CTO-S01 DC-70 EXP COLOR DOPPLER SYSTEM SHARED SERVICEPACKAGE,SMART NT,SMART OB,STRAIN ELASTOGRAPHY(FOR MEDICAL U",,1.0,NOS,0.0,23082.98,8217611,,
2023-02-25,印度,中国,MEDION HEALTHCARE PRIVATE LIMITED,AMBULANC SHENZHEN TECH CO LTD,"PLOT NO. K-49, THAKUR PADA GAON,  MIDC ANAND NAGAR, OPP. A SOLUTION C",,,,,CHINA,,,SAHAR AIR CARGO ACC (INBOM4),90181290,6000S VENTILATOR WITH STANDARD ACCESSORIES (MEDICAL EQUIPMENT) 10 SET,,10.0,NOS,0.0,8730.0,0732635,,
2023-02-25,印度,中国,MINDRAY MEDICAL INDIA PVT LTD,MR GLOBAL HK LIMITED,"UNIT NO 1061 SOLITAIRE BLDG NO 10,  6TH FLR SOLITAIRE CORPORATE PARK",,,,,CHINA,,,SAHAR AIR CARGO ACC (INBOM4),90181290,"2142B-CTO-S01 RESONA I9 COLOR DOPPLER SYSTEM CENTRAL BRAKE,SMART TRACE,(FOR MEDICAL USE)",,1.0,NOS,0.0,42987.28,8047061,,
2023-02-25,印度,中国,MINDRAY MEDICAL INDIA PVT LTD,MR GLOBAL HK LIMITED,"UNIT NO 1061 SOLITAIRE BLDG NO 10,  6TH FLR SOLITAIRE CORPORATE PARK",,,,,CHINA,,,SAHAR AIR CARGO ACC (INBOM4),90181290,"2166B-CTO-S01 CONSONA N9 COLOR DOPPLER SYSTEM OBG-3P PACKAGE DISCOUNT,PC KEYBOARD,MULTIFUNCTION(FOR MEDICAL USE)",,1.0,NOS,0.0,21018.08,6776435,,
2023-02-24,印度,中国,BIOMEDIX OPTOTECHNIK AND DEVICES PRIVATE LIMITED,MEDA CO LTD,"#258,AMARJYOTHI LAYOUT  INNER RING ROAD DOMLUR",,,,,CHINA,,,BANGALORE ACC (INBLR4),90181290,MD-2300S MEDICAL ULTRASOUND SCANNER,,10.0,NOS,0.0,40000.0,6084370,,
2023-02-24,越南,中国,CÔNG TY CỔ PHẦN XUẤT NHẬP KHẨU THIẾT BỊ Y TẾ HOÀN MỸ,SONOSCAPE MEDICAL CORP,"A8 Lot 12 Dinh Cong Street, Dinh Cong Ward, Hoang Mai District, Hanoi City, Vietnam","2F. 12TH BULDING, SHENZHEN SOFTWARE, PARK PHASE II,KEJI MIDDLE 2 ND ROAD, NANSHAN DISTRICT, SHENZHEN,518057, GUANGDONG CHINA, CN",,,,China,,HONG KONG,CANG CAT LAI (HCM),90181200,"Hệ thống siêu âm chẩn đoán màu, mã: P40 Elite, phụ kiện: đầu dò Linear 12L-A, đầu dò Phased Array S1-5, đầu dò Endocavity 6V3, dùng trong y tế. HSX:Sonoscape Medical Corp,China. Mới100%,Color diagnostic ultrasound system, code: P40 Elite, accessories: Linear 12L-A probe, Phased Array S1-5 probe, Endocavity 6V3 probe, medical use. HSX:Sonoscape Medical Corp,China. New100%",,1.0,Set,0.0,18850.0,200223SJFHK2300413,,
2023-02-23,越南,中国,CÔNG TY TNHH THƯƠNG MẠI DỊCH VỤ VÀ THIẾT BỊ Y TẾ DUY HƯNG,MIANYANG ULTRASOUND XIANFENG LTD,"477/7 Kinh Duong Vuong Street, An Lac Ward, Binh Tan District, Ho Chi Minh City","NO.677 TANGFANG AVENUE, TANGXUNTOWN, ECONOMIC, DEVELOPMENT DISTRICT, MIANYANG CITY, SICHUAN PROVINCE, CHINA, CN",,,,China,,SHENZHEN,CANG CAT LAI (HCM),90181200,"Máy siêu âm chẩn đoán (Type-B ultrasound Scanner), chủng loại: XF3600, nhà sản xuất: Mianyang Xianfeng Medical Instrument Co., Ltd. Hàng mới 100%,Diagnostic ultrasound machine (Type-B ultrasound Scanner), type: XF3600, manufacturer: Mianyang Xianfeng Medical Instrument Co., Ltd. New 100%",,1.0,Set,0.0,3500.0,180223HTHC23022024,,
2023-02-23,越南,中国,CÔNG TY TNHH THƯƠNG MẠI DỊCH VỤ VÀ THIẾT BỊ Y TẾ DUY HƯNG,MIANYANG ULTRASOUND XIANFENG LTD,"477/7 Kinh Duong Vuong Street, An Lac Ward, Binh Tan District, Ho Chi Minh City","NO.677 TANGFANG AVENUE, TANGXUNTOWN, ECONOMIC, DEVELOPMENT DISTRICT, MIANYANG CITY, SICHUAN PROVINCE, CHINA, CN",,,,China,,SHENZHEN,CANG CAT LAI (HCM),90181200,"Máy siêu âm chẩn đoán (Type-B ultrasound Scanner), chủng loại: XF3500, nhà sản xuất: Mianyang Xianfeng Medical Instrument Co., Ltd. Hàng mới 100%,Diagnostic ultrasound machine (Type-B ultrasound Scanner), type: XF3500, manufacturer: Mianyang Xianfeng Medical Instrument Co., Ltd. New 100%",,1.0,Set,0.0,2515.0,180223HTHC23022024,,
2023-02-23,越南,中国,CÔNG TY TNHH THƯƠNG MẠI DỊCH VỤ VÀ THIẾT BỊ Y TẾ DUY HƯNG,MIANYANG ULTRASOUND XIANFENG LTD,"477/7 Kinh Duong Vuong Street, An Lac Ward, Binh Tan District, Ho Chi Minh City","NO.677 TANGFANG AVENUE, TANGXUNTOWN, ECONOMIC, DEVELOPMENT DISTRICT, MIANYANG CITY, SICHUAN PROVINCE, CHINA, CN",,,,China,,SHENZHEN,CANG CAT LAI (HCM),90181200,"Máy siêu âm chẩn đoán (Type-B ultrasound Scanner), chủng loại: XF300, nhà sản xuất: Mianyang Xianfeng Medical Instrument Co., Ltd. Hàng mới 100%,Diagnostic ultrasound machine (Type-B ultrasound Scanner), type: XF300, manufacturer: Mianyang Xianfeng Medical Instrument Co., Ltd. New 100%",,1.0,Set,0.0,810.0,180223HTHC23022024,,
2023-02-23,越南,中国,CÔNG TY TNHH THƯƠNG MẠI DỊCH VỤ VÀ THIẾT BỊ Y TẾ DUY HƯNG,MIANYANG ULTRASOUND XIANFENG LTD,"477/7 Kinh Duong Vuong Street, An Lac Ward, Binh Tan District, Ho Chi Minh City","NO.677 TANGFANG AVENUE, TANGXUNTOWN, ECONOMIC, DEVELOPMENT DISTRICT, MIANYANG CITY, SICHUAN PROVINCE, CHINA, CN",,,,China,,SHENZHEN,CANG CAT LAI (HCM),90181200,"Máy siêu âm chẩn đoán (Type-B ultrasound Scanner), chủng loại: XF30, nhà sản xuất: Mianyang Xianfeng Medical Instrument Co., Ltd. Hàng mới 100%,Diagnostic ultrasound machine (Type-B ultrasound Scanner), type: XF30, manufacturer: Mianyang Xianfeng Medical Instrument Co., Ltd. New 100%",,1.0,Set,0.0,1745.0,180223HTHC23022024,,
2023-02-22,乌兹别克斯坦,中国,ООО INTERMED INNOVATION TRADE,SHENZHEN SHUOXING IMPORT&EXPORT CO LTD,,,,,,0,,,,9018120000,"1) Digital Ultrasound Diagnostic Imaging System Consona N9 with accessories / Ультразвуковая диагностическая система  Consona N9 в комплекте с принадлежностями, новый, 2022 год выпуска, сер.№LQ6-2A000211, производитель Shenzhen Mindray Bio-Medical Electr",,1.0,Piece,73.0,35000.0,,,
2023-02-22,印度,中国,MINDRAY MEDICAL INDIA PVT LTD,MR GLOBAL HK LIMITED,"UNIT NO 1061 SOLITAIRE BLDG NO 10,  6TH FLR SOLITAIRE CORPORATE PARK",,,,,CHINA,,,SAHAR AIR CARGO ACC (INBOM4),90181290,"2148B-CTO-S01 DC-40 COLOR DOPPLER SYSTEM ISCAPE VIEW,SMART 3D,IMT,TISSUE DOPPLER IMAGING,FREE XROS M,DICOM(FOR MEDICAL U",,2.0,NOS,0.0,34918.58,3746814,,
2023-02-22,印度,中国,MINDRAY MEDICAL INDIA PVT LTD,MR GLOBAL HK LIMITED,"UNIT NO 1061 SOLITAIRE BLDG NO 10,  6TH FLR SOLITAIRE CORPORATE PARK",,,,,CHINA,,,SAHAR AIR CARGO ACC (INBOM4),90181290,"2148B-CTO-S01 DC-40 COLOR DOPPLER SYSTEM ISCAPE VIEW,SMART 3D,IMT,TISSUE DOPPLER IMAGING,FREE XROS M,DICOM(FOR MEDICAL U",,1.0,NOS,0.0,15906.79,1522534,,
2023-02-22,乌兹别克斯坦,中国,ООО INTERMED INNOVATION TRADE,SHENZHEN SHUOXING IMPORT&EXPORT CO LTD,,,,,,0,,,,9018120000,"1) Digital Ultrasound Diagnostic Imaging System DC-80 with accessories / Ультразвуковая диагностическая система  DC-80 в комплекте с принадлежностями, новый, 2022 год выпуска, сер.№NE1-2A000167, производитель Shenzhen Mindray Bio-Medical Electronics Co.,",,1.0,Piece,128.51,45000.0,,,
2023-02-22,印度,中国,MINDRAY MEDICAL INDIA PVT LTD,MR GLOBAL HK LIMITED,"UNIT NO 1061 SOLITAIRE BLDG NO 10,  6TH FLR SOLITAIRE CORPORATE PARK",,,,,CHINA,,,SAHAR AIR CARGO ACC (INBOM4),90181290,"2147B-CTO-S01 DC-60 EXP COLOR DOPPLER SYSTEM DVD-RW,DICOM BASIC,DICOM BREAST SR (FOR MEDICAL USE)",,1.0,NOS,0.0,29622.08,0141471,,
2023-02-21,印度,中国,MINDRAY MEDICAL INDIA PVT LTD,MR GLOBAL HK LIMITED,"UNIT NO 1061 SOLITAIRE BLDG NO 10,  6TH FLR SOLITAIRE CORPORATE PARK",,,,,CHINA,,,NHAVA SHEVA SEA (INNSA1),90181290,2148B-PA00066 DC-40 COLOR DOPPLER SYSTEM (FOR MEDICAL USE),,30.0,NOS,0.0,353302.2,5884611,,
2023-02-20,乌兹别克斯坦,中国,ООО MERIDIAN DIAGNOSTIC HOSPITAL,SHENZHEN MINDRAY BIOMEDICAL ELECTRONICS CO LTD,,,,,,0,,,,9018120000,"1) Ultrasound Diagnostic Imaging System Consona N9 with accessories/Ультразвуковая диагностическая система  Consona N9 в комплекте с принадлежностями, новый, 2022 год выпуска, сер.№LQ6-29000186, производитель Shenzhen Mindray Bio-Medical Electronics Co.,",,1.0,Piece,74.0,35000.0,,,
2023-02-20,乌干达,中国,FIRM MEDICAL SUPPLIES LIMITED,GUANGZHOU YAN LANG,,,,,,CHINA,UGANDA,,,90181200000,MEDICAL ULTRASOUND SCAN MACHINE,,1.0,Number,87.0,800.0001,,,
2023-02-18,印度,中国,MINDRAY MEDICAL INDIA PVT LTD,MR GLOBAL HK LIMITED,"UNIT NO 1061 SOLITAIRE BLDG NO 10,  6TH FLR SOLITAIRE CORPORATE PARK",,,,,CHINA,,,NHAVA SHEVA SEA (INNSA1),90181290,2167B-PA00005 DC-30 DC-30 COLOR DOPPLER SYSTEM(FOR MEDICAL USE),,30.0,NOS,0.0,259759.8,0025284,,
2023-02-18,印度,中国,MINDRAY MEDICAL INDIA PVT LTD,MR GLOBAL HK LIMITED,"UNIT NO 1061 SOLITAIRE BLDG NO 10,  6TH FLR SOLITAIRE CORPORATE PARK",,,,,CHINA,,,SAHAR AIR CARGO ACC (INBOM4),90181290,2147B-PA00068 DC-60 EXP DC-60 EXP COLOR DOPPLER SYSTEM(FOR MEDICAL USE),,1.0,NOS,0.0,18339.31,2818043,,
2023-02-18,印度,中国,MINDRAY MEDICAL INDIA PVT LTD,MR GLOBAL HK LIMITED,"UNIT NO 1061 SOLITAIRE BLDG NO 10,  6TH FLR SOLITAIRE CORPORATE PARK",,,,,CHINA,,,NHAVA SHEVA SEA (INNSA1),90181290,2167B-PA00112 DC-30 DC-30 COLOR DOPPLER SYSTEM(FOR MEDICAL USE),,8.0,NOS,0.0,69340.48,8367867,,
2023-02-18,印度,中国,MINDRAY MEDICAL INDIA PVT LTD,MR GLOBAL HK LIMITED,"UNIT NO 1061 SOLITAIRE BLDG NO 10,  6TH FLR SOLITAIRE CORPORATE PARK",,,,,CHINA,,,SAHAR AIR CARGO ACC (INBOM4),90181290,"2142B-CTO-S01 NUEWA I9 COLOR DOPPLER SYSTEM SMART TRACE,SMART HIP,SMART VOLUME,SMART V TRACE,SMART SCENE (FOR MEDICAL U",,1.0,NOS,0.0,27647.86,4544370,,
2023-02-18,印度,中国,MINDRAY MEDICAL INDIA PVT LTD,MR GLOBAL HK LIMITED,"UNIT NO 1061 SOLITAIRE BLDG NO 10,  6TH FLR SOLITAIRE CORPORATE PARK",,,,,CHINA,,,SAHAR AIR CARGO ACC (INBOM4),90181290,2147B-PA00072 DC-60 EXP DC-60 EXP COLOR DOPPLER SYSTEM(FOR MEDICAL USE),,1.0,NOS,0.0,16782.22,2321037,,
2023-02-18,印度,中国,MINDRAY MEDICAL INDIA PVT LTD,MR GLOBAL HK LIMITED,"UNIT NO 1061 SOLITAIRE BLDG NO 10,  6TH FLR SOLITAIRE CORPORATE PARK",,,,,CHINA,,,SAHAR AIR CARGO ACC (INBOM4),90181290,2167B-PA00112 DC-30 DC-30 COLOR DOPPLER SYSTEM(FOR MEDICAL USE),,2.0,NOS,0.0,17335.12,8641103,,
2023-02-17,乌兹别克斯坦,中国,OOO MEDSPACE SOLUTIONS,CHISON MEDICAL TECHNOLOGIES CO LTD,,,,,,0,,,,9018120000,"1. CHISON CBit4 COLOR DOPPLER ULTRASOUD DIAGNOSTIC SYSTEM / Система ультра  звуковая цветная допплеровская  CBit4 с принадлежностями. Производитель:CHISON MEDICAL TECHNOLOGIES CO.,LTD - кол. 2 шт, вес: 172 кг 2. мест 2, 2 дерев.ящик. 8. 000 9. 000 10. 20",,2.0,Piece,172.0,21800.0,,,
2023-02-17,乌兹别克斯坦,中国,OOO MEDSPACE SOLUTIONS,CHISON MEDICAL TECHNOLOGIES CO LTD,,,,,,0,,,,9018120000,"1. CHISON CBit9 COLOR DOPPLER ULTRASOUD DIAGNOSTIC SYSTEM / Система ультра  звуковая цветная допплеровская  CBit9 с принадлежностями. Производитель:CHISON MEDICAL TECHNOLOGIES CO.,LTD - кол. 2 шт, вес: 172 кг 2. мест 2, 2 дерев.ящик. 8. 000 9. 000 10. 20",,2.0,Piece,172.0,26800.0,,,
2023-02-17,乌兹别克斯坦,中国,OOO MEDSPACE SOLUTIONS,CHISON MEDICAL TECHNOLOGIES CO LTD,,,,,,0,,,,9018120000,"1. CHISON QBit9 COLOR DOPPLER ULTRASOUD DIAGNOSTIC SYSTEM / Система ультра  звуковая цветная допплеровская  QBit9 с принадлежностями. Производитель:CHISON MEDICAL TECHNOLOGIES CO.,LTD - кол. 7 шт, вес: 532 кг 2. мест 7, 7 дерев.ящик. 8. 000 9. 000 10. 20",,7.0,Piece,532.0,52500.0,,,
2023-02-16,印度,中国,MEDIMART MEDICAL SYSTEMS PRIVATE LIMITED,SZ HUGEMED MED TECH DEV CO LTD,"NO 9 PILLAYAR KOIL STREET,  RAMAPURAM MAIN ROAD KAIKANKUPPAM",,,,,CHINA,,,CHENNAI AIR CARGO ACC (INMAA4),90181290,"IMAGE PROCESSOR, HUV-01 (MEDICAL PARTS)",,1.0,PCS,0.0,1500.0,8155144,,
2023-02-16,印度,中国,MINDRAY MEDICAL INDIA PVT LTD,MR GLOBAL HK LIMITED,"UNIT NO 1061 SOLITAIRE BLDG NO 10,  6TH FLR SOLITAIRE CORPORATE PARK",,,,,CHINA,,,SAHAR AIR CARGO ACC (INBOM4),90181290,"2147B-CTO-S01 DC-60 EXP COLOR DOPPLER SYSTEM DVD-RW,DICOM BASIC,DICOM BREAST SR(FOR MEDICAL USE)",,2.0,NOS,0.0,38942.42,5102585,,
2023-02-16,印度,中国,MINDRAY MEDICAL INDIA PVT LTD,MR GLOBAL HK LIMITED,"UNIT NO 1061 SOLITAIRE BLDG NO 10,  6TH FLR SOLITAIRE CORPORATE PARK",,,,,CHINA,,,SAHAR AIR CARGO ACC (INBOM4),90181290,"2145B-CTO-S01 DC-70 EXP COLOR DOPPLER SYSTEM SHARED SERVICEPACKAGE,STRESS ECHO,TDI QA,STRAIN ELASTOGRAPHY(FOR MEDICAL U",,1.0,NOS,0.0,12410.74,0663211,,
2023-02-16,越南,中国,CÔNG TY TNHH THIẾT BỊ SIÊU ÂM Y TẾ VIỆT NAM,SONOSCAPE MEDICAL CORP,"B26, Lot 19, Dinh Cong New Urban Area - Dinh Cong Ward - Hoang Mai District - Hanoi.","2F,12TH BUILDING, SHENZHEN SOFTWARE, PARK PHASE II, NANSHAN DISTRICT, SHENZHEN,518057, GUANGDONG, CHINA",,,,China,,HONG KONG,HO CHI MINH,90181200,"Đầu dò siêu âm cho thú y, mã: 3P-A. NSX: SONOSCAPE MEDICAL CORP/CHINA. Hàng mới 100%,Veterinary ultrasonic transducer, code: 3P-A. NSX: SONOSCAPE MEDICAL CORP/CHINA. New 100%",,1.0,Pieces,0.0,2200.0,771168377618,,
2023-02-16,越南,中国,CÔNG TY TNHH THIẾT BỊ SIÊU ÂM Y TẾ VIỆT NAM,SONOSCAPE MEDICAL CORP,"B26, Lot 19, Dinh Cong New Urban Area - Dinh Cong Ward - Hoang Mai District - Hanoi.","2F,12TH BUILDING, SHENZHEN SOFTWARE, PARK PHASE II, NANSHAN DISTRICT, SHENZHEN,518057, GUANGDONG, CHINA",,,,China,,HONG KONG,HO CHI MINH,90181200,"Đầu dò siêu âm cho thú y, mã: 6V1. NSX: SONOSCAPE MEDICAL CORP/CHINA. Hàng mới 100%,Veterinary ultrasound transducer, code: 6V1. NSX: SONOSCAPE MEDICAL CORP/CHINA. New 100%",,1.0,Pieces,0.0,2000.0,771168377618,,
2023-02-16,印度,中国,MINDRAY MEDICAL INDIA PVT LTD,MR GLOBAL HK LIMITED,"UNIT NO 1061 SOLITAIRE BLDG NO 10,  6TH FLR SOLITAIRE CORPORATE PARK",,,,,CHINA,,,SAHAR AIR CARGO ACC (INBOM4),90181290,"2147B-CTO-S01 DC-60 EXP COLOR DOPPLER SYSTEM DVD-RW,DICOM BASIC,DICOM BREAST SR,DICOM VASCULAR(FOR MEDICAL USE)",,1.0,NOS,0.0,23062.47,6156347,,
2023-02-16,印度,中国,MEDIMART MEDICAL SYSTEMS PRIVATE LIMITED,SZ HUGEMED MED TECH DEV CO LTD,"NO 9 PILLAYAR KOIL STREET,  RAMAPURAM MAIN ROAD KAIKANKUPPAM",,,,,CHINA,,,CHENNAI AIR CARGO ACC (INMAA4),90181290,"SINGLE USE VIDEO URETEROSCOPE SYSTEM COMPLETE SET-HU30S & IMAGE PROCESSOR, HUV-01(114 PCS) (MEDICAL PARTS)",,10.0,SET,0.0,38500.0,8662515,,
2023-02-16,印度,中国,MINDRAY MEDICAL INDIA PVT LTD,MR GLOBAL HK LIMITED,"UNIT NO 1061 SOLITAIRE BLDG NO 10,  6TH FLR SOLITAIRE CORPORATE PARK",,,,,CHINA,,,SAHAR AIR CARGO ACC (INBOM4),90181290,"2148B-CTO-S01 DC-40 COLOR DOPPLER SYSTEM ISCAPE VIEW,SMART3D,IMT,DICOM BASIC,SMART OB,ELASTOGRAPHY(FOR MEDICAL USE)",,1.0,NOS,0.0,14024.74,7826361,,
2023-02-16,印度,中国,MINDRAY MEDICAL INDIA PVT LTD,MR GLOBAL HK LIMITED,"UNIT NO 1061 SOLITAIRE BLDG NO 10,  6TH FLR SOLITAIRE CORPORATE PARK",,,,,CHINA,,,SAHAR AIR CARGO ACC (INBOM4),90181290,"2166B-CTO-S01 CONSONA N9 COLOR DOPPLER SYSTEM SS-4P PACKAGEDISCOUNT,PC KEYBOARD,MULTIFUNCTION MODULE(FOR MEDICAL USE)",,1.0,NOS,0.0,19704.08,8662045,,
2023-02-15,印度,中国,KONICA MINOLTA HEALTHCARE INDIA PRIVATE LIMITED,SHANTOU INSTITUTE OF ULTRASONIC INS,"OFFICE NO.201, 2ND FLOOR, ATRIUM 2  ,,ANDHERI KURLA ROAD, CHAKALA,",,,,,CHINA,,,NHAVA SHEVA SEA (INNSA1),90181290,C3L60C CONVEX PROBE (MEDICAL EQUIPMENT) (APTA CERT NO. B234559428030001 DT.06.02.2023),,6.0,PCS,0.0,6000.0,2863715,,
2023-02-15,印度,中国,KONICA MINOLTA HEALTHCARE INDIA PRIVATE LIMITED,SHANTOU INSTITUTE OF ULTRASONIC INS,"OFFICE NO.201, 2ND FLOOR, ATRIUM 2  ,,ANDHERI KURLA ROAD, CHAKALA,",,,,,CHINA,,,NHAVA SHEVA SEA (INNSA1),90181290,L8L38C LINEAR PROBE (MEDICAL EQUIPMENT) (APTA CERT NO. B234559428030001 DT.06.02.2023),,6.0,PCS,0.0,6000.0,2256322,,
2023-02-15,印度,中国,KONICA MINOLTA HEALTHCARE INDIA PRIVATE LIMITED,CHISON MEDICAL TECNOLOGIES CO LTD,"OFFICE NO.201, 2ND FLOOR, ATRIUM 2  ,,ANDHERI KURLA ROAD, CHAKALA,",,,,,CHINA,,,SAHAR AIR CARGO ACC (INBOM4),90181290,V6-A TV PROBE (MEDICAL EQUIPMENT) (APTA CERT NO. B232405081537001 DT.15.02.2023),,32.0,PCS,0.0,25600.0,3637060,,
2023-02-15,印度,中国,KONICA MINOLTA HEALTHCARE INDIA PRIVATE LIMITED,SHANTOU INSTITUTE OF ULTRASONIC INS,"OFFICE NO.201, 2ND FLOOR, ATRIUM 2  ,,ANDHERI KURLA ROAD, CHAKALA,",,,,,CHINA,,,NHAVA SHEVA SEA (INNSA1),90181290,P5F10C CARDIAC PROBE (MEDICAL EQUIPMENT) (APTA CERT NO. B234559428030001 DT.06.02.2023),,1.0,PCS,0.0,1800.0,4404037,,
2023-02-15,印度,中国,KONICA MINOLTA HEALTHCARE INDIA PRIVATE LIMITED,SHANTOU INSTITUTE OF ULTRASONIC INS,"OFFICE NO.201, 2ND FLOOR, ATRIUM 2  ,,ANDHERI KURLA ROAD, CHAKALA,",,,,,CHINA,,,NHAVA SHEVA SEA (INNSA1),90181290,C3L60C CONVEX PROBE (MEDICAL EQUIPMENT) (APTA CERT NO. B234559428030001 DT.06.02.2023),,2.0,PCS,0.0,2000.0,8375581,,
2023-02-15,印度,中国,KONICA MINOLTA HEALTHCARE INDIA PRIVATE LIMITED,CHISON MEDICAL TECNOLOGIES CO LTD,"OFFICE NO.201, 2ND FLOOR, ATRIUM 2  ,,ANDHERI KURLA ROAD, CHAKALA,",,,,,CHINA,,,SAHAR AIR CARGO ACC (INBOM4),90181290,ECO6 COLOUR ULTRASOUND SYSTEM (MEDICAL EQUIPMENT) (APTA CERTNO. B232405081537001 DT.15.02.2023),,32.0,PCS,0.0,28800.0,5400763,,
2023-02-15,印度,中国,KONICA MINOLTA HEALTHCARE INDIA PRIVATE LIMITED,CHISON MEDICAL TECNOLOGIES CO LTD,"OFFICE NO.201, 2ND FLOOR, ATRIUM 2  ,,ANDHERI KURLA ROAD, CHAKALA,",,,,,CHINA,,,SAHAR AIR CARGO ACC (INBOM4),90181290,L7M-A LINEAR PROBE (MEDICAL EQUIPMENT) (APTA CERT NO. B232405081537001 DT.15.02.2023),,32.0,PCS,0.0,25600.0,0821848,,
2023-02-15,印度,中国,KONICA MINOLTA HEALTHCARE INDIA PRIVATE LIMITED,CHISON MEDICAL TECNOLOGIES CO LTD,"OFFICE NO.201, 2ND FLOOR, ATRIUM 2  ,,ANDHERI KURLA ROAD, CHAKALA,",,,,,CHINA,,,SAHAR AIR CARGO ACC (INBOM4),90181290,L7M-A LINEAR RECTAL PROBE (MEDICAL EQUIPMENT) (APTA CERT NO.B232405081537001 DT.15.02.2023),,6.0,PCS,0.0,7800.0,2645813,,
2023-02-15,印度,中国,KONICA MINOLTA HEALTHCARE INDIA PRIVATE LIMITED,SHANTOU INSTITUTE OF ULTRASONIC INS,"OFFICE NO.201, 2ND FLOOR, ATRIUM 2  ,,ANDHERI KURLA ROAD, CHAKALA,",,,,,CHINA,,,NHAVA SHEVA SEA (INNSA1),90181290,V6L11C VAGINAL PROBE (MEDICAL EQUIPMENT) (APTA CERT NO. B234559428030001 DT.06.02.2023),,6.0,PCS,0.0,6000.0,3564574,,
2023-02-15,印度,中国,KONICA MINOLTA HEALTHCARE INDIA PRIVATE LIMITED,SHANTOU INSTITUTE OF ULTRASONIC INS,"OFFICE NO.201, 2ND FLOOR, ATRIUM 2  ,,ANDHERI KURLA ROAD, CHAKALA,",,,,,CHINA,,,NHAVA SHEVA SEA (INNSA1),90181290,P3F14C PHASED ARRAY PROBE (MEDICAL EQUIPMENT) (APTA CERT NO.B234559428030001 DT.06.02.2023),,3.0,PCS,0.0,3000.0,6738432,,
2023-02-15,印度,中国,KONICA MINOLTA HEALTHCARE INDIA PRIVATE LIMITED,CHISON MEDICAL TECNOLOGIES CO LTD,"OFFICE NO.201, 2ND FLOOR, ATRIUM 2  ,,ANDHERI KURLA ROAD, CHAKALA,",,,,,CHINA,,,SAHAR AIR CARGO ACC (INBOM4),90181290,C3-A CONVEX PROBE (MEDICAL EQUIPMENT) (APTA CERT NO. B232405081537001 DT.15.02.2023),,32.0,PCS,0.0,25600.0,2236524,,
2023-02-15,印度,中国,KONICA MINOLTA HEALTHCARE INDIA PRIVATE LIMITED,SHANTOU INSTITUTE OF ULTRASONIC INS,"OFFICE NO.201, 2ND FLOOR, ATRIUM 2  ,,ANDHERI KURLA ROAD, CHAKALA,",,,,,CHINA,,,NHAVA SHEVA SEA (INNSA1),90181290,COLOR DOPPLER ULTRASOUND SYSTEM AEROSCAN CD25 PRO (MEDICAL EQUIPMENT) (APTA CERT NO. B234559428030001 DT.06.02.2023),,3.0,UNT,0.0,11400.0,5884250,,
2023-02-15,印度,中国,KONICA MINOLTA HEALTHCARE INDIA PRIVATE LIMITED,SHANTOU INSTITUTE OF ULTRASONIC INS,"OFFICE NO.201, 2ND FLOOR, ATRIUM 2  ,,ANDHERI KURLA ROAD, CHAKALA,",,,,,CHINA,,,NHAVA SHEVA SEA (INNSA1),90181290,COLOR DOPPLER ULTRASOUND SYSTEM AEROSCAN CD25 PRO (MEDICAL EQUIPMENT) (APTA CERT NO. B234559428030001 DT.06.02.2023),,1.0,UNT,0.0,3800.0,7417801,,
2023-02-15,印度,中国,KONICA MINOLTA HEALTHCARE INDIA PRIVATE LIMITED,SHANTOU INSTITUTE OF ULTRASONIC INS,"OFFICE NO.201, 2ND FLOOR, ATRIUM 2  ,,ANDHERI KURLA ROAD, CHAKALA,",,,,,CHINA,,,NHAVA SHEVA SEA (INNSA1),90181290,B/W ULTRASOUND SYSTEM AEROSCAN B2 PRO (MEDICAL EQUIPMENT) (APTA CERT NO. B234559428030001 DT.06.02.2023),,10.0,UNT,0.0,24000.0,7371186,,
2023-02-15,印度,中国,KONICA MINOLTA HEALTHCARE INDIA PRIVATE LIMITED,SHANTOU INSTITUTE OF ULTRASONIC INS,"OFFICE NO.201, 2ND FLOOR, ATRIUM 2  ,,ANDHERI KURLA ROAD, CHAKALA,",,,,,CHINA,,,NHAVA SHEVA SEA (INNSA1),90181290,C3160F CONVEX PROBE (MEDICAL EQUIPMENT) (APTA CERT NO. B234559428030001 DT.06.02.2023),,10.0,PCS,0.0,8000.0,4463215,,
2023-02-14,乌兹别克斯坦,中国,OOO FLORA FARM SERVIS,DONG HAO TRADE LIMITED,,,,,,0,,,,9018120000,"1. Ултразвуковая диагностическая система с принадлежностями 2 датчиками, эксклюзивным монокристалическим обёмным 4D датчиком, встроенным UPS принтером Модель: S50 Производитель: SONOSCAPE MEDICAL CORP Контейнер: LYGU4097313 - кол. 1 шт, вес: 126 кг 2. ме",,1.0,Piece,126.0,50000.0,,,
2023-02-13,印度,中国,ACER BIOMEDICALS LLP,ZHUHAI HONGBANG MEDICAL SCIENCE &TECHNOLOGY CO LTD,"76/76A, 3RD FLOOR, 453/455, CHIKHA  L,HOUSE, KALBADEVI ROAD,",,,,,CHINA,,,TUGHLAKABAD,90181290,HB1012 -12 CHANNEL ECG MACHINE (MEDICAL EQUIPMENT),,48.0,PCS,0.0,19200.0,1327808,,
2023-02-13,印度,中国,ACER BIOMEDICALS LLP,ZHUHAI HONGBANG MEDICAL SCIENCE &TECHNOLOGY CO LTD,"76/76A, 3RD FLOOR, 453/455, CHIKHA  L,HOUSE, KALBADEVI ROAD,",,,,,CHINA,,,TUGHLAKABAD,90181290,HB1003 -3CHANNEL ECG MACHINE (MEDICAL EQUIPMENT),,100.0,PCS,0.0,17500.0,2626026,,
2023-02-13,印度,中国,ACER BIOMEDICALS LLP,ZHUHAI HONGBANG MEDICAL SCIENCE &TECHNOLOGY CO LTD,"76/76A, 3RD FLOOR, 453/455, CHIKHA  L,HOUSE, KALBADEVI ROAD,",,,,,CHINA,,,TUGHLAKABAD,90181290,HB1012 -12 CHANNEL ECG MACHINE 12.1 DISPLAY (MEDICAL EQUIPMENT),,2.0,PCS,0.0,800.0,8263655,,
2023-02-11,印度,中国,MINDRAY MEDICAL INDIA PVT LTD,MR GLOBAL HK LIMITED,"UNIT NO 1061 SOLITAIRE BLDG NO 10,  6TH FLR SOLITAIRE CORPORATE PARK",,,,,CHINA,,,SAHAR AIR CARGO ACC (INBOM4),90181290,"2142B-CTO-S01 NUEWA I9 COLOR DOPPLER SYSTEM SMART TRACE,SMART HIP,SMART VOLUME,SMART V TRACE,SMART(FOR MEDICAL USE)",,1.0,NOS,0.0,30130.86,1361373,,
2023-02-11,印度,中国,MINDRAY MEDICAL INDIA PVT LTD,MR GLOBAL HK LIMITED,"UNIT NO 1061 SOLITAIRE BLDG NO 10,  6TH FLR SOLITAIRE CORPORATE PARK",,,,,CHINA,,,SAHAR AIR CARGO ACC (INBOM4),90181290,"1116B-CTO-S01 Z60 COLOR DOPPLER SYSTEM DICOM BASIC,IMT,P-CV-1P DISCOUNT,PROBE 2P2P(FOR MEDICAL USE)",,1.0,NOS,0.0,7567.77,0676148,,
2023-02-11,印度,中国,MINDRAY MEDICAL INDIA PVT LTD,MR GLOBAL HK LIMITED,"UNIT NO 1061 SOLITAIRE BLDG NO 10,  6TH FLR SOLITAIRE CORPORATE PARK",,,,,CHINA,,,SAHAR AIR CARGO ACC (INBOM4),90181290,"2142B-CTO-S01 RESONA I9 COLOR DOPPLER SYSTEM SMART TRACE,CPP,SMART THYROID,SMART BREAST,SMART HRIFOR MEDICAL USE)",,1.0,NOS,0.0,36621.19,2553502,,
2023-02-11,印度,中国,MINDRAY MEDICAL INDIA PVT LTD,MR GLOBAL HK LIMITED,"UNIT NO 1061 SOLITAIRE BLDG NO 10,  6TH FLR SOLITAIRE CORPORATE PARK",,,,,CHINA,,,SAHAR AIR CARGO ACC (INBOM4),90181290,"1156B-CTO-S01 DP-50EXPERT DIGITAL COLOR DOPPLER SYSTEM DP-50EXPERT MAIN UNIT,DICOM BASI(FOR MEDICAL USE)",,1.0,NOS,0.0,3173.03,8683751,,
2023-02-11,印度,中国,MINDRAY MEDICAL INDIA PVT LTD,MR GLOBAL HK LIMITED,"UNIT NO 1061 SOLITAIRE BLDG NO 10,  6TH FLR SOLITAIRE CORPORATE PARK",,,,,CHINA,,,SAHAR AIR CARGO ACC (INBOM4),90181290,"2142B-CTO-S01 NUEWA I9 COLOR DOPPLER SYSTEM SMART TRACE,SMART HIP,SMART VOLUME,SMART V TRACE(FOR MEDICAL USE)",,2.0,NOS,0.0,60261.72,1231508,,
2023-02-11,印度,中国,MINDRAY MEDICAL INDIA PVT LTD,MR GLOBAL HK LIMITED,"UNIT NO 1061 SOLITAIRE BLDG NO 10,  6TH FLR SOLITAIRE CORPORATE PARK",,,,,CHINA,,,SAHAR AIR CARGO ACC (INBOM4),90181290,"2142B-CTO-S01 NUEWA I9 COLOR DOPPLER SYSTEM SMART TRACE,SMART HIP,SMART VOLUME,SMART V TRACE,SMART SCENE 3D(FOR MEDICAL",,1.0,NOS,0.0,30130.86,4355575,,
2023-02-11,印度,中国,MINDRAY MEDICAL INDIA PVT LTD,MR GLOBAL HK LIMITED,"UNIT NO 1061 SOLITAIRE BLDG NO 10,  6TH FLR SOLITAIRE CORPORATE PARK",,,,,CHINA,,,SAHAR AIR CARGO ACC (INBOM4),90181290,1156B-PA00005 DP-50EXPERT DP-50EXPERT COLOR DOPPLER SYSTEM (FOR MEDICAL USE),,1.0,NOS,0.0,4477.13,0815753,,
2023-02-11,印度,中国,MINDRAY MEDICAL INDIA PVT LTD,MR GLOBAL HK LIMITED,"UNIT NO 1061 SOLITAIRE BLDG NO 10,  6TH FLR SOLITAIRE CORPORATE PARK",,,,,CHINA,,,SAHAR AIR CARGO ACC (INBOM4),90181290,"2142B-CTO-S01 NUEWA I9 COLOR DOPPLER SYSTEM SMART TRACE,SMART HIP,SMART VOLUME,SMART V TRACE,SMART SCENE 3D(FOR MEDICAL",,1.0,NOS,0.0,33627.86,8261132,,
2023-02-11,印度,中国,MINDRAY MEDICAL INDIA PVT LTD,MR GLOBAL HK LIMITED,"UNIT NO 1061 SOLITAIRE BLDG NO 10,  6TH FLR SOLITAIRE CORPORATE PARK",,,,,CHINA,,,SAHAR AIR CARGO ACC (INBOM4),90181290,"2142B-CTO-S01 NUEWA I9 COLOR DOPPLER SYSTEM SMART TRACE,SMART HIP,SMART VOLUME,SMART V TRACE,SMART SCENE 3D(FOR MEDICAL",,1.0,NOS,0.0,33237.86,3862756,,
2023-02-10,印度,中国,ACER BIOMEDICALS LLP,ZHUHAI HONGBANG MEDICAL SCIENCE,"76/76A, 3RD FLOOR, 453/455, CHIKHA  L,HOUSE, KALBADEVI ROAD,",,,,,CHINA,,,DELHI AIR CARGO ACC (INDEL4),90181290,HB1003 -3 CHANNEL ECG MACHINE (MEDICAL EQUIPMENT),,100.0,PCS,0.0,18185.0,5038036,,
2023-02-09,印度,中国,GENIQUE MEDCROP PRIVATE LIMITED,HUNAN BEYOND MEDICAL EQUIPMENT CO,"HOUSE NO.57,DEV NAGAR  RAILWAY ROAD,NEAR HOLY,PALWAL",,,,,CHINA,,,ICD PATPARGANJ,90181290,BY SERIES INFUSION PUMP (SPARE PARTS FOR MEDICAL EQUIPMENT),,17.0,NOS,0.0,136.0,4812217,,
2023-02-09,印度,中国,GENIQUE MEDCROP PRIVATE LIMITED,HUNAN BEYOND MEDICAL EQUIPMENT CO,"HOUSE NO.57,DEV NAGAR  RAILWAY ROAD,NEAR HOLY,PALWAL",,,,,CHINA,,,ICD PATPARGANJ,90181290,SINGLE CHANNEL SYRINGE PUMP (SPARE PARTS FOR MEDICAL EQUIPMENT),,500.0,NOS,0.0,65000.0,8352707,,
2023-02-09,印度,中国,MEDICAL POINT,PLUTUS ENTERPRISE LTD,13-B N.S. MARG IST FLOOR  DARYA GANJ,,,,,CHINA,,,ICD PATPARGANJ,90181290,HANDHELD PULSE OXIMETER MODEL POX380 (MEDICAL EQUIPMENT),,30.0,NOS,0.0,1410.0,3838186,,
2023-02-09,印度,中国,GENIQUE MEDCROP PRIVATE LIMITED,HUNAN BEYOND MEDICAL EQUIPMENT CO,"HOUSE NO.57,DEV NAGAR  RAILWAY ROAD,NEAR HOLY,PALWAL",,,,,CHINA,,,ICD PATPARGANJ,90181290,HOPEFUSION SERIES INFUSION PUMP (SPARE PARTS FOR MEDICAL EQUIPMENT),,2.0,NOS,0.0,6.0,5778767,,
2023-02-09,印度,中国,GENIQUE MEDCROP PRIVATE LIMITED,HUNAN BEYOND MEDICAL EQUIPMENT CO,"HOUSE NO.57,DEV NAGAR  RAILWAY ROAD,NEAR HOLY,PALWAL",,,,,CHINA,,,ICD PATPARGANJ,90181290,BY SERIES INFUSION PUMP (SPARE PARTS FOR MEDICAL EQUIPMENT),,150.0,NOS,0.0,21600.0,1178821,,
2023-02-09,印度,中国,MEDICAL POINT,PLUTUS ENTERPRISE LTD,13-B N.S. MARG IST FLOOR  DARYA GANJ,,,,,CHINA,,,ICD PATPARGANJ,90181290,HANDHELD PULSE OXIMETER MODEL H100 (MEDICAL EQUIPMENT),,150.0,NOS,0.0,3900.0,0383575,,
2023-02-09,印度,中国,GENIQUE MEDCROP PRIVATE LIMITED,HUNAN BEYOND MEDICAL EQUIPMENT CO,"HOUSE NO.57,DEV NAGAR  RAILWAY ROAD,NEAR HOLY,PALWAL",,,,,CHINA,,,ICD PATPARGANJ,90181290,HOPEFUSION SERIES SYRINGE PUMP (SPARE PARTS FOR MEDICAL EQUIPMENT),,2.0,NOS,0.0,8.0,7500405,,
2023-02-08,印度,中国,MINDRAY MEDICAL INDIA PVT LTD,MR GLOBAL HK LIMITED,"UNIT NO 1061 SOLITAIRE BLDG NO 10,  6TH FLR SOLITAIRE CORPORATE PARK",,,,,CHINA,,,SAHAR AIR CARGO ACC (INBOM4),90181290,1117B-PA00013 Z50 COLOR DOPPLER SYSTEM (FOR MEDICAL USE),,1.0,NOS,0.0,5308.08,4084747,,
2023-02-08,印度,中国,MINDRAY MEDICAL INDIA PVT LTD,MR GLOBAL HK LIMITED,"UNIT NO 1061 SOLITAIRE BLDG NO 10,  6TH FLR SOLITAIRE CORPORATE PARK",,,,,CHINA,,,SAHAR AIR CARGO ACC (INBOM4),90181290,"2138B-CTO-S01 M6 PORTABLE COLOR DOPPLER SYSTEM WIRELESS ADAPTER,DICOM QUERY/RETRIEVE,DICOM MPPS(FOR MEDICAL USE)",,1.0,NOS,0.0,7134.19,7560061,,
2023-02-08,印度,中国,MINDRAY MEDICAL INDIA PVT LTD,MR GLOBAL HK LIMITED,"UNIT NO 1061 SOLITAIRE BLDG NO 10,  6TH FLR SOLITAIRE CORPORATE PARK",,,,,CHINA,,,SAHAR AIR CARGO ACC (INBOM4),90181290,2127B-PA00101 DC-60 COLOR DOPPLER SYSTEM (FOR MEDICAL USE),,1.0,NOS,0.0,13767.87,6602153,,
2023-02-07,印度,中国,GENIQUE MEDCROP PRIVATE LIMITED,ZHEJIANG LIANYING MEDICAL,"HOUSE NO.57,DEV NAGAR  RAILWAY ROAD,NEAR HOLY,PALWAL",,,,,CHINA,,,DELHI AIR CARGO ACC (INDEL4),90181290,SPARE PARTS FOR MEDICAL ACCESSORIES COLD LIGHT SOURCE,,4.0,PCS,0.0,1000.0,3228523,,
2023-02-07,印度,中国,GENIQUE MEDCROP PRIVATE LIMITED,ZHEJIANG LIANYING MEDICAL,"HOUSE NO.57,DEV NAGAR  RAILWAY ROAD,NEAR HOLY,PALWAL",,,,,CHINA,,,DELHI AIR CARGO ACC (INDEL4),90181290,ENDOSCOPE SYSTEM (MEDICAL EQUIPMENT),,4.0,PCS,0.0,5000.0,4420102,,
2023-02-07,印度,中国,GENIQUE MEDCROP PRIVATE LIMITED,ZHEJIANG LIANYING MEDICAL,"HOUSE NO.57,DEV NAGAR  RAILWAY ROAD,NEAR HOLY,PALWAL",,,,,CHINA,,,DELHI AIR CARGO ACC (INDEL4),90181290,SPARE PARTS FOR MEDICAL ACCESSORIES IRRIGATION PUMP,,1.0,PCS,0.0,450.0,3482403,,
2023-02-06,乌兹别克斯坦,中国,OOO NEYRO MED DIOGNOSTIK SENTR,SHENZHEN MINDRAY BIOMEDICAL ELECTRONICS CO LTD,,,,,,0,,,,9018120000,"1) Ultrasound Diagnostic Imaging System DC-60 Exp with accessories/Ультразвуковая диагностическая система DC-60 Exp в комплекте с принадлежностями, новый, 2022 год выпуска, сер.№CN8-29002563, производитель Shenzhen Mindray Bio-Medical Electronics Co., Lt",,1.0,Piece,91.0,23000.0,,,
2023-02-03,乌克兰,中国,ТОВ МК СОНОМЕДИКА 03124 М КИЇВ ВУЛ МИКОЛИ ВАСИЛЕНКА БУД 21 ОФ,SONOSCAPE MEDICAL CORP ROOM 201 202 12TH BUILDING SHENZHEN SOFTWARE PARK PHASE II 1 KEJI,,,,,,China,,,,9018120000,АПАРАТУРА ДЛЯ УЛЬТРАЗВУКОВОГО СКАНУВАННЯ ЦИФРОВА КОЛЬОРОВА ДОПЛЕРІВСЬКА УЛЬТРАЗВУКОВА СИСТЕМА X3 PRO 3 ШТ ЦИФРОВА КОЛЬОРОВА ДОПЛЕРІВСЬКА УЛЬТРАЗВУКОВА СИСТЕМА E2 EXP 1 ШТ ЦИФРОВА КОЛЬОРОВА ДОПЛЕРІВСЬКА УЛЬТРАЗВУКОВА СИСТЕМА E2 3 ШТ ЦИФРОВА КОЛЬОРОВА ДОПЛЕРІВСЬКА УЛЬТРАЗВУКОВА СИСТЕМА E1 EXP 3 ШТ ЦИФРОВА КОЛЬОРОВА ДОПЛЕРІВСЬКА УЛЬТРАЗВУКОВА СИСТЕМА E1 3 ШТ ДАТЧИК УЛЬТРАЗВУКОВИЙ 3P A 5 ШТ ДАТЧИК УЛЬТРАЗВУКОВИЙ L741 7 ШТ ДАТЧИК УЛЬТРАЗВУКОВИЙ 3C A 7 ШТ ДАТЧИК УЛЬТРАЗВУКОВИЙ 6V1 6 ШТ ДАТЧИК УЛЬТРАЗВУКОВИЙ C361 2 ШТ ДАТЧИК УЛЬТРАЗВУКОВИЙ 2P1 1 ШТ ВІДПОВІДАЄ ВИМОГАМ ТЕХНІЧНОГО РЕГЛАМЕНТУ ЩОДО МЕДИЧНИХ ВИРОБІВ ЗАТВЕРДЖЕНОГО ПКМУ 753 ВИРОБНИК SONOSCAPE MEDICAL CORP КРАЇНА ВИРОБНИЦТВА CN,,141.0,КГ,141.0,177700.0,,,
2023-01-31,乌兹别克斯坦,中国,OOO URGMEDICAL,DONG HAO TRADE LIMITED,,,,,,0,,,,9018120000,"1. УЗИ стационарный с цветным Доплером Модель: S50 Производитель: SONOSCAPE MEDICAL CORP Контейнер: APHU6354672 - кол. 1 шт, вес: 122 кг 2. мест 1, 1  часть спец.упаковка 3. APHU6354672/часть - Собственность владельца груза 8. 000 9. 024 10. 2022/УЗИ ста",,1.0,Piece,122.0,23500.0,,,
2023-01-30,乌兹别克斯坦,中国,ООО MAYAK NUR GRAND,CHISON MEDICAL TECHNOLOGIES CO LTD,,,,,,0,,,,9018120000,"1)Ultrasound diagnostic system /Ультразвуковая диагностическая система модель :ECO3 Expert, Кол.10шт. Страна Происхождения Китай Производитель ""Chison Medical Technologies Co.LTD"" товар новый 2022года выпуска  -  вес: 120 кг, кол. 10 шт, ; 2)10 карт.кор.",,10.0,Piece,120.0,58320.0,,,
2023-01-30,乌兹别克斯坦,中国,ООО MAYAK NUR GRAND,CHISON MEDICAL TECHNOLOGIES CO LTD,,,,,,0,,,,9018120000,"1)Ultrasound digital color doppler system /Система ультразвуковая цифровая цветная допплеровская  модель : Ebit60, Кол.1шт. Страна Происхождения Китай Производитель ""Chison Medical Technologies Co.LTD"" товар новый 2022года выпуска  -  вес: 14 кг, кол. 1",,1.0,Piece,14.0,11855.0,,,
2023-01-30,乌兹别克斯坦,中国,ООО MAYAK NUR GRAND,CHISON MEDICAL TECHNOLOGIES CO LTD,,,,,,0,,,,9018120000,"1)Ultrasound digital color doppler system /Система ультразвуковая цифровая цветная допплеровская  модель : I6 , Кол.1шт. Страна Происхождения Китай Производитель ""Chison Medical Technologies Co.LTD"" товар новый 2022года выпуска  -  вес: 75 кг, кол. 1 шт,",,1.0,Piece,75.0,15580.0,,,
2023-01-30,乌克兰,中国,ТОВ САНТЕ ІНТЕГРАЛЬУКРАЇНА 18030 М ЧЕРКАСИ ВУЛИЦЯ ЧИГИРИНСЬКА БУДИНОК,VEGA SP Z O 0 UL TRAKTOVA 6 05 800 PRUSZKOW POLAND,,,,,,China,,,,9018120000,МЕДИЧНІ ВИРОБИ АПАРАТУРА ДЛЯ УЛЬТРАЗВУКОВОГО СКАНУВАННЯ COLOR DOPPLER WIRELESS CONVEX ULTRASOUND PROBE C10RL ПОРТАТИВНА УЛЬТРАЗВУКОВА С ИСТЕМА МОДЕЛЬ C10RL 11 ШТ КОМПЛЕКТАЦІЯ ЗГІДНО ІНСТРУКЦІЇ ЗГІДНО ТЕХНІЧНОГО РЕГЛАМЕНТУ ЩО ДО МЕДИЧНІХ ВИРОБІВЗАТВЕРДЖЕННОГО ПОСТАНОВОЮ КМУ ВІД 02 10 2013Р 753 ВІДПОВІДНЕ МАРКУВАННЯ ПРИСУТНЄ КЛАС РИЗИКУ 2А ВИРОБНИК ТОВ САНТЕ ІНТЕГРАЛЬ ТОРГОВЕЛЬНА МАРКА BEIJING KONTED MEDICAL КРАЇНА ВИРОБНИЦТВА CN,,10.23,КГ,10.23,16390.0,,,
2023-01-30,乌兹别克斯坦,中国,OOO PREMIUM TECHNICS,DONG HAO TRADE LIMITED,,,,,,0,,,,9018120000,"1. УЗИ стационарный с цветным Доплером Модель: S50 Производитель: SONOSCAPE MEDICAL CORP Контейнер: APHU6354672 - кол. 9 шт, вес: 1134 кг 2. мест 9, 9  часть спец.упаковка 3. APHU6354672/часть - Собственность владельца груза 8. 000 9. 024 10. 2022/УЗИ ст",,9.0,Piece,1134.0,202500.0,,,
2023-01-28,印度,中国,KONICA MINOLTA HEALTHCARE INDIA PRIVATE LIMITED,SONOSCAPE MEDICAL CORP,"OFFICE NO.201, 2ND FLOOR, ATRIUM 2  ,,ANDHERI KURLA ROAD, CHAKALA,",,,,,CHINA,,,Jawaharlal,90181290,SC44N CONVEX PROBE FOR CD25 (MEDICAL EQUIPMENT) (APTA CERT NO. B237432197675003 DT. 16.01.2023),,20.0,PCS,0.0,21000.0,5407176,,
2023-01-28,印度,中国,KONICA MINOLTA HEALTHCARE INDIA PRIVATE LIMITED,SONOSCAPE MEDICAL CORP,"OFFICE NO.201, 2ND FLOOR, ATRIUM 2  ,,ANDHERI KURLA ROAD, CHAKALA,",,,,,CHINA,,,Jawaharlal,90181290,SV61N TV PROBE FOR CD25 (MEDICAL EQUIPMENT) (APTA CERT NO. B237432197675003 DT. 16.01.2023),,8.0,PCS,0.0,8400.0,5407176,,
2023-01-28,印度,中国,KONICA MINOLTA HEALTHCARE INDIA PRIVATE LIMITED,SONOSCAPE MEDICAL CORP,"OFFICE NO.201, 2ND FLOOR, ATRIUM 2  ,,ANDHERI KURLA ROAD, CHAKALA,",,,,,CHINA,,,Jawaharlal,90181290,AEROSCAN COLOUR DOPPLER ULTRASOUND SYSTEM CD25 (MEDICAL EQUIPMENT) (APTA CERT NO. B237432197675003 DT. 16.01.2023),,20.0,PCS,0.0,70000.0,5407176,,
2023-01-26,乌兹别克斯坦,中国,ООО FORTEK,CHISON MEDICAL TECHNOLOGIES CO LTD КИТАЙ,,,,,,0,,,,9018120000,"1) Система ультразвуковая диагностическая с цветным доплером модели Qbit 9 с принадлежностями. /Новый,2022г.в./Сер№122101159, 122101131, 122101140, 122101205/ Пр-ль.:""CHISON Medical Technologies Co. LTD"", Китай/ C функцией Stress echo, IMT, Supper Needle",,4.0,Piece,300.0,36000.0,,,
2023-01-26,乌兹别克斯坦,中国,ООО FORTEK,CHISON MEDICAL TECHNOLOGIES CO LTD КИТАЙ,,,,,,0,,,,9018120000,"1) Система ультразвуковая диагностическая с цветным доплером модели Qbit 9 с принадлежностями. /Новый,2022г.в./Сер№122101192, 122101174/ Пр-ль.:""CHISON Medical Technologies Co. LTD"", Китай/ C функцией Stress echo, IMT, Supper Needle, DICOM 3.0, Curved Pa",,2.0,Piece,156.0,19200.0,,,
2023-01-26,乌兹别克斯坦,中国,ООО FORTEK,CHISON MEDICAL TECHNOLOGIES CO LTD КИТАЙ,,,,,,0,,,,9018120000,"1) Система ультразвуковая цифровая цветная допплеровская EBit 60 с принадлежностями./Новый,2022г.в./Сер№122090544, 122090549, 122090541/ Пр-ль.:""CHISON Medical Technologies Co. LTD"", Китай/ C функцией эластографии, IMT, Curved Panoramic Imaging, 2D steer",,3.0,Piece,45.0,15300.0,,,
2023-01-26,乌兹别克斯坦,中国,ООО FORTEK,WUXI CHISON MEDICAL TECHNOLOGIES CO LTD КИТАЙ,,,,,,0,,,,9018120000,"1) Зап.части: 4 D объемный датчик для системы ультразвуковой цифровой цветной допплеровской модели Cbit8 / 4 D volume probe for Digital Color Doppler Ultrasound System Cbit8 / Пр-ль.:""CHISON Medical Technologies Co., Ltd"", Китай.:  вес: 1 кг, кол. 1 шт;",,1.0,Piece,1.0,4680.0,,,
2023-01-23,印度,中国,KONICA MINOLTA HEALTHCARE INDIA PRIVATE LIMITED,EDAN INSTRUMENTS INC,"OFFICE NO.201, 2ND FLOOR, ATRIUM 2  ,,ANDHERI KURLA ROAD, CHAKALA,",,,,,CHINA,,,Jawaharlal,90181290,LINEAR ARRAY TRANSDUCER:L12-5Q (MEDICAL EQUIPMENT) (APTA CERT NO. B231923672010001 DT.12.01.2023),,5.0,PCS,0.0,2537.275,5429832,,
2023-01-23,印度,中国,KONICA MINOLTA HEALTHCARE INDIA PRIVATE LIMITED,EDAN INSTRUMENTS INC,"OFFICE NO.201, 2ND FLOOR, ATRIUM 2  ,,ANDHERI KURLA ROAD, CHAKALA,",,,,,CHINA,,,Jawaharlal,90181290,CONVEX ARRAY TRANSDUCER:C5-2Q (MEDICAL EQUIPMENT) (APTA CERTNO. B231923672010001 DT.12.01.2023),,10.0,PCS,0.0,5074.55,5429832,,
2023-01-23,印度,中国,MINDRAY MEDICAL INDIA PVT LTD,MR GLOBAL HK LIMITED,"UNIT NO 1061 SOLITAIRE BLDG NO 10,  6TH FLR SOLITAIRE CORPORATE PARK",,,,,CHINA,,,Jawaharlal,90181290,2152B-PA00025 DC-80 COLOR DOPPLER SYSTEM(FOR MEDICAL USE),,5.0,NOS,0.0,141998.25,5422601,,
2023-01-23,印度,中国,KONICA MINOLTA HEALTHCARE INDIA PRIVATE LIMITED,EDAN INSTRUMENTS INC,"OFFICE NO.201, 2ND FLOOR, ATRIUM 2  ,,ANDHERI KURLA ROAD, CHAKALA,",,,,,CHINA,,,Jawaharlal,90181290,ENDOCAVITY ARRAY TRANSDUCER:E10-3HQ (MEDICAL EQUIPMENT) (APTA CERT NO. B231923672010001 DT.12.01.2023),,3.0,PCS,0.0,1522.365,5429832,,
2023-01-23,印度,中国,MINDRAY MEDICAL INDIA PVT LTD,MR GLOBAL HK LIMITED,"UNIT NO 1061 SOLITAIRE BLDG NO 10,  6TH FLR SOLITAIRE CORPORATE PARK",,,,,CHINA,,,Jawaharlal,90181290,2147B-PA00065 DC-60 EXP DC-60 EXP COLOR DOPPLER SYSTEM(FOR MEDICAL USE),,8.0,NOS,0.0,192060.16,5421929,,
2023-01-23,印度,中国,KONICA MINOLTA HEALTHCARE INDIA PRIVATE LIMITED,EDAN INSTRUMENTS INC,"OFFICE NO.201, 2ND FLOOR, ATRIUM 2  ,,ANDHERI KURLA ROAD, CHAKALA,",,,,,CHINA,,,Jawaharlal,90181290,PHASED ARRAY TRANSDUCER:P5-1Q (MEDICAL EQUIPMENT) (APTA CERTNO. B231923672010001 DT.12.01.2023),,4.0,PCS,0.0,2029.82,5429832,,
2023-01-23,印度,中国,MINDRAY MEDICAL INDIA PVT LTD,MR GLOBAL HK LIMITED,"UNIT NO 1061 SOLITAIRE BLDG NO 10,  6TH FLR SOLITAIRE CORPORATE PARK",,,,,CHINA,,,Jawaharlal,90181290,2145B-PA00113 DC-70 EXP DC-70 EXP COLOR DOPPLER SYSTEM(FOR MEDICAL USE),,6.0,NOS,0.0,119791.26,5421929,,
2023-01-23,印度,中国,KONICA MINOLTA HEALTHCARE INDIA PRIVATE LIMITED,EDAN INSTRUMENTS INC,"OFFICE NO.201, 2ND FLOOR, ATRIUM 2  ,,ANDHERI KURLA ROAD, CHAKALA,",,,,,CHINA,,,Jawaharlal,90181290,CONVEX ARRAY TRANSDUCER:C5-2Q (MEDICAL EQUIPMENT) (APTA CERTNO. B231923672010001 DT.12.01.2023),,10.0,PCS,0.0,5074.55,5429832,,
2023-01-23,印度,中国,KONICA MINOLTA HEALTHCARE INDIA PRIVATE LIMITED,EDAN INSTRUMENTS INC,"OFFICE NO.201, 2ND FLOOR, ATRIUM 2  ,,ANDHERI KURLA ROAD, CHAKALA,",,,,,CHINA,,,Jawaharlal,90181290,AEROSCAN COLOR DOPPLER CD 10 PRO DIAGNOSTIC ULTRASOUND SYSTEM (MEDICAL EQUIPMENT)(APTA NO.B231923672010001DT.12.01.2023),,10.0,PCS,0.0,39936.7,5429832,,
2023-01-23,印度,中国,KONICA MINOLTA HEALTHCARE INDIA PRIVATE LIMITED,EDAN INSTRUMENTS INC,"OFFICE NO.201, 2ND FLOOR, ATRIUM 2  ,,ANDHERI KURLA ROAD, CHAKALA,",,,,,CHINA,,,Jawaharlal,90181290,ENDOCAVITY ARRAY TRANSDUCER:E8-4Q (MEDICAL EQUIPMENT) (APTACERT NO. B231923672010001 DT.12.01.2023),,3.0,PCS,0.0,1522.365,5429832,,
2023-01-23,印度,中国,KONICA MINOLTA HEALTHCARE INDIA PRIVATE LIMITED,EDAN INSTRUMENTS INC,"OFFICE NO.201, 2ND FLOOR, ATRIUM 2  ,,ANDHERI KURLA ROAD, CHAKALA,",,,,,CHINA,,,Jawaharlal,90181290,BGK-007 FOR C5-2Q (MEDICAL EQUIPMENT) (APTA CERT NO. B231923672010001 DT.12.01.2023),,17.0,PCS,0.0,862.665,5429832,,
2023-01-23,印度,中国,MINDRAY MEDICAL INDIA PVT LTD,MR GLOBAL HK LIMITED,"UNIT NO 1061 SOLITAIRE BLDG NO 10,  6TH FLR SOLITAIRE CORPORATE PARK",,,,,CHINA,,,Jawaharlal,90181290,2147B-PA00064 DC-60 EXP DC-60 EXP COLOR DOPPLER SYSTEM(FOR MEDICAL USE),,10.0,NOS,0.0,194503.7,5421929,,
2023-01-23,印度,中国,KONICA MINOLTA HEALTHCARE INDIA PRIVATE LIMITED,EDAN INSTRUMENTS INC,"OFFICE NO.201, 2ND FLOOR, ATRIUM 2  ,,ANDHERI KURLA ROAD, CHAKALA,",,,,,CHINA,,,Jawaharlal,90181290,PHASED ARRAY TRANSDUCER:P5-1Q (MEDICAL EQUIPMENT) (APTA CERTNO. B231923672010001 DT.12.01.2023),,10.0,PCS,0.0,5074.55,5429832,,
2023-01-23,印度,中国,KONICA MINOLTA HEALTHCARE INDIA PRIVATE LIMITED,EDAN INSTRUMENTS INC,"OFFICE NO.201, 2ND FLOOR, ATRIUM 2  ,,ANDHERI KURLA ROAD, CHAKALA,",,,,,CHINA,,,Jawaharlal,90181290,LINEAR ARRAY TRANSDUCER:L17-7HQ (MEDICAL EQUIPMENT) (APTA CERT NO. B231923672010001 DT.12.01.2023),,5.0,PCS,0.0,2537.275,5429832,,
2023-01-21,印度,中国,MINDRAY MEDICAL INDIA PVT LTD,MR GLOBAL HK LIMITED,"UNIT NO 1061 SOLITAIRE BLDG NO 10,  6TH FLR SOLITAIRE CORPORATE PARK",,,,,CHINA,,,MUMBAI,90181290,2147B-PA00068 DC-60 EXP COLOR DOPPLER SYSTEM(FOR MEDICAL USE),,1.0,NOS,0.0,18339.31,5307198,,
2023-01-21,印度,中国,MINDRAY MEDICAL INDIA PVT LTD,MR GLOBAL HK LIMITED,"UNIT NO 1061 SOLITAIRE BLDG NO 10,  6TH FLR SOLITAIRE CORPORATE PARK",,,,,CHINA,,,MUMBAI,90181290,1117B-PA00013 Z50 COLOR DOPPLER SYSTEM(FOR MEDICAL USE),,1.0,NOS,0.0,5308.08,5306103,,
2023-01-21,印度,中国,MINDRAY MEDICAL INDIA PVT LTD,MR GLOBAL HK LIMITED,"UNIT NO 1061 SOLITAIRE BLDG NO 10,  6TH FLR SOLITAIRE CORPORATE PARK",,,,,CHINA,,,MUMBAI,90181290,"2145B-CTO-S01 DC-70 EXP COLOR DOPPLER SYSTEM SHARED SERVICEPACKAGE,SMART NT,SMART OB,STRESS ECHO(FOR MEDICAL USE)",,1.0,NOS,0.0,18513.75,5307198,,
2023-01-21,印度,中国,MINDRAY MEDICAL INDIA PVT LTD,MR GLOBAL HK LIMITED,"UNIT NO 1061 SOLITAIRE BLDG NO 10,  6TH FLR SOLITAIRE CORPORATE PARK",,,,,CHINA,,,MUMBAI,90181290,1156B-PA00003 DP-50EXPERT DP-50EXPERT DIGITAL ULTRASONIC DIAGNOSTI(FOR MEDICAL USE),,1.0,NOS,0.0,3173.03,5306103,,
2023-01-20,印度,中国,NIDEK MEDICAL INDIA PRIVATE LIMITED,GENERAL MEDITECH INC,"238-B,A.J.C.BOSE ROAD,,31/B LAKE R  D.",,,,,CHINA,,,Calcutta,90181290,NIBP VALVE (SPARE PARTS OF PATIENT MONITOR) MEDICAL EQUIPMENT,,5.0,NOS,0.0,20.145,5380767,,
2023-01-20,印度,中国,NIDEK MEDICAL INDIA PRIVATE LIMITED,GENERAL MEDITECH INC,"238-B,A.J.C.BOSE ROAD,,31/B LAKE R  D.",,,,,CHINA,,,Calcutta,90181290,AC DC BOARD (SPARE PARTS OF PATIENT MONITOR) MEDICAL EQUIPMENT,,4.0,NOS,0.0,161.144,5380767,,
2023-01-20,印度,中国,NIDEK MEDICAL INDIA PRIVATE LIMITED,GENERAL MEDITECH INC,"238-B,A.J.C.BOSE ROAD,,31/B LAKE R  D.",,,,,CHINA,,,Calcutta,90181290,AC DC BOARD (SPARE PARTS OF FETAL MONITOR) MEDICAL EQUIPMENT,,3.0,NOS,0.0,120.858,5380767,,
2023-01-20,印度,中国,NIDEK MEDICAL INDIA PRIVATE LIMITED,GENERAL MEDITECH INC,"238-B,A.J.C.BOSE ROAD,,31/B LAKE R  D.",,,,,CHINA,,,Calcutta,90181290,DC-DC BOARD (SPARE PARTS OF PATIENT MONITOR) MEDICAL EQUIPMENT,,4.0,NOS,0.0,221.572,5380767,,
2023-01-20,印度,中国,NIDEK MEDICAL INDIA PRIVATE LIMITED,GENERAL MEDITECH INC,"238-B,A.J.C.BOSE ROAD,,31/B LAKE R  D.",,,,,CHINA,,,Calcutta,90181290,G6B (FM150) 12.1 INCH FETAL MONITOR (MEDICAL EQUIPMENT),,50.0,NOS,0.0,27696.5,5380767,,
2023-01-20,印度,中国,NIDEK MEDICAL INDIA PRIVATE LIMITED,GENERAL MEDITECH INC,"238-B,A.J.C.BOSE ROAD,,31/B LAKE R  D.",,,,,CHINA,,,Calcutta,90181290,FHR PROBE 1MHZ (SPARE PARTS OF FETAL MONITOR) MEDICAL EQUIPMENT,,5.0,NOS,0.0,302.145,5380767,,
2023-01-20,印度,中国,NIDEK MEDICAL INDIA PRIVATE LIMITED,GENERAL MEDITECH INC,"238-B,A.J.C.BOSE ROAD,,31/B LAKE R  D.",,,,,CHINA,,,Calcutta,90181290,MOTHER BOARD (SPARE PARTS OF FETAL MONITOR) MEDICAL EQUIPMENT,,3.0,NOS,0.0,196.392,5380767,,
2023-01-20,印度,中国,NIDEK MEDICAL INDIA PRIVATE LIMITED,GENERAL MEDITECH INC,"238-B,A.J.C.BOSE ROAD,,31/B LAKE R  D.",,,,,CHINA,,,Calcutta,90181290,NIBP PUMP (SPARE PARTS OF PATIENT MONITOR) MEDICAL EQUIPMENT,,5.0,NOS,0.0,85.61,5380767,,
2023-01-20,印度,中国,NIDEK MEDICAL INDIA PRIVATE LIMITED,GENERAL MEDITECH INC,"238-B,A.J.C.BOSE ROAD,,31/B LAKE R  D.",,,,,CHINA,,,Calcutta,90181290,BUZZER (SPARE PARTS OF FETAL MONITOR) MEDICAL EQUIPMENT,,5.0,NOS,0.0,5.035,5380767,,
2023-01-20,印度,中国,NIDEK MEDICAL INDIA PRIVATE LIMITED,GENERAL MEDITECH INC,"238-B,A.J.C.BOSE ROAD,,31/B LAKE R  D.",,,,,CHINA,,,Calcutta,90181290,POWER INDICATOR PCB (SPARE PARTS OF FETAL MONITOR) MEDICAL EQUIPMENT,,4.0,NOS,0.0,12.084,5380767,,
2023-01-20,印度,中国,NIDEK MEDICAL INDIA PRIVATE LIMITED,GENERAL MEDITECH INC,"238-B,A.J.C.BOSE ROAD,,31/B LAKE R  D.",,,,,CHINA,,,Calcutta,90181290,BATTERY (SPARE PARTS OF FETAL MONITOR) MEDICAL EQUIPMENT,,3.0,NOS,0.0,114.813,5380767,,
2023-01-20,印度,中国,NIDEK MEDICAL INDIA PRIVATE LIMITED,GENERAL MEDITECH INC,"238-B,A.J.C.BOSE ROAD,,31/B LAKE R  D.",,,,,CHINA,,,Calcutta,90181290,MOTHER BOARD (SPARE PARTS OF PATIENT MONITOR) MEDICAL EQUIPMENT,,4.0,NOS,0.0,261.856,5380767,,
2023-01-20,印度,中国,ACER BIOMEDICALS LLP,ZHUHAI HONGBANG MEDICAL SCIENCE,"76/76A, 3RD FLOOR, 453/455, CHIKHA  L,HOUSE, KALBADEVI ROAD,",,,,,CHINA,,,DELHI,90181290,HB1003 -3 CHANNEL ECG MACHINE (MEDICAL EQUIPMENT),,32.0,NOS,0.0,6117.216,5381646,,
2023-01-20,印度,中国,NIDEK MEDICAL INDIA PRIVATE LIMITED,GENERAL MEDITECH INC,"238-B,A.J.C.BOSE ROAD,,31/B LAKE R  D.",,,,,CHINA,,,Calcutta,90181290,PRINTER PCB (SPARE PARTS OF FETAL MONITOR) MEDICAL EQUIPMENT,,5.0,NOS,0.0,100.715,5380767,,
2023-01-20,印度,中国,NIDEK MEDICAL INDIA PRIVATE LIMITED,GENERAL MEDITECH INC,"238-B,A.J.C.BOSE ROAD,,31/B LAKE R  D.",,,,,CHINA,,,Calcutta,90181290,PRINTER PCB (SPARE PARTS OF FETAL MONITOR) MEDICAL EQUIPMENT,,5.0,NOS,0.0,100.715,5380767,,
2023-01-20,印度,中国,NIDEK MEDICAL INDIA PRIVATE LIMITED,GENERAL MEDITECH INC,"238-B,A.J.C.BOSE ROAD,,31/B LAKE R  D.",,,,,CHINA,,,Calcutta,90181290,LCD CABLE (SPARE PARTS OF FETAL MONITOR) MEDICAL EQUIPMENT,,5.0,NOS,0.0,10.07,5380767,,
2023-01-14,印度,中国,KONICA MINOLTA HEALTHCARE INDIA PRIVATE LIMITED,SINO MEDICAL DEVICE TECHNOLOGY CO LTD,"OFFICE NO.201, 2ND FLOOR, ATRIUM 2  ,,ANDHERI KURLA ROAD, CHAKALA,",,,,,CHINA,,,Jawaharlal,90181290,MEDICAL EQUIPMENT - SYRINGE FOR CT INJECTOR S-200ML (APTA CERT NO. 0122111700140965 DT. 30.12.2022),,1500.0,PCS,0.0,4554.0,5293288,,
2023-01-14,印度,中国,KONICA MINOLTA HEALTHCARE INDIA PRIVATE LIMITED,SINO MEDICAL DEVICE TECHNOLOGY CO LTD,"OFFICE NO.201, 2ND FLOOR, ATRIUM 2  ,,ANDHERI KURLA ROAD, CHAKALA,",,,,,CHINA,,,Jawaharlal,90181290,MEDICAL EQUIPMENT - SYRINGE FOR CT INJECTOR D-200ML (APTA CERT NO. 0122111700140965 DT. 30.12.2022),,200.0,PCS,0.0,1214.6,5293288,,
2023-01-14,印度,中国,KONICA MINOLTA HEALTHCARE INDIA PRIVATE LIMITED,SINO MEDICAL DEVICE TECHNOLOGY CO LTD,"OFFICE NO.201, 2ND FLOOR, ATRIUM 2  ,,ANDHERI KURLA ROAD, CHAKALA,",,,,,CHINA,,,Jawaharlal,90181290,MEDICAL EQUIPMENT - HIGH PRESSURE INJECTOR DUAL HEAD SINOPOWER-D (APTA CERT NO. 0122111700140965 DT. 30.12.2022),,3.0,SET,0.0,16092.774,5293288,,
2023-01-13,乌克兰,中国,ФІЗИЧНА ОСОБА ПІДПРИЄМЕЦЬ КИСІЛЬОВ ЮРІЙ ВАСИЛЬОВИЧ61051 ХАРКІВСЬКА ОБЛ М ХАРКІВ ВУЛ БІЛОГОРСЬКА БУД 1Б КВ 53А,DAWEI MEDICAL JIANGSU CO LTD 28 JINQIAO ROAD ECONOMIC AND TECHNOLOGICAL DEVELOPMENT ZONE XUZHOU,,,,,,China,,,,9018120000,ПРИЛАДИ ТА ПРИСТРОЇ ЩО ВИКОРИСТОВУЮТЬСЯ В МЕДИЦИНІ АПАРАТИ ДЛЯ УЛЬТРАЗВУКОВОГО ДОСЛІДЖЕННЯ 4D ОБ ЄМНИЙ ДАТЧИК ДЛЯ КОЛЬОРОВОГО УЛЬТРАЗВУКОВОГО ДІАГНОСТИЧНОГО АПАРАТУ DW T8 МОДЕЛ Ь 40MHZR40 1 ШТ ТОРГОВЕЛЬНА МАРКА DAWEI ВИРОБНИК DAWEI MEDICAL JIANGSU CO LTD КРАЇНА ПОХОДЖЕННЯ CN,,0.85,КГ,0.85,2920.0,,,
2023-01-13,印度,中国,NARAYAN INDUSTRIES,CONTEC MEDICAL SYSTEMS CO LTD,"6, STAR LANE,",,,,,CHINA,,,Calcutta,90181290,"POKET FETAL DOPPLER, MODEL: CONTEC10B ( MEDICAL EQUIPMENT WITH STANDARD ACCESSORIES)",,500.0,NOS,0.0,8959.0,5272367,,
2023-01-12,印度,中国,MINDRAY MEDICAL INDIA PVT LTD,MR GLOBAL HK LIMITED,"UNIT NO 1061 SOLITAIRE BLDG NO 10,  6TH FLR SOLITAIRE CORPORATE PARK",,,,,CHINA,,,MUMBAI,90181290,1154B-PA00062 DP-20 DIAGNOSTIC ULTRASOUND SYSTEM (FOR MEDICAL USE),,2.0,NOS,0.0,5148.3,5259234,,
2023-01-12,印度,中国,MINDRAY MEDICAL INDIA PVT LTD,MR GLOBAL HK LIMITED,"UNIT NO 1061 SOLITAIRE BLDG NO 10,  6TH FLR SOLITAIRE CORPORATE PARK",,,,,CHINA,,,MUMBAI,90181290,"2146B-CTO-S01 MX7 PORTABLE COLOR DOPPLER SYSTEM ISCAPE VIEW,FREE XROS M,FREE XROS CM(FOR MEDICAL USE)",,1.0,NOS,0.0,10889.81,5259234,,
2023-01-09,乌兹别克斯坦,中国,OOO IVFLAB,SHENZHEN MINDRAY BIOMEDICAL ELECTRONICS CO LTD,,,,,,0,,,,9018120000,"1) Ultrasound Diagnostic Imaging System DC-30 with accessories/Ультразвуковая диагностическая система  DC-30 в комплекте с принадлежностями, новый, 2022 год выпуска, сер.№JM3-29003210, производитель Shenzhen Mindray Bio-Medical Electronics Co., Ltd  (Кит",,1.0,Piece,57.0,12000.0,,,
2023-01-09,乌兹别克斯坦,中国,ООО ALFA MEDICAL CENTER,SHENZHEN MINDRAY BIOMEDICAL ELECTRONICS CO LTD,,,,,,0,,,,9018120000,"1) Ultrasound Diagnostic Imaging System Z50 with accessories/Ультразвуковая диагностическая система  Z50 в комплекте с принадлежностями, новый, 2022 год выпуска, сер.№НН6-28002939, производитель Shenzhen Mindray Bio-Medical Electronics Co., Ltd  (Китай):",,1.0,Piece,28.3,15000.0,,,
2023-01-09,巴基斯坦,中国,MEDICAL EQUIPMENT SYSTEMS,MEDISONO LLC,60/61 FCC SYED MARATIB ALI ROAD GULBERG IV  ,,,,,China                         ,,,LPAF,90181200,MEDICAL EQUIPMENT(ULTRASOUND SYSTEM)WITH STANDARD ACCESSORIES.,,2.0,u,0.0,708.0,,,
2023-01-07,印度,中国,S S MEDICAL SYSTEMS INDIA PRIVATE LIMITED,DAWEI MEDICAL JIANGSU CO LTD,"F2&F3, INDUSTRIAL ESTATE,",,,,,CHINA,,,DELHI,90181290,DIGI1100CD-E PORTABLE ULTRASOUND MACHINE SYSTEM WITH ACCESSORIES (MEDICAL EQUIPMENT),,1.0,SET,0.0,4466.687,5188714,,
2023-01-07,印度,中国,ABABIL HEALTHCARE PRIVATE LIMITED,MEDCAPTAIN MEDICAL TECHNOLOGY HONG KONG LIMITED,"NO.16, APPADURAI CHETTY STREET,  TMP NAGAR, PADI,",,,,,CHINA,,,CHENNAI,90181290,HP-30 SYRINGE PUMP (MEDICAL EQUIPMENT),,10.0,NOS,0.0,3294.23,5188790,,
2023-01-07,印度,中国,ABABIL HEALTHCARE PRIVATE LIMITED,MEDCAPTAIN MEDICAL TECHNOLOGY HONG KONG LIMITED,"NO.16, APPADURAI CHETTY STREET,  TMP NAGAR, PADI,",,,,,CHINA,,,CHENNAI,90181290,HP-80 WORKSTATION (SPARE PARTS FOR MEDICAL EQUIPMENT),,3.0,NOS,0.0,1003.473,5188790,,
2023-01-06,乌兹别克斯坦,中国,ООО INTERMED INNOVATION TRADE,SHENZHEN MINDRAY BIOMEDICAL ELECTRONICS CO LTD,,,,,,0,,,,9018120000,"1) Ultrasound Diagnostic Imaging System Consona N9 with accessories/Ультразвуковая диагностическая система  Consona N9 в комплекте с принадлежностями, новый, 2022 год выпуска, сер.№LQ6-29000182, LQ6-2900183, производитель Shenzhen Mindray Bio-Medical Ele",,2.0,Piece,148.0,64000.0,,,
2023-01-06,印度,中国,MEDIMART MEDICAL SYSTEMS PRIVATE LIMITED,SZ HUGEMED MED TECH DEV CO LTD,"NO 9 PILLAYAR KOIL STREET,  RAMAPURAM MAIN ROAD KAIKANKUPPAM",,,,,CHINA,,,CHENNAI,90181290,"SINGLE USE VIDEO URETEROSCOPE SYSTEM COMPLETE SET- HU30S &IMAGING PROCESSOR,HUV-01 (110 PCS)(MEDICAL PARTS)",,11.0,SET,0.0,40360.342,5175528,,
2023-01-06,印度,中国,MEDIMART MEDICAL SYSTEMS PRIVATE LIMITED,SZ HUGEMED MED TECH DEV CO LTD,"NO 9 PILLAYAR KOIL STREET,  RAMAPURAM MAIN ROAD KAIKANKUPPAM",,,,,CHINA,,,CHENNAI,90181290,"IMAGING PROCESSOR, HUV-01,EU (MEDICAL PARTS)",,1.0,NOS,0.0,1537.342,5175528,,
2023-01-06,印度,中国,MINDRAY MEDICAL INDIA PVT LTD,MR GLOBAL HK LIMITED,"UNIT NO 1061 SOLITAIRE BLDG NO 10,  6TH FLR SOLITAIRE CORPORATE PARK",,,,,CHINA,,,MUMBAI,90181290,2146B-PA00149 MX7 MX7 PORTABLE COLOR DOPPLER SYSTEM(FOR MEDICAL USE),,1.0,NOS,0.0,13942.81,5167539,,
2023-01-06,印度,中国,MEDIMART MEDICAL SYSTEMS PRIVATE LIMITED,SZ HUGEMED MED TECH DEV CO LTD,"NO 9 PILLAYAR KOIL STREET,  RAMAPURAM MAIN ROAD KAIKANKUPPAM",,,,,CHINA,,,CHENNAI,90181290,SINGLE -USE RHINO LARYNGOSCOPE RH-M40 (MEDICAL PARTS),,1.0,NOS,0.0,133.236,5175528,,
2023-01-06,印度,中国,MINDRAY MEDICAL INDIA PVT LTD,MR GLOBAL HK LIMITED,"UNIT NO 1061 SOLITAIRE BLDG NO 10,  6TH FLR SOLITAIRE CORPORATE PARK",,,,,CHINA,,,MUMBAI,90181290,2146B-PA00145 MX7 MX7 PORTABLE COLOR DOPPLER SYSTEM(FOR MEDICAL USE),,1.0,NOS,0.0,9739.31,5167539,,
2023-01-06,印度,中国,MINDRAY MEDICAL INDIA PVT LTD,MR GLOBAL HK LIMITED,"UNIT NO 1061 SOLITAIRE BLDG NO 10,  6TH FLR SOLITAIRE CORPORATE PARK",,,,,CHINA,,,MUMBAI,90181290,"2142B-CTO-S01 NUEWA I9 COLOR DOPPLER SYSTEM CENTRAL BRAKE,SMART TRACE,SMART HIP(FOR MEDICAL USE)",,1.0,NOS,0.0,38911.71,5165986,,
2023-01-06,印度,中国,MINDRAY MEDICAL INDIA PVT LTD,MR GLOBAL HK LIMITED,"UNIT NO 1061 SOLITAIRE BLDG NO 10,  6TH FLR SOLITAIRE CORPORATE PARK",,,,,CHINA,,,MUMBAI,90181290,"2145B-CTO-S01 DC-70 EXP COLOR DOPPLER SYSTEM SHARED SERVICEPACKAGE,SMART NT,SMART OB,STRAIN ELASTOGRAPHY(FOR MEDICAL US",,5.0,NOS,0.0,139129.35,5166178,,
2023-01-06,印度,中国,MEDIMART MEDICAL SYSTEMS PRIVATE LIMITED,SZ HUGEMED MED TECH DEV CO LTD,"NO 9 PILLAYAR KOIL STREET,  RAMAPURAM MAIN ROAD KAIKANKUPPAM",,,,,CHINA,,,CHENNAI,90181290,"SINGLE USE BRONCHOSCOPE , BR-M40 (MEDICAL PARTS)",,10.0,NOS,0.0,1742.32,5175528,,
2023-01-06,印度,中国,MINDRAY MEDICAL INDIA PVT LTD,MR GLOBAL HK LIMITED,"UNIT NO 1061 SOLITAIRE BLDG NO 10,  6TH FLR SOLITAIRE CORPORATE PARK",,,,,CHINA,,,MUMBAI,90181290,"2145B-CTO-S01 DC-70 EXP COLOR DOPPLER SYSTEM SHARED SERVICEPACKAGE,STRESS ECHO,TDI QA,STRAIN ELASTOGRAPHY(FOR MEDICAL U",,5.0,NOS,0.0,99336.75,5166178,,
2023-01-06,印度,中国,MINDRAY MEDICAL INDIA PVT LTD,MR GLOBAL HK LIMITED,"UNIT NO 1061 SOLITAIRE BLDG NO 10,  6TH FLR SOLITAIRE CORPORATE PARK",,,,,CHINA,,,MUMBAI,90181290,"2145B-CTO-S01 DC-70 EXP COLOR DOPPLER SYSTEM SHARED SERVICEPACKAGE,SMART N(FOR MEDICAL USE)",,10.0,NOS,0.0,306212.1,5165986,,
2023-01-06,印度,中国,MEDIMART MEDICAL SYSTEMS PRIVATE LIMITED,SZ HUGEMED MED TECH DEV CO LTD,"NO 9 PILLAYAR KOIL STREET,  RAMAPURAM MAIN ROAD KAIKANKUPPAM",,,,,CHINA,,,CHENNAI,90181290,"IMAGING PROCESSOR, VLM-02 (MEDICAL PARTS)",,1.0,NOS,0.0,676.43,5175528,,
2023-01-06,印度,中国,MEDIMART MEDICAL SYSTEMS PRIVATE LIMITED,SZ HUGEMED MED TECH DEV CO LTD,"NO 9 PILLAYAR KOIL STREET,  RAMAPURAM MAIN ROAD KAIKANKUPPAM",,,,,CHINA,,,CHENNAI,90181290,SINGLE USE CYSTOSCOPE CY-M50 (MEDICAL PARTS),,1.0,NOS,0.0,133.236,5175528,,
2023-01-06,印度,中国,MINDRAY MEDICAL INDIA PVT LTD,MR GLOBAL HK LIMITED,"UNIT NO 1061 SOLITAIRE BLDG NO 10,  6TH FLR SOLITAIRE CORPORATE PARK",,,,,CHINA,,,MUMBAI,90181290,"2142B-CTO-S01 RESONA I9 COLOR DOPPLER SYSTEM SMART TRACE,CPP,SMART THYROID(FOR MEDICAL USE)",,1.0,NOS,0.0,32353.24,5165986,,
2023-01-05,巴基斯坦,中国,MEDIMAGE SERVICES,MIANYANG ULTRASOUND XIANFENG TRADING COMPANY,"OFFICE-NO-10- B KARACHI MARKET 2ND FLOOR, KHYBER BAZAR",,,,,China                         ,,,KAPE,90181200,"2) Medical Diode Laser System, Moedel: Hm-Dl330, With All Standard Accessories, Qty: 11 Pcs,",,11.0,u,0.0,220.0,,,
2023-01-05,印度,中国,AUSASIA LIFESCIENCES,HONG KONG VERATECH MEDICAL TECHNO,"92G, PRATAP COMPLEX,SHOP NO. 109,  MUNIRKA",,,,,CHINA,,,DELHI,90181290,MINI560 SHEAR WAVE QUANTIFICATIONAL ULTRASOUND DIAGNOSTIC SYSTEM(FOR MEDICAL),,2.0,NOS,0.0,23464.0,5157592,,
2023-01-04,乌兹别克斯坦,中国,OOO MEHRIGIYO MED SHIFO,DONG HAO TRADE LIMITED,,,,,,0,,,,9018120000,"1. Ультразвуковая диагностическая система с принадлежностями  (в разобранном виде) Модель: S22 Производитель: SONOSCAPE MEDICAL CORP - кол. 1 шт, вес: 66 кг 2. мест 1, 1  часть спец.упаковка 8. 000 9. 024 10. 2022/Ультразвуковая диагностическая система с",,1.0,Piece,66.0,16500.0,,,
2023-01-04,乌兹别克斯坦,中国,OOO PREMIUM TECHNICS,DONG HAO TRADE LIMITED,,,,,,0,,,,9018120000,"1. Ультразвуковая диагностическая система с принадлежностями  (в разобранном виде Модель: S22 Производитель: SONOSCAPE MEDICAL CORP  - кол. 5 шт, вес: 330 кг 2. мест 5, 7  часть спец.упаковка 8. 000 9. 024 10. 2022/ Ультразвуковая диагностическая система",,5.0,Piece,330.0,67500.0,,,
2023-01-03,印度,中国,SPARSTER MEDICAL DAE,HEALSON TECHNOLOGY CO LTD,"34/822-B, SREEMOOLAM, PPN NAGAR,  BEENA ANCHUMANA ROAD,",,,,,CHINA,,,Cochin,90181210,HS-UP20 CONVEX BLACK AND WHITE BASIC ULTRASOUND SCANNER PROBE (MEDICAL EQUIPMENT),,1.0,PCS,0.0,889.0,5127884,,
2023-01-03,巴基斯坦,中国,BN TRADING COMPANY,PERFECTION ENTERPRISE CO LTD,"OFFICE NO 207, MAKKA TOWER, SECOND FLOOR MAIN NAMAK MANDI ROAD, Peshawar Peshawar",,,,,China                         ,,,LPAF,90181200,MEDICAL EQUIPMENT,,1.0,u,0.0,420.0,,,
