packet_row,report_date,recall_number,recalling_firm,status,classification,product_type,product_description,reason_for_recall,distribution_pattern,code_info
701,20250723,D-0549-2025,"A.P. Deauville, LLC",Ongoing,Class II,Drugs,"Beauty & Skincare Power Stick original nourishing  invisible protection roll-on Antiperspirant/Deodorant
Spring Fresh, 1.8 oz./53 mL, A.P Deauville, LLC, PA 18040, NDC# 42913-039-00, UPC Code 815195018194",CGMP Deviations,U.S. Nationwide,"Lot #  031726A991, 041226B561, 062026C901, 062026C911, 071026D351, 071026D361, 071326D391, 111626G231"
702,20250723,D-0519-2025,"ACCORD HEALTHCARE, INC.",Ongoing,Class II,Drugs,"Levothyroxine Sodium Tablets, USP, 25 mcg (0.025 mg), 1000-count bottle, Rx Only, Manufactured for: Accord
Healthcare, Inc., Raleigh, NC 27617, Manufactured by: Intas Pharmaceuticals Limited, Camp Road, Selaqui,
Dehradun-248 197, India, NDC 16729-447-17",Subpotent Drug:  Assay below the approved specification,Nationwide in the USA,"Lot #D2400679, Exp Date: 02/28/2026"
703,20250723,D-0550-2025,"A.P. Deauville, LLC",Ongoing,Class II,Drugs,"Shave and Skincare Power Stick Original Nourishing Invisible Protection Roll-On Antiperspirant/Deodorant, 1.8
oz./ 53 mL,  A.P Deauville, LLC, PA 18040, NDC# 42913-040-00 UPC Code 815195018224",CGMP Deviations,U.S. Nationwide,"Lot #  101225D781, 032926B281, 032826B221, 041126B531, 062226D011, 070626D301, 070626D333, 111026G051, 111326G091, 111626G221"
704,20250723,D-0533-2025,"Ascend Laboratories, LLC",Ongoing,Class II,Drugs,"Rizatriptan Benzoate Tablets, USP, 5 mg, 18 (3x6) Unit Dose Tablets, Rx Only, Manufactured by: Alkem
Laboratories Ltd., INDIA, Distributed by: Ascend Laboratories LLC, Parsippany, NJ 07054, NDC 67877-261-18","CGMP Deviations: detection of N-nitroso-dimethyl-rizatriptan impurity, above the FDA recommended
acceptable intake limit.",US Nationwide.,"Lot 23142117, 23142119, 23142122, Exp Date: May 2026; Lot 24142625, Exp Date: Jun. 2027"
705,20250723,D-0521-2025,"ACCORD HEALTHCARE, INC.",Ongoing,Class II,Drugs,"Levothyroxine Sodium Tablets, USP, 100 mcg (0.1 mg), 1000-count bottle, Rx Only, Manufactured for: Accord
Healthcare, Inc., Raleigh, NC 27617, Manufactured by: Intas Pharmaceuticals Limited, Camp Road, Selaqui,
Dehradun-248 197, India, NDC 16729-451-17",Subpotent Drug:  Assay below the approved specification,Nationwide in the USA,"Lot #D2300092, Exp Date: 12/31/2025; Lot #D2400722, Exp Date: 03/31/2026"
706,20250716,D-0514-2025,KABANA SKIN CARE,Ongoing,Class II,Drugs,"GreenScreen, kabana organic skincare, Bread Spectrum UVA & UVB, Zinc Oxide Sunscreen, Organic Ingredients,
Fragrance Free, Biodegradable, Chemical Free, Non-Nano, Baby Safe, Original, SPF 32, Totally Green personal
care, Zinc Oxide USP 25%, 3.4 FL OZ/115 G Tube, NDC: 73369-0001-1",cGMP deviations,"NJ, FL, MI",Lots: 405-002 and 405-003
707,20250716,D-0513-2025,KABANA SKIN CARE,Ongoing,Class II,Drugs,"Erin's Faces, Mineral SPF 32, UVA/UVB Sunscreen, Broad Spectrum SPF 32, 25% Zinc Oxide, 3 FL OZ/ 85 mL per
bottle, Made in USA for Erin's Faces, Millburn, NO 07041.  NDC:  73369-1401-1",cGMP deviations,"NJ, FL, MI",Lot: 410-002
708,20250716,D-0509-2025,Macleods Pharmaceuticals Ltd,Ongoing,Class III,Drugs,"Famciclovir Tablets, USP 500 mg, 30-count bottles, Rx Only, Manufactured for: Macleods Pharma USA, Inc.,
Manufactured by: Macleods Pharmaceuticals Ltd., Daman, India NDC# 33342-026-07.",Presence of Foreign Substance- Black hair strand found attached to a tablet in a sealed bottle.,U.S. Nationwide.,"Lot # 12250247B, Exp. 01/31/2027"
709,20250716,D-0511-2025,"Breckenridge Pharmaceutical, Inc.",Ongoing,Class II,Drugs,"Duloxetine Delayed-Release Capsules, USP, 40mg, 30-count bottles, Rx Only,   Mfr. by: Towa Pharmaceutical
Europe, S.L. Martorelles, (Barcelona), Spain, Dist. by: Breckenridge Pharmaceuticals, Inc., Berkeley Heights,
NJ 07922. NDC 51991-750-33.",CGMP Deviations: Presence of N-nitroso-duloxetine impurity above FDA recommended interim limit,U.S. Nationwide,"Lot # 230199, Exp. Date 01/31/2026"
710,20250716,D-0512-2025,KABANA SKIN CARE,Ongoing,Class II,Drugs,"B Natural Organics, Organic Sunscreen, Broad Spectrum, SPF 30, 25% non-nano Zinc Oxide, a) Nude Tint Mineral
Formula for Face and Body, 4 oz. (120 ML) per bottle. NDC: 73369-1002-2; b) Tint Free Mineral Formula for Face
and Body, 4 oz. (120 ML) per bottle. NDC:  73369-1001-2; c) Tan Tint Mineral Formula for Face and Body, 4 oz.
(120 ML) per bottle. NDC: 73369-1003-2.",cGMP deviations,"NJ, FL, MI","Lots: a) 410-001, Exp 10/31/2027 b) 404-003, Exp 04/30/2027 c) 404-001, Exp 04/30/2027"
711,20250716,D-0515-2025,KABANA SKIN CARE,Ongoing,Class II,Drugs,"In Your Face Mineral Tint SPF 31, Zinc Oxide 25%, Tinted Sunscreen Broad Spectrum UVA & UVB chemical free,
Organic Ingredients, Biodegradable & Baby Safe, 50 mL - 1.7 fl oz per bottle, Manufactured for IN YOUR FACE
Skin Care, Belleair Bluffs, FL, Made in USA, NDC: 73369-1601-1",cGMP deviations,"NJ, FL, MI",Lot: 408-002
712,20250709,D-0506-2025,Church & Dwight Inc,Ongoing,Class I,Drugs,"Orajel Baby, Cooling Swabs for Teething, Each Unit 0.007 fl oz (0.22 mL), NET 0.08 FL OZ (2.6 mL) TOTAL, 12
Single-Use Swabs per carton, Manufactured for Church & Dwight Co. Inc. Ewing. NJ 08328 USA. UPC CODE 3 10310
40000 2.",Microbial Contamination of Non-Sterile Products: Fungal contamination of infant oral swabs.,Nationwide in the USA.,All Lots.
713,20250709,D-0569-2025,Sandoz Inc,Ongoing,Class I,Drugs,"Cefazolin for Injection, USP, 1 gram per vial, Sterile, For Intramuscular or Intravenous Use, Rx Only,
Manufactured by Sandoz GmbH for Sandoz Inc. Princeton, NJ 08540, NDC: 0781 3451-70 (vial), NDC: 0781-3451-96
(carton).","Labeling: Label Mix-Up; cartons of Cefazolin for Injection, USP 1 gram were found to contain
vials labeled as penicillin G potassium for Injection, USP, 20 million Unit. The vials contained
Cefozalin",Nationwide in the USA,"Lot # PG4360, PG4362, Exp. 11/30/2027"
714,20250709,D-0528-2025,AvKARE,Ongoing,Class III,Drugs,"Pitavastatin Tablets, 1 mg, 90 Tablets per bottle, Rx Only, Manufactured for: AvKARE, Pulaski, TN 38478.  NDC: 42291-905-90",Failed Impurity/Degradation Specifications,Nationwide in the USA,"Lot, expiry:  Lot 46208, exp 10/31/2025; Lot 47738, exp 09/30/2026; Lot 46943, exp 05/31/2026;"
715,20250709,D-0527-2025,"Orient Pharma Co., Ltd. Yunlin Plant",Ongoing,Class III,Drugs,"Pitavastatin Tablets, 1 mg, Rx Only, 90 Tablets, Manufactured by: Orient Pharma Co., Ltd., 8 Kehu 1st Road,
Huwei Chen, Yunlin, Taiwan, 63247, Manufactured for: Teva Pharmaceuticals, Parsippany, NJ 07054, Product of
Taiwan, NDC 0480-3631-98.",Failed Impurities/Degradation Specifications.,NJ,"P051001, P051002, & P051003, Exp Date 07/2025; P051005, Exp Date 10/2025; P051006, Exp Date 10/2025; P051007, Exp Date 01/2026; P051010, Exp Date 07/2026; P051011 & P051012, Exp Date 09/2026; P051013, P051014 and P051015, Exp Date 01/2027."
716,20250709,D-0500-2025,Tailstorm Health INC,Ongoing,Class II,Drugs,"KETAmine Hydrochloride Injection, USP, 50 mg/5mL (10 mg/mL), For IM Use or Slow IV Use, 5 mL Sterile Single-
Dose Vial, Rx Only, For Office Use Only, Compounded Durg by: Medivant Healthcare, 158 S. Kyrene Rd. Chandler,
AZ 85226, NDC 81483-0006-0.","Lack of Assurance of Sterility: A recent FDA inspection revealed concerns with the sterile
manufacturing process.",Nationwide in the US,"Lot #s: 2502008, Exp. 2/27/2027; 2503001, Exp. 3/4/2027."
717,20250709,D-0502-2025,Tailstorm Health INC,Ongoing,Class II,Drugs,"LIDOcaine HCL Sterile Injection, USP, 100mg/10mL, 1%, (10mg/mL), w/EPINEPHRINE 1:100,000, For Infiltration &
Nerve Block, Including Caudal & Epidural Use, 10 mL Sterile Single-Dose Vial, For Office Use Only, Compounded
Drug by: Medivant Healthcare, 158 S. Kyrene, Rd. Chandler, AZ 85226, NDC 81483-0037-0.","Lack of Assurance of Sterility: A recent FDA inspection revealed concerns with the sterile
manufacturing process.",Nationwide in the US,"Lot #s: 2503004, Exp. 3/23/2026; 2503005, Exp. 3/25/2026"
718,20250709,D-0570-2025,Sandoz Inc,Ongoing,Class I,Drugs,"Buffered Penicillin G Potassium for Injection, USP 20,000,000 Units (20 million units), For IV use, Sterile,
Rx Only, Manufactured in Austria by Sandoz GmbH for Sandoz Inc. Princeton, NJ 08540, NDC: 0781-6136-94.","Labeling: Label Mix-Up; Some vials of Cefazolin for Injection, USP 1 gram were incorrectly
labeled as penicillin G potassium for Injection, USP, 20 million Unit",Nationwide in the USA,"Lot # PG4360, PG4362, Exp. 11/30/2027"
719,20250709,D-0501-2025,Tailstorm Health INC,Ongoing,Class II,Drugs,"KETAmine Hydrochloride Injection, USP, 500mg/5mL, (10mg/mL), For IM or Slow IV Use, 5mL Sterile Multi-Dose
Vial, Rx Only, For Office Use Only, Compounded Drug by: Medivant Healthcare, 158 S. Kyrene, Rd. Chandler, AZ
85226, NDC 81483-0007-2.","Lack of Assurance of Sterility: A recent FDA inspection revealed concerns with the sterile
manufacturing process.",Nationwide in the US,"Lot: 2502009, Exp. 3/2/2026"
720,20250709,D-0507-2025,The Harvard Drug Group LLC,Ongoing,Class II,Drugs,"Gabapentin Capsules, USP, 100 mg, 100 capsules (10x10), blister pack cartons, Rx only, Packaged and
Distributed by: MAJOR PHARMACEUTICALS, Indianapolis, IN, 46268 USA, NDC 0904-6665-61",Defective container; blister packaging inadequately sealed.,Nationwide,"Lot# M05205, Exp Date 10/2026"
721,20250709,D-0499-2025,Tailstorm Health INC,Ongoing,Class II,Drugs,"BUPIVAcaine HCL Sterile injection, USP w/EPINEPHRINE 1:200,000, 50 mg/10mL, 0.5%, (5mg/mL), 10 mL Sterile
Single-Dose Vial, Rx Only, For Nerve Block, Caudal & Epidural Anesthesia Only, Warning: Contains Sulfites, For
Office Use Only, Compounded Drug by: Medivant Healthcare, 158 S. Kyrene Rd., Chandler, AZ, 85226, NDC
81483-0036-0.","Lack of Assurance of Sterility: A recent FDA inspection revealed concerns with the sterile
manufacturing process.",Nationwide in the US,"Lot #s: 2502005, Exp. 2/20/26; 2502006, Exp 2/23/2026"
722,20250709,D-0504-2025,Church & Dwight Inc,Ongoing,Class I,Drugs,"ZICAM COLD REMEDY MEDICATED NASAL SWABS, 20 Single-Use Swabs per carton, Distributed by Church & Dwight Co,.
Inc., Ewing NJ. UPC 7 32216 30120 5",Microbial Contamination of Non-Sterile Products: Fungal contamination of nasal swabs.,Nationwide in the USA.,All lots.
723,20250709,D-0498-2025,Tailstorm Health INC,Ongoing,Class II,Drugs,"LIDOcaine HCl Injection, USP, 10mg/mL, 1% (100 mg/10mL), 10 mL Sterile Single Dose Vial, Rx Only, For
Infiltration & Nerve Block, Including Caudal & Epidural Use, Preservative-Free, For Office Use Only,
Compounded Drug by: Medivant Healthcare, 158 S Kyrene Rd., Chandler, AZ, 85226, NDC 81483-0000-0.","Lack of Assurance of Sterility: A recent FDA inspection revealed concerns with the sterile
manufacturing process.",Nationwide in the US,"Lot #s: 2502004, Exp. 2/18/27; 2503003, Exp. 3/19/27"
724,20250709,D-0510-2025,Granules Pharmaceuticals Inc.,Ongoing,Class II,Drugs,"Metoprolol Succinate Extended-Release Tablets, USP, 25 mg, Packaged in a) 100-count bottle, NDC 70010-780-01;
b) 500-count bottle, NDC 70010-780-05; Rx only, Manufactured by: Granules India Limited, Hyderadab-500 081,
India, Manufactured for: Granules Pharmaceuticals Inc., Chantilly, VA 20151,","Failed Dissolution Specifications: Product failed to meet dissolution acceptance criteria in the
stability studies at the 6th month (25¿C/60% RH) long-term.",Nationwide in the USA.,"Lot # a)1400008A, Exp Date: 12/31/2025; b) 1400008B, Exp Date: 12/31/2025"
725,20250709,D-0529-2025,AvKARE,Ongoing,Class III,Drugs,"Pitavastatin Tablets, 2 mg, 90 Tablets per bottle, Rx Only, Manufactured for: AvKARE, Pulaski, TN 38478.  NDC: 42291-906-90",Failed Impurity/Degradation Specifications,Nationwide in the USA,"Lot, expiry:  Lot 46211, exp 10/31/2025; Lot 47683, exp 05/31/2026; Lot 46944 , exp 01/31/2026"
726,20250709,D-0503-2025,Tailstorm Health INC,Ongoing,Class II,Drugs,"LIDOcaine HCL Sterile Injection, USP, 20 mg/mL, 2%, (200 mg/10 mL), For Infiltration & Nerve Block, Including
Caudal & Epidural Use, Preservative Free, 10mL Sterile Single-Dose Vial, Rx Only, Medivant Healthcare, 158 S.
Kyrene Rd., Chandler, AZ, 85226, NDC 81483-0001-0.","Lack of Assurance of Sterility: A recent FDA inspection revealed concerns with the sterile
manufacturing process.",Nationwide in the US,"Lot #: 2504003, Exp. 04/03/2027"
727,20250709,D-0526-2025,"Orient Pharma Co., Ltd. Yunlin Plant",Ongoing,Class III,Drugs,"Pitavastatin Tablets, 2 mg, Rx Only, 90 Tablets, Manufactured by: Orient Pharma Co., Ltd., 8 Kehu 1st Road,
Huwei Chen, Yunlin, Taiwan, 63247, Manufactured for: Teva Pharmaceuticals, Parsippany, NJ 07054, Product of
Taiwan, NDC 0480-3632-98.",Failed Impurities/Degradation Specifications.,NJ,"P061001, P061002, P061003, P061004, P061006 & P061007 Exp Date 07/2025; P061008, Exp Date 08/2025; P061009 & P061010 Exp Date 10/2025; P061011, P061012 & P061013 Exp Date 01/2026; P061016, P061017 & P061018, Exp Date 04/2026; P061019, Exp Date 05/2026; P061023, Exp Date 01/2027."
728,20250709,D-0505-2025,Church & Dwight Inc,Ongoing,Class I,Drugs,"ZICAM NASAL ALLCLEAR,  20 Single-Use Swabs per carton, Distributed by Church & Dwight Co,. Inc.., Ewing NJ. UPC 7 32216 30165 6",Microbial Contamination of Non-Sterile Products: Fungal contamination of nasal swabs.,Nationwide in the USA.,All Lots.
729,20250709,D-0508-2025,The Harvard Drug Group LLC,Ongoing,Class II,Drugs,"Gabapentin Capsules, USP, 100 mg, 10 capsules (10x1) per bag, Rx only, Packaged and Distributed by: MAJOR
PHARMACEUTICALS, Indianapolis, IN, 46268 USA, Distributed by Cardinal Health, Dublin, OH 43017, NDC
55154-3363-0",Defective container; blister packaging inadequately sealed.,Nationwide,"Lot# M05205A and M05205B, Exp Date 10/2026."
730,20250702,D-0480-2025,"Thrive Health and Wellness, LLC, dba Thrive Health Solutions (Colorado)",Ongoing,Class II,Drugs,"Semaglutide, 5 mg/mL, pre-filled syringe, Thrive Health Solutions, 88 Inverness, Cir E, Suite A-204, Englewood, CO 80112",Lack of Assurance of Sterility,USA Nationwide,"Lot #: C03035J, Exp 7/3/2025, H202959, exp 7/6/2025; AB20N110720 , exp 7/7/2025 ; AB60N1121, exp 7/7/2025; PRX022225-1 , exp 8/24/2025 ; U122024 , exp 10/26/2025"
731,20250702,D-0484-2025,"Thrive Health and Wellness, LLC, dba Thrive Health Solutions (Colorado)",Ongoing,Class II,Drugs,"Tirzepatide Injections, 30mg/mL, pre-filled syringe, Thrive Health Solutions, 88 Inverness, Cir E, Suite
A-204, Englewood, CO 80112",Lack of Assurance of Sterility,USA Nationwide,Lot: H388348
732,20250702,D-0485-2025,"Thrive Health and Wellness, LLC, dba Thrive Health Solutions (Colorado)",Ongoing,Class II,Drugs,"Tirzepatide/Cyanocobalamin Injectable, 15mg/1mg/mL, pre-filled syringe, Thrive Health Solutions, 88 Inverness,
Cir E, Suite A-204, Englewood, CO 80112",Lack of Assurance of Sterility,USA Nationwide,Lot: C03065F
733,20250702,D-0473-2025,"Teva Pharmaceuticals USA, Inc",Ongoing,Class II,Drugs,"Metoclopramide Tablets, USP 10 mg, 100-count bottle, Rx only, Manufactured in Croatia by Pliva Hrvatska,
d.o.o., Zageb, Croatia, Manufactured for Teva Pharmaceuticals, Parsippany, NJ 07054, NDC 0093-2203-01.",Presence of foreign tablets/capsules.,USA Nationwide,"Lot#: 5420094, Exp 09/30/2027"
734,20250702,D-0474-2025,"Thrive Health and Wellness, LLC, dba Thrive Health Solutions (Colorado)",Ongoing,Class II,Drugs,"Methylcobalamin Injectable, 10mg/mL, pre-filled syringe, Thrive Health Solutions, 88 Inverness, Cir E, Suite
A-204, Englewood, CO 80112",Lack of Assurance of Sterility,USA Nationwide,"Lot #: H228307, Exp 12/27/2025"
735,20250702,D-0494-2025,Apotex Corp.,Ongoing,Class II,Drugs,"Ketorolac Tromethamine Ophthalmic Solution, 0.5%, 10 mL, Rx Only, Manufactured by: Apotex Inc., Toronto,
Ontario, Canada, M9L 1T9, Manufactured for: Apotex Corp., Weston, FL 33326, NDC 60505-1003-2",Lack of Assurance of Sterility,US Nationwide.,"Batch TZ1236, Exp Date: 11/30/2025"
736,20250702,D-0490-2025,"Fresenius Medical Care Holdings, Inc.",Ongoing,Class II,Drugs,"0.9% Sodium Chloride Injection, USP, Flexible Plastic Container, Rx Only Fresenius Medical Care North America,
Waltham, MA 02451, 1-800-323-5188, NDC 49230-300-10",Lack of Assurance of Sterility,Nationwide.,"24PU06037, 24PU06038, 24PU06040, 24PU06041, 24PU06042, 24PU06043, 24PU06044, 24PU06045, 24PU0646, 24PU06047, 24PU06048, 24PU06049, 24PU06050, 24PU06052, 24PU06053, 24PU06054 & 24PU06055, Exp Date 11/30/2025;  24SU06001, 24SU06002, 24SU06003, 24SU06004, 24SU06005, 24SU06006, 24SU06007, 24SU06009, 24SU06010, 24SU06011 24SU06012, 24SU06013, 24SU06014, 24SU06015, 24SU06016, 24SU06017, 24SU06018, 24SU06019, 24SU06020, 24SU06021, 24SU06022, 24SU06023, 24SU06024, 24SU06025,24SU06026, 24SU06028,24SU06029, 24SU06030, 24SU06031, 24SU06032, 24SU06033 24SU06034, 24SU06035, 24SU06036, 24SU06037, 24SU06038, 24SU06039, 24SU06040, 24SU06041, 24SU06042, 24SU06043, 24SU06044, 24SU06045, 24SU06046, 24SU06047, 24SU06048, 24SU06049, 24SU06050, 24SU06051, 24SU06052, 24SU06053, 24SU06054, 24SU06055, 24SU06056, & 24SU06057,  Exp Date 12/31/25   25AU06001, 25AU06002, 25AU06003. 25AU06004, 25AU06005, 25AU06006, 25AU06007, 25AU06008, 25AU06009, 25AU06010, 25AU06011, 25AU06013, 25AU06017, 25AU06020 25AU06021, 25AU06022, 25AU06027, 25AU06028, 25AU06029, 25AU06030, 25AU06031 25AU06032, 25AU06034, 25AU06035, 25AU06036, 25AU06037, 25AU06038, 25AU06039 25AU06040, 25AU06041, 25AU06042, 25AU06043, 25AU06044, 25AU06045, 25AU06046 25AU06047, 25AU06048, 25AU06049, 25AU06050, 25AU06051, 25AU06052, 25AU06053 & 25AU06056, Exp Date 1/31/26  25BU06001, 25BU06003, 25BU06004, 25BU06005, 25BU06006, 25BU06007, 25BU06008 25BU06009, 25BU06010, 25BU06011, 25BU06018, 25BU06020, 25BU06023, 25BU06024 25BU06026, 25BU06027, 25BU06028, 25BU06030, 25BU06031, 25BU06032, 25BU06033 25BU06034, 25BU06035, 25BU06036, 25BU06037, 25BU06038, 25BU06039, 25BU06040 25BU06041, 25BU06042, 25BU06043, 25BU06044, 25BU06045, 25BU06046 25BU06047, 25BU06049, 25BU06050, 25BU06051, 25BU06053 & 25BU06054,  Exp Date 02/28/26  25CU06002, 25CU06003, 25CU06004, 25CU06005, 25CU06006, 25CU06007, 25CU06008 25CU06012, 25CU06013, 25CU06015, 25CU06016, 25CU06020, 25CU06021, 25CU06022 25CU06023, 25CU06024, 25CU06026, 25CU06028, 25CU06030, 25CU06032, 25CU06035 25CU06039, Exp Date 03/31/2026"
737,20250702,D-0478-2025,"Thrive Health and Wellness, LLC, dba Thrive Health Solutions (Colorado)",Ongoing,Class II,Drugs,"Nicotinamide adenine dinucleotide (NAD+): 100mg/mL, pre-filled syringe, Thrive Health Solutions, 88 Inverness,
Cir E, Suite A-204, Englewood, CO 80112",Lack of Assurance of Sterility,USA Nationwide,"Lot #: O-O8A01-25, Exp 3/7/2025"
738,20250702,D-0482-2025,"Thrive Health and Wellness, LLC, dba Thrive Health Solutions (Colorado)",Ongoing,Class II,Drugs,"Tirzepatide Injections, 10mg/mL, pre-filled syringe, Thrive Health Solutions, 88 Inverness, Cir E, Suite
A-204, Englewood, CO 80112",Lack of Assurance of Sterility,USA Nationwide,"Lot, expiry:   H272962, exp 12/5/2025; S5045185, exp 5/20/2025;  H272962, exp 12/5/2025;  H270625, exp 9/30/2025"
739,20250702,D-0495-2025,Apotex Corp.,Ongoing,Class II,Drugs,"Azelastine HCl Ophthalmic Solution, USP, 0.05%, 6 mL, Rx Only, Sterile, Mfg. by: Apotex Inc., Toronto,
Ontario, Canada, M9L 1T9, Mfg. for: Apotex Corp., Weston, FL 33326, NDC 60505-0578-4",Lack of Assurance of Sterility,US Nationwide.,"Batch VD1654, Exp Date: 06/30/2027"
740,20250702,D-0486-2025,"Thrive Health and Wellness, LLC, dba Thrive Health Solutions (Colorado)",Ongoing,Class II,Drugs,"Tirzepatide/Cyanocobalamin Injectable, 30mg/1mg/mL (15mg/0.5mg/0.5mL), pre-filled syringe, Thrive Health
Solutions, 88 Inverness, Cir E, Suite A-204, Englewood, CO 80112",Lack of Assurance of Sterility,USA Nationwide,Lot: C03125A
741,20250702,D-0531-2025,"Advanced Pharmaceutical Technology, Inc.",Ongoing,Class II,Drugs,"TESTO-200, Testosterone Cypionate Inj. USP, 2000mg/10ml (200mg/ml), One 10ml multidose vial per carton, For
intramuscular injection only, Rx Only, ADVANCED PHARMACEUTICAL TECHNOLOGY, INC., 132 South Central Avenue,
Elmsford, NY 10523.  NDC 57377-200-01",Marketed Without an Approved NDA/ANDA,"NY, NJ",Lot P-24-1; Exp. 02/28/2027
742,20250702,D-0479-2025,"Thrive Health and Wellness, LLC, dba Thrive Health Solutions (Colorado)",Ongoing,Class II,Drugs,"Semaglutide, 2.5 mg/mL, pre-filled syringe, Thrive Health Solutions, 88 Inverness, Cir E, Suite A-204, Englewood, CO 80112",Lack of Assurance of Sterility,USA Nationwide,"Lot #: H270221, Exp 12/26/2025"
743,20250702,D-0475-2025,"Thrive Health and Wellness, LLC, dba Thrive Health Solutions (Colorado)",Ongoing,Class II,Drugs,"CJC-1295 Injectable, 6mg/15mg, pre-filled syringe, Thrive Health Solutions, 88 Inverness, Cir E, Suite A-204, Englewood, CO 80112",Lack of Assurance of Sterility,USA Nationwide,"Lot#: H261968, Exp 12/23/2025; H261358, Exp 5/13/2025"
744,20250702,D-0489-2025,Pfizer Inc.,Ongoing,Class II,Drugs,"DOBUTamine Injection, USP, 250 mg/20 mL (12.5 mg/mL), 20 mL per Single-dose Vial, carton of 10 Fliptop Vials,
Rx only, For Intravenous Use Only, Made in Italy, Distributed by Hospira, Inc., Lake Forest, IL 60045 USA.
NDC Carton:  0409-2344-02; NDC Vial: 0409-2344-62",Discoloration; discolored solution from cracked vials,Nationwide in the USA,"Lot KA5023, exp 02/28/2026"
745,20250702,D-0477-2025,"Thrive Health and Wellness, LLC, dba Thrive Health Solutions (Colorado)",Ongoing,Class II,Drugs,"LX Bioboost Plus, (Each 1mL contains Methionine 25 mg, Inositol 50 mg, Choline Chloride 50 mg, Pyridoxine HCl
25 mg, Dexpanthenol 25 mg, Cyanocobalamin 1 mg, L-Arginine HCl 15 mg, L-Carnitine 15 mg, and Lidocaine 1 mg in
SWFI), pre-filled syringe, Thrive Health Solutions, 88 Inverness, Cir E, Suite A-204, Englewood, CO 80112",Lack of Assurance of Sterility,USA Nationwide,"Lot #: H227226, Exp 12/24/2025; H360175, Exp 6/2/2025; H368308, Exp 6/2/2025; Lot S360175, Exp 6/2/2025"
746,20250702,D-0476-2025,"Thrive Health and Wellness, LLC, dba Thrive Health Solutions (Colorado)",Ongoing,Class II,Drugs,"LL Bioboost Injectable, Each 1mL contains Methionine 25 mg, Inositol 50 mg, Choline Chloride 50 mg, and
Cyanocobalamin 1 mg in SWFI, pre-filled syringe, Thrive Health Solutions, 88 Inverness, Cir E, Suite A-204,
Englewood, CO 80112",Lack of Assurance of Sterility,USA Nationwide,"Lot #: H277639, Exp 6/25/2025"
747,20250702,D-0496-2025,Apotex Corp.,Ongoing,Class II,Drugs,"Brimonidine Tartrate/Timolol Maleate Ophthalmic Solution, 0.2%/0.5%, 15 mL, Rx Only, Sterile, Manufactured by:
Apotex Inc., Toronto, Ontario, Canada, M9L 1T9, Manufactured for: Apotex Corp., Weston, FL 33326, NDC
60505-0589-3",Lack of Assurance of Sterility,US Nationwide.,"Batch VC6058, Exp Date: 10/31/2025"
748,20250702,D-0481-2025,"Thrive Health and Wellness, LLC, dba Thrive Health Solutions (Colorado)",Ongoing,Class II,Drugs,"Semaglutide/Cyanocobalamin Injectable, 5mg/1mg/mL, pre-filled syringe, Thrive Health Solutions, 88 Inverness,
Cir E, Suite A-204, Englewood, CO 80112",Lack of Assurance of Sterility,USA Nationwide,"Lot:  C03075J, Ex p  7/7/2025"
749,20250702,D-0483-2025,"Thrive Health and Wellness, LLC, dba Thrive Health Solutions (Colorado)",Ongoing,Class II,Drugs,"Tirzepatide Injections, 20mg/mL, pre-filled syringe, Thrive Health Solutions, 88 Inverness, Cir E, Suite
A-204, Englewood, CO 80112",Lack of Assurance of Sterility,USA Nationwide,"Lot #BH11235 exp 5/5/2025 ; BH11235 , exp 5/5/2025 ; BH11235 , exp 5/5/2025 ; BH11235 , exp 5/5/2025 ; BH11235 , exp 5/5/2025 ; PRX11212024 , exp 5/20/2025 ; PRX11212024 , exp 5/20/2025 ; PRX11212024 , exp 5/20/2025 ; PRX11212024 , exp 5/20/2025 ; PRX11212024 , exp 5/20/2025 ; PRX11212024 , exp 5/20/2025 ; PRX11212024 , exp 5/20/2025 ; PRX11212024 , exp 5/20/2025 ; PRX11212024 , exp 5/20/2025 ; PRX11212024 , exp 5/20/2025 ; PRX11212024 , exp 5/20/2025 ; PRX11212024 , exp 5/20/2025 ; PRX11212024 , exp 5/20/2025 ; BH272962 , exp 5/20/2025 ; PRX11212024 , exp 5/20/2025 ; PRX11212024 , exp 5/20/2025 ; PRX11212024 , exp 5/20/2025 ; PRX11212024 , exp 5/20/2025 ; PRX11212024 , exp 5/20/2025 ; PRX11212024 , exp 5/20/2025 ; PRX11212024 , exp 5/20/2025 ; PRX11212024 , exp 5/20/2025 ; PRX11212024 , exp 5/20/2025 ; PRX11212024 , exp 5/20/2025 ; PRX11212024 , exp 5/20/2025 ; PRX11212024 , exp 5/20/2025 ; PRX11212024 , exp 5/20/2025 ; PRX11212024 , exp 5/20/2025 ; PRX11212024 , exp 5/20/2025 ; PRX11212024 , exp 5/20/2025 ; PRX11212024 , exp 5/20/2025 ; PRX11212024 , exp 5/20/2025 ; PRX11212024 , exp 5/20/2025 ; PRX11212024 , exp 5/20/2025 ; PRX11212024 , exp 5/20/2025 ; PRX11212024 , exp 5/20/2025 ; PRX11212024 , exp 5/20/2025 ; PRX11212024 , exp 5/20/2025 ; PRX11212024 , exp 5/20/2025 ; BH272962 , exp 5/20/2025 ; PRX11212024 , exp 5/20/2025 ; PRX11212024 , exp 5/20/2025 ; PRX11212024 , exp 5/20/2025 ; PRX11212024 , exp 5/20/2025 ; PRX11212024 , exp 5/20/2025 ; PRX11212024 , exp 5/20/2025 ; PRX11212024 , exp 5/20/2025 ; PRX11212024 , exp 5/20/2025 ; PRX11212024 , exp 5/20/2025 ; PRX11212024 , exp 5/20/2025 ; PRX11212024 , exp 5/20/2025 ; PRX11212024 , exp 5/20/2025 ; PRX11212024 , exp 5/20/2025 ; PRX11212024 , exp 5/20/2025 ; PRX11212024 , exp 5/20/2025 ; PRX11212024 , exp 5/20/2025 ; PRX11212024 , exp 5/20/2025 ; PRX11212024 , exp 5/20/2025 ; PRX11212024 , exp 5/20/2025 ; PRX11212024 , exp 5/20/2025 ; PRX11212024 , exp 5/20/2025 ; BH00048 , exp 5/20/2025 ; PRX11212024 , exp 5/20/2025 ; PRX11212024 , exp 5/20/2025 ; PRX11212024 , exp 5/20/2025 ; PRX11212024 , exp 5/20/2025 ; PRX11212024 , exp 5/20/2025 ; PRX11212024 , exp 5/20/2025 ; PRX11212024 , exp 5/20/2025 ; PRX11212024 , exp 5/20/2025 ; PRX11212024 , exp 5/20/2025 ; PRX11212024 , exp 5/20/2025 ; PRX11212024 , exp 5/20/2025 ; PRX11212024 , exp 5/20/2025 ; PRX11212024 , exp 5/20/2025 ; PRX11212024 , exp 5/20/2025 ; PRX11212024 , exp 5/20/2025 ; PRX11212024 , exp 5/20/2025 ; PRX12825-2 , exp 7/27/2025 ; PRX12825-2 , exp 7/27/2025 ; PRX12825-2 , exp 7/27/2025 ; PRX12825-2 , exp 7/27/2025 ; PRX12825-2 , exp 7/27/2025 ; PRX12825-2 , exp 7/27/2025 ; PRX12825-2 , exp 7/27/2025 ; PRX12825-2 , exp 7/27/2025 ; PRX12825-2 , exp 7/27/2025 ; PRX12825-2 , exp 7/27/2025 ; PRX12825-2 , exp 7/27/2025 ; PRX12825-2 , exp 7/27/2025 ; PRX12825-2 , exp 7/27/2025 ; PRX12825-2 , exp 7/27/2025 ; PRX12825-2 , exp 7/27/2025 ; PRX12825-2 , exp 7/27/2025 ; PRX12825-2 , exp 7/27/2025 ; PRX12825-2 , exp 7/27/2025 ; PRO30625-2 , exp 9/2/2025 ; PRO30625-2 , exp 9/2/2025 ; PRO30625-2 , exp 9/2/2025 ; PRX012825-2 , exp 9/27/2025 ; PRX012825-2 , exp 9/27/2025 ; PRX012825-2 , exp 9/27/2025 ; PRX012825-2 , exp 9/27/2025 ; PRX012825-2 , exp 9/27/2025 ; PRX012825-2 , exp 9/27/2025 ; AB11212024 , exp 11/21/2025 ; AB11212024 , exp 11/21/2025 ; AB11212024 , exp 11/21/2025 ; AB11212024 , exp 11/21/2025 ; AB11212024 , exp 11/21/2025 ; AB11212024 , exp 11/21/2025 ; AB11212024 , exp 11/21/2025 ; AB11212024 , exp 11/21/2025 ; AB11212024 , exp 11/21/2025 ; AB11212024 , exp 11/21/2025 ; AB11212024 , exp 11/21/2025 ; BH66-1002 , exp 12/30/2025 ; BH66-1002 , exp 12/30/2025 ; BH66-1002 , exp 12/30/2025 ; BH66-1002 , exp 12/30/2025 ; BH66-1002 , exp 12/30/2025 ; BH66-1002 , exp 12/30/2025 ; BH66-1002 , exp 12/30/2025 ; BH66-1002 , exp 12/30/2025 ; BH66-1002 , exp 12/30/2025 ; BH66-1002 , exp 12/30/2025 ; BH66-1002 , exp 12/30/2025 ; BH66-1002 , exp 12/30/2025 ; BH66-1002 , exp 12/30/2025 ; BH66-1002 , exp 12/30/2025 ; BH66-1002 , exp 12/30/2025 ; BH66-1002 , exp 12/30/2025 ; BH66-1002 , exp 12/30/2025 ; BH66-1002 , exp 12/30/2025 ; BH66-1002 , exp 12/30/2025 ; BH66-1002 , exp 12/30/2025 ; BH66-1002 , exp 12/30/2025 ; BH66-1002 , exp 12/30/2025 ; BH66-1002 , exp 12/30/2025 ;"
750,20250702,D-0487-2025,"Thrive Health and Wellness, LLC, dba Thrive Health Solutions (Colorado)",Ongoing,Class II,Drugs,"Nicotinamide adenine dinucleotide (NAD+): 100mg/mL, pre-filled syringe, Thrive Health Solutions, 88 Inverness,
Cir E, Suite A-204, Englewood, CO 80112",Lack of Assurance of Sterility,USA Nationwide,Lot: GA37484
751,20250702,D-0491-2025,B BRAUN MEDICAL INC,Ongoing,Class II,Drugs,"0.9% Sodium Chloride Injection USP, 500 mL, packaged in 500 mL excel containers and further packaged 24 per
case, Rx only, B.Braun Medical Inc., Bethlehem, PA 18018-3524, USA, NDC 0264-7800-10.","Lack of assurance of sterility: pinholes, within the finger boxes used during Form Fill Seal
process resulting in leaks.",USA Nationwide,"Lot #: J4L260, J4L261, J4L270, J4L271, J4L280, Exp 2/28/2027"
752,20250625,D-0492-2025,Umary-USA.com,Completed,Class I,Drugs,"UNAVY ACIDO HIALURONICO, Conenido: 30 capletas de 850mg, distribuido por: EREN NATURAL S.A. DE C.V, Zappan,
Jal. C.P, UPC 7 503046 054295","Marketed without approved NDA/ANDA- Laboratory analysis found product to be tainted with
undeclared ingredients: Dexamethasone, Diclofenac and Omeprazole.",U.S. Nationwide via internet.,All Lots; All Expiration Dates.
753,20250625,D-0471-2025,Aurobindo Pharma USA Inc,Ongoing,Class II,Drugs,"Acetaminophen Tablets, 325 mg, 100-count bottles, Distributed by: Amazon.com Services LLC, 410 Terry Avenue
N., Seattle, WA 98109, NDC 72288-405-10","cGMP deviations: Due to confirmed consumer complaints received with the observation of tablet
discoloration (brown surface on tablets).",USA Nationwide.,"Lot#: AEF124004A, Exp date 08/31/2026"
754,20250625,D-0472-2025,Eugia US LLC,Ongoing,Class II,Drugs,"Gentamicin Injection, USP, (PEDIATRIC), 20 mg per 2 mL (10 mg per mL*), 2 mL Single-Dose Vial, Rx Only, Mfd.
in India for: Eugia US LLC, E. Windsor, NJ, 08520 Vial- NDC 55150-401-01, Carton NDC 55150-401-25","Failed Stability Specifications:  Out of specification results for the Color Absorbance test
during 12 Month sample analysis.",Nationwide in the USA,"Batch 3GT23006, 3GT23007, 3GT23008, Exp Date: November, 30, 2025"
755,20250625,D-0493-2025,Umary-USA.com,Completed,Class I,Drugs,"UMOVY ACIDO HIALURONICO, Conenido: 30 capletas de 850mg, distribuido por: EREN NATURAL S.A. DE C.V, Zappan,
Jal. C.P, UPC 7503046054134","Marketed without approved NDA/ANDA- Laboratory analysis found product to be tainted with
undeclared ingredients: Dexamethasone and Diclofenac.",U.S. Nationwide via internet.,All Lots; All Expiration Dates.
756,20250618,D-0497-2025,Zydus Pharmaceuticals (USA) Inc,Ongoing,Class II,Drugs,"Icosapent Ethyl Capsules 1 gram, 120 Capsules per Bottle, Rx Only, Manufactured by Doppel Farmaceutici s.r.l.,
Piacenza, Italy, Distributed by Zydus Pharmaceuticals (USA) Inc., Pennington, NJ 08534, NDC 70710-1592-7.","Failed Tablet/Capsule specifications; a product complaint was reported for burnt or melted
capsules. This was determined to be a result of oxidation by leakage of capsule contents.","IL, PA, & MS","Lot #s: B237040, B237041, Exp 10/31/2025"
757,20250618,D-0461-2025,AvKARE,Ongoing,Class II,Drugs,"Chlorthalidone Tablets, USP, 25 mg, 50 Tablets (5x10) Unit Dose cards per carton, Rx only, Manufactured for:
AvKARE, Pulaski, TN 38478, NDC 50268-167-15",Failed Dissolution Specifications,Nationwide USA,"Lot # 47947, Exp 05/31/2026"
758,20250618,D-0465-2025,SAINI TRADE INC,Ongoing,Class I,Drugs,"ELECTRO BUZZ, Dietary Supplement, 10 capsules per box, Distributed By: Health Fixer, Tempe, AZ 85288, UPC B0DK68LF6J.","Marketed without an Approved NDA/ANDA: Laboratory analysis found the product to be tainted with
undeclared chloropretadalafil, propoxyphenylsildenafil, and sildenafil.",Nationwide,"All lots Lot #: KT-1ST-43-01-07/2024, Exp. 10/15/2026"
759,20250618,D-0469-2025,"Ascend Laboratories, LLC",Ongoing,Class II,Drugs,"Cephalexin for Oral Suspension, USP, 125 mg per 5 mL, 200 mL (when mixed), Rx Only, Manufactured by: Alkem
Laboratories Ltd., India, Distributed by: Ascent Laboratories, LLC, Parsippany, NJ 07054, NDC 67877-544-68","Failed Impurities/Degradation Specifications An out-of-specification result was observed in the
related substance test at the sixth month of stability analysis.    The individual impurity was
identified to be Cephalexin Glucose Adduct.",Nationwide in the USA.,"Lot #: 23142343, Exp Date: 6/30/2025; 23143526, Exp Date: 9/30/2025; 23144036, Exp Date: 10/31/2025; 23144269, Exp Date: 11/30/2025; Lot 24140027, Exp Date: 12/31/2025; 24144282, Exp Date: 10/31/2026"
760,20250618,D-0459-2025,Alembic Pharmaceuticals Limited,Ongoing,Class II,Drugs,"Celecoxib Capsules, 200 mg, 500-count bottle, Rx only, Manufactured by: Alembic Pharmaceuticals Limited
(Formulation Division), Panelav 389350, Gujarat, India, Manufactured for: Alembic Pharmaceuticals, Inc.,
Bedminster, NJ 07921, USA, NDC 62332-142-71","Presence of Foreign Tablets/Capsules; customer complaint found one Tadalafil 5mg tablet inside a
sealed 500-count bottle of Celecoxib 200mg capsule",Distributed Nationwide and in PR,"Batch 2405014780, Exp. Date: Sep. 30, 2027"
761,20250618,D-0488-2025,"Amneal Pharmaceuticals, LLC",Ongoing,Class I,Drugs,"Sulfamethoxazole and Trimethoprim Tablets, USP, 400 mg/80 mg, Rx Only, a) 100 Tablets per Bottle, NDC:
65162-271-10, b) 500 Tablets per Bottle, NDC: 65162-271-50, Manufactured by: Amneal Pharmaceuticals Pvt. Ltd.,
Oral Solid Dosage Unit, Ahmedabad, 382213, INDIA, Distributed by: Amneal Pharmaceuticals LLC, Bridgewater, NJ
08807.","Microbial contamination of non-sterile products: tablets may exhibit black spots due to
microbial contamination.",Nationwide in the USA,"Lot #s: a) AM241019, AM241020, Exp. 06/30/2027 b) AM241019A, Exp 06/30/2027"
762,20250618,D-0466-2025,SAINI TRADE INC,Ongoing,Class I,Drugs,"ULTRA ARMOR, My Armor My Power, Dietary Supplement, 10 capsules per box, Distributed by Health Fixer, Tempe,
AZ 85288, UPC B0CYJ7Y5H9.","Marketed without an Approved NDA/ANDA: Laboratory analysis found the product to be tainted with
undeclared propoxyphenylsildenafil and sildenafil.",Nationwide,"All lots Lot #: KT-1ST-43-01-10/2025, Exp. 01/10/2027"
763,20250618,D-0460-2025,AvKARE,Ongoing,Class II,Drugs,"Celecoxib Capsules, 200 mg, 50 Capsules (5x10) Unit Dose per carton, Rx Only, Manufactured for: AvKARE,
Pulaski, TN 38478.  NDC 50268-169-15","Presence of Foreign Tablets/Capsules: manufacturer recalled because one tadalafil 5mg tablet was
found in 500 count bottle of Celecoxib 200 mg capsules",Nationwide in the USA,"Lot #47881, Exp 05/31/2026"
764,20250618,D-0468-2025,"Ascend Laboratories, LLC",Ongoing,Class II,Drugs,"Cephalexin for Oral Suspension, USP, 125 mg per 5 mL, 100 mL (when mixed), Rx Only, Manufactured by: Alkem
Laboratories Ltd., India, Distributed by: Ascent Laboratories, LLC, Parsippany, NJ 07054, NDC 67877-544-88","Failed Impurities/Degradation Specifications An out-of-specification result was observed in the
related substance test at the sixth month of stability analysis.    The individual impurity was
identified to be Cephalexin Glucose Adduct.",Nationwide in the USA.,"Lot #: 23141828, 23141829, Exp Date: 5/31/2025; 23142342, Exp Date: 6/30/2025; 23142708, Exp Date: 7/31/2025; 23144035, Exp Date: 10/31/2025; 23144270, Exp Date: 11/302025; 24140026, Exp Date: 12/31/2025"
765,20250618,D-0467-2025,SAINI TRADE INC,Ongoing,Class I,Drugs,"Male Ultra Pro, Unleash Your Force 2, 10 capsules per box, Distributed by: Health Fixer Tempe AZ 85288, UPC B0CZN7C6YH.","Marketed without an Approved NDA/ANDA: Laboratory analysis found the product to be tainted with
undeclared propoxyphenylsildenafil and sildenafil.",Nationwide,"All lots Lot #: KT-1ST-43-0110/2025, Exp. 03/15/2026"
766,20250618,D-0464-2025,SAINI TRADE INC,Ongoing,Class I,Drugs,"MALEXTRA, Recharge with Extra, Dietary Supplement, 10 capsules per box, Distributed by: Health Fixer, Tempe,
AZ 85288, UPC B0CWKZ6ZP3.","Marketed without an Approved NDA/ANDA: Laboratory analysis found the product to be tainted with
undeclared propoxyphenylsildenafil and sildenafil.",Nationwide,"All lots Lot #: KT-1ST-43-01-04/2026, Exp. 04/25/2026"
767,20250618,D-0463-2025,SAINI TRADE INC,Ongoing,Class I,Drugs,"Male Ultra, Unleash Your Force, Dietary Supplement,10 capsules per box, Distributed By; Health Fixer, Tempe,
AZ 85288, UPC B0CMQ4FTHG.","Marketed without an Approved NDA/ANDA: Laboratory analysis found the product to be tainted with
undeclared propoxyphenylsildenafil and sildenafil.",Nationwide,"All Lots Lot #: KT-1ST-43-01-10-2025, Exp. 01/10/2027"
768,20250618,D-0470-2025,Macleods Pharmaceuticals Ltd,Ongoing,Class III,Drugs,"Levothyroxine Sodium Tablets, USP 112 mcg (0.112mg), 1000 tablets, Rx Only, Manufactured for: Macleods Pharma
USA, Inc. Princeton, NJ 08540. Manufactured by: Macleods Pharmaceuticals Ltd. Sarigam, Valsad, Gujarat, India,
NDC 33342-398-44.",Presence of a foreign substance: black hair found embedded in tablet.,Nationwide in the USA,"Lot #: MLF2401A, Exp 01/31/2026"
769,20250618,D-0462-2025,"Glenmark Pharmaceuticals Inc., USA",Ongoing,Class III,Drugs,"Ezetimibe and Simvastatin Tablets, 10mg/40mg, 90-count bottle, Rx only, Manufactured by: Glenmark
Pharmaceuticals Ltd., Plot No. 2, Phase-2, Pharma Zone SEZ, Madya Pradesh, India, Manufactured for: Glenmark
Pharmaceuticals Inc., USA, Mahwah, NJ 07430, NDC 68462-323-90","Failed Impurities/Degradation Specifications: Out of Specification (OOS) for related substances
test for Anhydro Simvastatin at the 06-month time point during long-term stability study.",Nationwide USA and PR,"Lot #: 17240195, Exp 01/31/2026."
770,20250611,D-0456-2025,Torrent Pharma Inc.,Ongoing,Class II,Drugs,"Fluoxetine Tablets, USP, 20 mg, 28-count Carton (4x7 Unit-dose), Manufactured by: TORRENT PHARMACEUTIALS LTD.,
Indrad-382 721 INDIA; Manufactured for: TORRENT PHARMA INC., Basking Ridge, NJ 07920. NDC: 13668-473-91
(Carton); 13668-473-70 (Blister)",CGMP Deviations: Presence of N-Nitroso Fluoxetine exceeding interim acceptable intake limit.,U.S. Nationwide.,Lot# BDX6K001; Exp. Date: 06/30/2025
771,20250611,D-0454-2025,Amerisource Health Services LLC,Ongoing,Class II,Drugs,"Indomethacin Extended-Release Capsules, USP, 75 mg, 30 capsules (3 x 10 blister cards) per carton, Rx Only,
Distributed by: American Health Packaging, Columbus, Ohio 43217, NDC 68084-411-21 (carton), NDC 68084-411-11
(blister card).",cGMP deviations,Nationwide in the USA,"Lot #: 1021950, Exp. 11/30/2026"
772,20250611,D-0458-2025,"Consumer Product Partners, LLC",Ongoing,Class II,Drugs,"Spectrum Advanced Gel Hand Sanitizer, Ethyl alcohol 70%, 8 FL OZ (236 mL) per bottle, Manufactured for Medline
Industries, Inc., Three Lakes Drive, Northfield, IL 60693 USA.  NDC:  53329-202-08, UPC 8 88277 34945 5",Subpotent product: Product has cloudy appearance and tested below assay label claim for 70% Ethyl Alcohol,Nationwide in the USA.,"Lot, expiry: Lot 0644682, exp 2026/11/14; Lot 0644683, exp 2026/11/16"
773,20250611,D-0455-2025,Torrent Pharma Inc.,Ongoing,Class II,Drugs,"Fluoxetine Tablets, USP, 20 mg,  30-count bottle, Rx only, Manufactured by: TORRENT PHARMACEUTIALS LTD.,
Indrad-382 721 INDIA; Manufactured for: TORRENT PHARMA INC., Basking Ridge, NJ 07920.  NDC: 13668-473-30",CGMP Deviations: Presence of N-Nitroso Fluoxetine exceeding interim acceptable intake limit.,U.S. Nationwide.,Lot# BDX6K001; Exp. Date 06/30/2025
774,20250611,D-0457-2025,Apotex Corp.,Ongoing,Class II,Drugs,"Lacosamide Oral Solution, USP, 10 mg/mL, 200 mL, Rx Only, Manufactured by: Apotex Inc., Toronto, Ontario,
Canada M9L 1T9, Manufactured for: Apotex Corp., Weston FL 33326, NDC 60505-0405-4",Defective Container: This recall is being initiated due to a leaking unit stored horizontally.,US Nationwide.,"Batch # TZ5589, Exp Date: 01/31/2026"
775,20250604,D-0451-2025,"Glenmark Pharmaceuticals Inc., USA",Ongoing,Class II,Drugs,"Carvedilol Tablets USP 25 mg, 500 -Count bottle, Rx Only, Manufactured by: Glenmark Pharmaceuticals Ltd.,
Manufactured for Glenmark Pharmaceuticals Inc., USA, Mahwah, NJ 07430. NDC 68462-165-05.",CGMP Deviations; presence 'N-Nitroso Carvedilol I' Impurity above the recommended acceptable intake limit,U.S. Nationwide,"Lot, expiry: Lots 19231107, 19231114, 19231152, Exp Feb-25; Lot 19234866, Exp Jan-26"
776,20250604,D-0450-2025,"Glenmark Pharmaceuticals Inc., USA",Ongoing,Class II,Drugs,"Carvedilol Tablets USP 12.5 mg, 500-Count bottle, Rx Only, Manufactured by: Glenmark Pharmaceuticals Ltd.,
Manufactured for Glenmark Pharmaceuticals Inc., USA, Mahwah, NJ 07430.  NDC: 68462-164-05",CGMP Deviations; presence 'N-Nitroso Carvedilol I' Impurity above the recommended acceptable intake limit,U.S. Nationwide,"Lot, Exp: Lots 19231899, 19231922, 19231927, 19231967, 19231979, Exp Apr-25; Lots 19232226, 19232234, 19232265, 1923227,1 Exp May-25; Lots 19232758, 19232759, 19232762, 19232788, Exp Jun-25"
777,20250604,D-0452-2025,"Glenmark Pharmaceuticals Inc., USA",Ongoing,Class II,Drugs,"Theophylline (Anhydrous) Extended-Release Tablets, 600 mg, 100 Tablets per bottle, Rx Only, Manufactured by:
Glenmark Pharmaceuticals Limited. Colvale-Bardez, Goa - 403513, India. Manufactured for: Glenmark
Pharmaceuticals Inc., USA, Mahwah, NJ 07430.  NDC: 68462-356-01",OOS results reported for the Dissolution (by UV) test.,Nationwide in the USA,"Lots: 19234121, 19234148, Exp Sep-30-25; Lots 19242881, 19242899, Exp Jun-30-26"
778,20250604,D-0448-2025,"Glenmark Pharmaceuticals Inc., USA",Ongoing,Class II,Drugs,"Carvedilol Tablets USP 3.125mg Tablets  a.)100-count bottle (NDC 68462-162-01), b.) 500-count bottle (NDC
68462-162-05),  Rx Only, Manufactured by: Glenmark Pharmaceuticals Ltd., Manufactured for: Glenmark
Pharmaceuticals Inc., USA, Mahwah, NJ 07430.",CGMP Deviations; presence 'N-Nitroso Carvedilol I' Impurity above the recommended acceptable intake limit,U.S. Nationwide,"[100-Count Bottles]   Lot 19231450, Exp Mar-25, 19233345, Exp Jul-25; Lot 19234275, Exp Sep-25; Lot 19240280, Exp DEC-25  [500-Count Bottles]   Lot 19231450, 19231464, 19231471, 19231493, Exp Mar-25, 19232083, 19232103 Exp Apr-25, 19232658, Exp Jun-25; Lot 19233328, 19233343, 19233344, 19233345, Exp Jul-25; Lot 19234275, Exp Sep-25; Lots 19234843,  19235039, Exp Nov-25; Lots 19240280, 19240296, Dec-25"
779,20250604,D-0449-2025,"Glenmark Pharmaceuticals Inc., USA",Ongoing,Class II,Drugs,"Carvedilol Tablets USP 6.25 mg, a.)100-count bottle (NDC 68462-163-01), b.) 500-count bottle (NDC
68462-163-05) Rx Only, Manufactured by: Glenmark Pharmaceuticals Ltd., Manufactured for: Glenmark
Pharmaceuticals Inc., USA, Mahwah, NJ 07430.",CGMP Deviations; presence 'N-Nitroso Carvedilol I' Impurity above the recommended acceptable intake limit,U.S. Nationwide,"[100-Count Bottles]    Lot 19231618, exp Mar-25; 19232064, exp Apr-25; 19232324, May-25; 19233369, Exp Jul-25;  Lot 19234162, Exp Sep-25; Lot 19240543, Exp Jan-26   [500-Count Bottles]   Lots 19231174, 19231199, 19231164, Exp Feb-25, 19231517,19231527, 19231566,19231568,19231595, 19231618,19231634,19231638, 19231448, Exp Mar-25, 19232043,19232051,19232064, Apr-25, 19232322, 19232324, 19232365, 19232380, 19232389, Exp May-25; Lots 19232736, 19232743, 19232746, 19232756, 19232757, Exp Jun-25; Lots 19233369, 19233371, 19233405, 19233416, Exp Jul-25; Lots 19234162, 19234183, 19234192, 19234204, 19234223, 19234243, 19234263, 19234165, 19234242, Exp Sep-25; Lots 19234743, 19234774, 19234993, Exp Nov-25; Lots 19240223, 19240203, 19240211, 19240214, 19240247, 19240249, 19240272, 19240319, Exp Dec-25; Lot 19240543, Exp Jan-26"
780,20250604,D-0447-2025,Alembic Pharmaceuticals Limited,Ongoing,Class II,Drugs,"Bromfenac Ophthalmic Solution 0.09%, 1.7 mL bottle, Rx only, Sterile, Manufactured for: Alembic
Pharmaceuticals, Inc., Bedminster, NJ 07921, USA, Manufactured by Alembic Pharmaceuticals Limitied, Gujarat,
India, Made in India, NDC 62332-508-17",Failed Impurities/Degradation Specifications,US Nationwide,"Lot 7230309, Exp Date: 5/31/2025; Lot 7230310, Exp Date: 5/31/2025; Lot 7230311, Exp Date: 5/31/2025"
781,20250604,D-0453-2025,EnShiShiXiangNiShangMaoYouXianGongSi,Ongoing,Class I,Drugs,"ENDURANCE BOOST WITH HORNY GOAT WEED, 500mg, 20 capsules per carton,  VEPEMVA Nutrition Supplement....rgy and
Endurance, UPC X004BB9Z8N","Marketed without approved NDA/ANDA: The product has been found to be tainted with  Sildenafil
and Propoxyphenylsildenafil (a sildenafil analogue).",Nationwide Via Amazon Platform,"Lot: 250214PRO, Expiration Date: 02/14/2027."
782,20250528,D-0438-2025,KENIL HEALTHCARE PRIVATE LIMITED,Terminated,Class II,Drugs,"Nature Mint Anticavity Fluoride Toothpaste, Sodium monofluorophosphate 0.76%, NET WT 0.85 OZ (24 grams) Tube,
Made in India, Dist. by Bob Barker Co. Inc., Fuquay-Varina, NC 27526, NDC 53247-131-03",CGMP Deviations,DE and NC,"Lot B0014, B0015, B0022, B0023, Exp Date: 05/31/2026; Lot B0024, B0025, B0026, B0027, B0033, B0034, B0035, B0039, B0040, B0041, B0045, Exp Date: 06/30/2026; Lot B0046, Exp Date: 07/31/2026"
783,20250528,D-0444-2025,AsttraZeneca Pharmaceuticals LP,Ongoing,Class II,Drugs,"Airsupra (albuterol and budesonide) inhalation aerosol, 90 mcg/80 mcg per inhalation, packaged in a)
120-inhalation canister (NDC 0310-9080-12) b) 28-inhalation canister (NDC 0310-9080-28), Rx only, Manufactured
for: AstraZeneca Pharmaceuticals LP, Wilmington, DE 19850, By: AstraZeneca Dunkerque Production (AZDP),
Dunkerque, France, Product of France, .",Defective delivery system,USA Nationwide,"Lot#:  a) 6270044C00, 6270040D00, 6270034E00, Exp Date 10/2026; 6270053C00, 6270045C00, 6270047C00, 6270056C00, 6270052C00, 6270063E00 Exp 11/30/2026; 6270064C00, 6270071D00, 6270075D00, 6270075F00 Exp Date 12/31/2026; 6270107C00, Exp Date 9/30/2027; b) Lot 6270019E00, Exp Date 7/31/2025; 6270021D00, Exp 8/31/2025; 6270095C00, Exp 2/28/2026"
784,20250528,D-0439-2025,KENIL HEALTHCARE PRIVATE LIMITED,Terminated,Class II,Drugs,"Nature Mint Anticavity Fluoride Toothpaste, Sodium monofluorophosphate 0.76%, NET WT 1.5 OZ (43 grams) Tube,
Made in India, Dist. by Bob Barker Co. Inc., Fuquay-Varina, NC 27526, NDC 53247-131-04",CGMP Deviations,DE and NC,"Lot B0004, Exp Date: 05/31/2026; B0060, Exp Date: 07/31/2026; Lot B0067, B0071, B0072, Exp Date: 08/31/2026; Lot B0107, B0108, Exp Date: 09/30/2026"
785,20250528,D-0440-2025,KENIL HEALTHCARE PRIVATE LIMITED,Terminated,Class II,Drugs,"Nature Mint, Anticavity Fluoride Toothpaste, Sodium monofluorophosphate 0.76%, NET WT 2.75 OZ (78g) Tube, Made
in India, Dist. by Bob Barker Co. Inc., Fuquay-Varina, NC 27526, NDC 53247-131-05",CGMP Deviations,DE and NC,"Lot B0032, B0047, B0048, B0055, B0056, Exp Date: 07/31/2026; B0102, B0103, B0104, B0105, B0106, B0107, Exp Date: 09/30/2026"
786,20250528,D-0434-2025,KENIL HEALTHCARE PRIVATE LIMITED,Terminated,Class II,Drugs,"Maximum Security, Anticavity Gel Toothpaste, Sodium Fluoride 0.22%, Fresh Mint Flavor, NET WT 1.5 OZ (43 g)
Tube, Made in India, Dist. by Bob Barker Co. Inc., Fuquay-Varina, NC 27526, NDC 53247-132-04",CGMP Deviations,DE and NC,"Lot B0013, Exp Date: 05/31/2026; Lot B0018, Exp Date: 06/30/2026; Lot B0053, B0054, Exp Date: 07/31/2026; Lot B0090, B0091, B0092, B0093, B0094, B0095, B0096, B0097, B0098, B0099, B0100, B0101, Exp Date: 09/30/2026"
787,20250528,D-0443-2025,Zydus Pharmaceuticals (USA) Inc,Ongoing,Class II,Drugs,"Esomeprazole Magnesium for Delayed-Release Oral Suspension, 20 mg, 30-count single dose packets per carton, Rx
Only, Manufactured by: Zydus Lifesciences Ltd. Ahmedabad, India, Distributed by: Zydus Pharmaceuticals (USA)
Inc., Pennington, NJ 08534,  NDC 68382-848-94","Failed Impurities/Degradation Specifications: Out-of-Specification test results obtained for any
individual unknown degradation product during Related Compounds testing during long term
stability.",Nationwide -in the USA,"Lot #:M402147, Exp 10/2025; M311637, Exp 07/2025; M402495, Exp 02/2026; M407997, Exp 05/2026; M502246, Exp11/2026."
788,20250528,D-0431-2025,KENIL HEALTHCARE PRIVATE LIMITED,Terminated,Class II,Drugs,"Maximum Security Anticavity Gel Toothpaste, Sodium Fluoride 0.22%, Fresh Mint Flavor, Net Wt 0.6 OZ (17 g)
Tube, Made in India, Dist. by Bob Barker Co. Inc., Fuquay-Varina, NC 27526, NDC 53247-132-02",CGMP Deviations,DE and NC,"Lot B0009, B0017, Exp Date: 05/31/2026; Lot B0018, B0019, B0036, B0037, B0038, Exp Date: 06/30/2026; Lot B0049, Exp Date: 07/31/2026; B0063, Exp Date: 08/31/2026"
789,20250528,D-0427-2025,KENIL HEALTHCARE PRIVATE LIMITED,Terminated,Class II,Drugs,"Optim V, Anti-Itch Cream, Benzocaine 20% & Resorcinol 3% - External analgesic, Net Wt. Peso Neto 1 oz (28g)
Tube, Distributed by: Pharmadel LLC, New Castle, DE 19720, Made in India, NDC 55758-300-01, UPC 8 59424 00420
6.",CGMP Deviations,DE and NC,"Lot SP24A, Exp: 09/30/2026"
790,20250528,D-0421-2025,KENIL HEALTHCARE PRIVATE LIMITED,Terminated,Class II,Drugs,"Artridon Glucosamine (menthol 2% and Methyl Salicylate 15% - Topical Analgesic), for arthritis joint pain
relief, 5 oz (142g) Tube, Dist by/por: Pharmadel LLC, New Castle, DE, 19720, Made in India, NDC 55758-030-05,
UPC 8 10096 77151 3.",CGMP Deviations,DE and NC,"Lot SP25A, Exp Date: 09/30/2026"
791,20250528,D-0428-2025,KENIL HEALTHCARE PRIVATE LIMITED,Terminated,Class II,Drugs,"Rapidol Maximum Strength, Hydrocortisone 1% Anti-Itch Cream, NET WT 2 oz (60g) Tube, Distributed by: Pharmadel
LLC, New Castle, DE, 19720, NDC 55758-420-02, UPC 8 10096 77158 2.",CGMP Deviations,DE and NC,"Lot SP26A, Exp: 09/30/2026"
792,20250528,D-0424-2025,KENIL HEALTHCARE PRIVATE LIMITED,Terminated,Class II,Drugs,"Kingskin, SacaCallos, 17% Salicylic acid, 0.5 fl oz (14.8mL) Bottle, Dist. by: Pharmadel LLC, New Castle, DE
19720, Made in India, NDC 55758-423-15, UPC 8 10096 77163 6.",CGMP Deviations,DE and NC,"Lot SP28A, Exp Date: 09/30/2026"
793,20250528,D-0435-2025,KENIL HEALTHCARE PRIVATE LIMITED,Terminated,Class II,Drugs,"Nature Mint, Anticavity Fluoride Toothpaste, Sodium monofluorophosphate 0.76%, NET WT 4.6 OZ (130 grams) Tube,
Made in India, Dist. by Bob Barker Co. Inc., Fuquay-Varina, NC 27526, NDC 53247-131-06",CGMP Deviations,DE and NC,"Lot B0027, B0031, Exp Date: 06/30/2026; Lot B0032, Exp Date: 07/31/2026"
794,20250528,D-0445-2025,"KVK Tech, Inc.",Ongoing,Class II,Drugs,"Indomethacin Extended-Release Capsules USP, 75 mg, 100-count bottle, Rx only, Mfd. By: KVK-Tech, Inc.,
Newtown, PA, 18940, Made in USA, NDC 10702-016-01.",cGMP deviations,Nationwide,"Lot#: 18400A, Exp 7/31/2027"
795,20250528,D-0432-2025,KENIL HEALTHCARE PRIVATE LIMITED,Terminated,Class II,Drugs,"Maximum Security, Anticavity Gel Toothpaste, Sodium Fluoride 0.22%, Fresh Mint Flavor, NET WT 0.85 oz (24 g)
Tube, Made in India, Dist. by Bob Barker Co. Inc. Fuquay-Varnia, NC 27526, NDC 53247-132-03",CGMP Deviations,DE and NC,"Lot B0008, B0009, B0017, Exp Date: 05/31/2026; Lot B0042, B0043, B0044, Exp Date: 06/30/2026; Lot B0049, B0050, B0051, B0054, B0058, B0059, Exp Date: 07/31/2026; Lot B0061, B0062, B0063, B0064, B0065, B0068, B0069, Exp Date: 08/31/2026"
796,20250528,D-0442-2025,Zydus Pharmaceuticals (USA) Inc,Ongoing,Class II,Drugs,"Esomeprazole Magnesium for Delayed-Release Oral Suspension, 40 mg, 30-count Single-Dose Packets per carton, Rx
Only, Manufactured by: Zydus Lifesciences Ltd. Ahmedabad, India, Distributed by: Zydus Pharmaceuticals (USA)
Inc., Pennington, NJ 08534, NDC 68382-849-94","Failed Impurities/Degradation Specifications: Out-of-Specification test results obtained for any
individual unknown degradation product during Related Compounds testing during long term
stability.",Nationwide -in the USA,"Lot #  M311638, Exp 07/2025, M400374, Exp 10/2025, M402496, Exp 02/2026, M407998, Exp 05/2026, M502247, Exp 11/2026, M414770, M414512, Exp 09/2026."
797,20250528,D-0433-2025,KENIL HEALTHCARE PRIVATE LIMITED,Terminated,Class II,Drugs,"Maximum Security, Anticavity Gel Toothpaste, Sodium Fluoride 0.22%, Fresh Mint Flavor, NET WT 0.15 OZ (4.25 g)
Sachets, Made in India, Dist. by Bob Barker Co. Inc., Fuquay-Varina, NC 27526, NDC 53247-132-01",CGMP Deviations,DE and NC,"Lot B0010, B0017, Exp Date: 05/31/2026; Lot B0028, B0029, B0030, Exp Date: 06/30/2026; Lot B0052, Exp Date: 07/31/2026; Lot B0091, Exp Date: 09/30/2026"
798,20250528,D-0436-2025,KENIL HEALTHCARE PRIVATE LIMITED,Terminated,Class II,Drugs,"Nature Mint, Anticavity Fluoride Toothpaste, Sodium monofluorophosphate 0.76%, NET WT 0.6 OZ (17g) Tube, Made
in India, Dist. by Bob Barker Co. Inc., Fuquay-Varina, NC 27526, NDC 53247-131-02",CGMP Deviations,DE and NC,"Lot B0015, B0016, Exp Date: 05/31/2026; Lot B0020, B0021, B0022, Exp Date: 06/30/2026; Lot B0056, B0057, Exp Date: 07/31/2026; Lot B0108, B0109, B0110, Exp Date: 09/30/2026"
799,20250528,D-0437-2025,KENIL HEALTHCARE PRIVATE LIMITED,Terminated,Class II,Drugs,"Nature Mint, Anticavity Fluoride Toothpaste, Sodium monofluorophosphate 0.76%, NET WT 6.4 OZ (181 grams) Box,
Made in India, Dist. by Bob Barker Co. Inc., Fuquay-Varina, NC 27526, NDC 53247-131-07",CGMP Deviations,DE and NC,"Lot B0067, Exp Date: 08/31/2026"
800,20250528,D-0446-2025,"KVK Tech, Inc.",Ongoing,Class II,Drugs,"Phentermine Hydrochloride Capsules, USP 30mg, 100-count bottle, Rx Only, Mfd. By: KVK-Tech, Inc., Newtown, PA,
18940, Made in USA, NDC 10702-028-01.",cGMP deviations,Nationwide,"Lot#: 18350A, 18351A,  Exp 6/30/2027"
801,20250528,D-0423-2025,KENIL HEALTHCARE PRIVATE LIMITED,Terminated,Class II,Drugs,"CURA HONGOS, Antifungal Cream, Clotrimazole 1%, Net Wt/ Peso Neto 2 oz (56.7g) Tube, Distributed by: Pharmadel
LLC, New Castle, DE 19720, Made in India, UPC 8 997110 011052.",CGMP Deviations,DE and NC,"Lot SP23A, Exp Date: 03/31/2026"
802,20250528,D-0425-2025,KENIL HEALTHCARE PRIVATE LIMITED,Terminated,Class II,Drugs,"KOFAL Original, Penetrating Pain Relieving Ointment (methyl salicylate 12% - Topical Analgesic), 4 oz (113 g)
Jar, Distributed by: Pharmadel LLC, Georgetown, DE 199747, NDC 55758-106-04, UPC 8 9971100128 0.",CGMP Deviations,DE and NC,"Lost SP21A, Exp Date: 03/31/2026"
803,20250528,D-0429-2025,KENIL HEALTHCARE PRIVATE LIMITED,Terminated,Class II,Drugs,"Rapidol, Triple Antibiotic First Aid Ointment, Bacitracin Zinc/ Neomycin Sulfate/ Polymyxin B Sulfate, Net Wt
2 oz (56g) Tube, Distributed by: Pharmadel LLC, New Castle, DE, 19720, Made in India, NDC 55758-440-02, UPC 8
10096 77162 9.",CGMP Deviations,DE and NC,"Lot SP27A, Exp: 09/30/2026"
804,20250528,D-0426-2025,KENIL HEALTHCARE PRIVATE LIMITED,Terminated,Class II,Drugs,"KOFAL, Athletes, Penetrating Pain Relief, External Analgesic Ointment (methyl salicylate 10.5% - External
Analgesic), 2 oz (60 g) Jar, Distributed by: Pharmadel LLC, New Castle, DE 19720, NDC 55758-109-02, UPC 8
99711 00101 3.",CGMP Deviations,DE and NC,"Lot SP30A, Exp Date: 09/30/2026"
805,20250528,D-0430-2025,KENIL HEALTHCARE PRIVATE LIMITED,Terminated,Class II,Drugs,"Cinnafresh anticavity gel toothpaste, sodium fluoride 0.22%, Bold Cinnamon Flavor, NET WT. 0.85 OZ (24 grams)
Tube, Made in India, Dist. by Bob Barker Co. Inc., Fuquay-Varina, NC 27526, NDC 53247-133-01",CGMP Deviations,DE and NC,"Lot B0011, B0012, Exp Date: 05/31/2026; Lot B0070, B0074, Exp Date: 08/31/2026; Lot B0075, B0077, B0078, B0079, B0080, B0081, B0082, B0083, B0084, B0085, Exp Date: 09/30/2026"
806,20250528,D-0441-2025,"CareFusion 213, LLC",Ongoing,Class II,Drugs,"BD ChloraPrep Clear, 2% x/v chlorhexidine gluconate (CHG) and 70% v/v isopropyl alcohol (IPA), Patient
Preoperative Skin Preparation, Sterile Solution, Applicator is sterile if package is intact, Flammable,
External Use Only, 1 mL Applicator per pouch, 60 Applicators per inner carton, CareFusion 213, LLC, El Paso,
TX 79912, subsidiary of Becton, Dickinson and Co., Made in the USA, Catalog Number 930480, NDC 54365-400-31.","Lack of Assurance of Sterility: The affected product may exhibit an open seal on the packaging
of the applicator.",Nationwide in the U.S.,"Lot #s: 3354127 and 3350974, Exp Date: 12/31/2026"
807,20250528,D-0422-2025,KENIL HEALTHCARE PRIVATE LIMITED,Terminated,Class II,Drugs,"CURA HONGOS, Antifungal, 1% Clotrimazole, Topical Lotion, 0.76 fl oz (22.5 mL) Bottle, Dist by/por: Pharmadel
LLC, New Castle, DE 19720, Made in India, NDC 55758-34-01, UPC 8 10096 77170 4.",CGMP Deviations,DE and NC,"Lot SP31A, Exp Date: 09/30/2026"
808,20250521,D-0419-2025,L'Oreal USA,Ongoing,Class II,Drugs,"La Roche-Posay Laboratoire Dermatologique Effaclar Duo Dual Action Acne Treatment, 5.5% Benzoyl Peroxide Acne
Medication, a) UPC 3606000508804, 20 mL (0.7 fl. oz.) Tube per Carton, b) 883140500759, 40 mL (1.35 fl. oz.)
Tube per Carton, La Roche-Posay LLC, 10 Hudson Yards, New York, NY 10001, La Roche-Posay, France.","cGMP Deviations: The recall was initiated due to detected trace levels of benzene in a specific
lot of this product lot (MYX46W), however out of an abundance of caution, the firm voluntarily
recalled all La Roche-Posay Effaclar Duo Dual Action Acne Treatment lots.",Nationwide in the USA,"a) Lot #s, Expiration dates: MYX30W 03/2025 MYX43W 04/2025 MYX41W 04/2025 MYX42W 04/2025 MYX40W 04/2025 MYX51W 05/2025 MYX50W 05/2025 MYX60W 05/2025 MYX71W 06/2025 MYX90W 08/2025 MYX91W 09/2025 MYX92W 08/2025 MYXO0W 09/2025 MYX93W  09/2025 MYXD1W  11/2025 MYXD2W  11/2025 MYXDOW 09/2025 MYXD4W  11/2025 MYXD3W  11/2025 MYY22W  02/2026 MYY21W  02/2026 MYY20W  02/2026 MYY41W  04/2026 MYY40W  04/2026 MYY42W  04/2026 MYY43W  04/2026 MYY52W  05/2026 MYY51W  05/2026 MYY50W  05/2026 MYY60W  06/2026  b) Lot #s, Expiration dates MYX31W  3/2025  MYX32W  3/2025  MYX33W  3/2025  MYX34W  3/2025  MYX35W  3/2025  MYX40W  3/2025  MYX41W  4/2025  MYX42W  4/2025  MYX44W  4/2025  MYX45W  4/2025   MYX47W  4/2025  MYX48W  4/2025  MYX49W  4/2025  MYX50W  5/2025  MYX51W  5/2025  MYX52W  5/2025  MYX70W  6/2025  MYX71W  6/2025  MYX72W  7/2025  MYX73W  7/2025  MYX74W  7/2025  MYX75W  7/2025  MYX77W  7/2025  MYX78W  7/2025  MYX80W  8/2025  MYX81W  7/2025  MYX82W  8/2025  MYX83W  8/2025  MYX84W  7/2025  MYXO0W  9/2025  MYXO1W  8/2025  MYXO3W  8/2025  MYXO4W  9/2025  MYXO5W  9/2025  MYXO7W  9/2025  MYXO8W  8/2025  MYXO9W  9/2025  MYXD0W  11/2025  MYXD1W  12/2025  MYXD2W  11/2025  MYXD3W  11/2025  MYXD4W  11/2025  MYXD5W  11/2025  MYXD6W  12/2025  MYY22W  02/2026  MYY23W  02/2026  MYY30W  02/2026  MYY31W  03/2026  MYY32W  03/2026  MYY40W  03/2026  MYY41W  04/2026  MYY42W  04/2026  MYY43W  04/2026  MYY51W  04/2026  MYY60W  06/2026  MYY61W  06/2026  MYY62W  06/2026  MYY63W  06/2026  MYY64W    06/2026 MYY65W    06/2026 MYY66W    06/2026"
809,20250521,D-0418-2025,L'Oreal USA,Ongoing,Class II,Drugs,"La Roche-Posay Laboratoire Dermatologique Effaclar Dermatological Acne System, 3 Step Acne Routine Kit,
Medicated Gel Cleanser 3.4 fl. oz. (100 mL) Tube, Clarifying Solution 3.4 fl. oz. (100 mL) Tube, Dual Action
Acne Treatment 0.7 fl. oz. (20 mL: UPC 883140035275) Tube, (benzoyl peroxide 0.5% and benzoyl peroxide 5.5%
and salicylic acid 2%), La Roche-Posay LLC, 10 Hudson Yards, New York, NY 10001, La Roche-Posay, France, UPC
883140035282 (kit).","cGMP Deviations: The recall was initiated due to detected trace levels of benzene in a specific
lot of this product lot (MYX46W), however out of an abundance of caution, the firm voluntarily
recalled all La Roche-Posay Effaclar Duo Dual Action Acne Treatment lots.",Nationwide in the USA,"Lot #s, Expiration Dates: MYX30W, Exp 03/31/2025 MYX32W, Exp 03/31/2025 MYX33W, Exp 03/31/2025 MYX41W, Exp 04/30/2025 MYX42W, Exp 04/30/2025 MYX43W, Exp 04/30/2025 MYX44W, Exp 04/30/2025 MYX45W, Exp 04/30/2025 MYX50W, Exp 05/31/2025 MYX51W, Exp 04/30/2025 MYX52W, Exp 04/30/2025 MYX53W, Exp 05/31/2025 MYX70W, Exp 07/31/2025 MYX80W, Exp 07/31/2025 MYX81W, Exp 07/31/2025 MYX90W, Exp 08/31/2025 MYX91W, Exp 08/31/2025 MYX92W, Exp 08/31/2025 MYX93W, Exp 08/31/2025 MYXD0W, Exp 09/30/2025 MYXO1W, Exp 09/30/2025 MYXO2W, Exp 09/30/2025 MYXO3W, Exp 09/30/2025 MYXO4W, Exp 09/30/2025 MYXO5W, Exp 09/30/2025 MYY21W, Exp 02/28/2026 MYY23W, Exp 02/28/2026 MYY26W, Exp 02/28/2026 MYY27W, Exp 02/28/2026 MYY31W, Exp 03/31/2026 MYY32W, Exp 11/30/2025 MYY33W, Exp 11/30/2025 MYY34W, Exp 03/31/2026 MYY50W, Exp 05/31/2026 MYY51W, Exp 05/31/2026 MYY60W, Exp 05/31/2026 MYY61W, Exp 03/31/2026 MYY62W, Exp 06/30/2026 MYY63W, Exp 06/30/2026 MYY64W, Exp 06/30/2026 MYY72W, Exp 06/30/2026 MYY73W, Exp 06/30/2026 MYY74W, Exp 06/30/2026 MYY75W, Exp 06/30/2026 MYY76W, Exp 06/30/2026."
810,20250521,D-0417-2025,L'Oreal USA,Ongoing,Class II,Drugs,"La Roche-Posay Laboratoire Dermatologique Effaclar Duo Dual Action Acne Treatment, 5.5% Benzoyl Peroxide Acne
Medication, 40 mL (135 FL. OZ.) Tube per carton, La Roche-Posay LLC, 10 Hudson Yards, New York, NY 10001, La
Roche-Posay, Laboratoire Dermatologique, CAI 86270, La Roche-Posay, France, UPC 883140500759.",Chemical Contamination: This recall has been initiated due to detected trace levels of benzene.,Nationwide in the USA,"Lot #: MYX46W, Exp 04/30/2025"
811,20250521,D-0420-2025,"Empower Clinic Services, LLC dba Empower Pharmacy",Ongoing,Class II,Drugs,"Testosterone Cypionate Injection, 200 mg/mL, CIII, Rx Only, 5 mL Sterile Multiple-Dose Vial, Compounded by:
Empower Pharmacy, 7601 N Sam Houston Pkwy W Ste 100, Houston, TX, 77064, Phone: (877) 562-8577, Compounding
Date: 08/20/2024, Beyond Use by Date: 05/28/2025, Lot 202364.",Lack of Assurance of Sterility,USA Nationwide,"Lot #: 202364, Exp 5/28/2025"
812,20250514,D-0410-2025,"Siddha Flower Essences, LLC.",Ongoing,Class II,Drugs,"temper tamer, 1 US fl oz. (29.6 mL), Homeopathic Oral Spray, Manufactured by: Siddha Flower Essences, Oxnard,
CA, 93030  NDC 69779-020-01.",CGMP Deviations,US Nationwide.,Lot#  S22-26424D; Exp 9/27/2027
813,20250514,D-0411-2025,RemedyRePack Inc.,Ongoing,Class II,Drugs,"Clindamycin HCl Capsule, 300 mg, QTY: 30 Capsules per bottle, Rx Only, Repackaged by: RemedyRepack Inc.,
Indiana, PA 15701. NDC#: 70518-3772-02",CGMP Deviations - products manufactured in a shared facility with Ezetimibe tablets.,"Within U.S - PA, VA, FL.","Lot#: B3698036-033125, B3688703-032625, Exp.: 07/31/2026."
814,20250514,D-0404-2025,"BRS Analytical Services, LLC",Ongoing,Class II,Drugs,"Artificial Tears Ophthalmic Solution, Dextran 70.01%/Glycerin 0.2%/Hypromellose 0.3% (Eye Lubricants)
Lubricant Eye Drops, STERILE, 0.5 FL OZ (15 mL) per dropper bottle, Distributed by: AvKARE, Pulaski, TN 38478,
NDC: 50268-043-15.",cGMP deviations and lack of assurance of sterility.,Nationwide in the USA,"Lot, expiry:  Lot 126, exp 10/26/25; Lot 127, exp 10/30/25; Lot 128, exp 11/02/25; Lot 129, exp 11/06/25; Lot 162, exp 5/09/26; Lot 163, exp 5/14/26; Lot 164, exp 5/20/26; Lot 165, exp 5/23/26; Lot 166, exp 5/29/26; Lot 167, exp 6/03/26; Lot 168, exp 6/06/26; Lot 169, exp 6/10/26; Lot 170, exp 6/13/26; Lot 193, exp 10/07/26; Lot 194, exp 10/10/26; Lot 195, exp 10/14/26; Lot 196, exp 10/17/26; Lot 197, exp 10/21/26; Lot 198, exp 10/24/26; Lot 199, exp 10/30/26."
815,20250514,D-0403-2025,FDC Limited,Ongoing,Class II,Drugs,"Timolol Maleate Ophthalmic Solution USP, 0.5%, Sterile, 10mL bottles, Rx only, Manufactured by: FDC Limited,
Waluj, Aurangabad, Maharashtra, India, Distributed by: Rising Pharmaceuticals Inc, New Jersey, NDC
64980-514-01.","Defective Container: Unable to get the solution out of the bottle as the spike of the cap was
lodged in the nozzle of the product bottle.",U.S. Nationwide,"Lot #: 083I098, Exp. Date 08/31/2025"
816,20250514,D-0402-2025,"Amneal Pharmaceuticals, LLC",Ongoing,Class I,Drugs,"Ropivacaine Hydrochloride Injection, USP, 0.5%, 500 mg per 100 mL (5mg/mL), Manufactured by: Amneal
Pharmaceuticals Pvt. Ltd., Mehsana, India,  , Distributed by: Amneal Pharmaceuticals LLC, Bridgewater, NJ
08807 NDC 70121-1734-1 (bag); NDC 70121-1734-3 (box)",Presence of Particulate Matter,Nationwide in the US,"Lot #'s: AL240003, AL240004, Exp.: 01/31/2026"
817,20250514,D-0412-2025,BSO LLC,Ongoing,Class II,Drugs,"TESTOSTERONE PELLET 100 mg (with Cholesterol </=4%), 1 Pellet for Subcutaneous Use, This is a Compounded Drug,
Not for Resale, RX or Office Use Only, Belmar Select Outsources, 12860 W. Cedar Drive #211, Lakewood, CO
80228, NDC: 70168-0101-01",Presence of Particulate Matter: Glass particles were found in pellet vials.,Nationwide in the USA,"Lot 20250102@6, exp 12/11/2025; Lot 20250130@4, exp 1/22/2026"
818,20250514,D-0405-2025,"BRS Analytical Services, LLC",Ongoing,Class II,Drugs,"Carboxymethylcellulose Sodium Ophthalmic Gel 1%, Carboxymethlycellulose Sodium 1% Eye Lubricant, Lubricant Eye
Gel, Soothing Gel, Sterile, 0.5 FL OZ (15mL) per bottle, Distributed by: AvKARE, Pulaski, TN 38478, NDC:
50268-066-15.",cGMP deviations and lack of assurance of sterility.,Nationwide in the USA,"Lot, expiry:  Lot 114, exp 9/04/25; Lot 115, exp 9/06/25; Lot 116, exp 9/10/25; Lot 207, exp 12/05/26"
819,20250514,D-0416-2025,BSO LLC,Ongoing,Class II,Drugs,"TESTOSTERONE PELLET 200 mg BLUNT, 1 Pellet for Subcutaneous Use, This is a Compounded Drug, Not for Resale, RX
or Office Use Only, Belmar Select Outsources, 12860 W. Cedar Drive #211, Lakewood, CO 80228, NDC:
70168-0121-01",Presence of Particulate Matter: Glass particles were found in pellet vials.,Nationwide in the USA,"Lot 20250129@1, exp 1/17/2026; Lot 20250218@4, exp 1/25/2026"
820,20250514,D-0409-2025,"Apollo Care, LLC",Ongoing,Class II,Drugs,"FentaNYL 500mcg (2mcg/mL) and Ropivacaine HCl 250mg (0.1%) added to 250 mL, 0.9% Sodium Chloride Injection
(For Epidural Use Only), Sterile, Single-Use Container, Rx Only, Apollocare, 3801 Mojave Ct, Ste 101,
Columbia, MO 65202, NDC 71170-950-25",Lack of Assurance of Sterility,MO,"Lot AC-016878, exp date 6/16/2025"
821,20250514,D-0408-2025,"BRS Analytical Services, LLC",Ongoing,Class II,Drugs,"Polyvinyl Alcohol Ophthalmic Solution 1.4%, Lubricant Eye Drops, Moisturizing, Sterile, 0.5 FL OZ (15mL) per
dropper bottle, Distributed by: AvKARE, Pulaski, TN 38478, NDC: 50268-678-15.",cGMP deviations and lack of assurance of sterility.,Nationwide in the USA,"Lot, expiry:  Lot 120, exp 10/02/25; Lot 122, exp 10/09/25; Lot 123, exp 10/12/25; Lot 124, exp 10/16/25; Lot 138, exp 1/08/26; Lot 142, exp 1/29/26; Lot 143, exp 2/01/26; Lot 144, exp 2/07/26; Lot 145, exp 2/12/26; Lot 146, exp 2/15/26; Lot 147, exp 2/21/26; Lot 148, exp 2/27/26; Lot 149, exp 3/04/26; Lot 150, exp 3/11/26; Lot 158, exp 4/15/26; Lot 159, exp 4/22/26; Lot 176, exp 7/24/26; Lot 177, exp 7/28/26; Lot 178, exp 7/31/26; Lot 179, exp 8/05/26."
822,20250514,D-0415-2025,BSO LLC,Ongoing,Class II,Drugs,"TESTOSTERONE PELLET 200 mg (with Cholesterol </=4%), 1 Pellet for Subcutaneous Use, This is a Compounded Drug,
Not for Resale, RX or Office Use Only, Belmar Select Outsources, 12860 W. Cedar Drive #211, Lakewood, CO
80228, NDC: 70168-0122-01",Presence of Particulate Matter: Glass particles were found in pellet vials.,Nationwide in the USA,"Lot 20250205@6, exp 1/30/2026"
823,20250514,D-0407-2025,"BRS Analytical Services, LLC",Ongoing,Class II,Drugs,"Lubricant Eye Drops Solution, Polyethylene Glycol 400 0.4% Eye Lubricant, Propylene Glycol 0.3% Eye Lubricant,
Lubricant Eye Drops, Moisturizing, Sterile, 0.5 FL OZ (15mL) per dropper bottle, Distributed by: AvKARE,
Pulaski, TN 38478, NDC: 50268-126-15.",cGMP deviations and lack of assurance of sterility.,Nationwide in the USA,"Lot, expiry:  Lot 117, exp 9/20/25; Lot 118, exp 9/25/25; Lot 119, exp 9/27/25; Lot 121, exp 10/05/25; Lot 161, exp 5/01/26; Lot 171, exp 6/18/26; Lot 172, exp 6/24/26; Lot 174, exp 7/01/26; Lot 175, exp 7/08/26; Lot 200, exp 11/05/26; Lot 201, exp 11/10/26; Lot 202, exp 11/13/26; Lot 203, exp 11/18/26; Lot 204, exp 11/21/26; Lot 205, exp 11/25/26; Lot 206, exp 12/02/26; Lot 219, exp 2/24/27; Lot 221, exp 3/02/27; Lot 222, exp 3/05/27."
824,20250514,D-0414-2025,BSO LLC,Ongoing,Class II,Drugs,"TESTOSTERONE PELLET 200 mg BLUNT (with Cholesterol </=2%), 1 Pellet for Subcutaneous Use, This is a Compounded
Drug, Not for Resale, RX or Office Use Only, Belmar Select Outsources, 12860 W. Cedar Drive #211, Lakewood, CO
80228, NDC: 70168-0124-01",Presence of Particulate Matter: Glass particles were found in pellet vials.,Nationwide in the USA,"Lot 20250217@7, exp 1/31/2026"
825,20250514,D-0406-2025,"BRS Analytical Services, LLC",Ongoing,Class II,Drugs,"Carboxymethylcellulose Sodium Ophthalmic Solution 0.5%, Carboxymethlycellulose Sodium 0.5% Eye Lubricant,
Lubricating Eye Drops, Moisturizing, Sterile, 0.5 FL OZ (15mL) per dropper bottle, Distributed by: AvKARE,
Pulaski, TN 38478, NDC: 50268-068-15.",cGMP deviations and lack of assurance of sterility.,Nationwide in the USA,"Lot, expiry:  Lot 103, exp   4/26/25; Lot 104, exp 5/03/25; Lot 108, exp 6/29/25; Lot 109, exp 7/18/25; Lot 110, exp 8/17/25; Lot 111, exp 8/22/25; Lot 112, exp 8/27/25; Lot 113, exp 9/18/25; Lot 125, exp 10/23/25; Lot 130, exp 11/09/25; Lot 131, exp 11/14/25; Lot 132, exp 11/27/25; Lot 133, exp 11/30/25; Lot 134, exp 12/05/25; Lot 135, exp 12/11/25; Lot 136, exp 12/14/25; Lot 137, exp 1/02/26; Lot 139, exp 1/15/26; Lot 140, exp 1/19/26; Lot 141, exp 1/25/26; Lot 151, exp 3/18/26; Lot 152, exp 3/21/26; Lot 153, exp 3/25/26; Lot 154, exp 3/28/26; Lot 155, exp 4/01/26; Lot 156, exp 4/08/26; Lot 157, exp 4/11/26; Lot 160, exp 4/26/26; Lot 180, exp 8/08/26; Lot 181, exp 8/12/26; Lot 182, exp 8/18/26; Lot 183, exp 8/21/26; Lot 184, exp 8/26/26; Lot 185, exp 9/04/26; Lot 186, exp 9/09/26; Lot 187, exp 9/16/26; Lot 188, exp 9/18/26; Lot 189, exp 9/21/26; Lot 190, exp 9/25/26; Lot 191, exp 9/28/26; Lot 192, exp 10/02/26; Lot 208, exp 12/11/26; Lot 209, exp 12/16/26; Lot 212, exp 1/15/27; Lot 213, exp 1/21/27; Lot 214, exp 1/24/27; Lot 215, exp 2/02/27; Lot 216, exp 2/04/27; Lot 224, exp 3/27/27."
826,20250514,D-0413-2025,BSO LLC,Ongoing,Class II,Drugs,"TESTOSTERONE PELLET 200 mg (with Cholesterol </=2%), 1 Pellet for Subcutaneous Use, This is a Compounded Drug,
Not for Resale, RX or Office Use Only, Belmar Select Outsources, 12860 W. Cedar Drive #211, Lakewood, CO
80228, NDC: 70168-0125-01",Presence of Particulate Matter: Glass particles were found in pellet vials.,Nationwide in the USA,"Lot 20250207@1, exp 1/31/2026; Lot 20250228@1, exp 1/31/2026"
827,20250507,D-0396-2025,"ACCORD HEALTHCARE, INC.",Ongoing,Class II,Drugs,"Levothyroxine Sodium Tablets, USP, 88 mcg (0.088 mg), 1000 bottles, Rx Only, Manufactured for Accord
Healthcare, Inc., Raleigh, NC 27617, Manufactured by: Intas Pharmaceuticals Limited, Camp Road, Selaqui,
Dehradun-248 197, INDIA, NDC 16729-450-17",Subpotent,Nationwide US.,"Lot # D2300044, Exp Date: 12/2025"
828,20250507,D-0393-2025,Cardinal Health Inc.,Ongoing,Class II,Drugs,"Wegovy (semaglutide) injection, 2.4 mg/0.75 mL, 4 Single-Dose Prefilled Pens per Carton, For Subcutaneous Use
Only, Rx Only, Single-Dose Only, Novo Nordisk Inc., Plainsboro, NJ 08536, Manufactured by: Novo Nordisk A/S,
DK-2880, Bagsvaerd, Denmark, NDC 0169-4524-14.","Temperature abuse: Wegovy product was potentially exposed to temperatures outside of the
products labeled storage conditions due to a shipping error involving a Cardinal Health
distribution center. More specifically, product was removed from refrigerated storage for an
extended period of time and inappropriately released.","NC, SC, VA","Lot PZFDE06, Exp 08/31/2025"
829,20250507,D-0390-2025,Eugia US LLC,Ongoing,Class II,Drugs,"Tirofiban Hydrochloride Injection 12.5 mg/250 mL (50 mcg/mL), 250 mL single-dose container (bag), Rx only,
Manufactured in India for: Eugia U.S. LLC, 279 Princeton-Hightstown Rd., E. Windsor, NJ 08520, NDC
55150-430-01","Out-of-Specification test results were obtained in at long term conditions during 3 month's
stability study for related substances.",USA nationwide.,"Lot# : 3TF24001, Exp 3/31/2026"
830,20250507,D-0398-2025,"American Regent, Inc.",Ongoing,Class II,Drugs,"niCARdipine Hydrochloride Injection, USP, 25 mg/10 mL (2.5 mg/mL), 10 mL Single Dose Vial, Rx Only, Mfd for:
Civica, Inc., Lehi, UT 84043,Mfd by: American Regent, Inc., New Albany, OH 43064. NDC Carton: 72572-470-10/
NDC Vial: 72572-470-01.","Lack of sterility assurance: Product leakage around the vial neck, which could potentially
result in a lack of sterility assurance.",Nationwide in the USA,"Lots, expiry: Lot 24025N0C0, 6/30/2025; Lot 24115N0C0, 10/31/2025; Lot 24116N0C0, 3/31/2026; Lot 24160N0C0, 12/31/2025; Lot 24217N0C0, 01/31/2026; Lot 24288N0C0, 04/30/2026; Lot 24331N0C0, 5/31/2026"
831,20250507,D-0389-2025,Eugia US LLC,Ongoing,Class II,Drugs,"Tirofiban Hydrochloride Injection 5 mg/100 mL (50 mcg/mL), 100 mL single-dose container (bag), Rx only,
Manufactured in India for: Eugia U.S. LLC, 279 Princeton-Hightstown Rd., E. Windsor, NJ 08520, NDC
55150-429-01","Out-of-Specification test results were obtained in at long term conditions during 3 month's
stability study for related substances.",USA nationwide.,"Lot #: 3TF24002A, Exp 11/30/2026"
832,20250507,D-0392-2025,"Nubratori, Inc",Ongoing,Class II,Drugs,"Dexonto 0.4% (dexamethasone sodium phosphate) solution 20 mg/5 mL (4 mg/mL), Rx Only, 12 - 5 mL Single Dose
Units per box, Preservative Free, For Iontophoresis Use Only, Non-Sterile Product, Not for Injection,
NUBRATORI RX, 381 Van Ness Ave# 1507, CA 90501, NDC 71300-6564-1 (box), 71300-6564-3 (vial).","Labeling: Incorrect or Missing Lot and/or Expiration date: Individual vials of Dexonto 0.4%, are
labeled correctly with the BUD of 12/25/2024, however, the outer box on some of the Dexonto 0.4%
are labeled incorrectly with a BUD of 12/25/2025.",PA and CA.,"Lot #: C04292401X1, BUD: 12/25/2025 (box)."
833,20250507,D-0397-2025,"ACCORD HEALTHCARE, INC.",Ongoing,Class II,Drugs,"Levothyroxine Sodium Tablets, USP, 112 mcg (0.112 mg), 90 bottles, Rx Only, Manufactured for Accord
Healthcare, Inc., Raleigh, NC 27617, Manufactured by: Intas Pharmaceuticals Limited, Camp Road, Selaqui,
Dehradun-248 197, INDIA, NDC 16729-452-15",Subpotent,Nationwide US.,"Lot # D2400725, Exp Date: 03/2026"
834,20250507,D-0401-2025,Mckesson Medical-Surgical Inc. Corporate Office,Ongoing,Class II,Drugs,"Infuvite Adult, multiple vitamins injection, Baxter, Five of Vial 1 (5 mL) and Five of Vial 2 (5mL), Rx Only,
Sterile, Manufactured for: Sandoz Inc., Princeton, NJ 08540, Distributed by Baxter Healthcare Corporation,
Deerfield, IL 60015 USA, Product of Canada, NDC 54643-5649-1","Severe thunderstorms caused transit delays of certain cold chain products that were shipped on
02-Apr-2025 and delivered after the 48-hours specified delivery time, on 07-Apr-2025 and
08-Apr-2025.   The affected products may not have been stored at the recommended labeled storage
conditions which may have impacted the safety, quality, identity, potency and purity of the
product.",Distributed to Medical Facilities in MS and FL.,"Lot #: AA2279, Exp 8/31/26; AA2383, Exp 9/30/26"
835,20250507,D-0399-2025,"American Regent, Inc.",Ongoing,Class II,Drugs,"niCARdipine Hydrochloride Injection, USP, 25 mg/10 mL (2.5 mg/mL), 10 mL Single Dose Vial, Rx Only, American
Regent, Inc., Shirley, NY 11967. NDC carton: 0517-0735-10 / NDC Vial: 0517-0735-01]","Lack of sterility assurance: Product leakage around the vial neck, which could potentially
result in a lack of sterility assurance.",Nationwide in the USA,"Lots, expiry: Lot 24086N0C0, 7/31/2025; Lot 24076N0C0, Lot 24090N0C0, 8/31/2025, Lot 25011N0C0, 6/30/2026;"
836,20250507,D-0391-2025,"Preferred Pharmaceuticals, Inc.",Ongoing,Class II,Drugs,"Clindamycin Hydrochloride Capsules, USP, 300mg, 30-count bottles, Manufactured by: Glenmark Pharmaceuticals
Limited, NDC 68788-8685-03.",cGMP Deviations,Nationwide in the US,"Lot #: L0224T, K1824M, K0124N, J1624V, J0824O, I2424E, I1024O, A0925F, L2324L, Exp: 7/31/2026."
837,20250507,D-0395-2025,"ACCORD HEALTHCARE, INC.",Ongoing,Class II,Drugs,"Levothyroxine Sodium Tablets, USP, 50 mcg (0.05 mg), 1000 bottles, Rx Only, Manufactured for Accord
Healthcare, Inc., Raleigh, NC 27617, Manufactured by: Intas Pharmaceuticals Limited, Camp Road, Selaqui,
Dehradun-248 197, INDIA, NDC 16729-448-17.",Subpotent,Nationwide US.,"Lot # D2400547, Exp Date: 02/2026"
838,20250507,D-0400-2025,Mckesson Medical-Surgical Inc. Corporate Office,Ongoing,Class II,Drugs,"Medroxyprogesterone Acetate Injectable Suspension, USP, 150 mg / mL, 1 mL Single-Dose Vial, Rx only, Mfd. in
India for: Eugia US LLC, E. Windsor, NJ 08520, NDC 55150-0330-01","Severe thunderstorms caused transit delays of certain cold chain products that were shipped on
02-Apr-2025 and delivered after the 48-hours specified delivery time, on 07-Apr-2025 and
08-Apr-2025.   The affected products may not have been stored at the recommended labeled storage
conditions which may have impacted the safety, quality, identity, potency and purity of the
product.",Distributed to Medical Facilities in MS and FL.,"Lot #: 1MP24042, Exp 6/30/26"
839,20250507,D-0394-2025,"ACCORD HEALTHCARE, INC.",Ongoing,Class II,Drugs,"Levothyroxine Sodium Tablets, USP, 25 mcg (0.025 mg), 1000 bottles, Rx Only, Manufactured for Accord
Healthcare, Inc., Raleigh, NC 27617, Manufactured by: Intas Pharmaceuticals Limited, Camp Road, Selaqui,
Dehradun-248 197, INDIA, NDC 16729-447-17",Subpotent,Nationwide US.,"Lot # D2300323, Exp Date: 01/2026"
840,20250430,D-0375-2025,Apipharma,Ongoing,Class II,Drugs,"Hemopropin Ointment, Lanolin 17.76% and Petrolatum 71.2%, Net Wt. 0.7 oz (20g) tubes, Manufactured by:
Apipharma d.o.o, Croatia, Distributed by: Apipharma, LLC, Tempe, AZ  UPC 3 858882 103534 and UPC 3 858882
101318",CGMP Deviations,AZ,"Lot #: A00001, Exp.: 2027-12; A00005, Exp.: 2027-01; B00001, Exp.:2028-02"
841,20250430,D-0374-2025,"Denver Solutions, LLC DBA Leiters Health",Ongoing,Class II,Drugs,"Rocuronium Bromide 50 mg per 5mL (10mg per mL),  5mL Single Dose Syringe, Rx only, Leiters Health, 13796
Compark Blvd, Englewood, CO 80112. NDC: 71449-004-11",Lack of Assurance of Sterility: Leaking/damaged syringes.,Nationwide in the U.S.A,"Lot #:2530023, Exp.: 7/12/2025"
842,20250430,D-0384-2025,"Pharmadel, LLC",Terminated,Class II,Drugs,"Urodel, Urinary Tract Infection Symptoms Relief, Homeopathic, 30 chewable tablets per bottle, Distributed by:
Pharmadel, New Castle, DE 19720, NDC 55758-406-30",cGMP deviations,DE,"Lot, expiry: UDE-01, EXP: OCT 26"
843,20250430,D-0379-2025,"Pharmadel, LLC",Terminated,Class II,Drugs,"DoloDent Maximum Strength Toothache Drops, Homeopathic Oral Drops, 0.50 oz fl (15 mL), Distributed by:
Pharmadel, New Castle, DE 19720, NDC 55758-400-15",cGMP deviations,DE,Lot EDD-01
844,20250430,D-0387-2025,"Breckenridge Pharmaceutical, Inc",Ongoing,Class II,Drugs,"Duloxetine Delayed-Release Capsules USP, 60 mg, 1000-count bottles, Rx Only, Manufactured by Towa
Pharmaceutical Europe, S.L., Distributed by Breckenridge Pharmaceutical, Inc. Berkeley Heights, NJ 07922, NDC#
51991-748-10",CGMP Deviations: Presence of Nitrosamine Drug Substance Related Impurity above the proposed interim limit.,US Nationwide.,"Lot #  240987C, exp. date 04/2027 241014C, exp. date 04/2027"
845,20250430,D-0368-2025,Amerisource Health Services LLC,Ongoing,Class II,Drugs,"Haloperidol Decanoate Injection, 100 mg/mL*, 1 x 1 mL Single-Dose Vial,  Rx only, Manufactured by: Somerset
Therapeutics Limited, #54/1, Boodhihal Village, Nelamangala, Bangalore - 562123, Karnataka, India,
Manufactured for BluePoint Laboratories, NDC 68001-581-41.",Lack of assurance of sterility. Bacterial contamination detected in some media fill units,Nationwide in the USA,"A240482A, EXP 08/31/2026"
846,20250430,D-0388-2025,"Breckenridge Pharmaceutical, Inc",Ongoing,Class II,Drugs,"Duloxetine Delayed-Release Capsules USP, 30 mg, a.) 90-count bottles (NDC# 51991-747-90), b.) 1000-count
bottles (NDC 51991-747-10), Rx Only, Manufactured by Towa Pharmaceutical Europe, S.L. Distributed by
Breckenridge Pharmaceutical, Inc. Berkeley Heights, NJ 07922",CGMP Deviations: Presence of Nitrosamine Drug Substance Related Impurity above the proposed interim limit.,US Nationwide.,"Lot #  230201C, exp. date 01/2026 230471C, exp. date 01/2026 230288C, exp. date 01/2026"
847,20250430,D-0386-2025,Medisca Inc.,Terminated,Class II,Drugs,"Bimatoprost powder, Bulk Ingredient, a) 5g (NDC 38779-3066-03), b) 1g (NDC 38779-3066-06), c) 1g (NDC
38779-3066-09) drums, Medisca, Plattsburgh, NY",CGMP Deviations,US Nationwide.,"Lot# 201727/A/B/C/D/E & F, exp.  date 05/31/2027, product # 3066 Lot# 208475/A/B/D/E/G/H & I, exp. date 09/30/2028, product # 3066"
848,20250430,D-0369-2025,Amerisource Health Services LLC,Ongoing,Class II,Drugs,"Haloperidol Decanoate Injection, 100mg/mL*, 5 x 1 mL Single-Dose Vials, Rx Only,  Manufactured by: Somerset
Therapeutics Limited, #54/1 Boodhihal Village, Nelamangala, Bangalore -562123, Karnataka, India, Manufactured
for: BluePoint Laboratories, NDC 68001-581-48.",Lack of assurance of sterility. Bacterial contamination detected in some media fill units,Nationwide in the USA,"A240482B, EXP 08/31/2026"
849,20250430,D-0367-2025,Amerisource Health Services LLC,Ongoing,Class II,Drugs,"Haloperidol Decanoate Injection, 50mg/mL* , 1 mL Single-Dose Vial, Rx only, Manufactured by Somerset
Therapeutics Limited, 54/1, Boodhihal Village, Nelamangala, Bangalore - 562123, Karnataka, India, Manufactured
for: BluePoint Laboratories, NDC 68001-580-41.",Lack of assurance of sterility. Bacterial contamination detected in some media fill units,Nationwide in the USA,"A240467B, EXP 07/31/2026"
850,20250430,D-0381-2025,"Pharmadel, LLC",Terminated,Class II,Drugs,"Kingskin, Elimina Las Verrugas, For the removal of common warts, 0.50 oz fl (15 mL), Distributed by:
Pharmadel, New Castle, DE 19720, NDC 55758-409-15",cGMP deviations,DE,"Lot, expiry: KSE-01, EXP: OCT 26; KSE-02, EXP: FEB 27"
851,20250430,D-0382-2025,"Pharmadel, LLC",Terminated,Class II,Drugs,"Rapidol Arnica Gel, Topical Gel, Homeopathic Medicine, 2 oz (57 g), Distributed by: Pharmadel, New Castle, DE
19720, NDC 55758-403-02",cGMP deviations,DE,"Lot, expiry: EAG-01, EXP: MAR 27"
852,20250430,D-0380-2025,"Pharmadel, LLC",Terminated,Class II,Drugs,"DoloEar Earache Drops, Homeopathic, 0.50 oz fl (15 mL), Distributed by: Pharmadel, New Castle, DE 19720, NDC 55758-401-15",cGMP deviations,DE,"Lot, expiry: DEE-01, EXP: OCT 26;  DEE-02 EXP: FEB 27"
853,20250430,D-0385-2025,OurPharma LLC,Terminated,Class III,Drugs,"HYDROmorphone Hydrochloride 50mg/50mL (1mg/mL), packaged in a 50 mL Cassette, Rx Only, OurPharma, LLC, 2512 S.
City Lake Rd., Fayetteville, AR 72701,  NDC 73013-1040-01.","Superpotent Drug: Assay/potency result for hydromorphone HCl in the compounded stability lot was
higher than specification..",Nationwide in the USA,"104024120001, Exp Date 06/01/2025; 104024120002, Exp Date 06/21/2025; 104025010001, Exp Date 07/13/2025; 104025010002, Exp Date 07/28/2025"
854,20250430,D-0371-2025,"Denver Solutions, LLC DBA Leiters Health",Ongoing,Class II,Drugs,"dexmedeTOMIDine HCl PF, in 0.9% Sodium Chloride, 20 mcg (base) per 5mL, (4 mcg (base) per mL), 5mL Single Dose
syringe, Rx only, Leiters Health, 13796 Compark Blvd, Englewood, CO 80112, NDC: 71449-131-11.",Lack of Assurance of Sterility: Leaking/damaged syringes.,Nationwide in the U.S.A,"Lot #: 2431276A, Exp.: 4/20/2025"
855,20250430,D-0377-2025,Lupin Pharmaceuticals Inc.,Terminated,Class II,Drugs,"clomiPRAMINE hydrochloride Capsules USP, 25 mg, 100-count bottle, Rx only, Manufactured For: Lupin
Pharmaceuticals, Inc., Baltimore, MD 21202, United States, Manufactured By: Lupin Limited, Nagpur, 441 108
INDIA, NDC 68180-492-01","Failed Impurities/Degradation Specifications: an out of specification result observed in
degradation product test (any unspecified degradation product) during 18-month long term
stability study.",USA nationwide,"Lot #: M300442, Exp Date: 6/30/2025"
856,20250430,D-0370-2025,"Denver Solutions, LLC DBA Leiters Health",Ongoing,Class II,Drugs,"Glycopyrrolate, 1mg per 5mL, (0.2 mg/mL), Single Dose 5 mL syringe, Rx only, Leiters Health, 13796 Compark
Blvd, Englewood, CO 80112. NDC 71449-104-11",Lack of Assurance of Sterility: Leaking/damaged syringes.,Nationwide in the U.S.A,"Lot #: 2431015B, Exp. 4/10/2025."
857,20250430,D-0373-2025,"Denver Solutions, LLC DBA Leiters Health",Ongoing,Class II,Drugs,"Ketamine HCl 50mg per 5mL (10 mg per mL),  5mL Single Dose Syringe, Rx only, Leiters Health, 13796 Compark
Blvd, Englewood, CO 80112.NDC: 71449-068-11",Lack of Assurance of Sterility: Leaking/damaged syringes.,Nationwide in the U.S.A,"Lot #:2530019, Exp.: 7/10/2025; 2530053, Exp.: 7/19/2025."
858,20250430,D-0376-2025,Apipharma,Ongoing,Class II,Drugs,"Kapsin Ointment, Camphor 3.16% and Capsaicin 0.03%. Net Wt. 2 oz (60g) tubes, Manufactured by: Apipharma
d.o.o, Jeronima Kavanjina 26, 10090 Zagreb, Croatia, Distributed by: Apipharma, LLC, 2331 West Alameda Drive,
Tempe, AZ 85282 UPC 3 858882 101363",CGMP Deviations,AZ,"Lot #: 153211, Exp.: 2025-04; 210221, Exp.: 2026-05."
859,20250430,D-0372-2025,"Denver Solutions, LLC DBA Leiters Health",Ongoing,Class II,Drugs,"PHENYLephrine HCl in 0.9% Sodium Chloride, 0.5 mg per 5mL (100 mcg/mL), 5 mL Single Dose Syringe, Rx Only,
Leiters Health, 13796 Compark Blvd, Englewood, CO 80112. NDC: 71449-001-11,",Lack of Assurance of Sterility: Leaking/damaged syringes.,Nationwide in the U.S.A,"Lot #: 2431349A, Exp.: 6/16/2025"
860,20250430,D-0383-2025,"Pharmadel, LLC",Terminated,Class II,Drugs,"Rapidol Arnica Tablets, Homeopathic Medicine, 100-count bottle, Distributed by: Pharmadel, New Castle, DE 19720, NDC 55758-405-99",cGMP deviations,DE,"Lot, expiry: EAT-01, EXP: MAR 27"
861,20250430,D-0378-2025,RemedyRepack Inc.,Ongoing,Class II,Drugs,"Clindamycin HCl, 300 mg Capsule, QTY: 30 Capsules per bottle, Rx Only, Repackaged by: RemedyRepack Inc.,
Indiana, PA 15701.  NDC;  70518-3772-00",CGMP Deviations,PA,Lot J0826722-121624 Exp. 12/31/2025 Lot J0820365-111324 Exp. 11/30/2025 Lot J0814691-101624 Exp. 10/31/2025
862,20250423,D-0364-2025,Direct Rx,Ongoing,Class II,Drugs,"CIPROFLOXACIN OPHTH SOLUTION, 0.3% 5mL bottle, Rx Only, Generic for CILOXAN, Packaged and Distributed by:
DIRECT Rx, NDC 61919-795-05.","Defective Container: Unable to get the solution out of the bottle as the spike of the cap was
lodged in the nozzle of the product bottle","Physicians and medical facilities in 5 states: AL, CA, FL, GA, ID","Lot 11SE2402, Exp Date: 11/30/2025 Lot 14NO2406, Exp Date: 12/31/2025 Lot 29OC2420, Exp Date: 11/30/2025 Lot 30SE2412, Exp Date: 11/30/2025"
863,20250423,D-0363-2025,Eugia US LLC,Ongoing,Class II,Drugs,"Testosterone Cypionate Injection, USP, CIII, 200mg per mL, Rx only, 1mL Single-Dose Vial,  Distributed by
Eugia US LLC, E. Windsor, NJ, Manufactured by: Eugia Specialties Limited, Telangana State, India, NDC
55150-277-01",cGMP: complaints of crystals not redissolving into solution after warming and shaking the vials.,Nationwide USA,"Lot #: 1TC24075A, Exp 11/30/2026."
864,20250423,D-0365-2025,"Dr. Reddy's Laboratories, Inc.",Ongoing,Class I,Drugs,"Levetiracetam 0.75% in Sodium Chloride Injection 1,000 mg/100 mL (10 mg/mL), 1 x 100mL, Rx Only, Manufactured
by: Gland Pharma Limited, Hyderabad, - 500 043 INDIA, Distributor: Dr. Reddy's Laboratories Inc., Princeton,
NJ 08540, NDC 43598-636-52","LABELING: LABEL MIX-UP: The infusion bag is incorrectly labeled as Levetiracetam in 0.82% Sodium
Chloride Injection 500 mg/100 mL, while the aluminum overwrap packaging correctly identifies the
product as Levetiracetam in 0.75% Sodium Chloride Injection 1,000 mg/100 mL.",Nationwide in the USA,"Lot: A1540076, Exp 08/31/2026"
865,20250423,D-0362-2025,Chattem Inc,Ongoing,Class II,Drugs,"Unisom, SleepMinis, Diphenhydramine HCl, Mini-Capsules, 25 mg, 60 Mini-Capsules bottles, Dist. by Chattem,
Inc., P.O. Box 2219, Chattanooga, TN 37409-0219, USA, UPC 0 41167 00670 2","CGMP Deviations; detection of Nitrosamine Drug Substance-Related Impurities (NDSRI), N-nitroso-
desmethyl-diphenhydramine (n-dph), above the FDA Recommended Intake Limit",Nationwide.,"LOT 22L603, EXP: Oct 2025; LOT 378999, EXP: Feb 2027"
866,20250423,D-0366-2025,The Harvard Drug Group LLC dba Major Pharmaceuticals and Rugby Laboratories,Ongoing,Class II,Drugs,"ChlorproMAZINE Hydrochloride Tablets, USP, 10 mg, packaged in cartons of 100 TABLETS (10x10), Rx only,
Packaged and Distributed by: Major Pharmaceuticals, Indianapolis, IN 46268, NDC 0904-7129-61",CGMP deviations: presence of N-Nitroso-Desmethyl Chlorpromazine impurity above the recommended interim limit,Nationwide USA,"Lot#: N02114, Exp 12/31/2025"
867,20250416,D-0356-2025,Somerset Therapeutics Private Limited,Ongoing,Class II,Drugs,"Haloperidol Decanoate Injection 50mg/mL, 1mL Single-Dose Vial, Rx Only, Manufactured by: Somerset Therapeutics
Limited, Kamataka India, Manufactured for: BluePoint Laboratories NDC 68001-580-41",Lack of Assurance of Sterility: Media fill with bacterial contamination,U.S. Nationwide,"A240467B, exp. date 07/2026"
868,20250416,D-0348-2025,"Glenmark Pharmaceuticals Inc., USA",Ongoing,Class II,Drugs,"Cetirizine Hydrochloride Tablets, USP, 10mg, 365-count packs, Rx Only, Manufactured for: Glenmark Therapeutics
Inc., Distributed by: Amazon. NDC# 72657-129-35",CGMP Deviations,U.S. Nationwide,"Lot #  17231980, ep.. date Aug-25 Amazon 17232044, ep.. date Aug-25 Walmart  17241436, ep.. date Jul-26 Amazon 17241437, ep.. date Jul-26 Amazon 17241455, ep.. date Jul-26 Amazon 17241456, ep.. date Aug-26 Amazon 17241457, ep.. date Aug-26 Amazon 17241892, ep.. date Oct-26 Amazon 17241893, ep.. date Oct-26 Amazon"
869,20250416,D-0313-2025,ASEGUA THERAPEUTICS LLC,Ongoing,Class II,Drugs,"Sofosbuvir and Velpatasvir, 400 mg/100 mg tablets, 28 tablets: 2x14 blister cards, Rx Only, Manufactured for:
Asegua Therapeutics LLC an affiliate of Gilead Sciences, Inc., Foster City, CA 94404, Made in Ireland, NDC#
72626-2701-1",Defective Container: blister packs not properly sealed resulting in tablets being loose in the carton.,US Nationwide,"Lot# 24ASV002UA, Exp Date: 6/30/2028"
870,20250416,D-0335-2025,"Glenmark Pharmaceuticals Inc., USA",Ongoing,Class II,Drugs,"Ranolazine  Extended-Release Tablets  1000mg, 60-count bottle, Rx Only, Manufactured by: Glenmark
Pharmaceuticals Limited, Pithampur, Madhya Pradesh 454775, India, Manufactured for: Glenmark Pharmaceuticals
Inc. USA, Mahwah, NJ 07430. NDC# 68462-320-60",CGMP Deviations,U.S. Nationwide,"Lot #  17240040, exp. date Dec-25"
871,20250416,D-0350-2025,"Glenmark Pharmaceuticals Inc., USA",Ongoing,Class II,Drugs,"Pravastatin Sodium Tablets, USP, 80mg, a).90-count bottle (16714-570-01), b). 500-count bottle (NDC
16714-570-02), Rx Only, Mfd for: Northstar Rx LLC, Memphis, TN 38141, Mfd by: Glenmark Pharmaceuticals
Limited, Pithampur, Madhya Pradesh 454775, India",CGMP Deviations,U.S. Nationwide,"Lot #  17221770, exp. date Aug-25 17221774, exp. date Aug-25 17231251, exp. date May-26 17231262, exp. date May-26 17232112, exp. date Sep-26 17232133, exp. date Sep-26"
872,20250416,D-0314-2025,"Glenmark Pharmaceuticals Inc., USA",Ongoing,Class II,Drugs,"Fenofibrate Capsules 67 mg, USP, 100-count bottle, Rx Only, Manufactured by: Glenmark Pharmaceuticals Limited,
Pithampur, Madhya Pradesh 454775, India, Manufactured for: Glenmark Pharmaceuticals Inc. USA, Mahwah, NJ
07430. NDC# 68462-580-01",CGMP Deviations,U.S. Nationwide,"Lot #  17230834, exp. date Mar-25 17230835, exp. date Mar-25"
873,20250416,D-0322-2025,"Glenmark Pharmaceuticals Inc., USA",Ongoing,Class II,Drugs,"Frovatriptan Succinate Tablets 2.5mg, 9-count bottle, Rx Only, Manufactured by: Glenmark Pharmaceuticals
Limited, Pithampur, Madhya Pradesh 454775, India, Manufactured for: Glenmark Pharmaceuticals Inc. USA, Mahwah,
NJ 07430. NDC# 68462-694-97",CGMP Deviations,U.S. Nationwide,"Lot #  17231352, exp. date Jun-25 17231649, exp. date Jul-25"
874,20250416,D-0346-2025,"Glenmark Pharmaceuticals Inc., USA",Ongoing,Class II,Drugs,"Naproxen Sodium Tablets, USP, 550mg, 100-count bottles, Rx Only, Manufactured by: Glenmark Pharmaceuticals
Limited, Pithampur, Madhya Pradesh 454775, India, Manufactured for: Glenmark Pharmaceuticals Inc. USA, Mahwah,
NJ 07430. NDC# 68462-179-01",CGMP Deviations,U.S. Nationwide,"Lot #  17231956, exp. date Aug-25"
875,20250416,D-0341-2025,"Glenmark Pharmaceuticals Inc., USA",Ongoing,Class II,Drugs,"Pravastatin Sodium Tablets, 20mg, a).500-count bottle (NDC# 68462-196-05), b). 90-count bottle (NDC#
68462-196-90), Rx only, Manufactured by: Glenmark Pharmaceuticals Limited, Pithampur, Madhya Pradesh 454775,
India, Manufactured for: Glenmark Pharmaceuticals Inc. USA, Mahwah, NJ 07430.",CGMP Deviations,U.S. Nationwide,"Lot #  17230810, exp. date Mar-26 17230811, exp. date Mar-26 17230810, exp. date  Mar-26 17232501, exp. date Nov-26 17232502, exp. date Nov-26"
876,20250416,D-0328-2025,"Glenmark Pharmaceuticals Inc., USA",Ongoing,Class II,Drugs,"Metformin Hydrochloride Extended-Release Tablets 1000mg, 90-count bottle. Manufactured by: Glenmark
Pharmaceuticals Limited, Pithampur, Madhya Pradesh 454775, India, Manufactured for: Glenmark Pharmaceuticals
Inc. USA, Mahwah, NJ 07430. NDC 68462-521-90.",CGMP Deviations,U.S. Nationwide,"Lot #  17232088, exp. date Sep-25 17232093, exp. date Sep-25"
877,20250416,D-0361-2025,Zydus Pharmaceuticals (USA) Inc,Ongoing,Class II,Drugs,"chlorproMAZINE Hydrochloride Tablets, USP 10 mg, Rx Only, 100 Tablets bottles, Manufactured by: Zydus
Lifesciences Ltd., Baddi, India, Distributed by: Zydus Pharmaceuticals (USA) Inc., Pennington, NJ 08534, NDC
70710-1129-1",CGMP deviations: presence of N-Nitroso-Desmethyl Chlorpromazine impurity above the recommended interim limit,"Nationwide within U.S - MS, AL, TN, VT, OH, ND, MN, WI, SC, AR, FL, IN, LA, NJ, AZ, TX, KY and PA","Lot #: Z400069, Exp.: 12/31/2025"
878,20250416,D-0333-2025,"Glenmark Pharmaceuticals Inc., USA",Ongoing,Class II,Drugs,"Solifenacin Succinate Tablets 5mg, a.) 30-count bottle (NDC# 68462-386-30) b.) 90-count bottle (NDC#
68462-386-90), Rx Only. Manufactured by: Glenmark Pharmaceuticals Limited, Pithampur, Madhya Pradesh 454775,
India, Manufactured for: Glenmark Pharmaceuticals Inc. USA, Mahwah, NJ 07430.",CGMP Deviations,U.S. Nationwide,"30 count bottle:  17232395, exp. date Nov-25 17232400, exp. date Nov-25  90-count bottle:  17232395, exp. date Nov-25"
879,20250416,D-0320-2025,"Glenmark Pharmaceuticals Inc., USA",Ongoing,Class II,Drugs,"Gabapentin Tablets 600mg, 500-count bottles, Rx Only, Manufactured by: Glenmark Pharmaceuticals Limited,
Pithampur, Madhya Pradesh 454775, India, Manufactured for: Glenmark Pharmaceuticals Inc. USA, Mahwah, NJ
07430. NDC# 68462-126-05.",CGMP Deviations,U.S. Nationwide,"Lot # 17231015, exp. date Apr-25 17231128, exp. date Apr-25 17231138, exp. date Apr-25 17231139, exp. date Apr-25 17231143, exp. date Apr-25 17231144, exp. date Apr-25 17231848, exp. date Aug-25 17231898, exp. date Aug-25 17231977, exp. date Aug-25 17231978, exp. date Aug-25 17232015, exp. date Aug-25 17232016, exp. date Aug-25 17232017, exp. date Aug-25 17232034, exp. date Aug-25 17232041, exp. date Aug-25 17232396, exp. date Nov-25 17232406, exp. date Nov-25 17232410, exp. date Nov-25 17232490, exp. date Nov-25 17240326, exp. date Jan-26 17240327, exp. date Jan-26 17240383, exp. date Feb-26 17240395, exp. date Feb-26 17241863, exp. date Oct-26 17241869, exp. date Oct-26 17241870, exp. date Oct-26 17231256, exp. date May-25 17231386, exp. date May-25 17231387, exp. date May-25 17231407, exp. date May-25 17231417, exp. date May-25 17231418, exp. date May-25 17231754, exp. date Jul-25 17240085, exp. date Dec-25 17240117, exp. date Dec-25 17240131, exp. date Dec-25"
880,20250416,D-0312-2025,SUN PHARMACEUTICAL INDUSTRIES INC,Ongoing,Class III,Drugs,"Gabapentin Capsules, USP 400 mg, Rx Only, Packaged in a) 500-count bottles, NDC 62756-139-05; b) 1000-count
bottles, NDC 62756-139-04; Distributed by: Sun Pharmaceutical Industries, Inc. Cranbury, NJ 08512,
Manufactured by: Sun Pharmaceutical Industries Ltd. Halol-Baroda Highway, Halol-389 350, Gujarat, India.",Cross Contamination,Nationwide in the USA,"Lot # a) HAD1712B, Exp. date 03/2025 b) HAD1712C, exp. date 03/2025"
881,20250416,D-0310-2025,Zydus Pharmaceuticals (USA) Inc,Completed,Class II,Drugs,"Venlafaxine Tablets, USP, 75 mg, 100 Tablets, Rx only, Mfg. by: Zydus Lifesciences Ltd, Ahmedabad, India,
Dist. by: Zydus Pharmaceuticals (USA) Inc., Pennington, NJ 08534, NDC 68382-021-01.","Presence of Foreign Substance: Product complaint received for the presence of foreign material
embedded resembling a metal shaving in one tablet.",US Nationwide.,"Lot #: M314265, Exp.: 31 October 2025."
882,20250416,D-0338-2025,"Glenmark Pharmaceuticals Inc., USA",Ongoing,Class II,Drugs,"Prochlorperazine Maleate Tablets, 10mg, 100-count bottles, Rx Only, Manufactured by: Glenmark Pharmaceuticals
Limited, Pithampur, Madhya Pradesh 454775, India, Manufactured for: Glenmark Pharmaceuticals Inc. USA, Mahwah,
NJ 07430. NDC# 68462-890-01",CGMP Deviations,U.S. Nationwide,"Lot #  17240254, exp. date Jan-26 17240257, exp. date Jan-26"
883,20250416,D-0345-2025,"Glenmark Pharmaceuticals Inc., USA",Ongoing,Class II,Drugs,"Saxagliptin Tablets, USP, 2.5mg, a). 30-count bottle (NDC# 68462-726-30), b).90-count bottle(NDC#
68462-726-90), Manufactured by: Glenmark Pharmaceuticals Limited, Pithampur, Madhya Pradesh 454775, India,
Manufactured for: Glenmark Pharmaceuticals Inc. USA, Mahwah, NJ 07430.",CGMP Deviations,U.S. Nationwide,"30-Count Bottle Lots:   17241788, exp. date Sep-26 17241821, exp. date Sep-26 17241822, exp. date Sep-26   90-Count Bottle Lot:  17241822, exp. date Sept 26"
884,20250416,D-0343-2025,"Glenmark Pharmaceuticals Inc., USA",Ongoing,Class II,Drugs,"Lacosamide Tablets 150mg, 60-count bottle, Rx Only, Manufactured by: Glenmark Pharmaceuticals Limited,
Pithampur, Madhya Pradesh 454775, India, Manufactured for: Glenmark Pharmaceuticals Inc. USA, Mahwah, NJ
07430.NDC# 68462-680-60.",CGMP Deviations,U.S. Nationwide,"Lot #  17241125, exp. date Jun-26 17242202, exp. date  Nov-26 17242204, exp. date Dec-26"
885,20250416,D-0316-2025,"Glenmark Pharmaceuticals Inc., USA",Ongoing,Class II,Drugs,"Propafenone Hydrochloride Extended-Release Capsules 325mg, 60-count bottle, Rx Only Manufactured by: Glenmark
Pharmaceuticals Limited, Pithampur, Madhya Pradesh 454775, India, Manufactured for: Glenmark Pharmaceuticals
Inc. USA, Mahwah, NJ 07430. NDC# 68462-409-60",CGMP Deviations,U.S. Nationwide,"Lot #  17230767, exp. date Mar-25"
886,20250416,D-0319-2025,"Glenmark Pharmaceuticals Inc., USA",Ongoing,Class II,Drugs,"Voriconazole Tablets 50mg, 30-count bottle, Rx Only, Manufactured by: Glenmark Pharmaceuticals Limited,
Pithampur, Madhya Pradesh 454775, India, Manufactured for: Glenmark Pharmaceuticals Inc. USA, Mahwah, NJ
07430. NDC# 68462-572-30.",CGMP Deviations,U.S. Nationwide,"Lot # 17231045, exp. date Apr-25"
887,20250416,D-0340-2025,"Glenmark Pharmaceuticals Inc., USA",Ongoing,Class II,Drugs,"Colesvelam Hydrocholoride Tablets 625mg, 180-count bottle, Rx Only, Manufactured by: Glenmark Pharmaceuticals
Limited, Pithampur, Madhya Pradesh 454775, India, Manufactured for: Glenmark Pharmaceuticals Inc. USA, Mahwah,
NJ 07430. NDC# 68462-433-18",CGMP Deviations,U.S. Nationwide,"Lot #  17240669, exp. date Mar-26 17240876, exp. date Apr-26 17240883, exp. date May-26 17240909, exp. date May-26 17240914, exp. date May-26 17240927, exp. date May-26"
888,20250416,D-0332-2025,"Glenmark Pharmaceuticals Inc., USA",Ongoing,Class II,Drugs,"Saxagliptin Tablets 5mg, a). 30-count bottle (NDC# 68462-727-30) b.) 90-count bottle ( 68462-727-90), Rx Only,
Manufactured by: Glenmark Pharmaceuticals Limited, Pithampur, Madhya Pradesh 454775, India, Manufactured for:
Glenmark Pharmaceuticals Inc. USA, Mahwah, NJ 07430.",CGMP Deviations,U.S. Nationwide,"Lot #  17232460, exp. date Nov-25 17232460, exp. date Nov-25 17241194, exp. date Jun-26 17241194, exp. date Jun-26"
889,20250416,D-0324-2025,"Glenmark Pharmaceuticals Inc., USA",Ongoing,Class II,Drugs,"Nitroglycerin  Sublingual Tablets 0.4MG 100-count carton, Rx Only, Manufactured by: Glenmark Pharmaceuticals
Limited, Pithampur, Madhya Pradesh 454775, India, Manufactured for: Glenmark Pharmaceuticals Inc. USA, Mahwah,
NJ 07430. NDC# 68462-639-45.",CGMP Deviations,U.S. Nationwide,"Lot #  17232024, exp. date Aug-25 17232071, exp. date Sep-25 17232072, exp. date Sep-25"
890,20250416,D-0347-2025,"Glenmark Pharmaceuticals Inc., USA",Ongoing,Class II,Drugs,"Acetaminophen and Ibuprofen (NSAID) Tablets, 250 mg/125 mg a). 144-count packets (NDC# 72657-157-74), b).
216-count packets( 72657-157-76),Distributed by: Glenmark Therapeutics Inc., USA, Mahwah, NJ 07430, Product of
India",CGMP Deviations,U.S. Nationwide,"Lot #  17241302, exp. date Jul-26 Amazon & Walmart 17241140, exp. date Jul-26 Amazon & Walmart 17241141, exp. date Jul-26 Amazon & Walmart"
891,20250416,D-0330-2025,"Glenmark Pharmaceuticals Inc., USA",Ongoing,Class II,Drugs,"Lacosamide Tablets, 100mg , 60-count bottle, Rx Only, Manufactured by: Glenmark Pharmaceuticals Limited,
Pithampur, Madhya Pradesh 454775, India, Manufactured for: Glenmark Pharmaceuticals Inc. USA, Mahwah, NJ
07430. NDC# 68462-679-60",CGMP Deviations,U.S. Nationwide,"Lot #  17232533, exp. date Nov-25 17232534, exp. date Nov-25 17240606, exp. date Mar-26 17240619, exp. date Mar-26 17240911, exp. date May-26 17240912, exp. date May-26 17241121, exp. date Jun-26 17241124, exp. date Jun-26"
892,20250416,D-0354-2025,Somerset Therapeutics Private Limited,Ongoing,Class II,Drugs,"Methocarbamol Injection USP     1,000 mg/10 mL (100 mg/mL), 10 mL Single Dose Vial, Rx Only, Manufactured for:
Somerset Therapeutics, LLC, Somerset, NJ 08873, NDC 70069-101-25 (immediate carton) and 70069-101-05 (5x10 mL
carton)",Lack of Assurance of Sterility: Media fill with bacterial contamination,U.S. Nationwide,"NDC 70069-101-25; A240304, A240305, A240320, A240322, A240334, A240335, A240340, exp. date 05/2026;  A240342, A240347, A240385, A240391, exp. date 06/2026;   NDC 70069-101-05;  A240326, exp. date 05/2026"
893,20250416,D-0349-2025,"Glenmark Pharmaceuticals Inc., USA",Ongoing,Class II,Drugs,"Pravastatin Sodium Tablets, USP, 20mg, a).90-count bottle, Rx Only, Mfd for: Northstar Rx LLC, Memphis, TN
38141, Mfd by: Glenmark Pharmaceuticals Limited, Pithampur, Madhya Pradesh 454775, India. NDC# 16714-559-01",CGMP Deviations,U.S. Nationwide,"Lot #  17230810, exp. date Mar-26"
894,20250416,D-0336-2025,"Glenmark Pharmaceuticals Inc., USA",Ongoing,Class II,Drugs,"Carvedilol Tablets, USP 12.5 mg, 500-count bottle, Rx Only, Manufactured by: Glenmark Pharmaceuticals Limited,
Pithampur, Madhya Pradesh 454775, India, Manufactured for: Glenmark Pharmaceuticals Inc. USA, Mahwah, NJ 07430
NDC# 68462-164-05.",CGMP Deviations,U.S. Nationwide,"Lot #  17240238, exp. date  Jan-26  17240243, exp. date  Jan-26 17240245, exp. date  Jan-26  17240248, exp. date  Jan-26"
895,20250416,D-0360-2025,"Alchemee, LLC",Ongoing,Class II,Drugs,"Proactiv Skin Smoothing Exfoliator (Benzoyl Peroxide 2.5%), Packaged as a) 6 fl. oz. (177.4 mL), UPC 7 35786
01528 2; b) 0.33 OZ (9.45g), UPC 8 42944 10223 1; Distributed by Alchemee, LLC, Santa Monica, CA 90401,",Chemical contamination: Presence of benzene,Nationwide in the USA,"Lot, V4204A, Exp 07/31/2025"
896,20250416,D-0351-2025,"Glenmark Pharmaceuticals Inc., USA",Ongoing,Class II,Drugs,"Propafenone Hydrochloride Extended-Release Capsules USP, 225mg 60-count bottles, Rx Only, Mfd by: Glenmark
Pharmaceuticals Limited, Pithampur, Madhya Pradesh 454775, India. NDC# 16714-825-01.",CGMP Deviations,U.S. Nationwide,"Lot #  17230819, exp. date Mar-25"
897,20250416,D-0358-2025,Somerset Therapeutics Private Limited,Ongoing,Class II,Drugs,"Haloperidol Decanoate Injection, 100 mg/mL, 1mL Single-Dose Vial, Rx Only, Manufactured for: Somerset
Therapeutics, LLC, Somerset, NJ 08873, NDC 70069-383-10",Lack of Assurance of Sterility: Media fill with bacterial contamination,U.S. Nationwide,"A240482D, exp. date 08/2026"
898,20250416,D-0323-2025,"Glenmark Pharmaceuticals Inc., USA",Ongoing,Class II,Drugs,"Rufinamide Tablets 200mg, 120-count bottle, Rx Only, Manufactured by: Glenmark Pharmaceuticals Limited,
Pithampur, Madhya Pradesh 454775, India, Manufactured for: Glenmark Pharmaceuticals Inc. USA, Mahwah, NJ
07430. NDC# 68462-713-08",CGMP Deviations,U.S. Nationwide,"Lot #  17231643, exp. date Jul-25 17231644, exp. date Jul-25"
899,20250416,D-0325-2025,"Glenmark Pharmaceuticals Inc., USA",Ongoing,Class II,Drugs,"Pravastatin Sodium Tablets 80mg, 90-count bottle, Rx Only, Manufactured by: Glenmark Pharmaceuticals Limited,
Pithampur, Madhya Pradesh 454775, India, Manufactured for: Glenmark Pharmaceuticals Inc. USA, Mahwah, NJ
07430. NDC# 68462-198-90.",CGMP Deviations,U.S. Nationwide,"Lot #  17221771, exp. date Aug-25 17230930, exp. date Apr-26 17230931, exp. date Apr-26 17231252, exp. date May-26 17231274, exp. date May-26 17231855, exp. date Aug-26 17231916, exp. date Aug-26 17231917, exp. date Aug-26 17231945, exp. date Aug-26"
900,20250416,D-0342-2025,"Glenmark Pharmaceuticals Inc., USA",Ongoing,Class II,Drugs,"Diltiazem Hydrochloride Extended-Release Capsules 12HR 120mg, 100-count bottle, Rx, Only. Manufactured by:
Glenmark Pharmaceuticals Limited, Pithampur, Madhya Pradesh 454775, India, Manufactured for: Glenmark
Pharmaceuticals Inc. USA, Mahwah, NJ 07430. NDC# 68462-562-01",CGMP Deviations,U.S. Nationwide,"Lot #  17241067, exp. date May-26 17241628, exp. date Aug-26"
901,20250416,D-0353-2025,B. Braun Medical Inc,Ongoing,Class II,Drugs,"0.9% Sodium chloride Irrigation USP, Isotonic Solution for Irrigation, 500 mL Plastic Irrigation Container
(PIC), B. Braun Medical, Inc., Bethlehem, PA 18018-3524 USA, NDC 0264-2201-10",Presence of Particulate Matter,Product was distributed to 12 distributors who may have further distributed the product nationwide.,"Lot # J4K936, Exp 7/31/2027"
902,20250416,D-0355-2025,Somerset Therapeutics Private Limited,Ongoing,Class II,Drugs,"Haloperidol Decanoate Injection 50mg/mL, 1mL Single-Dose Vial, Rx Only, Manufactured for: Somerset
Therapeutics, LLC, Somerset, NJ 08873, NDC 70069-381-01 (individual carton) and NDC 70069-381-10 (10x1 mL
carton)",Lack of Assurance of Sterility: Media fill with bacterial contamination,U.S. Nationwide,"NDC 70069-381-01; A240467A, exp. date 07/2026;  NDC 70069-381-10; A240467C, exp. date 07/2026"
903,20250416,D-0321-2025,"Glenmark Pharmaceuticals Inc., USA",Ongoing,Class II,Drugs,"Lacosamide Tablets 200mg, 60-count bottle, Rx Only, Manufactured by: Glenmark Pharmaceuticals Limited,
Pithampur, Madhya Pradesh 454775, India, Manufactured for: Glenmark Pharmaceuticals Inc. USA, Mahwah, NJ
07430. NDC# 68462-681-60.",CGMP Deviations,U.S. Nationwide,"Lot # 17230982, exp. date Apr-25 17230986, exp. date, Apr-25 17231001, exp. date, Apr-25 17240197, exp. date Jan-26 17240198, exp. date Jan-26 17240215, exp. date Jan-26 17240846, exp. date Apr-26 17240847, exp. date Apr-26"
904,20250416,D-0326-2025,"Glenmark Pharmaceuticals Inc., USA",Ongoing,Class II,Drugs,"Fluphenazine Hydrochloride Tablets, 10mg, 100-Count Bottle, Rx Only, Manufactured by: Glenmark Pharmaceuticals
Limited, Pithampur, Madhya Pradesh 454775, India, Manufactured for: Glenmark Pharmaceuticals Inc. USA, Mahwah,
NJ 07430. NDC# 68462-338-01",CGMP Deviations,U.S. Nationwide,"Lot #  17232206, exp. date Sep-25"
905,20250416,D-0352-2025,"Glenmark Pharmaceuticals Inc., USA",Ongoing,Class II,Drugs,"Propafenone Hydrochloride Extended-Release Capsules, USP 325mg,60-count bottles, Rx Only, Mfd for: Northstar
Rx LLC, Memphis, TN 38141, Mfd by: Glenmark Pharmaceuticals Limited, Pithampur, Madhya Pradesh 454775, India.
NDC# 16714-826-01",CGMP Deviations,U.S. Nationwide,"Lot #  17230767, exp. date Mar-25"
906,20250416,D-0339-2025,"Glenmark Pharmaceuticals Inc., USA",Ongoing,Class II,Drugs,"Rosuvastatin Tablets 40mg, 30-count bottle, Rx Only, Manufactured by: Glenmark Pharmaceuticals Limited,
Pithampur, Madhya Pradesh 454775, India, Manufactured for: Glenmark Pharmaceuticals Inc. USA, Mahwah, NJ
07430. NDC# 68462-264-30",CGMP Deviations,U.S. Nationwide,"Lot #  17240389, exp. date Feb-26 17240390, exp. date Feb-26 17240426, exp. date Feb-26 17240427, exp. date Feb-26 17240428, exp. date Feb-26 17240778, exp. date Apr-26 17241055, exp. date May-26 17241074, exp. date  Jun-26 17241075, exp. date  Jun-26 17241091, exp. date  Jun-26 17241100, exp. date  Jun-26"
907,20250416,D-0329-2025,"Glenmark Pharmaceuticals Inc., USA",Ongoing,Class II,Drugs,"Indomethacin Extended-Release Capsules, 75mg, 60-count bottles, Manufactured by: Glenmark Pharmaceuticals
Limited, Pithampur, Madhya Pradesh 454775, India, Manufactured for: Glenmark Pharmaceuticals Inc. USA, Mahwah,
NJ 07430. NDC# 68462-325-60",CGMP Deviations,U.S. Nationwide,"Lot #  17232323, exp. date Oct-25 17232335, exp. date Oct-25 17232323, exp. date Oct-25"
908,20250416,D-0344-2025,"Glenmark Pharmaceuticals Inc., USA",Ongoing,Class II,Drugs,"Clindamycin Hydrochloride Capsules, USP, 300mg, 100-count bottles, Manufactured by: Glenmark Pharmaceuticals
Limited, Pithampur, Madhya Pradesh 454775, India, Manufactured for: Glenmark Pharmaceuticals Inc. USA, Mahwah,
NJ 07430.NDC# 68462-144-01",CGMP Deviations,U.S. Nationwide,"Lot #  17241278, exp. date Jul-26 17241297, exp. date Jul-26 17241304, exp. date Jul-26 17241315, exp. date Jul-26 17241327, exp. date Jul-26"
909,20250416,D-0311-2025,SUN PHARMACEUTICAL INDUSTRIES INC,Ongoing,Class III,Drugs,"Gabapentin Capsules, USP 300 mg, Rx Only, Packaged in  a) 500-count bottles, NDC 62756-138-05; b) 1000-count
bottles, NDC 62756-138-04, Distributed by: Sun Pharmaceutical Industries, Inc. Cranbury, NJ 08512,
Manufactured by: Sun Pharmaceutical Industries Ltd. Halol-Baroda Highway, Halol-389 350, Gujarat, India.",Cross Contamination,Nationwide in the USA,"Lot # a) HAD1458A, Exp. date 04/2025, HAD2718A, Exp. date 07/2025, b) HAD3432A, exp. date 08/2025"
910,20250416,D-0331-2025,"Glenmark Pharmaceuticals Inc., USA",Ongoing,Class II,Drugs,"Nitroglycerin Sublingual Tablets 0.3MG, 100-count bottles, Manufactured by: Glenmark Pharmaceuticals Limited,
Pithampur, Madhya Pradesh 454775, India, Manufactured for: Glenmark Pharmaceuticals Inc. USA, Mahwah, NJ
07430.NDC# 68462-638-01",CGMP Deviations,U.S. Nationwide,"Lot #  17232361, exp. date Nov-25 17232367, exp. date Nov-25 17240037, exp. date Dec-25 17240038, exp. date Dec-25"
911,20250416,D-0357-2025,Somerset Therapeutics Private Limited,Ongoing,Class II,Drugs,"Haloperidol Decanoate Injection 100mg/mL, 1mL Single-Dose Vial, Rx Only, Manufactured by: Somerset
Therapeutics Limited, Kamataka, India, Manufactured for: BluePoint Laboratories  NDC 68001-581-41 (individual
carton) and NDC 68001-581-48 (5x1 mL cartons)",Lack of Assurance of Sterility: Media fill with bacterial contamination,U.S. Nationwide,"NDC 68001-581-41; A240482A, exp. date 08/2026;  NDC 68001-581-48; A240482B, exp. date 08/2026"
912,20250416,D-0337-2025,"Glenmark Pharmaceuticals Inc., USA",Ongoing,Class II,Drugs,"Lacosamide Tablets, 50mg, 60-count bottles, Rx Only, Manufactured by: Glenmark Pharmaceuticals Limited,
Pithampur, Madhya Pradesh 454775, India, Manufactured for: Glenmark Pharmaceuticals Inc. USA, Mahwah, NJ
07430.NDC# 68462-678-60",CGMP Deviations,U.S. Nationwide,"Lot #  17240221, exp. date Jan-26 17240222, exp. date Jan-26"
913,20250416,D-0359-2025,"Alchemee, LLC",Ongoing,Class II,Drugs,"Proactiv Emergency Blemish Relief (Benzoyl Peroxide 5%), 0.33 oz. (9.45 g), Distributed by Alchemee LLC, Santa
Monica, CA 90401, Made in the USA, UPC 7 35786 01921 1,  UPC 8 42944 10223 1, and also packaged as a twin pack
UPC 8 42944 10241 5,",Chemical contamination: Presence of benzene,Nationwide in the USA,"Lots V3304A, V3305A, Exp 10/31/2025"
914,20250416,D-0315-2025,"Glenmark Pharmaceuticals Inc., USA",Ongoing,Class II,Drugs,"Propafenone Hydrochloride Extended-Release Capsules 225mg, 60-count bottle, Rx Only, Manufactured by: Glenmark
Pharmaceuticals Limited, Pithampur, Madhya Pradesh 454775, India, Manufactured for: Glenmark Pharmaceuticals
Inc. USA, Mahwah, NJ 07430.NDC# 68462-408-60",CGMP Deviations,U.S. Nationwide,"Lot #  17230819, exp. date Mar-25"
915,20250416,D-0318-2025,"Glenmark Pharmaceuticals Inc., USA",Ongoing,Class II,Drugs,"Voriconazole Tablets 200 mg, 30-count bottle, Rx Only, Manufactured by: Glenmark Pharmaceuticals Limited,
Pithampur, Madhya Pradesh 454775, India, Manufactured for: Glenmark Pharmaceuticals Inc. USA, Mahwah, NJ
07430. NDC# 68462-573-30",CGMP Deviations,U.S. Nationwide,"Lot # 17230853, exp. date Mar-25 17231271, exp. date May-25 17231300, exp. date May-25 17242050, exp. date Oct-26 17231046, exp. date Apr-25 17241156, exp. date Jun-26 17241388, exp. date Jul-26 17241800, exp. date Sep-26"
916,20250416,D-0317-2025,"Glenmark Pharmaceuticals Inc., USA",Ongoing,Class II,Drugs,"Solifenacin Succinate Tablets 10MG, a. 30-count bottle (NDC# 68462-387-30),  b. 90-Count Bottle (NDC
68462-387-90),Rx Only, Manufactured by: Glenmark Pharmaceuticals Limited, Pithampur, Madhya Pradesh 454775,
India, Manufactured for: Glenmark Pharmaceuticals Inc. USA, Mahwah, NJ 07430.",CGMP Deviations,U.S. Nationwide,"Lot # 17230762, exp. date Mar-25"
917,20250416,D-0334-2025,"Glenmark Pharmaceuticals Inc., USA",Ongoing,Class II,Drugs,"Teriflunomide Tablets, 14mg, 30-count bottle, Rx Only, Manufactured by: Glenmark Pharmaceuticals Limited,
Pithampur, Madhya Pradesh 454775, India, Manufactured for: Glenmark Pharmaceuticals Inc. USA, Mahwah, NJ
07430. NDC# 68462-424-30",CGMP Deviations,U.S. Nationwide,"Lot #  17232462, exp. date Nov-25"
918,20250416,D-0327-2025,"Glenmark Pharmaceuticals Inc., USA",Ongoing,Class II,Drugs,"Fluphenazine Hydrochloride Tablets 2.5mg, 100-count bottle, Rx Only, Manufactured by: Glenmark Pharmaceuticals
Limited, Pithampur, Madhya Pradesh 454775, India, Manufactured for: Glenmark Pharmaceuticals Inc. USA, Mahwah,
NJ 07430. NDC# 68462-336-01",CGMP Deviations,U.S. Nationwide,"Lot #  17232214, exp. date Sep-25"
919,20250409,D-0306-2025,BIOCON PHARMA INC,Ongoing,Class II,Drugs,"Atorvastatin Calcium Tablets USP 40 mg, 1000-count bottle, Rx Only, Manufactured for: Biocon Pharma Inc.,
Iselin, NJ 08830-3009 USA, Manufactured by: Recipharm Pharmaservices PVT, Ltd Bengaluru, INDIA -562-123, NDC
70377-079-13",Failed dissolution specifications: lower than specifications,U.S.A. nationwide,"Lot#: AVC24035, Exp 03/31/26"
920,20250409,D-0304-2025,The Harvard Drug Group LLC dba Major Pharmaceuticals and Rugby Laboratories,Terminated,Class III,Drugs,"Tolterodine Tartrate Extended-Release Capsules, 2 mg, 30 Capsules (3 x 10) Unit Dose carton, Rx only, Packaged
and Distributed by: Major Pharmaceuticals, Indianapolis, IN 46268 USA, NDC 0904-6592-04.","Failed Dissolution Specifications: Out of specification results obtained during routine
stability testing for dissolution.",Nationwide in the USA,"Lot# T05393, Exp. Date: 09/30/2025"
921,20250409,D-0305-2025,"Imprimis NJOF, LLC",Ongoing,Class III,Drugs,"Tropicamide - Proparacaine - Phenylephrine - Ketorolac Sterile Ophthalmic Solution, 1% 0.5%  2.5%  0.5%, 5 mL
fill in 15 mL bottle, Imprimis NJOF, LLC, Route 46 West, Unit 6B, Ledgewood, NJ, 07852, NDC: 71384-733-05.","Sub-Potent Drug: The stability batch showed a subpotent result, which does not meet the product
specifications of 90.0-110.0% of the label claim.",FL and NY,"Lot 24OCT041, Exp 04/26/2025"
922,20250409,D-0307-2025,Amerisource Health Services LLC,Terminated,Class II,Drugs,"Voriconazole Tablets, 50 mg, packaged in cartons of 3 blister cards with 10 individual blistered doses (30
Unit Dose per carton), Rx only, Distributed by: American Health Packaging, Columbus, Ohio 43217, Carton NDC
60687-294-21, Unit Dose NDC 60687-294-11.","cGMP Deviations: Received notification from their supplier requesting they perform a recall due
to the fact they repackaged the product.",USA nationwide.,"Lot # 1014138, Exp 04/30/2025"
923,20250409,D-0308-2025,"Breckenridge Pharmaceutical, Inc.",Ongoing,Class II,Drugs,"Duloxetine Delayed-Release Capsules, USP, 30 mg, Rx Only, 1,000 Capsules per bottle, Manufactured by: Towa
Pharmaceutical Europe, S.L., Martorelles, (Barcelona), Spain, Distributed by: Breckenridge Pharmaceutical,
Inc., Berkley Heights, NJ 07922, NDC 51991-747-10.","CGMP Deviations: presence of Nitrosamine Drug Substance Related Impurity (NDSRI), N-nitroso-
duloxetine, above the recommended interim limit.",Nationwide in the US,"Lot 240909C, Exp Date 03/31/2027"
924,20250409,D-0309-2025,"Glenmark Pharmaceuticals Inc., USA",Ongoing,Class II,Drugs,"chlorproMAZINE Hydrochloride Tablets, USP 100 mg, Rx Only, 100 Tablets per bottle, Manufactured for: Glenmark
Pharmaceuticals Inc., USA, Mahwah, NJ 07430, Product of India, NDC 68462-864-01",CGMP deviations: presence of N-Nitroso-Desmethyl Chlorpromazine impurity above the recommended interim limit.,Nationwide in the USA and PR,"Lot#s: 17232222 and 17232237, Exp 10/31/2025"
925,20250402,D-0292-2025,A-S Medication Solutions LLC,Ongoing,Class II,Drugs,"METFORMIN HYDROCHLORIDE EXTENDED- RELEASE 500MG, 180 TABLETS, Packaged BY: A-S Medication Solutions,
Libertyville, IL 60048 NDC 50090-1494-3.",Presence of Foreign Tablets/Capsules.,Nationwide in U.S.,Lot# 4260340; Exp.12/31/2025.
926,20250402,D-0296-2025,"QuVa Pharma, Inc.",Ongoing,Class II,Drugs,"fentaNYL Citrate PF 200 mcg/100 mL (2 mcg/ml) /0.125% Bupivacaine HCl 125 mg/100 mL (1.25 mg/mL), 100 ml in NS
Yellow CADD FSFF, Injection for Epidural Use (Not intended For IV Use), Compounded, For Institutional or
Office Use Only, QuVa Pharma, 1075 West Park One Drive, Suite 100, Sugar Land, Tx 77478. NDC: 70092-1255-75",Lack of Assurance of Sterility,U.S. Nationwide,"Lot, expiry:  Lots 10140284, 10140285, 10140315, 10140316, exp 04/08/2025; Lot 10140510, exp 04/14/2025; Lot 10140916, exp 04/24/2025"
927,20250402,D-0302-2025,"Consumer Product Partners, LLC",Ongoing,Class II,Drugs,"[CORRECT FRONT PANEL] Hydrogen Peroxide Topical Solution, USP, 32 FL OZ (1 QT) 946 mL per bottle, NDC
0869-0871-45; [INCORRECT BACK LABEL] Isopropyl alcohol 91%, Dist. by: Amazon.com Services, LLC, Seattle, WA
98109.",Labeling; Label Mixup; some bottles have an incorrect back label indicating 91% Isopropyl Alcohol,VA,"Lot 0643188, exp. date 10/22/2026"
928,20250402,D-0303-2025,Exela Pharma Sciences LLC,Ongoing,Class II,Drugs,"8.4% Sodium Bicarbonate Injection, USP, 50 mEq/50 mL (1 mEq/mL), 25 x 50 mL Single Dose Vials per carton, For
Intravenous Use Only, Rx Only, Manufactured by: Exela Pharma Sciences, LLC, Lenoir, NC 28645. NDC Inner Vial:
51754-5001-1; NDC Carton: 51754-5001-4",Lack of Assurance of Sterility,Nationwide,"Lots: 10006417 and 10006418, Exp. 11/30/2026"
929,20250402,D-0299-2025,Ascent Consumer Products Inc.,Ongoing,Class I,Drugs,"SinuCleanse Soft Tip Squeeze Bottle Nasal Wash System (sodium bicarbonate USP 700 mg and sodium chloride USP
2300 mg), 30-count All Natural USP Grade Saline Packets and 1 Soft tip Squeeze Bottle, Net WT 0.1OZ (3g) each,
Distributed by Ascent Consumer Products Inc., Melville, NY 11747, UPC 6 46011 00104 1",Microbial Contamination of Non-Sterile Products: Bacterial contamination with Staphylococcus aureus,Nationwide in the US.,"Lot# 024122661Al, Exp Date 12/2027"
930,20250402,D-0301-2025,Ascent Consumer Products Inc.,Ongoing,Class I,Drugs,"SinuCleanse Soft Tip NETI POT Nasal Wash System (sodium bicarbonate USP 700 mg and sodium chloride USP 2300
mg), 30-count All Natural USP Grade Saline Packets and 1 kettle style Neti Pot, Net WT 0.1OZ (3g) each,
Distributed by Ascent Consumer Products Inc., Melville, NY 11747, UPC 6 46011 00102 7",Microbial Contamination of Non-Sterile Products: Bacterial contamination with Staphylococcus aureus,Nationwide in the US.,"Lot# 024122661Al, Exp Date 12/2027"
931,20250402,D-0295-2025,"QuVa Pharma, Inc.",Ongoing,Class II,Drugs,"fentaNYL Citrate PF 200 mcg/100 mL (2 mcg/ml) /0.1% Bupivacaine HCl 100 mg/100 mL (1 mg/mL), 100 ml in NS
Yellow CADD FSFF, Injection for Epidural Use (Not intended For IV Use), Compounded, For Institutional or
Office Use Only, QuVa Pharma, 1075 West Park One Drive, Suite 100, Sugar Land, Tx 77478.  NDC: 70092-1255-75",Lack of Assurance of Sterility,U.S. Nationwide,"Lots: 10140259, 10140539, 10140687, 10140688; Exp 04/24/2025"
932,20250402,D-0300-2025,Ascent Consumer Products Inc.,Ongoing,Class I,Drugs,"SinuCleanse Premixed SALINE PACKETS (sodium bicarbonate USP 700 mg and sodium chloride USP 2300 mg) for Nasal
Wash System, 60-count All Natural USP Grade Saline Packets, Net WT 0.1OZ (3g) each, Distributed by Ascent
Consumer Products Inc., Melville, NY 11747, UPC 6 46011 00103 4",Microbial Contamination of Non-Sterile Products: Bacterial contamination with Staphylococcus aureus,Nationwide in the US.,"Lot# 024122661Al, Exp Date 12/2027"
933,20250402,D-0294-2025,"Strides Pharma, Inc.",Ongoing,Class II,Drugs,"Testosterone Gel 1%, 5 grams, 30 Unit-dose Packets in a carton, Rx only, Distributed by: Strides Pharma Inc.,
East Brunswick, NJ, NDC 64380-152-02",Presence of foreign substance: Presence of Benzene.,Nationwide in the U.S,"Lot #: 5501103A, Exp Mar-25; 5501237A, 5501238A, Exp Apr-25; 5501278A, Exp May-25; 5501280A, 5501342A, Exp Jun-25; 5501372A, Exp Jul-25; 5501496A, Exp Aug-25; 5501499A, Exp Sep-25; 5501580A, Exp Oct-25; 5501582A, Exp Dec-25; 5501653A, 5501656A, Exp Jan-26; 5501770A, Exp Feb-26; 5501842A, 5501868A, 5501882A, Exp Apr-26; 5501957A, Exp May-26; 5502001A, Exp Jul-26; 5502033A, Exp Aug-26; 5502112A, 5502115A, Exp Oct-26; 5502180A, 5502181A, Exp Nov-26."
934,20250402,D-0298-2025,"Johnson, S C and Son, Inc",Ongoing,Class II,Drugs,"babyganics, Sheer Blend, SPF 50 Mineral Sunscreen Fragrance Free (zinc oxide 20%), a) 1.7 FL OZ (50 mL)
bottle, UPC 810035921658, b) 8 FL OZ (236 mL) bottle, UPC 810035921382, Dist. by KAS Direct, LLC, 1525 Howe
St., Racine, WI 53403, Made in Canada.","Failed stability specifications: during routine stability monitoring quality concerns were
identified. Physical separation for ingredients was observed.",Nationwide in the USA,"Lot #: a) 097C4/C080316, Exp 03/31/2026; b) 177K3/A303407, Exp 10/31/2025"
935,20250402,D-0297-2025,"QuVa Pharma, Inc.",Ongoing,Class II,Drugs,"fentaNYL Citrate PF 200 mcg/100 mL (2 mcg/ml) /0.2% ROPivacaine HCl 200 mg/100 mL (2 mg/mL), 100 ml in NS
Yellow CADD FSFF, Injection for Epidural Use (Not intended For IV Use), Compounded, For Institutional or
Office Use Only, QuVa Pharma, 1075 West Park One Drive, Suite 100, Sugar Land, Tx 77478. NDC: 70092-1259-75",Lack of Assurance of Sterility,U.S. Nationwide,"Lot, expiry:  Lot 10140303, exp 04/14/2025; Lots 10140867, 10140868, exp 04/24/2025; Lot  10140965, exp 04/28/2025"
936,20250402,D-0293-2025,"Strides Pharma, Inc.",Ongoing,Class II,Drugs,"Testosterone Gel 1%, 2.5 grams, 30 Unit-dose packets in a carton,  Rx only, Distributed by: Strides Pharma
Inc., East Brunswick, NJ, NDC 64380-151-02",Presence of foreign substance: Presence of Benzene.,Nationwide in the U.S,"Lot #: 5501127A, 5501236A, Exp Apr-25; 5501341A, Exp Jun-25; 5501406A, Exp Jul-25; 5501408A, Exp Aug-25; 5501516A, Exp Sep-25; 5501568A, Exp Oct-25; 5501829A, Exp Mar-26; 5502000A, Exp Jul-26; 5502004A, 5502005A, Exp Aug-26; 5502092A, Exp Oct-26; 5502217A, Exp Dec-26; 5502262A, Exp Jan-27"
937,20250326,D-0284-2025,"Fruit Of The Earth, Inc.",Ongoing,Class II,Drugs,"CVS Health Concealing Acne Treatment Cream, CVS, 10% benzoyl peroxide, 1 oz (28 g), Distributed by: CVS Pharmacy, Inc",Chemical contamination: presence of benzene,USA Nationwide,"Lot #: 4970743A, Exp 3/31/2026; 9712793A,  Exp9/30/2026; 8363513B, Exp 12/31/2026; 1391304A, 5101574A, Exp 5/31/2027; 1292084A, 1292084B, 1292084C, Exp 7/31/2027; 2892384A, Exp 8/31/2027; 6203044A, 6203044B, Exp 10/31/2027; 2153564A, 2153564B, Exp 12/31/2027; 2163564A, Exp 1/31/2028"
938,20250326,D-0285-2025,"Amgen, Inc.",Ongoing,Class II,Drugs,"Neupogen (filgrastim) For Injection, 300mcg/1 mL, 1 mL Single Dose Vials, Rx Only, For Subcutaneous or
Intravenous Use Only, Sterile Solution - No Preservative, Amgen Inc., Thousand Oaks, CA 91320, NDC
55513-530-01 (vial), NDC 55513-530-10 (box).","Stability data does not support expiry: the products have the potential to be out of
specification at the time of expiry of 36-months.","Nationwide in the U.S.A. and Belgium/Luxembourg, Brazil, Chile, Colombia, France/French Guiana, Germany, Ireland, Italy/San Marino, Netherlands, Poland, Spain/Andorra, Sweden, Finland, Switzerland/Liechtenstein, United Kingdom of Great Britain and Northern Ireland, Ireland, Denmark, Canada, Hong Kong, Philippines, Israel, Malaysia, Saudi Arabia, Gibraltar.","Lot #: 1147300, 1147300A, Exp.: 2/28/2025; 1152064, Exp.:3/31/2025; 1154734, 1156806, Exp.: 8/31/2025; 1159109, Exp.: 10/31/2025; 1163909, Exp.: 2/28/2026; 1164631, Exp.: 5/31/2026; 1171366, 1182097, Exp.:8/31/2026; 1176114, Exp.: 2/28/2027; 1182094, Exp.:7/31/2027."
939,20250326,D-0280-2025,MYLAN PHARMACEUTICALS INC,Ongoing,Class II,Drugs,"Prasugrel Tablets, USP, 5 mg, 30-count bottle, Rx only, Manufactured for: Mylan Pharmaceuticals Inc.,
Morgantown, WV 26505 U.S.A., NDC 0378-5185-93",Failed Dissolution Specifications - low dissolution results,US Nationwide.,"Lot # 3211073, 3211074, 3211075, Exp 4/30/2026"
940,20250326,D-0282-2025,FDC Limited,Ongoing,Class II,Drugs,"Ciprofloxacin Ophthalmic Solution USP, 0.3% as base, package in 5 mL bottles, Rx Only, Distributed by: Leading
Pharma LLC, Fairfield, NJ. Manufactured by: FDC Limited, Maharashtra, India, NDC 69315-308-05","Defective container: Unable to get the solution out of the bottle as the spike of the cap was
lodged in the nozzle of the product bottle",Nationwide in the U.S,"Lot: 084A067, Exp 12/31/2025"
941,20250326,D-0291-2025,"Mylan Institutional, Inc.",Ongoing,Class II,Drugs,"Levothyroxine Sodium Tablets, USP, 125 mcg (0.125 mg), Rx Only, 100 Unit Dose Blister Cards of 10 (10 cards of
10 tablets each) per carton, Mylan Pharmaceuticals Inc., Morgantown, WV 26505, Made in India, NDC
51079-443-20.",Super-Potent Drug: Out of specification potency results were obtained.,Nationwide in the USA,"Lot 3115773, Exp. 03/31/2025"
942,20250326,D-0279-2025,Slate Run Pharmaceuticals,Ongoing,Class II,Drugs,"Cinacalcet Hydrochloride Tablets 60 mg, 30-count bottle, Rx only, Distr. by: Slate Run Pharma., LLC, Columbus,
Ohio 43215, Mfg. by: Piramal Pharma Limited, Madhya Pradesh, India, NDC 70436-008-04",CGMP deviations: The presence of nitrosamine impurity above the acceptable daily intake limits.,Product was distributed to 8 distributors who may have further distribute the product nationwide.,"Lot # 109797, Exp 11/2026"
943,20250326,D-0289-2025,"MEDLINE INDUSTRIES, LP - Northfield",Ongoing,Class II,Drugs,"CURAD Alcohol Prep Pads, Sterile, Medium, 2-Ply, Contents: 5 boxes per Carton, 30 Boxes per Case, Single Use
Only, Manufactured for Medline Industries, LP, Three Lakes Drive, Northfield, IL 60093, USA, Made in India,
www.curad.com, 1-800-633-5463, NDC 53329-827-30.",Subpotent Drug,Nationwide,"SKU: CUR090737RB, Lot: 61224050002"
944,20250326,D-0288-2025,"MEDLINE INDUSTRIES, LP - Northfield",Ongoing,Class II,Drugs,"Medline Alcohol Prep Pads, 70% Isopropyl Alcohol, 100 Sterile 2-Ply Pads, Single Use Only, Large,
www.medline.com, Manufactured for Medline Industries, LP, Three Lakes Drive, Northfield, IL 60093 USA,
1-800-MEDLINE, NDC 53329-811-30.",Subpotent Drug,Nationwide,"SKU: MDS090670, Lot: 61224040057"
945,20250326,D-0283-2025,"Fruit Of The Earth, Inc.",Ongoing,Class II,Drugs,"Walgreens Maximum Strength Tinted Acne Treatment Cream 10% Benzoyl Peroxide/Acne Medication, 0.65 oz (18.4g)
tube in a carton; Distributed by: Walgreen CO., 200 Wilmot Rd., Deerfield, IL 60015",Chemical contamination: presence of benzene,USA Nationwide,"Lot #: 4970743B, 4970743C Exp 3/31/2026, 9722793A, Exp 9/30/2026; 8363513A, Exp 12/3/2026; 2822284A, Exp 8/31/2027; 2143554A, Exp 12/31/2027."
946,20250326,D-0281-2025,"One Source Nutrition, Inc,",Ongoing,Class I,Drugs,"Vitality, Fast Acting Male Enhancement Product, Dietary Supplement, a) One Capsule per Packet, b) 6 capsules
per bottle, Xtreme Potency.",Marketed without an approved NDA/ANDA: Product found to be tainted with undeclared sildenafil and tadalafil.,Nationwide in the U.S.A,All lots
947,20250326,D-0286-2025,"Amgen, Inc.",Ongoing,Class II,Drugs,"Neupogen (filgrastim) For Injection, 480 mcg/1.6 mL (300 mcg/1 mL), 1.6 mL single Dose Vial, Rx Only, For
Subcutaneous or Intravenous Use Only, Sterile Solution - No Preservative, Amgen Inc. Thousand Oaks, CA 91320,
NDC 55513-546-01 (vial), NDC 55513-546-10 (box).","Stability data does not support expiry: the products have the potential to be out of
specification at the time of expiry of 36-months.","Nationwide in the U.S.A. and Belgium/Luxembourg, Brazil, Chile, Colombia, France/French Guiana, Germany, Ireland, Italy/San Marino, Netherlands, Poland, Spain/Andorra, Sweden, Finland, Switzerland/Liechtenstein, United Kingdom of Great Britain and Northern Ireland, Ireland, Denmark, Canada, Hong Kong, Philippines, Israel, Malaysia, Saudi Arabia, Gibraltar.","Lot 1147308, 1154183, Exp.: 2/28/2025; 1156807, 1160222, Exp.: 6/30/2025; 1160223, 1163912, 1167352, Exp.: 2/28/2026; 1171365, 1175057, 1176250, Exp.: 11/30/2026."
948,20250326,D-0290-2025,"Mylan Institutional, Inc.",Ongoing,Class II,Drugs,"Levothyroxine Sodium Tablets, USP, 150 mcg (0.15 mg), Rx Only, 100 Unit Dose Blister Cards of 10 (10 cards of
10 tablets each) per carton, Mylan Pharmaceuticals Inc., Morgantown, WV 26505, Made in India, NDC
51079-445-20.",Super-Potent Drug: Out of specification potency results were obtained.,Nationwide in the USA,"Lot 3116074, Exp. 09/30/2025"
949,20250326,D-0278-2025,Slate Run Pharmaceuticals,Ongoing,Class II,Drugs,"Cinacalcet Hydrochloride Tablets 30 mg, 30-count bottle, Rx only, Distr. by: Slate Run Pharma., LLC, Columbus,
Ohio 43215, Mfg. by: Piramal Pharma Limited, Madhya Pradesh, India, NDC 70436-007-04",CGMP deviations: The presence of nitrosamine impurity above the acceptable daily intake limits.,Product was distributed to 8 distributors who may have further distribute the product nationwide.,"Lot # 07711, Exp 07/2025; 08900, Exp 09/2026; 08899, Exp 09/2026"
950,20250326,D-0287-2025,Golden State Medical Supply Inc.,Ongoing,Class II,Drugs,"PRASUGREL TABLETS, 5 mg, 30 tablet bottles, Rx only, packaged by GSMS, Incorporated, Camarillo, CA 93012 NDC 51407-444-30",Failed Dissolution Specifications,U.S. Nationwide,"Lot no's: GS059908, GS060228, GS060709, GS061233, GS061704, GS062158, GS062405, Exp.: 04/30/2026"
951,20250326,D-0277-2025,"Rising Pharma Holding, Inc.",Ongoing,Class II,Drugs,"Duloxetine Delayed-Release Capsules, USP, 30 mg, 1,000-count bottle, Rx only, Distributed by: Rising Health,
LLC, Saddle Brook, NJ 07663, NDC 57237-018-99",CGMP Deviations: Presence of N-nitroso-duloxetine impurity above recommended interim limit.,Nationwide in the USA.,"Lot #: DTB23111A, Exp 8/31/2025"
952,20250319,D-0266-2025,Chattem Inc,Ongoing,Class II,Drugs,"Unisom, SleepMelts, Diphenhydramine HCl tablets, 25 mg, Nighttime Sleep-Aid, 4 x 8 blister packs per carton,
Cherry flavor, Manufactured by Adare Pharmaceuticals, Inc., Dist. by Chattem, Inc., P.O. Box 2219,
Chattanooga, TN 37409, UPC # 0 41167 0014 0","CGMP Deviations: Nitrosamine Drug Substance Related Issue impurity above the daily acceptable
intake limit defined by the Food and Drug Administration.",Nationwide in the USA.,"Lot#  252807, Exp: 5/31/2025; 252808, Exp: 6/30/2025; 372560, Exp: 11/30/2025; 489576, 493447, Exp: 4/30/2026."
953,20250319,D-0263-2025,"Aspen Biopharma Labs Pvt., Ltd.",Ongoing,Class II,Drugs,"Chlorambucil Container Description: The product packed in double self-seal cover and finally packed in
Aluminum cover for shipping.",CGMP Deviations,Product was distributed to 3 distributors (1 Hong Kong and 2 accounts in Florida),"Lot Numbers: HACUC0010722, exp. date Jun-2025 HACUC0010123, exp. date Dec-2025"
954,20250319,D-0262-2025,"Aspen Biopharma Labs Pvt., Ltd.",Ongoing,Class II,Drugs,"Finasteride  NDC# 82187-1003-1 Container Description: The product packed in white poly bag containing black
poly bag and tied each individual finally packed in HDPE container for shipping.",CGMP Deviations,Product was distributed to 3 distributors (1 Hong Kong and 2 accounts in Florida),"Lot Numbers: HAFSC0040923, exp. date Aug-2027 HAFSC0050923, exp. date Aug-2027"
955,20250319,D-0258-2025,Kowa Pharmaceuticals America,Completed,Class III,Drugs,"Livalo (pitavatstatin) tablets, 4 mg, 90-count bottles, Rx only, Manufactured by: Patheon, Inc. Cincinnati, OH
45237 USA or by Kowa Company, Ltd, Nagoya, 462-0024 Japan, Marketed by Kowa Pharmaceuticals: Kowa
Pharmaceuticals America Inc., Montgomery, AL 36117 USA NDC 66869-404-90  HDPE Bottle, congregated into a
shrink wrapped 6-pack further congregated into 24 6-packs in a cardboard case",Presence of foreign tablets/capsules,"PA, OH, and TX","Lot#: 3231300, Exp 8/2027"
956,20250319,D-0273-2025,"Denison Pharmaceuticals, LLC",Ongoing,Class II,Drugs,"Zapzyt, Acne Treatment Gel, 10% benzoyl peroxide Gel, packaged in 1 oz (28.35g) tube, Distributed by: FOCUS
CONSUMER HEALTHCARE, LLC., 801 Broad St Ste 200, Chattanooga, TN 37402. NDC 71687-0011-1",Chemical Contamination: Presence of benzene.,Nationwide within the USA,"Lot #: 9762, Exp. Date 2/28/2025; 9763, 9764, 9765, Exp. Date 3/31/2025; 9869, 9870, Exp. Date 5/31/2025; 9871, 9872, Exp. Date 7/31/2025; 9996, 9997, 9998, Exp. Date 8/31/2025;  9995, Exp. Date 10/31/2025; 0154, 0153, 0326, Exp. Date 1/31/2026; 0155, 0156, 0161,  0327, 0329, 0328, Exp. Date 2/28/2026; 0479, 0480, Exp. Date 5/31/2026."
957,20250319,D-0276-2025,"Johnson, S C and Son, Inc",Ongoing,Class II,Drugs,"Kids by babyganics SPF 50 mineral sunscreen totally tropical (titanium dioxide 3/5%, zinc oxide 7.25%),
packaged in 3 OZ spray bottles, Dist. by KAS Direct LLC, 1525 Howe St. Racine, WI 53403, UPC 813277019923 and
UPC 813277019916",Chemical Contamination,Nationwide within the United States and Canada,"UPC 813277019916  Lot #: A033 / 5880343A, A054 / 2030633A, A058 / 2050633A, A058 / 2050633B, A058 / 2060633A, A058 / 2070633A, A058 / 2040633A, A059 / 2080633A, Exp. Date Feb-25;  A314 / 4513223A, Exp. Date Nov-25; C054 / 2090774A, C057 / 2100774A, Exp. Date Feb-26; C131 / 3201394A, C131 / 3211394A, C131 / 3211394B, C131 / 3211394C, Exp. Date May-26  UPC 813277019923  Lot #: A060 / 3780693A, A060 / 3780693B, Exp. Date Mar-25; C067 / 2110774A, C067 / 2110774B, C067 / 2110774C, Exp. Date Mar-26; C169 / 7921734A, C169 / 7921734B, Exp. Date Jun-26"
958,20250319,D-0268-2025,"ICU Medical, Inc.",Ongoing,Class I,Drugs,"POTASSIUM CHLORIDE Inj., 10 mEq total in 100 mL, 100 mEq/L flexible container, Rx Only, ICU Medical, Inc.,
Lake Forest, Illinois, 60045, USA, NDC# 0990-7074-26; Bar Code (01)00309907074269","Labeling: Label Error on Declared Strength. Overwrap labeled as Potassium Chloride Inj 10 mEq
may contain flexible containers of Potassium Chloride Inj 20 mEq",Nationwide in the USA,"Lot 1023172, Exp Date: 31 January 2026"
959,20250319,D-0271-2025,"Breckenridge Pharmaceutical, Inc.",Ongoing,Class II,Drugs,"Duloxetine Delayed-Release Capsules, USP, 20mg, Rx Only, 500-count bottles, Mfr. by: Towa Pharmaceutical
Europe, S.L. Martorelles, (Barcelona), Spain, Dist. by: Breckenridge Pharmaceuticals, Inc., Berkeley Heights,
NJ 07922. NDC 51991-746-05",CGMP Deviations: Presence of N-nitroso-duloxetine impurity above FDA recommended interim limit.,Nationwide,"Lot#: 240098C, Expiration: 01/2027."
960,20250319,D-0261-2025,"Aspen Biopharma Labs Pvt., Ltd.",Ongoing,Class II,Drugs,Alprostadil   Container Description: Amber color bottle,CGMP Deviations,Product was distributed to 3 distributors (1 Hong Kong and 2 accounts in Florida),Lot Numbers: HAALC0020922 exp. date AUG-2025
961,20250319,D-0270-2025,"Breckenridge Pharmaceutical, Inc.",Ongoing,Class II,Drugs,"Duloxetine Delayed-Release Capsules, USP, 30mg, Rx Only, 1000-count bottles, Mfr. by: Towa Pharmaceutical
Europe, S.L. Martorelles, (Barcelona), Spain, Dist. by: Breckenridge Pharmaceuticals, Inc., Berkeley Heights,
NJ 07922. NDC 51991-747-10",CGMP Deviations: Presence of N-nitroso-duloxetine impurity above FDA recommended interim limit.,Nationwide,"Lot#: 240225C, Expiration: 01/2027"
962,20250319,D-0257-2025,Nephron Sterile Compounding Center LLC,Terminated,Class II,Drugs,"Sodium Chloride Injection 9%, USP, 500 mL, Single-Dose IV Bottle, Rx Only, nephron, 503B outsourcing facility,
West Columbia, SC 29172, NDC: 69374-334-50",Lack of Assurance of Sterility: There is a potential for leakage at the IV bottle port.,US Nationwide.,"Lot # NA4008B, exp. date 03/03/2025 Lot # NA4005B & NA4005E, exp. date 02/20/2025"
963,20250319,D-0260-2025,"Aspen Biopharma Labs Pvt., Ltd.",Ongoing,Class II,Drugs,"Bimatoprost  NDC# 82187-1001-1  Container description: The product packed in double self-seal cover and
finally packed in Aluminum cover for shipping.",CGMP Deviations,Product was distributed to 3 distributors (1 Hong Kong and 2 accounts in Florida),"Lot Numbers: HABTC0020123, exp. date Dec-2026 HABTC0050623, exp. date May-2027 HABTC0091023, exp. date Sep-2028"
964,20250319,D-0272-2025,"Central Admixture Pharmacy Services, Inc.",Ongoing,Class I,Drugs,"PHENYLephrine added to 0.9% sodium chloride, 40 mg/250 mL* (160 mcg/mL), Rx Only, CAPS, Central Admixture
Pharmacy Services, Inc., 6580 Snowdrift Rd., Ste 100, Allentown, PA 18106, 855-275-2270, NDC 71285-6092-1.",Presence of Particulate Matter,Product was distributed nationwide within the United States,"Lot 37-928390, Exp Date, 03MAR2025; Lot 37-928796, Exp Date, 09MAR2025; Lot 37-928839, Exp Date, 10MAR2025"
965,20250319,D-0269-2025,"Breckenridge Pharmaceutical, Inc.",Ongoing,Class II,Drugs,"Duloxetine Delayed-Release Capsules, USP, 60mg, Rx Only, 1000-count bottles, Mfr. by: Towa Pharmaceutical
Europe, S.L. Martorelles, (Barcelona), Spain, Dist. by: Breckenridge Pharmaceuticals, Inc., Berkeley Heights,
NJ 07922. NDC 51991-748-10",CGMP Deviations: Presence of N-nitroso-duloxetine impurity above FDA recommended interim limit.,Nationwide,"Lot#: 240301C, Expiration: 01/2027."
966,20250319,D-0274-2025,Sigan Industries Group Inc.,Ongoing,Class II,Drugs,"Walgreens, Acne Control Cleanser, 10% Benzoyl Peroxide/Acne Treatment, NET WT 5 OZ (142g) Distributed by:
Walgreen CO, 200 Wilmont RD, Deerfield, IL, Made in Canada. UPC#: 1 9560203602 8",Chemical Contamination: Presence of benzene,Nationwide in the U.S.A,"Lot#: 23-09328, Exp.: 09/2025"
967,20250319,D-0264-2025,"Aspen Biopharma Labs Pvt., Ltd.",Ongoing,Class II,Drugs,Latanoprost NDC# 82187-1002-1 Container Description: Amber colour bottle,CGMP Deviations,Product was distributed to 3 distributors (1 Hong Kong and 2 accounts in Florida),"Lot Numbers: HALAC0010123, exp. date Dec-2026 HALAC0050923, exp. date Aug-2027"
968,20250319,D-0267-2025,"ICU Medical, Inc.",Ongoing,Class I,Drugs,"POTASSIUM CHLORIDE Inj., 20 mEq total in 100 mL flexible container 24 x case, 200 mEq/L, Rx Only, ICU Medical,
Inc., Lake Forest, Illinois, 60045, USA, NDC# 0990-7075-26; Bar Code Flexible container (01) 00309907075266;
Case (01)30309907075267","Labeling: Label Error on Declared Strength. Cases labeled POTASSIUM CHLORIDE 20 mEq, may contain
flexible containers with overwrap mislabeled as 10 mEq. The correct dosage strength of 20 mEq is
printed on the labeling affixed to the product flexible container.",Nationwide in the USA,"Lot 1023172, Exp Date: 31 January 2026"
969,20250319,D-0275-2025,"Johnson, S C and Son, Inc",Ongoing,Class II,Drugs,"Kids by babyganics SPF 50 totally tropical (titanium dioxide 3/5%, zinc oxide 7.25%) packaged in a) 6 OZ (170
g) spray bottles UPC 813277019954 and UPC 813277019800; and b) Twinpack UPC 813277019930; Dist. by KAS Direct
LLC, 1525 Howe St. Racine, WI 53403.",Chemical Contamination,Nationwide within the United States and Canada,"a) UPC 813277019954  Lot #: A034 / 5810343A, A034 / 5820343A, Exp. Date Feb-25; A282 / 0122853A,  A289 / 0132853A, Exp. Date Oct-25; C010 / 1680174A, C011 / 1690174A, Exp. Date Jan-26;  C218 / 2592224A, C218 / 2602224A, Exp. Date Aug-26.  UPC 813277019800 Lot #: A142 / 3901443A, A142 / 3911443A, A142 / 3921443A, Exp. Date May-25; A278 / 0142843A, A279 / 0152843A, A279 / 0162843A, Exp. Date Oct-25; A314 / 4473263A, A314 / 4483263A, A317 / 4493263A, Exp. Date Nov-25; C046 / 0100594A, C047 / 0110594A C050 / 0120594A, Exp. Date Feb-26; C068 / 2770774A, C071 / 2790774A, Exp. Date Mar-26;  C102 / 9621154A, C102 / 9621154B, C102 / 9621154C, Exp. Date Apr-26; C144 / 4721534A,  C144 / 4731534A, C144 / 4741534A, C144 / 4751534A, Exp. Date May-26  b) UPC 813277019930 Lot #: A033 / 5830343A, Exp. Date Feb-25; A079 / 9620893A, A079 / 9630893A, Exp. Date Mar-25; A142 / 3881453A, A142 / 3891453A, Exp. Date May-25"
970,20250319,D-0259-2025,"CareFusion 213, LLC",Ongoing,Class I,Drugs,"BD ChloraPrep Clear 1mL Applicators, 2% w/v chlorhexidine gluconate (CHG) and 70% v/v isopropyl alcohol (IPA),
Patient Preoperative Skin Preparation, Sterile Solution, 0.03 fl. oz (1 mL) each, 60 Applicators per Carton,
CareFusion 213, LLC, El Paso, TX 79912, Subsidiary of Becton, Dickinson and Co., REF 930480, NDC 54365-400-31.","Non-Sterility: contamination of Aspergillus penicillioides, due to breach in package lidding.",Nationwide and Canada,"Lot #: 3200240, Exp 6/30/2026"
971,20250319,D-0265-2025,"Aspen Biopharma Labs Pvt., Ltd.",Ongoing,Class II,Drugs,"Voriconazole Container Description: voriconazole        The product packed in white poly bag containing black
poly bag and tied each individual finally packed in HDPE container for shipping.",CGMP Deviations,Product was distributed to 3 distributors (1 Hong Kong and 2 accounts in Florida),"Lot Number: HAVZC0020922, exp. date AUG-2026"
972,20250312,D-0250-2025,"Safecor Health, LLC",Ongoing,Class II,Drugs,"Ergocalciferol - Vitamin D Supplement - 10 mcg (400 Units) per 0.05 mL Oral Syringe, Delivers: 0.05 mL Oral
Solution, Mfg by: Westminster, Pkg by: Safecor Health, LLC, Columbus, OH 43204, NDC: 69367028302.",Defective Delivery System: Leakage observed after oral solution was repackaged into unit-dose syringes.,Nationwide in the USA,"Lot #:  24300812, Exp 01/31/2025; 24530836, Exp 07/19/2025"
973,20250312,D-0253-2025,"Safecor Health, LLC",Ongoing,Class II,Drugs,"Lorazepam 0.5 mg per 0.25 mL Oral Syringe, Delivers: 0.25 mL, Oral Concentrate, Rx Only, Refrigerate, Mfg by:
PAI, Pkg by: Safecor Health, LLC, Columbus, OH 43204, NDC: a) 00054353244, b) 00121077001, c) 65162068784.",Defective Delivery System: Leakage observed after oral solution was repackaged into unit-dose syringes.,Nationwide in the USA,"Lot #s:  a) 24210274, Exp 01/31/2025; 24401700, Exp 04/25/2025;  b) 24251067, Exp 03/25/2025; 24421733, Exp 06/03/2025;  c) 24261384, Exp 03/24/2025; 24370127, Exp 04/28/2025."
974,20250312,D-0252-2025,"Safecor Health, LLC",Ongoing,Class II,Drugs,"Ferrous Sulfate 7.5 mg Iron/0.5 mL Oral Syringe, Delivers: 0.5 mL, Iron Supplement Drops, Mfg by: Akron
Pharma, Pkg by: Safecor, Columbus, OH 43204.  NDC: a) 71399748005, b) 39328055750, c) 69618007059.",Defective Delivery System: Leakage observed after oral solution was repackaged into unit-dose syringes.,Nationwide in the USA,"Lot #s:  a) 24250093, Exp 03/07/2025; 24321592, Exp 04/04/2025; 24280320, Exp 03/27/2025;  b) 24371268, Exp 04/19/2025;  c) 24400519, Exp 04/07/2025; 24500768, Exp 06/24/2025; 25040972, Exp 07/25/2025."
975,20250312,D-0249-2025,SUN PHARMACEUTICAL INDUSTRIES INC,Ongoing,Class II,Drugs,"Morphine Sulfate Extended-Release Tablets, 100 mg, 100-count bottles, Rx Only, Manufactured by: Ohm
Laboratories Inc., New Brunswick, NJ 08901.  Distributed by: Sun Pharmaceutical Industries, Inc., Cranbury, NJ
08512.  NDC 63304-452-01",Failed Dissolution Specifications,Nationwide within in the USA.,"Lot #: AD16615, Exp. Date 07/2025"
976,20250312,D-0256-2025,Zydus Pharmaceuticals (USA) Inc,Ongoing,Class II,Drugs,"Nelarabine Injection, 250mg/50mL, (5mg/mL), packaged in: a) 50 mL Single-Dose Vial, NDC 70710-1839-1;  b) 6 x
50 mL Single-Dose Vial, NDC 70710-1839-8, Rx only, Manufactured by Zydus Lifesciences Ltd, Ahmedabad, India,
Distributed by: Zydus Pharmaceuticals (USA) Inc, Pennington, NJ",Failed Impurities/Degradation Specifications,USA Nationwide,"Lot: a) P300197, Exp. Aug-2025; P400113, Exp. May-26;  b) P300169, Exp. Jun-2025; P400115, Exp. May-2026."
977,20250312,D-0254-2025,"Safecor Health, LLC",Ongoing,Class II,Drugs,"Morphine Sulfate 5 mg per 0.25 mL Oral Syringe, Delivers: 0.25 mL, Oral Solution, Rx Only, Mfg by: Hikma, Pkg
by: Safecor Health, LLC, Columbus, OH 43204, NDC: a) 00406800312, b) 00406800330, c) 00054051750.",Defective Delivery System: Leakage observed after oral solution was repackaged into unit-dose syringes.,Nationwide in the USA,"Lot #s:  a) 24220672, Exp 02/19/2025; 24280145, Exp 03/18/2025; 24240711, Exp 03/19/2025; b) 24180729, Exp 01/23/2025; 25030427, Exp 07/17/2025;  c) 24360865, 24360864, Exp 03/31/2025; 24480235, Exp 06/21/2025."
978,20250312,D-0251-2025,"Safecor Health, LLC",Ongoing,Class II,Drugs,"Simethicone 20 mg per 0.3 mL Oral Syringe, Delivers: 0.3 mL, Oral Drops, Mfg By: Rugby, Pkg by: Safecor
Health, LLC, Columbus, OH 43204, NDC: 00536130375.",Defective Delivery System: Leakage observed after oral solution was repackaged into unit-dose syringes.,Nationwide in the USA,"Lot #s: 24201295, Exp 02/05/2025; 24210364, Exp 02/20/2025; 24231720, Exp 02/27/2025; 24500770, Exp 06/26/2025; 24471182, Exp 06/20/2025; 25031031, Exp 07/22/2025."
979,20250312,D-0255-2025,Zydus Pharmaceuticals (USA) Inc,Ongoing,Class II,Drugs,"Nelarabine Injection, 250mg/50mL, (5mg/mL), packaged in: a) 50 mL Single-Dose Vial, NDC 70710-1726-1;  b) 6 x
50 mL Single-Dose Vial, NDC 70710-1726-8, Rx only, Manufactured by Zydus Lifesciences Ltd, Ahmedabad, India,
Distributed by: Zydus Pharmaceuticals (USA) Inc, Pennington, NJ",Failed Impurities/Degradation Specifications,USA Nationwide,"Lot: a) P300072, P300073 Exp. Feb-2025; P300153, Exp. Jun-25; P300195, Exp. Aug-2025; P400014, P400017, Exp. Dec-2025; P400070, Exp. Feb-2026; P400112, May-2026; P400142, Exp. Jul-2026; b) P300068, Exp. Feb-2025; P300154, Exp.Jun-2025; P400015, P400018, Exp. Dec-2025; P400068, Exp. Feb-2026; P400114, Exp. May-2026; P400139, Exp.Jul-2026."
980,20250305,D-0246-2025,Padagis US LLC,Completed,Class II,Drugs,"Estradiol Gel, 0.1%, 0.25 mg/g, 30 packets per carton, Rx Only, For Topical Use Only, Manufactured by Padagis,
Yeruham, Israel, NDC: 45802-0134-30","Defective Container: Some packets may not be fully sealed, potentially allowing for loss of
Ethanol from the product.",Nationwide in the USA,Lot # 193109; Exp. 07/31/2026
981,20250305,D-0248-2025,Turbare Manufacturing,Completed,Class II,Drugs,"Avastin 1.25 mg/0.05 mL in 0.25 mL Syringe, For Intravitreal Injection Only, Office Use Only - Not for Resale
- Single Use, This drug product was repackaged by Turbare Manufacturing, 925 Jeanette Drive, Conway, AR 72032,
NDC: 83556-0101-01.",Lack of Assurance of Sterility: due to a quality control process deviation,Nationwide in the USA,Lot #s: 12122024@2 (BUD: 3/12/2025); 12192024@2 (BUD: 4/18/2025).
982,20250305,D-0247-2025,"Wuxi Medical lnstrument Factory Co., Ltd.",Ongoing,Class II,Drugs,"ViaMed Alcohol Prep Pads, For External Use Only, 70% Isopropyl Alcohol, Sterile, 100 pieces per Box, 100 boxes
per Carton, Sterile, Manufactured by Wuxi Medical Instrument Factory Co., Ltd., Made in China, Manufactured
for: Rece International Corp., Miami Lakes, FL, 33014, USA, NDC: 70006-500-01.",Lack of assurance of sterility and cGMP deviations observed at the manufacturing site.,FL,"Lot #s: 200830, Exp 08/29/2025; 210925, Exp 09/24/2026; 221225, Exp 12/24/2027."
983,20250226,D-0236-2025,"Glenmark Pharmaceuticals Inc., USA",Ongoing,Class II,Drugs,"Atomoxetine Capsules, USP, 80 mg, 30 capsule bottles, Rx Only, Manufactured for: Glenmark Pharmaceuticals
Inc., NJ, USA, Product of India, NDC 68462-270-30.",CGMP Deviations: presence of N-Nitroso Atomoxetine Impurity above the FDA recommended limit.,Nationwide within the U.S,"Lot Numbers: 19234153, Exp.: 9/2025; 19234900, 19234929, Exp.: 11/2025; 19240936, 19240942, Exp.: 2/2026; 19243199, 19243190, Exp.:7/2026; 19244013, 19244014, Exp.: 9/2026."
984,20250226,D-0226-2025,The Harvard Drug Group LLC dba Major Pharmaceuticals and Rugby Laboratories,Ongoing,Class II,Drugs,"Lorazepam Tablets, USP, 0.5mg, Unit Dose, 100 tablets per carton (10 x 10 blister packs), Rx only, The drug
product contained in this package is from NDC # 69315-904 Leading Pharma, LLC., Packaged and Distributed by:
Major Pharmaceuticals, Indianapolis, IN 26268 USA, NDC: 0904-6007-61","Failed impurities/degradation specifications and Sub-potent Drug: Out-of-specification results
were obtained during routine stability testing for Assay and Impurities.",Nationwide U.S. and Puerto rico,"Lot #s: N01424, N01425, Exp 03/31/2025; N01659, N01660, Exp 08/31/2025; N01668, 09/2025; N01679, N01704, N01745, Exp 10/31/2025; N01856, Exp 02/28/2026; N01973, Exp 05/31/2026; N02079, Exp 08/31/2026."
985,20250226,D-0235-2025,"Glenmark Pharmaceuticals Inc., USA",Ongoing,Class II,Drugs,"Atomoxetine Capsules, USP, 60 mg, 30 capsule bottles, Rx Only, Manufactured for: Glenmark Pharmaceuticals
Inc., NJ, USA, Product of India, NDC 68462-269-30.",CGMP Deviations: presence of N-Nitroso Atomoxetine Impurity above the FDA recommended limit.,Nationwide within the U.S,"Lot Numbers: 19234630, Exp.: 10/2025; 19240528, 19240529, Exp.: 1/2026."
986,20250226,D-0239-2025,"Glenmark Pharmaceuticals Inc., USA",Ongoing,Class II,Drugs,"Atomoxetine Capsules, USP, 18 mg, 30 capsule bottles, Rx Only, Manufactured for: Northstar Rx LLC., Memphis,
TN 38141, Manufactured by: Glenmark Pharmaceuticals Ltd., Goa, India, NDC 16714-756-01.",CGMP Deviations: presence of N-Nitroso Atomoxetine Impurity above the FDA recommended limit.,Nationwide within the U.S,"Lot Numbers: 19233228, 19233227, Exp.: 7/2025; 19233757, Exp.: 8/2025; 19234229, Exp.: 9/2025; 19235090, Exp.: 11/2025; 19241471, Exp.:3/2026; 19242180, Exp.: 5/2026."
987,20250226,D-0244-2025,"Glenmark Pharmaceuticals Inc., USA",Ongoing,Class II,Drugs,"Atomoxetine Capsules, USP, 100 mg, 30 capsule bottles, Rx Only, Manufactured for: Northstar Rx LLC., Memphis,
TN 38141, Manufactured by: Glenmark Pharmaceuticals Ltd., Goa, India, NDC 16714-761-01.",CGMP Deviations: presence of N-Nitroso Atomoxetine Impurity above the FDA recommended limit.,Nationwide within the U.S,"Lot Numbers: 19233270, 19233278, 19233285, Exp.: 7/2025; 19233806, Exp.: 8/2025; 19240954, Exp.: 2/2026; 19241854, Exp.: 4/2026."
988,20250226,D-0231-2025,"Glenmark Pharmaceuticals Inc., USA",Ongoing,Class II,Drugs,"Atomoxetine Capsules, USP, 10 mg, 30 capsule bottles, Rx Only, Manufactured for: Glenmark Pharmaceuticals
Inc., NJ, USA, Product of India, NDC 68462-265-30.",CGMP Deviations: presence of N-Nitroso Atomoxetine Impurity above the FDA recommended limit.,Nationwide within the U.S,"Lot Numbers: 19232368, Exp:5/2025; 19235088, Exp.: 11/2025; 19241447, Exp.: 3/2026; 19243146, Exp.: 7/2026."
989,20250226,D-0225-2025,Fagron Compounding Services,Completed,Class II,Drugs,"fentaNYL Citrate In Sodium Chloride 1600mcg/100mL (16 mcg per mL) CII, Single use  100mL IV Bag, Fagron
Sterile Services, 8710 E 34th St N, Wichita, KS 67726 Bar Code 71266-5060-01",Lack of Assurance of Sterility,Distributed in PA,"Lot # C274-000040409, Exp 03/22/2025"
990,20250226,D-0240-2025,"Glenmark Pharmaceuticals Inc., USA",Ongoing,Class II,Drugs,"Atomoxetine Capsules, USP, 25 mg, 30 capsule bottles, Rx Only, Manufactured for: Northstar Rx LLC., Memphis,
TN 38141, Manufactured by: Glenmark Pharmaceuticals Ltd., Goa, India, NDC 16714-757-01.",CGMP Deviations: presence of N-Nitroso Atomoxetine Impurity above the FDA recommended limit.,Nationwide within the U.S,"Lot Numbers: 19232506, 19232397, 19232415, Exp.: 5/2025; 19233791, Exp.: 8/2025; 19234248, Exp.: 9/2025; 19240909, Exp.: 2/2026; 19242598, Exp.:6/2026; 19243163, 19243122, Exp.: 7/2026; 19243884, Exp.: 9/2026."
991,20250226,D-0232-2025,"Glenmark Pharmaceuticals Inc., USA",Ongoing,Class II,Drugs,"Atomoxetine Capsules, USP, 18 mg, 30 capsule bottles, Rx Only, Manufactured for: Glenmark Pharmaceuticals
Inc., NJ, USA, Product of India, NDC 68462-266-30.",CGMP Deviations: presence of N-Nitroso Atomoxetine Impurity above the FDA recommended limit.,Nationwide within the U.S,"Lot Numbers: 19233756, Exp.: 8/2025; 19235111, Exp.: 11/2025; 19242167, Exp.: 5/2026; 19242180, Exp.: 5/2026."
992,20250226,D-0245-2025,"Alvogen, Inc",Ongoing,Class I,Drugs,"Fentanyl Transdermal System CII, 25mcg/h, packaged in a pouch, further packaged in 5-count carton, Rx only,
Distributed by: Alvogen, Inc., Pine Brook, NJ 07058, Manufactured by: Kindeva Drug Delivery L/P, Northridge,
CA 91324, NDC 47781-424-47.","Defective delivery system - patches could be multi-stacked, adhered one on top of the other, in
a single product pouch.",USA Nationwide,"Lot #: 108319, Exp: 04/30/2027"
993,20250226,D-0243-2025,"Glenmark Pharmaceuticals Inc., USA",Ongoing,Class II,Drugs,"Atomoxetine Capsules, USP, 80 mg, 30 capsule bottles, Rx Only, Manufactured for: Northstar Rx LLC., Memphis,
TN 38141, Manufactured by: Glenmark Pharmaceuticals Ltd., Goa, India, NDC 16714-760-01.",CGMP Deviations: presence of N-Nitroso Atomoxetine Impurity above the FDA recommended limit.,Nationwide within the U.S,"Lot Numbers: 19233234, 19233253, Exp.: 7/2025; 19234154, Exp.: 9/2025; 19243185, Exp.: 7/2026; 19243951, 19243974, Exp.: 9/2026."
994,20250226,D-0229-2025,AvKARE,Ongoing,Class II,Drugs,"Silodosin Capsules, 8mg, 90-count bottle, Rx only, Manufactured for: AvKare, Pulaski, TN 38478, Manufactured
by: Amneal Pharmaceuticals of NY, LLC, NY 11719, NDC 42291-778-90","Subpotent Drug: Out of Specification (OOS) result for De hydro Impurity (0.654%) for 18 M
Stability sample and low assay 94.9% (specification of NLT 95.0% NMT 105%)",USA Nationwide,"Lot#: BC20223A, Exp. March 31, 2025."
995,20250226,D-0230-2025,Provepharm Inc.,Ongoing,Class I,Drugs,"Phenylephrine HCl Injection, USP 100 mg/10 mL (10 mg/mL) vials, Rx only, Pharmacy Bulk Package (supplied as a
single unit), Dist. by: Provepharm, Inc., Collegeville, PA 19426",Presence of Particulate Matter.,Nationwide in the U.S.,"Lot#  24020027, Exp Date: 12/31/2025"
996,20250226,D-0227-2025,The Harvard Drug Group LLC dba Major Pharmaceuticals and Rugby Laboratories,Ongoing,Class II,Drugs,"Lorazepam Tablets, USP, 1mg, Unit Dose, 100 tablets per carton (10 x 10 blister packs), Rx only, The drug
product contained in this package is from NDC # 69315-905 Leading Pharma, LLC., Packaged and Distributed by:
Major Pharmaceuticals, Indianapolis, IN 26268 USA, NDC: 0904-6008-61.","Failed impurities/degradation specifications and Sub-potent Drug: Out-of-specification results
were obtained during routine stability testing for Assay and Impurities.",Nationwide U.S. and Puerto rico,"Lot #s: N01419, N01420, N01421, Exp 03/31/2025; N01663, Exp 06/30/2025; N01664, Exp 08/31/2025; N01673, Exp 09/30/2025; N01688, Exp 08/31/2025; N01747, N01748, N01749, Exp 11/30/2025; N01792, Exp 12/31/2025; N01857, Exp 02/28/2026; N01974, Exp 05/31/2026; N02081, Exp 08/31/2026."
997,20250226,D-0233-2025,"Glenmark Pharmaceuticals Inc., USA",Ongoing,Class II,Drugs,"Atomoxetine Capsules, USP, 25 mg, 30 capsule bottles, Rx Only, Manufactured for: Glenmark Pharmaceuticals
Inc., NJ, USA, Product of India, NDC 68462-267-30.",CGMP Deviations: presence of N-Nitroso Atomoxetine Impurity above the FDA recommended limit.,Nationwide within the U.S,"Lot Numbers: 19233792, Exp.: 8/2025; 19233795, Exp.: 8/2025; 19234258, Exp.: 9/2025; 19240912, Exp.: 2/2026; 19241476, 19241477, Exp.: 3/2026; 19242599, Exp.: 6/2026; 19243163, 19243162, Exp.:7/2026;19243884, 19243887, Exp.:9/2026."
998,20250226,D-0237-2025,"Glenmark Pharmaceuticals Inc., USA",Ongoing,Class II,Drugs,"Atomoxetine Capsules, USP, 100 mg, 30 capsule bottles, Rx Only, Manufactured for: Glenmark Pharmaceuticals
Inc., NJ, USA, Product of India, NDC 68462-271-30.",CGMP Deviations: presence of N-Nitroso Atomoxetine Impurity above the FDA recommended limit.,Nationwide within the U.S,"Lot Numbers:  19234955, 19234956, Exp.: 11/2025; 19240971, Exp.: 2/2026; 19241864, Exp.: 4/2026."
999,20250226,D-0242-2025,"Glenmark Pharmaceuticals Inc., USA",Ongoing,Class II,Drugs,"Atomoxetine Capsules, USP, 60 mg, 30 capsule bottles, Rx Only, Manufactured for: Northstar Rx LLC., Memphis,
TN 38141, Manufactured by: Glenmark Pharmaceuticals Ltd., Goa, India, NDC 16714-759-01.",CGMP Deviations: presence of N-Nitroso Atomoxetine Impurity above the FDA recommended limit.,Nationwide within the U.S,"Lot Numbers: 19234630, Exp.: 10/2025; 19240529, Exp.: 1/2026."
1000,20250226,D-0234-2025,"Glenmark Pharmaceuticals Inc., USA",Ongoing,Class II,Drugs,"Atomoxetine Capsules, USP, 40 mg, 30 capsule bottles, Rx Only, Manufactured for: Glenmark Pharmaceuticals
Inc., NJ, USA, Product of India, NDC 68462-268-30.",CGMP Deviations: presence of N-Nitroso Atomoxetine Impurity above the FDA recommended limit.,Nationwide within the U.S,"Lot Numbers: 19234109, Exp.: 9/2025; 19234897, Exp.: 11/2025; 19240501, Exp.: 1/2026; 19241489, Exp.: 3/2026; 19241806, Exp.: 4/2026."
1001,20250226,D-0228-2025,The Harvard Drug Group LLC dba Major Pharmaceuticals and Rugby Laboratories,Ongoing,Class II,Drugs,"Lorazepam Tablets, USP, 2mg, Unit Dose, 100 tablets per carton (10 x 10 blister packs), Rx only, The drug
product contained in this package is from NDC # 69315-906 Leading Pharma, LLC., Packaged and Distributed by:
Major Pharmaceuticals, Indianapolis, IN 26268 USA, NDC: 0904-6009-61.","Failed impurities/degradation specifications and Sub-potent Drug: Out-of-specification results
were obtained during routine stability testing for Assay and Impurities.",Nationwide U.S. and Puerto rico,"Lot #s: N01422, N01423, Exp 03/31/2025; N01661, N01662, Exp 09/30/2025; N01746, N01750, Exp 10/31/2025; N01876, N01877, Exp 03/31/2026; N01899, N01900, N01975, Exp 04/30/2026."
1002,20250226,D-0238-2025,"Glenmark Pharmaceuticals Inc., USA",Ongoing,Class II,Drugs,"Atomoxetine Capsules, USP, 10 mg, 30 capsule bottles, Rx Only, Manufactured for: Northstar Rx LLC., Memphis,
TN 38141, Manufactured by: Glenmark Pharmaceuticals Ltd., Goa, India, NDC 16714-755-01.",CGMP Deviations: presence of N-Nitroso Atomoxetine Impurity above the FDA recommended limit.,Nationwide within the U.S,"Lot Numbers:  19232356, Exp.: 5/2025; 19233198, Exp.: 7/2025; 19234213, 19234232, Exp.: 9/2025; 19241445, Exp.: 3/2026; 19243033, 19243121, Exp.: 7/2026."
1003,20250226,D-0241-2025,"Glenmark Pharmaceuticals Inc., USA",Ongoing,Class II,Drugs,"Atomoxetine Capsules, USP, 40 mg, 30 capsule bottles, Rx Only, Manufactured for: Northstar Rx LLC., Memphis,
TN 38141, Manufactured by: Glenmark Pharmaceuticals Ltd., Goa, India, NDC 16714-758-01.",CGMP Deviations: presence of N-Nitroso Atomoxetine Impurity above the FDA recommended limit.,Nationwide within the U.S,"Lot Numbers: 19232540, 19232524, 19232553, Exp.: 5/2025; 19240510, Exp.: 1/2026; 19241489, Exp.: 3/2026; 19243905, 19243935, Exp.: 9/2026."
1004,20250219,D-0224-2025,AvKARE,Ongoing,Class II,Drugs,"Irbesartan Tablets USP, 300 mg, 50 Tablets (5 x 10) Unit Dose per carton, Manufactured for: AvKARE, Pulaski,
TN 38478. NDC 50268-442-15",Out of Specification for Dissolution,Nationwide in the USA,"Lot 45279, Exp 03/31/2025"
1005,20250212,D-0217-2025,RemedyRepack Inc.,Terminated,Class II,Drugs,"Carvedilol 25 mg Tablet, QTY: 30 Tablets per Blister Pack (3 x 10 blister cards), Rx Only, MFG by: Glenmark,
Mahwah, NJ 07430, Repackaged by: RemedyRepack Inc., Indiana, PA 15701, NDC: 70518-3945-00.","CGMP deviations: presence of N-Nitroso Carvedilol Impurity-1 (NNC 1), above the FDA recommended
acceptable intake limit.",FL,"Lot #s: J0777493050824, Exp. 5/31/2025; J0787856062124, Exp. 7/31/2025."
1006,20250212,D-0222-2025,"PAI Holdings, LLC. dba Pharmaceutical Associates Inc",Completed,Class III,Drugs,"Guaifenesin and Codeine Phosphate Oral Solution USP, 100mg/10 mg per 5 mL, 16 fl oz (473 ml) bottles, PAI
Pharmaceutical Associates, Inc., Greenville, SC 29605, NDC 0121-0775-16",Superpotent; sodium benzoate preservative,OH,"Lot number 4B07, Exp Date: 2026-OCT-31"
1007,20250212,D-0216-2025,"Glenmark Pharmaceuticals Inc., USA",Ongoing,Class II,Drugs,"Carvedilol Tablets, USP, 12.5 mg, Rx only, a)500 Tablets, NDC 68462-164-05; b) 100 Tablets, NDC 68462-164-01,
Manufactured for Glenmark Pharmaceuticals, NJ.","CGMP Deviations:N-Nitroso Carvedilol I impurity (NNCI-I) were found to be failing per current
FDA recommended limit.",Nationwide in the U.S,"Lot numbers: a) 17230658, Exp.: 02/2025; 17230814,17230822, Exp.: 03/2025; 17231004,17231009,17231022, Exp.: 04/2025; 17231393,17231392, Exp.: 05/2025; 17231538, 17231541,17231542, Exp.: 06/2025; 17231710,17231718,17231721,17231722,17231730, Exp': 07/2025; 17232169, Exp.: 09/2025; 17232253, Exp.: 10/2025; 17240220,17240240, Exp.: 01/2026; 17240459, Exp.: 02/2026   b) 17230814, Exp.: 03/2025; 17231392, Exp.:05/2025; 17232260, Exp.: 10/2025."
1008,20250212,D-0215-2025,"Glenmark Pharmaceuticals Inc., USA",Ongoing,Class II,Drugs,"Carvedilol Tablets, USP, 25 mg, Rx only, a)500 Tablets, NDC 68462-165-05; b) 100 Tablets, NDC 68462-165-01,
Manufactured for Glenmark Pharmaceuticals, NJ.","CGMP Deviations:N-Nitroso Carvedilol I impurity (NNCI-I) were found to be failing per current
FDA recommended limit.",Nationwide in the U.S,"Lot numbers: a) 17230500, 17230509,17230526,17230546,17230551,17230603,17230628, 17230642,17230645,17230681, Exp.:02/2025; 17230829,17230832,17230854, 17230864,17230874,17230876,17230889,17230894, Exp.: 03/2025; 17230960, 17230964,17230976,17230981,17230985,17231161,17231171, Exp.: 04/2025 17231315,17231318,17231332,17231333,17231365, Exp.: 05/2025; 17231539, 17231563, Exp.: 06/2025; 17231653,17231662,17231663,17231680,17231691, 17231781,17231782,17231789, Exp.: 07/2025;17231838,17231880, Exp.: 08/2025; 17232144,17232147,17232151, Exp.: 09/2025; 17232369,17232370,17232408,17232409, 17232416,17232504,17232522,17232531,17232538,17232543, Exp.: 11/2025; 17240377,17240385,17240415,17240422,17240430,17240510, Exp.: 02/2026.  b) 17230551, 17240377, Exp.:02/2025"
1009,20250212,D-0221-2025,The Harvard Drug Group LLC dba Major Pharmaceuticals and Rugby Laboratories,Ongoing,Class II,Drugs,"Potassium Chloride Extended-Release Tablets, USP, 10 mEq (750 mg), 100 Tablets per carton (10 x 10 unit dose
blisters), Rx Only, Distributed by: Aurobindo Pharma USA< INC., 279 Princeton-Hightstown Road, East Windsor,
NJ 08520.  Made in India.  Distributed by: MAJOR PHARMACEUTICALS, Livonia, MI 48152.  NDC: 0904-7216-61",Failed Dissolution Specifications.,Nationwide in the USA,Lot# T05224; Exp. 02/2026
1010,20250212,D-0218-2025,"Teva Pharmaceuticals USA, Inc",Ongoing,Class II,Drugs,"Granix (tbo-filgrastim) Injection 300 mcg/0.5 mL, Single Dose prefilled syringe, packaged as a) 1 syringe in 1
CARTON, NDC 63459-910-11, Blister NDC 63459-910-12; (b)10 syringes in 1 CARTON, NDC 63459-910-15, Blister NDC
63459-910-12; (c) 1 syringe in 1 CARTON, NDC 63459-910-17 without safety guard and blister, Rx Only,
Manufactured by: UAB Teva Baltics, Vilnius, Lithuania. Distributed by Teva Pharmaceuticals USA, Inc. North
Wales PA 19454. Product of Israel.","Failed Stability Specifications - 12-month stability test result for one of the known peptides
is below the specification limit",Product was distributed nationwide.,"Lot #  (a) 135738, (b) 137149, (c) 137148, Exp. date 09/30/2025"
1011,20250212,D-0223-2025,"ENDO USA, Inc.",Ongoing,Class I,Drugs,"Adrenalin Chloride Solution (Epinephrine Nasal Solution, USP), 30mg/30mL (1mg/mL), packaged in 30 mL vials,
Distributed by: Par Pharmaceutical, Chestnut Ridge, NY 10977, NDC 42023-103-01","Labeling: Not Elsewhere Classified: misleading label similar in appearance to the FDA-approved
drug product Adrenalin¿ (epinephrine injection, USP)",USA nationwide.,All lots within expiry
1012,20250212,D-0220-2025,SKY PACKAGING,Ongoing,Class II,Drugs,"HydrALAZINE Hydrochloride, 100 Tablets (10x10), USP, 50mg, Rx only, Manufactured by Strides Pharma Science
Ltd, Bengaluru, India, Distributed by McKesson by: McKesson Corporation dba SKY Packaging, TN 38141. NDC
63739-328-10",Failed Impurities/Degradation Specifications,Nationwide within the United States,"Lot #: 0000127410, 63739-328-10, Exp. Date 30-Apr-2025; 0000127579, Exp. Date 31-Aug-2025; 0000128245, Exp. Date 31-Dec-2025; 0000128486, Exp. Date 28-Feb-2026."
1013,20250212,D-0219-2025,SKY PACKAGING,Ongoing,Class II,Drugs,"HydrALAZINE Hydrochloride, 25 mg, 100 Unit Dose Tablets (10x10), USP, Rx only, Manufactured by Strides Pharma
Science Ltd, Bengaluru, India, Distributed by McKesson by: McKesson Corporation dba SKY Packaging, TN 38141.
NDC 63739-327-10",Failed Impurities/Degradation Specifications,Nationwide within the United States,"Lot #: 0000127312, Exp. Date 31-Mar-2025; 0000127576, 0000127577, Exp. Date 31-Jul-2025; 0000128204, Exp. Date 31-Dec-2025; 0000128358, Exp. Date 31-Jan-2026"
1014,20250212,D-0214-2025,FDC Limited,Ongoing,Class II,Drugs,"Timolol Maleate Ophthalmic Solution USP, 0.5%, Sterile, 5mL bottles, Rx only, Manufactured by: FDC Limited,
Waluj, Aurangabad, Maharashtra, India, Distributed by: Rising Pharmaceuticals Inc, New Jersey, NDC
64980-514-05.","Defective Container: Unable to get the solution out of the bottle as the spike of the cap was
lodged in the nozzle of the product bottle.",Distributed to one (1) Us Distributor in NJ,"Lot#: 083J033, Exp. Date 09/2025"
1015,20250205,D-0209-2025,"The W.S. Badger Company, Inc.",Terminated,Class III,Drugs,"BADGER 50, ADVENTURE SPORT MINERAL SUNSCREEN WITH CLEAR ZINC, (uncoated 25% zinc oxide), 2.4 oz., Tin, W.S.
Badger Company, Inc, 768 Route 10, Gilsum NH, 03448 UPC 6 34084 47150 2","Labeling: Missing Label: The finished product potentially  missing the labeling with the drug
facts panel, bar code and directions for use.",Distributed Nationwide in the USA,"LOT# 091923A, Exp. Date 09/19/26"
1016,20250205,D-0212-2025,The Harvard Drug Group LLC dba Major Pharmaceuticals and Rugby Laboratories,Terminated,Class II,Drugs,"Duloxetine Delayed-Release Capsules USP, 20 mg, packaged in a) 30 Unit Doses (3x10 blister packs) NDC
0904-7043-04 and b) 100 Unit Doses (10x10 blister packs) NDC 0904-7043-61, Rx only, Packaged and Distributed
by: Major Pharmaceuticals, Indianapolis, IN 46268 USA.","CGMP Deviations: presence of Nitrosamine Drug Substances Related Impurity (NDSRI), N-Nitroso-
Duloxetine above the FDA recommended acceptable intake limit",Nationwide within the United States,"Lot #: a) N01530, Exp. Date 01/2025; b) N01540, Exp. Date. 01/2025"
1017,20250205,D-0211-2025,Astellas Pharma US Inc.,Ongoing,Class I,Drugs,"Prograf (tacrolimus) capsules, USP, 0.5 mg, 100-count bottle, Rx Only, Product of Japan, Distributed by:
Astellas Pharma US, Inc., Northbrook, IL 60062, NDC 0469-0607-73.",Failed Tablet/Capsule Specifications: Bottles shipped to the USA may contain empty capsules,Nationwide in the USA,"Lot# 0E3353D, Exp 03/31/2026"
1018,20250205,D-0213-2025,McKesson,Ongoing,Class II,Drugs,"Inflectra (infliximab-dyyb), For injection, 100mg per vial, packaged in 10 mL single-dose vial, Rx only, Mfd
by: CELLTRION, INC, Dist. by: Pfizer Labs, Division of Pfizer Inc., New York, NY 10001, NDC 0069-0809-01",cGMP Deviations: Product intended for quarantine was inadvertently distributed.,Nationwide USA,"Lot# 04647349, Exp Date 5/31/2029"
1019,20250205,D-0210-2025,Astellas Pharma US Inc.,Ongoing,Class I,Drugs,"Astagraf XL (tacrolimus extended-release capsules) 0.5 mg, 30-count bottles, RX Only, Product of Japan,
Distributed by: Astellas Pharma US Inc., Northbrook, IL 60062, NDC 0469-0647-73.",Failed Tablet/Capsule Specifications: Bottles shipped to the USA may contain empty capsules,Nationwide in the USA,"Lot# 0R3092A, EXP 03/31/2026"
1020,20250129,D-0205-2025,Brands International Corporation,Ongoing,Class II,Drugs,"Kissable Diabetics Foot Cream, NET WT 4 oz (113 g) per tube, Manufactured By: Brands International Corp.,
Newmarket, ON, L3X 2S2. UPC 6 72008 80925 3",CGMP Deviations: lack of adequate release testing.,Nationwide USA,"Lots: 23319025, 23318024, 23313023, 23311022, 23310021, 23222021, 23220020, 23215019, 23215018, 23214017, 23213016, 23208015, 2313014, 2312213, 2312212, 2312111, 2312110, 2311709, 2311708, 2311607, 2311506, 2311405, 2307904, 23073003, 23072002, 2306901 and 24135003.  All expiration dates within expiry."
1021,20250129,D-0206-2025,First Aid Beauty Ltd,Ongoing,Class II,Drugs,"First Aid Beauty Ultra Repair Cream, colloidal oatmeal 0.5%, Coconut Vanilla, Net Wt. 396.8 g (14 OZ), DISTR.
BY: First Aid Beauty LTD, Newton, MA, 02458, UPC 8 15517 02955 6",CGMP Deviations; product intended for quarantine was inadvertently distributed,Nationwide,"Lots 24D44, Exp 4/10/2026 & 24D45, 4/11/2026"
1022,20250129,D-0207-2025,SHOPPERS- PLAZA,Ongoing,Class I,Drugs,"FOUZEE SugarLin HERBAL FORMULA capsules, 180 capsules per bottle, Sold and Distributed by Shoppers-Plaza,
Hawthorne, CA 90250. Product of India. UPC 8 26656 69047 7","Marketed without an Approved NDA/ANDA; FDA laboratory analysis confirmed product tainted with
undeclared metformin and glyburide",Nationwide via internet sales,"Batch # 001, exp. date 09/10/2026"
1023,20250129,D-0208-2025,Appco Pharma LLC,Completed,Class III,Drugs,"Venlafaxine Extended-Release Tablets, 150mg, Rx only, 90 Tablets, Manufactured by Appco Pharma. LLC, NDC 43598-943-90.",Failed Tablet/Capsule Specifications: Missing tab ID on either side of the tablet,Nationwide USA.,"Lot #: 2402101UR, Exp 02/28/2027"
1024,20250122,D-0202-2025,Amerisource Health Services LLC,Terminated,Class II,Drugs,"glipiZIDE, Extended-Release Tablets, 2.5 mg, 30-count (3x10 blister cards) carton, Rx Only, Distributed by:
American Health Packaging, Columbus, Ohio 43217, Carton NDC: 60687-480-21, Unit Dose NDC: 60687-480-11",Failed Dissolution Specifications:,Nationwide in the USA,"Lot # 1012910, Exp Date: 04/30/2025"
1025,20250122,D-0195-2025,"Akron Pharma, Inc.",Ongoing,Class III,Drugs,"Acetaminophen, 325 mg Tablets, 100 Tablets per bottle, Akron Pharma, Manufactured for: Akron Pharma Inc.,
Fairfield, NJ 07034, NDC 71399-8014-01.",Labeling: Not Elsewhere Classified: Tablets/Capsules imprinted with wrong ID.,Nationwide in the US,"Lot #s: KDT0124004, KDT0124005, KDT0124006, Exp 08/31/2026"
1026,20250122,D-0201-2025,Amerisource Health Services LLC,Ongoing,Class II,Drugs,"Clobazam Tablets, 10 mg, packaged in 30 tablets per carton (3x10 blister cards each), Rx Only, Amneal
Pharmaceuticals LLC, Distributed by: American Health Packaging, Columbus, Ohio 43217, NDC 60687-423-11",Presence of Foreign Tablets/Capsules,Nationwide within the United States,"Lot #: 1018598, Exp. Date 10/31/2025"
1027,20250122,D-0198-2025,"Akron Pharma, Inc.",Ongoing,Class III,Drugs,"Diphenhydramine HCl 25 mg, 1000 Capsules per bottle, Akron Pharma, Manufactured for: Akron Pharma, Inc., 373
RT US 46 W Building E., Suite 117, Fairfield, NJ 07004, NDC 71399-8028-2.",Labeling: Not Elsewhere Classified: Tablets/Capsules imprinted with wrong ID.,Nationwide in the US,Lot: KDC0124002B Exp 09/30/2026
1028,20250122,D-0199-2025,"Akron Pharma, Inc.",Ongoing,Class III,Drugs,"Diphenhydramine HCl 50 mg, 1000 capsules per bottle, Akron Pharma, Manufactured for: Akron Pharma, Inc. 373
Route US 46, Building E, Suite 117, Fairfield, NJ 07004, NDC 71399-8026-02.",Labeling: Not Elsewhere Classified: Tablets/Capsules imprinted with wrong ID.,Nationwide in the US,Lot: KDC0224001B Exp 09/30/2026
1029,20250122,D-0200-2025,Alcon Research LLC,Ongoing,Class I,Drugs,"Systane Lubricant Eye Drops, Ultra PF, Sterile, 25 Vials (0.7mL Each), Manufactured for: Alcon Laboratories,
Inc. Forth Worth, TX 76134",Non-Sterility,US Nationwide.,Lot 10101; Exp.09/30/2025
1030,20250122,D-0194-2025,"Akron Pharma, Inc.",Ongoing,Class III,Drugs,"Acetaminophen Regular Strength, 325 mg, 100 Tablets per bottle, Akron Pharma, Inc., 373 RT US 46 W Building E,
Suite 117, Fairfield, NJ 07004, NDC 71399-8024-01 .",Labeling: Not Elsewhere Classified: Tablets/Capsules imprinted with wrong ID.,Nationwide in the US,"Lot #: KDT0124001, Exp 08/31/2026"
1031,20250122,D-0203-2025,Viatris Inc,Terminated,Class II,Drugs,"Cardura XL (doxazosin) extended release tablets 8 mg, 30-count bottle, Rx only, Distributed by Viatris
Specialty LLC, Morgantown, WV 26505, NDC 58151-079-93","Failed Impurities/Degradation Specifications: Out of specification results observed for the
impurity compound B during stability testing.",USA nationwide.,"Lot # 8181625, Exp 12/31/2025"
1032,20250122,D-0197-2025,"Akron Pharma, Inc.",Ongoing,Class III,Drugs,"Diphenhydramine HCl 25 mg, 100 capsules per bottle, Akron Pharma, Manufactured for: Akron Pharma, Inc., 373 RT
US 46 W Building E, Suite 117, Fairfield, NJ 07004, NDC 71399-8028-1.",Labeling: Not Elsewhere Classified: Tablets/Capsules imprinted with wrong ID.,Nationwide in the US,Lot: KDC0124001A Exp 09/30/2026.
1033,20250122,D-0193-2025,"Akron Pharma, Inc.",Ongoing,Class III,Drugs,"Acetaminophen Extra Strength 500 mg, 100 Tablets per bottle, Akron Pharma, Inc., 373 RT US 46 W Building E,
Suite 117, Fairfield, NJ 07004, NDC 71399-8022-01.",Labeling: Not Elsewhere Classified: Tablets/Capsules imprinted with wrong ID.,Nationwide in the US,"Lot: KDT0224002A, Exp 09/30/2026"
1034,20250122,D-0204-2025,Viatris Inc,Terminated,Class II,Drugs,"Cardura XL (doxazosin) extended release tablets 4 mg, 30 -count bottle, Rx only, Distributed by Viatris
Specialty LLC, Morgantown, WV 26505, NDC 58151-078-93","Failed Impurities/Degradation Specifications: Out of specification results observed for the
impurity compound B during stability testing.",USA nationwide.,"Lot# 8182298, Exp 10/31/2025"
1035,20250122,D-0196-2025,"Akron Pharma, Inc.",Ongoing,Class III,Drugs,"Acetaminophen Extra Strength 500 mg, 1000 Tablets per bottle, Akron Pharma, Manufactured for:  Akron Pharma
Inc., 373 US RT 46 W Building E, Suite 117, Fairfield, NJ 07034, NDC 71399-8022-02",Labeling: Not Elsewhere Classified: Tablets/Capsules imprinted with wrong ID.,Nationwide in the US,"Lot #s: KDT0224001B, Exp 08/31/2026; KDT0224002B, Exp 09/30/2026."
1036,20250115,D-0179-2025,"Endo USA, Inc.",Ongoing,Class I,Drugs,"Clonazepam Orally Disintegrating Tablets, USP, 0.125 mg, C-IV, Rx Only, 60 tablets per carton (10 blister
cards containing 6 tablets each), Distributed by: PAR Pharmaceutical, Chestnut Ridge, NY 10977, NDC#:
49884-306-02 (carton), NDC #: 49884-306-52 (blisters).","Labeling: Label Error on Declared Strength; Some cartons were incorrectly labeled. The blister
strips inside the product carton reflect the correct strength.",Nationwide in the USA,"Lot #: 550174101, Exp. 01/31/2027."
1037,20250115,D-0182-2025,FDC Limited,Ongoing,Class II,Drugs,"Ciprofloxacin Ophthalmic Solution USP, 0.3% as base, Sterile, package in 5 mL bottles, Rx Only, Distributed
by: Leading Pharma LLC, Fairfield, NJ. Manufactured by: FDC Limited, Maharashtra, India, NDC 69315-308-05","Defective container: Unable to get the solution out of the bottle as the spike of the cap was
lodged in the nozzle of the product bottle",Nationwide,"Lot: 083L111, Exp. 11/30/2025; 084A032, Exp. 12/31/2025"
1038,20250115,D-0187-2025,Granules Pharmaceuticals Inc.,Terminated,Class II,Drugs,"Colchicine Capsules 0.6 mg, 30-count bottles, Rx only, Manufactured by: Granules Pharmaceuticals Inc.
Chantilly, VA 20151 NDC 70010-001-03","Failed Dissolution Specifications: Out of specification observed during the accelerated
stability conditions for the 30 count bottles.",Nationwide within the United States,"Lot#: GPC240763B, Exp. Date 6/17/2026"
1039,20250115,D-0186-2025,Eugia US LLC,Ongoing,Class II,Drugs,"Progesterone Injection USP, 500mg per 10 mL (50mg/mL), 10 mL Multiple Dose Vial, Rx Only, Mfd. in India for:
Eugia US LLC. E. Windsor NJ 08520  NDC # 55150-306-10",Presence of Particulate Matter: A market complaint was received of a glass piece in the vial.,Distributed Nationwide in the USA.,"Batch # 1PR24010, Expiry: 02/28/2027"
1040,20250115,D-0191-2025,"Jubilant Draximage Inc., dba Jubilant Radiopharma",Ongoing,Class II,Drugs,"Kit for the Preparation of Technetium Tc 99m Sulfur Colloid Injection, 10 mL Multi-Dose Reaction Vial, 5 vial
Box, Rx Only, Manufactured for: Jubilant Draximage Inc., dba Jubilant Radiopharma, Kirkland , Quebec, H9H,
4J$, Canada, NDC# 65174-179-05.",Failed Stability Specifications,US Nationwide.,"LOT C2300070 and C2300070E;Exp. May 31, 2025"
1041,20250115,D-0188-2025,"Rising Pharma Holding, Inc.",Ongoing,Class II,Drugs,"Duloxetine Delayed-Release Capsules USP 30 mg, a) 30 count (NDC 57237-018-30) and b) 1000 count (NDC
57237-018-99) bottles, Rx only, Distributed by: Rising Pharm Holdings, Inc., East Brunswick, NJ",CGMP Deviations; Presence of N-nitroso-duloxetine impurity above recommended interim limit.,Nationwide,"a) Lot# DT3023051A, exp. date Apr-25;  b) DT3023025A, exp. date Jan-25"
1042,20250115,D-0177-2025,Buy-Herbal,Ongoing,Class I,Drugs,"Nhan Sam Tuyet Lien Truy Phong Hoan, Capsules, 30-Count Bottles, Manufactured by Yee Hong Pharmaceuticals, SDN, Penang, Malasia.","Marketed without an Approved NDA/ANDA: FDA analysis found the products to be tainted with
undeclared Furosemide, Dexamethasone and Chlorpheniramine",U.S Nationwide.,"All codes, unknown expiration dates all before 05/2030."
1043,20250115,D-0181-2025,"Endo USA, Inc.",Ongoing,Class I,Drugs,"Clonazepam Orally Disintegrating Tablets, USP, 1 mg, C-IV, Rx Only, 60 tablets per carton (10 blister cards
containing 6 tablets each), Distributed by: PAR Pharmaceutical, Chestnut Ridge, NY 10977, NDC#: 49884-309-02
(carton), NDC #: 49884-309-52 (blisters).","Labeling: Label Error on Declared Strength; Some cartons were incorrectly labeled. The blister
strips inside the product carton reflect the correct strength.",Nationwide in the USA,"Lot #s: 550145201, Exp. 08/31/2026; 550175901, 550176001, 550176201, Exp. 02/28/2027"
1044,20250115,D-0183-2025,West-Ward Columbus Inc,Ongoing,Class III,Drugs,"Methadone Hydrochloride Tablets, USP, 5mg, 10x10 Unit-Dose Tablets, Rx Only, Distributed by: Hikma
Pharmaceuticals USA Inc., Berkeley Heights, NJ 07922, NDC 0054-0709-20",Failed Tablet/Capsule Specifications: Illegible product identification for the unit dose configuration only.,US Nationwide.,Lot # AC2556A; Exp. 03/2027
1045,20250115,D-0185-2025,Eugia US LLC,Ongoing,Class II,Drugs,"medroxyPROGESTERone Acetate Injectable Suspension, USP, 150mg per mL, Rx only, 1 mL Single-Dose Vial, Mfd in
India for: Eugia US LLC, NJ 08520 NDC 55150-329-01  Shipper label: medroxyPROGESTERone Acetate Injectable
Suspension, USP, 150 mg per mL, Distributed by: Eugia US LLC, NJ, Manufactured by: Eugia Pharma Specialties
Limited, India",CGMP Deviations,Nationwide in the US,"Lot No.: 1MP24069, Exp.: 08/2026"
1046,20250115,D-0184-2025,Amerisource Health Services LLC,Ongoing,Class II,Drugs,"Clobazam Tablets, 10 mg, packaged in 30 tablets per carton (3x10 blister cards each), Rx Only, Amneal
Pharmaceuticals LLC, Distributed by: American Health Packaging, Columbus, Ohio 43217, NDC 60687-423-21",Presence of Foreign Tablets/Capsules,Nationwide within the United States,"Lot #: 1019594, Exp. Date 12/31/2025"
1047,20250115,D-0190-2025,"Rising Pharma Holding, Inc.",Ongoing,Class II,Drugs,"Duloxetine DR Capsules USP 60  mg, a) 30 count (NDC 57237-019-30) and b) 1000 count (NDC 57237-019-99)
bottles; Distributed by: Rising Pharm Holdings, Inc., East Brunswick, NJ",CGMP Deviations; Presence of N-nitroso-duloxetine impurity above recommended interim limit.,Nationwide,"Lot # a) DT6023053A, DT6023061A, DT6023068A, DT6023074A, exp. date Jan-25;  DT6023078A, DT6023076A, exp. date Feb-25;  DTC24043A, DTC24044A, exp. date Dec-25   b) DT6023002A, DT6023016A, DT6023036A, exp. date Dec-24;  DT6023048A, exp. date Jan-25"
1048,20250115,D-0178-2025,"Endo USA, Inc.",Ongoing,Class I,Drugs,"Clonazepam Orally Disintegrating Tablet, USP, 2 mg, C-IV, Rx Only, 60 Tablets per carton, 10 blister cards
containing 6 tablets each, Distributed by: PAR Pharmaceutical, Chestnut Ridge, NY 10977, NDC#: 49884-310-02
(carton), NDC#: 49884-310-52 (blisters).","Labeling: Label Error on Declared Strength; Some cartons were incorrectly labeled. The blister
strips inside the product carton reflect the correct strength.",Nationwide in the USA,"Lot # 550176501, 550176601, Exp 02/28/2027."
1049,20250115,D-0192-2025,Granules Pharmaceuticals Inc.,Terminated,Class II,Drugs,"Metformin Hydrochloride Extended-Release Tablets, USP, 500 mg, 1000-count bottles, Rx Only, Manufactured by:
Granules India Limited, Hyderabad- 500 081, India, Manufactured for: Quallent Pharmaceuticals Health LLC,
Grand Cayman, Grand Cayman Islands, NDC 82009-117-10","Presence of Foreign Tablets/Capsules: A Paracetamol 500 mg tablet was found in a 1000-count
bottle of Metformin HCL ER Tablets USP, 500 mg.",Distributor in OH.,"Lot #: 4911311A, Exp. Date: 11/2025"
1050,20250115,D-0180-2025,"Endo USA, Inc.",Ongoing,Class I,Drugs,"Clonazepam Orally Disintegrating Tablets, USP, 0.25 mg, C-IV, Rx Only, 60 tablets per carton (10 blister cards
containing 6 tablets each), Distributed by: PAR Pharmaceutical, Chestnut Ridge, NY 10977, NDC#: 49884-307-02
(carton), NDC #: 49884-307-52 (blisters).","Labeling: Label Error on Declared Strength; Some cartons were incorrectly labeled. The blister
strips inside the product carton reflect the correct strength.",Nationwide in the USA,"Lot #s: 550142801, 550142901, 550143001, 550143101, 550143201, 550143301, 550143401, 550147201, 550147401, Exp. 08/31/2026."
