date,buyer_country,supplier_country,buyer,supplier,buyer_address,supplier_address,notify_party,notify_address,manufacturer,origin_country,destination_country,port_of_loading,port_of_discharge,hs_code,product_description,shipping_marks,quantity,quantity_unit,weight_kg,amount_usd,bill_number,container_number,brand
2024-12-30,哈萨克斯坦,中国,ТОО LIFE MEDICAL SOLUTIONS,SHENZHEN BROWINER TECH CO LTD,"АЛМАТЫ, АЛМАЛИНСКИЙ РАЙОН ПР.СЕЙФУЛЛИНА 404/67","SHENZHEN 518055 INTELLIGENT INDUST.PARK, NO.1008",,,"SHENZHEN BROWINER TECH CO., LTD",China,Kazakhstan,,,9022140000,МОБИЛЬНАЯ ЦИФРОВАЯ РЕНТГЕНОГРАФИЧЕСКАЯ СИСТЕМА MOBILE COOPER,,2.0,ШТ,250.0,58593.94,,,MOBILE COOPER
2024-12-30,俄罗斯,中国,ООО ЛОГИСТ,ORICH MEDICAL EQUIPMENT TIANJIN CO LTD,"248000, КАЛУЖСКАЯ ОБЛ., Г. КАЛУГА, УЛ. ПЕРВОМАЙСКАЯ, Д. 37, ОФИС 1,","301726, TIANJIN ECONOMIC TECHOLOGICAL DEVELOPMENT AREA, TIANJIN, NO. 16 CUIMING.",,,"ОРИИЧ МЕДИКАЛ ЭКВИПМЕНТ (ТЯНЖДИН) КО., ЛТД.",China,РОССИЯ,,,9022140000,"АППАРАТУРА НА ОСНОВЕ РЕНТГЕНОВСКОГО ИЗЛУЧЕНИЯ ДЛЯ МЕДИЦИНСКОГО, ИСПОЛЬЗОВАНИЯ. АППАРАТ РЕНТГЕНОВСКИЙ , ДЛЯ БАЗОВЫХ И ДИАГНОСТИЧЕСКИX ИССЛЕДОВАНИЙ. НОВЫЙ. БЕЗ ИСТОЧНИКА РАДИАКТИВНОГО ИЗЛУЧЕНИЯ, КОД ОКП: 944220, КОД ОКПД 2 26.60.11.113. ТОВАРНАЯПАРТИЯ",,3.0,ШТ,680.0,37983.23,,,ORICN
2024-12-30,哈萨克斯坦,中国,ТОО MEDIVIDE,SHENZHEN LANMAGE MEDICAL TECHNOLOGY CO LTD,"Г. АЛМАТЫ УЛ.НАВОИ, 68","SHENZHEN, DAPENG NEW DISTRICT BAGUANG SERVICE CENTER NO.2",,,"SHENZHEN LANMAGE MEDICAL TECHNOLOGY CO., LTD",China,Kazakhstan,,,9022140000,"1. ЦИФРОВАЯ РЕНТГЕНОГРАФИЧЕСКАЯ СИСТЕМА 6600,",,1.0,ШТ,864.0,26455.0,,,ОТСУТСТВУЕТ
2024-12-30,哈萨克斯坦,中国,ТОО LIFE MEDICAL SOLUTIONS,SHENZHEN BROWINER TECH CO LTD,"АЛМАТЫ, АЛМАЛИНСКИЙ РАЙОН ПР.СЕЙФУЛЛИНА 404/67","SHENZHEN 518055 INTELLIGENT INDUST.PARK, NO.1008",,,"SHENZHEN BROWINER TECH CO., LTD",China,Kazakhstan,,,9022140000,"МОБИЛЬНАЯ РЕНТГЕНОВСКАЯ СИСТЕМА COMPAX С С-ДУГОЙ В ВАРИАНТАХ ИСПОЛНЕНИЯХ: COMPAX 500C, В КОМПЛЕКТЕ С ПРИНАДЛЕЖНОСТЯМИ",,1.0,ШТ,558.0,34289.53,,,COMPAX С
2024-12-30,印度,中国,SIEMENS HEALTHCARE PRIVATE LIMITED,SIEMENS HEALTHINEERS AG,"130, PANDURANG BUDHKAR MARG,  N/A",,,,,CHINA,,Sunshine,NHAVA SHEVA SEA (INNSA1),90221490,( IMAGE INTENSIFIER SYSTEM COMPLETE WITH ACCESSORIES ( AS PER INV)) CIOS SELECT VA21 II( IMAGE INTENSIFIER SYSTEM COMPLETE WITH ACCESSORIES ( AS PE,,1.0,SET,0.0,41091.02,SC26MD3V3AEYR,,
2024-12-30,巴拉圭,中国,ALTAS TECNOLOGIAS SOCIEDAD ANONIMA,,,,,,,CHINA,,,,90221490,"INSTRUMENTOS Y APARATOS DE OPTICA, DEFOTOGRAFIA O DE CINEMATOGRAFIA, DE MEDIDA, DE CONTROL O DE PRECISION, INSTRUMENTOS Y APARATOS MEDICOQUIRURGICOS, PARTES Y ACCESORIOS DE ESTOSINSTRUMENTOS O APARATOS APARATOS DE RAYOS X Y APARATOS QUE UTILICEN RADIACION",,2.0,,0.0,15000.0,,,ANGELL
2024-12-30,印度,中国,SIEMENS HEALTHCARE PRIVATE LIMITED,SIEMENS HEALTHINEERS AG,"130, PANDURANG BUDHKAR MARG,  N/A",,,,,CHINA,,Shanghai,NHAVA SHEVA SEA (INNSA1),90221490,( IMAGE INTENSIFIER SYSTEM COMPLETE WITH ACCESSORIES (AS PERINV) CIOS SELECT VA21 II( IMAGE INTENSIFIER SYSTEM COMPLETE WITH ACCESSORIES (AS PER,,1.0,SET,0.0,40050.03,B6XD2V8F748Z9,,
2024-12-30,哈萨克斯坦,中国,ТОО НЕОМЕДИКАЛ,ANGELL TECHNOLOGY CHONGQING CO LTD,"АСТАНА Р-Н САРЫАРКА,УЛ.КЕНЕСАРЫ,9-109",CHONGQING THE THIRD FLOOR OF BUILDING 8 AND THE FIRST FLOOR,,,"SHENZHEN ANGELL TECHNOLOGY CO.,LTD.",China,Kazakhstan,,,9022140000,ЦИФРОВАЯ МОБИЛЬНАЯ РЕНТГЕНОГРАФИЧЕСКАЯ СИСТЕМА DP326A-2,,1.0,ШТ,80.0,19848.4,,,
2024-12-29,孟加拉国,中国,PHULHAR AND COMPANY,TRIUP INTERNATIONAL CORP CHINA,,,,,,China,,,,90221400,"300MA X-RAY UNIT, MODEL:TR300A",,20.0,NMB,11000.0,120000.0,,,
2024-12-29,印度,中国,WIPRO GE MEDICAL DEVICE MANUFACTURING PRIVATE LIMI,GE HUALUN MEDICAL SYSTEMS CO LTD,"No.4, Kadugodi Industrial Area, Sadarmangala Whitefield, Bangalore",,,,,CHINA,,Shanghai,Chennai  ,90221490,5521321-4 - SYSTEM GANTRY HLA FOR OPTIMA IGS 320 - INDIA SEMI FINISHED-(PARTS FOR MANUFACTURING OF IGS 320/OPTIMA IGS5521321-4 - SYSTEM GANTRY HLA FOR OPTIMA IGS 320 - INDIA SEM,,1.0,PCS,0.0,86316.37,6PY1JK3KR0GAI,,
2024-12-29,孟加拉国,中国,PHULHAR AND COMPANY,TRIUP INTERNATIONAL CORP CHINA,,,,,,CN,,,,90221400,"300MA X-RAY UNIT, MODEL:TR300A",,20.0,,11000.0,120000.0,,,
2024-12-29,乌干达,中国,KIRAM VET SERVICES LTD,GUANGZHOU YANLANG INTERNATIONALIMPORT AND EXPORT TRADE CO LTD,,,,,,CHINA,UGANDA,,,90221400000,X-RAY SHIELD LEAD SHEET,,1.0,Number,846.0,1619.0,,,
2024-12-28,乌干达,中国,CASTLE INDUSTRIES CO LIMITED,NESHAT TRADE LIMITED,,,,,,CHINA,UGANDA,,,90221400000,LEAD ROOM ACCESSORIES,,13.0,Number,1500.0,3266.9999,,,
2024-12-28,印度,中国,TRIVITRON HEALTHCARE PRIVATE LIMITED,SUZHOU POWERSITE ELECTRIC CO LTD,"NO.15,4TH STREET,  ABHIRAMAPURAM, ",,,,,CHINA,,CHENGDU,SAHAR AIR CARGO ACC (INBOM4),90221410,PSG-HR50E MEDICAL X-RAY HIGH FREQUENCY HIGH VOLTAGE GENERATOR ASSEMBLY WITH I PC TOUCH SCREEN CONSOLE CS-09 USB TO RS232PSG-HR50E MEDICAL X-RAY HIGH FREQUENCY HIGH VOLTAGE GENERATO,,5.0,SET,0.0,11000.0,T1YKDBNPEDH0O,,
2024-12-27,乌兹别克斯坦,中国,ООО FORTEK,DRTECH CORPORATION КОРЕЯ,,,,,,0,,,,9022140000,"1) Система рентгеновская мобильная флюроскопическая С-дуга модели EXTRON 5, с принадлежностями / Mobile Fluoroscopic X-ray system model EXTRON 5 /в компл./Новый,2024г.в./Сер№T5KG10724/ Пр-ль.:""DRTECH Corporation"", Южная Корея/: вес: 655,5 кг, кол. 1 шт; 2) Вид и количество упаковки:2 дерев.ящики; 8) Код инвестпрограммы:000; 9) Код технологического оборудования:024; 10) Год изготовления и технические параметры:2024/это высокопроизводительная хирургическая рентгеновская система типа C-дуга с ведущ G31MARKA марка DRTECH YEAR10 год производ 2024 PARAM10 Характеристика товара это высокопроизводительная хирургическая рентгеновская система типа C-дуга с ведущей в отрасли технологией низкой дозы, снижающей ненужную радиационную нагрузку на врачей, операторов и пациентов.",,1.0,Piece,655.5,65709.0,,,
2024-12-27,巴拉圭,中国,DEZETA SA,,,,,,,CHINA,,,,90221419,"INSTRUMENTOS Y APARATOS DE OPTICA, DEFOTOGRAFIA O DE CINEMATOGRAFIA, DE MEDIDA, DE CONTROL O DE PRECISION, INSTRUMENTOS Y APARATOS MEDICOQUIRURGICOS, PARTES Y ACCESORIOS DE ESTOSINSTRUMENTOS O APARATOS APARATOS DE RAYOS X Y APARATOS QUE UTILICEN RADIACION",,1.0,,0.0,38370.0,,,PERLOVE MEDICAL
2024-12-27,菲律宾,中国,ELAN VITA DIAGNOSTIC SOLUTIONS,SHENZHEN ANGELL TECHNOLOGY CO LTD,"NO. 78 BAYANIHAN VILLAGE, QUIOT PARDO CEBU CITY, CEBU CITY",,,,,CHINA,,,,90221400000,"DIGITAL MEDICAL X-RAY RADIOGRAPHIC SYSTEM, DIGITAL MEDICAL X-RAY RADIOGRAPHIC SYSTEM MODEL DTP576 - QTY. 1 UNIT - (ANGELL)",,1.0,PIECE,1615.0,85030.3,025E853955,,
2024-12-27,乌兹别克斯坦,中国,ЧП ERGASH OTA,SINO MEDICAL DEVICE TECHNOLOGY CO LTD,,,,,,0,,,,9022140000,"1. Mammography Navigator 3000A (with Tomo) / Цифровой маммограф Navigator 3000A - это послойное сканирование тканей молочной железы в ходе рентгенологического исследования в разобранном состояние кол-во 1 комплект в комплекте с акссесурами состоящий из: основной блок, рабочая станция получения изображениее и диагностики изображения, набор для геометрического увеличения и набор компрессионных пластин. Год выпуска: новый 2024г. Производитель: SINO MEDICAL-DEVICE TECHNOLOGY CO., LTD. - кол. 1 шт, G31MARKA марка SINO MDT YEAR10 год производ 2024 PARAM10 Характеристика товара Цифровой маммограф Navigator 3000A - это послойное сканирование тканей молочной железы в ходе рентгенологического исследования в разобранном состояние кол-во 1 комплект в комплекте с акссесурами",,1.0,Piece,512.0,25000.0,,,
2024-12-27,乌克兰,中国,ТОВ ЕКНА УКРАЇНА,SHENZHEN LANMAGE MEDICAL TECHNOLOGY CO LTD,02141 МІСТО КИЇВ ВУЛ ЛАРИСИ РУДЕНКО 6А,1ST FLOOR BUILDING B JINGCHENGDA INDUSTRIAL PARK NO 4 KEJI ROAD,,,,China,,,,9022140000,АПАРАТУРА ЩО ВИКОРИСТОВУЄ РЕНТГЕНІВСЬ КЕ ВИПРОМІНЮВАННЯ ПРИЗНАЧЕНА ДЛЯ МЕДИЧН ОГО ВИКОРИСТАННЯ АПАРАТ РЕНТГЕНІВСЬКИЙ ДІАГНОСТИЧНИЙ СТАЦ ІОНАРНИЙ ТОРГОВЕЛЬНА НАЗВА СИСТЕМА РЕНТГЕНІВСЬКА РАДІОГРАФІЧНА 6600 2 КОМПЛЕКТИ ДО КОМПЛЕКТУ ВХОДИТЬ ГЕНЕРАТОР РЕНТГЕНІВСЬКОГО ВИПРОМІНЮВАННЯ 50KW 1 ШТ РЕНТГЕНІВСЬКА ТРУБКА ВИПРОМІНЮВАЧ З К ОЛОНОЮ 1 ШТ РУЧНИЙ РЕНТГЕНІВСЬКИЙ КОЛІМАТОР З ФУНКЦ ІЄЮ ІНДИКАТОРА ПОЛЯ ЗОРУ 1 ШТ ЦИФРОВИЙ ПЛОСКОПАНЕЛЬНИЙ ДЕТЕКТОР РЕНТГ ЕНОГРАФІЧНОГО ЗОБРАЖЕННЯ 17 Х17 1 ШТ ІНТЕРАКТИВНА ПАНЕЛЬ КЕРУВАННЯ ТРУБНОГО ТЕРМІНАЛУ В ЗБОРІ 9 7 СЕНСОРНИЙ ЕКРАН 1 ШТ РЕНТГЕНІВСЬКИЙ ШТАТИВ ВЕРТИКАЛЬНА ПІДС ТАВКА 1 ШТ РУХОМИЙ ОГЛЯДОВИЙ СТІЛ ДЛЯ ПАЦІЄНТА З КОЛЕСАМИ З ФІКСАЦІЄЮ 1 ШТ AEC ДАТЧИКИ АВТОМАТИЧНОГО КОНТРОЛЮ ЕКС ПОЗИЦІЇ ІОНІЗАЦІЙНІ КАМЕРИ 2 ШТ СТАНЦІЯ ВІЗУАЛІЗАЦІЇ КОНСОЛЬ ОПЕРАТОРА ПК ТА ПРОФЕСІЙНЕ ПРОГРАМНЕ З АБЕЗПЕЧЕННЯ РОС ВЕРСІЇ ОПЕРАЦІЙНА СИСТ ЕМА WIN10 СВІТЛОДІОДНИЙ МОНІТОР ПРОЦЕ СОР INTEL G АПАРАТНЕ СХОВИЩЕ 500G 1 ШТ ПУЛЬТУПРАВЛІННЯ 1 ШТ АПАРАТ РЕНТГЕНІВСЬКИЙ ДІАГНОСТИЧНИЙ СТАЦ ІО,,1.0,ШТ,2922.0,137200.0,,,
2024-12-27,哈萨克斯坦,中国,ТОО MEDIVIDE,SHENZHEN LANMAGE MEDICAL TECHNOLOGY CO LTD,"Г. АЛМАТЫ УЛ.НАВОИ, 68","SHENZHEN, DAPENG NEW DISTRICT BAGUANG SERVICE CENTER NO.2",,,"SHENZHEN LANMAGE MEDICAL TECHNOLOGY CO., LTD",China,Kazakhstan,,,9022140000,"1. ЦИФРОВАЯ РЕНТГЕНОГРАФИЧЕСКАЯ СИСТЕМА 6600,",,1.0,ШТ,874.0,17697.96,,,ОТСУТСТВУЕТ
2024-12-26,巴基斯坦,中国,I CARE HEALTH,LIAONINGDTKL TECHNOLOGY CO LTD,"Office No. 512, 5th Floor, Pak Medical Center, Khyber Bazar, Peshawar Peshawar","ON BEHALF OF ICARE GLOBAL FZE F.Z.E BC1302041 BLOCKAFZ,C1-POBOX-932 AJMAN U.A.E",,,,China (CN),,,MCC APPRAISEMENT KARACHI EAST - IMPORT ,90221400,X RAY MACHINE 500MA WITH ALL STANDARD ACCESSORIES TOTAL 10 SETS ALL RELEVAENT DOCUMENTS PNRA CERTIFICATE  ARE ATTACHED,,0.0,u,1.168,20000.0,TJZHL241138026,,
2024-12-26,俄罗斯,中国,ООО КОМПАНИЯ НЕОРЕНТГЕН,SHANGHAI PZ MEDICAL TECHNOLOGY CO LTD ПО ПОРУЧЕНИЮ NANJING LONG MEDICAL TECHNOLOGY CO LTD CN,"117638, , Г. МОСКВА, УЛ. КРИВОРОЖСКАЯ, Д. 15,","200331, , SHANGHAI, 5F, BUILDING 13 NO.2 SUIDE ROAD, ..,,.",,,"SHANGHAI PZ MEDICAL TECHNOLOGY CO., LTD..",China,РОССИЯ,,,9022140000,"ДЕТЕКТОР РЕНТГЕНОВСКИЙ ПЛОСКОПАНЕЛЬНЫЙ, С ПРИНАДЛЕЖНОСТЯМИ, ПРЕДНАЗНАЧЕН ДЛЯ ИСПОЛЬЗОВАНИЯ СОВMЕСТНО С ДИАГНОСТИЧЕСКОЙ РЕНТГЕНОВСКОЙ СИСТЕМОЙ ОБЩЕГО НАЗНАЧЕНИЯ ДЛЯ РЕГИСТРАЦИИ РЕНТГЕНОВСКИХ СТАТИЧЕСКИХ ИЗОБРАЖЕНИЙ ПОСЛЕ ВОЗДЕЙСТВИЯ ИЗЛУЧЕНИЯ ИСОЗДАНИ",,1.0,ШТ,5.0,6867.17,,,PZ
2024-12-26,巴基斯坦,中国,I CARE HEALTH,LIAONINGDTKL TECHNOLOGY CO LTD,"Office No. 512, 5th Floor, Pak Medical Center, Khyber Bazar, Peshawar Peshawar",,,,,China                         ,,,KAPE,90221400,X RAY MACHINE 500MA WITH ALL STANDARD ACCESSORIES TOTAL 10 SETS ALL RELEVAENT DOCUMENTS PNRA CERTIFICATE  ARE ATTACHED,,10.0,u,0.0,20000.0,,,
2024-12-26,印度,中国,EPSILON HEALTHCARE SOLUTIONS PRIVATE LIMITED,SUZHOU POWERSITE ELECTRIC CO LTD,J-4/3B FIRST FLOOR DDA FLATS  KALKAJI ,,,,,CHINA,,Nanning,DELHI AIR CARGO ACC (INDEL4),90221410,80KW X-RAY GENERATOR MODEL PSG-HR80L WITH CONSOLE CS-09 USBCABLE (PART FOR MFR. OF MEDICAL X-RAY MACHINE)80KW X-RAY GENERATOR MODEL PSG-HR80L WITH CONSOLE CS-09 (PAR,,5.0,SET,0.0,15900.0,QCTXSJIXS1IYO,,
2024-12-25,哈萨克斯坦,中国,ТОВАРИЩЕСТВО С ОГРАНИЧЕННОЙ ОТВЕТСТВЕННОСТЬЮ АКТЮБИНСКАЯ ЖЕЛЕЗНОДОРОЖНАЯ БОЛЬНИЦА,HEALICOM MEDICAL EQUIPMENT CO LTD,"АКТОБЕ УЛ. ХИУАЗ ДОСПАНОВОЙ, Д. 36А","NANJING NO.30, YUFENGZHAN ROAD",,,"SHENZHEN ANGELL TECHNOLOGY CO.,LTD.",China,Kazakhstan,,,9022140000,"ЦИФРОВАЯ РЕНТГЕНОГРАФИЧЕСКАЯ СИСТЕМА, ПРЕДНАЗНАЧЕН ДЛЯ МЕДИЦИНСКИХ ЦЕЛЕЙ, ИДЕНТИФИКАЦИОННЫЙ НОМЕР НЕ ИЗВЕСТЕН",,1.0,ШТ,742.0,16078.0,,,ОТСУТСТВУЕТ
2024-12-24,乌兹别克斯坦,中国,РЕСПУБЛИКАНСКИЙ ЦЕНТР ПО БОРЬБЕ СО СПИДОМ,VWR INTERNATIONAL GMBH GRAUMANNGASSE 7 1150 VIENNA AUSTRIA,,,,,,0,,,,9022140000,"1) PLD6500A Digital X-ray with integrated 4-way floating table/Цифровой рентгеновский аппарат PLD6500A со встроенным 4-позиционным столом.: вес: 5000 кг, кол. 5 шт; 2) Вид и количество упаковки:22 карт. кор.; 8) Код инвестпрограммы:000; 11) Признак госзакупок:02; G31MARKA марка PLD6500A YEAR10 год производ 2024 PARAM10 Характеристика товара Цифровой рентгеновский аппарат PLD6500A",,5.0,Piece,5000.0,143906.5,,,
2024-12-24,印度,中国,PROGNOSYS MEDICAL SYSTEMS PRIVATE LIMITED,NEUSOFT MEDICAL SYSTEMS CO LTD,"NO.249, 4TH MAIN ROAD,  CHAMARAJPET, ",,,,,CHINA,,SHENZHEN,BANGALORE ACC (INBLR4),90221410,HIGH VOLTAGE GENERATOR (VENUS-50-R) HIGH VOLTAGE GENERATOR (VENUS-50-R),,1.0,NOS,0.0,4150.0,LWXK04B819CJV,,
2024-12-24,乌兹别克斯坦,中国,РЕСПУБЛИКАНСКИЙ ЦЕНТР ПО БОРЬБЕ СО СПИДОМ,VWR INTERNATIONAL GMBH GRAUMANNGASSE 7 1150 VIENNA AUSTRIA,,,,,,0,,,,9022140000,"1) PLD6500C Digital X-ray W Mobile Table/Цифровой рентгеновский аппарат PLD6500C с передвижным столом: вес: 3800 кг, кол. 4 шт; 2) Вид и количество упаковки:21 карт. кор.; 8) Код инвестпрограммы:000; 11) Признак госзакупок:02; G31MARKA марка PLD6500C YEAR10 год производ 2024 PARAM10 Характеристика товара Цифровой рентгеновский аппарат PLD6500С",,4.0,Piece,3800.0,113250.0,,,
2024-12-24,印度,中国,PROGNOSYS MEDICAL SYSTEMS PRIVATE LIMITED,NEUSOFT MEDICAL SYSTEMS CO LTD,"NO.249, 4TH MAIN ROAD,  CHAMARAJPET, ",,,,,CHINA,,SHENZHEN,BANGALORE ACC (INBLR4),90221410,HIGH VOLTAGE GENERATOR (LUNAR-80RF) HIGH VOLTAGE GENERATOR (LUNAR-80RF),,1.0,NOS,0.0,6100.0,LWXK04B819CJV,,
2024-12-24,印度,中国,PHILIPS INDIA LIMITED,PHILIPS ELECTRONICS SINGAPORE PTE LTD,"7, JUSTICE CHANDRA MADHAB ROAD,  KOLKATA, ",,,,,CHINA,,SHANGHAI - PU DONG,SAHAR AIR CARGO ACC (INBOM4),90221490,452230023478 CONTROL RACK CV (PARTS FOR IXR MACHINE) 452230023478 CONTROL RACK CV (PARTS FOR IXR MACHINE),,1.0,NOS,0.0,838.55,V5VJFXP84CWXN,,
2024-12-24,俄罗斯,中国,ООО ВАРИМЕДСЕРВИС,ZIBO TRIMED TRADING CO LTD,"308009, БЕЛГОРОДСКАЯ ОБЛ, Г. БЕЛГОРОД, Б-Р. НАРОДНЫЙ, ДОМ. 70",", SHANDONG PROVINCE, ZIBO CITY, QI SAI SCIENCE AND TECHNOLOGY BUILDING, NO.3006A.",,,SHINVA MEDICAL INSTRUMENT CO; LTD.,China,РОССИЯ,,,9022140000,"АППАРАТУРА, ПРИМЕНЯЕМАЯ В МЕДИЦИНЕ (НЕ СОДЕРЖИТ РАДИОАКТИВНЫХ ИСТОЧНИКОВ, НЕ ЯВЛЯЕТСЯ РАДИОНУКЛИДОМ МО-99 (МОЛИБДЕН-99), ЕГО СПЛАВАМИ, СОЕДИНЕНИЯМИ И СМЕСЯМИ, А ТАКЖЕ НЕ СОДЕРЖИТ В СОСТАВЕ АППАРАТУРЫ УСТРОЙСТВ ДЛЯ ПОЛУЧЕНИЯ ПРЕПАРАТОB НА ОСНОВЕ ТЕХНЕ",,1.0,ШТ,11760.0,896242.4,,,SHINVA
2024-12-23,孟加拉国,中国,UNITED HOSPITAL LIMITED,FOSHAN JONTECH TRADING CO LTD R,,,,,,China,,,,90221400,MEDICAL EQUIPMENTS: X-RAY MACHINE,,1.0,NMB,525.0,30320.0,,,
2024-12-23,巴基斯坦,中国,SINDH TRADING CORPORATION,NINGBO SKYWAY IMP &EXP CO LTD,"Office No. 217 - 219, 2nd Floor, Prince Center, Preedy Street, Karachi South Saddar Town","NO.767 LIANGZHU RD, NINGBO 315000, CHINA",,,,China (CN),,,MCC APPRAISEMENT KARACHI EAST - IMPORT ,90221400,X-RAY PROTECTION ACCESSORIES (LEAD GLOVES VXF-15),,0.0,u,11.207,300.0,COAU7255261570,,
2024-12-23,印度,中国,SIEMENS HEALTHCARE PRIVATE LIMITED,SIEMENS HEALTHINEERS AG,"130, PANDURANG BUDHKAR MARG,  N/A",,,,,CHINA,,Shekou,NHAVA SHEVA SEA (INNSA1),90221490,(CARDIAC AND VASCULAR ANGIOGRAPHY INCL DSA COMPLETE WITH ACCESSORIES AS PER INV) ARTIS ONE(CARDIAC AND VASCULAR ANGIOGRAPHY INCL DSA COMPLETE WITH ACC,,1.0,SET,0.0,265102.39,FV5D5IYFT632A,,
2024-12-23,巴基斯坦,中国,SINDH TRADING CORPORATION,NINGBO SKYWAY IMP &EXP CO LTD,"Office No. 217 - 219, 2nd Floor, Prince Center, Preedy Street, Karachi South Saddar Town","NO.767 LIANGZHU RD, NINGBO 315000, CHINA",,,,China (CN),,,MCC APPRAISEMENT KARACHI EAST - IMPORT ,90221400,X-RAY PROTECTION ACCESSORIES (LEAD CAP VXF-7),,0.0,u,11.207,50.0,COAU7255261570,,
2024-12-23,巴基斯坦,中国,SINDH TRADING CORPORATION,NINGBO SKYWAY IMP &EXP CO LTD,"Office No. 217 - 219, 2nd Floor, Prince Center, Preedy Street, Karachi South Saddar Town","NO.767 LIANGZHU RD, NINGBO 315000, CHINA",,,,China (CN),,,MCC APPRAISEMENT KARACHI EAST - IMPORT ,90221400,X-RAY PROTECTION ACCESSORIES (LEAD SPECTACLES VXF-34),,0.0,u,11.207,50.0,COAU7255261570,,
2024-12-23,巴基斯坦,中国,SINDH TRADING CORPORATION,NINGBO SKYWAY IMP AND EXP CO LTD,"Office No. 217 - 219, 2nd Floor, Prince Center, Preedy Street, Karachi South Saddar Town",,,,,China                         ,,,KAPE,90221400,X-RAY PROTECTION ACCESSORIES (LEAD GLOVES VXF-15),,150.0,u,0.0,300.0,,,
2024-12-23,巴基斯坦,中国,SINDH TRADING CORPORATION,NINGBO SKYWAY IMP AND EXP CO LTD,"Office No. 217 - 219, 2nd Floor, Prince Center, Preedy Street, Karachi South Saddar Town",,,,,China                         ,,,KAPE,90221400,X-RAY PROTECTION ACCESSORIES (LEAD APRON VXF-1),,20.0,u,0.0,140.0,,,
2024-12-23,巴基斯坦,中国,SINDH TRADING CORPORATION,NINGBO SKYWAY IMP AND EXP CO LTD,"Office No. 217 - 219, 2nd Floor, Prince Center, Preedy Street, Karachi South Saddar Town",,,,,China                         ,,,KAPE,90221400,X-RAY PROTECTION ACCESSORIES (LEAD APRON VXF-6),,30.0,u,0.0,210.0,,,
2024-12-23,巴基斯坦,中国,SINDH TRADING CORPORATION,NINGBO SKYWAY IMP &EXP CO LTD,"Office No. 217 - 219, 2nd Floor, Prince Center, Preedy Street, Karachi South Saddar Town","NO.767 LIANGZHU RD, NINGBO 315000, CHINA",,,,China (CN),,,MCC APPRAISEMENT KARACHI EAST - IMPORT ,90221400,X-RAY PROTECTION ACCESSORIES (LEAD APRON VXF-1),,0.0,u,11.207,140.0,COAU7255261570,,
2024-12-23,巴基斯坦,中国,SINDH TRADING CORPORATION,NINGBO SKYWAY IMP &EXP CO LTD,"Office No. 217 - 219, 2nd Floor, Prince Center, Preedy Street, Karachi South Saddar Town","NO.767 LIANGZHU RD, NINGBO 315000, CHINA",,,,China (CN),,,MCC APPRAISEMENT KARACHI EAST - IMPORT ,90221400,X-RAY PROTECTION ACCESSORIES (LEAD APRON VXF-5),,0.0,u,11.207,1000.0,COAU7255261570,,
2024-12-23,巴基斯坦,中国,SINDH TRADING CORPORATION,NINGBO SKYWAY IMP &EXP CO LTD,"Office No. 217 - 219, 2nd Floor, Prince Center, Preedy Street, Karachi South Saddar Town","NO.767 LIANGZHU RD, NINGBO 315000, CHINA",,,,China (CN),,,MCC APPRAISEMENT KARACHI EAST - IMPORT ,90221400,X-RAY PROTECTION ACCESSORIES (LEAD SKIRT VXF-24),,0.0,u,11.207,40.0,COAU7255261570,,
2024-12-23,孟加拉国,中国,UNITED HOSPITAL LIMITED,FOSHAN JONTECH TRADING CO LTD,,. R,,,,CN,,,,90221400,MEDICAL EQUIPMENTS: X-RAY MACHINE,,1.0,,525.0,30320.0,,,
2024-12-23,孟加拉国,中国,STAR TRADE INTERNATIONAL,NANJING PERLOVE MEDICAL EQUIPMENT C,,,,,,CN,,,,90221400,MEDICAL DIAGNOSTIC X-RAY EQUIPMENT,,1.0,,972.0,12000.0,,,
2024-12-23,巴基斯坦,中国,SINDH TRADING CORPORATION,NINGBO SKYWAY IMP AND EXP CO LTD,"Office No. 217 - 219, 2nd Floor, Prince Center, Preedy Street, Karachi South Saddar Town",,,,,China                         ,,,KAPE,90221400,X-RAY PROTECTION ACCESSORIES (LEAD SPECTACLES VXF-34),,50.0,u,0.0,50.0,,,
2024-12-23,孟加拉国,中国,STAR TRADE INTERNATIONAL,NANJING PERLOVE MEDICAL EQUIPMENT C,,,,,,China,,,,90221400,MEDICAL DIAGNOSTIC X-RAY EQUIPMENT,,1.0,NMB,972.0,12000.0,,,
2024-12-23,美国,中国,CARDINAL HEALTH,,500 NEELYTOWN ROAD,N/A,N/A,N/A,,"CN, CHINA",,"SHENZHEN,YANTIAN","NEW YORK,NY",902214,"AXILLARY CRUTCH, TALL,H70-78,300LB,COMMODE BUCKET 7QT WITH LID FOR MEDICAL USE",NO MARKS,825.0,CTN,9296.0,0.0,DMALSZXC65208,HAMU2232782,
2024-12-23,巴基斯坦,中国,SINDH TRADING CORPORATION,NINGBO SKYWAY IMP AND EXP CO LTD,"Office No. 217 - 219, 2nd Floor, Prince Center, Preedy Street, Karachi South Saddar Town",,,,,China                         ,,,KAPE,90221400,X-RAY PROTECTION ACCESSORIES (LEAD APRON VXF-5),,200.0,u,0.0,1000.0,,,
2024-12-23,秘鲁,中国,MEDICA INNOVADORA S A C,,,,,,,CHINA,,Shanghai,,9022140000,"SISTEMA DE FLUOROSCOPIA DIGITAL,PERLOVE,PLD9600D, SIATEMA DE RAYOS X FLUOROSCOPICO MOBIL DE USO GENERAL,DIGITAL SERIAL: 96D24025,DATE MANUF:11/2024-DISPOSITIVO MEDICO DE CLASE III(DE ALTO RIESGO) DIGITAL FLUOROSCOPIC/RADIOGRAPHIC X-RAY EQUIPMENT,INCLUYE AC,,,,",,1.0,U,1707.167,108358.557,,,
2024-12-23,巴基斯坦,中国,SINDH TRADING CORPORATION,NINGBO SKYWAY IMP AND EXP CO LTD,"Office No. 217 - 219, 2nd Floor, Prince Center, Preedy Street, Karachi South Saddar Town",,,,,China                         ,,,KAPE,90221400,X-RAY PROTECTION ACCESSORIES (LEAD SKIRT VXF-24),,20.0,u,0.0,40.0,,,
2024-12-23,巴基斯坦,中国,SINDH TRADING CORPORATION,NINGBO SKYWAY IMP AND EXP CO LTD,"Office No. 217 - 219, 2nd Floor, Prince Center, Preedy Street, Karachi South Saddar Town",,,,,China                         ,,,KAPE,90221400,X-RAY PROTECTION ACCESSORIES (LEAD CAP VXF-7),,50.0,u,0.0,50.0,,,
2024-12-23,印度,中国,PHILIPS INDIA LIMITED,PHILIPS ELECTRONICS SINGAPORE PTE LTD,"7, JUSTICE CHANDRA MADHAB ROAD,  KOLKATA, ",,,,,CHINA,,Singapore,KOLKATA ACC (INCCU4),90221490,459800669934 JOYSTICKHEAD KIT BATCH U (PARTS USE IN MEDICALEQUIPMENT)459800669934 JOYSTICKHEAD KIT BATCH U (PARTS USE IN MED,,1.0,NOS,0.0,103.54,I0S1PLFGARLXZ,,
2024-12-23,巴基斯坦,中国,SINDH TRADING CORPORATION,NINGBO SKYWAY IMP &EXP CO LTD,"Office No. 217 - 219, 2nd Floor, Prince Center, Preedy Street, Karachi South Saddar Town","NO.767 LIANGZHU RD, NINGBO 315000, CHINA",,,,China (CN),,,MCC APPRAISEMENT KARACHI EAST - IMPORT ,90221400,X-RAY PROTECTION ACCESSORIES (LEAD APRON VXF-6),,0.0,u,11.207,210.0,COAU7255261570,,
2024-12-23,美国,中国,AMICO CORP,FST METALS CO LTD, 120 FULTON WAY RICHMOND HILL ON L4B 1J5 CA RICHMOND HILL ON L4B 1J5 CA RICHMOND HILL ONL4B 1J5 CA , NO 39 LUMING ROAD CHONGHE VILLAGE QINGXI TOWN DONGGUAN CN DONGGUANCN ,AMICO CORP, 120 FULTON WAY RICHMOND HILL ON L4B 1J5 CA RICHMOND HILL ON L4B 1J5 CA RICHMOND HILL ONL4B 1J5 CA ,,"CN, CHINA",,"SHENZHEN,YANTIAN","SEATTLE,WA",902214,CARBON STEEL SHEET METALPARTS A2X-AVC-DVPLA T2-3-5-E-P-FOR MEDICAL USE ALUMINUM SHEET ME TAL PARTS O-X-AMB-FAC1-2-3-FOR MEDICAL USE 21 CTNS = 1 PLT,CAL USE CLIENT PO: 1034358+1034376 PALLET N O.: 1 QTY: 2435 PCS G.W.: 353KGS MEAS. 123 93 145 CM MADE IN CHINA,21.0,CTN,400.0,0.0,AWOSASSZX2411163,GCXU5057948,
2024-12-23,秘鲁,中国,MEDICA INNOVADORA S A C,,,,,,,CHINA,,Shanghai,,9022140000,"SISTEMA DE RADIOGRAFÍA DIGITAL MÓVIL,PERLOVE,PLX5200A, SISTEMA DE RAYOS X,DE DIAGNOSTICO,DE USO GENERAL,MOBIL,DIGITAL SERIAL: 5200A24303,DATE MANUF:11/2024-DISPOSITIVO MEDICO DE CLASE III(DE ALTO RIESGO) MOBILE DIGITAL RADIOGRAPHY SYSTEM, INCLUYE ACCESORIO,,,,",,1.0,U,1054.333,66921.443,,,
2024-12-21,印度,中国,KRISHNA INSTITUTE OF MEDICAL SCIENCES LIMITED,WIPRO GE HEALTHCARE PVT LTD,"D.NO.1-8-31/1, MINISTERS ROAD  SECUNDERABAD ",,,,,CHINA,,CHENGDU,SAHAR AIR CARGO ACC (INBOM4),90221420,"MOBILE DIAGNOSTIC X-RAY AND FLUOROSCOPIC SYSTEM WITH PARTS AND ACCESSORIES, MODEL: OEC ONE (MD15 LICENSE NO:IMP/MD/2024/MOBILE DIAGNOSTIC X-RAY AND FLUOROSCOPIC SYSTEM WITH PARTS A",,1.0,SET,0.0,34151.0,UL0MCY35XX4LV,,
2024-12-21,印度,中国,KRISHNA INSTITUTE OF MEDICAL SCIENCES LIMITED,WIPRO GE HEALTHCARE PVT LTD,"D.NO.1-8-31/1, MINISTERS ROAD  SECUNDERABAD ",,,,,CHINA,,CHENGDU,SAHAR AIR CARGO ACC (INBOM4),90221420,"MOBILE DIAGNOSTIC X-RAY AND FLUOROSCOPIC SYSTEM WITH PARTS AND ACCESSORIES, MODEL: OEC ONE (MD15 LICENSE NO: IMP/MD/2021MOBILE DIAGNOSTIC X-RAY AND FLUOROSCOPIC SYSTEM WITH PARTS A",,1.0,SET,0.0,34151.0,3ZIZ160MAYC1Y,,
2024-12-21,印度,中国,BOSSON HEALTH CARE PRIVATE LIMITED,SIEMENS HEALTHINEERS INTERNATIONAL AG,N/A N/A,,,,,CHINA,,Tianjin,NHAVA SHEVA SEA (INNSA1),90221490,(PARTIAL SHIPMENT) LINEAR ACCELERATOR HALCYON FOR MEDICAL APPLICATION(COMP./PARTS AND STANDARD ACESSORIES)-(AS PER INV)(PARTIAL SHIPMENT) LINEAR ACCELERATOR HALCYON FOR MEDICAL AP,,1.0,SET,0.0,829455.29,IFWNGL5SJOYX7,,
2024-12-20,菲律宾,中国,PHILIPS PHILIPPINES INC,PHILIPS HEALTHCARE SUZHOU LTD,"10F SUNLIFE CENTRE 5TH AVE COR RIZAL DRIVE FORT BONIFACIO, TAGUIG CITY",,,,,CHINA,,,,90221400000,1 PCE DURADIAGNOST F30 1.1 (PHILIPS),,1.0,PIECE,1151.0,26169.9,COAU7255352100,,
2024-12-20,秘鲁,中国,GAMEL S R L,SHENZHEN LANMAGE MEDICAL TECHNOLOGY CO LTD,AV. PETIT THOUARS NRO. 2488 (CDRA 28 AV PETTIT THOUARS),,,,,CHINA,,Tianjin,,9022140000,"SISTEMA RADIOGRAFICO DIGITAL,BEIJING WANDONG MEDICAL TECH,NEW ORIENTAL 1000FC, INCLUYE ACCESORIOS PARA FUNCIONAMIENTO /R.S: DBC1048E / IPEN: 1042-24-IPEN/OTAN SISTEMAS RADIOGRAFICOS DIGITALES / SERIE NO. Y24-549-1 DIGITAL RADIOGRAPHY SYSTEM / FABRICANTE: B,,,,",,1.0,U,1550.0,92199.0,,,
2024-12-20,哈萨克斯坦,中国,ТОО LIFE MEDICAL SOLUTIONS,SHENZHEN BROWINER TECH CO LTD,"АЛМАТЫ, АЛМАЛИНСКИЙ РАЙОН ПР.СЕЙФУЛЛИНА 404/67","SHENZHEN 518055 INTELLIGENT INDUST.PARK, NO.1008",,,"SHENZHEN BROWINER TECH CO., LTD",China,Kazakhstan,,,9022140000,"МОБИЛЬНАЯ РЕНТГЕНОВСКАЯ СИСТЕМА COMPAX С С-ДУГОЙ В ВАРИАНТАХ ИСПОЛНЕНИЯХ: COMPAX 500В, В КОМПЛЕКТЕ С ПРИНАДЛЕЖНОСТЯМИ",,1.0,ШТ,455.0,35219.1,,,COMPAX С
2024-12-20,美国,中国,,,N/A,N/A,N/A,N/A,,"CN, CHINA",,SHANGHAI,City of New York,902214,570-0089 CRITERION POWDER FREE VINYL GLOVE FOR MEDICAL USE MEDIUM 570-0088 CRITERION POWDER FREE VINYL GLOVE FOR MEDICAL USE SMALL570-0090 CRITERION POWDER FREE VINYL GLOVE FOR MEDICAL USE LARGE 570-0091 CRITERION POWDER FREE VINYL GLOVE FOR MEDICAL USEXLARGEPO 23902421 23902422 23902423 23902424 23902425,NO MARKS,2976.0,PKG,18500.0,0.0,CHSL492279218TAO,CAIU8797823,
2024-12-20,哥伦比亚,中国,CMR DE COLOMBIA SAS,SHENZHEN BROWINER TECH CO LTD,KR 15 88 64 OF 813,"7F, BUILDING C, LONGJING JINGU PION",,,,CHINA,,,,9022140000,"DO 2241703-001 CODIGO / RESOLUCION OEA DECLARANTE: RESOLUCION 009264 DE 02-11-2023; PEDIDO TRAMITE: OC 032-2024 DECLARACION(1-2) MERCANCIA NUEVA, MERCANCIA UBICADA EN DEPOSITO LAAX SERVICE SAS MZ 12 BOD 2, NOS ACOGEMOS VISTO BUENO INVIMA NO. VINVIMA- 24-0159190 CON FECHA DE APROBACION DEL DIA 10 DE DICEMBRE DEL 2024. NUMERO DE LA FACTURA COMPLETO: BWXS-BJI-202411-01009. FLAT PANEL PROTECTOR, REG SAN INVIMA 2021EBC-0023632 VIG HASTA 2031/05/26; PRODUCTO: FLAT PANEL DETECTOR (WITH SOFTWARE AND PC WORKSTATION 500GB / WINDOWS), MARCA: IRAY TECHNOLOGY, MODELO: MARS1417V-TSI, REFERENCIA: SIN REFERENCIA, USO O DESTINO: ABSORBER EL IMPACTO Y AUMENTAR LA CAPACIDAD DE PESO, TECNICA DE DIAGNOSTICO: NO APLICA, SERIAL: HV30Z011H430240024X, CON ACERSIOS PARA SU DEBIDOFUNCIONAMIENTO IPAIS ORIGEN: CHINA -215. CANT (1) UNIDADES (ITEM 1). FLAT PANEL PROTECTOR, REG SAN INVIMA 2021EBC-0023632 VIG HASTA 2031/05/26; PRODUCTO: FLAT PANEL DETECTOR PROTECTOR, MARCA: IRAY TECHNOLOGY, MODELO: NO TIENE, REFERENCI",,3.0,NUMERO DE ARTICULOS,54.8,18342.94,,,
2024-12-20,墨西哥,中国,GE SISTEMAS MEDICOS DE MEXICO SA DE CV,GE HUALUN MEDICAL SYSTEMS CO LTD,"ANTONIO DOVALI JAIME 70 TORRE B PISO 4 AVENIDA JAVIER BARROS SIERRA Y AVENIDA SANTA FE

Ciudad de Mexico
01210","YONG CHANG NORTH ROAD
BEIJINGCHINA

100176",,,,CHINA,,,NUEVO LAREDO NUEVO LAREDO TAMAULIPAS.,9022149101,SISTEMA RADIOGRAFICO XR6000 CON SUS ACCESORIOS,,1.0,PIECE,923.0,45502.17,,,
2024-12-20,墨西哥,中国,GE SISTEMAS MEDICOS DE MEXICO SA DE CV,GE HUALUN MEDICAL SYSTEMS CO LTD,"ANTONIO DOVALI JAIME 70 TORRE B PISO 4 AVENIDA JAVIER BARROS SIERRA Y AVENIDA SANTA FE

Ciudad de Mexico
01210","YONG CHANG NORTH ROAD
BEIJINGCHINA

100176",,,,CHINA,,,NUEVO LAREDO NUEVO LAREDO TAMAULIPAS.,9022149101,SISTEMA RADIOGRAFICO XR6000 CON SUS ACCESORIOS,,1.0,PIECE,923.0,44743.71,,,
2024-12-20,埃塞俄比亚,中国,DARYEEL AL HUSSEIN PARTNERSHIP,,,,,,,China,,,,90221400,"-- Other, for medical, surgical or veterinary uses",,2.0,UNT,2092.0,186391.01,,,
2024-12-20,菲律宾,中国,PHILIPS PHILIPPINES INC,PHILIPS HEALTHCARE SUZHOU LTD,"10F SUNLIFE CENTRE 5TH AVE COR RIZAL DRIVE FORT BONIFACIO, TAGUIG CITY",,,,,CHINA,,,,90221400000,1 PCE DURADIAGNOST F30 1.1 (PHILIPS),,1.0,PIECE,1152.0,26284.1,COAU7255352100,,
2024-12-20,美国,中国,CARDINAL HEALTH 200 LLC,,6275 LANCE DR RIVERSIDE CA 92507 USA 92507 ,N/A,N/A,N/A,,"CN, CHINA",,"SHENZHEN,YANTIAN",LOS ANGELES,902214,"SHIPPER LOAD AND COUNT AXILLARY CRUTCH, ADULT,H62-70,300LB, COMMODE BUCKET 7QT WITH LID FOR MEDICAL USE",NO MARKS,360.0,CTN,3818.0,134604.0,HDMUHKGM91662700,CAIU6307716,
2024-12-20,美国,中国,AUTHORITY MEDICAL GROUP LLC,JIAXING HAOYI TEXTILE CO LTD, 5950 NE JACOBSON STREET BUILDING 11SUITE 190 HILLSBORO OREGON 97124 US , HONGXI DEVELOPMENT ZONE TIANNING JIASHAN ZHEJIANG CHINA 314109 ,AUTHORITY MEDICAL GROUP LLC, 5950 NE JACOBSON STREET BUILDING 11SUITE 190 HILLSBORO OREGON 97124 US ,,"CN, CHINA",,SHANGHAI,"PORTLAND,OR",902214,"FOR MEDICAL USE ONLY, SILDER TUBE MATERIAL",PO: MPU MATERIAL COMPOSITION:,240.0,ROL,7953.0,0.0,HNLTSH24JA0437,MSDU8829467,
2024-12-20,墨西哥,中国,GE SISTEMAS MEDICOS DE MEXICO SA DE CV,GE HUALUN MEDICAL SYSTEMS CO LTD,"ANTONIO DOVALI JAIME 70 TORRE B PISO 4 AVENIDA JAVIER BARROS SIERRA Y AVENIDA SANTA FE

Ciudad de Mexico
01210","YONG CHANG NORTH ROAD
BEIJINGCHINA

100176",,,,CHINA,,,NUEVO LAREDO NUEVO LAREDO TAMAULIPAS.,9022149101,SISTEMA RADIOGRAFICO XR6000 CON SUS ACCESORIOS,,1.0,PIECE,923.0,44742.91,,,
2024-12-19,菲律宾,中国,PHILIPS PHILIPPINES INC,PHILIPS HEALTHCARE SUZHOU LTD,"10F SUNLIFE CENTRE 5TH AVE COR RIZAL DRIVE FORT BONIFACIO, TAGUIG CITY",,,,,CHINA,,,,90221400000,1 PCE DURADIAGNOST F30 1.1 (PHILIPS),,1.0,PIECE,1150.0,25826.5,CPL0227403,,
2024-12-19,菲律宾,中国,PHILIPS PHILIPPINES INC,PHILIPS HEALTHCARE SUZHOU LTD,"10F SUNLIFE CENTRE 5TH AVE COR RIZAL DRIVE FORT BONIFACIO, TAGUIG CITY",,,,,CHINA,,,,90221400000,1 PCE DURADIAGNOST F30 1.1 (PHILIPS),,1.0,PIECE,1153.0,25826.5,CPL0227403,,
2024-12-19,俄罗斯,中国,ООО ФИЛИПС,PHILIPS HEALTHCARE SUZHOU CO LTD,"123022, , Г. МОСКВА, УЛ. СЕРГЕЯ МАКЕЕВА, 13","215024, JIANGSU PROVINCE, SUZHOU, 258, ZHONGYUAN ROAD, SUZHOU INDUSTRY PARK, ....",,,"PHILIPS HEALTHCARE (SUZHOU) CO., LTD..",China,РОССИЯ,,,9022140000,АППАРАТУРА НА ОСНОВЕ РЕНТГЕНОВСКОГО ИЗЛУЧЕНИЯ ДЛЯ МЕДИЦИНСКОГО ИСПОЛЬЗОВАНИЯ (КОД ОКПД2 26.60.11.113) :,,1.0,ШТ,1673.1,107578.15,,,PHILIPS
2024-12-19,尼日利亚,中国,CCECC NIGERIA LIMITED,CHINA CIVIL ENGINEERING CONSTRUCTION CORPORATION,,,,,,China,,,APAPA PORT,9022140000,"Apparatus based on the use of X-rays or of alpha, betaused for medical, surgical .",,0.0,,151.0,87715.6,,,
2024-12-19,埃塞俄比亚,中国,ZIAD ABDURAHAMAN SEID,,,,,,,China,,,,90221400,"-- Other, for medical, surgical or veterinary uses",,3.0,UNT,2280.0,100184.14,,,
2024-12-19,布隆迪,中国,VIDAPHARMA LIMITED,KIMARO FASHION,,,,,,China,,,,90221400,OTHERAPPARATUSBASEDONTHEUSEOFXRAYS├ÁFORMEDICAL,,2.0,NMB,82.0,446.1201,,,
2024-12-19,菲律宾,中国,PHILIPS PHILIPPINES INC,PHILIPS HEALTHCARE SUZHOU LTD,"10F SUNLIFE CENTRE 5TH AVE COR RIZAL DRIVE FORT BONIFACIO, TAGUIG CITY",,,,,CHINA,,,,90221400000,1 PCE DURADIAGNOST F30 1.1 (PHILIPS),,1.0,PIECE,1149.0,25826.5,CPL0227403,,
2024-12-19,乌干达,中国,GTC INTERNATIONAL LOGISTICS LTD,GUANGZHOU YANLANG INTERNATIONALIMPORT AND EXPORT TRADE CO LTD,,,,,,CHINA,UGANDA,,,90221400000,HERMATOLOGY ANALYSER,,1.0,Number,180.0,300.0,,,
2024-12-19,秘鲁,中国,IMAGEN TOTAL S A C,,JR. SAN DIEGO NRO. 338 DPTO. 03 (ALT.PUENTE RICARDO PALMA),,,,,CHINA,,Shanghai,,9022140000,"VETERINARY DIGITAL X-RAY AND ACCESO,DAWEI,RV-32B, PARA OBTENER RADIOGRAFIAS DIGITALES DE DISTINTAS PARTES DEL CUERPO EN ANIMALES SERIES 901B011524K / 901B011624K  IPEN 1017-24-IPEN/OTAN VIG 12 DE MARZO DE 2025 SISTEMA DIGITAL ESTACIONARIO DE RAYOS X VETERI,,,,",,2.0,U,757.0,25515.0,,,
2024-12-19,美国,中国,OWEN MUMFORD INC,OWEN MUMFORD SDN BHD,1775 WEST OAK COMMONS COURT MARIETTA GA 30062 UNITED STATES , NO 19 & 21 JALAN BIOTEKNOLOGI 3 ISKANDAR PUTERI JOHOR 79200 ,OWEN MUMFORD INC,1775 WEST OAK COMMONS COURT MARIETTA GA 30062 UNITED STATES ,,"CN, CHINA",,SHANGHAI,LONG BEACH,902214,20 PACKAGES OF MEDICAL DEVICES (SINGLE USE LANCING DEVICE),.,20.0,PKG,6802.0,0.0,DWSDPKG06812012,SUDU8957847,
2024-12-19,美国,中国,OWEN MUMFORD INC,OWEN MUMFORD SDN BHD,1775 WEST OAK COMMONS COURT MARIETTA GA 30062 UNITED STATES , NO 19 & 21 JALAN BIOTEKNOLOGI 3 ISKANDAR PUTERI JOHOR 79200 ,OWEN MUMFORD INC,1775 WEST OAK COMMONS COURT MARIETTA GA 30062 UNITED STATES ,,"CN, CHINA",,SHANGHAI,LONG BEACH,902214,20 PACKAGES OF MEDICAL DEVICES (SINGLE USE LANCING DEVICE),.,20.0,PKG,6384.0,0.0,DWSDPKG06711732,MSKU1164344,
2024-12-19,埃塞俄比亚,中国,ZIAD ABDURAHAMAN SEID,,,,,,,China,,,,90221400,"-- Other, for medical, surgical or veterinary uses",,1.0,UNT,760.0,25383.54,,,
2024-12-18,印度,中国,BHARAT ELECTRONICS LIMITED,GE HANGWEI MEDICAL SYSTEMS CO,"OUTER RING ROAD,NAGAVARA  N/A",,,,,CHINA,,Beijing,BANGALORE ACC (INBLR4),90221490,"INDIAN ORIGIN GOODS - REIMPORT FOR REPAIR - GEMINI ANODE END HORN, 5318170 - SL  NO AS PER RMA NO. 02/MCSINDIAN ORIGIN GOODS - REIMPORT FOR REPAIR - GEMINI ANODE END",,2.0,NOS,0.0,842.92,J8H0OFA7WRUI7,,
2024-12-18,埃塞俄比亚,中国,WALFANA PHARMA TRADING PLC,,,,,,,China,,,,90221400,"-- Other, for medical, surgical or veterinary uses",,3.0,UNT,2620.0,97017.33,,,
2024-12-18,印度,中国,BHARAT ELECTRONICS LIMITED,GE HANGWEI MEDICAL SYSTEMS CO,"OUTER RING ROAD,NAGAVARA  N/A",,,,,CHINA,,Beijing,BANGALORE ACC (INBLR4),90221490,"INDIAN ORIGIN GOODS - REIMPORT FOR REPAIR - GEMINI ANODE END HORN, 5318170 - SL  NO AS PER RMA NO. 02/MCSINDIAN ORIGIN GOODS - REIMPORT FOR REPAIR - GEMINI ANODE END",,5.0,NOS,0.0,2107.3,J8H0OFA7WRUI7,,
2024-12-18,巴拿马,中国,CAJA DE SEGURO SOCIAL,PHILIPS MEDICAL,,,,,,CHINA,,,PUERTO MANZANILLO COLON,902214000000,SISTEMA DE FLUOROSCOPIA CON SUS PARTES Y ACCESORIOS,,1.0,UNIT (UNIDAD),1674.0,236250.0,,,
2024-12-18,印度,中国,BHARAT ELECTRONICS LIMITED,GE HANGWEI MEDICAL SYSTEMS CO,"OUTER RING ROAD,NAGAVARA  N/A",,,,,CHINA,,Beijing,BANGALORE ACC (INBLR4),90221490,"INDIAN ORIGIN GOODS - REIMPORT FOR REPAIR - GEMINI ANODE END HORN, 5318170 - SL  NO AS PER RMA NO. 02/MCSINDIAN ORIGIN GOODS - REIMPORT FOR REPAIR - GEMINI ANODE END",,4.0,NOS,0.0,1685.84,J8H0OFA7WRUI7,,
2024-12-18,卢旺达,中国,ENGINEERING AND SUSTAINABILITY LIMITED,GUANGZOU YUESHEN MEDICAL EQUIPMENT,,,,,,China,Rwanda,,,90221400,"OTHER APPARATUS BASED ON THE USE OF XRAYS├Á, FOR MEDICAL,",,1.0,NMB,5.0,256.85,,,
2024-12-18,哈萨克斯坦,中国,ТОО НЕОМЕДИКАЛ,SHENZHEN ANGELL TECHNOLOGY CO LTD,"АСТАНА Р-Н САРЫАРКА,ПР.САРЫАРКА, 31\2, НП 29","SHENZHEN ROOM 408,BUILDING A,HUAHAN INNOVATION PARK,LANSHAN",,,"SHENZHEN ANGELL TECHNOLOGY CO.,LTD",China,Kazakhstan,,,9022140000,ЦИФРОВАЯ МЕДИЦИНСКАЯ РЕНТГЕНОГРАФИЧЕСКАЯ И ФЛЮОРОГРАФИЧЕСКАЯ СИСТЕМА DFM818,,1.0,ШТ,765.0,27579.32,,,
2024-12-18,乌兹别克斯坦,中国,ГУ O'ZMEDIMPEKS,BEIJING WANDONG MEDICAL TECHNOLOGY CO LTD,,,,,,0,,,,9022140000,"1. Интраоперационный (рентгенохирургический) аппарат на базе С-arm, с принадлежностями (Рентгеновская мобильная система С-дуга с ЭОП) Модель: ""HMC-160""-3комп. Товар новый год выпуска 2024г. SN:6080122, 6090122, 6100122. Применяется в хирургическом отделении, ортопедической хирургии, хирургии мочевыводящих путей, хирургии позвоночника, абдоминальной хирургии, обезболивании, кардиологии, отделении гастроэнтерологии, гинекологии и операционной и т. д. Производитель:""Beijing Wandong Medical Technol G31MARKA марка Beijing Wandong Medical Technology YEAR10 год производ 2024 PARAM10 Характеристика товара Применяется в медицине",,3.0,Piece,1650.0,207990.0,,,
2024-12-18,菲律宾,中国,DRYWS ENTERPRISE,NANJING PERLOVE MEDICAL EQUIPMENT CO LTD,"DR 15-16 ELDEC REALTY BLDG., CR BAGO APLAYA, BRGY. BAGO APLAYA, TALOMO, DISTRICT DAVAO",,,,,CHINA,,,,90221400000,DIGITAL MAMMOGRAPHY AND ACCESSORIES,,16.0,PIECE,1244.0,44080.2,EGLV149410385671,,
2024-12-18,尼日利亚,中国,MEDIHEALTH INTERNATIONAL LIMITED,GUANGZHOU PERFECT DREAM MODULAR HOUSE CO LTD,,,,,,China,,,APAPA PORT,9022140000,"Apparatus based on the use of X-rays or of alpha, betaused for medical, surgical .",,0.0,,11720.0,9886.22,,,
2024-12-17,哈萨克斯坦,中国,ТОО НЕОМЕДИКАЛ,SHENZHEN ANGELL TECHNOLOGY CO LTD,"АСТАНА Р-Н САРЫАРКА,ПР.САРЫАРКА, 31\2, НП 29","SHENZHEN ROOM 408,BUILDING A,HUAHAN INNOVATION PARK,LANSHAN",,,"SHENZHEN ANGELL TECHNOLOGY CO.,LTD",China,Kazakhstan,,,9022140000,МОБИЛЬНАЯ РЕНТГЕНОВСКАЯ СИСТЕМА С С-ОБРАЗНОЙ ДУГОЙ ALC-200,,5.0,ШТ,2990.0,223056.33,,,
2024-12-17,巴拉圭,中国,DEZETA SA,,,,,,,CHINA,,,,90221419,"INSTRUMENTOS Y APARATOS DE OPTICA, DEFOTOGRAFIA O DE CINEMATOGRAFIA, DE MEDIDA, DE CONTROL O DE PRECISION, INSTRUMENTOS Y APARATOS MEDICOQUIRURGICOS, PARTES Y ACCESORIOS DE ESTOSINSTRUMENTOS O APARATOS APARATOS DE RAYOS X Y APARATOS QUE UTILICEN RADIACION",,1.0,,0.0,21000.0,,,ARI MEDICAL
2024-12-17,俄罗斯,中国,ООО ИСТ МЕДИКАЛ ГРУПП,SHANGHAI HARPORT INTERNATIONAL TRADE & SUPPLY CHAIN CO LTD,"124482, МОСКВА, ЗЕЛЕНОГРАД, САВЕЛКИНСКИЙ ПРОЕЗД, Д. 4, ЭТ.22, ПОМ. ХХХ",", , SHANGHAI, JIANGCHANG ROAD, JINGAN DISTRICT, NO.17 LANE 1377....",,,"LIAONING KAMPO MEDICAL SYSTEM CO.,LTD.",China,РОССИЯ,,,9022140000,"АППАРАТУРА, ОСНОВАННАЯ НА ИСПОЛЬЗОВАНИИ РЕНТГЕНОВСКОГО ИЗЛУЧЕНИЯ, ПРЕДНАЗНАЧЕННАЯ ДЛЯ ВЕТЕРИНАРНОГО ИСПОЛЬЗОВАНИЯ, ПРИMЕНЯЕТСЯ ДЛЯ ДИАГНОСТИКИ СОСТОЯНИЯ ВНУТРЕННИХ ОРГАНОВ И СИСТЕМ У ЖИВОТНОГО В УСЛОВИЯХ ВЕТЕРИНАРНОЙ КЛИНИКИДЕЙСТВИЕ АППАРАТУРЫ ОСНОВА",,1.0,ШТ,444.0,32800.46,,,ZOOMED
2024-12-17,秘鲁,中国,MEDICA INNOVADORA S A C,NULL,,,,,,CHINA,,Shanghai,,9022140000,"SISTEMA DE ARCO EN C,PERLOVE,PLX112C, HIGH FRECUENCY MOBILE C-ARM SYSTEM DISPOSITIVO MEDICO DE LA CLASE III (DE ALTO RIESGO) SISTEMA DE RAYOS X FLUROSCOPICO MOVIL DE USO GENERAL,DIGITAL SERIE 18F/A24228,REG.SANITARIO:DBC1066E,AUTORIZACION IPEN:NRO: 1044-24,,,,",,1.0,U,570.0,26132.5,,,
2024-12-16,智利,中国,,,,,,,,CHINA,,Hong Kong,Aeropuerto comodoro arturo merino ,90221490,LOS DEMAS APARATOS PARA USO VETERINARIO,,1.0,UNIDADES,29.0,8936.43,7253123054,,
2024-12-16,阿根廷,中国,INTEC S R L,,,,,,,China,,,,90221490900,"LOS DEMAS. LOS DEMAS, PARA USO MEDICO, QUIRURGICO OEC ONE",,2.0,Unidades,0.0,86684.32,,,GENERAL ELECTRIC
2024-12-16,阿根廷,中国,INTEC S R L,,,,,,,China,,,,90221490900,"LOS DEMAS. LOS DEMAS, PARA USO MEDICO, QUIRURGICO OEC ONE",,1.0,Unidades,0.0,46366.03,,,GENERAL ELECTRIC
2024-12-15,孟加拉国,中国,TAMAM CORPORATION,ERBIS ENGINEERING CO LTD,,. JAPAN,,,,CN,,,,90221400,FLAT PANEL DETECTOR- MODEL:DRGEM MANO 4343W,,1.0,,4.0,10350.0,,,
2024-12-15,孟加拉国,中国,D G CENTRAL MEDICAL STORES DEPT,ORICH MEDICAL EQUIPMENT TIANJIN C,,,,,,CN,,,,90221400,X-RAY MACHINE (MODEL DF-211H 500 MA DIGITAL RADIOGRAPHY DR),,12.0,,8400.0,152944.15,,,
2024-12-15,孟加拉国,中国,D G CENTRAL MEDICAL STORES DEPT,ORICH MEDICAL EQUIPMENT TIANJIN C,,,,,,China,,,,90221400,X-RAY MACHINE (MODEL DF-211H 500 MA DIGITAL RADIOGRAPHY DR),,12.0,NMB,8400.0,152944.15,,,
2024-12-15,美国,中国,VARIAN MEDICAL SYSTEMS SAN JOSE,VARIAN MEDICAL SYSTEMS CHINA CO LT,6212 HELLYER AVE, NO 8 YUN CHENG STREET ,N/A,N/A,,"CN, CHINA",,QINGDAO,"OAKLAND, CA",902214,"MEDICAL EQUIPMENT BASE MODEL ASSY, ,MV HALCYON HS902214",HAL2337,4.0,PKG,6588.0,0.0,CHSL493927276BJS,OOLU9792251,
2024-12-15,孟加拉国,中国,TAMAM CORPORATION,ERBIS ENGINEERING CO LTD JAPAN,,,,,,China,,,,90221400,FLAT PANEL DETECTOR- MODEL:DRGEM MANO 4343W,,1.0,NMB,4.0,10350.0,,,
2024-12-14,印度,中国,WIPRO GE MEDICAL DEVICE MANUFACTURING PRIVATE LIMI,GE HUALUN MEDICAL SYSTEMS CO LTD,"No.4, Kadugodi Industrial Area, Sadarmangala Whitefield, Bangalore",,,,,CHINA,,Shanghai,Chennai  ,90221490,5521321-4 - SYSTEM GANTRY HLA FOR OPTIMA IGS 320 - INDIA SEMI FINISHED (PARTS FOR MANUFACTURING OF IGS 320/OPTIMA IGS 325521321-4 - SYSTEM GANTRY HLA FOR OPTIMA IGS 320 - INDIA SEM,,1.0,PCS,0.0,87674.971,ISL0FBU4K8S02,,
2024-12-14,印度,中国,PHILIPS INDIA LIMITED,PHILIPS HEALTHCARE SUZHOU CO LTD,"7, JUSTICE CHANDRA MADHAB ROAD,  KOLKATA, ",,,,,CHINA,,SHANGHAI - PU DONG,SAHAR AIR CARGO ACC (INBOM4),90221490,7120-34 DIGITALDIAGNOST C90 HIGH PERFORMANCE (WITH ACCESERIESS AS PER P/L) (FOR R&D PURPOSE)7120-34 DIGITALDIAGNOST C90 HIGH PERFORMANCE (WITH ACCESERIE,,1.0,NOS,0.0,128308.266,H5YMGKE6NE9ZD,,
2024-12-14,印度,中国,WIPRO GE MEDICAL DEVICE MANUFACTURING PRIVATE LIMI,GE HUALUN MEDICAL SYSTEMS CO LTD,"No.4, Kadugodi Industrial Area, Sadarmangala Whitefield, Bangalore",,,,,CHINA,,Shanghai,Chennai  ,90221490,5521321-4 - SYSTEM GANTRY HLA FOR OPTIMA IGS 320 INDIA SEMIFINISHED (PARTS FOR MANUFACTURING OF IGS 320/OPTIMA IGS 3205521321-4 - SYSTEM GANTRY HLA FOR OPTIMA IGS 320 INDIA SEMI,,1.0,PCS,0.0,87674.971,JVJ4PJ07AINPI,,
2024-12-13,巴基斯坦,中国,BIOS,SHENZHEN BROWINER TECH CO LTD,"2nd Floor, Building No. 2C, 12 Commercial, Phase II Ext., D.H.A. Karachi, Karachi South Saddar Town","ROOM NO. 501, BUILDING C, GANGHONGJI HIGH-TECH INTELLIGENT INDUSTRIAL PARK, NO. 1008, SONGBAI ROAD, YANGGUANG COMMUNITY, XILI STREET, NANSHAN DISTRICT, 518055 SHENZHEN, CHINA",,,,China (CN),,,MCC Appraisement Karachi West - Import ,90221400,MOBILE C-ARM X-RAY SYSTEM COMPAX500C WITH STD ACCESSORIES PNRA NOC NO. RNSD-III/IM.RG-1558 1/2024 DATED 10/01/2025,,0.0,u,0.553,30000.0,LGZKHI24B13261PH,,
2024-12-13,印度,中国,SIEMENS HEALTHCARE PRIVATE LIMITED,SIEMENS HEALTHINEERS AG,"130, PANDURANG BUDHKAR MARG,  N/A",,,,,CHINA,,Shanghai,NHAVA SHEVA SEA (INNSA1),90221490,( IMAGE INTENSIFIER SYSTEM COMPLETE WITH ACCESSORIES ( AS PER INV)) CIOS SELECT VA21 II( IMAGE INTENSIFIER SYSTEM COMPLETE WITH ACCESSORIES ( AS PE,,1.0,SET,0.0,40683.842,KA34VYQKIMFRM,,
2024-12-13,墨西哥,中国,GE SISTEMAS MEDICOS DE MEXICO SA DE CV,GE HUALUN MEDICAL SYSTEMS CO LTD,"ANTONIO DOVALI JAIME 70 TORRE B PISO 4 AVENIDA JAVIER BARROS SIERRA Y AVENIDA SANTA FE

Ciudad de Mexico
01210","YONG CHANG NORTH ROAD
BEIJINGCHINA

100176",,,,CHINA,,,NUEVO LAREDO NUEVO LAREDO TAMAULIPAS.,9022149101,SISTEMA RADIOGRAFICO XR6000 CON SUS ACCESORIOS,,1.0,PIECE,925.0,44872.55,,,
2024-12-13,印度,中国,SIEMENS HEALTHCARE PRIVATE LIMITED,SIEMENS HEALTHINEERS AG,"130, PANDURANG BUDHKAR MARG,  N/A",,,,,CHINA,,Shanghai,NHAVA SHEVA SEA (INNSA1),90221490,( IMAGE INTENSIFIER SYSTEM COMPLETE WITH ACCESORIES ( AS PERINV ) ) CIOS SELECT VA21 II( IMAGE INTENSIFIER SYSTEM COMPLETE WITH ACCESORIES ( AS PER,,1.0,SET,0.0,39435.281,T92RPB6NHC0ZD,,
2024-12-13,哈萨克斯坦,中国,ТОО КАТЭПАЭ,NANJING PERLOVE MEDICAL EQUIPMENT CO LTD,"Г. АЛМАТЫ, МКР. ТАУГУЛЬ АМАНЖОЛ 9","NANJING 97 WANGXI ROAD, JIANGNING DISTRICT",,,"NANJING PERLOVE MEDICAL EQUIPMENT CO., LTD",China,Kazakhstan,,,9022140000,"(ПРИМЕНЯЕТСЯ В КЛИНИЧЕСКИХ ОТДЕЛЕНИЯХ БОЛЬНИЦ ВСЕХ УРОВНЕЙ, ДЛЯ УДОВЛЕТВОРЕНИЯ ТРЕБОВАНИЙ РАДИОЛОГИИ, ЦЕНТРОВ ФИЗИЧЕСКОГО ОСМОТРА, ЦЕНТРОВ ВИЗУАЛИЗАЦИИ, ВНУТРЕННЕЙ МЕДИЦИНЫ, ХИРУРГИИ, ОТДЕЛЕНИЙ НЕОТЛОЖНОЙ ПОМОЩИ, КОСТИ, ОТДЕЛЕНИЕ ТРАВМАТОЛОГИИ, ГАСТР ОЭНТ",,3.0,ШТ,3228.0,167966.25,,,PERLOVE MEDICAL
2024-12-13,俄罗斯,中国,ООО ШТЕЙМАН КРАФТ,SHENZHEN SONTU MEDICAL IMAGING EQUIPMENT CO LTD,"129226, , Г. МОСКВА, УЛ. ДОКУКИНА, Д.8, СТР. 2, ПОМ.3.1, ЭТ.6,","518122, PINGSHAN NEW DISTRICT, SHENZHEN, 101, 102, 202, BUILDING NO. 1, SHENZHEN.",,,"SHENZHEN SONTU MEDICAL IMAGING EQUIPMENT CO., LTD.",China,РОССИЯ,,,9022140000,"АППАРАТУРА НА ОСНОВЕ РЕНТГЕНОВСКОГО ИЗЛУЧЕНИЯ ДЛЯ МЕДИЦИНСКОГО ИСПОЛЬЗОВАНИЯ, РАДИОАКТИВНЫЕ ИСТОЧНИКИ ОТСУТСТВУЮТ, ПОСТАВЛЯЕТСЯ В ЧАСТИЧНО РАЗОБРАННОМ ВИДЕ ДЛЯ УДОБСТВА ТРАНСПОРТИРОВКИ, КОД ОКПД2-26.60.11.113:",,1.0,ШТ,648.0,30726.18,,,ОТСУТСТВУЕТ
2024-12-13,巴基斯坦,中国,BIOS,SHENZHEN BROWINER TECH CO LTD,"2nd Floor, Building No. 2C, 12 Commercial, Phase II Ext., D.H.A. Karachi, Karachi South Saddar Town",,,,,China                         ,,,KAPW,90221400,MOBILE C-ARM X-RAY SYSTEM COMPAX500C WITH STD ACCESSORIES PNRA NOC NO. RNSD-III/IM.RG-1558 1/2024 DATED 10/01/2025,,1.0,u,0.0,30000.0,,,
2024-12-12,印度,中国,BHARAT ELECTRONICS LIMITED,GE HANGWEI MEDICAL SYSTEMS CO,"OUTER RING ROAD,NAGAVARA  N/A",,,,,CHINA,,Beijing,BANGALORE ACC (INBLR4),90221490,"INDIAN ORIGIN GOODS - REIMPORT FOR REPAIR - GEMINI ANODE END HORN, 5318745 - SL  NO AS PER RMA NO. 02/MCSINDIAN ORIGIN GOODS - REIMPORT FOR REPAIR - GEMINI ANODE END",,4.0,NOS,0.0,1629.16,BAL3MIONTW4L7,,
2024-12-12,墨西哥,中国,GE SISTEMAS MEDICOS DE MEXICO SA DE CV,GE HUALUN MEDICAL SYSTEMS CO LTD,"ANTONIO DOVALI JAIME 70 TORRE B PISO 4 AVENIDA JAVIER BARROS SIERRA Y AVENIDA SANTA FE

Ciudad de Mexico
01210","YONG CHANG NORTH ROAD
BEIJINGCHINA

100176",,,,CHINA,,,NUEVO LAREDO NUEVO LAREDO TAMAULIPAS.,9022149101,SISTEMA RADIOGRAFICO XR6000 CON SUS ACCESORIOS,,1.0,PIECE,913.5,29246.21,,,
2024-12-12,俄罗斯,中国,ООО ИСТ МЕДИКАЛ ГРУПП,SHANGHAI HARPORT INTERNATIONAL TRADE & SUPPLY CHAIN CO LTD,"124482, МОСКВА, ЗЕЛЕНОГРАД, САВЕЛКИНСКИЙ ПРОЕЗД, Д. 4, ЭТ.22, ПОМ. ХХХ",", , SHANGHAI, JIANGCHANG ROAD, JINGAN DISTRICT, NO.17 LANE 1377..,,.",,,"LIAONING KAMPO MEDICAL SYSTEM CO.,LTD.",China,РОССИЯ,,,9022140000,"АППАРАТУРА, ОСНОВАННАЯ НА ИСПОЛЬЗОBАНИИ РЕНТГЕНОВСКОГО ИЗЛУЧЕНИЯ, ПРЕДНАЗНАЧЕННАЯ ДЛЯ ВЕТЕРИНАРНОГО ИСПОЛЬЗОВАНИЯ, ПРИМЕНЯЕТСЯ ДЛЯ ДИАГНОСТИКИ СОСТОЯНИЯ ВНУТРЕННИХ ОРГАНОВ И СИСТЕМ У ЖИВОТНОГО В УСЛОВИЯХ ВЕТЕРИНАРНОЙ КЛИНИКИДЕЙСТВИЕ АППАРАТУРЫ ОСНОВА",,1.0,ШТ,420.0,29949.87,,,ZOOMED
2024-12-12,巴基斯坦,中国,PLANET TECHNOLOGY,POSTEN GROUP LTD,"SHOP NO. MG-4, SARWAR CENTER NO.2, BEHIND 30-MALL ROAD, LAHORE., Lahore Data Gunj Bukhsh Town","719 ROOM,KAILI BUILDING 33 CUIZHU NORTH RD DUSHU COMMUNITY DONGXIAO STREET LUO",,,,China (CN),,,"MCC Appraisement, Lahore - Imports",90221400,X - RAY BAGGAGE MACHINE,,0.0,u,10.659,1400.0,HL2410001701,,
2024-12-12,印度,中国,BHARAT ELECTRONICS LIMITED,GE HANGWEI MEDICAL SYSTEMS CO,"OUTER RING ROAD,NAGAVARA  N/A",,,,,CHINA,,Beijing,BANGALORE ACC (INBLR4),90221490,"INDIAN ORIGIN GOODS - REIMPORT FOR REPAIR - GEMINI ANODE END HORN, 5318745 - SL  NO AS PER RMA NO. 02/MCSINDIAN ORIGIN GOODS - REIMPORT FOR REPAIR - GEMINI ANODE END",,11.0,NOS,0.0,4480.19,BAL3MIONTW4L7,,
2024-12-12,巴基斯坦,中国,PLANET TECHNOLOGY,POSTEN GROUP LIMITED,"SHOP NO. MG-4, SARWAR CENTER NO.2, BEHIND 30-MALL ROAD, LAHORE., Lahore Data Gunj Bukhsh Town",,,,,China                         ,,,LAPR,90221400,X - RAY BAGGAGE MACHINE,,4.0,u,0.0,1400.0,,,
2024-12-11,印度,中国,EPSILON HEALTHCARE SOLUTIONS PRIVATE LIMITED,LIAONING DTKL TECHNOLOGY CO LTD,J-4/3B FIRST FLOOR DDA FLATS  KALKAJI ,,,,,CHINA,,Shanghai,DELHI AIR CARGO ACC (INDEL4),90221410,X-RAY GENERATOR WITHOUT TUBE DTKL65H WITH SINGLE TUBE ATTACHMENT 65KW 380V FY SOFTWARE WITH LIFELONG (PART FOR MFR. OF MPART FOR MFR. OF MEDICAL X-RAY MACHINE,,3.0,NOS,0.0,9132.861,LHK61A31J43M5,,
2024-12-11,哈萨克斯坦,中国,ТОВАРИЩЕСТВО С ОГРАНИЧЕННОЙ ОТВЕТСТВЕННОСТЬЮ MEDSYST МЕДСИСТ,ANGELL TECHNOLOGY CHONGQING CO LTD,"Г.АЛМАТЫ, АЛМАЛИНСКИЙ РАЙОН УЛ.НАУРЫЗБАЙ БАТЫРА, ЗДАНИЕ 102, КВ.8","THE THIRD FLOOR OF BUILDING 8 AND 10NO26, JIULONGYUAN ROAD JIULONGPO",,,"SHENZHEN ANGELL TECHNOLOGY CO.,LTD.",China,Kazakhstan,,,9022140000,ИСПОЛЬЗУЕТСЯ ДЛЯ РУТИННОЙ РЕНТГЕНОСКОПИИ И ФОТОГРАФИЧЕСКИХ ИССЛЕДОВАНИЙ ДЛЯ ПОЛУЧЕНИЯ ИЗОБРАЖЕНИЙ ДЛЯ КЛИНИЧЕСКОЙ ДИАГНОСТИКИ.,,1.0,ШТ,765.0,25720.23,,,"SHENZHEN ANGELL TECHNOLOGY CO.,LTD."
2024-12-11,巴基斯坦,中国,FUJIFILM PAKISTAN PRIVATE LTD,FUJIFILM CORPORATION,37-D BLOCK-6 P.E.C.H.S.,26-30 NISHIAZABU 2-CHOME MINATO-KU TOKYO 106 8620 JAPAN,,,,China (CN),,,MCC Appraisement Karachi West - Import ,90221400,(MEDICAL EQUIMENT). MAIN UNIT DRYPIX EDGE 3T 6BH E. (QTY. 8SET).,,0.0,u,1.02,35200.0,QYSEA241106,,
2024-12-11,墨西哥,中国,GE SISTEMAS MEDICOS DE MEXICO SA DE CV,GE HUALUN MEDICAL SYSTEMS CO LTD,"ANTONIO DOVALI JAIME 70 TORRE B PISO 4 AVENIDA JAVIER BARROS SIERRA Y AVENIDA SANTA FE

Ciudad de Mexico
01210","YONG CHANG NORTH ROAD
BEIJINGCHINA

100176",,,,CHINA,,,NUEVO LAREDO NUEVO LAREDO TAMAULIPAS.,9022149101,SISTEMA RADIOGRAFICO XR6000 CON SUS ACCESORIOS,,1.0,PIECE,881.0,45473.81,,,
2024-12-11,秘鲁,中国,INTERNACIONAL VET PERÚ S A C,DHL EXPRESS PERU S A C,,,,,,CHINA,,Hong Kong,,9022140000,"GENERADOR DE RAYOS X , TOOTOO MEDITECH, CANIS 5C PARA USO VETERINARIO INCLUYE ACCESORIOS GENERADOR DE RAYOS X S/N: CA5201210HA2224008/001/005,,,,",,3.0,U,45.915,9068.291,,,
2024-12-11,巴基斯坦,中国,FUJIFILM PAKISTAN PRIVATE LIMITED,FUJIFILM CORPORATION,37-D BLOCK-6 P.E.C.H.S.,,,,,China                         ,,,KAPW,90221400,(MEDICAL EQUIMENT). MAIN UNIT DRYPIX EDGE 3T 6BH E. (QTY. 8SET).,,8.0,u,0.0,35200.0,,,
2024-12-11,印度,中国,EPSILON HEALTHCARE SOLUTIONS PRIVATE LIMITED,LIAONING DTKL TECHNOLOGY CO LTD,J-4/3B FIRST FLOOR DDA FLATS  KALKAJI ,,,,,CHINA,,Shanghai,DELHI AIR CARGO ACC (INDEL4),90221410,X-RAY GENERATOR WITHOUT X-RAY TUBE DTKL65HF WITH DUAL TUBE ATTACHMENT 65KW 380V FY SOFTWARE WITH LIFELONG (PART FOR MFR.PART FOR MFR. OF MEDICAL X-RAY MACHINE,,2.0,NOS,0.0,9567.76,LHK61A31J43M5,,
2024-12-10,巴基斯坦,中国,DOW UNIVERSITY OF HEALTH SCIENCES,ATLAS GLOBAL FZE,BABA-E-URDU ROAD  SADDAR TOWN,"OFFICE 708A, JAFZA BUILDING
 NO. 18, SHEIKH ZAYED ROAD P.O. BOX NO.17442
 DUBAI, UAE",,,,China (CN),,,MCC APPRAISEMENT KARACHI EAST - IMPORT ,90221400,GE GAMMA CAMERA MODEL: NM830 (GE MRI MACHINE 1.5T MR WITH STANDARD ACCESSORIES) QTY: 1 PCS N.W: 3365-KGS ORIGIN: CHINA/UK/JAPAN/NETHERLAND/USA,,0.0,u,3.365,300000.0,MFS/KHI/242069,,
2024-12-10,印度,中国,PHILIPS INDIA LIMITED,PHILIPS ELECTRONICS SINGAPORE PTE LTD,"7, JUSTICE CHANDRA MADHAB ROAD,  KOLKATA, ",,,,,CHINA,,Singapore,SAHAR AIR CARGO ACC (INBOM4),90221490,459800669934 JOYSTICKHEAD KIT (PARTS FOR IXR MACHINE) 459800669934 JOYSTICKHEAD KIT (PARTS FOR IXR MACHINE),,1.0,NOS,0.0,104.68,DT9RGUN0Q56PM,,
2024-12-10,乌兹别克斯坦,中国,ООО INTERMED INNOVATION TRADE,SHENZHEN ANGELL TECHNOLOGY CO LTD,,,,,,0,,,,9022140000,"1. Digitall Medical X-ray Radiographic System DTP580B-3 with accessories / Система цифровая медицинская рентгенографическая с принадлежностями (Приложение), модель: DTP580B-3, сер.№DX0252409012741, DX0252409012742, новый год выпуска-2024, Производитель: Shenzhen Angell Technology Co., Ltd. - кол. 2 шт, вес: 1600 кг 2. мест 10, 10 дерев.ящик. 8. 000 9. 024 10. 2024/Напряжение 220V, частота 50/60Hz 11. 02 Общее кол. мест: 10 G31MARKA марка Angell YEAR10 год производ 2024 PARAM10 Характеристика товара Напряжение 220V, частота 50/60Hz",,2.0,Piece,1600.0,100000.0,,,
2024-12-10,巴基斯坦,中国,DOW UNIVERSITY OF HEALTH SCIENCES,ATLAS GLOBAL FZE,BABA-E-URDU ROAD  SADDAR TOWN,,,,,China,,,KAPE,90221400,GE GAMMA CAMERA MODEL: NM830 (GE MRI MACHINE 1.5T MR WITH STANDARD ACCESSORIES) QTY: 1 PCS N.W: 3365-KGS ORIGIN: CHINA/UK/JAPAN/NETHERLAND/USA,,1.0,u,0.0,300000.0,,,
2024-12-10,孟加拉国,中国,KHWAJA YUNUS ALI MEDICAL COLLEGE,ANGELL TECHNOLOGY HK CO LTD HONG K,,,,,,China,,,,90221400,DIGITAL MEDICAL X-RAY RADIOGRAPHIC SYS. WI. ACC.(M: DP326B-2),,1.0,NMB,536.0,55000.0,,,
2024-12-10,厄瓜多尔,中国,DREI SOLUCIONES EQUIPOS E IMAGENESMEDICAS CIA LTDA,BEIJING WANDONG MEDICAL TECHNOLOGY CO LTD,,,,,,CHINA,,CNSHA-,,9022140000,EQUIPO DE RAYOS X CONVENCIONAL,,1.0,NUMERO DE UNIDADES,3150.0,27115.8,CEC2024WHLU5754,,WDM
2024-12-10,南苏丹,中国,R K GENERAL ENTERPRISE LIMITED,JASCOM TRADING LIMITED,,,,,,CHINA,SOUTH SUDAN,,,90221400,WIPE THE X-RAY,,2.347,NMB,2.347,905.3221,,,
2024-12-10,孟加拉国,中国,KHWAJA YUNUS ALI MEDICAL COLLEGE,ANGELL TECHNOLOGY HK CO LTD,, HONG K,,,,CN,,,,90221400,DIGITAL MEDICAL X-RAY RADIOGRAPHIC SYS. WI. ACC.(M: DP326B-2),,1.0,,536.0,55000.0,,,
2024-12-10,哥伦比亚,中国,GSMED S A S,YIAN MEDICAL TECHNOLOGY HAINING CO LTD,KR 69 25 B 44 OF 614,"1ST FA 1,2ND FA 1, BUILDING A, NO.",,,,CHINA,,,,9022140000,"DO N584-24 DECLARACION(1-1) // NO REQUIERE REGISTRO DE IMPORTACION SEGUN DECRETO 925 DE 2013 // ESTOS PRODUCTOS NO REQUIEREN DE VISTO BUENO NI REGISTRO SANITARIO DEL INVIMA PARA SU IMPORTACION Y COMERCIALIZACION EN COLOMBIA,NO SE PUEDEN USAR EN HUMANOS, SON DE USO UNICO Y EXCLUSIVO VETERINARIO // PRODUCTO: MAQUINA DIGITAL DE RAYOS X VETERINARIO, MARCA: NO APLICA, MODELO: VDR305C, REFERENCIA: NO APLICA, USO O DESTINO: SON DE USO UNICO Y EXCLUSIVOVETERINARIO, NO SE PUEDEN USAR EN HUMANOS, TECNICA DE DIAGNOSTICO: VISUALIZACION DE IMAGENOS POR RAYOS X, SERIAL: VA62000782007222402, INCLUYE SU MESA DE SOPORTE Y PERIFERICOS COMO TECLADO, MAUSE Y CPU // INCLUYE SU UNIDAD PORTATIL CON MODELO CANIS5C Y SERIAL CA5101210H61824012 Y SUS DEMAS PARTES ELEMENTOS Y ACCESORIOS PARA SU NORMAL FUNCIONAMIENTO EINSTALACION, MERCANCIA NUEVA, PAIS DE ORIGEN: CHINA. CANT (1) UNIDAD // PRODUCTO: MAQUINA DIGITALDE RAYOS X VETERINARIO, MARCA: NO APLICA, MODELO: VDR305C, REFERENCIA: NO APLICA, USO O DESTINO: SON D",,2.0,NUMERO DE ARTICULOS,539.0,22374.1,,,
2024-12-10,科特迪瓦,中国,KABA FATOUMATA,FOSHAN THOMAS TOOL CO LTD,"01 BP 1330 ABIDJAN (VILLE) 01, -",NO 28-30 BUILDING 12 GUA,,,,Chine,COTE D'IVOIRE,,,9022140000,"9022140000 - -- Appareils à rayons X pour usages médicaux, ch",,0.0,,410.0,392.4037,,,
2024-12-10,厄瓜多尔,中国,DREI SOLUCIONES EQUIPOS E IMAGENESMEDICAS CIA LTDA,BEIJING WANDONG MEDICAL TECHNOLOGY CO LTD,,,,,,CHINA,,CNSHA-,,9022140000,EQUIPO DE RAYOS X CONVENCIONAL,,1.0,NUMERO DE UNIDADES,3150.0,27115.8,CEC2024WHLU5754,,WDM
2024-12-09,乌克兰,中国,ТОВ ЕКНА УКРАЇНА,SHENZHEN LANMAGE MEDICAL TECHNOLOGY CO LTD,02141 МІСТО КИЇВ ВУЛ ЛАРИСИ РУДЕНКО 6А,1ST FLOOR BUILDING B JINGCHENGDA INDUSTRIAL PARK NO 4 KEJI ROAD,,,,China,,,,9022140000,АПАРАТУРА ЩО ВИКОРИСТОВУЄ РЕНТГЕНІВСЬ КЕ ВИПРОМІНЮВАННЯ ПРИЗНАЧЕНА ДЛЯ МЕДИЧН ОГО ВИКОРИСТАННЯ АПАРАТ РЕНТГЕНІВСЬКИЙ ДІАГНОСТИЧНИЙ СТАЦ ІОНАРНИЙ ТОРГОВЕЛЬНА НАЗВА СИСТЕМА РЕНТГ ЕНІВСЬКА РАДІОГРАФІЧНА 6600 1 КОМПЛЕКТ ДО КОМПЛЕКТУ ВХОДИТЬ ГЕНЕРАТОР РЕНТГЕНІВСЬКОГО ВИПРОМІНЮВАННЯ 50KW 1 ШТ РЕНТГЕНІВСЬКА ТРУБКА ВИПРОМІНЮВАЧ З К ОЛОНОЮ 1 ШТ РУЧНИЙ РЕНТГЕНІВСЬКИЙ КОЛІМАТОР З ФУНКЦ ІЄЮ ІНДИКАТОРА ПОЛЯ ЗОРУ 1 ШТ ЦИФРОВИЙ ПЛОСКОПАНЕЛЬНИЙ ДЕТЕКТОР РЕНТГ ЕНОГРАФІЧНОГО ЗОБРАЖЕННЯ 17 Х17 1 ШТ РЕНТГЕНІВСЬКИЙ ШТАТИВ 1 ШТ РУХОМИЙ ОГЛЯДОВИЙ СТІЛ ДЛЯ ПАЦІЄНТА З КОЛЕСАМИ З ФІКСАЦІЄЮ 1 ШТ AEC ДАТЧИКИ АВТОМАТИЧНОГО КОНТРОЛЮ ЕКС ПОЗИЦІЇ ІОНІЗАЦІЙНІ КАМЕРИ 1 ШТ СТАНЦІЯ ВІЗУАЛІЗАЦІЇ КОНСОЛЬ ОПЕРАТОРА ПК ТА ПРОФЕСІЙНЕ ПРОГРАМНЕЗ АБЕЗПЕЧЕННЯ РОС ВЕРСІЇ ОПЕРАЦІЙНА СИСТ ЕМА WIN10 СВІТЛОДІОДНИЙ МОНІТОР ПРОЦЕ СОР INTEL G АПАРАТНЕ СХОВИЩЕ 500G 1 ШТ ІНТЕРАКТИВНА ПАНЕЛЬ КЕРУВАННЯ ТРУБНОГО ТЕРМІНАЛУ В ЗБОРІ 9 7 СЕНСОРНИЙ ЕКРАН 1 ШТ ПУЛЬТ УПРАВЛІННЯ 1 ШТ АПАРАТ РЕНТГЕНІВСЬКИЙ ДІАГНОСТИЧНИЙ СТАЦ ІОНАРНИЙ ТОРГОВЕЛЬНА НАЗВ,,1.0,ШТ,1640.0,60500.0,,,
2024-12-09,巴基斯坦,中国,FINEMED,AL MUNTAZIR GENERAL TRADING LLC FZE,"OFFICE#05 PLOT FLAT#1,BLOCK-13/D GULSHAN-E-IQBAL",,,,,China                         ,,,KAPS,90221400,"OLD & USED X-RAY MACHINE WITH ALL STD. ACCESSORIES & ATTACHMENTS, QTY: 3 PCS.",,3.0,u,0.0,900.0,,,
2024-12-09,印度,中国,REGENCY HOSPITAL LIMITED,SIEMENS HEALTHINEERS INTERNATIONAL AG,"A-2,SARVODAYA NAGAR  N/A",,,,,CHINA,,Xingang,TUGHLAKABAD,90221490,PARTIAL SHIPMENT CONSISTING OF LINEAR ACCELERATOR HALCYON FOR MEDICAL APPLICATION ( AS PER INV / PL)PARTIAL SHIPMENT CONSISTING OF LINEAR ACCELERATOR HALCYON FO,,1.0,NOS,0.0,772023.77,C2O63C9DPZ7IZ,,
2024-12-09,巴基斯坦,中国,FINEMED,AL MUNTAZIR GENERAL TRADING LLC,"OFFICE#05 PLOT FLAT#1,BLOCK-13/D GULSHAN-E-IQBAL","BUSINESS CENTER 1, M FLOOR, THE MEYDAN HOTEL, NAD-AL-SHEBA, DUBAI, UAE.  , CNSHK ,",,,,China (CN),,,MCC Appraisement SAPT Karachi,90221400,"OLD & USED X-RAY MACHINE WITH ALL STD. ACCESSORIES & ATTACHMENTS, QTY: 3 PCS.",,0.0,u,8.97,900.0,SHK9310081,,
2024-12-08,印度,中国,WIPRO GE MEDICAL DEVICE MANUFACTURING PRIVATE LIMI,GE HUALUN MEDICAL SYSTEMS CO LTD,"No.4, Kadugodi Industrial Area, Sadarmangala Whitefield, Bangalore",,,,,CHINA,,Shanghai,Chennai  ,90221490,5521321-4 - SYSTEM GANTRY HLA FOR OPTIMA IGS 320 INDIA SEMIFINISHED-(PARTS FOR MANUFACTURING OF IGS 320/OPTIMA IGS 3205521321-4 - SYSTEM GANTRY HLA FOR OPTIMA IGS 320 INDIA SEMI,,1.0,PCS,0.0,87011.949,BKDS4ZADSSEZ6,,
2024-12-08,印度,中国,WIPRO GE MEDICAL DEVICE MANUFACTURING PRIVATE LIMI,GE HUALUN MEDICAL SYSTEMS CO LTD,"No.4, Kadugodi Industrial Area, Sadarmangala Whitefield, Bangalore",,,,,CHINA,,Shanghai,Chennai  ,90221490,5521321-4 - SYSTEM GANTRY HLA FOR OPTIMA IGS 320 INDIA SEMIFINISHED (PARTS FOR MANUFACTURING OF IGS 320/OPTIMA IGS 325521321-4 - SYSTEM GANTRY HLA FOR OPTIMA IGS 320 INDIA SEMI,,1.0,NOS,0.0,86923.313,6LOIYU2Y8FK8V,,
2024-12-06,秘鲁,中国,MEDICAL IMPORT PERU S A C,,,,,,,CHINA,,Madrid,,9022140000,"FLAT PANEL VETERINARIO,MEDISNGLONG,MSLFP06, SN: FV36Z011H521240070X; PRODUCCION: AGOSTO 2024 USO VETERINARIO FLAT PANEL ACCESORIO PARA MAQUINA DE RAYOS X MATERIAL: CSI,,,,",,1.0,U,16.752,3168.79,,,
2024-12-06,菲律宾,中国,PHILIPS PHILIPPINES INC,PHILIPS HEALTHCARE SUZHOU LTD,"10F SUNLIFE CENTRE 5TH AVE COR RIZAL DRIVE FORT BONIFACIO, TAGUIG CITY",,,,,CHINA,,,,90221400000,1 PCE DURADIAGNOST F30 1.1 (PHILIPS),,1.0,PIECE,1151.0,22156.9,CPL0211857A,,
2024-12-06,印度,中国,SIEMENS HEALTHCARE PRIVATE LIMITED,SIEMENS HEALTHINEERS AG,"130, PANDURANG BUDHKAR MARG,  N/A",,,,,CHINA,,Shanghai,NHAVA SHEVA SEA (INNSA1),90221490,( IMAGE INTENSIFIER SYSTEM COMPLETE WITH ACCESSORIES ( AS PER INV ) ) CIOS SELECT VA21 II( IMAGE INTENSIFIER SYSTEM COMPLETE WITH ACCESSORIES ( AS PE,,1.0,SET,0.0,39510.94,2IEYNJPQSYF74,,
2024-12-06,印度,中国,SIEMENS HEALTHCARE PRIVATE LIMITED,SIEMENS HEALTHINEERS AG,"130, PANDURANG BUDHKAR MARG,  N/A",,,,,CHINA,,Shekou,NHAVA SHEVA SEA (INNSA1),90221490,( CARDIAC AND VASCULAR ANGIOGRAPHY INCL DSA COMPLETE WITH ACCESSORIES AS PER INV ) ARTIS ONE( CARDIAC AND VASCULAR ANGIOGRAPHY INCL DSA COMPLETE WITH AC,,1.0,SET,0.0,266316.281,BDYZV5XVCSW1H,,
2024-12-06,巴基斯坦,中国,PLANET TECHNOLOGY,POSTEN GROUP LIMITED,"SHOP NO. MG-4, SARWAR CENTER NO.2, BEHIND 30-MALL ROAD, LAHORE., Lahore Data Gunj Bukhsh Town",,,,,China,,,KAPE,90221400,X - RAY BAGGAGE MACHINE,,4.0,u,0.0,1400.0,,,
2024-12-06,哈萨克斯坦,中国,ТОО ФИРМА АЗИЯ МЕД,SHENZHEN ANKE HIGH TECH CO LTD,"Г.АЛМАТЫ, ТУРКСИБСКИЙ Р-Н УЛ.САУРАНБАЕВА 6","BLOCK B, LING YA INDUSTRIAL ZONE TANGTOU NO.1 ROAD , SHIYAN SHENZHEN, 518108 , P.R.",,,"SHENZHEN ANKE HIGH-TECH CO., LTD. , КИТАЙ",КИТАЙ,КАЗАХСТАН,,,9022140000,"1. СИСТЕМА ЦИФРОВОЙ МАММОГРАФИИ ASR-4000E С ПРИНАДЛЕЖНОСТЯМИ,",,1.0,ШТ,542.5,56738.62,,,ОТСУТСТВУЕТ
2024-12-06,哈萨克斯坦,中国,ТОО КАТЭПАЭ,NANJING PERLOVE MEDICAL EQUIPMENT CO LTD,"Г. АЛМАТЫ, МКР. ТАУГУЛЬ АМАНЖОЛ 9","NANJING 97 WANGXI ROAD, JIANGNING DISTRICT",,,"NANJING PERLOVE MEDICAL EQUIPMENT CO., LTD",КИТАЙ,КАЗАХСТАН,,,9022140000,"(ПРИМЕНЯЕТСЯ В КЛИНИЧЕСКИХ ОТДЕЛЕНИЯХ БОЛЬНИЦ ВСЕХ УРОВНЕЙ, ДЛЯ УДОВЛЕТВОРЕНИЯ ТРЕБОВАНИЙ РАДИОЛОГИИ, ЦЕНТРОВ ФИЗИЧЕСКОГО ОСМОТРА, ЦЕНТРОВ ВИЗУАЛИЗАЦИИ, ВНУТРЕННЕЙ МЕДИЦИНЫ, ХИРУРГИИ, ОТДЕЛЕНИЙ НЕОТЛОЖНОЙ ПОМОЩИ, КОСТИ, ОТДЕЛЕНИЕ ТРАВМАТОЛОГИИ, ГАСТР ОЭНТ",,1.0,ШТ,1984.0,87513.88,,,PERLOVE MEDICAL
2024-12-06,巴基斯坦,中国,PLANET TECHNOLOGY,POSTEN GROUP LTD,"SHOP NO. MG-4, SARWAR CENTER NO.2, BEHIND 30-MALL ROAD, LAHORE., Lahore Data Gunj Bukhsh Town","719 ROOM,KAILI BUILDING 33 CUIZHU NORTH RD DUSHU COMMUNITY DONGXIAO STREET LUO",,,,China (CN),,,MCC APPRAISEMENT KARACHI EAST - IMPORT ,90221400,X - RAY BAGGAGE MACHINE,,0.0,u,10.659,1400.0,HL2410001701,,
2024-12-06,印度,中国,SIEMENS HEALTHCARE PRIVATE LIMITED,SIEMENS HEALTHINEERS AG,"130, PANDURANG BUDHKAR MARG,  N/A",,,,,CHINA,,Shanghai,NHAVA SHEVA SEA (INNSA1),90221490,( IMAGE INTENSIFIER SYSTEM COMPLETE WITH ACCESSORIES ( AS PER INV ) ) CIOS SELECT VA21 II( IMAGE INTENSIFIER SYSTEM COMPLETE WITH ACCESSORIES ( AS PE,,1.0,SET,0.0,39494.264,7L6T26DRUQ501,,
2024-12-06,秘鲁,中国,MEDICAL IMPORT PERU S A C,,,,,,,CHINA,,Madrid,,9022140000,"FLAT PANEL VETERINARIO,MEDSINGLONG,MSLFP06, SN: FV36Z011H813240030X, PRODUCCION: AGOSTO 2024 USO VETERINARIO FLAT PANEL ACCESORIO PARA MAQUINA DE RAYOS X MATERIAL: CSI,,,,",,1.0,U,16.752,3168.789,,,
2024-12-05,墨西哥,中国,GE SISTEMAS MEDICOS DE MEXICO SA DE CV,GE HUALUN MEDICAL SYSTEMS CO LTD,"ANTONIO DOVALI JAIME 70 TORRE B PISO 4 AVENIDA JAVIER BARROS SIERRA Y AVENIDA SANTA FE

Ciudad de Mexico
01210","YONG CHANG NORTH ROAD
BEIJINGCHINA

100176",,,,CHINA,,,NUEVO LAREDO NUEVO LAREDO TAMAULIPAS.,9022149101,SISTEMA RADIOGRAFICO XR6000 CON SUS ACCESORIOS,,1.0,PIECE,876.0,19611.87,,,
2024-12-05,厄瓜多尔,中国,SIEMENS HEALTHCARE CIA LTDA,SIEMENS SHANGHAI MEDICAL EQUI LTD,,,,,,CHINA,,CNSHA-,,9022140000,EQUIPO TIPO ARCO EN C MODELO CIOS SELECT CON TODAS SU PARTES Y ACCESORIOS PARA SU CORRECTO FUNCIONAMIENTO,,1.0,NUMERO DE UNIDADES,395.0,31764.15,CEC2024WHLU5754,,SIEMENS
2024-12-05,美国,中国,VARIAN MEDICAL SYSTEMS SAN JOSE,VARIAN MEDICAL SYSTEMS CHINA CO LT,6212 HELLYER AVE, NO 8 YUN CHENG STREET ,N/A,N/A,,"CN, CHINA",,QINGDAO,"OAKLAND, CA",902214,"MEDICAL EQUIPMENT BASE MODEL ASSY, ,MV HALCYON HS902214MEDICAL EQUIPMENT BASE MODEL ASSY, ,MV HALCYON HS902214",HAL2332HAL2331,8.0,PKG,13176.0,0.0,CHSL493123398BJS,"CAIU8837058,CBHU9130049",
2024-12-05,巴拿马,中国,HORACIO ICAZA Y COMPAIA S A,SIEMENS HEALTHINEERS AG,,,,,,CHINA,,,PANAMA CITY,902214000000,EQUIPO RAYOS X COMPLETO CON SUS PARTES Y ACCESORIOS,,1.0,Unidad,683.0,52762.93,,,
2024-12-05,俄罗斯,中国,АО ВЭД АГЕНТ,SHENZHEN LANMAGE MEDICAL TECHNOLOGY CO LTD,"630005, НОВОСИБИРСКАЯ ОБЛ., Г.НОВОСИБИРСК, УЛ.ОЛЬГИ ЖИЛИНОЙ , Д.33, КВ.105,","518000, BAO'AN DISTRICT, SHENZHEN,, FLOOR 1ST, BUILDING B, JINGCHENGDA INDUSTRIA.",,,"SHENZHEN LANMAGE MEDICAL TECHNOLOGY CO., LTD.",China,РОССИЯ,,,9022140000,"СИСТЕМА МАММОГРАФИЧЕСКАЯ РЕНТГЕНОВСКАЯ СТАЦИОНАРНАЯ, ЦИФРОВАЯ, АРТИКУЛ 8100А - ПРЕДСТАВЛЯЕТ СОБОЙ АППАРАТУРУ РЕНТГЕНОВСКУЮ МЕДИЦИНСКУЮ ДИАГНОСТИЧЕСКУЮ, ПРЕДНАЗНАЧЕННАЯ ДЛЯ МЕДИЦИНСКОГО ИСПОЛЬЗОВАНИЯ.",,1.0,ШТ,440.0,36112.4,,,PRESTIGE
2024-12-05,美国,中国,VARIAN MEDICAL SYSTEMS SAN JOSE,VARIAN MEDICAL SYSTEMS CHINA CO LT,6212 HELLYER AVE, NO 8 YUN CHENG STREET ,N/A,N/A,,"CN, CHINA",,QINGDAO,"OAKLAND, CA",902214,"MEDICAL EQUIPMENT BASE MODEL ASSY, ,MV HALCYON HS902214",HAL2336,4.0,PKG,6588.0,0.0,CHSL493123407BJS,CBHU9144192,
2024-12-05,印度,中国,WIPRO GE MEDICAL DEVICE MANUFACTURING PRIVATE LIMI,GE HUALUN MEDICAL SYSTEMS CO LTD,"No.4, Kadugodi Industrial Area, Sadarmangala Whitefield, Bangalore",,,,,CHINA,,Shanghai,Chennai  ,90221490,5521321-4 - SYSTEM GANTRY HLA FOR OPTIMA IGS 320 INDIA SEMIFINISHED (PARTS FOR MANUFACTURING OF IGS 320/OPTIMA IGS 3205521321-4 - SYSTEM GANTRY HLA FOR OPTIMA IGS 320 INDIA SEMI,,1.0,PCS,0.0,87772.105,Q5ISETZKDVBFX,,
2024-12-04,乌干达,中国,GOD'S GRACE BIOMED SUPPLY LIMITED,GUANGZHOU YUESHEN MEDICAL EQUIPMENT CO LTD,,,,,,CHINA,UGANDA,,,90221400000,WIRE FLAT PANEL DETECTOR,,1.0,Number,27.0,3045.0001,,,
2024-12-04,乌兹别克斯坦,中国,ООО FORTEK,SHENZHEN SONTU MEDICAL IMAGING EQUIPMENT CO LTD КИТАЙ,,,,,,0,,,,9022140000,"1) Система цифровая радиографическая флюороскопическая модель:SONTU500-Sirius UC/ Digital fluoroscopy radiography X-ray system SONTU500-Sirius UC / в комп./Новый,2024г.в./Пр-ль.:""SHENZHEN SONTU MEDICAL IMAGING EQUIPMENT CO. LTD"", Китай./Сер.№20240925000009, 20240925000010/Комплект состоит из: стойка рентгенографической системы с компонентами, стол пациента мобильный, блок рентгеновской трубки, коллиматор, панель управления, консоль дистанционного управления, цифровой плоскопанельный детектор, ре G31MARKA марка SONTU YEAR10 год производ 2024 PARAM10 Характеристика товара Цифровая рентгенографическая и рентгеноскопическая система типа UC-arm SONTU500-SIRIUS UC, c сенсорной панелью управления 9.9? для проведения рентгенографии и рентгеноскопии всего тела.",,2.0,Piece,1450.0,60000.0,,,
2024-12-04,乌兹别克斯坦,中国,ООО FORTEK,SHENZHEN SONTU MEDICAL IMAGING EQUIPMENT CO LTD КИТАЙ,,,,,,0,,,,9022140000,"1) Система цифровая рентгенографическая модель: SONTU100-RAD(S)-D / Digital radiography X-ray System SONTU100-RAD(S)-D / в комп./Новый,2024г.в./Пр-ль.:""SHENZHEN SONTU MEDICAL IMAGING EQUIPMENT CO. LTD"", Китай./Сер.№20241010000005, 20241010000006/ Комплект состоит из: вертикальная стойка для снимков, рентгенографический стол, рентгеновская трубка и колонна излучателя, коллиматор, панель управления, плоскопанельный детектор, рентгеновская отсеивающая сетка, генератор высокочастотный, консоль диста G31MARKA марка SONTU YEAR10 год производ 2024 PARAM10 Характеристика товара Цифровая рентгенографическая система SONTU100-RAD(S)-D предназначена для создания цифровых рентгенографических снимков черепа, позвоночного столба, грудной клетки, брюшной полости, конечностей и других частей тела пациентов любого возраста.",,2.0,Piece,1186.0,44000.0,,,
2024-12-04,厄瓜多尔,中国,SIEMENS HEALTHCARE CIA LTDA,SIEMENS SHANGHAI MEDICAL EQUIPMENT LTD,,,,,,CHINA,,PVG-SHANGHAI PUDONG INTERNATIONAL AIRPORT,,9022140000,EQUIPO TIPO ARCO EN C MODELO CIOS SELECT CON TODAS SUS PARTES Y ACCESORIOS PARA SU CORRECTO FUNCIONAMIENTO,,1.0,NUMERO DE UNIDADES,395.0,41542.013,CEC2024LA031939,,SIEMENS HEALTHCARE
2024-12-04,印度,中国,PHILIPS INDIA LIMITED,PHILIPS ELECTRONICS SINGAPORE PTE LTD,"7, JUSTICE CHANDRA MADHAB ROAD,  KOLKATA, ",,,,,CHINA,,Singapore,SAHAR AIR CARGO ACC (INBOM4),90221490,459800669934 JOYSTICKHEAD KIT (PARTS FOR IXR MACHINE),,1.0,NOS,0.0,103.54,S60WA3V6VF3HA,,
2024-12-04,乌干达,中国,UGANDA REVENUE AUTHORITY,NUCTECH CO LTD,,,,,,CHINA,UGANDA,,,90221400000,MCB-H/S1 CONTROL CIRCUIT BOARD XRAY PARTS,,2.0001,Number,0.5001,71.0001,,,
2024-12-03,秘鲁,中国,STEFANO & MASA S A C,NULL,,,,,,CHINA,,Hong Kong,,9022140000,"DIGITAL FLAT PANEL DETECTOR, ANGELL, CELV-1717 CONVIERTE LA ENERGÍA RECIBIDA EN SEÑALES ELÉCTRICAS PROPORCIONALES, A LA INTENSIDAD Y POSICIÓN RECIBIDA// MATERIAL: YODURO DE CESIO, FIBRA DE CARBONO, ALUMINIO DIGITAL FLAT PANEL DETECTOR, INCLUYE: WORKSTATION,,,,",,1.0,U,10.023,8697.5,,,
2024-12-03,菲律宾,中国,MEDEV MEDICAL DEVICES CORP,SHENZHEN LANMAGE MEDICAL TECHNOLOGY CO LTD,"NO 39 SAUDI ARABIA STREET BETTERLIVING BRGY DON BOSCO, PARANAQUE CITY",,,,,CHINA,,,,90221400000,PORTABLE X RAY SYSTEM KEEN RAY DR50M ANALOGUE VERSION,,1.0,PIECE,150.0,5942.6,S00337555,,
2024-12-03,美国,中国,OWEN MUMFORD INC,OWEN MUMFORD SDN BHD,1775 WEST OAK COMMONS COURT MARIETTA GA 30062 , NO 19 & 21 JALAN BIOTEKNOLOGI 3 ISKANDAR PUTERI JOHOR 79200 ,OWEN MUMFORD INC,1775 WEST OAK COMMONS COURT MARIETTA GA 30062 ,,"CN, CHINA",,SHANGHAI,LONG BEACH,902214,20 PACKAGES OF MEDICAL DEVICES (SINGLE USE LANCING DEVICE),.,20.0,PKG,5708.0,0.0,DWSDPKG06015281,TGBU5396498,
2024-12-03,印度,中国,WIPRO GE HEALTHCARE PRIVATE LIMITED,GE HUALUN MEDICAL SYSTEMS COLTD,"A-1,GOLDEN ENCLAVE  AIRPORT ROAD, ",,,,,CHINA,,Beijing,BANGALORE ACC (INBLR4),90221490,S18932AB OPTIMA IGS 330 SYSTEM FINISHED GOOD(MEDICAL EQUIPMENT),,1.0,NOS,0.0,212385.41,KYSIO35CGRRX2,,
2024-12-02,巴基斯坦,中国,HI MED SURGICAL,SHANGHAI MEDIC INDUSTRY CO LTD,"ZAHOOR CHAMBERS EDWARD ROAD  ,LAHORE","RM 102, NO. 46, LANE 1339, ZHEN-GUANG ROAD, SHANGHAI, CHINA",,,,China (CN),,,MCC APPRAISEMENT KARACHI EAST - IMPORT ,90221400,X-RAY MACHINE: Model: JP-100M Function :100mA (100kV) (With All STD Access) (Qty:02 Sets) Packed In 02 W/Caces) PNRA NOC'S Attached),,0.0,u,2.774,2200.0,EURFL24T09486KHI,,
2024-12-02,厄瓜多尔,中国,SIEMENS HEALTHCARE CIA LTDA,SIEMENS SHANGHAI MEDICAL EQUIPMENT,,,,,,CHINA,,PVG-SHANGHAI PUDONG INTERNATIONAL AIRPORT,,9022140000,EQUIPO TIPO ARCO EN C MODELO CIOS SELECT CON TODAS SUS PARTES Y ACCESORIOS PARA SU CORRECTO FUNCIONAMIENTO,,1.0,NUMERO DE UNIDADES,395.0,39809.62,CEC2024LA032001,,SIEMENS HEALTHCARE
2024-12-02,巴基斯坦,中国,HI MED SURGICAL,SHANGHAI MEDIC INDUSTRY CO LTD,"ZAHOOR CHAMBERS EDWARD ROAD  ,LAHORE",,,,,China                         ,,,KAPE,90221400,X-RAY MACHINE: Model: JP-500HF Function :500mA (125kV) (With All STD Access) (Qty:01 Sets) Packed In 02 W/Caces) PNRA NOC'S Attached),,1.0,u,0.0,3350.0,,,
2024-12-02,坦桑尼亚,中国,NOVOMED LIMITED,DONGGUAN RUIJITONG TRADING COMPANY LIMITED,,,,,,China,United Republic of Tanzania,,,902214000000,TCN24-MY01-AA DIGIEYE 330 DIGITAL RADIOGRAPHY SYSTEM,,2997.5,NMB,2997.5,29918.5479,149408846402,,
2024-12-02,喀麦隆,中国,SMART DISTRIBUTION SARL,YUANYUAN IMPORT & EXPORT CO LTD,,,,,,Chine,Cameroun,,,902214000000,DIGITAL RAY MACHINE,,4.0,KGM,1420.0,3443.6574,,,
2024-12-02,坦桑尼亚,中国,NOVOMED LIMITED,DONGGUAN RUIJITONG TRADING COMPANY LIMITED,,,,,,China,United Republic of Tanzania,,,902214000000,TCN24-MY01-AA DIGIEYE 330 DIGITAL RADIOGRAPHY SYSTEM,,2997.5,NMB,2997.5,29918.5479,149408846402,,
2024-12-02,巴基斯坦,中国,HI MED SURGICAL,SHANGHAI MEDIC INDUSTRY CO LTD,"ZAHOOR CHAMBERS EDWARD ROAD  ,LAHORE",,,,,China                         ,,,KAPE,90221400,X-RAY MACHINE: Model: YZ-100E Function :100mA (100kV) (With All STD Access) (Qty:02 Sets) Packed In 02 W/Caces) PNRA NOC'S Attached),,2.0,u,0.0,2450.0,,,
2024-12-02,坦桑尼亚,中国,NOVOMED LIMITED,DONGGUAN RUIJITONG TRADING COMPANY LIMITED,,,,,,China,United Republic of Tanzania,,,902214000000,TCN24-MY01-AA DIGIEYE 330 DIGITAL RADIOGRAPHY SYSTEM,,2997.5,NMB,2997.5,29918.5479,149408846402,,
2024-12-02,哈萨克斯坦,中国,ТОО НЕОМЕДИКАЛ,ANGELL TECHNOLOGY CHONGQING CO LTD,"АСТАНА Р-Н САРЫАРКА,ПР.САРЫАРКА, 31\2, НП 29",CHONGQING THE THIRD FLOOR OF BILDING & AND THE FIRST FL.1-4,,,"SHENZHEN ANGELL TECHNOLOGY CO.,LTD",КИТАЙ,КАЗАХСТАН,,,9022140000,ЦИФРОВАЯ МОБИЛЬНАЯ РЕНТГЕНОГРАФИЧЕСКАЯ СИСТЕМА,,1.0,ШТ,80.0,19756.31,,,
2024-12-02,巴基斯坦,中国,HI MED SURGICAL,SHANGHAI MEDIC INDUSTRY CO LTD,"ZAHOOR CHAMBERS EDWARD ROAD  ,LAHORE","RM 102, NO. 46, LANE 1339, ZHEN-GUANG ROAD, SHANGHAI, CHINA",,,,China (CN),,,MCC APPRAISEMENT KARACHI EAST - IMPORT ,90221400,X-RAY MACHINE: Model: JP-500HF Function :500mA (125kV) (With All STD Access) (Qty:01 Sets) Packed In 02 W/Caces) PNRA NOC'S Attached),,0.0,u,2.774,3350.0,EURFL24T09486KHI,,
2024-12-02,巴基斯坦,中国,HI MED SURGICAL,SHANGHAI MEDIC INDUSTRY CO LTD,"ZAHOOR CHAMBERS EDWARD ROAD  ,LAHORE",,,,,China                         ,,,KAPE,90221400,X-RAY MACHINE: Model: JP-100M Function :100mA (100kV) (With All STD Access) (Qty:02 Sets) Packed In 02 W/Caces) PNRA NOC'S Attached),,2.0,u,0.0,2200.0,,,
2024-12-02,巴基斯坦,中国,HI MED SURGICAL,SHANGHAI MEDIC INDUSTRY CO LTD,"ZAHOOR CHAMBERS EDWARD ROAD  ,LAHORE","RM 102, NO. 46, LANE 1339, ZHEN-GUANG ROAD, SHANGHAI, CHINA",,,,China (CN),,,MCC APPRAISEMENT KARACHI EAST - IMPORT ,90221400,X-RAY MACHINE: Model: YZ-100E Function :100mA (100kV) (With All STD Access) (Qty:02 Sets) Packed In 02 W/Caces) PNRA NOC'S Attached),,0.0,u,2.774,2450.0,EURFL24T09486KHI,,
2024-11-30,美国,中国,VARIAN MEDICAL SYSTEMS SAN JOSE,VARIAN MEDICAL SYSTEMS CHINA CO LT,6212 HELLYER AVE, NO 8 YUN CHENG STREET ,N/A,N/A,,"CN, CHINA",,QINGDAO,"OAKLAND, CA",902214,"MEDICAL EQUIPMENT BASE MODEL ASSY, ,MV HALCYON HS902214MEDICAL EQUIPMENT BASE MODEL ASSY, ,MV HALCYON HS902214",HAL2326HAL2310,8.0,PKG,13176.0,0.0,CHSL492466925BJS,"TGHU9749050,TGHU9733768",
2024-11-30,印度,中国,WIPRO GE MEDICAL DEVICE MANUFACTURING PRIVATE LIMI,GE HUALUN MEDICAL SYSTEMS CO LTD,"No.4, Kadugodi Industrial Area, Sadarmangala Whitefield, Bangalore",,,,,CHINA,,,Chennai  ,90221490,5521321-4 - SYSTEM GANTRY HLA FOR OPTIMA IGS 320 INDIA SEMIFINISHED (PARTS FOR MANUFACTURING OF IGS 320/OPTIMA IGS 320,,1.0,PCS,0.0,83855.13,WWDP59IS4JZAG,,
2024-11-29,菲律宾,中国,PHILIPS PHILIPPINES INC,PHILIPS HEALTHCARE SUZHOU LTD,"10F SUNLIFE CENTRE 5TH AVE COR RIZAL DRIVE FORT BONIFACIO, TAGUIG CITY",,,,,CHINA,,,,90221400000,1 PCE DURADIAGNOST F30 1.1 (PHILIPS),,1.0,PIECE,1149.0,22053.4,CPL0234945,,
2024-11-29,尼日利亚,中国,RICHMOND LOGISTICS LTD,FOSHAN GLADENT MEDICAL INSTRUMENT CO LIMITED,,,,,,China,,,TIN CAN ISLAND,9022140000,"Apparatus based on the use of X-rays or of alpha, betaused for medical, surgical .",,0.0,,70.0,556.443,,,
2024-11-29,菲律宾,中国,PHILIPS PHILIPPINES INC,PHILIPS HEALTHCARE SUZHOU LTD,"10F SUNLIFE CENTRE 5TH AVE COR RIZAL DRIVE FORT BONIFACIO, TAGUIG CITY",,,,,CHINA,,,,90221400000,1 PCE DURADIAGNOST F30 1.1 (PHILIPS),,1.0,PIECE,1151.0,25836.8,CPL0234945,,
2024-11-29,哥伦比亚,中国,ROYAL PLUS TECHNOLOGIES S A S,IRAY TECHNOLOGY COMPANIA LTD,KR 27 68 60,"RM 202, BUILDING 7, NO 590",,,,CHINA,,,,9022140000,"DO 2415288. DECLARACION(1-1). MERCANCIA NUEVA. NOS ACOGEMOS AL DECRETO 1881 DE 2021, MINISTERIO DE COMERCIO, INDUSTRIA Y TURISMO ARTICULO 2驴. PRODUCTO: PANEL DETECTOR DE RX. MARCA: IRAY. MODELO: VENU1717XV. REFERENCIA: VENU1717XV. SERIAL: VW301210HA14240095X, VW301210HA30240013X. USO O DESTINO: EXCLUSIVO EN VETERINARIA EN EQUIPOS CANINOS,BOVINOS. TECNICA DE DIAGNOSTICO: RAYOS X. INCLUYE PARTES Y ACCESORIOS PARA SU NORMAL FUNCIONAMIENTO. CANT (2) UNDS (ITEM 1) PRODUCTO: MAQUINA PORTABLE DE RAYOS X. MARCA:IRAY TECHNOLOGY. MODELO: CANIS 5C. REFERENCIA: CANIS 5C. SERIAL: CA5101210H92024004, CA5101210H92024001. USO ODESTINO: PARA USO VETERINARIO UNICAMENTE. TECNICA DE DIAGNOSTICO: RAYOS X. INCLUYE PARTES Y ACCESORIOS PARA SU NORMAL FUNCIONAMIENTO. CANT (2) UNDS (ITEM 2)",,4.0,NUMERO DE ARTICULOS,48.0,16802.74,,,
2024-11-29,菲律宾,中国,PHILIPS PHILIPPINES INC,PHILIPS HEALTHCARE SUZHOU LTD,"10F SUNLIFE CENTRE 5TH AVE COR RIZAL DRIVE FORT BONIFACIO, TAGUIG CITY",,,,,CHINA,,,,90221400000,1 PCE DURADIAGNOST F30 1.1 (PHILIPS),,1.0,PIECE,1149.0,25836.8,CPL0234945,,
2024-11-29,俄罗斯,中国,ООО АССТРА ТРЕЙД СЕРВИСЕС,JIAXING HONGYUE IMPORT AND EXPORT TRADING CO LTD,"194100, Г., САНКТ-ПЕТЕРБУРГ, УЛ. КАНТЕМИРОВСКАЯ, 37","34100, ZHEJIANG PROVINCE, HAINING CITY,JIAXING CITY, ROOM 10303, BUILDING 1, NO..",,,"JIAXING HONGYUE IMPORT AND EXPORT TRADING CO., LTD..",China,РОССИЯ,,,9022140000,"ПОРТАТИВНЫЙ РЕНТГЕНОВСКИЙ АППАРАТ, ПРЕДНАЗНАЧЕННЫЙ ДЛЯ ВЕТЕРИНАРНОЙ РЕНТГЕНОГРАФИИ. НЕ СОДЕРЖИТ РАДИОАКТИВНЫХ И ИЗОТОПНЫХ MАТЕРИАЛОВ, НЕ СОДЕРЖИТ РАДИОЭЛЕКТРОННЫХ И ВЫСОКОЧАСТОТНЫХ УСТРОЙСТВ, НЕ ЯВЛЯЕТСЯ ПРОДУКЦИЕЙ ВОЕННОГО НАЗНАЧЕНИЯ.",,10.0,ШТ,196.2,24380.0,,,ОТСУТСТВУЕТ
2024-11-29,菲律宾,中国,PHILIPS PHILIPPINES INC,PHILIPS HEALTHCARE SUZHOU LTD,"10F SUNLIFE CENTRE 5TH AVE COR RIZAL DRIVE FORT BONIFACIO, TAGUIG CITY",,,,,CHINA,,,,90221400000,1 PCE DURADIAGNOST F30 1.1 (PHILIPS),,1.0,PIECE,1153.0,25836.8,CPL0234945,,
2024-11-29,印度,中国,PHILIPS INDIA LIMITED,PHILIPS ELECTRONICS SINGAPORE PTE LTD,"7, JUSTICE CHANDRA MADHAB ROAD,  KOLKATA, ",,,,,CHINA,,Singapore,KOLKATA ACC (INCCU4),90221490,459800867771 BR16-D ADM ASSY FRU (PARTS USE IN MEDICAL EQUIPMENT),,1.0,NOS,0.0,1426.7,QHKBA0MHOGD6U,,
2024-11-28,越南,中国,CÔNG TY TNHH SIEMENS HEALTHCARE,SIEMENS HEALTHINEERS AG,"33 Le Duan, Ben Nghe Ward, District 1, HCMC","SIEMENSSTR. 3, 91301 FORCHHEIM, GERMANY, CN",,,,China,,SHANGHAI,CANG LACH HUYEN HP,90221400,"Máy X Quang C-arm hiệu Cios Select, Model: 11515088 (Serial no: 58002) và phụ kiện kèm theo. Mới 100%, Hãng/ cơ sở SX  Siemens Shanghai Medical Equipment Ltd, Trung Quốc.,Cios Select C-arm X-ray machine, Model: 11515088 (Serial no: 58002) and accessories. 100% new, Manufacturer/facility Siemens Shanghai Medical Equipment Ltd, China.",,1.0,Set,0.0,47354.1,181124SHHPH2411001,,
2024-11-28,乌干达,中国,GTC INTERNATIONAL LOGISTICS LTD,GUANGZHOU YANLANG INTERNATIONALIMPORT AND EXPORT TRADE CO LTD,,,,,,CHINA,UGANDA,,,90221400000,VETINARY X-RAY MACHINE,,9.0,Number,381.0,6668.0,,,
2024-11-28,俄罗斯,中国,ООО ФЕНИКС МЕДИКАЛ СИСТЕМЗ,SHENZHEN MEDCONCEPT TECHNOLOGY LIMITED,"196084, ВН.ТЕР.Г. МУНИЦИП. ОКРУГ МОСКОВСКАЯ ЗАСТАВА, Г. САНКТ-ПЕТЕРБУРГ, УЛ. СМО","518057, NANSHAN DISTRICT, , GAOXIN NORTH SIXTH ROAD, SHENZHEN, B301, LANGUANG TE.",,,SHENZHEN MEDCONCEPT TECHNOLOGY LIMITED.,China,РОССИЯ,,,9022140000,"АППАРАТУРА НА ОСНОВЕ РЕНТГЕНОВСКОГО ИЗЛУЧЕНИЯ ДЛЯ ВЕТЕРИНАРНОГО ИСПОЛЬЗОВАНИЯ: ДЛЯ ПРИМЕНЕНИЯ В ВЕТЕРИНАРИИ, НЕ СОДЕРЖИT РАДИОАКТИВНОГО ИСТОЧНИКА.",,10.0,ШТ,250.0,40053.91,,,VETLIGA
2024-11-28,哥伦比亚,中国,BIOCLINICOS DE COLOMBIA LTDA,SINO MEDICAL DEVICE TECHNOLOGY CO LTD,KR 64 96 65,"6TH FLOOR,BUILDING 15,NO.1008.SONGB",,,,CHINA,,,,9022140000,"DO 24001392-001 PEDIDO TRAMITE: I306-24 DECLARACION (1-1) // (ITEM 1) PRODUCTO: PLACA DE CONTROL, MARCA: NO TIENE, MODELO: NO TIENE, USO O DESTINO: PARA ADQUIRIR IMAGENES POR EXPOSICION EN MAMOGRAFO, REFERENCIA: NO TIENE, USOO DESTINO: PARTE (REPUESTO) EXCLUISIVO DE MAMOGRAFO, TECNICA DE DIAGNOSTICO: NO APLICA, SERIAL: NO TIENE, CANT (2) UNIDADES // (ITEM 2) PRODUCTO: CAJA DE CONTROL DE POTENCIA, MARCA: NO TIENE, MODELO: NO TIENE, USO O DESTINO:GENERAR ALTO VOLTAJE DE ALTA FRECUENCIA, REFERENCIA: NO TIENE, USO O DESTINO: PARTE (REPUESTO) EXCLUISIVO DE MAMOGRAFO, TECNICA DE DIAGNOSTICO: NO APLICA, SERIAL: A325012401051433, CANT (1) UNIDAD // (ITEM 3) PRODUCTO: INTERRUPTOR MANUAL, MARCA: NO TIENE, MODELO: NO TIENE, USO O DESTINO: PARA CONTROLAR EXPOSICION DE MAMOGRAFO, REFERENCIA: NO TIENE, USO O DESTINO: PARTE (REPUESTO) EXCLUISIVO DE MAMOGRAFO, TECNICA DE DIAGNOSTICO: NO APLICA, SERIAL: NO TIENE, CANT (1) UNIDAD // (ITEM 4) PRODUCTO: INTERRUPTOR DE LIMITE, MARCA: NO TIENE, MODELO: NO T",,5.0,NUMERO DE ARTICULOS,6.35,6724.41,,,
2024-11-27,刚果民主共和国[刚果（金）],中国,AFRIXMARK GROUPE SARLU,SHENZHEN SONTU MEDICAL IMAGING EQUIPMENT CO LTD,,,,,,China,DRC - Democratic Republic of Congo,,,902214000000,NEW DIGITAL RADIOGRAPHY X-RAY SYSTEM,,1015.5,NMB,1015.5,42420.0001,LLLDAR24909461,,
2024-11-27,印度,中国,PHILIPS INDIA LIMITED,PHILIPS ELECTRONICS SINGAPORE PTE LTD,"7, JUSTICE CHANDRA MADHAB ROAD,  KOLKATA, ",,,,,CHINA,,Singapore,SAHAR AIR CARGO ACC (INBOM4),90221490,459800669934 JOYSTICKHEAD KIT (PARTS FOR IXR MACHINE),,1.0,NOS,0.0,103.54,71X0K3V22VZQB,,
2024-11-27,刚果民主共和国[刚果（金）],中国,AFRIXMARK GROUPE SARLU,SHENZHEN SONTU MEDICAL IMAGING EQUIPMENT CO LTD,,,,,,China,DRC - Democratic Republic of Congo,,,902214000000,NEW DIGITAL RADIOGRAPHY X-RAY SYSTEM,,1015.5,NMB,1015.5,42420.0001,LLLDAR24909461,,
2024-11-27,巴拿马,中国,FABIAN CUBILLA MENDEZ,MEDSINGLONG CO LTD,,,,,,CHINA,,,DHL PANAMA - BODEGA,902214000000,RAYO X Y SUS ACCESORIOS,,1.0,UNIT (UNIDAD),10.3,1662.85,,,
2024-11-27,智利,中国,,,,,,,,CHINA,,Hong Kong,Aeropuerto comodoro arturo merino ,90221411,"PARA RADIO TERAPIA,40 KW 220VOLTS CON SU PLACA Y ACCESORIOS PARA SU NORMAL FUNCIONAMIENTO",,1.0,UNIDADES,668.5,23197.56,045-99401573,,MEDMSL-F
2024-11-26,秘鲁,中国,MEDICA INNOVADORA S A C,SHENZHEN LANMAGE MEDICAL TECHNOLO,,,,,,CHINA,,Shanghai,,9022140000,"SISTEMA DE RADIOGRAFIA DIGITAL,LANMAGE,6600, DIGITAL X-RAY RADIOGRAPHY SYSTEM / SISTEMAS RADIOGRAFICOS DIGITALES/380V THREE PHASE,TUBE DISPOSITIVO MEDICO DE LA CLASE III (DE ALTO RIESGO)SN:FM1324900186 FIXED DIGITAL RADIOGRAPHY SYSTEM MODELO 6600 CLASSIC,,,,,",,3.0,U,848.941,22362.353,,,
2024-11-26,俄罗斯,中国,ООО НОЭЛСИ,ROUTE DIS TICARET LIMITED,"109202, , МОСКВА, УЛ. 1-Я ФРЕЗЕРНАЯ, Д.2/1, КОРПУС 2,",", , ISTANBUL, MEHMET AKIF MAH. HAZAR SK. NO: 1 IC KAPI NO: 4 KUC, ..,,.",,,"SHANGHAI PZ MEDICAL TECHNOLOGY CO., LTD..",China,РОССИЯ,,,9022140000,"ДЕТЕКТОР РЕНТГЕНОВСКИЙ ПЛОСКОПАНЕЛЬНЫЙ, С ПРИНАДЛЕЖНОСТЯМИ, НЕ СОДЕРЖИТ РАДИОАКТИВНЫХ ИСTОЧНИКОВ, КОД ОКПД2 26.60.11.130:",,1.0,ШТ,5.0,7428.97,,,SHANGHAI PZ MEDICAL TECHNOLOGY.
2024-11-26,秘鲁,中国,MEDICA INNOVADORA S A C,SHENZHEN LANMAGE MEDICAL TECHNOLO,,,,,,CHINA,,Shanghai,,9022140000,"SISTEMA DE RADIOGRAFIA DIGITAL,LANMAGE,6600, DIGITAL X-RAY RADIOGRAPHY SYSTEM / SISTEMAS RADIOGRAFICOS DIGITALES/220V SINGLE PHASE,TUBE DISPOSITIVO MEDICO DE LA CLASE III (DE ALTO RIESGO)SN:FM1324900187 FIXED DIGITAL RADIOGRAPHY SYSTEM MODELO 6600 CLASSIC,,,,,",,3.0,U,791.059,20837.647,,,
2024-11-26,巴拉圭,中国,DEZETA SA,,,,,,,CHINA,,,,90221419,"INSTRUMENTOS Y APARATOS DE OPTICA, DEFOTOGRAFIA O DE CINEMATOGRAFIA, DE MEDIDA, DE CONTROL O DE PRECISION, INSTRUMENTOS Y APARATOS MEDICOQUIRURGICOS, PARTES Y ACCESORIOS DE ESTOSINSTRUMENTOS O APARATOS APARATOS DE RAYOS X Y APARATOS QUE UTILICEN RADIACION",,1.0,,0.0,141586.24,,,SIEMENS
2024-11-26,菲律宾,中国,GENERAL ELECTRIC PHILS INC,GE HUALUN MEDICAL SYSTEMS CO LTD,"27TH FLOOR MENARCO TOWER, 32ND STREET, BONIFACIO, GLOBAL CITY, TAGUIG CITY",,,,,CHINA,,,,90221400000,1 EA XR6000 Gen4 50KW Standard Main System [S39224JS],,1.0,,693.6,16100.0,BJS38218220,,
2024-11-26,巴拉圭,中国,DEZETA SA,,,,,,,CHINA,,,,90221419,"INSTRUMENTOS Y APARATOS DE OPTICA, DEFOTOGRAFIA O DE CINEMATOGRAFIA, DE MEDIDA, DE CONTROL O DE PRECISION, INSTRUMENTOS Y APARATOS MEDICOQUIRURGICOS, PARTES Y ACCESORIOS DE ESTOSINSTRUMENTOS O APARATOS APARATOS DE RAYOS X Y APARATOS QUE UTILICEN RADIACION",,1.0,,0.0,90687.07,,,SIEMENS
2024-11-26,喀麦隆,中国,FONG,FONG,,,,,,Chine,Cameroun,,,902214000000,ECHOGRAPHIE VETERINAIRE,,1.0,KGM,17.0,243.0,,,
2024-11-25,厄瓜多尔,中国,MENA SALAZAR WILLIAM RODRIGO,BEIJING WANDONG MEDICAL TECHNOLOGY CO LTD,,,,,,CHINA,,PVG-SHANGHAI PUDONG INTERNATIONAL AIRPORT,,9022140000,SISTEMA RADIOGRAFICO MOVIL COMPLETO CON SUS ACCESORIOS,,1.0,NUMERO DE UNIDADES,406.0,46342.26,CEC2024QT000418,,WANDONG
2024-11-25,俄罗斯,中国,ИП ЛЕВАШОВ ДЕНИС АЛЕКСАНДРОВИЧ,ТОО ВЕТЛАЙН,"630005, НОВОСИБИРСКАЯ ОБЛ., Г. НОВОСИБИРСК, УЛ. НЕКРАСОВА, Д 39, КВ 319,",", , Г.АСТАНА, УЛ. МАНГИЛИК ЕЛ 51/6, ..,,",,,"ZS ORTHO SOLUTION CO.,LTD.",China,РОССИЯ,,,9022140000,"АППАРАТУРА, ОСНОВАННАЯ НА ИСПОЛЬЗОВАНИИ РЕНТГЕНОВСКОГО ИЗЛУЧЕНИЯ, ПPЕДНАЗНАЧЕННАЯ ДЛЯ ВЕТЕРИНАРНОГО ИСПОЛЬЗОВАНИЯ, ИСТОЧНИКИ РАДИОАКТИВНОГО ИЗЛУЧЕНИЯ ОТСУТСТВУЮТ: ДЕНТАЛЬНЫЙ ВЕТЕРИНАРНЫЙ РЕНТГЕНОВСКИЙ АППАРАТ",,1.0,ШТ,3.4,590.71,,,ОТСУТСТВУЕТ
2024-11-25,哈萨克斯坦,中国,ТОО АЛАШKZ,SHENZHEN BROWINER TECH CO LTD,"Г. ПАВЛОДАР УЛ. ҚАБДЕШ НҰРКИН, ДОМ 70/1, 38","SONGBAI ROAD,NO.1008 GANGHONGJI HIGH-TECH INTEL.IND.PARK,BUILD. C,R.501",,,"SHENZHEN BROWINER TECH CO., LTD",КИТАЙ,КАЗАХСТАН,,,9022140000,"1. МОБИЛЬНАЯ РЕНТГЕНОВСКАЯ СИСТЕМА COMPAX С С-ДУГОЙ В ВАРИАНТАХ ИСПОЛНЕНИЯX: COMPAX 500C В  КОМПЛЕКТЕ С ПРИНАДЛЕЖНОСТЯМИ,",,1.0,ШТ,553.0,31376.06,,,
2024-11-25,菲律宾,中国,GENERAL ELECTRIC PHILS INC,GE HUALUN MEDICAL SYSTEMS CO LTD,"27TH FLOOR MENARCO TOWER, 32ND STREET, BONIFACIO, GLOBAL CITY, TAGUIG CITY",,,,,CHINA,,,,90221400000,1 EA XR6000 Gen4 50KW Standard Main System [S39224JS],,1.0,,710.4,19163.0,BJS38218181,,
2024-11-25,印度,中国,SIEMENS HEALTHCARE PRIVATE LIMITED,SIEMENS HEALTHINEERS AG,"130, PANDURANG BUDHKAR MARG,  N/A",,,,,CHINA,,Shanghai,NHAVA SHEVA SEA (INNSA1),90221490,( IMAGE INTENSIFIER CIOS SYSTEM COMPLETE WITH ACCESSORIES (AS PER INV)) CIOS SELECT VA21,,1.0,NOS,0.0,37898.76,Y11KAVJ23NB6W,,
2024-11-25,美国,中国,GE SISTEMAS MEDICOS DE MEXICO,GE HUALUN MEDICAL SYSTEMS CO LTD,FORWARDING 13109 SPIVEY DRIVE , NO 9 WAN YUAN STREET BJ ECON & TECH DEVELOPMENT AREA ,GE SISTEMAS MEDICOS DE MEXICO FORWARDING,13109 SPIVEY DRIVE,,"CN, CHINA",,Pusan,LONG BEACH,902214,XR6000 GEN4 50KW STANDARD MAIN SYSTEMHS: 9022140090,PO# 1859712.1/ 1859714.1/ 1859713.1 DELIVERY NUM:972109211/972109215/972109221,9.0,PKG,2637.0,0.0,DMALBJSA19541,MSMU5160950,
2024-11-24,越南,中国,CÔNG TY TNHH SUPERWELL TECHNOLOGY VIỆT NAM,LIUYANG VOLITION MEDICAL EQUIPMENT CO LTD,"T16, Nam Cuong Building, Duong Noi Urban Area, Km4 To Huu Street, La Khe Ward, Ha Dong District, Hanoi City, Vietnam","76 JIANSHOU AVE, ECONOMIC AND, TECHNOLOGICAL DEVELOPMENT ZONE, LIUYANG, HUNAN, CHINA, CN",,,,China,,PINGXIANG,CUA KHAU HUU NGHI (LANG SON),90221400,"Hệ thống X-quang chẩn đoán và phụ kiện đi kèm, dùng để chụp ảnh tia X kỹ thuật số thông thường trên cơ thể người, thu lại hình ảnh kỹ thuật số để chẩn đoán lâm sàng. Mã: Picke 1800 DR/500, Mới 100%,Diagnostic X-ray system and accessories, used to take conventional digital X-ray images on the human body, capturing digital images for clinical diagnosis. Code: Picke 1800 DR/500, 100% New",,4.0,Set,0.0,34000.0,BV20241122,,
2024-11-24,孟加拉国,中国,D G CENTRAL MEDICAL STORES DEPT,ORICH MEDICAL EQUIPMENT TIANJIN C,,,,,,CN,,,,90221400,DIGITAL X-RAY MACHINE W.STD.ACC.,,20.0,,14000.0,486560.0,,,
2024-11-24,孟加拉国,中国,D G CENTRAL MEDICAL STORES DEPT,ORICH MEDICAL EQUIPMENT TIANJIN C,,,,,,China,,,,90221400,DIGITAL X-RAY MACHINE W.STD.ACC.,,20.0,NMB,14000.0,486560.0,,,
2024-11-23,印度,中国,WIPRO GE MEDICAL DEVICE MANUFACTURING PRIVATE LIMI,GE HUALUN MEDICAL SYSTEMS CO LTD,"No.4, Kadugodi Industrial Area, Sadarmangala Whitefield, Bangalore",,,,,CHINA,,Xingang,BANGALORE,90221490,5521321-4 - SYSTEM GANTRY HLA FOR OPTIMA IGS 320 INDIA SEMIFINISHED (PARTS FOR MANUFACTURING OF IGS 320/OPTIMA IGS 320,,1.0,NOS,0.0,83855.13,2HN1IS7E7DDO5,,
2024-11-22,俄罗斯,中国,ООО ЗАНТОН МЕДИЦИНСКИЕ СИСТЕМЫ,BEIJING YINGYU ZHILIAN MEDICAL TECHNOLOGY CO LTD,"124498, Г. ЗЕЛЕНОГРАД, МОСКВА, ПРОЕЗД 4922-Й, ДОМ 4, СТРОЕНИЕ 3, ПОМЕЩЕНИЕ 3/1,",", ANNINZHUANG, HAIDIAN DISTRICT, BEIJING, 209, BLOCK 2, 2ND FLOOR, BUILDING 1, N.",,,"ООО ""ЗАНТОН МЕДИЦИНСКИЕ СИСТЕМЫ""",China,РОССИЯ,,,9022140000,"СИСТЕМА ЦИФРОВОЙ СУБТРАКЦИОННОЙ АНГИОГРАФИИ ДЛЯ ПРОВЕДЕНИЯ ИССЛЕДОВАНИЯ АБДОМИНАЛЬНЫХ, ПЕРИФЕРИЧEСКИХ СОСУДОВ, СОСУДОВ И ПОЛОСТЕЙ СЕРДЦА, СОСУДОВ ГРУДНОЙ КЛЕТКИ, СОСУДОВ ГОЛОВНОГО МОЗГА, А ТАКЖЕ ДЛЯ КОНТРОЛЯ ПРОЦЕДУР СОСУДИСТОЙ ХИРУРГИИ:",,1.0,ШТ,2131.0,452630.71,,,DIAVISION
2024-11-22,墨西哥,中国,GE SISTEMAS MEDICOS DE MEXICO SA DE CV,GE HUALUN MEDICAL SYSTEMS CO LTD,"ANTONIO DOVALI JAIME 70 TORRE B PISO 4 AVENIDA JAVIER BARROS SIERRA Y AVENIDA SANTA FE

Ciudad de Mexico
01210","YONG CHANG NORTH ROAD
BEIJINGCHINA

100176",,,,CHINA,,,NUEVO LAREDO NUEVO LAREDO TAMAULIPAS.,9022149101,SISTEMA RADIOGRAFICO XR6000 CON SUS ACCESORIOS,,1.0,PIECE,923.0,44448.92,,,
2024-11-22,墨西哥,中国,GE SISTEMAS MEDICOS DE MEXICO SA DE CV,GE HUALUN MEDICAL SYSTEMS CO LTD,"ANTONIO DOVALI JAIME 70 TORRE B PISO 4 AVENIDA JAVIER BARROS SIERRA Y AVENIDA SANTA FE

Ciudad de Mexico
01210","YONG CHANG NORTH ROAD
BEIJINGCHINA

100176",,,,CHINA,,,NUEVO LAREDO NUEVO LAREDO TAMAULIPAS.,9022149101,SISTEMA RADIOGRAFICO XR6000 CON SUS ACCESORIOS,,1.0,PIECE,923.0,44448.92,,,
2024-11-22,阿根廷,中国,GE HEALTHCARE ARGENTINA S A,,,,,,,China,,,,90221419000,"LOS DEMAS. LOS DEMAS, PARA USO MEDICO, QUIRURGICO DEFINIUM PACE SELECT",,1.0,Unidades,0.0,43552.66,,,GENERAL ELECTRIC
2024-11-22,墨西哥,中国,GE SISTEMAS MEDICOS DE MEXICO SA DE CV,GE HUALUN MEDICAL SYSTEMS CO LTD,"ANTONIO DOVALI JAIME 70 TORRE B PISO 4 AVENIDA JAVIER BARROS SIERRA Y AVENIDA SANTA FE

Ciudad de Mexico
01210","YONG CHANG NORTH ROAD
BEIJINGCHINA

100176",,,,CHINA,,,NUEVO LAREDO NUEVO LAREDO TAMAULIPAS.,9022149101,SISTEMA RADIOGRAFICO XR6000 CON SUS ACCESORIOS,,1.0,PIECE,923.0,45263.64,,,
2024-11-21,阿根廷,中国,PHILIPS ARGENTINA SOCIEDAD ANONIMA,,,,,,,China,,,,90221419000,"LOS DEMAS. LOS DEMAS, PARA USO MEDICO, QUIRURGICO 712202/DURADIAGNOSTF30",,1.0,Unidades,0.0,82615.64,,,PHILIPS
2024-11-21,哥伦比亚,中国,C MEDICAL S A S,ANGELL TECHNOLOGY CHONGQING CO LTD,KR 72A 48 50,THE FIRST AND THIRD FLOOR OF BUILDI,,,,CHINA,,,,9022140000,"DO 8240254-001 CODIGO / RESOLUCION OEA DECLARANTE: RESOLUCION 009264 DE 02-11-2023; PEDIDO TRAMITE: RX MOBIL DECLARACION(1-1) MERCANCIA NUEVA.VINVIMA-24-0134487 CON FECHA 2024-10-19. COD: DP326A-1 WIRELESS DIGITAL DETECTOR 14*17 - INCLUYE: GENERATOR 32KW,220V - X-RAY TUBE 300KHU - COLLIMATOR - DR WORKSTATION - DIAGNOSE COMPUTER REG SAN. INVIMA 2021EBC-0022940 VIG 2031/02/10; PRODUCTO: EQUIPO DE RAYOS X, MARCA: ANGELL, MODELO: DP326A-1, REFERENCIA: SIN REFERENCIA, USO O DESTINO: ESTE EQUIPO SE UTILIZA PARA TRANSFERIR RAYOS X DESDE EL TUBO, ENERGIZADO POR EL GENERADOR DE ALTA FRECUENCIA Y ALTO VOLTAJE, GENERANDO UNA IMAGEN VISIBLE MEDIANTE UN DETECTOR DE PANEL DIGITAL, Y ASI PRESENTAR IMAGENES MEDICAS DIGITALES PARA EL DIAGNOSTICO CLINICO. EL SOFTWARE DE LA ESTACION DE TRABAJO DE RADIOLOGIA DEL SISTEMA SE UTILIZA PARA LA RECONSTRUCCION, VISUALIZACION, ALMACENAMIENTO Y TRANSMISION DE IMAGENES A TRAVES DE LA COMPUTADORA. EL DIAGNOSTICADOR PUEDE LEERLO DIRECTAMENTE EN EL MONITOR DE LA COMPU",,2.0,NUMERO DE ARTICULOS,549.0,26610.86,,,
2024-11-21,越南,中国,CÔNG TY TNHH SUPERWELL TECHNOLOGY VIỆT NAM,LIUYANG VOLITION MEDICAL EQUIPMENT CO LTD,"T16, Nam Cuong Building, Duong Noi Urban Area, Km4 To Huu Street, La Khe Ward, Ha Dong District, Hanoi City, Vietnam","76 JIANSHOU AVE, ECONOMIC AND, TECHNOLOGICAL DEVELOPMENT ZONE, LIUYANG, HUNAN, CHINA, CN",,,,China,,PINGXIANG,CUA KHAU HUU NGHI (LANG SON),90221400,"Hệ thống X-quang chẩn đoán và phụ kiện đi kèm, dùng để chụp ảnh tia X kỹ thuật số thông thường trên cơ thể người, thu lại hình ảnh kỹ thuật số để chẩn đoán lâm sàng. Mã: Picke 1800 DR/500, Mới 100%,Diagnostic X-ray system and accessories, used to take conventional digital X-ray images on the human body, capturing digital images for clinical diagnosis. Code: Picke 1800 DR/500, 100% New",,1.0,Set,0.0,8500.0,BV20241119-02,,
2024-11-21,印度,中国,SIEMENS HEALTHCARE PRIVATE LIMITED,SIEMENS HEALTHINEERS AG,"130, PANDURANG BUDHKAR MARG,  N/A",,,,,CHINA,,Shanghai,NHAVA SHEVA SEA (INNSA1),90221490,IMAGE INTENSIFIER SYSTEM COMPLETE WITH ACCESSORIES ( AS PERINV ) CIOS SELECT VA21 II,,1.0,SET,0.0,37898.76,0O9V50XCN14RL,,
2024-11-21,阿根廷,中国,GE HEALTHCARE ARGENTINA S A,,,,,,,China,,,,90221419000,"LOS DEMAS. LOS DEMAS, PARA USO MEDICO, QUIRURGICO DEFINIUM PACE SELECT",,1.0,Unidades,0.0,43552.66,,,GENERAL ELECTRIC
2024-11-21,印度,中国,PHILIPS INDIA LIMITED,SPELLMAN HIGH VOLTAGE ELECTRONICS SUZHOU INDUSTRI,"7 JUSTICE CHANDRA MADHAB ROAD,KOLK  ATA ",,,,,CHINA,,SHANGHAI - PU DONG,SAHAR AIR CARGO ACC (INBOM4),90221410,"459801732292,HF GENERATOR MMB 409085-001 (FOR C-ARM IMAGE INTENSIFIER SYSTEM)",,3.0,NOS,0.0,6219.0,KYS3CJU7OAXIE,,
2024-11-21,埃塞俄比亚,中国,HARMONY HOSPITAL SERVICE PLC,,,,,,,China,,,,90221400,"-- Other, for medical, surgical or veterinary uses",,1.0,UNT,100.0,2075.71,,,
2024-11-20,秘鲁,中国,BMS TRADE & CONSULTING S A C,EDAN INSTRUEMENTS INC,,,,,,CHINA,,SHENZHEN,,9022140000,"AURICULAR, EDAN, S/M EARPHONE PERMITE ESCUCHAR LOS LATIDOS FETALES AURICULAR PLASTICO // ACCESORIO DE SD5 ULTRASONIC TABLETOP DOPPLER,,,,",,2.0,U,0.03,13.185,,,
2024-11-20,厄瓜多尔,中国,VASCONEZ ZAMBRANO JUAN FRANCISCO,MEDSINGLONG CO LTD,,,,,,CHINA,,CNSHK-,,9022140000,MAQUINA DE RAYOS X VETERINARIO PORTATIL,,1.0,NUMERO DE UNIDADES,4.0,565.6,CEC2024WHLU5740,,MEDSINGLONG
2024-11-20,乌干达,中国,CASTLE INDUSTRIES CO LIMITED,NESHAT TRA,,,,,,CHINA,UGANDA,,,90221400000,X-RAY MACHINE LEAD ROOM,,1.0,Number,8500.0,3056.0,,,
2024-11-20,乌克兰,中国,ТОВ ЕКНА УКРАЇНА,SHENZHEN LANMAGE MEDICAL TECHNOLOGY CO LTD,02141 МІСТО КИЇВ ВУЛ ЛАРИСИ РУДЕНКО 6А,1ST FLOOR BUILDING B JINGCHENGDA INDUSTRIAL PARK NO 4 KEJI ROAD,,,,China,,,,9022140000,АПАРАТУРА ЩО ВИКОРИСТОВУЄ РЕНТГЕНІВСЬ КЕ ВИПРОМІНЮВАННЯ ПРИЗНАЧЕНА ДЛЯ МЕДИЧН ОГО ВИКОРИСТАННЯ АПАРАТ РЕНТГЕНІВСЬКИЙ ДІАГНОСТИЧНИЙ МОБІЛЬНИЙ ТОРГОВЕЛЬНА НАЗВА СИСТЕМА МОБІЛЬНА РЕНТГЕНІВСЬКА РАДІОГРАФІЧНА KEEN RAY DR 50M 3 КОМПЛЕКТА ДО КОМПЛЕКТУ ВХОДИТЬ МОНОБЛОК ЩО СКЛАДАЄТЬСЯ З ПОРТАТИВНОГО РЕНТГЕНІВСЬКОГО ВИСОКОЧАСТОТНОГО ГЕНЕРАТ ОРА 5 6КВТ ТА РЕНТГЕНІВСЬКОЇ ТРУБКИ ВИП РОМІНЮВАЧА НА КРОН ШТЕЙНІ ЩО СКЛАДАЄТЬС Я ТА КРІПИТЬСЯ ДО МОБІЛЬНОГО ВІЗКА 1 ШТ РУЧНИЙ РЕНТГЕНІВСЬКИЙ КОЛІМАТОР З ІНДИКАЦІЄЮ ПОЛЯ ЗОРУ 1 ШТ ЦИФРОВИЙ ПЛОСКОПАНЕЛЬНИЙ ДЕТЕКТОР РЕНТГ ЕНОГРАФІЧНОГО ЗОБРАЖЕННЯ 17 Х17 БЕЗДРОТОВИЙ ІЗ ЗАХИСНОЮ КРИШКОЮ 1 ШТ МОБІЛЬНИЙ ВІЗОК З ЧОТИРМА КОЛЕСАМИ ТА ОТВОРАМИ ДЛЯ КРІПЛЕННЯ 1 ШТ СТАНЦІЯ ВІЗУАЛІЗАЦІЇ РОБОЧА СТАНЦІЯ ЗНОУТБУКОМ 15 ДЮЙМІВ ТА ПРОФЕСІЙНИМ ПРОГРАМНИМ ЗАБЕЗПЕЧЕННЯМ 1 ШТ КЕЙС ДЛЯ ТРАНСПОРТУВАННЯ РЕНТГЕНА 1 ШТ НОМІНАЛЬНА НАПРУГА 220 В ЗМІННОГО СТРУМУ 50 60 ГЦ ПРИЗНАЧЕННЯ ВИРОБІВ ТА СПОСІБ ДІЇ ДЛЯ ДОСЛІДЖЕННЯ ВНУТРІШНІХ ОРГАНІВ І СИСТЕМ ЛЮДСЬКОГО ОРГАНІЗМУ ШЛЯХОМ ЇХ ПРОЕКЦІЇ НА С,,3.0,ШТ,450.0,49500.0,,,
2024-11-20,乌克兰,中国,ТОВ ЕКНА УКРАЇНА,SHENZHEN LANMAGE MEDICAL TECHNOLOGY CO LTD,02141 МІСТО КИЇВ ВУЛ ЛАРИСИ РУДЕНКО 6А,1ST FLOOR BUILDING B JINGCHENGDA INDUSTRIAL PARK NO 4 KEJI ROAD,,,,China,,,,9022140000,АПАРАТУРА ЩО ВИКОРИСТОВУЄ РЕНТГЕНІВСЬ КЕ ВИПРОМІНЮВАННЯ ПРИЗНАЧЕНА ДЛЯ МЕДИЧН ОГО ВИКОРИСТАННЯ АПАРАТ РЕНТГЕНІВСЬКИЙ ДІАГНОСТИЧНИЙ СТАЦ ІОНАРНИЙ ТОРГОВЕЛЬНА НАЗВА СИСТЕМА РЕНТГЕНІВСЬКА РАДІОГРАФІЧНА 6600C 1 КОМПЛЕКТ ДО КОМПЛЕКТУ ВХОДИТЬ ГЕНЕРАТОР РЕНТГЕНІВСЬКОГО ВИПРОМІНЮВАННЯ 32KW 400MA 1 ШТ СТАЦІОНАРНА КОЛОНА ДО ЯКОЇ КРІПИТЬСЯ С ДУГА 1 ШТ C ДУГА З РУХОМИМ МОНОБЛОКОМ РЕНТГЕНІВ СЬКА ТРУБКА ВИПРОМІНЮВАЧ КОЛІМАТОР ТА ЕЛЕКТРОННО ОПТИЧНИМ ПЕРЕТВОРЮВАЧЕМ ІНТЕРАКТИВНА ПАНЕЛЬ КЕРУВАННЯ ТРУБНОГО ТЕРМІНАЛУ В ЗБОРІ 9 7 СЕНСОРНИЙ ЕКРАН 1 ШТ ЦИФРОВИЙ ПЛОСКОПАНЕЛЬНИЙ ДЕТЕКТОР РЕНТГ ЕНОГРАФІЧНОГО ЗОБРАЖЕННЯ 17 Х17 1 ШТ РЕНТГЕНІВСЬКА СІТКА 1 ШТ РУХОМИЙ ОГЛЯДОВИЙ СТІЛ ДЛЯ ПАЦІЄНТА З КОЛЕСАМИ З ФІКСАЦІЄЮ 1 ШТ AEC ДАТЧИКАВТОМАТИЧНОГО КОНТРОЛЮ ЕКС ПОЗИЦІЇ ІОНІЗАЦІЙНІ КАМЕРИ 1 ШТ СТАНЦІЯ ВІЗУАЛІЗАЦІЇ КОНСОЛЬ ОПЕРАТОРА ПК ТА ПРОФЕСІЙНЕ ПРОГРАМНЕ З АБЕЗПЕЧЕННЯ 1 ШТ ПУЛЬТ УПРАВЛІННЯ 1 ШТ ПРИЗНАЧЕННЯ ВИРОБІВ ТА СПОСІБ ДІЇ ДЛЯ ДОСЛІДЖЕННЯ ВНУТРІШНІХ ОРГАНІВ ІСИСТЕМ ЛЮДСЬКОГО ОРГАНІЗМУ ШЛЯХОМ ЇХ ПРОЕКЦІЇ НА СПЕ,,1.0,ШТ,830.0,20000.0,,,
2024-11-20,厄瓜多尔,中国,VASCONEZ ZAMBRANO JUAN FRANCISCO,MEDSINGLONG CO LTD,,,,,,CHINA,,CNSHK-,,9022140000,MAQUINA DE RAYOS X VETERINARIO PORTATIL,,1.0,NUMERO DE UNIDADES,15.0,2716.9,CEC2024WHLU5740,,MEDSINGLONG
2024-11-20,厄瓜多尔,中国,VASCONEZ ZAMBRANO JUAN FRANCISCO,MEDSINGLONG CO LTD,,,,,,CHINA,,CNSHK-,,9022140000,MAQUINA DE RAYOS X VETERINARIO PORTATIL,,1.0,NUMERO DE UNIDADES,299.0,13887.5,CEC2024WHLU5740,,MEDSINGLONG
2024-11-20,印度,中国,PHILIPS INDIA LIMITED,PHILIPS ELECTRONICS SINGAPORE PTE LTD,"7 JUSTICE CHANDRA MADHAB ROAD,KOLK  ATA ",,,,,CHINA,,Singapore,SAHAR AIR CARGO ACC (INBOM4),90221490,459800202852 KIT JOYSTICKS GEO_IMAG_ELASTOMER (PARTS FOR IXRMACHINE),,1.0,NOS,0.0,335.74,YTSX33NEHLJ1B,,
2024-11-19,哥伦比亚,中国,ROYAL PLUS TECHNOLOGIES S A S,IRAY TECHNOLOGY COMPANIA LTD,KR 27 68 60,"RM 202, BUILDING 7, NO 590",,,,CHINA,,,,9022140000,"DO 2415226. DECLARACION(1-1). MERCANCIA NUEVA. NOS ACOGEMOS AL DECRETO 1881 DE 2021, MINISTERIO DE COMERCIO, INDUSTRIA Y TURISMO ARTICULO 2驴. PRODUCTO: PANEL DETECTOR DE RX. MARCA: IRAY. MODELO: VENU1717XV. REFERENCIA: VENU1717XV. SERIAL: VW301210H906240032X, VW301210H906240010X. USO O DESTINO: EXCLUSIVO EN VETERINARIA EN EQUIPOS CANINOS,BOVINOS. TECNICA DE DIAGNOSTICO: RAYOS X. INCLUYE PARTES Y ACCESORIOS PARA SU NORMAL FUNCIONAMIENTO. CANT (2) UNDS (ITEM 1) PRODUCTO: MAQUINA PORTABLE DE RAYOS X. MARCA:IRAY TECHNOLOGY. MODELO: CANIS 5C. REFERENCIA: CANIS 5C. SERIAL: CA5101210H81524020, CA5101210H81524018. USO ODESTINO: PARA USO VETERINARIO UNICAMENTE. TECNICA DE DIAGNOSTICO: RAYOS X. INCLUYE PARTES Y ACCESORIOS PARA SU NORMAL FUNCIONAMIENTO CANT (2) UNDS (ITEM 2)",,4.0,NUMERO DE ARTICULOS,48.0,16557.0,,,
2024-11-19,乌干达,中国,GTC INTERNATIONAL LOGISTICS LTD,GUANGZHOU YANLANG INTERNATIONALIMPORT AND EXPORT TRADE CO LTD,,,,,,CHINA,UGANDA,,,90221400000,VETINARY X-RAY MACHINE,,9.0,Number,381.0,6668.0001,,,
2024-11-19,科特迪瓦,中国,INTERMEDIC COTE D'IVOIRE,PHILIPS MEDICAL P C INTERMEDIC INTERNATIONAL,01 BP 7527 ABIDJAN (VILLE,,,,,Chine,COTE D'IVOIRE,,,9022140000,"9022140000 - -- Appareils à rayons X pour usages médicaux, ch",,7.0,,1239.0,86949.6331,,,
2024-11-19,智利,中国,,,,,,,,CHINA,,other ports of china,San Antonio,90221419,LOS DEMAS,,1.0,UNIDADES,497.0,15794.94,NEYHKGEG8353300(H)GLGL24080569,,
2024-11-18,印度,中国,SIEMENS HEALTHCARE PRIVATE LIMITED,SIEMENS HEALTHINEERS AG,"130, PANDURANG BUDHKAR MARG,  N/A",,,,,CHINA,,Shanghai,NHAVA SHEVA SEA (INNSA1),90221490,( IMAGE INTENSIFIER CIOS SYSTEM COMPLETE WITH ACCESSORIES (AS PER INV) CIOS SELECT VA21,,1.0,NOS,0.0,37898.76,4NNY9BMZTBAGS,,
2024-11-18,越南,中国,CÔNG TY TNHH THƯƠNG MẠI DỊCH VỤ Y TẾ HẢI NAM,SHANGHAI HUACAN TECHNOLOGY CO LTD,"25/19/8 Pham Dang Giang Street, Binh Hung Hoa Ward, Binh Tan District, Ho Chi Minh City, Vietnam","BLDG C, NO.888 SECOND WEST, HUANHU RD, NANHUI NEW TOWN, PUDONG DISTRICT, SHANGHAI, CHINA, CN",,,,China,,PUDONG,HO CHI MINH,90221400,"Phần mềm hệ thống Ecom Human dùng cho bộ chuyển đổi X-Quang số hoá, mới 100%,Ecom Human system software for digital X-Ray converter, 100% new",,1.0,Pieces,0.0,850.0,779916054095,,
2024-11-18,秘鲁,中国,MEDICAL IMPORT PERU S A C,,,,,,,CHINA,,MIAMI,,9022140000,"EQUIPO DE RAYOS X PORTAIL,EGRETMED,MSLAB1127, NUMERO DE SERIE:08462409009 SIRVE PARA TOMAR RADIOGRAFÍAS EN ANIMALES(PARA USO VETERINARIO) EQUIPO DE RAYOS X PORTAIL PARA USO VETERINARIO PERMISO DE IPEN N°0896-24-IPEN/OTAN/VIGENCIA:29.10.2024 AL 25.01.2025,,,,",,1.0,U,5.0,1046.032,,,
2024-11-18,越南,中国,CÔNG TY TNHH THƯƠNG MẠI DỊCH VỤ Y TẾ HẢI NAM,SHANGHAI HUACAN TECHNOLOGY CO LTD,"25/19/8 Pham Dang Giang Street, Binh Hung Hoa Ward, Binh Tan District, Ho Chi Minh City, Vietnam","BLDG C, NO.888 SECOND WEST, HUANHU RD, NANHUI NEW TOWN, PUDONG DISTRICT, SHANGHAI, CHINA, CN",,,,China,,PUDONG,HO CHI MINH,90221400,"Bộ chuyển đổi X-quang số hóa, model 4343Z, dùng trong quá trình chụp X-quang chẩn đoán hình ảnh trong y tế, nhà sản xuất: Shanghai PZ Medical Technology Co., Ltd. Hàng mới 100%,Digital X-ray converter, model 4343Z, used in medical diagnostic X-ray imaging, manufacturer: Shanghai PZ Medical Technology Co., Ltd. 100% new",,1.0,Pieces,0.0,5800.0,779916054095,,
2024-11-18,秘鲁,中国,MEDICAL IMPORT PERU S A C,,,,,,,CHINA,,MIAMI,,9022140000,"EQUIPO DE RAYOS X PORTAIL,EGRETMED,MSLAB1127, NUMERO DE SERIE:08462409004 SIRVE PARA TOMAR RADIOGRAFÍAS EN ANIMALES(PARA USO VETERINARIO) EQUIPO DE RAYOS X PORTAIL PARA USO VETERINARIO PERMISO DE IPEN N°0896-24-IPEN/OTAN/VIGENCIA:29.10.2024 AL 25.01.2025,,,,",,1.0,U,5.0,1046.033,,,
2024-11-18,秘鲁,中国,MEDICAL IMPORT PERU S A C,,,,,,,CHINA,,MIAMI,,9022140000,"SCANNER PORTATIL,MEDSINGLONG,MSLFP06, APLICACIÓN:USO VETERINARIO,PRODUC.:AGOSTO DE 2024,USO TIEMPO:DIEZ AÑOS NUMERO DE SERIE:FV36Z011H81324002 / NO EMITE RADIACION ALGUNA ESCANER PORTÁTIL PARA USO VETERINARIO SIRVE PARA TOMAR RADIOGRAFÍAS EN ANIMALES(PARA,,,,",,1.0,U,15.0,3138.103,,,
2024-11-18,秘鲁,中国,MEDICAL IMPORT PERU S A C,,,,,,,CHINA,,MIAMI,,9022140000,"SCANNER PORTATIL,MEDSINGLONG,MSLFP03, APLICACIÓN:USO VETERINARIO,PRODUC.:AGOSTO DE 2024,USO TIEMPO:DIEZ AÑOS NUMERO DE SERIE : HV30Z011T313230019X/NO EMITE RADIACION ALGUNA ESCANER PORTATIL DE USO VETERINARIO SIRVE PARA TOMAR RADIOGRAFÍAS EN ANIMALES(PARA,,,,",,1.0,U,15.0,3138.101,,,
2024-11-18,印度,中国,SIEMENS HEALTHCARE PRIVATE LIMITED,SIEMENS HEALTHINEERS AG,"130, PANDURANG BUDHKAR MARG,  N/A",,,,,CHINA,,Shanghai,NHAVA SHEVA SEA (INNSA1),90221490,( IMAGE INTENSIFIER SYSTEM COMPLETE WITH ACCESSORIES ( AS PER INV ) ) CIOS SELECT VA21 II,,1.0,SET,0.0,37898.76,H8XRID5DIXZC5,,
2024-11-18,卢旺达,中国,VENUSTE SINIBAGIWE,GZ WORLD INTERNATIONAL CO LIMITED,,,,,,China,Rwanda,,,90221400,"OTHER APPARATUS BASED ON THE USE OF XRAYS├Á, FOR MEDICAL,",,2.0,NMB,200.0,122.982,,,
2024-11-18,印度,中国,SIEMENS HEALTHCARE PRIVATE LIMITED,SIEMENS HEALTHINEERS AG,"130, PANDURANG BUDHKAR MARG,  N/A",,,,,CHINA,,Shekou,NHAVA SHEVA SEA (INNSA1),90221490,CARDIAC AND VASCULR ANGIOGRAPHY INCL DSA COMPLETE WITH ACCESSORIES ( AS PER INV ) ARTIS ONE,,1.0,SET,0.0,280497.47,UTIGBYQM5TV8X,,
2024-11-18,乌兹别克斯坦,中国,ЧП DIADENT,NEUSOFT MEDICAL SYSTEMS CO LTD,,,,,,0,,,,9022140000,"1. Digital Angiographic Systems. Медицинская ангиографическая система  рентгеновского излучения. Модель: ""NeuAngio 33F"" с принадлежностями. Производитель ?NEUSOFT MEDICAL SYSTEMS CO., LTD?. Произведено 2024 году.  - кол. 1 шт, вес: 3805 кг 2. мест 17, дерев.ящик. 3. CBHU8800742/часть 8. 000 9. 024 10. 2024/Сверхскоростной С-образный манипулятор, парковка и проецирование в любом положении. Интеллектуальная трубка D-5 элемента AEC позволяет достичь реального баланса между дозой облучения и качес G31MARKA марка БЕЗ МАРКИ YEAR10 год производ 2024 PARAM10 Характеристика товара Сверхскоростной С-образный манипулятор, парковка и проецирование в любом положении. Интеллектуальная трубка D-5 элемента AEC позволяет достичь реального баланса между дозой облучения и качеством изображения. Полная цепочка цифровой обработки изображени",,1.0,Piece,3805.0,550000.0,,,
2024-11-18,印度,中国,SIEMENS HEALTHCARE PRIVATE LIMITED,SIEMENS HEALTHINEERS AG,"130, PANDURANG BUDHKAR MARG,  N/A",,,,,CHINA,,Shanghai,NHAVA SHEVA SEA (INNSA1),90221490,( IMAGE INTENSIFIER CIOS SYSTEM COMPLETE WITH ACCESSORIES (AS PER INV)) CIOS SELECT VA21,,1.0,NOS,0.0,43120.01,WF2BRIASQSYNK,,
2024-11-18,秘鲁,中国,MEDICAL IMPORT PERU S A C,,,,,,,CHINA,,MIAMI,,9022140000,"SCANNER PORTATIL,MEDSINGLONG,MSLFP06, APLICACIÓN:USO VETERINARIO,PRODUC.:AGOSTO DE 2024,USO TIEMPO:DIEZ AÑOS NUMERO DE SERIE:FV36Z011H813240012X/ NO EMITE RADIACION ALGUNA ESCANER PORTATIL DE USO VETERIANIO SIRVE PARA TOMAR RADIOGRAFÍAS EN ANIMALES(PARA US,,,,",,1.0,U,15.0,3138.101,,,
2024-11-18,哥伦比亚,中国,ROYAL PLUS TECHNOLOGIES S A S,IRAY TECHNOLOGY COMPANIA LTD,KR 27 68 60,"RM 202, BUILDING 7, NO 590",,,,CHINA,,,,9022140000,"DO 2415252. DECLARACION(1-1). MERCANCIA NUEVA. NOS ACOGEMOS AL DECRETO 1881 DE 2021, MINISTERIO DE COMERCIO, INDUSTRIA Y TURISMO ARTICULO 2驴. PRODUCTO: DETECTOR DE PANEL (FLAT PANEL). MARCA: IRAY TECHNOLOGY. MODELO: MARS1717V-VSI. REFERENCIA: MARS1717V-VSI. SERIAL: FV36Z011H627240013X. USO O DESTINO: PARA USO VETERINARIO UNICAMENTE. TECNICA DE DIAGNOSTICO: ULTRASONIDO. INCLUYE PARTES Y ACCESORIOS PARA SU NORMAL FUNCIONAMIENTO CANT (1) UND (ITEM 1) PRODUCTO: PANEL DETECTOR DE RX. MARCA: IRAY. MODELO: VENU1717XV. REFERENCIA: VENU1717XV. SERIAL: VW301210HA14240083X. USO O DESTINO: EXCLUSIVO EN VETERINARIA EN EQUIPOS CANINOS,BOVINOS. TECNICA DE DIAGNOSTICO: RAYOS X. INCLUYE PARTES Y ACCESORIOS PARA SU NORMAL FUNCIONAMIENTO CANT (1) UND (ITEM 2) PRODUCTO: MAQUINA PORTABLE DE RAYOS X. MARCA: IRAY TECHNOLOGY. MODELO: CANIS 5C. REFERENCIA: CANIS 5C. SERIAL: CA5101210H82224019. USO O DESTINO: PARA USO VETERINARIO UNICAMENTE. TECNICA DE DIAGNOSTICO: RAYOS X. INCLUYE PARTES Y ACCESORIOS PARA SU N",,3.0,NUMERO DE ARTICULOS,30.0,14486.91,,,
2024-11-16,印度,中国,MEDION HEALTHCARE PRIVATE LIMITED,SUZHOU POWERSITE ELECTRIC CO LTD,"101, SHIV INDUSTRIAL ESTATE,  K.B.B. MARG, CHINCHPOKLI-(EAST) ",,,,,CHINA,,Shanghai,NHAVA SHEVA SEA (INNSA1),90221410,"PSG-HRS50R MEDICAL X RAY HIGH FREQUENCY HIGH VOLTAGE GENERATOR ASSEMBLY WITH 1 PC OF TOUCH SCREEN CONSOLE CS-20, 1 PC OF",,1.0,NOS,0.0,2350.0,V5YS3DPLU0FUX,,
2024-11-16,印度,中国,MEDION HEALTHCARE PRIVATE LIMITED,SUZHOU POWERSITE ELECTRIC CO LTD,"101, SHIV INDUSTRIAL ESTATE,  K.B.B. MARG, CHINCHPOKLI-(EAST) ",,,,,CHINA,,Shanghai,NHAVA SHEVA SEA (INNSA1),90221410,"PSG-HRS40 MEDICAL X RAY HIGH FREQUENCY HIGH VOLTAGE GENERATOR ASSEMBLY WITH 1 PC OF TOUCH SCREEN CONSOLE CS-20, 1 PC OF",,4.0,NOS,0.0,9000.0,V5YS3DPLU0FUX,,
2024-11-15,波兰,中国,DB CARGO EURASIA GMBH P P GE HEALTHCARE GMBH,SCHENKER CHINA LTD,ST. OF VIYEYSK 2 | 11,"11 & 12 FLOOR, CRYSTAL PLAZA BUILDING 7 NO. 6, LAND 100, PINGJIAQIAO ROAD SHANGHAI 200126, P.R. CHINA",,,,,Poland (PL),,,902214,Mobile x-ray device of the S-arch,,1805.0,KG,1805.0,127508.6237,,,
2024-11-15,哥伦比亚,中国,INVERSIONES RODRIGUEZ CASTANEDA SAS,TOOTOO MEDITECH CO LTD,KR 7 180 75 LC 21 22 MOD 3,ROOM 2401 BUILDING 3A INTELLIGENT,,,,CHINA,,,,9022140000,"DO BUNI24030946. PEDIDO TRAMITE: PED VVG-24 / 448. DECLARACION(1-1). MERCANCIA NUEVA, NOS ACOGEMOS AL DECRETO 0925 DE MAYO 09 DE 2013, NO REQUIERE PRESENTACION DE REGISTRO DE IMPORTACION. NOS ACOGEMOS AL DECRETO 272/2018 ARANCEL 0%.. PRODUCTO: EQUIPO DE OBTENCION DE IMAGENES (TOMOGRAFO) 3 EN 1 // VETERINARY 3IN 1 HYBRID CBCT. MARCA: MEDITECH. MODELO: VETIST 3. REFERENCIA: SIN REFERENCIA. SERIAL: 39110243001. 39110243002. USO ODESTINO: VETERINARIO PARA RADIOGRAFIA, FLUOSCOPIA Y ESCANEO. TECNICA DE DIAGNOSTICO: RAYOS X. OTROS DATOS: VETERINARY 3 IN 1HYBRID CBCT VETIST.//CON TODOS SUS ACCESORIOS PARA SU NORMAL ARMADO Y FUNCIONAMIENTO CANT (2) UND (ITEM 1)",,2.0,NUMERO DE ARTICULOS,1503.9,114482.51,,,
2024-11-15,哥伦比亚,中国,ROYAL PLUS TECHNOLOGIES S A S,SHANTOU INSTITUTE OF ULTRASONIC INSTRUMENTS CO LTD,KR 27 68 60,"RM 2303, TUNG CHIU COMMERCIAL CENTR",,,,CHINA,,,,9022140000,"DO 2415234. DECLARACION(1-2). MERCANCIA NUEVA. NOS ACOGEMOS AL DECRETO 1881 DE 2021, MINISTERIO DE COMERCIO, INDUSTRIA Y TURISMO ARTICULO 2驴. PRODUCTO: UNIDAD PORTUTIL DE RAYOS X (PORTABLE X-RAY UNIT). MARCA: SIUI. MODELO: YKQ-X001. REFERENCIA: SR-8230S. SERIAL: XA032P240214R, XA032P240218R. USO O DESTINO: PARA USO VETERINARIO UNICAMENTE. TECNICA DE DIAGNOSTICO: RAYOS X CANT (2) UNDS (ITEM 1)",,2.0,NUMERO DE ARTICULOS,26.0,12471.28,,,
2024-11-15,厄瓜多尔,中国,ITMATION CIA LTDA,NANJING PERLOVE MEDICAL EQUIPMENT CO LTD,,,,,,CHINA,,CNSHA-,,9022140000,EQUIPO ARCO EN C,,1.0,NUMERO DE UNIDADES,93.2,20559.973,CEC2024PCIU0012,,SIN MARCA
2024-11-15,印度,中国,PHILIPS INDIA LIMITED,SPELLMAN HIGH VOLTAGE ELECTRONICS SUZHOU INDUSTRI,"7, JUSTICE CHANDRA MADHAB ROAD,  KOLKATA, ",,,,,CHINA,,SHANGHAI - PU DONG,SAHAR AIR CARGO ACC (INBOM4),90221410,"459801732292,HF GENERATOR MMB 409085-001 (FOR C-ARM IMAGE INTENSIFIER SYSTEM)",,2.0,NOS,0.0,4146.0,E325O962AL922,,
2024-11-15,俄罗斯,中国,ООО МЕДГРЕЙД,YRY JIANGSU INTLIMP AND EXP TRADE CO LTD,"105122, , МОСКВА, ЩЕЛКОВСКОЕ ШОССЕ,Д.5,СТР.1,ОФИС 616,",", CHINA., NANJING,, RM.917, NO. 184 QIAOXI ROAD, XIONGZHOU STREET, LUH, ,...",,,"NANJING PERLOVE MEDICAL EQUIPMENT CO.,LTD.",China,РОССИЯ,,,9022140000,АППАРАТУРА НА ОСНОВЕ РЕНТГЕНОВСКОГО ИЗЛУЧЕНИЯ ДЛЯ МЕДИЦИНСКОГО ИСПОЛЬЗОВАНИЯ ОКПД 26.60.11.112.,,1.0,ШТ,558.0,49519.67,,,ОТСУТСТВУЕТ
2024-11-15,波兰,中国,RTSB GMBH FOR GE MEDICAL SYSTEMS LTD,BEIJING GE HUALUN MEDICAL EQUIPMENT CO LTD,KOLEYAZHY 21 21-540,NO1 YONG CHANG NORTH ROAD BEIJING ECONOMIC&TECHNOLOGICAL DEVELOPMENT AREA 100176,,,,,Poland (PL),,,902214,System of x-ray cameras | equipment for use of x-ray devices,,1971.0,KG,1971.0,62238.87,,,
2024-11-15,印度,中国,SUNRISE INSTITUTE OF MEDICAL SCIENCES PRIVATE LIMI,SIEMENS HEALTHINEERS AG,"VII/528-B   VII/528-C, SEAPORT-  AIRPORT ROAD, MAVELIPURAM, KAKKANAD",,,,,CHINA,,Shekou,NHAVA SHEVA SEA (INNSA1),90221490,ARTIS ONE EDITION X CA,,1.0,UNT,0.0,325000.0,FPDJS0ZYJB7HK,,
2024-11-15,厄瓜多尔,中国,ITMATION CIA LTDA,NANJING PERLOVE MEDICAL EQUIPMENT CO LTD,,,,,,CHINA,,CNSHA-,,9022140000,EQUIPOS DE RAYOS X,,1.0,NUMERO DE UNIDADES,93.2,29824.522,CEC2024PCIU0012,,SIN MARCA
2024-11-14,菲律宾,中国,GENERAL ELECTRIC PHILS INC,GE HUALUN MEDICAL SYSTEMS CO LTD,"27TH FLOOR MENARCO TOWER, 32ND STREET, BONIFACIO, GLOBAL CITY, TAGUIG CITY",,,,,CHINA,,,,90221400000,1 EA OEC One VAS 25 Main Sys [S10005GS],,1.0,,402.4,23996.5,BJS0040920,,
2024-11-14,阿富汗,中国,FOOLAD NOORZAD TRADING,HUOERGUOSI RONGDA TRADING CO LTD, , ,,,,,Afghanistan (AF),,,9022140000,MEDICAL DEVICE,,5.0,PCE; NMB,435.0,174.0,,,
2024-11-14,厄瓜多尔,中国,SIEMENS HEALTHCARE CIA LTDA,SIEMENS SHANGHAI MEDICAL EQUIPMENT LTD,,,,,,CHINA,,CNSHA-,,9022140000,EQUIPO DE RAYOS X TELECOMANDO MODELO MULTI IMPACT,,1.0,NUMERO DE UNIDADES,1241.0,64679.08,CEC2024PCIU0011,,SIEMENS
2024-11-14,菲律宾,中国,GENERAL ELECTRIC PHILS INC,GE HUALUN MEDICAL SYSTEMS CO LTD,"27TH FLOOR MENARCO TOWER, 32ND STREET, BONIFACIO, GLOBAL CITY, TAGUIG CITY",,,,,CHINA,,,,90221400000,1 EA OEC One VAS 25 Main Sys [S10005GS],,1.0,,404.0,23996.5,BJS0040920,,
2024-11-13,墨西哥,中国,GE SISTEMAS MEDICOS DE MEXICO SA DE CV,GE HUALUN MEDICAL SYSTEMS CO LTD,"ANTONIO DOVALI JAIME 70 TORRE B PISO 4 AVENIDA JAVIER BARROS SIERRA Y AVENIDA SANTA FE

Ciudad de Mexico
01210","YONG CHANG NORTH ROAD
BEIJINGCHINA

100176",,,,CHINA,,,NUEVO LAREDO NUEVO LAREDO TAMAULIPAS.,9022149101,SISTEMA RADIOGRAFICO XR6000 CON SUS ACCESORIOS,,1.0,PIECE,923.0,44515.16,,,
2024-11-13,俄罗斯,中国,ООО ШТЕЙМАН КРАФТ,SHENZHEN SONTU MEDICAL IMAGING EQUIPMENT CO LTD,"129226, , Г. МОСКВА, УЛ. ДОКУКИНА, Д.8, СТР. 2, ПОМ.3.1, ЭТ.6,","518122, PINGSHAN NEW DISTRICT, SHENZHEN, SHENZHEN BIOMEDICINE INNOVATIONS IN, 10.",,,"SHENZHEN SONTU MEDICAL IMAGING EQUIPMENT CO., LTD.",China,РОССИЯ,,,9022140000,"АППАРАТУРА НА ОСНОВЕ РЕНТГЕНОВСКОГО ИЗЛУЧЕНИЯ, ПРЕДНАЗНАЧЕНА ДЛЯ ПРОВЕДЕНИЯ СТАНДАРТНОЙ РЕНТГЕНОГРАФИИ ПАЦИЕНТОВ ДЛЯ ПОЛУЧЕНИЯ ОДИНОЧНОГО ИЗОБРАЖЕНИЯ С ЦЕЛЬЮ МЕДИЦИНСКОЙ ДИАГНОСТИКИ, ПОСТАВЛЯЕТСЯ В ЧАСТИЧНО РАЗОБРАННОМ ВИДЕ ДЛЯ УДОБСТВАТРАНСПОРТИРОВК",,2.0,ШТ,1200.0,41120.91,,,ОТСУТСТВУЕТ
2024-11-13,墨西哥,中国,GE SISTEMAS MEDICOS DE MEXICO SA DE CV,GE HUALUN MEDICAL SYSTEMS CO LTD,"ANTONIO DOVALI JAIME 70 TORRE B PISO 4 AVENIDA JAVIER BARROS SIERRA Y AVENIDA SANTA FE

Ciudad de Mexico
01210","YONG CHANG NORTH ROAD
BEIJINGCHINA

100176",,,,CHINA,,,NUEVO LAREDO NUEVO LAREDO TAMAULIPAS.,9022149101,SISTEMA RADIOGRAFICO XR6000 CON SUS ACCESORIOS,,1.0,PIECE,925.0,44053.5,,,
2024-11-13,墨西哥,中国,GOODS4ANIMALS SA DE CV,NANJING ARCHMED MEDICAL EQUIPMENT CO LTD,"QUEBRADA 3173 CALLE BARRA Y CALLE BOCANA
Guadalajara
Jalisco
44580","ROOM.106 BUILDING 10 SHANGYUAN STREET JIANGNING DISTRICT
NANJING

SN",,,,CHINA,,,MANZANILLO MANZANILLO COLIMA.,9022149199,APARATOS DE RAYOS X DE USO VETERINARIO CON SUS PARTES Y ACCESORIOS PARA SU INSTALACION Y FUNCIONAMIENTO,,1.0,SET,300.0,9079.98,,,
2024-11-13,俄罗斯,中国,ООО ШТЕЙМАН КРАФТ,SHENZHEN SONTU MEDICAL IMAGING EQUIPMENT CO LTD,"129226, , Г. МОСКВА, УЛ. ДОКУКИНА, Д.8, СТР. 2, ПОМ.3.1, ЭТ.6,","518122, PINGSHAN NEW DISTRICT, SHENZHEN, SHENZHEN BIOMEDICINE INNOVATIONS IN, 10.",,,"SHENZHEN SONTU MEDICAL IMAGING EQUIPMENT CO., LTD.",China,РОССИЯ,,,9022140000,"АППАРАТУРА НА ОСНОВЕ РЕНТГЕНОВСКОГО ИЗЛУЧЕНИЯ, ПРЕДНАЗНАЧЕНА ДЛЯ ПРОВЕДЕНИЯ СТАНДАРТНОЙ РЕНТГЕНОГРАФИИ ПАЦИЕНТОВ ДЛЯ ПОЛУЧЕНИЯ ОДИНОЧНОГО ИЗОБРАЖЕНИЯ С ЦЕЛЬЮ МЕДИЦИНСКОЙ ДИАГНОСТИКИ, ПОСТАВЛЯЕТСЯ В ЧАСТИЧНО РАЗОБРАНHОМ ВИДЕ ДЛЯ УДОБСТВАТРАНСПОРТИРОВК",,4.0,ШТ,2592.0,100623.12,,,ОТСУТСТВУЕТ
2024-11-13,俄罗斯,中国,ООО ШТЕЙМАН КРАФТ,SHENZHEN SONTU MEDICAL IMAGING EQUIPMENT CO LTD,"129226, , Г. МОСКВА, УЛ. ДОКУКИНА, Д.8, СТР. 2, ПОМ.3.1, ЭТ.6,","518122, PINGSHAN NEW DISTRICT, SHENZHEN, SHENZHEN BIOMEDICINE INNOVATIONS IN, 10.",,,"SHENZHEN SONTU MEDICAL IMAGING EQUIPMENT CO., LTD.",China,РОССИЯ,,,9022140000,АППАРАТУРА НА ОСНОВЕ РЕНТГЕНОВСКОГО ИЗЛУЧЕНИЯ ДЛЯ ВЕТЕРИНАРНОГО ИСПОЛЬЗОВАНИЯ:,,10.0,ШТ,75.0,56261.72,,,ШTEIMAN
2024-11-13,波兰,中国,SPEDYCJA POLSKA SPEDCONT SP Z O O DLYA GE MEDICAL SYSTEMS SCS,BEIJING GE HUALUN MEDICAL EQUIPMENTCO LTD,UL.TOMASZEWSKA 60,NO1 YONG CHANG NORTH ROAD BEIJING ECONOMIC&TECHNOLOGICAL DEVELOPMENT AREA,,,,,Poland (PL),,,902214,System of x-ray cameras | equipment for use of x-ray devices,,4999.5,KG,4999.5,159698.02,,,
2024-11-13,墨西哥,中国,GE SISTEMAS MEDICOS DE MEXICO SA DE CV,GE HUALUN MEDICAL SYSTEMS CO LTD,"ANTONIO DOVALI JAIME 70 TORRE B PISO 4 AVENIDA JAVIER BARROS SIERRA Y AVENIDA SANTA FE

Ciudad de Mexico
01210","YONG CHANG NORTH ROAD
BEIJINGCHINA

100176",,,,CHINA,,,NUEVO LAREDO NUEVO LAREDO TAMAULIPAS.,9022149101,SISTEMA RADIOGRAFICO XR6000 CON SUS ACCESORIOS,,1.0,PIECE,923.0,44252.23,,,
2024-11-13,印度,中国,PHILIPS INDIA LIMITED,PHILIPS ELECTRONICS SINGAPORE PTE LTD,"7, JUSTICE CHANDRA MADHAB ROAD,  KOLKATA, ",,,,,CHINA,,Singapore,SAHAR AIR CARGO ACC (INBOM4),90221490,459800669934 JOYSTICKHEAD KIT (PARTS FOR IXR MACHINE),,1.0,NOS,0.0,103.54,EDIKUSHGNIXZY,,
2024-11-13,菲律宾,中国,GENERAL ELECTRIC PHILS INC,GE HUALUN MEDICAL SYSTEMS CO LTD,"27TH FLOOR MENARCO TOWER, 32ND STREET, BONIFACIO, GLOBAL CITY, TAGUIG CITY",,,,,CHINA,,,,90221400000,1 EA OEC One VAS 25 Main Sys  [S10005GS],,1.0,,404.0,26155.6,BJS0040919,,
2024-11-13,俄罗斯,中国,ООО ШТЕЙМАН КРАФТ,SHENZHEN SONTU MEDICAL IMAGING EQUIPMENT CO LTD,"129226, , Г. МОСКВА, УЛ. ДОКУКИНА, Д.8, СТР. 2, ПОМ.3.1, ЭТ.6,","518122, PINGSHAN NEW DISTRICT, SHENZHEN, SHENZHEN BIOMEDICINE INNOVATIONS IN, 10.",,,"SHENZHEN SONTU MEDICAL IMAGING EQUIPMENT CO., LTD.",China,РОССИЯ,,,9022140000,АППАРАТУРА НА ОСНОВЕ РЕНТГЕНОВСКОГО ИЗЛУЧЕНИЯ ДЛЯ ВЕТЕРИНАРНОГО ИСПОЛЬЗОВАНИЯ:,,10.0,ШТ,200.0,35937.66,,,ШTEIMAN
2024-11-13,波兰,中国,SPEDYCJA POLSKA SPEDCONT SP Z O O DLYA GE MEDICAL SYSTEMS SCS,BEIJING GE HUALUN MEDICAL EQUIPMENTCO LTD,UL.TOMASZEWSKA 60,NO1 YONG CHANG NORTH ROAD BEIJING ECONOMIC&TECHNOLOGICAL DEVELOPMENT AREA 100176,,,,,Poland (PL),,,902214,The system of radiographic cameras | the equipment for application in x-ray devices,,4774.5,KG,4774.5,206685.57,,,
2024-11-13,美国,中国,BRIDGESGAP LIMITED,, C/O FBA 2125 WEST SAN BERNARDINO AVE ,N/A,N/A,N/A,,"CN, CHINA",,NINGBO,LONG BEACH,902214,"NON-WOVEN SURGICAL TAPE,2.5CM X 9.14M,12ROLLSNON-WOVEN SURGICAL TAPE,5CM X 9.14M,6ROLLS WASHABLE UNDERPAD M,4 PACK",NO MARKS,796.0,CTN,15137.0,0.0,AMZDCN24KTH7L34N,MSDU7201877,
2024-11-13,坦桑尼亚,中国,VISION MEDICS COMPANY LIMITED,SHENZHEN BROWINER TECH CO LTD,,,,,,China,United Republic of Tanzania,,,902214000000,FLOOR-MOUNTED DIGITAL RADIOGRAPHY SYSTEM,,1.0,NMB,973.0,9235.0,LGZDAR24902256PH,,
2024-11-13,墨西哥,中国,GE SISTEMAS MEDICOS DE MEXICO SA DE CV,GE HUALUN MEDICAL SYSTEMS CO LTD,"ANTONIO DOVALI JAIME 70 TORRE B PISO 4 AVENIDA JAVIER BARROS SIERRA Y AVENIDA SANTA FE

Ciudad de Mexico
01210","YONG CHANG NORTH ROAD
BEIJINGCHINA

100176",,,,CHINA,,,NUEVO LAREDO NUEVO LAREDO TAMAULIPAS.,9022149101,SISTEMA RADIOGRAFICO XR6000 CON SUS ACCESORIOS,,1.0,PIECE,925.0,44151.89,,,
2024-11-13,墨西哥,中国,GE SISTEMAS MEDICOS DE MEXICO SA DE CV,GE HUALUN MEDICAL SYSTEMS CO LTD,"ANTONIO DOVALI JAIME 70 TORRE B PISO 4 AVENIDA JAVIER BARROS SIERRA Y AVENIDA SANTA FE

Ciudad de Mexico
01210","YONG CHANG NORTH ROAD
BEIJINGCHINA

100176",,,,CHINA,,,NUEVO LAREDO NUEVO LAREDO TAMAULIPAS.,9022149101,SISTEMA RADIOGRAFICO XR6000 CON SUS ACCESORIOS,,1.0,PIECE,925.0,44774.81,,,
2024-11-12,巴基斯坦,中国,ADVANCE MEDICAL SYSTEM,LIAONING DTKL TECHNOLOGY CO LTDLIA,"SHOP # 8 REHMAN PLAZA 90 / A-1 COAST GUARD, DEPOT LINE",,,,,China                         ,,,KPAF,90221400,( DTXR-5ZRB )MOBILE RADIOGRAPHIC UNITS WITH BATTERY QTY 1 PC,,1.0,u,0.0,160.0,,,
2024-11-12,巴基斯坦,中国,ADVANCE MEDICAL SYSTEM,LIAONING DTKL TECHNOLOGY CO LTD,"SHOP # 8 REHMAN PLAZA 90 / A-1 COAST GUARD, DEPOT LINE", 1ST DOOR NO 77-9 ROAD 13 SHENYANG,,,,China (CN),,,KPAF,90221400,( DTXR-5ZRB )MOBILE RADIOGRAPHIC UNITS WITH BATTERY QTY 1 PC,,1.0,u,17.0,160.0,GFSDG2411149,,
2024-11-12,乌干达,中国,RAPADA U LIMITED,BLOSSOM HOLDINGS LIMITED,,,,,,CHINA,UGANDA,,,90221400000,MRI MACHINERY WITH ACCESSORIES,,32.0001,Number,20799.9999,147500.0001,,,
2024-11-12,墨西哥,中国,GE SISTEMAS MEDICOS DE MEXICO SA DE CV,GE HUALUN MEDICAL SYSTEMS CO LTD,"ANTONIO DOVALI JAIME 70 TORRE B PISO 4 AVENIDA JAVIER BARROS SIERRA Y AVENIDA SANTA FE

Ciudad de Mexico
01210","YONG CHANG NORTH ROAD
BEIJINGCHINA

100176",,,,CHINA,,,NUEVO LAREDO NUEVO LAREDO TAMAULIPAS.,9022149101,SISTEMA RADIOGRAFICO XR6000 CON SUS ACCESORIOS,,1.0,PIECE,881.0,45013.46,,,
2024-11-12,墨西哥,中国,GE SISTEMAS MEDICOS DE MEXICO SA DE CV,GE HUALUN MEDICAL SYSTEMS CO LTD,"ANTONIO DOVALI JAIME 70 TORRE B PISO 4 AVENIDA JAVIER BARROS SIERRA Y AVENIDA SANTA FE

Ciudad de Mexico
01210","YONG CHANG NORTH ROAD
BEIJINGCHINA

100176",,,,CHINA,,,NUEVO LAREDO NUEVO LAREDO TAMAULIPAS.,9022149101,SISTEMA RADIOGRAFICO XR6000 CON SUS ACCESORIOS,,1.0,PIECE,881.0,44858.04,,,
2024-11-12,哈萨克斯坦,中国,TOO ALASH KZ,SHENZHEN BROWNIER TECH CO LTD,K. NURKINA 70 | 1,NO. 1008 SONGBAI ROAD,,,,,Kazakhstan (KZ),,,902214,MOBILE X-RAY SYSTEM,,694.0,KG,694.0,30400.0,,,
2024-11-11,乌克兰,中国,ТОВ СМАРТ СІТІ СОЛЮШНС,SHENZHEN ANKE HIGH TECH CO LTD BLOCK B LINGYA INDUSTRIAL ZONE TANGTOU 1 ROAD SHIYYAN SUB DISTRICT,03195 МІСТО КИЇВ ВУЛ ВІЛЬЯМСА АКАДЕМІКА БУДИНОК 6 Д ОФІС 43 1,,,,,China,,,,9022140000,АПАРАТУРА ЩО ВИКОРИСТОВУЄ РЕНТГЕНІВСЬКЕ ІОНІЗУЮЧЕ ВИПРОМІНЮВАННЯ ПРИЗНАЧЕНА АБО НЕ ПРИЗНАЧЕНА ДЛЯ МЕДИЧНОГО РЕНТГЕНДІАГНОСТИЧНИЙ КОМПЛЕКС НА ДВА РОБОЧИХ МІСЦЯ ASR 6850P СКЛАДАЄТЬСЯ З КОЛОНА З ДОЗІМЕТРИЧНИМ ПРИСТРОЄМ КОЛІМАТОР СТІЛ ШТАТИВ ЦИФРОВОГО ДЕТЕКТОРА СТОЛУ З ІОНІЗАЦІЙНОЮ КАМЕРОЮ АЕС ЦИФРОВИЙ ДЕТЕКТОР СТОЛУ ВЕРТИКАЛЬНА СТІЙКА З ІОНІЗАЦІЙНОЮ КАМЕРОЮ АЕС ЦИФРОВИЙ ДЕТЕКТОР ВЕРТИКАЛЬНОЇ СТІЙКИ РЕНТГЕНІВСЬКИЙ ГЕНЕРАТОР РЕНТГЕНІВСЬКИЙ ВИПРОМІНЮВАЧ РОБОЧА СТАНЦІЯ ОТРИМАННЯ ЗНІМКІВ РОБОЧА СТАНЦІЯ ЛІКАРЯ РЕНТГЕНОЛОГА МЕДИЧНИЙ ПРИНТЕР ТА СТАБІЛІЗАТОР ЦЯ ДІАГНОСТИЧНА РЕНТГЕНІВСЬКА СИСТЕМА ПРИЗНАЧЕНА ДЛЯ ВИКОРИСТАННЯХ В ГАЛУЗЯХ ЯК ЯК ЕКСТРЕНА МЕДИЦИНА ЗАГАЛЬНА ДІАГНОСТИКА СКЕЛЕТНИХ ТА ТОРАКАЛЬНИХ РЕНТГЕНОЛОГІЧНИХ ДОСЛІДЖЕННЯХ СИСТЕМА ПРИЗНАЧЕНА ДЛЯ ВИКОРИСТАННЯ ВИКЛЮЧНО МЕДИЧНИМИ ПРАЦІВНИКАМИ ДЛЯ ЗРУЧНОСТІ ТРАНСПОРТУВАННЯ ПОСТАЧАЄТЬСЯ В ЧАСТКОВО РОЗІБРАНОМУ СТАНІ СЕРІЙНІ НОМЕРИ 04932090715 04932090716 04932090717 04932090718 X RAY DIAGNOSTIC COMPLEX FOR 2 WORKSTATION ASR 6850P 4 КОМПЛЕКТА ТО,,4.0,ШТ,3564.0,186000.0,,,
2024-11-11,阿富汗,中国,FOOLAD NOORZAD TRADING,HUOERGUOSI RONGDA TRADING CO LTD, , ,,,,,Afghanistan (AF),,,9022140000,MEDICAL DEVICE,,20.0,PCE; NMB,170.0,60.0,,,
2024-11-10,波兰,中国,DB CARGO EURASIA GMBH P P GE HEALTHCARE GMBH,SCHENKER CHINA LTD,ST. OF VIYEYSK 2 | 11,"11 & 12 FLOOR, CRYSTAL PLAZA BUILDING 7 NO. 6, LANE 100, PINGJIAQIAO ROAD",,,,,Poland (PL),,,902214,Mobile x-ray device of the S-arch,,496.0,KG,496.0,25539.08,,,
2024-11-08,阿根廷,中国,MEDIFY EQUIPAMIENTO MEDICO S A,,,,,,,China,,,,90221419000,"LOS DEMAS. LOS DEMAS, PARA USO MEDICO, QUIRURGICO RV 32B",,2.0,Unidades,0.0,25990.0,,,DAWEI
2024-11-08,墨西哥,中国,EQUIMED DEL NORESTE SA DE CV,SHENZHEN ANGELL TECHNOLOGY CO LTD,"SANTOS DEGOLLADO 808 SUR HIDALGO Y CONSTITUCION
Monterrey
Nuevo Leon
64060","BUILDING G3 TLC INTERNATINAL E CITY
SHUGUANG COMMMUNITY XILI STREET NANSHAN DISTRICT SHENZHEN

518057",,,,CHINA,,,AEROPUERTO INTERNACIONAL FELIPE ANGELES SANTA LUCIA ZUMPANGO ESTADO DE MEXICO,9022149199,UNIDAD RADIOLOGICA Y FLUOROSCOPIA DIGITAL FIJA Y MOVIL ANGELL DP326A 1,,3.0,PIECE,1745.0,92826.44,,,
2024-11-08,印度,中国,WIPRO GE MEDICAL DEVICE MANUFACTURING PRIVATE LIMI,GE HUALUN MEDICAL SYSTEMS CO LTD,"No.4, Kadugodi Industrial Area, Sadarmangala Whitefield, Bangalore",,,,,CHINA,,Shanghai,Chennai  ,90221490,5521321-4 - SYSTEM GANTRY HLA FOR OPTIMAIGS 320 INDIA SEMI FINISHED (PARTS FOR MANUFACTURING OF IGS 320/OPTIMA IGS 320 C,,1.0,PCS,0.0,83855.13,P8XU4542F8QXL,,
2024-11-08,巴拉圭,中国,LA CASA DEL MEDICO SA,,,,,,,CHINA,,,,90221411,"INSTRUMENTOS Y APARATOS DE OPTICA, DEFOTOGRAFIA O DE CINEMATOGRAFIA, DE MEDIDA, DE CONTROL O DE PRECISION, INSTRUMENTOS Y APARATOS MEDICOQUIRURGICOS, PARTES Y ACCESORIOS DE ESTOSINSTRUMENTOS O APARATOS APARATOS DE RAYOS X Y APARATOS QUE UTILICEN RADIACION",,1.0,,0.0,59375.0,,,ANKE
2024-11-08,墨西哥,中国,EQUIMED DEL NORESTE SA DE CV,SHENZHEN ANGELL TECHNOLOGY CO LTD,"SANTOS DEGOLLADO 808 SUR HIDALGO Y CONSTITUCION
Monterrey
Nuevo Leon
64060","BUILDING G3 TLC INTERNATINAL E CITY
SHUGUANG COMMMUNITY XILI STREET NANSHAN DISTRICT SHENZHEN

518057",,,,CHINA,,,AEROPUERTO INTERNACIONAL FELIPE ANGELES SANTA LUCIA ZUMPANGO ESTADO DE MEXICO,9022149199,UNIDAD RADIOLOGICA Y FLUOROSCOPIA DIGITAL FIJA Y MOVIL ANGELL DTP580B 1,,1.0,PIECE,1745.0,51173.55,,,
2024-11-08,巴拉圭,中国,LA CASA DEL MEDICO SA,,,,,,,CHINA,,,,90221411,"INSTRUMENTOS Y APARATOS DE OPTICA, DEFOTOGRAFIA O DE CINEMATOGRAFIA, DE MEDIDA, DE CONTROL O DE PRECISION, INSTRUMENTOS Y APARATOS MEDICOQUIRURGICOS, PARTES Y ACCESORIOS DE ESTOSINSTRUMENTOS O APARATOS APARATOS DE RAYOS X Y APARATOS QUE UTILICEN RADIACION",,1.0,,0.0,62637.52,,,ANKE
2024-11-07,乌干达,中国,BEYLER AFRICA CO LTD,AFACACA SUPPLY CHAIN SMC LIMITED,,,,,,CHINA,UGANDA,,,90221400000,X-RAY PARTS,,2.0,Number,360.0,472.0001,,,
2024-11-07,巴基斯坦,中国,FUJIFILM PAKISTAN PRIVATE LTD,FUJIFILM CORPORATION,37-D BLOCK-6 P.E.C.H.S., 26-30 NISHIAZABU 2-CHOME MINATO-KU TOKYO 106-8620 JAPAN,,,,China (CN),,,KAPW,90221400,(MEDICAL EQUIPMENT). MAIN UNIT DRYPIX EDGE 3T 6BH E. (QTY.1SET).,,1.0,u,0.1275,4400.0,QYSEA240914,,
2024-11-07,巴基斯坦,中国,FUJIFILM PAKISTAN PRIVATE LIMITED,FUJIFILM CORPORATION,37-D BLOCK-6 P.E.C.H.S.,,,,,China                         ,,,KAPW,90221400,(MEDICAL EQUIPMENT). MAIN UNIT DRYPIX EDGE 3T 6BH E. (QTY.1SET).,,1.0,u,0.0,4400.0,,,
2024-11-07,哈萨克斯坦,中国,ТОО АЛАШKZ,SHENZHEN BROWINER TECH CO LTD,"Г. ПАВЛОДАР УЛ. ҚАБДЕШ НҰРКИН, ДОМ 70/1, 38","SONGBAI ROAD,NO.1008 GANGHONGJI HIGH-TECH INTEL.IND.PARK,BUILD. C,R.501",,,"SHENZHEN BROWINER TECH CO., LTD",КИТАЙ,КАЗАХСТАН,,,9022140000,"1. СИСТЕМА ЦИФРОВОЙ РЕНТГЕНОГРАФИИ PERFOX В ВАРИАНТАХ ИСПОЛНЕНИЯХ: PERFOX 3000А В КОМПЛЕКТЕ С  ПРИНАДЛЕЖНОСТЯМИ,",,1.0,ШТ,710.0,22586.87,,,
2024-11-07,哈萨克斯坦,中国,MEDSYST MEDSIST LTD LIABILITY COMPANY,ANGELL TECHNOLOGY CHONGQING CO LTD,"Nauryzbay St. of the Batyr, 102, sq. (office) 8",CHINA,,,,,Kazakhstan (KZ),,,902214,DIGITAL MEDICAL RADIOGRAPHIC SYSTEM,,1005.0,KG,1005.0,24000.0,,,
2024-11-07,哥伦比亚,中国,EQUIVET INTERNATIONAL COMPANY SAS,TOOTOO MEDITECH CO LTD,KR 69 12A 42 TO 2,ROOM 2401 BUILDING 3A INTELLIGENT H,,,,CHINA,,,,9022140000,"DO FESTEXTIMP2735 PEDIDO IM240361 DECLARACION 12 DE 14;TIM24031496 //FACTURA:TT240611701, FECHA:17-07-2024, PRODUCTO: ESTACION DE TRABAJO PARA IMAGENES DENTALES DTS-380, MARCA: MEDITECH, MODELO: DTS-380, REFERENCIA: DTS-380, SERIAL: 2024110V041513, USO ODESTINO: VETERINARIO, TECNICA DE DIAGNOSTICO: RAYOS X, CANTIDAD: 1 UNIDAD PAIS DE ORIGEN: CHINA(215)",,1.0,NUMERO DE ARTICULOS,215.33,2276.35,,,
2024-11-06,乌干达,中国,BLOSSOM HOLDINGS LIMITED,SHENZHEN BASDA MEDICAL APPARATUSCO LTD,,,,,,CHINA,UGANDA,,,90221400000,MRI MACHINERY WITH ACCESSORIES,,32.0001,Number,20799.9999,147500.0001,,,
2024-11-06,乌干达,中国,BEYLER AFRICA CO LTD,AFACACA SUPPLY CHAIN SMC LIMITED,,,,,,CHINA,UGANDA,,,90221400000,X-RAY,,2.0,Number,360.0,472.0001,,,
2024-11-06,埃塞俄比亚,中国,XIANDENG LI,,,,,,,China,,,,90221400,"-- Other, for medical, surgical or veterinary uses",,1.0,UNT,815.0,190487.92,,,
2024-11-06,越南,中国,CÔNG TY TNHH THIẾT BỊ Y TẾ TẤT THÀNH,TRIUP INTERNATIONAL CORP,"No. 82A Yen Binh Street, Phuc La Ward, Ha Dong District, Hanoi City, Vietnam","8 FLOOR, FENGHUANG CULTURE, BUILDING B, 215 JIANGDONG MIDDLE, ROAD, NINJING, CHINA, CN",,,,China,,SHANGHAI,CANG HAI PHONG,90221400,"Máy chụp X-Quang Model: TR300A dùng trong y tế, nhà sản xuất Triup International Corp, mới 100%,X-Ray Machine Model: TR300A for medical use, manufacturer Triup International Corp, 100% new",,5.0,Set,0.0,29000.0,311024SHS24100108,,
2024-11-06,乌兹别克斯坦,中国,ООО TIBBIYOT DUNYOSI,ONE MEDICAL СО LIMITED,,,,,,0,,,,9022140000,"1)Mobile digital Х-rау system C-arm with accessories, model: PLX 118F / Мобильная цифровая рентгеновская система С-дуга, модель: PLX 118F с принадлежностями, новая г.в. 2024г., серийный номер: 18F/a24205, в количестве 1 комплект, вес нетто 456кг., пр-ль: Nanjing Perlove Medical Equipment Со., Ltd/Китай; 2)Всего: 1 место, упаковоно в деревянный ящик; G31MARKA марка БЕЗ БРЕНДА YEAR10 год производ 2024 PARAM10 Характеристика товара Мобильная цифровая рентгеновская система С-дуга, модель: PLX 118F с принадлежностями",,1.0,Piece,456.0,42500.0,,,
2024-11-06,乌兹别克斯坦,中国,ООО TIBBIYOT DUNYOSI,ONE MEDICAL СО LIMITED,,,,,,0,,,,9022140000,"1)Mobile digital Х-rау system C-arm with accessories, model: PLX 118F / Мобильная цифровая рентгеновская система С-дуга, модель: PLX 118F с принадлежностями, новая г.в. 2024г., серийный номер: 18F/a24205, в количестве 1 комплект, вес нетто 456кг., пр-ль: Nanjing Perlove Medical Equipment Со., Ltd/Китай; 2)Всего: 1 место, упаковоно в деревянный ящик; G31MARKA марка БЕЗ БРЕНДА YEAR10 год производ 2024 PARAM10 Характеристика товара Мобильная цифровая рентгеновская система С-дуга, модель: PLX 118F с принадлежностями",,1.0,Piece,456.0,42500.0,,,
2024-11-06,阿塞拜疆,中国,IMAGO CO LLC,SHENZHEN LANMAGE MEDICAL TECHNOLOGY CO LTD,"AZ1130, Azadliq Ave 183r, Contact: Mr. Tural Jafarli","No. 103, Baguang Service Center, No. 2 Baisha Bay Road,",,,,,Azerbaijan (AZ),,,902214,The digital x-ray roentgenoscopic Bracket system for a stitching Protective glass from lead,,2992.0,KG,2992.0,93000.0,,,
2024-11-05,厄瓜多尔,中国,ORIMEC ORIENTAL MEDICAL DEL ECUADOR C A,,,,,,,ESTADOS UNIDOS,,-,,9022140000,EQUIPOS DE RAYOS X / MODELO BRIVO 785 NEW CONFING3-2016 SERIAL BB3SS2300229HL / ITEM S20002HW - 250549,,1.0,NUMERO DE UNIDADES,311.0,38418.75,,,GE
2024-11-05,哈萨克斯坦,中国,ALASH KZ LTD LIABILITY COMPANY,ITERA TRADING LTD,"Kazakhstan, Pavlodar Region, Pavlodar, LUNACHARSKOGO St., 44 | 2, sq. (office) office 13",CHINA,,,,,Kazakhstan (KZ),,,902214,Medical angiographic CGO-2100 Plus system Medical x-ray device,,5393.0,KG,5393.0,495000.0,,,
2024-11-05,波兰,中国,SPEDYCJA POLSKA SPEDCONT SP Z O O DLYA GE MEDICAL SYSTEMS SCS,BEIJING GE HUALUN MEDICAL EQUIPMENTCO LTD,UL.TOMASZEWSKA 60, NO1 YONG CHANG NORTH ROAD BEIJING ECONOMIC&TECHNOLOGICAL DEVELOPMENT AREA 100176,,,,,Poland (PL),,,902214,System of x-ray cameras | equipment for use of x-ray devices,,4741.0,KG,4741.0,131778.76,,,
2024-11-05,波兰,中国,SPEDYCJA POLSKA SPEDCONT SP Z O O DLYA GE MEDICAL SYSTEMS SCS,BEIJING GE HUALUN MEDICAL EQUIPMENTCO LTD,UL. TOMASZEWSKA 60,NO1 YONG CHANG NORTH ROAD BEIJING ECONOMIC&TECHNOLOGICAL DEVELOPMENT AREA 100176,,,,,Poland (PL),,,902214,System of the x-ray camera | equipment for use of the x-rau device,,4505.0,KG,4505.0,265509.54,,,
2024-11-05,厄瓜多尔,中国,ORIMEC ORIENTAL MEDICAL DEL ECUADOR C A,,,,,,,ESTADOS UNIDOS,,-,,9022140000,EQUIPOS DE RAYOS X / MODELO BRIVO 785 NEW CONFING3-2016 SERIAL BB3SS2300230HL / ITEM S20002HW - 250551,,1.0,NUMERO DE UNIDADES,311.0,38418.75,,,GE
2024-11-04,波兰,中国,DB CARGO EURASIA GMBH P P GE MEDICAL SYSTEMS INFORMATION TECHNOLOGIES GMBH,SCHENKER CHINA LTD,ST. OF VIYEYSK 2 | 11,"11 & 12 FLOOR, CRYSTAL PLAZA BUILDING 7 NO. 6, LAND 100, PINGJIAQIAO ROAD",,,,,Poland (PL),,,902214,Mobile x-ray device of the S-arch,,811.0,KG,811.0,80061.46,,,
2024-11-04,哈萨克斯坦,中国,RUBIN GROUP LTD LIABILITY COMPANY RUBIN GROPE,DRGEM CORPORATION," ANAROV ST., 8, QUARTER. (OFFICE) 16",B | N,,,,,Kazakhstan (KZ),,,902214,Digital diagnostic radiographic system in execution options: GXR-32SD,,1600.0,KG,1600.0,42440.0,,,
2024-11-04,印度,中国,PANACEA MEDICAL TECHNOLOGIES PRIVATE LIMITED,SPELLMAN HIGH VOLTAGE ELECTRONICS SUZHOU INDUSTR,"H.NO.1-10-1/27,1ST FLOOR, STREET NO 5,ASHOK NAGAR,HYDERABAD ",,,,,CHINA,,SHANGHAI - PU DONG,BANGALORE ACC (INBLR4),90221410,VMX40P5X5457 HIGH VOLTAGE GENERATOR [ PART OF MAMMOGRAPHY ASSEMBLY],,4.0,NOS,0.0,11556.0,VV62YJTX9571Y,,
2024-11-04,巴基斯坦,中国,FUJIFILM PAKISTAN PRIVATE LTD,FUJIFILM CORPORATION,37-D BLOCK-6 P.E.C.H.S., 26-30 NISHIAZABU 2-CHOME MINATO-KU TOKYO 106-8620 JAPAN,,,,China (CN),,,KAPE,90221400,(MEDICAL EQUIPMENT). MAIN UNIT DRYPIX SMART : E. QTY:25SET,,25.0,u,3.0361,53625.0,QYSEA240910,,
2024-11-04,越南,中国,CÔNG TY TNHH SUPERWELL TECHNOLOGY VIỆT NAM,LIUYANG VOLITION MEDICAL EQUIPMENT CO LTD,"T16, Nam Cuong Building, Duong Noi Urban Area, Km4 To Huu Street, La Khe Ward, Ha Dong District, Hanoi City, Vietnam","76 JIANSHOU AVE, ECONOMIC AND, TECHNOLOGICAL DEVELOPMENT ZONE, LIUYANG, HUNAN, CHINA, CN",,,,China,,PINGXIANG,CUA KHAU HUU NGHI (LANG SON),90221400,"Hệ thống X-quang chẩn đoán và phụ kiện đi kèm, dùng để chụp ảnh tia X kỹ thuật số thông thường trên cơ thể người, thu lại hình ảnh kỹ thuật số để chẩn đoán lâm sàng. Mã: Picke 1800DR/400, Mới 100%,Diagnostic X-ray system and accessories, used to take conventional digital X-ray images on the human body, capturing digital images for clinical diagnosis. Code: Picke 1800DR/400, 100% New",,1.0,Set,0.0,12500.0,BV20241103,,
2024-11-04,乌干达,中国,BLOSSOM HOLDINGS LIMITED,SHENZHEN BASDA MEDICAL APPARATUSCO LTD,,,,,,CHINA,UGANDA,,,90221400000,MRI MACHINERY WITH ACCESSORIES,,32.0,Number,20800.0,147500.0,,,
2024-11-04,巴基斯坦,中国,FUJIFILM PAKISTAN PRIVATE LIMITED,FUJIFILM CORPORATION,37-D BLOCK-6 P.E.C.H.S.,,,,,China                         ,,,KAPE,90221400,(MEDICAL EQUIPMENT). FCR PRIMA T2 PNTM CR IR 392 RU2 A MDR = : E. QTY:10SET,,10.0,u,0.0,51703.6,,,
2024-11-04,巴基斯坦,中国,FUJIFILM PAKISTAN PRIVATE LTD,FUJIFILM CORPORATION,37-D BLOCK-6 P.E.C.H.S., 26-30 NISHIAZABU 2-CHOME MINATO-KU TOKYO 106-8620 JAPAN,,,,China (CN),,,KAPE,90221400,(MEDICAL EQUIPMENT). FCR PRIMA T2 PNTM CR IR 392 RU2 A MDR = : E. QTY:10SET,,10.0,u,3.0361,51703.6,QYSEA240910,,
2024-11-04,埃塞俄比亚,中国,GILANDO BIOMEDICAL SOLUTION PLC,,,,,,,China,,,,90221400,"-- Other, for medical, surgical or veterinary uses",,2.0,UNT,79.71,157919.23,,,
2024-11-04,巴基斯坦,中国,FUJIFILM PAKISTAN PRIVATE LIMITED,FUJIFILM CORPORATION,37-D BLOCK-6 P.E.C.H.S.,,,,,China                         ,,,KAPE,90221400,(MEDICAL EQUIPMENT). MAIN UNIT DRYPIX SMART : E. QTY:25SET,,25.0,u,0.0,53625.0,,,
2024-11-03,哈萨克斯坦,中国,ALASH KZ LLP,SHENZHEN BROWINER TECH CO LTD,"LUNACHARSKY ST., 44 | 2, QUARTER. (OFFICE) OF THE OFFICE 13","ROOM 501,BUILDING C,GANGHONGJI HIGH-TECH INTELLIGENT INDUSTRIAL PARK, No. 1008, SONGBAI ROAD",,,,,Kazakhstan (KZ),,,902214,The system of a digital X-ray analysis PerfoX in options executions: PerfoX3000A,,870.0,KG,870.0,22000.0,,,
2024-11-03,乌兹别克斯坦,中国,PE DIADENT,NEUSOFT MEDICAL SYSTEMS WITH LTD,"Kamolot MFY, st. Al-Khorazmiy, 135 building","NO. 177 CHUANGXIN ROAD, HUNNAN DISTRICT",,,,,Uzbekistan (UZ),,,902214,System x-ray for a medical angiography,,4622.0,KG,4622.0,550000.0,,,
2024-11-02,印度,中国,SIEMENS HEALTHCARE PRIVATE LIMITED,SIEMENS HEALTHINEERS AG,"130, PANDURANG BUDHKAR MARG,  N/A",,,,,CHINA,,Shekou,NHAVA SHEVA SEA (INNSA1),90221490,( CARDIAC AND VASCULAR ANGIOGRAPHY INCL DSA COMPLETE WITH ACCESSORIES AS PER INV ) ARTIS ONE,,1.0,SET,0.0,253799.57,DH9AO476OE10Z,,
2024-11-02,阿富汗,中国,AYAN MEHRAN TRADING,HUOERGUOSI RONGDA TRADING CO LTD,JALAL-ABAD CENTER, ,,,,,Afghanistan (AF),,,9022140000,MEDICAL DEVICE,,5.0,PCE; NMB,179.0,71.0,,,
2024-10-31,波兰,中国,DB CARGO EURASIA GMBH P P GE MEDICAL SYSTEMS SCS,SCHENKER CHINA LTD,ST. OF VIYEYSK 2 | 11,"11 & 12 FLOOR, CRYSTAL PLAZA BUILDING 7 NO. 6, LAND 100, PINGJIAQIAO ROAD",,,,,Poland (PL),,,902214,Mobile x-ray device of the S-arch,,496.0,KG,496.0,27836.5756,,,
2024-10-31,巴基斯坦,中国,SINDH INSTITUTE OF UROLOGY & TRANSPLANTATION,FUJIFILM CORPORATION,"SIUT, DEWAN FAROOQ MEDICAL COMPLEX,, NEAR CIVIL HOSITAL, SADDAR, Karachi South Saddar Town",,,,,China,,,KAPW,90221400,IP CASSETTE  IP CASS-CC BW-PB 35  4X43CM1: E  16 SETS,,16.0,u,0.0,5808.0,,,
2024-10-31,巴基斯坦,中国,SINDH INSTITUTE OF UROLOGY & TRANSPLANTATION,FUJIFILM CORPORATION,"SIUT, DEWAN FAROOQ MEDICAL COMPLEX,, NEAR CIVIL HOSITAL, SADDAR, Karachi South Saddar Town",,,,,China,,,KAPW,90221400,MAIN UNIT  DRYPIX SMART : E  2 SETS,,2.0,u,0.0,4760.0,,,
2024-10-31,巴基斯坦,中国,SINDH INSTITUTE OF UROLOGY & TRANSPLANTATION,FUJIFILM CORPORATION,"SIUT, DEWAN FAROOQ MEDICAL COMPLEX,, NEAR CIVIL HOSITAL, SADDAR, Karachi South Saddar Town",,,,,China,,,KAPW,90221400,FCR PRIMA T2 PNTM  CR IR 392 RU2 AMDR: E  2 SETS,,2.0,u,0.0,11480.0,,,
2024-10-31,墨西哥,中国,GE SISTEMAS MEDICOS DE MEXICO SA DE CV,GE HUALUN MEDICAL SYSTEMS CO LTD,"ANTONIO DOVALI JAIME 70 TORRE B PISO 4 AVENIDA JAVIER BARROS SIERRA Y AVENIDA SANTA FE

Ciudad de Mexico
01210","YONG CHANG NORTH ROAD
BEIJINGCHINA

100176",,,,CHINA,,,NUEVO LAREDO NUEVO LAREDO TAMAULIPAS.,9022149101,SISTEMA RADIOGRAFICO XR6000 CON SUS ACCESORIOS,,1.0,PIECE,0.0,11785.89,,,
2024-10-31,印度,中国,BIOMEX INSTRUMENTS PRIVATE LIMITED,M SOLUTION INC,"907, INDUSTRIAL AREA, PHASSE.2,  N/A",,,,,CHINA,,Yokohama,NHAVA SHEVA SEA (INNSA1),90221490,PRE-OWNED EQUIPMENT BONE DENSITOMETRY LUNAR PRODIGY ADVANCESCANNER WITH ACCESSORIES,,1.0,SET,0.0,3900.0,SODEWM731N0F5,,
2024-10-31,秘鲁,中国,GAMEL S R L,CARERAY DIGISTAL MEDICAL TECHNOLOGY CO LTD,AV. PETIT THOUARS NRO. 2488 (CDRA 28 AV PETTIT THOUARS),,,,,CHINA,,,,9022140000,"SISTEMAS DIGITALIZADORES DE IMAGEN,S/M,CAREVIEW 1800CWE, COD. 80010074 /R.S. DB7480E / FABRICANTE: CARERAY DIGITAL MEDICAL TECHNOLOGY CO., LTD. PARA IMAGENES RADIOGRAFICAS INSTANTANEAS FLAT PANEL DETECTOR CAREVIEW 1800CWE INCLUYE ACCESORIOS PARA SU CORRECT,,,,",,54.0,U,714.0,385500.0,,,
2024-10-31,秘鲁,中国,MEDICAL IMPORT PERU S A C,,,,,,,CHINA,,Hong Kong,,9022140000,"ESCANER PORTATIL,S/M,MSLCV39, FOR VET USE ESCANER PORTATIL PARA USO VETERINARIO PORTABLE SCANNER,,,,",,1.0,U,7.0,3890.0,,,
2024-10-31,印度,中国,BIOMEX INSTRUMENTS PRIVATE LIMITED,M SOLUTION INC,"907, INDUSTRIAL AREA, PHASSE.2,  N/A",,,,,CHINA,,Yokohama,NHAVA SHEVA SEA (INNSA1),90221490,PRE-OWNED EQUIPMENT BONE DENSITOMETRY PRODIGY PRIMO SCANNERWITH ACCESSORIES,,1.0,SET,0.0,3200.0,SODEWM731N0F5,,
2024-10-30,乌干达,中国,CHINESE EMBASSYKAMPALA NAKAWA DIVISION NAKAWA DIVISIONBUKOTO IOLD KIIRA ROAD KOLOLOMALCOLM X AVENUE37 37 KAMPALA,ZCTS SHENZHEN CO LTD,,,,,,CHINA,UGANDA,,,90221400000,FILM VIEWING LAMP,,2.0001,Number,50.0001,207.9999,,,
2024-10-30,智利,中国,,,,,,,,CHINA,,SIDNEY,Aeropuerto comodoro arturo merino ,90221419,LOS DEMAS,,6.0,UNIDADES,369.89,39638.62,LZ241103SCL,,
2024-10-30,俄罗斯,中国,ООО СЗУ ОМТ,GE MEDICAL SYSTEMS FROM TERMINAL UAB GEVARA VILNIUS LITHUANIA,"197110, Г. САНКТ-ПЕТЕРБУРГ, МУНИЦИПАЛЬНЫЙ ОКРУГ ЧКАЛОВСКОЕ, УЛ. БОЛЬШАЯ ЗЕЛЕНИНА","78530, ., RAUHEIM, 283 RUE DE LA MINIERE, ....",,,"GE HUALUN MEDICAL SYSTEMS СО., LTD.",China,Russian Federation,,,9022140000,"МЕДИЦИНСКИЕ ИЗДЕЛИЯ ДЛЯ ДИАГНОСТИКИ КОД ОКПД2 26.60.11.112,НЕ СОДЕРЖАТ РАДИОАКТИВНОГО ИСТОЧНИКА,РЭС И ВЧУ:",,1.0,ШТ,406.0,131636.97,,,GE
2024-10-30,哥伦比亚,中国,CMR DE COLOMBIA SAS,SHENZHEN BROWINER TECH CO LTD,CR 7 74 09,"7F, BUILDING C, LONGJING JINGU PION",,,,CHINA,,,,9022140000,"DO 2241442-001 CODIGO / RESOLUCION OEA DECLARANTE: RESOLUCION 009264 DE 02-11-2023; PEDIDO TRAMITE: OC 029-2024 DECLARACION(1-1) MERCANCIA NUEVA, MERCANCÃA UBICADA EN DEPOSITO LAAX SERVICE SAS MZ 12 BOD 2, NOS ACOGEMOS VISTO BUENO INVIMA NO. VINVIMA-24-0136872 CON FECHA DE APROBACION DEL DIA 24 DE OCTUBRE DEL 2024. NUMERO DE FACTURA COMPLETO BWXS-BJI-202409-01001, FECHA: 2024-09-27. FLAT PANEL PROTECTOR, REG SAN INVIMA 2021EBC-0023632 VIG HASTA 2031/05/26; PRODUCTO: FLAT PANEL PROTECTOR, MARCA: BROWINER -CMR, MODELO: NO TIENE, REFERENCIA: SIN REFERENCIA, USO O DESTINO: ABSORBER EL IMPACTO Y AUMENTAR LA CAPACIDAD DE PESO, TECNICA DE DIAGNOSTICO: NO APLICA, SERIAL: NO TIENE, PAIS DE ORIGEN CHINA -215 CANT (1) UNIDAD (ITEM 1).",,1.0,NUMERO DE ARTICULOS,2.52,1000.0,,,
2024-10-29,俄罗斯,中国,NIPK ELECTRON CO,CHANGCHUN YONGYANG RUIXIANG TRADING CO LTD,"SADOVAYA STR. 88, BLDG.1, ROOM 8H, POS. PESOCHNY, SAINT-PETERSBURG, 197758, RUSSIA","ROOM 504, No. 503, 5TH FLOOR SOUTH SIDE, BUILDING 4, SCIENCE AND TECHNOLOGY INCUBATION PARK, XINGLONG COMPREHENSIVE BONDED ZONE, CHANGCHUN ECONOMIC DEV",,,,,Russia (RU),,,902214,"THE WORKSTATION OF THE OPERATOR | X-RAY - THE LABORATORY ASSISTANT, THE WORKSTATION OF THE RADIOLOGIST",,144.0,KG,144.0,14098.5,,,
2024-10-29,乌干达,中国,CHINESE EMBASSYKAMPALA NAKAWA DIVISION NAKAWA DIVISIONBUKOTO IOLD KIIRA ROAD KOLOLOMALCOLM X AVENUE37 37 KAMPALA,ZCTS SHENZHEN CO LTD,,,,,,CHINA,UGANDA,,,90221400000,FILM VIEWING LAMP,,2.0,Number,50.0,208.0,,,
2024-10-29,俄罗斯,中国,ООО ФАРМСТЕР,GE MEDICAL SYSTEMS ON BEHALT OF GEMS SCS,"119334, , МОСКВА, ЛЕНИНСКИЙ ПР-КТ, Д. 41/2,ПОМЕЩ.",,,,GE HUALUN MEDICAL SYSTEMS CO. LTD,China,,,,9022140000,"АППАРАТУРА НА ОСНОВЕ РЕНТГЕНОВСКОГО; ИЗЛУЧЕНИЯ ДЛЯ МЕДИЦИНСКОГО, ИСПОЛЬЗОВАНИЯ, НЕ СОДЕРЖИТ (РАДИОАКТИВНЫХ/) ИСТОЧНИКОВ, ИЗЛУЧЕНИЯ,/ ОКПД2 26.60.11.113:УСТАНОВКА МАММОГРАФИЧЕСКАЯ SENOGRAPHE CRYSTAL NOVA С ПРИНАДЛЕЖНОСТЯМИ. СОСТАВ:, ГЕНЕРАТОР РЕНТГЕНО",,1.0,ШТ,723.0,153386.0,,,GE
2024-10-29,波兰,中国,SPEDYCJA POLSKA SPEDCONT SP Z O O DLYA GE MEDICAL SYSTEMS SCS C O BOVIS ZI DE LA GUEPELLE,BEIJING GE HUALUN MEDICAL EQUIPMENTCO LTD,UL. TOMASZEWSKA 60,NO1 YONG CHANG NORTH ROAD BEIJING ECONOMIC&TECHNOLOGICAL DEVELOPMENT AREA 100176,,,,,Poland (PL),,,902214,The system of radiographic cameras | the equipment for application in x-ray devices,,5102.5,KG,5102.5,157309.27,,,
2024-10-29,巴拉圭,中国,LCM SOCIEDAD ANONIMA,,,,,,,CHINA,,,,90221411,1 UNIDAD DIGITAL MAMMOGRAPHY SYSTEM ASR-4000E,,1.0,,0.0,59375.0,,,
2024-10-29,波兰,中国,SPEDYCJA POLSKA SPEDCONT SP Z O O DLYA GE MEDICAL SYSTEMS SCS C O BOVIS ZI DE LA GUEPELLE,BEIJING GE HUALUN MEDICAL EQUIPMENTCO LTD,UL. TOMASZEWSKA 60,NO1 YONG CHANG NORTH ROAD BEIJING ECONOMIC&TECHNOLOGICAL DEVELOPMENT AREA 100176,,,,,Poland (PL),,,902214,The system of radiographic cameras | the equipment for application in x-ray devices,,4397.5,KG,4397.5,152560.28,,,
2024-10-28,菲律宾,中国,GENERAL ELECTRIC PHILS INC,BEIJING GE HUALUN MEDICAL EQUIPMENT,"27TH FLOOR MENARCO TOWER, 32ND STREET, BONIFACIO, GLOBAL CITY, TAGUIG CITY",,,,,CHINA,,,,90221400000,1 EA OEC One VAS 25 Main Sys [S10005GS],,1.0,,403.2,24498.5,BJS38217122,,
2024-10-28,越南,中国,CÔNG TY TNHH THƯƠNG MẠI DỊCH VỤ KỸ THUẬT Y TẾ HUỲNH VĂN,GUANGZHOU YUESHEN EQUIPMENT CO LTD,"688/49L Huong Lo 2, Binh Tri Dong A Ward, Binh Tan District, Ho Chi Minh City, Vietnam","2ND FLOOR, BLOCK C, WANLIMA, INDUSTRIAL PARK, NO.188 XINYE ROAD, HAIZHU DISTRICT, GUANGZHOU, CHINA, CN",,,,China,,SHENZHEN,CANG CAT LAI (HCM),90221400,"Máy chụp X-quang dùng trong ngành thú y, Model: YSX056-PL, Công suất: 5.6kW, Nguồn điện: AC110/220V-50/60Hz, NSX: Guangzhou Yueshen Equipment Co., Ltd, hoạt động bằng điện, Hàng mới 100%,Veterinary X-ray machine, Model: YSX056-PL, Capacity: 5.6kW, Power source: AC110/220V-50/60Hz, Manufacturer: Guangzhou Yueshen Equipment Co., Ltd, electric operation, 100% new",,1.0,Pieces,0.0,3470.0,221024LGZHCM24A15309SZ,,
2024-10-28,乌干达,中国,CASTLE INDUSTRIES CO LIMITED,NESHAT TRA,,,,,,CHINA,UGANDA,,,90221400000,X-RAY MACHINE LEAD ROOM,,1.0,Number,8500.0,3055.9999,,,
2024-10-28,波兰,中国,DB CARGO EURASIA GMBH P P GE HEALTHCARE GMBH,SCHENKER CHINA LTD,ST. OF VIYEYSK 2 | 11,"11 & 12 FLOOR, CRYSTAL PLAZA BUILDING 7 NO. 6, LAND 100, PINGJIAQIAO ROAD",,,,,Poland (PL),,,902214,Mobile x-ray device of the S-arch,,503.0,KG,503.0,20478.84,,,
2024-10-28,乌拉圭,中国,APESUR SOCIEDAD ANONIMA,,,,,,,CHINA,,,,9022141990,"LOS DEMAS. DE DIAGNOSTICO. LOS DEMAS, PARA USO MEDICO, QUIRURGICO O VETERINARIO. APARATOS DE RAYOS X Y APARATOS QUE UTILICEN RADIACIONES ALFA, BETA GAMMA O DEMAS RADIACIONES IONIZANTES, INCLUSO PARA USO MEDICO, QUIRURGICO, ODONTOLOGICO O VETERINA",,1.0,UNIDAD (C/U),350.0,11260.0,,,
2024-10-28,秘鲁,中国,MEDICA INNOVADORA S A C,SHENZHEN LANMAGE MEDICAL TECHNOLO,,,,,,CHINA,,YANTIAN,,9022140000,"SISTEMA DE RADIOGRAFIA DIGITAL,LANMAGE,6600, DIGITAL X-RAY RADIOGRAPHY SYSTEM / SISTEMAS RADIOGRAFICOS, DIGITALES DISPOSITIVO MEDICO DE LA CLASE III (DE ALTO RIESGO)SN:FM1324800180 FIXED DIGITAL RADIOGRAPHY SYSTEM MODELO 6600 CLASSIC, INCLUYE ACCESORIOS RE,,,,",,1.0,U,820.0,22815.0,,,
2024-10-27,波兰,中国,DB CARGO EURASIA GMBH P P GE HEALTHCARE GMBH,SCHENKER CHINA LTD,UL. WIEJSKA 2,"11 & 12 FLOOR, CRYSTAL PLAZA BUILDING 7 NO. 6, LAND 100, PINGJIAQIAO ROAD",,,,,Poland (PL),,,902214,Mobile x-rau device of the S-arch,,1802.0,KG,1802.0,131642.38,,,
2024-10-27,波兰,中国,DB CARGO EURASIA GMBH P P GE HEALTHCARE GMBH,SCHENKER CHINA LTD,UL. WIEJSKA 2,"11 & 12 FLOOR, CRYSTAL PLAZA BUILDING 7 NO. 6, LAND 100, PINGJIAQIAO ROAD",,,,,Poland (PL),,,902214,Mobile x-ray device of the S-arch,,2483.0,KG,2483.0,133212.93,,,
2024-10-26,印度,中国,PHILIPS INDIA LIMITED,SPELLMAN HIGH VOLTAGE ELECTRONICS SUZHOU INDUSTRI,"7, JUSTICE CHANDRA MADHAB ROAD,  KOLKATA, ",,,,,CHINA,,SHANGHAI - PU DONG,SAHAR AIR CARGO ACC (INBOM4),90221410,"459801732292,HF GENERATOR MMB 409085-001 (FOR C-ARM IMAGE INTENSIFIER SYSTEM)",,4.0,NOS,0.0,8292.0,VC4PI8ZO3M4EH,,
2024-10-25,越南,中国,CÔNG TY TNHH SUPERWELL TECHNOLOGY VIỆT NAM,LIUYANG VOLITION MEDICAL EQUIPMENT CO LTD,"T16, Nam Cuong Building, Duong Noi Urban Area, Km4 To Huu Street, La Khe Ward, Ha Dong District, Hanoi City, Vietnam","76 JIANSHOU AVE, ECONOMIC AND, TECHNOLOGICAL DEVELOPMENT ZONE, LIUYANG, HUNAN, CHINA, CN",,,,China,,PINGXIANG,CUA KHAU HUU NGHI (LANG SON),90221400,"Hệ thống X-quang chẩn đoán và phụ kiện đi kèm, dùng để chụp ảnh tia X kỹ thuật số thông thường trên cơ thể người, thu lại hình ảnh kỹ thuật số để chẩn đoán lâm sàng. Mã: Picke 1800 DR/500, Mới 100%,Diagnostic X-ray system and accessories, used to take conventional digital X-ray images on the human body, capturing digital images for clinical diagnosis. Code: Picke 1800 DR/500, 100% New",,1.0,Set,0.0,8500.0,BV20241023,,
2024-10-24,阿根廷,中国,GE HEALTHCARE ARGENTINA S A,,,,,,,China,,,,90221419000,"LOS DEMAS. LOS DEMAS, PARA USO MEDICO, QUIRURGICO OEC ONE",,3.0,Unidades,0.0,67260.24,,,GENERAL ELECTRIC
2024-10-24,印度,中国,SIEMENS HEALTHCARE PRIVATE LIMITED,SIEMENS HEALTHINEERS AG,"130, PANDURANG BUDHKAR MARG,  N/A",,,,,CHINA,,Shekou,NHAVA SHEVA SEA (INNSA1),90221490,( CARDIAC AND VASCULAR ANGIOGRAPHY INCL DSA COMPLETE WITH ACCESSORIES ( AS PER INV ) ARTIS ONE,,1.0,SET,0.0,250717.0,IJWW8XB5FBFT3,,
2024-10-24,印度,中国,SIEMENS HEALTHCARE PRIVATE LIMITED,SIEMENS HEALTHINEERS AG,"130, PANDURANG BUDHKAR MARG,  N/A",,,,,CHINA,,Shekou,NHAVA SHEVA SEA (INNSA1),90221490,(CARDIAC AND VASCULAR ANGIOGRAPHY INCL DSA COMPLETE WITH ACCESSORIES (AS PER INV)) ARTIS ONE,,1.0,SET,0.0,250717.0,CWMJG27TPIBL6,,
2024-10-24,南苏丹,中国,COMMUNITY VOICE SUPPORT,PIEX SOCIETE,,,,,,CHINA,SOUTH SUDAN,,,90221400,UP-RIGHT BUCKY STAND,,0.5868,NMB,211.2318,11619.9751,,,
2024-10-24,巴拿马,中国,CEDI MEDICAL PANAMA S A,ANREI MEDICAL HANGZHOU CO LTD,,,,,,CHINA,,,DHL PANAMA - BODEGA,902214000000,INSTRUMENTOS DE USO MEDICO,,310.0,PIECES,29.55,3967.61,,,
2024-10-24,巴拉圭,中国,LCM SOCIEDAD ANONIMA,,,,,,,CHINA,,,,90221411,1 UNIDAD DIGITAL MAMMOGRAPHY SYSTEM ASR-4000E,,1.0,,0.0,59375.0,,,
2024-10-24,印度,中国,PHILIPS INDIA LIMITED,PHILIPS ELECTRONICS SINGAPORE PTE LTD,"7 JUSTICE CHANDRA MADHAB ROAD,KOLK  ATA ",,,,,CHINA,,Singapore,KOLKATA ACC (INCCU4),90221490,452230032681 SET LATERAL COVERS (PARTS USE IN IXR-MEDICAL EQUIPMENT),,1.0,NOS,0.0,390.01,1NQY7CGK48XXB,,
2024-10-24,阿富汗,中国,FOOLAD NOORZAD TRADING,HUOERGUOSI RONGDA TRADING CO LTD, , ,,,,,Afghanistan (AF),,,9022140000,MEDICAL DEVICE,,4.0,PCE; NMB,204.0,82.0,,,
2024-10-24,南苏丹,中国,COMMUNITY VOICE SUPPORT,PIEX SOCIETE,,,,,,CHINA,SOUTH SUDAN,,,90221400,MOBILE XRAY MACHINE 100MA,,0.5868,NMB,234.702,61260.7457,,,
2024-10-23,哥伦比亚,中国,IMPORTADORA MERCANTIL DEL VALLE SAS,NANJING PERLOVE MEDICAL EQUIPMENT CO LTD,CR 14 CL 17 19,NO. 97 WANGXI ROAD JIANGNING DISTRI,,,,CHINA,,,,9022140000,"D.O. BUN 24040012// NO REQUIERE REGISTRO DE IMPORTACION SEGUN DECRETO 0925 DEMAYO 09 DEL 2013.// MERCANCIA NUEVA// POR SU USO NO REQUIERE REGLAMENTO TECNICO NI VISTO BUENO DEL INVIMA// (1 SET) PRODUCTO. EQUIPO MEDICO VETERINARIO DE RAYOS X, MARCA PERLOVE, MODELO. PLX101, REFERENCIA. NO TIENE, SERIAL. 0124103,USO O DESTINO.MEDICINA VETERINARIA, TECNICA DE DIAGNOSTICA. RAYOS X. FECHA MANUFACTURA 08/2024. VOLTAGE. 110/120V, FRECUENCIA. 50/60HZ, MAX. POTENCIA DE ENTRADA6KVA, MAX. PRODUCCION. 100KV, MODO DE TRABAJO. FUNCIONAMIENTO CONTINUO CON CARGA INTERMITENTE.",,1.0,NUMERO DE ARTICULOS,140.0,1054.0,,,
2024-10-23,乌兹别克斯坦,中国,ООО INTERMED INNOVATION TRADE,SHENZHEN ANGELL TECHNOLOGY CO LTD,,,,,,0,,,,9022140000,"1. Digital Medical X-ray Radiographic System Angell-DR-B1-L with accessories/Система рентгенографическая медицинская цифровая Angell-DR-B1-L с принадлежностями в разобранном виде, новый, 2024 год выпуска, сер.№Angell-DR-B1-L24040023, производитель Shenzhen Angell Technology Co LTD (Китай)  - кол. 1 шт, вес: 725 кг 2. мест 3, 3 ящик 8. 000 9. 024 10. 2024/напряжение 220, частота 50/60Hz 11. 02 Общее кол. мест: 3 G31MARKA марка Angell YEAR10 год производ 2024 PARAM10 Характеристика товара напряжение 220, частота 50/60Hz",,1.0,Piece,725.0,37000.0,,,
2024-10-23,哥伦比亚,中国,ADVANCED RADIOTHERAPY CORP S A,SHENZHEN BROWINER TECH CO LTD,CL 89A # 20 25 POLO CLUB,"ROOM 501,BUILDING C,GANGHONGJI HIGH",,,,CHINA,,,,9022140000,"D.O.2024-04669-1 ULTIMO PARCIAL. REGISTRO DE IMPORTACION REG-50183265-20241022N FECHA: 22/10/2024 VISTO BUENO DEL INVIMA VINVIMA-24-0135690 FECHA: 22/10/2024. MERCANCIA NUEVA DE PRIMERA CALIDAD. FACTURA: BWXS-CX100-202312-105FECHA: 11/03/2024** ITEM 2 PRODUCTO: MÃQUINA DE RAYOS X DEL BRAZO EN FORMA DE C/MOBILE C-ARM X-RAY SYSTEM, MARCA: BROWINER, MODELO: COMPAX500C, REFERENCIA FACTURA: MOBILE C-ARM X-RAY SYSTEM, SERIAL: BRW135202403001, MANUFACTURE DATE: 27/03/2024, EXPIRY DATE: 26/03/2032, USO O DESTINO: PARA PACIENTES QUE NECESITAN DIAGNÃ“STICO DE RADIOGRAFÃA. SISTEMA MOVIL C-ARM RAYOS X ES USADO PARA PROVEER RADIOSCOPIA E IMÂ¿GENESRADIOGRÂ¿FICAS DE PACIENTES DURANTEDIAGNÂ¿STICO, CIRUGÃA Y PROCEDIMIENTOS INTERVENCIONALES. ESTA UNIDAD ESTÂ¿DISEÂ¿ADA PARA RADIOGRAFÃA GENERAL. OFRECE TODAS LAS VENTAJAS DE LOS GENERADORES DE ONDAS DE ALTAFRECUENCIA, INCLUIDA UNA MENOR DOSIS PARA EL PACIENTE, TIEMPOS DE EXPOSICIÃ“N MÃS CORTOS, ASÃ COMO UNA MAYORPRECISIÂ¿N Y CONSISTENCIA. EL GENERADO",,1.0,NUMERO DE ARTICULOS,673.5,29304.08,,,
2024-10-23,哥伦比亚,中国,SERTEIMED S A S,XINDRAY MEDICAL INTERNATIONAL CO LTDA,CR 31 25B 15,"NO.866 XINHUA,YANJIANG STREET, NANJ",,,,CHINA,,,,9022140000,"DO AR1322-24 PEDIDO DECLARACION 1 DE 1;VISTO BUENO INVIMA NO. VINVIMA-24-0135791 DEL 22 DE OCTUBRE DE 2024. REGISTRO DE IMPORTACIÃ“N NO. REG-50183347-20241023N DEL 23 DE OCTUBRE DE 2024. //FACTURA:XR2409001NA, FECHA:19-09-2024, PRODUCTO: KIT DE RAYOS X PORTATIL, MARCA: XINDRAY, MODELO: XRXP100, REFERENCIA: XRXP100, SERIAL: XRXP2412005, USO O DESTINO: VETERINARIO, TÃ‰CNICA DE DIAGNÃ“STICO: RAYOS X, INCLUYE MAQUINA DE RAYOS X CON TUBO MARCA KL MODELOKL10 SERIAL XRXP2412005, FLAT PANEL DETECTOR MODELO 4343Z SERIAL NO. 30204343Z056 48M10H727 CON COMPUTADORA MARCA LENOVO, MODELO/REF: V14 G2-ITL SERIAL 82KA013SCD Y CAJA DE TRANSFERENCIA., CANTIDAD: 1 KIT. PAIS DE ORIGEN: CHINA(215). MERCANCÃA NUEVA.",,1.0,NUMERO DE ARTICULOS,36.5,6899.35,,,
2024-10-23,印度,中国,PHILIPS INDIA LIMITED,PHILIPS ELECTRONICS SINGAPORE PTE LTD,"7 JUSTICE CHANDRA MADHAB ROAD,KOLK  ATA ",,,,,CHINA,,Singapore,SAHAR AIR CARGO ACC (INBOM4),90221490,459800669934 JOYSTICKHEAD KIT (PARTS FOR IXR MACHINE),,1.0,NOS,0.0,103.54,XMPUV69L19H2O,,
2024-10-23,哥伦比亚,中国,DSP BIOMEDICAL ENGINEERING SAS,NANJING PERLOVE MEDICAL EQUIPMENT CO LTD,CR 59 # 128 - 75,NO. 97 WANGXI ROAD JIANGNING DISTRI,,,,CHINA,,,,9022140000,D.O. BUN 24040012// NO REQUIERE REGISTRO DE IMPORTACION SEGUN DECRETO 0925 DE MAYO 09 DEL2013.// MERCANCIA NUEVA// POR,,1.0,NUMERO DE ARTICULOS,140.0,1054.0,,,
2024-10-23,越南,中国,CÔNG TY TNHH DỊCH VỤ VÀ THIẾT BỊ Y TẾ SGMED,HEFEI DREAM PLUS CO LTD,261/27B Chu Van An - Ward 12 - Binh Thanh District - Ho Chi Minh City.,"BLD 2,HEFEI RUNYA NEW ENERGY, TECHNOLOGY,AT THE INTERSECTION OF, YONGHE RD &NINGXI RD,BAIYAN SCIENCE, & TECHNOLOGY PARK,HIGH-TECH,HEFEI",,,,China,,SHANGHAI,CANG CAT LAI (HCM),90221400,"Máy X quang dùng cho thú y kèm phụ kiện tiêu chuẩn. Model: SGVET01-DR-S1717KC. SN: D23010016. HSX: HEFEI DREAM PLUS CO.,LTD. Mới 100%,Veterinary X-ray machine with standard accessories. Model: SGVET01-DR-S1717KC. SN: D23010016. Manufacturer: HEFEI DREAM PLUS CO.,LTD. 100% new",,1.0,Set,0.0,11589.0,071024AMIGL240455627A,,
2024-10-23,墨西哥,中国,INSTITUTO NACIONAL DE INVESTIGACIONES NUCLEARES SIN TIPO DE SOCIEDAD,QINGDAO HAIKE REFRIGERATION CO LIMITED,"CARRETERA MEXICO TOLUCA SN SIN CALLE Y SIN CALLE
Ocoyoacac
Mexico
52750","LONGCHENG ROAD SHIBEI DISTRICT
SHANDONG PROVINCE QINGDAO CITY CHINA

266011",,,,CHINA,,,AEROPUERTO INTERNACIONAL DE LA CIUDAD DE MEXICO,9022149199,SISTEMA DIGITAL PARA MAMOGRAFIAS,,1.0,SET,1167.0,102310.9,,,
2024-10-22,印度,中国,CARESTREAM HEALTH INDIA PRIVATE LIMITED,CARESTREAM HEALTH HK HOLDING LTD,"SUNTECK CENTRE,1ST FLOOR,NR.GARWARE SUBHASH ROAD,VILE PARLE(E) ",,,,,CHINA,,Shanghai,NHAVA SHEVA SEA (INNSA1),90221490,6703698 BRANDING KIT DRX-COMPASS OTC & WS ONLY (ACCESSORIESFOR DRX COMPASS SYSTEM),,1.0,NOS,0.0,252.85,KQ6CXIZ8B4UOC,,
2024-10-22,印度,中国,CARESTREAM HEALTH INDIA PRIVATE LIMITED,CARESTREAM HEALTH HK HOLDING LTD,"SUNTECK CENTRE,1ST FLOOR,NR.GARWARE SUBHASH ROAD,VILE PARLE(E) ",,,,,CHINA,,Shanghai,NHAVA SHEVA SEA (INNSA1),90221490,6701585 WALLSTAND-T Z-MOTORIZED W/O BUCKY C/F (ACCESSORIES FOR DRX COMPASS SYSTEM),,1.0,NOS,0.0,4198.93,KQ6CXIZ8B4UOC,,
2024-10-22,波兰,中国,SPEDYCJA POLSKA SPEDCONT SP Z O O DLYA GE HEALTHCARE MAGYARORSZÁG KFT C O KUEHNE NAGEL KFT,BEIJING GE HUALUN MEDICAL EQUIPMENTCO LTD,UL.TOMASZEWSKA 60,NO1 YONG CHANG NORTH ROAD BEIJING ECONOMIC&TECHNOLOGICAL DEVELOPMENT AREA 100176,,,,,Poland (PL),,,902214,Mobile x-ray device C-arm,,1000.0,KG,1000.0,89716.93,,,
2024-10-22,巴基斯坦,中国,BIOLOGICA PRIVATE LIMITED,NEUSOFT MEDICAL SYSTEMS CO LTD,"MR 4/13, 14 Paracha Ruld, Ali Akbar ST, Rampart Road, Pole 11, Near Jodia Bazaar, Karachi South",,,,,China                         ,,,KAPW,90221400,PORTABLE  X-RAY MACHINE WITH ALL STANDARD ACCESSORIES,,1.0,u,0.0,4500.0,,,
2024-10-22,印度,中国,CARESTREAM HEALTH INDIA PRIVATE LIMITED,CARESTREAM HEALTH HK HOLDING LTD,"SUNTECK CENTRE,1ST FLOOR,NR.GARWARE SUBHASH ROAD,VILE PARLE(E) ",,,,,CHINA,,Shanghai,NHAVA SHEVA SEA (INNSA1),90221490,6704506 CARESTREAM ION CHAMBER 3 FIELD CIC-1 (ACCESSORIES FOR DRX COMPASS SYSTEM),,2.0,NOS,0.0,510.02,KQ6CXIZ8B4UOC,,
2024-10-22,波兰,中国,SPEDYCJA POLSKA SPEDCONT SP Z O O DLYA GE MEDICAL SYSTEMS SCS,BEIJING GE HUALUN MEDICAL EQUIPMENTCO LTD,UL.TOMASZEWSKA 60,NO1 YONG CHANG NORTH ROAD BEIJING ECONOMIC&TECHNOLOGICAL DEVELOPMENT AREA 100176,,,,,Poland (PL),,,902214,System of x-ray cameras | equipment for use of x-ray devices,,5101.5,KG,5101.5,162978.05,,,
2024-10-22,印度,中国,CARESTREAM HEALTH INDIA PRIVATE LIMITED,CARESTREAM HEALTH HK HOLDING LTD,"SUNTECK CENTRE,1ST FLOOR,NR.GARWARE SUBHASH ROAD,VILE PARLE(E) ",,,,,CHINA,,Shanghai,NHAVA SHEVA SEA (INNSA1),90221490,8621716 OVERHEAD TUBE OTC Z ALPHA X&Y MOTORS C/F (ACCESSORIES FOR DRX COMPASS SYSTEM),,1.0,NOS,0.0,9443.52,KQ6CXIZ8B4UOC,,
2024-10-22,印度,中国,CARESTREAM HEALTH INDIA PRIVATE LIMITED,CARESTREAM HEALTH HK HOLDING LTD,"SUNTECK CENTRE,1ST FLOOR,NR.GARWARE SUBHASH ROAD,VILE PARLE(E) ",,,,,CHINA,,Shanghai,NHAVA SHEVA SEA (INNSA1),90221490,8621997 GRID 103L/I FD 40-72 RATIO 10 TO 1(ACCESSORIES FOR DRX COMPASS SYSTEM),,1.0,NOS,0.0,340.29,KQ6CXIZ8B4UOC,,
2024-10-22,印度,中国,CARESTREAM HEALTH INDIA PRIVATE LIMITED,CARESTREAM HEALTH HK HOLDING LTD,"SUNTECK CENTRE,1ST FLOOR,NR.GARWARE SUBHASH ROAD,VILE PARLE(E) ",,,,,CHINA,,Shanghai,NHAVA SHEVA SEA (INNSA1),90221490,6701692 TABLE QT-750 W/O BUCKY C/F (ACCESSORIES FOR DRX COMPASS SYSTEM),,1.0,NOS,0.0,6229.42,KQ6CXIZ8B4UOC,,
2024-10-22,印度,中国,CARESTREAM HEALTH INDIA PRIVATE LIMITED,CARESTREAM HEALTH HK HOLDING LTD,"SUNTECK CENTRE,1ST FLOOR,NR.GARWARE SUBHASH ROAD,VILE PARLE(E) ",,,,,CHINA,,Shanghai,NHAVA SHEVA SEA (INNSA1),90221490,6701726 DRX INTERMIX BUCKY FOR WS LEFT (ACCESSORIES FOR DRXCOMPASS SYSTEM),,1.0,NOS,0.0,1058.56,KQ6CXIZ8B4UOC,,
2024-10-22,印度,中国,CARESTREAM HEALTH INDIA PRIVATE LIMITED,CARESTREAM HEALTH HK HOLDING LTD,"SUNTECK CENTRE,1ST FLOOR,NR.GARWARE SUBHASH ROAD,VILE PARLE(E) ",,,,,CHINA,,Shanghai,NHAVA SHEVA SEA (INNSA1),90221490,8621617 X-RAY SYSTEM CONSOLE PDU 3P 380-480 C/F (ACCESSORIESFOR DRX COMPASS SYSTEM),,1.0,NOS,0.0,3200.77,KQ6CXIZ8B4UOC,,
2024-10-22,印度,中国,CARESTREAM HEALTH INDIA PRIVATE LIMITED,CARESTREAM HEALTH HK HOLDING LTD,"SUNTECK CENTRE,1ST FLOOR,NR.GARWARE SUBHASH ROAD,VILE PARLE(E) ",,,,,CHINA,,Shanghai,NHAVA SHEVA SEA (INNSA1),90221490,6701577 COLLIMATOR AUTO R221 ACS DHHS (ACCESSORIES FOR DRX COMPASS SYSTEM),,1.0,NOS,0.0,2724.06,KQ6CXIZ8B4UOC,,
2024-10-22,印度,中国,CARESTREAM HEALTH INDIA PRIVATE LIMITED,CARESTREAM HEALTH HK HOLDING LTD,"SUNTECK CENTRE,1ST FLOOR,NR.GARWARE SUBHASH ROAD,VILE PARLE(E) ",,,,,CHINA,,Shanghai,NHAVA SHEVA SEA (INNSA1),90221490,8622169 WALLSTAND PATIENT HANDLE C/F (ACCESSORIES FOR DRX COMPASS SYSTEM),,1.0,NOS,0.0,127.09,KQ6CXIZ8B4UOC,,
2024-10-22,乌干达,中国,OFFICE OF THE PRIME MINISTERKAMPALA KAMPALA CENTRAL DIVI KAMPALA CENTRAL DIVISIONKAMPALASIR APOLLO KAGGWA ROAD TWIN TOWERS OFFICE OF THE PRESIDENT00 341 KAMPALA,GLOBE CORPORATION BVKELVINWEG 4 6101 WT,,,,,,POLAND,UGANDA,,,90221400000,X RAY FILM VIEWER,,2.0001,Number,87.0,1087.9998,,,
2024-10-22,巴基斯坦,中国,BIOLOGICA PRIVATE LTD,NEUSOFT MEDICAL SYSTEMS CO LTD,"MR 4/13, 14 Paracha Ruld, Ali Akbar ST, Rampart Road, Pole 11, Near Jodia Bazaar, Karachi South", NO. 177- 1 CHUANGXIN ROAD HUNNAN DISTRICT SHENYANG LIAONING CHINA 110167,,,,China (CN),,,KAPW,90221400,PORTABLE  X-RAY MACHINE WITH ALL STANDARD ACCESSORIES,,1.0,u,1.018,4500.0,CGSQ24090125,,
2024-10-22,印度,中国,CARESTREAM HEALTH INDIA PRIVATE LIMITED,CARESTREAM HEALTH HK HOLDING LTD,"SUNTECK CENTRE,1ST FLOOR,NR.GARWARE SUBHASH ROAD,VILE PARLE(E) ",,,,,CHINA,,Shanghai,NHAVA SHEVA SEA (INNSA1),90221490,6703680 BRANDING KIT DRX-COMPASS TABLE ONLY (ACCESSORIES FORDRX COMPASS SYSTEM),,1.0,NOS,0.0,245.79,KQ6CXIZ8B4UOC,,
2024-10-22,美国,中国,GE SISTEMAS MEDICOS DE MEXICO,GE HUALUN MEDICAL SYSTEMS CO LTD,FORWARDING 13109 SPIVEY DRIVE , NO 9 WAN YUAN STREET BJ ECON & TECH DEVELOPMENT AREA ,GE SISTEMAS MEDICOS DE MEXICO FORWARDING,13109 SPIVEY DRIVE,,"CN, CHINA",,Pusan,Savannah,902214,XR6000 GEN4 50KW STANDARD MAIN SYSTEM HS: 9022140090,PO# 1853202.1/ 1853205.2 DELIVERY NUM 968729 813/968729996,6.0,PKG,1762.0,0.0,DMALBJSA18620,MSBU3077098,
2024-10-22,印度,中国,CARESTREAM HEALTH INDIA PRIVATE LIMITED,CARESTREAM HEALTH HK HOLDING LTD,"SUNTECK CENTRE,1ST FLOOR,NR.GARWARE SUBHASH ROAD,VILE PARLE(E) ",,,,,CHINA,,Shanghai,NHAVA SHEVA SEA (INNSA1),90221490,8621922 DRX INTERMIX BUCKY FOR TABLE (ACCESSORIES FOR DRX COMPASS SYSTEM),,1.0,NOS,0.0,1050.93,KQ6CXIZ8B4UOC,,
2024-10-22,乌兹别克斯坦,中国,LLC TIBBIYOT DUNYOSI,ONE MEDICAL CO LTD, , ,,,,,Uzbekistan (UZ),,,902214,S PRINADLEZHNOSTIYAMI S-DUGA MOBILE DIGITAL X-RAY SYSTEM,,581.0,KG,581.0,42500.0,,,
2024-10-22,印度,中国,CARESTREAM HEALTH INDIA PRIVATE LIMITED,CARESTREAM HEALTH HK HOLDING LTD,"SUNTECK CENTRE,1ST FLOOR,NR.GARWARE SUBHASH ROAD,VILE PARLE(E) ",,,,,CHINA,,Shanghai,NHAVA SHEVA SEA (INNSA1),90221490,8621658 GENERATOR GRP C 50KW 3P 380-480 VAC (ACCESSORIES FORDRX COMPASS SYSTEM),,1.0,NOS,0.0,5170.18,KQ6CXIZ8B4UOC,,
2024-10-22,印度,中国,CARESTREAM HEALTH INDIA PRIVATE LIMITED,CARESTREAM HEALTH HK HOLDING LTD,"SUNTECK CENTRE,1ST FLOOR,NR.GARWARE SUBHASH ROAD,VILE PARLE(E) ",,,,,CHINA,,Shanghai,NHAVA SHEVA SEA (INNSA1),90221490,8622151 WALLSTAND LATERAL ARM SUPPORT C/F (ACCESSORIES FOR DRX COMPASS SYSTEM),,1.0,NOS,0.0,139.13,KQ6CXIZ8B4UOC,,
2024-10-22,印度,中国,CARESTREAM HEALTH INDIA PRIVATE LIMITED,CARESTREAM HEALTH HK HOLDING LTD,"SUNTECK CENTRE,1ST FLOOR,NR.GARWARE SUBHASH ROAD,VILE PARLE(E) ",,,,,CHINA,,Shanghai,NHAVA SHEVA SEA (INNSA1),90221490,6701650 CEILING RAIL-OTC 4M LONGX3.2M TRANS C/F (ACCESSORIESFOR DRX COMPASS SYSTEM),,1.0,NOS,0.0,2514.11,KQ6CXIZ8B4UOC,,
2024-10-22,印度,中国,CARESTREAM HEALTH INDIA PRIVATE LIMITED,CARESTREAM HEALTH HK HOLDING LTD,"SUNTECK CENTRE,1ST FLOOR,NR.GARWARE SUBHASH ROAD,VILE PARLE(E) ",,,,,CHINA,,Shanghai,NHAVA SHEVA SEA (INNSA1),90221490,1010933 LLI OVERLAP GUIDE FOR CSH WS (ACCESSORIES FOR DRX COMPASS SYSTEM),,1.0,NOS,0.0,113.2,KQ6CXIZ8B4UOC,,
2024-10-22,印度,中国,CARESTREAM HEALTH INDIA PRIVATE LIMITED,CARESTREAM HEALTH HK HOLDING LTD,"SUNTECK CENTRE,1ST FLOOR,NR.GARWARE SUBHASH ROAD,VILE PARLE(E) ",,,,,CHINA,,Shanghai,NHAVA SHEVA SEA (INNSA1),90221490,8621989 GRID 103L/I FD 34-44 RATIO 10 TO 1 (ACCESSORIES FORDRX COMPASS SYSTEM),,1.0,NOS,0.0,340.29,KQ6CXIZ8B4UOC,,
2024-10-21,加纳,中国,ASGA ENTERPRISE COMPANY LIMITED,GUANGZHOU BIO COMET IMP & EXP CO LTD,,,,,,China,,,,9022140000,Hematology Analyzer BC-10,,0.0,,831.3,300.0,OOLU2745948788,,
2024-10-21,马拉维,中国,LEVISON C CHANGOLE HOSMATE & MEDMATE PHARMACY,NANJING TERIO ENTERPRISE CO LTD,"P O  BOX  51835   LIMBE   ,BT,","NANJING,CHINA",,,,CHINA,,,,90221400,50U U- ARM DIGITAL RADIOGRAPHY SYSTEM,,1.0, Pieces,573.0,23586.7,,,
2024-10-21,孟加拉国,中国,BIO MASS INTERNATIONAL LIMITED,SUZHOU SHOIMAGE MEDICAL EQUIPMENT C,"37 Bir Uttam C.R. Datta Road, Nahar",,,,,CN,,,,90221400,PORTABLE X-RAY MACHINE MODEL : SHO-PX01,,1.0,,28.0,2780.0,,,
2024-10-21,埃塞俄比亚,中国,MENSCHEN FUR MENSCHEN,,,,,,,China,,,,90221400,"-- Other, for medical, surgical or veterinary uses",,1.0,UNT,1163.0,37509.4,,,
2024-10-21,印度,中国,SIEMENS HEALTHCARE PRIVATE LIMITED,SIEMENS HEALTHINEERS AG,"130, PANDURANG BUDHKAR MARG,  N/A",,,,,CHINA,,Shekou,NHAVA SHEVA SEA (INNSA1),90221490,( CARDIAC AND VASCULAR ANGIOGRAPHY INCL DSA COMPLETE WITHACCESSORIES ( AS PER INV ) ) ARTIS ONE,,1.0,SET,0.0,250717.0,FC0B883W8H1SK,,
2024-10-21,孟加拉国,中国,BIO MASS INTERNATIONAL LIMITED,SUZHOU SHOIMAGE MEDICAL EQUIPMENT C,"37 Bir Uttam C.R. Datta Road, Nahar",,,,,China,,,,90221400,PORTABLE X-RAY MACHINE MODEL : SHO-PX01,,1.0,NMB,28.0,2780.0,,,
2024-10-21,波兰,中国,DB CARGO EURASIA GMBH P P GE HEALTHCARE GMBH,GE HUALUN MEDICAL SYSTEMS CO LTD,ST. OF VIYEYSK 2 | 11,No. 1 NORTH YONG CHANG STREET BEIJING ECONOMIC & TECHNOLOGICAL DEVELOPMENT AREA,,,,,Poland (PL),,,902214,Mobile x-ray device of the S-arch,,5338.0,KG,5338.0,393494.4381,,,
2024-10-21,哈萨克斯坦,中国,ТОО BAIKANG,NANJING PERLOVE MEDICAL EQUIPMENT CO LTD, , ,,,"NANJING PERLOVE MEDICAL EQUIPMENT CO., LTD.,",China,Kazakhstan,,,9022140000,"1. МЕДИЦИНСКОЕ ДИАГНОСТИЧЕСКОЕ РЕНТГЕНОВСКОЕ ОБОРУДОВАНИЕ PLD6500E 65KW, В КОМПЛЕКТЕ С  ПРИНАДЛЕЖНОСТЯМИ, МЕДИЦИНСКОЕ ДИАГНОСТИЧЕСКОЕ РЕНТГЕНОВСКОЕ ОБОРУДОВАНИЕ PLD6500E 65KW, В КОМПЛЕКТЕ С ПРИНАДЛЕЖНОСТЯМИ",,1.0,ШТ,1197.0,38275.34,,,PERLOVE
2024-10-21,博茨瓦纳,中国,PROFESSIONAL MEDICAL SERVICES PROPRIETARY LIMITED,HUMAN ZETOP MEDICAL CO LTD,,,,,,CHINA,,,Tlokweng Gate,90221400,X-RAY SYSTEM,,1.0,EA,791.5,13513.6705,,,
2024-10-21,智利,中国,,,,,,,,CHINA,,MIAMI,Aeropuerto comodoro arturo merino ,90221419,LOS DEMAS,,1.0,UNIDADES,31.14,3029.56,6523698252,,
2024-10-21,喀麦隆,中国,TUMANS MEDICAL SARL,NANJING CHENWEI MEDICAL EQUIPMENT,,,,,,Chine,Cameroun,,,902214000000,HIGHT FREQUENCY X-RAY MACHINE ACM100,,2.0,KGM,265.0,4047.8891,,,
2024-10-21,哈萨克斯坦,中国,ТОО BAIKANG,NANJING PERLOVE MEDICAL EQUIPMENT CO LTD, , ,,,"NANJING PERLOVE MEDICAL EQUIPMENT CO., LTD.,",China,Kazakhstan,,,9022140000,"1. PLX118F МОБИЛЬНАЯ ЦИФРОВАЯ СИСТЕМА C-ДУГИ HF, PLX118F МОБИЛЬНАЯ ЦИФРОВАЯ СИСТЕМА C-ДУГИ HF",,1.0,ШТ,470.0,38724.66,,,PERLOVE
2024-10-21,印度,中国,WIPRO GE HEALTHCARE PRIVATE LIMITED,GE HUALUN MEDICAL SYSTEMS COLTD,"A-1,GOLDEN ENCLAVE  AIRPORT ROAD, ",,,,,CHINA,,Beijing,BANGALORE ACC (INBLR4),90221490,S18932AB OPTIMA IGS 330 SYSTEM FINISHED GOOD(MEDICAL EQUIPMENT),,1.0,NOS,0.0,213877.0,YEM1ZCFQ6S6XY,,
2024-10-21,波兰,中国,DB CARGO EURASIA GMBH P P GE MEDICAL SYSTEMS SCS,SCHENKER CHINA LTD,UL. WIEJSKA 2,"11 & 12 FLOOR, CRYSTAL PLAZA BUILDING 7 NO. 6, LAND 100, PINGJIAQIAO ROAD",,,,,Poland (PL),,,902214,Mobile x-ray device of the S-arch,,1515.0,KG,1515.0,68967.1754,,,
2024-10-19,乌干达,中国,SURGIMED UGANDA LIMITED,GOLDENGATE HOLDINGS LIMITED,,,,,,CHINA,UGANDA,,,90221400000,X-RAY PRINTER,,0.9999,Number,9.9999,890.0001,,,
2024-10-19,美国,中国,AMICO CORP,NINGBO WWS INDUSTRIAL CO LTD, 120 FULTON WAY , 1426 LINGQIAO SQUARE NO 31 YAOHANG ST ,AMICO CORP, 120 FULTON WAY ,,"CN, CHINA",,NINGBO,"SEATTLE,WA",902214,"ZINC PLATE FOR MEDICAL USE,CARBON STEEL BOX FOR MEDICAL USE,CARBON STEEL PLATE FOR MEDICALUSE,ALUM PLATE FOR MEDICAL USE,CARBON STEEL BRACKET FOR MEDICAL USE,ALUM BRACKET FOR MEDICAL USE,PLASTIC PARTS FOR MEDICAL USE,COUPLING NUT",NO MARKS,13.0,PKG,7581.0,0.0,DISODMCNSX087214,SMCU1031840,
2024-10-18,厄瓜多尔,中国,DREI SOLUCIONES EQUIPOS E IMAGENESMEDICAS CIA LTDA,,,,,,,CHINA,,-,,9022140000,EQUIPO DE RAYOS X PORTATIL,,1.0,NUMERO DE UNIDADES,22.8,6306.25,,,SIUI
2024-10-18,墨西哥,中国,GE SISTEMAS MEDICOS DE MEXICO SA DE CV,GE HUALUN MEDICAL SYSTEMS CO LTD,"ANTONIO DOVALI JAIME 70 TORRE B PISO 4 AVENIDA JAVIER BARROS SIERRA Y AVENIDA SANTA FE

Ciudad de Mexico
01210","YONG CHANG NORTH ROAD
BEIJINGCHINA

100176",,,,CHINA,,,NUEVO LAREDO NUEVO LAREDO TAMAULIPAS.,9022149101,SISTEMA RADIOGRAFICO XR6000 CON SUS ACCESORIOS,,1.0,PIECE,925.0,45366.44,,,
2024-10-18,埃塞俄比亚,中国,GRAND VALLEY PRIMARY HOSPITAL PRIVA,,,,,,,China,,,,90221400,"-- Other, for medical, surgical or veterinary uses",,1.0,UNT,687.0,16111.48,,,
2024-10-18,厄瓜多尔,中国,DREI SOLUCIONES EQUIPOS E IMAGENESMEDICAS CIA LTDA,,,,,,,ITALIA,,-,,9022140000,EQUIPO PANORAMICO DENTAL,,1.0,NUMERO DE UNIDADES,195.18,14155.2,,,CEFLA
2024-10-18,墨西哥,中国,GE SISTEMAS MEDICOS DE MEXICO SA DE CV,GE HUALUN MEDICAL SYSTEMS CO LTD,"ANTONIO DOVALI JAIME 70 TORRE B PISO 4 AVENIDA JAVIER BARROS SIERRA Y AVENIDA SANTA FE

Ciudad de Mexico
01210","YONG CHANG NORTH ROAD
BEIJINGCHINA

100176",,,,CHINA,,,NUEVO LAREDO NUEVO LAREDO TAMAULIPAS.,9022149101,SISTEMA RADIOGRAFICO XR6000 CON SUS ACCESORIOS,,1.0,PIECE,925.0,46163.52,,,
2024-10-18,墨西哥,中国,GE SISTEMAS MEDICOS DE MEXICO SA DE CV,GE HUALUN MEDICAL SYSTEMS CO LTD,"ANTONIO DOVALI JAIME 70 TORRE B PISO 4 AVENIDA JAVIER BARROS SIERRA Y AVENIDA SANTA FE

Ciudad de Mexico
01210","YONG CHANG NORTH ROAD
BEIJINGCHINA

100176",,,,CHINA,,,NUEVO LAREDO NUEVO LAREDO TAMAULIPAS.,9022149101,SISTEMA RADIOGRAFICO XR6000 CON SUS ACCESORIOS,,1.0,PIECE,925.0,45431.14,,,
2024-10-18,喀麦隆,中国,SOCIETE DIFFERENCE POUNGOUM & FILS SARL,HEALICOM MEDICAL EQUIPMENT CO LTD,,,,,,Chine,Cameroun,,,902214000000,IMAGING X-RAY RADIOLOGY,,1.0,KGM,850.0,10727.5053,,,
2024-10-18,哈萨克斯坦,中国,ТОО ADM HOLDING,CHENGDU BELICOM MEDICAL INSRUMENT CO LTD, , ,,,"SHENZHEN SONTU MEDICAL IMAGING EQUIPMENT CO.,LTD",China,Kazakhstan,,,9022140000,"1. ПОРТАТИВНАЯ ЦИФРОВАЯ РЕНТГЕНОГРАФИЧЕСКАЯ СИСТЕМА SONTU100-POR-1, В КОМПЛЕКТЕ С ПРИНАДЛЕЖНОСТЯМИ, :",,1.0,ШТ,86.0,17388.83,,,SONTU
2024-10-18,阿根廷,中国,INVAP SOCIEDAD DEL ESTADO,,,,,,,China,,,,90221490200,"LOS DEMAS ACELERADORES LINEALES. LOS DEMAS, PARA U ELEKTA INFINITY",,1.0,Unidades,0.0,1732722.34,,,ELEKTA
2024-10-17,乌干达,中国,CHINESE EMBASSYKAMPALA NAKAWA DIVISION NAKAWA DIVISIONBUKOTO IOLD KIIRA ROAD KOLOLOMALCOLM X AVENUE37 37 KAMPALA,ZCTS SHENZHEN CO LTD,,,,,,CHINA,UGANDA,,,90221400000,FILM VIEWING LAMP,,2.0,Number,50.0,207.9999,,,
2024-10-17,哥伦比亚,中国,ECO AMERICA S A S,SHENZHEN BROWINER TECH CO LTD,CR 7A # 124 26 IN 001,ROOM 501 BUILDING C GANGHONGJI HIGH,,,,CHINA,,,,9022140000,"DO BG24I2787 ,PEDIDO ,FORMATO 1 DE 1; FACTURA(S)..FACTURA COMERCIAL BWXS-DX51-202405-01005 25/07/2024;MERCANCIA NUEVA, VO.BO. INVIMA 24-0120372 DEL 2024-09-19,LEGALIZACION POR DIFERENCIA DE PESO, NOS ACOGEMOS AL ART 17 DELDECRETO 360, QUE MODIFICA EL ART 52 DEL 1165.; 1.00 UNIDAD PRODUCTO= SISTEMA DE RADIOGRAFIA DIGITALITEM FACTURA=DIGITAL RADIOGRAPHY SYSTEM PERFOX3000A REFERENCIA= NO TIENE, MARCA= BROWINER, MODELO= PERFOX 3000A, TECNICA DE DIAGNOSTICO RAYOS X, USO O DESTINO= DISEÃ‘ADO PARA SER UTILIZADO POR UN MÃ‰DICO O TÃ‰CNICO CUALIFICADO/CAPACITADO EN SUJETOS ADULTOS Y PEDIÃTRICOS PARA TOMAR EXPOSICIONES RADIOGRÃFICAS DE DIAGNÃ“STICO DEL CRÃNEO, COLUMNA VERTEBRAL, TÃ“RAX, ABDOMEN, EXTREMIDADES Y OTRASPARTES DEL CUERPO. LAS APLICACIONES PUEDEN REALIZARSE CON EL PACIENTE SENTADO, DE PIE O ACOSTADO EN POSICIÃ“N PRONO O SUPINA. NO APTO PARA MAMOGRAFÃA, DESCRIPCIÃ“N= SET DE DIGITAL RADIOGRAPHY SYSTEM CONTINUOS OPERATION WITH INTERMITTENT LOADING, VOLTAGE=230V-50/60HZ-3.52KVA MAX, ./",,1.0,NUMERO DE ARTICULOS,810.0,24507.52,,,
2024-10-17,厄瓜多尔,中国,MEDIKANUCLEAR S A,SHENZHEN SONTU MEDICAL IMAGING EQUIPMENT CO LTD,,,,,,CHINA,,CNSHK-,,9022140000,EQUIPO DE RAYOS X,,1.0,NUMERO DE UNIDADES,812.0,15479.0,CEC2024WHLU5740,,SONTU
2024-10-17,波兰,中国,DB CARGO EURASIA GMBH P P GE MEDICAL SYSTEMS SCS,SCHENKER CHINA LTD,ST. OF VIYEYSK 2 | 11,"11 & 12 FLOOR, CRYSTAL PLAZA BUILDING 7 NO. 6, LAND 100, PINGJIAQIAO ROAD",,,,,Poland (PL),,,902214,Mobile x-ray device of the S-arch,,502.0,KG,502.0,38303.5923,,,
2024-10-17,印度,中国,PHILIPS INDIA LIMITED,SPELLMAN HIGH VOLTAGE ELECTRONICS SUZHOU INDUSTRI,"7 JUSTICE CHANDRA MADHAB ROAD,KOLK  ATA ",,,,,CHINA,,SHANGHAI - PU DONG,SAHAR AIR CARGO ACC (INBOM4),90221410,"459801732292,HF GENERATOR MMB 409085-001 (FOR C-ARM IMAGE INTENSIFIER SYSTEM)",,10.0,NOS,0.0,20730.0,3R8ZK0TEQ5RTW,,
2024-10-17,阿塞拜疆,中国,MEDAZ MMC,SHENZHEN MINDRAY BIO MEDICAL ELECTRONICS CO LTD,"F.YUSIFOV STR. 51A | 24, AZ1075", ,,,,,Azerbaijan (AZ),,,902214,DigiEye 350 Digital Radiography System DR16B-CTO-S01 DigiEye 350 System of the Digital X-ray analysis Serial-No. | Batch No. ED8-48000091; ED8-48000092; ED8-48000093; ED8-48000094;,,3783.0,KG,3783.0,113242.0,,,
2024-10-17,波兰,中国,DB CARGO EURASIA GMBH P P GE MEDICAL SYSTEMS SCS,GE HUALUN MEDICAL SYSTEMS CO LTD,ST. OF VIYEYSK 2 | 11,No. 1 NORTH YONG CHANG STREET BEIJING ECONOMIC & TECHNOLOGICAL DEVELOPMENT AREA,,,,,Poland (PL),,,902214,System of the x-ray camera | equipment for use of the x-ray device,,5205.0,KG,5205.0,182504.3738,,,
2024-10-17,厄瓜多尔,中国,MEDIKANUCLEAR S A,SHENZHEN SONTU MEDICAL IMAGING EQUIPMENT CO LTD,,,,,,CHINA,,CNSHK-,,9022140000,EQUIPO DE RAYOS X,,1.0,NUMERO DE UNIDADES,1200.0,16252.67,CEC2024WHLU5740,,SONTU
2024-10-16,乌干达,中国,OFFICE OF THE PRIME MINISTERKAMPALA KAMPALA CENTRAL DIVI KAMPALA CENTRAL DIVISIONKAMPALASIR APOLLO KAGGWA ROAD TWIN TOWERS OFFICE OF THE PRESIDENT00 341 KAMPALA,GLOBE CORPORATION BVKELVINWEG 4 6101 WT,,,,,,POLAND,UGANDA,,,90221400000,X RAY FILM VIEWER,,2.0,Number,87.0,1088.0,,,
2024-10-16,俄罗斯,中国,ООО СЕВЕРОЗАПАДНОЕ УПРАВЛЕНИЕ ОПТОВОЙ МЕДИЦИНСКОЙ ТОРГОВЛИ,SIA EUROBALT AS AGENT ONLY GEHC C O BOVIS BSTIMENT B ZI DE LA GUEPELLE 95470 SAINT WITZ FRANCE,"197110, САНКТ-ПЕТЕРБУРГ, ВН.ТЕР.Г. МУНИЦИПАЛЬНЫЙ ОКРУГ ЧКАЛО, УЛ. БОЛЬШАЯ ЗЕЛЕНИ","1067, LATVIA, RIGA, BULLU 45A, ..,,.",,,"GE HUALUN MEDICAL SYSTEMS CO.,LTD..",China,Russian Federation,,,9022140000,"АППАРАТУРА НА ОСНОВЕ РЕНТГЕНОВСКОГО ИЗЛУЧЕНИЯ ДЛЯ МЕДИЦИНСКОГО, ХИРУРГИЧЕСКОГО ИЛИ ВЕТЕРИНАРНОГО ИСПОЛЬЗОВАНИЯ.МЕДИЦИНСКОЕ ИЗДЕЛИЕ НЕ ВОЕННОГО НАЗНАЧЕНИЯ, КОД ОКП:26.60.11.113.",,1.0,ШТ,3525.0,372314.07,,,ОТСУТСТВУЕТ
2024-10-16,印度,中国,WIPRO GE MEDICAL DEVICE MANUFACTURING PRIVATE LIMI,GE HUALUN MEDICAL SYSTEMS CO LTD,"No.4, Kadugodi Industrial Area, Sadarmangala Whitefield, Bangalore",,,,,CHINA,,Shanghai,Chennai  ,90221490,5521321-4 - SYSTEM GANTRY HLA FOR OPTIMA IGS 320 INDIA SEMIFINISHED-(PARTS OF MANUFACTURING FOR REVOLUTION ALPHA & REVO,,1.0,PCS,0.0,83855.1,G06U4ZVTJLC50,,
2024-10-15,巴拉圭,中国,INFOTEC SA,,,,,,,CHINA,,,,90221411,NEUCARE MAMMO DR HD SYSTEM,,3.0,,0.0,236400.0,,,
2024-10-15,厄瓜多尔,中国,VASCONEZ ZAMBRANO JUAN FRANCISCO,MEDSINGLONG CO LTD,,,,,,CHINA,,CNSHK-,,9022140000,MAQUINA DE RAYOS X VETERINARIO PORTATIL,,1.0,NUMERO DE UNIDADES,94.403,2716.9,CEC2024WHLU5740,,MEDSINGLONG
2024-10-15,美国,中国,CLINICAL MEDICAL SERVICES CARR PR,MEDICAL DEPOT INC,3 KM 9 5 AVE 65 INFANTERIA CAROLINA PR 00985 MRN#01390580011 PHONE: 888 720-2900,D/B/A DRIVE DEVILBISS HEALTHCARE 99 SEAVIEW BLVD PORT WASHINGTON NEW YORK 11050 U S A TEL: 516-998-4600 ,CARMICHAEL INTERNATIONAL SERVICES,20 W LINCOLN AVE SUITE 300 VALLEY STREAM NY 11580 T:516-837-4433 DRIVEBROKERCIS@CARMNET COM,,"CN, CHINA",,Panama Canal,SAN JUAN,902214,"MEDICAL DEVICES(ROLLATOR) MEDICAL DEVICES P.O.NO. 440372 THE SHIPMENT CONTAINS NO SOLID WOOD PACKING MATERIALS. @ TAX ID 11-3525013 MEDICAL DEVICES(ROLLATOR) THE INFORMATION APPEARING ON THE DECLARATION RELATING TO THE QUANTITY AND DESCRIPTION OF THE CARGO IS IN EACH INSTANCE BASED ON THE SHIPPER S LOAD AND COUNT. I HAVE NO KNOWLEDGE OR INFORMATION WHICH WOULD LEAD ME TO BELIEVE OR TO SUSPECT THAT THE INFORMATION FURNISHED BY THE SHIPPER IS INCOMPLETE, INACCURATE, OR FALSE IN ANY WAY.",DRIVE DRIVE THE SAME THE SAME THE SAME THE SAME THE SAME THE SAME THE SAME THE SAME THE SAME THE SAME THE SAME THE SAME THE SAME THE SAME THE SAME,1600.0,CTN,13600.0,0.0,EGLV010401072264,EGHU9864341,
2024-10-15,菲律宾,中国,SIEMENS HEALTHCARE INC,SIEMENS SHANGHAI MEDICAL EQUIPMENT,"10/F M1 TOWER 141 H.V. DELA COSTA ST. SALCEDO VILLAGE BRGY. BEL-AIR, MAKATI CITY",,,,,CHINA,,,,90221400000,1 PCE: 14471736 MULTIX IMPACT (X-RAY SYSTEM),,1.0,,1342.0,95921.4,SHAG80494,,
2024-10-15,厄瓜多尔,中国,VASCONEZ ZAMBRANO JUAN FRANCISCO,MEDSINGLONG CO LTD,,,,,,CHINA,,CNSHK-,,9022140000,MAQUINA DE RAYOS X VETERINARIO PORTATIL,,1.0,NUMERO DE UNIDADES,19.653,565.6,CEC2024WHLU5740,,MEDSINGLONG
2024-10-15,乌干达,中国,BLOSSOM HOLDINGS LIMITED,SHENZHEN BASDA MEDICAL APPARATUSCO LTD,,,,,,CHINA,UGANDA,,,90221400000,MRI MACHINERY WITH ACCESSORIES,,32.0,Number,20800.0,147500.0,,,
2024-10-15,印度,中国,WIPRO GE MEDICAL DEVICE MANUFACTURING PRIVATE LIMI,GE HUALUN MEDICAL SYSTEMS CO LTD,"No.4, Kadugodi Industrial Area, Sadarmangala Whitefield, Bangalore",,,,,CHINA,,Shanghai,Chennai  ,90221490,5521321-4 - SYSTEM GANTRY HLA FOR OPTIMA IGS 320 - INDIA SEMI FINISHED (PARTS OF MANUFACTURING FOR REVOLUTION ALPHA & RE,,1.0,PCS,0.0,83855.1,DHRVBFANBZH1T,,
2024-10-15,印度,中国,PROGNOSYS MEDICAL SYSTEMS PRIVATE LIMITED,NEUSOFT MEDICAL SYSTEMS CO LTD,"NO.249, 4TH MAIN ROAD,  CHAMARAJPET, ",,,,,CHINA,,Beijing,BANGALORE ACC (INBLR4),90221410,PARTS FOR MFG OF DIGITALRADIOGRAPHY - HIGH VOLTAGE GENERATOR VENUS-50-R,,1.0,NOS,0.0,4065.0,V6YOSJLAVTX9H,,
2024-10-15,巴拉圭,中国,LCM SOCIEDAD ANONIMA,,,,,,,CHINA,,,,90221411,4) UNIDADES DIGITAL MAMMOGRAPHY SYSTEM ASR-4000E,,4.0,,0.0,235712.87,,,
2024-10-15,阿富汗,中国,FOOLAD NOORZAD TRADING,HUOERGUOSI RONGDA TRADING CO LTD, , ,,,,,Afghanistan (AF),,,9022140000,MEDICAL DEVICE,,2.0,PCE; NMB,2.0,25.0,,,
2024-10-15,厄瓜多尔,中国,VASCONEZ ZAMBRANO JUAN FRANCISCO,MEDSINGLONG CO LTD,,,,,,CHINA,,CNSHK-,,9022140000,MAQUINA DE RAYOS X VETERINARIO PORTATIL,,1.0,NUMERO DE UNIDADES,482.543,13887.5,CEC2024WHLU5740,,MEDSINGLONG
2024-10-14,墨西哥,中国,GE SISTEMAS MEDICOS DE MEXICO SA DE CV,GE HUALUN MEDICAL SYSTEMS CO LTD,"ANTONIO DOVALI JAIME 70 TORRE B PISO 4 AVENIDA JAVIER BARROS SIERRA Y AVENIDA SANTA FE

Ciudad de Mexico
01210","YONG CHANG NORTH ROAD
BEIJINGCHINA

100176",,,,CHINA,,,NUEVO LAREDO NUEVO LAREDO TAMAULIPAS.,9022149101,SISTEMA RADIOGRAFICO XR6000 CON SUS ACCESORIOS,,1.0,PIECE,925.0,46326.12,,,
2024-10-14,印度,中国,PHILIPS INDIA LIMITED,SPELLMAN HIGH VOLTAGE ELECTRONICS SUZHOU INDUSTRI,"7 JUSTICE CHANDRA MADHAB ROAD,KOLK  ATA ",,,,,CHINA,,Suzhou,SAHAR AIR CARGO ACC (INBOM4),90221490,GENERATOR MMB 409085-021 (FOR R&D PURPOSE),,2.0,NOS,0.0,20000.0,BEX24YPFAOBTS,,
2024-10-14,科特迪瓦,中国,CONSOMMABLES EQUIPEMENTS DIAGNOSTICS IVOIRE,PHARMA FOR ALL,30 BP,"OFFICE 301, ICON F, JUMEIRAH LAKE T",,,,Chine,COTE D'IVOIRE,,,9022140000,"9022140000 - -- Appareils à rayons X pour usages médicaux, ch",,6.0,,1585.0,161858.866,,,
2024-10-14,墨西哥,中国,GE SISTEMAS MEDICOS DE MEXICO SA DE CV,GE HUALUN MEDICAL SYSTEMS CO LTD,"ANTONIO DOVALI JAIME 70 TORRE B PISO 4 AVENIDA JAVIER BARROS SIERRA Y AVENIDA SANTA FE

Ciudad de Mexico
01210","YONG CHANG NORTH ROAD
BEIJINGCHINA

100176",,,,CHINA,,,NUEVO LAREDO NUEVO LAREDO TAMAULIPAS.,9022149101,SISTEMA RADIOGRAFICO XR6000 CON SUS ACCESORIOS,,1.0,PIECE,925.0,46616.21,,,
2024-10-14,美国,中国,AUTHORITY MEDICAL GROUP LLC,JIAXING HAOYI TEXTILE CO LTD, 5950 NE JACOBSON STREET BUILDING 11 SUITE 190 HILLSBORO OREGON 97124 USA , HONGXI DEVELOPMENT ZONE TIANNING JIASHAN ZHEJIANG CHINA 314109 ,AUTHORITY MEDICAL GROUP LLC, 5950 NE JACOBSON STREET BUILDING 11 SUITE 190 HILLSBORO OREGON 97124 USA ,,"CN, CHINA",,SHANGHAI,"PORTLAND,OR",902214,"FOR MEDICAL USE ONLY, SILDER TUBE MATERIAL",PO: MPU MATERIAL COMPOSITION: WIDTH,230.0,ROL,7875.0,0.0,HNLTSH249A0250,SELU4021070,
2024-10-14,墨西哥,中国,GE SISTEMAS MEDICOS DE MEXICO SA DE CV,GE HUALUN MEDICAL SYSTEMS CO LTD,"ANTONIO DOVALI JAIME 70 TORRE B PISO 4 AVENIDA JAVIER BARROS SIERRA Y AVENIDA SANTA FE

Ciudad de Mexico
01210","YONG CHANG NORTH ROAD
BEIJINGCHINA

100176",,,,CHINA,,,NUEVO LAREDO NUEVO LAREDO TAMAULIPAS.,9022149101,SISTEMA RADIOGRAFICO XR6000 CON SUS ACCESORIOS,,1.0,PIECE,925.0,46207.63,,,
2024-10-14,墨西哥,中国,GE SISTEMAS MEDICOS DE MEXICO SA DE CV,GE HUALUN MEDICAL SYSTEMS CO LTD,"ANTONIO DOVALI JAIME 70 TORRE B PISO 4 AVENIDA JAVIER BARROS SIERRA Y AVENIDA SANTA FE

Ciudad de Mexico
01210","YONG CHANG NORTH ROAD
BEIJINGCHINA

100176",,,,CHINA,,,NUEVO LAREDO NUEVO LAREDO TAMAULIPAS.,9022149101,SISTEMA RADIOGRAFICO XR6000 CON SUS ACCESORIOS,,1.0,PIECE,925.0,46935.87,,,
2024-10-14,墨西哥,中国,GE SISTEMAS MEDICOS DE MEXICO SA DE CV,GE HUALUN MEDICAL SYSTEMS CO LTD,"ANTONIO DOVALI JAIME 70 TORRE B PISO 4 AVENIDA JAVIER BARROS SIERRA Y AVENIDA SANTA FE

Ciudad de Mexico
01210","YONG CHANG NORTH ROAD
BEIJINGCHINA

100176",,,,CHINA,,,NUEVO LAREDO NUEVO LAREDO TAMAULIPAS.,9022149101,SISTEMA RADIOGRAFICO XR6000 CON SUS ACCESORIOS,,1.0,PIECE,925.0,46193.02,,,
2024-10-14,印度,中国,WIPRO GE MEDICAL DEVICE MANUFACTURING PRIVATE LIMI,GE HUALUN MEDICAL SYSTEMS CO LTD,"No.4, Kadugodi Industrial Area, Sadarmangala Whitefield, Bangalore",,,,,CHINA,,Tianjin,BANGALORE,90221490,5521321-4 - SYSTEM GANTRY HLA FOR OPTIMA IGS 320 - INDIA SEMI FINISHED (PARTS OF MANUFACTURING FOR REVOLUTION ALPHA & R,,1.0,PCS,0.0,83855.1,0ZRZS2ZWTY265,,
2024-10-12,印度,中国,PHILIPS INDIA LIMITED,PHILIPS ELECTRONICS SINGAPORE PTE LTD,"7 JUSTICE CHANDRA MADHAB ROAD,KOLK  ATA ",,,,,CHINA,,Singapore,SAHAR AIR CARGO ACC (INBOM4),90221490,452230013019 TUBE COVER + SENSOR (PARTS FOR IXR MACHINE),,1.0,NOS,0.0,1563.05,VU5Q1WACBTH41,,
2024-10-12,卢旺达,中国,MAS BLESSING LIMITED,FOSHAN DENFLY MEDICAL EQUIPMENT CO,,,,,,China,Rwanda,,,90221400,"OTHER APPARATUS BASED ON THE USE OF XRAYSÃ , FOR MEDICAL,""",,25.0,NMB,5.0,180.429,,,
2024-10-12,卢旺达,中国,MAS BLESSING LIMITED,FOSHAN DENFLY MEDICAL EQUIPMENT CO,,,,,,China,Rwanda,,,90221400,"OTHER APPARATUS BASED ON THE USE OF XRAYSÃ , FOR MEDICAL,""",,4.0,NMB,110.0,2208.45,,,
2024-10-12,卢旺达,中国,MAS BLESSING LIMITED,FOSHAN DENFLY MEDICAL EQUIPMENT CO,,,,,,China,Rwanda,,,90221400,"OTHER APPARATUS BASED ON THE USE OF XRAYSÃ , FOR MEDICAL,""",,2.0,NMB,110.0,1104.22,,,
2024-10-12,卢旺达,中国,MAS BLESSING LIMITED,FOSHAN DENFLY MEDICAL EQUIPMENT CO,,,,,,China,Rwanda,,,90221400,"OTHER APPARATUS BASED ON THE USE OF XRAYSÃ , FOR MEDICAL,""",,25.0,NMB,80.0,541.286,,,
2024-10-12,卢旺达,中国,MAS BLESSING LIMITED,FOSHAN DENFLY MEDICAL EQUIPMENT CO,,,,,,China,Rwanda,,,90221400,"OTHER APPARATUS BASED ON THE USE OF XRAYSÃ , FOR MEDICAL,""",,25.0,NMB,80.0,541.286,,,
2024-10-12,卢旺达,中国,MAS BLESSING LIMITED,FOSHAN DENFLY MEDICAL EQUIPMENT CO,,,,,,China,Rwanda,,,90221400,"OTHER APPARATUS BASED ON THE USE OF XRAYSÃ , FOR MEDICAL,""",,25.0,NMB,5.0,180.429,,,
2024-10-12,卢旺达,中国,MAS BLESSING LIMITED,FOSHAN DENFLY MEDICAL EQUIPMENT CO,,,,,,China,Rwanda,,,90221400,"OTHER APPARATUS BASED ON THE USE OF XRAYSÃ , FOR MEDICAL,""",,2.0,NMB,110.0,1104.22,,,
2024-10-12,卢旺达,中国,MAS BLESSING LIMITED,FOSHAN DENFLY MEDICAL EQUIPMENT CO,,,,,,China,Rwanda,,,90221400,"OTHER APPARATUS BASED ON THE USE OF XRAYSÃ , FOR MEDICAL,""",,4.0,NMB,110.0,2208.45,,,
2024-10-11,加纳,中国,THE DIASCAN CENTER LIMITED,GUANGZHOU YSENMED EQUIPMENT CO LTD,,,,,,China,,,,9022140000,65kW Digital X-ray Machine,,0.0,,627.0,9500.0,LLLTMA24904220SZ,,
2024-10-11,墨西哥,中国,GE SISTEMAS MEDICOS DE MEXICO SA DE CV,GE HUALUN MEDICAL SYSTEMS CO LTD,"ANTONIO DOVALI JAIME 70 TORRE B PISO 4 AVENIDA JAVIER BARROS SIERRA Y AVENIDA SANTA FE

Ciudad de Mexico
01210","YONG CHANG NORTH ROAD
BEIJINGCHINA

100176",,,,CHINA,,,NUEVO LAREDO NUEVO LAREDO TAMAULIPAS.,9022149101,SISTEMA RADIOGRAFICO XR6000,,1.0,PIECE,925.0,46567.32,,,
2024-10-11,乌克兰,中国,ТОВ ЕКНА УКРАЇНА,SHENZHEN LANMAGE MEDICAL TECHNOLOGY CO LTD,02141 МІСТО КИЇВ ВУЛ ЛАРИСИ РУДЕНКО 6А,1ST FLOOR BUILDING B JINGCHENGDA INDUSTRIAL PARK NO 4 KEJI ROAD,,,,China,,,,9022140000,АПАРАТУРА ЩО ВИКОРИСТОВУЄ РЕНТГЕНІВСЬ КЕ ВИПРОМІНЮВАННЯ ПРИЗНАЧЕНА ДЛЯ МЕДИЧН ОГО ВИКОРИСТАННЯ АПАРАТ РЕНТГЕНІВСЬКИЙ ДІАГНОСТИЧНИЙ СТАЦ ІОНАРНИЙ ТОРГОВЕЛЬНА НАЗВА СИСТЕМА РЕНТГЕНІВСЬКА РАДІОГРАФІЧНА 6600C 1 КОМПЛЕКТ ДО КОМПЛЕКТУ ВХОДИТЬ ГЕНЕРАТОР РЕНТГЕНІВСЬКОГО ВИПРОМІНЮВАННЯ 50KW 1 ШТ СТАЦІОНАРНА КОЛОНА ДО ЯКОЇ КРІПИТЬСЯ С ДУГА 1 ШТ C ДУГА З РУХОМИМ МОНОБЛОКОМ РЕНТГЕНІВ СЬКА ТРУБКА ВИПРОМІНЮВАЧ КОЛІМАТОР ТА ЕЛЕКТРОННО ОПТИЧНИМ ПЕРЕТВОРЮВАЧЕМ ІНТЕРАКТИВНА ПАНЕЛЬ КЕРУВАННЯ ТРУБНОГО ТЕРМІНАЛУ В ЗБОРІ 9 7 СЕНСОРНИЙ ЕКРАН 1 ШТ ЦИФРОВИЙ ПЛОСКОПАНЕЛЬНИЙ ДЕТЕКТОР РЕНТГ ЕНОГРАФІЧНОГО ЗОБРАЖЕННЯ 17 Х17 1 ШТ РУХОМИЙ ОГЛЯДОВИЙ СТІЛ ДЛЯ ПАЦІЄНТА З КОЛЕСАМИ З ФІКСАЦІЄЮ 1 ШТ AEC ДАТЧИК АВТОМАТИЧНОГО КОНТРОЛЮ ЕКС ПОЗИЦІЇ ІОНІЗАЦІЙНІ КАМЕРИ 1 ШТ СТАНЦІЯ ВІЗУАЛІЗАЦІЇ КОНСОЛЬ ОПЕРАТОРА ПК ТА ПРОФЕСІЙНЕ ПРОГРАМНЕ З АБЕЗПЕЧЕННЯ 1 ШТ ПУЛЬТ УПРАВЛІННЯ 1 ШТ ПРИЗНАЧЕННЯ ВИРОБІВ ТА СПОСІБ ДІЇ ДЛЯ ДОСЛІДЖЕННЯ ВНУТРІШНІХ ОРГАНІВ І СИСТЕМ ЛЮДСЬКОГО ОРГАНІЗМУ ШЛЯХОМ ЇХ ПРОЕКЦІЇ НА СПЕЦІАЛЬНИЙ ПАПІР ПЛІВКУ АБ О ЦИ,,1.0,ШТ,932.0,28450.0,,,
2024-10-11,墨西哥,中国,GE SISTEMAS MEDICOS DE MEXICO SA DE CV,GE HUALUN MEDICAL SYSTEMS CO LTD,"ANTONIO DOVALI JAIME 70 TORRE B PISO 4 AVENIDA JAVIER BARROS SIERRA Y AVENIDA SANTA FE

Ciudad de Mexico
01210","YONG CHANG NORTH ROAD
BEIJINGCHINA

100176",,,,CHINA,,,NUEVO LAREDO NUEVO LAREDO TAMAULIPAS.,9022149101,SISTEMA RADIOGRAFICO XR6000,,1.0,PIECE,925.0,46843.36,,,
2024-10-11,墨西哥,中国,GE SISTEMAS MEDICOS DE MEXICO SA DE CV,GE HUALUN MEDICAL SYSTEMS CO LTD,"ANTONIO DOVALI JAIME 70 TORRE B PISO 4 AVENIDA JAVIER BARROS SIERRA Y AVENIDA SANTA FE

Ciudad de Mexico
01210","YONG CHANG NORTH ROAD
BEIJINGCHINA

100176",,,,CHINA,,,NUEVO LAREDO NUEVO LAREDO TAMAULIPAS.,9022149101,SISTEMA RADIOGRAFICO XR6000,,1.0,PIECE,925.0,47038.54,,,
2024-10-11,墨西哥,中国,GE SISTEMAS MEDICOS DE MEXICO SA DE CV,GE HUALUN MEDICAL SYSTEMS CO LTD,"ANTONIO DOVALI JAIME 70 TORRE B PISO 4 AVENIDA JAVIER BARROS SIERRA Y AVENIDA SANTA FE

Ciudad de Mexico
01210","YONG CHANG NORTH ROAD
BEIJINGCHINA

100176",,,,CHINA,,,NUEVO LAREDO NUEVO LAREDO TAMAULIPAS.,9022149101,SISTEMA RADIOGRAFICO XR6000,,1.0,PIECE,881.0,17733.43,,,
2024-10-11,墨西哥,中国,GE SISTEMAS MEDICOS DE MEXICO SA DE CV,GE HUALUN MEDICAL SYSTEMS CO LTD,"ANTONIO DOVALI JAIME 70 TORRE B PISO 4 AVENIDA JAVIER BARROS SIERRA Y AVENIDA SANTA FE

Ciudad de Mexico
01210","YONG CHANG NORTH ROAD
BEIJINGCHINA

100176",,,,CHINA,,,NUEVO LAREDO NUEVO LAREDO TAMAULIPAS.,9022149101,SISTEMA RADIOGRAFICO XR6000,,1.0,PIECE,925.0,46426.83,,,
2024-10-11,墨西哥,中国,GE SISTEMAS MEDICOS DE MEXICO SA DE CV,GE HUALUN MEDICAL SYSTEMS CO LTD,"ANTONIO DOVALI JAIME 70 TORRE B PISO 4 AVENIDA JAVIER BARROS SIERRA Y AVENIDA SANTA FE

Ciudad de Mexico
01210","YONG CHANG NORTH ROAD
BEIJINGCHINA

100176",,,,CHINA,,,NUEVO LAREDO NUEVO LAREDO TAMAULIPAS.,9022149101,SISTEMA RADIOGRAFICO XR6000,,1.0,PIECE,925.0,46499.03,,,
2024-10-10,俄罗斯,中国,ООО ДЖИИ ХЭЛСКЕА,GE HEALTHCARE TRADE AND DEVELOPMENT LLC,"123112, РОССИЯ, Г. МОСКВА, ПРЕСНЕНСКАЯ НАБЕРЕЖНАЯ,","53188, WISCONSIN, WAUKESHA, 3000 N GRANDVIEW BLVD,",,,"GE HUALUN MEDICAL SYSTEMS CO., LTD.",China,,,,9022140000,"АППАРАТУРА НА ОСНОВЕ РЕНТГЕНОВСКОГО ИЗЛУЧЕНИЯ ДЛЯ ИСПОЛЬЗОВАНИЯ В МЕДИЦИНЕ, ПРЕДНАЗНАЧЕНА ДЛЯ ДИАГНОСТИЧЕСКИХ ИССЛЕДОВАНИЙ, (НЕ СОДЕРЖИТ РАДИОАКТИВНЫХ ИЗОТОПОВ, РАДИОАКТИВНЫХ ВЕЩЕСТВ И РАДИОИЗОТОПНЫХ ИЗДЕЛИЙ),НЕ ЯВЛЯЕТСЯ РАДИОЭЛЕКТРОННЫМ СРЕДСТВОМ ИВ",,5.0,ШТ,2007.2,164427.77,,,GE
2024-10-10,印度,中国,PHILIPS INDIA LIMITED,PHILIPS ELECTRONICS SINGAPORE PTE L,"7 JUSTICE CHANDRA MADHAB ROAD,KOLK  ATA ",,,,,CHINA,,Singapore,HYDERABAD ACC (INHYD4),90221490,459800202852 - KIT JOYSTICKS GEO_IMAG_ELASTOMER (PARTS),,1.0,NOS,0.0,335.74,DQ0Y2ITW6KW5S,,
2024-10-10,印度,中国,PHILIPS INDIA LIMITED,PHILIPS ELECTRONICS SINGAPORE PTE L,"7 JUSTICE CHANDRA MADHAB ROAD,KOLK  ATA ",,,,,CHINA,,Singapore,HYDERABAD ACC (INHYD4),90221490,452230016027 - MPD CONTROL UNIT (PARTS),,1.0,NOS,0.0,447.23,DQ0Y2ITW6KW5S,,
2024-10-10,喀麦隆,中国,SOCIETE DIFFERENCE POUNGOUM & FILS SARL,HEALICOM MEDICAL EQUIPMENT CO LTD,,,,,,Chine,Cameroun,,,902214000000,MEDICAL X-RAY FILMS,,6.0,KGM,1327.0,290.5874,,,
2024-10-10,墨西哥,中国,INSTITUTO NACIONAL DE INVESTIGACIONES NUCLEARES SIN TIPO DE SOCIEDAD,QINGDAO HAIKE REFRIGERATION CO LIMITED,"CARRETERA MEXICO TOLUCA SN SIN CALLE Y SIN CALLE
Ocoyoacac
Mexico
52750","LONGCHENG ROAD SHIBEI DISTRICT
SHANDONG PROVINCE QINGDAO CITY CHINA

266011",,,,CHINA,,,AEROPUERTO INTERNACIONAL DE LA CIUDAD DE MEXICO,9022149199,SISTEMA DIGITAL PARA MAMOGRAFIAS,,3.0,SET,3212.0,304524.28,,,
2024-10-10,墨西哥,中国,IMADINE SA DE CV,SHENZHEN SONTU MEDICAL IMAGING EQUIPMENT CO LTD,"AVENIDA LUDWIG VAN BEETHOVEN 5723 CALLE PIOTR TCHAIKOVSKI Y PROLONGACION CALLE INDEPENDENCIA
Zapopan
Jalisco
45037","101102202 BUILDING JINHUI ROAD
SHENZHEN BIOMEDICINE INN.IND.PARK PINGSHAN NEW DISTRICT SHENZHEN

518122",,,,CHINA,,,MANZANILLO MANZANILLO COLIMA.,9022149101,COLUMNA EN Y DEL CUERPO DE LA CAMA BEB BODY Y COLUMN,,2.0,PIECE,2033.55,20414.91,,,
2024-10-10,俄罗斯,中国,ИП ЛЕВАШОВ ДЕНИС АЛЕКСАНДРОВИЧ,ТОО ВЕТЛАЙН,"630005, НОВОСИБИРСКАЯ ОБЛ., Г. НОВОСИБИРСК, УЛ. НЕКРАСОВА, Д 39, КВ 319,",", , Г.АСТАНА, УЛ. МАНГИЛИK ЕЛ 51/6, ,..",,,"LIAONING DTKL TECHNOLOGY CO., LTD.",China,Russian Federation,,,9022140000,"АППАРАТУРА, ОСНОВАННАЯ НА ИСПОЛЬЗОВАНИИ РЕНТГЕНОВСКОГО ИЗЛУЧЕНИЯ, ПРЕДНАЗНАЧЕННАЯ ДЛЯ ВЕТЕРИНАРНОГО ИСПОЛЬЗОВАНИЯ: ВЕТЕРИНАРНЫЙ ПОРТАТИВНЫЙ РЕНТГЕНОВСКИЙ АППАРАТ, ИСТОЧНИК РАДИОАКТИВНОГО ИЗЛУЧЕНИЯ ОТСУТСТВУЕТ",,1.0,ШТ,15.0,2811.4,,,ОТСУТСТВУЕТ
2024-10-10,菲律宾,中国,BIOSITE MEDICAL INSTRUMENTS,DONGMUN CO LTD,"GRND. FLR. 555 MANGA ST. COR. LUISA ST JUNA SUBD MATINA CROSSING, TALOMO DIST. DAVAO CITY",,,,,CHINA,,,,90221400000,1 UNIT X-RAY SYSTEM (DM-5125 500MA 125KV 220V 1 PHASE,,1.0,PIECE,450.0,7625.1,61836671025,,
2024-10-10,哈萨克斯坦,中国,ТОО АЛАШKZ,SHENZHEN BROWINER TECH CO LTD, , ,,,"SHENZHEN BROWINER TECH CO., LTD",China,Kazakhstan,,,9022140000,"1. МОБИЛЬНАЯ РЕНТГЕНОВСКАЯ СИСТЕМА COMPAX С С-ДУГОЙ В ВАРИАНТАХ ИСПОЛНЕНИЯ: COMPAX 500C В КОМПЛЕКТЕ  С ПРИНАДЛЕЖНОСТЯМИ, :",,1.0,ШТ,538.0,30643.57,,,
2024-10-10,俄罗斯,中国,ООО ДЖИИ ХЭЛСКЕА,GE HEALTHCARE TRADE AND DEVELOPMENT LLC,"123112, РОССИЯ, Г. МОСКВА, ПРЕСНЕНСКАЯ НАБЕРЕЖНАЯ,","53188, WISCONSIN, WAUKESHA, 3000 N GRANDVIEW BLVD,",,,GE HUALUN MEDICAL SYSTEMS CO. LTD.,China,,,,9022140000,"АППАРАТУРА НА ОСНОВЕ РЕНТГЕНОВСКОГО ИЗЛУЧЕНИЯ ДЛЯ ИСПОЛЬЗОВАНИЯ В МЕДИЦИНЕ, ПРЕДНАЗНАЧЕНА ДЛЯ ДИАГНОСТИЧЕСКИХ ИССЛЕДОВАНИЙ, (НЕ СОДЕРЖИТ РАДИОАКТИВНЫХ ИЗОТОПОВ, РАДИОАКТИВНЫХ ВЕЩЕСТВ И РАДИОИЗОТОПНЫХ ИЗДЕЛИЙ),НЕ ЯВЛЯЕТСЯ РАДИОЭЛЕКТРОННЫМ СРЕДСТВОМ ИВ",,7.0,ШТ,2811.2,308037.23,,,GE
2024-10-10,菲律宾,中国,ELAN VITA DIAGNOSTIC SOLUTIONS,SHENZHEN ANGELL TECHNOLOGY CO LTD,"NO. 78 BAYANIHAN VILLAGE, QUIOT PARDO CEBU CITY, CEBU CITY",,,,,CHINA,,,,90221400000,"DIGITAL MEDICAL X-RAY RADIOGRAPHIC SYSTEM, ANGELL DIGITAL MEDICAL X-RAY RADIOGRAPHIC SYSTEM MODEL DP326B-3 - QTY. 2 UNITS - (ANGELL)",,2.0,PIECE,1140.0,89723.3,A33EX61429,,
2024-10-10,俄罗斯,中国,ООО ДЖИИ ХЭЛСКЕА,GE HEALTHCARE TRADE AND DEVELOPMENT LLC,"123112, РОССИЯ, Г. МОСКВА, ПРЕСНЕНСКАЯ НАБЕРЕЖНАЯ,","53188, WISCONSIN, WAUKESHA, 3000 N GRANDVIEW BLVD,",,,"GE HUALUN MEDICAL SYSTEMS CO., LTD.",China,,,,9022140000,"АППАРАТУРА НА ОСНОВЕ РЕНТГЕНОВСКОГО ИЗЛУЧЕНИЯ ДЛЯ ИСПОЛЬЗОВАНИЯ В МЕДИЦИНЕ, ПРЕДНАЗНАЧЕНА ДЛЯ ДИАГНОСТИЧЕСКИХ ИССЛЕДОВАНИЙ, (НЕ СОДЕРЖИТ РАДИОАКТИВНЫХ ИЗОТОПОВ, РАДИОАКТИВНЫХ ВЕЩЕСТВ И РАДИОИЗОТОПНЫХ ИЗДЕЛИЙ),НЕ ЯВЛЯЕТСЯ РАДИОЭЛЕКТРОННЫМ СРЕДСТВОМ ИВ",,1.0,ШТ,401.6,40361.54,,,GE
2024-10-10,菲律宾,中国,ELAN VITA DIAGNOSTIC SOLUTIONS,SHENZHEN ANGELL TECHNOLOGY CO LTD,"NO. 78 BAYANIHAN VILLAGE, QUIOT PARDO CEBU CITY, CEBU CITY",,,,,CHINA,,,,90221400000,"DIGITAL MEDICAL X-RAY RADIOGRAPHIC SYSTEM, ANGELL DIGITAL MAMMOGRAPHY X-RAY MACHINE, MODEL DM156A - QTY. 1 UNIT - (ANGELL)",,1.0,PIECE,850.0,70811.0,A33EX61429,,
2024-10-10,波兰,中国,DB CARGO EURASIA GMBH P P GE MEDICAL SYSTEMS SCS,SCHENKER CHINA LTD,ST. OF VIYEYSK 2 | 11,"11 & 12 FLOOR, CRYSTAL PLAZA BUILDING 7 NO. 6, LANE 100, PINGJIAQIAO ROAD",,,,,Poland (PL),,,902214,Mobile x-ray device C-arm,,1488.0,KG,1488.0,93447.7642,,,
2024-10-09,印度,中国,PHILIPS INDIA LIMITED,PHILIPS ELECTRONICS SINGAPORE PTE LTD,"7, JUSTICE CHANDRA MADHAB ROAD,  KOLKATA, ",,,,,CHINA,,Singapore,SAHAR AIR CARGO ACC (INBOM4),90221490,452230025812 SMART DRIVE (PARTS FOR IXR MACHINE),,1.0,NOS,0.0,1196.02,05878GQTNW7NS,,
2024-10-09,哈萨克斯坦,中国,MEDIKAL SERVICE KAZAKHSTAN LLP,DRGEM CORP THROUGH CHINA,"UL.ZHAROKOVA, DOM 139,OFIS 121", ,,,,,Kazakhstan (KZ),,,902214,"RENTGENOGRAFICHEKY SYSTEM DIAGNOSTIC, GENERAL PURPOSE, DIGITAL DIAMOND-5A;",,1127.0,KG,1127.0,46460.0,,,
2024-10-09,菲律宾,中国,BASEMED KARE INC,ELEKTA PTE LTD 238A THOMSON ROAD NO,"UNIT 303 1920 M ADRIATICO ST BRGY 702 ZONE 077 MALATE, MANILA CITY",,,,,CHINA,,,,90221400000,ONE SET BUNDLE LINAC INFINITY DETAILS AS PER SCOPE OF SUPPLY AS EXHIBIT A AS PER CONTRACT NO.HK2022121601 (2022-365823-DR) (Elekta Medical Linear Accelerator (EMLA) ) (ELEKTA PTE LTD),,1.0,PIECE,10342.07,1511000.0,EF24090016,,
2024-10-09,菲律宾,中国,PHILIPS PHILIPPINES INC,PHILIPS HEALTHCARE SUZHOU LTD,"10F SUNLIFE CENTRE 5TH AVE COR RIZAL DRIVE FORT BONIFACIO, TAGUIG CITY",,,,,CHINA,,,,90221400000,1 EA DURADIAGNOST F30 1.1 (PHILIPS),,1.0,PIECE,1151.0,21918.6,CPL0214332,,
2024-10-09,印度,中国,PHILIPS INDIA LIMITED,PHILIPS ELECTRONICS SINGAPORE PTE LTD,"7, JUSTICE CHANDRA MADHAB ROAD,  KOLKATA, ",,,,,CHINA,,Singapore,SAHAR AIR CARGO ACC (INBOM4),90221490,459800669934 JOYSTICKHEAD KIT (PARTS FOR IXR MACHINE),,1.0,NOS,0.0,103.54,05878GQTNW7NS,,
2024-10-09,菲律宾,中国,PHILIPS PHILIPPINES INC,PHILIPS HEALTHCARE SUZHOU LTD,"10F SUNLIFE CENTRE 5TH AVE COR RIZAL DRIVE FORT BONIFACIO, TAGUIG CITY",,,,,CHINA,,,,90221400000,1 EA DURADIAGNOST F30 1.1 (PHILIPS),,1.0,PIECE,1152.0,21918.6,CPL0214332,,
2024-10-09,印度,中国,INTERNATIONAL ONCOLOGY SERVICES PRIVATE LIMITED,ELEKTA SOLUTIONS AB,"206, CHAUDHARY COMPLEX-9,  V.S.BLOCK , SHAKARPUR ",,,,,CHINA,,Xingang,TUGHLAKABAD,90221490,ELEKTA SYNERGY W O XVI HIGH ENERGY DIGITAL LINEAR ACCELERATOR WITH ACCESSORIES(MEDICAL EQUIPMENT FOR CANCER TREATMENT),,1.0,SET,0.0,1395000.0,0H6F4VWIIUJBV,,
2024-10-09,哈萨克斯坦,中国,ТОО IMPEX GLOBAL,SHENZHEN SONTU MEDICAL IMAGING EQUIPMENT CO LTD, , ,,,"SHENZHEN SONTU MEDICAL IMAGING EQUIPMENT CO. LTD , КИТАЙ,",China,Kazakhstan,,,9022140000,"1. ЦИФРОВАЯ РЕНТГЕНОГРАФИЧЕСКАЯ СИСТЕМА SONTU100-RAD(D)-I, ЦИФРОВАЯ РЕНТГЕНОГРАФИЧЕСКАЯ СИСТЕМА SONTU100-RAD(D)-I",,1.0,ШТ,593.0,23494.55,,,SONTU
2024-10-08,秘鲁,中国,INTERNACIONAL VET PERÚ S A C,DHL EXPRESS PERÚ S A C,,,,,,CHINA,,Hong Kong,,9022140000,"GENERADOR DE RAYOS X, TOOTOO MEDITECH, CANIS 5C PARA USO VETERINARIO INCLUYE ACCESORIOS GENERADOR DE RAYOS X S/N: CA5201210H81324001 - CA5201210H81324002,,,,",,2.0,U,41.831,6131.871,,,
2024-10-08,斯里兰卡,中国,S Q MARKETING,NINGBO FUCHUN CO LTD,52 YASODARA MW DEHIWALA EREG COMP,"18/F, NO.151, YAOHANG STREET NINGBO CHINA",,,,CHINA,,,,90221400,"X-RAY FILM VIEWER,",,20.0,NIU,70.0,383.94,,,
2024-10-08,乌兹别克斯坦,中国,ООО SANO MED SERVIS,NANJING PERLOVE MEDICAL EQUIPMENT CO LTD,,,,,,0,,,,9022140000,"1. система рентгеновская высоко частотная мобильная, модель PLX112B с принадлежлежностями./Mobile high-frequency X-ray system, model PLX112B with accessories. - кол. 1 шт, вес: 335 кг 2. мест 1, 1 дерев.ящик. 3. CICU9545559 8. 000 9. 024 10. 2024/Комплект 11. 02 Общее кол. мест: 1 G31MARKA марка Nanjing Perlove YEAR10 год производ 2024 PARAM10 Характеристика товара Комплект",,1.0,Piece,335.0,29000.0,,,
2024-10-08,波兰,中国,SPEDYCJA POLSKA SPEDCONT SP Z O O DLYA GE MEDICAL SYSTEMS SCS,BEIJING GE HUALUN MEDICAL EQUIPMENTCO LTD,UL. TOMASZEWSKA 60 93-235,NO1 YONG CHANG NORTH ROAD BEIJING ECONOMIC&TECHNOLOGICAL DEVELOPMENT AREA,,,,,Poland (PL),,,902214,System of x-ray cameras | equipment for use of x-ray devices,,3280.1,KG,3280.1,116248.76,,,
2024-10-08,阿富汗,中国,FOOLAD NOORZAD TRADING,HUOERGUOSI RONGDA TRADING CO LTD,DISTRICT 15 HAVADZH OF THE HOOK,"HUOERGUOSI, YILI",,,,,Afghanistan (AF),,,902214,MEDICAL DEVICE,,7.0,KG,7.0,2.0,,,
2024-10-08,乌兹别克斯坦,中国,ЧИНАБАДСКИЙ УНИВЕРСАЛЬНЫЙ ОФИС БАНКОВСКИХ УСЛУГ AKБ HAMKORBANK,NANJING PERLOVE MEDICAL EQUIPMENT CO LTD,,,,,,0,,,,9022140000,"1. система рентгеновская высоко частотная мобильная, модель PLX112B с принадлежлежностями./Mobile high-frequency X-ray system, model PLX112B with accessories. - кол. 1 шт, вес: 335 кг 2. мест 1, 1 дерев.ящик. 3. CICU9545559 8. 000 9. 024 10. 2024/Комплект 11. 02 Общее кол. мест: 1 G31MARKA марка Nanjing Perlove YEAR10 год производ 2024 PARAM10 Характеристика товара Комплект",,1.0,Piece,335.0,29000.0,,,
2024-10-08,巴基斯坦,中国,CANCER CARE HOSPITAL&RESEARCH CENTRE FOUNDATION,VARIAN MEDICAL SYSTEMS INTERNATIONAL AG,"House No 280,, Block -M,, Model Town , Extension ,, Lahore"," HINTERBERGSTRASSE 14, 6312 STEINHAUSEN, SWITZERLAND.",,,,China (CN),,,KAPS,90221400,(MEDICAL EQUIPMENT) HALCYON SYSTEM ALONGWITH ACCESSORIES S/N: 2105 (PARTIAL SHIPMENT NO: 1),,1.0,u,5.716,1585000.0,NBJH24070087,,
2024-10-08,波兰,中国,SPEDYCJA POLSKA SPEDCONT SP Z O O DLYA GE MEDICAL SYSTEMS SCS,BEIJING GE HUALUN MEDICAL EQUIPMENTCO LTD,UL. TOMASZEWSKA 60 93-235,NO1 YONG CHANG NORTH ROAD BEIJING ECONOMIC&TECHNOLOGICAL DEVELOPMENT AREA,,,,,Poland (PL),,,902214,System of x-ray cameras | equipment for use of x-ray devices,,5326.0,KG,5326.0,181863.14,,,
2024-10-08,巴基斯坦,中国,CANCER CARE HOSPITAL AND RESEARCH CENTRE FOUNDATION,VARIAN MEDICAL SYSTEMS INTERNATIONAL AG,"House No 280,, Block -M,, Model Town , Extension ,, Lahore",,,,,China                         ,,,KAPS,90221400,(MEDICAL EQUIPMENT) HALCYON SYSTEM ALONGWITH ACCESSORIES S/N: 2105 (PARTIAL SHIPMENT NO: 1),,1.0,u,0.0,1585000.0,,,
2024-10-07,厄瓜多尔,中国,ORIMEC ORIENTAL MEDICAL DEL ECUADOR C A,,,,,,,ESTADOS UNIDOS,,-,,9022140000,EQUIPOS DE RAYOS X / MODELO BRIVO 785 NEW CONFING3-2016 SERIAL BB3SS2300228HL / ITEM S20002HW - 250550,,1.0,NUMERO DE UNIDADES,311.0,38418.75,,,GE
2024-10-07,印度,中国,PHILIPS INDIA LIMITED,PHILIPS ELECTRONICS SINGAPORE PTE L,"7, JUSTICE CHANDRA MADHAB ROAD,  KOLKATA, ",,,,,CHINA,,Singapore,HYDERABAD ACC (INHYD4),90221490,459800151715 GEO MODULE WP KIT (PARTS),,1.0,NOS,0.0,1258.12,XX202XKSADF6E,,
2024-10-07,越南,中国,CÔNG TY CỔ PHẦN THIẾT BỊ Y TẾ BÁCH VIỆT,SHENZHEN LIM2VET BIOLOGICAL TECHNOLOGY CO LTD,"456-458 Hai Ba Trung, Tan Dinh Ward, District 1, Ho Chi Minh City","RM 5C02, BLD 1,ZHONGCHENG, BIOMEDICAL INDUSTRIAL PARK, NO.21, LINHUI RD,PINGSHAN DISTRICT, SHENZHEN, GUANGDONG",,,,China,,SHENZHEN,CANG CAT LAI (HCM),90221400,"Máy X-quang dùng cho thú y. Model: SMART-20. HSX: Shenzhen Lim2Vet Biological Technology Co.,LTD. Hàng mới 100%. Bao gồm máy chính và phụ kiện.,Veterinary X-ray machine. Model: SMART-20. Manufacturer: Shenzhen Lim2Vet Biological Technology Co.,LTD. 100% new. Including main machine and accessories.",,6.0,Set,0.0,50000.04,290924AMS2409122,,
2024-10-07,印度,中国,PHILIPS INDIA LIMITED,PHILIPS ELECTRONICS SINGAPORE PTE L,"7 JUSTICE CHANDRA MADHAB ROAD,KOLK  ATA ",,,,,CHINA,,Singapore,HYDERABAD ACC (INHYD4),90221490,459800151734 IMAGING MODULE KIT WP (PARTS),,1.0,NOS,0.0,938.87,XX202XKSADF6E,,
2024-10-07,印度,中国,PHILIPS INDIA LIMITED,PHILIPS ELECTRONICS SINGAPORE PTE L,"7 JUSTICE CHANDRA MADHAB ROAD,KOLK  ATA ",,,,,CHINA,,Singapore,HYDERABAD ACC (INHYD4),90221490,459800202852 KIT JOYSTICKS GEO_IMAG_ELASTOMER (PARTS),,1.0,NOS,0.0,335.74,XX202XKSADF6E,,
2024-10-07,哈萨克斯坦,中国,ALASH KZ LTD LIABILITY COMPANY,SHENZHEN BROWINER TECH CO LTD,"Kazakhstan, Pavlodar Region, Pavlodar, LUNACHARSKOGO St., 44 | 2, sq. (office) office 13",BN,,,,,Kazakhstan (KZ),,,902214,Mobile x-ray system,,668.0,KG,668.0,30000.0,,,
2024-10-06,波兰,中国,DB CARGO EURASIA GMBH P P GE MEDICAL SYSTEMS SCS,SCHENKER CHINA LTD,ST. OF VIYEYSK 2 | 11,"11 & 12 FLOOR, CRYSTAL PLAZA BUILDING 7 NO. 6, LAND 100, PINGJIAQIAO ROAD",,,,,Poland (PL),,,902214,Mobile x-ray device of the S-arch,,2026.0,KG,2026.0,135197.87,,,
2024-10-05,俄罗斯,中国,ООО ДЖИИ ХЭЛСКЕА,GE HEALTHCARE C O BOVIS,"123112, ВН.ТЕР.Г. МУНИЦИПАЛЬНЫЙ ОКРУГ ПРЕСНЕНСКИЙ, Г.МОСКВА, ПРЕСНЕНСКАЯ НАБ., 1","95470, ZI DE LA GUEPELLE, SAINT-WITZ, BATIMENT B, ,...",,,GE HUALUN MEDICAL SYSTEMS CO. LTD.,China,Russian Federation,,,9022140000,"АППАРАТУРА НА ОСНОВЕ РЕНТГЕНОВСКОГО ИЗЛУЧЕНИЯ ДЛЯ ИСПОЛЬЗОВАНИЯ В МЕДИЦИНЕ, ПРЕДНАЗНАЧЕНА ДЛЯ ДИАГНОСТИЧЕСКИХ ИССЛЕДОВАНИЙ, (НЕ СОДЕРЖИТ РАДИОАКТИВНЫХ ИЗОТОПОВ, РАДИОАКТИВНЫХ ВЕЩЕСТВ И РАДИОИЗОТОПНЫХ ИЗДЕЛИЙ),НЕ ЯВЛЯЕТСЯ РАДИОЭЛЕКТРОННЫМ СРЕДСТВОМ ИВ",,1.0,ШТ,402.0,52940.44,,,GE
2024-10-05,哈萨克斯坦,中国,IMPEX GLOBAL LTD LIABILITY COMPANY,SHENZHEN SONTU MEDICAL IMAGING EQUIPMENT CO LTD,"RAYYMBEKA Avenue St., 212 | 17",BN,,,,,Kazakhstan (KZ),,,902214,Digital X-ray installation,,1003.0,KG,1003.0,23000.0,,,
2024-10-04,尼日利亚,中国,DHL INTERNATIONAL NIGERIA LIMITED,IRAY TECHNOLOGY COMPANY LIMITED,,,,,,China,,,MUHAMMED MURTALA INTERNATIONAL,9022140000,"Apparatus based on the use of X-rays or of alpha, betaused for medical, surgical .",,0.0,,9.0,8135.83,,,
2024-10-04,俄罗斯,中国,ООО ПАРИТЕТ,GE MEDICAL SYSTEMS BY UAB VICTORIA LUX KIRTIMU 47B VILNIUS LITHUANIA,"690012, ПРИМОРСКИЙ КРАЙ, Г.ВЛАДИВОСТОК, УЛ.БЕРЕЗОВ",,,,"GE HUALUN MEDICAL SYSTEMS CO., LTD.",China,,,,9022140000,"АППАРАТУРА НА ОСНОВЕ РЕНТГЕНОВСКОГО ИЗЛУЧЕНИЯ ДЛЯ МЕДИЦИНСКОГО ИСПОЛЬЗОВАНИЯ, НЕ СОДЕРЖИТ РАДИОАКТИВНЫХ ИСТОЧНИКОВ ИЗЛУЧЕНИЯ, ОКПД2 26.60.11.113:СИСТЕМА АНГИОГРАФИЧЕСКАЯ РЕНТГЕНОСКОПИЧЕСКАЯ OPTIMA IGS 330 С ПРИНАДЛЕЖНОСТЯМИ: СОСТАВ: ШТАТИВНАЯ ЧАСТЬ (",,1.0,ШТ,3723.0,394106.17,,,GE
2024-10-03,乌干达,中国,OFFICE OF THE PRIME MINISTERKAMPALA KAMPALA CENTRAL DIVI KAMPALA CENTRAL DIVISIONKAMPALASIR APOLLO KAGGWA ROAD TWIN TOWERS OFFICE OF THE PRESIDENT00 341 KAMPALA,GLOBE CORPORATION BVKELVINWEG 4 6101 WT,,,,,,POLAND,UGANDA,,,90221400000,X RAY FILM VIEWER,,2.0,Number,87.0,1087.9999,,,
2024-10-03,厄瓜多尔,中国,TRADEMEDIC CIA LTDA,NEUSOFT MEDICAL SYSTEMS CO LTD,,,,,,CHINA,,PEK-BEIJING CAPITAL INTERNATIONAL AIRPORT,,9022140000,TUBO DE RAYOS X,,3.0,NUMERO DE UNIDADES,611.1,215657.83,CEC2024M7020062,,NEUSOFT MEDICAL SYSTEMS CO LTD
2024-10-03,乌兹别克斯坦,中国,ООО INTERMED INNOVATION TRADE,SHENZHEN ANGELL TECHNOLOGY CO LTD,,,,,,0,,,,9022140000,"1.Digital Medical X-ray Radiographic System DTP580-B with accessories/Система рентгенографическая медицинская цифровая DTP580-B с принадлежностями в разобранном виде, новый, 2024 год выпуска, сер.№DX0252407012656, DX0252407012657, производитель Shenzhen Angell Technology Co LTD (Китай)  - кол. 2 шт, вес: 1600 кг 2. мест 10, 10 ящик 8. 000 9. 024 10. 2024/напряжение 220, частота 50/60Hz 11. 02 Общее кол. мест: 10 G31MARKA марка Angell YEAR10 год производ 2024 PARAM10 Характеристика товара напряжение 220, частота 50/60Hz",,2.0,Piece,1600.0,96000.0,,,
2024-10-03,巴拉圭,中国,DEZETA SA,,,,,,,CHINA,,,,90221419,(4) UNID. SISTEMAS DE RADIOGRAF¿A DIGITAL DE RAYOS X MODELO BEATLE-06P CON SUS ACCESORIOS.-,,4.0,,0.0,18000.0,,,
2024-10-03,巴拉圭,中国,INFOTEC SA,,,,,,,CHINA,,,,90221411,NEUCARE MAMMO DR HD SYSTEM,,4.0,,0.0,315200.0,,,
2024-10-03,巴拿马,中国,CEDI MEDICAL PANAMA S A,ENDOFLEX GMBH,,,,,,CHINA,,,DHL PANAMA - BODEGA,902214000000,PINZAS DE BIOPSIA,,92.0,PIECES,65.31,7668.43,,,
2024-10-03,哈萨克斯坦,中国,BAIKANG LLP,NANJING PERLOVE MEDICAL EQUIPMENT CO LTD,"ERGOZHINA 1, QUARTER 3",No. 97 WANGXI ROAD,,,,,Kazakhstan (KZ),,,902214,Medical diagnostic x-ray equipment Mobile digital system of the S-arch of HF,,2190.0,KG,2190.0,74700.0,,,
2024-10-02,秘鲁,中国,ALTA TECNOLOGIA MEDICA S A C,,,,,,,CHINA,,Shanghai,,9022140000,"SISTEMA DIGITAL DE RAYOS X VETERINA,DAWEI,RV-32B, PARA OBTENER RADIOGRAFIAS DIGITALES DE DISTINTAS PARTES DEL CUERPO EN ANIMALES METAL, ALUMINIO , POLIETILENO DE ALTA DENSIDAD , PARTES ELECTRICAS Y ELECTRONICAS INTERNAS SISTEMA DIGITAL ESTACIONARIO DE RAYO,,,,",,1.0,U,398.357,12331.208,,,
2024-10-02,厄瓜多尔,中国,SIEMENS HEALTHCARE CIA LTDA,SIEMENS SHANGHAI MEDICAL EQUIPMENT LTD,,,,,,CHINA,,CNSHA-,,9022140000,EQUIPO TIPO ARCO EN C,,1.0,NUMERO DE UNIDADES,395.0,59320.76,CEC2024WHLU5740,,SIEMENS
2024-10-02,墨西哥,中国,COMERCIALIZADORA KELLY SA DE CV,SHENZHEN SONTU MEDICAL IMAGING EQUIPMENT CO LTD,"CALLE PONIENTE 128 19 CALZADA VALLEJO Y NORTE 21-A
Iztapalapa
Ciudad de Mexico
07750","


",,,,CHINA,,,MANZANILLO MANZANILLO COLIMA.,9022149101,EQUIPO DE RADIOGRAFIA DE USO VETERINARIO CON ACCESORIOS PARA SU CORRECTO FUNCIONAMIENTO,,2.0,PIECE,1386.0,99787.02,,,
2024-10-02,秘鲁,中国,ALTA TECNOLOGIA MEDICA S A C,,,,,,,CHINA,,Shanghai,,9022140000,"SISTEMA DIGITAL DE RAYOS X VETERINA,DAWEI,RV-32D1, PARA OBTENER RADIOGRAFIAS DIGITALES DE DISTINTAS PARTES DEL CUERPO EN ANIMALES METAL, ALUMINIO , POLIETILENO DE ALTA DENSIDAD , PARTES ELECTRICAS Y ELECTRONICAS INTERNAS SISTEMA DIGITAL ESTACIONARIO DE RAY,,,,",,1.0,U,465.643,14414.042,,,
2024-10-02,尼日利亚,中国,TECHMEL & TECHMEL LIMITED,WINCOM MEDLAB CO LTD,,,,,,China,,,PORT HARCOURT(3) Onne,9022140000,"Apparatus based on the use of X-rays or of alpha, betaused for medical, surgical .",,0.0,,1000.0,2884.12,,,
2024-10-02,哥伦比亚,中国,MARQUETINGNET S A S,SHENZHEN SONTU MEDICAL IMAGING EQUIPMENT CO LTD,KM 3 5 VIA SIBERIA TERM DE CARGA TERREST MD 4 BDG 43,EDIF 1 PARQUE INDL N 14 C,,,,CHINA,,,,9022140000,"DO 24321094. DECLARACION(1-1). MERCANCIA NUEVA / NO APLICA CERTIFICADO DE CONFORMIDAD YA QUE ES DE USO EXCLUSIVO VETERINARIO /NO REQUIERE VISTO BUENO INVIMA PORQUE NO ES PARA DISPOSITIVOS MÃ‰DICOS DE USO HUMANO / NO REQUIERE REGISTRO O LICENCIA DE IMPORTACIÃ“N DE CONFORMIDAD CON EL DECRETO 925 DEL 2013. PRODUCTO: DETECTOR/DIGITALIZADOR INALAMBRICO. MARCA: SONTU MEDICAL IMAGING. MODELO: TUTOM50-4343WC. REFERENCIA: NO TIENE. SERIAL: WC117175302407300165 / WC117175302409060171 / WC117175302409060172 / WC117175302409060173 / WC117175302409060174 / WC117175302409060175. USO O DESTINO: VETERINARIO. TECNICA DE DIAGNOSTICO: RAYOS X. VETERINARY WIRELESS DIGITAL DETECTOR DETECTOR, CON SUS ACCESORIOS PARA SU NORMAL FUNCIO NAMIENTO E INSTALACION (CON BASE INALAMBRICA,MANUAL DE INSTRUCCION CON USB DE INFORMACION, CABLES DE CONEXION A PUERTOS, CABLES DE PARED, CONECTORES HEMBRE Y MACHO CANT (6) UNIDADES // PRODUCTO: EQUIPO DIGITAL DE IMAGEN ULTRASONIDO VETERINARIO. MARCA: SONTU MEDICAL IMAGING. MODE",,12.0,NUMERO DE ARTICULOS,278.1,60209.54,,,
2024-10-01,波兰,中国,SPEDYCJA POLSKA SPEDCONT SP Z O O DLYA GE MEDICAL SYSTEMS SCS,BEIJING GE HUALUN MEDICAL EQUIPMENTCO LTD,UL.TOMASZEWSKA 60,NO1 YONG CHANG NORTH ROAD BEIJING ECONOMIC&TECHNOLOGICAL DEVELOPMENT AREA,,,,,Poland (PL),,,902214,System of x-ray cameras | equipment for use of x-ray devices Mobile x-ray device C-arm,,3568.5,KG,3568.5,169121.48,,,
2024-10-01,印度,中国,TRIVITRON HEALTHCARE PRIVATE LIMITED,SUZHOU POWERSITE ELECTRIC CO LTD,"NO.15,4TH STREET,  ABHIRAMAPURAM, ",,,,,CHINA,,SHANGHAI - PU DONG,SAHAR AIR CARGO ACC (INBOM4),90221410,PSG-HR50E MEDICAL X-RAY HIGH FREQUENCY HIGH VOLTAGE GENERATOR ASSEMBLY WITH TOUCH SCREEN CONSOLE CS-09 USB TO RS232 TO,,5.0,NOS,0.0,11000.0,0GC9EFGX0OZ4C,,
2024-10-01,美国,中国,CARDINAL HEALTH 200 LLC,CAREMAX REHABILIATION EQUIPMENT CO,RIVERSIDE 6275 LANCE DRIVE RIVERSIDE CA UNITED STATES 92507 ,SHUGANG RD PINGNAN INDUSTRIAL AREA NANHAI FOSHAN APT CHINA 510000 ,CARDINAL HEALTH 200 LLC,RIVERSIDE 6275 LANCE DRIVE RIVERSIDE CA UNITED STATES 92507 ,,"CN, CHINA",,"SHENZHEN,YANTIAN","NEW YORK,NY",902214,COMMODE BUCKET 7QT WITH LID FOR MEDICAL USE,AS ADDRESSED,538.0,CTN,2707.0,0.0,KFUNTCS8YO89013,OOLU1768325,
2024-10-01,波兰,中国,DB CARGO EURASIA GMBH P P STEREOTAXIS INC,NEUSOFT MEDICAL SYSTEMS CO LTD,ST. OF VIYEYSK 2 | 11,"CHUANGXIN ROAD 177-1, HUNNAN NEW DISTRICT",,,,,Poland (PL),,,902214,Medical angiographic x-ray device,,4553.0,KG,4553.0,235700.0,,,
2024-10-01,波兰,中国,SPEDYCJA POLSKA SPEDCONT SP Z O O DLYA GE MEDICAL SYSTEMS SCS,BEIJING GE HUALUN MEDICAL EQUIPMENTCO LTD,UL.TOMASZEWSKA 60,NO1 YONG CHANG NORTH ROAD BEIJING ECONOMIC&TECHNOLOGICAL DEVELOPMENT AREA,,,,,Poland (PL),,,902214,System of x-ray cameras | equipment for use of x-ray devices Equipment for use of x-ray devices,,5268.5,KG,5268.5,168286.83,,,
2024-10-01,波兰,中国,SPEDYCJA POLSKA SPEDCONT SP Z O O DLYA GE HEALTHCARE MAGYARORSZÁG KFT,BEIJING GE HUALUN MEDICAL EQUIPMENTCO LTD,UL.TOMASZEWSKA 60,NO1 YONG CHANG NORTH ROAD BEIJING ECONOMIC&TECHNOLOGICAL DEVELOPMENT AREA,,,,,Poland (PL),,,902214,System of x-ray cameras | equipment for use of x-ray devices,,1118.6,KG,1118.6,34567.77,,,
2024-09-30,乌干达,中国,OFFICE OF THE PRIME MINISTERKAMPALA KAMPALA CENTRAL DIVI KAMPALA CENTRAL DIVISIONKAMPALASIR APOLLO KAGGWA ROAD TWIN TOWERS OFFICE OF THE PRESIDENT00 341 KAMPALA,HEADWIN LOGISTICS CO LTD,,,,,,CHINA,UGANDA,,,90221400000,X RAY LEAD SHIELD,,0.9999,Number,15.9999,240.0,,,
2024-09-30,巴基斯坦,中国,SINDH INSTITUTE OF UROLOGY&TRANSPLANTATION,ATLAS GLOBAL FZE,"SIUT, DEWAN FAROOQ MEDICAL COMPLEX,, NEAR CIVIL HOSITAL, SADDAR, Karachi South Saddar Town"," OFFICE 708A JAFZA BUILDING NO.18 SHEIKH ZAYED ROAD, DUBAI UNITED ARAB EMIRATES",,,,China (CN),,,KAPW,90221400,"GE'S C-ARM INCLUDING COMPLETE ACCESORIES, PENRA NOC NO.RNSD-III/Im.RG-346/24, DT: 25.09.2024, RNSD-III/Im.RG-347/24, DT: 25.09.2024, QTY: 2 SETS",,2.0,u,1.015,100000.0,DXB78706857,,
2024-09-30,波兰,中国,DB CARGO EURASIA GMBH P P GE MEDICAL SYSTEMS SCS,SCHENKER CHINA LTD,ST. OF VIYEYSK 2 | 11,"11 & 12 FLOOR, CRYSTAL PLAZA BUILDING 7 NO. 6, LAND 100, PINGJIAQIAO ROAD",,,,,Poland (PL),,,902214,Mobile x-ray device of the S-arch,,1509.0,KG,1509.0,148590.532,,,
2024-09-30,印度,中国,PHILIPS INDIA LIMITED,PHILIPS ELECTRONICS SINGAPORE PTE L,"7, JUSTICE CHANDRA MADHAB ROAD,  KOLKATA, ",,,,,CHINA,,Singapore,HYDERABAD ACC (INHYD4),90221490,459800658851 - BOARD MAIN CONTROLLER R1 ROHS (PARTS),,1.0,NOS,0.0,430.82,AR0VUSKCTFCKP,,
2024-09-30,哈萨克斯坦,中国,ADM HOLDING LLP,CHENGDU BELICOM MEDICAL INSTRUMENT CO LTD,"Mikrorayon KUNShYGYS St., 95, sq. (office) 50"," NO. 44-46, SECTION 1, RONGBEI ROAD",,,,,Kazakhstan (KZ),,,902214,portable digital radiographic system,,160.0,KG,160.0,17263.8083,,,
2024-09-30,孟加拉国,中国,CHILD HEALTH AWARENESS FOUNDATION,KIDS OPERATING ROOM UNITED KINGDOM,(CHAF),,,,,CN,,,,90221400,SHENZHEN NEWLIGHT IND-A3 LIGHTBOX/X-RAY VIEWER (4040),,1.0,,1.2,13.2178,,,
2024-09-30,巴基斯坦,中国,SINDH INSTITUTE OF UROLOGY & TRANSPLANTATION,ATLAS GLOBAL FZE,"SIUT, DEWAN FAROOQ MEDICAL COMPLEX,, NEAR CIVIL HOSITAL, SADDAR, Karachi South Saddar Town",,,,,China,,,KAPW,90221400,"GE'S C-ARM INCLUDING COMPLETE ACCESORIES, PENRA NOC NO.RNSD-III/Im.RG-346/24, DT: 25.09.2024, RNSD-III/Im.RG-347/24, DT: 25.09.2024, QTY: 2 SETS",,2.0,u,0.0,100000.0,,,
2024-09-30,秘鲁,中国,MEDICA INNOVADORA S A C,SHENZHEN LANMAGE MEDICAL TECHNOLO,,,,,,CHINA,,Huangpu,,9022140000,"SISTEMA DE RADIOGRAFIA DIGITAL,LANMAGE,6600, DIGITAL X-RAY RADIOGRAPHY SYSTEM / SISTEMAS RADIOGRAFICOS, DIGITALES DISPOSITIVO MEDICO DE LA CLASE III (DE ALTO RIESGO)SN:FM1324800179 FIXED DIGITAL RADIOGRAPHY SYSTEM MODELO 6600 CLASSIC, INCLUYE ACCESORIOS RE,,,,",,1.0,U,820.0,21277.5,,,
2024-09-30,哈萨克斯坦,中国,ТОВАРИЩЕСТВО С ОГРАНИЧЕННОЙ ОТВЕТСТВЕННОСТЬЮ АКТЮБИНСКАЯ ЖЕЛЕЗНОДОРОЖНАЯ БОЛЬНИЦА,HEALICOM MEDICAL EQUIPMENT CO LTD, , ,,,"SHENZHEN ANGELL TECHNOLOGY CO.,LTD.",China,Kazakhstan,,,9022140000,"1. ЦИФРОВАЯ РЕНТГЕНОГРАФИЧЕСКАЯ СИСТЕМА, ПРЕДНАЗНАЧЕН ДЛЯ МЕДИЦИНСКИХ ЦЕЛЕЙ, ЦИФРОВАЯ РЕНТГЕНОГРАФИЧЕСКАЯ СИСТЕМА, ПРЕДНАЗНАЧЕН ДЛЯ МЕДИЦИНСКИХ ЦЕЛЕЙ",,1.0,ШТ,742.0,16078.0,,,ОТСУТСТВУЕТ
2024-09-30,乌干达,中国,OFFICE OF THE PRIME MINISTERKAMPALA KAMPALA CENTRAL DIVI KAMPALA CENTRAL DIVISIONKAMPALASIR APOLLO KAGGWA ROAD TWIN TOWERS OFFICE OF THE PRESIDENT00 341 KAMPALA,HEADWIN LOGISTICS CO LTD,,,,,,CHINA,UGANDA,,,90221400000,XRAY PROTERCTIVE LEAD APPRON,,0.9999,Number,14.0001,340.0002,,,
2024-09-30,孟加拉国,中国,CHILD HEALTH AWARENESS FOUNDATION,KIDS OPERATING ROOM UNITED KINGDOM,(CHAF),,,,,China,,,,90221400,SHENZHEN NEWLIGHT IND-A3 LIGHTBOX/X-RAY VIEWER (4040),,1.0,NMB,1.2,13.2178,,,
2024-09-30,乌干达,中国,OFFICE OF THE PRIME MINISTERKAMPALA KAMPALA CENTRAL DIVI KAMPALA CENTRAL DIVISIONKAMPALASIR APOLLO KAGGWA ROAD TWIN TOWERS OFFICE OF THE PRESIDENT00 341 KAMPALA,HEADWIN LOGISTICS CO LTD,,,,,,CHINA,UGANDA,,,90221400000,X RAY GONALD SHIELD,,0.9999,Number,5.0001,140.0001,,,
2024-09-30,乌干达,中国,OFFICE OF THE PRIME MINISTERKAMPALA KAMPALA CENTRAL DIVI KAMPALA CENTRAL DIVISIONKAMPALASIR APOLLO KAGGWA ROAD TWIN TOWERS OFFICE OF THE PRESIDENT00 341 KAMPALA,HEADWIN LOGISTICS CO LTD,,,,,,CHINA,UGANDA,,,90221400000,XRAY MACHINE WITH CR SYSTEM,,3.9999,Number,1017.0,68944.0002,,,
2024-09-28,秘鲁,中国,ADMINISTRADORA DE NEGOCIOS PERUANA S R L,,,,,,,CHINA,,Guangzhou,,9022140000,"Monitor Portátil ¿ Rayos X, Egretmed, MSLAB1384 SN: 08552306001 Monitor de Rayos X - para toma de imágenes radiográficas de uso veterinario. VETERINARY PORTABLE X-RAY PAGO AL CREDITO A 90 DIAS DESDE LA FECHA DE LLEGADA,,,,",,1.0,U,11.459,1084.607,,,
2024-09-28,印度,中国,PHILIPS INDIA LIMITED,PHILIPS ELECTRONICS SINGAPORE PTE LTD,"7, JUSTICE CHANDRA MADHAB ROAD,  KOLKATA, ",,,,,CHINA,,Singapore,SAHAR AIR CARGO ACC (INBOM4),90221490,452209022792 SINGLE LINK DVI EXT REC STR 1PC ES: XX (PARTS FOR IXR MACHINE),,1.0,NOS,0.0,134.11,BPT16I03NM20P,,
2024-09-28,秘鲁,中国,ADMINISTRADORA DE NEGOCIOS PERUANA S R L,,,,,,,CHINA,,Guangzhou,,9022140000,"Monitor Portátil ¿ Rayos X, Egretmed, MSLAB1384 SN: 08552306010 Monitor de Rayos X - para toma de imágenes radiográficas de uso veterinario. VETERINARY PORTABLE X-RAY,,,,",,1.0,U,11.459,1084.607,,,
2024-09-28,巴基斯坦,中国,AL SAYED AFGHAN LTD,SHENZHEN MINDRAY BIO MEDICAL,"OFFICE # 228, ANSARI SQUARE, SHAHR E NAW KABUL, AFGHANISTAN"," ELECTRONICS CO.LTD
 MINDRAY BUILDING,KEJI 12TH
 ROAD SOUTH,HI-TECH INDUSTRIAL
 PARK,NANSHAN,SHENZHEN CHINA.",,,,China (CN),,,ITTK,90221400,X-RAY MACHINE  (CONTAINER IS SHIPPING COMPANY PROPERTY AND ITS RETURN BACK DESTUFF AFTER AT AFGHANISTAN),,10.0,u,18.895,5000.0,OOLU2746958340,,
2024-09-28,埃塞俄比亚,中国,GILANDO BIOMEDICAL SOLUTION PLC,,,,,,,China,,,,90221400,"-- Other, for medical, surgical or veterinary uses",,4.0,UNT,2856.0,81572.46,,,
2024-09-28,巴基斯坦,中国,AL SAYED AFGHAN LTD,SHENZHEN MINDRAY BIO MEDICAL,"OFFICE # 228, ANSARI SQUARE, SHAHR E NAW KABUL, AFGHANISTAN",,,,,China                         ,,,ITTK,90221400,X-RAY MACHINE  (CONTAINER IS SHIPPING COMPANY PROPERTY AND ITS RETURN BACK DESTUFF AFTER AT AFGHANISTAN),,10.0,u,0.0,5000.0,,,
2024-09-28,阿富汗,中国,AL SAYED AFGHAN LTD,SHENZHEN MINDRAY BIO MEDICAL,"OFFICE # 228, ANSARI SQUARE, SHAHR E NAW KABUL, AFGHANISTAN","ELECTRONICS CO.LTD
 MINDRAY BUILDING,KEJI 12TH
 ROAD SOUTH,HI-TECH INDUSTRIAL
 PARK,NANSHAN,SHENZHEN CHINA.",,,,China                         ,,,,90221400,X-RAY MACHINE  (CONTAINER IS SHIPPING COMPANY PROPERTY AND ITS RETURN BACK DESTUFF AFTER AT AFGHANISTAN),,10.0,u,0.0,12235.9687,0,,
2024-09-27,波兰,中国,DB CARGO EURASIA GMBH P P GE MEDICAL SYSTEMS SCS,SCHENKER CHINA LTD,ST. OF VIYEYSK 2 | 11,"11 & 12 FLOOR, CRYSTAL PLAZA BUILDING 7 NO. 6, LANE 100, PINGJIAQIAO ROAD",,,,,Poland (PL),,,902214,Mobile x-ray device of the S-arch,,297.0,KG,297.0,28948.6724,,,
2024-09-27,印度,中国,PHILIPS INDIA LIMITED,SPELLMAN HIGH VOLTAGE ELECTRONICS SUZHOU INDUSTRI,"7, JUSTICE CHANDRA MADHAB ROAD,  KOLKATA, ",,,,,CHINA,,SHANGHAI - PU DONG,SAHAR AIR CARGO ACC (INBOM4),90221410,"459801732292,HF GENERATOR MMB 409085-001 (FOR C-ARM IMAGE INTENSIFIER SYSTEM)",,10.0,NOS,0.0,20730.0,VBVR9HQDG1TJD,,
2024-09-27,乌干达,中国,PRESTIGE MEDICAL SOLUTIONS LIMITED,BYAKATONDA MICHEAL,,,,,,UNITED ARAB EMIRATES,UGANDA,,,90221400000,PORTABLE X RAY UNIT,,2.0,Number,4.0,423.9999,,,
2024-09-27,乌干达,中国,PRESTIGE MEDICAL SOLUTIONS LIMITED,BYAKATONDA MICHEAL,,,,,,UNITED ARAB EMIRATES,UGANDA,,,90221400000,X RAY SENSOR,,2.0,Number,2.0,201.9999,,,
2024-09-27,波兰,中国,DB CARGO EURASIA GMBH P P GE HEALTHCARE GMBH,SCHENKER CHINA LTD,ST. OF VIYEYSK 2 | 11,"11 & 12 FLOOR, CRYSTAL PLAZA BUILDING 7 NO. 6, LANE 100, PINGJIAQIAO ROAD",,,,,Poland (PL),,,902214,The mobile x-ray medical equipment with the S-arch,,794.0,KG,794.0,53678.4765,,,
2024-09-26,乌兹别克斯坦,中国,ООО PROTEK MED,SHENZHEN BROWINER TECH CO LTD,,,,,,0,,,,9022140000,"1. Аппарат высококачественный мобильный рентгеновский типа С-Дуга модель CompaX 500C серия BRW135202407002 кол-во 1 шт разборным виде с комплектующими частями для дальнейшей сборки, для медицинского учреждения рентгенографическая система мобильная. Рентгеновская машина цифровая новая 2024 года согласно бирке и сертификата производителя  (комплект) для -Вес 553 кг.  Кол. 1 шт ; собственных нужд медицинском исследований.  аппаратура, основанная на использовании рентгеновского, альфа-, бета- и гам G31MARKA марка Browiner YEAR10 год производ 2024 PARAM10 Характеристика товара Аппарат высококачественный мобильный рентгеновский CompaX 500C",,1.0,Piece,553.0,30000.0,,,
2024-09-26,美国,中国,GE SISTEMAS MEDICOS DE MEXICO,GE HUALUN MEDICAL SYSTEMS CO LTD,FORWARDING 13109 SPIVEY DRIVE , NO 9 WAN YUAN STREET BJ ECON & TECH DEVELOPMENT AREA ,GE SISTEMAS MEDICOS DE MEXICO FORWARDING,13109 SPIVEY DRIVE,,"CN, CHINA",,Pusan,Savannah,902214,XR6000 GEN4 50KW STANDARD MAIN SYSTEM HS: 9022140090,PO# 1852051.1/ 1852050.1/ 1852124.1 DELIVERY NUM 966824183/966824181/966824185,9.0,PKG,2643.0,0.0,DMALBJSA17313,MEDU8620886,
2024-09-26,巴拿马,中国,CAJA DE SEGURO SOCIAL,ELECTRONICA MEDICA,,,,,,CHINA,,,COLON FREE ZONE,902214000000,COLUMNAS CIELITICAS DE ANGIOGRAFO Y TODOS SUS COMPONENTES PARA SALA HIBRIDA,,1.0,PIECES,1384.0,182517.88,,,
2024-09-26,墨西哥,中国,XRG ESPECIALIDADES MEDICAS SA DE CV,TOOTOO MEDITECH CO LTD,"SANTA MARGARITA 425 CALLE SANTA ROSALIA Y CALLE CALIFORNIA
Coyoacan
Ciudad de Mexico
03100","ROOM 2401 BUILDING
INTELLIGENT HOMELAND PHASE II BAOHE AVENUE BAOLONG COMMUNITY LONGGANG DISTRICT S

518116",,,,CHINA,,,AEROPUERTO INTERNACIONAL FELIPE ANGELES SANTA LUCIA ZUMPANGO ESTADO DE MEXICO,9022149101,EQUIPOS DE RAYOS X DE USO VETERINARIO,,3.0,PIECE,965.0,35960.0,,,
2024-09-26,乌兹别克斯坦,中国,ООО PROTEK MED,SHENZHEN BROWINER TECH CO LTD,,,,,,0,,,,9022140000,"1. Портативная рентгенографическая система модел Beatle-05P серия BRW012202407001-02-03.  кол-во  3 шт. 9 места. разоборным виде с комплектующими частями для далнейшей сборки , для медицинского узчреждения рентгенографическая система мобильная -Вес 216 кг.  Кол. 3 шт ; портативная рентгеновская машина цифровая новая 2024 года согластно бирке и сертификата производителя   для медицинских учриждений детских клиник  для собственых нужд произведено  Shenzhen Browiner Tech Co.,Ltd Китай - 2. Всего G31MARKA марка Browiner YEAR10 год производ 2024 PARAM10 Характеристика товара Портативная рентгенографическая система модел Beatle-05P",,3.0,Piece,216.0,45000.0,,,
2024-09-26,智利,中国,,,,,,,,CHINA,,other ports of china,San Antonio,90221411,APARATOS DE RAYOS X PARA RADIOTERAPIA,,1.0,UNIDADES,1104.0,38613.09,EYHKGEF0419400(H)SZSNT24039167,,
2024-09-26,厄瓜多尔,中国,DREI SOLUCIONES EQUIPOS E IMAGENESMEDICAS CIA LTDA,,,,,,,CHINA,,-,,9022140000,TOMOGRAFO,,1.0,NUMERO DE UNIDADES,5010.0,93976.0,,,SINOVISION
2024-09-26,乌兹别克斯坦,中国,ООО PROTEK MED,SHENZHEN BROWINER TECH CO LTD,,,,,,0,,,,9022140000,"1. Аппарат высококачественный мобильный рентгеновский типа С-Дуга модель CompaX 500C серия BRW135202407002 кол-во 1 шт разборным виде с комплектующими частями для дальнейшей сборки, для медицинского учреждения рентгенографическая система мобильная. Рентгеновская машина цифровая новая 2024 года согласно бирке и сертификата производителя  (комплект) для -Вес 553 кг.  Кол. 1 шт ; собственных нужд медицинском исследований.  аппаратура, основанная на использовании рентгеновского, альфа-, бета- и гам G31MARKA марка Browiner YEAR10 год производ 2024 PARAM10 Характеристика товара Аппарат высококачественный мобильный рентгеновский CompaX 500C",,1.0,Piece,553.0,30000.0,,,
2024-09-26,乌兹别克斯坦,中国,ООО PROTEK MED,SHENZHEN BROWINER TECH CO LTD,,,,,,0,,,,9022140000,"1. Портативная рентгенографическая система модел Beatle-05P серия BRW012202407001-02-03.  кол-во  3 шт. 9 места. разоборным виде с комплектующими частями для далнейшей сборки , для медицинского узчреждения рентгенографическая система мобильная -Вес 216 кг.  Кол. 3 шт ; портативная рентгеновская машина цифровая новая 2024 года согластно бирке и сертификата производителя   для медицинских учриждений детских клиник  для собственых нужд произведено  Shenzhen Browiner Tech Co.,Ltd Китай - 2. Всего G31MARKA марка Browiner YEAR10 год производ 2024 PARAM10 Характеристика товара Портативная рентгенографическая система модел Beatle-05P",,3.0,Piece,216.0,45000.0,,,
2024-09-26,厄瓜多尔,中国,ORIMEC ORIENTAL MEDICAL DEL ECUADOR C A,,,,,,,ESTADOS UNIDOS,,-,,9022140000,EQUIPOS DE RAYOS X,,1.0,NUMERO DE UNIDADES,504.0,57788.963,,,GE HEALTHCARE
2024-09-25,巴基斯坦,中国,HUB & SPOKE MODEL AT ZAHIR PIR,RAYCO SHANGHAI MEDICAL,"Kot Mithan Road,, Zahir Pir,, District Rahim Yar Khan, Rahim Yar Khan Khanpur",,,,,China                         ,,,KAPW,90221400,DIGITAL RADIOGRAPHY SYSTEM WITH FLAT PANELS DETECTOR MODEL DRX COMPASS WITH FOCUS 43C AND ACCESSORIES  QTY IN 01 UNIT 33 PCS. NET WEIGHT 1430 KGS APPROX  ORIGIN: CHINA,,1.0,u,0.0,108642.0,,,
2024-09-25,阿富汗,中国,AYAN MEHRAN TRADING,HUOERGUOSI RONGDA TRADING CO LTD,JALAL-ABAD CENTER,"YILI,XINJIANG",,,,,Afghanistan (AF),,,902214,medical device,,6.0,KG,6.0,2.0,,,
2024-09-25,巴基斯坦,中国,PILOT PROGRAM FOR HUB&SPOKE MODEL AT ZAHIR PIR RAHIM YAR KHAN,RAYCO SHANGHAI MEDICAL,"Kot Mithan Road,, Zahir Pir,, District Rahim Yar Khan, Rahim Yar Khan Khanpur"," PRODUCTS COMPANY LIMITED.
 BULIDING 52-7, NO.1510 CHUANQIAO ROAD,
 CHINA (SHANGHAI) PILOT FREE TRADE ZONE
 PUDONG, SHANGHAI, 201206 PRC",,,,China (CN),,,KAPW,90221400,DIGITAL RADIOGRAPHY SYSTEM WITH FLAT PANELS DETECTOR MODEL DRX COMPASS WITH FOCUS 43C AND ACCESSORIES  QTY IN 01 UNIT 33 PCS. NET WEIGHT 1430 KGS APPROX  ORIGIN: CHINA,,1.0,u,1.434,108642.0,OOLU4122351100,,
2024-09-25,菲律宾,中国,CGD MEDICAL DEPOT INC,TSG MEDICAL SUPPLY LIMITED,"1612 BAMBANG ST. BRGY 321 ZONE 32 STA. CRUZ, MANILA",,,,,CHINA,,,,90221400000,1 PC MEDX BRAND PLX-180D STATIONARY X-RAY SYSTEM,,1.0,PIECE,680.0,1127.0,278814054,,
2024-09-24,越南,中国,CÔNG TY TNHH SUPERWELL TECHNOLOGY VIỆT NAM,LIUYANG VOLITION MEDICAL EQUIPMENT CO LTD,"T16, Nam Cuong Building, Duong Noi Urban Area, Km4 To Huu Street, La Khe Ward, Ha Dong District, Hanoi City, Vietnam","76 JIANSHOU AVE, ECONOMIC AND, TECHNOLOGICAL DEVELOPMENT ZONE, LIUYANG, HUNAN, CHINA, CN",,,,China,,PINGXIANG,CUA KHAU HUU NGHI (LANG SON),90221400,"Hệ thống X-quang chẩn đoán và phụ kiện đi kèm ,dùng trong y tế, Mã: Picke 1800 DR/400, Hãng sx: Liu Yang Volition Medical Equipment Co.,Ltd,Mới 100%,Diagnostic X-ray system and accessories, used in medicine, Code: Picke 1800 DR/400, Manufacturer: Liu Yang Volition Medical Equipment Co., Ltd, 100% new",,2.0,Set,0.0,25000.0,BV20240929,,
2024-09-24,土耳其,中国,GE MEDİCAL SYSTEMS TÜRKİYE LİMİTED ŞİRKETİ,GE HEALTHCARE TRADE AND DEVELOPMENT LLC,,,,,,ÇİN HALK CUMHURİYETİ,,,MURATBEY GÜMRÜK MÜDÜRLÜĞÜ,902214000000,X RAY CİHAZI AKSESUARLARI İLE BİRLİKTE(PARÇA KODU:S2402BS),,2778.0,KİLOGRAM,2222.4,110899.99,24341300IM00203071,,
2024-09-24,秘鲁,中国,EQUIPOS MEDICOS Y FARMACOS S A C,,,,,,,CHINA,,MIAMI,,9022140000,"DIGITAL FLAT PLANE DETECTOR,ANGELL,CELV-1717, IMAGE SIZE 43×43CM(17×17 INCH) ADAPTER OUTPUT DC 24V,60W; DETECTOR TECHNOLOGY A-SI SCINTILLATOR CSI EXTRA BATTERY; CHARGING CASE,,,,",,1.0,U,11.5,7000.0,,,
2024-09-24,布隆迪,中国,TZAZA HYDROPOWER LIMITED,GANGI KAVENYA,,,,,,China,,,,90221400,MEDICAL EQUIPMENT,,1.0,NMB,102.8,16017.3434,,,
2024-09-23,菲律宾,中国,FERNANDO MEDICAL ENTERPRISES INC,BEBIG MEDICAL GROUP SHANGHAI CO,"INC 2F MHI BLDG 2-A NEW YORK ST CUBAO, QUEZON CITY",,,,,CHINA,,,,90221400000,1 SET MEDICAL LINEAR ACCELERATOR SYSTEM | SERIAL NO. A467 | BEBIG MEDICAL GMBH | SHINVA MEDICAL INSTRUMENT,,1.0,PIECE,11350.0,1103245.0,SITTAGMS370075,,
2024-09-23,印度,中国,PHILIPS INDIA LIMITED,PHILIPS ELECTRONICS SINGAPORE PTE LTD,"7, JUSTICE CHANDRA MADHAB ROAD,  KOLKATA, ",,,,,CHINA,,Singapore,SAHAR AIR CARGO ACC (INBOM4),90221490,459800669934 JOYSTICKHEAD KIT (PART FOR IXR MACHINE),,1.0,NOS,0.0,103.54,21ZSOBBTTDDHB,,
2024-09-23,乌兹别克斯坦,中国,ООО GLOBALMED,HNV INTERNATIONAL COMPANY LIMITED,,,,,,0,,,,9022140000,"1. Новое Медицинское Оборудование: год выпуска 2024г. Система рентгеновская хирургическая мобильная С-дугой модель Garion с принадлежностями. Производитель: ""SG Healthcare Co., Ltd"" Корея. - кол. 1 шт, вес: 434 кг 2. мест 2, 2 дерев.ящик. 8. 000 9. 024 10. 2024/Система рентгеновская хирургическая мобильная 11. 02 Общее кол. мест: 2 G31MARKA марка SG Healthcare YEAR10 год производ 2024 PARAM10 Характеристика товара Система рентгеновская хирургическая мобильная",,1.0,Piece,434.0,47000.0,,,
2024-09-22,波兰,中国,DB CARGO EURASIA GMBH P P GE MEDICAL SYSTEMS SCS,BEIJING GE HUALUN MEDICAL EQUIPMENT CO LTD,ST. OF VIYEYSK 2 | 11,No. 1 NORTH YONG CHANG STREET BEIJING ECONOMIC & TECHNOLOGICAL DEVELOPMENT AREA,,,,,Poland (PL),,,902214,System of the x-ray camera | equipment for use of the x-ray device Mobile x-ray device of the S-arch,,3691.0,KG,3691.0,136630.7501,,,
2024-09-21,越南,中国,CÔNG TY TNHH SUPERWELL TECHNOLOGY VIỆT NAM,LIUYANG VOLITION MEDICAL EQUIPMENT CO LTD,"T16, Nam Cuong Building, Duong Noi Urban Area, Km4 To Huu Street, La Khe Ward, Ha Dong District, Hanoi City, Vietnam","76 JIANSHOU AVE, ECONOMIC AND, TECHNOLOGICAL DEVELOPMENT ZONE, LIUYANG, HUNAN, CHINA, CN",,,,China,,PINGXIANG,CUA KHAU HUU NGHI (LANG SON),90221400,"Hệ thống X-quang chẩn đoán và phụ kiện đi kèm, Mã: Picke 1800 DR/500, Hãng sx: Liu Yang Volition Medical Equipment Co.,Ltd,Mới 100%,Diagnostic X-ray system and accessories, Code: Picke 1800 DR/500, Manufacturer: Liu Yang Volition Medical Equipment Co.,Ltd, 100% New",,2.0,Set,0.0,17000.0,BV20240918,,
2024-09-21,俄罗斯,中国,ООО НОЭЛСИ,TURKTRANZ NAKLIYAT ACENTELIK TIC LTD STI,"109202, , МОСКВА, УЛ. 1-Я ФРЕЗЕРНАЯ, Д.2/1, КОРПУС 2,","07400, , ALANYA, SEKERHANE MAH., KAYMAKLI SK., KULLUOGLU APT. №1/6,.",,,"SHANGHAI PZ MEDICAL TECHNOLOGY CO., LTD..",China,Russian Federation,,,9022140000,"ПРИБОР ДЛЯ МЕДИЦИНСКОЙ ДИАГHОСТИКИ. КОД ОКПД2 -26.60.11.130, НЕ СОДЕРЖИТ ИСТОЧНИКОВ РАДИОАКТИВНОГО ИЗЛУЧЕНИЯ, НЕ ЯВЛЯЕТСЯ КОМПЬЮТЕРНЫМ ТОМОГРАФОМ..",,1.0,ШТ,6.0,7860.29,,,SHANGHAI PZ MEDICAL TECHNOLOGY.
2024-09-21,阿富汗,中国,AYAN MEHRAN TRADING,HUOERGUOSI RONGDA TRADING CO LTD,JALAL-ABAD CENTER,"YILI,XINJIANG",,,,,Afghanistan (AF),,,902214,medical device,,44.0,KG,44.0,16.0,,,
2024-09-21,印度,中国,ROTARY CHARITABLE TRUST,ELEKTA SOLUTIONS AB,"PLOT NO.363/1   364, HOUSING SECTOR G.I.D.C. ",,,,,CHINA,,Xingang,NHAVA SHEVA SEA (INNSA1),90221490,ONE SET OF ELEKTA ENFINITY - DIGITAL LINEAR ACCELERATOR WITHACCESSORIES. (CRT NO HFWD/0736/09/2024 DT 21/09/2024),,1.0,SET,0.0,1480000.0,QKKB7V6QYX3P5,,
2024-09-21,卢旺达,中国,ROMARICE ISHIMWE,GUANGZHOU MESSENGER LOGISTICS MANAG,,,,,,China,Rwanda,,,90221400,"OTHER APPARATUS BASED ON THE USE OF XRAYS├Á, FOR MEDICAL,",,1.0,NMB,70.0,167.744,,,
2024-09-20,厄瓜多尔,中国,SIEMENS HEALTHCARE CIA LTDA,SIEMENS SHANGHAI MEDICAL EQUIPMENT LTD,,,,,,CHINA,,CNSHA-,,9022140000,EQUIPO TIPO ARCO EN C MODELO CIOS SELECT CON TODAS SU PARTES Y ACCESORIOS PARA SU CORRECTO FUNCIONAMIENTO,,1.0,NUMERO DE UNIDADES,395.0,30078.439,CEC2024WHLU5738,,SIEMENS
2024-09-20,巴基斯坦,中国,FUJIFILM PAKISTAN PRIVATE LIMITED,FUJIFILM CORPORATION,37-D BLOCK-6 P.E.C.H.S.,,,,,China,,,KAPE,90221400,"(MEDICAL EQUIPMENT). FCR PRIMA T2 PNTM,CR IR 392 RU2 A MDR = : E. QTY:10SET",,10.0,u,0.0,51703.6,,,
2024-09-20,巴基斯坦,中国,FUJIFILM PAKISTAN PRIVATE LIMITED,FUJIFILM CORPORATION,37-D BLOCK-6 P.E.C.H.S.,,,,,China,,,KAPE,90221400,(MEDICAL EQUIPMENT). MAIN UNIT DRYPIX SMART : E. QTY:25SET,,25.0,u,0.0,53625.0,,,
2024-09-20,巴基斯坦,中国,FUJIFILM PAKISTAN PRIVATE LTD,FUJIFILM CORPORATION,37-D BLOCK-6 P.E.C.H.S., 26-30 NISHIAZABU 2CHOME MINATO KU TOKYOJAPAN,,,,China (CN),,,KAPE,90221400,(MEDICAL EQUIPMENT). MAIN UNIT DRYPIX SMART : E. QTY:25SET,,25.0,u,2.0227,53625.0,QYSEA240813,,
2024-09-20,厄瓜多尔,中国,SIEMENS HEALTHCARE CIA LTDA,SIEMENS SHANGHAI MEDICAL EQUIPMENT LTD,,,,,,CHINA,,CNSHA-,,9022140000,EQUIPO DE TOMOGRAFIA MODELO SOMATOM GO UP CON TODAS SU PARTES Y ACCESORIOS PARA SU CORRECTO FUNCIONAMIENTO,,1.0,NUMERO DE UNIDADES,1770.0,168662.391,CEC2024WHLU5738,,SIEMENS
2024-09-20,波兰,中国,DB CARGO EURASIA GMBH P P GE MEDICAL SYSTEMS SCS,SCHENKER CHINA LTD,ST. OF VIYEYSK 2 | 11,LAND 100. PINGJIA QIAO ROAD SHANGHAI 200126,,,,,Poland (PL),,,902214,mobile x-ray medical eqyipment,,298.0,KG,298.0,28948.6724,,,
2024-09-20,巴基斯坦,中国,FUJIFILM PAKISTAN PRIVATE LTD,FUJIFILM CORPORATION,37-D BLOCK-6 P.E.C.H.S., 26-30 NISHIAZABU 2CHOME MINATO KU TOKYOJAPAN,,,,China (CN),,,KAPE,90221400,"(MEDICAL EQUIPMENT). FCR PRIMA T2 PNTM,CR IR 392 RU2 A MDR = : E. QTY:10SET",,10.0,u,2.0227,51703.6,QYSEA240813,,
2024-09-19,莱索托,中国,MOF PROJECT MANAGEMENT UNIT,SIEMENS HEALTHINEERS AG,"CORNER POPE JOHN PAUL II AND MPILO BOULEVARD ROAD,4TH FLOOR MGC PARK,MASERU CENTRAL","
HENKE STR. 127 ERLANGEN
91052
GERMANY",,,,China,,,Maseru Bridge,90221400,X-RAYS,,0.0,kg,0.0,947894.2218,,,
2024-09-19,乌干达,中国,OFFICE OF THE PRIME MINISTERKAMPALA KAMPALA CENTRAL DIVI KAMPALA CENTRAL DIVISIONKAMPALASIR APOLLO KAGGWA ROAD TWIN TOWERS OFFICE OF THE PRESIDENT00 341 KAMPALA,HEADWIN LOGISTICS CO LTD,,,,,,CHINA,UGANDA,,,90221400000,X RAY LEAD SHIELD,,1.0,Number,16.0,240.0,,,
2024-09-19,巴基斯坦,中国,MEDCO,SHENZHEN LANMAGE MEDICAL TECHNOLOGY CO LTD,"MEDCO, 19-KHYBER BAZAR, PESHAWAR CITY, Peshawar Peshawar",,,,,China                         ,,,KAPE,90221400,1-	MOBILE DIGITAL X- RAY RADIOGRAPHY SYSTEM WITH ALL STANDARD ACCESSORIES  MODEL: 7200B  SERIAL NO: 240336090377 qty: 01 UNITS.,,1.0,u,0.0,5000.0,,,
2024-09-19,尼日利亚,中国,MECURE HEALTHCARE LTD,SIEMENS HEALTHINEERS INTERNATIONAL AG,,,,,,China,,,APAPA PORT,9022140000,"Apparatus based on the use of X-rays or of alpha, betaused for medical, surgical .",,0.0,,7307.0,880064.0,,,
2024-09-19,尼日利亚,中国,AMTRADE MEDICAL SOLUTIONS LIMITED,NANJING PERLOVE MEDICAL EQUIPMENT CO LTD,,,,,,China,,,TIN CAN ISLAND,9022140000,"Apparatus based on the use of X-rays or of alpha, betaused for medical, surgical .",,0.0,,575.0,4454.74,,,
2024-09-19,乌干达,中国,OFFICE OF THE PRIME MINISTERKAMPALA KAMPALA CENTRAL DIVI KAMPALA CENTRAL DIVISIONKAMPALASIR APOLLO KAGGWA ROAD TWIN TOWERS OFFICE OF THE PRESIDENT00 341 KAMPALA,HEADWIN LOGISTICS CO LTD,,,,,,CHINA,UGANDA,,,90221400000,X RAY GONALD SHIELD,,1.0,Number,5.0,140.0,,,
2024-09-19,巴基斯坦,中国,MEDCO,SHENZHEN LANMAGE MEDICAL TECHNOLOGY CO LTD,"MEDCO, 19-KHYBER BAZAR, PESHAWAR CITY, Peshawar Peshawar"," 1ST FLOOR BUILDING B JINGCHENGDA INDUSTRIAL PARK, NO. 4 KEJI ROAD LANGXINCOMMUNITY SHIYAN STREET BAO'AN  DISTRICT SHENZHEN GUANGDONG PROVINCE 518000 P.R CHINA",,,,China (CN),,,KAPE,90221400,2-	DIGITAL MULTIFUNCTION X-RAY FLUROGRAPHY SYSTEM WITH ALL STANDARD ACCESSORIES  MODEL: 7700  REF: RF1824700001  QTY: 01 UNITS,,1.0,u,1.88,8950.0,LLLKHI24815611KHI,,
2024-09-19,秘鲁,中国,INNOVALITY S A C,,,,,,,CHINA,,Shanghai,,9022140000,"MÁQUINA DE RAYOS X FOTOGRÁFICA DIGI,S/M,VDR632V, SERIE: VA22170752107172402 / GENERADOR DE RAYOS X HVT, CETUS32VR04 /SERIE : CE032A910H3012 TUBO DE RAYOS X, E7239X, SERIE : 24E0388 MÁQUINA DE RAYOS X FOTOGRÁFICA DIGITAL VETERINARIA- USO VETERINARIO,,,,",,1.0,U,384.736,15117.497,,,
2024-09-19,乌兹别克斯坦,中国,CHINABAD UNIVERSAL BANKING SERVICES OFFICE OF JSCB HAMKORBANK,NANJING PERLOVE MEDICAL EQUIPMENT CO LTD,"19, Chinabad Shoh st., Balikchi dist.,","No. 97 Wangxi Road,",,,,,Uzbekistan (UZ),,,902214,"System x-ray it is high ochastotny mobile, the PLX112B model with prinadlezhlezhnos tyam.",,575.0,KG,575.0,29000.0,,,
2024-09-19,秘鲁,中国,INNOVALITY S A C,,,,,,,CHINA,,Shanghai,,9022140000,"MÁQUINA DE RAYOS X FOTOGRÁFICA DIGI,S/M,VDR632V, SERIE: VA22170752107172401 / GENERADOR DE RAYOS X HVT, CETUS32VR04, SERIE : A2021122900129 TUBO DE RAYOS X, E7239X MÁQUINA DE RAYOS X FOTOGRÁFICA DIGITAL VETERINARIA- USO VETERINARIO,,,,",,1.0,U,384.736,15117.496,,,
2024-09-19,波兰,中国,DB CARGO EURASIA GMBH P P GE MEDICAL SYSTEMS SCS,SCHENKER CHINA LTD,ST. OF VIYEYSK 2 | 11,"11 & 12 FLOOR, CRYSTAL PLAZA BUILDING 7 NO. 6, LAND 100, PINGJIAQIAO ROAD",,,,,Poland (PL),,,902214,Mobile x-ray device C-arm,,298.0,KG,298.0,28948.6724,,,
2024-09-19,巴基斯坦,中国,MEDCO,SHENZHEN LANMAGE MEDICAL TECHNOLOGY CO LTD,"MEDCO, 19-KHYBER BAZAR, PESHAWAR CITY, Peshawar Peshawar"," 1ST FLOOR BUILDING B JINGCHENGDA INDUSTRIAL PARK, NO. 4 KEJI ROAD LANGXINCOMMUNITY SHIYAN STREET BAO'AN  DISTRICT SHENZHEN GUANGDONG PROVINCE 518000 P.R CHINA",,,,China (CN),,,KAPE,90221400,1-	MOBILE DIGITAL X- RAY RADIOGRAPHY SYSTEM WITH ALL STANDARD ACCESSORIES  MODEL: 7200B  SERIAL NO: 240336090377 qty: 01 UNITS.,,1.0,u,1.88,5000.0,LLLKHI24815611KHI,,
2024-09-19,乌干达,中国,OFFICE OF THE PRIME MINISTERKAMPALA KAMPALA CENTRAL DIVI KAMPALA CENTRAL DIVISIONKAMPALASIR APOLLO KAGGWA ROAD TWIN TOWERS OFFICE OF THE PRESIDENT00 341 KAMPALA,HEADWIN LOGISTICS CO LTD,,,,,,CHINA,UGANDA,,,90221400000,XRAY PROTERCTIVE LEAD APPRON,,1.0,Number,14.0,340.0,,,
2024-09-19,巴基斯坦,中国,MEDCO,SHENZHEN LANMAGE MEDICAL TECHNOLOGY CO LTD,"MEDCO, 19-KHYBER BAZAR, PESHAWAR CITY, Peshawar Peshawar",,,,,China                         ,,,KAPE,90221400,2-	DIGITAL MULTIFUNCTION X-RAY FLUROGRAPHY SYSTEM WITH ALL STANDARD ACCESSORIES  MODEL: 7700  REF: RF1824700001  QTY: 01 UNITS,,1.0,u,0.0,8950.0,,,
2024-09-19,乌干达,中国,OFFICE OF THE PRIME MINISTERKAMPALA KAMPALA CENTRAL DIVI KAMPALA CENTRAL DIVISIONKAMPALASIR APOLLO KAGGWA ROAD TWIN TOWERS OFFICE OF THE PRESIDENT00 341 KAMPALA,HEADWIN LOGISTICS CO LTD,,,,,,CHINA,UGANDA,,,90221400000,XRAY MACHINE WITH CR SYSTEM,,4.0,Number,1017.0,68944.0,,,
2024-09-18,土耳其,中国,İNTER MED MEDİKAL SİSTEMLER TURİZM SANAYİ VE TİCARET ANONİM ŞİRKETİ,CARESTREAM HEALTH SA,,,,,,ÇİN HALK CUMHURİYETİ,,,İZMİR GÜMRÜK MÜDÜRLÜĞÜ,902214000000,RADYOGRAFİ CİHAZI,,605.0,KİLOGRAM,300.0,22223.58,24350300IM00093146,,
2024-09-18,菲律宾,中国,SIEMENS HEALTHCARE INC,SIEMENS SHANGHAI MEDICAL EQUIPMENT,"10/F M1 TOWER 141 H.V. DELA COSTA ST. SALCEDO VILLAGE BRGY. BEL-AIR, MAKATI CITY",,,,,CHINA,,,,90221400000,1 PCE: 14455058 CIOS SELECT VA21 FD SYSTEM,,1.0,,395.0,60223.3,SHAG73908,,
2024-09-18,土耳其,中国,ÖZEL MEDİKAL TIBBİ CİHAZLAR SANAYİ VE TİCARET LİMİTED ŞİRKETİ,GE HEALTHCARE TRADE AND DEVELOPMENT LLC,,,,,,ÇİN HALK CUMHURİYETİ,,,MURATBEY GÜMRÜK MÜDÜRLÜĞÜ,902214000000,X IŞINLI GÖRÜNTÜLEME CİHAZI GE MARKA OEC ONE MODEL C KOLLU DİJİTAL RÖNTGEN GÖRÜNTÜLEME SİSTEMİ (KULLANILMASINDA GEREKLİ TÜM TEFERRUATLARIYLA BİRLİKTE KOMPLEDİR.) PARÇA KODU: S10005GS,,503.0,KİLOGRAM,402.4,35000.0,24341300IM00198726,,
2024-09-18,俄罗斯,中国,ООО МЕДИКАЛ ДЕВЕЛОПМЕНТ ГРУПП,KCONE INTERNATIONAL TRADE LIMITED,"630132, НОВОСИБИРСКАЯ ОБЛ., НОВОСИБИРСК, СОВЕТСКАЯ, Д.77В, 2 ЭТАЖ, ПОМЕЩЕНИЕ 3","999077, GENPLAS INDUSTRIAL BUILDING KWUN TONG KOWLOON, HONG KONG, 56 HOI YUEN R.",,,"LIAONING DTKL TECHNOLOGY CO.,LTD.",China,Russian Federation,,,9022140000,ОБОРУДОВАНИЕ ВЕТЕРИНАРНОЕ: ВЕТЕРИНАРНАЯ ПЕРЕДВИЖНАЯ РЕНТГЕНОГPАФИЧЕСКАЯ УСТАНОВКА.,,1.0,ШТ,18.0,3277.56,,,LIAONING DTKL.
2024-09-18,土耳其,中国,ÖZEL MEDİKAL TIBBİ CİHAZLAR SANAYİ VE TİCARET LİMİTED ŞİRKETİ,GE HEALTHCARE TRADE AND DEVELOPMENT LLC,,,,,,ÇİN HALK CUMHURİYETİ,,,MURATBEY GÜMRÜK MÜDÜRLÜĞÜ,902214000000,X IŞINLI GÖRÜNTÜLEME CİHAZI GE MARKA OEC ONE MODEL C KOLLU DİJİTAL RÖNTGEN GÖRÜNTÜLEME SİSTEMİ (KULLANILMASINDA GEREKLİ TÜM TEFERRUATLARIYLA BİRLİKTE KOMPLEDİR.) PARÇA KODU: S10005GS,,503.0,KİLOGRAM,402.4,35000.0,24341300IM00198726,,
2024-09-17,刚果民主共和国[刚果（金）],中国,CAISSE NATIONALE DE SECURITE SOCIALE CNSS,BEIJING WANDONG MEDICA TECHNOLOGY CO LTD,,,,,,China,DRC - Democratic Republic of Congo,,,902214000000,MOBILE C-ARM X-RAY MACHINE,,2.0,NMB,2703.5,3084.3142,TXSV40488000,,
2024-09-17,刚果民主共和国[刚果（金）],中国,CAISSE NATIONALE DE SECURITE SOCIALE CNSS,BEIJING WANDONG MEDICA TECHNOLOGY CO LTD,,,,,,China,DRC - Democratic Republic of Congo,,,902214000000,MOBILE C-ARM X-RAY MACHINE,,2.0,NMB,2703.5,3084.3142,TXSV40488000,,
2024-09-17,墨西哥,中国,GE SISTEMAS MEDICOS DE MEXICO SA DE CV,GE HUALUN MEDICAL SYSTEMS CO LTD,"ANTONIO DOVALI JAIME 70 TORRE B PISO 4 AVENIDA JAVIER BARROS SIERRA Y AVENIDA SANTA FE

Ciudad de Mexico
01210","YONG CHANG NORTH ROAD
BEIJINGCHINA

100176",,,,CHINA,,,NUEVO LAREDO NUEVO LAREDO TAMAULIPAS.,9022149101,SISTEMA RADIOGRAFICO XR6000,,1.0,PIECE,918.5,31374.26,,,
2024-09-17,厄瓜多尔,中国,DREI SOLUCIONES EQUIPOS E IMAGENESMEDICAS CIA LTDA,,,,,,,ITALIA,,-,,9022140000,EQUIPO PANORAMICO DENTAL,,1.0,NUMERO DE UNIDADES,229.05,17097.3,,,CEFLA
2024-09-17,马拉维,中国,MR ERIC NYASULU,UNITED IMAGING HEALTHCARE HONG KONG LTD,"PO BOX 30204LILONGWE 3, Lilongwe (Malawi),Lilongwe,",CHINA,,,,CHINA,,,,90221400,DIGITAL MEDICAL X-RAY,,25.0, Pieces,5175.0,335363.0,,,
2024-09-17,印度,中国,PHILIPS INDIA LIMITED,SPELLMAN HIGH VOLTAGE ELECTRONICS SUZHOU INDUSTRI,"7 JUSTICE CHANDRA MADHAB ROAD,KOLK  ATA ",,,,,CHINA,,SHANGHAI - PU DONG,SAHAR AIR CARGO ACC (INBOM4),90221410,"459801732292,HF GENERATOR MMB 409085-001 (FOR C-ARM IMAGE INTENSIFIER SYSTEM)",,10.0,NOS,0.0,20730.0,KL041CWZN4SHR,,
2024-09-17,土耳其,中国,GE MEDİCAL SYSTEMS TÜRKİYE LİMİTED ŞİRKETİ,GE HEALTHCARE TRADE AND DEVELOPMENT LLC,,,,,,ÇİN HALK CUMHURİYETİ,,,MURATBEY GÜMRÜK MÜDÜRLÜĞÜ,902214000000,X IŞINLI GÖRÜNTÜLEME CİHAZI(KULLANIMI İÇİN GEREKLİTÜM TEFERRUATIYLA BİRLİKTE)(PARÇA KODU:S10005GS),,503.0,KİLOGRAM,402.4,23648.6,24341300IM00197701,,
2024-09-16,波兰,中国,DB CARGO EURASIA GMBH P P GE MEDICAL SYSTEMS SCS,BEIJING GE HUALUN MEDICAL EQUIPMENT CO LTD,ST. OF VIYEYSK 2 | 11,No. 1 NORTH YONG CHANG STREET BEIJING ECONOMIC & TECHNOLOGICAL DEVELOPMENT AREA,,,,,Poland (PL),,,902214,System of x-ray cameras | equipment for use of x-ray devices,,2145.5,KG,2145.5,84746.8073,,,
2024-09-16,印度,中国,WIPRO GE MEDICAL DEVICE MANUFACTURING PRIVATE LIMI,GE HUALUN MEDICAL SYSTEMS CO LTD,"No.4, Kadugodi Industrial Area, Sadarmangala Whitefield, Bangalore",,,,,CHINA,,Tianjin,BANGALORE,90221490,5521321-4 - SYSTEM GANTRY HLA FOR OPTIMA IGS 320 INDIA SEMIFINISHED (PARTS OF MANUFACTURING FOR REVOLUTION ALPHA & REVO,,1.0,PCS,0.0,83855.1,XAFU6EYY8KB4I,,
2024-09-16,乌兹别克斯坦,中国,ООО FORTEK,SHENZHEN SONTU MEDICAL IMAGING EQUIPMENT CO LTD КИТАЙ,,,,,,0,,,,9022140000,"1) Система цифровая радиографическая флюороскопическая модель:SONTU500-Sirius UC/ Digital fluoroscopy radiography X-ray system SONTU500-Sirius UC / в комп./Новый, 2023 г.в./Пр-ль.:""SHENZHEN SONTU MEDICAL IMAGING EQUIPMENT CO. LTD"", Китай./Сер.№20230920000007/: вес: 725 кг, кол. 1 шт; 2) Вид и количество упаковки:2 карт.короб.; 8) Код инвестпрограммы:000; 9) Код технологического оборудования:024; 10) Год изготовления и технические параметры:2023/Цифровая рентгенографическая и рентгеноскопическая G31MARKA марка SONTU YEAR10 год производ 2023 PARAM10 Характеристика товара Цифровая рентгенографическая и рентгеноскопическая система типа UC-arm SONTU500-SIRIUS UC, c сенсорной панелью управления 9.9 для проведения рентгенографии и рентгеноскопии всего тела.",,1.0,Piece,725.0,32022.0,,,
2024-09-16,菲律宾,中国,GENERAL ELECTRIC PHILS INC,BEIJING GE HUALUN MEDICAL EQUIPMENT,"27TH FLOOR MENARCO TOWER, 32ND STREET, BONIFACIO, GLOBAL CITY, TAGUIG CITY",,,,,CHINA,,,,90221400000,1 EA OEC One CFD21 Vascular 25 [S20205GS],,1.0,,403.2,42518.4,BJS38216096,,
2024-09-16,马拉维,中国,UNITED NATION DEV PROGRAMME,QINGDAO HAIKE REFRIGERATION SYSTEM CO LIMITED,"P.O. BOX 30135,LILONGWE,","NO.31 LONGCHENG ROAD, SHIBEI DISTRICT,QINDAO CITY, SHADONG PROVINCE, CHINA 266011",,,,CHINA,,,,90221400,DIGITAL MAMMOGRAPHY SYSTEM,,1.0, Pieces,1047.0,101844.0,,,
2024-09-16,乌兹别克斯坦,中国,ООО FORTEK,SHENZHEN SONTU MEDICAL IMAGING EQUIPMENT CO LTD КИТАЙ,,,,,,0,,,,9022140000,"1) Система цифровая рентгенографическая модель:SONTU100-RAD(S)-D / Digital radiography X-ray System SONTU100-RAD(S)-D / в комп./Новый, 2023 г.в./Пр-ль.:""SHENZHEN SONTU MEDICAL IMAGING EQUIPMENT CO. LTD"", Китай./Сер.№20230920000006/: вес: 593 кг, кол. 1 шт; 2) Вид и количество упаковки:3 карт.короб.; 8) Код инвестпрограммы:000; 9) Код технологического оборудования:024; 10) Год изготовления и технические параметры:2023/Цифровая рентгенографическая система SONTU100-RAD(S)-D предназначена для создан G31MARKA марка SONTU YEAR10 год производ 2023 PARAM10 Характеристика товара Цифровая рентгенографическая система SONTU100-RAD(S)-D предназначена для создания цифровых рентгенографических снимков черепа, позвоночного столба, грудной клетки, брюшной полости, конечностей и других частей тела пациентов любого возраста.",,1.0,Piece,593.0,23768.0,,,
2024-09-16,印度,中国,WIDE MOBILITY MECHATRONICS PRIVATE LIMITED,VJ X RAY LLC,"242 11TH CROSS 1ST MAIN,BEML LAYOU  T, BASAVESHWARA NAGAR ",,,,,CHINA,,Shanghai,BANGALORE ACC (INBLR4),90221490,IXS100BP320P523 - 160KV 400W X-RAY GENERATOR,,2.0,NOS,0.0,13702.0,UEUXT31QIYRO0,,
2024-09-16,乌兹别克斯坦,中国,ООО FORTEK,SHENZHEN SONTU MEDICAL IMAGING EQUIPMENT CO LTD КИТАЙ,,,,,,0,,,,9022140000,"1) Система цифровая рентгенографическая модель:SONTU300-Mars-O / Digital radiography X-ray System SONTU300-Mars-O / в комп./Новый, 2023 г.в./Пр-ль.:""SHENZHEN SONTU MEDICAL IMAGING EQUIPMENT CO. LTD"", Китай./Сер.№20230920000008/: вес: 648 кг, кол. 1 шт; 2) Вид и количество упаковки:3 карт.короб.; 8) Код инвестпрограммы:000; 9) Код технологического оборудования:024; 10) Год изготовления и технические параметры:2023/Моторизованная цифровая рентгенографическая система c сенсорной панелью управления G31MARKA марка SONTU YEAR10 год производ 2023 PARAM10 Характеристика товара Моторизованная цифровая рентгенографическая система c сенсорной панелью управления 9.9 для создания цифровых рентгенографических снимков черепа, позвоночного столба, грудной клетки, брюшной полости, конечностей и других частей тела пациентов любого возр",,1.0,Piece,648.0,27924.0,,,
2024-09-15,巴拿马,中国,ECO RECYCLING PANAMA,LIAONING AIR SEA WORLDWIDE LOGISTICS,"CALLE 16 FERNANDEZ DE CORDOVA  ,,","18 HONG KONG ZHONG RD,RM1501 15F FU TAI SQUARE ",,,,CHINA,PANAMA,TANJING,COLON FREE ZONE,902214,"LIGHTNING ROD KIT WITH MOUNT KIT  
COPPERWELD BAR  
RESIN INSULATOR RESIN INSULATOR  
METAL BASE  
BIMETALLIC CONNECTOR  
ALUMINUM H-TAP COMPRESSION  
CONNECTOR  
TWO HOLE LUG  
BARE COPPER CONDUCTOR  
HOISTING GRIP  
LIQUID TIGHT  
PLASTIC SEEDLING TRAY  
TRACK CHAIN CR7968A-044-00-I  
1) DIBASIC SODIUM PHOSPHATE  
DIHYDRATE  
2) TRISODIUM PHOSPHATE ANHYDROUS  
3) TETRAPOTASSIUM PYROPHOSPHATE  
4) MONOCALCIUM PHOSPHATE  
MONOHYDRATE  
VANILLIN FCC  
AIR COMPRESSOR  
8414804990  
POLYURETHANE FOAMING MACHINE  
8477800000  
MEDICAL X-RAY EQUIPMENT  
RADSPEED FIT 1 SET  
HS CODE:9022.14  
REF.NO.RASLA24020",,30.0,PACKAGES,25930.0,0.0,243680147,,
2024-09-15,波兰,中国,DB CARGO EURASIA GMBH P P GE MEDICAL SYSTEMS SCS,BEIJING GE HANGWEI MEDICAL EQUIPMENT CO LTD,UL. WIEJSKA 2 | 11,1 NORTH YONG CHANG STREET BEIJING,,,,,Poland (PL),,,902214,MOBILE X-RAY DEVICE,,503.0,KG,503.0,40876.1428,,,
2024-09-14,卢旺达,中国,GEOFARM LIMITED,SODISSAD INTERNATIONAL CO LIMITED,,,,,,China,Rwanda,,,90221400,"OTHER APPARATUS BASED ON THE USE OF XRAYS├Á, FOR MEDICAL,",,56.0,NMB,1234.0,2913.31,,,
2024-09-14,俄罗斯,中国,ООО ДЖИИ ХЭЛСКЕА,GE HUALUN MEDICAL SYSTEMS CO LTD BY ORDER GE HEALTHCARE TRADE AND DEVELOPMENT LLC,"123112, РОССИЯ, Г. МОСКВА, ПРЕСНЕНСКАЯ НАБЕРЕЖНАЯ,",,,,GE HUALUN MEDICAL SYSTEMS CO. LTD,China,,,,9022140000,"АППАРАТУРА НА ОСНОВЕ РЕНТГЕНОВСКОГО ИЗЛУЧЕНИЯ/ ДЛЯ ИСПОЛЬЗОВАНИЯ В МЕДИЦИНЕ,, ПРЕДНАЗНАЧЕНА ДЛЯ, ДИАГНОСТИЧЕСКИХ; ИССЛЕДОВАНИЙ,; (НЕ СОДЕРЖИТ РАДИОАКТИВНЫХ ИЗОТОПОВ, РАДИОАКТИВНЫХ ВЕЩЕСТВ И РАДИОИЗОТОПНЫХ ИЗДЕЛИЙ),НЕ ЯВЛЯЕТСЯ РАДИОЭЛЕКТРОННЫМ СРЕДСТВ",,8.0,ШТ,3217.6,188488.97,,,GE
2024-09-14,俄罗斯,中国,ООО ДЖИИ ХЭЛСКЕА,GE HUALUN MEDICAL SYSTEMS CO LTD BY ORDER GE HEALTHCARE TRADE AND DEVELOPMENT LLC,"123112, РОССИЯ, Г. МОСКВА, ПРЕСНЕНСКАЯ НАБЕРЕЖНАЯ,",,,,GE HUALUN MEDICAL SYSTEMS CO LTD,China,,,,9022140000,АППАРАТУРА НА ОСНОВЕ РЕНТГЕНОВСКОГО ИЗЛУЧЕНИЯ/ ДЛЯ,,1.0,ШТ,408.8,26678.07,,,GE
2024-09-14,巴拿马,中国,ECO RECYCLING PANAMA,LIAONING AIR SEA WORLDWIDE LOGISTICS,"CALLE 16 FERNANDEZ DE CORDOVA  ,,","18 HONG KONG ZHONG RD,RM1501 15F FU TAI SQUARE ",,,,CHINA,PANAMA,TANJING,COLON FREE ZONE,902214,"LIGHTNING ROD KIT WITH MOUNT KIT  
COPPERWELD BAR  
RESIN INSULATOR RESIN INSULATOR  
METAL BASE  
BIMETALLIC CONNECTOR  
ALUMINUM H-TAP COMPRESSION  
CONNECTOR  
TWO HOLE LUG  
BARE COPPER CONDUCTOR  
HOISTING GRIP  
LIQUID TIGHT  
PLASTIC SEEDLING TRAY  
TRACK CHAIN CR7968A-044-00-I  
1) DIBASIC SODIUM PHOSPHATE  
DIHYDRATE  
2) TRISODIUM PHOSPHATE ANHYDROUS  
3) TETRAPOTASSIUM PYROPHOSPHATE  
4) MONOCALCIUM PHOSPHATE  
MONOHYDRATE  
VANILLIN FCC  
AIR COMPRESSOR  
8414804990  
POLYURETHANE FOAMING MACHINE  
8477800000  
MEDICAL X-RAY EQUIPMENT  
RADSPEED FIT 1 SET  
HS CODE:9022.14  
REF.NO.RASLA24020",,30.0,PACKAGES,25930.0,0.0,243680147,,
2024-09-14,俄罗斯,中国,ООО ДЖИИ ХЭЛСКЕА,GE HUALUN MEDICAL SYSTEMS CO LTD BY ORDER GE HEALTHCARE TRADE AND DEVELOPMENT LLC,"123112, РОССИЯ, Г. МОСКВА, ПРЕСНЕНСКАЯ НАБЕРЕЖНАЯ,",,,,GE HUALUN MEDICAL SYSTEMS CO LTD,China,,,,9022140000,АППАРАТУРА НА ОСНОВЕ РЕНТГЕНОВСКОГО ИЗЛУЧЕНИЯ/ ДЛЯ,,8.0,ШТ,3217.6,188488.97,,,GE
2024-09-14,俄罗斯,中国,ООО ДЖИИ ХЭЛСКЕА,GE HUALUN MEDICAL SYSTEMS CO LTD BY ORDER GE HEALTHCARE TRADE AND DEVELOPMENT LLC,"123112, РОССИЯ, Г. МОСКВА, ПРЕСНЕНСКАЯ НАБЕРЕЖНАЯ,",,,,GE HUALUN MEDICAL SYSTEMS CO. LTD,China,,,,9022140000,"АППАРАТУРА НА ОСНОВЕ РЕНТГЕНОВСКОГО ИЗЛУЧЕНИЯ/ ДЛЯ ИСПОЛЬЗОВАНИЯ В МЕДИЦИНЕ,, ПРЕДНАЗНАЧЕНА ДЛЯ, ДИАГНОСТИЧЕСКИХ; ИССЛЕДОВАНИЙ,; (НЕ СОДЕРЖИТ РАДИОАКТИВНЫХ ИЗОТОПОВ, РАДИОАКТИВНЫХ ВЕЩЕСТВ И РАДИОИЗОТОПНЫХ ИЗДЕЛИЙ),НЕ ЯВЛЯЕТСЯ РАДИОЭЛЕКТРОННЫМ СРЕДСТВ",,1.0,ШТ,408.8,26678.07,,,GE
2024-09-13,菲律宾,中国,OMNITECH MEDICAL AND HEALTH CARE SERVICES INC,SHENZHEN LANMAGE MEDICAL,"SERVICES INC GF RLI BLDG 3 BRGY BANAY BANAY SOUTHPOINT SUBD, CABUYAO LAGUNA",,,,,CHINA,,,,90221400000,LANMAGE MOBILE DIGITAL X-RAY RADIOGRAPHY SYSTEM MODEL 7200A 1PCS.,,1.0,PIECE,430.0,53850.0,CCFGZMNL2402659,,
2024-09-13,智利,中国,,,,,,,,CHINA,,other ports of china,San Antonio,90221490,CON ACTUALIZACIONDE SISTEMA Y SOFTWARE VETERINARIO,,2.0,UNIDADES,2169.5,19187.32,(M)SZBV40265900(H)EURFLG247046,,LANMAGE-F
2024-09-13,哥伦比亚,中国,ADVANCED RADIOTHERAPY CORP S A,NEUSOFT MEDICAL SYSTEMS CO LTD,CL 89A # 20 25 POLO CLUB,"NO. 177-1 CHUANGXIN ROAD, HUNNAN DI",,,,CHINA,,,,9022140000,"DO 2024-08277 REG-50138381-20240816N FECHA: 16/08/2024, MERCANCIA NUEVA Y DE PRIMERA CALIDAD** FACTURA CI-SC401NMS-COLOMBIA-240228 FECHA: 24/07/2024 **PRODUCTO: SISTEMA DE ESCANER VETERINARIO / NEUVIZ VETSWEETY MULTI-SLICE CTSCANNER SYSTEM, MARCA: NEUSOFT, MODELO: NEUVIZ VETSWEETY. REFERENCIA FACTURA: NEUVIZ VETSWEETY MULTI-SLICE CT SCANNER SYSTEM. SERIAL: N16APLV240002. FECHA: 2024-03-03, 90 VOLTS 3.7 AMPS 50/60 HZ. 1022 1541 REV. E. H71-650. ABS. , USO O DESTINO: EL SISTEMA DE ESCANER OFRECE OBTENER IMAGENES CON RESULTADOS MAS VISUALIZADOS DE ANIMALES PARA QUE LOS USE EL VETERINARIO, DE USO UNICO Y EXCLUSIVO EN EL SECTOR VETERINARIO, PRINCIPIO DE FUNCIONAMIENTO: ELECTRONICO, TECNICA DE DIAGNOSTICO: RAYOS X, ** COMPUESTO POR: COUCH MATERIAL: CT-SMC302 CT-BOX. MODELO: CT-BOX401. REFERENCIA: 10198633. PART NO: 10634961. SERIAL NO: 24030012., ACCESORIOS.STEPPING PHANTHOM: PART NO: Y17A3725 REV.A. SERIAL NO: 202300572. CAJA DE COMBINACION DE AGUA. PHANTOM: 7 10 PART. NO: Y17A3725 REV.A. S",,1.0,NUMERO DE ARTICULOS,1795.0,174218.4,,,
2024-09-13,布隆迪,中国,NICOLAS IRADUKUNDA,MAJESTIC WORKSHOPS AND TOOLS TRADING,,,,,,China,,,,90221400,MOBILE XRAY MACHINE 100MA,,1.0,NMB,200.0,2352.7862,,,
2024-09-13,布隆迪,中国,NICOLAS IRADUKUNDA,MAJESTIC WORKSHOPS AND TOOLS TRADING,,,,,,China,,,,90221400,UP-RIGHT BUCKY STAND,,1.0,NMB,180.0,446.2777,,,
2024-09-13,俄罗斯,中国,ООО ПАРИТЕТ,GE MEDICAL SYSTEMS BY UAB VICTORIA LUX KIRTIMU 47B VILNIUS LITHUANIA,"690012, ПРИМОРСКИЙ КРАЙ, Г.ВЛАДИВОСТОК, УЛ.БЕРЕЗОВ",,,,"GE HUALUN MEDICAL SYSTEMS CO., LTD.",China,,,,9022140000,"АППАРАТУРА НА ОСНОВЕ РЕНТГЕНОВСКОГО ИЗЛУЧЕНИЯ ДЛЯ МЕДИЦИНСКОГО ИСПОЛЬЗОВАНИЯ, НЕ СОДЕРЖИТ РАДИОАКТИВНЫХ ИСТОЧНИКОВ ИЗЛУЧЕНИЯ, ОКПД2 26.60.11.113:",,1.0,ШТ,3791.0,372377.12,,,GE
2024-09-13,秘鲁,中国,EQUIPOS MEDICOS Y FARMACOS S A C,,,,,,,CHINA,,MIAMI,,9022140000,"DIGITAL FLAT PLANE DETECTOR,ANGELL,CELV-1717, IMAGE SIZE 43×43CM(17×17 INCH) ADAPTER OUTPUT DC 24V,60W; WORKSTATION DRX DETECTOR TECHNOLOGY A-SI SCINTILLATOR CSI EXTRA BATTERY; CHARGING CASE,,,,",,1.0,U,8.0,7162.5,,,
2024-09-13,巴基斯坦,中国,DIGIONICS PVT LIMITED,COLENTA LABORTECHNIK GMBH CO KG,"15 - Shadman, jail, Road, Lahore",,,,,China                         ,,,LPAF,90221400,1 SET OF BRAND NEW FLAT PANEL DETECTOR WITH STD ACCESSORIES.DETAIL AS PER INVOICE.,,1.0,u,0.0,12486.55,,,
2024-09-13,俄罗斯,中国,ООО ПАРИТЕТ,GE MEDICAL SYSTEMS BY UAB VICTORIA LUX KIRTIMU 47B VILNIUS LITHUANIA,"690012, ПРИМОРСКИЙ КРАЙ, Г.ВЛАДИВОСТОК, УЛ.БЕРЕЗОВ",,,,GE HUALUN MEDICAL SYSTEMS CO LTD,China,,,,9022140000,АППАРАТУРА НА ОСНОВЕ РЕНТГЕНОВСКОГО ИЗЛУЧЕНИЯ ДЛЯ,,1.0,ШТ,3791.0,372377.12,,,GE
2024-09-13,哥伦比亚,中国,INVERSIONES RODRIGUEZ CASTANEDA SAS,TOOTOO MEDITECH CO LTD,CL 148 N 7 B 14,ROOM 2401 BUILDING 3A INTELLIGENT,,,,CHINA,,,,9022140000,"DO BOGI24029905. PEDIDO TRAMITE: VVG-24 / 364. DECLARACION(1-6). MERCANCIA NUEVA, NOS ACOGEMOS AL DECRETO 0925 DE MAYO 09 DE 2013, NO REQUIERE PRESENTACION DE REGISTRO DE IMPORTACION, NOS ACOGEMOS AL DECRETO 272/2018 ARANCEL 0%.. PRODUCTO: EQUIPO PORTATILDE RAYOS X. MARCA: MEDITECH // TOOTOO MEDITECH. MODELO: CANIS 5C. REFERENCIA: NO TIENE. USO O DESTINO: VETERINARIO. TECNICA DE DIAGNOSTICO: RAYOS X. VETERINARY X-RAY MACHINE CANIS5C//CON TODOS SUS ACCESORIOS PARA SU NORMAL FUNCIONAMIENTO PO: CHINA (CN) CANT (7) UND; SERIAL: CA5101210H81524005, CA5101210H81524002, CA5101210H81524004, CA5101210H81524007, CA5101210H81524006, CA5101210H81524001, CA5101210H81524003 (ITEM 1) PRODUCTO: MAQUINA DE RAYOS X DENTAL VETERINARIA. MARCA: MEDITECH. MODELO: HP-X08 VET.REFERENCIA: NO TIENE. SERIAL: HP X08VET240902001. USO O DESTINO: VETERINARIO. TECNICA DE DIAGNOSTICO: RAYOS X. VETERINARY GENERATOR HP-X08VET, WITH SCREEN WITH MAINBOARD //CON TODOS SUS ACCESORIOS PARA SU NORMAL FUNCIONAMIENTO PO: CHINA",,8.0,NUMERO DE ARTICULOS,145.58,21261.68,,,
2024-09-13,巴基斯坦,中国,DIGIONICS PVT LTD,COLENTA LABORTECHNIK GMBH,"15 - Shadman, jail, Road, Lahore", AUSTRIA,,,,China (CN),,,LPAF,90221400,1 SET OF BRAND NEW FLAT PANEL DETECTOR WITH STD ACCESSORIES.DETAIL AS PER INVOICE.,,1.0,u,30.0,12486.55,23511557490,,
2024-09-12,哥斯达黎加,中国,INNOVETT ANIMAL CARE SOCIEDAD ANONIMA,MINDRAY,,,,,,CHINA,,,,902214000020,SISTEMA DE RADIOGRAFÍA DIGITAL VETIX S380 USO VETERINARIO,,2.0,Unidad (c/u),834.03,39160.37,,,MINDRAY                                                               
2024-09-12,孟加拉国,中国,JIO INTERNATIONAL,MAMDUH HK CO LIMITED,Dag-2658; Uttar Khan PS;,,,,,China,,,,90221400,MEDICAL EQUIPMENT (DELTA X-RAY MACHINE),,4.0,NMB,18.0,18.0,,,
2024-09-12,哥斯达黎加,中国,INNOVETT ANIMAL CARE SOCIEDAD ANONIMA,MINDRAY,,,,,,CHINA,,,,902214000020,SISTEMA DE RADIOGRAFÍA DIGITAL VETIX S380 USO VETERINARIO,,1.0,Unidad (c/u),256.97,12065.63,,,MINDRAY                                                               
2024-09-12,乌兹别克斯坦,中国,ООО GLOBALMED,HNV INTERNATIONAL COMPANY LIMITED,,,,,,0,,,,9022140000,"1. Новое Медицинское Оборудование: год выпуска 2024г. Система рентгеновская хирургическая мобильная С-дугой модель Garion с принадлежностями. Производитель: ""SG Healthcare Co., Ltd"" Корея. - кол. 1 шт, вес: 310 кг 2. мест 2, 2 дерев.ящик. 8. 000 9. 024 10. 2024/Система рентгеновская хирургическая мобильная 11. 02 Общее кол. мест: 2 G31MARKA марка SG Healthcare YEAR10 год производ 2024 PARAM10 Характеристика товара Система рентгеновская хирургическая мобильная",,1.0,Piece,310.0,34000.0,,,
2024-09-12,孟加拉国,中国,JIO INTERNATIONAL,MAMDUH HK CO LIMITED,Dag-2658; Uttar Khan PS;," WAN CHAI, H",,,,CN,,,,90221400,MEDICAL EQUIPMENT (DELTA X-RAY MACHINE),,4.0,,18.0,18.0,,,
2024-09-12,哥伦比亚,中国,GSMED S A S,IRAY TECHNOLOGY COMPANIA LTD,CR 106 15 A 25 MZ 9 BG 12 ET 2,NO. 2 CAOHEJING RD. HAICHANG STREET,,,,CHINA,,,,9022140000,"DO N488-24 DECLARACION(1-1) // NO REQUIERE REGISTRO DE IMPORTACION SEGUN DECRETO 925 DE 2013 // ESTOS PRODUCTOS NO REQUIEREN DE VISTO BUENO NI REGISTRO SANITARIO DEL INVIMA PARA SU IMPORTACION Y COMERCIALIZACION EN COLOMBIA,NO SE PUEDEN USAR EN HUMANOS, SON DE USO UNICO Y EXCLUSIVO VETERINARIO // PRODUCTO: MAQUINA DE RAYOS X PARA USO VETERINARIO, MARCA: EN FISICO NO APLICA, MODELO: CANIS2, REFERENCIA: NO APLICA, USO O DESTINO: ES UN EQUIPO DE USO UNICO Y EXCLUSIVO VETERINARIO, EN LA DETECCION DE IMAGENES INALAMBRICAS DE RAYOS X, TECNICA DE DIAGNOSTICO: POR GENERACION DE RAYOS X PARA EL PROCESAMIENTO DE IMAGENES, SERIAL: HA07031100805242002, ESTE PRODUCTO NO REQUIEREDE REGISTRO SANITARIO NI VISTO BUENO DEL INVIMA, NO PUEDE SER USADO EN HUMANOS ES DE USO UNICO Y EXCLUSIVO VETERINARIO, INCLUYE SUS DEMAS PARTES Y ACCESORIOS PARA SU NORMAL USO E INSTALACION, MERCANCIA NUEVA, PAIS DE ORIGEN:CHINA. CANT (1) UNIDAD // FACTURA NO. IRAY240807000908-1 FECHA 07-08-2024. MERCANCIA NUEVA UBICADA TAR",,1.0,NUMERO DE ARTICULOS,8.0,5037.55,,,
2024-09-11,哈萨克斯坦,中国,RUBIN GROUP LTD LIABILITY COMPANY RUBIN GROPE,DRGEM CORPORATION,"Kazakhstan, Turkestan Region, Shymkent, ANAROVA St., 8, sq. (office) 16","GYEONGSANGBUK-DO, KOREA 39377",,,,,Kazakhstan (KZ),,,902214,"DIGITAL DIAGNOSTIC X-RAY GXR-21SD TS-FT6 SYSTEM; ATP2460048A; WBS-E; AWH2460064A; FT-RAIL; PBT-E API2460088A; GXR-E CAC2461512A; HV PCC2461512A TANK; GRID; CONSOLE; X-RAY TUBE, COLLIMATOR, CASE OF THE TUBE, RUCHKA-BA RZAPCHASTI, DETEKTOR, TSIVROVAYA SISTEMA, MONITOR",,522.6,KG,522.6,21570.0,,,
2024-09-11,卢旺达,中国,GEOFARM LIMITED,SHENZHEN JIYOULONG IMPORT AND EXPORT,,,,,,China,Rwanda,,,90221400,"OTHER APPARATUS BASED ON THE USE OF XRAYS├Á, FOR MEDICAL,",,56.0,NMB,840.0,19899.3,,,
2024-09-11,厄瓜多尔,中国,DREI SOLUCIONES EQUIPOS E IMAGENESMEDICAS CIA LTDA,SHANTOU INSTITUTE OF ULTRASONIC INSTRUMENTS CO LTD,,,,,,CHINA,,HKG-HONG KONG-HONG KONG INTERNATIONAL AIRPORT,,9022140000,EQUIPO DE RAYOS X PORTATIL,,1.0,NUMERO DE UNIDADES,22.8,6306.25,CEC2024EK020165,,SIUI
2024-09-11,越南,中国,CÔNG TY TNHH THIẾT BỊ Y TẾ TẤT THÀNH,TRIUP INTERNATIONAL CORP,"No. 82A Yen Binh Street, Phuc La Ward, Ha Dong District, Hanoi City, Vietnam","8 FLOOR, FENGHUANG CULTURE, BUILDING B, 215 JIANGDONG MIDDLE, ROAD, NINJING, CHINA, CN",,,,China,,SHANGHAI,CANG HAI PHONG,90221400,"Máy chụp X-Quang Model: TR300A dùng trong y tế, nhà sản xuất Triup International Corp, mới 100%,X-Ray Machine Model: TR300A for medical use, manufacturer Triup International Corp, 100% new",,5.0,Set,0.0,29000.0,310824SHS24080169,,
2024-09-11,俄罗斯,中国,ООО ДЖИИ ХЭЛСКЕА,GE HEALTHCARE C O BOVIS,"123112, ВН.ТЕР.Г. МУНИЦИПАЛЬНЫЙ ОКРУГ ПРЕСНЕНСКИЙ, Г.МОСКВА, ПРЕСНЕНСКАЯ НАБ., 1","95470, ZI DE LA GUEPELLE, SAINT-WITZ, BATIMENT B, ,,...",,,GE HUALUN MEDICAL SYSTEMS CO. LTD.,China,Russian Federation,,,9022140000,"АППАРАТУРА НА ОСНОВЕ РЕНТГЕНОВСКОГО ИЗЛУЧЕНИЯ ДЛЯ МЕДИЦИНСКОГО ИСПОЛЬЗОВАНИЯ, ПРЕДНАЗНАЧЕНА ДЛЯ ДИАГНОСТИЧЕСКИХ ИССЛЕДОВАНИЙ, (НЕ СОДЕРЖИТ РАДИОАКТИВНЫХ ИЗОТОПОВ, РАДИОАКТИВНЫХ ВЕЩЕСТB И РАДИОИЗОТОПНЫХ ИЗДЕЛИЙ), НЕ ЯВЛЯЕТСЯ РАДИОЭЛЕКТРОННЫМ СРЕДСТВОМ",,1.0,ШТ,724.0,71836.35,,,GE
2024-09-11,印度,中国,PHILIPS INDIA LIMITED,PHILIPS ELECTRONICS SINGAPORE PTE LTD,"7 JUSTICE CHANDRA MADHAB ROAD,KOLK  ATA ",,,,,CHINA,,Singapore,SAHAR AIR CARGO ACC (INBOM4),90221490,452230016027 MPD CONTROL UNIT (PARTS FOR IXR MACHINE),,1.0,NOS,0.0,447.23,AGMQH7TP0A54K,,
2024-09-10,印度,中国,PHILIPS INDIA LIMITED,PHILIPS ELECTRONICS SINGAPORE PTE LTD,"7, JUSTICE CHANDRA MADHAB ROAD,  KOLKATA, ",,,,,CHINA,,SHANGHAI - PU DONG,SAHAR AIR CARGO ACC (INBOM4),90221490,451210512574 ROCO VELARA REPLACEMENT KIT (PARTS FOR DXR MACHINE),,1.0,NOS,0.0,2374.66,CM220HOHOLM60,,
2024-09-10,哥伦比亚,中国,PROMED COLOMBIA S A S,NANJING PERLOVE MEDICAL EQUIPMENT CO LTD,CR 24 # 22 23,"NO 168 KAIYUAN ROAD, JIANGNING DIST",,,,CHINA,,,,9022140000,"DO 1I242924 PEDIDO TRAMITE: IMP-220 DECLARACION(1-2) MERCANCIA NUEVA VISTO BUENO VINVIMA-24-0101197 DE 2024-08-12. PRODUCTO: SISTEMA DE ARCO EN C DIGITAL DE ALTA FRECUENCIA - ARCO EN C, MARCA: PERLONG MEDICAL, PROMED COLOMBIA, TECH CARE, MODELO: PLX112B,REFERENCIA: SIN REFERENCIA, USO O DESTINO: SISTEMA MOVIL DE RADIOGRAFIA INDICADO PARA SER USADO EN MEDICINA GENERALMENTE EN EL AMBITO QUIRURGICO PARA ADQUISICION Y ANALISIS DE IMAGENES DIAGNOSTICAS Y VISUALIZACION DE ESTRUCTURAS FUNCIONALES E INTERNAS DELOS PACIENTES EN TIEMPO REAL MEDIANTE LA TECNICA DE FLUOROSCOPIA DIGITAL CON RAYOS X, LO QUE PERMITE MOSTRAR EL PROGRESO DE LA CIRUGIA EN CUALQUIER PUNTO DEL PROCEDIMIENTO, FACILITANDO UNA MAYOR PRECISION DURANTE LA MISMA, PERMITIENDO CORROBORAR LOS RESULTADOS ADEMAS DE HACER LAS CORRECCIONES QUE SEAN REQUERIDAS DE FORMA INMEDIATA. COMO CONSECUENCIA OBTENEMOS LA REALIZACION DE MEJORES PROCEDIMIENTOS, MENOS INVASIVOS Y MAS EXACTOS, MEJORES RESULTADOS Y RECUPERACIONES MAS RAPIDAS PARA NUES",,1.0,NUMERO DE ARTICULOS,335.0,28681.24,,,
2024-09-09,土耳其,中国,HASVET MEDİKAL YAZILIM SAĞLIK HİZMETLERİ SANAYİ VE TİCARET ANONİM ŞİRKETİ,MINDRAY ANIMAL MEDICAL TECHNOLOGY CO LIMITED,,,,,,ÇİN HALK CUMHURİYETİ,,,İSTANBUL HAVALİMANI GÜMRÜK MÜDÜRLÜĞÜ,902214000000,VETERİNERLİK AMAÇLI X-RAY CİHAZI,,620.0,KİLOGRAM,600.0,119363.71,24341453IM00518549,,
2024-09-09,乌克兰,中国,ТОВ ЕКНА УКРАЇНА,SHENZHEN LANMAGE MEDICAL TECHNOLOGY CO LTD,02141 МІСТО КИЇВ ВУЛ ЛАРИСИ РУДЕНКО 6А,1ST FLOOR BUILDING C JINGCHENGDA INDUSTRIAL PARK NO 4 KEJI ROAD,,,,China,,,,9022140000,АПАРАТУРА ЩО ВИКОРИСТОВУЄ РЕНТГЕНІВСЬ КЕ ВИПРОМІНЮВАННЯ ПРИЗНАЧЕНА ДЛЯ МЕДИЧН ОГО ВИКОРИСТАННЯ АПАРАТ РЕНТГЕНІВСЬКИЙ ДІАГНОСТИЧНИЙ МОБІЛЬНИЙ ТОРГОВЕЛЬНА НАЗВА СИСТЕМА МОБІЛЬНА РЕНТГЕНІВСЬКА РАДІОГРАФІЧНА KEEN RAY DR 50M 1КОМПЛЕКТ ДО КОМПЛЕКТУ ВХОДИТЬ МОНОБЛОК ЩО СКЛАДАЄТЬСЯ З ПОРТАТИВНОГО РЕНТГЕНІВСЬКОГО ВИСОКОЧАСТОТНОГО ГЕНЕРАТ ОРА 5 6КВТ ТА РЕНТГЕНІВСЬКОЇ ТРУБКИ ВИП РОМІНЮВАЧА НА КРОН ШТЕЙНІ ЩО СКЛАДАЄТЬС Я ТА КРІПИТЬСЯ ДО МОБІЛЬНОГО ВІЗКА 1 ШТ РУЧНИЙ РЕНТГЕНІВСЬКИЙ КОЛІМАТОРЗ ІНДИКАЦІЄЮ ПОЛЯ ЗОРУ 1 ШТ ЦИФРОВИЙ ПЛОСКОПАНЕЛЬНИЙ ДЕТЕКТОР РЕНТГ ЕНОГРАФІЧНОГО ЗОБРАЖЕННЯ 17 Х17 БЕЗДРОТОВИЙ ІЗ ЗАХИСНОЮ КРИШКОЮ 1 ШТ МОБІЛЬНИЙ ВІЗОК З ЧОТИРМА КОЛЕСАМИ ТА ОТВОРАМИ ДЛЯ КРІПЛЕННЯ 1 ШТ СТАНЦІЯ ВІЗУАЛІЗАЦІЇ РОБОЧА СТАНЦІЯ З НОУТБУКОМ 15 ДЮЙМІВ ТА ПРОФЕСІЙНИМ ПРОГРАМНИМ ЗАБЕЗПЕЧЕННЯМ 1 ШТ КЕЙС ДЛЯ ТРАНСПОРТУВАННЯ РЕНТГЕНА 1 ШТ НОМІНАЛЬНА НАПРУГА 220 В ЗМІННОГО СТРУМУ 50 60 ГЦ ПРИЗНАЧЕННЯ ВИРОБІВ ТА СПОСІБ ДІЇ ДЛЯ ДОСЛІДЖЕННЯ ВНУТРІШНІХ ОРГАНІВ І СИСТЕМ ЛЮДСЬКОГООРГАНІЗМУ ШЛЯХОМ ЇХ ПРОЕКЦІЇ НА СПЕЦ,,1.0,ШТ,150.0,16200.0,,,
2024-09-09,印度,中国,SIEMENS HEALTHCARE PRIVATE LIMITED,SIEMENS HEALTHINEERS AG,"130, PANDURANG BUDHKAR MARG,  N/A",,,,,CHINA,,Shanghai,SAHAR AIR CARGO ACC (INBOM4),90221490,IMAGE INTENSIFIER CIOS SELECT SYSTEM COMPLETE WITH ACCESSORIES ( AS PER INV ) CIOS SELECT VA21II,,1.0,SET,0.0,37882.6,DXDXSZDHK58SG,,
2024-09-09,厄瓜多尔,中国,DREI SOLUCIONES EQUIPOS E IMAGENESMEDICAS CIA LTDA,SHANTOU INSTITUTE OF ULTRASONIC INSTRUMENTS CO LTD,,,,,,CHINA,,HKG-HONG KONG-HONG KONG INTERNATIONAL AIRPORT,,9022140000,EQUIPO DE RAYOS X PORTATIL,,1.0,NUMERO DE UNIDADES,23.2,6306.25,CEC2024EK020165,,SIUI
2024-09-09,印度,中国,SIEMENS HEALTHCARE PRIVATE LIMITED,SIEMENS HEALTHINEERS AG,"130, PANDURANG BUDHKAR MARG,  N/A",,,,,CHINA,,Shanghai,NHAVA SHEVA SEA (INNSA1),90221490,( IMAGE INTENSIFIER CIOS SYSTEM COMPLETE WITH ACCESSORIES (AS PER INV)) CIOS SELECT VA21,,1.0,SET,0.0,25213.3,OD0HPJPQ587FS,,
2024-09-09,科特迪瓦,中国,USAGER POUR DÉCLARATION SIMPLIFIÉE,,"BP V25,RCI",,,,,Chine,COTE D'IVOIRE,,,9022140000,"9022140000 - -- Appareils à rayons X pour usages médicaux, ch",,1.0,,29.0,133.7656,,,
2024-09-09,菲律宾,中国,ELAN VITA DIAGNOSTIC SOLUTIONS,SHENZHEN ANGELL TECHNOLOGY CO LTD,"NO. 78 BAYANIHAN VILLAGE, QUIOT PARDO CEBU CITY, CEBU CITY",,,,,CHINA,,,,90221400000,"DIGITAL MEDICAL X-RAY MAMMOGRAPHY SYSTEM / DIGITAL MEDICAL X-RAY RADIOGRAPHIC SYSTEM, DM156A MODEL - QTY. 1 UNIT - (ANGELL)",,1.0,PIECE,665.0,65078.5,A33EX48997,,
2024-09-08,厄瓜多尔,中国,DREI SOLUCIONES EQUIPOS E IMAGENESMEDICAS CIA LTDA,,,,,,,ITALIA,,-,,9022140000,EQUIPO PANORAMICO DENTAL,,1.0,NUMERO DE UNIDADES,234.85,17529.8,,,CEFLA
2024-09-08,厄瓜多尔,中国,DREI SOLUCIONES EQUIPOS E IMAGENESMEDICAS CIA LTDA,,,,,,,ITALIA,,-,,9022140000,EQUIPO PANORAMICO DENTAL,,1.0,NUMERO DE UNIDADES,229.05,17097.3,,,CEFLA
2024-09-08,美国,中国,AMICO CORP,AUTEC POWER SYSTEMS, 120 FULTON WAYRICHMOND HILL ON L4B 1J5 CANADA RICHMOND HILL ONL4B 1J5 CA ,BUILDING 8 WEST DISTRICT ENLIGHTENMENT FASHION SCIENCE AND TECHNOLOGY CITY WEIXIN ROAD NO 60 SUZHOU CN ,AMICO CORP, 120 FULTON WAY RICHMOND HILL ON L4B 1J5 CANADA RICHMONDHILL ONL4B 1J5 CA ,,"CN, CHINA",,SHANGHAI,"SEATTLE,WA",902214,SWITCH POWER SUPPLY UPS 25-2002 APS240708-G S2 FOR MEDICAL USE,AUTEC POWER SYSTEM,8.0,CTN,120.0,0.0,AWOSASSHA2408337,DFSU6931067,
2024-09-07,埃塞俄比亚,中国,ETHIOPIAN PHARMACEUTICALS SUPPLY AG,,,,,,,China,,,,90221400,"-- Other, for medical, surgical or veterinary uses",,1.0,UNT,1184.0,86113.57,,,
2024-09-06,印度,中国,PHILIPS INDIA LIMITED,PHILIPS ELECTRONICS SINGAPORE PTE LTD,"7, JUSTICE CHANDRA MADHAB ROAD,  KOLKATA, ",,,,,CHINA,,Singapore,SAHAR AIR CARGO ACC (INBOM4),90221490,459800748422 C-ARM PWM CONTROLLER_PACK (PARTS FOR IXR MACHINE),,1.0,NOS,0.0,402.35,YA7ARCZBVHVK5,,
2024-09-06,乌干达,中国,OFFICE OF THE PRIME MINISTERKAMPALA KAMPALA CENTRAL DIVI KAMPALA CENTRAL DIVISIONKAMPALASIR APOLLO KAGGWA ROAD TWIN TOWERS OFFICE OF THE PRESIDENT00 341 KAMPALA,HEADWIN LOGISTICS CO LTD,,,,,,CHINA,UGANDA,,,90221400000,X RAY LEAD SHIELD,,1.0,Number,13.0,240.0001,,,
2024-09-06,厄瓜多尔,中国,DREI SOLUCIONES EQUIPOS E IMAGENESMEDICAS CIA LTDA,,,,,,,ITALIA,,-,,9022140000,EQUIPO PANORAMICO DENTAL,,1.0,NUMERO DE UNIDADES,234.85,17529.8,,,CEFLA
2024-09-06,厄瓜多尔,中国,DREI SOLUCIONES EQUIPOS E IMAGENESMEDICAS CIA LTDA,,,,,,,ITALIA,,-,,9022140000,EQUIPO PANORAMICO DENTAL,,1.0,NUMERO DE UNIDADES,229.05,17097.3,,,CEFLA
2024-09-06,厄瓜多尔,中国,DREI SOLUCIONES EQUIPOS E IMAGENESMEDICAS CIA LTDA,,,,,,,ITALIA,,-,,9022140000,EQUIPO PANORAMICO DENTAL,,1.0,NUMERO DE UNIDADES,234.85,17529.8,,,CEFLA
2024-09-06,乌干达,中国,OFFICE OF THE PRIME MINISTERKAMPALA KAMPALA CENTRAL DIVI KAMPALA CENTRAL DIVISIONKAMPALASIR APOLLO KAGGWA ROAD TWIN TOWERS OFFICE OF THE PRESIDENT00 341 KAMPALA,HEADWIN LOGISTICS CO LTD,,,,,,CHINA,UGANDA,,,90221400000,X RAY GONALD SHIELD,,1.0,Number,4.0,140.0001,,,
2024-09-06,厄瓜多尔,中国,DREI SOLUCIONES EQUIPOS E IMAGENESMEDICAS CIA LTDA,,,,,,,ITALIA,,-,,9022140000,EQUIPO PANORAMICO DENTAL,,1.0,NUMERO DE UNIDADES,229.05,17097.3,,,CEFLA
2024-09-06,俄罗斯,中国,GE HEALTHCARE LLC,GE HUALUN MEDICAL SYSTEMS CO LTD BY ORDER GE HEALTHCARE TRADE&DEVELOPMENT LLC,"10, PRESNENSKYA NABEREZHNAYA",No. 1 NORTH YONG CHANG STREET,,,,,Russia (RU),,,902214,THE DEVICE X-RAY MOBILE WITH ONE OEC S-DUGOY WITH ACCESSORIES,,4533.0,KG,4533.0,184518.83,,,
2024-09-06,乌干达,中国,OFFICE OF THE PRIME MINISTERKAMPALA KAMPALA CENTRAL DIVI KAMPALA CENTRAL DIVISIONKAMPALASIR APOLLO KAGGWA ROAD TWIN TOWERS OFFICE OF THE PRESIDENT00 341 KAMPALA,HEADWIN LOGISTICS CO LTD,,,,,,CHINA,UGANDA,,,90221400000,XRAY MACHINE WITH CR SYSTEM,,4.0,Number,739.0,68944.0001,,,
2024-09-06,乌干达,中国,OFFICE OF THE PRIME MINISTERKAMPALA KAMPALA CENTRAL DIVI KAMPALA CENTRAL DIVISIONKAMPALASIR APOLLO KAGGWA ROAD TWIN TOWERS OFFICE OF THE PRESIDENT00 341 KAMPALA,HEADWIN LOGISTICS CO LTD,,,,,,CHINA,UGANDA,,,90221400000,XRAY PROTERCTIVE LEAD APPRON,,1.0,Number,9.5,340.0001,,,
2024-09-05,乌兹别克斯坦,中国,ООО INTERMED INNOVATION TRADE,SHENZHEN BROWINER TECH CO LTD,,,,,,0,,,,9022140000,"1)Digital radiography system Beatle-05P with accessories / Портативная рентгенографическая система  Beatle-05P с принадлежностями, сер № BRW146202407001,  Производитель: Shenzhen Browiner Tech Co.,  Ltd: вес: 185 кг, кол. 1 шт; 2) Вид и количество упаковки:1  Деревянный ящик; 8) Код инвестпрограммы:000; 9) Код технологического оборудования:024; 10) Год изготовления и технические параметры:2024/230 VAC 50Hz; 11) Признак госзакупок:02; G31MARKA марка Browiner YEAR10 год производ 2024 PARAM10 Характеристика товара 230 VAC 50Hz",,1.0,Piece,185.0,24500.0,,,
2024-09-05,俄罗斯,中国,ООО ИМК ИНСАЙТ,GE MEDICAL SYSTEMS SCS,"664075, ИРКУТСКАЯ ОБЛ., ИРКУТСК, БАЙКАЛЬСКАЯ УЛ, ДОМ № 239,","78530, , BUC CEDEX, 283, RUE DE LA MINIERE B.P., ..,,.",,,GE HUALUN MEDICAL SYSTEMS CO. LTD..,China,Russian Federation,,,9022140000,"АППАРАТУРА НА ОСНОВЕ РЕНТГЕНОВСКОГО ИЗЛУЧЕНИЯ ДЛЯ МЕДИЦИНСКОГО, ХИРУРГИЧЕСКОГО ИЛИ ВЕТЕРИНАРНОГО ИСПОЛЬЗОВАНИЯ, ПРОЧАЯ: УСТАНОВКА МАММОГРАФИЧЕСКАЯ SENOGRAPHE CRYSTAL NOVA С ПРИНАДЛЕЖНОСТЯМИ: СОСТАВ: 1. ГЕНЕРАТОР РЕНТГЕНОBСКИЙ. 2. ИЗЛУЧАТЕЛЬ",,3.0,ШТ,2283.0,466127.76,,,GE
2024-09-05,哈萨克斯坦,中国,ТОО PROMSPECSTROY,SHINOVA MEDICAL CO LTD, , ,,,"SHINOVA MEDICAL CO.,LTD.",China,Kazakhstan,,,9022140000,"1. VETERINARY DIGITAL X-RAY (DR). ВЕТЕРИНАРНЫЙ МОБИЛЬНЫЙ РЕНТГЕНОВСКИЙ АППАРАТ С ВЫСОКИМ УРОВНЕМ  ЧАСТОТЫ., ВЕТЕРИНАРНЫЙ МОБИЛЬНЫЙ РЕНТГЕНОВСКИЙ АППАРАТ.",,1.0,ШТ,374.0,23643.19,,,Б/М
2024-09-05,埃塞俄比亚,中国,FRANSIBEKAN TRADING P L C,,,,,,,China,,,,90221400,"-- Other, for medical, surgical or veterinary uses",,10.0,UNT,93.0,146110.02,,,
2024-09-05,乌兹别克斯坦,中国,OOO SHENZHEN BROWINER DISTRIBUTOR,SHENZHEN BROWINER TECH CO LTD,,,,,,0,,,,9022140000,"1. Портативная рентгенографическая система Beatle-05P с принадлежностями (Приложение), 7 комплект. Комплектация согласно регистрационное удостоверение № ТТ/Х 03164/12/19. Новый 2024 года выпуска. Производитель: Shenzhen Browiner Tech Co., Ltd, Китай. - кол. 7 шт, вес: 678 кг 2. мест 13, 13 дерев.ящик. 8. 000 9. 024 10. 2024/год выпуска, новый. 11. 02 Общее кол. мест: 13 G31MARKA марка Browiner YEAR10 год производ 2024 PARAM10 Характеристика товара год выпуска, новый.",,7.0,Piece,678.0,97300.0,,,
2024-09-05,阿富汗,中国,KAMAL NOMAN SAMADI LTD,HUOERGUOSI RONGDA TRADING CO LTD,KAHID-HAN, ,,,,,Afghanistan (AF),,,902214,MEDICAL DEVICE,,150.0,KG,150.0,57.0,,,
2024-09-05,乌兹别克斯坦,中国,OOO SHENZHEN BROWINER DISTRIBUTOR,SHENZHEN BROWINER TECH CO LTD,,,,,,0,,,,9022140000,"1. Мобильная рентгеновская система С-дугой модель CompaX 500C (Mobile C-arm X-ray System) с принадлежностями (Приложение), 5 комплект. Комплектация согласно регистрационное удостоверение № TT/X TO 06383/07/23. Новый 2024 года выпуска. Производитель: Shenzhen Browiner Tech Co., Ltd, Китай. - кол. 5 шт, вес: 2375 кг 2. мест 10, 10 дерев.ящик. 8. 000 9. 024 10. 2024/год выпуска, новый. 11. 02 Общее кол. мест: 10 G31MARKA марка Browiner YEAR10 год производ 2024 PARAM10 Характеристика товара год выпуска, новый.",,5.0,Piece,2375.0,135000.0,,,
2024-09-05,哈萨克斯坦,中国,ТОО PROMSPECSTROY,SHINOVA MEDICAL CO LTD, , ,,,"SHINOVA MEDICAL CO.,LTD.",China,Kazakhstan,,,9022140000,"1. PORTABLE VETERINARY DIGITAL X-RAY. ПОРТАТИВНЫЙ ЦИФРОВОЙ РЕНТГЕН ДЛЯ ЛОШАДЕЙ., ДЛЯ ЛОШАДЕЙ.",,1.0,ШТ,117.0,21696.07,,,Б/М
2024-09-05,乌兹别克斯坦,中国,OOO SHENZHEN BROWINER DISTRIBUTOR,SHENZHEN BROWINER TECH CO LTD,,,,,,0,,,,9022140000,"1. Мобильная рентгеновская система С-дугой модель CompaX 500C (Mobile C-arm X-ray System) с принадлежностями (Приложение), 5 комплект. Комплектация согласно регистрационное удостоверение № TT/X TO 06383/07/23. Новый 2024 года выпуска. Производитель: Shenzhen Browiner Tech Co., Ltd, Китай. - кол. 5 шт, вес: 2375 кг 2. мест 10, 10 дерев.ящик. 8. 000 9. 024 10. 2024/год выпуска, новый. 11. 02 Общее кол. мест: 10 G31MARKA марка Browiner YEAR10 год производ 2024 PARAM10 Характеристика товара год выпуска, новый.",,5.0,Piece,2375.0,135000.0,,,
2024-09-05,乌兹别克斯坦,中国,OOO SHENZHEN BROWINER DISTRIBUTOR,SHENZHEN BROWINER TECH CO LTD,,,,,,0,,,,9022140000,"1. Портативная рентгенографическая система Beatle-05P с принадлежностями (Приложение), 7 комплект. Комплектация согласно регистрационное удостоверение № ТТ/Х 03164/12/19. Новый 2024 года выпуска. Производитель: Shenzhen Browiner Tech Co., Ltd, Китай. - кол. 7 шт, вес: 678 кг 2. мест 13, 13 дерев.ящик. 8. 000 9. 024 10. 2024/год выпуска, новый. 11. 02 Общее кол. мест: 13 G31MARKA марка Browiner YEAR10 год производ 2024 PARAM10 Характеристика товара год выпуска, новый.",,7.0,Piece,678.0,97300.0,,,
2024-09-04,哥斯达黎加,中国,LATIN AMERICAN BIOPHARMA LABSA SOCIEDAD ANONIMA,NEUSOFT MEDICAL SYSTEMS CO L,,,,,,CHINA,,,,902214000020,TOMOGRAFO DE USO VETERINARIO M:NEUSOFT MOD.:NEUVIZ TOMOGRAFO,,1.0,Unidad (c/u),2058.7,57929.31,,,M:NEUSOFT                                                             
2024-09-03,菲律宾,中国,PHARMAGEM INC,GUANGZHOU MAO RONG SUPPLY CHAIN MANAGEMENT CO LTD,"SF05 2ND FLOOR SANTANA GROVE DR A SANTOS AVENUE SAN ANTONIO, PARANAQUE",,,,,CHINA,,,,90221400000,2 SETS OF XRAY MACHINE,,2.0,PIECE,769.5,28471.5,CNH0686204B,,
2024-09-03,厄瓜多尔,中国,DREI SOLUCIONES EQUIPOS E IMAGENESMEDICAS CIA LTDA,,,,,,,ITALIA,,-,,9022140000,EQUIPO PANORAMICO DENTAL,,1.0,NUMERO DE UNIDADES,234.85,17300.65,,,CEFLA
2024-09-03,土耳其,中国,GE MEDİCAL SYSTEMS TÜRKİYE LİMİTED ŞİRKETİ,GE HEALTHCARE TRADE AND DEVELOPMENT LLC,,,,,,ÇİN HALK CUMHURİYETİ,,,MURATBEY GÜMRÜK MÜDÜRLÜĞÜ,902214000000,MAMOGRAFİ CİHAZI(KULLANIMI İÇİN GEREKLİ TÜM TEFERRUATIYLA BİRLİKTE) (PARÇA KODU:S30432AG),,1580.0,KİLOGRAM,1264.0,117101.28,24341300IM00186156,,
2024-09-03,印度,中国,SIEMENS HEALTHCARE PRIVATE LIMITED,SIEMENS HEALTHINEERS AG,"130, PANDURANG BUDHKAR MARG,  N/A",,,,,CHINA,,Shekou,NHAVA SHEVA SEA (INNSA1),90221490,( CARDIAC AND VASCULAR ANGIOGRAPHY INCL DSA COMPLETE WITHACCESSORIES ( AS PER INV ) ) ARTIS ONE,,1.0,SET,0.0,250717.0,ZAPR7QR7PG2H6,,
2024-09-03,阿富汗,中国,BILAL NOUMAN MUBASHIR LTD,HUOERGUOSI RONGDA TRADING CO LTD,"NENGAR-HAR CENTER, SHOPPING CENTER ETIKHAT TOWER","HUOERGUOSI,YILI",,,,,Afghanistan (AF),,,902214,medical device,,345.0,KG,345.0,134.0,,,
2024-09-03,厄瓜多尔,中国,DREI SOLUCIONES EQUIPOS E IMAGENESMEDICAS CIA LTDA,,,,,,,ITALIA,,-,,9022140000,EQUIPO PANORAMICO DENTAL,,1.0,NUMERO DE UNIDADES,195.18,14378.46,,,CEFLA
2024-09-03,卢旺达,中国,GEOFARM LIMITED,FOCUS INTERNATIONAL COMPANY LIMITED,,,,,,China,Rwanda,,,90221400,"OTHER APPARATUS BASED ON THE USE OF XRAYS├Á, FOR MEDICAL,",,35.0,NMB,280.0,694.554,,,
2024-09-03,厄瓜多尔,中国,DREI SOLUCIONES EQUIPOS E IMAGENESMEDICAS CIA LTDA,,,,,,,ITALIA,,-,,9022140000,EQUIPO PANORAMICO DENTAL,,1.0,NUMERO DE UNIDADES,229.05,16873.8,,,CEFLA
2024-09-03,厄瓜多尔,中国,DREI SOLUCIONES EQUIPOS E IMAGENESMEDICAS CIA LTDA,,,,,,,ITALIA,,-,,9022140000,EQUIPO PANORAMICO DENTAL,,1.0,NUMERO DE UNIDADES,229.05,16873.8,,,CEFLA
2024-09-03,阿富汗,中国,BILAL NOUMAN MUBASHIR LTD,HUOERGUOSI RONGDA TRADING CO LTD,"NENGAR-HAR CENTER, SHOPPING CENTER ETIKHAT TOWER","HUOERGUOSI,YILI",,,,,Afghanistan (AF),,,902214,spray pumps,,20.0,KG,20.0,7.0,,,
2024-09-02,印度,中国,CARESTREAM HEALTH INDIA PRIVATE LIMITED,CARESTREAM HEALTH HK HOLDING LTD,"SUNTECK CENTRE,1ST FLOOR,NR.GARWARE SUBHASH ROAD,VILE PARLE(E) ",,,,,CHINA,,Shanghai,NHAVA SHEVA SEA (INNSA1),90221490,6704548 TUBESTAND Z&ALPHA MOTORIZD 8 BUTTON C/F (ACCESSORIESFOR DRX COMPASS SYSTEM),,1.0,NOS,0.0,5583.99,8TCDIS2FHWECP,,
2024-09-02,印度,中国,CARESTREAM HEALTH INDIA PRIVATE LIMITED,CARESTREAM HEALTH HK HOLDING LTD,"SUNTECK CENTRE,1ST FLOOR,NR.GARWARE SUBHASH ROAD,VILE PARLE(E) ",,,,,CHINA,,Shanghai,NHAVA SHEVA SEA (INNSA1),90221490,"6701718 GRID, 44LINE/CM, FD 130, RATIO 10 TO 1 (ACCESSORIESFOR DRX COMPASS SYSTEM)",,1.0,NOS,0.0,474.25,8TCDIS2FHWECP,,
2024-09-02,乌兹别克斯坦,中国,INTERMED INNOVATION TRADE LLC,SHENZHEN ANGELL TECHNOLOGY CO LTD ON BEHALF OF M R J MEDICAL EQUIPMENT TRADING L L Æ,"10A, CHINOBOD STREET, UZBEKISTAN",": ROOM 408, BUILDING A, HUAHAN INNOVATION PARK, LANGSHAN RD, NANSHAN DISTRICT, SHENZHEN",,,,,Uzbekistan (UZ),,,902214,System radiographic medical digital,,2314.0,KG,2314.0,100000.0,,,
2024-09-02,印度,中国,CARESTREAM HEALTH INDIA PRIVATE LIMITED,CARESTREAM HEALTH HK HOLDING LTD,"SUNTECK CENTRE,1ST FLOOR,NR.GARWARE SUBHASH ROAD,VILE PARLE(E) ",,,,,CHINA,,Shanghai,NHAVA SHEVA SEA (INNSA1),90221490,6554083 CARESTREAM DR LLI STAND (ACCESSORIES FOR DRX COMPASSSYSTEM),,1.0,NOS,0.0,2819.49,8TCDIS2FHWECP,,
2024-09-02,印度,中国,CARESTREAM HEALTH INDIA PRIVATE LIMITED,CARESTREAM HEALTH HK HOLDING LTD,"SUNTECK CENTRE,1ST FLOOR,NR.GARWARE SUBHASH ROAD,VILE PARLE(E) ",,,,,CHINA,,Shanghai,NHAVA SHEVA SEA (INNSA1),90221490,6704506 CARESTREAM ION CHAMBER 3 FIELD CIC-1 (ACCESSORIES FOR DRX COMPASS SYSTEM),,2.0,NOS,0.0,510.02,8TCDIS2FHWECP,,
2024-09-02,印度,中国,CARESTREAM HEALTH INDIA PRIVATE LIMITED,CARESTREAM HEALTH HK HOLDING LTD,"SUNTECK CENTRE,1ST FLOOR,NR.GARWARE SUBHASH ROAD,VILE PARLE(E) ",,,,,CHINA,,Shanghai,NHAVA SHEVA SEA (INNSA1),90221490,6705180 KIT TUBE FMT FLOOR RAIL SID FEEDBACK C/F (ACCESSORIES FOR DRX COMPASS SYSTEM),,1.0,NOS,0.0,163.35,8TCDIS2FHWECP,,
2024-09-02,印度,中国,CARESTREAM HEALTH INDIA PRIVATE LIMITED,CARESTREAM HEALTH HK HOLDING LTD,"SUNTECK CENTRE,1ST FLOOR,NR.GARWARE SUBHASH ROAD,VILE PARLE(E) ",,,,,CHINA,,Shanghai,NHAVA SHEVA SEA (INNSA1),90221490,8621963 FOCUS WOD BUCKY FOR TABLE (ACCESSORIES FOR DRX COMPASS SYSTEM),,1.0,NOS,0.0,988.48,8TCDIS2FHWECP,,
2024-09-02,印度,中国,CARESTREAM HEALTH INDIA PRIVATE LIMITED,CARESTREAM HEALTH HK HOLDING LTD,"SUNTECK CENTRE,1ST FLOOR,NR.GARWARE SUBHASH ROAD,VILE PARLE(E) ",,,,,CHINA,,Shanghai,NHAVA SHEVA SEA (INNSA1),90221490,6706535 COMPASS BRANDING ACC KIT IN1 (ACCESSORIES FOR DRX COMPASS SYSTEM),,1.0,NOS,0.0,452.05,8TCDIS2FHWECP,,
2024-09-02,印度,中国,CARESTREAM HEALTH INDIA PRIVATE LIMITED,CARESTREAM HEALTH HK HOLDING LTD,"SUNTECK CENTRE,1ST FLOOR,NR.GARWARE SUBHASH ROAD,VILE PARLE(E) ",,,,,CHINA,,Shanghai,NHAVA SHEVA SEA (INNSA1),90221490,8622151 WALLSTAND LATERAL ARM SUPPORT C/F (ACCESSORIES FOR DRX COMPASS SYSTEM),,1.0,NOS,0.0,139.13,8TCDIS2FHWECP,,
2024-09-02,印度,中国,CARESTREAM HEALTH INDIA PRIVATE LIMITED,CARESTREAM HEALTH HK HOLDING LTD,"SUNTECK CENTRE,1ST FLOOR,NR.GARWARE SUBHASH ROAD,VILE PARLE(E) ",,,,,CHINA,,Shanghai,NHAVA SHEVA SEA (INNSA1),90221490,8621898 FOCUS WOD BUCKY FOR WS (ACCESSORIES FOR DRX COMPASSSYSTEM),,1.0,NOS,0.0,1067.76,8TCDIS2FHWECP,,
2024-09-02,印度,中国,CARESTREAM HEALTH INDIA PRIVATE LIMITED,CARESTREAM HEALTH HK HOLDING LTD,"SUNTECK CENTRE,1ST FLOOR,NR.GARWARE SUBHASH ROAD,VILE PARLE(E) ",,,,,CHINA,,Shanghai,NHAVA SHEVA SEA (INNSA1),90221490,6704878 X-RAY FMT SYSTEM DIGITAL CONSOLE PDU C/F (ACCESSORIES FOR DRX COMPASS SYSTEM),,1.0,NOS,0.0,2689.01,8TCDIS2FHWECP,,
2024-09-02,印度,中国,CARESTREAM HEALTH INDIA PRIVATE LIMITED,CARESTREAM HEALTH HK HOLDING LTD,"SUNTECK CENTRE,1ST FLOOR,NR.GARWARE SUBHASH ROAD,VILE PARLE(E) ",,,,,CHINA,,Shanghai,NHAVA SHEVA SEA (INNSA1),90221490,8622177 ACCESSORY-AUTOTRACKING HANDLE FOR TABLE (ACCESSORIESFOR DRX COMPASS SYSTEM),,1.0,NOS,0.0,83.96,8TCDIS2FHWECP,,
2024-09-02,印度,中国,CARESTREAM HEALTH INDIA PRIVATE LIMITED,CARESTREAM HEALTH HK HOLDING LTD,"SUNTECK CENTRE,1ST FLOOR,NR.GARWARE SUBHASH ROAD,VILE PARLE(E) ",,,,,CHINA,,Shanghai,NHAVA SHEVA SEA (INNSA1),90221490,6701577 COLLIMATOR AUTO R221 ACS DHHS (ACCESSORIES FOR DRX COMPASS SYSTEM),,1.0,NOS,0.0,2724.06,8TCDIS2FHWECP,,
2024-09-02,印度,中国,CARESTREAM HEALTH INDIA PRIVATE LIMITED,CARESTREAM HEALTH HK HOLDING LTD,"SUNTECK CENTRE,1ST FLOOR,NR.GARWARE SUBHASH ROAD,VILE PARLE(E) ",,,,,CHINA,,Shanghai,NHAVA SHEVA SEA (INNSA1),90221490,6704985 FLOOR MOUNT TUBESTAND RAIL 10FT RAIL C/F (ACCESSORIES FOR DRX COMPASS SYSTEM),,1.0,NOS,0.0,477.21,8TCDIS2FHWECP,,
2024-09-02,俄罗斯,中国,АО ИНТЕЛМЕД,GE MEDICAL SYSTEMS SCS,"191124, ГОРОД, САНКТ-ПЕТЕРБУРГ, НОВГОРОДСКАЯ УЛИЦА, ДОМ 23 ЛИТЕР А, ПОМЕЩЕНИЕ 15","78530 BUC, FRANCE, CEDEX, 283, RUE DE LA MINIERE B.P. 34, ..,,.",,,GE HUALUN MEDICAL SYSTEMS CO LTD.,China,Russian Federation,,,9022140000,КОД ОКПД 2 26.60.11.112 МЕДИЦИНСКОЕ ИЗДЕЛИЕ.,,1.0,ШТ,403.0,79579.8,,,GE
2024-09-02,韩国,中国,KUEHNE NAGEL LTD,KUEHNE AND NAGEL LTD,"82 UISADANG-DAERO,20TH FL 07321  ,,","1401 JIANGCHANG ROAD,BUILDING 4,1401 ",,,,CHINA,KOREA,Shanghai,Busan,902214,"TEMU5389333 22G0 SHIPPER'S SEAL: CN9519145 
2 PACKAGE GROSS WEIGHT: 1390 KGS MEASUREMENT: 11.752 CBM 
  CIOS SELECT 
  HS:902214 
MARKS AND NUMBERS: 
  SIEMENS 
 **DAGMAR.FROEHLER@SIEMENS-HEALTHINEERS.COM",,2.0,PACKAGE,1390.0,0.0,278594832,,
2024-09-02,印度,中国,CARESTREAM HEALTH INDIA PRIVATE LIMITED,CARESTREAM HEALTH HK HOLDING LTD,"SUNTECK CENTRE,1ST FLOOR,NR.GARWARE SUBHASH ROAD,VILE PARLE(E) ",,,,,CHINA,,Shanghai,NHAVA SHEVA SEA (INNSA1),90221490,6703680 BRANDING KIT DRX-COMPASS TABLE ONLY (ACCESSORIES FORDRX COMPASS SYSTEM),,1.0,NOS,0.0,245.79,8TCDIS2FHWECP,,
2024-09-02,印度,中国,CARESTREAM HEALTH INDIA PRIVATE LIMITED,CARESTREAM HEALTH HK HOLDING LTD,"SUNTECK CENTRE,1ST FLOOR,NR.GARWARE SUBHASH ROAD,VILE PARLE(E) ",,,,,CHINA,,Shanghai,NHAVA SHEVA SEA (INNSA1),90221490,6701692 TABLE QT-750 W/O BUCKY C/F (ACCESSORIES FOR DRX COMPASS SYSTEM),,1.0,NOS,0.0,6229.42,8TCDIS2FHWECP,,
2024-09-02,印度,中国,CARESTREAM HEALTH INDIA PRIVATE LIMITED,CARESTREAM HEALTH HK HOLDING LTD,"SUNTECK CENTRE,1ST FLOOR,NR.GARWARE SUBHASH ROAD,VILE PARLE(E) ",,,,,CHINA,,Shanghai,NHAVA SHEVA SEA (INNSA1),90221490,"6701700 GRID,44LINE/CM,FD 100,RATIO 10 TO 1 (ACCESSORIES FORDRX COMPASS SYSTEM)",,1.0,NOS,0.0,473.57,8TCDIS2FHWECP,,
2024-09-02,智利,中国,,,,,,,,CHINA,,other ports of argentina,Aeropuerto comodoro arturo merino ,90221419,"PARA DIAGNOSTICO MEDICO, SERIE NO. GMA-B11005-50322",,1.0,UNIDADES,538.0,45500.0,936-00678016,,LANMAGE-F
2024-09-02,厄瓜多尔,中国,SIEMENS HEALTHCARE CIA LTDA,SIEMENS SHANGHAI MEDICAL EQUIPMENT LTD,,,,,,CHINA,,CNSHA-,,9022140000,EQUIPO DE RAYOS X TELECOMANDADO MODELO MULTIX IMPACT,,1.0,NUMERO DE UNIDADES,1241.0,67983.34,CEC2024WHLU5734,,MULTIX
2024-09-02,印度,中国,CARESTREAM HEALTH INDIA PRIVATE LIMITED,CARESTREAM HEALTH HK HOLDING LTD,"SUNTECK CENTRE,1ST FLOOR,NR.GARWARE SUBHASH ROAD,VILE PARLE(E) ",,,,,CHINA,,Shanghai,NHAVA SHEVA SEA (INNSA1),90221490,8621658 GENERATOR GRP C 50KW 3P 380-480 VAC (ACCESSORIES FORDRX COMPASS SYSTEM),,1.0,NOS,0.0,5170.18,8TCDIS2FHWECP,,
2024-09-02,印度,中国,CARESTREAM HEALTH INDIA PRIVATE LIMITED,CARESTREAM HEALTH HK HOLDING LTD,"SUNTECK CENTRE,1ST FLOOR,NR.GARWARE SUBHASH ROAD,VILE PARLE(E) ",,,,,CHINA,,Shanghai,NHAVA SHEVA SEA (INNSA1),90221490,6701593 WALLSTAND-NT Z-MOTORIZED W/O BUCKY C/F (ACCESSORIESFOR DRX COMPASS SYSTEM),,1.0,NOS,0.0,3582.9,8TCDIS2FHWECP,,
2024-08-31,印度,中国,PHILIPS INDIA LIMITED,PHILIPS ELECTRONICS SINGAPORE PTE LTD,"3RD FLOOR TOWER A DLF PARK 08,MAJO  R ARTERIAL RD NEW TOWN RAJARHAT",,,,,CHINA ,,Singapore,SAHAR AIR CARGO ACC (INBOM4),90221490,459801276504 CONTROL MODULE STANDARD ER (PARTS FOR IXR MACHINE),,1.0,NOS ,0.0,2104.64,911UZ7Y9E6PNR,,
2024-08-31,美国,中国,,,N/A,N/A,N/A,N/A,,"CN, CHINA",,QINGDAO,"NEW YORK,NY",902214,570-0089 CRITERION POWDER FREE VINYL GLOVE FOR MEDICAL USE MEDIUM 570-0088 CRITERION POWDER FREE VINYL GLOVE FOR MEDICAL USE SMALL570-0090 CRITERION POWDER FREE VINYL GLOVE FOR MEDICAL USE LARGE 570-0091 CRITERION POWDER FREE VINYL GLOVE FOR MEDICAL USEXLARGEPO 23503758 23503755 23503757 23503754 23503753,NO MARKS,2976.0,PKG,18700.0,0.0,CHSL480962431TAO,FFAU2711090,
2024-08-31,印度,中国,PHILIPS INDIA LIMITED,PHILIPS ELECTRONICS SINGAPORE PTE LTD,"3RD FLOOR TOWER A DLF PARK 08,MAJO  R ARTERIAL RD NEW TOWN RAJARHAT",,,,,CHINA ,,Singapore,SAHAR AIR CARGO ACC (INBOM4),90221490,459800202852 KIT JOYSTICKS GEO_IMAG_ELASTOMER (PARTS FOR IXRMACHINE),,1.0,NOS ,0.0,335.74,911UZ7Y9E6PNR,,
2024-08-31,阿富汗,中国,ASHRAF RAHMANI,HEALICOM MEDICAL EQUIPMENT CO LTD," KHALID TARAKI B MARKET, FIRST FLOOR, OPPOSIT TO HOTEL PARWAN, THIRD PART OF KHAIR KHANA","ROOM 1720,C2 KECHUANGCHENG BUILDING, No. 30",,,,,Afghanistan (AF),,,902214,"X-RAY DEVICE PLD 5600A PERLOVE, FLOROSKOPIYA PLX112B1 PERLOVE CHINA",,2587.4,KG,2587.4,10500.0,,,
2024-08-31,阿富汗,中国,KAMAL NOMAN SAMADI LTD,HUOERGUOSI RONGDA TRADING CO LTD,KAHID-HAN, ,,,,,Afghanistan (AF),,,902214,SPRAY PUMPS,,32.0,KG,32.0,12.0,,,
2024-08-30,印度,中国,PHILIPS INDIA LIMITED,SPELLMAN HIGH VOLTAGE ELECTRONICS,"3RD FLOOR TOWER A DLF PARK 08,MAJO  R ARTERIAL RD NEW TOWN RAJARHAT",,,,,CHINA ,,SHANGHAI - PU DONG,SAHAR AIR CARGO ACC (INBOM4),90221410,"459801732292,HF GENERATOR MMB 409085-001 (FOR C-ARM IMAGE INTENSIFIER SYSTEM)",,4.0,NOS ,0.0,8292.0,3V6IL8W3HQPWQ,,
2024-08-30,波兰,中国,DB CARGO EURASIA GMBH P P GE MEDICAL SYSTEMS SCS,BEIJING GE HUALUN MEDICAL EQUIPMENT CO LTD,ST. OF VIYEYSK 2 | 11,No. 1 NORTH YONG CHANG STREET BEIJING ECONOMIC & TECHNOLOGICAL DEVELOPMENT AREA,,,,,Poland (PL),,,902214,mobile x-ray device,,1001.0,KG,1001.0,62691.1076,,,
2024-08-30,墨西哥,中国,GE SISTEMAS MEDICOS DE MEXICO SA DE CV,GE HUALUN MEDICAL SYSTEMS CO LTD,"ANTONIO DOVALI JAIME 70 TORRE B PISO 4 AVENIDA JAVIER BARROS SIERRA Y AVENIDA SANTA FE

Ciudad de Mexico
01210","YONG CHANG NORTH ROAD
BEIJINGCHINA

100176",,,,CHINA,,,NUEVO LAREDO NUEVO LAREDO TAMAULIPAS.,9022149101,OPTIMA IGS 330 SISTEMA DE RAYOS X ANGIOGRAFICO CON SUS ACCESORIOS,,1.0,PIECE,4401.78,228574.55,,,
2024-08-30,印度,中国,PHILIPS INDIA LIMITED,SPELLMAN HIGH VOLTAGE ELECTRONICS,"3RD FLOOR TOWER A DLF PARK 08,MAJO  R ARTERIAL RD NEW TOWN RAJARHAT",,,,,CHINA ,,SHANGHAI - PU DONG,SAHAR AIR CARGO ACC (INBOM4),90221410,"(IGCRD SRNO: 161) 459801732292,HF GENERATOR MMB 409085-001 (FOR C-ARM IMAGE INTENSIFIER SYSTEM)",,6.0,NOS ,0.0,12438.0,3V6IL8W3HQPWQ,,
2024-08-30,美国,中国,,,N/A,N/A,N/A,N/A,,"CN, CHINA",,QINGDAO,"NEW YORK,NY",902214,570-0089 CRITERION POWDER FREE VINYL GLOVE FOR MEDICAL USE MEDIUM 570-0088 CRITERION POWDER FREE VINYL GLOVE FOR MEDICAL USE SMALL570-0090 CRITERION POWDER FREE VINYL GLOVE FOR MEDICAL USE LARGE 570-0091 CRITERION POWDER FREE VINYL GLOVE FOR MEDICAL USEXLARGEPO 23503743 23503745 23503746 23503747 23503744,NO MARKS,2976.0,PKG,19200.0,0.0,CHSL479622953TAO,OOCU8378636,
2024-08-30,墨西哥,中国,GE SISTEMAS MEDICOS DE MEXICO SA DE CV,GE HUALUN MEDICAL SYSTEMS CO LTD,"ANTONIO DOVALI JAIME 70 TORRE B PISO 4 AVENIDA JAVIER BARROS SIERRA Y AVENIDA SANTA FE

Ciudad de Mexico
01210","YONG CHANG NORTH ROAD
BEIJINGCHINA

100176",,,,CHINA,,,NUEVO LAREDO NUEVO LAREDO TAMAULIPAS.,9022149101,SISTEMA RADIOGRAFICO XR6000,,1.0,PIECE,881.0,17861.22,,,
2024-08-30,墨西哥,中国,GE SISTEMAS MEDICOS DE MEXICO SA DE CV,GE HUALUN MEDICAL SYSTEMS CO LTD,"ANTONIO DOVALI JAIME 70 TORRE B PISO 4 AVENIDA JAVIER BARROS SIERRA Y AVENIDA SANTA FE

Ciudad de Mexico
01210","YONG CHANG NORTH ROAD
BEIJINGCHINA

100176",,,,CHINA,,,NUEVO LAREDO NUEVO LAREDO TAMAULIPAS.,9022149101,SISTEMA RADIOGRAFICO XR6000,,1.0,PIECE,881.0,17567.85,,,
2024-08-30,墨西哥,中国,GE SISTEMAS MEDICOS DE MEXICO SA DE CV,GE HUALUN MEDICAL SYSTEMS CO LTD,"ANTONIO DOVALI JAIME 70 TORRE B PISO 4 AVENIDA JAVIER BARROS SIERRA Y AVENIDA SANTA FE

Ciudad de Mexico
01210","YONG CHANG NORTH ROAD
BEIJINGCHINA

100176",,,,CHINA,,,NUEVO LAREDO NUEVO LAREDO TAMAULIPAS.,9022149101,SISTEMA RADIOGRAFICO XR6000,,1.0,PIECE,881.0,17753.43,,,
2024-08-30,菲律宾,中国,ARCORP MEDICAL ENTERPRISES,SHENZHEN BROWINER TECH CO LTD,"CORNER SATURN,BAYANIHAN ST. BRGY. TORIL,DAVAO CITY, DAVAO CITY",,,,,CHINA,,,,90221400000,DIGITAL RADIOGRAPHY SYSTEM PerfoX 3000A,,4.0,PIECE,800.0,16320.0,242642876,,
2024-08-30,哥伦比亚,中国,INVERSIONES RODRIGUEZ CASTANEDA SAS,TOOTOO MEDITECH CO LTD,CL 148 N 7 B 14,ROOM 2401 BUILDING 3A INTELLIGENT,,,,CHINA,,,,9022140000,"DO BOGI24029744. PEDIDO TRAMITE: VVG-24 / 343. DECLARACION(1-6). MERCANCIA NUEVA, NOS ACOGEMOS AL DECRETO 0925 DE MAYO 0",,17.0,NUMERO DE ARTICULOS,322.86,46727.38,,,
2024-08-30,俄罗斯,中国,ООО М П А МЕДИЦИНСКИЕ ПАРТНЕРЫ,GE MEDICAL SYSTEMS SCS,"127083, РОССИЯ, Г.МОСКВА, УЛ. 8 МАРТА,Д. 1,СТР. 12","78533, CEDEX, BUC, RUE DE LA MINIERE B.P.34, 283",,,"GE HUALUN MEDICAL SYSTEMS CO., LTD.",China,,,,9022140000,"ВАЖНЕЙШЕЕ И ЖИЗНЕННО НЕОБХОДИМОЕ, МЕДИЦ., ИЗДЕЛИЕ, АППАРАТ РЕНТГЕНОВСКИЙ ПЕРЕДВИЖНОЙ С С-ДУГОЙ С ПРИНАДЛЕЖНОСТЯМИ,, КОД ОКПД2 26.60.11.112, (НЕ СОДЕР. РАДИОЭЛЕКТРОННЫЕ (СРЕДСТВА) И ВЫСОКОЧАСТОТНЫЕ, УСТРОЙСТВА):АППАРАТ РЕНТГЕНОВСКИЙ ПЕРЕДВИЖНОЙ С С-ДУ",,0.0,,403.0,80252.71,,,GE
2024-08-30,波兰,中国,DB CARGO EURASIA GMBH P P GE MEDICAL SYSTEMS SCS,BEIJING GE HANGWEI MEDICAL EQUIPMENT CO LTD,ST. OF VIYEYSK 2 | 11,No. 1 NORTH YONG CHANG STREET BEIJING ECONOMIC & TECHNOLOGICAL DEVELOPMENT AREA,,,,,Poland (PL),,,902214,Mobile x-ray device,,508.0,KG,508.0,24104.6908,,,
2024-08-29,波兰,中国,DB CARGO EURASIA GMBH P P GE MEDICAL SYSTEMS SCS C O BOVIS ZI,GE HUALUN MEDICAL SYSTEMS CO LTD,ST. OF VIYEYSK 2 | 11,No. 1 NORTH YONG CHANG STREET BEIJING ECONOMIC & TECHNOLOGICAL DEVELOPMENT AREA,,,,,Poland (PL),,,902214,Mobile x-ray device of the S-arch,,3173.0,KG,3173.0,132077.4717,,,
2024-08-29,美国,中国,AMICO CORP,FUJIAN NEWMARK INDUSTRIAL CO LTD, 85 FULTON WAY RICHMOND HILL ON L4B 2N4 CA , NO 1 WUYI ROAD LIPPO TIANMA PLAZA FUZHOU 350000 CN ,AMICO CORP, 85 FULTON WAY RICHMOND HILL ON L4B 2N4 CA ,,"CN, CHINA",,NINGBO,"SEATTLE,WA",902214,FOR MEDICAL USE,AMICO,6.0,PKG,3814.0,0.0,BANQ1060742793,ONEU5899446,
2024-08-29,越南,中国,CÔNG TY TNHH THƯƠNG MẠI DỊCH VỤ Y TẾ HẢI NAM,SHANGHAI PZ MEDICAL TECHNOLOGY CO LTD,"25/19/8 Pham Dang Giang Street, Binh Hung Hoa Ward, Binh Tan District, Ho Chi Minh City, Vietnam","5F BLDG13 #2 SUIDE RD., PUTUO DIST., SHANGHAI, CHINA, CN",,,,China,,,,90221400,"Bộ chuyển đổi X-quang số hóa, model 3543Z, dùng trong quá trình chụp X-quang chẩn đoán hình ảnh trong y tế, nhà sản xuất: Shanghai PZ Medical Technology Co., Ltd. Hàng mới 100%,Digital X-ray converter, model 3543Z, used in medical diagnostic X-ray imaging, manufacturer: Shanghai PZ Medical Technology Co., Ltd. 100% new",,1.0,Pieces,0.0,4800.0,,,
2024-08-29,印度,中国,SIEMENS HEALTHCARE PRIVATE LIMITED,SIEMENS HEALTHINEERS AG,"UNIT NO.9, 9TH FLOOR, NORTH WING  GODREJ ONE, PIROJSHAH NAGAR,",,,,,CHINA ,,Shekou,NHAVA SHEVA SEA (INNSA1),90221490,(CARDIAC AND VASCULAR ANGIOGRAPHY INCL DSA COMPLETE WITH ACCESSORIES (AS PER INV)) ARTIS ONE,,1.0,SET ,0.0,250716.99,RMHK3D8PRYX0P,,
2024-08-29,越南,中国,CÔNG TY TNHH THƯƠNG MẠI DỊCH VỤ Y TẾ HẢI NAM,SHANGHAI PZ MEDICAL TECHNOLOGY CO LTD,"25/19/8 Pham Dang Giang Street, Binh Hung Hoa Ward, Binh Tan District, Ho Chi Minh City, Vietnam","5F BLDG13 #2 SUIDE RD., PUTUO DIST., SHANGHAI, CHINA, CN",,,,China,,,,90221400,"Phần mềm hệ thống Ecom Human dùng cho bộ chuyển đổi X-Quang số hoá, mới 100%,Ecom Human system software for digital X-Ray converter, 100% new",,1.0,Pieces,0.0,1900.0,,,
2024-08-29,越南,中国,CÔNG TY TNHH THƯƠNG MẠI DỊCH VỤ Y TẾ HẢI NAM,SHANGHAI PZ MEDICAL TECHNOLOGY CO LTD,"25/19/8 Pham Dang Giang Street, Binh Hung Hoa Ward, Binh Tan District, Ho Chi Minh City, Vietnam","5F BLDG13 #2 SUIDE RD., PUTUO DIST., SHANGHAI, CHINA, CN",,,,China,,,,90221400,"Bộ chuyển đổi X-quang số hóa, model 3025ZF, dùng trong quá trình chụp X-quang chẩn đoán hình ảnh trong y tế, nhà sản xuất: Shanghai PZ Medical Technology Co., Ltd. Hàng mới 100%,Digital X-ray converter, model 3025ZF, used in medical diagnostic X-ray imaging, manufacturer: Shanghai PZ Medical Technology Co., Ltd. 100% new",,1.0,Pieces,0.0,9100.0,,,
2024-08-29,波兰,中国,DB CARGO EURASIA GMBH P P GE MEDICAL SYSTEMS SCS,GE MEDICAL SYSTEMS CHINA CO LTD,ST. OF VIYEYSK 2 | 11,"No. 19, CHANGJIANG ROAD WUXI NATIONAL HI-TECH DEVELOPMENT ZONE WUXI",,,,,Poland (PL),,,902214,Mobile x-ray device,,1000.0,KG,1000.0,78146.8,,,
2024-08-29,墨西哥,中国,GE SISTEMAS MEDICOS DE MEXICO SA DE CV,GE HUALUN MEDICAL SYSTEMS CO LTD,"ANTONIO DOVALI JAIME 70 TORRE B PISO 4 AVENIDA JAVIER BARROS SIERRA Y AVENIDA SANTA FE

Ciudad de Mexico
01210","YONG CHANG NORTH ROAD
BEIJINGCHINA

100176",,,,CHINA,,,NUEVO LAREDO NUEVO LAREDO TAMAULIPAS.,9022149199,OEC ONE SISTEMA DE RAYOS X CON BRAZO EN C MOVIL,,1.0,PIECE,502.0,20479.43,,,
2024-08-29,美国,中国,VARIAN MEDICAL SYSTEMS SAN JOSE,VARIAN MEDICAL SYSTEMS CHINA CO LT,6212 HELLYER AVE, NO 8 YUN CHENG STREET ,N/A,N/A,,"CN, CHINA",,QINGDAO,"OAKLAND, CA",902214,"MEDICAL EQUIPMENT BASE MODEL ASSY,MV HALCYON HS902214MEDICAL EQUIPMENT BASE MODEL ASSY,MV HALCYON HS902214",HAL2289HAL2289,9.0,PKG,9047.0,0.0,CHSL481407400BJS,"OOLU1343038,FFAU2743179",
2024-08-29,波兰,中国,DB CARGO EURASIA GMBH P P GE MEDICAL SYSTEMS SCS C O BOVIS ZI DE LA GUEPELLE,BEIJING GE HANGWEI MEDICAL EQUIPMENT CO LTD,ST. OF VIYEYSK 2 | 11,No. 1 NORTH YONG CHANG STREET BEIJING ECONOMIC & TECHNOLOGICAL DEVELOPMENT AREA,,,,,Poland (PL),,,902214,Mobile x-ray medical equipment,,504.0,KG,504.0,41396.9272,,,
2024-08-29,巴基斯坦,中国,SOUTHCITY HOSPITAL RANJEET KUMAR,CAMPUS LOCKER HK LTD,"Southcity hospital,clifton block 3 karachi pakistan KARACHI 75600",,,,,China                         ,,,KPFI,90221400,HANHELD X RAY MACHINE,,1.0,u,0.0,200.0,,,
2024-08-29,巴基斯坦,中国,SOUTHCITY HOSPITAL RANJEET KUMAR,CAMPUS LOCKER HK LTD,"Southcity hospital,clifton block 3 karachi pakistan KARACHI 75600", CHINA,,,,China (CN),,,KPFI,90221400,HANHELD X RAY MACHINE,,1.0,u,28.7,200.0,8356390711,,
2024-08-29,越南,中国,CÔNG TY TNHH THƯƠNG MẠI DỊCH VỤ Y TẾ HẢI NAM,SHANGHAI PZ MEDICAL TECHNOLOGY CO LTD,"25/19/8 Pham Dang Giang Street, Binh Hung Hoa Ward, Binh Tan District, Ho Chi Minh City, Vietnam","5F BLDG13 #2 SUIDE RD., PUTUO DIST., SHANGHAI, CHINA, CN",,,,China,,,,90221400,"Bộ chuyển đổi X-quang số hóa, model 4343Z, dùng trong quá trình chụp X-quang chẩn đoán hình ảnh trong y tế, nhà sản xuất: Shanghai PZ Medical Technology Co., Ltd. Hàng mới 100%,Digital X-ray converter, model 4343Z, used in medical diagnostic X-ray imaging, manufacturer: Shanghai PZ Medical Technology Co., Ltd. 100% new",,1.0,Pieces,0.0,6550.0,,,
2024-08-28,印度,中国,PANACEA MEDICAL TECHNOLOGIES PRIVATE LIMITED,IRAY TECHNOLOGY COMPANY LIMITED,"116,4TH FLOOR,SHAILENDRATECHNOPARK  ,ROAD 3, EPIP AREA PHASE1,",,,,,CHINA ,,SHENZHEN,BANGALORE ACC (INBLR4),90221410,SOFTDOG-SOFTDOG,,2.0,NOS ,0.0,1000.0,PABWWNUKFJIB9,,
2024-08-28,印度,中国,PANACEA MEDICAL TECHNOLOGIES PRIVATE LIMITED,IRAY TECHNOLOGY COMPANY LIMITED,"116,4TH FLOOR,SHAILENDRATECHNOPARK  ,ROAD 3, EPIP AREA PHASE1,",,,,,CHINA ,,SHENZHEN,BANGALORE ACC (INBLR4),90221410,"GEMINI15D-INTEGRATED X-RAY SOURCE, GEMINI15D",,1.0,NOS ,0.0,4500.0,PABWWNUKFJIB9,,
2024-08-28,印度,中国,SIEMENS HEALTHCARE PRIVATE LIMITED,SIEMENS HEALTHINEERS AG,"UNIT NO.9, 9TH FLOOR, NORTH WING  GODREJ ONE, PIROJSHAH NAGAR,",,,,,CHINA ,,Shekou,NHAVA SHEVA SEA (INNSA1),90221490,(CARDIAC AND VASCULAR ANGIOGRAPHY INCL DSA COMPLETE WITH ACCESSORIES (AS PER INV) ) ARTIS ONE,,1.0,SET ,0.0,250716.99,4VCTVHM3BOJKD,,
2024-08-28,印度,中国,PANACEA MEDICAL TECHNOLOGIES PRIVATE LIMITED,IRAY TECHNOLOGY COMPANY LIMITED,"116,4TH FLOOR,SHAILENDRATECHNOPARK  ,ROAD 3, EPIP AREA PHASE1,",,,,,CHINA ,,SHENZHEN,BANGALORE ACC (INBLR4),90221410,DYNAMIC SYNC EXPOSURE CONTROL BOX-CBSYNCB0X40,,1.0,NOS ,0.0,250.0,PABWWNUKFJIB9,,
2024-08-28,厄瓜多尔,中国,DREI SOLUCIONES EQUIPOS E IMAGENESMEDICAS CIA LTDA,,,,,,,CHINA,,-,,9022140000,TOMOGRAFO,,1.0,NUMERO DE UNIDADES,5010.0,93976.0,,,SINOVISION
2024-08-28,阿富汗,中国,BILAL NOUMAN MUBASHIR LTD,HUOERGUOSI RONGDA TRADING CO LTD,"NENGAR-HAR CENTER, SHOPPING CENTER ETIKHAT TOWER","HUOERGUOSI,YILI",,,,,Afghanistan (AF),,,902214,medical device,,443.0,KG,443.0,159.05,,,
2024-08-28,印度,中国,PANACEA MEDICAL TECHNOLOGIES PRIVATE LIMITED,IRAY TECHNOLOGY COMPANY LIMITED,"116,4TH FLOOR,SHAILENDRATECHNOPARK  ,ROAD 3, EPIP AREA PHASE1,",,,,,CHINA ,,SHENZHEN,BANGALORE ACC (INBLR4),90221410,CETUS40R01-X-RAY HIGH VOLTAGE GENERATOR CETUS40R01,,1.0,NOS ,0.0,3500.0,PABWWNUKFJIB9,,
2024-08-28,印度,中国,PHILIPS INDIA LIMITED,PHILIPS ELECTRONICS SINGAPORE PTE L,"3RD FLOOR TOWER A DLF PARK 08,MAJO  R ARTERIAL RD NEW TOWN RAJARHAT",,,,,CHINA ,,Singapore,HYDERABAD ACC (INHYD4),90221490,459800559081 - SWITCH ON/OFF BOARD PACKED (PARTS),,1.0,NOS ,0.0,204.01,SXWG0X0BZMHZG,,
2024-08-28,印度,中国,SIEMENS HEALTHCARE PRIVATE LIMITED,SIEMENS HEALTHINEERS INTERNATIONAL AG,"UNIT NO.9, 9TH FLOOR, NORTH WING  GODREJ ONE, PIROJSHAH NAGAR,",,,,,CHINA ,,Zhengzhou,SAHAR AIR CARGO ACC (INBOM4),90221490,PARTIAL SHIPMENT LINEAR ACCELERATOR HALCYON FOR MEDICAL APPLICATION (AS PER INV),,1.0,SET ,0.0,763665.0,GLZVC9DQB6C6T,,
2024-08-28,韩国,中国,KUEHNE NAGEL LTD,KUEHNE AND NAGEL LTD,"82 UISADANG-DAERO,20TH FL 07321  ,,","1401 JIANGCHANG ROAD,BUILDING 4,1401 ",,,,CHINA,KOREA,Shanghai,Busan,902214,"MRKU8022822 22G0 SHIPPER'S SEAL: CN6713011 
2 PACKAGE GROSS WEIGHT: 1390 KGS MEASUREMENT: 11.752 CBM 
  CIOS SELECT 
  HS:902214 
MARKS AND NUMBERS: 
  SIEMENS",,2.0,PACKAGE,1390.0,0.0,278594637,,
2024-08-27,厄瓜多尔,中国,ADVANCED MEDICAL IMAGING DEL ECUADOR ADVMEDICAL C A,SHIMADZU CORPORATION,,,,,,CHINA,,KRPUS-,,9022140000,EQUIPO MEDICO SURGICAL MOBILE C ARM IMAGING OPESCOPE ACTENO,,1.0,NUMERO DE UNIDADES,624.0,1262.5,CEC2024MSCU0261,,SHIMADZU CORPORATION
2024-08-27,印度,中国,KARPAGA VINAYAGA EDUCATIONAL TRUST,SIEMENS HEALTHINEERS INTERNATIONAL AG,"3208, EAST SECOND STREET,  ",,,,,CHINA ,,Tianjin,NHAVA SHEVA SEA (INNSA1),90221490,(PARTIAL SHIPMENT)LINEAR ACCELERATOR HALCYON FOR MEDICAL APPLICATION(COMP./PARTS AND STANDARD ACESSORIES)-(AS PER INV),,1.0,NOS ,0.0,1028179.0,A3KSXO98YXVLK,,
2024-08-27,喀麦隆,中国,ETIC MEDICAL LTD CO,HEDY MEDICAL DEVICE CO LTD,,,,,,Chine,Cameroun,,,902214000000,ACCESSORIES FOR DIGITAL MAMMOGRAPHY SYSTEM,,13.0,KGM,13.0,278.4852,,,
2024-08-27,阿根廷,中国,DHL GLOBAL FORWARDING ARGENTINA SA,DANZAS Z F FREIGHT AGENCY TIANJIN,"CALLE DELLA PAOLERA 265  ,,","189 NANJING RD,HEPING DIST ",,,,CHINA,ARGENTINA,Xingang,BUENOIS AIRES,902214,"OEC ONE MAIN SYSTEM V2  
HS:9022.14.19.000X  
CONSOLIDATED CARGO.  
   
FREIGHT COLLECT  
SHIPPER- TAXID:USCI+911201  
01722988866B CONSIGNEE- TA  
XID:CUIT+30584715932; CUIT  
+30584715932 NOTIFY PARTY-  
TEL:+541155310345, TAXID:C  
UIT+30584715932; CUIT+3058  
4715932",,6.0,PACKAGE,1494.0,0.0,278805502,,
2024-08-27,乌兹别克斯坦,中国,ООО TIBBIYOT DUNYOSI,ONE MEDICAL СО LIMITED,,,,,,,,,,9022140000,"1)Х-rау medical diagnostic system PLD 6500A with accessories / Система рентгеновская медицинская диагностическая, модель: PLD 6500A с принадлежностями, в разобранном виде, новая г.в. 2024г., серийный номер: 65E24018, в количестве 1 комплект/штук, вес нетто 950кг., пр-ль: Zhuhai Perlead Medical Equipment Со.,Ltd/Китай; 2)Всего: 6 мест, упаковоно в деревянные ящики; G31MARKA марка БЕЗ БРЕНДА YEAR10 год производ 2024 PARAM10 Характеристика товара Система рентгеновская медицинская диагностическая, модель: PLD 6500A с принадлежностями, в разобранном виде",,1.0,Piece,950.0,48000.0,,,
2024-08-27,巴拉圭,中国,MINISTERIO DE SALUD PUBLICA Y BIENESTAR SOCIAL,,,,,,,CHINA,,,,90221411,1 UNID DE DIGITAL MAMMOGRAPHY SYSTEM.-,,1.0,,0.0,98154.14,,,
2024-08-27,乌兹别克斯坦,中国,SHENZHEN BROWINER DISTRIBUTOR,SHENZHEN BROWINER TECH CO LTD,"YANGIARIK DISTRICT, AMUDARYA STREET 100 | 10","ROOM 501, BUILDING C, GANGHONGJI HIGH-TECH INTELLIGENT INDUSTRIAL PARK, No. 1008, SONGBAI ROAD, YANGGUANG COMMUNITY, XILI STREET, NANSHAN DISTRICT",,,,,Uzbekistan (UZ),,,902214,Mobile x-ray system S-arch MODEL: CompaX 500C with accessories (Application); The Portable radiographic Beatle-05P system with accessories,,4195.5,KG,4195.5,232300.0,,,
2024-08-27,哥伦比亚,中国,MEDICALBIO SAS,HEBEI RUIGE INTERNATIONAL TRADING CO LTD,CL 86 # 87A-44,"KIAJIA BUILDING, QIAOXI ZONE, SHIJI",,,,CHINA,,,,9022140000,"DO BOGI0223101-001 PEDIDO TRAMITE: 007 DECLARACION(1-1) MEDICALBIO SAS. MERCANCIA NUEVA, NO APLICA REGISTRO DE IMPORTACI",,2.0,NUMERO DE ARTICULOS,30.0,8600.0,,,
2024-08-27,厄瓜多尔,中国,ORIMEC ORIENTAL MEDICAL DEL ECUADOR C A,,,,,,,ESTADOS UNIDOS,,-,,9022140000,EQUIPOS DE RAYOS X / MODELO BRIVO 785 NEW CONFING3-2016 SERIAL BB3SS2300227HL / ITEM S20002HW - 250548,,1.0,NUMERO DE UNIDADES,311.0,38418.75,,,GE
2024-08-26,韩国,中国,KUEHNE NAGEL LTD,KUEHNE AND NAGEL LTD,"82 UISADANG-DAERO,20TH FL 07321  ,,","1401 JIANGCHANG ROAD,BUILDING 4,1401 ",,,,CHINA,KOREA,Shanghai,Busan,902214,"MRKU8022822 22G0 SHIPPER'S SEAL: CN6713011 
2 PACKAGE GROSS WEIGHT: 1390 KGS MEASUREMENT: 11.752 CBM 
  CIOS SELECT 
  HS:902214 
MARKS AND NUMBERS: 
  SIEMENS",,2.0,PACKAGE,1390.0,0.0,278594637,,
2024-08-26,土耳其,中国,BESTAŞ MEDİKAL VE TEKNİK HİZMETLER SANAYİ VE TİCARET LİMİTED ŞİRKETİ,ADDEV MATERIALS FILMS TAPES CONVERTING,,,,,,ÇİN HALK CUMHURİYETİ,,,ERENKÖY GÜMRÜK MÜDÜRLÜĞÜ,902214000000,DANSİTOMETRE CİHAZI ( ÜTS NUMARASI:3760172650249 ),,280.0,KİLOGRAM,280.0,20891.39,24341200IM00203473,,
2024-08-26,韩国,中国,KUEHNE NAGEL LTD,KUEHNE AND NAGEL LTD,"82 UISADANG-DAERO,20TH FL 07321  ,,","1401 JIANGCHANG ROAD,BUILDING 4,1401 ",,,,CHINA,KOREA,Shanghai,Busan,902214,"MRKU8022822 22G0 SHIPPER'S SEAL: CN6713011 
2 PACKAGE GROSS WEIGHT: 1390 KGS MEASUREMENT: 11.752 CBM 
  CIOS SELECT 
  HS:902214 
MARKS AND NUMBERS: 
  SIEMENS",,2.0,PACKAGE,1390.0,0.0,278594637,,
2024-08-26,阿富汗,中国,KHALID HASSAMI CONSTRUCTION&TRADINGCO,HUOERGUOSI RONGDA TRADING CO LTD,OLASOY MARKET,"YILI,XINJIANG",,,,,Afghanistan (AF),,,902214,MEDICAL DEVICE,,320.0,KG,320.0,128.06,,,
2024-08-26,墨西哥,中国,GE SISTEMAS MEDICOS DE MEXICO SA DE CV,GE HUALUN MEDICAL SYSTEMS CO LTD,"ANTONIO DOVALI JAIME 70 TORRE B PISO 4 AVENIDA JAVIER BARROS SIERRA Y AVENIDA SANTA FE

Ciudad de Mexico
01210","YONG CHANG NORTH ROAD
BEIJINGCHINA

100176",,,,CHINA,,,NUEVO LAREDO NUEVO LAREDO TAMAULIPAS.,9022149199,SISTEMA DE RAYOS X CON BRAZO EN C MOVIL OEC ONE CFD,,1.0,PIECE,503.0,34721.96,,,
2024-08-25,孟加拉国,中国,THE BANGLADESH MEDICAL STUDIES,NANJING PERLOVE MEDICAL EQUIPMENT C,RESEARCH INSTITUTE,,,,,CN,,,,90221400,"MEDICAL DIAGNOSTIC X-RAY SYSTEM, MDL: PLD5900B TWO FPD, 1000MA",,1.0,,1013.0,52000.0,,,
2024-08-25,孟加拉国,中国,THE BANGLADESH MEDICAL STUDIES,NANJING PERLOVE MEDICAL EQUIPMENT C,RESEARCH INSTITUTE,,,,,China,,,,90221400,"MEDICAL DIAGNOSTIC X-RAY SYSTEM, MDL: PLD5900B TWO FPD, 1000MA",,1.0,NMB,1013.0,52000.0,,,
2024-08-24,印度,中国,SIEMENS HEALTHCARE PRIVATE LIMITED,SIEMENS HEALTHINEERS INTERNATIONAL AG,"UNIT NO.9, 9TH FLOOR, NORTH WING  GODREJ ONE, PIROJSHAH NAGAR,",,,,,CHINA ,,Beijing,BANGALORE ACC (INBLR4),90221490,PARTIAL SHIPMENT FROM CHINA-LINEAR ACCELERATOR HALCYON FOR MEDICAL APPLICATION,,1.0,SET ,0.0,773258.35,UE18S8T8OX5U6,,
2024-08-24,印度,中国,PHILIPS INDIA LIMITED,PHILIPS ELECTRONICS SINGAPORE PTE LTD,"3RD FLOOR TOWER A DLF PARK 08,MAJO  R ARTERIAL RD NEW TOWN RAJARHAT",,,,,CHINA ,,Singapore,SAHAR AIR CARGO ACC (INBOM4),90221490,452230013019 TUBE COVER + SENSOR (PARTS FOR IXR MACHINE),,1.0,NOS ,0.0,1563.05,PQ0FDJNMX7S0G,,
2024-08-24,印度,中国,SIEMENS HEALTHCARE PRIVATE LIMITED,SIEMENS HEALTHINEERS AG,"UNIT NO.9, 9TH FLOOR, NORTH WING  GODREJ ONE, PIROJSHAH NAGAR,",,,,,CHINA ,,Hamburg,NHAVA SHEVA SEA (INNSA1),90221490,( DIGITAL RADIO FLUROSCOPY COMPLETE WITH ACCESSORIES AS PERINVOICE )LUMINOS IMPULSE,,1.0,SET ,0.0,153592.8,2N7CKI4MRTMZI,,
2024-08-24,印度,中国,TRIVITRON HEALTHCARE PRIVATE LIMITED,SUZHOU POWERSITE ELECTRIC CO LTD,"NO.15,4TH STREET,  ABHIRAMAPURAM, Contact No: 91875458",,,,,CHINA ,,SHANGHAI - PU DONG,SAHAR AIR CARGO ACC (INBOM4),90221410,PSG-MG5L MAMMOGRAPHIC X-RAY HIGH FREQUENCY HIGH VOLTAGE GENERATOR,,1.0,PCS ,0.0,2500.0,RM1QMH0DATZNP,,
2024-08-23,印度,中国,BHADRAKALI HEALTHCARE SERVICES PRIVATE LIMITED,SIEMENS HEALTHINEERS INTERNATIONAL AG,,,,,,CHINA ,,Beijing,BANGALORE ACC (INBLR4),90221490,LINEAR ACCELERATOR HALCYON FOR MEDICAL APPLICATION (AS PER INV/PL),,1.0,SET ,0.0,1150000.0,AVAJXKL1R5Y6Q,,
2024-08-23,越南,中国,CÔNG TY TNHH SUPERWELL TECHNOLOGY VIỆT NAM,LIUYANG VOLITION MEDICAL EQUIPMENT CO LTD,"T16, Nam Cuong Building, Duong Noi Urban Area, Km4 To Huu Street, La Khe Ward, Ha Dong District, Hanoi City, Vietnam","76 JIANSHOU AVE, ECONOMIC AND, TECHNOLOGICAL DEVELOPMENT ZONE, LIUYANG, HUNAN, CHINA, CN",,,,China,,,,90221400,"Hệ thống X-quang chẩn đoán và phụ kiện đi kèm, Mã: Picke 1800 DR/500, Hãng sx: Liu Yang Volition Medical Equipment Co.,Ltd,Mới 100%,Diagnostic X-ray system and accessories, Code: Picke 1800 DR/500, Manufacturer: Liu Yang Volition Medical Equipment Co.,Ltd, 100% New",,1.0,Set,0.0,8500.0,,,
2024-08-23,越南,中国,CÔNG TY TNHH SUPERWELL TECHNOLOGY VIỆT NAM,LIUYANG VOLITION MEDICAL EQUIPMENT CO LTD,"T16, Nam Cuong Building, Duong Noi Urban Area, Km4 To Huu Street, La Khe Ward, Ha Dong District, Hanoi City, Vietnam","76 JIANSHOU AVE, ECONOMIC AND, TECHNOLOGICAL DEVELOPMENT ZONE, LIUYANG, HUNAN, CHINA, CN",,,,China,,,,90221400,"Hệ thống X-quang chẩn đoán và phụ kiện đi kèm , Mã: Picke 1800 DR/400, Hãng sx: Liu Yang Volition Medical Equipment Co.,Ltd,Mới 100%,Diagnostic X-ray system and accessories, Code: Picke 1800 DR/400, Manufacturer: Liu Yang Volition Medical Equipment Co., Ltd, 100% New",,1.0,Set,0.0,8000.0,,,
2024-08-23,波兰,中国,DB CARGO EURASIA GMBH P P GE MEDICAL SYSTEMS SCS,SCHENKER CHINA LTD,ST. OF VIYEYSK 2 | 11,"11 & 12 FLOOR, CRYSTAL PLAZA BUILDING 7 NO. 6, LAND 100",,,,,Poland (PL),,,902214,Mobile x-ray device of the S-arch,,497.0,KG,497.0,21508.4371,,,
2024-08-22,印度,中国,PHILIPS INDIA LIMITED,PHILIPS ELECTRONICS SINGAPORE PTE LTD,"3RD FLOOR TOWER A DLF PARK 08,MAJO  R ARTERIAL RD NEW TOWN RAJARHAT",,,,,CHINA ,,Singapore,SAHAR AIR CARGO ACC (INBOM4),90221490,459800032502 AD7 NT DRIVE IDENTIFICATION BOARD (PARTS FOR IXR MACHINE),,1.0,NOS ,0.0,75.57,U6WLB3K9W9G1M,,
2024-08-21,波兰,中国,SPEDYCJA POLSKA SPEDCONT SP Z O O DLYA GE HEALTHCARE GMBH,BEIJING GE HUALUN MEDICAL EQUIPMENTCO LTD,UL.TOMASZEWSKA 60,NO1 YONG CHANG NORTH ROAD BEIJING ECONOMIC&TECHNOLOGICAL DEVELOPMENT AREA,,,,,Poland (PL),,,902214,The basic Discovery XR656HD system of the 6th generation with OTS - UHL Make,,2936.5,KG,2936.5,91850.61,,,
2024-08-21,墨西哥,中国,GE SISTEMAS MEDICOS DE MEXICO SA DE CV,GE HUALUN MEDICAL SYSTEMS CO LTD,"ANTONIO DOVALI JAIME 70 TORRE B PISO 4 AVENIDA JAVIER BARROS SIERRA Y AVENIDA SANTA FE

Ciudad de Mexico
01210","YONG CHANG NORTH ROAD
BEIJINGCHINA

100176",,,,CHINA,,,NUEVO LAREDO NUEVO LAREDO TAMAULIPAS.,9022149101,SISTEMA RADIOGRAFICO XR6000,,1.0,PIECE,925.0,47747.24,,,
2024-08-21,波兰,中国,SPEDYCJA POLSKA SPEDCONT SP Z O O DLYA GE MEDICAL SYSTEMS SCS,BEIJING GE HUALUN MEDICAL EQUIPMENTCO LTD,UL.TOMASZEWSKA 60,NO1 YONG CHANG NORTH ROAD BEIJING ECONOMIC&TECHNOLOGICAL DEVELOPMENT AREA,,,,,Poland (PL),,,902214,The system of x-rau cameras | the equipment for application in x-ray devices,,2701.0,KG,2701.0,73035.54,,,
2024-08-21,印度,中国,PHILIPS INDIA LIMITED,PHILIPS ELECTRONICS SINGAPORE PTE LTD,"3RD FLOOR TOWER A DLF PARK 08,MAJO  R ARTERIAL RD NEW TOWN RAJARHAT",,,,,CHINA ,,Singapore,SAHAR AIR CARGO ACC (INBOM4),90221490,452230023494 LARC EXTENSION BOARD (PARTS FOR IXR MACHINE),,1.0,NOS ,0.0,1046.63,XTMRUBT18TT7H,,
2024-08-21,巴基斯坦,中国,CHIEF EXECUTIVE OFFICER MOTHER & CHILD HOSPITAL AND NURSING COLLEGE BAHAWALNAGAR,RAYCO SHANGHAI MEDICAL PRODUCTS COMPANY LIMITED,"CEO Health Office, District Health Authority, DC Office Road, Bahawal Nagar Bahawal Nagar",,,,,China                         ,,,KAPW,90221400,DIGITAL RADIOGRAPHY SYSTEM WITH FLAT PANELS DETECTOR MODEL DRX COMPASS WITH FOCUS 43C AND ACCESSORIES  (QTY IN 01 UNIT 32 PCS).,,1.0,u,0.0,106500.0,,,
2024-08-21,巴基斯坦,中国,CHIEF EXECUTIVE OFFICER MOTHER&CHILD HOSPITAL&NURSING COLLEGE BAHAWALNAGAR,RAYCO SHANGHAI MEDICAL PRODUCTS COMPANY LTD,"CEO Health Office, District Health Authority, DC Office Road, Bahawal Nagar Bahawal Nagar"," BULIDING 52-7,NO.1510 CHUANQIAO ROAD,CHINA(SHANGHAI)PILOT FREE TRADE ZONE PUDONG, SHANGHAI,201206",,,,China (CN),,,KAPW,90221400,DIGITAL RADIOGRAPHY SYSTEM WITH FLAT PANELS DETECTOR MODEL DRX COMPASS WITH FOCUS 43C AND ACCESSORIES  (QTY IN 01 UNIT 32 PCS).,,1.0,u,1.3643,106500.0,S236169412,,
2024-08-20,巴基斯坦,中国,FUJIFILM PAKISTAN PRIVATE LIMITED,FUJIFILM CORPORATION,37-D BLOCK-6 P.E.C.H.S.,,,,,China,,,KAPS,90221400,"(MEDICAL EQUIPMENT). FCR PRIMA T2 PNTM,CR IR 392 RU2 PNTM A = : E. QTY:5SET",,5.0,u,0.0,25851.8,,,
2024-08-20,巴基斯坦,中国,FUJIFILM PAKISTAN PRIVATE LTD,FUJIFILM CORPORATION,37-D BLOCK-6 P.E.C.H.S., 26-30 NISHIAZABU 2-CHOME MINATO-KU TOKYO 106-8620 JAPAN,,,,China (CN),,,KAPS,90221400,"(MEDICAL EQUIPMENT). FCR PRIMA T2 PNTM,CR IR 392 RU2 PNTM A = : E. QTY:5SET",,5.0,u,2.3615,25851.8,QYSEA240705,,
2024-08-20,印度,中国,MEDION HEALTHCARE PRIVATE LIMITED,DELBIO INC,"PLOT NO. K-49, THAKUR PADA GAON,  MIDC ANAND NAGAR, OPP. A SOLUTION C",,,,,CHINA ,,Shanghai,NHAVA SHEVA SEA (INNSA1),90221410,X RAY GENERATOR 80KW MEDICAL WB (PARTS OF FIXED X RAY MACHINE),,1.0,NOS ,0.0,2890.0,Q5XIS861QQZL5,,
2024-08-20,哥伦比亚,中国,GSMED S A S,IRAY TECHNOLOGY COMPANIA LTD,CR 106 15 A 25 MZ 9 BG 12 ET 2,"NO. 33 XINGGANG ROAD, PORT ECONOMIC",,,,CHINA,,,,9022140000,DO N446-24 DECLARACION(1-1) NO REQUIERE REGISTRO DE IMPORTACION SEGUN DECRETO 925 DE 2013 ESTOS PRODUCTOS NO REQUI,,2.0,NUMERO DE ARTICULOS,12.2,13040.16,,,
2024-08-20,阿富汗,中国,KHALID HASSAMI CONCTRUCTION&TRADING CO,HUOERGUOSI RONGDA TRADING CO LTD,OLASOY MARKET,B | N,,,,,Afghanistan (AF),,,902214,MEDICAL RENTGENOVY DEVICE,,28.0,KG,28.0,11.0,,,
2024-08-20,巴基斯坦,中国,FUJIFILM PAKISTAN PRIVATE LIMITED,FUJIFILM CORPORATION,37-D BLOCK-6 P.E.C.H.S.,,,,,China,,,KAPS,90221400,(MEDICAL EQUIPMENT). MAIN UNIT DRYPIX SMART : E. QTY:2SET,,2.0,u,0.0,4290.0,,,
2024-08-20,印度,中国,PHILIPS INDIA LIMITED,SPELLMAN HIGH VOLTAGE ELECTRONICS,"3RD FLOOR TOWER A DLF PARK 08,MAJO  R ARTERIAL RD NEW TOWN RAJARHAT",,,,,CHINA ,,SHANGHAI - PU DONG,SAHAR AIR CARGO ACC (INBOM4),90221410,"(IGCRD SRNO: 161) 459801732292,HF GENERATOR MMB 409085-001 (FOR C-ARM IMAGE INTENSIFIER SYSTEM)",,10.0,NOS ,0.0,20730.0,HVI6A2JI55CJH,,
2024-08-20,巴基斯坦,中国,FUJIFILM PAKISTAN PRIVATE LTD,FUJIFILM CORPORATION,37-D BLOCK-6 P.E.C.H.S., 26-30 NISHIAZABU 2-CHOME MINATO-KU TOKYO 106-8620 JAPAN,,,,China (CN),,,KAPS,90221400,(MEDICAL EQUIPMENT). MAIN UNIT DRYPIX SMART : E. QTY:10SET,,10.0,u,2.3615,21450.0,QYSEA240705,,
2024-08-20,巴基斯坦,中国,FUJIFILM PAKISTAN PRIVATE LIMITED,FUJIFILM CORPORATION,37-D BLOCK-6 P.E.C.H.S.,,,,,China,,,KAPS,90221400,(MEDICAL EQUIPMENT). MAIN UNIT DRYPIX SMART : E. QTY:8SET,,8.0,u,0.0,17160.0,,,
2024-08-20,巴基斯坦,中国,FUJIFILM PAKISTAN PRIVATE LTD,FUJIFILM CORPORATION,37-D BLOCK-6 P.E.C.H.S., 26-30 NISHIAZABU 2-CHOME MINATO-KU TOKYO 106-8620 JAPAN,,,,China (CN),,,KAPS,90221400,(MEDICAL EQUIPMENT). MAIN UNIT DRYPIX SMART : E. QTY:8SET,,8.0,u,2.3615,17160.0,QYSEA240705,,
2024-08-20,巴基斯坦,中国,FUJIFILM PAKISTAN PRIVATE LTD,FUJIFILM CORPORATION,37-D BLOCK-6 P.E.C.H.S., 26-30 NISHIAZABU 2-CHOME MINATO-KU TOKYO 106-8620 JAPAN,,,,China (CN),,,KAPS,90221400,(MEDICAL EQUIPMENT). MAIN UNIT DRYPIX SMART : E. QTY:2SET,,2.0,u,2.3615,4290.0,QYSEA240705,,
2024-08-20,乌克兰,中国,ТОВ ЕКНА УКРАЇНА,SHENZHEN LANMAGE MEDICAL TECHNOLOGY CO LTD,02141 МІСТО КИЇВ ВУЛ ЛАРИСИ РУДЕНКО 6А,1ST FLOOR BUILDING B JINGCHENGDA INDUSTRIAL PARK NO 4 KEJI ROAD,,,,China,,,,9022140000,АПАРАТУРА ЩО ВИКОРИСТОВУЄ РЕНТГЕНІВСЬ КЕ ВИПРОМІНЮВАННЯ ПРИЗНАЧЕНА ДЛЯ МЕДИЧН ОГО ВИКОРИСТАННЯ КЛАС IIB АПАРАТ РЕНТГЕНІВСЬКИЙ ДІАГНОСТИЧНИЙ МОД ЕЛЬ 7500 ATHENA 1 КОМПЛЕКТ СЕРІЙНИЙ НОМЕР RF1624200033 ДО КОМПЛЕКТУ ВХОДИТЬ ГЕНЕРАТОР РЕНТГЕНІВСЬКОГО ВИПРОМІНЮВАННЯ 71KW 1 ШТ КОНСОЛЬ 1 ШТ РЕНТГЕНІВСЬКА ТРУБКА ВИПРОМІНЮВАЧ 1Ш Т РУЧНИЙ РЕНТГЕНІВСЬКИЙ КОЛІМАТОР З ФУНКЦ ІЄЮ ІНДИКАТОРА ПОЛЯ ЗОРУ 1 ШТ ДИНАМІЧНИЙ ПЛОСКОПАНЕЛЬНИЙ ДЕТЕКТОР РЕНТГЕНОГРАФІЧНОГО ЗОБРАЖЕННЯ 17 Х17 1 ШТ ДІАГНОСТИЧНИЙ СТІЛ ДЛЯ ПАЦІЄНТА 1 ШТ МОНІТОР 2M MEDICAL DEGREE 19 1 ШТ СТАНЦІЯ ВІЗУАЛІЗАЦІЇ КОНСОЛЬ ОПЕРАТОРА ПК ТА ПРОФЕСІЙНЕ ПРОГРАМНЕ З АБЕЗПЕЧЕННЯ РОС ВЕРСІЇ ОПЕРАЦІЙНА СИСТ ЕМА WIN10 РІДКОКРИСТАЛІЧНИЙ МОНІТОР ПРОЦЕСОР INTEL G АПАРАТНЕ СХОВИЩЕ 1ТБ 1 ШТ ПУЛЬТ УПРАВЛІННЯ ПРИЗНАЧЕННЯ ВИРОБІВ ТА СПОСІБ ДІЇ ДЛЯ ДОСЛІДЖЕННЯ ВНУТРІШНІХ ОРГАНІВ І СИСТЕМ ЛЮДСЬКОГО ОРГАНІЗМУ ШЛЯХОМ ЇХ ПРОЕКЦІЇ НА СПЕЦІАЛЬНИЙ ПАПІР АБО ПЛІВКУ ЗА ДОПОМОГОЮ РЕНТГЕНІВСЬКИХ ПРОМЕНІВ МЕДИЧНИЙ ВИРІБДОПОМАГАЄ ПОБАЧИТИ НАЙДРІБНІШІ СТРУКТУРНІ ЗМІНИ В РІЗНИ,,1.0,ШТ,1540.0,64000.0,,,
2024-08-20,巴拉圭,中国,ALTAS TECNOLOGIAS SOCIEDAD ANONIMA,,,,,,,CHINA,,,,90221419,"1) UNIDAD DE EQUIPO DE RAYOS X PARA DIAGNOSTICO MEDICO, CON SUS ACCESORIOS CORRESPONDIENTES , MODELO PLD6500B, MARCA PERLOVE, ORIGEN CHINA",,1.0,,0.0,48784.0,,,
2024-08-20,巴基斯坦,中国,FUJIFILM PAKISTAN PRIVATE LIMITED,FUJIFILM CORPORATION,37-D BLOCK-6 P.E.C.H.S.,,,,,China,,,KAPS,90221400,(MEDICAL EQUIPMENT). MAIN UNIT DRYPIX SMART : E. QTY:10SET,,10.0,u,0.0,21450.0,,,
2024-08-19,智利,中国,,,,,,,,CHINA,,other ports of china,Aeropuerto comodoro arturo merino ,90221419,PARA USOS TECNICOS VETERINARIOS,,1.0,UNIDADES,24.8,4077.76,1760106950,,MEDSINGLONG CO.LTD.-F
2024-08-19,墨西哥,中国,GE SISTEMAS MEDICOS DE MEXICO SA DE CV,GE HUALUN MEDICAL SYSTEMS CO LTD,"ANTONIO DOVALI JAIME 70 TORRE B PISO 4 AVENIDA JAVIER BARROS SIERRA Y AVENIDA SANTA FE

Ciudad de Mexico
01210","YONG CHANG NORTH ROAD
BEIJINGCHINA

100176",,,,CHINA,,,NUEVO LAREDO NUEVO LAREDO TAMAULIPAS.,9022149101,SISTEMA RADIOGRAFICO XR6000,,1.0,PIECE,925.0,48459.14,,,
2024-08-19,印度,中国,SHIV CANCER CENTER PRIVATE LIMITED,SIEMENS HEALTHINEERS INTERNATIONAL AG,,,,,,CHINA ,,Zhengzhou,SAHAR AIR CARGO ACC (INBOM4),90221490,PARTIAL SHIPMENT LINEAR ACCELERATOR HALCYON FOR MEDICAL APPLICATION ( AS PER INV/PL),,1.0,SET ,0.0,761326.47,N8OBZXMAPGW4Q,,
2024-08-17,坦桑尼亚,中国,ANUDHA LTD,NEUSOFT MEDICAL SYSTEMS CO LTD & ICARE MEDICAL TEC,,,,,,China,United Republic of Tanzania,,,902214000000,NEUVIZ ACE SP,,2585.0,NMB,2585.0,282922.5933,COSU6388428900,,
2024-08-17,坦桑尼亚,中国,ANUDHA LTD,NEUSOFT MEDICAL SYSTEMS CO LTD & ICARE MEDICAL TEC,,,,,,China,United Republic of Tanzania,,,902214000000,NEUVIZ ACE SP,,2585.0,NMB,2585.0,282922.5933,COSU6388428900,,
2024-08-16,乌干达,中国,RADIOTECH CONSULT LTD,SHENZHEN LANMAGE MEDICAL TECHNOLOGY CO LTD,,,,,,CHINA,UGANDA,,,90221400000,DIGITAL X-RAY SYSTEM 6600 CLASSIC FLOOR MOUNTED,,3.0,Number,820.0,15654.9999,,,
2024-08-16,美国,中国,GE PRECISION HEALTHCARE LLC,GE HANGWEI MEDICAL SYSTEMS CO LTD,3000 NORTH GRANDVIEW BLVD , NO 1 NORTH YONG CHANG STREET ECON TECH ZONE ,GE PRECISION HEALTHCARE LLC,3000 NORTH GRANDVIEW BLVD ,,"CN, CHINA",,Pusan,Savannah,902214,XR6000 GEN4 50KW STANDARD MAIN SYSTEM HS: 9022140090,PO# 1837848.1/ 1837849.1/ 1837850.1 DELIVERY NUM 965635864/965635859/965635856,9.0,PKG,2643.0,0.0,DMALBJSA17832,INKU2561147,
2024-08-14,美国,中国,AKKAR DEPOT LLC,SHANTOU INSTITUTE OF ULTRASONIC INS,1513 SAN PATRICIA DR SUITE B ,77 JINSHA ROAD,CANG LU LOGISTICS LLC,PO BOX 1993 ,,"CN, CHINA",,"SHENZHEN,YANTIAN","HOUSTON,TX",902214,X RAY UNIT SR 8210S STAND BXJJ X004 WITH GZZJ X001 STAND BXJJ X010 HS CODE:902214,PM240638 AKKAR USA,25.0,CTN,504.0,0.0,NAQASWA24060453,ONEU0825820,
2024-08-14,菲律宾,中国,PHARMAGEM INC,GUANGZHOU MAO RONG SUPPLY CHAIN MANAGEMENT CO LTD,"SF05 2ND FLOOR SANTANA GROVE DR A SANTOS AVENUE SAN ANTONIO, PARANAQUE",,,,,CHINA,,,,90221400000,1 SET OF MAMMO MACHINE - PHARMAGEM,,1.0,PIECE,738.1,19948.8,NSAMNNG162683,,
2024-08-14,加纳,中国,COSMIST ENTERPRISE,GOLDENGATE HOLDINGS LIMITED,,,,,,China,,,,9022140000,"AUTO CHEMISTRY ANALYZER WITH 
ACCESSORY(MODEL:AU200PW)",,0.0,,110.5,500.0,241334404,,
2024-08-14,加纳,中国,COSMIST ENTERPRISE,GOLDENGATE HOLDINGS LIMITED,,,,,,China,,,,9022140000,ANAESTHESIA MACHINE ELK20EX,,0.0,,534.0,3000.0,241334404,,
2024-08-14,巴拉圭,中国,DEZETA SA,,,,,,,CHINA,,,,90221419,(1) UNID. SISTEMA DE DIAGNOSTICO DIGITAL DE RAYOS X DR16B-CTO-S01 DIGIEYE.-,,1.0,,0.0,39800.0,,,
2024-08-14,厄瓜多尔,中国,ORIMEC ORIENTAL MEDICAL DEL ECUADOR C A,,,,,,,ESTADOS UNIDOS,,-,,9022140000,EQUIPOS DE RAYOS X,,1.0,NUMERO DE UNIDADES,504.0,61060.037,,,GE HEALTHCARE
2024-08-14,加纳,中国,COSMIST ENTERPRISE,GOLDENGATE HOLDINGS LIMITED,,,,,,China,,,,9022140000,AUTOCLAVE,,0.0,,1225.0,424.0,241334404,,
2024-08-14,巴拉圭,中国,DEZETA SA,,,,,,,CHINA,,,,90221419,(1) UNID. SISTEMA DE DIAGNOSTICO DIGITAL DE RAYOS X DR16B-CTO-S01 DIGIEYE.-,,1.0,,0.0,23040.0,,,
2024-08-14,印度,中国,WIPRO GE MEDICAL DEVICE MANUFACTURING PRIVATE LIMI,GE HUALUN MEDICAL SYSTEMS CO LTD,"No.4, Kadugodi Industrial Area, Sad  Whitefield, Bangalore",,,,,CHINA ,,Shanghai,Chennai  ,90221490,5521321-4 - SYSTEM GANTRY HLA FOR OPTIMA IGS 320 - INDIA SEMI FINISHED (PARTS OF MANUFACTURING FOR REVOLUTION ALPHA & RE,,1.0,PCS ,0.0,83855.13,2IO9Q2T721J5H,,
2024-08-14,波兰,中国,SPEDYCJA POLSKA SPEDCONT SP Z O O DLYA GE HEALTHCARE MAGYARORSZÁG KFT,GE HANGWEI MEDICAL SYSTEMS CO LTD,UL.TOMASZEWSKA 60,"WEST AREA OF BUILDING NO.3, NO. 1 YONG CHANGE NORTH ROAD BEIJING ECONOMIC & TECHNOLOGICAL DEVELOPMENT AREA",,,,,Poland (PL),,,902214,BASIC SYSTEM of definition,,2498.0,KG,2498.0,68798.62,,,
2024-08-14,哈萨克斯坦,中国,ТОО PROMSPECSTROY,SHINOVA MEDICAL CO LTD, , ,,,"SHINOVA MEDICAL CO.,LTD.",China,Kazakhstan,,,9022140000,"1. ВЕТЕРИНАРНЫЙ ЭЛЕКТРОХИРУРГИЧЕСКИЙ АППАРАТ., ХИРУРГИЧЕСКИЕ ПРОЦЕДУРЫ В ВЕТЕРИНАРИИ, ВКЛЮЧАЯ РЕЗКУ И КОАГУЛЯЦИЮ ТКАНЕЙ КОМПЛЕКТАЦИЯ: ОСНОВНОЙ БЛОК, НОЖНАЯ ПЕДАЛЬ, КОМПЛЕКТ ЭЛЕКТРОДОВ, ЗАЗЕМЛЯЮЩИЙ КАБЕЛЬ, ПОЛЬЗОВАТЕЛЬСКАЯ ИНСТРУКЦИЯ.",,1.0,ШТ,3.0,2120.71,,,Б/М
2024-08-13,印度,中国,CARESTREAM HEALTH INDIA PRIVATE LIMITED,CARESTREAM HEALTH HK HOLDING LTD,"STAR HUB BUILDING NO.2 8TH FLOOR,O  FFICENO.801 NEAR ITC MARATHA HOTEL",,,,,CHINA ,,Shanghai,NHAVA SHEVA SEA (INNSA1),90221490,6704985 FLOOR MOUNT TUBESTAND RAIL 10FT RAIL C/F (ACCESSORIES FOR DRX COMPASS SYSTEM),,1.0,NOS ,0.0,477.21,B078HYX5KK6GT,,
2024-08-13,印度,中国,CARESTREAM HEALTH INDIA PRIVATE LIMITED,CARESTREAM HEALTH HK HOLDING LTD,"STAR HUB BUILDING NO.2 8TH FLOOR,O  FFICENO.801 NEAR ITC MARATHA HOTEL",,,,,CHINA ,,Shanghai,NHAVA SHEVA SEA (INNSA1),90221490,6704506 CARESTREAM ION CHAMBER 3 FIELD CIC-1 (ACCESSORIES FOR DRX COMPASS SYSTEM),,2.0,NOS ,0.0,510.02,B078HYX5KK6GT,,
2024-08-13,印度,中国,CARESTREAM HEALTH INDIA PRIVATE LIMITED,CARESTREAM HEALTH HK HOLDING LTD,"STAR HUB BUILDING NO.2 8TH FLOOR,O  FFICENO.801 NEAR ITC MARATHA HOTEL",,,,,CHINA ,,Shanghai,NHAVA SHEVA SEA (INNSA1),90221490,8621898 FOCUS WOD BUCKY FOR WS (ACCESSORIES FOR DRX COMPASSSYSTEM),,1.0,NOS ,0.0,1067.76,B078HYX5KK6GT,,
2024-08-13,印度,中国,CARESTREAM HEALTH INDIA PRIVATE LIMITED,CARESTREAM HEALTH HK HOLDING LTD,"STAR HUB BUILDING NO.2 8TH FLOOR,O  FFICENO.801 NEAR ITC MARATHA HOTEL",,,,,CHINA ,,Shanghai,NHAVA SHEVA SEA (INNSA1),90221490,6705180 KIT TUBE FMT FLOOR RAIL SID FEEDBACK C/F (ACCESSORIES FOR DRX COMPASS SYSTEM),,1.0,NOS ,0.0,163.35,B078HYX5KK6GT,,
2024-08-13,印度,中国,CARESTREAM HEALTH INDIA PRIVATE LIMITED,CARESTREAM HEALTH HK HOLDING LTD,"STAR HUB BUILDING NO.2 8TH FLOOR,O  FFICENO.801 NEAR ITC MARATHA HOTEL",,,,,CHINA ,,Shanghai,NHAVA SHEVA SEA (INNSA1),90221490,6704548 TUBESTAND Z&ALPHA MOTORIZD 8 BUTTON C/F (ACCESSORIESFOR DRX COMPASS SYSTEM),,1.0,NOS ,0.0,5583.99,B078HYX5KK6GT,,
2024-08-13,印度,中国,CARESTREAM HEALTH INDIA PRIVATE LIMITED,CARESTREAM HEALTH HK HOLDING LTD,"STAR HUB BUILDING NO.2 8TH FLOOR,O  FFICENO.801 NEAR ITC MARATHA HOTEL",,,,,CHINA ,,Shanghai,NHAVA SHEVA SEA (INNSA1),90221490,1010933 LLI OVERLAP GUIDE FOR CSH WS (ACCESSORIES FOR DRX COMPASS SYSTEM),,1.0,NOS ,0.0,113.2,B078HYX5KK6GT,,
2024-08-13,印度,中国,CARESTREAM HEALTH INDIA PRIVATE LIMITED,CARESTREAM HEALTH HK HOLDING LTD,"STAR HUB BUILDING NO.2 8TH FLOOR,O  FFICENO.801 NEAR ITC MARATHA HOTEL",,,,,CHINA ,,Shanghai,NHAVA SHEVA SEA (INNSA1),90221490,6706535 COMPASS BRANDING ACC KIT IN1 (ACCESSORIES FOR DRX COMPASS SYSTEM),,1.0,NOS ,0.0,452.05,B078HYX5KK6GT,,
2024-08-13,印度,中国,CARESTREAM HEALTH INDIA PRIVATE LIMITED,CARESTREAM HEALTH HK HOLDING LTD,"STAR HUB BUILDING NO.2 8TH FLOOR,O  FFICENO.801 NEAR ITC MARATHA HOTEL",,,,,CHINA ,,Shanghai,NHAVA SHEVA SEA (INNSA1),90221490,6701577 COLLIMATOR AUTO R221 ACS DHHS (ACCESSORIES FOR DRX COMPASS SYSTEM),,1.0,NOS ,0.0,2724.06,B078HYX5KK6GT,,
2024-08-13,印度,中国,CARESTREAM HEALTH INDIA PRIVATE LIMITED,CARESTREAM HEALTH HK HOLDING LTD,"STAR HUB BUILDING NO.2 8TH FLOOR,O  FFICENO.801 NEAR ITC MARATHA HOTEL",,,,,CHINA ,,Shanghai,NHAVA SHEVA SEA (INNSA1),90221490,6554083 CARESTREAM DR LLI STAND (ACCESSORIES FOR DRX COMPASSSYSTEM),,1.0,NOS ,0.0,2819.49,B078HYX5KK6GT,,
2024-08-13,印度,中国,CARESTREAM HEALTH INDIA PRIVATE LIMITED,CARESTREAM HEALTH HK HOLDING LTD,"STAR HUB BUILDING NO.2 8TH FLOOR,O  FFICENO.801 NEAR ITC MARATHA HOTEL",,,,,CHINA ,,Shanghai,NHAVA SHEVA SEA (INNSA1),90221490,"6701718 GRID, 44LINE/CM, FD 130, RATIO 10 TO 1 (ACCESSORIESFOR DRX COMPASS SYSTEM)",,1.0,NOS ,0.0,474.25,B078HYX5KK6GT,,
2024-08-13,印度,中国,CARESTREAM HEALTH INDIA PRIVATE LIMITED,CARESTREAM HEALTH HK HOLDING LTD,"STAR HUB BUILDING NO.2 8TH FLOOR,O  FFICENO.801 NEAR ITC MARATHA HOTEL",,,,,CHINA ,,Shanghai,NHAVA SHEVA SEA (INNSA1),90221490,6701577 COLLIMATOR AUTO R221 ACS DHHS (ACCESSORIES FOR DRX COMPASS SYSTEM),,1.0,NOS ,0.0,2724.06,B078HYX5KK6GT,,
2024-08-13,印度,中国,CARESTREAM HEALTH INDIA PRIVATE LIMITED,CARESTREAM HEALTH HK HOLDING LTD,"STAR HUB BUILDING NO.2 8TH FLOOR,O  FFICENO.801 NEAR ITC MARATHA HOTEL",,,,,CHINA ,,Shanghai,NHAVA SHEVA SEA (INNSA1),90221490,6704506 CARESTREAM ION CHAMBER 3 FIELD CIC-1 (ACCESSORIES FOR DRX COMPASS SYSTEM),,2.0,NOS ,0.0,510.02,B078HYX5KK6GT,,
2024-08-13,印度,中国,CARESTREAM HEALTH INDIA PRIVATE LIMITED,CARESTREAM HEALTH HK HOLDING LTD,"STAR HUB BUILDING NO.2 8TH FLOOR,O  FFICENO.801 NEAR ITC MARATHA HOTEL",,,,,CHINA ,,Shanghai,NHAVA SHEVA SEA (INNSA1),90221490,8621658 GENERATOR GRP C 50KW 3P 380-480 VAC (ACCESSORIES FORDRX COMPASS SYSTEM),,1.0,NOS ,0.0,5170.18,B078HYX5KK6GT,,
2024-08-13,印度,中国,CARESTREAM HEALTH INDIA PRIVATE LIMITED,CARESTREAM HEALTH HK HOLDING LTD,"STAR HUB BUILDING NO.2 8TH FLOOR,O  FFICENO.801 NEAR ITC MARATHA HOTEL",,,,,CHINA ,,Shanghai,NHAVA SHEVA SEA (INNSA1),90221490,8621963 FOCUS WOD BUCKY FOR TABLE (ACCESSORIES FOR DRX COMPASS SYSTEM),,1.0,NOS ,0.0,988.48,B078HYX5KK6GT,,
2024-08-13,印度,中国,CARESTREAM HEALTH INDIA PRIVATE LIMITED,CARESTREAM HEALTH HK HOLDING LTD,"STAR HUB BUILDING NO.2 8TH FLOOR,O  FFICENO.801 NEAR ITC MARATHA HOTEL",,,,,CHINA ,,Shanghai,NHAVA SHEVA SEA (INNSA1),90221490,6704548 TUBESTAND Z&ALPHA MOTORIZD 8 BUTTON C/F (ACCESSORIESFOR DRX COMPASS SYSTEM),,1.0,NOS ,0.0,5583.99,B078HYX5KK6GT,,
2024-08-13,印度,中国,CARESTREAM HEALTH INDIA PRIVATE LIMITED,CARESTREAM HEALTH HK HOLDING LTD,"STAR HUB BUILDING NO.2 8TH FLOOR,O  FFICENO.801 NEAR ITC MARATHA HOTEL",,,,,CHINA ,,Shanghai,NHAVA SHEVA SEA (INNSA1),90221490,6705164 FMT REMOTE CONTROLLER TUBESTAND FMT C/F (ACCESSORIESFOR DRX COMPASS SYSTEM),,1.0,NOS ,0.0,131.85,B078HYX5KK6GT,,
2024-08-13,印度,中国,CARESTREAM HEALTH INDIA PRIVATE LIMITED,CARESTREAM HEALTH HK HOLDING LTD,"STAR HUB BUILDING NO.2 8TH FLOOR,O  FFICENO.801 NEAR ITC MARATHA HOTEL",,,,,CHINA ,,Shanghai,NHAVA SHEVA SEA (INNSA1),90221490,6704878 X-RAY FMT SYSTEM DIGITAL CONSOLE PDU C/F (ACCESSORIES FOR DRX COMPASS SYSTEM),,1.0,NOS ,0.0,2689.01,B078HYX5KK6GT,,
2024-08-13,印度,中国,CARESTREAM HEALTH INDIA PRIVATE LIMITED,CARESTREAM HEALTH HK HOLDING LTD,"STAR HUB BUILDING NO.2 8TH FLOOR,O  FFICENO.801 NEAR ITC MARATHA HOTEL",,,,,CHINA ,,Shanghai,NHAVA SHEVA SEA (INNSA1),90221490,8621831 FOCUS 43C BUCKY FOR WS LEFT (ACCESSORIES FOR DRX COMPASS SYSTEM),,1.0,NOS ,0.0,763.24,B078HYX5KK6GT,,
2024-08-13,印度,中国,CARESTREAM HEALTH INDIA PRIVATE LIMITED,CARESTREAM HEALTH HK HOLDING LTD,"STAR HUB BUILDING NO.2 8TH FLOOR,O  FFICENO.801 NEAR ITC MARATHA HOTEL",,,,,CHINA ,,Shanghai,NHAVA SHEVA SEA (INNSA1),90221490,1010933 LLI OVERLAP GUIDE FOR CSH WS (ACCESSORIES FOR DRX COMPASS SYSTEM),,1.0,NOS ,0.0,113.2,B078HYX5KK6GT,,
2024-08-13,印度,中国,CARESTREAM HEALTH INDIA PRIVATE LIMITED,CARESTREAM HEALTH HK HOLDING LTD,"STAR HUB BUILDING NO.2 8TH FLOOR,O  FFICENO.801 NEAR ITC MARATHA HOTEL",,,,,CHINA ,,Shanghai,NHAVA SHEVA SEA (INNSA1),90221490,6704878 X-RAY FMT SYSTEM DIGITAL CONSOLE PDU C/F (ACCESSORIES FOR DRX COMPASS SYSTEM),,1.0,NOS ,0.0,2689.01,B078HYX5KK6GT,,
2024-08-13,印度,中国,CARESTREAM HEALTH INDIA PRIVATE LIMITED,CARESTREAM HEALTH HK HOLDING LTD,"STAR HUB BUILDING NO.2 8TH FLOOR,O  FFICENO.801 NEAR ITC MARATHA HOTEL",,,,,CHINA ,,Shanghai,NHAVA SHEVA SEA (INNSA1),90221490,8621948 FOCUS 43C BUCKY FOR TABLE (ACCESSORIES FOR DRX COMPASS SYSTEM),,1.0,NOS ,0.0,686.06,B078HYX5KK6GT,,
2024-08-13,印度,中国,CARESTREAM HEALTH INDIA PRIVATE LIMITED,CARESTREAM HEALTH HK HOLDING LTD,"STAR HUB BUILDING NO.2 8TH FLOOR,O  FFICENO.801 NEAR ITC MARATHA HOTEL",,,,,CHINA ,,Shanghai,NHAVA SHEVA SEA (INNSA1),90221490,6706535 COMPASS BRANDING ACC KIT IN1 (ACCESSORIES FOR DRX COMPASS SYSTEM),,1.0,NOS ,0.0,452.05,B078HYX5KK6GT,,
2024-08-13,印度,中国,CARESTREAM HEALTH INDIA PRIVATE LIMITED,CARESTREAM HEALTH HK HOLDING LTD,"STAR HUB BUILDING NO.2 8TH FLOOR,O  FFICENO.801 NEAR ITC MARATHA HOTEL",,,,,CHINA ,,Shanghai,NHAVA SHEVA SEA (INNSA1),90221490,8622151 WALLSTAND LATERAL ARM SUPPORT C/F (ACCESSORIES FOR DRX COMPASS SYSTEM),,1.0,NOS ,0.0,139.13,B078HYX5KK6GT,,
2024-08-13,印度,中国,PANACEA MEDICAL TECHNOLOGIES PRIVATE LIMITED,SPELLMAN HIGH VOLTAGE ELECTRNICS,"116,4TH FLOOR,SHAILENDRATECHNOPARK  ,ROAD 3, EPIP AREA PHASE1,",,,,,CHINA ,,SHENZHEN,BANGALORE ACC (INBLR4),90221410,"X5457-VMX40P5X5457-HIGH VOLTAGE GENERATOR (PART OF MAMMOGRAPHY ASSEMBLY)SL NO:143866284-A00073,143866285-A00074",,8.0,NOS ,0.0,23112.0,ZFSAHULPR2S4L,,
2024-08-13,印度,中国,CARESTREAM HEALTH INDIA PRIVATE LIMITED,CARESTREAM HEALTH HK HOLDING LTD,"STAR HUB BUILDING NO.2 8TH FLOOR,O  FFICENO.801 NEAR ITC MARATHA HOTEL",,,,,CHINA ,,Shanghai,NHAVA SHEVA SEA (INNSA1),90221490,"6701700 GRID,44LINE/CM,FD 100,RATIO 10 TO 1 (ACCESSORIES FORDRX COMPASS SYSTEM)",,1.0,NOS ,0.0,473.57,B078HYX5KK6GT,,
2024-08-13,印度,中国,CARESTREAM HEALTH INDIA PRIVATE LIMITED,CARESTREAM HEALTH HK HOLDING LTD,"STAR HUB BUILDING NO.2 8TH FLOOR,O  FFICENO.801 NEAR ITC MARATHA HOTEL",,,,,CHINA ,,Shanghai,NHAVA SHEVA SEA (INNSA1),90221490,6706535 COMPASS BRANDING ACC KIT IN1 (ACCESSORIES FOR DRX COMPASS SYSTEM),,1.0,NOS ,0.0,452.05,B078HYX5KK6GT,,
2024-08-13,印度,中国,CARESTREAM HEALTH INDIA PRIVATE LIMITED,CARESTREAM HEALTH HK HOLDING LTD,"STAR HUB BUILDING NO.2 8TH FLOOR,O  FFICENO.801 NEAR ITC MARATHA HOTEL",,,,,CHINA ,,Shanghai,NHAVA SHEVA SEA (INNSA1),90221490,8622151 WALLSTAND LATERAL ARM SUPPORT C/F (ACCESSORIES FOR DRX COMPASS SYSTEM),,1.0,NOS ,0.0,139.13,B078HYX5KK6GT,,
2024-08-13,印度,中国,CARESTREAM HEALTH INDIA PRIVATE LIMITED,CARESTREAM HEALTH HK HOLDING LTD,"STAR HUB BUILDING NO.2 8TH FLOOR,O  FFICENO.801 NEAR ITC MARATHA HOTEL",,,,,CHINA ,,Shanghai,NHAVA SHEVA SEA (INNSA1),90221490,"6701700 GRID,44LINE/CM,FD 100,RATIO 10 TO 1 (ACCESSORIES FORDRX COMPASS SYSTEM)",,1.0,NOS ,0.0,473.57,B078HYX5KK6GT,,
2024-08-13,印度,中国,CARESTREAM HEALTH INDIA PRIVATE LIMITED,CARESTREAM HEALTH HK HOLDING LTD,"STAR HUB BUILDING NO.2 8TH FLOOR,O  FFICENO.801 NEAR ITC MARATHA HOTEL",,,,,CHINA ,,Shanghai,NHAVA SHEVA SEA (INNSA1),90221490,6705164 FMT REMOTE CONTROLLER TUBESTAND FMT C/F (ACCESSORIESFOR DRX COMPASS SYSTEM),,1.0,NOS ,0.0,131.85,B078HYX5KK6GT,,
2024-08-13,印度,中国,CARESTREAM HEALTH INDIA PRIVATE LIMITED,CARESTREAM HEALTH HK HOLDING LTD,"STAR HUB BUILDING NO.2 8TH FLOOR,O  FFICENO.801 NEAR ITC MARATHA HOTEL",,,,,CHINA ,,Shanghai,NHAVA SHEVA SEA (INNSA1),90221490,1010933 LLI OVERLAP GUIDE FOR CSH WS (ACCESSORIES FOR DRX COMPASS SYSTEM),,1.0,NOS ,0.0,113.2,B078HYX5KK6GT,,
2024-08-13,印度,中国,CARESTREAM HEALTH INDIA PRIVATE LIMITED,CARESTREAM HEALTH HK HOLDING LTD,"STAR HUB BUILDING NO.2 8TH FLOOR,O  FFICENO.801 NEAR ITC MARATHA HOTEL",,,,,CHINA ,,Shanghai,NHAVA SHEVA SEA (INNSA1),90221490,6704977 FLOOR MOUNT TUBESTAND RAIL 12FT RAIL C/F (ACCESSORIES FOR DRX COMPASS SYSTEM),,1.0,NOS ,0.0,648.07,B078HYX5KK6GT,,
2024-08-13,印度,中国,CARESTREAM HEALTH INDIA PRIVATE LIMITED,CARESTREAM HEALTH HK HOLDING LTD,"STAR HUB BUILDING NO.2 8TH FLOOR,O  FFICENO.801 NEAR ITC MARATHA HOTEL",,,,,CHINA ,,Shanghai,NHAVA SHEVA SEA (INNSA1),90221490,6701692 TABLE QT-750 W/O BUCKY C/F (ACCESSORIES FOR DRX COMPASS SYSTEM),,1.0,NOS ,0.0,6229.42,B078HYX5KK6GT,,
2024-08-13,印度,中国,CARESTREAM HEALTH INDIA PRIVATE LIMITED,CARESTREAM HEALTH HK HOLDING LTD,"STAR HUB BUILDING NO.2 8TH FLOOR,O  FFICENO.801 NEAR ITC MARATHA HOTEL",,,,,CHINA ,,Shanghai,NHAVA SHEVA SEA (INNSA1),90221490,6701585 WALLSTAND-T Z-MOTORIZED W/O BUCKY C/F (ACCESSORIES FOR DRX COMPASS SYSTEM),,1.0,NOS ,0.0,4198.93,B078HYX5KK6GT,,
2024-08-13,印度,中国,CARESTREAM HEALTH INDIA PRIVATE LIMITED,CARESTREAM HEALTH HK HOLDING LTD,"STAR HUB BUILDING NO.2 8TH FLOOR,O  FFICENO.801 NEAR ITC MARATHA HOTEL",,,,,CHINA ,,Shanghai,NHAVA SHEVA SEA (INNSA1),90221490,6703680 BRANDING KIT DRX-COMPASS TABLE ONLY (ACCESSORIES FORDRX COMPASS SYSTEM),,1.0,NOS ,0.0,245.79,B078HYX5KK6GT,,
2024-08-13,印度,中国,CARESTREAM HEALTH INDIA PRIVATE LIMITED,CARESTREAM HEALTH HK HOLDING LTD,"STAR HUB BUILDING NO.2 8TH FLOOR,O  FFICENO.801 NEAR ITC MARATHA HOTEL",,,,,CHINA ,,Shanghai,NHAVA SHEVA SEA (INNSA1),90221490,6701593 WALLSTAND-NT Z-MOTORIZED W/O BUCKY C/F (ACCESSORIESFOR DRX COMPASS SYSTEM),,1.0,NOS ,0.0,3582.9,B078HYX5KK6GT,,
2024-08-13,印度,中国,CARESTREAM HEALTH INDIA PRIVATE LIMITED,CARESTREAM HEALTH HK HOLDING LTD,"STAR HUB BUILDING NO.2 8TH FLOOR,O  FFICENO.801 NEAR ITC MARATHA HOTEL",,,,,CHINA ,,Shanghai,NHAVA SHEVA SEA (INNSA1),90221490,6554083 CARESTREAM DR LLI STAND (ACCESSORIES FOR DRX COMPASSSYSTEM),,1.0,NOS ,0.0,2819.49,B078HYX5KK6GT,,
2024-08-13,越南,中国,CÔNG TY TNHH THIẾT BỊ THÚ Y VIỆT NAM,SUZHOU POWERSITE ELECTRIC CO LTD,"Cam 3 Village, Co Bi Commune, Gia Lam District, Hanoi City, Vietnam","BUILDING 5, NO.188 FUCHUNJIANG RD, SUZHOU NEW DISTRICT 215151, SUZHOU, PEOPLE' S REPUBLIC OF CHINA, CN",,,,China,,,,90221400,"Bộ phận máy chụpXquang dùng cho đ.vật:thiết bị thu nhận,xử lý tia X.Model PSM-PD5.6E S1,CS:5.6kW,Đ.a 220V,50Hz/60Hz,kt máy383*240*215mm, hiệuPOWERSITE, Nsx:Suzhou Powersite Electric,mới100%,X-ray machine parts for objects: X-ray receiving and processing equipment. Model PSM-PD5.6E S1, CS: 5.6kW, 220V, 50Hz/60Hz, machine size 383*240*215mm, brand POWERSITE, manufacturer: Suzhou Powersite Electric, 100% new",,5.0,Pieces,0.0,11500.0,,,
2024-08-13,印度,中国,CARESTREAM HEALTH INDIA PRIVATE LIMITED,CARESTREAM HEALTH HK HOLDING LTD,"STAR HUB BUILDING NO.2 8TH FLOOR,O  FFICENO.801 NEAR ITC MARATHA HOTEL",,,,,CHINA ,,Shanghai,NHAVA SHEVA SEA (INNSA1),90221490,6701692 TABLE QT-750 W/O BUCKY C/F (ACCESSORIES FOR DRX COMPASS SYSTEM),,1.0,NOS ,0.0,6229.42,B078HYX5KK6GT,,
2024-08-13,印度,中国,CARESTREAM HEALTH INDIA PRIVATE LIMITED,CARESTREAM HEALTH HK HOLDING LTD,"STAR HUB BUILDING NO.2 8TH FLOOR,O  FFICENO.801 NEAR ITC MARATHA HOTEL",,,,,CHINA ,,Shanghai,NHAVA SHEVA SEA (INNSA1),90221490,6701536 GENERATOR GRP C 65KW 3P 380-480 VAC (ACCESSORIES FORDRX COMPASS SYSTEM),,1.0,NOS ,0.0,5170.39,B078HYX5KK6GT,,
2024-08-13,印度,中国,CARESTREAM HEALTH INDIA PRIVATE LIMITED,CARESTREAM HEALTH HK HOLDING LTD,"STAR HUB BUILDING NO.2 8TH FLOOR,O  FFICENO.801 NEAR ITC MARATHA HOTEL",,,,,CHINA ,,Shanghai,NHAVA SHEVA SEA (INNSA1),90221490,6703680 BRANDING KIT DRX-COMPASS TABLE ONLY (ACCESSORIES FORDRX COMPASS SYSTEM),,1.0,NOS ,0.0,245.79,B078HYX5KK6GT,,
2024-08-13,印度,中国,CARESTREAM HEALTH INDIA PRIVATE LIMITED,CARESTREAM HEALTH HK HOLDING LTD,"STAR HUB BUILDING NO.2 8TH FLOOR,O  FFICENO.801 NEAR ITC MARATHA HOTEL",,,,,CHINA ,,Shanghai,NHAVA SHEVA SEA (INNSA1),90221490,6709265 CARESTREAM DR LLI STAND FOR INDIA (ACCESSORIES FOR DRX COMPASS SYSTEM),,1.0,NOS ,0.0,1793.73,B078HYX5KK6GT,,
2024-08-13,印度,中国,CARESTREAM HEALTH INDIA PRIVATE LIMITED,CARESTREAM HEALTH HK HOLDING LTD,"STAR HUB BUILDING NO.2 8TH FLOOR,O  FFICENO.801 NEAR ITC MARATHA HOTEL",,,,,CHINA ,,Shanghai,NHAVA SHEVA SEA (INNSA1),90221490,6705180 KIT TUBE FMT FLOOR RAIL SID FEEDBACK C/F (ACCESSORIES FOR DRX COMPASS SYSTEM),,1.0,NOS ,0.0,163.35,B078HYX5KK6GT,,
2024-08-13,印度,中国,CARESTREAM HEALTH INDIA PRIVATE LIMITED,CARESTREAM HEALTH HK HOLDING LTD,"STAR HUB BUILDING NO.2 8TH FLOOR,O  FFICENO.801 NEAR ITC MARATHA HOTEL",,,,,CHINA ,,Shanghai,NHAVA SHEVA SEA (INNSA1),90221490,8622177 ACCESSORY-AUTOTRACKING HANDLE FOR TABLE (ACCESSORIESFOR DRX COMPASS SYSTEM),,1.0,NOS ,0.0,83.96,B078HYX5KK6GT,,
2024-08-13,印度,中国,CARESTREAM HEALTH INDIA PRIVATE LIMITED,CARESTREAM HEALTH HK HOLDING LTD,"STAR HUB BUILDING NO.2 8TH FLOOR,O  FFICENO.801 NEAR ITC MARATHA HOTEL",,,,,CHINA ,,Shanghai,NHAVA SHEVA SEA (INNSA1),90221490,"6701718 GRID, 44LINE/CM, FD 130, RATIO 10 TO 1 (ACCESSORIESFOR DRX COMPASS SYSTEM)",,1.0,NOS ,0.0,474.25,B078HYX5KK6GT,,
2024-08-12,乌干达,中国,PHARMACURE COMPANY LIMITED,MRS SAKINAH NALUBEGAKAMPALA KAWEMPE DIVISION SOUTH KAWEMPE DIVISIONNABUKALU NABUKALUNANA,,,,,,CHINA,UGANDA,,,90221400000,X-RAY MACHINE AND CHEST X-RAYRACK,,2.0,Number,273.0,175.0,,,
2024-08-12,印度,中国,YASHODA FOUNDATIONS,SIEMENS HEALTHINEERS INTERNATIONAL AG,,,,,,CHINA ,,Xingang,TUGHLAKABAD,90221490,LINEAR ACCELERATOR ETHOS FOR MEDICAL APPLICATION (PARTIAL SHIPMENT)(COMP./PARTS AND STANDARD ACESSORIES)-(AS PER INV.,,1.0,SET ,0.0,2763163.57,RNBB8960QLGUH,,
2024-08-12,乌干达,中国,PHARMACURE COMPANY LIMITED,MRS SAKINAH NALUBEGAKAMPALA KAWEMPE DIVISION SOUTH KAWEMPE DIVISIONNABUKALU NABUKALUNANA,,,,,,CHINA,UGANDA,,,90221400000,CAPSULA MACHINE,,2.0,Number,275.0,100.0,,,
2024-08-12,乌兹别克斯坦,中国,ООО FORTEK,SHENZHEN SONTU MEDICAL IMAGING EQUIPMENT CO LTD КИТАЙ,,,,,,,,,,9022140000,"1) Рентгенографическая аппаратура для медицинских целей: Система рентгенографическая диагностическая цифровая SONTU100-Polaris50E / Digital Diagnostic Radiography System SONTU100-Polaris50 E / в комп./Новый,2024г.в./Сер№20240710000002-0007/Пр-ль.:""Shenzhen SONTU Medical Imaging Equipment Co., LTD"", Китай/: вес: 3170,4 кг, кол. 6 шт; 2) Вид и количество упаковки:12 карт.короб.; 8) Код инвестпрограммы:000; 9) Код технологического оборудования:024; 10) Год изготовления и технические параметры:2024/ G31MARKA марка SONTU YEAR10 год производ 2024 PARAM10 Характеристика товара Диапазон времени экспозиции: 1-10000 мс. Детектор: FPD, Анод: фиксированный",,6.0,Piece,3170.4,126000.0,,,
2024-08-12,印度,中国,SIEMENS HEALTHCARE PRIVATE LIMITED,SIEMENS HEALTHINEERS AG,"UNIT NO.9, 9TH FLOOR, NORTH WING  GODREJ ONE, PIROJSHAH NAGAR,",,,,,CHINA ,,Shekou,NHAVA SHEVA SEA (INNSA1),90221490,( CARDIAC AND VASCULAR ANGIOGRAPHY INCL DSA COMPLETE WITH ACCESSORIES ( AS PER INV ) ARTIS ONE,,1.0,SET ,0.0,250716.99,PUI3Y5R5Z69BB,,
2024-08-12,乌兹别克斯坦,中国,ООО FORTEK,SHENZHEN SONTU MEDICAL IMAGING EQUIPMENT CO LTD КИТАЙ,,,,,,,,,,9022140000,"1) Рентгенографическая аппаратура для медицинских целей: Система рентгенографическая диагностическая цифровая SONTU100-Polaris50E / Digital Diagnostic Radiography System SONTU100-Polaris50 E / в комп./Новый,2024г.в./Сер№20240710000002-0007/Пр-ль.:""Shenzhen SONTU Medical Imaging Equipment Co., LTD"", Китай/: вес: 3170,4 кг, кол. 6 шт; 2) Вид и количество упаковки:12 карт.короб.; 8) Код инвестпрограммы:000; 9) Код технологического оборудования:024; 10) Год изготовления и технические параметры:2024/ G31MARKA марка SONTU YEAR10 год производ 2024 PARAM10 Характеристика товара Диапазон времени экспозиции: 1-10000 мс. Детектор: FPD, Анод: фиксированный",,6.0,Piece,3170.4,126000.0,,,
2024-08-11,孟加拉国,中国,PHULHAR AND COMPANY,TRIUP INTERNATIONAL CORP CHINA,"33, Topkhana Road, Meherba Plaza",,,,,China,,,,90221400,MEDICAL EQUIPMENT:300MA X-RAY MACHINE MODEL:TR300A,,10.0,NMB,6000.0,60500.0,,,
2024-08-11,孟加拉国,中国,PHULHAR AND COMPANY,TRIUP INTERNATIONAL CORP CHINA,"33, Topkhana Road, Meherba Plaza",,,,,CN,,,,90221400,MEDICAL EQUIPMENT:300MA X-RAY MACHINE MODEL:TR300A,,10.0,,6000.0,60500.0,,,
2024-08-11,孟加拉国,中国,PHULHAR AND COMPANY,TRIUP INTERNATIONAL CORP CHINA,"33, Topkhana Road, Meherba Plaza",,,,,CN,,,,90221400,MEDICAL EQUIPMENT:200MA X-RAY MACHINE MODEL:TR200B,,10.0,,5500.0,51000.0,,,
2024-08-11,孟加拉国,中国,PHULHAR AND COMPANY,TRIUP INTERNATIONAL CORP CHINA,"33, Topkhana Road, Meherba Plaza",,,,,China,,,,90221400,MEDICAL EQUIPMENT:200MA X-RAY MACHINE MODEL:TR200B,,10.0,NMB,5500.0,51000.0,,,
2024-08-10,印度,中国,SIEMENS HEALTHCARE PRIVATE LIMITED,SIEMENS HEALTHINEERS AG,"UNIT NO.9, 9TH FLOOR, NORTH WING  GODREJ ONE, PIROJSHAH NAGAR,",,,,,CHINA ,,Shanghai,NHAVA SHEVA SEA (INNSA1),90221490,( IMAGE INTENSIFIER CIOS SYSTEM COMPLETE WITH ACCESSORIES (AS PER INV ) CIOS SELECT VA21,,1.0,NOS ,0.0,26664.41,9N7ZHWQRQTRJ7,,
2024-08-10,埃塞俄比亚,中国,XIANDENG LI,,,,,,,China,,,,90221400,"-- Other, for medical, surgical or veterinary uses",,2.0,UNT,1179.5,129857.08,,,
2024-08-10,印度,中国,SIEMENS HEALTHCARE PRIVATE LIMITED,SIEMENS HEALTHINEERS AG,"UNIT NO.9, 9TH FLOOR, NORTH WING  GODREJ ONE, PIROJSHAH NAGAR,",,,,,CHINA ,,Shanghai,NHAVA SHEVA SEA (INNSA1),90221490,( IMAGE INTENSIFIER CIOS SYSTEM COMPLETE WITH ACCESSORIES (AS PER INV ) CIOS SELECT VA21,,1.0,NOS ,0.0,26664.41,9N7ZHWQRQTRJ7,,
2024-08-09,巴基斯坦,中国,FUJIFILM PAKISTAN PRIVATE LTD,FUJIFILM HEALTHCARE ASIA PACIFIC PT,37-D BLOCK-6 P.E.C.H.S., 10 NEW INDUSTRIAL ROAD,,,,China (CN),,,KPAF,90221400,(MEDICAL EQIUPMENT FOR X-RAY AND ACCESSORIES) FDR SE LITE G43 03100062 MARS1717XF-GSI WITH STANDARD ACCESSORIES. QTY. 1SET.,,1.0,u,71.0,15082.0,60351109321,,
2024-08-09,印度,中国,PANACEA MEDICAL TECHNOLOGIES PRIVATE LIMITED,IRAY TECHNOLOGY COMPANY LIMITED,"116,4TH FLOOR,SHAILENDRATECHNOPARK  ,ROAD 3, EPIP AREA PHASE1,",,,,,CHINA ,,SHANGHAI - PU DONG,BANGALORE ACC (INBLR4),90221410,"HV X-RAY GENERATOR,FORNAX50RT PLUS [USED FOR RADIOTHERAPY EQUIPMENT]",,1.0,NOS ,0.0,7000.0,WB46HTVH6G775,,
2024-08-09,秘鲁,中国,ADMINISTRADORA DE NEGOCIOS PERUANA S R L,,,,,,,CHINA,,MIAMI,,9022140000,"VETERINARY PORTABLE X-RAY,MEDSINGLONG CO LTD,MSLPX15, UTILICE LA PENETRABILIDAD DE LOS RAYOS X PARA TOMAR FOTOGRAFÍAS DE MASCOTAS SERIES: DTXR-8ZR2407001 X-RAY (VETERINARY USE),,,,",,1.0,U,13.75,1613.562,,,
2024-08-09,菲律宾,中国,PHILIPS PHILIPPINES INC,PHILIPS HEALTHCARE SUZHOU LTD,"10F SUNLIFE CENTRE 5TH AVE COR RIZAL DRIVE FORT BONIFACIO, TAGUIG CITY",,,,,CHINA,,,,90221400000,1 PCE DURADIAGNOST F30 1.1 (PHILIPS),,1.0,PIECE,1150.0,21688.9,CPL0206447,,
2024-08-09,乌干达,中国,RADIOTECH CONSULT LTD,SHENZHEN LANMAGE MEDICAL TECHNOLOGY CO LTD,,,,,,CHINA,UGANDA,,,90221400000,DIGITAL X-RAY SYSTEM 6600 CLASSIC FLOOR MOUNTED,,3.0,Number,820.0,15654.9999,,,
2024-08-09,巴基斯坦,中国,FUJIFILM PAKISTAN PRIVATE LIMITED,FUJIFILM HEALTHCARE ASIA PACIFIC PT,37-D BLOCK-6 P.E.C.H.S.,,,,,China                         ,,,KPAF,90221400,(MEDICAL EQIUPMENT FOR X-RAY AND ACCESSORIES) FDR SE LITE G43 03100062 MARS1717XF-GSI WITH STANDARD ACCESSORIES. QTY. 1SET.,,1.0,u,0.0,15082.0,,,
2024-08-09,菲律宾,中国,PHILIPS PHILIPPINES INC,PHILIPS HEALTHCARE SUZHOU LTD,"10F SUNLIFE CENTRE 5TH AVE COR RIZAL DRIVE FORT BONIFACIO, TAGUIG CITY",,,,,CHINA,,,,90221400000,1 PCE DURADIAGNOST F30 1.1 (PHILIPS),,1.0,PIECE,1154.0,21688.9,CPL0206447,,
2024-08-09,巴基斯坦,中国,FUJIFILM PAKISTAN PRIVATE LTD,FUJIFILM HEALTHCARE ASIA PACIFIC PT,37-D BLOCK-6 P.E.C.H.S., 10 NEW INDUSTRIAL ROAD,,,,China (CN),,,KPAF,90221400,(MEDICAL EQIUPMENT FOR X-RAY AND ACCESSORIES) FDR SE LITE G43 03100062 MARS1717XF-GSI WITH STANDARD ACCESSORIES. QTY. 1SET.,,1.0,u,71.0,15082.0,60351109321,,
2024-08-09,乌干达,中国,N2M COMPANY LIMITED,AWIE GROUP CO LIMITED,,,,,,CHINA,UGANDA,,,90221400000,X-RAY FILM VIEWER,,2.0,Number,20.0,103.0,,,
2024-08-09,秘鲁,中国,ADMINISTRADORA DE NEGOCIOS PERUANA S R L,,,,,,,CHINA,,MIAMI,,9022140000,"VETERINARY PORTABLE X-RAY,MEDSINGLONG CO LTD,MSLPX15, UTILICE LA PENETRABILIDAD DE LOS RAYOS X PARA TOMAR FOTOGRAFÍAS DE MASCOTAS SERIES: DTXR-8ZR2407002 X-RAY (VETERINARY USE),,,,",,1.0,U,13.75,1613.562,,,
2024-08-09,印度,中国,PHILIPS INDIA LIMITED,PHILIPS ELECTRONICS SINGAPORE PTE LTD,"3RD FLOOR TOWER A DLF PARK 08,MAJO  R ARTERIAL RD NEW TOWN RAJARHAT",,,,,CHINA ,,Singapore,SAHAR AIR CARGO ACC (INBOM4),90221490,459800202852 KIT JOYSTICKS GEO_IMAG_ELASTOMER (PARTS FOR IXRMACHINE),,1.0,NOS ,0.0,335.74,AL5QX8P6R7G15,,
2024-08-08,印度,中国,WIPRO GE MEDICAL DEVICE MANUFACTURING PRIVATE LIMI,GE HUALUN MEDICAL SYSTEMS CO LTD,"No.4, Kadugodi Industrial Area, Sad  Whitefield, Bangalore",,,,,CHINA ,,Shanghai,Chennai  ,90221490,5521321-4 - SYSTEM GANTRY HLA FOR OPTIMA IGS 320 - INDIA SEMI FINISHED (PARTS OF MANUFACTURING FOR REVOLUTION ALPHA & RE,,1.0,PCS ,0.0,83855.13,95USSBX502HJ7,,
2024-08-08,印度,中国,WIPRO GE MEDICAL DEVICE MANUFACTURING PRIVATE LIMI,GE HUALUN MEDICAL SYSTEMS CO LTD,"No.4, Kadugodi Industrial Area, Sad  Whitefield, Bangalore",,,,,CHINA ,,Shanghai,Chennai  ,90221490,5521321-4 - SYSTEM GANTRY HLA FOR OPTIMA IGS 320 INDIA SEMIFINISHED (PARTS OF MANUFACTURING FOR REVOLUTION ALPHA & REVO,,1.0,PCS ,0.0,83855.13,V0BKWN26FDPI9,,
2024-08-08,哈萨克斯坦,中国,ТОВАРИЩЕСТВО С ОГРАНИЧЕННОЙ ОТВЕТСТВЕННОСТЬЮ MEDSYST МЕДСИСТ,ANGELL TECHNOLOGY CHONGQING CO LTD, , ,,,"SHENZHEN ANGELL TECHNOLOGY CO.,LTD.",China,Kazakhstan,,,9022140000,"1. ЦИФРОВАЯ МЕДИЦИНСКАЯ РЕНТГЕНОГРАФИЧЕСКАЯ И ФЛЮОРОГРАФИЧЕСКАЯ СИСТЕМА DFM818: 1. ЦИФРОВАЯ  МЕДИЦИНСКАЯ КИТАЙ РЕНТГЕНОГРАФИЧЕСКАЯ И ФЛЮОРОГРАФИЧЕСКАЯ СИСТЕМА DFM818 2. РЕНТГЕНОВСКИЙ  ВЫСОКОВОЛЬТНЫЙ ГЕНЕРАТОР. 3. ПЛОСКИЙ РЕНТГЕНОВСКИЙ ДЕТЕКТОР 4. СБОРКА  РЕНТГЕНОВСКОЙ ТРУБКИ 7.  КОЛЛИМАТОР 9. КОНСОЛЬ 13. СИСТЕМА ОБРАБОТКИ ИЗОБРАЖЕНИЙ (КОМПЬЮТЕР ГЛАВНОГО УПРАВЛЕНИЯ, МОНИТОР)  15. ФОТОГРАФИЧЕСКАЯ КРОВАТЬ 16. БАКИ СТЕНД, ИСПОЛЬЗУЕТСЯ ДЛЯ РУТИННОЙ РЕНТГЕНОСКОПИИ И ФОТОГРАФИЧЕСКИХ ИССЛЕДОВАНИЙ ДЛЯ ПОЛУЧЕНИЯ ИЗОБРАЖЕНИЙ ДЛЯ КЛИНИЧЕСКОЙ ДИАГНОСТИКИ.",,1.0,ШТ,765.0,26607.38,,,"SHENZHEN ANGELL TECHNOLOGY CO.,LTD."
2024-08-08,土耳其,中国,ÖZEL MEDİKAL TIBBİ CİHAZLAR SANAYİ VE TİCARET LİMİTED ŞİRKETİ,GE HEALTHCARE TRADE AND DEVELOPMENT LLC,,,,,,ÇİN HALK CUMHURİYETİ,,,MURATBEY GÜMRÜK MÜDÜRLÜĞÜ,902214000000,GE MARKA OEC ONE MODEL C KOLLU MOBİL RÖNTGEN CİHAZI (BİRİNCİL ÜRÜN NO: 00840682125604) KULLANIMI İÇİN GEREKLİ TEFERRUATLARIYLA BİRLİKTE KOMPLEDİR. PARÇA NO: S10005GR,,402.4,KİLOGRAM,402.4,36000.0,24341300IM00168971,,
2024-08-07,乌兹别克斯坦,中国,OOO SHENZHEN BROWINER DISTRIBUTOR,SHENZHEN BROWINER TECH CO LTD,,,,,,,,,,9022140000,"1. Система цифровой рентгенографии модель PerfoX 3000A (Digital Radiography System) с принадлежностями (Приложение), 5 комплект. Комплектация согласно регистрационное удостоверение № ТТ/Х ТО 06384/07/23. Новый 2024 года выпуска. Производитель: Shenzhen Browiner Tech Co., Ltd, Китай. - кол. 5 шт, вес: 3800 кг 2. мест 15, 15 спец.упаковка 8. 000 9. 024 10. 2024/год выпуска, новый. 11. 02 Общее кол. мест: 15 G31MARKA марка Browiner YEAR10 год производ 2024 PARAM10 Характеристика товара год выпуска, новый.",,5.0,Piece,3800.0,100000.0,,,
2024-08-07,巴基斯坦,中国,FUJIFILM PAKISTAN PRIVATE LTD,FUJIFILM CORPORATION,37-D BLOCK-6 P.E.C.H.S., 26-30 NISHIAZABI 2-CHOME MINATO-KUTOKYO 106-8620 JAPAN,,,,China (CN),,,KAPE,90221400,(MEDICAL EQUIPMENT). MAIN UNIT DRYPIX SMART : E. QTY:30SET,,30.0,u,3.576,64350.0,QYSEA240614,,
2024-08-07,乌兹别克斯坦,中国,OOO SHENZHEN BROWINER DISTRIBUTOR,SHENZHEN BROWINER TECH CO LTD,,,,,,0,,,,9022140000,"1. Портативная рентгенографическая система Beatle-05P с принадлежностями (Приложение), 3 комплект. Комплектация согласно регистрационное удостоверение № ТТ/Х 03164/12/19. Новый 2024 года выпуска. Производитель: Shenzhen Browiner Tech Co., Ltd, Китай. - кол. 3 шт, вес: 222 кг 2. мест 9, 9 спец.упаковка 8. 000 9. 024 10. 2024/год выпуска, новый. 11. 02 Общее кол. мест: 9 G31MARKA марка Browiner YEAR10 год производ 2024 PARAM10 Характеристика товара год выпуска, новый.",,3.0,Piece,222.0,41700.0,,,
2024-08-07,乌兹别克斯坦,中国,OOO SHENZHEN BROWINER DISTRIBUTOR,SHENZHEN BROWINER TECH CO LTD,,,,,,0,,,,9022140000,"1. Система цифровой рентгенографии модель PerfoX 3000A (Digital Radiography System) с принадлежностями (Приложение), 5 комплект. Комплектация согласно регистрационное удостоверение № ТТ/Х ТО 06384/07/23. Новый 2024 года выпуска. Производитель: Shenzhen Browiner Tech Co., Ltd, Китай. - кол. 5 шт, вес: 3800 кг 2. мест 15, 15 спец.упаковка 8. 000 9. 024 10. 2024/год выпуска, новый. 11. 02 Общее кол. мест: 15 G31MARKA марка Browiner YEAR10 год производ 2024 PARAM10 Характеристика товара год выпуска, новый.",,5.0,Piece,3800.0,100000.0,,,
2024-08-07,巴基斯坦,中国,FUJIFILM PAKISTAN PRIVATE LTD,FUJIFILM CORPORATION,37-D BLOCK-6 P.E.C.H.S., 26-30 NISHIAZABI 2-CHOME MINATO-KUTOKYO 106-8620 JAPAN,,,,China (CN),,,KAPE,90221400,(MEDICAL EQUIPMENT). FCR PRIMA T2 PNTM CR IR 392 RU2 PNTM A = : E. QTY:10SET,,10.0,u,3.58,51703.6,QYSEA240614,,
2024-08-07,巴基斯坦,中国,FUJIFILM PAKISTAN PRIVATE LTD,FUJIFILM CORPORATION,37-D BLOCK-6 P.E.C.H.S., 26-30 NISHIAZABI 2-CHOME MINATO-KUTOKYO 106-8620 JAPAN,,,,China (CN),,,KAPE,90221400,(MEDICAL EQUIPMENT). MAIN UNIT DRYPIX SMART : E. QTY:30SET,,30.0,u,3.58,64350.0,QYSEA240614,,
2024-08-07,巴基斯坦,中国,FUJIFILM PAKISTAN PRIVATE LTD,FUJIFILM CORPORATION,37-D BLOCK-6 P.E.C.H.S., 26-30 NISHIAZABI 2-CHOME MINATO-KUTOKYO 106-8620 JAPAN,,,,China (CN),,,KAPE,90221400,(MEDICAL EQUIPMENT). FCR PRIMA T2 PNTM CR IR 392 RU2 PNTM A = : E. QTY:10SET,,10.0,u,3.576,51703.6,QYSEA240614,,
2024-08-07,巴基斯坦,中国,FUJIFILM PAKISTAN PRIVATE LIMITED,FUJIFILM CORPORATION,37-D BLOCK-6 P.E.C.H.S.,,,,,China,,,KAPE,90221400,(MEDICAL EQUIPMENT). MAIN UNIT DRYPIX SMART : E. QTY:30SET,,30.0,u,0.0,64350.0,,,
2024-08-07,巴基斯坦,中国,FUJIFILM PAKISTAN PRIVATE LIMITED,FUJIFILM CORPORATION,37-D BLOCK-6 P.E.C.H.S.,,,,,China,,,KAPE,90221400,(MEDICAL EQUIPMENT). FCR PRIMA T2 PNTM CR IR 392 RU2 PNTM A = : E. QTY:10SET,,10.0,u,0.0,51703.6,,,
2024-08-07,乌兹别克斯坦,中国,OOO SHENZHEN BROWINER DISTRIBUTOR,SHENZHEN BROWINER TECH CO LTD,,,,,,,,,,9022140000,"1. Портативная рентгенографическая система Beatle-05P с принадлежностями (Приложение), 3 комплект. Комплектация согласно регистрационное удостоверение № ТТ/Х 03164/12/19. Новый 2024 года выпуска. Производитель: Shenzhen Browiner Tech Co., Ltd, Китай. - кол. 3 шт, вес: 222 кг 2. мест 9, 9 спец.упаковка 8. 000 9. 024 10. 2024/год выпуска, новый. 11. 02 Общее кол. мест: 9 G31MARKA марка Browiner YEAR10 год производ 2024 PARAM10 Характеристика товара год выпуска, новый.",,3.0,Piece,222.0,41700.0,,,
2024-08-06,印度,中国,SIEMENS HEALTHCARE PRIVATE LIMITED,SIEMENS HEALTHINEERS AG,"UNIT NO.9, 9TH FLOOR, NORTH WING  GODREJ ONE, PIROJSHAH NAGAR,",,,,,CHINA ,,Shekou,NHAVA SHEVA SEA (INNSA1),90221490,CARDIAC AND VASCULAR ANGIOGRAPHY INCL DSA COMPLETE WITH ACCESSORIES ( AS PER INV ) ARTIS ONE,,1.0,SET ,0.0,250716.99,49ZMVAO489K3S,,
2024-08-06,波兰,中国,DB CARGO EURASIA GMBH P P GE MEDICAL SYSTEMS SCS,BEIJING GE HANGWEI MEDICAL EQUIPMENT CO LTD,ST. OF VIYEYSK 2 | 11,No. 1 NORTH YONG CHANG STREET BEIJING ECONOMIC & TECHNOLOGICAL DEVELOPMENT AREA,,,,,Poland (PL),,,902214,Mobile x-ray device,,1000.0,KG,1000.0,79612.4821,,,
2024-08-06,哈萨克斯坦,中国,PROMSPETSSTROY COMPANY LTD LIABILITY COMPANY,SHINOVA MEDICAL CO LTD,"Kazakhstan, Akmola Region, Astana, KEREY St., ZHANIBEK HANDAR, 42 | 1, sq. (office) 2", ,,,,,Kazakhstan (KZ),,,902214,VETERINARY DIGITAL X-RAY PORTABLE VETERINARY DIGITAL X-RAY,,614.0,KG,614.0,45230.0,,,
2024-08-06,波兰,中国,DB CARGO EURASIA GMBH P P GE MEDICAL SYSTEMS SCS,GE HUALUN MEDICAL SYSTEMS CO LTD,ST. OF VIYEYSK 2 | 11,No. 1 NORTH YONG CHANG STREET,,,,,Poland (PL),,,902214,System of the x-ray camera | equipment for use of the x-ray device,,5476.0,KG,5476.0,193570.3042,,,
2024-08-06,加纳,中国,DIAGNOSTIC IMAGING ENGINEERING SERVICES,GENORAY CO LTD,,,,,,China,,,,9022140000,"MAMMOGRAPGHY SYSTEM  
MODEL: MX 600",,0.0,,430.0,26500.0,DURTEM4110480V,,
2024-08-06,波兰,中国,DB CARGO EURASIA GMBH P P GE HEALTHCARE GMBH,GEHC CN TIANJIN MFG TJM,ST. OF VIYEYSK 2 | 11,NO. 266 JINGSAN ROAD,,,,,Poland (PL),,,902214,Mobile x-ray device of the S-arch,,3624.0,KG,3624.0,248121.1786,,,
2024-08-06,波兰,中国,DB CARGO EURASIA GMBH P P GE MEDICAL SYSTEMS SCS,BEIJING GE HANGWEI MEDICAL EQUIPMENT CO LTD,ST. OF VIYEYSK 2 | 11,No. 1 NORTH YONG CHANG STREET BEIJING ECONOMIC & TECHNOLOGICAL DEVELOPMENT AREA,,,,,Poland (PL),,,902214,System of the x-ray camera,,1111.6,KG,1111.6,34266.0734,,,
2024-08-06,乌兹别克斯坦,中国,OOO QUASAR TRADE,DONG HAO TRADE LIMITED,,,,,,,,,,9022140000,"1. Цифровая рентгенографическая и рентгеноскопическая система модели DRF-8B, c принадлежностями, в кол.-1комплекта, в разобранном виде, новая, 2024 г.в., сер. № Y24-065-1-1   - кол. 1 шт, вес: 1500 кг 2. мест 4, 4 дерев.ящик. 8. 000 9. 024 10. 2024/Цифровая рентгенографическая и рентгеноскопическая медицинская система модели DRF-8 11. 02 Общее кол. мест: 4 G31MARKA марка WDM YEAR10 год производ 2024 PARAM10 Характеристика товара Цифровая рентгенографическая и рентгеноскопическая медицинская система модели DRF-8",,1.0,Piece,1500.0,118500.0,,,
2024-08-06,波兰,中国,DB CARGO EURASIA GMBH P P GE HEALTHCARE GMBH,BEIJING GE HANGWEI MEDICAL EQUIPMENT CO LTD,ST. OF VIYEYSK 2 | 11,No. 1 NORTH YONG CHANG STREET BEIJING ECONOMIC & TECHNOLOGICAL DEVELOPMENT AREA,,,,,Poland (PL),,,902214,Mobile x-ray device,,2475.0,KG,2475.0,163278.6215,,,
2024-08-06,波兰,中国,DB CARGO EURASIA GMBH P P GE MEDICAL SYSTEMS INFORMATION TECHNOLOGIES GMBH,GE MEDICAL SYSTEMS CHINA CO LTD,ST. OF VIYEYSK 2 | 11,"No. 19, CHANGJIANG ROAD WUXI NATIONAL HI-TECH DEVELOPMENT ZONE",,,,,Poland (PL),,,902214,System of the x-ray camera | equipment for use of the x-ray device,,2908.0,KG,2908.0,74456.46,,,
2024-08-06,哥伦比亚,中国,TECNICA ELECTRO MEDICA S A,CHINA ISOTOPE AND RADIATION CORPORATION,CL 47 # 5 26,NO. 66 CHANGWA MIDDLE STREET HAIDIA,,,,CHINA,,,,9022140000,DO BUN241196 PEDIDO PEDIDO IMPORT-1231-2 ISOTOPE DECLARACION 1 DE 1NOS ACOGEMOS AL DECRETO 1881 DEL 2021 ARANCEL DEL 0,,7.0,NUMERO DE ARTICULOS,4995.0,211192.5,,,
2024-08-06,印度,中国,MEDION HEALTHCARE PRIVATE LIMITED,SUZHOU POWERSITE ELECTRIC CO LTD,"PLOT NO. K-49, THAKUR PADA GAON,  MIDC ANAND NAGAR, OPP. A SOLUTION C",,,,,CHINA ,,Shanghai,NHAVA SHEVA SEA (INNSA1),90221410,"PSG-HR80L MEDICAL X RAY HIGH FREQUENCY HIGH VOLTAGE GENERATOR ASSEMBLY WITH 1 PC OF CONTROL BOX CS04, 1 PC OF USB TO RS2",,1.0,NOS ,0.0,3744.0,RWH5ISKNT86GA,,
2024-08-05,韩国,中国,KUEHNE NAGEL LTD,KUEHNE AND NAGEL LTD,"82 UISADANG-DAERO,20TH FL 07321  ,,","1401 JIANGCHANG ROAD,BUILDING 4,1401 ",,,,CHINA,KOREA,Shanghai,Busan,902214,"GAOU2553285 22G0 SHIPPER'S SEAL: CN7264842 
2 PACKAGE GROSS WEIGHT: 1390 KGS MEASUREMENT: 11.752 CBM 
  14455051_CIOS SELECT VA21 
  II 
  14455058_CIOS SELECT VA21 
  FD 
  HS:902214 
MARKS AND NUMBERS: 
  SIEMENS",,2.0,PACKAGE,1390.0,0.0,278594440,,
2024-08-05,韩国,中国,KUEHNE NAGEL LTD,KUEHNE AND NAGEL LTD,"82 UISADANG-DAERO,20TH FL 07321  ,,","1401 JIANGCHANG ROAD,BUILDING 4,1401 ",,,,CHINA,KOREA,Shanghai,Busan,902214,"GAOU2553285 22G0 SHIPPER'S SEAL: CN7264842 
2 PACKAGE GROSS WEIGHT: 1390 KGS MEASUREMENT: 11.752 CBM 
  14455051_CIOS SELECT VA21 
  II 
  14455058_CIOS SELECT VA21 
  FD 
  HS:902214 
MARKS AND NUMBERS: 
  SIEMENS",,2.0,PACKAGE,1390.0,0.0,278594440,,
2024-08-05,印度,中国,PHILIPS INDIA LIMITED,SPELLMAN HIGH VOLTAGE ELECTRONICS,"3RD FLOOR TOWER A DLF PARK 08,MAJO  R ARTERIAL RD NEW TOWN RAJARHAT",,,,,CHINA ,,SHANGHAI - PU DONG,SAHAR AIR CARGO ACC (INBOM4),90221410,"(IGCRD SRNO: 161) 459801732292,HF GENERATOR MMB 409085-001 (FOR C-ARM IMAGE INTENSIFIER SYSTEM)",,10.0,NOS ,0.0,20730.0,ANIO7T708HR20,,
2024-08-05,厄瓜多尔,中国,DREI SOLUCIONES EQUIPOS E IMAGENESMEDICAS CIA LTDA,SINOVISION HEALTHCARE YANGZHOU CO LTD,,,,,,CHINA,,CNSHA-,,9022140000,TOMOGRAFO,,1.0,NUMERO DE UNIDADES,5010.0,93976.0,CEC2024MAEU0244,,SINOVISION
2024-08-05,美国,中国,CLINICAL MEDICAL SERVICES CARR PR,MEDICAL DEPOT INC,3 KM 9 5 AVE 65 INFANTERIA CAROLINA PR 00985 PHONE: 888 720-2900 MRN#01390580011,D/B/A DRIVE DEVILBISS HEALTHCARE 99 SEAVIEW BLVD PORT WASHINGTON NEW YORK 11050 U S A TEL: 516-998-4600 ,CARMICHAEL INTERNATIONAL SERVICES,20 W LINCOLN AVE SUITE 300 VALLEY STREAM NY 11580 T:516-837-4433 DRIVEBROKERCIS@CARMNET COM,,"CN, CHINA",,Panama Canal,SAN JUAN,902214,"MEDICAL DEVICES, ROLLATOR MEDICAL DEVICES P.O.NO. 429125 THE SHIPMENT CONTAINS NO SOLID WOOD PACKING MATERIALS. MEDICAL DEVICES(ROLLATOR) @ TAX ID 11-3525013 THE INFORMATION APPEARING ON THE DECLARATION RELATING TO THE QUANTITY AND DESCRIPTION OF THE CARGO IS IN EACH INSTANCE BASED ON THE SHIPPER S LOAD AND COUNT. I HAVE NO KNOWLEDGE OR INFORMATION WHICH WOULD LEAD ME TO BELIEVE OR TO SUSPECT THAT THE INFORMATION FURNISHED BY THE SHIPPER IS INCOMPLETE, INACCURATE, OR FALSE IN ANY WAY.",DRIVE DRIVE THE SAME THE SAME THE SAME THE SAME THE SAME THE SAME THE SAME THE SAME THE SAME THE SAME THE SAME THE SAME THE SAME THE SAME THE SAME,1600.0,CTN,13600.0,0.0,EGLV010400435550,TRHU6846058,
2024-08-05,卢旺达,中国,VISION GROUP 10 LTD,HEBEI RUNXINNG TECHNOLOGY CO LTD,,,,,,China,Rwanda,,,90221400,",-- OTHER APPARATUS BASED ON THE USE OF XRAYSÃ , FOR MEDICAL,",,1.0,NMB,54.0,223.294,,,
2024-08-05,越南,中国,CÔNG TY TNHH THƯƠNG MẠI DỊCH VỤ Y TẾ HẢI NAM,SHANGHAI PZ MEDICAL TECHNOLOGY CO LTD,"25/19/8 Pham Dang Giang Street, Binh Hung Hoa Ward, Binh Tan District, Ho Chi Minh City, Vietnam","5F, BUILDING 13 NO.2 SUIDE ROAD, 200331 SHANGHAI, PEOPLES REPUBLIC OF CHINA, CHINA, CN",,,,China,,,,90221400,"Bộ chuyển đổi X-quang số hóa, model 3543Z, dùng trong quá trình chụp X-quang chẩn đoán hình ảnh trong y tế, nhà sản xuất: Shanghai PZ Medical Technology Co., Ltd. Hàng mới 100%,Digital X-ray converter, model 3543Z, used in medical diagnostic X-ray imaging, manufacturer: Shanghai PZ Medical Technology Co., Ltd. 100% new",,1.0,Pieces,0.0,5800.0,,,
2024-08-05,乌兹别克斯坦,中国,TOO FORTEK LTD,SHENZHEN SONTU MEDICAL IMAGING EQUIPMENT CO LTD,"13A SAYRAM STR.,6 PASSAGE,M.ULUGBEK DISTRICT","101,102,202 BUILDING NO.1,SHENZHEN BIOMEDICINE INNOVATIONS INDUSTRIAL PARK, No. 14, JINHUI ROAD,PINGSHAN NEW DISTRICT",,,,,Uzbekistan (UZ),,,902214,DIGITAL DIAGNOSTIC RADIOGRAPHIC SONTU100-POLARIS50 E SYSTEM,,4180.0,KG,4180.0,126000.0,,,
2024-08-05,哈萨克斯坦,中国,MEDIKAL SERVICE KAZAKHSTAN LLP,DRGEM CORP THROUGH CHINA,"050050, Kazakhstan, Almaty Region, Almaty, SEYFULLINA Avenue St., 404 | 67","116-59, SANHO-DAERO, GUMI-SI, GYEONGSANGBUK-DO, KOREA 39377",,,,,Kazakhstan (KZ),,,902214,"RADIOGRAPHIC SYSTEM DIAGNOSTIC, GENERAL PURPOSE, DIGITAL DIAMOND-5A IN OPTIONS OF EXECUTION",,1127.0,KG,1127.0,44100.0,,,
2024-08-05,厄瓜多尔,中国,DREI SOLUCIONES EQUIPOS E IMAGENESMEDICAS CIA LTDA,SINOVISION HEALTHCARE YANGZHOU CO LTD,,,,,,CHINA,,CNSHA-,,9022140000,TOMOGRAFO,,1.0,NUMERO DE UNIDADES,5010.0,93976.0,CEC2024MAEU0244,,SINOVISION
2024-08-05,墨西哥,中国,INTERNACIONAL GG GALATA SA DE CV,NANJING ARCHMED MEDICAL EQUIPMENT CO LTD,"TEXCOCO MANZANA 8 LOTE 29 CALLE PONIENTE 11 Y CALLE PONIENTE 12
Iztapalapa
Ciudad de Mexico
07900","ROOM.106 BUILDING 10
NANJING

",,,,HONG KONG,,,AEROPUERTO INTERNACIONAL DE LA CIUDAD DE MEXICO,9022149199,UNIDAD DE RAYOS X PORTATIL PARA USO VETERINARIO,,1.0,PIECE,139.0,6920.5,,,
2024-08-03,波兰,中国,DB CARGO EURASIA GMBH P P GE MEDICAL SYSTEMS SCS,BEIJING GE HANGWEI MEDICAL EQUIPMENT CO LTD,ST. OF VIYEYSK 2 | 11,No. 1 NORTH YONG CHANG STREET BEIJING ECONOMIC & TECHNOLOGICAL DEVELOPMENT AREA,,,,,Poland (PL),,,902214,System of x-ray cameras | equipment for use of x-ray devices Mobile x-ray device C-arm,,3096.5,KG,3096.5,120683.0997,,,
2024-08-03,印度,中国,PHILIPS INDIA LIMITED,PHILIPS ELECTRONICS SINGAPORE PTE LTD,"3RD FLOOR TOWER A DLF PARK 08,MAJO  R ARTERIAL RD NEW TOWN RAJARHAT",,,,,CHINA ,,Singapore,SAHAR AIR CARGO ACC (INBOM4),90221410,459800002591 COVER STAND RIGHT FRU (PARTS FOR MEDICAL MACHINE),,1.0,NOS ,0.0,152.16,E594T1UTQX9SJ,,
2024-08-03,波兰,中国,DB CARGO EURASIA GMBH P P GE MEDICAL SYSTEMS SCS,BEIJING GE HANGWEI MEDICAL EQUIPMENT CO LT,ST. OF VIYEYSK 2 | 11,No. 1 NORTH YONG CHANG STREET BEIJING ECONOMIC & TECHNOLOGICAL DEVELOPMENT AREA,,,,,Poland (PL),,,902214,Mobile x-ray medical equipment,,1000.0,KG,1000.0,79612.4821,,,
2024-08-02,厄瓜多尔,中国,ORIMEC ORIENTAL MEDICAL DEL ECUADOR C A,BEIJING GE HUALUN MEDICAL EQUIPMENT CO LTD,,,,,,ESTADOS UNIDOS,,CNTXG-,,9022140000,EQUIPOS DE RAYOS X,,1.0,NUMERO DE UNIDADES,504.0,57788.963,CEC2024MAEU0244,,GE HEALTHCARE
2024-08-02,墨西哥,中国,GE SISTEMAS MEDICOS DE MEXICO SA DE CV,GE HUALUN MEDICAL SYSTEMS CO LTD,"ANTONIO DOVALI JAIME 70 TORRE B PISO 4 AVENIDA JAVIER BARROS SIERRA Y AVENIDA SANTA FE

Ciudad de Mexico
01210","YONG CHANG NORTH ROAD
BEIJINGCHINA

100176",,,,CHINA,,,NUEVO LAREDO NUEVO LAREDO TAMAULIPAS.,9022149199,SISTEMA DE RAYOS X OPTIMA XR646HD,,1.0,PIECE,3025.91,120663.49,,,
2024-08-02,厄瓜多尔,中国,ORIMEC ORIENTAL MEDICAL DEL ECUADOR C A,BEIJING GE HUALUN MEDICAL EQUIPMENT CO LTD,,,,,,ESTADOS UNIDOS,,CNTXG-,,9022140000,EQUIPOS DE RAYOS X,,1.0,NUMERO DE UNIDADES,504.0,61060.037,CEC2024MAEU0244,,GE HEALTHCARE
2024-08-02,菲律宾,中国,ALTA GLOBAL SERVICES INC,TDS SEAEVER EXHIBITION SERVICE CO,"3 STA. AGUEDA AVE. PASCOR DRIVE STO. NINO, PARANAQUE CITY",,,,,CHINA,,,,90221400000,X RAY MACHINE BRAND YSENMED MODEL YSX500D SN 07052308003 (EXHIBITION DISPLAY FOR PHIL. MEDICAL EXPO 2024) QTY 1 SET,,1.0,PIECE,143.0,2143.7,SITGSHMST010792,,
2024-08-02,菲律宾,中国,ALTA GLOBAL SERVICES INC,TDS SEAEVER EXHIBITION SERVICE CO,"3 STA. AGUEDA AVE. PASCOR DRIVE STO. NINO, PARANAQUE CITY",,,,,CHINA,,,,90221400000,"X-RAY MACHINE BRAND YSENMED, MODEL YSDR-VET320, SN 02292405335 (EXHIBITION DISPLAY FOR PHIL. MEDICAL EXPO 2024) QTY 1 SET",,1.0,PIECE,143.0,2213.1,SITGSHMST010792,,
2024-08-01,巴基斯坦,中国,GUJRANWALA MEDICAL COLLEGE,VITRACE INTERNATIONAL FZC,"Gujranwala Medical College /, DHQ Teaching Hospital, Gujranwala., Gujranwala Aroop"," ELOBE OFFICE NO:E-21F-17,
P.O. BOX.NO.54015
HAMRIYAH FREE ZONE, SHARJAH, UAE",,,,China (CN),,,KAPW,90221400,"COMPUTERIZED RADIOGRAPHY (CR) SYSTEM MODEL; DIRECTVIEW CLASSIC CARESTREAM HEALTH .INC.USA
AS PER INVOICE",,1.0,u,0.43,47268.0,34051969,,
2024-08-01,印度,中国,WIPRO GE MEDICAL DEVICE MANUFACTURING PRIVATE LIMI,GE HUALUN MEDICAL SYSTEMS CO LTD,"No.4, Kadugodi Industrial Area, Sad  Whitefield, Bangalore",,,,,CHINA ,,Shanghai,Chennai  ,90221490,5521321-4 - SYSTEM GANTRY HLA FOR OPTIMA IGS 320 - INDIA SEMI FINISHED (PARTS OF MANUFACTURING FOR REVOLUTION ALPHA & RE,,1.0,PCS ,0.0,83855.13,0S5T4IW2WX5W6,,
2024-08-01,哥伦比亚,中国,INVERSIONES RODRIGUEZ CASTANEDA SAS,TOOTOO MEDITECH CO LTD,CL 148 N 7 B 14,ROOM 2401 BUILDING 3A INTELLIGENT,,,,CHINA,,,,9022140000,"DO BOGI24029019. PEDIDO TRAMITE: VVG-24 / 253. DECLARACION(1-8). MERCANCIA NUEVA, LOCALIZA",,9.0,NUMERO DE ARTICULOS,211.0,21304.0,,,
2024-08-01,巴基斯坦,中国,GUJRANWALA MEDICAL COLLEGE,VITRACE INTERNATIONAL FZC,"Gujranwala Medical College /, DHQ Teaching Hospital, Gujranwala., Gujranwala Aroop"," ELOBE OFFICE NO:E-21F-17,
P.O. BOX.NO.54015
HAMRIYAH FREE ZONE, SHARJAH, UAE",,,,China (CN),,,KAPW,90221400,"COMPUTERIZED RADIOGRAPHY (CR) SYSTEM MODEL; DIRECTVIEW CLASSIC CARESTREAM HEALTH .INC.USA
AS PER INVOICE",,1.0,u,0.43,47268.0,34051969,,
2024-08-01,菲律宾,中国,CHAMPH MEDICAL EQUIPMENT INT'L INC,SHENZHEN ANGELL TECHNOLOGY CO LTD,"UNIT 2C AND 3C NO. 92 MALAKAS ST., BRGY. PINYAHAN, DILIMAN, QUEZON CITY",,,,,CHINA,,,,90221400000,1 UNIT OF DIGITAL MEDICAL X-RAY RADIOGRAPHIC SYSTEM (X-RAY MACHINE MODEL DTP571) BRAND ANGELL,,1.0,PIECE,1615.0,66585.5,A33EX34908,,
2024-08-01,印度,中国,WIPRO GE MEDICAL DEVICE MANUFACTURING PRIVATE LIMI,GE HUALUN MEDICAL SYSTEMS CO LTD,"No.4, Kadugodi Industrial Area, Sad  Whitefield, Bangalore",,,,,CHINA ,,Shanghai,Chennai  ,90221490,5521321-4 - SYSTEM GANTRY HLA FOR OPTIMA IGS 320 - INDIA SEMI FINISHED (PARTS OF MANUFACTURING FOR REVOLUTION ALPHA & RE,,1.0,PCS ,0.0,83855.13,SU3QNQFXGYF5F,,
2024-08-01,越南,中国,CÔNG TY TNHH SUPERWELL TECHNOLOGY VIỆT NAM,LIUYANG VOLITION MEDICAL EQUIPMENT CO LTD,"T16, Nam Cuong Building, Duong Noi Urban Area, Km4 To Huu Street, La Khe Ward, Ha Dong District, Hanoi City, Vietnam","76 JIANSHOU AVE, ECONOMIC AND, TECHNOLOGICAL DEVELOPMENT ZONE, LIUYANG, HUNAN, CHINA, CN",,,,China,,,,90221400,"Hệ thống X-quang chẩn đoán và phụ kiện đi kèm, Mã: Picke 1800 DR/500, Hãng sx: Liu Yang Volition Medical Equipment Co.,Ltd,Mới 100%,Diagnostic X-ray system and accessories, Code: Picke 1800 DR/500, Manufacturer: Liu Yang Volition Medical Equipment Co.,Ltd, 100% New",,3.0,Set,0.0,25500.0,,,
2024-08-01,巴基斯坦,中国,GUJRANWALA MEDICAL COLLEGE,VITRACE INTERNATIONAL FZC,"Gujranwala Medical College /, DHQ Teaching Hospital, Gujranwala., Gujranwala Aroop",,,,,China                         ,,,KAPW,90221400,"COMPUTERIZED RADIOGRAPHY (CR) SYSTEM MODEL; DIRECTVIEW CLASSIC CARESTREAM HEALTH .INC.USA
AS PER INVOICE",,1.0,u,0.0,47268.0,,,
2024-08-01,委内瑞拉,中国,INVERSIONES MEDICA A Y E C A,,,,,,,CHINA,,Cristobal,,9022141200,Para angiografia,,0.0,,3802.0,230000.0,27135,,
2024-08-01,委内瑞拉,中国,SERVICIOS HOSPITALARIOS MCG C A,,,,,,,CHINA,,Colon Free Zone,,9022141100,Para mamografia,,0.0,,790.0,92054.0,27475,,
2024-08-01,印度,中国,WIPRO GE MEDICAL DEVICE MANUFACTURING PRIVATE LIMI,GE HUALUN MEDICAL SYSTEMS CO LTD,"No.4, Kadugodi Industrial Area, Sad  Whitefield, Bangalore",,,,,CHINA ,,Shanghai,Chennai  ,90221490,5521321-4 - SYSTEM GANTRY HLA FOR OPTIMA IGS 320 - INDIA SEMI FINISHED (PARTS OF MANUFACTURING FOR REVOLUTION ALPHA & RE,,1.0,PCS ,0.0,83855.13,EV86JRX7Q2LNC,,
2024-07-31,乌兹别克斯坦,中国,SHENZHEN BROWINER DISTRIBUTOR,SHENZHEN BROWINER TECH CO LTD,YANGIARIK DISTRICT AMUDARYA STREET 100 | 10,"ROOM 501. BUILDING C.GANGHONGJI HIGH-TECH INTELLIGENT INDUSTRIAL PARK, NO, No. 1008,",,,,,Uzbekistan (UZ),,,902214,"DIGITAL RADIOGRAPHIC SYSTEM, PROTATIVNY RADIOGRAPHIC SYSTEM",,4740.0,KG,4740.0,141700.0,,,
2024-07-31,科特迪瓦,中国,SOLUMEDCI,NANJING PERLOVE MEDICAL EQUIPMENT CO LTD,"09 BP 292 ABIDJAN (VILLE) 09,DEUX PLATEA",97 WANGXI,,,,Chine,COTE D'IVOIRE,,,9022140000,"9022140000 - -- Appareils à rayons X pour usages médicaux, ch",,1.0,,460.0,24263.9997,,,
2024-07-31,印度,中国,SIEMENS HEALTHCARE PRIVATE LIMITED,SIEMENS HEALTHINEERS AG,"UNIT NO.9, 9TH FLOOR, NORTH WING  GODREJ ONE, PIROJSHAH NAGAR,",,,,,CHINA ,,Shanghai,SAHAR AIR CARGO ACC (INBOM4),90221490,( IMAGE INTENSIFIER SYSTEM COMPLETE WITH ACCESSORIES ( AS PER ) ) CIOS SELECT VA21 FD,,1.0,SET ,0.0,61126.73,1XXJUIUW1AYS0,,
2024-07-31,印度,中国,PHILIPS INDIA LIMITED,PHILIPS ELECTRONICS SINGAPORE PTE LTD,"3RD FLOOR TOWER A DLF PARK 08,MAJO  R ARTERIAL RD NEW TOWN RAJARHAT",,,,,CHINA ,,Singapore,SAHAR AIR CARGO ACC (INBOM4),90221490,459800151715 GEO MODULE WP KIT (PARTS FOR IXR MACHINE),,1.0,NOS ,0.0,1258.12,N3LU3I79BUBWR,,
2024-07-30,印度,中国,SIEMENS HEALTHCARE PRIVATE LIMITED,SIEMENS HEALTHINEERS AG,"UNIT NO.9, 9TH FLOOR, NORTH WING  GODREJ ONE, PIROJSHAH NAGAR,",,,,,CHINA ,,Shanghai,DELHI AIR CARGO ACC (INDEL4),90221490,"CIOS SELECT VA21 II, 14455051, ( IMAGE INTENSIFIER SIEMENS CIOS SELECT SYSTEM)",,1.0,SET ,0.0,37898.76,7QLSXKYJ90VCC,,
2024-07-30,哥伦比亚,中国,MEDITOR S A S,MEDSINGLONG CO LTD,CR 43A # 49D SUR 52 INT 110,"FLOOR 1ST,4TH,5TH,NO.85TH,BAIYUN RO",,,,CHINA,,,,9022140000,"DO 32411577 DECLARACION(1-2) FACTURA: MSL20240705L1/S30385 FECHA: 2024-07-15 CANT (1) UNIDAD PRODUCTO: MAQUINA DE RAYOS X, MARCA: SIN MARCA, MODELO: MSLPX15, REFERENCIA: MSLPX15, USO O DESTINO: COMO EQUIPO DE DIAGNOSTICO DE VETERINARIA, TECNICA DE DIAGNOSTICO: RAYOS X, SERIAL: 2122406116102317, MSLPX15 PORTABLE 5KW X-RAY ONLY FOR VET USE, ESTADO: NUEVO, AÃ‘O DE FABRICACION: 2024, PAIS DE ORIGEN: CHINA. CANT (1) UNIDAD // CANT (1) UNIDAD PRODUCTO: MAQUINA DE RAYOS X, MARCA: SIN MARCA, MODELO: MSLGX22, REFERENCIA: MSLGX22, USO O DESTINO: COMO EQUIPO DE DIAGNOSTICO DE VETERINARIA, TECNICA DE DIAGNOSTICO: RAYOS X, SERIAL: NO TIENE, MSLGX22 PORTABLE X-RAY WITH BATTERY ONLY FOR VET USE, NUMERO ADICIONAL: 00242FA3743, ESTADO: NUEVO, AÃ‘O DE FABRICACION: 2024, PAISDE ORIGEN: CHINA. CANT (1) UNIDAD //",,2.0,NUMERO DE ARTICULOS,32.0,5345.0,,,
2024-07-30,印度,中国,WIPRO GE MEDICAL DEVICE MANUFACTURING PRIVATE LIMI,GE HUALUN MEDICAL SYSTEMS CO LTD,"No.4, Kadugodi Industrial Area, Sad  Whitefield, Bangalore",,,,,CHINA ,,Shanghai,Chennai  ,90221490,5521321-4 - SYSTEM GANTRY HLA FOR OPTIMA IGS 320 - INDIA SEMI FINISHED (PARTS OF MANUFACTURING FOR REVOLUTION ALPHA & RE,,1.0,PCS ,0.0,83655.94,5J9ATACW9L9SW,,
2024-07-30,乌拉圭,中国,ADMINISTRACION DE LOS SERVICIOS DE SALUD DEL ESTAD,,,,,,,CHINA,,,,9022141910,"EQUIPO RADIOLOGICO <<ARCO EN C>> (PARA USO HUMANO). LOS DEMAS. DE DIAGNOSTICO. LOS DEMAS, PARA USO MEDICO, QUIRURGICO O VETERINARIO. APARATOS DE RAYOS X Y APARATOS QUE UTILICEN RADIACIONES ALFA, BETA GAMMA O DEMAS RADIACIONES IONIZANTES, INCLUSO PA",,6.0,UNIDAD (C/U),2500.0,556800.0,,,
2024-07-30,印度,中国,SIEMENS HEALTHCARE PRIVATE LIMITED,SIEMENS HEALTHINEERS AG,"UNIT NO.9, 9TH FLOOR, NORTH WING  GODREJ ONE, PIROJSHAH NAGAR,",,,,,CHINA ,,Shanghai,DELHI AIR CARGO ACC (INDEL4),90221490,"CIOS SELECT VA21 II, 14455051, ( IMAGE INTENSIFIER SIEMENS CIOS SELECT SYSTEM)",,1.0,SET ,0.0,36950.05,LQ3TY1YII9175,,
2024-07-29,波兰,中国,DB CARGO EURASIA GMBH P P GE MEDICAL SYSTEMS SCS,GE HUALUN MEDICAL SYSTEMS CO LTD,ST. OF VIYEYSK 2 | 11,No. 1 NORTH YONG CHANG STREET BEIJING ECONOMIC & TECHNOLOGICAL DEVELOPMENT AREA,,,,,Poland (PL),,,902214,System of the x-ray camera | equipment for use of the x-ray device,,1106.6,KG,1106.6,33087.5558,,,
2024-07-29,乌兹别克斯坦,中国,ООО INTERMED INNOVATION TRADE,SHENZHEN ANGELL TECHNOLOGY CO LTD,,,,,,0,,,,9022140000,"1. Digital Medical X-ray Radiographic System DTP580B-3 with accessories/Система рентгенографическая медицинская цифровая DTP580B-3 с принадлежностями в разобранном виде, новый, 2024 год выпуска, сер.№DX0252406012604, сер.№DX0252406012605, производитель Shenzhen Angell Technology Co LTD (Китай) - кол. 2 шт, вес: 1884 кг
2. мест 12, 12 ящик
8. 000
9. 024
10. 2024/напряжение 220, частота 50/60Hz
11. 02
Общее кол. мест: 12 G31MARKA марка Angell YEAR10 год производ 2024 PARAM10 Характеристика товара напряжение 220, частота 50/60Hz",,2.0,Piece,1884.0,100000.0,,,
2024-07-29,乌兹别克斯坦,中国,ООО INTERMED INNOVATION TRADE,SHENZHEN ANGELL TECHNOLOGY CO LTD,,,,,,0,,,,9022140000,"1. Digital Medical X-ray Radiographic System DTP580B-3 with accessories/Система рентгенографическая медицинская цифровая DTP580B-3 с принадлежностями в разобранном виде, новый, 2024 год выпуска, сер.№DX0252406012606, производитель Shenzhen Angell Technology Co LTD (Китай) - кол. 1 шт, вес: 942 кг
2. мест 6, 6 ящик
8. 000
9. 024
10. 2024/напряжение 220, частота 50/60Hz
11. 02
Общее кол. мест: 6 G31MARKA марка Angell YEAR10 год производ 2024 PARAM10 Характеристика товара напряжение 220, частота 50/60Hz",,1.0,Piece,942.0,48000.0,,,
2024-07-29,哥伦比亚,中国,INVERSIONES RODRIGUEZ CASTANEDA SAS,SHENZHEN SONTU MEDICAL IMAGING EQUIPMENT CO LTD,CL 148 N 7 B 14,"101,102,202,BUILDINGNO.1INDUSTRIALP",,,,CHINA,,,,9022140000,"DO BUNI24029030. PEDIDO TRAMITE: VVG-24 / 269. DECLARACION(1-1). MERCANCIA NUEVA, NOS ACOGEMOS AL DECRETO 0925 DE MAYO 09 DE 2013, NO REQUIERE PRESENTACION DE REGISTRO DE IMPORTACION, NOS ACOGEMOS AL DECRETO 272/2018 ARANCEL 0%.. PRODUCTO: EQUIPO DE OBTENCION DE IMAGENES (TOMOGRAFO) 3 EN 1 // VETERINARY CONE-BEAM CT. MARCA: SONTU MEDICAL IMAGING. MODELO: TUTOM TC-460. REFERENCIA: NO TIENE. SERIAL: 20240521000002. USO O DESTINO: VETERINARIO PARA RADIOGRAFIA, FLUOSCOPIA Y ESCANEO CT. TECNICA DE DIAGNOSTICO:RAYOS X. CON TODOS SUS ACCESORIOS PARA SU NORMAL ARMADO Y FUNCIONAMIENTO CANT (1) UND PEDIDO ITEM: VVG-24 / 269. (ITEM 1)",,1.0,NUMERO DE ARTICULOS,420.0,41962.33,,,
2024-07-29,波兰,中国,DB CARGO EURASIA GMBH P P GE MEDICAL SYSTEMS SCS,BEIJING GE HANGWEI MEDICAL EQUIPMENT CO LTD,ST. OF VIYEYSK 2 | 11,No. 1 NORTH YONG CHANG STREET BEIJING ECONOMIC & TECHNOLOGICAL DEVELOPMENT AREA,,,,,Poland (PL),,,902214,Mobile x-ray medical equipment C-arches,,1008.0,KG,1008.0,81541.8274,,,
2024-07-29,菲律宾,中国,ARCORP MEDICAL ENTERPRISES,SHENZHEN SHINING OCEAN INTERNATIONAL,"SATURN CORNER BAYANIHAN STREET,8000  ,,",1002 AIGUO RD ,,,,CHINA,PHILIPPINES,YANTIAN,General Santos,902214,"DIGITAL RADIOGRAPHY SYSTEM  
MODEL: PERFOX 3000A  
HS CODE:9022140090  
AME-858D DEHUMIDIFIER  
H. S. CODE 8479892000  
UNINTERRUPTED POWER SUPPLY  
INTERNAL BATTERY MODEL ,  
3KVA, W-3KVA  
HS CODE: 8504402000  
ISOLATION TRANSFORMER ,  
80KVA, MODEL: TF-80K  
HS CODE: 8507200000  
UNINTERRUPTED POWER SUPPLY  
EXTERNAL BATTERY MODEL, 60KVA,  
MODEL: W-60KL  
HS CODE: 8504402000  
BATTERY FOR UPS 60KVA (12V/100AH)  
HS CODE 8507200000  
BATTERY CABINET (A & B)  
HS CODE: 8504902000  
*NANSHAN DISTRICT, 518055  
SHENZHEN,  
*PEOPLE'S REPUBLIC OF CHINA  
**TEL: +63 9437075667 /  
**+63 9209120348  
**EMAIL:  
**ANGELA.TAN@ARCORPMEDICAL.COM  
**ADMIN@ARCORPMEDICAL.COM",,11.0,PACKAGES,2800.0,0.0,242642876,,
2024-07-29,波兰,中国,DB CARGO EURASIA GMBH P P GE MEDICAL SYSTEMS LTD,GE HUALUN MEDICAL SYSTEMS CO LTD,ST. OF VIYEYSK 2 | 11,No. 1 NORTH YONG CHANG STREET BEIJING ECONOMIC & TECHNOLOGICAL DEVELOPMENT AREA,,,,,Poland (PL),,,902214,X-RAY COMPUTER TOMOGRAPHIC EQUIPMENT,,5474.0,KG,5474.0,188021.9888,,,
2024-07-28,孟加拉国,中国,TECHNO MEDICAL SYSTEM,TRIUP INTERNATIONAL CORP CHINA,"House- 16,(2nd floor), Road-02,",,,,,China,,,,90221400,X-RAY UNIT M: TR300A,,4.0,NMB,2200.0,24640.0,,,
2024-07-28,白俄罗斯,中国,CJSC ADVIN SMART FACTORY,SUZHOU POWERSITE ELECTRIC CO LTD,"SELITSKY STR., 7","BUILDING 5, NO. 188 FUCHUNJIANG RD, SND",,,,,Belarus (BY),,,902214,Generators,,161.05,KG,161.05,8000.0,,,
2024-07-28,孟加拉国,中国,TECHNO MEDICAL SYSTEM,TRIUP INTERNATIONAL CORP CHINA,"House- 16,(2nd floor), Road-02,",,,,,China,,,,90221400,X-RAY MEDICAL EQUIPMENT M: TR-50N,,1.0,,621.0,9990.0,,,
2024-07-28,孟加拉国,中国,TECHNO MEDICAL SYSTEM,TRIUP INTERNATIONAL CORP CHINA,"House- 16,(2nd floor), Road-02,",,,,,China,,,,90221400,X-RAY UNIT M: TR300A,,4.0,,2200.0,24640.0,,,
2024-07-28,孟加拉国,中国,TECHNO MEDICAL SYSTEM,TRIUP INTERNATIONAL CORP CHINA,"House- 16,(2nd floor), Road-02,",,,,,China,,,,90221400,X-RAY MEDICAL EQUIPMENT M: TR-50N,,1.0,NMB,621.0,9990.0,,,
2024-07-28,乌兹别克斯坦,中国,OZNURLOGIC LLC GUNAFSHA 7 TASHKENT C O JSC NEC UZEXPOCENTRE AMIR TEMUR STR,EMBASSY OF REPUBLIC OF UZBEKISTAN IN THE, , ,,,,,Uzbekistan (UZ),,,902214,"(The x-ray device) Joint venture with limited liability of ""TCMT""",,150.0,KG,150.0,3.2,,,
2024-07-27,波兰,中国,DB CARGO EURASIA GMBH P P GE MEDICAL SYSTEMS SCS,BEIJING GE HANGWEI MEDICAL EQUIPMENT CO LTD,ST. OF VIYEYSK 2 | 11,No. 1 NORTH YONG CHANG STREET BEIJING ECONOMIC & TECHNOLOGICAL DEVELOPMENT AREA,,,,,Poland (PL),,,902214,Mobile x-ray device of the S-arch,,988.0,KG,988.0,47161.0351,,,
2024-07-26,智利,中国,,,,,,,,CHINA,,Sao Paulo,Aeropuerto comodoro arturo merino ,90221411,APARATOS DE RAYOS X PARA RADIOTERAPIA,,1.0,UNIDADES,95.5,8008.81,8V9057FGDLT,,
2024-07-26,土耳其,中国,SIEMENS HEALTHCARE SAĞLIK ANONİM ŞİRKETİ,SIEMENS HEALTHINEERS AG,,,,,,ÇİN HALK CUMHURİYETİ,,,ERENKÖY GÜMRÜK MÜDÜRLÜĞÜ,902214000000,LUME2İNOS4B IMPULS21E X-RAY T8AANI AMAÇLI2  SİSTEM-TÜM TEFERRUAT VE AKSAMI İLE BİRLİKTE SET *TIBBİ CİHAZ YÖNETMELİĞİ KAPSAMINDADIR. **ÜTS BARKOD NO:04056869281865**  2015/7511 SAYILI BKK KAPSAMINDA KKDF’DEN MUAFTIR.',,1.0,ADET(UNIT),2102.0,132678.09,24341200IM00177401,,
2024-07-26,哈萨克斯坦,中国,MEDSYST LLP,ANGELL TECHNOLOGY CHONGQING CO LTD,"KEREY-ZHANIBEK KHANDAR, BUILDING NO. 117A","THE THIRD FLOOR OF BUILDING 8 AND THE FIRST FLOOR 1-4# OF BUILDING 10, No. 26, JIULONGYUAN ROAD,JIULONGPO DISTRICT",,,,,Kazakhstan (KZ),,,902214,Digital medical radiographic and fluorographic DFM818 system,,1005.0,KG,1005.0,25750.0,,,
2024-07-26,土耳其,中国,SIEMENS HEALTHCARE SAĞLIK ANONİM ŞİRKETİ,SIEMENS HEALTHINEERS AG,,,,,,ÇİN HALK CUMHURİYETİ,,,ERENKÖY GÜMRÜK MÜDÜRLÜĞÜ,902214000000,LUME2İNOS4B IMPULS21E X-RAY T8AANI AMAÇLI2  SİSTEM-TÜM TEFERRUAT VE AKSAMI İLE BİRLİKTE SET *TIBBİ CİHAZ YÖNETMELİĞİ KAPSAMINDADIR. **ÜTS BARKOD NO:04056869281865**  2015/7511 SAYILI BKK KAPSAMINDA KKDF’DEN MUAFTIR.',,1.0,ADET(UNIT),1979.0,132678.09,24341200IM00177401,,
2024-07-26,喀麦隆,中国,PREMIER MEDICAL SARL,NANJING GREENLIFE MEDICAL EQUIPMENT CO LTD,,,,,,Chine,Cameroun,,,902214000000,XM-P60T PORTABLE X-RAY MACHINE,,867.8,KGM,867.8,23959.1179,,,
2024-07-26,阿塞拜疆,中国,ARAZ MOTORS LTD,ZHEJIANG V BRIGHT AUTO FITTINGS CO LTD,IPEK YOLU TERMINAL SALYAN HIGHWAY 14 KM, ,,,,,Azerbaijan (AZ),,,902214,SYSTEM OF DIGITAL RADIOGRAPHY AND RADIOSKOPIYA,,1449.0,KG,1449.0,52000.0,,,
2024-07-25,墨西哥,中国,GE SISTEMAS MEDICOS DE MEXICO SA DE CV,GE HUALUN MEDICAL SYSTEMS CO LTD,"ANTONIO DOVALI JAIME 70 TORRE B PISO 4 AVENIDA JAVIER BARROS SIERRA Y AVENIDA SANTA FE

Ciudad de Mexico
01210","YONG CHANG NORTH ROAD
BEIJINGCHINA

100176",,,,CHINA,,,NUEVO LAREDO NUEVO LAREDO TAMAULIPAS.,9022149101,SISTEMA RADIOGRAFICO XR6000,,1.0,PIECE,925.0,49425.42,,,
2024-07-25,哥伦比亚,中国,ROYAL PLUS TECHNOLOGIES S A S,IRAY TECHNOLOGY COMPANIA LTD,CR 20B # 72-44 P 2,"RM 202, BUILDING 7, NO 590",,,,CHINA,,,,9022140000,"DO 2415122. DECLARACION(1-1). MERCANCIA NUEVA. NOS ACOGEMOS AL DECRETO NUMERO 1881 DE 2021, MINISTERIO DE COMERCIO, INDUSTRIA YTURISMO ARTICULO 2Â¿. PRODUCTO: PANEL DETECTOR DE RX. MARCA: IRAY. MODELO: VENU1717XV. REFERENCIA: VENU1717XV. SERIAL: VW301210H522240007X, VW301210H522240028X. USO O DESTINO: EXCLUSIVO EN VETERINARIA EN EQUIPOS CANINOS,BOVINOS. TECNICA DE DIAGNOSTICO: RAYOS X. PO: CHINA (CN)// INCLUYE PARTES Y ACCESORIOS PARA SU NORMAL FUNCIONAMIENTO CANT (2) PCS (ITEM 1)",,2.0,NUMERO DE ARTICULOS,12.0,10121.2,,,
2024-07-25,印度,中国,WIPRO GE MEDICAL DEVICE MANUFACTURING PRIVATE LIMI,GE HUALUN MEDICAL SYSTEMS CO LTD,"No.4, Kadugodi Industrial Area, Sad  Whitefield, Bangalore",,,,,CHINA ,,Shanghai,Chennai  ,90221490,5521321-4 - SYSTEM GANTRY HLA FOR OPTIMA IGS 320 - INDIA SEMI FINISHED (PARTS OF MANUFACTURING FOR REVOLUTION ALPHA & RE,,1.0,PCS ,0.0,83655.94,4Y2BIZLBRKJPP,,
2024-07-25,印度,中国,WIPRO GE MEDICAL DEVICE MANUFACTURING PRIVATE LIMI,GE HUALUN MEDICAL SYSTEMS CO LTD,"No.4, Kadugodi Industrial Area, Sad  Whitefield, Bangalore",,,,,CHINA ,,Shanghai,Chennai  ,90221490,5521321-4 - SYSTEM GANTRY HLA FOR OPTIMA IGS 320 - INDIA SEMI FINISHED (PARTS FOR MANUFACTURING OF IGS 320/OPTIMA IGS 32,,1.0,PCS ,0.0,83655.94,0FRR7WLKBQO0L,,
2024-07-25,印度,中国,WIPRO GE MEDICAL DEVICE MANUFACTURING PRIVATE LIMI,GE HUALUN MEDICAL SYSTEMS CO LTD,"No.4, Kadugodi Industrial Area, Sad  Whitefield, Bangalore",,,,,CHINA ,,Shanghai,Chennai  ,90221490,5521321-4 - SYSTEM GANTRY HLA FOR OPTIMA IGS 320 - INDIA SEMI FINISHED (PARTS FOR MANUFACTURING OF IGS 320/OPTIMA IGS 32,,1.0,PCS ,0.0,83655.94,GN0RG6XWWV4LJ,,
2024-07-25,印度,中国,WIPRO GE MEDICAL DEVICE MANUFACTURING PRIVATE LIMI,GE HUALUN MEDICAL SYSTEMS CO LTD,"No.4, Kadugodi Industrial Area, Sad  Whitefield, Bangalore",,,,,CHINA ,,Shanghai,Chennai  ,90221490,5521321-4 - SYSTEM GANTRY HLA FOR OPTIMA IGS 320 - INDIA SEMI FINISHED (PARTS FOR MANUFACTURING OF IGS 320/OPTIMA IGS 32,,1.0,PCS ,0.0,83655.94,TWYSV77D7Z97B,,
2024-07-25,美国,中国,VARIAN C O LEGACY TRANSPORTATION,VARIAN MEDICAL SYSTEMS CHINA CO LT,935 MCLAUGHLIN AVE USSJC , NO 8 YUN CHENG STREET ,N/A,N/A,,"CN, CHINA",,QINGDAO,"OAKLAND, CA",902214,"MEDICAL EQUIPMENT BASE MODEL ASSY,MV HALCYON HS902214MEDICAL EQUIPMENT BASE MODEL ASSY,MV HALCYON HS902214",HAL2273HAL2273,9.0,PKG,9047.0,0.0,CHSL477644203BJS,"CSNU8418810,TEMU2184690",
2024-07-25,阿根廷,中国,TECNOIMAGEN SA,,,,,,,China,,OTROS,,90221419000,"LOS DEMAS. LOS DEMAS, PARA USO MEDICO, QUIRURGICO VETIX S380",,2.0,Unidades,0.0,42495.0,,,MINDRAY
2024-07-25,波兰,中国,DB CARGO EURASIA GMBH P P GE MEDICAL SYSTEMS SCS,BEIJING GE HANGWEI MEDICAL EQUIPMENT CO LTD,ST. OF VIYEYSK 2 | 11,No. 1 NORTH YONG CHANG STREET BEIJING ECONOMIC & TECHNOLOGICAL DEVELOPMENT AREA,,,,,Poland (PL),,,902214,Mobile x-ray device of the S-arch,,1008.0,KG,1008.0,46231.338,,,
2024-07-25,印度,中国,WIPRO GE MEDICAL DEVICE MANUFACTURING PRIVATE LIMI,GE HUALUN MEDICAL SYSTEMS CO LTD,"No.4, Kadugodi Industrial Area, Sad  Whitefield, Bangalore",,,,,CHINA ,,Shanghai,Chennai  ,90221490,5521321-4 - SYSTEM GANTRY HLA FOR OPTIMA IGS 320 - INDIA SEMI FINISHED (PARTS FOR MANUFACTURING OF IGS 320/OPTIMA IGS 32,,1.0,PCS ,0.0,83655.94,6EYPALWR3RUNT,,
2024-07-25,印度,中国,WIPRO GE MEDICAL DEVICE MANUFACTURING PRIVATE LIMI,GE HUALUN MEDICAL SYSTEMS CO LTD,"No.4, Kadugodi Industrial Area, Sad  Whitefield, Bangalore",,,,,CHINA ,,Shanghai,Chennai  ,90221490,5521321-4 - SYSTEM GANTRY HLA FOR OPTIMA IGS 320 - INDIA SEMI FINISHED (PARTS FOR MANUFACTURING OF IGS 320/OPTIMA IGS 32,,1.0,PCS ,0.0,83655.94,82W2D9MBBCTRD,,
2024-07-24,波兰,中国,DB CARGO EURASIA GMBH P P GE MEDICAL SYSTEMS SCS,GE HANGWEI MEDICAL SYSTEMS CO LTD,UL. WIEJSKA 2 | 11,No. 1 NORTH YONG CHANG STREET BEIJING ECONOMIC & TECHNOLOGICAL DEVELOPMENT AREA,,,,,Poland (PL),,,902214,Mobile x-ray device C-arm,,2496.0,KG,2496.0,123488.0889,,,
2024-07-24,德国,中国,TE GERMANY DEPARTMENT MALASZEWICZE OF DLYA GIGAMIX BROKER SP Z O O SP K,YIWU HENGDA IMPORT&EXPORT TRADING CO LTD,AM INNENKHAFEN 8-10,ROOM 806 GUO MAO BUILDING No. 115 FUTIAN RD,,,,,Germany (DE),,,902214,X-RAY EQUIPMENT,,17.5,KG,17.5,160.0,,,
2024-07-24,哥伦比亚,中国,ROYAL PLUS TECHNOLOGIES S A S,IRAY TECHNOLOGY COMPANIA LTD,CR 20B # 72-44 P 2,"RM 202, BUILDING 7, NO 590",,,,CHINA,,,,9022140000,"DO 2415104-3. DECLARACION(1-1). MERCANCIA NUEVA. NOS ACOGEMOS AL DECRETO DECRETO NUMERO 1881 DE 2021, MINISTERIO DE COMERCIO, INDUSTRIA Y TURISMO ARTICULO 2Â¿. PRODUCTO: MAQUINA PORTABLE DE RAYOS X. MARCA: IRAY TECHNOLOGY. MODELO: CANIS 5C. REFERENCIA: CANIS 5C. SERIAL: CA5101210H60724011. USO O DESTINO: PARA USO VETERINARIO UNICAMENTE. TECNICA DE DIAGNOSTICO: RAYOS X. INCLUYE PARTES Y ACCESORIOS PARA SU NORMAL FUNCIONAMIENTO. CANT (1) UNDS (ITEM 2) PRODUCTO: DETECTOR DE PANEL (FLAT PANEL). MARCA: IRAY TECHNOLOGY. MODELO: MARS1717V-VSI. REFERENCIA: MARS1717V-VSI. SERIAL: FV36Z011H511240058X. USO O DESTINO: PARA USO VETERINARIO UNICAMENTE. TECNICA DE DIAGNOSTICO: ULTRASONIDO. INCLUYE PARTES Y ACCESORIOS PARA SU NORMAL FUNCIONAMIENTO CANT (1) UNDS (ITEM 3)",,2.0,NUMERO DE ARTICULOS,29.0,9248.72,,,
2024-07-24,秘鲁,中国,INTERNACIONAL VET PERÚ S A C,DHL EXPRESS PERU S A C,,,,,,CHINA,,Hong Kong,,9022140000,"GENERADOR DE RAYOS X, TOOTOO MEDITECH, CANIS 5C PARA USO VETERINARIO INCLUYE ACCESORIOS GENERADOR DE RAYOS X S/N: CA5201210H60724001 -- CA5201210H60724003 -- CA5201210H60724004,,,,",,3.0,U,72.544,9476.395,,,
2024-07-24,土耳其,中国,HASAN DEMİR,YIWU JINGSOURCING ECOMMERCE CO LIMITED,,,,,,ÇİN HALK CUMHURİYETİ,,,ESENBOĞA GÜMRÜK MÜDÜRLÜĞÜ,902214000000,VETERİNERLİKTE KULLANILAN X RAY CİHAZLAR/I,,2.0,ADET(UNIT),34.0,8350.96,24060200IM00037030,,
2024-07-23,乌克兰,中国,ТОВ ЕКНА УКРАЇНА,SHENZHEN LANMAGE MEDICAL TECHNOLOGY CO LTD,02141 МІСТО КИЇВ ВУЛ ЛАРИСИ РУДЕНКО 6А,1ST FLOOR BUILDING B JINGCHENGDA INDUSTRIAL PARK NO 4 KEJI ROAD,,,,China,,,,9022140000,АПАРАТУРА ЩО ВИКОРИСТОВУЄ РЕНТГЕНІВСЬ КЕ ВИПРОМІНЮВАННЯ ПРИЗНАЧЕНА ДЛЯ МЕДИЧН ОГО ВИКОРИСТАННЯ АПАРАТ РЕНТГЕНІВСЬКИЙ ДІАГНОСТИЧНИЙ СТАЦ ІОНАРНИЙ ТОРГОВЕЛЬНА НАЗВА СИСТЕМА РЕНТГЕНІВСЬКА РАДІОГРАФІЧНА 6600 1 КОМПЛЕКТ ДО КОМПЛЕКТУ ВХОДИТЬ ГЕНЕРАТОР РЕНТГЕНІВСЬКОГО ВИПРОМІНЮВАННЯ 56KW 1 ШТ РЕНТГЕНІВСЬКА ТРУБКА ВИПРОМІНЮВАЧ З К ОЛОНОЮ 1 ШТ РУЧНИЙ РЕНТГЕНІВСЬКИЙ КОЛІМАТОР З ФУНКЦ ІЄЮ ІНДИКАТОРА ПОЛЯ ЗОРУ 1 ШТ ЦИФРОВИЙ ПЛОСКОПАНЕЛЬНИЙ ДЕТЕКТОР РЕНТГ ЕНОГРАФІЧНОГО ЗОБРАЖЕННЯ 17 Х17 1 ШТ РЕНТГЕНІВСЬКИЙ ШТАТИВ 1 ШТ РУХОМИЙ ОГЛЯДОВИЙ СТІЛ ДЛЯ ПАЦІЄНТА З КОЛЕСАМИ З ФІКСАЦІЄЮ 1 ШТ AEC ДАТЧИКИ АВТОМАТИЧНОГО КОНТРОЛЮ ЕКС ПОЗИЦІЇ ІОНІЗАЦІЙНІ КАМЕРИ 1 ШТ СТАНЦІЯ ВІЗУАЛІЗАЦІЇ КОНСОЛЬ ОПЕРАТОРА ПК ТА ПРОФЕСІЙНЕ ПРОГРАМНЕЗ АБЕЗПЕЧЕННЯ РОС ВЕРСІЇ ОПЕРАЦІЙНА СИСТ ЕМА WIN10 СВІТЛОДІОДНИЙ МОНІТОР ПРОЦЕ СОР INTEL G АПАРАТНЕ СХОВИЩЕ 500G 1 ШТ ІНТЕРАКТИВНА ПАНЕЛЬ КЕРУВАННЯ ТРУБНОГО ТЕРМІНАЛУ В ЗБОРІ 9 7 СЕНСОРНИЙ ЕКРАН 1 ШТ ПУЛЬТ УПРАВЛІННЯ 1 ШТ ПРИЗНАЧЕННЯ ВИРОБІВ ТА СПОСІБ ДІЇ ДЛЯ ДОСЛІДЖЕННЯ ВНУТРІШНІХ ОРГАНІ,,1.0,ШТ,611.0,36600.0,,,
2024-07-23,乌干达,中国,RADIOTECH CONSULT LTD,SHENZHEN LANMAGE MEDICAL TECHNOLOGY CO LTD,,,,,,CHINA,UGANDA,,,90221400000,DIGITAL X-RAY SYSTEM 6600 CLASSIC FLOOR MOUNTED,,3.0,Number,820.0,15655.0,,,
2024-07-23,墨西哥,中国,GE SISTEMAS MEDICOS DE MEXICO SA DE CV,GE HUALUN MEDICAL SYSTEMS CO LTD,"ANTONIO DOVALI JAIME 70 TORRE B PISO 4 AVENIDA JAVIER BARROS SIERRA Y AVENIDA SANTA FE

Ciudad de Mexico
01210","YONG CHANG NORTH ROAD
BEIJINGCHINA

100176",,,,CHINA,,,NUEVO LAREDO NUEVO LAREDO TAMAULIPAS.,9022149101,SISTEMA RADIOGRAFICO XR6000,,1.0,PIECE,923.0,48964.05,,,
2024-07-23,波兰,中国,DB CARGO EURASIA GMBH P P GE MEDICAL SYSTEMS SCS,BEIJING GE HANGWEI MEDICAL EQUIPMENT CO LTD,ST. OF VIYEYSK 2 | 11,No. 1 NORTH YONG CHANG STREET BEIJING ECONOMIC & TECHNOLOGICAL DEVELOPMENT AREA BEI JING CHINA 100176,,,,,Poland (PL),,,902214,Mobile x-ray medical equipment C-arches,,1305.0,KG,1305.0,109820.4326,,,
2024-07-23,波兰,中国,DB CARGO EURASIA GMBH P P GE MEDICAL SYSTEMS SCS,GE HANGWEI MEDICAL SYSTEMS CO LTD,ST. OF VIYEYSK 2 | 11,No. 1 NORTH YONG CHANG STREET BEIJING ECONOMIC & TECHNOLOGICAL DEVELOPMENT AREA BEIJING CHINA 100176,,,,,Poland (PL),,,902214,Mobile x-ray device of the S-arch,,1097.0,KG,1097.0,78524.9665,,,
2024-07-23,智利,中国,,,,,,,,CHINA,,other ports of china,Aeropuerto comodoro arturo merino ,90221490,LOS DEMAS APARATOS PARA USO VETERINARIO,,1.0,UNIDADES,8.78,8323.51,5347897660,,
2024-07-23,波兰,中国,DB CARGO EURASIA GMBH P P GE MEDICAL SYSTEMS SCS,GE HUALUN MEDICAL SYSTEMS CO LTD,ST. OF VIYEYSK 2 | 11,No. 1 NORTH YONG CHANG STREET BEIJING ECONOMIC & TECHNOLOGICAL DEVELOPMENT AREA,,,,,Poland (PL),,,902214,System of the x-ray camera | equipment for use of the x-ray device,,4593.0,KG,4593.0,170634.5521,,,
2024-07-22,巴基斯坦,中国,ADVANCE MEDICAL SYSTEM,LIAONING DTKL TECHNOLOGY CO LTD,"SHOP # 8 REHMAN PLAZA 90 / A-1 COAST GUARD, DEPOT LINE", 1SR DOOR NO 77 9 ROAD 13 SHENYANG,,,,China (CN),,,KPAF,90221400,PORTABLE X-RAY MACHINE,,1.0,u,17.0,236.2344,GFSDG2407279,,
2024-07-22,巴基斯坦,中国,ADVANCE MEDICAL SYSTEM,LIAONING DTKL TECHNOLOGY CO LTD,"SHOP # 8 REHMAN PLAZA 90 / A-1 COAST GUARD, DEPOT LINE",,,,,China,,,KPAF,90221400,PORTABLE X-RAY MACHINE,,1.0,u,0.0,1715.0,,,
2024-07-21,波兰,中国,DB CARGO EURASIA GMBH P P GE MEDICAL SYSTEMS SCS,GE HANGWEI MEDICAL SYSTEMS CO LTD,ST. OF VIYEYSK 2 | 11,No. 1 NORTH YONG CHANG STREET BEIJING ECONOMIC & TECHNOLOGICAL DEVELOPMENT AREA,,,,,Poland (PL),,,902214,X-ray equipment,,4375.5,KG,4375.5,146789.336,,,
2024-07-21,波兰,中国,DB CARGO EURASIA GMBH P P GE MEDICAL SYSTEMS LTD,GE MEDICAL SYSTEMS CHINA CO LTD,ST. OF VIYEYSK 2 | 11,"No. 19, CHANGJIANG ROAD WUXI NATIONAL HI-TECH DEVELOPMENT ZONE",,,,,Poland (PL),,,902214,equipment for use of the x-ray device,,3687.6,KG,3687.6,85912.53,,,
2024-07-20,印度,中国,PHILIPS INDIA LIMITED,SPELLMAN HIGH VOLTAGE ELECTRONICS SUZHOU INDUSTRI,"3RD FLOOR TOWER A DLF PARK 08,MAJO  R ARTERIAL RD NEW TOWN RAJARHAT",,,,,CHINA ,,SHANGHAI - PU DONG,SAHAR AIR CARGO ACC (INBOM4),90221410,"(IGCRD SRNO: 161) 459801732292,HF GENERATOR MMB 409085-001 (FOR C-ARM IMAGE INTENSIFIER SYSTEM)",,10.0,NOS ,0.0,20730.0,FWMN9MXBR5X8P,,
2024-07-20,印度,中国,PHILIPS INDIA LIMITED,PHILIPS ELECTRONICS SINGAPORE PTE LTD,"3RD FLOOR TOWER A DLF PARK 08,MAJO  R ARTERIAL RD NEW TOWN RAJARHAT",,,,,CHINA ,,Singapore,SAHAR AIR CARGO ACC (INBOM4),90221490,459800669934 JOYSTICKHEAD KIT (PARTS FOR IXR MACHINE),,1.0,NOS ,0.0,103.54,1J2GE29K76RFM,,
2024-07-20,波兰,中国,DB CARGO EURASIA GMBH P P GE MEDICAL SYSTEMS SCS,BEIJING GE HANGWEI MEDICAL EQUIPMENT CO LTD,ST. OF VIYEYSK 2 | 11,No. 1 NORTH YONG CHANG STREET BEIJING ECONOMIC & TECHNOLOGICAL DEVELOPMENT AREA BEI JING CHINA,,,,,Poland (PL),,,902214,Mobile x-ray medical equipment C-arches,,504.0,KG,504.0,40686.6285,,,
2024-07-20,波兰,中国,DB CARGO EURASIA GMBH P P GE MEDICAL SYSTEMS SCS,GEHC CN TIANJIN MFG TJM,ST. OF VIYEYSK 2 | 11,NO. 266 JINGSAN ROAD TIANJIN AIRPORT ECONOMIC AREA 120000,,,,,Poland (PL),,,902214,System of x-ray cameras | equipment for use of x-ray devices,,2505.0,KG,2505.0,74739.6766,,,
2024-07-20,印度,中国,PHILIPS INDIA LIMITED,PHILIPS ELECTRONICS SINGAPORE PTE LTD,"3RD FLOOR TOWER A DLF PARK 08,MAJO  R ARTERIAL RD NEW TOWN RAJARHAT",,,,,CHINA ,,SHANGHAI - PU DONG,SAHAR AIR CARGO ACC (INBOM4),90221490,459801710161 TOUCHSCREENMODULE WITH WIN10 LICENSE (PARTS FOR IXR MACHINE),,1.0,NOS ,0.0,2002.39,HBSPXKBMLE1G8,,
2024-07-20,博茨瓦纳,中国,MASIMBA HEALTH HOLDINGS PROPRIETARY LIMITED,NANJING PERLOVE MEDICAL EQUIPMENT CO LTD,,,,,,CHINA,,,Tlokweng Gate,90221400,"Other, for medical surgical or veterinary uses",,1.0,EA,1457.0,27407.0985,,,
2024-07-20,印度,中国,PHILIPS INDIA LIMITED,PHILIPS ELECTRONICS SINGAPORE PTE LTD,"3RD FLOOR TOWER A DLF PARK 08,MAJO  R ARTERIAL RD NEW TOWN RAJARHAT",,,,,CHINA ,,Singapore,SAHAR AIR CARGO ACC (INBOM4),90221490,"459800792863 BOARD, MPU FOR 80KW CODE: 594.056_PACK (PARTS FOR IXR MACHINE)",,1.0,NOS ,0.0,4097.41,SYO2J0QYTN5CR,,
2024-07-20,波兰,中国,DB CARGO EURASIA GMBH P P GE HEALTHCARE GMBH,BEIJING GE HANGWEI MEDICAL EQUIPMENT CO LTD,ST. OF VIYEYSK 2 | 11,No. 1 NORTH YONG CHANG STREET BEIJING ECONOMIC & TECHNOLOGICAL DEVELOPMENT AREA BEI JING CHINA,,,,,Poland (PL),,,902214,Mobile x-ray device of the S-arch,,1003.0,KG,1003.0,59711.078,,,
2024-07-19,墨西哥,中国,GE SISTEMAS MEDICOS DE MEXICO SA DE CV,GE HUALUN MEDICAL SYSTEMS CO LTD,"ANTONIO DOVALI JAIME 70 TORRE B PISO 4 AVENIDA JAVIER BARROS SIERRA Y AVENIDA SANTA FE

Ciudad de Mexico
01210","YONG CHANG NORTH ROAD
BEIJINGCHINA

100176",,,,CHINA,,,NUEVO LAREDO NUEVO LAREDO TAMAULIPAS.,9022149101,SISTEMA RADIOGRAFICO XR6000,,1.0,PIECE,925.0,50589.5,,,
2024-07-19,印度,中国,WIPRO GE HEALTHCARE PRIVATE LIMITED,GE HUALUN MEDICAL SYSTEMS COLTD,"NO4, KADUGODI INDUSTRIAL AREA,  ",,,,,CHINA ,,Tianjin,NHAVA SHEVA SEA (INNSA1),90221420,S10005GN OEC ONE ESP MAIN SYS (OEC MOBILE C ARM) (MEDICAL EQUIPMENT),,1.0,NOS ,0.0,21699.38,AJVNY6G81WR77,,
2024-07-19,印度,中国,WIPRO GE HEALTHCARE PRIVATE LIMITED,GE HUALUN MEDICAL SYSTEMS COLTD,"NO4, KADUGODI INDUSTRIAL AREA,  ",,,,,CHINA ,,Tianjin,NHAVA SHEVA SEA (INNSA1),90221420,S10005GN OEC ONE ESP MAIN SYS (OEC MOBILE C ARM) (MEDICAL EQUIPMENT),,1.0,NOS ,0.0,21699.38,AJVNY6G81WR77,,
2024-07-19,印度,中国,WIPRO GE HEALTHCARE PRIVATE LIMITED,GE HUALUN MEDICAL SYSTEMS COLTD,"NO4, KADUGODI INDUSTRIAL AREA,  ",,,,,CHINA ,,Tianjin,NHAVA SHEVA SEA (INNSA1),90221420,S10005GN OEC ONE ESP MAIN SYS (OEC MOBILE C ARM) (MEDICAL EQUIPMENT),,1.0,NOS ,0.0,21699.38,AJVNY6G81WR77,,
2024-07-19,印度,中国,WIPRO GE HEALTHCARE PRIVATE LIMITED,GE HUALUN MEDICAL SYSTEMS COLTD,"NO4, KADUGODI INDUSTRIAL AREA,  ",,,,,CHINA ,,Tianjin,NHAVA SHEVA SEA (INNSA1),90221420,S10005GN OEC ONE ESP MAIN SYS (OEC MOBILE C ARM) (MEDICAL EQUIPMENT),,1.0,NOS ,0.0,21699.38,AJVNY6G81WR77,,
2024-07-19,印度,中国,WIPRO GE HEALTHCARE PRIVATE LIMITED,GE HUALUN MEDICAL SYSTEMS COLTD,"NO4, KADUGODI INDUSTRIAL AREA,  ",,,,,CHINA ,,Tianjin,NHAVA SHEVA SEA (INNSA1),90221420,S10005GN OEC ONE ESP MAIN SYS (OEC MOBILE C ARM) (MEDICAL EQUIPMENT),,1.0,NOS ,0.0,21699.38,AJVNY6G81WR77,,
2024-07-19,印度,中国,WIPRO GE HEALTHCARE PRIVATE LIMITED,GE HUALUN MEDICAL SYSTEMS COLTD,"NO4, KADUGODI INDUSTRIAL AREA,  ",,,,,CHINA ,,Tianjin,NHAVA SHEVA SEA (INNSA1),90221420,S10005GN OEC ONE ESP MAIN SYS (OEC MOBILE C ARM) (MEDICAL EQUIPMENT),,1.0,NOS ,0.0,21699.38,AJVNY6G81WR77,,
2024-07-19,墨西哥,中国,GE SISTEMAS MEDICOS DE MEXICO SA DE CV,GE HUALUN MEDICAL SYSTEMS CO LTD,"ANTONIO DOVALI JAIME 70 TORRE B PISO 4 AVENIDA JAVIER BARROS SIERRA Y AVENIDA SANTA FE

Ciudad de Mexico
01210","YONG CHANG NORTH ROAD
BEIJINGCHINA

100176",,,,CHINA,,,NUEVO LAREDO NUEVO LAREDO TAMAULIPAS.,9022149101,SISTEMA RADIOGRAFICO XR6000,,1.0,PIECE,925.0,50397.66,,,
2024-07-19,印度,中国,WIPRO GE HEALTHCARE PRIVATE LIMITED,GE HUALUN MEDICAL SYSTEMS COLTD,"NO4, KADUGODI INDUSTRIAL AREA,  ",,,,,CHINA ,,Tianjin,NHAVA SHEVA SEA (INNSA1),90221420,S10005GN OEC ONE ESP MAIN SYS (OEC MOBILE C ARM) (MEDICAL EQUIPMENT),,1.0,NOS ,0.0,21699.38,AJVNY6G81WR77,,
2024-07-19,墨西哥,中国,GE SISTEMAS MEDICOS DE MEXICO SA DE CV,GE HUALUN MEDICAL SYSTEMS CO LTD,"ANTONIO DOVALI JAIME 70 TORRE B PISO 4 AVENIDA JAVIER BARROS SIERRA Y AVENIDA SANTA FE

Ciudad de Mexico
01210","YONG CHANG NORTH ROAD
BEIJINGCHINA

100176",,,,CHINA,,,NUEVO LAREDO NUEVO LAREDO TAMAULIPAS.,9022149101,SISTEMA RADIOGRAFICO XR6000,,1.0,PIECE,925.0,50602.68,,,
2024-07-19,印度,中国,WIPRO GE HEALTHCARE PRIVATE LIMITED,GE HUALUN MEDICAL SYSTEMS COLTD,"NO4, KADUGODI INDUSTRIAL AREA,  ",,,,,CHINA ,,Tianjin,NHAVA SHEVA SEA (INNSA1),90221420,S10005GN OEC ONE ESP MAIN SYS (OEC MOBILE C ARM) (MEDICAL EQUIPMENT),,1.0,NOS ,0.0,21699.38,AJVNY6G81WR77,,
2024-07-18,墨西哥,中国,GE SISTEMAS MEDICOS DE MEXICO SA DE CV,GE HUALUN MEDICAL SYSTEMS CO LTD,"ANTONIO DOVALI JAIME 70 TORRE B PISO 4 AVENIDA JAVIER BARROS SIERRA Y AVENIDA SANTA FE

Ciudad de Mexico
01210","YONG CHANG NORTH ROAD
BEIJINGCHINA

100176",,,,CHINA,,,NUEVO LAREDO NUEVO LAREDO TAMAULIPAS.,9022149101,SISTEMA RADIOGRAFICO XR6000,,1.0,PIECE,925.0,50775.64,,,
2024-07-18,乌干达,中国,RADIOTECH CONSULT LTD,XINDRAY MEDICAL INTERNATIONAL CO LTD,,,,,,CHINA,UGANDA,,,90221400000,2 SETS STC:  HIGH FREQUENCY DIGITAL RADIOGAPHY SYS,,1.0,Number,903.0,28430.0,,,
2024-07-18,菲律宾,中国,BIOPHARMA MEDICAL SOLUTIONS INC,NANJING PERLOVE MEDICAL EQUIPM,"2FJOVITA BLDG BANAWE COR TIRAD PASS ST STO DOMINGO, QUEZON CITY",,,,,CHINA,,,,90221400000,1 UNIT PLX7000C HIGH FREQUENCY MOBILE DIGITAL C-ARM SYSTEM,,1.0,PIECE,570.0,43800.0,VCE202400257,,
2024-07-18,乌兹别克斯坦,中国,LLC INTERMED INNOVATION TRADE,M R J MEDICAL EQUIPMENT TRADING L L C," 10A, CHINOBOD STREET", ,,,,,Uzbekistan (UZ),,,902214,System radiographic medical digital DTP580B-3 with accessories,,4218.0,KG,4218.0,150000.0,,,
2024-07-18,埃塞俄比亚,中国,GILANDO BIOMEDICAL SOLUTION PLC,,,,,,,China,,,,90221400,"-- Other, for medical, surgical or veterinary uses",,2.0,UNT,930.0,96778.35,,,
2024-07-17,哥伦比亚,中国,IMPORT MEDICAL SUPPLIES S A S,MEDSINGLONG CO LTD,CL 35 # 15-18,"1ST, 4TH, 5TH, NO 85TH, 87TH, 89TH",,,,CHINA,,,,9022140000,"DO AC-305-24, FORMATO 1 DE 1; FACTURA(S)...S29484 24/06/2024;MERCANCIA NUEVA UBICA EN REPREMUNDO 26903 BOGOTA. MERCANCIA QUE NO REQUIERE REGISTRO DE IMPORTACION SEGUN DECRETO 0925 DEL 2013.// 1.00 UNIDAD PRODUCTO= SCANNER PORTATIL, MARCA= SIN MARCA,PROVEEDOR: MEDSINGLONG GLOBAL GROUP CO., LTD., MODELO= SIN MODELO, REFERENCIA= SIN REFERENCIA, USO O DESTINO= VETERINARIO, LARECEPCION DE IMAGENES SELECCIONADAS O GRAFICOS BODYPART, ESTABLECE CONDICIONES DE EXPOSICION, PUEDE SELECCIONAR DIFERENTES TAMAÃ‘OS DEL CUERPO, CONTROL DE LA AEC, CONTROL DE FOCO, PANTALLA DE ESTADO, GENERADOR ADMITIR UNA VARIEDAD DE METODOS SINCRONICOS DE GENERADOR Y EL DETECTOR PARA USO VETERINARIO,TECNICA DE DIAGNOSTICO= RAYOS X.INCLUYE PARTES Y ACCESORIOS PARA SU NORMAL FUNCIONAMIENTO,SERIAL= CA5101210H51324006. INFO EN EQUIPO: 110-120V, 50/60 HZ. PAIS DE ORIGEN= CHINA.// NOS ACOGEMOS AL DECRETO NUMERO 1881 DE 2021, MINISTERIO DE COMERCIO, INDUSTRIA Y TURISMO ARTICULO 2Â¿ GRAVAMEN 0%.",,1.0,NUMERO DE ARTICULOS,20.95,1719.35,,,
2024-07-17,乌兹别克斯坦,中国,ООО TESLAMED SYSTEM,HNV INTERNATIONAL COMPANY LIMITED,,,,,,0,,,,9022140000,"1. Новое Медицинское Оборудование: год выпуска 2024г. Система рентгеновская хирургическая мобильная С-дугой модель ""Garion"" с принадлежностями. Производитель: ""SG Healthcare Co., Ltd"" Корея. - кол. 1 шт, вес: 330 кг
2. мест 2, 2 дерев.ящик.
8. 000
9. 024
10. 2024/Система рентгеновская хирургическая мобильная
11. 02
Общее кол. мест: 2 G31MARKA марка SG Healthcare YEAR10 год производ 2024 PARAM10 Характеристика товара Система рентгеновская хирургическая мобильная",,1.0,Piece,330.0,57500.0,,,
2024-07-17,乌干达,中国,USTAR BIOTECHNOLOGIES U LTD,NANJING INNORAY MEDICAL EQUIPMENT CO LTD,,,,,,CHINA,UGANDA,,,90221400000,DIGITAL XRAY SYSTEM,,1.0,Number,680.0,15603.0901,,,
2024-07-17,土耳其,中国,GE MEDİCAL SYSTEMS TÜRKİYE LİMİTED ŞİRKETİ,GE HEALTHCARE TRADE AND DEVELOPMENT LLC,,,,,,ÇİN HALK CUMHURİYETİ,,,MURATBEY GÜMRÜK MÜDÜRLÜĞÜ,902214000000,C KOLLU RONTGEN CIHAZI (PARÇA KODU:S1000/5GR),,1.0,ADET(UNIT),402.4,23410.3,24341300IM00151142,,
2024-07-17,哥伦比亚,中国,C MEDICAL S A S,SHENZHEN ANGELL TECHNOLOGY CO LTD,CR 72 A 48 50,"ROOM 201, BUILDING G3, TCL INTERNAT",,,,CHINA,,,,9022140000,"DO 347728-001 PEDIDO TRAMITE: DO 1690424 C MEDICAL OTM DECLARACION(1-1) MERCANCIA NUEVA Y DE PRIMERA CALIDAD. NOS ACOGEMOS ALA RESOLUCION 057 DEL 13 DE ABRIL DE 2015 DESCRIPCIONES MINIMAS. // REG-50089819-20240530N, FECHA: 2024-05-30, FECHA DE VIGENCIA: 2025-05-28 // VISTO BUENO: VINVIMA-24-0067361, FECHA: 2024-05-30. // NOS ACOGEMOS A LA EXCLUSION DE RETIE SEGUN LA RESOLUCION NUMERO 40117 DEL 02 ABRIL DE 2024, NUMERAL 2.1.2.3EXCLUSIONES, NOTA MARGINAL DE LA TABLA 2.1.2.1 B (APLICA UNICAMENTE A PRODUCTOS ELECTRICOS PARA INSTITUCIONES DE ASISTENCIA MEDICA, TALES COMO: EQUIPOS DE RAYOS X, MONITOR DE AISLAMIENTO, TRANSFORMADOR DE AISLAMIENTO Y TABLERODEAISLAMIENTO). FACTURA: AO2024032601-902009 FECHA: 2024-03-26 MERCANCIA NUEVA Y DE PRIMERA CALIDAD. // NOS ACOGEMOS A LA RESOLUCION 057 DEL 13 DE ABRIL DE 2015 DESCRIPCIONES MINIMAS. MODELO EN FACTURA: DM156A; PRODUCTO: MAMOGRAFO DIGITAL DE RAYOS X - ACCESORIOS Y REPUESTOS / MAMOGRAFO DIGITAL DE RAYOS X, MARCA: ANGELL, MODELO: DM156 A, REFER",,1.0,NUMERO DE ARTICULOS,446.0,56476.19,,,
2024-07-16,秘鲁,中国,VIGEAN INTERNATIONAL SERVICE S A C,,,,,,,CHINA,,Hong Kong,,9022140000,"MAQUINA DE RAYOS X USO VETERINARIO,MSL,MSLPX15, VETERINARY PORTABLE X RAY MACHINE MANUFACTURING DATE: MAR. 2024, CONDITION: NEW MAQUINA DE RAYOS X USO VETERINARIO PORTATIL AUT. NRO. 0291-24-IPEN/OTAN DEL 17/04/2024 AL 16/07/2024,,,,",,1.0,U,15.647,1022.686,,,
2024-07-16,哥伦比亚,中国,CMR DE COLOMBIA SAS,SHENZHEN LANMAGE MEDICAL TECHNOLOGY CO LTD,CR 7 74 09,"103, BAGUANG SERVICE CENTER, NO. 2",,,,CHINA,,,,9022140000,"DO 4240074-001 CODIGO / RESOLUCION OEA DECLARANTE: RESOLUCION 009264 DE 02-11-2023; PEDIDO TRAMITE: OC 010-2024 DECLARACION(1-1) MERCANCIA NUEVA, NOS ACOGEMOS VISTO BUENO INVIMA NO. VINVIMA-24-0075298 CON FECHA DE APROBACION DEL DIA 18 DE JUNIO DEL 2024..REGISTRO SANITARIO: INVIMA 2024EBC-0028643; PRODUCTO: DIGITAL X-RAY RADIOGRAPHY SYSTEMS - SISTEMAS DE RADIOGRAFIA DE RAYOS X DIGITALES, MARCA: CMR, MODELO: 6600A, REFERENCIA: 6600A, USO O DESTINO: EL SISTEMA ESTA PREVISTO PARA SU USO EN LA EDUCACION MEDICA, LA INVESTIGACION CIENTUFICA, LAS UNIDADES MEDICAS PARA LA CABEZA, EL ABDOMEN Y EXTREMIDADES, LOS HUESOS DE LA POSICION TORÃCICA Y LA POSICION DE LA MESA, ETC. X RADIOGRAFIAS PARA EL DIAGNOSTICO, TECNICA DE DIAGNOSTICO: RAYOS X, SERIAL: FM1324400175, CON ACCESORIOS PARA SU NORMAL FUNCIONAMIENTO,INCLUYE: FLAT PANEL DETECTOR, MODELO WISER-13, SERIAL: 240363690205, GENERADOR, MODELO: FOCUS-34, SERIAL: 240364800025, MONITOR LENOVO, MODELO: U1626WZL, SERIAL: 60EA-HCR5-CA, X-RAY TUBE: MOD",,1.0,NUMERO DE ARTICULOS,840.6,20000.0,,,
2024-07-16,博茨瓦纳,中国,LEADING EDGE MARKETS PROPRIETARY LIMITED,NODFORD,,,,,,CHINA,,,Tlokweng Gate,90221400,"Other, for medical surgical or veterinary uses",,1000.0,EA,14.7,349.148,,,
2024-07-16,埃塞俄比亚,中国,GILANDO BIOMEDICAL SOLUTION PLC,,,,,,,China,,,,90221400,"-- Other, for medical, surgical or veterinary uses",,2.0,UNT,665.0,121466.42,,,
2024-07-16,印度,中国,SIEMENS HEALTHCARE PRIVATE LIMITED,SIEMENS HEALTHINEERS AG,"UNIT NO.9, 9TH FLOOR, NORTH WING  GODREJ ONE, PIROJSHAH NAGAR,",,,,,CHINA ,,Shekou,NHAVA SHEVA SEA (INNSA1),90221490,( CARDIAC AND VASCULAR ANGIOGRAPHY INCL DSA COMPLETE WITH ACCESSORIES ( AS PER INV ) ) ARTIS ONE,,1.0,SET ,0.0,269065.71,6KWF6TLNOJ4H8,,
2024-07-15,菲律宾,中国,GENERAL ELECTRIC PHILS INC,GE HUALUN MEDICAL SYSTEMS CO LTD,"27TH FLOOR MENARCO TOWER, 32ND STREET, BONIFACIO, GLOBAL CITY, TAGUIG CITY",,,,,CHINA,,,,90221400000,1 EA OEC One CFD21 Vascular 25 [S20205GS],,1.0,,404.0,42151.5,BJS38214860,,
2024-07-15,乌干达,中国,RADIOTECH CONSULT LTD,XINDRAY MEDICAL INTERNATIONAL CO LTD,,,,,,CHINA,UGANDA,,,90221400000,2 SETS STC:  HIGH FREQUENCY DIGITAL RADIOGAPHY SYS,,1.0,Number,903.0,28430.0,,,
2024-07-15,波兰,中国,DB CARGO EURASIA GMBH P P GE MEDICAL SYSTEMS SCS,GE HANGWEI MEDICAL SYSTEMS CO LTD,ST. OF VIYEYSK 2 | 11,No. 1 NORTH YONG CHANG STREET BEIJING ECONOMIC & TECHNOLOGICAL DEVELOPMENT AREA,,,,,Poland (PL),,,902214,Mobile x-rau device,,1016.0,KG,1016.0,51345.5944,,,
2024-07-15,喀麦隆,中国,AWAZI JOHN ASILI,MEDSINGLONG CO LTD,,,,,,Chine,Cameroun,,,902214000000,APPAREILS,,1.0,KGM,60.0,767.4808,,,
2024-07-15,埃塞俄比亚,中国,CITY COMMUNITY TRADING PLC,,,,,,,China,,,,90221400,"-- Other, for medical, surgical or veterinary uses",,2.0,UNT,1403.0,55438.02,,,
2024-07-15,菲律宾,中国,GENERAL ELECTRIC PHILS INC,GE HUALUN MEDICAL SYSTEM CO LTD,"27TH FLOOR MENARCO TOWER, 32ND STREET, BONIFACIO, GLOBAL CITY, TAGUIG CITY",,,,,CHINA,,,,90221400000,1 EA XR6000 Gen4 50KW Standard Main System [S39224JS],,1.0,,709.6,16108.3,SHA71404874,,
2024-07-15,韩国,中国,KUEHNE NAGEL LTD,KUEHNE AND NAGEL LTD,"82 UISADANG-DAERO,20TH FL 07321  ,,","1401 JIANGCHANG ROAD,BUILDING 4,1401 ",,,,CHINA,KOREA,Shanghai,Busan,902214,"BSIU2030146 22G0 SHIPPER'S SEAL: CN7029260 
2 PACKAGE GROSS WEIGHT: 1390 KGS MEASUREMENT: 11.752 CBM 
  14455051_CIOS SELECT  
  VA21 II 
  HS:902214 
MARKS AND NUMBERS: 
  SIEMENS",,2.0,PACKAGE,1280.0,0.0,278594101,,
2024-07-15,哥伦比亚,中国,ROYAL PLUS TECHNOLOGIES S A S,IRAY TECHNOLOGY COMPANIA LTD,CR 20B # 72-44 P 2,"RM 202, BUILDING 7, NO 590",,,,CHINA,,,,9022140000,"DO 2415104-2. DECLARACION(1-1). MERCANCIA NUEVA. NOS ACOGEMOS AL DECRETO DECRETO NUMERO 1881 DE 2021, MINISTERIO DE COMERCIO, INDUSTRIA Y TURISMO ARTICULO 2Â¿. PRODUCTO: MAQUINA PORTABLE DE RAYOS X. MARCA: IRAY TECHNOLOGY. MODELO: CANIS 5C. REFERENCIA: CANIS 5C. SERIAL: CA5101210H60724005. USO O DESTINO: PARA USO VETERINARIO UNICAMENTE. TECNICA DE DIAGNOSTICO: RAYOS X. INCLUYE PARTES Y ACCESORIOS PARA SU NORMAL FUNCIONAMIENTO. CANT (1) UNDS (ITEM 2)",,1.0,NUMERO DE ARTICULOS,29.0,3448.71,,,
2024-07-15,波兰,中国,DB CARGO EURASIA GMBH P P GE MEDICAL SYSTEMS SCS C O BOVIS,BEIJING GE HANGWEI MEDICAL EQUIPMENT CO LTD,UL. WIEJSKA 2 | 11,No. 1 NORTH YONG CHANG STREET BEIJING ECONOMIC & TECHNOLOGICAL DEVELOPMENT AREA,,,,,Poland (PL),,,902214,Mobile x-ray device of the S-arch,,1008.0,KG,1008.0,74702.9267,,,
2024-07-14,孟加拉国,中国,UNITED HOSPITAL LIMITED,MR GLOBAL HK LIMITED,Continental Hospital (Pvt.) Ltd.,. HONG KONG,,,,China,,,,90221400,MOBILE XRAY MACHINE WITH STANDARD ACCESSORIES,,2.0,,823.0,100000.0,,,
2024-07-14,孟加拉国,中国,UNITED HOSPITAL LIMITED,MR GLOBAL HK LIMITED,Continental Hospital (Pvt.) Ltd.,,,,,China,,,,90221400,MOBILE XRAY MACHINE WITH STANDARD ACCESSORIES,,2.0,NMB,823.0,100000.0,,,
2024-07-13,乌干达,中国,ALL WAYS IMPORT & EXPORT LOGISTIC GROUP U LIMITED,AWIE GROUP CO LIMITED,,,,,,CHINA,UGANDA,,,90221400000,X-RAY FILM VIEWER,,2.0,Number,20.0,103.0,,,
2024-07-13,波兰,中国,DB CARGO EURASIA GMBH P P GE MEDICAL SYSTEMS SCS,BEIJING GE HUALUN MEDICAL EQUIPMENT CO LTD,ST. OF VIYEYSK 2 | 11,NO1 YONG CHANG NORTH ROAD BEIJING ECONOMIC&TECHNOLOGICAL DEVELOPMENT AREA 100176,,,,,Poland (PL),,,902214,System of x-ray cameras | equipment for use of x-ray devices,,2557.5,KG,2557.5,84893.92,,,
2024-07-13,美国,中国,,,N/A,N/A,N/A,N/A,,"CN, CHINA",,Pusan,"NEW YORK,NY",902214,570-0091 CRITERION POWDER FREE VINYL GLOVE FOR MEDICAL USE XLARGE 570-0088 CRITERION POWDER FREE VINYL GLOVE FOR MEDICAL USE SMALL570-0089 CRITERION POWDER FREE VINYL GLOVE FOR MEDICAL USE MEDIUM 570-0090 CRITERION POWDER FREE VINYL GLOVE FOR MEDICAL USE LARGE570-0087 CRITERION POWDER FREE VINYL GLOVE FOR MEDICAL USE XSMALL PO 23300357 23300358 23300359 23300360 23300361,NO MARKS,2832.0,PKG,18000.0,0.0,CHSL474253334TAO,ZCSU6954958,
2024-07-12,哥伦比亚,中国,ROYAL PLUS TECHNOLOGIES S A S,IRAY TECHNOLOGY COMPANIA LTD,CR 20B # 72-44 P 2,"RM 202, BUILDING 7, NO 590",,,,CHINA,,,,9022140000,"DO 2415104-1. DECLARACION(1-1). MERCANCIA NUEVA. NOS ACOGEMOS AL DECRETO DECRETO NUMERO 1881 DE 2021, MINISTERIO DE COMERCIO, INDUSTRIA Y TURISMO ARTICULO 2Â¿. PRODUCTO: PANEL DETECTOR DE RX. MARCA: IRAY. MODELO: VENU1717XV. REFERENCIA: VENU1717XV. SERIAL:VW301210H426240005X, VW301210H426240013X. USO O DESTINO: EXCLUSIVO EN VETERINARIA EN EQUIPOS CANINOS,BOVINOS. TECNICA DE DIAGNOSTICO: RAYOS X. INCLUYE PARTES Y ACCESORIOS PARA SU NORMAL FUNCIONAMIENTO. CANT (2) UNDS (ITEM 1)",,2.0,NUMERO DE ARTICULOS,9.0,9907.92,,,
2024-07-12,喀麦隆,中国,NYA SEUGA STEL DOLIAN,ORIGIN ID FUBAO,,,,,,Chine,Cameroun,,,902214000000,MINI1717 WIRED,,23.0,KGM,23.0,321.9478,,,
2024-07-12,美国,中国,AMICO CORP,FUJIAN NEWMARK INDUSTRIAL CO LTD, 85 FULTON WAY RICHMOND HILL ON L4B 2N4 CA , NO 1 WUYI ROAD LIPPO TIANMA PLAZA FUZHOU 350000 CN ,AMICO CORP, 85 FULTON WAY RICHMOND HILL ON L4B 2N4 CA ,,"CN, CHINA",,NINGBO,"TACOMA,WA",902214,FOR MEDICAL USE,AC1031845-0,4.0,PKG,2995.0,0.0,BANQ1060354147,TCNU4128253,
2024-07-12,南苏丹,中国,SEKANO COMPANY LIMITED,SERVO BALANS AFRICA,,,,,,CHINA,SOUTH SUDAN,,,90221400,X-RAY UNIT(RAY 68M),,1.1735,NMB,96.2278,11821.7,,,
2024-07-12,尼日利亚,中国,GBENRO ADEBISI,KUEHNE NAGEL AG & CO LTD,,,,,,China,,,APAPA PORT,9022140000,"Apparatus based on the use of X-rays or of alpha, betaused for medical, surgical .",,0.0,,200.0,2462.47,,,
2024-07-12,秘鲁,中国,MEDICAL IMPORT PERU S A C,,,,,,,CHINA,,Hong Kong,,9022140000,"ESCANER PORTATIL,S/M,MSLFP03, FOR VET USE ESCANER PORTATIL PARA USO VETERINARIO PORTABLE SCANNER,,,,",,1.0,U,8.3,3992.5,,,
2024-07-12,菲律宾,中国,SYNERGY SOURCING AND DEVELOPMENT,GUANGZHOU MAORONG SUPPLY CHAIN MANA,"GROUP INC./  UNIT5B CROWN TOWER 1134 SOLER ST. BINONDO, MANILA",,,,,CHINA,,,,90221400000,X-RAY HEAD,,2.0,PIECE,70.0,2007.8,82855702975,,
2024-07-12,科特迪瓦,中国,USAGER POUR DÉCLARATION SIMPLIFIÉE,,"BP V25,RCI",,,,,Chine,COTE D'IVOIRE,,,9022140000,"9022140000 - -- Appareils à rayons X pour usages médicaux, ch",,1.0,,29.0,2481.0,,,
2024-07-11,越南,中国,CÔNG TY TNHH SUPERWELL TECHNOLOGY VIỆT NAM,LIUYANG VOLITION MEDICAL EQUIPMENT CO LTD,"T16, Nam Cuong Building, Duong Noi Urban Area, Km4 To Huu Street, La Khe Ward, Ha Dong District, Hanoi, Vietnam","76 JIANSHOU AVE, ECONOMIC AND, TECHNOLOGICAL DEVELOPMENT ZONE, LIUYANG, HUNAN, CHINA, CN",,,,China,,PINGXIANG,CUA KHAU HUU NGHI (LANG SON),90221400,"Hệ thống X-quang chẩn đoán và phụ kiện đi kèm , Mã: Picke 1800 DR/400, Hãng sx: Liu Yang Volition Medical Equipment Co.,Ltd,Mới 100%,Diagnostic X-ray system and accompanying accessories, Code: Picke 1800 DR/400, Manufacturer: Liu Yang Volition Medical Equipment Co., Ltd, 100% new",,2.0,Set,0.0,25000.0,122400029514518,,
2024-07-11,越南,中国,CÔNG TY TNHH SUPERWELL TECHNOLOGY VIỆT NAM,LIUYANG VOLITION MEDICAL EQUIPMENT CO LTD,"T16, Nam Cuong Building, Duong Noi Urban Area, Km4 To Huu Street, La Khe Ward, Ha Dong District, Hanoi, Vietnam","76 JIANSHOU AVE, ECONOMIC AND TECHNOLOGICAL, DEVELOPMENT ZONE, LIUYANG, HUNAN, CHINA, CN",,,,China,,SHENZHEN,CANG CAT LAI (HCM),90221400,"Hệ thống X-quang chẩn đoán và phụ kiện đi kèm, Mã: Picke 1800 DR/500, Hãng sx: Liu Yang Volition Medical Equipment Co.,Ltd,Mới 100%,Diagnostic X-ray system and accompanying accessories, Code: Picke 1800 DR/500, Manufacturer: Liu Yang Volition Medical Equipment Co., Ltd, 100% new",,2.0,Set,0.0,17500.0,070724SHCY2407002H,,
2024-07-11,越南,中国,CÔNG TY TNHH SUPERWELL TECHNOLOGY VIỆT NAM,LIUYANG VOLITION MEDICAL EQUIPMENT CO LTD,"T16, Nam Cuong Building, Duong Noi Urban Area, Km4 To Huu Street, La Khe Ward, Ha Dong District, Hanoi, Vietnam","76 JIANSHOU AVE, ECONOMIC AND, TECHNOLOGICAL DEVELOPMENT ZONE, LIUYANG, HUNAN, CHINA, CN",,,,China,,PINGXIANG,CUA KHAU HUU NGHI (LANG SON),90221400,"Hệ thống X-quang chẩn đoán và phụ kiện đi kèm, Mã: Picke 1800 DR/500, Hãng sx: Liu Yang Volition Medical Equipment Co.,Ltd,Mới 100%,Diagnostic X-ray system and accompanying accessories, Code: Picke 1800 DR/500, Manufacturer: Liu Yang Volition Medical Equipment Co., Ltd, 100% new",,1.0,Set,0.0,8700.0,122400029514518,,
2024-07-11,越南,中国,CÔNG TY TNHH SUPERWELL TECHNOLOGY VIỆT NAM,LIUYANG VOLITION MEDICAL EQUIPMENT CO LTD,"T16, Nam Cuong Building, Duong Noi Urban Area, Km4 To Huu Street, La Khe Ward, Ha Dong District, Hanoi, Vietnam","76 JIANSHOU AVE, ECONOMIC AND TECHNOLOGICAL, DEVELOPMENT ZONE, LIUYANG, HUNAN, CHINA, CN",,,,China,,SHENZHEN,CANG CAT LAI (HCM),90221400,"Hệ thống X-quang chẩn đoán và phụ kiện đi kèm , Mã: Picke 1800 DR/400, Hãng sx: Liu Yang Volition Medical Equipment Co.,Ltd,Mới 100%,Diagnostic X-ray system and accompanying accessories, Code: Picke 1800 DR/400, Manufacturer: Liu Yang Volition Medical Equipment Co., Ltd, 100% new",,2.0,Set,0.0,17000.0,070724SHCY2407002H,,
2024-07-11,墨西哥,中国,GE SISTEMAS MEDICOS DE MEXICO SA DE CV,GE HUALUN MEDICAL SYSTEMS CO LTD,"ANTONIO DOVALI JAIME 70 TORRE B PISO 4 AVENIDA JAVIER BARROS SIERRA Y AVENIDA SANTA FE

Ciudad de Mexico
01210","YONG CHANG NORTH ROAD
BEIJINGCHINA

100176",,,,CHINA,,,NUEVO LAREDO NUEVO LAREDO TAMAULIPAS.,9022149101,SISTEMA RADIOGRAFICO XR6000,,1.0,PIECE,925.0,50022.9,,,
2024-07-11,印度,中国,EPSILON HEALTHCARE SOLUTIONS PRIVATE LIMITED,IMD CHINA CO LTD,"G 1 -57 RIICO INDUSTRIAL AREA,EXTE  NSION  PHASE.2 BAGRU",,,,,CHINA ,,Zhengzhou,DELHI AIR CARGO ACC (INDEL4),90221410,MODAL NO:E-40R+E-9040-15P SET (01.04.003.012) (X RAY GENERATOR),,1.0,NOS ,0.0,3590.0,LBWUAL7870MZZ,,
2024-07-10,阿根廷,中国,EURO SWISS S A,,,,,,,China,,,,90221419000,"LOS DEMAS. LOS DEMAS, PARA USO MEDICO, QUIRURGICO TUTOM 100E_32S",,1.0,Unidades,0.0,15000.01,,,SONTU
2024-07-10,墨西哥,中国,GE SISTEMAS MEDICOS DE MEXICO SA DE CV,GE HUALUN MEDICAL SYSTEMS CO LTD,"ANTONIO DOVALI JAIME 70 TORRE B PISO 4 AVENIDA JAVIER BARROS SIERRA Y AVENIDA SANTA FE

Ciudad de Mexico
01210","YONG CHANG NORTH ROAD
BEIJINGCHINA

100176",,,,CHINA,,,NUEVO LAREDO NUEVO LAREDO TAMAULIPAS.,9022149101,SISTEMA RADIOGRAFICO XR6000,,1.0,PIECE,925.0,49843.02,,,
2024-07-10,阿根廷,中国,EURO SWISS S A,,,,,,,China,,,,90221419000,"LOS DEMAS. LOS DEMAS, PARA USO MEDICO, QUIRURGICO TUTOM TC_460",,1.0,Unidades,0.0,40000.01,,,SONTU
2024-07-10,阿根廷,中国,EURO SWISS S A,,,,,,,China,,,,90221419000,"LOS DEMAS. LOS DEMAS, PARA USO MEDICO, QUIRURGICO TUTOM50E 8A",,5.0,Unidades,0.0,20000.0,,,SONTU
2024-07-10,阿根廷,中国,EURO SWISS S A,,,,,,,China,,,,90221419000,"LOS DEMAS. LOS DEMAS, PARA USO MEDICO, QUIRURGICO SONTU100_POLARIS50E",,6.0,Unidades,0.0,135430.98,,,SONTU
2024-07-10,墨西哥,中国,GE SISTEMAS MEDICOS DE MEXICO SA DE CV,GE HUALUN MEDICAL SYSTEMS CO LTD,"ANTONIO DOVALI JAIME 70 TORRE B PISO 4 AVENIDA JAVIER BARROS SIERRA Y AVENIDA SANTA FE

Ciudad de Mexico
01210","YONG CHANG NORTH ROAD
BEIJINGCHINA

100176",,,,CHINA,,,NUEVO LAREDO NUEVO LAREDO TAMAULIPAS.,9022149101,SISTEMA RADIOGRAFICO XR6000,,1.0,PIECE,925.0,49641.02,,,
2024-07-10,墨西哥,中国,GE SISTEMAS MEDICOS DE MEXICO SA DE CV,GE HUALUN MEDICAL SYSTEMS CO LTD,"ANTONIO DOVALI JAIME 70 TORRE B PISO 4 AVENIDA JAVIER BARROS SIERRA Y AVENIDA SANTA FE

Ciudad de Mexico
01210","YONG CHANG NORTH ROAD
BEIJINGCHINA

100176",,,,CHINA,,,NUEVO LAREDO NUEVO LAREDO TAMAULIPAS.,9022149101,SISTEMA RADIOGRAFICO XR6000,,1.0,PIECE,925.0,49640.85,,,
2024-07-09,墨西哥,中国,GE SISTEMAS MEDICOS DE MEXICO SA DE CV,GE HUALUN MEDICAL SYSTEMS CO LTD,"ANTONIO DOVALI JAIME 70 TORRE B PISO 4 AVENIDA JAVIER BARROS SIERRA Y AVENIDA SANTA FE

Ciudad de Mexico
01210","YONG CHANG NORTH ROAD
BEIJINGCHINA

100176",,,,CHINA,,,NUEVO LAREDO NUEVO LAREDO TAMAULIPAS.,9022149101,SISTEMA RADIOGRAFICO XR6000,,1.0,PIECE,925.0,49393.45,,,
2024-07-09,美国,中国,AMICO CORP,NINGBO WWS INDUSTRIAL CO LTD, 120 FULTON WAY , 1426# LINGQIAO SQUARE NO 31 YAOHAN G STREET NINGBO CHINA ,N/A,N/A,,"CN, CHINA",,NINGBO,"SEATTLE,WA",902214,"ZINC PLATE FOR MEDICAL USE,CARBON STEEL BOX FOR MEDICAL USE,CARBON STEEL PLATE FOR MEDICALUSE,ALUM PLATE FOR MEDICAL USE,CARBON STEEL BRACKET FOR MEDICAL USE,ALUM BRACKET FOR MEDICAL USE",NO MARKS,10.0,PKG,4567.0,0.0,DISODMCNSX048622,FSCU8757670,
2024-07-09,乌兹别克斯坦,中国,СП ООО MEDICOM HEALTHCARE,HNV INTERNATIONAL COMPANY LIMITED,,,,,,0,,,,9022140000,"1. Новое Медицинское Оборудование: год выпуска 2024г. Система рентгеновская хирургическая мобильная С-дугой модель Garion с принадлежностями. Производитель: ""SG Healthcare Co., Ltd"" Корея. - кол. 1 шт, вес: 330 кг
2. мест 2, 2 дерев.ящик.
8. 000
9. 024
10. 2024/Система рентгеновская хирургическая мобильная
11. 02
Общее кол. мест: 2 G31MARKA марка SG Healthcare YEAR10 год производ 2024 PARAM10 Характеристика товара Система рентгеновская хирургическая мобильная",,1.0,Piece,330.0,65000.0,,,
2024-07-09,波兰,中国,DB CARGO EURASIA GMBH P P GE MEDICAL SYSTEMS SCS,BEIJING GE HANGWEI MEDICAL EQUIPMENT CO LTD,ST. OF VIYEYSK 2 | 11,No. 1 NORTH YONG CHANG STREET BEIJING ECONOMIC & TECHNOLOGICAL,,,,,Poland (PL),,,902214,Mobile x-ray device of the S-arch,,594.0,KG,594.0,56102.0838,,,
2024-07-09,乌干达,中国,USTAR BIOTECHNOLOGIES U LTD,NANJING INNORAY MEDICAL EQUIPMENT CO LTD,,,,,,CHINA,UGANDA,,,90221400000,DIGITAL XRAY SYSTEM,,1.0,Number,680.0,15603.09,,,
2024-07-08,厄瓜多尔,中国,VERDUGA CEDENO MERCEDES BENILDA,MEDSINGLONG CO LTD,,,,,,CHINA,,HKHKG-,,9022140000,DIGITAL PANEL,,1.0,NUMERO DE UNIDADES,5.0,2222.0,CEC2024WHLU5724,,MEDSINGLONG
2024-07-08,波兰,中国,RTSB GMBH FOR CARGO PARTNER SPEDYCJA SP Z O O,CARGO PARTNER LOGISTICS CHINA LTD SHENZHEN BRANCH,KOLEYAZHY 21 21-540,"32EFG, TOWER A,WORLD FINANCE CTR, #4003 EAST SHENNAN RD",,,,,Poland (PL),,,902214,Veterinary digital flat panel system of visualization,,315.0,KG,315.0,56700.0,,,
2024-07-08,乌干达,中国,RADIOTECH CONSULT LTD,XINDRAY MEDICAL INTERNATIONAL CO LTD,,,,,,CHINA,UGANDA,,,90221400000,2 SETS STC:  HIGH FREQUENCY DIGITAL RADIOGAPHY SYS,,1.0,Number,903.0,28430.0,,,
2024-07-08,厄瓜多尔,中国,VERDUGA CEDENO MERCEDES BENILDA,MEDSINGLONG CO LTD,,,,,,CHINA,,HKHKG-,,9022140000,X RAY MACHINE WITH STAND,,1.0,NUMERO DE UNIDADES,20.0,2121.0,CEC2024WHLU5724,,MEDSINGLONG
2024-07-08,巴基斯坦,中国,FUJIFILM PAKISTAN PRIVATE LTD,FUJIFILM CORPORATION,37-D BLOCK-6 P.E.C.H.S., JAPAN,,,,China (CN),,,KPAF,90221400,MEDICAL EQUIPMENT MAIN UNIT DRYPIX EDGE 3T 6BH  QTY:1SET,,1.0,u,127.5,5585.0,SA240606227,,
2024-07-08,乌干达,中国,ALL WAYS IMPORT & EXPORT LOGISTIC GROUP U LIMITED,AWIE GROUP CO LIMITED,,,,,,CHINA,UGANDA,,,90221400000,X-RAY FILM VIEWER,,2.0,Number,20.0,103.0,,,
2024-07-08,厄瓜多尔,中国,VERDUGA CEDENO MERCEDES BENILDA,MEDSINGLONG CO LTD,,,,,,CHINA,,HKHKG-,,9022140000,X RAY MACHINE WITH STAND,,1.0,NUMERO DE UNIDADES,20.0,2121.0,CEC2024WHLU5724,,MEDSINGLONG
2024-07-08,厄瓜多尔,中国,VERDUGA CEDENO MERCEDES BENILDA,MEDSINGLONG CO LTD,,,,,,CHINA,,HKHKG-,,9022140000,DIGITAL PANEL,,1.0,NUMERO DE UNIDADES,5.0,2222.0,CEC2024WHLU5724,,MEDSINGLONG
2024-07-08,巴基斯坦,中国,FUJIFILM PAKISTAN PRIVATE LIMITED,FUJIFILM CORPORATION,37-D BLOCK-6 P.E.C.H.S.,,,,,China,,,KPAF,90221400,MEDICAL EQUIPMENT MAIN UNIT DRYPIX EDGE 3T 6BH  QTY:1SET,,1.0,u,0.0,5585.0,,,
2024-07-07,波兰,中国,DB CARGO EURASIA GMBH P P GE HEALTHCARE GMBH,BEIJING GE HUALUN MEDICAL EQUIPMENT CO LTD,ST. OF VIYEYSK 2 | 11,NO1 YONG CHANG NORTH ROAD,,,,,Poland (PL),,,902214,Mobile x-ray device of the S-arch,,506.0,KG,506.0,39622.64,,,
2024-07-07,波兰,中国,DB CARGO EURASIA GMBH P P GE MEDICAL SYSTEMS DENMARK,BEIJING GE HUALUN MEDICAL EQUIPMENT CO LTD,ST. OF VIYEYSK 2 | 11,NO1 YONG CHANG NORTH ROAD BEIJING ECONOMIC&TECHNOLOGICAL DEVELOPMENT AREA,,,,,Poland (PL),,,902214,x-ray device,,1014.0,KG,1014.0,80650.58,,,
2024-07-07,印度,中国,WIPRO GE MEDICAL DEVICE MANUFACTURING PRIVATE LIMI,GE HUALUN MEDICAL SYSTEMS CO LTD,"No.4, Kadugodi Industrial Area, Sad  Whitefield, Bangalore",,,,,CHINA ,,Tianjin,BANGALORE,90221490,5521321-4 - SYSTEM GANTRY HLA FOR OPTIMA IGS 320 - INDIA SEMI FINISHED (PARTS FOR MANUFACTURING OF IGS 320/OPTIMA IGS 32,,1.0,PCS ,0.0,83655.94,0CRQRGMVKF6NH,,
2024-07-07,印度,中国,WIPRO GE MEDICAL DEVICE MANUFACTURING PRIVATE LIMI,GE HUALUN MEDICAL SYSTEMS CO LTD,"No.4, Kadugodi Industrial Area, Sad  Whitefield, Bangalore",,,,,CHINA ,,Tianjin,BANGALORE,90221490,5521321-4 - SYSTEM GANTRY HLA FOR OPTIMA IGS 320 - INDIA SEMI FINISHED (PARTS FOR MANUFACTURING OF IGS 320/OPTIMA IGS 32,,1.0,PCS ,0.0,83655.94,16JWGX4VP05RK,,
2024-07-07,波兰,中国,DB CARGO EURASIA GMBH P P GE HEALTHCARE GMBH,BEIJING GE HUALUN MEDICAL EQUIPMENT CO LTD,ST. OF VIYEYSK 2 | 11,NO1 YONG CHANG NORTH ROAD,,,,,Poland (PL),,,902214,System of the x-ray camera | equipment for use of the x-ray device,,4949.0,KG,4949.0,14382617.0,,,
2024-07-06,印度,中国,PHILIPS INDIA LIMITED,PHILIPS ELECTRONICS SINGAPORE PTE LTD,"3RD FLOOR TOWER A DLF PARK 08,MAJO  R ARTERIAL RD NEW TOWN RAJARHAT",,,,,CHINA ,,Singapore,SAHAR AIR CARGO ACC (INBOM4),90221490,452230026222 FLOOR BRAKE ASSEMBLY RIGHT PAC (PARTS FOR MEDICAL EQUIPMENT),,1.0,NOS ,0.0,207.36,CH2NU57QMX058,,
2024-07-06,印度,中国,PHILIPS INDIA LIMITED,PHILIPS ELECTRONICS SINGAPORE PTE LTD,"3RD FLOOR TOWER A DLF PARK 08,MAJO  R ARTERIAL RD NEW TOWN RAJARHAT",,,,,CHINA ,,Singapore,SAHAR AIR CARGO ACC (INBOM4),90221490,452230016027 MPD CONTROL UNIT (PARTS FOR MEDICAL EQUIPMENT),,1.0,NOS ,0.0,485.2,CH2NU57QMX058,,
2024-07-06,乌干达,中国,REAL TIME DIAGNOSTICS U LTD,FAST MEJA INTERNATIONAL CARGO LIMITED,,,,,,CHINA,UGANDA,,,90221400000,XRAY LIQUID CHEMICALS,,40.0,Number,330.0,399.9768,,,
2024-07-05,墨西哥,中国,GE SISTEMAS MEDICOS DE MEXICO SA DE CV,GE HUALUN MEDICAL SYSTEMS CO LTD,"ANTONIO DOVALI JAIME 70 TORRE B PISO 4 AVENIDA JAVIER BARROS SIERRA Y AVENIDA SANTA FE

Ciudad de Mexico
01210","YONG CHANG NORTH ROAD
BEIJINGCHINA

100176",,,,CHINA,,,NUEVO LAREDO NUEVO LAREDO TAMAULIPAS.,9022149101,SISTEMA RADIOGRAFICO XR6000,,1.0,PIECE,925.0,49316.97,,,
2024-07-05,墨西哥,中国,GE SISTEMAS MEDICOS DE MEXICO SA DE CV,GE HUALUN MEDICAL SYSTEMS CO LTD,"ANTONIO DOVALI JAIME 70 TORRE B PISO 4 AVENIDA JAVIER BARROS SIERRA Y AVENIDA SANTA FE

Ciudad de Mexico
01210","YONG CHANG NORTH ROAD
BEIJINGCHINA

100176",,,,CHINA,,,NUEVO LAREDO NUEVO LAREDO TAMAULIPAS.,9022149101,SISTEMA RADIOGRAFICO XR6000,,1.0,PIECE,925.0,49116.37,,,
2024-07-04,印度,中国,PHILIPS INDIA LIMITED,SPELLMAN HIGH VOLTAGE ELECTRONICS,"3RD FLOOR TOWER A DLF PARK 08,MAJO  R ARTERIAL RD NEW TOWN RAJARHAT",,,,,CHINA ,,SHANGHAI - PU DONG,SAHAR AIR CARGO ACC (INBOM4),90221410,"(IGCRD SRNO: 161) 459801732292,HF GENERATOR MMB 409085-001 (FOR C-ARM IMAGE INTENSIFIER SYSTEM)",,5.0,NOS ,0.0,10365.0,UXCZZAS6A0Y9H,,
2024-07-04,埃塞俄比亚,中国,FRANSIBEKAN TRADING P L C,,,,,,,China,,,,90221400,"-- Other, for medical, surgical or veterinary uses",,5.0,UNT,48.0,66122.08,,,
2024-07-04,印度,中国,PHILIPS INDIA LIMITED,SPELLMAN HIGH VOLTAGE ELECTRONICS,"3RD FLOOR TOWER A DLF PARK 08,MAJO  R ARTERIAL RD NEW TOWN RAJARHAT",,,,,CHINA ,,SHANGHAI - PU DONG,SAHAR AIR CARGO ACC (INBOM4),90221410,"(IGCRD SRNO: 161) 459801732292,HF GENERATOR MMB 409085-001 (FOR C-ARM IMAGE INTENSIFIER SYSTEM)",,10.0,NOS ,0.0,20730.0,VQJSJO67G1AQB,,
2024-07-04,墨西哥,中国,GE SISTEMAS MEDICOS DE MEXICO SA DE CV,GE HUALUN MEDICAL SYSTEMS CO LTD,"ANTONIO DOVALI JAIME 70 TORRE B PISO 4 AVENIDA JAVIER BARROS SIERRA Y AVENIDA SANTA FE

Ciudad de Mexico
01210","YONG CHANG NORTH ROAD
BEIJINGCHINA

100176",,,,CHINA,,,NUEVO LAREDO NUEVO LAREDO TAMAULIPAS.,9022149101,SISTEMA RADIOGRAFICO XR6000,,1.0,PIECE,881.0,18516.37,,,
2024-07-03,乌兹别克斯坦,中国,ООО ISBOTLI TIBBIYOT,SHENZHEN BROWINER TECH CO LTD,,,,,,0,,,,9022140000,"1. Мобильная рентгеновская система С-дугой модель CompaX 500C (Mobile C-arm X-ray System) с принадлежностями (Приложение): Генератор высокого напряжения, Цифровой детектор, Коллиматор, Мобильная стойка с С-дугой, Системы обработки изображений, Тележка для мобильной рабочей станции и решетки. 1 комплект, новый 2024 года выпуска. Производитель: Shenzhen Browiner Tech Co., Ltd, Китай. - кол. 1 шт, вес: 482 кг
2. мест 2, 2 дерев.ящик.
8. 000
9. 024
10. 2024/год, новый.
11. 02
Общее кол. мест: 2 G31MARKA марка Browiner YEAR10 год производ 2024 PARAM10 Характеристика товара год, новый.",,1.0,Piece,482.0,10000.0,,,
2024-07-03,菲律宾,中国,CARLZAND CONSUMER GOODS TRADING,GUANGZHOU ZHENSHUN IMPORT AND,"RM.404 BURKE BLDG BURKE ST COR ESCOLTA ST BRGY.291 ZONE 27, BINONDO MANILA",,,,,CHINA,,,,90221400000,1 SET MEDICAL EQUIPMENT: XRAY UNIT MODEL HM-200 (BRAND: TRIUP),,1.0,PIECE,6.0,3128.3,VSSZGN24060043,,
2024-07-03,秘鲁,中国,EQUIPOS MEDICOS Y FARMACOS S A C,,,,,,,CHINA,,MIAMI,,9022140000,"DIGITAL FLAT PLANE DETECTOR,ANGELL,CELV-1717, FLAT PANNEL DETECTOR INCLUYE BATERIA EXTRA Y CARGADOR PARA SU NORMAL FUNCIONAMIENTO DIGITAL FLAT PANNEL DETECTOR CELV-1717 CAPTURA LOS RAYOS X, ES UN COMPLEMENTE DE LA MAQUINA DE RAYOS X, NO EMITE RAYOS X,,,,",,1.0,U,7.0,7000.0,,,
2024-07-03,乌兹别克斯坦,中国,ООО ISBOTLI TIBBIYOT,SHENZHEN BROWINER TECH CO LTD,,,,,,0,,,,9022140000,"1. Мобильная рентгеновская система С-дугой модель CompaX 500C (Mobile C-arm X-ray System) с принадлежностями (Приложение): Генератор высокого напряжения, Цифровой детектор, Коллиматор, Мобильная стойка с С-дугой, Системы обработки изображений, Тележка для мобильной рабочей станции и решетки. 1 комплект, новый 2024 года выпуска. Производитель: Shenzhen Browiner Tech Co., Ltd, Китай. - кол. 1 шт, вес: 482 кг
2. мест 2, 2 дерев.ящик.
8. 000
9. 024
10. 2024/год, новый.
11. 02
Общее кол. мест: 2 G31MARKA марка Browiner YEAR10 год производ 2024 PARAM10 Характеристика товара год, новый.",,1.0,Piece,482.0,10000.0,,,
2024-07-02,乌兹别克斯坦,中国,ООО FORTEK,SНENZНEN BROWINER ТЕСН CO LTD КИТАЙ,,,,,,0,,,,9022140000,"1) Портативная рентгенографическая система Beatle-05P с принадлежностями / Portable X-ray System Beatle-05P /в компл./Новый,2024г.в./Сер№BRW012202401001-01004/ Пр-ль.:""Shenzhen Browiner Tech Co., Ltd."", Китай/: вес: 288 кг, кол. 4 шт;
2) Вид и количество упаковки:12 карт.короб.;
8) Код инвестпрограммы:000;
9) Код технологического оборудования:000;
10) Год изготовления и технические параметры:2024/Эта портативная цифровая рентгеновская система может быть широко использована в больничном радиологи G31MARKA марка Browiner YEAR10 год производ 2024 PARAM10 Характеристика товара Эта портативная цифровая рентгеновская система может быть широко использована в больничном радиологическом кабинете, при ликвидации последствий стихийных бедствий, экстренной медицинской помощи, спортивных мероприятиях, благотворительных организациях, за",,4.0,Piece,288.0,54000.0,,,
2024-07-02,土耳其,中国,MONDE TIBBİ MALZEME GIDA HAYVANCILIK İNSAN KAYNAKLARI İNŞAAT İTHALAT İHRACAT SANAYİ VE TİCARET LİMİTED ŞİRKETİ,GUANGZHOU YUESHEN MEDICAL EQUIPMENT CO LTD,,,,,,ÇİN HALK CUMHURİYETİ,,,İSTANBUL HAVALİMANI GÜMRÜK MÜDÜRLÜĞÜ,902214000000,VETE2ERİN4BER TEŞ21HİS CİH8AAZI (AKSESU2 ARLARI İLE BİRLİKTE) TAREKS KAPSAMDIŞI NO: 18160099282013015773484+,,1.0,ADET(UNIT),5.0,6450.0,24341453IM00376368,,
2024-07-02,乌兹别克斯坦,中国,ООО FORTEK,SНENZНEN BROWINER ТЕСН CO LTD КИТАЙ,,,,,,0,,,,9022140000,"1) Портативная рентгенографическая система Beatle-05P с принадлежностями / Portable X-ray System Beatle-05P /в компл./Новый,2024г.в./Сер№BRW012202401001-01004/ Пр-ль.:""Shenzhen Browiner Tech Co., Ltd."", Китай/: вес: 288 кг, кол. 4 шт;
2) Вид и количество упаковки:12 карт.короб.;
8) Код инвестпрограммы:000;
9) Код технологического оборудования:024;
10) Год изготовления и технические параметры:2024/Эта портативная цифровая рентгеновская система может быть широко использована в больничном радиологи G31MARKA марка Browiner YEAR10 год производ 2024 PARAM10 Характеристика товара Эта портативная цифровая рентгеновская система может быть широко использована в больничном радиологическом кабинете, при ликвидации последствий стихийных бедствий, экстренной медицинской помощи, спортивных мероприятиях, благотворительных организациях, за",,4.0,Piece,288.0,54000.0,,,
2024-07-02,土耳其,中国,HASVET MEDİKAL YAZILIM SAĞLIK HİZMETLERİ SANAYİ VE TİCARET ANONİM ŞİRKETİ,SMART BEE INTERNATIONAL LIMITED,,,,,,ÇİN HALK CUMHURİYETİ,,,İSTANBUL HAVALİMANI GÜMRÜK MÜDÜRLÜĞÜ,902214000000,VETERİNERLİK AMAÇLI X-RAY CİHAZI (15 SET/),,15.0,ADET(UNIT),225.0,33055.26,24341453IM00375599,,
2024-07-02,秘鲁,中国,INTERNATIONAL DIAGNOSTIC IMAGING SAC,DHL EXPRESS PERU S A C,AV. JOSE GALVEZ BARRENECHEA NRO. 1091,,,,,CHINA,,Hangzhou,,9022140000,"EQUIPO DE RAYOS X PORTATIL, IRAY TECHNOLOGY, CANIS 5C CAS5201210H60724005, CAS5201210H41124020 USO VETERINARIO EQUIPO DE RAYOS X PORTATIL UNIDADES,,,,",,2.0,U,14.402,6789.473,,,
2024-07-01,印度,中国,PHILIPS INDIA LIMITED,PHILIPS ELECTRONICS SINGAPORE PTE L,"3RD FLOOR TOWER A DLF PARK 08,MAJO  R ARTERIAL RD NEW TOWN RAJARHAT",,,,,CHINA ,,Singapore,HYDERABAD ACC (INHYD4),90221490,"(P/N:459801139963) FRU , POWER BLOCK PB-CT80 (PARTS)",,1.0,NOS ,0.0,9494.91,KLVFVTI6DL0ME,,
2024-07-01,印度,中国,SIEMENS HEALTHCARE PRIVATE LIMITED,SIEMENS HEALTHINEERS AG,"UNIT NO.9, 9TH FLOOR, NORTH WING  GODREJ ONE, PIROJSHAH NAGAR,",,,,,CHINA ,,Shekou,NHAVA SHEVA SEA (INNSA1),90221490,(CARDIAC AND VASCULAR ANGIOGRAPHY SYSTEM INCLUDING DSA COMPLETE WITH ACCESSR)ARTIS ONE,,1.0,SET ,0.0,265836.34,WJIKD9VGHXQDR,,
2024-07-01,越南,中国,CÔNG TY CỔ PHẦN THIẾT BỊ Y TẾ BÁCH VIỆT,SHENZHEN LIM2VET BIOLOGICAL TECHNOLOGY CO LTD,"456-458 Hai Ba Trung, Tan Dinh Ward, District 1, Ho Chi Minh City, Vietnam","RM 5C02, BLD 1,ZHONGCHENG, BIOMEDICAL INDUSTRIAL PARK, NO.21, LINHUI RD,PINGSHAN DISTRICT, SHENZHEN, GUANGDONG",,,,China,,SHENZHEN,CANG CAT LAI (HCM),90221400,"Máy X-quang dùng cho thú y. Model: SMART-20. HSX: Shenzhen Lim2Vet Biological Technology Co.,LTD. Hàng mới 100%. Bao gồm máy chính và phụ kiện.,X-ray machine for veterinary use. Model: SMART-20. HSX: Shenzhen Lim2Vet Biological Technology Co.,LTD. 100% new product. Including main machine and accessories.",,5.0,Set,0.0,49940.0,240624AMS2406123,,
2024-07-01,乌干达,中国,USTAR BIOTECHNOLOGIES U LTD,NANJING INNORAY MEDICAL EQUIPMENT CO LTD,,,,,,CHINA,UGANDA,,,90221400000,DIGITAL XRAY SYSTEM,,1.0,Number,680.0,15603.0901,,,
2024-07-01,乌干达,中国,KALA FAST MOVING COMPANY LIMITED,AST GLOBAL TRADING CO LTD,,,,,,CHINA,UGANDA,,,90221400000,CAPSULA MACHINE  -2PC,,2.0,Number,275.0,100.0,,,
2024-07-01,委内瑞拉,中国,CORP VENEZOLANA D COMRCIO EXTERIOR,,,,,,,CHINA,,Cartagena,,9022141100,Para mamografia,,0.0,,11440.0,1450130.0,22412,,
2024-07-01,乌干达,中国,KALA FAST MOVING COMPANY LIMITED,AST GLOBAL TRADING CO LTD,,,,,,CHINA,UGANDA,,,90221400000,X-RAY MACHINE AND CHEST X - RAY RACK  -2PC,,2.0,Number,273.0,175.0001,,,
2024-07-01,印度,中国,PHILIPS INDIA LIMITED,PHILIPS ELECTRONICS SINGAPORE PTE LTD,"3RD FLOOR TOWER A DLF PARK 08,MAJO  R ARTERIAL RD NEW TOWN RAJARHAT",,,,,CHINA ,,Singapore,KOLKATA ACC (INCCU4),90221490,459800932891 STEERING WHEEL ASSY PACK (USE IN MEDICAL EQUIPMENT),,1.0,NOS ,0.0,210.95,OOU4N8OBLXFQD,,
2024-06-29,巴基斯坦,中国,PROJECT MANAGEMENT UNIT,FUJIFILM CORPORATION,"31-E-1, SHAHRAH-E-IMAM HUSSAIN, GULBERG-III LAHORE, Lahore Gulberg Town",,,,,China,,,KAPS,90221400,(MEDICAL EQUIPMENT). FCR PRIMA TM PNTM CR IR 392 RU2 M PNTM A. (QTY.36SET).,,36.0,u,0.0,210870.72,,,
2024-06-29,巴基斯坦,中国,PROJECT MANAGEMENT UNIT,FUJIFILM CORPORATION,"31-E-1, SHAHRAH-E-IMAM HUSSAIN, GULBERG-III LAHORE, Lahore Gulberg Town",,,,,China,,,KAPS,90221400,MEDICAL EQUIPMENT. MAIN UNIT DRYPIX EDGE 3T 6BH E. (QTY. 4SET),,4.0,u,0.0,20394.64,,,
2024-06-29,巴基斯坦,中国,HAJI ALI MOHAMMED FOUNDATION,ATLAS GLOBAL FZE,"35/B, Block 6 PECHS PECHS, Block 6 ", P.O.BOX NO.17442,,,,China (CN),,,KPAF,90221400,GE C ARM ( OEC ONE ) SYSTEM WITH ALL STANARED ACCESSORIES SN: BB6V2400267HL BRAND:GE HUALUN MEDICAL SYSTEM /GE HEALTHCARE . ORIGIN:CHINA . = QTY: 01 SET .,,1.0,u,402.0,39300.0,MFS2364,,
2024-06-29,巴基斯坦,中国,PROJECT MANAGEMENT UNIT,FUJIFILM CORPORATION,"31-E-1, SHAHRAH-E-IMAM HUSSAIN, GULBERG-III LAHORE, Lahore Gulberg Town", 26-30 NISHIAZABU 2-CHOME MINATO-KU TOKYO 106-8620 JAPAN TEL 81-3-6271-3111 VAT NO 2010401064789,,,,China (CN),,,KAPS,90221400,MEDICAL EQUIPMENT. MAIN UNIT DRYPIX EDGE 3T 6BH E. (QTY. 4SET),,4.0,u,6.3295,20394.6,QYSEA240311,,
2024-06-29,巴基斯坦,中国,PROJECT MANAGEMENT UNIT,FUJIFILM CORPORATION,"31-E-1, SHAHRAH-E-IMAM HUSSAIN, GULBERG-III LAHORE, Lahore Gulberg Town", 26-30 NISHIAZABU 2-CHOME MINATO-KU TOKYO 106-8620 JAPAN TEL 81-3-6271-3111 VAT NO 2010401064789,,,,China (CN),,,KAPS,90221400,(MEDICAL EQUIPMENT). FCR PRIMA TM PNTM CR IR 392 RU2 M PNTM A. (QTY.36SET).,,36.0,u,6.3295,210871.0,QYSEA240311,,
2024-06-29,巴基斯坦,中国,PROJECT MANAGEMENT UNIT,FUJIFILM CORPORATION,"31-E-1, SHAHRAH-E-IMAM HUSSAIN, GULBERG-III LAHORE, Lahore Gulberg Town",,,,,China,,,KAPS,90221400,MEDICAL EQUIPMENT. MAIN UNIT DRYPIX EDGE 3T 6BH E. (QTY. 6SET),,6.0,u,0.0,30591.96,,,
2024-06-29,巴基斯坦,中国,PROJECT MANAGEMENT UNIT,FUJIFILM CORPORATION,"31-E-1, SHAHRAH-E-IMAM HUSSAIN, GULBERG-III LAHORE, Lahore Gulberg Town", 26-30 NISHIAZABU 2-CHOME MINATO-KU TOKYO 106-8620 JAPAN TEL 81-3-6271-3111 VAT NO 2010401064789,,,,China (CN),,,KAPS,90221400,MEDICAL EQUIPMENT. MAIN UNIT DRYPIX EDGE 3T 6BH E. (QTY. 6SET),,6.0,u,6.3295,30592.0,QYSEA240311,,
2024-06-29,巴基斯坦,中国,PROJECT MANAGEMENT UNIT,FUJIFILM CORPORATION,"31-E-1, SHAHRAH-E-IMAM HUSSAIN, GULBERG-III LAHORE, Lahore Gulberg Town", 26-30 NISHIAZABU 2-CHOME MINATO-KU TOKYO 106-8620 JAPAN TEL 81-3-6271-3111 VAT NO 2010401064789,,,,China (CN),,,KAPS,90221400,MEDICAL EQUIPMENT. MAIN UNIT DRYPIX EDGE 3T 6BH E. (QTY. 26SET),,26.0,u,6.3295,132565.0,QYSEA240311,,
2024-06-29,秘鲁,中国,INTERNATIONAL DIAGNOSTIC IMAGING SAC,SHENZHEN SANTU MERICAL IMAGING EQUIPMENT CO LTD,AV. JOSE GALVEZ BARRENECHEA NRO. 1091,,,,,CHINA,,Hangzhou,,9022140000,"DETECTOR DE RAYOS X, IRAY TECHNOLOGY, MARS1717V-VSI  USO MEDICO N° R.S. DB7614E DEL 15/04/2024 DETECTOR DE RAYOS X DE PANEL PLANO INDIRECTO,,,,",,4.0,U,35.59,26000.0,,,
2024-06-29,巴基斯坦,中国,HAJI ALI MOHAMMED FOUNDATION,ATLAS GLOBAL FZE,"35/B, Block 6 PECHS PECHS, Block 6 ",,,,,China                         ,,,KPAF,90221400,GE C ARM ( OEC ONE ) SYSTEM WITH ALL STANARED ACCESSORIES SN: BB6V2400267HL BRAND:GE HUALUN MEDICAL SYSTEM /GE HEALTHCARE . ORIGIN:CHINA . = QTY: 01 SET .,,1.0,u,0.0,39300.0,,,
2024-06-29,巴基斯坦,中国,PROJECT MANAGEMENT UNIT,FUJIFILM CORPORATION,"31-E-1, SHAHRAH-E-IMAM HUSSAIN, GULBERG-III LAHORE, Lahore Gulberg Town",,,,,China,,,KAPS,90221400,MEDICAL EQUIPMENT. MAIN UNIT DRYPIX EDGE 3T 6BH E. (QTY. 26SET),,26.0,u,0.0,132565.16,,,
2024-06-29,波兰,中国,DB CARGO EURASIA GMBH P P GE MEDICAL SYSTEMS SCS,BEIJING GE HUALUN MEDICAL EQUIPMENT CO LTD,ST. OF VIYEYSK 2 | 11,NO1 YONG CHANG NORTH ROAD BEIJING ECONOMIC&TECHNOLOGICAL DEVELOPMENT AREA 100176,,,,,Poland (PL),,,902214,System of the x-ray camera | equipment for use of the x-ray device,,2757.0,KG,2757.0,89772.26,,,
2024-06-28,印度,中国,WIPRO GE HEALTHCARE PRIVATE LIMITED,GE HUALUN MEDICAL SYSTEMS COLTD,"NO4, KADUGODI INDUSTRIAL AREA,  ",,,,,CHINA ,,Beijing,BANGALORE ACC (INBLR4),90221420,S10005GN OEC ONE ESP MAIN SYS (MOBILE DIAGNOSTIC X-RAY AND FLUOROSCOPIC SYSTEM) (MEDICA EQUIPMENT),,1.0,NOS ,0.0,22384.23,XKDKZX94F7PD9,,
2024-06-28,乌兹别克斯坦,中国,ООО INTERMED INNOVATION TRADE,SHENZHEN ANGELL TECHNOLOGY CO LTD,,,,,,,,,,9022140000,"1. Digital Medical X-ray Radiographic System Angell-DR-B1-L with accessories/Система рентгенографическая медицинская цифровая Angell-DR-B1-L с принадлежностями в разобранном виде, новый, 2024 год выпуска, сер.№Angell-DR-B1-L24040021, Angell-DR-B1-L24040022, производитель Shenzhen Angell Technology Co LTD (Китай)  - кол. 2 шт, вес: 1450 кг
2. мест 6, 6 ящик
8. 000
9. 024
10. 2024/напряжение 220, частота 50/60Hz
11. 02
Общее кол. мест: 6 G31MARKA марка Angell YEAR10 год производ 2024 PARAM10 Характеристика товара напряжение 220, частота 50/60Hz",,2.0,Piece,1450.0,74000.0,,,
2024-06-28,巴基斯坦,中国,PROJECT MANAGEMENT UNIT,FUJIFILM CORPORATION,"31-E-1, SHAHRAH-E-IMAM HUSSAIN, GULBERG-III LAHORE, Lahore Gulberg Town",,,,,China,,,KAPW,90221400,MEDICAL EQUIPMENT. MAIN UNIT DRYPIX EDGE 3T 6BH E. (QTY.5SET),,5.0,u,0.0,35459.65,,,
2024-06-28,巴基斯坦,中国,PROJECT MANAGEMENT UNIT,FUJIFILM CORPORATION,"31-E-1, SHAHRAH-E-IMAM HUSSAIN, GULBERG-III LAHORE, Lahore Gulberg Town",,,,,China,,,KAPW,90221400,(MEDICAL EQUIPMENT). FCR PRIMA TM PNTM CR IR 392 RU2 M PNTM. (QTY. 5SET),,5.0,u,0.0,38250.55,,,
2024-06-28,智利,中国,FRONTLINE BOLIVIA S R L,GEBRUDER WEISS CHINA LIMITED,",,",,,,,CHINA,CHILE,Shanghai,Arica,902214,"XRAY,ALPHA,BETA,GAMA RADIATION,  OTHER, FOR MEDICAL, SURGICAL OR VETERINARY USES",,4.0,PK,4361.0,0.0,SH4AZ1933400,,
2024-06-28,阿富汗,中国,KHALID HASSAMI CONSTRUCTION&TRADINGCO,HUOERGUOSI RONGDA TRADING CO LTD, , ,,,,,Afghanistan (AF),,,902214,MEDICAL DEVICES,,340.0,KG,340.0,137.0,,,
2024-06-28,秘鲁,中国,NO DISPONIBLE,SINO MEDICAL DEVICE TECH CO LTD,,,,,,CHINA,,Hong Kong,,9022140000,"PANEL DIGITAL, S/M, YSFPD-M1717V UNIDAD  PANEL PLANO INDIRECTO,,,,",,1.0,U,17.603,7379.322,,,
2024-06-28,巴基斯坦,中国,PROJECT MANAGEMENT UNIT,FUJIFILM CORPORATION,"31-E-1, SHAHRAH-E-IMAM HUSSAIN, GULBERG-III LAHORE, Lahore Gulberg Town", 26-30 NISHIAZABU 2-CHOME MINATO-KU TOKYO 106-8620 JAPAN,,,,China (CN),,,KAPW,90221400,(MEDICAL EQUIPMENT). FCR PRIMA TM PNTM CR IR 392 RU2 M PNTM. (QTY. 5SET),,5.0,u,0.8715,38250.6,QYSEA240310,,
2024-06-28,乌兹别克斯坦,中国,ISBOTLI TIBBIYOT LLC,SHENZHEN BROWINER TECH CO LTD, , ,,,,,Uzbekistan (UZ),,,902214,MOBILE X-RAY SYSTEM C - THE ARCH MODEL: COMPAX 500C (MOBILE C - ARM X-RAY SYSTEM) WITH ACCESSORIES,,568.0,KG,568.0,10000.0,,,
2024-06-28,巴基斯坦,中国,PROJECT MANAGEMENT UNIT,FUJIFILM CORPORATION,"31-E-1, SHAHRAH-E-IMAM HUSSAIN, GULBERG-III LAHORE, Lahore Gulberg Town", 26-30 NISHIAZABU 2-CHOME MINATO-KU TOKYO 106-8620 JAPAN,,,,China (CN),,,KAPW,90221400,MEDICAL EQUIPMENT. MAIN UNIT DRYPIX EDGE 3T 6BH E. (QTY.5SET),,5.0,u,0.8715,35459.7,QYSEA240310,,
2024-06-28,布隆迪,中国,NSINGA MICHEL ANGE,TRANSFER MULTISORT ELEKTRONIK SPP Z,,,,,,China,,,,90221400,WIPE THE X-RAY,,4.0,NMB,2.0,34.9709,,,
2024-06-27,哥伦比亚,中国,MEDICALBIO SAS,HEBEI RUIGE INTERNATIONAL TRADING CO LTD,CL 86 # 87A-44,"KIAJIA BUILDING, QIAOXI ZONE, SHIJI",,,,CHINA,,,,9022140000,"DO BOGI0220286-001 PEDIDO TRAMITE: RG-CO20240612 DECLARACION(1-1) MEDICALBIO SAS. MERCANCIA NUEVA, NO APLICA REGISTRO DE",,1.0,NUMERO DE ARTICULOS,9.0,5400.0,,,
2024-06-27,秘鲁,中国,VIGEAN INTERNATIONAL SERVICE S A C,,,,,,,CHINA,,Hong Kong,,9022140000,"MAQUINA DE RAYOS X USO VETERINARIO,MSL,MSLPX15, VETERINARY PORTABLE X RAY MANUFACTURING DATE: MAR. 2024, CONDITION: NEW MAQUINA DE RAYOS X USO VETERINARIO PORTATIL, MATERIAL :ABS AUT. NRO. 0291-24-IPEN/OTAN DEL 17/04/2024 AL 16/07/2024,,,,",,1.0,U,7.2,1594.8,,,
2024-06-27,孟加拉国,中国,TECHNO MEDICAL SYSTEM,TRIUP INTERNATIONAL CORP CHINA,"House- 16,(2nd floor), Road-02,",,,,,China,,,,90221400,X-RAY MEDICAL EQUIPMENT M: TR-50N,,1.0,NMB,620.0,9990.0,,,
2024-06-27,土耳其,中国,MONDE TIBBİ MALZEME GIDA HAYVANCILIK İNSAN KAYNAKLARI İNŞAAT İTHALAT İHRACAT SANAYİ VE TİCARET LİMİTED ŞİRKETİ,ÇEŞİTLİ,,,,,,ÇİN HALK CUMHURİYETİ,,,İSTANBUL HAVALİMANI GÜMRÜK MÜDÜRLÜĞÜ,902214000000,VETERİNER TEŞHİS CİH-AZI,,7.0,ADET(UNIT),224.0,18198.29,24341453IM00367923,,
2024-06-27,土耳其,中国,GE MEDİCAL SYSTEMS TÜRKİYE LİMİTED ŞİRKETİ,GE HEALTHCARE TRADE AND DEVELOPMENT LLC,,,,,,ÇİN HALK CUMHURİYETİ,,,MURATBEY GÜMRÜK MÜDÜRLÜĞÜ,902214000000,C KOLLU RONTGEN CIHAZI (PARÇA KODU:S1000/5GR),,1.0,ADET(UNIT),402.4,23998.84,24341300IM00135532,,
2024-06-27,墨西哥,中国,GE SISTEMAS MEDICOS DE MEXICO SA DE CV,GE HUALUN MEDICAL SYSTEMS CO LTD,"ANTONIO DOVALI JAIME 70 TORRE B PISO 4 AVENIDA JAVIER BARROS SIERRA Y AVENIDA SANTA FE

Ciudad de Mexico
01210","YONG CHANG NORTH ROAD
BEIJINGCHINA

100176",,,,CHINA,,,NUEVO LAREDO NUEVO LAREDO TAMAULIPAS.,9022149101,SISTEMA RADIOGRAFICO XR6000,,1.0,PIECE,881.0,18629.17,,,
2024-06-27,埃塞俄比亚,中国,CARDINAL PRIVATE LIMITED,,,,,,,India,,,,90221400,"-- Other, for medical, surgical or veterinary uses",,5.0,UNT,1030.0,50281.6,,,
2024-06-27,孟加拉国,中国,TECHNO MEDICAL SYSTEM,TRIUP INTERNATIONAL CORP CHINA,"House- 16,(2nd floor), Road-02,",,,,,China,,,,90221400,X-RAY MEDICAL EQUIPMENT M: TR-50N,,1.0,,620.0,9990.0,,,
2024-06-27,巴基斯坦,中国,NATIONAL HEALTH SERVICES,YAR TAI CO LTD,"LG&RD, Complex, Near State Bank, G-5/2, Islamabad Islamabad Urban . "," ON BEHALF OF TEC INTERNATIONAL INC. JPR ICHIGAYA BUILDING, 4-7-15, KUDAN-MINAMI, CHIYODA-KU, TOKYO 102-0074, JAPAN",,,,"Taiwan,China (TW)",,,KAPW,90221400,AVR FOR X-RAY GENERAL -YAR TAI CO.LTD.MODEL YTAM SERIES(JAPANESE GRANT AID FOR THE ECONOMIC AND SOCIAL DEVELOPMENT PRORAMME TO GOVT OF THE ISLAMIC REPULIC OF PAKISTAN),,320.0,u,0.336,17718.4,KEEKARZ03513K01,,
2024-06-26,厄瓜多尔,中国,SERVICIO Y EQUIPAMIENTO SERQUIP CIA LTDA,NEUSOFT MEDICAL SYSTEMS CO LTD,,,,,,CHINA,,CNDLC-,,9022140000,Rayos X NeuVision 550M Plus,,2.0,NUMERO DE UNIDADES,1364.0,17470.0,CEC2024HLCU1030,,NEUSOFT
2024-06-26,智利,中国,,,,,,,,CHINA,,Shanghai,San Antonio,90221411,APARATOS DE RAYOS X PARA RADIOTERAPIA,,1.0,UNIDADES,614.0,51687.48,)MAEU292829857(N)SHASE24040256,,
2024-06-25,刚果民主共和国[刚果（金）],中国,CDETS JUST FOR YOUR INESTMENTKANYERE MATEMBELA MIREILLE BUTEMBO DR CONGO,CNYIWU LIFE IMP AND EXP CO LTD,,,,,,CHINA,DEMOCRATIC REPUBLIC OF CONGO,,,90221400000,MEDICAL APPARATUS,,36.0,Number,1008.0,1293.964,,,
2024-06-25,哈萨克斯坦,中国,ТОО АЛАШKZ,SHENZHEN BROWINER TECH CO LTD, , ,,,"SHENZHEN BROWINER TECH CO., LTD",China,Kazakhstan,,,9022140000,"1. МОБИЛЬНАЯ РЕНТГЕНОВСКАЯ СИСТЕМА COMPAX С С-ДУГОЙ В ВАРИАНТАХ ИСПОЛНЕНИЯ: COMPAX 500C В КОМПЛЕКТЕ  С ПРИНАДЛЕЖНОСТЯМИ, :",,1.0,ШТ,553.0,34127.87,,,
2024-06-25,科特迪瓦,中国,USAGER POUR DÉCLARATION SIMPLIFIÉE,,"BP V25,RCI",,,,,Chine,COTE D'IVOIRE,,,9022140000,"9022140000 - -- Appareils à rayons X pour usages médicaux, ch",,1.0,,29.0,2460.0,,,
2024-06-25,越南,中国,CÔNG TY TNHH THIẾT BỊ THÚ Y VIỆT NAM,SUZHOU POWERSITE ELECTRIC CO LTD,"Cam 3 Village, Co Bi Commune, Gia Lam District, Hanoi City, Vietnam",,,,,China,,SHANGHAI,CANG NAM DINH VU,90221400,"Bộ phận máy chụp Xquang dùng cho động vật: thiết bị thu nhận, xử lý tia X. Model PSM-PD5. 6E S1, CS:5.6kW, Đ.a 220V, 50Hz/60Hz, kt 383*240*215mm, hiệuPOWERSITE, Nsx:Suzhou Powersite Electric, mới100%,X-ray machine parts for animals: equipment for receiving and processing X-rays. Model PSM-PD5. 6E S1, CS:5.6kW, Da. 220V, 50Hz/60Hz, size 383*240*215mm, brandPOWERSITE, Manufacturer:Suzhou Powersite Electric, 100% new",,5.0,Pieces,0.0,11500.0,190624VTRS2406E163,,
2024-06-25,科特迪瓦,中国,USAGER POUR DÉCLARATION SIMPLIFIÉE,,"BP V25,RCI",,,,,Chine,COTE D'IVOIRE,,,9022140000,"9022140000 - -- Appareils à rayons X pour usages médicaux, ch",,1.0,,29.0,2460.0,,,
2024-06-25,纳米比亚,中国,NEPHILIAN M MANYANDO,FOSHAN GUCCIDENT MEDIACL CO LTD,"nPO BOX 149 nERF 9223,HOLKA PARK nRUNDU - NAMIBIA ","nA 213 FLOOR 2ND HUIJING TIME PLAZA ,LUOCUN   ",,,,,Namibia,,,90221400,X-RAY MACHINE,,0.0,,110.0,609.294,,,
2024-06-25,乌干达,中国,FAST MEJA INTERNATIONAL CARGO LIMITED,YEPENG INTERNATIONAL LIMITED,,,,,,CHINA,UGANDA,,,90221400000,XRAY FILMS,,170.0,Number,520.0,1450.0,,,
2024-06-25,哈萨克斯坦,中国,LTD LIABILITY PARTNERSHIP OF ALMA MED,MIVAVIS LTD MIVAVIS EOOD,"ALMATY PYATNITSKY ST., 52", ,,,,,Kazakhstan (KZ),,,902214,medical radiographic system,,1760.0,KG,1760.0,76000.0,,,
2024-06-24,俄罗斯,中国,ООО ИСТ МЕДИКАЛ ГРУПП,BIKANG TIANCHENG SHANGHAI INFORMATION TECHNOLOGY CO LTD,,,,,"LIAONING KAMPO MEDICAL SYSTEM CO.,LTD",China,,,,9022140000,"АППАРАТУРА, ОСНОВАННАЯ НА ИСПОЛЬЗОВАНИИ РЕНТГЕНОВСКОГО ИЗЛУЧЕНИЯ, ПРЕДНАЗНАЧЕННАЯ ДЛЯ ВЕТЕРИНАРНОГО ИСПОЛЬЗОВАНИЯ: АППАРАТ РЕНТГЕНОВСКИЙ ВЕТЕРИНАРНЫЙ ZOOMED VX-400, ПРЕДНАЗНАЧЕН ДЛЯ ДИАГНОСТИКИ СОСТОЯНИЯ ВНУТРЕННИХ ОРГАНОВ И СИСТЕМ У ЖИВОТНОГО В",,7.0,ШТ,2560.0,117067.32,,,ZOOMED
2024-06-24,印度,中国,WIPRO GE HEALTHCARE PRIVATE LIMITED,GE HUALUN MEDICAL SYSTEMS COLTD,"NO4, KADUGODI INDUSTRIAL AREA,  ",,,,,CHINA ,,Shanghai,DELHI AIR CARGO ACC (INDEL4),90221420,S10005GN OEC ONE ESP MAIN SYS (MOBILE C-ARM SYSTEM) (MEDICAL EQUIPMENT),,1.0,SET ,0.0,21699.38,BQRCSDOJWI0Q4,,
2024-06-24,哥伦比亚,中国,INVERSIONES RODRIGUEZ CASTANEDA SAS,TOOTOO MEDITECH CO LTD,CL 148 N 7 B 14,ROOM 2401 BUILDING 3A INTELLIGENT,,,,CHINA,,,,9022140000,"DO BOGI24028523. PEDIDO TRAMITE: VVG-24 / 217. DECLARACION(6-7). MERCANCIA NUEVA, NOS ACOGEMOS AL DECRETO 0925 DE MAYO 09 DE 2013, NO REQUIERE PRESENTACION DE REGISTRO DE IMPORTACION GRAVAMEN DEL 0% DE ACUERDO AL ARTICULO 1 DEL DECRETO 272 DEL 2018 DESGRAVACION ARANCELARIA.. PRODUCTO: EQUIPO PORTATIL DE RAYOS X. MARCA: MEDITECH // TOOTOO MEDITECH. MODELO: CANIS 5C. REFERENCIA: NO TIENE. SERIAL: CA5101210H41224015, CA5101210H41224007, CA5101210H41224005, CA5101210H41224010, CA5101210H41224013. USO O DESTINO: VETERINARIO. TECNICA DE DIAGNOSTICO: RAYOS X. CANIS 5C X RAY MACHINE//CON TODOS SUS ACCESORIOS PARA SU NORMAL FUNCIONAMIENTO PO: CHINA (CN) CANT (5) UND (ITEM 10) PRODUCTO: PULSADOR (OBTURADOR) PARA EQUIPO PORTUTIL DE RAYOS X CANIS 5C. MARCA: NO TIENE.MODELO: NO TIENE. REFERENCIA: NO TIENE. SERIAL: NO TIENE. USO O DESTINO: VETERINARIO DISPARAR Y ADQUIRIR TOMAS DE PLACA POR MEDIO DEL EQUIPO DE RAYOS X CANIS 5C. TECNICA DE DIAGNOSTICO: NO APLICA. HANDPIECE OF CANIS5C PO: CHINA (CN) CA",,6.0,NUMERO DE ARTICULOS,110.66,15324.3,,,
2024-06-24,乌兹别克斯坦,中国,OOO EQUIMED,BEIJING WANDONG MEDICAL TECHNOLOGY CO LTD,,,,,,,,,,9022140000,"1. Medical X-ray Radiography Unit Model; New Oriental 1000MC / Цифровая радиографическая система New Oriental 1000MC c принадлежностямиг: Кол-во: 1 шт; Производитель: Beijing Wandong Medical Technology Co Ltd. Китай - кол. 1 шт, вес: 840 кг
2. мест 3, 3 дерев.ящик.
8. 000
9. 024
10. 2024/Новый
11. 02
Общее кол. мест: 3 G31MARKA марка New Oriental 1000MC YEAR10 год производ 2024 PARAM10 Характеристика товара Новый",,1.0,Piece,840.0,55000.0,,,
2024-06-24,阿富汗,中国,KHALID HASSAMI CONSTRUCTION&TRADING CO LTD,HUOERGUOSI RONGDA TRADING CO LTD,HAIRATAN, ,,,,,Afghanistan (AF),,,902214,MEDICAL VEST,,108.0,KG,108.0,41.47,,,
2024-06-24,乌兹别克斯坦,中国,OOO EQUIMED,BEIJING WANDONG MEDICAL TECHNOLOGY CO LTD,,,,,,0,,,,9022140000,"1. Medical X-ray Radiography Unit Model; New Oriental 1000MC / Цифровая радиографическая система New Oriental 1000MC c принадлежностямиг: Кол-во: 1 шт; Производитель: Beijing Wandong Medical Technology Co Ltd. Китай - кол. 1 шт, вес: 840 кг
2. мест 3, 3 дерев.ящик.
8. 000
9. 024
10. 2024/Новый
11. 02
Общее кол. мест: 3 G31MARKA марка New Oriental 1000MC YEAR10 год производ 2024 PARAM10 Характеристика товара Новый",,1.0,Piece,840.0,55000.0,,,
2024-06-24,乌干达,中国,KALA FAST MOVING COMPANY LIMITED,AST GLOBAL TRADING CO LTD,,,,,,CHINA,UGANDA,,,90221400000,X-RAY MACHINE AND CHEST X - RAY RACK  -2PC,,2.0,Number,273.0,175.0001,,,
2024-06-24,阿塞拜疆,中国,NSMEDIKAL LLC,ICEN TECHNOLOGY COMPANY LTD,"33, A.RECABLI STR.ESRA PLAZA", ,,,,,Azerbaijan (AZ),,,902214,Portable x-ray device,,90.0,KG,90.0,3200.0,,,
2024-06-24,俄罗斯,中国,ООО ИСТ МЕДИКАЛ ГРУПП,BIKANG TIANCHENG SHANGHAI INFORMATION TECHNOLOGY,"124482, г. Москва, г. Зеленоград, проезд Савёлкинский, д. 4 этаж 22 пом. ХХХ ком. 7",,,,LIAONING KAMPO MEDICAL SYSTEM CO LTD,China,,,,9022140000,"АППАРАТУРА, ОСНОВАННАЯ НА ИСПОЛЬЗОВАНИИ РЕНТГЕНОВСКОГО ИЗЛУЧЕНИЯ, ПРЕДНАЗНАЧЕННАЯ ДЛЯ ВЕТЕРИНАРНОГО ИСПОЛЬЗОВАНИЯ: АППАРАТ РЕНТГЕНОВСКИЙ ВЕТЕРИНАРНЫЙ ZOOMED VX-400, ПРЕДНАЗНАЧЕН ДЛЯ ДИАГНОСТИКИ СОСТОЯНИЯ ВНУТРЕННИХ ОРГАНОВ И СИСТЕМ У ЖИВОТНОГО В",,7.0,ШТ,2560.0,117067.32,,,ZOOMED
2024-06-24,乌干达,中国,KALA FAST MOVING COMPANY LIMITED,AST GLOBAL TRADING CO LTD,,,,,,CHINA,UGANDA,,,90221400000,CAPSULA MACHINE  -2PC,,2.0,Number,275.0,100.0,,,
2024-06-24,俄罗斯,中国,ООО ИСТ МЕДИКАЛ ГРУПП,BIKANG TIANCHENG SHANGHAI INFORMATION TECHNOLOGY,"124482, г. Москва, г. Зеленоград, проезд Савёлкинский, д. 4 этаж 22 пом. ХХХ ком. 7",,,,LIAONING KAMPO MEDICAL SYSTEM CO LTD,China,,,,9022140000,"АППАРАТУРА, ОСНОВАННАЯ НА ИСПОЛЬЗОВАНИИ РЕНТГЕНОВСКОГО ИЗЛУЧЕНИЯ, ПРЕДНАЗНАЧЕННАЯ ДЛЯ ВЕТЕРИНАРНОГО ИСПОЛЬЗОВАНИЯ: АППАРАТ РЕНТГЕНОВСКИЙ ВЕТЕРИНАРНЫЙ ZOOMED VX-400 (PREMIUM), ПРЕДНАЗНАЧЕН ДЛЯ ДИАГНОСТИКИ СОСТОЯНИЯ ВНУТРЕННИХ ОРГАНОВ И СИСТЕМ У",,2.0,ШТ,952.0,43465.84,,,ZOOMED
2024-06-24,俄罗斯,中国,ООО ИСТ МЕДИКАЛ ГРУПП,BIKANG TIANCHENG SHANGHAI INFORMATION TECHNOLOGY CO LTD,,,,,"LIAONING KAMPO MEDICAL SYSTEM CO.,LTD",China,,,,9022140000,"АППАРАТУРА, ОСНОВАННАЯ НА ИСПОЛЬЗОВАНИИ РЕНТГЕНОВСКОГО ИЗЛУЧЕНИЯ, ПРЕДНАЗНАЧЕННАЯ ДЛЯ ВЕТЕРИНАРНОГО ИСПОЛЬЗОВАНИЯ: АППАРАТ РЕНТГЕНОВСКИЙ ВЕТЕРИНАРНЫЙ ZOOMED VX-400 (PREMIUM), ПРЕДНАЗНАЧЕН ДЛЯ ДИАГНОСТИКИ СОСТОЯНИЯ ВНУТРЕННИХ ОРГАНОВ И СИСТЕМ У",,2.0,ШТ,952.0,43465.84,,,ZOOMED
2024-06-22,印度,中国,SIEMENS HEALTHCARE PRIVATE LIMITED,SIEMENS HEALTHINEERS AG,"UNIT NO.9, 9TH FLOOR, NORTH WING  GODREJ ONE, PIROJSHAH NAGAR,",,,,,CHINA ,,Shekou,NHAVA SHEVA SEA (INNSA1),90221490,CARDIAC AND VASCULAR ANGIOGRAPHY INCL DSA COMPLETE WITH ACCESSORIES ( AS PER INV ) ARTIS ONE,,1.0,SET ,0.0,268625.34,NZWZ0MO3XFWNI,,
2024-06-22,印度,中国,MITTAL INSTITUTE OF MEDICAL SCIENCE,SIEMENS HEALTHINEERS INTERNATIONAL AG,,,,,,CHINA ,,BRUSSELS,SAHAR AIR CARGO ACC (INBOM4),90221490,PARTIAL SHIPMENT FROM EUROPE CONSISTING OF LINEAR ACCELERATOR HALCYON INCL. STANDARD ACCESSORIES FOR MEDICAL APPLICATION,,1.0,SET ,0.0,822256.6,AX7OEY697I6Q7,,
2024-06-22,乌兹别克斯坦,中国,SANITARY&EPIDEMIOLOGICAL WELFARE&PUBLIC HEALTH COMMITTEE,ON BEHALF OF UNOPS,"51, PARKENT", ,,,,,Uzbekistan (UZ),,,902214,DIGITAL X-RAY DEVICE,,6234.0,KG,6234.0,373760.01,,,
2024-06-22,印度,中国,AADINATH MEDICITY LLP,SIEMENS HEALTHINEERS INTERNATIONAL AG,,,,,,CHINA ,,Zhengzhou,DELHI AIR CARGO ACC (INDEL4),90221490,LINEAR ACCELERATOR HALCYON BOLD INCL. STANDARD ACCESSORIES FOR MEDICAL APPLICATION-CUSTOM BUILT AS PER S/N 2274,,1.0,SET ,0.0,749501.18,CABXWFH3HMJRH,,
2024-06-22,印度,中国,PHILIPS INDIA LIMITED,PHILIPS ELECTRONICS SINGAPORE PTE LTD,"3RD FLOOR TOWER A DLF PARK 08,MAJO  R ARTERIAL RD NEW TOWN RAJARHAT",,,,,CHINA ,,Singapore,SAHAR AIR CARGO ACC (INBOM4),90221490,451220203221 ACQUISITION BOARD (PARTS FOR DXR MACHINE),,1.0,NOS ,0.0,918.94,LLKY4LRFV3N1T,,
2024-06-21,墨西哥,中国,GE SISTEMAS MEDICOS DE MEXICO SA DE CV,GE HUALUN MEDICAL SYSTEMS CO LTD,"ANTONIO DOVALI JAIME 70 TORRE B PISO 4 AVENIDA JAVIER BARROS SIERRA Y AVENIDA SANTA FE

Ciudad de Mexico
01210","YONG CHANG NORTH ROAD
BEIJINGCHINA

100176",,,,CHINA,,,NUEVO LAREDO NUEVO LAREDO TAMAULIPAS.,9022149101,SISTEMA RADIOGRAFICO XR6000,,1.0,PIECE,881.0,18342.29,,,
2024-06-21,印度,中国,PHILIPS INDIA LIMITED,PHILIPS ELECTRONICS SINGAPORE PTE LTD,"3RD FLOOR TOWER A DLF PARK 08,MAJO  R ARTERIAL RD NEW TOWN RAJARHAT",,,,,CHINA ,,Singapore,KOLKATA ACC (INCCU4),90221490,459800202852 KIT JOYSTICKS GEO_IMAG_ELASTOMER (PARTS USE INIXR-MEDICAL EQUIPMENT),,1.0,NOS ,0.0,335.74,1Q2RLIBSQSYHT,,
2024-06-20,印度,中国,BALAJI INFO LUBE,SIEMENS HEALTHINEERS INTERNATIONAL AG,,,,,,CHINA ,,Shanghai,DELHI AIR CARGO ACC (INDEL4),90221490,LINEAR ACCELERATOR HALCYON INCL. STANDARD ACCESSORIES FOR MEDICAL APPLICATION,,1.0,NOS ,0.0,1300000.0,P11KIC2F2SZMH,,
2024-06-20,墨西哥,中国,GE SISTEMAS MEDICOS DE MEXICO SA DE CV,GE HUALUN MEDICAL SYSTEMS CO LTD,"ANTONIO DOVALI JAIME 70 TORRE B PISO 4 AVENIDA JAVIER BARROS SIERRA Y AVENIDA SANTA FE

Ciudad de Mexico
01210","YONG CHANG NORTH ROAD
BEIJINGCHINA

100176",,,,CHINA,,,NUEVO LAREDO NUEVO LAREDO TAMAULIPAS.,9022149101,SISTEMA RADIOGRAFICO XR6000,,1.0,PIECE,881.0,18352.39,,,
2024-06-20,墨西哥,中国,GE SISTEMAS MEDICOS DE MEXICO SA DE CV,GE HUALUN MEDICAL SYSTEMS CO LTD,"ANTONIO DOVALI JAIME 70 TORRE B PISO 4 AVENIDA JAVIER BARROS SIERRA Y AVENIDA SANTA FE

Ciudad de Mexico
01210","YONG CHANG NORTH ROAD
BEIJINGCHINA

100176",,,,CHINA,,,NUEVO LAREDO NUEVO LAREDO TAMAULIPAS.,9022149101,SISTEMA RADIOGRAFICO XR6000,,1.0,PIECE,881.0,18352.39,,,
2024-06-20,墨西哥,中国,GE SISTEMAS MEDICOS DE MEXICO SA DE CV,GE HUALUN MEDICAL SYSTEMS CO LTD,"ANTONIO DOVALI JAIME 70 TORRE B PISO 4 AVENIDA JAVIER BARROS SIERRA Y AVENIDA SANTA FE

Ciudad de Mexico
01210","YONG CHANG NORTH ROAD
BEIJINGCHINA

100176",,,,CHINA,,,NUEVO LAREDO NUEVO LAREDO TAMAULIPAS.,9022149101,SISTEMA RADIOGRAFICO XR6000,,1.0,PIECE,881.0,18791.11,,,
2024-06-20,墨西哥,中国,GE SISTEMAS MEDICOS DE MEXICO SA DE CV,GE HUALUN MEDICAL SYSTEMS CO LTD,"ANTONIO DOVALI JAIME 70 TORRE B PISO 4 AVENIDA JAVIER BARROS SIERRA Y AVENIDA SANTA FE

Ciudad de Mexico
01210","YONG CHANG NORTH ROAD
BEIJINGCHINA

100176",,,,CHINA,,,NUEVO LAREDO NUEVO LAREDO TAMAULIPAS.,9022149101,SISTEMA RADIOGRAFICO XR6000,,1.0,PIECE,881.0,18352.39,,,
2024-06-20,印度,中国,SIEMENS HEALTHCARE PRIVATE LIMITED,SIEMENS HEALTHINEERS AG,"UNIT NO.9, 9TH FLOOR, NORTH WING  GODREJ ONE, PIROJSHAH NAGAR,",,,,,CHINA ,,Hong Kong,DELHI AIR CARGO ACC (INDEL4),90221490,ARTIS ONE (CARDIAC AND VASCUALAR ANGIOGRAPHY SYSTEM INCL DSA),,1.0,SET ,0.0,267010.65,T4JLC8DH2TF0L,,
2024-06-19,印度,中国,TRIVITRON HEALTHCARE PRIVATE LIMITED,SUZHOU POWERSITE ELECTRIC CO LTD,"NO.15,4TH STREET,  ABHIRAMAPURAM, Contact No: 91875458",,,,,CHINA ,,SHANGHAI - PU DONG,SAHAR AIR CARGO ACC (INBOM4),90221410,PSG-HR80L (THREE PHASE) MEDICAL X-RAY HIGH FREQUENCY HIGH VOLTAGE GENERATOR ASSEMBLY ( OTHER DETAILS AS PER INVOICE ),,3.0,PCS ,0.0,8250.0,5IMFYL3HB0W49,,
2024-06-19,印度,中国,WIDE MOBILITY MECHATRONICS PRIVATE LIMITED,VJ XRAY LLC,"C/O FOUNDATION FOR SANDBOX STARTUPS  GOKUL ROAD, OPP GOKUL VILLAGE",,,,,CHINA ,,Shanghai,BANGALORE ACC (INBLR4),90221490,CBB01-523E34 - CONTROL BOX,,1.0,NOS ,0.0,875.0,MT22B1RRFUNSM,,
2024-06-19,哈萨克斯坦,中国,ТОО MEDIVIDE,SHENZHEN LANMAGE MEDICAL TECHNOLOGY CO LTD, , ,,,"SHENZHEN LANMAGE MEDICAL TECHNOLOGY CO., LTD",China,Kazakhstan,,,9022140000,"1. ЦИФРОВАЯ РЕНТГЕНОГРАФИЧЕСКАЯ СИСТЕМА 6600, :",,1.0,ШТ,820.0,24500.0,,,ОТСУТСТВУЕТ
2024-06-19,印度,中国,WIDE MOBILITY MECHATRONICS PRIVATE LIMITED,VJ XRAY LLC,"C/O FOUNDATION FOR SANDBOX STARTUPS  GOKUL ROAD, OPP GOKUL VILLAGE",,,,,CHINA ,,Shanghai,BANGALORE ACC (INBLR4),90221490,CBA01-023E33 - CONTROL BOX,,1.0,NOS ,0.0,875.0,MT22B1RRFUNSM,,
2024-06-19,乌兹别克斯坦,中国,OOO INTERMED INNOVATION TRADE,M R J MEDICAL EQUIPMENT TRADING L L C," CHINOBOD STREET,10A", ,,,,,Uzbekistan (UZ),,,902214,System radiographic medical digital Angell-DR-B1-L with accessories,,3135.0,KG,3135.0,111000.0,,,
2024-06-19,秘鲁,中国,EQUIPOS MEDICOS Y FARMACOS S A C,SHENZHEN ANGELL TECHNOLOGY CO LTD,,,,,,CHINA,,Shekou,,9022140000,"DIGITAL MEDICAL X-RAY RADIOGRAPHIC SYSTEM WITH ELEVATING TABLE; SERIES NO. MTP5024040020 BRAND: ANGELL MTP50-A- FLOOR MOUNTED X-RAY RADIOFRAPHIC MODEL: MTP50-A,,,,",,1.0,U,920.0,20600.0,,,
2024-06-19,印度,中国,WIDE MOBILITY MECHATRONICS PRIVATE LIMITED,VJ XRAY LLC,"C/O FOUNDATION FOR SANDBOX STARTUPS  GOKUL ROAD, OPP GOKUL VILLAGE",,,,,CHINA ,,Shanghai,BANGALORE ACC (INBLR4),90221490,IXS100BP320P523 - 160KV 400W X-RAY GENERATOR,,3.0,NOS ,0.0,20553.0,MT22B1RRFUNSM,,
2024-06-18,哈萨克斯坦,中国,LIFE MEDICAL SOLUTIONS LLP,SUPPLY SERVICE CO LTD,"ALMALY DISTRICT, SEIFULLIN AVENUE, BUILDING 404 | 67","1512, LUCKY CENTER, 165-171 WAN CHAI R-D, WAN CHAI",,,,,Kazakhstan (KZ),,,902214,"Mobile C-arm X-ray System, CompaX 500C | the Mobile x-ray CompaX system with the S-arch in options executions: CompaX 500C complete with accessories",,694.0,KG,694.0,54274.0,,,
2024-06-18,印度,中国,SIEMENS HEALTHCARE PRIVATE LIMITED,SIEMENS HEALTHINEERS AG,"UNIT NO.9, 9TH FLOOR, NORTH WING  GODREJ ONE, PIROJSHAH NAGAR,",,,,,CHINA ,,Hong Kong,DELHI AIR CARGO ACC (INDEL4),90221490,ARTIS ONE (CARDIAC AND VASCUALAR ANGIOGRAPHY SYSTEM INCL DSA),,1.0,SET ,0.0,302891.12,K81KG2EZBYWHN,,
2024-06-17,墨西哥,中国,GE SISTEMAS MEDICOS DE MEXICO SA DE CV,GE HUALUN MEDICAL SYSTEMS CO LTD,"ANTONIO DOVALI JAIME 70 TORRE B PISO 4 AVENIDA JAVIER BARROS SIERRA Y AVENIDA SANTA FE

Ciudad de Mexico
01210","YONG CHANG NORTH ROAD
BEIJINGCHINA

100176",,,,CHINA,,,NUEVO LAREDO NUEVO LAREDO TAMAULIPAS.,9022149101,SISTEMA RADIOGRAFICO XR6000,,1.0,PIECE,881.0,18228.87,,,
2024-06-17,美国,中国,HONGYU BIOTECH SHENZHEN CO LTD,, C/O ONT 824300 NANDINA AVE ,N/A,N/A,N/A,,"CN, CHINA",,NINGBO,LOS ANGELES,902214,"SILVER ALGINATE DRESSING,10 COUNT,2 X 2 IN SILVER ALGINATE DRESSING,5 COUNT,4 X 4 IN HYDROCOLLOID DRESSING,10 COUNT,4 X 4 IN NON-WOVEN SURGICAL TAPE,2.5CM X 9.14M,12ROLLSNON-WOVEN SURGICAL TAPE,5CM X 9.14M,6ROLLS TRANSPARENT SURGICAL TAPE,2.5CM X 9.14M,12ROLLS TRANSPARENT SURGICAL TAPE,5CM X 9.14M,6ROLLS WASHABLE UNDERPAD XL,1 PACK WASHABLE UNDERPAD M,4 PACK CALCIUM ALGINATE DRESSING,10 COUNT,4 X4 IN SILICONE BORDERED FOAM DRESSING,10 COUNT,4X 4 IN WASHABLE UNDERPAD L,2 PACK WASHABLE UNDERPAD XXL,1 PACK",NO MARKS,1099.0,CTN,13518.0,0.0,AMZDCN247BLOJH57,FFAU4258819,
2024-06-17,印度,中国,PHILIPS INDIA LIMITED,SPELLMAN HIGH VOLTAGE ELECTRONICS SUZHOU INDUSTRI,"3RD FLOOR TOWER A DLF PARK 08,MAJO  R ARTERIAL RD NEW TOWN RAJARHAT",,,,,CHINA ,,SHANGHAI - PU DONG,SAHAR AIR CARGO ACC (INBOM4),90221410,"(IGCRD SRNO: 161) 459801732292,HF GENERATOR MMB409085-001 (FOR C-ARM IMAGE INTENSIFIER SYSTEM)",,3.0,NOS ,0.0,6219.0,5TL6QUXO79FSP,,
2024-06-17,印度,中国,PHILIPS INDIA LIMITED,SPELLMAN HIGH VOLTAGE ELECTRONICS SUZHOU INDUSTRI,"3RD FLOOR TOWER A DLF PARK 08,MAJO  R ARTERIAL RD NEW TOWN RAJARHAT",,,,,CHINA ,,SHANGHAI - PU DONG,SAHAR AIR CARGO ACC (INBOM4),90221410,"(IGCRD SR NO 161) 459801732292,HF GENERATOR MMB 409085-001 (FOR C-ARM IMAGE INTENSIFIER SYSTEM)",,8.0,NOS ,0.0,16584.0,AMVS9MGWH99J6,,
2024-06-17,阿富汗,中国,BILAL NOUMAN MUBASHIR LTD,HUOERGUOSI RONGDA TRADING CO LTD,"NENGAR-HAR CENTER, SHOPPING CENTER ETIKHAT TOWER","YILI,XINJIANG",,,,,Afghanistan (AF),,,902214,medical device,,21.0,KG,21.0,8.0,,,
2024-06-17,乌干达,中国,CITY AMBULANCE LIMITED,SHENZHEN BROWINER TECH CO LTD,,,,,,CHINA,UGANDA,,,90221400000,MOBILE DIGITAL RADIOGRAPHY SYSTEM,,3.0,Number,2282.0001,15507.0846,,,
2024-06-17,美国,中国,HONGYU BIOTECH SHENZHEN CO LTD,HONGYU BIOTECH SHENZHEN CO LTD, C/O ONT 824300 NANDINA AVE , ROOM201 BUILDING A NO 1 QIANWAN 1 ST ROAD SZ-HK COOPERATION ZONE QIA ,GOLDEN STATE FC LLC,24300 NANDINA AVE ,,"CN, CHINA",,NINGBO,LOS ANGELES,902214,"SILVER ALGINATE DRESSING,10 COUNT,2 X 2 IN SILVER ALGINATE DRESSING,5 COUNT,4 X 4 IN HYDROCOLLOID DRESSING,10 COUNT,4 X 4 IN NON-WOVEN SURGICAL TAPE,2.5CM X 9.14M,12ROLLSNON-WOVEN SURGICAL TAPE,5CM X 9.14M,6ROLLS TRANSPARENT SURGICAL TAPE,2.5CM X 9.14M,12ROLLS TRANSPARENT SURGICAL TAPE,5CM X 9.14M,6ROLLS WASHABLE UNDERPAD XL,1 PACK WASHABLE UNDERPAD M,4 PACK CALCIUM ALGINATE DRESSING,10 COUNT,4 X4 IN SILICONE BORDERED FOAM DRESSING,10 COUNT,4X 4 IN WASHABLE UNDERPAD L,2 PACK WASHABLE UNDERPAD XXL,1 PACK",NO MARKS,1099.0,CTN,13518.0,0.0,AMZDCN247BLOJH57,FFAU4258819,
2024-06-17,波兰,中国,DB CARGO EURASIA GMBH P P GE MEDICAL SYSTEMS INFORMATION TECHNOLOGIES GMBH,BEIJING GE MEDICAL SYSTEMS CHINA CO LTD,ST. OF VIYEYSK 2 | 11,"No. 19, CHANGJIANG ROAD WUXI NATIONAL HI-TECH DEVELOPMENT ZONE",,,,,Poland (PL),,,902214,Mobile x-ray device of the S-arch,,1837.0,KG,1837.0,109155.39,,,
2024-06-17,墨西哥,中国,GE SISTEMAS MEDICOS DE MEXICO SA DE CV,GE HUALUN MEDICAL SYSTEMS CO LTD,"ANTONIO DOVALI JAIME 70 TORRE B PISO 4 AVENIDA JAVIER BARROS SIERRA Y AVENIDA SANTA FE

Ciudad de Mexico
01210","YONG CHANG NORTH ROAD
BEIJINGCHINA

100176",,,,CHINA,,,NUEVO LAREDO NUEVO LAREDO TAMAULIPAS.,9022149101,SISTEMA RADIOGRAFICO XR6000,,1.0,PIECE,881.0,18228.87,,,
2024-06-16,菲律宾,中国,SIEMENS HEALTHCARE INC,SIEMENS SHANGHAI MEDICAL EQUIPMENT,"10/F M1 TOWER 141 H.V. DELA COSTA ST. SALCEDO VILLAGE BRGY. BEL-AIR, MAKATI CITY",,,,,CHINA,,,,90221400000,1 PCE: 14455058 CIOS SELECT VA21 FD SYSTEM,,1.0,,395.0,61638.1,SHAG44103,,
2024-06-15,墨西哥,中国,GE SISTEMAS MEDICOS DE MEXICO SA DE CV,GE HUALUN MEDICAL SYSTEMS CO LTD,"ANTONIO DOVALI JAIME 70 TORRE B PISO 4 AVENIDA JAVIER BARROS SIERRA Y AVENIDA SANTA FE

Ciudad de Mexico
01210","YONG CHANG NORTH ROAD
BEIJINGCHINA

100176",,,,CHINA,,,NUEVO LAREDO NUEVO LAREDO TAMAULIPAS.,9022149101,SISTEMA RADIOGRAFICO XR6000,,1.0,PIECE,881.0,18906.65,,,
2024-06-14,乌干达,中国,CITY AMBULANCE LIMITED,SHENZHEN BROWINER TECH CO LTD,,,,,,CHINA,UGANDA,,,90221400000,MOBILE DIGITAL RADIOGRAPHY SYSTEM,,3.0,Number,2282.0,15507.0846,,,
2024-06-14,印度,中国,WIPRO GE HEALTHCARE PRIVATE LIMITED,GE HUALUN MEDICAL SYSTEMS CO LTD,"NO4, KADUGODI INDUSTRIAL AREA,  ",,,,,CHINA ,,Beijing,BANGALORE ACC (INBLR4),90221410,S30432AG - SENOGRAPHE CRYSTAL NOVA EVA1.8 CORE SYSTEM (MEANTFOR R&D PURPOSE),,1.0,PCS ,0.0,51860.23,W6K2DKF5SVQEA,,
2024-06-14,土耳其,中国,ATS GRUP ANKA TEKNOLOJİ SİSTEMLERİ TIBBİ CİHAZLAR MAKİNA ELEKTRONİK İLETİŞİM İTHALAT İHRACAT SANAYİ TİCARET LİMİTED ŞİRKETİ,SHENZHEN LANMAGE MEDICAL TECHNOLOGY CO LTD,,,,,,ÇİN HALK CUMHURİYETİ,,,DERİNCE GÜMRÜK MÜDÜRLÜĞÜ,902214000000,TA�E2�INAB4BİLİR 21RÖNTGEN 8ACİHAZI(LAN2 MAGE 6600 DİJİTAL X-IŞINI RADYOGRAFİ SİSTEMİ - AKSAM PARÇA TEFFERUATI +İLE BİRLİKTE/DEMONTE VAZİYETTE),,10.0,ADET(UNIT),11695.0,510231.98,24410300IM00065239,,
2024-06-14,乌兹别克斯坦,中国,OOO EQUIMED,JIANGSU SOHO TECHNOLOGY TRADING CO LTD,,,,,,,,,,9022140000,"1. High Frequency Mobile Digital C-arm System DG3310C with accesories /  Высокочастотная мобильная цифровая система (Рентген мобильный с плоской С дугой модель DG3310C) c-arm DG3310C с принадлежностями Кол-во; 1 шт. Новый 2023 г, Производитель; Nanjing HuaDong electronics Medical Equipment Co., Ltd. (Китай) - кол. 1 шт, вес: 354 кг
2. мест 2, 2 картон.короб.
3. CRXU9054140/часть - Возвратный
8. 000
9. 024
10. 2023/Новый
11. 02
Общее кол. мест: 2 G31MARKA марка DG3310C YEAR10 год производ 2023 PARAM10 Характеристика товара Новый",,1.0,Piece,354.0,47379.0,,,
2024-06-14,尼日利亚,中国,KENMEDIKS GLOBAL ENTERPRISES,NANJING GREENLIFE MEDICAL EQUIPMENT CO LTD,,,,,,China,,,APAPA PORT,9022140000,"Apparatus based on the use of X-rays or of alpha, betaused for medical, surgical .",,0.0,,2227.0,3848.11,,,
2024-06-14,菲律宾,中国,DSC INC,GUANGDONG SUNLIGHT MEDICAL EQUIPMENT CO LTD,"S102 AND S453 COMFOODS BLDG. SEN. GIL PUYAT AVENUE, MAKATI CITY",,,,,CHINA,,,,90221400000,PERIAPICAL X-RAY MACHINE,,3.0,PIECE,300.0,6263.6,NSAMNNG155288,,
2024-06-14,土耳其,中国,ATS GRUP ANKA TEKNOLOJİ SİSTEMLERİ TIBBİ CİHAZLAR MAKİNA ELEKTRONİK İLETİŞİM İTHALAT İHRACAT SANAYİ TİCARET LİMİTED ŞİRKETİ,SHENZHEN LANMAGE MEDICAL TECHNOLOGY CO LTD,,,,,,ÇİN HALK CUMHURİYETİ,,,DERİNCE GÜMRÜK MÜDÜRLÜĞÜ,902214000000,TA�E2�INAB4BİLİR 21RÖNTGEN 8ACİHAZI(LAN2 MAGE 6600B DİJİTAL X-IŞINI RADYOGRAFİ SİSTEMİ - AKSAM PARÇA TEFFERUATI+ İLE BİRLİKTE/DEMONTE VAZİYETTE),,1.0,ADET(UNIT),1170.0,41018.26,24410300IM00065239,,
2024-06-14,尼日利亚,中国,KENMEDIKS GLOBAL ENTERPRISES,NANJING GREENLIFE MEDICAL EQUIPMENT CO LTD,,,,,,China,,,APAPA PORT,9022140000,"Apparatus based on the use of X-rays or of alpha, betaused for medical, surgical .",,0.0,,2227.0,2565.74,,,
2024-06-13,喀麦隆,中国,CARNEGIE GLOBAL SCES CAGLOSER SUARL,HEALICOM MEDICAL EQUIPMENT,,,,,,Chine,Cameroun,,,902214000000,APPAREILS A RAYON,,2.0,KGM,300.0,3295.1979,,,
2024-06-13,墨西哥,中国,INVYRTE SA DE CV,IRAY TECHNOLOGY COMPANY LIMITED,"DEL ROSAL 108 AV. AZTECAS Y EJE 10 SUR
Cuajimalpa de Morelos
Ciudad de Mexico
04330","RUIQING RD RM 202
PUDONG SHANGHAI

201201",,,,CHINA,,,AEROPUERTO INTERNACIONAL FELIPE ANGELES SANTA LUCIA ZUMPANGO ESTADO DE MEXICO,9022149199,EQUIPO DE RAYOS X DE USO VETERINARIO CON ACCESORIOS,,5.0,PIECE,173.0,22298.72,,,
2024-06-12,印度,中国,PHILIPS INDIA LIMITED,PHILIPS ELECTRONICS SINGAPORE PTE LTD,"3RD FLOOR TOWER A DLF PARK 08,MAJO  R ARTERIAL RD NEW TOWN RAJARHAT",,,,,CHINA ,,Singapore,SAHAR AIR CARGO ACC (INBOM4),90221490,459801258192 FLOAT MAGNET BRAKE ASSEMBLY PACK (PARTS FOR IXRMACHINE),,2.0,NOS ,0.0,349.84,23X6PQXFXCFDD,,
2024-06-12,越南,中国,CÔNG TY TNHH THIẾT BỊ Y TẾ TẤT THÀNH,TRIUP INTERNATIONAL CORP,"No. 82A Yen Binh Street, Phuc La Ward, Ha Dong District, Hanoi City, Vietnam",,,,,China,,SHANGHAI,CANG TAN VU - HP,90221400,"Máy chụp X-Quang Model: TR300A dùng trong y tế, nhà sản xuất Triup International Corp, mới 100%,X-ray machine Model: TR300A for medical use, manufacturer Triup International Corp, 100% new",,5.0,Set,0.0,29000.0,070624SHS24050170,,
2024-06-12,阿塞拜疆,中国,IMAGO CO LLC,SHENZHEN LANMAGE MEDICAL TECHNOLOGY CO LTD,AZADLIQ AVE 183R,"LANGXIN COMMUNITY, SHIYANSTREET, BAO'AN DISTRICT, SHENZHEN, GUANGDONGPROVINCE",,,,,Azerbaijan (AZ),,,902214,Digital fluoroscopic system,,1345.0,KG,1345.0,31000.0,,,
2024-06-12,越南,中国,CÔNG TY TNHH DỊCH VỤ VÀ THIẾT BỊ Y TẾ SGMED,HEFEI DREAM PLUS CO LTD,261/27B Chu Van An - Ward 12 - Binh Thanh District - Ho Chi Minh City.,,,,,China,,SHANGHAI,CANG CAT LAI (HCM),90221400,"Máy X quang dùng cho thú y kèm phụ kiện tiêu chuẩn. Model: SGVET02-DR-S1717KC. SN: D23010013. HSX: HEFEI DREAM PLUS CO.,LTD. Mới 100%,X-ray machine for veterinary use with standard accessories. Model: SGVET02-DR-S1717KC. SN: D23010013. HSX: HEFEI DREAM PLUS CO.,LTD. 100% New",,1.0,Set,0.0,11194.0,020624AMIGL240246476A,,
2024-06-12,印度,中国,SIEMENS HEALTHCARE PRIVATE LIMITED,SIEMENS HEALTHINEERS AG,"UNIT NO.9, 9TH FLOOR, NORTH WING  GODREJ ONE, PIROJSHAH NAGAR,",,,,,CHINA ,,Shanghai,NHAVA SHEVA SEA (INNSA1),90221490,( IMAGE INTENSIFIER CIOS SYSTEM COMPLETE WITH ACCESSORIES (AS PER INV ) CIOS SELECT VA21,,1.0,SET ,0.0,48246.12,HMOAQ6QFBXH6T,,
2024-06-11,土耳其,中国,HASVET MEDİKAL YAZILIM SAĞLIK HİZMETLERİ SANAYİ VE TİCARET ANONİM ŞİRKETİ,NANNING V V DENTAL CO LTD,,,,,,ÇİN HALK CUMHURİYETİ,,,İSTANBUL HAVALİMANI GÜMRÜK MÜDÜRLÜĞÜ,902214000000,VETERİNERLİK AMAÇLI X-RAY CİHAZI (24 SET/),,24.0,ADET(UNIT),552.0,48158.31,24341453IM00339579,,
2024-06-11,乌拉圭,中国,SIEMENS S A,,,,,,,CHINA,,,,9022141910,"EQUIPO RADIOLOGICO <<ARCO EN C>> (PARA USO HUMANO). LOS DEMAS. DE DIAGNOSTICO. LOS DEMAS, PARA USO MEDICO, QUIRURGICO O VETERINARIO. APARATOS DE RAYOS X Y APARATOS QUE UTILICEN RADIACIONES ALFA, BETA GAMMA O DEMAS RADIACIONES IONIZANTES, INCLUSO PA",,1.0,UNIDAD (C/U),395.0,43767.5,,,
2024-06-11,喀麦隆,中国,TAYE SARL,SIL CARGO,,,,,,Chine,Cameroun,,,902214000000,X-RAY MACHINE,,27.0,KGM,2000.0,8788.7108,,,
2024-06-11,哈萨克斯坦,中国,MEDIVIDE LTD LIABILITY PARTNERSHIP,SHENZHEN LANMAGE MEDICAL TECHNOLOGY CO LTD,"st. of Navoiy, 68, sq. (office) 85","1ST FLOOR, BUILDING B, JINGCHENGDA INDUSTRIAL PARK, No. 4, KEJIROAD, LANGXIN COMMUNITY, SHIYAN STREET, BAO'AN DISTRICT",,,,,Kazakhstan (KZ),,,902214,Digital X-ray system 6600 Digital x-ray system,,951.0,KG,951.0,24500.0,,,
2024-06-10,印度,中国,AROGYAM CANCER AND SUPERSPECIALITY HOSPI TAL LLP,SIEMENS HEALTHINEERS INTERNATIONAL AG,,,,,,CHINA ,,Zhengzhou,SAHAR AIR CARGO ACC (INBOM4),90221490,(PARTIAL SHIPMENT FROM CN) LINEAR ACCELERATOR HALCYON INCL.COMPONENT PARTS AND STANDARD ACCESSORIES FOR MEDICAL APPLICA,,1.0,NOS ,0.0,913974.85,0JLHTYY67570B,,
2024-06-10,南苏丹,中国,UN YOUTH SOUTH SUDAN,SEDAN CO LIMITED,,,,,,CHINA,SOUTH SUDAN,,,90221400,MEDICAL EQUIPMENT,,0.5868,NMB,120.637,417052.0,,,
2024-06-10,乌干达,中国,FAST MEJA INTERNATIONAL CARGO LIMITED,YEPENG INTERNATIONAL LIMITED,,,,,,CHINA,UGANDA,,,90221400000,XRAY LIQUID CHEMICALS (DEVELOPER AND FIXER),,40.0,Number,330.0,59.9999,,,
2024-06-08,秘鲁,中国,VIGEAN INTERNATIONAL SERVICE S A C,,,,,,,CHINA,,Hong Kong,,9022140000,"MAQUINA DE RAYOS X USO VETERINARIO,MSL,MSLPX15, VETERINARY PORTABLE X RAY MACHINE MANUFACTURING DATE: MAR. 2024, CONDITION: NEW MAQUINA DE RAYOS X USO VETERINARIO PORTATIL AUT. NRO. 0291-24-IPEN/OTAN DEL 17/04/2024 AL 16/07/2024,,,,",,1.0,U,1.0,971.541,,,
2024-06-08,印度,中国,PHILIPS INDIA LIMITED,PHILIPS ELECTRONICS SINGAPORE PTE LTD,"3RD FLOOR TOWER A DLF PARK 08,MAJO  R ARTERIAL RD NEW TOWN RAJARHAT",,,,,CHINA ,,Singapore,SAHAR AIR CARGO ACC (INBOM4),90221490,459800151734 IMAGING MODULE KIT WP (PARTS FOR IXR MACHINE),,1.0,NOS ,0.0,938.87,DTH2E6Z5TQ672,,
2024-06-08,印度,中国,WIPRO GE HEALTHCARE PRIVATE LIMITED,GE HEALTHCARE GLOBAL PARTS COMPANY INC,"NO4, KADUGODI INDUSTRIAL AREA,  ",,,,,CHINA ,,Singapore,BANGALORE ACC (INBLR4),90221410,5495657-2 FRU DJINN TONIX GENERATOR (FOR COMPUTED TOMOGRAPHYSCANNER),,1.0,NOS ,0.0,5383.38,9XFZSJFF0288W,,
2024-06-08,印度,中国,BHARAT ELECTRONICS LIMITED,VJ X RAY LLC,"OUTER RING ROAD,NAGAVARA  Contact No: 919448119535",,,,,CHINA ,,Shanghai,NHAVA SHEVA SEA (INNSA1),90221490,"160KV, 200W, X-RAY GENERATOR (MODEL NO. IXS160BP200P019)",,10.0,NOS ,0.0,21300.0,40KOC6UN2MC4F,,
2024-06-08,秘鲁,中国,IMPORTACIONES TECNOVET S A C,,,,,,,CHINA,,SHENZHEN,,9022140000,"ELECTROTOMO VETERINARIO DE ALTA FRE,S/M,WHT-16, VETERINARY HIGH-FREQUENCY ELECTROTOME SOLO DE USO VETERINARIO ELECTROTOMO VETERINARIO DE ALTA FRECUENCIA SOLO DE USO VETERINARIO,,,,",,1.0,U,16.18,1007.879,,,
2024-06-07,乌干达,中国,KAATIS U LIMITED,GUANGZHOU YANLANG INTERNATIONALIMPORT AND EXPORTTRADE CO LTD,,,,,,CHINA,UGANDA,,,90221400000,ANALOG X-RAY MACHINE MODEL- TR300A,,1.0,Number,676.0,4350.0,,,
2024-06-07,坦桑尼亚,中国,HYPERMED HEALTHCARE LIMITED,XUZHOU FORWARD MEDICAL INSTRUMENT CO LIMITED,,,,,,China,United Republic of Tanzania,,,902214000000,DIGITAL X RAY MACHINE (C-ARM,,1.0,NMB,545.0,41067.1471,SHHP40211500,,
2024-06-07,波兰,中国,DB CARGO EURASIA GMBH P P GE MEDICAL SYSTEMS SCS,GE HUALUN MEDICAL SYSTEMS CO LTD,ST. OF VIYEYSK 2 | 11,No. 1 NORTH YONG CHANG STREET BEIJING ECONOMIC & TECHNOLOGICAL DEVELOPMENT AREA,,,,,Poland (PL),,,902214,Mobile x-ray device of the S-arch,,1503.0,KG,1503.0,152930.1486,,,
2024-06-07,坦桑尼亚,中国,HYPERMED HEALTHCARE LIMITED,XUZHOU FORWARD MEDICAL INSTRUMENT CO LIMITED,,,,,,China,United Republic of Tanzania,,,902214000000,DIGITAL X RAY MACHINE (C-ARM,,1.0,NMB,545.0,41067.1471,SHHP40211500,,
2024-06-07,墨西哥,中国,GE SISTEMAS MEDICOS DE MEXICO SA DE CV,GE HUALUN MEDICAL SYSTEMS CO LTD,"ANTONIO DOVALI JAIME 70 TORRE B PISO 4 AVENIDA JAVIER BARROS SIERRA Y AVENIDA SANTA FE

Ciudad de Mexico
01210","YONG CHANG NORTH ROAD
BEIJINGCHINA

100176",,,,CHINA,,,NUEVO LAREDO NUEVO LAREDO TAMAULIPAS.,9022149199,OEC ONE SISTEMA DE RAYOS X CON BRAZO EN C MOVIL,,1.0,PIECE,502.0,23076.62,,,
2024-06-06,印度,中国,GLOBAL HEALTH LIMITED,SIEMENS HEALTHCARE AG,"E - 18, DEFENCE COLONY,  ",,,,,CHINA ,,Shanghai,DELHI AIR CARGO ACC (INDEL4),90221490,MULTIX IMPACT WITH ACCESS (RADIOGRAPHY SYSTEM WITH ACCESS),,1.0,SET ,0.0,149300.0,UB3Q7G0TSUMZ8,,
2024-06-06,墨西哥,中国,GE SISTEMAS MEDICOS DE MEXICO SA DE CV,GE HUALUN MEDICAL SYSTEMS CO LTD,"ANTONIO DOVALI JAIME 70 TORRE B PISO 4 AVENIDA JAVIER BARROS SIERRA Y AVENIDA SANTA FE

Ciudad de Mexico
01210","YONG CHANG NORTH ROAD
BEIJINGCHINA

100176",,,,CHINA,,,NUEVO LAREDO NUEVO LAREDO TAMAULIPAS.,9022149101,SISTEMA RADIOGRAFICO XR6000,,1.0,PIECE,881.0,19393.08,,,
2024-06-06,乌兹别克斯坦,中国,ЧП DILDORA FARM KLINIKASI,SHENZHEN BROWINER TECH CO LTD,,,,,,,,,,9022140000,"1. Новое тех-кое оборуд.мед.назнач, Мобильная  рентгеновская система  С-дугой МОДЕЛЬ: CompaX 500C (Mobile C-arm X-ray System)  с принадлежностями. новая 2024 гв, в разобрраном виде, Производитель: Shenzhen Browiner Tech Co., Ltd/Китай-Вес 553 кг.  Кол. 1 шт 
2. Всего мест-3. 3 дерев. ящик
8. Код инвестиционных проектов:000
9. Код основных сфер 001
10. 2024 г. / Новое тех-кое оборуд.мед.назнач, Мобильная  рентгеновская система  С-дугой МОДЕЛЬ: CompaX 500C (Mobile C-arm X-ray System)  с принад G31MARKA марка Browiner YEAR10 год производ 2024 PARAM10 Характеристика товара Новое тех-кое оборуд.мед.назнач, Мобильная  рентгеновская система  С-дугой МОДЕЛЬ: CompaX 500C (Mobile C-arm X-ray System)  с принадлежностями. новая 2024 гв, в разобрраном виде, Производитель: Shenzhen Browiner Tech Co., Ltd/Китай",,1.0,Piece,553.0,21000.0,,,
2024-06-06,厄瓜多尔,中国,SIEMENS HEALTHCARE CIA LTDA,SIEMENS SHANGHAI MEDICAL EQUIPMENT LTD,,,,,,CHINA,,CNSHA-,,9022140000,EQUIPO DE RAYOS X TELECOMANDADO,,1.0,NUMERO DE UNIDADES,1344.0,86466.32,CEC2024PCIU0006,,SIEMENS
2024-06-06,印度,中国,WIPRO GE HEALTHCARE PRIVATE LIMITED,GE HUALUN MEDICAL SYSTEMS COLTD,"NO4, KADUGODI INDUSTRIAL AREA,  ",,,,,CHINA ,,Beijing,DELHI AIR CARGO ACC (INDEL4),90221410,S18932AB OPTIMA IGS 330 SYSTEM FINISHED GOOD (GE OPTIMA IGS330 INTERVENTIONAL RADIOLOGY SYSTEM) (MEDICAL EQUIPMENT),,1.0,SET ,0.0,207465.45,E0K3K2TLH3UI8,,
2024-06-06,哥伦比亚,中国,TECNICA ELECTRO MEDICA S A,CHINA ISOTOPE AND RADIATION CORPORATION,CL 47 # 5 26,NO. 66 CHANGWA MIDDLE STREET HAIDIA,,,,CHINA,,,,9022140000,"DO BOG243614 PEDIDO PEDIDO IMPORT-1231 CHINA ISOTOPE DECLARACION 1 DE 1;NOS ACOGEMOS AL DECRETO 1881 DEL 2021; ARANCEL DEL 0% //FACTURA:24INCI/076COL-001, FECHA:02-04-2024, VISTO BUENO NO. VINVIMA-24-0068262 DE 2024-06-04; VISTO BUENO NO. VSIC-2429199 DE2024-06-04 , PRODUCTO: EQUIPO DE RAYOS X PORTATIL MINDRAY 30 KW, MARCA: MINDRAY, MODELO: MOBIEYE 700, REFERENCIA: MOBIEYE 700, SERIAL: C8-43001525, USO O DESTINO: MAQUINA DE RAYOS X MOVIL ESTA DESTINADA A TOMAR EXPOSICIONES RADIOGRAFICAS EN EL CRANEO, LACOLUMNA VERTEBRAL, EL PECHO, EL ABDOMEN, LAS EXTREMIDADES Y OTRAS PARTES DEL CUERPO DEL PACIENTE, SENTADO, DE PIE O ACOSTADO. SE PUEDE UTILIZAR PARA LOS PACIENTES QUE NO PUEDEN SER CAPACES DE SER MOVIDOS O EN LOS CASOS EN QUE NO ES SEGURO O POCO PRÂ¿CTICOPARA MOVERLOS A UNA SALA RADIOGRÃFICA FIJA TRADICIONAL. SU MOVILIDAD PERMITE A LOS PROCEDIMIENTOS RADIOGRAFICOS DE PROPOSITO GENERAL EN TODO EL ENTORNO CLINICO, O SEGUN SEA NECESARIO DENTRO DE LA EMERGENCIA, CUIDADOS INTENSIVOS, NEONATA",,3.0,NUMERO DE ARTICULOS,1823.5,126575.0,,,
2024-06-06,乌兹别克斯坦,中国,ООО FARG'ONA TIBBIY DIAGNOSTIKA,BEIJING WANDONG MEDICAL TECHNOLOGY CO LTD,,,,,,0,,,,9022140000,"1. Цифровая рентгенографическая система новий модел: New Oriental 1000MC, сер № Y24-120-1-1, г/в 11.05.2024г в разобранном виде с принадлежностями в комплекте: Производитель:Beijing Wandong Medical Technology Co., Ltd., Китай. В составе 1.(1220мм*1220мм*1320мм)-330кг, 2.(2440мм*770мм*820мм)-210кг,3-(2400мм*1600мм*1010мм)-550кг, Генератор, Детектор, Рентгеновской трубки, Коллиматор, Рентгенографический стол, Высоковольтный кабель, компуютер и их принадлежности, Новое 2024г. - кол. 1 шт, вес: 840 G31MARKA марка New Oriental YEAR10 год производ 2024 PARAM10 Характеристика товара Медицинский рентгеновский рентгенографический аппарат New Oriental 1000MC",,1.0,Piece,840.0,34000.0,,,
2024-06-06,阿富汗,中国,BILAL NOUMAN MUBASHIR LTD,HUOERGUOSI RONGDA TRADING CO LTD,"NENGAR-HAR CENTER, SHOPPING CENTER ETIKHAT TOWER","YILI,XINJIANG",,,,,Afghanistan (AF),,,902214,medical device,,40.0,KG,40.0,16.0,,,
2024-06-06,乌兹别克斯坦,中国,ООО FARG'ONA TIBBIY DIAGNOSTIKA,BEIJING WANDONG MEDICAL TECHNOLOGY CO LTD,,,,,,,,,,9022140000,"1. Цифровая рентгенографическая система новий модел: New Oriental 1000MC, сер № Y24-120-1-1, г/в 11.05.2024г в разобранном виде с принадлежностями в комплекте: Производитель:Beijing Wandong Medical Technology Co., Ltd., Китай. В составе 1.(1220мм*1220мм*1320мм)-330кг, 2.(2440мм*770мм*820мм)-210кг,3-(2400мм*1600мм*1010мм)-550кг, Генератор, Детектор, Рентгеновской трубки, Коллиматор, Рентгенографический стол, Высоковольтный кабель, компуютер и их принадлежности, Новое 2024г. - кол. 1 шт, вес: 840 G31MARKA марка i Open 04T YEAR10 год производ 2024 PARAM10 Характеристика товара Медицинский рентгеновский рентгенографический аппарат New Oriental 1000MC",,1.0,Piece,840.0,34000.0,,,
2024-06-06,墨西哥,中国,GE SISTEMAS MEDICOS DE MEXICO SA DE CV,GE HUALUN MEDICAL SYSTEMS CO LTD,"ANTONIO DOVALI JAIME 70 TORRE B PISO 4 AVENIDA JAVIER BARROS SIERRA Y AVENIDA SANTA FE

Ciudad de Mexico
01210","YONG CHANG NORTH ROAD
BEIJINGCHINA

100176",,,,CHINA,,,NUEVO LAREDO NUEVO LAREDO TAMAULIPAS.,9022149101,SISTEMA RADIOGRAFICO XR6000,,1.0,PIECE,881.0,18931.45,,,
2024-06-05,赞比亚,中国,NVUMABARANDA HEALTH CARE,NVUMABARANDA HEALTH CARE,,,,,,Republic of South Africa,Zambia,,,902214000000,X-RAY SYSTEM,,900.0,NMB,900.0,3810.8162,GLNL24035170,,
2024-06-05,塔吉克斯坦,中国,OOO CHIL,URUMQI FUCHEN INTERNATIONAL TRADE CO LTD,"KAYROKKUM, MINTAKA SANOAT, SHOHROH KAYROKKUM-HUDZHAND", ,,,,,Tajikistan (TJ),,,902214,TECHNICIAN'S HONEU,,1500.0,KG,1500.0,1700.0,,,
2024-06-05,赞比亚,中国,NVUMABARANDA HEALTH CARE,NVUMABARANDA HEALTH CARE,,,,,,Republic of South Africa,Zambia,,,902214000000,X-RAY SYSTEM,,900.0,NMB,900.0,3810.8162,GLNL24035170,,
2024-06-05,赞比亚,中国,NVUMABARANDA HEALTH CARE,NVUMABARANDA HEALTH CARE,,,,,,Republic of South Africa,Zambia,,,902214000000,X-RAY SYSTEM,,900.0,NMB,900.0,3810.8162,GLNL24035170,,
2024-06-04,孟加拉国,中国,UNICO HOSPITALS PLC CHANGED FROM,WIPRO GE HEALTHCARE PRIVATE LIMITE,Universal Health Services &,D,,,,China,,,,90221400,CARM MACHINE M: OCE ONE BR: GE,,1.0,,392.8,39900.0,,,
2024-06-04,孟加拉国,中国,UNICO HOSPITALS PLC CHANGED FROM,WIPRO GE HEALTHCARE PRIVATE LIMITED,Universal Health Services &,,,,,China,,,,90221400,CARM MACHINE M: OCE ONE BR: GE,,1.0,NMB,392.8,39900.0,,,
2024-06-04,墨西哥,中国,GE SISTEMAS MEDICOS DE MEXICO SA DE CV,GE HUALUN MEDICAL SYSTEMS CO LTD,"ANTONIO DOVALI JAIME 70 TORRE B PISO 4 AVENIDA JAVIER BARROS SIERRA Y AVENIDA SANTA FE

Ciudad de Mexico
01210","YONG CHANG NORTH ROAD
BEIJINGCHINA

100176",,,,CHINA,,,NUEVO LAREDO NUEVO LAREDO TAMAULIPAS.,9022149199,SISTEMA DE RAYOS X CON BRAZO EN C MOVIL,,1.0,PIECE,503.0,50993.55,,,
2024-06-04,美国,中国,AMICO CORP,NINGBO WWS INDUSTRIAL CO LTD, 120 FULTON WAY , 1426# LINGQIAO SQUARE NO 31 YAOHAN G STREET NINGBO CHINA ,N/A,N/A,,"CN, CHINA",,NINGBO,"SEATTLE,WA",902214,"ZINC PLATE FOR MEDICAL USE,CARBON STEEL BOX FOR MEDICAL USE,CARBON STEEL PLATE FOR MEDICALUSE",NO MARKS,13.0,PKG,8214.0,0.0,DISODMCNSX038043,SMCU1171077,
2024-06-03,越南,中国,CÔNG TY TNHH SUPERWELL TECHNOLOGY VIỆT NAM,LIUYANG VOLITION MEDICAL EQUIPMENT CO LTD,"T16, Nam Cuong Building, Duong Noi Urban Area, Km4 To Huu Street, La Khe Ward, Ha Dong District, Hanoi, Vietnam",,,,,China,,PINGXIANG,CUA KHAU HUU NGHI (LANG SON),90221400,"Hệ thống X-quang chẩn đoán  và phụ kiện đi kèm, Mã: Picke 1800 DR/500, Hãng sx: Liu Yang Volition Medical Equipment Co.,Ltd,Mới 100%,Diagnostic X-ray system and accompanying accessories, Code: Picke 1800 DR/500, Manufacturer: Liu Yang Volition Medical Equipment Co., Ltd, 100% new",,1.0,Set,0.0,15000.0,1.124000282e+014,,
2024-06-03,巴基斯坦,中国,MEDIFLUX SERVICES,SWAT TRADING,"Sharifabad, Beside Frontier Model School, Azam Afridi Choke, Dora Road, Peshawar Peshawar"," CHIBA KEN NODA SHI NAMIKI 3-34-20, JAPAN.",,,,China (CN),,,KAPS,90221400,"7) Used C-Arm X-Ray System with All Standard Accessories and Attachments, Qty: 06 Units.",,6.0,u,18.18,4800.0,EGL-JP-088115,,
2024-06-03,波兰,中国,DB CARGO EURASIA GMBH P P GE MEDICAL SYSTEMS SCS,BEIJING GE HANGWEI MEDICAL EQUIPMENT CO LTD,ST. OF VIYEYSK 2 | 11,No. 1 NORTH YONG CHANG STREET BEIJING ECONOMIC & TECHNOLOGICAL DEVELOPMENT AREA,,,,,Poland (PL),,,902214,Mobile x-ray device of the S-arch,,2500.0,KG,2500.0,185133.3848,,,
2024-06-03,印度,中国,WIPRO GE MEDICAL DEVICE MANUFACTURING PRIVATE LIMI,GE HUALUN MEDICAL SYSTEMS CO LTD,"No.4, Kadugodi Industrial Area, Sad  Whitefield, Bangalore",,,,,CHINA ,,Shanghai,BANGALORE,90221490,5521321-4 - SYSTEM GANTRY HLA FOR OPTIMA IGS 320 - INDIA SEMI FINISHED (PARTS FOR MANUFACTURING OF IGS 320/OPTIMA IGS 32,,1.0,NOS ,0.0,83655.94,TPSAL5ZOOEW28,,
2024-06-03,印度,中国,SS VAIDYA HEALTH CARE PRIVATE LIMITED,SIEMENS HEALTHINEERS INTERNATIONAL AG,"Vaidya wada, Opposite Kalyan post o  ",,,,,CHINA ,,Xingang,NHAVA SHEVA SEA (INNSA1),90221490,(PARTIAL SHIPMENT) LINEAR ACCELERATOR HALCYON INCL. COMPONENT PARTS AND STANDARD ACCESSORIES FOR MEDICAL APPLICATION,,1.0,NOS ,0.0,989205.1,GP4MHLE1PXLKU,,
2024-06-03,印度,中国,WIPRO GE MEDICAL DEVICE MANUFACTURING PRIVATE LIMI,GE HUALUN MEDICAL SYSTEMS CO LTD,"No.4, Kadugodi Industrial Area, Sad  Whitefield, Bangalore",,,,,CHINA ,,Shanghai,BANGALORE,90221490,5521321-4 - SYSTEM GANTRY HLA FOR OPTIMA IGS 320 - INDIA SEMI FINISHED(PARTS FOR MANUFACTURING OF IGS 320/OPTIMA IGS 32,,1.0,PCS ,0.0,83655.94,U4L4U10R9IAXJ,,
2024-06-03,巴基斯坦,中国,MEDIFLUX SERVICES,SWAT TRADING,"Sharifabad, Beside Frontier Model School, Azam Afridi Choke, Dora Road, Peshawar Peshawar",,,,,China                         ,,,KAPS,90221400,"7) Used C-Arm X-Ray System with All Standard Accessories and Attachments, Qty: 06 Units.",,6.0,u,0.0,4800.0,,,
2024-06-03,印度,中国,WIPRO GE MEDICAL DEVICE MANUFACTURING PRIVATE LIMI,GE HUALUN MEDICAL SYSTEMS CO LTD,"No.4, Kadugodi Industrial Area, Sad  Whitefield, Bangalore",,,,,CHINA ,,Shanghai,BANGALORE,90221490,5521321-4 - SYSTEM GANTRY HLA FOR OPTIMA IGS 320 - INDIA SEMI FINISHED (PARTS FOR MANUFACTURING OF IGS 320/OPTIMA IGS 32,,1.0,PCS ,0.0,83655.94,QA48H5HN5ZQPV,,
2024-06-03,越南,中国,CÔNG TY TNHH THIẾT BỊ THÚ Y VIỆT NAM,SUZHOU POWERSITE ELECTRIC CO LTD,"Cam 3 Village, Co Bi Commune, Gia Lam District, Hanoi City, Vietnam",,,,,China,,SHANGHAI,CANG DINH VU - HP,90221400,"Máy chụp Xquang dùng cho động vật. Model PSM-PD10CPLFLB,CS:10kW,Đ.a100-240VAC,50/60Hz, kt610x242x219mm,hiệuPOWERSITE,Nsx:Suzhou Powersite Electric,mới100%,X-ray machine for animals. Model PSM-PD10CPLFLB, CS: 10kW, D.a100-240VAC, 50/60Hz, size 610x242x219mm, brandPOWERSITE, Manufacturer: Suzhou Powersite Electric, 100% new",,1.0,Pieces,0.0,4125.0,290524VTRS2405E294,,
2024-06-03,印度,中国,WIPRO GE MEDICAL DEVICE MANUFACTURING PRIVATE LIMI,GE HUALUN MEDICAL SYSTEMS CO LTD,"No.4, Kadugodi Industrial Area, Sad  Whitefield, Bangalore",,,,,CHINA ,,Shanghai,BANGALORE,90221490,5521321-4 - SYSTEM GANTRY HLA FOR OPTIMA IGS 320 - INDIA SEMI FINISHED(PARTS FOR MANUFACTURING OF IGS 320/OPTIMA IGS 320,,1.0,PCS ,0.0,83655.94,X0XI05GGMUOQG,,
2024-06-01,委内瑞拉,中国,GEVENMED S A,,,,,,,CHINA,,Port Everglades,,9022141900,Los demas,,0.0,,444.0,110000.0,19998,,
2024-06-01,委内瑞拉,中国,CORP VENEZOLANA D COMRCIO EXTERIOR,,,,,,,CHINA,,Cristobal,,9022141100,Para mamografia,,0.0,,4460.0,907465.0,19645,,
2024-06-01,乌兹别克斯坦,中国,FARGONA TIBBIY DIAGNOSTIKA LLC,BEIJING WANDONG MEDICAL TECHNOLOGY CO LTD, , ,,,,,Uzbekistan (UZ),,,902214,OFFICE OF THE MEDICAL X-RAY ANALYSIS MODEL; NEW ORIENTAL 1000MC (ONE BLOCK),,1090.0,KG,1090.0,34000.0,,,
2024-05-31,加纳,中国,ASARE AB COMPANY LIMITED,GUANGZHOU HAPPYCARE ELECTRONICS CO LTD,,,,,,China,,,,9022140000,DIGITAL HIGH FREQUENCY X-RAY RADIOGRAPHY SYSTEM,,0.0,,389.6,8300.0,LDGTMA2432909SZ,,
2024-05-31,哥伦比亚,中国,INVERSIONES RODRIGUEZ CASTANEDA SAS,TOOTOO MEDITECH CO LTD,CL 148 N 7 B 14,ROOM 2401 BUILDING 3A INTELLIGENT,,,,CHINA,,,,9022140000,"DO BOGI24028115. PEDIDO TRAMITE: VVG-24 / 167. DECLARACION(3-4). MERCANCIA NUEVA, LOCALIZADA EN ABC STORAGE S.A.S, ZONA FRANCA BOGOTA, NOS ACOGEMOS AL DECRETO 0925 DE MAYO 09 DE 2013, NO REQUIERE PRESENTACION DE REGISTRO DE IMPORTACION GRAVAMEN DEL 0% DEACUERDO AL ARTICULO 1 DEL DECRETO 272 DEL 2018 DESGRAVACION ARANCELARIA.. PRODUCTO: ESTACION DE TRABAJO PARA IMAGENES DENTALES DTS-180. MARCA: MEDITECH. MODELO: DTS-180. REFERENCIA: DTS-180. SERIAL: TX24050807. USO O DESTINO: VETERINARIO. TECNICA DE DIAGNOSTICO: RAYOS X. DENTAL IMAGING WORKSTATION DTS-180, CON TODOS SUS ACCESORIOS PARA SU NORMAL INSTALACION Y FUNCIONAMIENTO PO: CHINA (CN) CANT (1) UND (ITEM 5)",,1.0,NUMERO DE ARTICULOS,96.0,5755.85,,,
2024-05-30,哥伦比亚,中国,ROYAL PLUS TECHNOLOGIES S A S,IRAY TECHNOLOGY COMPANIA LTD,CR 20B # 72-44 P 2,"RM 202, BUILDING 7, NO 590",,,,CHINA,,,,9022140000,"DO 2415058. DECLARACION(1-1). MERCANCIA NUEVA // NOS ACOGEMOS AL DECRETO 0925 DE 2013, NO REQUIERE PRESENTACION DE REGISTRO DE IMPORTACION // GRAVAMEN DEL 0% DE ACUERDO AL DECRETO 1881 DE 2021. PRODUCTO: MAQUINA PORTABLE DE RAYOS X. MARCA: IRAY TECHNOLOGY. MODELO: CANIS 5C. REFERENCIA: NO TIENE. SERIAL: CA5101210H41224018. USO O DESTINO: PARA USO VETERINARIO UNICAMENTE. TECNICA DE DIAGNOSTICO: RAYOS X. INCLUYE TUBO MODELO: KL10SB, S/N: 23120105H // CANT (1) UND (ITEM 1)",,1.0,NUMERO DE ARTICULOS,18.0,3654.79,,,
2024-05-30,哥伦比亚,中国,ROYAL PLUS TECHNOLOGIES S A S,NANNING YOLONG TECHNOLOGY CO LTD,CR 20B # 72-44 P 2,"NO. 2 STAND PLANT, KAIDE INDL",,,,CHINA,,,,9022140000,"DO 2415052. DECLARACION(1-1). MERCANCIA NUEVA // NOS ACOGEMOS AL DECRETO 0925 DE 2013, NO REQUIERE PRESENTACION DE REGISTRO DE IMPORTACION // GRAVAMEN DEL 0% DE ACUERDO AL DECRETO 1881 DE 2021. PRODUCTO: GENERADOR DE RAYOS X PORTUTIL (PORTABLE X-RAY GENERATOR). MARCA: ROYAL PLUS. MODELO: P35A. REFERENCIA: NO TIENE. SERIAL: 2938116-2405001-001. USO O DESTINO: DE USO VETERINARIO UNICAMENTE. TECNICA DE DIAGNOSTICO: RAYOS X. OTROS: YC001, 01240542 CANT (1) UND (ITEM 1)",,1.0,NUMERO DE ARTICULOS,22.0,3110.3,,,
2024-05-30,菲律宾,中国,GENERAL ELECTRIC PHILS INC,GE HUALUN MEDICAL SYSTEM CO LTD,"27TH FLOOR MENARCO TOWER, 32ND STREET, BONIFACIO, GLOBAL CITY, TAGUIG CITY",,,,,CHINA,,,,90221400000,1 EA DEFINIUM PACE SELECT BASE SYSTEM UHL MAKE [S2601BS],,1.0,,901.68,41921.3,SHA71356668,,
2024-05-30,印度,中国,WIPRO GE MEDICAL DEVICE MANUFACTURING PRIVATE LIMI,GE HUALUN MEDICAL SYSTEMS CO LTD,"No.4, Kadugodi Industrial Area, Sad  Whitefield, Bangalore",,,,,CHINA ,,Beijing,BANGALORE ACC (INBLR4),90221490,5521321-4 - SYSTEM GANTRY HLA FOR OPTIMA IGS 320 - INDIA SEMI FINISHED (PARTS FOR MANUFACTURING OF IGS 320/OPTIMA IGS 3,,1.0,PCS ,0.0,83655.94,WOF2QU28QZHHU,,
2024-05-30,乌兹别克斯坦,中国,ООО FORTEK,SHENZHEN SONTU MEDICAL IMAGING EQUIPMENT CO LTD КИТАЙ,,,,,,0,,,,9022140000,"1) Система рентгенографическая диагностическая цифровая SONTU100-Polaris50E / Digital Diagnostic Radiography System SONTU100-Polaris50 E / в комп./Новый,2024г.в./Пр-ль.:""Shenzhen SONTU Medical Imaging Equipment Co., LTD"", Китай/: вес: 2113,6 кг, кол. 4 шт; 2) Вид и количество упаковки:8 карт.короб.; 8) Код инвестпрограммы:000; 9) Код технологического оборудования:024; 10) Год изготовления и технические параметры:2024/Диапазон времени экспозиции: 1-10000 мс. Детектор: FPD, Анод: фиксированный; 11 G31MARKA марка SONTU YEAR10 год производ 2024 PARAM10 Характеристика товара Диапазон времени экспозиции: 1-10000 мс. Детектор: FPD, Анод: фиксированный",,4.0,Piece,2113.6,86832.0,,,
2024-05-30,土耳其,中国,ECOMAX MEDİKAL SANAYİ VE TİCARET LİMİTED ŞİRKETİ,NANJING ARK TEK TECHNOLOGY CO LTD,,,,,,ÇİN HALK CUMHURİYETİ,,,AMBARLI GÜMRÜK MÜDÜRLÜĞÜ,902214000000,VETERİNERLİKTE  KULLANILAN  X -RAY CİHAZ/I AKSESUARLARI İLE BİRLİKTE,,1.0,ADET(UNIT),550.0,2060.0,24343100IM00110782,,
2024-05-30,乌干达,中国,FAST MEJA INTERNATIONAL CARGO LIMITED,YEPENG INTERNATIONAL LIMITED,,,,,,CHINA,UGANDA,,,90221400000,XRAY LIQUID CHEMICALS (DEVELOPER AND FIXER),,40.0,Number,330.0,60.0,,,
2024-05-30,乌拉圭,中国,MARE LTDA,,,,,,,CHINA,,,,9022141910,"EQUIPO RADIOLOGICO <<ARCO EN C>> (PARA USO HUMANO). LOS DEMAS. DE DIAGNOSTICO. LOS DEMAS, PARA USO MEDICO, QUIRURGICO O VETERINARIO. APARATOS DE RAYOS X Y APARATOS QUE UTILICEN RADIACIONES ALFA, BETA GAMMA O DEMAS RADIACIONES IONIZANTES, INCLUSO PA",,1.0,UNIDAD (C/U),498.0,51017.34,,,
2024-05-30,乌兹别克斯坦,中国,ООО FORTEK,SHENZHEN SONTU MEDICAL IMAGING EQUIPMENT CO LTD КИТАЙ,,,,,,,,,,9022140000,"1) Система рентгенографическая диагностическая цифровая SONTU100-Polaris50E / Digital Diagnostic Radiography System SONTU100-Polaris50 E / в комп./Новый,2024г.в./Пр-ль.:""Shenzhen SONTU Medical Imaging Equipment Co., LTD"", Китай/: вес: 2113,6 кг, кол. 4 шт;
2) Вид и количество упаковки:8 карт.короб.;
8) Код инвестпрограммы:000;
9) Код технологического оборудования:024;
10) Год изготовления и технические параметры:2024/Диапазон времени экспозиции: 1-10000 мс. Детектор: FPD, Анод: фиксированный;
11 G31MARKA марка SONTU YEAR10 год производ 2024 PARAM10 Характеристика товара Диапазон времени экспозиции: 1-10000 мс. Детектор: FPD, Анод: фиксированный",,4.0,Piece,2113.6,86832.0,,,
2024-05-30,阿根廷,中国,GE HEALTHCARE ARGENTINA S A,,,,,,,China,,,,90221419000,"LOS DEMAS. LOS DEMAS, PARA USO MEDICO, QUIRURGICO OEC ONE",,3.0,Unidades,0.0,67962.3,,,GE
2024-05-29,美国,中国,GEBRUDER WEISS INC,GEBRUEDER WEISS GMBH,",,",,,,,CHINA,UNITED STATES OF AMERICA,Tianjin,Chicago,902214,"XRAY,ALPHA,BETA,GAMA RADIATION,  OTHER, FOR MEDICAL, SURGICAL OR VETERINARY USES",,652.0,PK,11210.0,0.0,HAME49067600,,
2024-05-29,尼日利亚,中国,MIKLARNUB VENTURES NIG LTD,HEALICOM MEDICAL EQUIPMENT CO LTD,,,,,,China,,,APAPA PORT,9022140000,"Apparatus based on the use of X-rays or of alpha, betaused for medical, surgical .",,0.0,,1351.0,925.295,,,
2024-05-29,乌兹别克斯坦,中国,OOO EQUIMED,BEIJING WANDONG MEDICAL TECHNOLOGY CO LTD,,,,,,0,,,,9022140000,"1. Medical X-ray Radiography Unit Model; New Oriental 1000MC / Цифровая радиографическая система New Oriental 1000MC c принадлежностямиг: Кол-во: 1 шт; Производитель: Beijing Wandong Medical Technology Co Ltd. Китай - кол. 1 шт, вес: 840 кг
2. мест 3, 3 дерев.ящик.
8. 000
9. 024
10. 2024/Новый
11. 02
Общее кол. мест: 3 G31MARKA марка New Oriental 1000MC YEAR10 год производ 2024 PARAM10 Характеристика товара Новый",,1.0,Piece,840.0,55000.0,,,
2024-05-29,乌兹别克斯坦,中国,OOO EQUIMED,BEIJING WANDONG MEDICAL TECHNOLOGY CO LTD,,,,,,0,,,,9022140000,"1. Medical X-ray Radiography Unit Model; New Oriental 1000MC / Цифровая радиографическая система New Oriental 1000MC c принадлежностямиг: Кол-во: 1 шт; Производитель: Beijing Wandong Medical Technology Co Ltd. Китай - кол. 1 шт, вес: 840 кг 2. мест 3, 3 дерев.ящик. 8. 000 9. 024 10. 2024/Новый 11. 02 Общее кол. мест: 3 G31MARKA марка New Oriental 1000MC YEAR10 год производ 2024 PARAM10 Характеристика товара Новый",,1.0,Piece,840.0,55000.0,,,
2024-05-28,墨西哥,中国,GE SISTEMAS MEDICOS DE MEXICO SA DE CV,GE HUALUN MEDICAL SYSTEMS CO LTD,"ANTONIO DOVALI JAIME 70 TORRE B PISO 4 AVENIDA JAVIER BARROS SIERRA Y AVENIDA SANTA FE

Ciudad de Mexico
01210","YONG CHANG NORTH ROAD
BEIJINGCHINA

100176",,,,CHINA,,,NUEVO LAREDO NUEVO LAREDO TAMAULIPAS.,9022149101,SISTEMA RADIOGRAFICO XR6000,,1.0,PIECE,881.0,20217.63,,,
2024-05-28,土耳其,中国,GE MEDİCAL SYSTEMS TÜRKİYE LİMİTED ŞİRKETİ,GE HEALTHCARE TRADE AND DEVELOPMENT LLC,,,,,,ÇİN HALK CUMHURİYETİ,,,MURATBEY GÜMRÜK MÜDÜRLÜĞÜ,902214000000,C KE2OLLU 4BMOBİL 21RÖNTGEN 8ACİHAZI(KUL2 LANIMI İÇİN GEREKLİ TÜM TEFERRUATIYLA BİRLİKTE) (PARÇA KODU:S20002HW+=,,1.0,ADET(UNIT),492.8,22762.26,24341300IM00112955,,
2024-05-28,墨西哥,中国,GE SISTEMAS MEDICOS DE MEXICO SA DE CV,GE HUALUN MEDICAL SYSTEMS CO LTD,"ANTONIO DOVALI JAIME 70 TORRE B PISO 4 AVENIDA JAVIER BARROS SIERRA Y AVENIDA SANTA FE

Ciudad de Mexico
01210","YONG CHANG NORTH ROAD
BEIJINGCHINA

100176",,,,CHINA,,,NUEVO LAREDO NUEVO LAREDO TAMAULIPAS.,9022149101,SISTEMA RADIOGRAFICO XR6000,,1.0,PIECE,881.0,20217.63,,,
2024-05-28,印度,中国,SIEMENS HEALTHCARE PRIVATE LIMITED,SIEMENS HEALTHINEERS AG,"UNIT NO.9, 9TH FLOOR, NORTH WING  GODREJ ONE, PIROJSHAH NAGAR,",,,,,CHINA ,,Shanghai,NHAVA SHEVA SEA (INNSA1),90221490,( IMAGE INTENSIFIER CIOS SYSTEM COMPLETE WITH ACCESSORIES (AS PER INV ) CIOS SELECT VA21,,1.0,SET ,0.0,34973.59,Y30YAO98TI8A3,,
2024-05-28,土耳其,中国,GE MEDİCAL SYSTEMS TÜRKİYE LİMİTED ŞİRKETİ,GE HEALTHCARE TRADE AND DEVELOPMENT LLC,,,,,,ÇİN HALK CUMHURİYETİ,,,MURATBEY GÜMRÜK MÜDÜRLÜĞÜ,902214000000,MAMOGRAFİ CİHAZI(KULLANIMI İÇİN GEREKLİ /TÜM TEFERRUATIYLA BİRLİKTE) (PARÇA KODU:S30432AG),,1.0,ADET(UNIT),632.8,57300.16,24341300IM00112955,,
2024-05-28,秘鲁,中国,IMAGEN TOTAL S A C,SONOSCAPE COMPANY LIMITED,JR. SAN DIEGO NRO. 338 DPTO. 03 (ALT.PUENTE RICARDO PALMA),,,,,CHINA,,Hong Kong,,9022140000,"EQUIPO DE RAYOS X VETERINARIO,SIUI,SR-8210S VET, X RAY UNIT WITH SMART  X  IPEN 0407-24-IPEN/OTAN VIGENCIA 26/08/2024 EQUIPO DE RAYOS X PARA USO VETERINARIO SERIE XAM52S240215R EQUIPO DE RAYOS X PARA USO VETERINARIO CON SUS ACCESORIOS POLIETILENO DE ALTA D,,,,",,1.0,U,20.053,5391.944,,,
2024-05-27,哈萨克斯坦,中国,ТОВАРИЩЕСТВО С ОГРАНИЧЕННОЙ ОТВЕТСТВЕННОСТЬЮ BM MEDICAL,BIKANG TIANCHENG SHANGHAI INFORMATION TECHNOLOGY CO LTD ПО ПОРУЧЕНИЮ DBC INTERNATIONAL TRADING LIMITED, , ,,,"LIAONING KAMPO MEDICAL SYSTEM CO., LTD",China,Kazakhstan,,,9022140000,"1. ВЕТЕРИНАРНЫЙ РЕНТГЕН PICASSO X1 (В КОМПЛЕКТЕ), ПРЕДНАЗНАЧЕН ДЛЯ ВЕТЕРИНАРНЫХ ЦЕЛЕЙ,  ИДЕНТИФИКАЦИОННЫЙ НОМЕР НЕИЗВЕСТЕН, ВЕТЕРИНАРНЫЙ РЕНТГЕН PICASSO X1 (В КОМПЛЕКТЕ), ПРЕДНАЗНАЧЕН ДЛЯ ВЕТЕРИНАРНЫХ ЦЕЛЕЙ, ИДЕНТИФИКАЦИОННЫЙ НОМЕР НЕИЗВЕСТЕН",,1.0,ШТ,110.0,15866.9,,,ОТСУТСТВУЕТ
2024-05-27,印度,中国,SHANKUS HOSPITALS PRIVATE LIMITED,SIEMENS HEALTHINEERS INTERNATIONAL AG,,,,,,CHINA ,,Xingang,NHAVA SHEVA SEA (INNSA1),90221490,(PARTIAL SHIPMENT)LINEAR ACCELERATOR HALCYON INCL. COMPONENTPARTS AND STANDARD ACCESSORIES FOR MEDICAL APPLICATION,,1.0,NOS ,0.0,913586.7,8XQI2YCLA1BT0,,
2024-05-27,俄罗斯,中国,ООО ИСТ МЕДИКАЛ ГРУПП,BIKANG TIANCHENG SHANGHAI INFORMATION TECHNOLOGY CO LTD,"124482, МОСКВА, ЗЕЛЕНОГРАД, САВЕЛКИНСКИЙ ПРОЕЗД, Д. 4, ЭТ.22, ПОМ. ХХХ",", , SHANGHAI, JIANCHUAN ROAD, МINHANG DISTRICT, NO",,,LIAONING KAMPO MEDICAL SYSTEM CO LTD,China,Russia,,,9022140000,"АППАРАТУРА,ОСНОВАННАЯ НА ИСПОЛЬЗОВАНИИ РЕНТГЕНОВСКОГО ИЗЛУЧЕНИЯ,ПРЕДНАЗНАЧЕННАЯ ДЛЯ ВЕТЕРИНАРНОГО ИСПОЛЬЗОВАНИЯ: АППАРАТ РЕНТГЕНОВСКИЙ ВЕТЕРИНАРНЫЙ ZOOMED VX-400,ПРЕДНАЗНАЧЕН ДЛЯ ДИАГНОСТИКИ СОСТОЯНИЯ ВНУТРЕННИХ ОРГАНОВ И СИСТЕМ У ЖИВОТНОГО В",,3.0,ШТ,1110.0,50576.1,,,ZOOMED
2024-05-27,乌干达,中国,FIRM MEDICAL SUPPLIES LIMITED,GUANGZHOU YANLANG INTERNATIONAL IMPORT AND EXPORT,,,,,,CHINA,UGANDA,,,90221400000,RADIOGRAPHY SYSTEM,,2.0,Number,190.0,2400.0,,,
2024-05-27,乌干达,中国,GTC INTERNATIONAL LOGISTICS LTD,GUANGZHOU YANLANG INTERNATIONALIMPORT & EXPORT TRADE CO LTD,,,,,,CHINA,UGANDA,,,90221400000,"ANALOG X-RAY MACHINE,MODEL-TR300A",,1.0,Number,676.0,4350.0,,,
2024-05-27,智利,中国,,,,,,,,CHINA,,other ports of china,San Antonio,90221411,APARATOS DE RAYOS X PARA RADIOTERAPIA,,1.0,UNIDADES,840.0,22350.0,SU6380377230(H)CCFGZSAO2402908,,
2024-05-27,哈萨克斯坦,中国,ТОВАРИЩЕСТВО С ОГРАНИЧЕННОЙ ОТВЕТСТВЕННОСТЬЮ BM MEDICAL,BIKANG TIANCHENG SHANGHAI INFORMATION TECHNOLOGY CO LTD ПО ПОРУЧЕНИЮ DBC INTERNATIONAL TRADING LIMITED, , ,,,"LIAONING KAMPO MEDICAL SYSTEM CO., LTD",China,Kazakhstan,,,9022140000,"1. ВЕТЕРИНАРНЫЙ РЕНТГЕН VIGOR N01 (В КОМПЛЕКТЕ), ПРЕДНАЗНАЧЕН ДЛЯ ВЕТЕРИНАРНЫХ ЦЕЛЕЙ,  ИДЕНТИФИКАЦИОННЫЙ НОМЕР НЕИЗВЕСТЕН, ВЕТЕРИНАРНЫЙ РЕНТГЕН VIGOR N01 (В КОМПЛЕКТЕ), ПРЕДНАЗНАЧЕН ДЛЯ ВЕТЕРИНАРНЫХ ЦЕЛЕЙ, ИДЕНТИФИКАЦИОННЫЙ НОМЕР НЕИЗВЕСТЕН",,1.0,ШТ,335.0,19240.79,,,ОТСУТСТВУЕТ
2024-05-27,俄罗斯,中国,ООО НОЭЛСИ,MEDSINGLONG CO LTD,"109202, , МОСКВА, УЛ. 1-Я ФРЕЗЕРНАЯ, Д.2/1, КОРПУС 2,","511405, , GUANGZHOU, PANYU DIST., SHIQIAO STR., BA",,,MEDSINGLONG CO LTD,China,Russia,,,9022140000,РЕНТГЕНОВСКАЯ АППАРАТУРА ДЛЯ ВЕТЕРИНАРНОГО ИСПОЛЬЗОВАНИЯ. ВЕТЕРИНАРНЫЙ ПЕРЕНОСНОЙ РЕНТГЕНОВСКИЙ АППАРАТ. НЕ СОДЕРЖИТ ИСТОЧНИКОВ РАДИОАКТИВНОГО ИЗЛУЧЕНИЯ:,,1.0,ШТ,18.0,3518.79,,,MEDSINGLONG
2024-05-27,俄罗斯,中国,ООО НОЭЛСИ,MEDSINGLONG CO LTD,"109202, , МОСКВА, УЛ. 1-Я ФРЕЗЕРНАЯ, Д.2/1, КОРПУС 2,","511405, , GUANGZHOU, PANYU DIST., SHIQIAO STR., BA",,,MEDSINGLONG CO LTD,China,Russia,,,9022140000,РЕНТГЕНОВСКАЯ АППАРАТУРА ДЛЯ ВЕТЕРИНАРНОГО ИСПОЛЬЗОВАНИЯ. ВЕТЕРИНАРНОЕ УСТРОЙСТВО ОБРАБОТКИ РЕНТГЕНОВСКОГО ИЗОБРАЖЕНИЯ 17 Х 17 ДЮЙМОВ . НЕ СОДЕРЖИТ ИСТОЧНИКОВ РАДИОАКТИВНОГО ИЗЛУЧЕНИЯ:,,1.0,ШТ,4.0,5842.77,,,MEDSINGLONG
2024-05-24,秘鲁,中国,IMAGEN TOTAL S A C,,JR. SAN DIEGO NRO. 338 DPTO. 03 (ALT.PUENTE RICARDO PALMA),,,,,CHINA,,SHENZHEN,,9022140000,"SISTEMA DE RADIOGRAFIA DIGITAL,DAWEI,RV-20A, PARA OBTENER RADIOGRAFIAS DIGITALES DE DISTINTAS PARTES DEL CUERPO DEL ANIMAL NRO. 0398-24-IPEN/OTAN FECHA 23/05/2024 VIGENTE HASTA 22/08/2024 RADIOGRAFIA VEYERINARIA  SERIE : 906A007224C METAL ALUMINIO, POLIETI,,,,",,1.0,U,382.5,11397.1,,,
2024-05-24,哈萨克斯坦,中国,ТОВАРИЩЕСТВО С ОГРАНИЧЕННОЙ ОТВЕТСТВЕННОСТЬЮ BM MEDICAL,BIKANG TIANCHENG SHANGHAI INFORMATION TECHNOLOGY CO LTD ПО ПОРУЧЕНИЮ DBC INTERNATIONAL TRADING LIMITED, , ,,,"NANJING PERLOVE MEDICAL EQUIPMENT CO., LTD.",China,Kazakhstan,,,9022140000,"1. МЕДИЦИНСКАЯ ДИАГНОСТИЧЕСКАЯ РЕНТГЕНОГРАФИЧЕСКАЯ СИСТЕМА ТИПА С-ДУГА PLX112B1 (В КОМПЛЕКТЕ),  ПРЕДНАЗНАЧЕН ДЛЯ МЕДИЦИНСКИХ ЦЕЛЕЙ, ИДЕНТИФИКАЦИОННЫЙ НОМЕР НЕИЗВЕСТЕН, МЕДИЦИНСКАЯ ДИАГНОСТИЧЕСКАЯ РЕНТГЕНОГРАФИЧЕСКАЯ СИСТЕМА ТИПА С-ДУГА PLX112B1 (В КОМПЛЕКТЕ), ПРЕДНАЗНАЧЕН ДЛЯ МЕДИЦИНСКИХ ЦЕЛЕЙ, ИДЕНТИФИКАЦИОННЫЙ НОМЕР НЕИЗВЕСТЕН",,1.0,ШТ,420.0,33843.94,,,ОТСУТСТВУЕТ
2024-05-24,秘鲁,中国,IMAGEN TOTAL S A C,,JR. SAN DIEGO NRO. 338 DPTO. 03 (ALT.PUENTE RICARDO PALMA),,,,,CHINA,,SHENZHEN,,9022140000,"SISTEMA DE RADIOGRAFIA DIGITAL,DAWEI,RV-32A, PARA OBTENER RADIOGRAFIAS DIGITALES DE DISTINTAS PARTES DEL CUERPO DEL ANIMAL NRO. 0398-24-IPEN/OTAN FECHA 23/05/2024 VIGENTE HASTA 22/08/2024 RADIOGRAFIA VEYERINARIA  SERIE : 901A007124C METAL ALUMINIO, POLIETI,,,,",,1.0,U,382.5,11397.1,,,
2024-05-24,印度,中国,PHILIPS INDIA LIMITED,SPELLMAN HIGH VOLTAGE ELECTRONICS SUZHOU INDUSTRI,"3RD FLOOR TOWER A DLF PARK 08,MAJO  R ARTERIAL RD NEW TOWN RAJARHAT",,,,,CHINA ,,Suzhou,SAHAR AIR CARGO ACC (INBOM4),90221410,"(FOC) (RE-IMPORT AFTER REPAIR) 409085-001,HV GENERTOAR (S/N:141374140) 4598-017-32292 HF GENERATOR MMB",,1.0,NOS ,0.0,50.0,Y2DAQC2EL8AVC,,
2024-05-24,乌干达,中国,CITY AMBULANCE LIMITED,SHENZHEN BROWINER TECH CO LTD,,,,,,CHINA,UGANDA,,,90221400000,MOBILE DIGITAL RADIOGRAPHY SYSTEM,,3.0,Number,2282.0,15399.3263,,,
2024-05-24,格鲁吉亚,中国,LTD GEORGIAN POST,YAOHONG HK INTERNATIONAL TRADE FREIGHT LTD,STATION SQUARE2, ,,,,,Georgia (GE),,,902214,VETERINARY EQUIPMENT,,347.0,KG,347.0,15750.0,,,
2024-05-24,越南,中国,CÔNG TY TNHH SUPERWELL TECHNOLOGY VIỆT NAM,LIUYANG VOLITION MEDICAL EQUIPMENT CO LTD,"T16, Nam Cuong Building, Duong Noi Urban Area, Km4 To Huu Street, La Khe Ward, Ha Dong District, Hanoi, Vietnam","76 JIANSHOU AVE, ECONOMIC AND TECHNOLOGICAL, DEVELOPMENT ZONE, LIUYANG, HUNAN, CHINA, CN",,,,China,,,,90221400,"Hệ thống X-quang chẩn đoán di động kĩ thuật số và phụ kiện đồng bộ đi kèm, Mã:Picke 1800 DR/100,cs:5.6Kw,điện áp:220V, năm sản xuất:2024,ko bao gồm tấm cảm biến (fpd) và máy tính(laptop).mới 100%,Digital mobile diagnostic X-ray system and accompanying accessories, Code: Picke 1800 DR/100, capacity: 5.6Kw, voltage: 220V, year of manufacture: 2024, does not include sensor plate (fpd) and computer (laptop). 100% new",,1.0,Set,0.0,3900.0,,,
2024-05-23,阿富汗,中国,BILAL NOUMAN MUBASHIR LTD,HUOERGUOSI RONGDA TRADING CO LTD,"NENGAR-HAR CENTER, SHOPPING CENTER ETIKHAT TOWER","YILI,XINJIANG",,,,,Afghanistan (AF),,,902214,medical device,,22.0,KG,22.0,8.0,,,
2024-05-23,土耳其,中国,DİGİFİLM SAĞLIK HİZMETLERİ SANAYİ VE TİCARET LİMİTED ŞİRKETİ,SHENZHEN BROWINER TECH CO LTD,,,,,,ÇİN HALK CUMHURİYETİ,,,İSTANBUL HAVALİMANI GÜMRÜK MÜDÜRLÜĞÜ,902214000000,VETERİNER AMAÇLI  DİJİTAL RONTGEN CİHAZI/(TIBBI VE CERRAHİ AMAÇLI DEĞİLDİR),,2.0,ADET(UNIT),40.0,7264.0,24341453IM00300175,,
2024-05-23,土耳其,中国,HASVET MEDİKAL YAZILIM SAĞLIK HİZMETLERİ SANAYİ VE TİCARET ANONİM ŞİRKETİ,SMART BEE INTERNATIONAL LIMITED,,,,,,ÇİN HALK CUMHURİYETİ,,,İSTANBUL HAVALİMANI GÜMRÜK MÜDÜRLÜĞÜ,902214000000,RÖNTGEN CİHAZI (5 SE-T),,5.0,ADET(UNIT),97.22,11126.78,24341453IM00299044,,
2024-05-23,哥伦比亚,中国,BIOCLINICOS DE COLOMBIA LTDA,SINO MEDICAL DEVICE TECHNOLOGY CO LTD,CR 64 # 96 65,"6TH FLOOR, BUILDING 15, NO.1008, SO",,,,CHINA,,,,9022140000,"DO 902404082-001 PEDIDO TRAMITE: 4024030980 DECLARACION(1-1) MERCANCIA NUEVA, REGISTRO DE IMPORTACION: REG-50076752-2024",,1.0,NUMERO DE ARTICULOS,456.3,51238.39,,,
2024-05-22,哥斯达黎加,中国,ALFA MEDICA SOCIEDAD ANONIMA,CONTEC MEDICAL SYSTEMAS CO L,,,,,,CHINA,,,,902214000010,LOS DEMAS ARTICULOS DE USO MEDICO MONITOR DE PACIENTE CONTEC MEDICAL SYSTEMS NA CMS9200PLUS,,2.0,Unidad (c/u),14.06,1162.48,,,CONTEC MEDICAL SYSTEMS                                                
2024-05-22,乌兹别克斯坦,中国,COMPANY DILDORA FARM KLINIKASI PE,SHENZHEN BROWINER CO LTD,"UZBEKISTAN,KHOREZM REGION,URGENCH CITY,XALQ'SO'ZI 45 | 1","ROOM 501,BUILDING C,GANGHONGJI HIGH-TECH INTELLIGENT INDUSTRIAL PARK, No. 1008, SONGBAI ROAD,YANGGUANG COMMUNITY,XILI-STREET,NANSHAN DISTRCIT, SHENZHEN",,,,,Uzbekistan (UZ),,,902214,S-DUGOY MOBILE RENTGENOVY SYSTEM MODEL; COMPAX 500C (MOBILE C-ARM X-RAY SYSTEM) WITH ACCESSORIES,,694.0,KG,694.0,21000.0,,,
2024-05-22,哥斯达黎加,中国,ALFA MEDICA SOCIEDAD ANONIMA,CONTEC MEDICAL SYSTEMAS CO L,,,,,,CHINA,,,,902214000010,LOS DEMAS ARTICULOS DE USO MEDICO DOPPLER FETAL DE BOLSILLO CONTEC MEDICAL SYSTEMS NA BABYSOUND C1,,20.0,Unidad (c/u),9.38,774.99,,,CONTEC MEDICAL SYSTEMS                                                
2024-05-22,土耳其,中国,HASVET MEDİKAL YAZILIM SAĞLIK HİZMETLERİ SANAYİ VE TİCARET ANONİM ŞİRKETİ,NANNING V V DENTAL CO LTD,,,,,,ÇİN HALK CUMHURİYETİ,,,İSTANBUL HAVALİMANI GÜMRÜK MÜDÜRLÜĞÜ,902214000000,VETERİNERLİK AMAÇLI X-RAY CİHAZI (10 SET/),,10.0,ADET(UNIT),230.0,20477.57,24341453IM00298061,,
2024-05-22,印度,中国,WIPRO GE MEDICAL DEVICE MANUFACTURING PRIVATE LIMI,GE HUALUN MEDICAL SYSTEMS CO LTD,"No.4, Kadugodi Industrial Area, Sad  Whitefield, Bangalore",,,,,CHINA ,,Beijing,BANGALORE ACC (INBLR4),90221490,5521321-4 - SYSTEM GANTRY HLA FOR OPTIMA IGS 320 - INDIA SEMI FINISHED (PARTS FOR MANUFACTURING OF IGS 320/OPTIMA IGS 32,,1.0,PCS ,0.0,83655.94,RNJGN68GX9THB,,
2024-05-22,乌兹别克斯坦,中国,FORTEK LTD,SHENZHEN SONTU MEDICAL IMAGING EQUIPMENT CO LTD BY ORDER SIA AZTECH,"M.ULUGBEK DISTRICT,6 PASSAGE,SAYRAM STR.,13,TASHKENT,100170 UZBEKISTAN","RIGA,VAIDAVAS IELA 15 K-1-39,LATVIA,LV-1084",,,,,Uzbekistan (UZ),,,902214,DIGITAL DIAGNOSTIC RADIOGRAPHIC SONTU 100-POLARIS50 E SYSTEM,,2840.0,KG,2840.0,86504.6202,,,
2024-05-22,哥斯达黎加,中国,ALFA MEDICA SOCIEDAD ANONIMA,CONTEC MEDICAL SYSTEMAS CO L,,,,,,CHINA,,,,902214000010,LOS DEMAS ARTICULOS DE USO MEDICO MONITOR DE SIGNOS VITALES CONTEC MEDICAL SYSTEMS NA PM50,,5.0,Unidad (c/u),7.81,645.83,,,CONTEC MEDICAL SYSTEMS                                                
2024-05-22,印度,中国,PHILIPS INDIA LIMITED,PHILIPS ELECTRONICS SINGAPORE PTE LTD,"3RD FLOOR TOWER A DLF PARK 08,MAJO  R ARTERIAL RD NEW TOWN RAJARHAT",,,,,CHINA ,,Singapore,SAHAR AIR CARGO ACC (INBOM4),90221490,459800559092 MAINS CONTROL UNIT PACKED (PARTS FOR IXR MACHINE),,1.0,NOS ,0.0,1067.92,M8FKA7Y7JMSVM,,
2024-05-22,印度,中国,PHILIPS INDIA LIMITED,PHILIPS ELECTRONICS SINGAPORE PTE LTD,"3RD FLOOR TOWER A DLF PARK 08,MAJO  R ARTERIAL RD NEW TOWN RAJARHAT",,,,,CHINA ,,Singapore,SAHAR AIR CARGO ACC (INBOM4),90221490,459801258192 FLOAT MAGNET BRAKE ASSEMBLY PACK (PARTS FOR IXRMACHINE),,2.0,NOS ,0.0,349.84,PC7618ZSR8GPC,,
2024-05-22,美国,中国,CARDINAL HEALTH 200 LLC,CAREMAX REHABILITATION EQUIPMENT CO,C/O DSC LOG 6275 LANCE DR RIVERSIDE CA 92507 CALIFORNIA USA ,SHUGANG ROAD PINGNAN INDUSTRIAL AR EA NANHAI ,CARDINAL HEALTH 200 LLC,C/O DSC LOG 6275 LANCE DR RIVERSIDE CA 92507 CALIFORNIA USA ,,"CN, CHINA",,"SHENZHEN,YANTIAN",LOS ANGELES,902214,COMMODE BUCKET 7QT WITH LID FOR MEDICAL USE,NO MARKS,540.0,CTN,2716.0,0.0,DMALCANA97048,TCLU2646404,
2024-05-21,印度,中国,CARESTREAM HEALTH INDIA PRIVATE LIMITED,CARESTREAM HEALTH HK HOLDING LTD,"STAR HUB BUILDING NO.2 8TH FLOOR,O  FFICENO.801 NEAR ITC MARATHA HOTEL",,,,,CHINA ,,Shanghai,NHAVA SHEVA SEA (INNSA1),90221490,6701577 COLLIMATOR AUTO R221 ACS DHHS (ACCESSORIES FOR DRX COMPASS SYSTEM),,1.0,NOS ,0.0,2724.06,LNX3SIBX3A5IM,,
2024-05-21,印度,中国,CARESTREAM HEALTH INDIA PRIVATE LIMITED,CARESTREAM HEALTH HK HOLDING LTD,"STAR HUB BUILDING NO.2 8TH FLOOR,O  FFICENO.801 NEAR ITC MARATHA HOTEL",,,,,CHINA ,,Shanghai,NHAVA SHEVA SEA (INNSA1),90221490,6701585 WALLSTAND-T Z-MOTORIZED W/O BUCKY C/F (ACCESSORIES FOR DRX COMPASS SYSTEM),,1.0,NOS ,0.0,4198.93,LNX3SIBX3A5IM,,
2024-05-21,印度,中国,ADATA SEMICONDUCTOR PRIVATE LIMITED,SHENZHEN ZHUOMAO TECHNOLOGY CO LTD,,,,,,CHINA ,,Shekou,TUGHLAKABAD,90221490,OFFLINE X RAY-X56002D(CAPTIVE CONSUMPTION),,1.0,NOS ,0.0,38000.0,O4HT9S5YJQLH6,,
2024-05-21,孟加拉国,中国,GENERAL MEDICAL ENGINEERING SERVICE,NANJING PERLOVE MEDICAL EQUIPMENT C,Co.,,,,,China,,,,90221400,HIGH FREQUENCY MOBILE C-ARM SYSTEM PLX112B(X-RAY MACHNE),,1.0,NMB,500.0,12100.0,,,
2024-05-21,印度,中国,CARESTREAM HEALTH INDIA PRIVATE LIMITED,CARESTREAM HEALTH HK HOLDING LTD,"STAR HUB BUILDING NO.2 8TH FLOOR,O  FFICENO.801 NEAR ITC MARATHA HOTEL",,,,,CHINA ,,Shanghai,NHAVA SHEVA SEA (INNSA1),90221490,"6701718 GRID, 44LINE/CM, FD 130, RATIO 10 TO 1 (ACCESSORIESFOR DRX COMPASS SYSTEM)",,1.0,NOS ,0.0,474.25,LNX3SIBX3A5IM,,
2024-05-21,乌兹别克斯坦,中国,ООО INTERMED INNOVATION TRADE,SHENZHEN ANGELL TECHNOLOGY CO LTD,,,,,,0,,,,9022140000,"1. Digital Medical X-ray Radiographic System DTP580B-3 with accessories/Система рентгенографическая медицинская цифровая DTP580B-3 с принадлежностями в разобранном виде,  новый, 2023 год выпуска, сер.№DX0252311012417, производитель Shenzhen Angell Technology Co LTD (Китай) - кол. 1 шт, вес: 730 кг 2. мест 4, 4 ящик 8. 000 9. 024 10. 2023/напряжение 220, частота 50/60Hz 11. 02 Общее кол. мест: 4 G31MARKA марка Angell YEAR10 год производ 2023 PARAM10 Характеристика товара напряжение 220, частота 50/60Hz",,1.0,Piece,730.0,40000.0,,,
2024-05-21,印度,中国,CARESTREAM HEALTH INDIA PRIVATE LIMITED,CARESTREAM HEALTH HK HOLDING LTD,"STAR HUB BUILDING NO.2 8TH FLOOR,O  FFICENO.801 NEAR ITC MARATHA HOTEL",,,,,CHINA ,,Shanghai,NHAVA SHEVA SEA (INNSA1),90221490,8621963 FOCUS WOD BUCKY FOR TABLE (ACCESSORIES FOR DRX COMPASS SYSTEM),,1.0,NOS ,0.0,988.48,LNX3SIBX3A5IM,,
2024-05-21,印度,中国,CARESTREAM HEALTH INDIA PRIVATE LIMITED,CARESTREAM HEALTH HK HOLDING LTD,"STAR HUB BUILDING NO.2 8TH FLOOR,O  FFICENO.801 NEAR ITC MARATHA HOTEL",,,,,CHINA ,,Shanghai,NHAVA SHEVA SEA (INNSA1),90221490,6704506 CARESTREAM ION CHAMBER 3 FIELD CIC-1 (ACCESSORIES FOR DRX COMPASS SYSTEM),,2.0,NOS ,0.0,510.02,LNX3SIBX3A5IM,,
2024-05-21,印度,中国,CARESTREAM HEALTH INDIA PRIVATE LIMITED,CARESTREAM HEALTH HK HOLDING LTD,"STAR HUB BUILDING NO.2 8TH FLOOR,O  FFICENO.801 NEAR ITC MARATHA HOTEL",,,,,CHINA ,,Shanghai,NHAVA SHEVA SEA (INNSA1),90221490,8621740 CEILING RAIL-OTC 4M LONG X2.8M TRANS C/F (ACCESSORIES FOR DRX COMPASS SYSTEM),,1.0,NOS ,0.0,2311.67,LNX3SIBX3A5IM,,
2024-05-21,印度,中国,CARESTREAM HEALTH INDIA PRIVATE LIMITED,CARESTREAM HEALTH HK HOLDING LTD,"STAR HUB BUILDING NO.2 8TH FLOOR,O  FFICENO.801 NEAR ITC MARATHA HOTEL",,,,,CHINA ,,Shanghai,NHAVA SHEVA SEA (INNSA1),90221490,8622151 WALLSTAND LATERAL ARM SUPPORT C/F (ACCESSORIES FOR DRX COMPASS SYSTEM),,1.0,NOS ,0.0,139.13,LNX3SIBX3A5IM,,
2024-05-21,印度,中国,CARESTREAM HEALTH INDIA PRIVATE LIMITED,CARESTREAM HEALTH HK HOLDING LTD,"STAR HUB BUILDING NO.2 8TH FLOOR,O  FFICENO.801 NEAR ITC MARATHA HOTEL",,,,,CHINA ,,Shanghai,NHAVA SHEVA SEA (INNSA1),90221490,8621617 X-RAY SYSTEM CONSOLE PDU 3P 380-480 C/F (ACCESSORIESFOR DRX COMPASS SYSTEM),,1.0,NOS ,0.0,3200.77,LNX3SIBX3A5IM,,
2024-05-21,印度,中国,CARESTREAM HEALTH INDIA PRIVATE LIMITED,CARESTREAM HEALTH HK HOLDING LTD,"STAR HUB BUILDING NO.2 8TH FLOOR,O  FFICENO.801 NEAR ITC MARATHA HOTEL",,,,,CHINA ,,Shanghai,NHAVA SHEVA SEA (INNSA1),90221490,8622128 DAP DOSE AREA PRODUCT METER C/F (ACCESSORIES FOR DRX COMPASS SYSTEM),,1.0,NOS ,0.0,1454.26,LNX3SIBX3A5IM,,
2024-05-21,印度,中国,PANACEA MEDICAL TECHNOLOGIES PRIVATE LIMITED,SPELLMAN HIGH VOLTAGE ELECTRONICS SUZHOU INDUSTR,"116,4TH FLOOR,SHAILENDRATECHNOPARK  ,ROAD 3, EPIP AREA PHASE1,",,,,,CHINA ,,SHANGHAI - PU DONG,BANGALORE ACC (INBLR4),90221410,X5457 VMX40P5X5457 HIGH VOLTAGE GENERATOR [ PART OF MAMMOGRAPHY ASSEMBLY],,4.0,NOS ,0.0,11556.0,G67BHCHL3EZQA,,
2024-05-21,印度,中国,CARESTREAM HEALTH INDIA PRIVATE LIMITED,CARESTREAM HEALTH HK HOLDING LTD,"STAR HUB BUILDING NO.2 8TH FLOOR,O  FFICENO.801 NEAR ITC MARATHA HOTEL",,,,,CHINA ,,Shanghai,NHAVA SHEVA SEA (INNSA1),90221490,8621898 FOCUS WOD BUCKY FOR WS (ACCESSORIES FOR DRX COMPASSSYSTEM),,1.0,NOS ,0.0,1067.76,LNX3SIBX3A5IM,,
2024-05-21,印度,中国,CARESTREAM HEALTH INDIA PRIVATE LIMITED,CARESTREAM HEALTH HK HOLDING LTD,"STAR HUB BUILDING NO.2 8TH FLOOR,O  FFICENO.801 NEAR ITC MARATHA HOTEL",,,,,CHINA ,,Shanghai,NHAVA SHEVA SEA (INNSA1),90221490,6703680 BRANDING KIT DRX-COMPASS TABLE ONLY (ACCESSORIES FORDRX COMPASS SYSTEM),,1.0,NOS ,0.0,245.79,LNX3SIBX3A5IM,,
2024-05-21,印度,中国,CANCER TREATMENT SERVICES HYDERABAD PRIVATE LIMITE,SIEMENS HEALTHINEERS INTL AG,"1-100/1/CCH, NALLAGANDLA VILLAGE,  SERILINGAMPALLY MANDAL, Contact No:",,,,,CHINA ,,Xingang,TUGHLAKABAD,90221490,LINEAR ACCELERATOR HALCYON ELITE INCL. COMPONENT PARTS AND STANDARD ACCESSORIES FOR MEDICAL APPLICATION,,1.0,NOS ,0.0,1450000.0,3W50IFE937IQC,,
2024-05-21,印度,中国,CARESTREAM HEALTH INDIA PRIVATE LIMITED,CARESTREAM HEALTH HK HOLDING LTD,"STAR HUB BUILDING NO.2 8TH FLOOR,O  FFICENO.801 NEAR ITC MARATHA HOTEL",,,,,CHINA ,,Shanghai,NHAVA SHEVA SEA (INNSA1),90221490,6701692 TABLE QT-750 W/O BUCKY C/F (ACCESSORIES FOR DRX COMPASS SYSTEM),,1.0,NOS ,0.0,6229.42,LNX3SIBX3A5IM,,
2024-05-21,印度,中国,CARESTREAM HEALTH INDIA PRIVATE LIMITED,CARESTREAM HEALTH HK HOLDING LTD,"STAR HUB BUILDING NO.2 8TH FLOOR,O  FFICENO.801 NEAR ITC MARATHA HOTEL",,,,,CHINA ,,Shanghai,NHAVA SHEVA SEA (INNSA1),90221490,8621716 OVERHEAD TUBE OTC Z ALPHA X&Y MOTORS C/F (ACCESSORIES FOR DRX COMPASS SYSTEM),,1.0,NOS ,0.0,9443.52,LNX3SIBX3A5IM,,
2024-05-21,印度,中国,CARESTREAM HEALTH INDIA PRIVATE LIMITED,CARESTREAM HEALTH HK HOLDING LTD,"STAR HUB BUILDING NO.2 8TH FLOOR,O  FFICENO.801 NEAR ITC MARATHA HOTEL",,,,,CHINA ,,Shanghai,NHAVA SHEVA SEA (INNSA1),90221490,8625709 PATIENT HANDLE OF TABLE ( ACCESSORIES FOR DRX COMPASS SYSTEMS ),,1.0,NOS ,0.0,86.88,LNX3SIBX3A5IM,,
2024-05-21,印度,中国,WIPRO GE MEDICAL DEVICE MANUFACTURING PRIVATE LIMI,GE HUALUN MEDICAL SYSTEMS CO LTD,"No.4, Kadugodi Industrial Area, Sad  Whitefield, Bangalore",,,,,CHINA ,,Beijing,BANGALORE ACC (INBLR4),90221490,5521321-4 - SYSTEM GANTRY HLA FOR OPTIMA IGS 320 - INDIA SEMI FINISHED (PARTS FOR MANUFACTURING OF IGS 320/OPTIMA IGS 32,,1.0,PCS ,0.0,83655.94,SJN5HZHTNF0GR,,
2024-05-21,菲律宾,中国,ARCORP MEDICAL ENTERPRISES,NEUSOFT MEDICAL SYSTEMS CO LTD,"CORNER SATURN,BAYANIHAN ST. BRGY. TORIL,DAVAO CITY, DAVAO CITY",,,,,CHINA,,,,90221400000,NEUCARE MAMMO DR HD,,1.0,PIECE,707.5,40000.0,032E502571,,
2024-05-21,孟加拉国,中国,GENERAL MEDICAL ENGINEERING SERVICE,NANJING PERLOVE MEDICAL EQUIPMENT C,Co.,,,,,China,,,,90221400,HIGH FREQUENCY MOBILE C-ARM SYSTEM PLX112B(X-RAY MACHNE),,1.0,,500.0,12100.0,,,
2024-05-21,印度,中国,WIPRO GE MEDICAL DEVICE MANUFACTURING PRIVATE LIMI,GE HUALUN MEDICAL SYSTEMS CO LTD,"No.4, Kadugodi Industrial Area, Sad  Whitefield, Bangalore",,,,,CHINA ,,Beijing,BANGALORE ACC (INBLR4),90221490,5521321-4 - SYSTEM GANTRY HLA FOR OPTIMAIGS 320 - INDIA SEMI FINISHED (PARTS FOR MANUFACTURING OF IGS 320/OPTIMA IGS 3,,1.0,NOS ,0.0,83655.94,LDYHRCD3T4DME,,
2024-05-21,印度,中国,WIPRO GE MEDICAL DEVICE MANUFACTURING PRIVATE LIMI,GE HUALUN MEDICAL SYSTEMS CO LTD,"No.4, Kadugodi Industrial Area, Sad  Whitefield, Bangalore",,,,,CHINA ,,Beijing,BANGALORE ACC (INBLR4),90221490,5521321-4 - SYSTEM GANTRY HLA FOR OPTIMAIGS 320 - INDIA SEMIFINISHED (PARTS FOR MANUFACTURING OF IGS 320/OPTIMA IGS 32,,1.0,NOS ,0.0,83655.94,J3HV6AFBZAEFQ,,
2024-05-21,秘鲁,中国,NO DISPONIBLE,GE HANGWEI MEDICAL SYSTEMS CO LTD,,,,,,CHINA,,Shanghai,,9022140000,"Rayos x Veterinario, Genray, PSG-PD5.6 DIAGNOSTICO VETERINARIO, INCLUYE ACCESORIOS PARA SU NORMAL FUNCIONAMIENTO N/SERIE: 08312401005 PET DR SYSTEM FABRICANTE GENRAY TECHNOLOGY / NRO. 0386-24-IPEN/OTAN,,,,",,1.0,U,165.555,10297.436,,,
2024-05-21,秘鲁,中国,NO DISPONIBLE,GE HANGWEI MEDICAL SYSTEMS CO LTD,,,,,,CHINA,,Shanghai,,9022140000,"Rayos x Veterinario, Genray, PSG-HR20 P2 DIAGNOSTICO VETERINARIO, INCLUYE ACCESORIOS PARA SU NORMAL FUNCIONAMIENTO N/SERIE: 02172106002 Pet Portable DR system FABRICANTE GENRAY TECHNOLOGY / NRO. 0386-24-IPEN/OTAN,,,,",,1.0,U,132.445,8237.949,,,
2024-05-21,印度,中国,CARESTREAM HEALTH INDIA PRIVATE LIMITED,CARESTREAM HEALTH HK HOLDING LTD,"STAR HUB BUILDING NO.2 8TH FLOOR,O  FFICENO.801 NEAR ITC MARATHA HOTEL",,,,,CHINA ,,Shanghai,NHAVA SHEVA SEA (INNSA1),90221490,"6701700 GRID,44LINE/CM,FD 100,RATIO 10 TO 1 (ACCESSORIES FORDRX COMPASS SYSTEM)",,1.0,NOS ,0.0,473.57,LNX3SIBX3A5IM,,
2024-05-21,印度,中国,CARESTREAM HEALTH INDIA PRIVATE LIMITED,CARESTREAM HEALTH HK HOLDING LTD,"STAR HUB BUILDING NO.2 8TH FLOOR,O  FFICENO.801 NEAR ITC MARATHA HOTEL",,,,,CHINA ,,Shanghai,NHAVA SHEVA SEA (INNSA1),90221490,6701536 GENERATOR GRP C 65KW 3P 380-480 VAC (ACCESSORIES FORDRX COMPASS SYSTEM),,1.0,NOS ,0.0,5170.39,LNX3SIBX3A5IM,,
2024-05-21,印度,中国,CARESTREAM HEALTH INDIA PRIVATE LIMITED,CARESTREAM HEALTH HK HOLDING LTD,"STAR HUB BUILDING NO.2 8TH FLOOR,O  FFICENO.801 NEAR ITC MARATHA HOTEL",,,,,CHINA ,,Shanghai,NHAVA SHEVA SEA (INNSA1),90221490,6703698 BRANDING KIT DRX-COMPASS OTC & WS ONLY (ACCESSORIESFOR DRX COMPASS SYSTEM),,1.0,NOS ,0.0,252.85,LNX3SIBX3A5IM,,
2024-05-20,菲律宾,中国,ARCORP MEDICAL ENTERPRISES,SHENZHEN BROWINER TECH CO LTD,"CORNER SATURN,BAYANIHAN ST. BRGY. TORIL,DAVAO CITY, DAVAO CITY",,,,,CHINA,,,,90221400000,"MOBILE C-ARM X-RAY SYSTEM, COMPAX 500C",,1.0,PIECE,823.0,71478.0,025E596515,,
2024-05-20,乌兹别克斯坦,中国,LLC BYORK,HC ALPHA TECHNOLOGY CO LTD,"100207, 14A CHULPON 2 STREET", ,,,,,Uzbekistan (UZ),,,902214,The universal digital long-distance X-ray diagnostic DRF-4 system with the dynamic flat panel detector with accessories,,1530.0,KG,1530.0,60000.0,,,
2024-05-20,埃及,中国,BIOMEDICAL FOR MEDICAL DEVICES,NANJING PERLOVE MEDICAL EQUIPMENT,",,",,,,,CHINA,EGYPT,Shekou,AIN SUKHNA,902214,APPARATUS BASED ON THE USE OF X-RAYS  FOR MEDICAL  SURGICAL,,4.0,PACKAGE(S),23900.0,0.0,SHZ6225383A,,
2024-05-20,菲律宾,中国,ARCORP MEDICAL ENTERPRISES,SHENZHEN BROWINER TECH CO LTD,"CORNER SATURN,BAYANIHAN ST. BRGY. TORIL,DAVAO CITY, DAVAO CITY",,,,,CHINA,,,,90221400000,DIGITAL RADIOGRAPHY SYSTEM BEATLE -06P1,,1.0,PIECE,61.0,7658.4,025E596515,,
2024-05-20,哥伦比亚,中国,ADVANCED RADIOTHERAPY CORP S A,SHENZHEN BROWINER TECH CO LTD,CL 89A # 20 25 POLO CLUB,"ROOM 501,BUILDING C,GANGHONGJI HIGH",,,,CHINA,,,,9022140000,"D.O. 2024-04669. PRIMER PARCIAL. REGISTRO DE IMPORTACION REG-50066588-20240423N FECHA: 23/04/2024 VISTO BUENO DEL INVIMA VINVIMA-24-0049422 FECHA:23/04/2024. MERCANCIA NUEVA DE PRIMERA CALIDAD. FACTURA: BWXS-CX100-202312-105FECHA: 11/03/2024** ITEM 1, PRODUCTO: SISTEMA DE RADIOGRAFIA DIGITAL, MARCA: BROWINER, MODELO: MOBILE SPARKLER 300C, REFERENCIA: MOBILE SPARKLER300C, SERIAL: BRW138202403001, USO O DESTINO: DISEÃ‘ADO PARA SER UTILIZADO POR UNMEDICO O TECNICO CUALIFICADO/CAPACITADO EN SUJETOS ADULTOS Y PEDIATRICOS PARA TOMAR EXPOSICIONES RADIOGRAFICAS DE DIAGNOSTICO DEL CRANEO, COLUMNA VERTEBRAL, TURAX, ABDOMEN, EXTREMIDADES Y OTRAS PARTES DEL CUERPO. LAS APLICACIONES PUEDEN REALIZARSE CON EL PACIENTE SENTADO, DE PIE O ACOSTADO EN POSICION PRONO O SUPINA. NO APTO PARA MAMOGRAFIA., TECNICA DEDIAGNOSTICO: RAYOS X, VIDA UTIL: 8 AÃ‘OS, MANUFCATURE DATE: 14/03/2024, EXPIRY DATE: 13/03/2032,CON TODAS SUS PARTES Y ACCESORIOS PARA NORMAL FUNCIONAMIENTO E INSTALACION FABRICANTE: SHENZHEN BROW",,2.0,NUMERO DE ARTICULOS,865.0,46467.9,,,
2024-05-20,哥伦比亚,中国,C MEDICAL S A S,SHENZHEN ANGELL TECHNOLOGY CO LTD,CR 72 A 48 50,"ROOM 408, BUILDING A, HUAHAN INNOVA",,,,CHINA,,,,9022140000,"DO 347421-001 PEDIDO TRAMITE: DO 0900324 C MEDICAL MAMOGRAFO DECLARACION(1-1) MERCANCIA NUEVA Y DE PRIMERA CALIDAD, NOS ACOGEMOS A LA RESOLUCION 057 DEL 13 DE ABRIL DE 2015 DESCRIPCIONES MINIMAS / REG-50064907-20240419N FECHA 2024-04-19 VIGENCIA 2025-04-17 VISTO BUENO VINVIMA-24-0048046 FECHA 2024-04-19. FACTURA: AO2024022101 -902009 FECHA: 2024-02-21 MODELO EN FACTURA: DM156A, DIGITAL MEDICAL X-RAY RADIOGRAPHIC SYSTEM MAMMOGRAPHY; PRODUCTO: MAMOGRAFO DIGITAL DE RAYOS X - ACCESORIOS Y REPUESTOS / MAMOGRAFO DIGITAL DE RAYOS X, MARCA: ANGELL, MODELO: DM156 A, REFERENCIA: DM156A DIGITAL MEDICAL X-RAY MAMMOGRAPHY SYSTEM, USO O DESTINO: EL DISPOSITIVO ES UN SISTEMA DE RAYOS X DE MAMOGRAFIA DIGITAL QUE CONSTA DE LA UNIDAD DE RADIOGRAFIA, EL TUBO DE RAYOS X, ELDISPOSITIVO DE SOPORTE DE RAYOS X, EL GENERADOR DE ALTA TENSION Y LA UNIDAD DE CONTROL DE RAYOS X. EL DISPOSITIVO SE INSTALA EN HOSPITALES, TECNICA DE DIAGNOSTICO: MAQUINA DE RAYOS X DE MAMOGRAFIADIGITAL, SERIAL: DX0282402012516,, R.S:",,1.0,NUMERO DE ARTICULOS,687.6,53122.82,,,
2024-05-19,阿富汗,中国,KHALID HASSAMI CONSTRUCTION&TRADINGCO,HUOERGUOSI RONGDA TRADING CO LTD,OLASOY MARKET,"YILI,XINJIANG",,,,,Afghanistan (AF),,,902214,MEDICAL X-RAY DEVICE,,110.0,KG,110.0,1218.0,,,
2024-05-19,俄罗斯,中国,EAST MEDICAL GROUP,BIKANG TIANCHENG SHANGHAI INFORMATION TECHNOLOGY CO LTD,"SAVELKINSKY DRIVE, 4, FLOOR 22 INN 7735178032 KPP 773501001","ROOM 202, NO. 2, LANE950, JIANCHUAN ROAD, MINHANG DISTRICT",,,,,Russia (RU),,,902214,Device x-ray veterinary ZOOMED VX-400,,1411.0,KG,1411.0,49545.8658,,,
2024-05-19,印度,中国,PHILIPS INDIA LIMITED,PHILIPS ELECTRONICS SINGAPORE PTE LTD,"3RD FLOOR TOWER A DLF PARK 08,MAJO  R ARTERIAL RD NEW TOWN RAJARHAT",,,,,CHINA ,,Singapore,SAHAR AIR CARGO ACC (INBOM4),90221410,459801656541 KIT PAN KNOB CONTROL MODULE (PARTS FOR IXR MACHINE),,1.0,NOS ,0.0,105.89,YLY3P4W1HMGVK,,
2024-05-18,乌干达,中国,JOINT MEDICAL STORE UPMB UCMB KAMPALA MAKINDYE DIVISION WEST MAKINDYE DIVISIONNSAMBYA ESTATEGOGONYA RD1828 4501 KAMPALA,BEIJING WANDONG MEDICAL TECHNOLOGY CO LTD,,,,,,CHINA,UGANDA,,,90221400000,Digital Radiography X-ray System,,2.9997,Number,2390.0001,93000.0,,,
2024-05-18,印度,中国,PHILIPS INDIA LIMITED,PHILIPS ELECTRONICS SINGAPORE PTE LTD,"3RD FLOOR TOWER A DLF PARK 08,MAJO  R ARTERIAL RD NEW TOWN RAJARHAT",,,,,CHINA ,,Singapore,SAHAR AIR CARGO ACC (INBOM4),90221490,459800385101 TSM SWING ARM (PARTS FOR MEDICAL EQUIPMENT),,1.0,NOS ,0.0,338.45,U3DGBW6Z7UOGU,,
2024-05-17,波兰,中国,CARGO DB EURASIA GMBH P P GE MEDICAL SYSTEMS SCS,BEIJING GE HANGWEI MEDICAL EQUIPMENT CO LTD,UL.VIEYSKA 2 | 11,No. 1 NORTH YONG CHANG STREET BEIJING ECONOMIC & TECHNOLOGICAL DEVELOPMENT AREA,,,,,Poland (PL),,,902214,MOBILE X-RAY DEVICE S-DUGI,,338.0,KG,338.0,30953.5,,,
2024-05-17,墨西哥,中国,GE SISTEMAS MEDICOS DE MEXICO SA DE CV,GE HUALUN MEDICAL SYSTEMS CO LTD,"ANTONIO DOVALI JAIME 70 TORRE B PISO 4 AVENIDA JAVIER BARROS SIERRA Y AVENIDA SANTA FE

Ciudad de Mexico
01210","YONG CHANG NORTH ROAD
BEIJINGCHINA

100176",,,,CHINA,,,NUEVO LAREDO NUEVO LAREDO TAMAULIPAS.,9022149101,SISTEMA RADIOGRAFICO XR6000,,1.0,PIECE,881.0,20246.66,,,
2024-05-17,墨西哥,中国,GE SISTEMAS MEDICOS DE MEXICO SA DE CV,GE HUALUN MEDICAL SYSTEMS CO LTD,"ANTONIO DOVALI JAIME 70 TORRE B PISO 4 AVENIDA JAVIER BARROS SIERRA Y AVENIDA SANTA FE

Ciudad de Mexico
01210","YONG CHANG NORTH ROAD
BEIJINGCHINA

100176",,,,CHINA,,,NUEVO LAREDO NUEVO LAREDO TAMAULIPAS.,9022149101,SISTEMA RADIOGRAFICO XR6000,,1.0,PIECE,881.0,20464.73,,,
2024-05-17,哥伦比亚,中国,CMR DE COLOMBIA SAS,SHENZHEN BROWINER TECH CO LTD,CR 7 74 09,"7F, BUILDING C, LONGJING JINGU PION",,,,CHINA,,,,9022140000,"DO 2240290-001 CODIGO / RESOLUCION OEA DECLARANTE: RESOLUCION 009264 DE 02-11-2023; PEDIDO TRAMITE: OC 001-2024 DECLARACION(1-1) MERCANCIA NUEVA, MERCANCIA UBICADA EN DEPOSITO LAAX SERVICE SAS MZ 12 BOD 2, NOS ACOGEMOS VISTO BUENO INVIMA NO. VINVIMA-24-0033302 CON FECHA DE APROBACION DEL DIA 15 DE MARZO DEL 2024, NUMERO DE FACTURA COMPLETO: BWXS-MX20-202401-01006. COD. COOPER DR REG SAN INVIMA 201EBC-0023632 VIG HASTA 2031/05/26; PRODUCTO: SISTEMAS DE RADIOGRAFIA DIGITAL DEL TIPO PORTATIL / DIGITAL RADIOGRAPHY SYSTEM, MARCA: BROWINER - CMR, MODELO: MOBILECOOPER, REFERENCIA: MOBILECOOPER, USO O DESTINO: ES UN SISTEMA DE DISPOSITIVO MOVIL PREVISTO PARA SER UTILIZADO EN PROCEDIMIENTOS DE DIAGNOSTICO EN HOSPITALES, TECNICA DE DIAGNOSTICO: RAYOS X, SERIAL: BRW006202401001, CON ACCESORIOS PARA SU NORMAL FUNCIONAMIENTO INCLUYE UN FLAT PANEL PROTECTOR, PAIS ORIGEN CHINA- 215 CANT (1) UNIDAD (ITEM 1).",,1.0,NUMERO DE ARTICULOS,345.6,28320.0,,,
2024-05-16,墨西哥,中国,GE SISTEMAS MEDICOS DE MEXICO SA DE CV,GE HUALUN MEDICAL SYSTEMS CO LTD,"ANTONIO DOVALI JAIME 70 TORRE B PISO 4 AVENIDA JAVIER BARROS SIERRA Y AVENIDA SANTA FE

Ciudad de Mexico
01210","YONG CHANG NORTH ROAD
BEIJINGCHINA

100176",,,,CHINA,,,NUEVO LAREDO NUEVO LAREDO TAMAULIPAS.,9022149101,SISTEMA RADIOGRAFICO XR6000,,1.0,PIECE,881.0,20046.36,,,
2024-05-16,哈萨克斯坦,中国,QAZNA LTD LTD LIABILITY PARTNERSHIP,SHENZHEN SONTU MEDICAL IMAGING EQUIPMENT CO LTD,"Kazakhstan, Almaty Region, Almaty, Mikrorayon KALKAMAN St., 4 | 6","101,102,202, BUILDING NO.1, SHENZHEN BIOMEDICINE INNOVATIONS INDUSTRIAL PARK, No. 14 JINHUI ROAD,",,,,,Kazakhstan (KZ),,,902214,digital radiographic system model: SONTU100-RAD (d) - I,,2006.0,KG,2006.0,66000.0,,,
2024-05-16,纳米比亚,中国,LONGBEAM INVESTMENT HOLDINGS PTY LTD,NINGBO RINWELL MEDICAL CO LTD,nP.O. BOX 35255 KLEINE KUPPE WINDHO   ,n12-6 NO 858 FUMING ROAD NINGBO n315041 nCHINA ,,,,,Namibia,,,90221400,ENDOTRACHEAL TUBE CUFFED WITH X-RAY,,0.0,,107.0,1451.2276,,,
2024-05-16,墨西哥,中国,GE SISTEMAS MEDICOS DE MEXICO SA DE CV,GE HUALUN MEDICAL SYSTEMS CO LTD,"ANTONIO DOVALI JAIME 70 TORRE B PISO 4 AVENIDA JAVIER BARROS SIERRA Y AVENIDA SANTA FE

Ciudad de Mexico
01210","YONG CHANG NORTH ROAD
BEIJINGCHINA

100176",,,,CHINA,,,NUEVO LAREDO NUEVO LAREDO TAMAULIPAS.,9022149101,SISTEMA RADIOGRAFICO XR6000,,1.0,PIECE,881.0,20583.28,,,
2024-05-15,墨西哥,中国,INVYRTE SA DE CV,BEIJING WANDONG MEDICAL TECHNOLOGY CO LTD,"DEL ROSAL 108 AV. AZTECAS Y EJE 10 SUR
Cuajimalpa de Morelos
Ciudad de Mexico
04330","


",,,,CHINA,,,MANZANILLO MANZANILLO COLIMA.,9022149199,MAQUINA DE RAYOS X RADIOGRAFIA DIGITAL,,1.0,PIECE,21170.0,42210.19,,,
2024-05-15,乌兹别克斯坦,中国,ООО INTERMED INNOVATION TRADE,SHENZHEN ANGELL TECHNOLOGY CO LTD,,,,,,0,,,,9022140000,"1. Digital Medical X-ray Radiographic System DTP580B-3 with accessories/Система рентгенографическая медицинская цифровая DTP580B-3 с принадлежностями в разобранном виде, новый, 2023 год выпуска, сер.№XS-12312012428, производитель Shenzhen Angell Technology Co LTD (Китай) - кол. 1 шт, вес: 800 кг 2. мест 5, 5 ящик 8. 000 9. 024 10. 2023/напряжение 220, частота 50/60Hz 11. 02 Общее кол. мест: 5 G31MARKA марка Angell YEAR10 год производ 2023 PARAM10 Характеристика товара напряжение 220, частота 50/60Hz",,1.0,Piece,800.0,50000.0,,,
2024-05-15,菲律宾,中国,GENERAL ELECTRIC PHILS INC,GE HUALUN MEDICAL SYSTEM CO LTD,"27TH FLOOR MENARCO TOWER, 32ND STREET, BONIFACIO, GLOBAL CITY, TAGUIG CITY",,,,,CHINA,,,,90221400000,1 EA OEC One CFD21 Vascular 25 [S20205GS],,1.0,,404.0,40838.5,SHA71356991,,
2024-05-15,哈萨克斯坦,中国,RUBIN GROUP LTD LIABILITY PARTNERSHIP RUBIN GROPE,DRGEM CORPORATION,"ANAROV ST., 8, QUARTER. (OFFICE) 16", ,,,,,Kazakhstan (KZ),,,902214,DIGITAL DIAGNOSTIC X-RAY SYSTEM;,,213.0,KG,213.0,13570.0,,,
2024-05-15,菲律宾,中国,TECHNOMED INTERNATIONAL INC,SHENZHEN BROWINER,"4/F MEDECOR BLDG. ORTIGAS AVE, GREENHILLS, SAN JUAN",,,,,CHINA,,,,90221400000,BROWINER DIGITAL RADIOGRAPHY SYSTEM,,1.0,PIECE,280.0,31970.0,HF24041212,,
2024-05-15,巴基斯坦,中国,RADIANT MEDICAL PVT LTD,CARESTREAM HEALTH HK LTD,"6-SHERSHAH BLOCK, NEW GARDEN TOWN, LAHORE, Lahore Gulberg Town"," FREE TRADE ZONE(FTZ)  NO.4,YUNAN SAN RD.XIANGYU F.T.Z  361012 XIAMEN,CHINA  HONG KONG",,,,China (CN),,,KAPW,90221400,DRX COMPASS X-RAY MACHINE IN CKD CONDITON  MODEL NO. CGN-50  MFG DATE 04/2024  POWER 50/40/32KW  380/400/480V  WITH LASER IMAGING SYSTEM  MODEL NO. DRYVIEW 6950  CPU SYSTEM  AND STANDARD ACCESSORIES  QTY: 01 UNIT  NET WEIGHT: 1360 KGS APPROX  BRAND: CARESTREAM  ORIGIN: CHINA,,1.0,u,1.359,3330.0,GDWV24041676,,
2024-05-15,巴基斯坦,中国,RADIANT MEDICAL PVT LTD,CARESTREAM HEALTH HK LTD XIAMEN,"6-SHERSHAH BLOCK, NEW GARDEN TOWN, LAHORE, Lahore Gulberg Town",,,,,China                         ,,,KAPW,90221400,DRX COMPASS X-RAY MACHINE IN CKD CONDITON  MODEL NO. CGN-50  MFG DATE 04/2024  POWER 50/40/32KW  380/400/480V  WITH LASER IMAGING SYSTEM  MODEL NO. DRYVIEW 6950  CPU SYSTEM  AND STANDARD ACCESSORIES  QTY: 01 UNIT  NET WEIGHT: 1360 KGS APPROX  BRAND: CARES,,1.0,u,0.0,3330.0,,,
2024-05-15,巴基斯坦,中国,FUJIFILM PAKISTAN PRIVATE LTD,FUJIFILM HEALTHCARE ASIA PACIF,37-D BLOCK-6 P.E.C.H.S.," IC PTE LTD,10-NEW INDUSTRIAL ROAD FUJIFILM BUILDING, SINGAPORE",,,,China (CN),,,KAPS,90221400,(MEDICAL EQUIPMENT). FCR PRIMA T2 PNTM CR IR 392 RU2 PNTM A. (QTY.31UNIT),,31.0,u,1.1966,77500.0,QYSEA240326,,
2024-05-15,巴基斯坦,中国,FUJIFILM PAKISTAN PRIVATE LIMITED,FUJIFILM HEALTHCARE ASIA PACIF,37-D BLOCK-6 P.E.C.H.S.,,,,,China,,,KAPS,90221400,(MEDICAL EQUIPMENT). FCR PRIMA T2 PNTM CR IR 392 RU2 PNTM A. (QTY.31UNIT),,31.0,u,0.0,77500.0,,,
2024-05-15,美国,中国,AUTHORITY MEDICAL GROUP LLC,JIAXING HAOYI TEXTILE CO LTD, 5950 NE JACOBSON STREET BUILDING 11 SUITE 190 HILLSBORO OREGON 97124 USA , HONGXI DEVELOPMENT ZONE TIANNING JIASHAN ZHEJIANG CHINA 314109 ,AUTHORITY MEDICAL GROUP LLC, 5950 NE JACOBSON STREET BUILDING 11 SUITE 190 HILLSBORO OREGON 97124 USA ,,"CN, CHINA",,SHANGHAI,"PORTLAND,OR",902214,"FOR MEDICAL USE ONLY, SILDER TUBE MATERIAL",PO: MPU MATERIAL COMPOSITION: WIDTH:,232.0,ROL,7876.0,0.0,HNLTSH24A01694,MEDU4193298,
2024-05-15,巴拿马,中国,CEDI MEDICAL PANAMA S A,ENDOFLEX GMBH,,,,,,CHINA,,,DHL PANAMA - BODEGA,902214000000,INTRUMENTOS DE USO MEDICOS,,60.0,UNIT (UNIDAD),16.69,5835.58,,,
2024-05-14,乌兹别克斯坦,中国,ООО FORTEK,SINO MEDICAL DEVICE TECHNOLOGY CO LTD КИТАЙ,,,,,,0,,,,9022140000,"1) Аппарат маммографический (рентгеновская установка, с помощью которой выполняется маммография): Маммограф модели Navigator DR Care с принадлежностями/ Mammography Navigator DR Care/Новый,2024г.в./Сер№0347240105A00003/ Пр-ль.:""Sino Medical-Device Technology Co., Ltd."", Китай/ Комплект состоит из: основной блок маммографа детектор, рабочая станция для управления и сбора данных (компьютер в сборе, медицинский монитор разрешения 2M), рабочая станция для работы с изображениями и диагностики (компью G31MARKA марка SINO YEAR10 год производ 2024 PARAM10 Характеристика товара это модель цифрового маммографического оборудования с детектором из аморфного кремния размером 24*30см.",,1.0,Piece,340.0,47700.0,,,
2024-05-14,波兰,中国,RTSB GMBH OF DLYA OF OMIDA SEA&AIR S A,CITY UNION MULTIMODAL TRANSPORT CO LTD,KOLEYAZHY ST. 21,"19 | F, BUILDING B, BAOLAND PLAZA, 588 DALIAN ROAD, YANGPU DISTRICT,",,,,,Poland (PL),,,902214,VETERINARY DIGITAL X-RAY PHOTOGRAPHIC SYSTEM,,1041.0,KG,1041.0,48300.0,,,
2024-05-14,科特迪瓦,中国,USAGER POUR DÉCLARATION SIMPLIFIÉE,,"BP V25,RCI",,,,,Chine,COTE D'IVOIRE,,,9022140000,"9022140000 - -- Appareils à rayons X pour usages médicaux, ch",,1.0,,15.0,247.2,,,
2024-05-14,菲律宾,中国,PHILIPS PHILIPPINES INC,PHILIPS HEALTHCARE SUZHOU LTD,"10F SUNLIFE CENTRE 5TH AVE COR RIZAL DRIVE FORT BONIFACIO, TAGUIG CITY",,,,,CHINA,,,,90221400000,1 PCE DURADIAGNOST F30 1.1 (PHILIPS),,1.0,PIECE,1149.0,21629.5,CPL0175677,,
2024-05-14,埃塞俄比亚,中国,BILHAM PHARMACEUTICALS P L C,,,,,,,China,,,,90221400,"-- Other, for medical, surgical or veterinary uses",,2.0,UNT,103.0,31335.72,,,
2024-05-14,土耳其,中国,ÖZEL MEDİKAL TIBBİ CİHAZLAR SANAYİ VE TİCARET LİMİTED ŞİRKETİ,GE HEALTHCARE TRADE AND DEVELOPMENT LLC,,,,,,ÇİN HALK CUMHURİYETİ,,,MURATBEY GÜMRÜK MÜDÜRLÜĞÜ,902214000000,GE E2MARKA4B OEC BR21IVO 785 M8AODEL C KOLL2 U MOBİL RÖNTGEN CİHAZI (BİRİNCİL ÜRÜN NO: 00840682115438) KULLANI+MI İÇİN GEREKLİ TEFERRUATLARIYLA BİRLİKTE KOMPLEDİR. PARÇA NO: S20002HW,,2.0,ADET(UNIT),985.6,63240.0,24341300IM00099828,,
2024-05-14,菲律宾,中国,PHILIPS PHILIPPINES INC,PHILIPS HEALTHCARE SUZHOU LTD,"10F SUNLIFE CENTRE 5TH AVE COR RIZAL DRIVE FORT BONIFACIO, TAGUIG CITY",,,,,CHINA,,,,90221400000,1 PCE DURADIAGNOST F30 1.1 (PHILIPS),,1.0,PIECE,1150.0,21629.5,CPL0175677,,
2024-05-14,印度,中国,PHILIPS INDIA LIMITED,SPELLMAN HIGH VOLTAGE ELECTRONICS SUZHOU INDUSTRI,"3RD FLOOR TOWER A DLF PARK 08,MAJO  R ARTERIAL RD NEW TOWN RAJARHAT",,,,,CHINA ,,SHANGHAI - PU DONG,SAHAR AIR CARGO ACC (INBOM4),90221410,"(IGCRD SRNO: 161) 459801732292,HF GENERATOR MMB 409085-001(FOR C-ARM IMAGE INTENSIFIER SYSTEM)",,4.0,NOS ,0.0,8292.0,N4GU3UZYI6H0F,,
2024-05-13,波兰,中国,BAHNOPERATOR POLSKA DEPARTMENT MALASZEWICZE FOR CENTRAL SHIPPING AGENCY S P A,FANCHENG INTERNATIONAL TRANSPORTATION SERVICE CO LTD XI'AN BRANCH,WOLKA DOBRYNSKA 58,"ROOM 2102 UNIT 1, BLOCK B LEAD TIMES SQUARE, No. 86 GAOXIN ROAD",,,,,Poland (PL),,,902214,EQUIPMENT MEDICAL (WITH-SHAPED LEVER ASSEMBLED),,580.0,KG,580.0,10000.0,,,
2024-05-13,美国,中国,CARDINAL HEALTH 200 LLC,CAREMAX REHABILITATION EQUIPMENT CO,C/O DSC LOG 6275 LANCE DR RIVERSIDE CA 92507 CALIFORNIA USA ,SHUGANG ROAD PINGNAN INDUSTRIAL AR EA NANHAI ,CARDINAL HEALTH 200 LLC,C/O DSC LOG 6275 LANCE DR RIVERSIDE CA 92507 CALIFORNIA USA ,,"CN, CHINA",,"SHENZHEN,YANTIAN",LOS ANGELES,902214,COMMODE BUCKET 7QT WITH LID FOR MEDICAL USE,NO MARKS,500.0,CTN,2515.0,0.0,DMALCANA97021,KKTU7979700,
2024-05-13,乌干达,中国,JOINT MEDICAL STORE UPMB UCMB KAMPALA MAKINDYE DIVISION WEST MAKINDYE DIVISIONNSAMBYA ESTATEGOGONYA RD1828 4501 KAMPALA,BEIJING WANDONG MEDICAL TECHNOLOGY CO LTD,,,,,,CHINA,UGANDA,,,90221400000,Digital Radiography X-ray System,,3.0,Number,2390.0,93000.0,,,
2024-05-12,俄罗斯,中国,GE HEALTHCARE LLC,GE HUALUN MEDICAL SYSTEMS CO LTD ON BEHALF OF GE HEALTHCARE TRADE&DEVELOPMENT LLC,"ROOM 30, 14 FLOOR, PREMISES I, 10, PRESNENSKAYA NABEREZHNAYA, INNER CITY TERRITORY PRESNENSKY MUNICIPAL DISTRICT","No. 1 NORTH YONG CHANG STREET, BEIJING ECONOMIC & TECHNOLOGICAL DEVELOPMENT AREA",,,,,Russia (RU),,,902214,The device x-ray mobile with OEC One S-arch with accessories the Device x-ray mobile with the S-arch of OEC One CFD with accessories,,6035.0,KG,6035.0,338267.16,,,
2024-05-11,美国,中国,CARDINAL HEALTH 200 LLC,,24101 S BRADLEY ST CHANNAHON IL UNITED STATES ,N/A,N/A,N/A,,"CN, CHINA",,"SHENZHEN,YANTIAN",LONG BEACH,902214,COMMODE BUCKET 7QT WITH LID FOR MEDICAL USE,. . . . . . . . .,540.0,CTN,2716.0,0.0,OOLU2147371380,OOLU2960862,
2024-05-11,苏丹,中国,TABASHEER MEDICAL CO LTD,SHENZHEN MINDRAY BIO MEDICAL,",,",,,,,CHINA,SUDAN,Shekou,PORT SUDAN,902214,APPARATUS BASED ON THE USE OF X-RAYS  FOR MEDICAL  SURGICAL,,17.0,CARTONS,7230.0,0.0,SHZ6213407,,
2024-05-11,苏丹,中国,TABASHEER MEDICAL CO LTD,SHENZHEN MINDRAY BIO MEDICAL,",,",,,,,CHINA,SUDAN,Shekou,PORT SUDAN,902214,APPARATUS BASED ON THE USE OF X-RAYS  FOR MEDICAL  SURGICAL,,17.0,CARTONS,7230.0,0.0,SHZ6213407,,
2024-05-10,印度,中国,PHILIPS INDIA LIMITED,PHILIPS ELECTRONICS SINGAPORE PTE LTD,"3RD FLOOR TOWER A DLF PARK 08,MAJO  R ARTERIAL RD NEW TOWN RAJARHAT",,,,,CHINA ,,Singapore,KOLKATA ACC (INCCU4),90221490,459800202852 KIT JOYSTICKS GEO_IMAG_ELASTOMER (PARTS USE INIXR),,1.0,NOS ,0.0,335.74,K7T87RRKSFZE4,,
2024-05-10,哈萨克斯坦,中国,ТОО АЛАШKZ,SHENZHEN BROWINER TECH CO LTD, , ,,,"SHENZHEN BROWINER TECH CO., LTD",China,Kazakhstan,,,9022140000,"1. МОБИЛЬНАЯ РЕНТГЕНОВСКАЯ СИСТЕМА COMPAX С С-ДУГОЙ В ВАРИАНТАХ ИСПОЛНЕНИЯ: COMPAX 500C В КОМПЛЕКТЕ  С ПРИНАДЛЕЖНОСТЯМИ, :",,1.0,ШТ,538.0,28698.17,,,
2024-05-10,哈萨克斯坦,中国,ТОО АЛАШKZ,SHENZHEN BROWINER TECH CO LTD, , ,,,"SHENZHEN BROWINER TECH CO., LTD",China,Kazakhstan,,,9022140000,"1. СИСТЕМА ЦИФРОВОЙ РЕНТГЕНОГРАФИИ PERFOX В ВАРИАНТАХ ИСПОЛНЕНИЯ: PERFOX 3000А В КОМПЛЕКТЕ С  ПРИНАДЛЕЖНОСТЯМИ, :",,1.0,ШТ,700.0,20904.06,,,
2024-05-10,哈萨克斯坦,中国,ТОО DDN GROUP,SHENZHEN SONTU MEDICAL IMAGING EQUIPMENT CO LTD, , ,,,"SHENZHEN SONTU MEDICAL IMAGING EQUIPMENT CO., LTD",China,Kazakhstan,,,9022140000,"1. ЦИФРОВАЯ РЕНТГЕНОГРАФИЧЕСКАЯ СИСТЕМА SONTU100- RAD(D)- I, ЦИФРОВАЯ РЕНТГЕНОГРАФИЧЕСКАЯ СИСТЕМА SONTU100- RAD(D)- I",,1.0,ШТ,593.0,23949.54,,,SHENZHEN SONTU
2024-05-10,墨西哥,中国,GE SISTEMAS MEDICOS DE MEXICO SA DE CV,GE HUALUN MEDICAL SYSTEMS CO LTD,"ANTONIO DOVALI JAIME 70 TORRE B PISO 4 AVENIDA JAVIER BARROS SIERRA Y AVENIDA SANTA FE

Ciudad de Mexico
01210","YONG CHANG NORTH ROAD
BEIJINGCHINA

100176",,,,CHINA,,,NUEVO LAREDO NUEVO LAREDO TAMAULIPAS.,9022149101,SISTEMA RADIOGRAFICO XR6000,,1.0,PIECE,904.0,19078.4,,,
2024-05-10,哈萨克斯坦,中国,ТОО АЛАШKZ,SHENZHEN BROWINER TECH CO LTD, , ,,,"SHENZHEN BROWINER TECH CO., LTD",China,Kazakhstan,,,9022140000,"1. МОБИЛЬНАЯ ЦИФРОВАЯ РЕНТГЕНОГРАФИЧЕСКАЯ СИСТЕМА MOBILECOOPER, :",,1.0,ШТ,312.0,29636.88,,,
2024-05-09,尼日利亚,中国,GIJUWIE BIO MEDICAL ELECTRONICS CO LTD,SHENGZHEN SONTU MEDICAL IMAGING EQUIPMENT CO LTD,,,,,,China,,,APAPA PORT,9022140000,"Apparatus based on the use of X-rays or of alpha, betaused for medical, surgical .",,0.0,,172.0,161.7,,,
2024-05-09,墨西哥,中国,GE SISTEMAS MEDICOS DE MEXICO SA DE CV,GE HUALUN MEDICAL SYSTEMS CO LTD,"ANTONIO DOVALI JAIME 70 TORRE B PISO 4 AVENIDA JAVIER BARROS SIERRA Y AVENIDA SANTA FE

Ciudad de Mexico
01210","YONG CHANG NORTH ROAD
BEIJINGCHINA

100176",,,,CHINA,,,NUEVO LAREDO NUEVO LAREDO TAMAULIPAS.,9022149199,SISTEMA DE RAYOS X CON BRAZO EN C MOVIL,,1.0,PIECE,503.0,50784.4,,,
2024-05-09,菲律宾,中国,SIEMENS HEALTHCARE INC,SIEMENS SHANGHAI MEDICAL EQUIPMENT,"10/F M1 TOWER 141 H.V. DELA COSTA ST. SALCEDO VILLAGE BRGY. BEL-AIR, MAKATI CITY",,,,,CHINA,,,,90221400000,1 PCE: 14471736 MULTIX IMPACT (X-RAY SYSTEM),,1.0,,1241.0,115488.1,SHAG33291,,
2024-05-09,墨西哥,中国,GE SISTEMAS MEDICOS DE MEXICO SA DE CV,GE HUALUN MEDICAL SYSTEMS CO LTD,"ANTONIO DOVALI JAIME 70 TORRE B PISO 4 AVENIDA JAVIER BARROS SIERRA Y AVENIDA SANTA FE

Ciudad de Mexico
01210","YONG CHANG NORTH ROAD
BEIJINGCHINA

100176",,,,CHINA,,,NUEVO LAREDO NUEVO LAREDO TAMAULIPAS.,9022149199,SISTEMA DE RAYOS X CON BRAZO EN C MOVIL,,1.0,PIECE,503.0,51224.54,,,
2024-05-09,墨西哥,中国,GE SISTEMAS MEDICOS DE MEXICO SA DE CV,GE HUALUN MEDICAL SYSTEMS CO LTD,"ANTONIO DOVALI JAIME 70 TORRE B PISO 4 AVENIDA JAVIER BARROS SIERRA Y AVENIDA SANTA FE

Ciudad de Mexico
01210","YONG CHANG NORTH ROAD
BEIJINGCHINA

100176",,,,CHINA,,,NUEVO LAREDO NUEVO LAREDO TAMAULIPAS.,9022149199,SISTEMA DE RAYOS X CON BRAZO EN C MOVIL,,1.0,PIECE,503.0,50784.4,,,
2024-05-09,菲律宾,中国,SIEMENS HEALTHCARE INC,SIEMENS SHANGHAI MEDICAL EQUIPMENT,"10/F M1 TOWER 141 H.V. DELA COSTA ST. SALCEDO VILLAGE BRGY. BEL-AIR, MAKATI CITY",,,,,CHINA,,,,90221400000,1 PCE: 14471734 MULTIX IMPACT C (X-RAY SYSTEM),,1.0,,1377.0,155353.7,SHAG33304,,
2024-05-09,哥伦比亚,中国,GE HEALTHCARE COLOMBIA S A S,BEIJING GE HUALUN MEDICAL EQUIPMENT CO LTD,CL 103 # 14A 43,"NO1, NORTH YONG CHANG STREET, ECONO",,,,CHINA,,,,9022140000,DO CO017800425124 CODIGO RESOLUCION OEA IMPORTADOR: OE0049 PEDIDO TRAMITE: GON 5389142 - XR6000 DECLARACION(1-1) REGI,,1.0,NUMERO DE ARTICULOS,718.4,19373.36,,,
2024-05-09,尼日利亚,中国,GIJUWIE BIO MEDICAL ELECTRONICS CO LTD,SHENGZHEN SONTU MEDICAL IMAGING EQUIPMENT CO LTD,,,,,,China,,,APAPA PORT,9022140000,"Apparatus based on the use of X-rays or of alpha, betaused for medical, surgical .",,0.0,,1000.0,6247.14,,,
2024-05-09,美国,中国,,,N/A,N/A,N/A,N/A,,"CN, CHINA",,"SHENZHEN,YANTIAN","TACOMA,WA",902214,TB4 BACK PAN SIDE COVERS FOR MOBILITY / MEDICAL CHAIR (THE END USE),NO MARKS,50.0,CTN,910.0,0.0,THGLSZN24041378,UETU5119627,
2024-05-09,菲律宾,中国,SIEMENS HEALTHCARE INC,SIEMENS SHANGHAI MEDICAL EQUIPMENT,"10/F M1 TOWER 141 H.V. DELA COSTA ST. SALCEDO VILLAGE BRGY. BEL-AIR, MAKATI CITY",,,,,CHINA,,,,90221400000,1 PCE: 14471755 MULTIX IMPACT E (X-RAY SYSTEM),,1.0,,1300.0,76824.4,SHAG33306,,
2024-05-09,土耳其,中国,HASVET MEDİKAL YAZILIM SAĞLIK HİZMETLERİ SANAYİ VE TİCARET ANONİM ŞİRKETİ,IRAY TECHNOLOGY COMPANY LIMITED,,,,,,ÇİN HALK CUMHURİYETİ,,,İSTANBUL HAVALİMANI GÜMRÜK MÜDÜRLÜĞÜ,902214000000,VETERİNERLİK KULLANIMI İÇİN TAŞINABİLİR /X-RAY DÜZ PANEL DEDEKTÖR,,5.0,ADET(UNIT),38.0,30159.05,24341453IM00268260,,
2024-05-08,坦桑尼亚,中国,THE GOOD SAMARITAN FOUNDATION FOUNDERS OF THE KILI,MEDSINGLONG CO LTD,,,,,,China,United Republic of Tanzania,,,902214000000,HIGH FREQUENCY C-ARM X-RAY MACHINE,,1.0,NMB,718.0,22497.5241,LLLDAR24319087SZ,,
2024-05-08,坦桑尼亚,中国,THE GOOD SAMARITAN FOUNDATION FOUNDERS OF THE KILI,MEDSINGLONG CO LTD,,,,,,China,United Republic of Tanzania,,,902214000000,HIGH FREQUENCY C-ARM X-RAY MACHINE,,1.0,NMB,718.0,22497.5241,LLLDAR24319087SZ,,
2024-05-08,纳米比亚,中国,AFRICAN DELI PTY LTD,TECHIK INSTRUMENTS SHANGHAI CO LTD,nBOX 2659 WALVISBAY NAMIBIA  nTREKPOJE STR 4493 EXT 12  ,nNO 118 LANE 3509 SOUTH HONGMEI ROAD nMINH  ,,,,,Namibia,,,90221400,X-RAY INSPECTION SYSTEM,,0.0,,588.0,22564.5999,,,
2024-05-08,秘鲁,中国,TECNO IMAGEN PERU S A C,SHENZHEN BROWINER TECH CO LTD,,,,,,CHINA,,Shekou,,9022140000,"EQUIPO BIOMEDICO,S/M,BEATLE-05P, PORTABLE DIGITAL RADIOGRAPHY SYSTEM/UNIDADES RADIOGRAFICAS/FLUOROSCOPICAS MOVILES DISPOSITIVO MEDICO DE LA CLASE III(DE ALTO RIESGO),REGISTRO DBC0712E/DATE OF MANUFACTURE;2 DE RAYOS X PORTATIL / INCLUIDO ACCESORIOS / PRESEN,,,,",,4.0,U,219.34,54644.444,,,
2024-05-08,坦桑尼亚,中国,THE GOOD SAMARITAN FOUNDATION FOUNDERS OF THE KILI,MEDSINGLONG CO LTD,,,,,,China,United Republic of Tanzania,,,902214000000,HIGH FREQUENCY C-ARM X-RAY MACHINE,,1.0,NMB,718.0,22497.5241,LLLDAR24319087SZ,,
2024-05-08,阿根廷,中国,INTEMED S A,,,,,,,China,,,,90221419000,"LOS DEMAS. LOS DEMAS, PARA USO MEDICO, QUIRURGICO CIOS SELECT",,2.0,Unidades,0.0,76236.88,,,SIEMENS
2024-05-07,美国,中国,O M HALYARD INC,,9120 LOCKWOOD BLVD MECHANICSVILLE VIRGINIA 23116 USA ,N/A,O M HALYARD INC,HALYARD-DC SOUTHAVEN MS 228 ACCESS DRIVE SOUTHAVEN MISSISSIPPI 38671 ,,"CN, CHINA",,QINGDAO,Savannah,902214,"SYNTHETIC EXAM POWDER FREE CLEAR VINYL GLOVES FOR MEDICAL USE SIZE:SMALL/MEDIUM/LARGE/X-LARGE PO:18206933 FREIGHT COLLECT THIS SHIPMENT CONTAINS NO SOLID WOOD PACKING MATERIAL ALSO NOTIFY PARTY: O M HALYARD,INC HALYARD-DC SOUTHAVEN,MS 228 ACCESS DRIVE SOUTHAVEN MISSISSIPPI 38671 USA ATTN:JEANNINE FOX QA:JUDD BOYD TEL:(901) 619-3360 OM:RANDY HOOVER TEL:+1 (662) 772-1204",NO MARKS,2750.0,CTN,20700.0,348000.0,CMDUQGD0674220,CMAU4891813,
2024-05-07,美国,中国,O M HALYARD INC,,9120 LOCKWOOD BLVD MECHANICSVILLE VIRGINIA 23116 USA ,N/A,O M HALYARD INC,HALYARD-DC SOUTHAVEN MS 228 ACCESS DRIVE SOUTHAVEN MISSISSIPPI 38671 ,,"CN, CHINA",,QINGDAO,Savannah,902214,"SYNTHETIC EXAM POWDER FREE CLEAR VINYL GLOVES FOR MEDICAL USE SIZE:SMALL/MEDIUM/LARGE/X-LARGE PO:18206934 FREIGHT COLLECT THIS SHIPMENT CONTAINS NO SOLID WOOD PACKING MATERIAL ALSO NOTIFY PARTY: O M HALYARD,INC HALYARD-DC SOUTHAVEN,MS 228 ACCESS DRIVE SOUTHAVEN MISSISSIPPI 38671 USA ATTN:JEANNINE FOX QA:JUDD BOYD TEL:(901) 619-3360 OM:RANDY HOOVER TEL:+1 (662) 772-1204",NO MARKS,2750.0,CTN,20800.0,342000.0,CMDUQGD0674227,TCNU3322217,
2024-05-07,巴基斯坦,中国,SINDH INSTITUTE OF UROLOGY & TRANSPLANTATION,FUJIFILM CORPORATION,"SIUT, DEWAN FAROOQ MEDICAL COMPLEX,, NEAR CIVIL HOSITAL, SADDAR, Karachi South Saddar Town",,,,,China,,,KAPW,90221400,"MAIN UNIT, DRYPIX SMART: E, 2 SETS",,2.0,u,0.0,4080.0,,,
2024-05-07,巴基斯坦,中国,SINDH INSTITUTE OF UROLOGY & TRANSPLANTATION,FUJIFILM CORPORATION,"SIUT, DEWAN FAROOQ MEDICAL COMPLEX,, NEAR CIVIL HOSITAL, SADDAR, Karachi South Saddar Town",,,,,China,,,KAPW,90221400,"FCR PRIMA T2 PNTM, CR IR 392 RU2 PNTM A: E, 2 SETS",,2.0,u,0.0,9840.0,,,
2024-05-07,巴基斯坦,中国,SINDH INSTITUTE OF UROLOGY&TRANSPLANTATION,FUJIFILM HEALTHCARE ASIA PACIFIC PTE LTD,"SIUT, DEWAN FAROOQ MEDICAL COMPLEX,, NEAR CIVIL HOSITAL, SADDAR, Karachi South Saddar Town", 10-NEW INDUSTRIAL ROAD FUJIFILM BUILDING SINGAPORE 536201,,,,China (CN),,,KAPW,90221400,"MAIN UNIT, DRYPIX EDGE 3T 6BH E",,2.0,u,0.357,14844.0,729114000505,,
2024-05-07,巴拿马,中国,RESERMA S A,AGFA GEVAERT LIMITADA SUCURSAL DEL PERU,,,,,,CHINA,,,"MERCURE LOGISTICS CORP,",902214000000,EQUIPO DIGITALIZADOR DE IMAGENOLOGÍA DE CALIDAD DIGITAL CON SUS PARTES Y ACCESORIOS PARA INSTALACIÓN,,1.0,Unidad,47.0,9369.29,,,
2024-05-07,巴基斯坦,中国,SINDH INSTITUTE OF UROLOGY & TRANSPLANTATION,FUJIFILM CORPORATION,"SIUT, DEWAN FAROOQ MEDICAL COMPLEX,, NEAR CIVIL HOSITAL, SADDAR, Karachi South Saddar Town",,,,,China,,,KAPW,90221400,"IP CASSETTE, IP CASS-CC BW-PB 35.4X43CM1: E, 16 SETS",,16.0,u,0.0,4976.0,,,
2024-05-07,巴基斯坦,中国,SINDH INSTITUTE OF UROLOGY & TRANSPLANTATION,FUJIFILM HEALTHCARE ASIA PACIFIC PTE LTD,"SIUT, DEWAN FAROOQ MEDICAL COMPLEX,, NEAR CIVIL HOSITAL, SADDAR, Karachi South Saddar Town",,,,,China,,,KAPW,90221400,"FDR SE LITE, DUAL FFP SYSTEM G43 17X17 WITH STANDARD ACCESSORIES",,2.0,u,0.0,92000.0,,,
2024-05-07,巴基斯坦,中国,SINDH INSTITUTE OF UROLOGY & TRANSPLANTATION,FUJIFILM HEALTHCARE ASIA PACIFIC PTE LTD,"SIUT, DEWAN FAROOQ MEDICAL COMPLEX,, NEAR CIVIL HOSITAL, SADDAR, Karachi South Saddar Town",,,,,China,,,KAPW,90221400,"MAIN UNIT, DRYPIX EDGE 3T 6BH E",,2.0,u,0.0,14844.0,,,
2024-05-07,巴基斯坦,中国,SINDH INSTITUTE OF UROLOGY&TRANSPLANTATION,FUJIFILM HEALTHCARE ASIA PACIFIC PTE LTD,"SIUT, DEWAN FAROOQ MEDICAL COMPLEX,, NEAR CIVIL HOSITAL, SADDAR, Karachi South Saddar Town", 10-NEW INDUSTRIAL ROAD FUJIFILM BUILDING SINGAPORE 536201,,,,China (CN),,,KAPW,90221400,"FDR SE LITE, DUAL FFP SYSTEM G43 17X17 WITH STANDARD ACCESSORIES",,2.0,u,0.357,92000.0,729114000505,,
2024-05-06,巴基斯坦,中国,FUJIFILM PAKISTAN PRIVATE LIMITED,FUJIFILM CORPORATION,37-D BLOCK-6 P.E.C.H.S.,,,,,China,,,KAPW,90221400,"(MEDICAL EQUIPMENT). FCR PRIMA TM PNTM,CR IR 392 RU2  M PNTM A = : E. QTY:1SET",,1.0,u,0.0,6176.02,,,
2024-05-06,巴基斯坦,中国,SINDH INSTITUTE OF UROLOGY & TRANSPLANTATION,FUJIFILM CORPORATION,"SIUT, DEWAN FAROOQ MEDICAL COMPLEX,, NEAR CIVIL HOSITAL, SADDAR, Karachi South Saddar Town",,,,,China,,,KAPW,90221400,"FCR PRIMA T2 PNTM, CR IR 392 RU2 PNTM A=: E",,5.0,u,0.0,24600.0,,,
2024-05-06,越南,中国,CÔNG TY TNHH THIẾT BỊ THÚ Y VIỆT NAM,SUZHOU POWERSITE ELECTRIC CO LTD,"Cam 3 Village, Co Bi Commune, Gia Lam District, Hanoi City, Vietnam","BUILDING 5, NO.188 FUCHUNJIANG RD, SUZHOU NEW DISTRICT 215151, SUZHOU, PEOPLE' S REPUBLIC OF CHINA, CN",,,,China,,,,90221400,"Bộ phận máy chụp Xquang dùng cho động vật: thiết bị thu nhận, xử lý tia X. Model PSM-PD5. 6E S1, CS:5.6kW, Đ.a 220V, 50Hz/60Hz, kt 383*240*215mm, hiệuPOWERSITE, Nsx:Suzhou Powersite Electric, mới100%,X-ray machine parts for animals: equipment for receiving and processing X-rays. Model PSM-PD5. 6E S1, CS:5.6kW, Da. 220V, 50Hz/60Hz, size 383*240*215mm, brandPOWERSITE, Manufacturer:Suzhou Powersite Electric, 100% new",,5.0,Pieces,0.0,11580.0,,,
2024-05-06,波兰,中国,CARGO DB EURASIA GMBH P P GE HEALTHCARE GMBH,GE HANGWEI MEDICAL SYSTEMS CO LTD,UL.VIEYSKA 2 | 11,No. 1 NORTH YONG CHANG STREET BEIJING ECONOMIC & TECHNOLOGICAL DEVELOPMENT AREA,,,,,Poland (PL),,,902214,MOBILE X-RAY DEVICE S-DUGI,,804.0,KG,804.0,50580.0142,,,
2024-05-06,波兰,中国,CARGO DB EURASIA GMBH P P GE HEALTHCARE GMBH,GE HANGWEI MEDICAL SYSTEMS CO LTD,UL.VIEYSKA 2 | 11,No. 1 NORTH YONG CHANG STREET BEIJING ECONOMIC & TECHNOLOGICAL DEVELOPMENT AREA,,,,,Poland (PL),,,902214,MOBILE X-RAY DEVICE S-DUGI,,3008.0,KG,3008.0,191407.4853,,,
2024-05-06,波兰,中国,CARGO DB EURASIA GMBH P P GE MEDICAL SYSTEMS SCS,GE HUALUN MEDICAL SYSTEMS CO LTD,UL.VIEYSKA 2 | 11,No. 1 NORTH YONG CHANG STREET BEIJING ECONOMIC & TECHNOLOGICAL DEVELOPMENT AREA,,,,,Poland (PL),,,902214,"MOBILE X-RAY MEDICAL EQUIPMENT S-DUGI, EQUIPMENT FOR USE OF X-RAY DEVICES",,3933.5,KG,3933.5,175533.9798,,,
2024-05-06,哥伦比亚,中国,INVERSIONES RODRIGUEZ CASTANEDA SAS,TOOTOO MEDITECH CO LTD,CL 148 N 7 B 14,ROOM 2401 BUILDING 3A INTELLIGENT,,,,CHINA,,,,9022140000,"DO BOGI24027724. PEDIDO TRAMITE: PED VVG-24 / 132. DECLARACION(3-7). MERCANCIA NUEVA, LOCALIZADA EN ABC STORAGE S.A.S, ZONA FRANCA BOGOTA, NOS ACOGEMOS AL DECRETO 0925 DE MAYO 09 DE 2013, NO REQUIERE PRESENTACION DE REGISTRO DE IMPORTACION GRAVAMEN DEL 0%DE ACUERDO AL ARTICULO 1 DEL DECRETO 272 DEL 2018 DESGRAVACION ARANCELARIA.. PRODUCTO: EQUIPO PORTATIL DE RAYOS X. MARCA: TOOTOO MEDITECH. MODELO: CANIS 5C. REFERENCIA: NO TIENE. SERIAL: CA5101210HC1523011, CA5101210H11124020, CA5101210H11124012, CA5101210H11124024, CA5101210H11124023. USO O DESTINO: VETERINARIO. TECNICA DE DIAGNOSTICO: RAYOS X. OTROS DATOS: VETERINARY X-RAY MACHINE CANIS5C//CON TODOS SUS ACCESORIOS PARA SU NORMAL FUNCIONAMIENTO, OTROS: STICKER BOLSA: VOLTAGE: 110-120V, 50/60 HZ, /// VIENE CON: 1 CABLE CONECTOR DE CORRIENTE, 1 BOTON INTERRUPTOR CON CABLE, 1 CABLE DE DATOS, 1 CONTROL REMOTO OPTURADOR PO: CHINA (CN) CANT (5) UND (ITEM 3)",,5.0,NUMERO DE ARTICULOS,110.0,15021.77,,,
2024-05-06,土耳其,中国,MONDE TIBBİ MALZEME GIDA HAYVANCILIK İNSAN KAYNAKLARI İNŞAAT İTHALAT İHRACAT SANAYİ VE TİCARET LİMİTED ŞİRKETİ,ÇEŞİTLİ,,,,,,ÇİN HALK CUMHURİYETİ,,,İSTANBUL HAVALİMANI GÜMRÜK MÜDÜRLÜĞÜ,902214000000,VETERİNER TEŞHİS CİHAZI  (TAREKS KAPSAMD/IŞI NO: 18160099282013015773484),,2.0,ADET(UNIT),14.0,10870.16,24341453IM00260341,,
2024-05-06,秘鲁,中国,TECNO IMAGEN PERU S A C,SHENZHEN BROWINER TECH CO LTD,,,,,,CHINA,,Shekou,,9022140000,"EQUIPO BIOMEDICO,S/M,BEATLE-05P, PORTABLE DIGITAL RADIOGRAPHY SYSTEM/UNIDADES RADIOGRAFICAS/FLUOROSCOPICAS MOVILES DISPOSITIVO MEDICO DE LA CLASE III(DE ALTO RIESGO),REGISTRO DBC0712E/DATE OF MANUFACTURE;2 DE RAYOS X PORTATIL / INCLUIDO ACCESORIOS / PRESEN,,,,",,1.0,U,93.722,13661.111,,,
2024-05-06,巴基斯坦,中国,SINDH INSTITUTE OF UROLOGY&TRANSPLANTATION,FUJIFILM CORPORATION,"SIUT, DEWAN FAROOQ MEDICAL COMPLEX,, NEAR CIVIL HOSITAL, SADDAR, Karachi South Saddar Town", 26-30 NISHIAZABU 2-CHOME MINATO-KU TOKYO 106-8620 JAPAN,,,,China (CN),,,KAPW,90221400,"MAINUNIT, DRYPIX SMART: E",,5.0,u,0.786,10200.0,QYSEA240322,,
2024-05-06,巴基斯坦,中国,FUJIFILM PAKISTAN PRIVATE LTD,FUJIFILM CORPORATION,37-D BLOCK-6 P.E.C.H.S., 26-30 NISHIAZABU 2-CHOME MINATO-KU TOKYO 106-8620 JAPAN,,,,China (CN),,,KAPW,90221400,(MEDICAL EQUIPMENT). MAIN UNIT DRYPIX EDGE 3T 6BH E. QTY:1SET,,1.0,u,0.1742,5720.0,QYSEA240324,,
2024-05-06,巴基斯坦,中国,SINDH INSTITUTE OF UROLOGY&TRANSPLANTATION,FUJIFILM CORPORATION,"SIUT, DEWAN FAROOQ MEDICAL COMPLEX,, NEAR CIVIL HOSITAL, SADDAR, Karachi South Saddar Town", 26-30 NISHIAZABU 2-CHOME MINATO-KU TOKYO 106-8620 JAPAN,,,,China (CN),,,KAPW,90221400,"FCR PRIMA T2 PNTM, CR IR 392 RU2 PNTM A=: E",,5.0,u,0.786,24600.0,QYSEA240322,,
2024-05-06,巴基斯坦,中国,FUJIFILM PAKISTAN PRIVATE LIMITED,FUJIFILM CORPORATION,37-D BLOCK-6 P.E.C.H.S.,,,,,China,,,KAPW,90221400,(MEDICAL EQUIPMENT). MAIN UNIT DRYPIX EDGE 3T 6BH E. QTY:1SET,,1.0,u,0.0,5720.0,,,
2024-05-06,巴基斯坦,中国,SINDH INSTITUTE OF UROLOGY & TRANSPLANTATION,FUJIFILM CORPORATION,"SIUT, DEWAN FAROOQ MEDICAL COMPLEX,, NEAR CIVIL HOSITAL, SADDAR, Karachi South Saddar Town",,,,,China,,,KAPW,90221400,"IP CASSETTE, IP CASS-CC BW-PB 35.4X43CMI: E",,40.0,u,0.0,11200.0,,,
2024-05-06,巴基斯坦,中国,FUJIFILM PAKISTAN PRIVATE LTD,FUJIFILM CORPORATION,37-D BLOCK-6 P.E.C.H.S., 26-30 NISHIAZABU 2-CHOME MINATO-KU TOKYO 106-8620 JAPAN,,,,China (CN),,,KAPW,90221400,"(MEDICAL EQUIPMENT). FCR PRIMA TM PNTM,CR IR 392 RU2  M PNTM A = : E. QTY:1SET",,1.0,u,0.1742,6176.02,QYSEA240324,,
2024-05-06,巴基斯坦,中国,SINDH INSTITUTE OF UROLOGY & TRANSPLANTATION,FUJIFILM CORPORATION,"SIUT, DEWAN FAROOQ MEDICAL COMPLEX,, NEAR CIVIL HOSITAL, SADDAR, Karachi South Saddar Town",,,,,China,,,KAPW,90221400,"MAINUNIT, DRYPIX SMART: E",,5.0,u,0.0,10200.0,,,
2024-05-06,波兰,中国,CARGO DB EURASIA GMBH P P GE MEDICAL SYSTEMS SCS,GE HEALTHCARE TIANJIN CO LTD,UL.VIEYSKA 2 | 11,NO. 266 JINGSAN ROAD TIANJIN AIRPORT ECONOMIC AREA,,,,,Poland (PL),,,902214,MOBILE X-RAY DEVICE S-DUGI,,506.0,KG,506.0,24158.7091,,,
2024-05-06,巴基斯坦,中国,SINDH INSTITUTE OF UROLOGY&TRANSPLANTATION,FUJIFILM CORPORATION,"SIUT, DEWAN FAROOQ MEDICAL COMPLEX,, NEAR CIVIL HOSITAL, SADDAR, Karachi South Saddar Town", 26-30 NISHIAZABU 2-CHOME MINATO-KU TOKYO 106-8620 JAPAN,,,,China (CN),,,KAPW,90221400,"IP CASSETTE, IP CASS-CC BW-PB 35.4X43CMI: E",,40.0,u,0.786,11200.0,QYSEA240322,,
2024-05-05,乌兹别克斯坦,中国,LLC QUASAR TRADE,DONG HAO TRADE LIMITIED,"KHALKA YULI,52", ,,,,,Uzbekistan (UZ),,,902214,Code X-ray analysis and the roentgenoscopic system of the DRF-8B model with accessories (Application),,1907.0,KG,1907.0,118500.0,,,
2024-05-05,乌干达,中国,GTC INTERNATIONAL LOGISTICS LTD,GUANGZHOU YANLANG INTERNATIONALIMPORT & EXPORT TRADE CO LTD,,,,,,CHINA,UGANDA,,,90221400000,"ANALOG X-RAY MACHINE,MODEL-TR300A",,1.0,Number,676.0,4350.0,,,
2024-05-03,印度,中国,WIDE MOBILITY MECHATRONICS PRIVATE LIMITED,VJ XRAY LLC,"C/O FOUNDATION FOR SANDBOX STARTUPS  GOKUL ROAD, OPP GOKUL VILLAGE",,,,,CHINA ,,NEW YORK,BANGALORE ACC (INBLR4),90221490,"(RE-IMPORT AFTER REPAIR) MODEL NO.IXS100BP320P523 - 100KV, 320W INTEGRATED X-RAY GENERATOR, SERIAL NO.Z22523-B00002",,1.0,NOS ,0.0,150.0,3QRDSI8GG4R32,,
2024-05-03,墨西哥,中国,GE SISTEMAS MEDICOS DE MEXICO SA DE CV,GE HUALUN MEDICAL SYSTEMS CO LTD,"ANTONIO DOVALI JAIME 70 TORRE B PISO 4 AVENIDA JAVIER BARROS SIERRA Y AVENIDA SANTA FE

Ciudad de Mexico
01210","YONG CHANG NORTH ROAD
BEIJINGCHINA

100176",,,,CHINA,,,NUEVO LAREDO NUEVO LAREDO TAMAULIPAS.,9022149101,SISTEMA RADIOGRAFICO XR6000,,1.0,PIECE,881.0,19968.29,,,
2024-05-03,科特迪瓦,中国,USAGER POUR DÉCLARATION SIMPLIFIÉE,,"BP V25,RCI",,,,,Chine,COTE D'IVOIRE,,,9022140000,"9022140000 - -- Appareils à rayons X pour usages médicaux, ch",,2.0,,10.0,370.8,,,
2024-05-03,秘鲁,中国,G E R IMPORT E I R L,ZHANGJIAGANG JIEKANG MEDICAL EQUIPMENT CO LTD,AV. GRAU NRO. 682 INT. B C (FRENTE A CAJA METROPOLITANA),,,,,CHINA,,Shanghai,,9022140000,"INMOVILIZADOR DE CABEZA,S/M,S/M, EQUIPO MEDICO ORTOPEDICO (PARA MINUSVALIDOS)  HEAD IMMOBILIZER,,,,",,200.0,U,225.0,3125.0,,,
2024-05-02,墨西哥,中国,GE SISTEMAS MEDICOS DE MEXICO SA DE CV,GE HUALUN MEDICAL SYSTEMS CO LTD,"ANTONIO DOVALI JAIME 70 TORRE B PISO 4 AVENIDA JAVIER BARROS SIERRA Y AVENIDA SANTA FE

Ciudad de Mexico
01210","YONG CHANG NORTH ROAD
BEIJINGCHINA

100176",,,,CHINA,,,NUEVO LAREDO NUEVO LAREDO TAMAULIPAS.,9022149101,SISTEMA RADIOGRAFICO XR6000,,1.0,PIECE,881.0,19837.87,,,
2024-05-02,墨西哥,中国,GE SISTEMAS MEDICOS DE MEXICO SA DE CV,GE HUALUN MEDICAL SYSTEMS CO LTD,"ANTONIO DOVALI JAIME 70 TORRE B PISO 4 AVENIDA JAVIER BARROS SIERRA Y AVENIDA SANTA FE

Ciudad de Mexico
01210","YONG CHANG NORTH ROAD
BEIJINGCHINA

100176",,,,CHINA,,,NUEVO LAREDO NUEVO LAREDO TAMAULIPAS.,9022149101,SISTEMA RADIOGRAFICO XR6000,,1.0,PIECE,881.0,19837.87,,,
2024-05-02,哥伦比亚,中国,MEDICALBIO SAS,HEBEI RUIGE INTERNATIONAL TRADING CO LTD,CL 86 # 87A-44,KAIJIA BUILDING QIAOXI ZONE,,,,CHINA,,,,9022140000,"DECLARACION 1 DE 1 // FACTURA NO. RG-CO20240407 DE FECHA 2024-04-22 // MERCANCIA NUEVA // NOS ACOGEMOS AL DECRETO 0925 DE MAYO 09 DE 2013, MINISTERIO DE COMERCIO EXTERIOR, IMPORTACION EXENTA DE REGISTRO DE IMPORTACION // PRODUCTO: MAQUINA DE RAYOS X, MARCA: IRAY TECHNOLOGY, MODELO: CANIS5C, REFERENCIA: NO TIENE, SERIAL: CA5101210H11124014, USO O DESTINO: PARA USO EXCLUSIVO EN MEDICINA VETERINARIA EN BOVINOS, CABRINOS CANINOS Y FELINOS, TECNICA DEDIAGNOSTICO: RAYOS X, CANTIDAD: 1 UNIDAD // VIENE CON TODAS SUS PARTES Y ACCESORIOS PARA SU NORMAL FUNCIONAMIENTO //",,1.0,NUMERO DE ARTICULOS,21.5,3502.46,,,
2024-05-02,墨西哥,中国,GE SISTEMAS MEDICOS DE MEXICO SA DE CV,GE HUALUN MEDICAL SYSTEMS CO LTD,"ANTONIO DOVALI JAIME 70 TORRE B PISO 4 AVENIDA JAVIER BARROS SIERRA Y AVENIDA SANTA FE

Ciudad de Mexico
01210","YONG CHANG NORTH ROAD
BEIJINGCHINA

100176",,,,CHINA,,,NUEVO LAREDO NUEVO LAREDO TAMAULIPAS.,9022149101,SISTEMA RADIOGRAFICO XR6000,,1.0,PIECE,881.0,20640.37,,,
2024-05-02,哥伦比亚,中国,MEDICALBIO SAS,HEBEI RUIGE INTERNATIONAL TRADING CO LTD,CL 86 # 87A-44,KAIJIA BUILDING QIAOXI ZONE,,,,CHINA,,,,9022140000,"DECLARACION 1 DE 1 // FACTURA NO. RG-CO20240407 DE FECHA 2024-04-22 // MERCANCIA NUEVA // NOS ACOGEMOS AL DECRETO 0925 DE MAYO 09 DE 2013, MINISTERIO DE COMERCIO EXTERIOR, IMPORTACION EXENTA DE REGISTRO DE IMPORTACION // PRODUCTO: DETECTOR PANEL PLANO DE RAYOS X (MARS1717-VSI), MARCA: IRAY TECHNOLOGY, MODELO: MARS1717V-VSI, REFERENCIA: NO TIENE, SERIAL: FV36Z011H112240019X, USO O DESTINO: EQUIPOS DE SISTEMAS DE RADIOGRAFIA DE GAMA ALTA Y RAYOS X,TECNICA DE DIAGNOSTICO: RAYOS X, CANTIDAD: 1 UNIDAD // VIENE CON TODAS SUS PARTES Y ACCESORIOS PARA SU NORMAL FUNCIONAMIENTO // PRODUCTO: MAQUINA DE RAYOS X, MARCA: IRAY TECHNOLOGY, MODELO: CANIS5C, REFERENCIA: NO TIENE, SERIAL: CA5101210H11124013, USO O DESTINO: PARA USO EXCLUSIVO EN MEDICINA VETERINARIA EN BOVINOS, CABRINOS CANINOS Y FELINOS, TECNICA DE DIAGNOSTICO: RAYOS X, CANTIDAD: 1 UNIDAD // VIENE CON TODAS SUS PARTES Y ACCESORIOS PARA SUNORMAL FUNCIONAMIENTO //",,2.0,NUMERO DE ARTICULOS,30.5,10220.42,,,
2024-05-02,哈萨克斯坦,中国,TOO ALASH KZ,SHENZHEN BROWINER TECH CO LTD," LUNACHARSKY ST., 44 | 2, QUARTER. (OFFICE) OF THE OFFICE 13","ROOM 501, BUILDING C, GANGHONGJI HIGH-TECH INTELLIGENT INDUSTRIAL PARK, No. 1008, SONGBAI ROAD",,,,,Kazakhstan (KZ),,,902214,Mobile x-ray CompaX system of the Sistematsifrovy X-ray analysis PerfoX Mobile digital radiographic MobileCooper system,,1951.0,KG,1951.0,77200.0,,,
2024-05-02,墨西哥,中国,GE SISTEMAS MEDICOS DE MEXICO SA DE CV,GE HUALUN MEDICAL SYSTEMS CO LTD,"ANTONIO DOVALI JAIME 70 TORRE B PISO 4 AVENIDA JAVIER BARROS SIERRA Y AVENIDA SANTA FE

Ciudad de Mexico
01210","YONG CHANG NORTH ROAD
BEIJINGCHINA

100176",,,,CHINA,,,NUEVO LAREDO NUEVO LAREDO TAMAULIPAS.,9022149101,SISTEMA RADIOGRAFICO XR6000,,1.0,PIECE,881.0,19837.87,,,
2024-05-02,墨西哥,中国,GE SISTEMAS MEDICOS DE MEXICO SA DE CV,GE HUALUN MEDICAL SYSTEMS CO LTD,"ANTONIO DOVALI JAIME 70 TORRE B PISO 4 AVENIDA JAVIER BARROS SIERRA Y AVENIDA SANTA FE

Ciudad de Mexico
01210","YONG CHANG NORTH ROAD
BEIJINGCHINA

100176",,,,CHINA,,,NUEVO LAREDO NUEVO LAREDO TAMAULIPAS.,9022149101,SISTEMA RADIOGRAFICO XR6000,,1.0,PIECE,881.0,19837.87,,,
2024-04-30,波兰,中国,DB CARGO EURASIA GMBH P P GE HEALTHCARE GMBH,GEHC CN TIANJIN MFG TJM,UL. WIEJSKA 2 | 11,NO. 266 JINGSAN ROAD TIANJIN AIRPORT ECONOMIC AREA,,,,,Poland (PL),,,902214,MOBILE X-RAY DEVICE S-DUGI,,3019.0,KG,3019.0,0.0,,,
2024-04-30,波兰,中国,DB CARGO EURASIA GMBH P P GE MEDICAL SYSTEMS ITALIA SPA,GE HANGWEI MEDICAL SYSTEMS CO LTD,UL. WIEJSKA 2 | 11,No. 1 NORTH YONG CHANG STREET BEIJING ECONOMIC & TECHNOLOGICAL DEVELOPMENT AREA,,,,,Poland (PL),,,902214,MOBILE X-RAY DEVICE S-DUGI,,1006.0,KG,1006.0,0.0,,,
2024-04-30,哥伦比亚,中国,MARQUETINGNET S A S,SHENZHEN SONTU MEDICAL IMAGING EQUIPMENT CO LTD,KM 3 5 VIA SIBERIA TERM DE CARGA TERREST MD 4 BDG 43,"101, 102, 202, BUILDING NO. 1,SHENZ",,,,CHINA,,,,9022140000,"DO 243317077 PEDIDO 125-57617980 SONTU -I2-2402-024 ORDEN COMPRA:125-57617980 SONTU -I2-2402-024 DECLARACION 1 DE 1; FACTURA(S) / FECHA(S): I9- 2402-024 DE 08/03/2024 //3 UNIDAD PRODUCTO: DETECTOR/DIGITALIZADOR INALAMBRICO, USO O DESTINO: VETERINARIO, MARCA: SONTU MEDICAL IMAGING, REFERENCIA: 180203020005, MODELO: TUTOM50Â¿4343 W-C, TECNICADE DIAGNOSTICO: RAYOS X, SERIAL:WC117175302402230152, WC117175302402230153,WC117175302402230154 VETERINARY WIRELESS DIGITAL DETECTOR, CON SUS ACCESORIOS PARA SU NORMALFUNCIONAMIENTO E INSTALACION ( CON BASE INALAMBRICA, MANUAL DE INSTRUCCION CON USB DE INFORMACION, CABLES DE CONEXION A PUERTOS, CABLES DE PARED, CONECTORES HEMBRE Y MACHO, ADAPTADORES PARTE NUMERO: 2328005584, 2328005603, 2328005609 // P/N:180203020005,NOMBRE COMERCIAL DETECTOR/DIGITALIZADOR INALAMBRICO,MARCA SONTU MEDICAL IMAGING,MODELO TUTOM50Â¿4343 W-C ,//3 UNIDAD PRODUCTO: EQUIPO DIGITAL DE IMAGEN ULTRASONIDO VETERINARIO, USO O DESTINO: VETERINARIO, MARCA: SONTU MEDICAL IMAGING, RE",,6.0,NUMERO DE ARTICULOS,73.5,30338.3,,,
2024-04-30,波兰,中国,DB CARGO EURASIA GMBH P P GE MEDICAL SYSTEMS INFORMATION TECHNOLOGIES GMBH,GE MEDICAL SYSTEMS CHINA CO LTD,UL. WIEJSKA 2 | 11,No. 1 NORTH YONG CHANG STREET BEIJING ECONOMIC & TECHNOLOGICAL DEVELOPMENT AREA,,,,,Poland (PL),,,902214,MOBILE X-RAY DEVICE C-ARM,,1006.0,KG,1006.0,0.0,,,
2024-04-30,厄瓜多尔,中国,SISTEMAS SERVICIOS Y SUMINISTROS MEDICOS 3SMED CIA LTDA,,,,,,,"COREA, REPUBLICA DE",,-,,9022140000,EQUIPO DE DIAGNOSTICO DIGITAL DE RAYOS X,,1.0,NUMERO DE UNIDADES,702.0,30774.93,,,DRGEM 
2024-04-30,哈萨克斯坦,中国,RUBIN GROUP LTD LIABILITY PARTNERSHIP RUBIN GROPE,DRGEM CORPORATION,"Kazakhstan, Turkestan Region, Shymkent, ANAROVA St., 8, sq. (office) 16", ,,,,,Kazakhstan (KZ),,,902214,digital diagnostic x-ray system,,915.4,KG,915.4,0.0,,,
2024-04-29,秘鲁,中国,TECNO IMAGEN PERU S A C,SHENZHEN BROWINER TECH CO LTD,,,,,,CHINA,,Shekou,,9022140000,"EQUIPO BIOMEDICO,S/M,BEATLE-05P, PORTABLE DIGITAL RADIOGRAPHY SYSTEM/UNIDADES RADIOGRAFICAS/FLUOROSCOPICAS MOVILES DISPOSITIVO MEDICO DE LA CLASE III(DE ALTO RIESGO),REGISTRO DBC0712E/DATE OF MANUFACTURE;2 DE RAYOS X PORTATIL / INCLUIDO ACCESORIOS / PRESEN,,,,",,1.0,U,93.722,13661.111,,,
2024-04-29,尼日利亚,中国,IMAN INTERNATIONAL SCHOOL & TEACHING HOSPITAL LTD,NANJING PERLOVE MEDICAL EQUIPMENT CO LTD,,,,,,China,,,APAPA PORT,9022140000,"Apparatus based on the use of X-rays or of alpha, betaused for medical, surgical .",,0.0,,820.0,12145.9,,,
2024-04-29,乌兹别克斯坦,中国,ЧП SOGLOM HAYO,CTRADE GROUP LIMITED,,,,,,0,,,,9022140000,"1. Digital Angiographic Systems. Медицинская ангиографическая система  рентгеновского излучения, Модель ""NeuAngio 30F"" с принадлежностями. Производитель NEUSOFT MEDICAL SYSTEMS CO., LTD. Произведено 2023 году.  - кол. 1 шт, вес: 6179 кг 2. мест 1, дерев.ящик. 3. TSLU0506723/часть 8. 000 9. 024 10. 2023/Медицинская ангиографическая система 11. 02 Общее кол. мест: 1 G31MARKA марка БЕЗ МАРКИ YEAR10 год производ 2023 PARAM10 Характеристика товара Медицинская ангиографическая система",,1.0,Piece,6179.0,563332.0,,,
2024-04-29,墨西哥,中国,GE SISTEMAS MEDICOS DE MEXICO SA DE CV,GE HUALUN MEDICAL SYSTEMS CO LTD,"ANTONIO DOVALI JAIME 70 TORRE B PISO 4 AVENIDA JAVIER BARROS SIERRA Y AVENIDA SANTA FE

Ciudad de Mexico
01210","YONG CHANG NORTH ROAD
BEIJINGCHINA

100176",,,,CHINA,,,NUEVO LAREDO NUEVO LAREDO TAMAULIPAS.,9022149101,SISTEMA RADIOGRAFICO XR6000,,1.0,PIECE,881.0,19649.93,,,
2024-04-29,墨西哥,中国,GE SISTEMAS MEDICOS DE MEXICO SA DE CV,GE HUALUN MEDICAL SYSTEMS CO LTD,"ANTONIO DOVALI JAIME 70 TORRE B PISO 4 AVENIDA JAVIER BARROS SIERRA Y AVENIDA SANTA FE

Ciudad de Mexico
01210","YONG CHANG NORTH ROAD
BEIJINGCHINA

100176",,,,CHINA,,,NUEVO LAREDO NUEVO LAREDO TAMAULIPAS.,9022149101,SISTEMA RADIOGRAFICO XR6000,,1.0,PIECE,911.0,20303.75,,,
2024-04-29,菲律宾,中国,GENERAL ELECTRIC PHILS INC,BEIJING GE HUALUN MEDICAL EQUIPMENT,"12F ORE CENTRAL, 31ST STREET COR 9TH AVE, BONIFACIO,GLOBAL CITY TAGUIG CITY",,,,,CHINA,,,,90221400000,1 EA DEFINIUM PACE SELECT BASE SYSTEM UHL MAKE [S2601BS],,1.0,,900.88,43862.9,42K0046377,,
2024-04-28,孟加拉国,中国,PHULHAR AND COMPANY,TRIUP INTERNATIONAL CORP CHINA,"33, Topkhana Road, Meherba Plaza",,,,,China,,,,90221400,X-RAY UNIT MODEL: TR300A,,15.0,,8300.0,90750.0,,,
2024-04-28,孟加拉国,中国,PHULHAR AND COMPANY,TRIUP INTERNATIONAL CORP CHINA,"33, Topkhana Road, Meherba Plaza",,,,,China,,,,90221400,X-RAY UNIT MODEL: TR300A,,15.0,NMB,8300.0,90750.0,,,
2024-04-27,美国,中国,,,N/A,N/A,N/A,N/A,,"CN, CHINA",,QINGDAO,"NEW YORK,NY",902214,570-0087 CRITERION POWDER FREE VINYL GLOVE FOR MEDICAL USE XSMALL 570-0088 CRITERION POWDER FREE VINYL GLOVE FOR MEDICAL USE SMALL570-0089 CRITERION POWDER FREE VINYL GLOVE FOR MEDICAL USE MEDIUM 570-0090 CRITERION POWDER FREE VINYL GLOVE FOR MEDICAL USE LARGE570-0091 CRITERION POWDER FREE VINYL GLOVE FOR MEDICAL USE XLARGE PO 23044343 23044345 23044344 23044346 23044347,NO MARKS,2940.0,PKG,17900.0,0.0,CHSL466131092TAO,CSNU6600110,
2024-04-26,波兰,中国,DB CARGO EURASIA GMBH P P GE MEDICAL SYSTEMS SCS,GE HUALUN MEDICAL SYSTEMS CO LTD,ST. OF VIYEYSK 2 | 11,No. 1 NORTH YONG CHANG STREET BEIJING ECONOMIC & TECHNOLOGICAL DEVELOPMENT AREA,,,,,Poland (PL),,,902214,"MOBILE X-RAY DEVICE S-DUGI, SYSTEM OF THE X-RAY CAMERA | EQUIPMENT FOR USE OF THE X-RAY DEVICE",,6234.5,KG,6234.5,0.0,,,
2024-04-26,科特迪瓦,中国,GE HEALTHCARE COTE D'IVOIRE,GE MEDICAL SYSTEM S C S," BP  Abidjan ,BP 552 C",283 RUE DE LA MINIERE BP 3,,,,Chine,COTE D'IVOIRE,,,9022140000,"9022140000 - -- Appareils à rayons X pour usages médicaux, ch",,8.0,,1446.0,126146.6706,,,
2024-04-26,哈萨克斯坦,中国,DDN GROUP LTD LIABILITY PARTNERSHIP,SHENZHEN SONTU MEDICAL IMAGING EQUIPMENT CO LTD,"St. MIKRORAYON SAMAL-1, 10, sq. (office) 30", ,,,,,Kazakhstan (KZ),,,902214,Digital x-ray system for a X-ray analysis,,1011.0,KG,1011.0,0.0,,,
2024-04-26,墨西哥,中国,GE SISTEMAS MEDICOS DE MEXICO SA DE CV,GE HUALUN MEDICAL SYSTEMS CO LTD,"ANTONIO DOVALI JAIME 70 TORRE B PISO 4 AVENIDA JAVIER BARROS SIERRA Y AVENIDA SANTA FE

Ciudad de Mexico
01210","YONG CHANG NORTH ROAD
BEIJINGCHINA

100176",,,,CHINA,,,NUEVO LAREDO NUEVO LAREDO TAMAULIPAS.,9022149199,SISTEMA DE RAYOS X CON BRAZO EN C MOVIL,,1.0,PIECE,498.0,49326.93,,,
2024-04-25,墨西哥,中国,GE SISTEMAS MEDICOS DE MEXICO SA DE CV,GE HUALUN MEDICAL SYSTEMS CO LTD,"ANTONIO DOVALI JAIME 70 TORRE B PISO 4 AVENIDA JAVIER BARROS SIERRA Y AVENIDA SANTA FE

Ciudad de Mexico
01210","YONG CHANG NORTH ROAD
BEIJINGCHINA

100176",,,,CHINA,,,NUEVO LAREDO NUEVO LAREDO TAMAULIPAS.,9022149101,SISTEMA RADIOGRAFICO XR6000,,1.0,PIECE,911.0,19992.17,,,
2024-04-25,墨西哥,中国,INVYRTE SA DE CV,IRAY TECHNOLOGY COMPANY LIMITED,"DEL ROSAL 108 AV. AZTECAS Y EJE 10 SUR
Cuajimalpa de Morelos
Ciudad de Mexico
04330","RUIQING ROAD
SHANGHAI PUDONG

201201",,,,CHINA,,,AEROPUERTO INTERNACIONAL DE LA CIUDAD DE MEXICO,9022149199,EQUIPO DE RAYOS X PARA SU VETERINARIO CON ACCESORIOS,,5.0,PIECE,90.0,25000.0,,,
2024-04-25,巴基斯坦,中国,INDUS HOSPITAL&HEALTH NETWORK,ATLAS GLOBAL FZE,"Plot # C-76, Sector 31-5 Korangi Crossing"," OFFICE 708A, JAFZA BUILDING NO.18 SHEIKH ZAYED ROAD, PO BOX:17442 DUBAI, UAE",,,,China (CN),,,KAPE,90221400,(DONATION FOR INDUS HOSPITAL & HEALTH NETWORK) GE C-ARM SYSTEM BRIVO 785 WITH STANDARD ACCESSORIES. MODEL: BRIVO OEC 785. (03-UNITS).,,3.0,u,1.489,127464.0,MFS/KHI/241862,,
2024-04-25,秘鲁,中国,INTERNATIONAL DIAGNOSTIC IMAGING SAC,,AV. JOSE GALVEZ BARRENECHEA NRO. 1091,,,,,CHINA,,Kunshan,,9022140000,"DETECTOR DE RAYOS X, IRAY TECHNOLOGY, MARS1717V-VSI  USO MEDICO UNIDADES DETECTOR DE RAYOS X DE PANEL PLANO INDIRECTO,,,,",,6.0,U,53.79,39000.0,,,
2024-04-25,巴基斯坦,中国,INDUS HOSPITAL & HEALTH NETWORK,ATLAS GLOBAL FZE,"Plot # C-76, Sector 31-5 Korangi Crossing",,,,,China,,,KAPE,90221400,(DONATION FOR INDUS HOSPITAL & HEALTH NETWORK) GE C-ARM SYSTEM BRIVO 785 WITH STANDARD ACCESSORIES. MODEL: BRIVO OEC 785. (03-UNITS).,,3.0,u,0.0,174300.0,,,
2024-04-25,印度,中国,PHILIPS INDIA LIMITED,SPELLMAN HIGH VOLTAGE ELECTRONICS SUZHOU INDUSTRI,"3RD FLOOR TOWER A DLF PARK 08,MAJO  R ARTERIAL RD NEW TOWN RAJARHAT",,,,,CHINA ,,SHANGHAI - PU DONG,SAHAR AIR CARGO ACC (INBOM4),90221410,"409085-001,HV GENERTOAR (FOR C-ARM IMAGE INTENSIFIER SYSTEM)",,5.0,NOS ,0.0,10365.0,CEF2Q6QVVCQKD,,
2024-04-24,墨西哥,中国,GE SISTEMAS MEDICOS DE MEXICO SA DE CV,GE HUALUN MEDICAL SYSTEMS CO LTD,"ANTONIO DOVALI JAIME 70 TORRE B PISO 4 AVENIDA JAVIER BARROS SIERRA Y AVENIDA SANTA FE

Ciudad de Mexico
01210","YONG CHANG NORTH ROAD
BEIJINGCHINA

100176",,,,CHINA,,,NUEVO LAREDO NUEVO LAREDO TAMAULIPAS.,9022149199,SISTEMA DE RAYOS X CON BRAZO EN C MOVIL,,1.0,PIECE,668.0,53967.63,,,
2024-04-23,印度,中国,WIPRO GE MEDICAL DEVICE MANUFACTURING PRIVATE LIMI,GE HUALUN MEDICAL SYSTEMS CO LTD,"No.4, Kadugodi Industrial Area, Sad  Whitefield, Bangalore",,,,,CHINA ,,Shanghai,BANGALORE,90221490,5521321-4 - SYSTEM GANTRY HLA FOR OPTIMA IGS 320 - INDIA SEMI FINISHED (PARTS FOR MANUFACTURING OF IGS 320/OPTIMA IGS 32,,1.0,PCS ,0.0,83655.94,S48QN2JVVT1LI,,
2024-04-23,波兰,中国,DB CARGO EURASIA GMBH P P GE MEDICAL SYSTEMS SCS,GE MEDICAL SYSTEMS CHINA CO LTD,ST. OF VIYEYSK 2 | 11,"NO. 19, CHANGJIANG ROAD WUXI NATIONAL HI-TECH DEVELOPMENT ZONE",,,,,Poland (PL),,,902214,MOBILE X-RAY MEDICAL EQUIPMENT C-ARM,,1599.0,KG,1599.0,0.0,,,
2024-04-23,印度,中国,WIPRO GE MEDICAL DEVICE MANUFACTURING PRIVATE LIMI,GE HUALUN MEDICAL SYSTEMS CO LTD,"No.4, Kadugodi Industrial Area, Sad  Whitefield, Bangalore",,,,,CHINA,,Shanghai,BANGALORE,90221490,5521321-4 - SYSTEM GANTRY HLA FOR OPTIMA IGS 320 - INDIA SEMI FINISHED (PARTS FOR MANUFACTURING OF IGS 320/OPTIMA IGS 325521321-4 - SYSTEM GANTRY HLA FOR OPTIMA IGS 320 - INDIA SEM,,1.0,PCS,0.0,87813.43,S48QN2JVVT1LI,,
2024-04-23,波兰,中国,DB CARGO EURASIA GMBH P P GE MEDICAL SYSTEMS SCS,BEIJING GE HANGWEI MEDICAL EQUIPMENT CO LTD,ST. OF VIYEYSK 2 | 11,No. 1 NORTH YONG CHANG STREET BEIJING ECONOMIC & TECHNOLOGICAL DEVELOPMENT AREA,,,,,Poland (PL),,,902214,"EQUIPMENT FOR USE OF X-RAY DEVICES, MOBILE X-RAY DEVICE",,2346.0,KG,2346.0,0.0,,,
2024-04-23,印度,中国,WIPRO GE MEDICAL DEVICE MANUFACTURING PRIVATE LIMI,GE HUALUN MEDICAL SYSTEMS CO LTD,"No.4, Kadugodi Industrial Area, Sad  Whitefield, Bangalore",,,,,CHINA,,Tianjin,BANGALORE,90221490,5521321-4 - SYSTEM GANTRY HLA FOR OPTIMA IGS 320 - INDIA SEMI FINISHED LOT NO/S: V8SI2400010 (PARTS FOR MANUFACTURING OF5521321-4 - SYSTEM GANTRY HLA FOR OPTIMA IGS 320 - INDIA SEM,,1.0,PCS,0.0,86696.3,XMGWWR5P499W2,,
2024-04-23,加纳,中国,ACCRA NEW TOWN ISLAMIC HOSPITAL LTD,GUANGZHOU YUESHEN MEDICAL EQUIPMENTCO LTD,,,,,,China,,,,9022140000,"YSX-IDR65
65KW DIGITAL X-RAY PHOTOGRAPHY",,0.0,,40.0,2100.0,HUHG40313700,,
2024-04-23,菲律宾,中国,IDS MEDICAL SYSTEMS PHILIPPINES INC,ELEKTA PTE LTD,"UNIT 1010 BTTC CENTRE 288 ORTIGAS AVE GREENHILLS,SAN JUAN CITY",,,,,CHINA,,,,90221400000,1 SET ELEKTA HARMONY PRO MEDICAL LINEAR ACCELERATOR | SKU CODE: 2023-400207-DR | BATCH/SERIAL NO. 441052 | PRODUCT NAME: ELEKTA HARMONY PRO MEDICAL LINEAR ACCELERATOR | ELEKTA | GLOBAL SCP MEDICAL SYSTEMS PTE,,1.0,PIECE,9527.17,2183600.0,EF24030071,,
2024-04-23,波兰,中国,DB CARGO EURASIA GMBH P P GE MEDICAL SYSTEMS LTD,BEIJING GE HANGWEI MEDICAL EQUIPMENT CO LTD,ST. OF VIYEYSK 2 | 11,No. 1 NORTH YONG CHANG STREET BEIJING ECONOMIC & TECHNOLOGICAL DEVELOPMENT AREA,,,,,Poland (PL),,,902214,MOBILE X-RAY DEVICE C-ARM,,1335.0,KG,1335.0,0.0,,,
2024-04-23,波兰,中国,DB CARGO EURASIA GMBH P P GE MEDICAL SYSTEMS INFORMATION TECHNOLOGIES GMBH,GE HUALUN MEDICAL SYSTEMS CO LTD,ST. OF VIYEYSK 2 | 11,No. 1 NORTH YONG CHANG STREET BEIJING ECONOMIC & TECHNOLOGICAL DEVELOPMENT AREA,,,,,Poland (PL),,,902214,MOBILE X-RAY DEVICE S-DUGI,,300.0,KG,300.0,0.0,,,
2024-04-23,波兰,中国,DB CARGO EURASIA GMBH P P GE MEDICAL SYSTEMS SCS,BEIJING GE HANGWEI MEDICAL EQUIPMENT CO LTD,ST. OF VIYEYSK 2 | 11,No. 1 NORTH YONG CHANG STREET BEIJING ECONOMIC & TECHNOLOGICAL DEVELOPMENT AREA,,,,,Poland (PL),,,902214,"MOBILE X-RAY DEVICE C-ARM, EQUIPMENT FOR USE OF X-RAY DEVICES",,1828.0,KG,1828.0,0.0,,,
2024-04-23,印度,中国,WIPRO GE MEDICAL DEVICE MANUFACTURING PRIVATE LIMI,GE HUALUN MEDICAL SYSTEMS CO LTD,"No.4, Kadugodi Industrial Area, Sad  Whitefield, Bangalore",,,,,CHINA ,,Tianjin,BANGALORE,90221490,5521321-4 - SYSTEM GANTRY HLA FOR OPTIMA IGS 320 - INDIA SEMI FINISHED LOT NO/S: V8SI2400010 (PARTS FOR MANUFACTURING OF,,1.0,PCS ,0.0,83655.94,XMGWWR5P499W2,,
2024-04-23,波兰,中国,DB CARGO EURASIA GMBH P P GE MEDICAL SYSTEMS INFORMATION TECHNOLOGIES GMBH,GE MEDICAL SYSTEMS CHINA CO LTD,ST. OF VIYEYSK 2 | 11,"NO. 19, CHANGJIANG ROAD WUXI NATIONAL HI-TECH DEVELOPMENT ZONE WUXI",,,,,Poland (PL),,,902214,MOBILE X-RAY DEVICE C-ARM,,794.0,KG,794.0,0.0,,,
2024-04-23,波兰,中国,DB CARGO EURASIA GMBH P P GE MEDICAL SYSTEMS SCS,GE HANGWEI MEDICAL SYSTEMS CO LTD,ST. OF VIYEYSK 2 | 11,No. 1 NORTH YONG CHANG STREET BEIJING ECONOMIC & TECHNOLOGICAL DEVELOPMENT AREA,,,,,Poland (PL),,,902214,MOBILE X-RAY DEVICE S-DUGI,,800.0,KG,800.0,0.0,,,
2024-04-23,智利,中国,,,,,,,,CHINA,,Shanghai,San Antonio,90221411,SISTEMA DE BRAZO EN C MOVILDE ALTA FRECUENCIA.,,1.0,UNIDADES,575.0,23133.15,M)COSU6378444300(N)SHA71312890,,PERLOVE-F
2024-04-23,墨西哥,中国,GE SISTEMAS MEDICOS DE MEXICO SA DE CV,GE HUALUN MEDICAL SYSTEMS CO LTD,"ANTONIO DOVALI JAIME 70 TORRE B PISO 4 AVENIDA JAVIER BARROS SIERRA Y AVENIDA SANTA FE

Ciudad de Mexico
01210","YONG CHANG NORTH ROAD
BEIJINGCHINA

100176",,,,CHINA,,,NUEVO LAREDO NUEVO LAREDO TAMAULIPAS.,9022149101,SISTEMA RADIOGRAFICO XR6000,,1.0,PIECE,905.0,20543.28,,,
2024-04-22,印度,中国,WIPRO GE MEDICAL DEVICE MANUFACTURING PRIVATE LIMI,GE HUALUN MEDICAL SYSTEMS CO LTD,"No.4, Kadugodi Industrial Area, Sad  Whitefield, Bangalore",,,,,CHINA ,,Shanghai,BANGALORE,90221490,5521321-4 - SYSTEM GANTRY HLA FOR OPTIMA IGS 320 - INDIA SEMI FINISHED (PARTS FOR MANUFACTURING OF IGS 320/OPTIMA IGS 32,,1.0,PCS ,0.0,83655.94,XZKW74FBER9RU,,
2024-04-22,印度,中国,WIPRO GE MEDICAL DEVICE MANUFACTURING PRIVATE LIMI,GE HUALUN MEDICAL SYSTEMS CO LTD,"No.4, Kadugodi Industrial Area, Sad  Whitefield, Bangalore",,,,,CHINA,,Shanghai,BANGALORE,90221490,5521321-4 - SYSTEM GANTRY HLA FOR OPTIMA IGS 320 - INDIA SEMI FINISHED (PARTS FOR MANUFACTURING OF IGS 320/OPTIMA IGS 325521321-4 - SYSTEM GANTRY HLA FOR OPTIMA IGS 320 - INDIA SEM,,1.0,PCS,0.0,87813.43,XZKW74FBER9RU,,
2024-04-22,巴基斯坦,中国,RADIANT MEDICAL PVT LTD,VITRACE INTERNATIONAL FZC,"6-SHERSHAH BLOCK, NEW GARDEN TOWN, LAHORE, Lahore Gulberg Town", ELOB OFFICE NO E-21 F-17 PO BOX NO 54015		 UNITED ARAB EMIRATES,,,,China (CN),,,KAPS,90221400,"DRX-RISE MOBILE X-RAY SYSTEM, MODEL: GLM-1, SN: RISE50044, REF: 8626004, SPEC: 100-240V(ac), 50/60HZ, MAXIMUM INPUT POWER: 1.7KVA, SC: 2297, WITH STANDARD ACCESSORIES CONSISTING OF HIGH VOLTAGE GENERATOR MODEL DMG-32KCXAA, SN: 5237071014, REV: 011, DATE:",,2.0,u,1.8662,25600.0,HZYHA2024030001,,
2024-04-22,巴基斯坦,中国,RADIANT MEDICAL PVT LTD,VITRACE INTERNATIONAL FZC,"6-SHERSHAH BLOCK, NEW GARDEN TOWN, LAHORE, Lahore Gulberg Town",,,,,China                         ,,,KAPS,90221400,"DRX-RISE MOBILE X-RAY SYSTEM, MODEL: GLM-1, SN: RISE50044, REF: 8626004, SPEC: 100-240V(ac), 50/60HZ, MAXIMUM INPUT POWER: 1.7KVA, SC: 2297, WITH STANDARD ACCESSORIES CONSISTING OF HIGH VOLTAGE GENERATOR MODEL DMG-32KCXAA, SN: 5237071014, REV: 011, DATE:",,2.0,u,0.0,25600.0,,,
2024-04-22,越南,中国,CÔNG TY TNHH SUPERWELL TECHNOLOGY VIỆT NAM,LIUYANG VOLITION MEDICAL EQUIPMENT CO LTD,"T16, Nam Cuong Building, Duong Noi Urban Area, Km4 To Huu Street, La Khe Ward, Ha Dong District, Hanoi, Vietnam","76 JIANSHOU AVE, ECONOMIC AND TECHNOLOGICAL, DEVELOPMENT ZONE, LIUYANG, HUNAN, CHINA, CN",,,,China,,,,90221400,"Hệ thống X-quang chẩn đoán  và phụ kiện đi kèm, Mã: Picke 1800 DR/500, Hãng sx: Liu Yang Volition Medical Equipment Co.,Ltd,Mới 100%,Diagnostic X-ray system and accompanying accessories, Code: Picke 1800 DR/500, Manufacturer: Liu Yang Volition Medical Equipment Co., Ltd, 100% new",,1.0,Set,0.0,15000.0,,,
2024-04-22,印度,中国,PHILIPS INDIA LIMITED,PHILIPS ELECTRONICS SINGAPORE PTE LTD,"3RD FLOOR TOWER A DLF PARK 08,MAJO  R ARTERIAL RD NEW TOWN RAJARHAT",,,,,CHINA ,,Singapore,KOLKATA ACC (INCCU4),90221490,459800202852 KIT JOYSTICKS GEO_IMAG_ELASTOMER (PARTS USE INMEDICAL EQUIPMENT),,1.0,NOS ,0.0,335.74,C9FDF5QKU17BS,,
2024-04-20,乌干达,中国,GTC INTERNATIONAL LOGISTICS LTD,GUANGZHOU YANLANG INTERNATIONAL,,,,,,CHINA,UGANDA,,,90221400000,RADIOGRAPHY SYSTEM,,1.0,Number,190.0,1600.0,,,
2024-04-19,印度,中国,INSPECTION TECHNOLOGY,DANDONG RONGHUA XRAY INSTRUMENT CO,"504 URMILA SAHAR ROAD,ANDHERI EAST  ",,,,,CHINA ,,Beijing,SAHAR AIR CARGO ACC (INBOM4),90221490,SPARE PARTS FOR INDUSTRIAL PROTABLE PIPELINE X-RAY MACHINE: 350KV CERAMIC TUBE,,4.0,NOS ,0.0,5800.0,X468NBTTUISGQ,,
2024-04-19,印度,中国,INSPECTION TECHNOLOGY,DANDONG RONGHUA XRAY INSTRUMENT CO,"504 URMILA SAHAR ROAD,ANDHERI EAST  ",,,,,CHINA ,,Beijing,SAHAR AIR CARGO ACC (INBOM4),90221490,SPARE PARTS FOR INDUSTRIAL PROTABLE PIPELINE X-RAY MACHINE: 250KV HT COIL,,10.0,NOS ,0.0,2100.0,X468NBTTUISGQ,,
2024-04-19,墨西哥,中国,GE SISTEMAS MEDICOS DE MEXICO SA DE CV,GE HUALUN MEDICAL SYSTEMS CO LTD,"ANTONIO DOVALI JAIME 70 TORRE B PISO 4 AVENIDA JAVIER BARROS SIERRA Y AVENIDA SANTA FE

Ciudad de Mexico
01210","YONG CHANG NORTH ROAD
BEIJINGCHINA

100176",,,,CHINA,,,NUEVO LAREDO NUEVO LAREDO TAMAULIPAS.,9022149101,SISTEMA RADIOGRAFICO XR6000,,1.0,PIECE,881.0,20326.86,,,
2024-04-19,印度,中国,INSPECTION TECHNOLOGY,DANDONG RONGHUA XRAY INSTRUMENT CO,"504 URMILA SAHAR ROAD,ANDHERI EAST  ",,,,,CHINA ,,Beijing,SAHAR AIR CARGO ACC (INBOM4),90221490,SPARE PARTS FOR INDUSTRIAL PROTABLE PIPELINE X-RAY MACHINE: 9 PIN MALE CONNECTOR FOR CONTROLLER SIDE,,6.0,NOS ,0.0,180.0,X468NBTTUISGQ,,
2024-04-19,印度,中国,INSPECTION TECHNOLOGY,DANDONG RONGHUA XRAY INSTRUMENT CO,"504 URMILA SAHAR ROAD,ANDHERI EAST  ",,,,,CHINA ,,Beijing,SAHAR AIR CARGO ACC (INBOM4),90221490,SPARE PARTS FOR INDUSTRIAL PROTABLE PIPELINE X-RAY MACHINE: 9 PIN CONNECTORS FOR GENERATOR SIDE,,6.0,NOS ,0.0,180.0,X468NBTTUISGQ,,
2024-04-19,乌干达,中国,CAMILLUS MEDICAL CENTRE LIMITED,GUANGZHOU YUESHEN MEDICALEQUIPMENT CO LTD,,,,,,CHINA,UGANDA,,,90221400000,X-RAY PROTECTIVE LEAD APRON,,2.0001,Number,12.0,158.0001,,,
2024-04-19,印度,中国,INSPECTION TECHNOLOGY,DANDONG RONGHUA XRAY INSTRUMENT CO,"504 URMILA SAHAR ROAD,ANDHERI EAST  ",,,,,CHINA ,,Beijing,SAHAR AIR CARGO ACC (INBOM4),90221490,SPARE PARTS FOR INDUSTRIAL PROTABLE PIPELINE X-RAY MACHINE: 350KV MA BOARD,,3.0,NOS ,0.0,300.0,X468NBTTUISGQ,,
2024-04-19,墨西哥,中国,GE SISTEMAS MEDICOS DE MEXICO SA DE CV,GE HUALUN MEDICAL SYSTEMS CO LTD,"ANTONIO DOVALI JAIME 70 TORRE B PISO 4 AVENIDA JAVIER BARROS SIERRA Y AVENIDA SANTA FE

Ciudad de Mexico
01210","YONG CHANG NORTH ROAD
BEIJINGCHINA

100176",,,,CHINA,,,NUEVO LAREDO NUEVO LAREDO TAMAULIPAS.,9022149101,SISTEMA RADIOGRAFICO XR6000,,1.0,PIECE,875.0,19872.07,,,
2024-04-19,波兰,中国,DB CARGO EURASIA GMBH P P GE MEDICAL SYSTEMS SCS,BEIJING GE HANGWEI MEDICAL EQUIPMENT CO LTD,ST. OF VIYEYSK 2 | 11,No. 1 NORTH YONG CHANG STREET BEIJING ECONOMIC & TECHNOLOGICAL DEVELOPMENT AREA,,,,,Poland (PL),,,902214,MOBILE X-RAY MEDICAL EQUIPMENT OF S-DUGI,,1001.0,KG,1001.0,0.0,,,
2024-04-19,印度,中国,INSPECTION TECHNOLOGY,DANDONG RONGHUA XRAY INSTRUMENT CO,"504 URMILA SAHAR ROAD,ANDHERI EAST  ",,,,,CHINA ,,Beijing,SAHAR AIR CARGO ACC (INBOM4),90221490,SPARE PARTS FOR INDUSTRIAL PROTABLE PIPELINE X-RAY MACHINE: 350KV KV BOARD,,3.0,NOS ,0.0,300.0,X468NBTTUISGQ,,
2024-04-19,印度,中国,INSPECTION TECHNOLOGY,DANDONG RONGHUA XRAY INSTRUMENT CO,"504 URMILA SAHAR ROAD,ANDHERI EAST  ",,,,,CHINA ,,Beijing,SAHAR AIR CARGO ACC (INBOM4),90221490,SPARE PARTS FOR INDUSTRIAL PROTABLE PIPELINE X-RAY MACHINE: PROGRAMME IC (5620CN),,10.0,NOS ,0.0,360.0,X468NBTTUISGQ,,
2024-04-19,墨西哥,中国,GE SISTEMAS MEDICOS DE MEXICO SA DE CV,GE HUALUN MEDICAL SYSTEMS CO LTD,"ANTONIO DOVALI JAIME 70 TORRE B PISO 4 AVENIDA JAVIER BARROS SIERRA Y AVENIDA SANTA FE

Ciudad de Mexico
01210","YONG CHANG NORTH ROAD
BEIJINGCHINA

100176",,,,CHINA,,,NUEVO LAREDO NUEVO LAREDO TAMAULIPAS.,9022149101,SISTEMA RADIOGRAFICO XR6000,,1.0,PIECE,875.0,19893.37,,,
2024-04-19,印度,中国,WIPRO GE MEDICAL DEVICE MANUFACTURING PRIVATE LIMI,GE HUALUN MEDICAL SYSTEMS CO LTD,"No.4, Kadugodi Industrial Area, Sad  Whitefield, Bangalore",,,,,CHINA,,Tianjin,BANGALORE,90221490,5521321-4 - SYSTEM GANTRY HLA FOR OPTIMA IGS 320 - INDIA SEMI FINISHED (PARTS FOR MANUFACTURING OF IGS 320/OPTIMA IGS 325521321-4 - SYSTEM GANTRY HLA FOR OPTIMA IGS 320 - INDIA SEM,,1.0,PCS,0.0,86610.45,UB958SOK1DNNQ,,
2024-04-19,印度,中国,INSPECTION TECHNOLOGY,DANDONG RONGHUA XRAY INSTRUMENT CO,"504 URMILA SAHAR ROAD,ANDHERI EAST  ",,,,,CHINA ,,Beijing,SAHAR AIR CARGO ACC (INBOM4),90221490,SPARE PARTS FOR INDUSTRIAL PROTABLE PIPELINE X-RAY MACHINE: 350KV HT COIL,,4.0,NOS ,0.0,2760.0,X468NBTTUISGQ,,
2024-04-19,印度,中国,INSPECTION TECHNOLOGY,DANDONG RONGHUA XRAY INSTRUMENT CO,"504 URMILA SAHAR ROAD,ANDHERI EAST  ",,,,,CHINA ,,Beijing,SAHAR AIR CARGO ACC (INBOM4),90221490,SPARE PARTS FOR INDUSTRIAL PROTABLE PIPELINE X-RAY MACHINE: PROGRAMME IC (0834),,10.0,NOS ,0.0,420.0,X468NBTTUISGQ,,
2024-04-19,赞比亚,中国,ENSUREMED EQUIPMENT S LTD,EVEROKGROUP INTERNATIONAL FORWARDING SHANGHAI CO,,,,,,China,Zambia,,,902214000000,DIGITAL X-RAY MACHINE,,1.0,NMB,950.0,37450.3726,COSU6377054180,,
2024-04-19,波兰,中国,DB CARGO EURASIA GMBH P P GE MEDICAL SYSTEMS SCS,BEIJING GE HANGWEI MEDICAL EQUIPMENT CO LTD,ST. OF VIYEYSK 2 | 11,No. 1 NORTH YONG CHANG STREET BEIJING ECONOMIC & TECHNOLOGICAL DEVELOPMENT AREA,,,,,Poland (PL),,,902214,MOBILE X-RAY DEVICE S-DUGI,,807.0,KG,807.0,0.0,,,
2024-04-19,赞比亚,中国,ENSUREMED EQUIPMENT S LTD,EVEROKGROUP INTERNATIONAL FORWARDING SHANGHAI CO,,,,,,China,Zambia,,,902214000000,DIGITAL X-RAY MACHINE,,1.0,NMB,950.0,37450.3726,COSU6377054180,,
2024-04-19,印度,中国,WIPRO GE MEDICAL DEVICE MANUFACTURING PRIVATE LIMI,GE HUALUN MEDICAL SYSTEMS CO LTD,"No.4, Kadugodi Industrial Area, Sad  Whitefield, Bangalore",,,,,CHINA ,,Tianjin,BANGALORE,90221490,5521321-4 - SYSTEM GANTRY HLA FOR OPTIMA IGS 320 - INDIA SEMI FINISHED (PARTS FOR MANUFACTURING OF IGS 320/OPTIMA IGS 32,,1.0,PCS ,0.0,83655.94,UB958SOK1DNNQ,,
2024-04-19,印度,中国,INSPECTION TECHNOLOGY,DANDONG RONGHUA XRAY INSTRUMENT CO,"504 URMILA SAHAR ROAD,ANDHERI EAST  ",,,,,CHINA ,,Beijing,SAHAR AIR CARGO ACC (INBOM4),90221490,SPARE PARTS FOR INDUSTRIAL PROTABLE PIPELINE X-RAY MACHINE: PROGRAMME IC (X-5045),,10.0,NOS ,0.0,450.0,X468NBTTUISGQ,,
2024-04-19,印度,中国,INSPECTION TECHNOLOGY,DANDONG RONGHUA XRAY INSTRUMENT CO,"504 URMILA SAHAR ROAD,ANDHERI EAST  ",,,,,CHINA ,,Beijing,SAHAR AIR CARGO ACC (INBOM4),90221490,SPARE PARTS FOR INDUSTRIAL PROTABLE PIPELINE X-RAY MACHINE: SCR KG50,,15.0,NOS ,0.0,825.0,X468NBTTUISGQ,,
2024-04-19,哥斯达黎加,中国,LATIN AMERICAN BIOPHARMA LABSA S A,SHANGHAI TOEX INTERNATIONAL TR,,,,,,CHINA,,,,902214000020,MAQUINA RAYOS X GRADO VEERINARIO SM REF KANISTAR V3,,2.0,Unidad (c/u),3555.55,40081.35,,,SM                                                                    
2024-04-18,墨西哥,中国,GE SISTEMAS MEDICOS DE MEXICO SA DE CV,GE HUALUN MEDICAL SYSTEMS CO LTD,"ANTONIO DOVALI JAIME 70 TORRE B PISO 4 AVENIDA JAVIER BARROS SIERRA Y AVENIDA SANTA FE

Ciudad de Mexico
01210","YONG CHANG NORTH ROAD
BEIJINGCHINA

100176",,,,CHINA,,,NUEVO LAREDO NUEVO LAREDO TAMAULIPAS.,9022149101,SISTEMA RADIOGRAFICO XR6000,,1.0,PIECE,875.0,19836.83,,,
2024-04-18,墨西哥,中国,GE SISTEMAS MEDICOS DE MEXICO SA DE CV,GE HUALUN MEDICAL SYSTEMS CO LTD,"ANTONIO DOVALI JAIME 70 TORRE B PISO 4 AVENIDA JAVIER BARROS SIERRA Y AVENIDA SANTA FE

Ciudad de Mexico
01210","YONG CHANG NORTH ROAD
BEIJINGCHINA

100176",,,,CHINA,,,NUEVO LAREDO NUEVO LAREDO TAMAULIPAS.,9022149101,SISTEMA RADIOGRAFICO XR6000,,1.0,PIECE,881.0,19836.83,,,
2024-04-18,墨西哥,中国,GE SISTEMAS MEDICOS DE MEXICO SA DE CV,GE HUALUN MEDICAL SYSTEMS CO LTD,"ANTONIO DOVALI JAIME 70 TORRE B PISO 4 AVENIDA JAVIER BARROS SIERRA Y AVENIDA SANTA FE

Ciudad de Mexico
01210","YONG CHANG NORTH ROAD
BEIJINGCHINA

100176",,,,CHINA,,,NUEVO LAREDO NUEVO LAREDO TAMAULIPAS.,9022149101,SISTEMA RADIOGRAFICO XR6000,,1.0,PIECE,881.0,20291.27,,,
2024-04-18,秘鲁,中国,INTERNACIONAL VET PERÚ S A C,DHL EXPRESS PERU S A C,,,,,,CHINA,,MIAMI,,9022140000,"GENERADOR DE RAYOS X , TOOTOO MEDITECH, CANIS 5C PARA USO VETERINARIO INCLUYE ACCESORIOS GENERADOR DE RAYOS X S/N: CA5201210H12624005 // CA5201210H12624006,,,,",,2.0,U,42.474,6297.561,,,
2024-04-18,秘鲁,中国,VIGEAN INTERNATIONAL SERVICE S A C,,,,,,,CHINA,,Guangzhou,,9022140000,"MAQUINA DE RAYOS X USO VETERINARIO,MSL,MSLPX15, VETERINARY PORTABLE X RAY MACHINE MANUFACTURING DATE: MAR. 2024, CONDITION: NEW MAQUINA DE RAYOS X USO VETERINARIO PORTATIL AUT. NRO. 0291-24-IPEN/OTAN DEL 17/04/2024 AL 16/07/2024,,,,",,1.0,U,20.0,1529.638,,,
2024-04-18,乌兹别克斯坦,中国,ГУ O'ZMEDIMPEKS,BEIJING WANDONG MEDICAL TECHNOLOGY CO LTD,,,,,,0,,,,9022140000,"1. Цифровая радиографическая система с принадлежностями - 6шт. (цифровой стационарный рентгенодиагностический аппарат). Модель: New Oriental 1000MC. Производитель ""Beijing Wandong Medical Technology Co., Ltd"", Китай.18 дер.ящиков, вес 5040 кг, кол. 6 шт;  1. Интраоперационный (рентгенохирургический) аппарат на базе С-arm -5шт., с принадлежностями (рентгеновская мобильная система с-дуга с эоп). Модель: HMC-160. Производитель ""Beijing Wandong Medical Technology Co., Ltd"", Китай. 5 дер.ящиков, вес G31MARKA марка BEIJING WANDONG YEAR10 год производ 2024 PARAM10 Характеристика товара Медицинская техника",,19.0,Piece,9040.0,724296.0,,,
2024-04-18,菲律宾,中国,PHILIPS PHILIPPINES INC,PHILIPS HEALTHCARE SUZHOU LTD,"10TH FLOOR SUNLIFE CENTRE 5TH AVE. COR RIZAL DR.GLOBAL CITY,TAGUIG CITY",,,,,CHINA,,,,90221400000,1 PCE DURADIAGNOST F30 1.1 (PHILIPS),,1.0,PIECE,1149.0,21713.0,CPL0163614,,
2024-04-17,哈萨克斯坦,中国,ТОО RUBIN GROUP РУБИН ГРУПП,NANJING PERLOVE MEDICAL EQUIPMENT CO LTD,"КАЗАХСТАН||УЛ.ЕЛШИБЕК БАТЫРА, 114/1","КИТАЙ||NO.97, WANGXI ROAD, JIANGNING DISTRICT",,,,China,Kazakhstan,,,9022140000,"1. МЕДИЦИНСКИЙ ДИАГНОСТИЧЕСКИЙ РЕНТГЕНОВСКИЙ АППАРАТ PLD7300D, МЕДИЦИНСКИЙ ДИАГНОСТИЧЕСКИЙ РЕНТГЕНОВСКИЙ АППАРАТ PLD7300D",,2.0,ШТ,2124.0,70004.38,,,
2024-04-17,哈萨克斯坦,中国,ТОО RUBIN GROUP РУБИН ГРУПП,NANJING PERLOVE MEDICAL EQUIPMENT CO LTD, , ,,,"NANJING PERLOVE MEDICAL EQUIPMENT CO., LTD",China,Kazakhstan,,,9022140000,"1. МЕДИЦИНСКИЙ ДИАГНОСТИЧЕСКИЙ РЕНТГЕНОВСКИЙ АППАРАТ PLD7300D, МЕДИЦИНСКИЙ ДИАГНОСТИЧЕСКИЙ РЕНТГЕНОВСКИЙ АППАРАТ PLD7300D",,2.0,ШТ,2124.0,70004.38,,,"NANJING PERLOVE MEDICAL EQUIPMENT CO., LTD"
2024-04-17,印度,中国,PHILIPS INDIA LIMITED,PHILIPS ELECTRONICS SINGAPORE PTE LTD,"3RD FLOOR TOWER A DLF PARK 08,MAJO  R ARTERIAL RD NEW TOWN RAJARHAT",,,,,CHINA ,,Singapore,SAHAR AIR CARGO ACC (INBOM4),90221490,459801276504 CONTROL MODULE STANDARD ER (PARTS FOR IXR MACHINE),,1.0,NOS ,0.0,2104.64,ULYNDW265V4V9,,
2024-04-17,哥伦比亚,中国,C MEDICAL S A S,SHENZHEN ANGELL TECHNOLOGY CO LTD,CR 72 A 48 50,"408, BULDING A, HUAHAN",,,,CHINA,,,,9022140000,"DO 2230980-002 CODIGO / RESOLUCION OEA DECLARANTE: RESOLUCION 009264 DE 02-11-2023; PEDIDO TRAMITE: EQUIPOS DE RX DECLARACION(1-1) MERCANCIA NUEVA.VINVIMA-23-0101662 CON FECHA 2023-08-28.NOS ACOGEMOS AL DECRETO 272 DEL 13 DEFEBRERO DE 2018, QUE ESTABLECE UN GRAVAMEN ARANCELARIO DEL 0%. COD MTP50-A- 220V FLOOR MOUNTED X-RAY RADIOFRAPHIC SYSTEM (SIMPLE VERSION) R.S INVIMA 2021EBC-0023229 VIG 2031/03/25. PRODUCTO: RAYOS X ANGELL MTP50-A, MARCA: ANGELL, MODELO: MTP50-A, REFERENCIA: MTP50-A, USO O DESTINO: ESTE EQUIPO SE UTILIZA PARA TRANSFERIR RAYOS X DESDE EL TUBO, ENERGIZADO POR EL GENERADOR DE ALTA FRECUENCIA Y ALTO VOLTAJE, GENERANDO UNA IMAGEN VISIBLE MEDIANTE UN DETECTOR DE PANEL DIGITAL, Y ASI PRESENTAR IMAGENES MEDICAS DIGITALES PARA EL DIAGNOSTICO CLÃNICO. EL SOFTWARE DE LA ESTACION DE TRABAJO DE RADIOLOGIA DEL SISTEMA SE UTILIZA PARA LA RECONSTRUCCION, VISUALIZACION, ALMACENAMIENTO Y TRANSMISION DE IMAGENES A TRAVES DE LA COMPUTADORA. EL DIAGNOSTICADOR PUEDE LEERLO DIRECTAMENTE",,1.0,NUMERO DE ARTICULOS,802.08,25224.74,,,
2024-04-17,埃塞俄比亚,中国,AFEI HOLDING CO LTD ETHIOPIA BRAN,,,,,,,China,,,,90221400,"-- Other, for medical, surgical or veterinary uses",,1.0,UNT,3774.0,853748.22,,,
2024-04-16,加纳,中国,COSMIST ENTERPRISE,GOLDENGATE HOLDINGS LIMITED,,,,,,China,,,,9022140000,HOSPITAL BED,,0.0,,3995.5,3000.0,OOLU2733159840,,
2024-04-16,越南,中国,CÔNG TY CỔ PHẦN MEDITRONIC,GE HEALTHCARE PTE LTD,"C100, No. 35 Cu Loc Street, Nguyen Trai Street, Thuong Dinh Ward, Thanh Xuan District, Hanoi City, Vietnam","11 NORTH BUONA VISTA DRIVE, #11-07 THE METROPOLIS,138589, SINGAPORE, ZZ",,,,China,,,,90221400,"Máy X-quang C-arm di động và phụ kiện tiêu chuẩn đi kèm, model: OEC ONE, S/N: BB6SV2400167HL, sx năm 2024, HSX: GE Hualun Medical Systems Co., Ltd.,Portable C-arm X-ray machine and accompanying standard accessories, model: OEC ONE, S/N: BB6SV2400167HL, manufactured in 2024, HSX: GE Hualun Medical Systems Co., Ltd.",,1.0,Set,0.0,46251.0,,,
2024-04-16,加纳,中国,COSMIST ENTERPRISE,GOLDENGATE HOLDINGS LIMITED,,,,,,China,,,,9022140000,DRESSING DRUM STAINLESS STEEL,,0.0,,540.0,648.0,OOLU2733159840,,
2024-04-16,加纳,中国,COSMIST ENTERPRISE,GOLDENGATE HOLDINGS LIMITED,,,,,,China,,,,9022140000,EXAMINATION BED,,0.0,,2475.0,7500.0,OOLU2733159840,,
2024-04-15,乌克兰,中国,ТОВ ЕКНА УКРАЇНА,SHENZHEN LANMAGE MEDICAL TECHNOLOGY CO LTD,,,,,,China,,,,9022140000,"1.Апаратура, що використовує рентгенівське випромінювання, призначена для медичного використання:Система мамографічна цифрова Luna mini8100А - 1комплект.Серійний номер: DL1223C00011.До комплекту входить:-Генератор рентгенівськоговипромінювання вбудований , 5kw -1шт;-Колона (штатив) до якої кріпиться C-дуга- 1шт;-Рентгенівська трубка (випромінювач) -1ш т;-Рентгенівський коліматор з функцією ін дикатора поля зору - 1шт;-Цифровий плоскопанельний детектор рентг енографічного зображення 24""х30"" -1шт;-Пара ножних педалей для управління компресією -2шт;-Комплект компресійних пластин -1шт;-Панель управління;-Станція візуалізації - Консоль оператора - ПК та професійне програмне- 1шт; Генератор: вхідне джерело живлення: AC 220В-240В однофазний 50/60кГц.Принцип роботи: Випромінювання рентгенів ського випромінювання створюєтьсягенера тором високої напруги та проходить через тканини молочної залози доплоскопанельн ого детектора, який перетворює рентгенів ське випромінювання велектронні сигнали та н",,1.0,шт,440.0,58000.8,,,
2024-04-15,智利,中国,,,,,,,,CHINA,,other ports of china,San Antonio,90221411,USO VETERINARIO,,1.0,UNIDADES,939.0,2297.6,ONEYSZPE26499300(H)LLLSNT24219,,MEDSINGONG
2024-04-15,印度,中国,SIEMENS HEALTHCARE PRIVATE LIMITED,SIEMENS HEALTHINEERS AG,"UNIT NO.9, 9TH FLOOR, NORTH WING  GODREJ ONE, PIROJSHAH NAGAR,",,,,,CHINA ,,Hong Kong,DELHI AIR CARGO ACC (INDEL4),90221490,ARTIS ONE (CARDIAC AND VASCUALAR ANGIOGRAPHY SYSTEM INCL DSA),,1.0,SET ,0.0,252478.46,UAJO0LJWR1XJT,,
2024-04-13,印度,中国,CARESTREAM HEALTH INDIA PRIVATE LIMITED,CARESTREAM HEALTH HK HOLDING LTD,"STAR HUB BUILDING NO.2 8TH FLOOR,O  FFICENO.801 NEAR ITC MARATHA HOTEL",,,,,CHINA ,,Shanghai,NHAVA SHEVA SEA (INNSA1),90221490,8621617 X-RAY SYSTEM CONSOLE PDU 3P 380-480 C/F (ACCESSORIESFOR DRX COMPASS SYSTEM),,1.0,NOS ,0.0,3200.77,MQV7UBKD5JUOP,,
2024-04-13,印度,中国,CARESTREAM HEALTH INDIA PRIVATE LIMITED,CARESTREAM HEALTH HK HOLDING LTD,"STAR HUB BUILDING NO.2 8TH FLOOR,O  FFICENO.801 NEAR ITC MARATHA HOTEL",,,,,CHINA ,,Shanghai,NHAVA SHEVA SEA (INNSA1),90221490,6701528 GENERATOR GRP C 80KW 3P 380-480 VAC (ACCESSORIES FORDRX COMPASS SYSTEM),,1.0,NOS ,0.0,4799.29,MQV7UBKD5JUOP,,
2024-04-13,印度,中国,CARESTREAM HEALTH INDIA PRIVATE LIMITED,CARESTREAM HEALTH HK HOLDING LTD,"STAR HUB BUILDING NO.2 8TH FLOOR,O  FFICENO.801 NEAR ITC MARATHA HOTEL",,,,,CHINA ,,Shanghai,NHAVA SHEVA SEA (INNSA1),90221490,6703698 BRANDING KIT DRX-COMPASS OTC & WS ONLY (ACCESSORIESFOR DRX COMPASS SYSTEM),,1.0,NOS ,0.0,252.85,MQV7UBKD5JUOP,,
2024-04-13,印度,中国,PHILIPS INDIA LIMITED,PHILIPS ELECTRONICS SINGAPORE PTE LTD,"3RD FLOOR TOWER A DLF PARK 08,MAJO  R ARTERIAL RD NEW TOWN RAJARHAT",,,,,CHINA ,,Singapore,SAHAR AIR CARGO ACC (INBOM4),90221490,459801258192 FLOAT MAGNET BRAKE ASSEMBLY PACK (PARTS FOR IXRMACHINE),,1.0,NOS ,0.0,174.92,S3JPU05TRR0F1,,
2024-04-13,印度,中国,CARESTREAM HEALTH INDIA PRIVATE LIMITED,CARESTREAM HEALTH HK HOLDING LTD,"STAR HUB BUILDING NO.2 8TH FLOOR,O  FFICENO.801 NEAR ITC MARATHA HOTEL",,,,,CHINA ,,Shanghai,NHAVA SHEVA SEA (INNSA1),90221490,8621716 OVERHEAD TUBE OTC Z ALPHA X&Y MOTORS C/F (ACCESSORIES FOR DRX COMPASS SYSTEM),,1.0,NOS ,0.0,9443.52,MQV7UBKD5JUOP,,
2024-04-13,印度,中国,CARESTREAM HEALTH INDIA PRIVATE LIMITED,CARESTREAM HEALTH HK HOLDING LTD,"STAR HUB BUILDING NO.2 8TH FLOOR,O  FFICENO.801 NEAR ITC MARATHA HOTEL",,,,,CHINA ,,Shanghai,NHAVA SHEVA SEA (INNSA1),90221490,8621740 CEILING RAIL-OTC 4M LONG X2.8M TRANS C/F (ACCESSORIES FOR DRX COMPASS SYSTEM),,1.0,NOS ,0.0,2311.67,MQV7UBKD5JUOP,,
2024-04-13,哈萨克斯坦,中国,SONOLIZING LTD LIABILITY PARTNERSHIP,SHENZHEN ANGELL TECHNOLOGY CO LTD,"St. Mikrorayon KALKAMAN-2, Street 1, 47", ,,,,,Kazakhstan (KZ),,,902214,DTP580B-3 digital x-ray system | DTP580B-3 Digital x-ray system,,1651.0,KG,1651.0,0.0,,,
2024-04-13,印度,中国,CARESTREAM HEALTH INDIA PRIVATE LIMITED,CARESTREAM HEALTH HK HOLDING LTD,"STAR HUB BUILDING NO.2 8TH FLOOR,O  FFICENO.801 NEAR ITC MARATHA HOTEL",,,,,CHINA ,,Shanghai,NHAVA SHEVA SEA (INNSA1),90221490,6703680 BRANDING KIT DRX-COMPASS TABLE ONLY (ACCESSORIES FORDRX COMPASS SYSTEM),,1.0,NOS ,0.0,245.79,MQV7UBKD5JUOP,,
2024-04-13,印度,中国,PHILIPS INDIA LIMITED,PHILIPS ELECTRONICS SINGAPORE PTE LTD,"3RD FLOOR TOWER A DLF PARK 08,MAJO  R ARTERIAL RD NEW TOWN RAJARHAT",,,,,CHINA ,,Singapore,SAHAR AIR CARGO ACC (INBOM4),90221490,459800202852 KIT JOYSTICKS GEO_IMAG_ELASTOMER (PARTS FOR IXRMACHINE),,1.0,NOS ,0.0,335.74,LDMFEXRZARQQP,,
2024-04-13,印度,中国,CARESTREAM HEALTH INDIA PRIVATE LIMITED,CARESTREAM HEALTH HK HOLDING LTD,"STAR HUB BUILDING NO.2 8TH FLOOR,O  FFICENO.801 NEAR ITC MARATHA HOTEL",,,,,CHINA ,,Shanghai,NHAVA SHEVA SEA (INNSA1),90221490,8622169 WALLSTAND PATIENT HANDLE C/F (ACCESSORIES FOR DRX COMPASS SYSTEM),,1.0,NOS ,0.0,127.09,MQV7UBKD5JUOP,,
2024-04-13,印度,中国,WIPRO GE MEDICAL DEVICE MANUFACTURING PRIVATE LIMI,GE HUALUN MEDICAL SYSTEMS CO LTD,"No.4, Kadugodi Industrial Area, Sad  Whitefield, Bangalore",,,,,CHINA,,Tianjin,BANGALORE,90221490,5521321-4 - SYSTEM GANTRY HLA FOR OPTIMA IGS 320 - INDIA SEMI FINISHED (PARTS FOR MANUFACTURING OF IGS 320/OPTIMA IGS 325521321-4 - SYSTEM GANTRY HLA FOR OPTIMA IGS 320 - INDIA SEM,,1.0,PCS,0.0,86489.8,YN2LL2TJOVBBY,,
2024-04-13,印度,中国,CARESTREAM HEALTH INDIA PRIVATE LIMITED,CARESTREAM HEALTH HK HOLDING LTD,"STAR HUB BUILDING NO.2 8TH FLOOR,O  FFICENO.801 NEAR ITC MARATHA HOTEL",,,,,CHINA ,,Shanghai,NHAVA SHEVA SEA (INNSA1),90221490,1011592 COMPRESSION BAND (ACCESSORIES FOR DRX COMPASS SYSTEM),,1.0,NOS ,0.0,309.62,MQV7UBKD5JUOP,,
2024-04-13,印度,中国,CARESTREAM HEALTH INDIA PRIVATE LIMITED,CARESTREAM HEALTH HK HOLDING LTD,"STAR HUB BUILDING NO.2 8TH FLOOR,O  FFICENO.801 NEAR ITC MARATHA HOTEL",,,,,CHINA ,,Shanghai,NHAVA SHEVA SEA (INNSA1),90221490,8621948 FOCUS 43C BUCKY FOR TABLE (ACCESSORIES FOR DRX COMPASS SYSTEM),,1.0,NOS ,0.0,686.06,MQV7UBKD5JUOP,,
2024-04-13,印度,中国,CARESTREAM HEALTH INDIA PRIVATE LIMITED,CARESTREAM HEALTH HK HOLDING LTD,"STAR HUB BUILDING NO.2 8TH FLOOR,O  FFICENO.801 NEAR ITC MARATHA HOTEL",,,,,CHINA ,,Shanghai,NHAVA SHEVA SEA (INNSA1),90221490,8621831 FOCUS 43C BUCKY FOR WS LEFT (ACCESSORIES FOR DRX COMPASS SYSTEM),,1.0,NOS ,0.0,763.24,MQV7UBKD5JUOP,,
2024-04-13,印度,中国,CARESTREAM HEALTH INDIA PRIVATE LIMITED,CARESTREAM HEALTH HK HOLDING LTD,"STAR HUB BUILDING NO.2 8TH FLOOR,O  FFICENO.801 NEAR ITC MARATHA HOTEL",,,,,CHINA ,,Shanghai,NHAVA SHEVA SEA (INNSA1),90221490,6701577 COLLIMATOR AUTO R221 ACS DHHS (ACCESSORIES FOR DRX COMPASS SYSTEM),,1.0,NOS ,0.0,2724.06,MQV7UBKD5JUOP,,
2024-04-13,印度,中国,CARESTREAM HEALTH INDIA PRIVATE LIMITED,CARESTREAM HEALTH HK HOLDING LTD,"STAR HUB BUILDING NO.2 8TH FLOOR,O  FFICENO.801 NEAR ITC MARATHA HOTEL",,,,,CHINA ,,Shanghai,NHAVA SHEVA SEA (INNSA1),90221490,"6701718 GRID, 44LINE/CM, FD 130, RATIO 10 TO 1 (ACCESSORIESFOR DRX COMPASS SYSTEM)",,1.0,NOS ,0.0,474.25,MQV7UBKD5JUOP,,
2024-04-13,印度,中国,CARESTREAM HEALTH INDIA PRIVATE LIMITED,CARESTREAM HEALTH HK HOLDING LTD,"STAR HUB BUILDING NO.2 8TH FLOOR,O  FFICENO.801 NEAR ITC MARATHA HOTEL",,,,,CHINA ,,Shanghai,NHAVA SHEVA SEA (INNSA1),90221490,6554083 CARESTREAM DR LLI STAND (ACCESSORIES FOR DRX COMPASSSYSTEM),,1.0,NOS ,0.0,2819.49,MQV7UBKD5JUOP,,
2024-04-13,印度,中国,CARESTREAM HEALTH INDIA PRIVATE LIMITED,CARESTREAM HEALTH HK HOLDING LTD,"STAR HUB BUILDING NO.2 8TH FLOOR,O  FFICENO.801 NEAR ITC MARATHA HOTEL",,,,,CHINA ,,Shanghai,NHAVA SHEVA SEA (INNSA1),90221490,"6701700 GRID,44LINE/CM,FD 100,RATIO 10 TO 1 (ACCESSORIES FORDRX COMPASS SYSTEM)",,1.0,NOS ,0.0,473.57,MQV7UBKD5JUOP,,
2024-04-13,印度,中国,CARESTREAM HEALTH INDIA PRIVATE LIMITED,CARESTREAM HEALTH HK HOLDING LTD,"STAR HUB BUILDING NO.2 8TH FLOOR,O  FFICENO.801 NEAR ITC MARATHA HOTEL",,,,,CHINA ,,Shanghai,NHAVA SHEVA SEA (INNSA1),90221490,8622144 REMOTE CONTROLLER C/F (ACCESSORIES FOR DRX COMPASS SYSTEM),,1.0,NOS ,0.0,102.24,MQV7UBKD5JUOP,,
2024-04-13,印度,中国,WIPRO GE MEDICAL DEVICE MANUFACTURING PRIVATE LIMI,GE HUALUN MEDICAL SYSTEMS CO LTD,"No.4, Kadugodi Industrial Area, Sad  Whitefield, Bangalore",,,,,CHINA ,,Tianjin,BANGALORE,90221490,5521321-4 - SYSTEM GANTRY HLA FOR OPTIMA IGS 320 - INDIA SEMI FINISHED (PARTS FOR MANUFACTURING OF IGS 320/OPTIMA IGS 32,,1.0,PCS ,0.0,83655.94,YN2LL2TJOVBBY,,
2024-04-13,印度,中国,CARESTREAM HEALTH INDIA PRIVATE LIMITED,CARESTREAM HEALTH HK HOLDING LTD,"STAR HUB BUILDING NO.2 8TH FLOOR,O  FFICENO.801 NEAR ITC MARATHA HOTEL",,,,,CHINA ,,Shanghai,NHAVA SHEVA SEA (INNSA1),90221490,6701692 TABLE QT-750 W/O BUCKY C/F (ACCESSORIES FOR DRX COMPASS SYSTEM),,1.0,NOS ,0.0,6229.42,MQV7UBKD5JUOP,,
2024-04-13,印度,中国,CARESTREAM HEALTH INDIA PRIVATE LIMITED,CARESTREAM HEALTH HK HOLDING LTD,"STAR HUB BUILDING NO.2 8TH FLOOR,O  FFICENO.801 NEAR ITC MARATHA HOTEL",,,,,CHINA ,,Shanghai,NHAVA SHEVA SEA (INNSA1),90221490,6701585 WALLSTAND-T Z-MOTORIZED W/O BUCKY C/F (ACCESSORIES FOR DRX COMPASS SYSTEM),,1.0,NOS ,0.0,4198.93,MQV7UBKD5JUOP,,
2024-04-13,印度,中国,PHILIPS INDIA LIMITED,PHILIPS ELECTRONICS SINGAPORE PTE LTD,"3RD FLOOR TOWER A DLF PARK 08,MAJO  R ARTERIAL RD NEW TOWN RAJARHAT",,,,,CHINA ,,Singapore,SAHAR AIR CARGO ACC (INBOM4),90221490,459801264572 BALANCER UNIT CLEA3 PACKED (PARTS FOR IXR MACHINE),,1.0,NOS ,0.0,846.77,11Y6SZ0RCAYRD,,
2024-04-13,印度,中国,CARESTREAM HEALTH INDIA PRIVATE LIMITED,CARESTREAM HEALTH HK HOLDING LTD,"STAR HUB BUILDING NO.2 8TH FLOOR,O  FFICENO.801 NEAR ITC MARATHA HOTEL",,,,,CHINA ,,Shanghai,NHAVA SHEVA SEA (INNSA1),90221490,6704506 CARESTREAM ION CHAMBER 3 FIELD CIC-1 (ACCESSORIES FOR DRX COMPASS SYSTEM),,2.0,NOS ,0.0,510.02,MQV7UBKD5JUOP,,
2024-04-12,波兰,中国,DB CARGO EURASIA GMBH P P GE MEDICAL SYSTEMS SCS,GE MEDICAL SYSTEMS CHINA CO LTD,VIJESKA STREET 2|11,"NO. 19, CHANG JIANG ROAD, WUXI NATIONAL HI-TECH DEVELOPMENT ZONE WUXI",,,,,Poland (PL),,,902214,MOBILE X-RAY UNIT C-ARC,,4616.0,KG,4616.0,0.0,,,
2024-04-12,波兰,中国,DB CARGO EURASIA GMBH P P GE MEDICAL SYSTEMS INFORMATION TECHNOLOGIES GMBH,GE MEDICAL SYSTEMS CHINA CO LTD,UL. VIJSKA 2|11,"NO. 19, CHANGJIANG ROAD WUXI NATIONAL HI-TECH DEVELOPMENT ZONE",,,,,Poland (PL),,,902214,MOBILE X-RAY MEDICAL EQUIPMENT C-ARM,,301.0,KG,301.0,0.0,,,
2024-04-12,印度,中国,WIPRO GE MEDICAL DEVICE MANUFACTURING PRIVATE LIMI,GE HUALUN MEDICAL SYSTEMS CO LTD,"No.4, Kadugodi Industrial Area, Sad  Whitefield, Bangalore",,,,,CHINA,,Tianjin,BANGALORE,90221490,5521321-4 - SYSTEM GANTRY HLA FOR OPTIMA IGS 320 - INDIA SEMI FINISHED (PARTS FOR MANUFACTURING OF IGS 320/OPTIMA IGS 35521321-4 - SYSTEM GANTRY HLA FOR OPTIMA IGS 320 - INDIA SEM,,1.0,PCS,0.0,86478.72,ZZ21H5C99Z4BD,,
2024-04-12,印度,中国,WIPRO GE MEDICAL DEVICE MANUFACTURING PRIVATE LIMI,GE HUALUN MEDICAL SYSTEMS CO LTD,"No.4, Kadugodi Industrial Area, Sad  Whitefield, Bangalore",,,,,CHINA ,,Tianjin,BANGALORE,90221490,5521321-4 - SYSTEM GANTRY HLA FOR OPTIMA IGS 320 - INDIA SEMI FINISHED (PARTS FOR MANUFACTURING OF IGS 320/OPTIMA IGS 3,,1.0,PCS ,0.0,83655.94,ZZ21H5C99Z4BD,,
2024-04-12,菲律宾,中国,ALLIED HOSPITAL SUPPLY INT'L CORPORATION,MR GLOBAL HK LIMITED,"NO 6 LEONARD WOOD LOOP ,BAGUIO CITY",,,,,CHINA,,,,90221400000,DR15B CTO S01 DIGIEYE 280 RADIOGRAPHY SYSTEM 30KW EPX3543R WIRELESS WALL STAND ASSEMBLY GRID 1 0M 1 8 STANDARD 23 8 MONITOR IAD 004 30KW GENERATOR 3 PHASE M DAP FUNCTION MD FPD HANDLE 30KW DISCOUNT DIGIEYE 280 MAIN UNIT TUBE ASSEMBLY E7240X FPD EPX3543R,,2.0,PIECE,1386.0,19481.2,CMZ1244920,,
2024-04-12,墨西哥,中国,GE SISTEMAS MEDICOS DE MEXICO SA DE CV,GE HUALUN MEDICAL SYSTEMS CO LTD,"ANTONIO DOVALI JAIME 70 TORRE B PISO 4 AVENIDA JAVIER BARROS SIERRA Y AVENIDA SANTA FE

Ciudad de Mexico
01210","YONG CHANG NORTH ROAD
BEIJINGCHINA

100176",,,,CHINA,,,NUEVO LAREDO NUEVO LAREDO TAMAULIPAS.,9022149101,OPTIMA IGS 330 SISTEMA DE RAYOS X ANGIOGRAFICO CON SUS ACCESORIOS,,1.0,PIECE,4492.68,275773.6,,,
2024-04-11,墨西哥,中国,GE SISTEMAS MEDICOS DE MEXICO SA DE CV,GE HUALUN MEDICAL SYSTEMS CO LTD,"ANTONIO DOVALI JAIME 70 TORRE B PISO 4 AVENIDA JAVIER BARROS SIERRA Y AVENIDA SANTA FE

Ciudad de Mexico
01210","YONG CHANG NORTH ROAD
BEIJINGCHINA

100176",,,,CHINA,,,NUEVO LAREDO NUEVO LAREDO TAMAULIPAS.,9022149101,SISTEMA RADIOGRAFICO XR6000,,1.0,PIECE,881.0,20831.62,,,
2024-04-10,印度,中国,PHILIPS INDIA LIMITED,PHILIPS ELECTRONICS SINGAPORE PTE LTD,"3RD FLOOR TOWER A DLF PARK 08,MAJO  R ARTERIAL RD NEW TOWN RAJARHAT",,,,,CHINA ,,Singapore,KOLKATA ACC (INCCU4),90221490,459801332271 CHESS DMS MODULE A CLASS FRU (PARTS USE IN MEDICAL EQUIPMENT),,1.0,NOS ,0.0,2102.22,MJ8YZ39IWWKAK,,
2024-04-10,贝宁,中国,GET SARL,HUQIU IMAGING SUZHOU CO LTD,",,",,,,,CHINA,BENIN,Nansha,Cotonou,902214,APPARATUS BASED ON THE USE OF X-RAYS  FOR MEDICAL  SURGICAL,,27.0,PACKAGE(S),27230.0,0.0,SHZ6123423,,
2024-04-10,贝宁,中国,GET SARL,HUQIU IMAGING SUZHOU CO LTD,",,",,,,,CHINA,BENIN,Nansha,Cotonou,902214,APPARATUS BASED ON THE USE OF X-RAYS  FOR MEDICAL  SURGICAL,,27.0,PACKAGE(S),27230.0,0.0,SHZ6123423,,
2024-04-10,贝宁,中国,GET SARL,HUQIU IMAGING SUZHOU CO LTD,",,",,,,,CHINA,BENIN,Nansha,Cotonou,902214,APPARATUS BASED ON THE USE OF X-RAYS  FOR MEDICAL  SURGICAL,,27.0,PACKAGE(S),27230.0,0.0,SHZ6123423,,
2024-04-09,秘鲁,中国,SUMEC COMPLETE EQUIPMENT & ENGINEERING CO LTD SUCURSAL DEL PERU,SUMEC COMPLETE EQUIPMENT&ENGINEERING CO LTD,,,,,,CHINA,,Shanghai,,9022140000,"EQUIPO DE RAYOS X, PERLOVE, PLD7300D CONJUNTO COMPLETO DE UNIFORME PARA RAYOS X EQUIPO MEDICO       NRO. 0241-24-IPEN/OTAN SERIE. 71A24009 EQUIPO DE RAYOS X ESTACIONARIO DIGITAL CON COMANDO Y ACCESORIOS METAL/PLASTICO,,,,",,1.0,U,1301.329,117184.413,,,
2024-04-09,菲律宾,中国,VETERINARY ANIMAL IDENTIFICATION DEVICE,SHENZEN LOHAS MEDICAL DEVICE,"DEVICE INC. GF AMAREMCA BLDG 107A KALAYAAN AVENUE BRGY. CENTRAL,QUEZON CITY",,,,,CHINA,,,,90221400000,VETERINARY DIGITAL RADIOGRAPHY SYSTEM 1 SET,,1.0,PIECE,360.0,9485.4,721410362907,,
2024-04-09,秘鲁,中国,ESPLEY GROUP S A C,,,,,,,CHINA,,Hong Kong,,9022140000,"EQUIPO DE RAYOS X,PERLOVE,PLD7300D, EQUIPO COMPLETO // SERIE: 65B24009 PARA DIAGNOSTICO MEDICO // CERTIF.REGIST. SANITARIO NRO. 567 DEL 27/03/2024 - 05/102026 EQUIPO DIAGNOSTIC X-RAY SYSTEM PLD73000D // AUTOR.IMPORT. NRO. 0270-24-IPEN/OTAN DEL 09/04/2024 -,,,,",,1.0,U,1350.0,59578.71,,,
2024-04-09,乌干达,中国,CAMILLUS MEDICAL CENTRE LIMITED,GUANGZHOU YUESHEN MEDICALEQUIPMENT CO LTD,,,,,,CHINA,UGANDA,,,90221400000,X-RAY PROTECTIVE LEAD APRON,,2.0,Number,12.0,158.0001,,,
2024-04-09,秘鲁,中国,SUMEC COMPLETE EQUIPMENT & ENGINEERING CO LTD SUCURSAL DEL PERU,SUMEC COMPLETE EQUIPMENT&ENGINEERING CO LTD,,,,,,CHINA,,Shanghai,,9022140000,"EQUIPO DE RAYOS X, BROWINER, MOBILE SPARKLER 300C NRO. 0242-24-IPEN/OTAN SERIE: BRW136202401001, BRW136202401002 EQUIPO MEDICO EQUIPO DE RAYOS X RODABLE DIGITAL METAL/PLASTICO,,,,",,2.0,U,1750.035,157585.375,,,
2024-04-08,印度,中国,PANACEA MEDICAL TECHNOLOGIES PRIVATE LIMITED,SPELLMAN HIGH VOLTAGE ELECTRONICS SUZHOU INDUSTR,"116,4TH FLOOR,SHAILENDRATECHNOPARK  ,ROAD 3, EPIP AREA PHASE1,",,,,,CHINA ,,SHANGHAI - PU DONG,BANGALORE ACC (INBLR4),90221410,"RETURNED AFTER REPAIR / VMX40P5X5457, X-RAY GENERATOR S.NO:140624354-A00037",,1.0,NOS ,0.0,100.0,53CNY39M6QW9S,,
2024-04-08,阿根廷,中国,GE HEALTHCARE ARGENTINA S A,,,,,,,China,,,,90221419000,"LOS DEMAS. LOS DEMAS, PARA USO MEDICO, QUIRURGICO OEC ONE",,3.0,Unidades,0.0,73780.8,,,GE
2024-04-08,波兰,中国,CARGO DB EURASIA GMBH P P GE MEDICAL SYSTEMS SCS,BEIJING GE HANGWEI MEDICAL EQUIPMENT CO LTD,ST. OF VIYEYSK 2 | 11,1 NORTH YONG CHANG STREET BEIJING ECONOMIC & TECHNOLOGICAL DEVELOPMENT AREA,,,,,Poland (PL),,,902214,MAIN SYSTEM | EQUIPMENT FOR USE OF X-RAY DEVICES,,620.0,KG,620.0,0.0,,,
2024-04-08,菲律宾,中国,GENERAL ELECTRIC PHILS INC,BEIJING GE HUALUN MEDICAL EQUIPMENT,"12F ORE CENTRAL, 31ST STREET COR 9TH AVE, BONIFACIO,GLOBAL CITY TAGUIG CITY",,,,,CHINA,,,,90221400000,1 EA BRIVO 785 NEW CONFIG3-2016 [S20002HW],,1.0,,492.0,24259.7,42K0046348,,
2024-04-06,美国,中国,CARDINAL HEALTH 200 LLC,,24101 S BRADLEY ST CHANNAHON IL UNITED STATES ,N/A,N/A,N/A,,"CN, CHINA",,"SHENZHEN,YANTIAN",LONG BEACH,902214,COMMODE BUCKET 7QT WITH LID FOR MEDICAL USE,. . . . . . . .,500.0,CTN,2515.0,0.0,OOLU2146747660,SEGU1021809,
2024-04-06,波兰,中国,DB CARGO EURASIA GMBH P P GE MEDICAL SYSTEMS SCS,BEIJING GE HANGWEI MEDICAL EQUIPMENT CO LTD,ST. OF VIYEYSK 2 | 11,No. 1 NORTH YONG CHANG STREET BEIJING ECONOMIC & TECHNOLOGICAL DEVELOPMENT AREA,,,,,Poland (PL),,,902214,MOBILE X-RAY DEVICE C-ARM,,1012.0,KG,1012.0,0.0,,,
2024-04-06,波兰,中国,DB CARGO EURASIA GMBH P P GE MEDICAL SYSTEMS SCS,BEIJING GE HANGWEI MEDICAL EQUIPMENT CO LTD,ST. OF VIYEYSK 2 | 11,No. 1 NORTH YONG CHANG STREET BEIJING ECONOMIC & TECHNOLOGICAL DEVELOPMENT AREA,,,,,Poland (PL),,,902214,MOBILE X-RAY DEVICE C-ARM,,506.0,KG,506.0,0.0,,,
2024-04-05,越南,中国,CÔNG TY TNHH DỊCH VỤ VÀ THIẾT BỊ Y TẾ SGMED,HEFEI DREAM PLUS CO LTD,261/27B Chu Van An - Ward 12 - Binh Thanh District - Ho Chi Minh City.,"BUILDING 2,AT THE INTERSECTION OF, YONGHE ROAD AND NINGXI ROAD, BAIYAN, SCIENCE AND TECHNOLOGY PARK, HIGH-TECH ZONE,HEFEI,ANHUI PROVINCE, CN",,,,China,,,,90221400,"Máy X quang dùng cho thú y kèm phụ kiện tiêu chuẩn. Model: SGVET01-DR-S1717KC. HSX: HEFEI DREAM PLUS CO.,LTD. Mới 100%,X-ray machine for veterinary use with standard accessories. Model: SGVET01-DR-S1717KC. HSX: HEFEI DREAM PLUS CO.,LTD. 100% New",,1.0,Set,0.0,11418.0,,,
2024-04-05,乌兹别克斯坦,中国,BEK BROKER LLC,MARUBENI PROTECHS CORPORATION, , ,,,,,Uzbekistan (UZ),,,902214,The digital x-ray device for mobile the Set of the Medical Eqyipment for Moble Clinic clinics,,682.0,KG,682.0,0.0,,,
2024-04-05,乌克兰,中国,ТОВ ЕКНА УКРАЇНА,SHENZHEN LANMAGE MEDICAL TECHNOLOGY CO LTD,,,,,,China,,,,9022140000,"1.Апаратура, що використовує рентгенівське випромінювання, призначена для медичного використання:Апарат рентгенівський діагностичний стаціонарний.Торговельна назва: Система рентгенівськарадіографічна 6600 - 1 комплект.До комплекту входить:-Генератор рентгенівськоговипромінювання, 71kw -1шт;-Рентгенівська трубка (випромінювач) з колоною -1шт;-Ручний рентгенівський коліматор з функц ією індикатора поля зору - 1шт;-Цифровий плоскопанельний детектор рентг енографічного зображення 17""х17"",дротов ий із захисною кришкою -1шт;-Рентгенівський штатив - 1шт;-Рухомий оглядовий стіл для пацієнта з колесами з фіксацією -1шт;-AEC/ Датчики автоматичного контролю екс позиції (Іонізаційні камери) -2шт;-Станція візуалізації - Консоль оператора - ПК та професійне програмне забезпечення рос. версії (Операційна сист ема: Win10, Світлодіодний монітор,Проце сор: Intel G, Апаратне сховище: 500G) - 1шт;-Інтерактивна панель керування трубного терміналу в зборі (9,7"" сенсорний екран)-1шт. Призначення виробів та с",,1.0,шт,1053.0,32000.67,,,
2024-04-04,俄罗斯,中国,ООО ШТЕЙМАН КРАФТ,SHENZHEN SONTU MEDICAL IMAGING EQUIPMENT CO LTD,"129226, , Г. МОСКВА, УЛ. ДОКУКИНА, Д.8, СТР. 2, ПОМ.3.1, ЭТ.6,","518122, PINGSHAN NEW DISTRICT, SHENZHEN, 101, 102, 202, BUILDING NO. 1, SHENZHEN",,,SHENZHEN SONTU MEDICAL IMAGING EQUIPMENT CO LTD,China,Russia,,,9022140000,АППАРАТУРА НА ОСНОВЕ РЕНТГЕНОВСКОГО ИЗЛУЧЕНИЯ ДЛЯ ВЕТЕРИНАРНЫХ КЛИНИК :,,22.0,ШТ,526.3,110869.07,,,SONTU
2024-04-04,秘鲁,中国,ANIMAL CARE AND ENVIRONMENTAL S A C,,,,,,,CHINA,,Hong Kong,,9022140000,"DETECTOR DE PANEL PLANO, MEDSINGLONG, MSLCV32 DETECTOR LIVIANO BASADO ENSILICIO AMORFO (A-SI), QUE ES ADECUADO PARA DIVERSOS CAMPOS, COMO DR Y PRUEBAS NO DESTRUCTIVAS, PARA LA OBTENCIÓN DETECTOR FOR VETERINARY USE ONLY. IPEN AUTORIZACION No:S0962 - S0962.E,,,,",,1.0,U,16.441,2166.963,,,
2024-04-03,印度,中国,RADIMAGE TECHNOLOGIES PRIVATE LIMITED,ASTEAD CO LTD,"P NO - 04, NEAR METRO PILLER NO 59  9,MILE STONE -15/1, MATHURA ROAD,NH",,,,,CHINA ,,Osaka,NHAVA SHEVA SEA (INNSA1),90221490,PRE-OWNED GE SENOGRAPH DMR+MAMMOGRAPHY WITH STANDARD ACCESSORIES,,1.0,SET ,0.0,3000.0,4PZPNI7LFYKX9,,
2024-04-03,菲律宾,中国,PHILIPS PHILIPPINES INC,PHILIPS HEALTHCARE SUZHOU LTD,"10TH FLOOR SUNLIFE CENTRE 5TH AVE. COR RIZAL DR.GLOBAL CITY,TAGUIG CITY",,,,,CHINA,,,,90221400000,1 PCE DURADIAGNOST F30 1.1 (PHILIPS),,1.0,PIECE,1148.0,22966.9,CPL0161942,,
2024-04-03,印度,中国,PHILIPS INDIA LIMITED,PHILIPS ELECTRONICS SINGAPORE PTE LTD,"3RD FLOOR TOWER A DLF PARK 08,MAJO  R ARTERIAL RD NEW TOWN RAJARHAT",,,,,CHINA ,,Singapore,SAHAR AIR CARGO ACC (INBOM4),90221410,459801656541 KIT PAN KNOB CONTROL MODULE (PARTS FOR IXR MACHINE),,1.0,NOS ,0.0,105.89,0DSNL0T1DRGSJ,,
2024-04-03,土耳其,中国,MONDE TIBBİ MALZEME GIDA HAYVANCILIK İNSAN KAYNAKLARI İNŞAAT İTHALAT İHRACAT SANAYİ VE TİCARET LİMİTED ŞİRKETİ,ÇEŞİTLİ,,,,,,China,,,İSTANBUL HAVALİMANI GÜMRÜK MÜDÜRLÜĞÜ,902214000000,VETERİNER TEŞHİS CİHAZI  (TAREKS KAPSAMD/IŞI NO: 18160099282013015773484),,12.0,ADET(UNIT),26.0,12011.62,24341453IM00198436,,
2024-04-03,俄罗斯,中国,ООО ДЖИИ ХЭЛСКЕА,GE HUALUN MEDICAL SYSTEMS CO LTD ON BEHALF GE HEALTHCARE TRADE AND DEVELOPMENT LLC,"123112, , МОСКВА, ПРЕСНЕНСКАЯ НАБ., 10","100176, BEIJING ECONOМIC & TECHNOLOGICAL DEVELOPМENT AREA, BEIJING, NO.1 NORTH Y",,,GE HUALUN MEDICAL SYSTEMS CO LTD,China,Russia,,,9022140000,"АППАРАТУРА НА ОСНОВЕ РЕНТГЕНОВСКОГО ИЗЛУЧЕНИЯ ДЛЯ ИСПОЛЬЗОВАНИЯ В МЕДИЦИНЕ, ПРЕДНАЗНАЧЕНА ДЛЯ ДИАГНОСТИЧЕСКИХ ИССЛЕДОВАНИЙ, (НЕ СОД. РАДИОАКТ. ИЗОТОПОВ, РАДИОАКТ. ВЕЩ-В И РАДИОИЗОТОПНЫХ ИЗДЕЛИЙ,НЕ ЯВЛ. РАДИОЭЛЕКТР. СРЕДСТВОМ И ВЫСОКОЧАСТОТНЫМ УСТР-",,2.0,ШТ,803.2,105951.3,,,GE
2024-04-03,俄罗斯,中国,ООО ДЖИИ ХЭЛСКЕА,GE HUALUN MEDICAL SYSTEMS CO LTD ON BEHALF GE HEALTHCARE TRADE AND DEVELOPMENT LLC,"123112, , МОСКВА, ПРЕСНЕНСКАЯ НАБ., 10","100176, BEIJING ECONOМIC & TECHNOLOGICAL DEVELOPМENT AREA, BEIJING, NO.1 NORTH Y",,,GE HUALUN MEDICAL SYSTEMS CO LTD,China,Russia,,,9022140000,"АППАРАТУРА НА ОСНОВЕ РЕНТГЕНОВСКОГО ИЗЛУЧЕНИЯ ДЛЯ ИСПОЛЬЗОВАНИЯ В МЕДИЦИНЕ,ПРЕДНАЗНАЧЕНА ДЛЯ ДИАГНОСТИЧЕСКИХ ИССЛЕДОВАНИЙ,(НЕ СОД. РАДИОАКТ. ИЗОТОПОВ,РАДИОАКТ. ВЕЩ-В И РАДИОИЗОТОПНЫХ ИЗДЕЛИЙ),ПОСТАВЛЯЕТСЯ В ЧАСТИЧНО РАЗОБРАННОМ ВИДЕ ДЛЯ УДОБСТВА",,1.0,ШТ,401.6,39965.63,,,GE
2024-04-03,土耳其,中国,MONDE TIBBİ MALZEME GIDA HAYVANCILIK İNSAN KAYNAKLARI İNŞAAT İTHALAT İHRACAT SANAYİ VE TİCARET LİMİTED ŞİRKETİ,ÇEŞİTLİ,,,,,,China,,,İSTANBUL HAVALİMANI GÜMRÜK MÜDÜRLÜĞÜ,902214000000,VETERİNER TEŞHİS CİHAZI  (TAREKS KAPSAMD/IŞI NO: 18160099282013015773484),,5.0,ADET(UNIT),35.0,30564.7,24341453IM00198436,,
2024-04-03,印度,中国,PHILIPS INDIA LIMITED,PHILIPS ELECTRONICS SINGAPORE PTE LTD,"3RD FLOOR TOWER A DLF PARK 08,MAJO  R ARTERIAL RD NEW TOWN RAJARHAT",,,,,CHINA ,,Singapore,SAHAR AIR CARGO ACC (INBOM4),90221490,459800748533 PATIENT TABLE CONTROL BOARD PACK (PARTS FOR IXRMACHINE),,1.0,NOS ,0.0,176.26,0DSNL0T1DRGSJ,,
2024-04-03,哈萨克斯坦,中国,TOO RUBIN GROUP RUBIN GROPE,NANJING PERLOVE MEDICAL EQUIPMENT WITH LTD,ELSHIBEK ST. BATYR 114,"No. 97, WANGXI ROAD",,,,,Kazakhstan (KZ),,,902214,Medical diagnostic x-ray device,,2782.0,KG,2782.0,0.0,,,
2024-04-02,土耳其,中国,GE MEDİCAL SYSTEMS TÜRKİYE LİMİTED ŞİRKETİ,GE HEALTHCARE TRADE AND DEVELOPMENT LLC,,,,,,China,,,MURATBEY GÜMRÜK MÜDÜRLÜĞÜ,902214000000,X I9AŞINLFEI GÖR�AB�NTÜLEMEB1 CİHAZI(KU8 LLANIMI İÇİN GEREKLİTÜM TEFERRUATIYLA BİRLİKTE) (PARÇA KODU:S10005GS)+,,5.0,ADET(UNIT),2016.0,118032.31,24341300IM00071135,,
2024-04-02,波兰,中国,CARGO DB EURASIA GMBH P P GE MEDICAL SYSTEMS SCS,GE HUALUN MEDICAL SYSTEMS CO LTD,ST. OF VIYEYSK 2 | 11,No. 1 NORTH YONG CHANG STREET BEIJING ECONOMIC & TECHNOLOGICAL DEVELOPMENT AREA,,,,,Poland (PL),,,902214,SYSTEM OF X-RAY CAMERAS | EQUIPMENT FOR USE OF X-RAY DEVICES,,5584.5,KG,5584.5,0.0,,,
2024-04-02,俄罗斯,中国,ООО ГЛОБАЛ МЕДИКАЛ ТРЕЙД,SHENZHEN BROWINER TECH CO LTD,"127238, , Г. МОСКВА, ВН.ТЕР.Г. МО ЗАПАДНОЕ ДЕ, ДМИТРОВСКОЕ ШОССЕ, Д.85,","518055, NANSHAN DISTRICT, SHENZHEN, RМ 501, BLD. C, GANGHONGJI HIGH-TECH INT. IN",,,SHENZHEN BROWINER TECH CO LTD,China,Russia,,,9022140000,АППАРАТУРА НА ОСНОВЕ РЕНТГЕНОВСКОГО ИЗЛУЧЕНИЯ ДЛЯ ВЕТЕРИНАРНОГО ИСПОЛЬЗОВАНИЯ:,,2.0,ШТ,328.0,20566.9,,,BROWINER
2024-04-02,墨西哥,中国,XRG ESPECIALIDADES MEDICAS SA DE CV,TOOTOO MEDITECH CO LTD,"SANTA MARGARITA 425 CALLE SANTA ROSALIA Y CALLE CALIFORNIA
Coyoacan
Ciudad de Mexico
03100","


",,,,CHINA,,,MANZANILLO MANZANILLO COLIMA.,9022149199,APARATO DE RAYOS X NUEVO PARA USO VETERINARIO CON TODOS SUS ACCESORIOS PARA SU USO Y BUEN FUNCIONAMIENTO DRT 60VET,,2.0,SET,609.0,24098.77,,,
2024-04-02,孟加拉国,中国,QUEENS HEALTHCARE LIMITED,NANJING PERLOVE MEDICAL EQUIPMENT C,Subidbazar; Sylhet Sadar PS;,,,,,China,,,,90221400,INTER VENTION C-ARM SYSTEM PLX7000A,,1.0,NMB,570.0,35000.0,,,
2024-04-02,波兰,中国,CARGO DB EURASIA GMBH P P GE MEDICAL SYSTEMS INFORMATION TECHNOLOGIES GMBH,GE MEDICAL SYSTEMS CHINA CO LTD,ST. OF VIYEYSK 2 | 11,"NO. 19, CHANGJIANG ROAD WUXI NATIONAL HI-TECH DEVELOPMENT ZONE",,,,,Poland (PL),,,902214,"MOBILE X-RAY DEVICE C-ARM, OSNOVNAYA SISTEMA | EQUIPMENT FOR USE OF THE X-RAY DEVICE",,2128.0,KG,2128.0,0.0,,,
2024-04-02,孟加拉国,中国,QUEENS HEALTHCARE LIMITED,NANJING PERLOVE MEDICAL EQUIPMENT C,Subidbazar; Sylhet Sadar PS;,,,,,China,,,,90221400,HIGH FREQUENCY MOBILE X-RAY EQUIPMENT FLX101C,,1.0,,140.0,10850.0,,,
2024-04-02,土耳其,中国,GE MEDİCAL SYSTEMS TÜRKİYE LİMİTED ŞİRKETİ,GE HEALTHCARE TRADE AND DEVELOPMENT LLC,,,,,,China,,,MURATBEY GÜMRÜK MÜDÜRLÜĞÜ,902214000000,C K9AOLLU FEMOBİL ABRÖNTGEN B1CİHAZI(KUL8 LANIMI İÇİN GEREKLİ TÜM TEFERRUATIYLA BİRLİKTE) (PARÇA KODU:S10005EZ+),,1.0,ADET(UNIT),404.4,22992.98,24341300IM00071135,,
2024-04-02,孟加拉国,中国,QUEENS HEALTHCARE LIMITED,NANJING PERLOVE MEDICAL EQUIPMENT C,Subidbazar; Sylhet Sadar PS;,,,,,China,,,,90221400,HIGH FREQUENCY MOBILE X-RAY EQUIPMENT FLX101C,,1.0,NMB,140.0,10850.0,,,
2024-04-02,俄罗斯,中国,ООО ИНТЕРМЕДТРАНС,HYUN DAI MEDICAL X RAY CO LTD,"119517, , Г. МОСКВА, УЛ. МАТВЕЕВСКАЯ, Д. 28, КВ. 167,",", SEOUL, YONGDUNGPO-GU, 323, DANGSAN-DONG 6-GA, ,,.",,,HYUN DAI MEDICAL X RAY CO LTD,China,Russia,,,9022140000,ЧАСТИ АППАРАТА РЕНТГЕНОВСКОГО ПАЛАТНОГО МОБИЛЬНОГО DIXION REMODIX 9507 - ПЛАТЫ УПРАВЛЕНИЯ ВCТРАИВАЕМЫЕ СПЕЦИАЛЬНЫЕ..,,3.0,ШТ,1.44,1301.29,,,НЕ ОБОЗНАЧЕНЫ
2024-04-02,孟加拉国,中国,QUEENS HEALTHCARE LIMITED,NANJING PERLOVE MEDICAL EQUIPMENT C,Subidbazar; Sylhet Sadar PS;,,,,,China,,,,90221400,INTER VENTION C-ARM SYSTEM PLX7000A,,1.0,,570.0,35000.0,,,
2024-04-02,乌拉圭,中国,ADMINISTRACION DE LOS SERVICIOS DE SALUD DEL ESTAD,,,,,,,CHINA,,,,9022141990,"LOS DEMAS. DE DIAGNOSTICO. LOS DEMAS, PARA USO MEDICO, QUIRURGICO O VETERINARIO. APARATOS DE RAYOS X Y APARATOS QUE UTILICEN RADIACIONES ALFA, BETA GAMMA O DEMAS RADIACIONES IONIZANTES, INCLUSO PARA USO MEDICO, QUIRURGICO, ODONTOLOGICO O VETERINA",,1.0,UNIDAD (C/U),1000.0,77177.0,,,
2024-04-02,俄罗斯,中国,ООО ИНТЕРМЕДТРАНС,HYUN DAI MEDICAL X RAY CO LTD,"119517, , Г. МОСКВА, УЛ. МАТВЕЕВСКАЯ, Д. 28, КВ. 167,",", SEOUL, YONGDUNGPO-GU, 323, DANGSAN-DONG 6-GA, ,,.",,,HYUN DAI MEDICAL X RAY CO LTD,China,Russia,,,9022140000,"АППАРАТУРА НА ОСНОВЕ РЕНТГЕНОВСКОГО ИЗЛУЧЕНИЯ ДЛЯ МЕДИЦИНСКОГО ИСПОЛЬЗОВАНИЯ (В РАЗОБРАННОМ ВИДЕ ДЛЯ УДОБСТВА ТРАНСПОРТИРОВКИ), НЕ СОДЕРЖИТ ИСТОЧНИКОВ ИОНИЗИРУЮЩЕГО И РАДИОАКТИВНОГО ИЗЛУЧЕНИЯ, КОД ОКП 94 4220, КОД ОКПД-2 26.60.11.113. ГРУЗ В СБОРНОM",,5.0,ШТ,853.0,49764.46,,,DIXION
2024-04-01,印度,中国,SIEMENS HEALTHCARE PRIVATE LIMITED,SIEMENS HEALTHINEERS AG,"UNIT NO.9, 9TH FLOOR, NORTH WING  GODREJ ONE, PIROJSHAH NAGAR,",,,,,CHINA ,,Shekou,NHAVA SHEVA SEA (INNSA1),90221490,( CARDIAC AND VASCULAR ANGIOGRAPHY INCL DSA COMPLETE WITH ACCESSORIES ( AS PER INV ) ARTIS ONE,,1.0,SET ,0.0,336773.37,5K7YHV3BVFIM0,,
2024-04-01,哈萨克斯坦,中国,ТОО DI LIFE ДИ ЛАЙФ,NANJING PERLOVE MEDICAL EQUIPMENT CO LTD, , ,,,"NANJING PERLOVE MEDICAL EQUIPMENT CO., LTD",China,Kazakhstan,,,9022140000,"1. PLD9600A ВЫСОКОЧАСТОТНАЯ ЦИФРОВАЯ РЕНТГЕНОГРАФИЧЕСКАЯ И РЕНТГЕНОСКОПИЧЕСКАЯ СИСТЕМА В КОМПЛЕКТЕ  С ПРИНАДЛЕЖНОСТЯМИ, :",,1.0,ШТ,1190.0,59384.5,,,PERLOVE
2024-04-01,印度,中国,HANUMAN PRASAD PODDAR SMARAK SAMITI,SIEMENS HEALTHINEERS INTERNATIONAL AG,"01,RADHA NIVAS,GORAKHPUR  ",,,,,CHINA ,,Zhengzhou,DELHI AIR CARGO ACC (INDEL4),90221490,LINEAR ACCELERATOR HALCYON FOR MEDICAL APPLICATION/CUSTOM BUILT AS PER S/N 2228,,1.0,NOS ,0.0,1092891.6,3HNLB6OSA1SFP,,
2024-04-01,哈萨克斯坦,中国,ТОО DI LIFE ДИ ЛАЙФ,NANJING PERLOVE MEDICAL EQUIPMENT CO LTD,"КАЗАХСТАН|Г. КАРАГАНДА|МКР. ГУЛЬДЕР-1, ДОМ 14, КВ/ОФИС 74","КИТАЙ|211122, JIANGNING DISTRICT|WANGXI ROAD №97",,,,China,Kazakhstan,,,9022140000,"1. PLD9600A ВЫСОКОЧАСТОТНАЯ ЦИФРОВАЯ РЕНТГЕНОГРАФИЧЕСКАЯ И РЕНТГЕНОСКОПИЧЕСКАЯ СИСТЕМА В КОМПЛЕКТЕ  С ПРИНАДЛЕЖНОСТЯМИ, :",,1.0,ШТ,1190.0,59384.5,,,
2024-04-01,委内瑞拉,中国,INSTITUTO VENEZOLANO DE LOS SEGUROS,,,,,,,CHINA,,Manzanillo,,9022141900,Los demas,,0.0,,1458.0,71668.0,10452,,
2024-03-31,哈萨克斯坦,中国,TOO ALASH KZ,BEIJING WANDONG MEDICAL TECHNOLOGY CO LTD,LUNACHARSKOGO ST. OF 44 | 2 OF.13,"BUILDING 3, No. 9 JIUXIANQIAODONG ROAD",,,,,Kazakhstan (KZ),,,902214,Medical x-ray radiographic system,,0.0, ,2100.0,58000.0,,,
2024-03-31,印度,中国,PHILIPS INDIA LIMITED,PHILIPS ELECTRONICS SINGAPORE PTE LTD,"3RD FLOOR TOWER A DLF PARK 08,MAJO  R ARTERIAL RD NEW TOWN RAJARHAT",,,,,CHINA ,,Singapore,SAHAR AIR CARGO ACC (INBOM4),90221490,452212883455 BALANCER UNIT (PARTS FOR IXR MACHINE),,1.0,NOS ,0.0,840.56,UCPT4MXV8WUQN,,
2024-03-30,乌兹别克斯坦,中国,GU O ZMEDIMPEKS,BEIJING WANDONG MEDICAL TECHNOLOGY CO LTD, , ,,,,,Uzbekistan (UZ),,,902214,"Digital radiographic system model, Intraoperative (X-ray of okhirurgicheskiya) the device based on, Ward X-ray the device, model: M40-1 with accessories",,0.0, ,11690.0,724296.0,,,
2024-03-30,乌干达,中国,MEDEQUIP UGANDA LIMITED,FOSHANSHI RUINDA TRADING CO LTD,,,,,,CHINA,UGANDA,,,90221400000,SF70BY 70MA WITHOUT X-RAY TUBE,,0.9999,Number,135.0,1652.94,,,
2024-03-30,越南,中国,CÔNG TY TNHH SUPERWELL TECHNOLOGY VIỆT NAM,LIUYANG VOLITION MEDICAL EQUIPMENT CO LTD,"16th Floor, Nam Cuong Building, Duong Noi Urban Area, Km4 To Huu Street, La Khe Ward, Ha Dong District, Hanoi City, Vietnam","76 JIANSHOU AVE, ECONOMIC AND TECHNOLOGICAL, DEVELOPMENT ZONE, LIUYANG, HUNAN, CHINA, CN",,,,China,,PINGXIANG,CUA KHAU HUU NGHI (LANG SON),90221400,"Hệ thống X-quang chẩn đoán  và phụ kiện đi kèm , Mã: Picke 1800 DR/400, Hãng sx: Liu Yang Volition Medical Equipment Co.,Ltd,Mới 100%,Diagnostic X-ray system and accompanying accessories, Code: Picke 1800 DR/400, Manufacturer: Liu Yang Volition Medical Equipment Co., Ltd, 100% new",,1.0,Set,0.0,12500.0,112400026103823,,
2024-03-30,印度,中国,PHILIPS INDIA LIMITED,PHILIPS ELECTRONICS SINGAPORE PTE LTD,"3RD FLOOR TOWER A DLF PARK 08,MAJO  R ARTERIAL RD NEW TOWN RAJARHAT",,,,,CHINA ,,Singapore,SAHAR AIR CARGO ACC (INBOM4),90221490,459800151715 GEO MODULE WP KIT (PARTS FOR IXR MACHINE),,2.0,NOS ,0.0,2516.24,WPWHJS1OA2K27,,
2024-03-30,印度,中国,PHILIPS INDIA LIMITED,PHILIPS ELECTRONICS SINGAPORE PTE LTD,"3RD FLOOR TOWER A DLF PARK 08,MAJO  R ARTERIAL RD NEW TOWN RAJARHAT",,,,,CHINA ,,Singapore,SAHAR AIR CARGO ACC (INBOM4),90221490,459801323421 FLOAT TABLE TOP BOX ASSEMBLY PACK FIXED (PARTSFOR IXR MACHINE),,1.0,NOS ,0.0,363.63,NEFXHCPVDUH4N,,
2024-03-29,俄罗斯,中国,GE HEALTHCARE LLC,GE HUALUN MEDICAL SYSTEMS CO LTD ON BEHALF OF GE HEALTHCARE TRADE&DEVELOPMENT LLC,"INNER CITY TERRITORY PRESNENSKY MUNICIPAL, 115280, PRESNENSKAYA NAB., 10, PREMISES I, 14 FLOOR, ROOM 30",No. 1 NORTH YONG CHANG STREET,,,,,Russia (RU),,,902214,X-ray device OEC One CFD,,0.0, ,1506.0,143854.04,,,
2024-03-29,哈萨克斯坦,中国,RUBIN GROUP LTD LIABILITY PARTNERSHIP RUBIN GROPE,DRGEM CORPORATION,"Kazakhstan, Turkestan Region, Shymkent, ANAROVA St., 8, sq. (office) 16", ,,,,,Kazakhstan (KZ),,,902214,digital diagnostic x-ray system,,0.0, ,574.6,23000.0,,,
2024-03-29,哈萨克斯坦,中国,ТОО RUBIN GROUP РУБИН ГРУПП,NANJING PERLOVE MEDICAL EQUIPMENT CO LTD, , ,,,"NANJING PERLOVE MEDICAL EQUIPMENT CO., LTD.,",China,Kazakhstan,,,9022140000,"1. PLX118F С-ДОҒАНЫҢ МОБИЛЬДІ ЦИФРЛЫҚ ЖҮЙЕСІ HF / МОБИЛЬНАЯ ЦИФРОВАЯ СИСТЕМА ТИПА С-ДУГА FPD  PLX118F, PLX118F С-ДОҒАНЫҢ МОБИЛЬДІ ЦИФРЛЫҚ ЖҮЙЕСІ HF / МОБИЛЬНАЯ ЦИФРОВАЯ СИСТЕМА ТИПА С-ДУГА FPD PLX118F",,1.0,ШТ,380.0,40961.44,,,"NANJING PERLOVE MEDICAL EQUIPMENT CO., LTD.,"
2024-03-29,印度,中国,TRIVITRON HEALTHCARE PRIVATE LIMITED,SUZHOU POWERSITE ELECTRIC CO LTD,"NO.15,4TH STREET,  ABHIRAMAPURAM, Contact No: 91875458",,,,,CHINA ,,SHANGHAI - PU DONG,SAHAR AIR CARGO ACC (INBOM4),90221420,PSG-HR50E MEDICAL X-RAY HIG FREQUENCY HIGH VOLTAGE GENERATORASSEMBLY ( OTHER DETAILS AS PER INVOICE ),,10.0,SET ,0.0,22000.0,LHLG9JP7OV0WB,,
2024-03-29,哈萨克斯坦,中国,ТОО MEDIVIDE,SHENZHEN LANMAGE MEDICAL TECHNOLOGY CO LTD, , ,,,"SHENZHEN LANMAGE MEDICAL TECHNOLOGY CO., LTD, КИТАЙ",China,Kazakhstan,,,9022140000,"1. ЦИФРОВАЯ РЕНТГЕНОГРАФИЧЕСКАЯ СИСТЕМА 6600, :",,1.0,ШТ,822.0,24000.0,,,ОТСУТСТВУЕТ
2024-03-29,波兰,中国,CARGO DB EURASIA GMBH P P GE HEALTHCARE GMBH,GE HANGWEI MEDICAL SYSTEMS CO LTD,UL.VIEYSKA 2 | 11,No. 1 NORTH YONG CHANG STREET BEIJING ECONOMIC & TECHNOLOGICAL DEVELOPMENT AREA,,,,,Poland (PL),,,902214,MOBILE X-RAY DEVICE C-ARM,,0.0, ,504.0,52272.7427,,,
2024-03-29,印度,中国,PANACEA MEDICAL TECHNOLOGIES PRIVATE LIMITED,SPELLMAN HIGH VOLTAGE ELECTRONICS SUZHOU INDUSTR,"116,4TH FLOOR,SHAILENDRATECHNOPARK  ,ROAD 3, EPIP AREA PHASE1,",,,,,CHINA ,,SHANGHAI - PU DONG,BANGALORE ACC (INBLR4),90221410,X5457 VMX40P5X5457 HIGH VOLTAGE GENERATOR [ PART OF MAMMOGRAPHY ASSEMBLY],,2.0,NOS ,0.0,5778.0,S4S0EAV35I3HH,,
2024-03-29,乌干达,中国,CAMILLUS MEDICAL CENTRE LIMITED,GUANGZHOU YUESHEN MEDICALEQUIPMENT CO LTD,,,,,,CHINA,UGANDA,,,90221400000,X-RAY PROTECTIVE LEAD APRON,,2.0,Number,12.0,158.0001,,,
2024-03-28,孟加拉国,中国,SQUARE HOSPITALS LTD,WIPRO GE HEALTHCARE PRIVATE LIMITE,"18/F, BIR UTTAM QAZI NURUZZAMAN",D,,,,China,,,,90221400,GE BRAND NEW C-ARM MACHINE MODEL-OEC ONE,,1.0,,392.8,45800.0,,,
2024-03-28,俄罗斯,中国,ООО ДЖИИ ХЭЛСКЕА,CHENGDU HARVEST INTL FREIGHT CO LTD O B GE HUALUN MEDICAL SYSTEMS CO LTD,"123112, , МОСКВА, ПРЕСНЕНСКАЯ НАБ., 10",,,,GE HUALUN MEDICAL SYSTEMS CO LTD,China,Russia,,,9022140000,"АППАРАТУРА НА ОСНОВЕ РЕНТГЕНОВСКОГО ИЗЛУЧЕНИЯ ДЛЯ ИСПОЛЬЗОВАНИЯ В МЕДИЦИНЕ, ПРЕДНАЗНАЧЕНА ДЛЯ ДИАГНОСТИЧЕСКИХ ИССЛЕДОВАНИЙ, (НЕ СОД. РАДИОАКТ. ИЗОТОПОВ, РАДИОАКТ. ВЕЩ-В И РАДИОИЗОТОПНЫХ ИЗДЕЛИЙ),НЕ ЯВЛ. РАДИОЭЛЕКТР. СРЕДСТВОМ И ВЫСОКОЧАСТОТНЫМ УСТР-В",,1.0,ШТ,400.8,43313.71,,,GE
2024-03-28,哈萨克斯坦,中国,TOO RUBIN GROUP RUBIN GROPE,NANJING PERLOVE MEDLCAL EQUIPMENT CO LTD,ELSHIBEK ST. BATYR 114, No. 97 WANGXI ROAD,,,,,Kazakhstan (KZ),,,902214,Mobile digital system of the S-arch of FPD,,0.0, ,600.0,40500.0,,,
2024-03-28,孟加拉国,中国,SQUARE HOSPITALS LTD,WIPRO GE HEALTHCARE PRIVATE LIMITED,"18/F, BIR UTTAM QAZI NURUZZAMAN",,,,,China,,,,90221400,GE BRAND NEW C-ARM MACHINE MODEL-OEC ONE,,1.0,NMB,392.8,45800.0,,,
2024-03-28,印度,中国,M V X RAY EQUIPMENTS CO,DANDONG AOLONG RADIATIVE INSTRUMENT,"PLOT NO.6,MUNICIPAL INDUS.ESTATE,  SAI NAGAR,KANDIVLI WEST,",,,,,CHINA ,,Shenyang,SAHAR AIR CARGO ACC (INBOM4),90221490,XXQ - 2005 MODEL FLAW DETECTOR ( FOR INDUSTRIAL NON DESTRUCTIVE TEST PURPOSE ),,1.0,NOS ,0.0,2800.0,EDQW4U28HHAPL,,
2024-03-27,俄罗斯,中国,GLOBAL MEDICAL TRADE LLC,SHENZHEN BROWINER TECH CO LTD,"DMITROVSKOE SHOSSE, NO. 85","ROOM 501,BUILDING C,GANGHONGJI HIGH-TECH INTELLIGENT INDUSTRIAL PARK, No. 1008, SONGBAI ROAD,YANGGUANG COMMUNITY,XILI STREET,NANSHAN DISTRICT",,,,,Russia (RU),,,902214,System of a digital X-ray analysis,,0.0, ,410.0,19851.975,,,
2024-03-27,斯里兰卡,中国,DIMO PVT LTD,SIEMENS HEALTHINEERS AG,"65, JETAWANA ROAD, COLOMBO-14.","SIEMENSSTR 3 D-91301, FORCHHEIM, GERMANY",,,,CHINA,,,,90221400,"CIOS SELECT MOBILE C ARM X-RAY SYSTEM WITH ACC.,",,1.0,NIU,395.0,77500.0,,,
2024-03-27,印度,中国,WIDE MOBILITY MECHATRONICS PRIVATE LIMITED,VJ X RAY LLC,"C/O FOUNDATION FOR SANDBOX STARTUPS  GOKUL ROAD, OPP GOKUL VILLAGE",,,,,CHINA ,,Shanghai,BANGALORE ACC (INBLR4),90221490,IXS100BP320P523 160KV 400W X-RAY GENERATOR,,2.0,NOS ,0.0,13702.0,QB34UNGKV9BWN,,
2024-03-27,俄罗斯,中国,LTD STEINMANN KRAFT,SHENZHEN SONTU MEDICAL IMAGING EQUIPMENT CO LTD,"DOKUKINA UL., DOM 8, STR 2, OFIS POMESHCH. 3.1, ETAZH 6","101, 102, 202, BUILDING NO. 1, SHENZHEN BIOMEDICINE INNOVATIONS INDUSTRIAL PARK, NO. 14, JINHUI ROAD, PINGSHAN NEW DISTRICT",,,,,Russia (RU),,,902214,Veterinary digital diagnostic X-ray machine; Digital flat panel rentgenovsk y the detector with a protective case for use in veterinary science with accessories; The Portable sky generator of X-rays for use in veterinary science with accessories; Digital flat panel rentgenovsk y the detector with a protective case for use in veterinary science with accessories,,0.0, ,926.5,110426.5415,,,
2024-03-27,印度,中国,PHILIPS INDIA LIMITED,PHILIPS ELECTRONICS SINGAPORE PTE LTD,"3RD FLOOR TOWER A DLF PARK 08,MAJO  R ARTERIAL RD NEW TOWN RAJARHAT",,,,,CHINA ,,Singapore,SAHAR AIR CARGO ACC (INBOM4),90221490,459801083343 FLASHLITE INTUIS SPECIFIC FIRMWARE_PACK (PARTSFOR IXR MACHINE),,1.0,NOS ,0.0,5421.07,Q2HFDXU8Z5JV3,,
2024-03-26,印度,中国,SIEMENS HEALTHCARE PRIVATE LIMITED,SIEMENS HEALTHINEERS AG,"UNIT NO.9, 9TH FLOOR, NORTH WING  GODREJ ONE, PIROJSHAH NAGAR,",,,,,CHINA ,,Hong Kong,DELHI AIR CARGO ACC (INDEL4),90221490,ARTIS ONE 14430350 ( CARDIAC AND VASCUALAR ANGIOGRAPHY SYSTEM INCL DSA),,1.0,SET ,0.0,295369.62,MAIJZXPEPJZB2,,
2024-03-26,哥伦比亚,中国,MARQUETINGNET S A S,SHENZHEN SONTU MEDICAL IMAGING EQUIPMENT CO LTD,KM 3 5 VIA SIBERIA TERM DE CARGA TERREST MD 4 BDG 43,"101, 102, 202, BUILDING NO. 1,SHENZ",,,,CHINA,,,,9022140000,DO 243316859 PEDIDO I2-2401-021 SONTU ORDEN COMPRA:I2-2401-021 SONTU DECLARACION 1 DE 1 FACTURA(S) FECHA(S): I2-2401-,,6.0,NUMERO DE ARTICULOS,73.5,31747.41,,,
2024-03-26,刚果民主共和国[刚果（金）],中国,DIOCESE DE BUTEMBOBENI HOSPITAL MATANDA BUTEMBO NORD NORTH KIVU,HEBELSIDS INTERNATIONAL FREIGHT FORWARD CO LTD,,,,,,CHINA,DEMOCRATIC REPUBLIC OF CONGO,,,90221400000,GASTROINNTERNAL MACHINE MEDICAL EQUIPMENT,,2.0,Number,4300.0,26222.5019,,,
2024-03-26,印度,中国,SIEMENS HEALTHCARE PRIVATE LIMITED,SIEMENS HEALTHINEERS AG,"UNIT NO.9, 9TH FLOOR, NORTH WING  GODREJ ONE, PIROJSHAH NAGAR,",,,,,CHINA ,,Shanghai,NHAVA SHEVA SEA (INNSA1),90221490,( IMAGE INTENSIFIER CIOS SYSTEM COMPLETE WITH ACCESSORIES (AS PER INV ) CIOS SELECT VA21,,1.0,SET ,0.0,38437.72,E0S455NYC4CTM,,
2024-03-25,墨西哥,中国,GE SISTEMAS MEDICOS DE MEXICO SA DE CV,GE HUALUN MEDICAL SYSTEMS CO LTD,"ANTONIO DOVALI JAIME 70 TORRE B PISO 4 AVENIDA JAVIER BARROS SIERRA Y AVENIDA SANTA FE

Ciudad de Mexico
01210","YONG CHANG NORTH ROAD
BEIJINGCHINA

100176",,,,CHINA,,,NUEVO LAREDO NUEVO LAREDO TAMAULIPAS.,9022149199,SISTEMA DE RAYOS X CON BRAZO EN C MOVIL,,1.0,PIECE,657.0,54551.54,,,
2024-03-25,波兰,中国,CARGO DB EURASIA GMBH,THE INTERNATIONAL SHIPPING COMPANY SHANGHAI TO LTD,"ST. OF VIYEYSK 2 | 11, 21-540",UKHUA ROAD 58,,,,,Poland (PL),,,9022140000,"Digital radiographic systems, only 2 pieces.",,2.0,PCE; NMB,3551.5,168122.72,,,
2024-03-25,波兰,中国,CARGO DB EURASIA GMBH,THE INTERNATIONAL SHIPPING COMPANY SHANGHAI TO LTD,"ST. OF VIYEYSK 2 | 11, 21-540","Room 389, 3 floor, Road Ukhua58",,,,,Poland (PL),,,9022140000,Digital radiographic systems - 1 ST;,,1.0,PCE; NMB,1787.5,6464.586,,,
2024-03-25,菲律宾,中国,GENERAL ELECTRIC PHILS INC,BEIJING GE HUALUN MEDICAL EQUIPMENT,"12F ORE CENTRAL, 31ST STREET COR 9TH AVE, BONIFACIO,GLOBAL CITY TAGUIG CITY",,,,,CHINA,,,,90221400000,1 EA OEC ONE CFD21 VASCULAR 25 [S20205GS],,1.0,,404.0,42066.9,42K0043649,,
2024-03-25,墨西哥,中国,GE SISTEMAS MEDICOS DE MEXICO SA DE CV,GE HUALUN MEDICAL SYSTEMS CO LTD,"ANTONIO DOVALI JAIME 70 TORRE B PISO 4 AVENIDA JAVIER BARROS SIERRA Y AVENIDA SANTA FE

Ciudad de Mexico
01210","YONG CHANG NORTH ROAD
BEIJINGCHINA

100176",,,,CHINA,,,NUEVO LAREDO NUEVO LAREDO TAMAULIPAS.,9022149199,SISTEMA DE RAYOS X CON BRAZO EN C MOVIL,,1.0,PIECE,657.0,55348.7,,,
2024-03-25,墨西哥,中国,GE SISTEMAS MEDICOS DE MEXICO SA DE CV,GE HUALUN MEDICAL SYSTEMS CO LTD,"ANTONIO DOVALI JAIME 70 TORRE B PISO 4 AVENIDA JAVIER BARROS SIERRA Y AVENIDA SANTA FE

Ciudad de Mexico
01210","YONG CHANG NORTH ROAD
BEIJINGCHINA

100176",,,,CHINA,,,NUEVO LAREDO NUEVO LAREDO TAMAULIPAS.,9022149199,SISTEMA DE RAYOS X CON BRAZO EN C MOVIL,,1.0,PIECE,657.0,54551.54,,,
2024-03-25,菲律宾,中国,ENDURE MEDICAL INC,SHANGHAI UNITED IMAGING HEALTHCARE,"UNIT 17A  BELVEDERE TOWER SAN MIGUEL AVE ORTIGAS CTR BRGY SAN ANTONIO,PASIG CITY",,,,,CHINA,,,,90221400000,1 UNIT DIGITAL RADIOGRAPHY SYSTEM WITH COMPLETE ACCESSORIES CEILING SUSPENDED MODEL: uDR780i,,1.0,,1920.0,113975.0,SHCGY2405270,,
2024-03-25,墨西哥,中国,GE SISTEMAS MEDICOS DE MEXICO SA DE CV,GE HUALUN MEDICAL SYSTEMS CO LTD,"ANTONIO DOVALI JAIME 70 TORRE B PISO 4 AVENIDA JAVIER BARROS SIERRA Y AVENIDA SANTA FE

Ciudad de Mexico
01210","YONG CHANG NORTH ROAD
BEIJINGCHINA

100176",,,,CHINA,,,NUEVO LAREDO NUEVO LAREDO TAMAULIPAS.,9022149199,SISTEMA DE RAYOS X CON BRAZO EN C MOVIL,,1.0,PIECE,657.0,54551.54,,,
2024-03-25,墨西哥,中国,GE SISTEMAS MEDICOS DE MEXICO SA DE CV,GE HUALUN MEDICAL SYSTEMS CO LTD,"ANTONIO DOVALI JAIME 70 TORRE B PISO 4 AVENIDA JAVIER BARROS SIERRA Y AVENIDA SANTA FE

Ciudad de Mexico
01210","YONG CHANG NORTH ROAD
BEIJINGCHINA

100176",,,,CHINA,,,NUEVO LAREDO NUEVO LAREDO TAMAULIPAS.,9022149199,SISTEMA DE RAYOS X CON BRAZO EN C MOVIL,,1.0,PIECE,657.0,54551.54,,,
2024-03-25,乌干达,中国,MEDEQUIP UGANDA LIMITED,FOSHANSHI RUINDA TRADING CO LTD,,,,,,CHINA,UGANDA,,,90221400000,SF70BY 70MA WITHOUT X-RAY TUBE,,1.0,Number,135.0,1652.94,,,
2024-03-22,埃塞俄比亚,中国,BAROYI GENERAL TRADING,,,,,,,China,,,,90221400,"-- Other, for medical, surgical or veterinary uses",,4.0,UNT,3746.0,284643.51,,,
2024-03-22,菲律宾,中国,SIEMENS HEALTHCARE INC,SIEMENS SHANGHAI MEDICAL,"10/F M1 TOWER 141 H.V. DELA COSTA ST. SALCEDO VILLAGE BRGY. BEL-AIR,MAKATI CITY",,,,,CHINA,,,,90221400000,1 PCE: 14455058 CIOS SELECT VA21 FD SYSTEM,,1.0,,395.0,58813.1,SHAG20543,,
2024-03-21,墨西哥,中国,INVYRTE SA DE CV,IRAY TECHNOLOGY COMPANY LIMITED,"DEL ROSAL 108 AV. AZTECAS Y EJE 10 SUR
Cuajimalpa de Morelos
Ciudad de Mexico
04330","RUIQING ROAD
SHANGHAI PUDONG

201201",,,,CHINA,,,AEROPUERTO INTERNACIONAL FELIPE ANGELES SANTA LUCIA ZUMPANGO ESTADO DE MEXICO,9022149199,EQUIPO DE RAYOS X DE USO VETERINARIO CON ACCESORIOS,,1.0,PIECE,167.4,3800.56,,,
2024-03-21,印度,中国,CREST GALAXY LLP,SIEMENS HEALTHINEERS INTERNATIONAL AG,,,,,,CHINA ,,Shanghai,DELHI AIR CARGO ACC (INDEL4),90221490,PARTIAL SHIPMENT CONSISTING OF LINEAR ACCELERATOR HALCYON FOR MEDICAL APPLICATION/ CUSTOM BUILT AS PER S/N 2210,,1.0,NOS ,0.0,1006692.5,SQOTFWYOVPMU4,,
2024-03-21,墨西哥,中国,INVYRTE SA DE CV,IRAY TECHNOLOGY COMPANY LIMITED,"DEL ROSAL 108 AV. AZTECAS Y EJE 10 SUR
Cuajimalpa de Morelos
Ciudad de Mexico
04330","RUIQING ROAD
SHANGHAI PUDONG

201201",,,,CHINA,,,AEROPUERTO INTERNACIONAL FELIPE ANGELES SANTA LUCIA ZUMPANGO ESTADO DE MEXICO,9022149199,EQUIPO DE RAYOS X DE USO VETERINARIO CON ACCESORIOS,,5.0,PIECE,167.4,22745.48,,,
2024-03-21,墨西哥,中国,INVYRTE SA DE CV,IRAY TECHNOLOGY COMPANY LIMITED,"DEL ROSAL 108 AV. AZTECAS Y EJE 10 SUR
Cuajimalpa de Morelos
Ciudad de Mexico
04330","RUIQING ROAD
SHANGHAI PUDONG

201201",,,,CHINA,,,AEROPUERTO INTERNACIONAL DE LA CIUDAD DE MEXICO,9022149199,EQUIPO DE RAYOS X DE USO VETERINARIO CON ACCESORIOS,,1.0,PIECE,29.34,4254.01,,,
2024-03-20,巴基斯坦,中国,FUJIFILM PAKISTAN PRIVATE LIMITED,FUJIFILM CORPORATION,37-D BLOCK-6 P.E.C.H.S.,,,,,China,,,KAPS,90221400,(MEDICAL EQUIPMENT). MAIN UNIT DRYPIX SMART : E. QTY:2SET,,2.0,u,0.0,3300.0,,,
2024-03-20,巴基斯坦,中国,FUJIFILM PAKISTAN PRIVATE LTD,FUJIFILM CORPORATION,37-D BLOCK-6 P.E.C.H.S., 26-30 NISHIAZABU 2-CHOME MINATO-KU TOKYO 106-8620 JAPAN TEL:81-3-6271-3111 VAT NO:2010401064789 AUTHORIZATION NO: E2070011,,,,China (CN),,,KAPS,90221400,(MEDICAL EQUIPMENT). MAIN UNIT DRYPIX SMART : E. QTY:10SET,,10.0,u,2.3435,16500.0,QYSEA240131,,
2024-03-20,巴基斯坦,中国,FUJIFILM PAKISTAN PRIVATE LTD,FUJIFILM CORPORATION,37-D BLOCK-6 P.E.C.H.S., 26-30 NISHIAZABU 2-CHOME MINATO-KU TOKYO 106-8620 JAPAN TEL:81-3-6271-3111 VAT NO:2010401064789 AUTHORIZATION NO:E2070011,,,,China (CN),,,KAPS,90221400,(MEDICAL EQUIPMENT). MAIN UNIT DRYPIX SMART : E. QTY:15SET,,15.0,u,2.8431,24750.0,QYSEA240130,,
2024-03-20,巴基斯坦,中国,FUJIFILM PAKISTAN PRIVATE LTD,FUJIFILM CORPORATION,37-D BLOCK-6 P.E.C.H.S., 26-30 NISHIAZABU 2-CHOME MINATO-KU TOKYO 106-8620 JAPAN TEL:81-3-6271-3111 VAT NO:2010401064789 AUTHORIZATION NO: E2070011,,,,China (CN),,,KAPS,90221400,"(MEDICAL EQUIPMENT). FCR PRIMA T2 PNTM,CR IR 392 RU2 PNTM A = : E. QTY:5SET",,5.0,u,2.3435,23501.7,QYSEA240131,,
2024-03-20,巴基斯坦,中国,FUJIFILM PAKISTAN PRIVATE LIMITED,FUJIFILM CORPORATION,37-D BLOCK-6 P.E.C.H.S.,,,,,China,,,KAPS,90221400,(MEDICAL EQUIPMENT). MAIN UNIT DRYPIX SMART : E. QTY:10SET,,10.0,u,0.0,16500.0,,,
2024-03-20,巴基斯坦,中国,FUJIFILM PAKISTAN PRIVATE LIMITED,FUJIFILM CORPORATION,37-D BLOCK-6 P.E.C.H.S.,,,,,China,,,KAPS,90221400,(MEDICAL EQUIPMENT). MAIN UNIT DRYPIX SMART : E. QTY:8SET,,8.0,u,0.0,13200.0,,,
2024-03-20,巴基斯坦,中国,FUJIFILM PAKISTAN PRIVATE LTD,FUJIFILM CORPORATION,37-D BLOCK-6 P.E.C.H.S., 26-30 NISHIAZABU 2-CHOME MINATO-KU TOKYO 106-8620 JAPAN TEL:81-3-6271-3111 VAT NO:2010401064789 AUTHORIZATION NO:E2070011,,,,China (CN),,,KAPS,90221400,"(MEDICAL EQUIPMENT). FCR PRIMA T2 PNTM,CR IR 392 RU2 PNTM A = : E. QTY:5SET",,5.0,u,2.8431,23501.7,QYSEA240130,,
2024-03-20,哥伦比亚,中国,MEDICALBIO SAS,HEBEI RUIGE INTERNATIONAL TRADING CO LTD,CL 86 # 87A-44,"KAIJIA BUILDING, QIAOXI ZONE, SHIJI",,,,CHINA,,,,9022140000,"DO BOG149-24 DECLARACION(1-1) NOS ACOGEMOS AL DECRETO 0925 DE 2013, MERCANCA NO REQUIERE REGISTRO DE IMPORTACIN // NOS",,2.0,NUMERO DE ARTICULOS,30.6,9000.0,,,
2024-03-20,乌兹别克斯坦,中国,GU O'ZMEDIMPEKS AT THE MINISTRY OF HEALTH OF THE REPUBLIC OF UZBEKISTAN,SINGA BUSINESS SERVICES PTE LTD,TASHKENT, ,,,,,Uzbekistan (UZ),,,902214,universal digital long-distance X-ray diagnostic system with the panel detector dynamic plainly with accessories,,0.0, ,2273.5,135400.0,,,
2024-03-20,巴基斯坦,中国,FUJIFILM PAKISTAN PRIVATE LTD,FUJIFILM CORPORATION,37-D BLOCK-6 P.E.C.H.S., 26-30 NISHIAZABU 2-CHOME MINATO-KU TOKYO 106-8620 JAPAN TEL:81-3-6271-3111 VAT NO:2010401064789 AUTHORIZATION NO: E2070011,,,,China (CN),,,KAPS,90221400,(MEDICAL EQUIPMENT). MAIN UNIT DRYPIX SMART : E. QTY:8SET,,8.0,u,2.3435,13200.0,QYSEA240131,,
2024-03-20,巴基斯坦,中国,FUJIFILM PAKISTAN PRIVATE LIMITED,FUJIFILM CORPORATION,37-D BLOCK-6 P.E.C.H.S.,,,,,China,,,KAPS,90221400,"(MEDICAL EQUIPMENT). FCR PRIMA T2 PNTM,CR IR 392 RU2 PNTM A = : E. QTY:5SET",,5.0,u,0.0,23501.65,,,
2024-03-20,巴基斯坦,中国,FUJIFILM PAKISTAN PRIVATE LIMITED,FUJIFILM CORPORATION,37-D BLOCK-6 P.E.C.H.S.,,,,,China,,,KAPS,90221400,(MEDICAL EQUIPMENT). MAIN UNIT DRYPIX SMART : E. QTY:10SET,,10.0,u,0.0,16500.0,,,
2024-03-20,巴基斯坦,中国,FUJIFILM PAKISTAN PRIVATE LTD,FUJIFILM CORPORATION,37-D BLOCK-6 P.E.C.H.S., 26-30 NISHIAZABU 2-CHOME MINATO-KU TOKYO 106-8620 JAPAN TEL:81-3-6271-3111 VAT NO:2010401064789 AUTHORIZATION NO:E2070011,,,,China (CN),,,KAPS,90221400,(MEDICAL EQUIPMENT). MAIN UNIT DRYPIX SMART : E. QTY:10SET,,10.0,u,2.8431,16500.0,QYSEA240130,,
2024-03-20,巴基斯坦,中国,FUJIFILM PAKISTAN PRIVATE LIMITED,FUJIFILM CORPORATION,37-D BLOCK-6 P.E.C.H.S.,,,,,China,,,KAPS,90221400,"(MEDICAL EQUIPMENT). FCR PRIMA T2 PNTM,CR IR 392 RU2 PNTM A = : E. QTY:5SET",,5.0,u,0.0,23501.65,,,
2024-03-20,巴基斯坦,中国,FUJIFILM PAKISTAN PRIVATE LTD,FUJIFILM CORPORATION,37-D BLOCK-6 P.E.C.H.S., 26-30 NISHIAZABU 2-CHOME MINATO-KU TOKYO 106-8620 JAPAN TEL:81-3-6271-3111 VAT NO:2010401064789 AUTHORIZATION NO: E2070011,,,,China (CN),,,KAPS,90221400,(MEDICAL EQUIPMENT). MAIN UNIT DRYPIX SMART : E. QTY:2SET,,2.0,u,2.3435,3300.0,QYSEA240131,,
2024-03-20,巴基斯坦,中国,FUJIFILM PAKISTAN PRIVATE LIMITED,FUJIFILM CORPORATION,37-D BLOCK-6 P.E.C.H.S.,,,,,China,,,KAPS,90221400,(MEDICAL EQUIPMENT). MAIN UNIT DRYPIX SMART : E. QTY:15SET,,15.0,u,0.0,24750.0,,,
2024-03-19,印度,中国,BOSTON IVY HEALTHCARE SOLUTIONS PRIVATE LIMITED,UNITED IMAGING HEALTHCARE HONG KONG LIMITED,"TECHNOPOLIS KNOWLEDGE PARK UNIT NO  ,17/18/19/21 C WING MAHAKALI CAVES",,,,,CHINA ,,Shanghai,Chennai  ,90221490,DIGITAL MEDICAL X-RAY IMAGING SYSTEM MODEL: UDR 566I-B CONSOLE SERIAL NO:290082,,1.0,NOS ,0.0,40500.0,P0ZZBQLVSLIGU,,
2024-03-19,尼日利亚,中国,RCCG NATIONAL HEADQUARTER,MR GLOBAL HK LIMITED,,,,,,China,,,APAPA PORT,9022140000,"Apparatus based on the use of X-rays or of alpha, betaused for medical, surgical .",,0.0,,134.0,15299.3,,,
2024-03-19,埃塞俄比亚,中国,BIRHANU LEGESSE GEMEDA,,,,,,,China,,,,90221400,"-- Other, for medical, surgical or veterinary uses",,22.0,UNT,840.0,3094.71,,,
2024-03-19,印度,中国,BOSTON IVY HEALTHCARE SOLUTIONS PRIVATE LIMITED,UNITED IMAGING HEALTHCARE HONG KONG LIMITED,"TECHNOPOLIS KNOWLEDGE PARK UNIT NO  ,17/18/19/21 C WING MAHAKALI CAVES",,,,,CHINA ,,Shanghai,Chennai  ,90221490,DIGITAL MEDICAL X-RAY IMAGING SYSTEM MODEL: UDR 596I CONSOLE SERIAL NO:272460,,1.0,NOS ,0.0,70500.0,ZX68TORIBB17C,,
2024-03-19,尼日利亚,中国,RCCG NATIONAL HEADQUARTER,MR GLOBAL HK LIMITED,,,,,,China,,,APAPA PORT,9022140000,"Apparatus based on the use of X-rays or of alpha, betaused for medical, surgical .",,0.0,,134.0,13113.8,,,
2024-03-19,尼日利亚,中国,RCCG NATIONAL HEADQUARTER,MR GLOBAL HK LIMITED,,,,,,China,,,APAPA PORT,9022140000,"Apparatus based on the use of X-rays or of alpha, betaused for medical, surgical .",,0.0,,142.0,5464.68,,,
2024-03-19,印度,中国,WIPRO GE HEALTHCARE PRIVATE LIMITED,BEIJING GE HUALUN MEDICAL EQUIPMENT CO LTD,"NO4, KADUGODI INDUSTRIAL AREA,  ",,,,,CHINA ,,Beijing,BANGALORE ACC (INBLR4),90221420,A5001DC - AMX EXPLORER PRO (FOC) (PARTS MEANT FOR R&D PURPOSE),,1.0,PCS ,0.0,21775.46,5UMBLIL7BQMIR,,
2024-03-19,尼日利亚,中国,RCCG NATIONAL HEADQUARTER,MR GLOBAL HK LIMITED,,,,,,China,,,APAPA PORT,9022140000,"Apparatus based on the use of X-rays or of alpha, betaused for medical, surgical .",,0.0,,134.0,15299.3,,,
2024-03-19,尼日利亚,中国,RCCG NATIONAL HEADQUARTER,MR GLOBAL HK LIMITED,,,,,,China,,,APAPA PORT,9022140000,"Apparatus based on the use of X-rays or of alpha, betaused for medical, surgical .",,0.0,,134.0,15299.3,,,
2024-03-19,尼日利亚,中国,RCCG NATIONAL HEADQUARTER,MR GLOBAL HK LIMITED,,,,,,China,,,APAPA PORT,9022140000,"Apparatus based on the use of X-rays or of alpha, betaused for medical, surgical .",,0.0,,134.0,15136.6,,,
2024-03-19,尼日利亚,中国,RCCG NATIONAL HEADQUARTER,MR GLOBAL HK LIMITED,,,,,,China,,,APAPA PORT,9022140000,"Apparatus based on the use of X-rays or of alpha, betaused for medical, surgical .",,0.0,,134.0,15299.3,,,
2024-03-19,尼日利亚,中国,RCCG NATIONAL HEADQUARTER,MR GLOBAL HK LIMITED,,,,,,China,,,APAPA PORT,9022140000,"Apparatus based on the use of X-rays or of alpha, betaused for medical, surgical .",,0.0,,134.0,10927.3,,,
2024-03-19,印度,中国,BOSTON IVY HEALTHCARE SOLUTIONS PRIVATE LIMITED,UNITED IMAGING HEALTHCARE HONG KONG LIMITED,"TECHNOPOLIS KNOWLEDGE PARK UNIT NO  ,17/18/19/21 C WING MAHAKALI CAVES",,,,,CHINA ,,Shanghai,Chennai  ,90221490,DIGITAL MEDICAL X-RAY IMAGING SYSTEM MODEL: UDR 566I-A CONSOLE SERIAL NO:290083,,1.0,NOS ,0.0,37000.0,P0ZZBQLVSLIGU,,
2024-03-18,墨西哥,中国,GE SISTEMAS MEDICOS DE MEXICO SA DE CV,GE HUALUN MEDICAL SYSTEMS CO LTD,"ANTONIO DOVALI JAIME 70 TORRE B PISO 4 AVENIDA JAVIER BARROS SIERRA Y AVENIDA SANTA FE

Ciudad de Mexico
01210","YONG CHANG NORTH ROAD
BEIJINGCHINA

100176",,,,CHINA,,,NUEVO LAREDO NUEVO LAREDO TAMAULIPAS.,9022149101,SISTEMA RADIOGRAFICO XR6000,,1.0,PIECE,876.5,21027.19,,,
2024-03-18,印度,中国,NARAYANA HRUDAYALAYA LIMITED,SIEMENS HEALTHINEERS INTERNATIONAL AG,258 A BOMMASANDRA INL AREA  ANEKAL  T Q HOSUR ROAD,,,,,CHINA ,,Xingang,BANGALORE,90221490,Linear Accelerator Halcyon for medical application (S/N 2093),,1.0,NOS ,0.0,756792.0,13GRH8VVW8U5Y,,
2024-03-18,印度,中国,S R MEDICITY,ELEKTA SOLUTIONS AB,83 MANSI ENCLAVE LAKHSAR ROAD   SR MEDICITY JAGJEETPUR,,,,,CHINA ,,Xingang,TUGHLAKABAD,90221490,ELEKTA HARMONY PRO DIGITAL LINEAR ACCELERATOR WITH TREATMENTPLANING SYSTEM AND ACCESSORIES,,1.0,SET ,0.0,1500000.0,HHQXHVNGO35WC,,
2024-03-18,哈萨克斯坦,中国,LTD LIABILITY PARTNERSHIP DI LIFE DEE LIFE,NANJING PERLOVE MEDICAL EQUIPMENT CO LTD,"Kazakhstan, Karaganda Region, Karaganda, St. MIKRORAYON GULDER-1, 14, sq. (office) 74",BN,,,,,Kazakhstan (KZ),,,902214,MEDICAL DIAGNOSTIC X-RAY SYSTEM,,0.0, ,1440.0,58500.0,,,
2024-03-16,印度,中国,PHILIPS INDIA LIMITED,PHILIPS ELECTRONICS SINGAPORE PTE LTD,"3RD FLOOR TOWER A DLF PARK 08,MAJO  R ARTERIAL RD NEW TOWN RAJARHAT",,,,,CHINA ,,Singapore,SAHAR AIR CARGO ACC (INBOM4),90221490,"459800325772 BRUSH, PWR BLOCK PCB ASSEMBLY (PARTS FOR CT SCAN MACHINE)",,1.0,NOS ,0.0,627.42,TKRRBP5KLXVWK,,
2024-03-16,墨西哥,中国,GE SISTEMAS MEDICOS DE MEXICO SA DE CV,GE HUALUN MEDICAL SYSTEMS CO LTD,"ANTONIO DOVALI JAIME 70 TORRE B PISO 4 AVENIDA JAVIER BARROS SIERRA Y AVENIDA SANTA FE

Ciudad de Mexico
01210","YONG CHANG NORTH ROAD
BEIJINGCHINA

100176",,,,CHINA,,,NUEVO LAREDO NUEVO LAREDO TAMAULIPAS.,9022149101,SISTEMA RADIOGRAFICO XR6000,,1.0,PIECE,876.5,20230.05,,,
2024-03-16,墨西哥,中国,GE SISTEMAS MEDICOS DE MEXICO SA DE CV,GE HUALUN MEDICAL SYSTEMS CO LTD,"ANTONIO DOVALI JAIME 70 TORRE B PISO 4 AVENIDA JAVIER BARROS SIERRA Y AVENIDA SANTA FE

Ciudad de Mexico
01210","YONG CHANG NORTH ROAD
BEIJINGCHINA

100176",,,,CHINA,,,NUEVO LAREDO NUEVO LAREDO TAMAULIPAS.,9022149101,SISTEMA RADIOGRAFICO XR6000,,1.0,PIECE,876.5,20230.05,,,
2024-03-16,墨西哥,中国,GE SISTEMAS MEDICOS DE MEXICO SA DE CV,GE HUALUN MEDICAL SYSTEMS CO LTD,"ANTONIO DOVALI JAIME 70 TORRE B PISO 4 AVENIDA JAVIER BARROS SIERRA Y AVENIDA SANTA FE

Ciudad de Mexico
01210","YONG CHANG NORTH ROAD
BEIJINGCHINA

100176",,,,CHINA,,,NUEVO LAREDO NUEVO LAREDO TAMAULIPAS.,9022149101,SISTEMA RADIOGRAFICO XR6000,,1.0,PIECE,876.5,20690.45,,,
2024-03-16,印度,中国,WIPRO GE HEALTHCARE PRIVATE LIMITED,GE HUALUN MEDICAL SYSTEMS COLTD,"NO4, KADUGODI INDUSTRIAL AREA,  ",,,,,CHINA ,,Beijing,BANGALORE ACC (INBLR4),90221420,S20205KA OEC ONE CFD31 STD. OFFERING (MOBILE DIAGNOSTIC X-RAY AND FLUOROSCOPIC SYSTEM) (MEDICAL EQUIPMENT),,1.0,NOS ,0.0,50389.62,K565AMYBJ5OST,,
2024-03-15,印度,中国,PHILIPS INDIA LIMITED,PHILIPS ELECTRONICS SINGAPORE PTE LTD,"3RD FLOOR TOWER A DLF PARK 08,MAJO  R ARTERIAL RD NEW TOWN RAJARHAT",,,,,CHINA ,,Singapore,KOLKATA ACC (INCCU4),90221490,459800202852 KIT JOYSTICKS GEO_IMAG_ELASTOMER (PARTS USED INIXR - MEDICAL EQUIPMENT),,1.0,NOS ,0.0,335.74,2G6OIAEBKQHXT,,
2024-03-15,墨西哥,中国,GE SISTEMAS MEDICOS DE MEXICO SA DE CV,GE HUALUN MEDICAL SYSTEMS CO LTD,"ANTONIO DOVALI JAIME 70 TORRE B PISO 4 AVENIDA JAVIER BARROS SIERRA Y AVENIDA SANTA FE

Ciudad de Mexico
01210","YONG CHANG NORTH ROAD
BEIJINGCHINA

100176",,,,CHINA,,,NUEVO LAREDO NUEVO LAREDO TAMAULIPAS.,9022149101,SISTEMA RADIOGRAFICO XR6000,,1.0,PIECE,881.0,20440.56,,,
2024-03-15,印度,中国,WIPRO GE HEALTHCARE PRIVATE LIMITED,GE HUALUN MEDICAL SYSTEMS COLTD,"NO4, KADUGODI INDUSTRIAL AREA,  ",,,,,CHINA ,,CHENGDU,SAHAR AIR CARGO ACC (INBOM4),90221420,S20205KA OEC ONE CFD31 STD. OFFERING (MOBILE C-ARM SYSTEM) (MEDICAL EQUIPMENT),,1.0,NOS ,0.0,50489.42,N5467LC8SLT4X,,
2024-03-15,印度,中国,WIPRO GE HEALTHCARE PRIVATE LIMITED,GE HUALUN MEDICAL SYSTEMS COLTD,"NO4, KADUGODI INDUSTRIAL AREA,  ",,,,,CHINA ,,CHENGDU,SAHAR AIR CARGO ACC (INBOM4),90221420,"S20205AA OEC ONE CFD, MAIN SYSTEM (MOBILE C-ARM SYSTEM) (MEDICAL EQUIPMENT)",,1.0,NOS ,0.0,41251.82,NRC0TPRKW6GY1,,
2024-03-15,印度,中国,WIPRO GE HEALTHCARE PRIVATE LIMITED,GE HUALUN MEDICAL SYSTEMS COLTD,"NO4, KADUGODI INDUSTRIAL AREA,  ",,,,,CHINA ,,CHENGDU,SAHAR AIR CARGO ACC (INBOM4),90221420,S20205KA OEC ONE CFD31 STD. OFFERING (MOBILE C-ARM SYSTEM) (MEDICAL EQUIPMENT),,1.0,NOS ,0.0,49935.17,0DH5MA8B1OZ3E,,
2024-03-15,印度,中国,WIPRO GE HEALTHCARE PRIVATE LIMITED,GE HUALUN MEDICAL SYSTEMS COLTD,"NO4, KADUGODI INDUSTRIAL AREA,  ",,,,,CHINA ,,CHENGDU,SAHAR AIR CARGO ACC (INBOM4),90221420,S20205GN OEC ONE CFD21 STD. OFFERING (MOBILE C-ARM SYSTEM) (MEDICAL EQUIPMENT),,1.0,NOS ,0.0,37921.42,EU3Y4T2YOICYR,,
2024-03-14,土耳其,中国,ÖZEL MEDİKAL TIBBİ CİHAZLAR SANAYİ VE TİCARET LİMİTED ŞİRKETİ,GE HEALTHCARE TRADE AND DEVELOPMENT LLC,,,,,,China,,,MURATBEY GÜMRÜK MÜDÜRLÜĞÜ,902214000000,GE MARKA OEC BRIVO 785 MODEL C KOLLU MOBİL RÖNTGEN CİHAZI (BİRİNCİL ÜRÜN NO: 00840682115438) KULLANI+MI İÇİN GEREKLİ TEFERRUATLARIYLA BİRLİKTE KOMPLEDİR. PARÇA NO: S20002HW,,1.0,ADET(UNIT),492.8,31620.0,24341300IM00055313,,
2024-03-14,菲律宾,中国,GENERAL ELECTRIC PHILS INC,BEIJING GE HUALUN MEDICAL EQUIPMENT,"12F ORE CENTRAL, 31ST STREET COR 9TH AVE, BONIFACIO,GLOBAL CITY TAGUIG CITY",,,,,CHINA,,,,90221400000,1 EA SENOGRAPHE CRYSTAL NOVA EVA1.8 CORE SYSTEM [S30432AG],,1.0,,667.44,71313.2,42K0043633,,
2024-03-14,乌干达,中国,MEDEQUIP UGANDA LIMITED,FOSHANSHI RUINDA TRADING CO LTD,,,,,,CHINA,UGANDA,,,90221400000,SF70BY 70MA WITHOUT X-RAY TUBE,,1.0,Number,135.0,1652.9399,,,
2024-03-14,土耳其,中国,ÖZEL MEDİKAL TIBBİ CİHAZLAR SANAYİ VE TİCARET LİMİTED ŞİRKETİ,GE HEALTHCARE TRADE AND DEVELOPMENT LLC,,,,,,China,,,MURATBEY GÜMRÜK MÜDÜRLÜĞÜ,902214000000,GE MARKA OEC BRIVO 785 MODEL C KOLLU MOBİL RÖNTGEN CİHAZI (BİRİNCİL ÜRÜN NO: 00840682115438) KULLANI+MI İÇİN GEREKLİ TEFERRUATLARIYLA BİRLİKTE KOMPLEDİR. PARÇA NO: S20002HW,,1.0,ADET(UNIT),492.8,31620.0,24341300IM00055313,,
2024-03-13,印度,中国,PANACEA MEDICAL TECHNOLOGIES PRIVATE LIMITED,SPELLMAN HIGH VOLTAGE ELECTRONICS SUZHOU INDUSTR,"116,4TH FLOOR,SHAILENDRATECHNOPARK  ,ROAD 3, EPIP AREA PHASE1,",,,,,CHINA ,,SHANGHAI - PU DONG,BANGALORE ACC (INBLR4),90221410,X5457 VMX40P5X5457 HIGH VOLTAGE GENERATOR [ PART OF MAMMOGRAPHY ASSEMBLY],,2.0,NOS ,0.0,5778.0,2YMNF2DUNMQ58,,
2024-03-13,印度,中国,PHILIPS INDIA LIMITED,PHILIPS ELECTRONICS SINGAPORE PTE LTD,"3RD FLOOR TOWER A DLF PARK 08,MAJO  R ARTERIAL RD NEW TOWN RAJARHAT",,,,,CHINA ,,Singapore,SAHAR AIR CARGO ACC (INBOM4),90221410,459801656541 KIT PAN KNOB CONTROL MODULE (PARTS FOR IXR MACHINE),,1.0,NOS ,0.0,105.89,4LAQR97F2WO7C,,
2024-03-12,菲律宾,中国,GENERAL ELECTRIC PHILS INC,BEIJING GE HUALUN MEDICAL EQUIPMENT,"12F ORE CENTRAL, 31ST STREET COR 9TH AVE, BONIFACIO,GLOBAL CITY TAGUIG CITY",,,,,CHINA,,,,90221400000,1 EA SENOGRAPHE CRYSTAL NOVA EVA1.8 CORE SYSTEM [S30432AG],,1.0,,667.44,71173.5,42K0043632,,
2024-03-12,印度,中国,WIPRO GE HEALTHCARE PRIVATE LIMITED,BEIJING GE HUALUN MEDICAL EQUIPMENT CO LTD,"NO4, KADUGODI INDUSTRIAL AREA,  ",,,,,CHINA ,,Beijing,BANGALORE ACC (INBLR4),90221490,AMX23001 - XRAY MOBILE DR (MEANT FOR R&D PURPOSE),,1.0,PCS ,0.0,90400.0,2SSWMLGEE40PV,,
2024-03-12,哈萨克斯坦,中国,ТОО RUBIN GROUP РУБИН ГРУПП,NANJING PERLOVE MEDICAL EQUIPMENT CO LTD, , ,,,"NANJING PERLOVE MEDICAL EQUIPMENT CO., LTD.,",China,Kazakhstan,,,9022140000,"1. МЕДИЦИНСКАЯ ДИАГНОСТИЧЕСКАЯ РЕНТГЕНОГРАФИЧЕСКАЯ СИСТЕМА ТИПА С-ДУГА PLX112B1, МЕДИЦИНСКАЯ ДИАГНОСТИЧЕСКАЯ РЕНТГЕНОГРАФИЧЕСКАЯ СИСТЕМА ТИПА С-ДУГА PLX112B1",,1.0,ШТ,341.0,25559.98,,,"NANJING PERLOVE MEDICAL EQUIPMENT CO., LTD.,"
2024-03-12,美国,中国,O M HALYARD INC,,9120 LOCKWOOD BLVD MECHANICSVILLE VIRGINIA 23116 USA ,N/A,O M HALYARD INC,437 TOWER BLVD CAROL STREAM UNITED STATES ,,"CN, CHINA",,QINGDAO,LOS ANGELES,902214,"SYNTHETIC EXAM POWDER FREE CLEAR VINYL GLOVES FOR MEDICAL USE SIZE:SMALL/MEDIUM/LARGE/X-LARGE PO:18204555 FREIGHT COLLECT THIS SHIPMENT CONTAINS NO SOLID WOOD PACKING MATERIAL ALSO NOTIFY PARTY: O M HALYARD, INC. DC 98 CHICAGO 437 TOWER BOULEVARD CAROL STREAM, IL 60188-9428 USA",NO MARKS,3100.0,CTN,23200.0,390000.0,CMDUQGD0639972,TLLU8530493,
2024-03-11,印度,中国,CARESTREAM HEALTH INDIA PRIVATE LIMITED,CARESTREAM HEALTH HK HOLDING LTD,"STAR HUB BUILDING NO.2 8TH FLOOR,O  FFICENO.801 NEAR ITC MARATHA HOTEL",,,,,CHINA ,,Shanghai,NHAVA SHEVA SEA (INNSA1),90221490,SMART ROOM BUNDLE FOR INDIA (MATERIAL NO. 6707756),,1.0,NOS ,0.0,5042.74,S7VNKEUWRSQOK,,
2024-03-11,印度,中国,CARESTREAM HEALTH INDIA PRIVATE LIMITED,CARESTREAM HEALTH HK HOLDING LTD,"STAR HUB BUILDING NO.2 8TH FLOOR,O  FFICENO.801 NEAR ITC MARATHA HOTEL",,,,,CHINA ,,Shanghai,NHAVA SHEVA SEA (INNSA1),90221490,"GRID, 44LINE/CM, FD 130, RATIO 10 TO 1 (MATERIAL NO. 6701718) ACCESSORIES FOR DR SYSTEM",,1.0,NOS ,0.0,474.25,S7VNKEUWRSQOK,,
2024-03-11,印度,中国,CARESTREAM HEALTH INDIA PRIVATE LIMITED,CARESTREAM HEALTH HK HOLDING LTD,"STAR HUB BUILDING NO.2 8TH FLOOR,O  FFICENO.801 NEAR ITC MARATHA HOTEL",,,,,CHINA ,,Shanghai,NHAVA SHEVA SEA (INNSA1),90221490,X-RAY TUBE E7254X 400KHU (MATERIAL NO. 6701551),,1.0,NOS ,0.0,4484.27,S7VNKEUWRSQOK,,
2024-03-11,印度,中国,CARESTREAM HEALTH INDIA PRIVATE LIMITED,CARESTREAM HEALTH HK HOLDING LTD,"STAR HUB BUILDING NO.2 8TH FLOOR,O  FFICENO.801 NEAR ITC MARATHA HOTEL",,,,,CHINA ,,Shanghai,NHAVA SHEVA SEA (INNSA1),90221490,BRANDING KIT DRX-COMPASS TABLE ONLY (MATERIAL NO. 6703680) ACCESSORIES FOR DR SYSTEM,,1.0,NOS ,0.0,245.79,S7VNKEUWRSQOK,,
2024-03-11,印度,中国,CARESTREAM HEALTH INDIA PRIVATE LIMITED,CARESTREAM HEALTH HK HOLDING LTD,"STAR HUB BUILDING NO.2 8TH FLOOR,O  FFICENO.801 NEAR ITC MARATHA HOTEL",,,,,CHINA ,,Shanghai,NHAVA SHEVA SEA (INNSA1),90221490,SOFTWARE DAP FOR DRX- COMPASS (MATERIAL NO. 8623050),,1.0,NOS ,0.0,775.18,S7VNKEUWRSQOK,,
2024-03-11,印度,中国,CARESTREAM HEALTH INDIA PRIVATE LIMITED,CARESTREAM HEALTH HK HOLDING LTD,"STAR HUB BUILDING NO.2 8TH FLOOR,O  FFICENO.801 NEAR ITC MARATHA HOTEL",,,,,CHINA ,,Shanghai,NHAVA SHEVA SEA (INNSA1),90221490,WALLSTAND-NT-Z-MOTORIZED W/O BUCKY C/F (MATERIAL NO. 6701593) (ACCESSORIES FOR DR SYSTEM),,1.0,NOS ,0.0,3582.9,S7VNKEUWRSQOK,,
2024-03-11,印度,中国,CARESTREAM HEALTH INDIA PRIVATE LIMITED,CARESTREAM HEALTH HK HOLDING LTD,"STAR HUB BUILDING NO.2 8TH FLOOR,O  FFICENO.801 NEAR ITC MARATHA HOTEL",,,,,CHINA ,,Shanghai,NHAVA SHEVA SEA (INNSA1),90221490,FOCUS INTERMIX BUCKY FOR TABLE (MATERIAL NO. 8621955),,1.0,NOS ,0.0,1003.81,S7VNKEUWRSQOK,,
2024-03-11,印度,中国,CARESTREAM HEALTH INDIA PRIVATE LIMITED,CARESTREAM HEALTH HK HOLDING LTD,"STAR HUB BUILDING NO.2 8TH FLOOR,O  FFICENO.801 NEAR ITC MARATHA HOTEL",,,,,CHINA ,,Shanghai,NHAVA SHEVA SEA (INNSA1),90221490,TUBESTAND Z&ALPHA MOTORIZD 8 BUTTON C/F (MATERIAL NO. 6704548) (ACCESSORIES FOR DR SYSTEM),,1.0,NOS ,0.0,5583.99,S7VNKEUWRSQOK,,
2024-03-11,印度,中国,CARESTREAM HEALTH INDIA PRIVATE LIMITED,CARESTREAM HEALTH HK HOLDING LTD,"STAR HUB BUILDING NO.2 8TH FLOOR,O  FFICENO.801 NEAR ITC MARATHA HOTEL",,,,,CHINA ,,Shanghai,NHAVA SHEVA SEA (INNSA1),90221490,OVERHEAD TUBE OTC Z ALPHA X&Y MOTORS C/F (MATERIAL NO. 8621716),,1.0,NOS ,0.0,9443.52,S7VNKEUWRSQOK,,
2024-03-11,印度,中国,CARESTREAM HEALTH INDIA PRIVATE LIMITED,CARESTREAM HEALTH HK HOLDING LTD,"STAR HUB BUILDING NO.2 8TH FLOOR,O  FFICENO.801 NEAR ITC MARATHA HOTEL",,,,,CHINA ,,Shanghai,NHAVA SHEVA SEA (INNSA1),90221490,REMOTE CONTROLLER C/F (MATERIAL NO. 8622144),,1.0,NOS ,0.0,102.24,S7VNKEUWRSQOK,,
2024-03-11,印度,中国,CARESTREAM HEALTH INDIA PRIVATE LIMITED,CARESTREAM HEALTH HK HOLDING LTD,"STAR HUB BUILDING NO.2 8TH FLOOR,O  FFICENO.801 NEAR ITC MARATHA HOTEL",,,,,CHINA ,,Shanghai,NHAVA SHEVA SEA (INNSA1),90221490,KIT TUBE FMT FLOOR RAIL SID FEEDBACK C/F (MATERIAL NO. 6705180) (ACCESSORIES FOR DR SYSTEM),,1.0,NOS ,0.0,163.35,S7VNKEUWRSQOK,,
2024-03-11,印度,中国,CARESTREAM HEALTH INDIA PRIVATE LIMITED,CARESTREAM HEALTH HK HOLDING LTD,"STAR HUB BUILDING NO.2 8TH FLOOR,O  FFICENO.801 NEAR ITC MARATHA HOTEL",,,,,CHINA ,,Shanghai,NHAVA SHEVA SEA (INNSA1),90221490,COMPRESSION BAND/FOR DRX-EVOLUTION (MATERIAL NO. 1011592),,1.0,NOS ,0.0,309.62,S7VNKEUWRSQOK,,
2024-03-11,印度,中国,CARESTREAM HEALTH INDIA PRIVATE LIMITED,CARESTREAM HEALTH HK HOLDING LTD,"STAR HUB BUILDING NO.2 8TH FLOOR,O  FFICENO.801 NEAR ITC MARATHA HOTEL",,,,,CHINA ,,Shanghai,NHAVA SHEVA SEA (INNSA1),90221490,"GRID, 44LINE/CM, FD 130, RATIO 10 TO 1 (MATERIAL NO. 6701718) (Accessories for DR System)",,1.0,NOS ,0.0,474.25,S7VNKEUWRSQOK,,
2024-03-11,印度,中国,CARESTREAM HEALTH INDIA PRIVATE LIMITED,CARESTREAM HEALTH HK HOLDING LTD,"STAR HUB BUILDING NO.2 8TH FLOOR,O  FFICENO.801 NEAR ITC MARATHA HOTEL",,,,,CHINA ,,Shanghai,NHAVA SHEVA SEA (INNSA1),90221490,CARESTREAM ION CHAMBER 3 FIELD CIC-1 (MATERIAL NO. 6704506)ACCESSORIES FOR DR SYSTEM,,2.0,NOS ,0.0,510.02,S7VNKEUWRSQOK,,
2024-03-11,印度,中国,CARESTREAM HEALTH INDIA PRIVATE LIMITED,CARESTREAM HEALTH HK HOLDING LTD,"STAR HUB BUILDING NO.2 8TH FLOOR,O  FFICENO.801 NEAR ITC MARATHA HOTEL",,,,,CHINA ,,Shanghai,NHAVA SHEVA SEA (INNSA1),90221490,BRANDING KIT DRX-COMPASS TABLE ONLY (MATERIAL NO. 6703680) (ACCESSORIES FOR DR SYSTEM),,1.0,NOS ,0.0,245.79,S7VNKEUWRSQOK,,
2024-03-11,菲律宾,中国,GENERAL ELECTRIC PHILS INC,BEIJING GE HUALUN MEDICAL EQUIPMENT,"12F ORE CENTRAL, 31ST STREET COR 9TH AVE, BONIFACIO,GLOBAL CITY TAGUIG CITY",,,,,CHINA,,,,90221400000,1 EA OPTIMA XR646HD GEN 5.1 BASE SYSTEM WITH OTS - UHL MAKE [B2005BS],,1.0,,1937.6,92750.4,42K0043612,,
2024-03-11,墨西哥,中国,GE SISTEMAS MEDICOS DE MEXICO SA DE CV,GE HUALUN MEDICAL SYSTEMS CO LTD,"ANTONIO DOVALI JAIME 70 TORRE B PISO 4 AVENIDA JAVIER BARROS SIERRA Y AVENIDA SANTA FE

Ciudad de Mexico
01210","YONG CHANG NORTH ROAD
BEIJINGCHINA

100176",,,,CHINA,,,NUEVO LAREDO NUEVO LAREDO TAMAULIPAS.,9022149101,SISTEMA RADIOGRAFICO XR6000,,1.0,PIECE,881.0,20485.92,,,
2024-03-11,印度,中国,CARESTREAM HEALTH INDIA PRIVATE LIMITED,CARESTREAM HEALTH HK HOLDING LTD,"STAR HUB BUILDING NO.2 8TH FLOOR,O  FFICENO.801 NEAR ITC MARATHA HOTEL",,,,,CHINA ,,Shanghai,NHAVA SHEVA SEA (INNSA1),90221490,CARESTREAM DR LLI STAND FOR INDIA (MATERIAL NO. 6709265),,1.0,NOS ,0.0,1793.73,S7VNKEUWRSQOK,,
2024-03-11,印度,中国,CARESTREAM HEALTH INDIA PRIVATE LIMITED,CARESTREAM HEALTH HK HOLDING LTD,"STAR HUB BUILDING NO.2 8TH FLOOR,O  FFICENO.801 NEAR ITC MARATHA HOTEL",,,,,CHINA ,,Shanghai,NHAVA SHEVA SEA (INNSA1),90221490,X-RAY TUBE E7252X 300KHU W/T-RING (MATERIAL NO. 6704928) (ACCESSORIES FOR DR SYSTEM),,1.0,NOS ,0.0,2856.26,S7VNKEUWRSQOK,,
2024-03-11,印度,中国,CARESTREAM HEALTH INDIA PRIVATE LIMITED,CARESTREAM HEALTH HK HOLDING LTD,"STAR HUB BUILDING NO.2 8TH FLOOR,O  FFICENO.801 NEAR ITC MARATHA HOTEL",,,,,CHINA ,,Shanghai,NHAVA SHEVA SEA (INNSA1),90221490,SMART ROOM FOR DRX-C/F (MATERIAL NO. 6704407),,1.0,NOS ,0.0,4228.18,S7VNKEUWRSQOK,,
2024-03-11,印度,中国,CARESTREAM HEALTH INDIA PRIVATE LIMITED,CARESTREAM HEALTH HK HOLDING LTD,"STAR HUB BUILDING NO.2 8TH FLOOR,O  FFICENO.801 NEAR ITC MARATHA HOTEL",,,,,CHINA ,,Shanghai,NHAVA SHEVA SEA (INNSA1),90221490,"GRID,44LINE/CM FD 100, RATIO 10 TO 1 (MATERIAL NO. 6701700)(Accessories for DR System)",,1.0,NOS ,0.0,473.57,S7VNKEUWRSQOK,,
2024-03-11,美国,中国,AUTHORITY MEDICAL GROUP LLC,JIAXING HAOYI TEXTILE CO LTD, 5950 NE JACOBSON STREET BUILDING 11 SUITE 190 HILLSBORO OREGON 97124 USA , HONGXI DEVELOPMENT ZONE TIANNING JIASHAN ZHEJIANG CHINA 314109 ,AUTHORITY MEDICAL GROUP LLC, 5950 NE JACOBSON STREET BUILDING 11 SUITE 190 HILLSBORO OREGON 97124 USA ,,"CN, CHINA",,SHANGHAI,"PORTLAND,OR",902214,"FOR MEDICAL USE ONLY, SILDER TUBE MATERIAL",PO: MPU MATERIAL COMPOSITION: WIDTH:,232.0,PKG,7978.0,0.0,HNLTSH24A01198,SMCU1026891,
2024-03-11,印度,中国,CARESTREAM HEALTH INDIA PRIVATE LIMITED,CARESTREAM HEALTH HK HOLDING LTD,"STAR HUB BUILDING NO.2 8TH FLOOR,O  FFICENO.801 NEAR ITC MARATHA HOTEL",,,,,CHINA ,,Shanghai,NHAVA SHEVA SEA (INNSA1),90221490,BRANDING KIT DRX-COMPASS OTC & WS ONLY (MATERIAL NO. 6703698) (ACCESSORIES FOR DR SYSTEM),,1.0,NOS ,0.0,252.85,S7VNKEUWRSQOK,,
2024-03-11,印度,中国,CARESTREAM HEALTH INDIA PRIVATE LIMITED,CARESTREAM HEALTH HK HOLDING LTD,"STAR HUB BUILDING NO.2 8TH FLOOR,O  FFICENO.801 NEAR ITC MARATHA HOTEL",,,,,CHINA ,,Shanghai,NHAVA SHEVA SEA (INNSA1),90221490,COLLIMATOR AUTO R221 ACS DHHS (MATERIAL NO. 6701577) (ACCESSORIES FOR DR SYSTEM),,1.0,NOS ,0.0,2724.06,S7VNKEUWRSQOK,,
2024-03-11,哈萨克斯坦,中国,MEDIKAL SERVICE KAZAKHSTAN LTD LIABILITY PARTNERSHIP,MEDI FUTURE INC,"Zharokov St., 39, sq. (office) 121", ,,,,,Kazakhstan (KZ),,,902214,system x-ray digital for mammography,,0.0, ,870.0,60000.0,,,
2024-03-11,印度,中国,CARESTREAM HEALTH INDIA PRIVATE LIMITED,CARESTREAM HEALTH HK HOLDING LTD,"STAR HUB BUILDING NO.2 8TH FLOOR,O  FFICENO.801 NEAR ITC MARATHA HOTEL",,,,,CHINA ,,Shanghai,NHAVA SHEVA SEA (INNSA1),90221490,FLOOR MOUNT TUBESTAND RAIL 10FT RAIL C/F (MATERIAL NO. 6704985) (ACCESSORIES FOR DR SYSTEM),,1.0,NOS ,0.0,477.21,S7VNKEUWRSQOK,,
2024-03-11,印度,中国,CARESTREAM HEALTH INDIA PRIVATE LIMITED,CARESTREAM HEALTH HK HOLDING LTD,"STAR HUB BUILDING NO.2 8TH FLOOR,O  FFICENO.801 NEAR ITC MARATHA HOTEL",,,,,CHINA ,,Shanghai,NHAVA SHEVA SEA (INNSA1),90221490,TABLE QT-750 W/O BUCKY C/F (MATERIAL NO. 6701692) (ACCESSORIES FOR DR SYSTEM),,1.0,NOS ,0.0,6229.42,S7VNKEUWRSQOK,,
2024-03-11,印度,中国,CARESTREAM HEALTH INDIA PRIVATE LIMITED,CARESTREAM HEALTH HK HOLDING LTD,"STAR HUB BUILDING NO.2 8TH FLOOR,O  FFICENO.801 NEAR ITC MARATHA HOTEL",,,,,CHINA ,,Shanghai,NHAVA SHEVA SEA (INNSA1),90221490,FOCUS WOD BUCKY FOR WS (MATERIAL NO. 8621898),,1.0,NOS ,0.0,1067.76,S7VNKEUWRSQOK,,
2024-03-11,印度,中国,CARESTREAM HEALTH INDIA PRIVATE LIMITED,CARESTREAM HEALTH HK HOLDING LTD,"STAR HUB BUILDING NO.2 8TH FLOOR,O  FFICENO.801 NEAR ITC MARATHA HOTEL",,,,,CHINA ,,Shanghai,NHAVA SHEVA SEA (INNSA1),90221490,GENERATOR GRP C 65KW 3P 380-480 VAC (MATERIAL NO. 6701536),,1.0,NOS ,0.0,5170.39,S7VNKEUWRSQOK,,
2024-03-11,印度,中国,CARESTREAM HEALTH INDIA PRIVATE LIMITED,CARESTREAM HEALTH HK HOLDING LTD,"STAR HUB BUILDING NO.2 8TH FLOOR,O  FFICENO.801 NEAR ITC MARATHA HOTEL",,,,,CHINA ,,Shanghai,NHAVA SHEVA SEA (INNSA1),90221490,X-RAY SYSTEM CONSOLE PDU 3P 380-480 C/F (MATERIAL NO. 8621617),,1.0,NOS ,0.0,3200.77,S7VNKEUWRSQOK,,
2024-03-11,印度,中国,CARESTREAM HEALTH INDIA PRIVATE LIMITED,CARESTREAM HEALTH HK HOLDING LTD,"STAR HUB BUILDING NO.2 8TH FLOOR,O  FFICENO.801 NEAR ITC MARATHA HOTEL",,,,,CHINA ,,Shanghai,NHAVA SHEVA SEA (INNSA1),90221490,X RAY FMT SYSTEM DIGITAL CONSOLE PDU C/F (MATERIAL NO. 6704878) (ACCESSORIES FOR DR SYSTEM),,1.0,NOS ,0.0,2689.01,S7VNKEUWRSQOK,,
2024-03-11,印度,中国,CARESTREAM HEALTH INDIA PRIVATE LIMITED,CARESTREAM HEALTH HK HOLDING LTD,"STAR HUB BUILDING NO.2 8TH FLOOR,O  FFICENO.801 NEAR ITC MARATHA HOTEL",,,,,CHINA ,,Shanghai,NHAVA SHEVA SEA (INNSA1),90221490,"GRID,44LINE/CM FD 100, RATIO 10 TO 1 (MATERIAL NO. 6701700)ACCESSORIES FOR DR SYSTEM",,1.0,NOS ,0.0,473.57,S7VNKEUWRSQOK,,
2024-03-11,印度,中国,CARESTREAM HEALTH INDIA PRIVATE LIMITED,CARESTREAM HEALTH HK HOLDING LTD,"STAR HUB BUILDING NO.2 8TH FLOOR,O  FFICENO.801 NEAR ITC MARATHA HOTEL",,,,,CHINA ,,Shanghai,NHAVA SHEVA SEA (INNSA1),90221490,DICOM WL MANAGEMENT FOR DRX-COMPASS (MATERIAL NO. 8622888),,1.0,NOS ,0.0,3098.76,S7VNKEUWRSQOK,,
2024-03-11,印度,中国,CARESTREAM HEALTH INDIA PRIVATE LIMITED,CARESTREAM HEALTH HK HOLDING LTD,"STAR HUB BUILDING NO.2 8TH FLOOR,O  FFICENO.801 NEAR ITC MARATHA HOTEL",,,,,CHINA ,,Shanghai,NHAVA SHEVA SEA (INNSA1),90221490,COLLIMATOR AUTO R221 ACS DHHS (MATERIAL NO. 6701577) (Accessories for DR System),,1.0,NOS ,0.0,2724.06,S7VNKEUWRSQOK,,
2024-03-11,印度,中国,CARESTREAM HEALTH INDIA PRIVATE LIMITED,CARESTREAM HEALTH HK HOLDING LTD,"STAR HUB BUILDING NO.2 8TH FLOOR,O  FFICENO.801 NEAR ITC MARATHA HOTEL",,,,,CHINA ,,Shanghai,NHAVA SHEVA SEA (INNSA1),90221490,WALLSTAND LATERAL ARM SUPPORT C/F (MATERIAL NO. 8621151),,1.0,NOS ,0.0,139.13,S7VNKEUWRSQOK,,
2024-03-11,印度,中国,CARESTREAM HEALTH INDIA PRIVATE LIMITED,CARESTREAM HEALTH HK HOLDING LTD,"STAR HUB BUILDING NO.2 8TH FLOOR,O  FFICENO.801 NEAR ITC MARATHA HOTEL",,,,,CHINA ,,Shanghai,NHAVA SHEVA SEA (INNSA1),90221490,TABLE QT-750 W/O BUCKY C/F (MATERIAL NO. 6701692) (Accessories for DR System),,1.0,NOS ,0.0,6229.42,S7VNKEUWRSQOK,,
2024-03-11,印度,中国,CARESTREAM HEALTH INDIA PRIVATE LIMITED,CARESTREAM HEALTH HK HOLDING LTD,"STAR HUB BUILDING NO.2 8TH FLOOR,O  FFICENO.801 NEAR ITC MARATHA HOTEL",,,,,CHINA ,,Shanghai,NHAVA SHEVA SEA (INNSA1),90221490,REMOTE CONTROLLER FOR SMART ROOM DRX-C (MATERIAL NO. 6704845),,1.0,NOS ,0.0,115.13,S7VNKEUWRSQOK,,
2024-03-11,印度,中国,CARESTREAM HEALTH INDIA PRIVATE LIMITED,CARESTREAM HEALTH HK HOLDING LTD,"STAR HUB BUILDING NO.2 8TH FLOOR,O  FFICENO.801 NEAR ITC MARATHA HOTEL",,,,,CHINA ,,Shanghai,NHAVA SHEVA SEA (INNSA1),90221490,ACCESSORY AUTOTRACKING HANDLE FOR TABLE (MATERIAL NO. 8622177) (ACCESSORIES FOR DR SYSTEM),,1.0,NOS ,0.0,83.96,S7VNKEUWRSQOK,,
2024-03-11,印度,中国,CARESTREAM HEALTH INDIA PRIVATE LIMITED,CARESTREAM HEALTH HK HOLDING LTD,"STAR HUB BUILDING NO.2 8TH FLOOR,O  FFICENO.801 NEAR ITC MARATHA HOTEL",,,,,CHINA ,,Shanghai,NHAVA SHEVA SEA (INNSA1),90221490,ADVANCED DISP SW FOR DRX-COMPASS - OTC (MATERIAL NO. 8622839),,1.0,NOS ,0.0,775.18,S7VNKEUWRSQOK,,
2024-03-11,印度,中国,CARESTREAM HEALTH INDIA PRIVATE LIMITED,CARESTREAM HEALTH HK HOLDING LTD,"STAR HUB BUILDING NO.2 8TH FLOOR,O  FFICENO.801 NEAR ITC MARATHA HOTEL",,,,,CHINA ,,Shanghai,NHAVA SHEVA SEA (INNSA1),90221490,CARESTREAM ION CHAMBER 3 FIELD CIC - 1 (MATERIAL NO 6704506)(ACCESSORIES FOR DR SYSTEM),,2.0,NOS ,0.0,510.02,S7VNKEUWRSQOK,,
2024-03-11,印度,中国,CARESTREAM HEALTH INDIA PRIVATE LIMITED,CARESTREAM HEALTH HK HOLDING LTD,"STAR HUB BUILDING NO.2 8TH FLOOR,O  FFICENO.801 NEAR ITC MARATHA HOTEL",,,,,CHINA ,,Shanghai,NHAVA SHEVA SEA (INNSA1),90221490,WALLSTAND-T Z-MOTORIZED W/O BUCKY C/F (MATERIAL NO. 6701585)(Accessories for DR System),,1.0,NOS ,0.0,4198.93,S7VNKEUWRSQOK,,
2024-03-11,阿富汗,中国,BILAL NOUMAN MUBASHIR LTD,HUOERGUOSI RONGDA TRADING CO LTD,"NENGAR-HAR CENTER, SHOPPING CENTER ETIKHAT TOWER", ,,,,,Afghanistan (AF),,,902214,medical x-ray device (set),,0.0, ,1000.0,500.0,,,
2024-03-11,印度,中国,CARESTREAM HEALTH INDIA PRIVATE LIMITED,CARESTREAM HEALTH HK HOLDING LTD,"STAR HUB BUILDING NO.2 8TH FLOOR,O  FFICENO.801 NEAR ITC MARATHA HOTEL",,,,,CHINA ,,Shanghai,NHAVA SHEVA SEA (INNSA1),90221490,ACCESSORY - AUTOTRACKING HANDLE FOR TABLE (MATERIAL NO. 8622177),,1.0,NOS ,0.0,83.96,S7VNKEUWRSQOK,,
2024-03-11,印度,中国,CARESTREAM HEALTH INDIA PRIVATE LIMITED,CARESTREAM HEALTH HK HOLDING LTD,"STAR HUB BUILDING NO.2 8TH FLOOR,O  FFICENO.801 NEAR ITC MARATHA HOTEL",,,,,CHINA ,,Shanghai,NHAVA SHEVA SEA (INNSA1),90221490,CEILING RAIL OTC 4M LONG X2.8M TRANS C/F (MATERIAL NO. 8621740),,1.0,NOS ,0.0,2311.67,S7VNKEUWRSQOK,,
2024-03-11,印度,中国,CARESTREAM HEALTH INDIA PRIVATE LIMITED,CARESTREAM HEALTH HK HOLDING LTD,"STAR HUB BUILDING NO.2 8TH FLOOR,O  FFICENO.801 NEAR ITC MARATHA HOTEL",,,,,CHINA ,,Shanghai,NHAVA SHEVA SEA (INNSA1),90221490,FOCUS WOD BUCKY FOR TABLE (MATERIAL NO. 8621963),,1.0,NOS ,0.0,988.48,S7VNKEUWRSQOK,,
2024-03-11,印度,中国,CARESTREAM HEALTH INDIA PRIVATE LIMITED,CARESTREAM HEALTH HK HOLDING LTD,"STAR HUB BUILDING NO.2 8TH FLOOR,O  FFICENO.801 NEAR ITC MARATHA HOTEL",,,,,CHINA ,,Shanghai,NHAVA SHEVA SEA (INNSA1),90221490,WALLSTAND LATERAL ARM SUPPORT C/F (MATERIAL NO. 8622151) (ACCESSORIES FOR DR SYSTEM),,1.0,NOS ,0.0,139.13,S7VNKEUWRSQOK,,
2024-03-11,印度,中国,CARESTREAM HEALTH INDIA PRIVATE LIMITED,CARESTREAM HEALTH HK HOLDING LTD,"STAR HUB BUILDING NO.2 8TH FLOOR,O  FFICENO.801 NEAR ITC MARATHA HOTEL",,,,,CHINA ,,Shanghai,NHAVA SHEVA SEA (INNSA1),90221490,EVP PLUS FOR DRX- COMPASS (MATERIAL NO. 8622912),,1.0,NOS ,0.0,4647.46,S7VNKEUWRSQOK,,
2024-03-11,印度,中国,PHILIPS INDIA LIMITED,PHILIPS ELECTRONICS SINGAPORE PTE LTD,"3RD FLOOR TOWER A DLF PARK 08,MAJO  R ARTERIAL RD NEW TOWN RAJARHAT",,,,,CHINA ,,Singapore,SAHAR AIR CARGO ACC (INBOM4),90221490,459801278611 PATIENT TABLE CONTROL PCBA PACK (PARTS FOR IXRMACHINE),,1.0,NOS ,0.0,212.0,ERZ9HJB681LEK,,
2024-03-11,印度,中国,CARESTREAM HEALTH INDIA PRIVATE LIMITED,CARESTREAM HEALTH HK HOLDING LTD,"STAR HUB BUILDING NO.2 8TH FLOOR,O  FFICENO.801 NEAR ITC MARATHA HOTEL",,,,,CHINA ,,Shanghai,NHAVA SHEVA SEA (INNSA1),90221490,FOCUS INTERMIX BUCKY FOR WS LEFT (MATERIAL NO. 8621864),,1.0,NOS ,0.0,1036.31,S7VNKEUWRSQOK,,
2024-03-11,印度,中国,CARESTREAM HEALTH INDIA PRIVATE LIMITED,CARESTREAM HEALTH HK HOLDING LTD,"STAR HUB BUILDING NO.2 8TH FLOOR,O  FFICENO.801 NEAR ITC MARATHA HOTEL",,,,,CHINA ,,Shanghai,NHAVA SHEVA SEA (INNSA1),90221490,ANGULAR LLI SOFTWARE FOR DRX - COMPASS (MATERIAL NO. 8622946),,1.0,NOS ,0.0,28.46,S7VNKEUWRSQOK,,
2024-03-11,印度,中国,CARESTREAM HEALTH INDIA PRIVATE LIMITED,CARESTREAM HEALTH HK HOLDING LTD,"STAR HUB BUILDING NO.2 8TH FLOOR,O  FFICENO.801 NEAR ITC MARATHA HOTEL",,,,,CHINA ,,Shanghai,NHAVA SHEVA SEA (INNSA1),90221490,GENERATOR GRP C 50KW 3P 380-480 VAC (MATERIAL NO. 8621658) (ACCESSORIES FOR DR SYSTEM),,1.0,NOS ,0.0,5170.18,S7VNKEUWRSQOK,,
2024-03-11,印度,中国,CARESTREAM HEALTH INDIA PRIVATE LIMITED,CARESTREAM HEALTH HK HOLDING LTD,"STAR HUB BUILDING NO.2 8TH FLOOR,O  FFICENO.801 NEAR ITC MARATHA HOTEL",,,,,CHINA ,,Shanghai,NHAVA SHEVA SEA (INNSA1),90221490,COMPASS BRANDING ACC KIT IN1 (MATERIAL NO.6706535) (FOR DRXCOMPASS XRAY EGPT),,1.0,NOS ,0.0,452.05,S7VNKEUWRSQOK,,
2024-03-09,印度,中国,SIEMENS HEALTHCARE PRIVATE LIMITED,SIEMENS HEALTHINEERS AG,"UNIT NO.9, 9TH FLOOR, NORTH WING  GODREJ ONE, PIROJSHAH NAGAR,",,,,,CHINA ,,Shekou,NHAVA SHEVA SEA (INNSA1),90221490,( CARDIAC AND VASCULAR ANGIOGRAPHY INCL DSA COMPLETE WITH ACCESSORIES ( AS PER INV ) ) ARTIS ONE,,1.0,SET ,0.0,254304.75,7JLZI6AVW6XJY,,
2024-03-08,墨西哥,中国,GE SISTEMAS MEDICOS DE MEXICO SA DE CV,GE HUALUN MEDICAL SYSTEMS CO LTD,"ANTONIO DOVALI JAIME 70 TORRE B PISO 4 AVENIDA JAVIER BARROS SIERRA Y AVENIDA SANTA FE

Ciudad de Mexico
01210","YONG CHANG NORTH ROAD
BEIJINGCHINA

100176",,,,CHINA,,,NUEVO LAREDO NUEVO LAREDO TAMAULIPAS.,9022149101,SISTEMA RADIOGRAFICO XR6000,,1.0,PIECE,881.0,20017.66,,,
2024-03-08,墨西哥,中国,GE SISTEMAS MEDICOS DE MEXICO SA DE CV,GE HUALUN MEDICAL SYSTEMS CO LTD,"ANTONIO DOVALI JAIME 70 TORRE B PISO 4 AVENIDA JAVIER BARROS SIERRA Y AVENIDA SANTA FE

Ciudad de Mexico
01210","YONG CHANG NORTH ROAD
BEIJINGCHINA

100176",,,,CHINA,,,NUEVO LAREDO NUEVO LAREDO TAMAULIPAS.,9022149101,SISTEMA RADIOGRAFICO XR6000,,1.0,PIECE,881.0,20571.15,,,
2024-03-08,印度,中国,WIPRO GE MEDICAL DEVICE MANUFACTURING PRIVATE LIMI,GE HUALUN MEDICAL SYSTEMS CO LTD,"No.4, Kadugodi Industrial Area, Sad  Whitefield, Bangalore",,,,,CHINA ,,CHONGQING,BANGALORE ACC (INBLR4),90221490,5521321-4 - SYSTEM GANTRY HLA FOR OPTIMA IGS 320 - INDIA SEMI FINISHED (PARTS FOR MANUFACTURING OF IGS 320/OPTIMA IGS 32,,1.0,PCS ,0.0,83655.94,Z70B3W9WC4G2T,,
2024-03-08,墨西哥,中国,GE SISTEMAS MEDICOS DE MEXICO SA DE CV,GE HUALUN MEDICAL SYSTEMS CO LTD,"ANTONIO DOVALI JAIME 70 TORRE B PISO 4 AVENIDA JAVIER BARROS SIERRA Y AVENIDA SANTA FE

Ciudad de Mexico
01210","YONG CHANG NORTH ROAD
BEIJINGCHINA

100176",,,,CHINA,,,NUEVO LAREDO NUEVO LAREDO TAMAULIPAS.,9022149101,SISTEMA RADIOGRAFICO XR6000,,1.0,PIECE,881.0,20574.06,,,
2024-03-08,墨西哥,中国,GE SISTEMAS MEDICOS DE MEXICO SA DE CV,GE HUALUN MEDICAL SYSTEMS CO LTD,"ANTONIO DOVALI JAIME 70 TORRE B PISO 4 AVENIDA JAVIER BARROS SIERRA Y AVENIDA SANTA FE

Ciudad de Mexico
01210","YONG CHANG NORTH ROAD
BEIJINGCHINA

100176",,,,CHINA,,,NUEVO LAREDO NUEVO LAREDO TAMAULIPAS.,9022149101,SISTEMA RADIOGRAFICO XR6000,,1.0,PIECE,881.0,19786.52,,,
2024-03-08,乌拉圭,中国,MARE LTDA,,,,,,,CHINA,,,,9022141910,"EQUIPO RADIOLOGICO <<ARCO EN C>> (PARA USO HUMANO). LOS DEMAS. DE DIAGNOSTICO. LOS DEMAS, PARA USO MEDICO, QUIRURGICO O VETERINARIO. APARATOS DE RAYOS X Y APARATOS QUE UTILICEN RADIACIONES ALFA, BETA GAMMA O DEMAS RADIACIONES IONIZANTES, INCLUSO PA",,3.0,UNIDAD (C/U),1494.0,153310.0,,,
2024-03-08,墨西哥,中国,GE SISTEMAS MEDICOS DE MEXICO SA DE CV,GE HUALUN MEDICAL SYSTEMS CO LTD,"ANTONIO DOVALI JAIME 70 TORRE B PISO 4 AVENIDA JAVIER BARROS SIERRA Y AVENIDA SANTA FE

Ciudad de Mexico
01210","YONG CHANG NORTH ROAD
BEIJINGCHINA

100176",,,,CHINA,,,NUEVO LAREDO NUEVO LAREDO TAMAULIPAS.,9022149101,SISTEMA RADIOGRAFICO XR6000,,1.0,PIECE,881.0,20017.66,,,
2024-03-08,印度,中国,SURAKSHITHA HEALTHCARE PRIVATE LIMITED,SIEMENS HEALTHINEERS INTERNATIONAL AG,"FLAT NO 206 RK RESIDENCY,OPP NEW B  USTAND",,,,,CHINA ,,Guatemala City,CHENNAI AIR CARGO ACC (INMAA4),90221490,LINEAR ACCELERATOR HALCYON FOR MEDICAL APPLICATION,,1.0,SET ,0.0,875471.1,UE3QRS7SR5417,,
2024-03-08,土耳其,中国,ATS GRUP ANKA TEKNOLOJİ SİSTEMLERİ TIBBİ CİHAZLAR MAKİNA ELEKTRONİK İLETİŞİM İTHALAT İHRACAT SANAYİ TİCARET LİMİTED ŞİRKETİ,SHENZHEN LANMAGE MEDICAL TECHNOLOGY CO LTD,,,,,,China,,,AMBARLI GÜMRÜK MÜDÜRLÜĞÜ,902214000000,TAŞINABİLİR RÖNTGEN CİHAZI(6600B - AKSAM/ PARÇA TEFFERUATI İLE BİRLİKTE),,2.0,ADET(UNIT),2013.0,53552.08,24343100IM00050375,,
2024-03-08,美国,中国,GE PRECISION HEALTHCARE LLC,GE HUALUN MEDICAL SYSTEMS CO LTD,NUCLEAR W160 S6471 COMMERCE DR , NO 9 WAN YUAN STREET BJ ECON & TECH DEVELOPMENT AREA ,GE PRECISION HEALTHCARE LLC,NUCLEAR W160 S6471 COMMERCE DR ,,"CN, CHINA",,QINGDAO,Charleston,902214,DEFINIUM BASE SYS CN HS:902214,PO# 1826350.1/ 1826353.2 DELIVERY NUM:957860 026/958147268,14.0,PKG,3702.0,0.0,DMALBJSA15337,KOCU4812518,
2024-03-08,土耳其,中国,DENTEM SAĞLIK HİZMETLERİ VE TİCARET LİMİTED ŞİRKETİ,SHENZHEN LANMAGE MEDICAL TECHNOLOGY CO LTD,,,,,,China,,,İSTANBUL HAVALİMANI GÜMRÜK MÜDÜRLÜĞÜ,902214000000,"SEYYAR RÖNTGEN CİHAZI** KOMPLE TEFERRUAT/I BİLE BİRLİKTEDİR
ÜTS KAYDI VARDIR.8681863007515",,2.0,ADET(UNIT),49.6,5880.0,24341453IM00139993,,
2024-03-08,菲律宾,中国,GENERAL ELECTRIC PHILS INC,BEIJING GE HUALUN MEDICAL EQUIPMENT,"12F ORE CENTRAL, 31ST STREET COR 9TH AVE, BONIFACIO,GLOBAL CITY TAGUIG CITY",,,,,CHINA,,,,90221400000,1 EA OEC ONE CFD31 VASCULAR 25 [S20205KC],,1.0,,404.0,54604.6,42K0043628,,
2024-03-07,乌兹别克斯坦,中国,OOO TECOM ELEVATING SYSTEMS,BEIJING WANDONG MEDICAL TECHNOLOGY CO LTD,,,,,,0,,,,9022140000,"1. Medical X-ray Radiography Unit model; New Oriental 1000MC /Цифровая радиографическая система New Oriental 1000MC с принадлежностями, Кол-во; 1 шт, Новый 2024г не бывщий в употребления, Производитель: Beijing Wandong Medical Technology Co., Ltd. (Китай) - кол. 1 шт, вес: 840 кг 2. мест 3, 3 дерев.ящик. 8. 000 9. 024 10. 2024/Новый 11. 02 Общее кол. мест: 3 G31MARKA марка New Oriental 1000MC YEAR10 год производ 2024 PARAM10 Характеристика товара Новый",,1.0,Piece,840.0,38400.0,,,
2024-03-07,乌兹别克斯坦,中国,OOO TECOM ELEVATING SYSTEMS,BEIJING WANDONG MEDICAL TECHNOLOGY CO LTD,,,,,,0,,,,9022140000,"1. Medical X-ray Radiography Unit model; New Oriental 1000MC /Цифровая радиографическая система New Oriental 1000MC с принадлежностями, Кол-во; 1 шт, Новый 2024г не бывщий в употребления, Производитель: Beijing Wandong Medical Technology Co., Ltd. (Китай) - кол. 1 шт, вес: 840 кг 2. мест 3, 3 дерев.ящик. 8. 000 9. 024 10. 2024/Новый 11. 02 Общее кол. мест: 3 G31MARKA марка New Oriental 1000MC YEAR10 год производ 2024 PARAM10 Характеристика товара Новый",,1.0,Piece,840.0,38400.0,,,
2024-03-07,乌兹别克斯坦,中国,OOO TECOM ELEVATING SYSTEMS,BEIJING WANDONG MEDICAL TECHNOLOGY CO LTD,,,,,,0,,,,9022140000,"1. Medical X-ray Radiography Unit model; New Oriental 1000MC /Цифровая радиографическая система New Oriental 1000MC с принадлежностями, Кол-во; 1 шт, Новый 2024г не бывщий в употребления, Производитель: Beijing Wandong Medical Technology Co., Ltd. (Китай) - кол. 1 шт, вес: 840 кг 2. мест 3, 3 дерев.ящик. 8. 000 9. 024 10. 2024/Новый 11. 02 Общее кол. мест: 3 G31MARKA марка New Oriental 1000MC YEAR10 год производ 2024 PARAM10 Характеристика товара Новый",,1.0,Piece,840.0,38400.0,,,
2024-03-07,哈萨克斯坦,中国,TOO RUBIN GROUP RUBIN GROPE,NANJING PERLOVE MEDICAL EQUIPMENT CO LTD,ELSHIBEK BATYRA ST. 114,"No. 97, WANGXI ROAD",,,,,Kazakhstan (KZ),,,902214,Medical diagnostic radiographic system like Sduga of PLX112B1,,0.0, ,581.0,25000.0,,,
2024-03-07,乌兹别克斯坦,中国,OOO TECOM ELEVATING SYSTEMS,BEIJING WANDONG MEDICAL TECHNOLOGY CO LTD,,,,,,0,,,,9022140000,"1. Medical X-ray Radiography Unit model; New Oriental 1000MC /Цифровая радиографическая система New Oriental 1000MC с принадлежностями, Кол-во; 1 шт, Новый 2024г не бывщий в употребления, Производитель: Beijing Wandong Medical Technology Co., Ltd. (Китай) - кол. 1 шт, вес: 840 кг 2. мест 3, 3 дерев.ящик. 8. 000 9. 024 10. 2024/Новый 11. 02 Общее кол. мест: 3 G31MARKA марка New Oriental 1000MC YEAR10 год производ 2024 PARAM10 Характеристика товара Новый",,1.0,Piece,840.0,38400.0,,,
2024-03-07,印度,中国,DIKSHITHA HEALTHCARE SERVICES PRIVATE LIMITED,SIEMENS HEALTHINEERS INTERNATIONAL AG,H.NO.8-3-234/354-355  LAXMI NARASIMHA NAGAR,,,,,CHINA,,Tianjin,Hyderabad,90221490,LINEAR ACCELERATOR HALCYON FOR MEDICAL APPLICATION LINEAR ACCELERATOR HALCYON FOR MEDICAL APPLICATION,,1.0,NOS,0.0,1018438.54,ZGGUKMC2AD48Z,,
2024-03-07,乌兹别克斯坦,中国,FORTEK LTD,SINO MEDICAL DEVICE TECHNOLOGY CO LTD,"13 A, Sayram str., 6 passage,","6th Floor, Building 15, No. 1008 Songbai Road",,,,,Uzbekistan (UZ),,,902214,Navigator DR Cfre mammograph set,,0.0, ,500.0,47700.0,,,
2024-03-07,印度,中国,PHILIPS INDIA LIMITED,PHILIPS ELECTRONICS SINGAPORE PTE LTD,"3RD FLOOR TOWER A DLF PARK 08,MAJO  R ARTERIAL RD NEW TOWN RAJARHAT",,,,,CHINA ,,Singapore,KOLKATA ACC (INCCU4),90221490,459800151734 IMAGING MODULE KIT WP (PARTS OF MEDICAL EQUIPMENT),,1.0,NOS ,0.0,938.87,7RCWKFZD9TBQS,,
2024-03-07,美国,中国,AUTHORITY MEDICAL GROUP LLC,JIAXING HAOYI TEXTILE COMPANY, 5950 NE JACOBSON STREET BUILDING 11SUITE 190 HILLSBORO OREGON 97124 USA , HONGXI DEVELOPMENT ZONE TIANNING JIASHAN ZHEJIANG CHINA 314109 ,AUTHORITY MEDICAL GROUP LLC, 5950 NE JACOBSON STREET BUILDING 11SUITE 190 HILLSBORO OREGON 97124 USA ,,"CN, CHINA",,Pusan,"PORTLAND,OR",902214,"FOR MEDICAL USE ONLY, SILDER TUBE MATERIAL 3-D SPACER FABRIC .","PO: MPU MATERIAL COMPOSITION: WIDTH: COLOR: QTY: FOR MEDICAL USE ONLY, SILDER TUBE MATERIAL MADE IN CHINA",126.0,PKG,4095.0,0.0,HNLTSH24A00514,MSNU2243587,
2024-03-07,哥伦比亚,中国,MEDICALBIO SAS,HEBEI RUIGE INTERNATIONAL TRADING CO LTD,CL 86 # 87A-44,"KAIJIA BUILDING, QIAOXI ZONE, SHIJI",,,,CHINA,,,,9022140000,"DO BOG124-24 DECLARACION(1-1) NOS ACOGEMOS AL DECRETO 0925 DE 2013, MERCANCA NO REQUIERE REGISTRO DE IMPORTACIN // NOS",,1.0,NUMERO DE ARTICULOS,9.99,5179.23,,,
2024-03-06,越南,中国,CÔNG TY CỔ PHẦN THIẾT BỊ Y TẾ BÁCH VIỆT,SHENZHEN LIM2VET BIOLOGICAL TECHNOLOGY CO LTD,"456-458 Hai Ba Trung, Tan Dinh Ward, District 1, Ho Chi Minh City.","RM 5C02, BLD 1, ZHONGCHENG, BIOMEDICAL INDUSTRIAL PARK, NO.21, LINHUI RD, PINGSHAN DISTRICT, SHENZHEN,GUANGDONG",,,,China,,SHENZHEN,CANG CAT LAI (HCM),90221400,"Máy X-quang dùng cho thú y. Model: SMART-20. HSX: Shenzhen Lim2Vet Biological Technology Co.,LTD. Hàng mới 100%. Bao gồm máy chính và phụ kiện.,X-ray machine for veterinary use. Model: SMART-20. HSX: Shenzhen Lim2Vet Biological Technology Co.,LTD. New 100%. Including main machine and accessories.",,5.0,Set,0.0,50000.0,020324AMS2402061,,
2024-03-06,墨西哥,中国,GE SISTEMAS MEDICOS DE MEXICO SA DE CV,GE HUALUN MEDICAL SYSTEMS CO LTD,"ANTONIO DOVALI JAIME 70 TORRE B PISO 4 AVENIDA JAVIER BARROS SIERRA Y AVENIDA SANTA FE

Ciudad de Mexico
01210","YONG CHANG NORTH ROAD
BEIJINGCHINA

100176",,,,CHINA,,,NUEVO LAREDO NUEVO LAREDO TAMAULIPAS.,9022149101,SISTEMA RADIOGRAFICO XR6000,,1.0,PIECE,920.5,36719.32,,,
2024-03-06,印度,中国,SHRI SAI HOSPI CARE PRIVATE LIMITED,SIEMENS HEALTHINEERS INTERNATIONAL AG,,,,,,CHINA ,,Zhengzhou,SAHAR AIR CARGO ACC (INBOM4),90221490,PARTIAL SHIPMENT CONSISTING OF LINEAR ACCELERATOR HALCYON FOR MEDICAL APPLICATION S/N 2018,,1.0,SET ,0.0,925347.0,57OC41GEV3VCU,,
2024-03-06,印度,中国,MNJ INSTITUTE OF ONCOLOGY REGIONAL CANCER CENTRE,SIEMENS HEALTHINEERS INTERNATIONAL AG,,,,,,CHINA ,,Xingang,NHAVA SHEVA SEA (INNSA1),90221490,LINEAR ACCELERATOR HALCYON FOR MEDICAL APPLICATION CUSTOM BUILT ASPER S/N 2139,,1.0,SET ,0.0,1075563.49,0K2OFD000PILE,,
2024-03-05,印度,中国,WIPRO GE MEDICAL DEVICE MANUFACTURING PRIVATE LIMI,GE HUALUN MEDICAL SYSTEMS CO LTD,"No.4, Kadugodi Industrial Area, Sad  Whitefield, Bangalore",,,,,CHINA ,,CHONGQING,BANGALORE ACC (INBLR4),90221490,5521321-4 - SYSTEM GANTRY HLA FOR OPTIMA IGS 320 - INDIA SEMI FINISHED (PARTS FOR MANUFACTURING OF IGS 320/OPTIMA IGS 32,,1.0,PCS ,0.0,83655.94,JXYVDHNPDMI4C,,
2024-03-05,乌兹别克斯坦,中国,OOO HITECH ORIENT MEDBUSINESS,SHENZHEN LANMAGE MEDICAL TECHNOLOGY CO LTD,,,,,,0,,,,9022140000,"1. Цифровая маммографическая система 8100A с принадлежностьями. Марка:LANMAGE В комплекте: генератор,рентген трубка, дитектор,колиматор,грид,педаль, рабочая станция. Используется для проведения рентгеновский иследивания.C/Н DL1223800010,Новое 2023г. Рег.удос:  ТТ/Х 06866/01/24. Всего 1шт.Производитель:Shenzhen Lanmage Medical Technology, Китай. - кол. 1 шт, вес: 440 кг 2. мест 2, 2 дерев.ящик. 3. RSTU5501300 6. /коды № DL1223800010/ 8. 000 9. 024 10. 2023/220-240V 50/60Hz 11. 02 Общее кол. мест G31MARKA марка LANDWIND YEAR10 год производ 2023 PARAM10 Характеристика товара 220-240V 50/60Hz",,1.0,Piece,440.0,37428.0,,,
2024-03-05,印度,中国,WIPRO GE MEDICAL DEVICE MANUFACTURING PRIVATE LIMI,GE HUALUN MEDICAL SYSTEMS CO LTD,"No.4, Kadugodi Industrial Area, Sad  Whitefield, Bangalore",,,,,CHINA ,,CHONGQING,BANGALORE ACC (INBLR4),90221490,5521321-4 - SYSTEM GANTRY HLA FOR OPTIMA IGS 320 - INDIA SEMI FINISHED - (PARTS FOR MANUFACTURING OF IGS 320/OPTIMA IGS,,1.0,PCS ,0.0,83655.94,MM7IESS9S2T56,,
2024-03-05,菲律宾,中国,SIEMENS HEALTHCARE INC,SIEMENS SHANGHAI MEDICAL,"10/F M1 TOWER 141 H.V. DELA COSTA ST. SALCEDO VILLAGE BRGY. BEL-AIR,MAKATI CITY",,,,,CHINA,,,,90221400000,1 PCE: 14455058 CIOS SELECT VA21 FD SYSTEM,,1.0,,395.0,62620.9,SHAG17153,,
2024-03-05,印度,中国,WIPRO GE MEDICAL DEVICE MANUFACTURING PRIVATE LIMI,GE HUALUN MEDICAL SYSTEMS CO LTD,"No.4, Kadugodi Industrial Area, Sad  Whitefield, Bangalore",,,,,CHINA ,,CHONGQING,BANGALORE ACC (INBLR4),90221490,5521321-4 - SYSTEM GANTRY HLA FOR OPTIMA IGS 320 - INDIA SEMI FINISHED-(PARTS FOR MANUFACTURING OF IGS 320/OPTIMA IGS 32,,1.0,PCS ,0.0,83655.94,500TDBRVRVJ82,,
2024-03-05,哥伦比亚,中国,ROYAL PLUS TECHNOLOGIES S A S,IRAY TECHNOLOGY COMPANIA LTD,CR 20B # 72-44 P 2,"RM 202, BUILDING 7, NO 590",,,,CHINA,,,,9022140000,"DO 2414956. DECLARACION(1-1). MERCANCIA NUEVA // NOS ACOGEMOS AL DECRETO 0925 DE 2013, NO REQUIERE PRESENTACIN DE REGIS",,3.0,NUMERO DE ARTICULOS,50.4,12962.58,,,
2024-03-04,土耳其,中国,SONO NÜKLEER ÖZEL TEŞHİS MERKEZİ LİMİTED ŞİRKETİ,NANJING PERLOVE MEDIKAL EQUIPMENT CO LTD,,,,,,China,,,ADNAN MENDERES GÜMRÜK MÜDÜRLÜĞÜ,902214000000,DIJITAL  FLAT PANEL DEDEKTMRLÜ RF SİSTEM/İ,,1.0,ADET(UNIT),808.0,95500.0,24350700IM00006001,,
2024-03-04,纳米比亚,中国,COSPHARM INVESTMENTS PTY LTD,NARANG MEDICAL USA CORPORATION,nPO BOX 40168 AUSSPANNPLATZ WINDHOEK NAMIBIA n  ,"n3190 WILLOW IN, WESTON nFLORIDA 33331 nUSA ",,,,,Namibia,,,90221400,X-RAY UNIT WALL MOUNTED,,0.0,,37.0,2106.5989,,,
2024-03-04,土耳其,中国,HASVET MEDİKAL YAZILIM SAĞLIK HİZMETLERİ SANAYİ VE TİCARET ANONİM ŞİRKETİ,MEDINCN CORP LTD,,,,,,China,,,AMBARLI GÜMRÜK MÜDÜRLÜĞÜ,902214000000,VETERİNERLİK AMAÇLI -X-RAI CİHAZI,,15.0,ADET(UNIT),2562.42,32967.98,24343100IM00046363,,
2024-03-04,美国,中国,ICU PRODUCTION INC,BYD PRECISION MANUFACTURE CO LTD,7522 MAIE AVE LOS ANGELES CALIFORNIA 90001 US , NO 3001 BAOHE ROAD BAOLONG INDUSTRIAL CITY LONGGANG DISTRICT SHENZHEN CN ,ICU PRODUCTION INC,7522 MAIE AVE LOS ANGELES US ,,"CN, CHINA",,Pusan,LONG BEACH,902214,SINGLE-USE SURGICAL MASK FE2311X(FLAT),B240102/305CTNS,350.0,CTN,3248.0,0.0,PLGJSZ24026130,SMCU1053074,
2024-03-01,印度,中国,PHILIPS INDIA LIMITED,PHILIPS ELECTRONICS SINGAPORE PTE LTD,"3RD FLOOR TOWER A DLF PARK 08,MAJO  R ARTERIAL RD NEW TOWN RAJARHAT",,,,,CHINA ,,Singapore,SAHAR AIR CARGO ACC (INBOM4),90221490,"459800325772 BRUSH, PWR BLOCK PCB ASSEMBLY (PARTS FOR CT SCAN MACHINE)",,2.0,NOS ,0.0,1254.84,GQA7S06HT6BNC,,
2024-03-01,委内瑞拉,中国,INSTITUTO VENEZOLANO DE LOS SEGUROS,,,,,,,CHINA,,Colon Free Zone,,9022141900,Los demas,,0.0,,639.0,49273.0,6756,,
2024-03-01,委内瑞拉,中国,INSTITUTO VENEZOLANO DE LOS SEGUROS,,,,,,,CHINA,,Colon Free Zone,,9022149000,Los demas,,0.0,,810.0,47704.0,6756,,
2024-02-29,尼日利亚,中国,RCCG NATIONAL HEADQUARTER,MR GLOBAL HK LIMITED,,,,,,China,,,APAPA PORT,9022140000,"Apparatus based on the use of X-rays or of alpha, betaused for medical, surgical .",,0.0,,238.0,0.0,,,
2024-02-29,尼日利亚,中国,RCCG NATIONAL HEADQUARTER,MR GLOBAL HK LIMITED,,,,,,China,,,APAPA PORT,9022140000,"Apparatus based on the use of X-rays or of alpha, betaused for medical, surgical .",,0.0,,238.0,0.0,,,
2024-02-29,尼日利亚,中国,RCCG NATIONAL HEADQUARTER,MR GLOBAL HK LIMITED,,,,,,China,,,APAPA PORT,9022140000,"Apparatus based on the use of X-rays or of alpha, betaused for medical, surgical .",,0.0,,238.0,0.0,,,
2024-02-29,乌兹别克斯坦,中国,ООО PROTEK MED,GUANGZHOU DINHONG TRADING CO LTD,,,,,,0,,,,9022140000,"1. Аппарат высококачественный мобильный рентгеновский типа С-Дуга модель CompaX 500C серия BRW135202308002 кол-во 1 шт разборным виде с комплектующими частями для дальнейшей сборки, для медицинского учреждения рентгенографическая система мобильная. Рентгеновская машина цифровая новая 2023 года согласно бирке и сертификата производителя  (комплект) для -Вес 553 кг.  Кол. 1 шт ; собственных нужд медицинском исследований.  аппаратура, основанная на использовании рентгеновского, альфа-, бета- и гам",,1.0,Piece,553.0,32000.0,,,
2024-02-29,尼日利亚,中国,RCCG NATIONAL HEADQUARTER,MR GLOBAL HK LIMITED,,,,,,China,,,APAPA PORT,9022140000,"Apparatus based on the use of X-rays or of alpha, betaused for medical, surgical .",,0.0,,238.0,0.0,,,
2024-02-29,尼日利亚,中国,RCCG NATIONAL HEADQUARTER,MR GLOBAL HK LIMITED,,,,,,China,,,APAPA PORT,9022140000,"Apparatus based on the use of X-rays or of alpha, betaused for medical, surgical .",,0.0,,251.0,0.0,,,
2024-02-29,尼日利亚,中国,RCCG NATIONAL HEADQUARTER,MR GLOBAL HK LIMITED,,,,,,China,,,APAPA PORT,9022140000,"Apparatus based on the use of X-rays or of alpha, betaused for medical, surgical .",,0.0,,238.0,0.0,,,
2024-02-29,尼日利亚,中国,RCCG NATIONAL HEADQUARTER,MR GLOBAL HK LIMITED,,,,,,China,,,APAPA PORT,9022140000,"Apparatus based on the use of X-rays or of alpha, betaused for medical, surgical .",,0.0,,238.0,0.0,,,
2024-02-29,尼日利亚,中国,RCCG NATIONAL HEADQUARTER,MR GLOBAL HK LIMITED,,,,,,China,,,APAPA PORT,9022140000,"Apparatus based on the use of X-rays or of alpha, betaused for medical, surgical .",,0.0,,238.0,0.0,,,
2024-02-29,乌兹别克斯坦,中国,OOO ECOMEDLINE,HNV INTERNATIONAL COMPANY LTD,"NAMANGAN SH. OBIHAYOT MFY, HAMROH KO'CHASI, 74-UY",FLAT 1318-19 13 | F HOLLYWOOD PLAZA 610 NATHAN ROAD,,,,,Uzbekistan (UZ),,,902214,"Mobile x-ray S-Doug device, High-frequency digital radiographic",,1296.0,KG,1296.0,99000.0,,,
2024-02-29,巴基斯坦,中国,DOW UNIVERSITY OF HEALTH SCIENCES,ATLAS GLOBAL FZE,BABA-E-URDU ROAD  SADDAR TOWN,,,,,China,,,KAPW,90221400,"MEDICAL EQUIPMENT 
MOBILE C-ARM - MODEL 
OEC ONE CFD ONE UNIT COMPLET WITH ALL RELATED PARTS & ACCESSORIES DETAILS ON PACKING LIST ATTACH",,1.0,u,0.0,80000.0,,,
2024-02-29,尼日利亚,中国,RCCG NATIONAL HEADQUARTER,MR GLOBAL HK LIMITED,,,,,,China,,,APAPA PORT,9022140000,"Apparatus based on the use of X-rays or of alpha, betaused for medical, surgical .",,0.0,,238.0,0.0,,,
2024-02-29,尼日利亚,中国,RCCG NATIONAL HEADQUARTER,MR GLOBAL HK LIMITED,,,,,,China,,,APAPA PORT,9022140000,"Apparatus based on the use of X-rays or of alpha, betaused for medical, surgical .",,0.0,,238.0,0.0,,,
2024-02-29,尼日利亚,中国,RCCG NATIONAL HEADQUARTER,MR GLOBAL HK LIMITED,,,,,,China,,,APAPA PORT,9022140000,"Apparatus based on the use of X-rays or of alpha, betaused for medical, surgical .",,0.0,,238.0,0.0,,,
2024-02-29,乌兹别克斯坦,中国,ООО PROTEK MED,GUANGZHOU DINHONG TRADING CO LTD,,,,,,0,,,,9022140000,"1. Система рентгенографии  и рентгеноскопии с дистанционным управлением модель YW-F-9000 серия BH006202309002-03 кол-во 2 комплект. Уложен в 6 дер-ящиках. разборным виде с комплектующими частями для дальнейшей сборки, для медицинского учреждения новая 2023 года согласно бирке и сертификата производителя. -Вес 2520 кг.  Кол. 2 шт ; Технология - цифровая, Применение - для флюороскопии, для многофункциональной радиографии. Для собсвеных нужд  Произведено в Shenzhen Browiner Tech Co.,Ltd Китай - 2",,2.0,Piece,2520.0,106000.0,,,
2024-02-29,巴基斯坦,中国,DOW UNIVERSITY OF HEALTH SCIENCES,ATLAS GLOBAL FZE,BABA-E-URDU ROAD  SADDAR TOWN," OFFICE 708A, JAFZA BUILDING NO. 18, SHEIKH ZAYED ROAD PO BOX 17442, DUBAI, UAE",,,,China (CN),,,KAPW,90221400,"MEDICAL EQUIPMENT 
MOBILE C-ARM - MODEL 
OEC ONE CFD ONE UNIT COMPLET WITH ALL RELATED PARTS & ACCESSORIES DETAILS ON PACKING LIST ATTACH",,1.0,u,0.402,80000.0,DXB78706901A,,
2024-02-29,尼日利亚,中国,RCCG NATIONAL HEADQUARTER,MR GLOBAL HK LIMITED,,,,,,China,,,APAPA PORT,9022140000,"Apparatus based on the use of X-rays or of alpha, betaused for medical, surgical .",,0.0,,238.0,0.0,,,
2024-02-29,尼日利亚,中国,RCCG NATIONAL HEADQUARTER,MR GLOBAL HK LIMITED,,,,,,China,,,APAPA PORT,9022140000,"Apparatus based on the use of X-rays or of alpha, betaused for medical, surgical .",,0.0,,238.0,0.0,,,
2024-02-29,乌兹别克斯坦,中国,ООО PROTEK MED,GUANGZHOU DINHONG TRADING CO LTD,,,,,,0,,,,9022140000,"1. Система для рентгенографии модель PERFOX 3000A  серия. BRW116202308004 кол-во  1 шт. 4 места. разоборным виде с комплектующими частями для далнейшей сборки , для медицинского узчреждения. Напольная система представляет собой полностью цифровое решение для рентгенографии. для многофункциональной радиографии. со столом. генератор высокой -Вес 850 кг.  Кол. 1 шт ; мощности 50/65 кВт, Автоматический контроль.   новая 2023 года согластно бирке и сертификата производителя   для медицинских учрижде",,1.0,Piece,850.0,32000.0,,,
2024-02-29,乌兹别克斯坦,中国,ООО PROTEK MED,GUANGZHOU DINHONG TRADING CO LTD,,,,,,0,,,,9022140000,"1. Портативная рентгенографическая система модел Beatle-05P серия BRW012202308004-05-06-07-08.  кол-во  5 шт. 15 места. разоборным виде с комплектующими частями для далнейшей сборки , для медицинского узчреждения рентгенографическая система мобильная -Вес 360 кг.  Кол. 5 шт ; портативная рентгеновская машина цифровая новая 2023 года согластно бирке и сертификата производителя   для медицинских учриждений детских клиник  для собственых нужд произведено  Shenzhen Browiner Tech Co.,Ltd Китай - 2.",,5.0,Piece,360.0,80000.0,,,
2024-02-29,尼日利亚,中国,RCCG NATIONAL HEADQUARTER,MR GLOBAL HK LIMITED,,,,,,China,,,APAPA PORT,9022140000,"Apparatus based on the use of X-rays or of alpha, betaused for medical, surgical .",,0.0,,238.0,0.0,,,
2024-02-29,尼日利亚,中国,RCCG NATIONAL HEADQUARTER,MR GLOBAL HK LIMITED,,,,,,China,,,APAPA PORT,9022140000,"Apparatus based on the use of X-rays or of alpha, betaused for medical, surgical .",,0.0,,238.0,0.0,,,
2024-02-29,尼日利亚,中国,RCCG NATIONAL HEADQUARTER,MR GLOBAL HK LIMITED,,,,,,China,,,APAPA PORT,9022140000,"Apparatus based on the use of X-rays or of alpha, betaused for medical, surgical .",,0.0,,238.0,0.0,,,
2024-02-29,尼日利亚,中国,RCCG NATIONAL HEADQUARTER,MR GLOBAL HK LIMITED,,,,,,China,,,APAPA PORT,9022140000,"Apparatus based on the use of X-rays or of alpha, betaused for medical, surgical .",,0.0,,238.0,0.0,,,
2024-02-29,尼日利亚,中国,RCCG NATIONAL HEADQUARTER,MR GLOBAL HK LIMITED,,,,,,China,,,APAPA PORT,9022140000,"Apparatus based on the use of X-rays or of alpha, betaused for medical, surgical .",,0.0,,238.0,0.0,,,
2024-02-29,尼日利亚,中国,RCCG NATIONAL HEADQUARTER,MR GLOBAL HK LIMITED,,,,,,China,,,APAPA PORT,9022140000,"Apparatus based on the use of X-rays or of alpha, betaused for medical, surgical .",,0.0,,238.0,0.0,,,
2024-02-28,乌兹别克斯坦,中国,VOHA MEDLINE LLC,BEIJING WANDONG MEDICAL TECHNOLOGY CO LTD,,,,,,0,,,,9022140000,"1. Interventional Angiography System model; CGO-2100 / Система интервенционной ангиографии модель ""CGO-2100"" с принадлежностями, Кол-во; 1 шт, Новый 2024г не бывщий в употребления, Производитель: Beijing Wandong Medical Technology Co., Ltd. (Китай) - кол. 1 шт, вес: 2570 кг 2. мест 8, 8 дерев.ящик. 8. 000 9. 024 10. 2024/Новый 11. 02 Общее кол. мест: 8 G31MARKA марка БЕЗ МАРКИ YEAR10 год производ 2024 PARAM10 Характеристика товара Новый",,1.0,Piece,2570.0,420000.0,,,
2024-02-28,乌干达,中国,KAATIS U LIMITED,EVER BELIEVE SUPPLY CHAIN LTD,,,,,,CHINA,UGANDA,,,90221400000,X-RAY MACHINE WITH ACCESSORIES,,1.0,Number,822.0,6198.9999,,,
2024-02-28,土耳其,中国,HASVET MEDİKAL YAZILIM SAĞLIK HİZMETLERİ SANAYİ VE TİCARET ANONİM ŞİRKETİ,SHENZHEN SONGGANG TECHNOLOGY,,,,,,China,,,MURATBEY GÜMRÜK MÜDÜRLÜĞÜ,902214000000,VETERİNERLİK AMAÇLI -X-RAY CİHAZI,,5.0,ADET(UNIT),3000.0,199686.6,24341300IM00042755,,
2024-02-28,乌兹别克斯坦,中国,ООО PROTEK MED,GUANGZHOU DINHONG TRADING CO LTD,,,,,,0,,,,9022140000,"1. Портативная рентгенографическая система модел Beatle-05P серия BRW012202308004-05-06-07-08.  кол-во  5 шт. 15 места. разоборным виде с комплектующими частями для далнейшей сборки , для медицинского узчреждения рентгенографическая система мобильная -Вес 360 кг.  Кол. 5 шт ; портативная рентгеновская машина цифровая новая 2023 года согластно бирке и сертификата производителя   для медицинских учриждений детских клиник  для собственых нужд произведено  Shenzhen Browiner Tech Co.,Ltd Китай - 2. G31MARKA марка Browiner YEAR10 год производ 2023 PARAM10 Характеристика товара Портативная рентгенографическая система модел Beatle-05P",,5.0,Piece,360.0,80000.0,,,
2024-02-28,乌兹别克斯坦,中国,ООО PROTEK MED,GUANGZHOU DINHONG TRADING CO LTD,,,,,,0,,,,9022140000,"1. Система для рентгенографии модель PERFOX 3000A  серия. BRW116202308004 кол-во  1 шт. 4 места. разоборным виде с комплектующими частями для далнейшей сборки , для медицинского узчреждения. Напольная система представляет собой полностью цифровое решение для рентгенографии. для многофункциональной радиографии. со столом. генератор высокой -Вес 850 кг.  Кол. 1 шт ; мощности 50/65 кВт, Автоматический контроль.   новая 2023 года согластно бирке и сертификата производителя   для медицинских учрижде G31MARKA марка Browiner YEAR10 год производ 2023 PARAM10 Характеристика товара Система для рентгенографии модель PERFOX 3000A",,1.0,Piece,850.0,32000.0,,,
2024-02-28,乌兹别克斯坦,中国,VOHA MEDLINE LLC,BEIJING WANDONG MEDICAL TECHNOLOGY CO LTD,,,,,,0,,,,9022140000,"1. Interventional Angiography System model; CGO-2100 / Система интервенционной ангиографии модель ""CGO-2100"" с принадлежностями, Кол-во; 1 шт, Новый 2024г не бывщий в употребления, Производитель: Beijing Wandong Medical Technology Co., Ltd. (Китай) - кол. 1 шт, вес: 2570 кг 2. мест 8, 8 дерев.ящик. 8. 000 9. 024 10. 2024/Новый 11. 02 Общее кол. мест: 8",,1.0,Piece,2570.0,420000.0,,,
2024-02-28,乌兹别克斯坦,中国,ООО PROTEK MED,GUANGZHOU DINHONG TRADING CO LTD,,,,,,0,,,,9022140000,"1. Система рентгенографии  и рентгеноскопии с дистанционным управлением модель YW-F-9000 серия BH006202309002-03 кол-во 2 комплект. Уложен в 6 дер-ящиках. разборным виде с комплектующими частями для дальнейшей сборки, для медицинского учреждения новая 2023 года согласно бирке и сертификата производителя. -Вес 2520 кг.  Кол. 2 шт ; Технология - цифровая, Применение - для флюороскопии, для многофункциональной радиографии. Для собсвеных нужд  Произведено в Shenzhen Browiner Tech Co.,Ltd Китай - 2 G31MARKA марка Browiner YEAR10 год производ 2023 PARAM10 Характеристика товара Портативная рентгенографическая система модель YW-F-9000",,2.0,Piece,2520.0,106000.0,,,
2024-02-28,乌兹别克斯坦,中国,ООО PROTEK MED,GUANGZHOU DINHONG TRADING CO LTD,,,,,,0,,,,9022140000,"1. Портативная рентгенографическая система модел Beatle-05P серия BRW012202308003. кол-во  1 шт. 3 места. разоборным виде с комплектующими частями для далнейшей сборки , для медицинского узчреждения рентгенографическая система мобильная -Вес 72 кг.  Кол. 1 шт ; портативная рентгеновская машина цифровая новая 2023 года согластно бирке и сертификата производителя   для медицинских учриждений детских клиник  для собственых нужд произведено  Shenzhen Browiner Tech Co.,Ltd Китай- 2. Всего мест-3. 3",,1.0,Piece,72.0,16000.0,,,
2024-02-28,巴拿马,中国,PROMOCION MEDICA S A,GE HEALTHCARE,,,,,,CHINA,,,"GRUPO TLA (PANAMA), S.A.",902214000000,ANGIOGRAFO CON SUS PARTES Y ACCESORIOS | FACT: 959299314 959354645 959607473 960191088 959621198 959370418 959942169 960445811 960430944,,113.0,UNIT (UNIDAD),5024.33,533040.8,,,
2024-02-28,乌兹别克斯坦,中国,ООО PROTEK MED,GUANGZHOU DINHONG TRADING CO LTD,,,,,,0,,,,9022140000,"1. Аппарат высококачественный мобильный рентгеновский типа С-Дуга модель CompaX 500C серия BRW135202308002 кол-во 1 шт разборным виде с комплектующими частями для дальнейшей сборки, для медицинского учреждения рентгенографическая система мобильная. Рентгеновская машина цифровая новая 2023 года согласно бирке и сертификата производителя  (комплект) для -Вес 553 кг.  Кол. 1 шт ; собственных нужд медицинском исследований.  аппаратура, основанная на использовании рентгеновского, альфа-, бета- и гам G31MARKA марка Browiner YEAR10 год производ 2023 PARAM10 Характеристика товара Аппарат высококачественный мобильный рентгеновский CompaX 500C",,1.0,Piece,553.0,32000.0,,,
2024-02-27,尼日利亚,中国,RCCG NATIONAL HEADQUARTER,MR GLOBAL HK LIMITED,,,,,,China,,,APAPA PORT,9022140000,"Apparatus based on the use of X-rays or of alpha, betaused for medical, surgical .",,0.0,,73.0,0.0,,,
2024-02-27,尼日利亚,中国,RCCG NATIONAL HEADQUARTER,MR GLOBAL HK LIMITED,,,,,,China,,,APAPA PORT,9022140000,"Apparatus based on the use of X-rays or of alpha, betaused for medical, surgical .",,0.0,,73.0,0.0,,,
2024-02-27,尼日利亚,中国,RCCG NATIONAL HEADQUARTER,MR GLOBAL HK LIMITED,,,,,,China,,,APAPA PORT,9022140000,"Apparatus based on the use of X-rays or of alpha, betaused for medical, surgical .",,0.0,,73.0,0.0,,,
2024-02-27,尼日利亚,中国,RCCG NATIONAL HEADQUARTER,MR GLOBAL HK LIMITED,,,,,,China,,,APAPA PORT,9022140000,"Apparatus based on the use of X-rays or of alpha, betaused for medical, surgical .",,0.0,,73.0,0.0,,,
2024-02-27,尼日利亚,中国,RCCG NATIONAL HEADQUARTER,MR GLOBAL HK LIMITED,,,,,,China,,,APAPA PORT,9022140000,"Apparatus based on the use of X-rays or of alpha, betaused for medical, surgical .",,0.0,,73.0,0.0,,,
2024-02-27,印度,中国,M V X RAY EQUIPMENTS CO,DANDONG AOLONG RADIATIVE INSTRUMENT,"PLOT NO.6,MUNICIPAL INDUS.ESTATE,  SAI NAGAR,KANDIVLI WEST,",,,,,CHINA ,,Shenyang,SAHAR AIR CARGO ACC (INBOM4),90221490,XXG-3005 MODEL FLAW DETECTOR ( FOR INDUSTRIAL NON DESTRUCTIVE TEST PURPOSE ),,2.0,PCS ,0.0,9000.0,S9SFQD0GST15O,,
2024-02-27,尼日利亚,中国,RCCG NATIONAL HEADQUARTER,MR GLOBAL HK LIMITED,,,,,,China,,,APAPA PORT,9022140000,"Apparatus based on the use of X-rays or of alpha, betaused for medical, surgical .",,0.0,,73.0,0.0,,,
2024-02-27,尼日利亚,中国,RCCG NATIONAL HEADQUARTER,MR GLOBAL HK LIMITED,,,,,,China,,,APAPA PORT,9022140000,"Apparatus based on the use of X-rays or of alpha, betaused for medical, surgical .",,0.0,,73.0,0.0,,,
2024-02-27,巴基斯坦,中国,BIOS,SHENZHEN BROWINER TECH CO LTD,"2nd Floor, Building No. 2C, 12 Commercial, Phase II Ext., D.H.A. Karachi, Karachi South Saddar Town", ROOM NO. 501 BUILDING C GANGHONGJI HIGH TECH INTELLIGENT INDUSTRIAL PARK NO 1008 SONGBAI ROAD YANGGUANG COMMUNITY XILI STREET NANSHAN DISTRICT 518055 SHENZHEN,,,,China (CN),,,KAPW,90221400,MOBILE C-ARM X RAY SYSTEM COMPAX  500C WIT STD ACCESSORIES,,1.0,u,0.553,14000.0,LGZKHI24118325PH,,
2024-02-27,尼日利亚,中国,RCCG NATIONAL HEADQUARTER,MR GLOBAL HK LIMITED,,,,,,China,,,APAPA PORT,9022140000,"Apparatus based on the use of X-rays or of alpha, betaused for medical, surgical .",,0.0,,73.0,0.0,,,
2024-02-27,印度,中国,WIPRO GE MEDICAL DEVICE MANUFACTURING PRIVATE LIMI,GE HUALUN MEDICAL SYSTEMS CO LTD,"No.4, Kadugodi Industrial Area, Sad  Whitefield, Bangalore",,,,,CHINA ,,Tianjin,BANGALORE,90221490,5521321-4 - SYSTEM GANTRY HLA FOR OPTIMA IGS 320 - INDIA SEMI FINISHED (PARTS FOR MANUFACTURING OF IGS 320/OPTIMA IGS 32,,1.0,PCS ,0.0,83593.65,6CDB3F9WSXVCO,,
2024-02-27,尼日利亚,中国,RCCG NATIONAL HEADQUARTER,MR GLOBAL HK LIMITED,,,,,,China,,,APAPA PORT,9022140000,"Apparatus based on the use of X-rays or of alpha, betaused for medical, surgical .",,0.0,,73.0,0.0,,,
2024-02-27,印度,中国,M V X RAY EQUIPMENTS CO,DANDONG AOLONG RADIATIVE INSTRUMENT,"PLOT NO.6,MUNICIPAL INDUS.ESTATE,  SAI NAGAR,KANDIVLI WEST,",,,,,CHINA ,,Shenyang,SAHAR AIR CARGO ACC (INBOM4),90221490,XXQ-2505 model flaw detector ( FOR INDUSTRIAL NON DESTRUCTIVE TEST PURPOSE ),,3.0,PCS ,0.0,7650.0,S9SFQD0GST15O,,
2024-02-27,尼日利亚,中国,RCCG NATIONAL HEADQUARTER,MR GLOBAL HK LIMITED,,,,,,China,,,APAPA PORT,9022140000,"Apparatus based on the use of X-rays or of alpha, betaused for medical, surgical .",,0.0,,73.0,0.0,,,
2024-02-27,尼日利亚,中国,RCCG NATIONAL HEADQUARTER,MR GLOBAL HK LIMITED,,,,,,China,,,APAPA PORT,9022140000,"Apparatus based on the use of X-rays or of alpha, betaused for medical, surgical .",,0.0,,73.0,0.0,,,
2024-02-27,尼日利亚,中国,RCCG NATIONAL HEADQUARTER,MR GLOBAL HK LIMITED,,,,,,China,,,APAPA PORT,9022140000,"Apparatus based on the use of X-rays or of alpha, betaused for medical, surgical .",,0.0,,73.0,0.0,,,
2024-02-27,尼日利亚,中国,RCCG NATIONAL HEADQUARTER,MR GLOBAL HK LIMITED,,,,,,China,,,APAPA PORT,9022140000,"Apparatus based on the use of X-rays or of alpha, betaused for medical, surgical .",,0.0,,73.0,0.0,,,
2024-02-27,尼日利亚,中国,RCCG NATIONAL HEADQUARTER,MR GLOBAL HK LIMITED,,,,,,China,,,APAPA PORT,9022140000,"Apparatus based on the use of X-rays or of alpha, betaused for medical, surgical .",,0.0,,73.0,0.0,,,
2024-02-27,尼日利亚,中国,RCCG NATIONAL HEADQUARTER,MR GLOBAL HK LIMITED,,,,,,China,,,APAPA PORT,9022140000,"Apparatus based on the use of X-rays or of alpha, betaused for medical, surgical .",,0.0,,73.0,0.0,,,
2024-02-27,尼日利亚,中国,RCCG NATIONAL HEADQUARTER,MR GLOBAL HK LIMITED,,,,,,China,,,APAPA PORT,9022140000,"Apparatus based on the use of X-rays or of alpha, betaused for medical, surgical .",,0.0,,73.0,0.0,,,
2024-02-27,尼日利亚,中国,RCCG NATIONAL HEADQUARTER,MR GLOBAL HK LIMITED,,,,,,China,,,APAPA PORT,9022140000,"Apparatus based on the use of X-rays or of alpha, betaused for medical, surgical .",,0.0,,73.0,0.0,,,
2024-02-27,尼日利亚,中国,RCCG NATIONAL HEADQUARTER,MR GLOBAL HK LIMITED,,,,,,China,,,APAPA PORT,9022140000,"Apparatus based on the use of X-rays or of alpha, betaused for medical, surgical .",,0.0,,73.0,0.0,,,
2024-02-27,尼日利亚,中国,RCCG NATIONAL HEADQUARTER,MR GLOBAL HK LIMITED,,,,,,China,,,APAPA PORT,9022140000,"Apparatus based on the use of X-rays or of alpha, betaused for medical, surgical .",,0.0,,73.0,0.0,,,
2024-02-27,尼日利亚,中国,RCCG NATIONAL HEADQUARTER,MR GLOBAL HK LIMITED,,,,,,China,,,APAPA PORT,9022140000,"Apparatus based on the use of X-rays or of alpha, betaused for medical, surgical .",,0.0,,73.0,0.0,,,
2024-02-27,尼日利亚,中国,RCCG NATIONAL HEADQUARTER,MR GLOBAL HK LIMITED,,,,,,China,,,APAPA PORT,9022140000,"Apparatus based on the use of X-rays or of alpha, betaused for medical, surgical .",,0.0,,73.0,0.0,,,
2024-02-27,尼日利亚,中国,RCCG NATIONAL HEADQUARTER,MR GLOBAL HK LIMITED,,,,,,China,,,APAPA PORT,9022140000,"Apparatus based on the use of X-rays or of alpha, betaused for medical, surgical .",,0.0,,73.0,0.0,,,
2024-02-27,尼日利亚,中国,RCCG NATIONAL HEADQUARTER,MR GLOBAL HK LIMITED,,,,,,China,,,APAPA PORT,9022140000,"Apparatus based on the use of X-rays or of alpha, betaused for medical, surgical .",,0.0,,73.0,0.0,,,
2024-02-27,尼日利亚,中国,RCCG NATIONAL HEADQUARTER,MR GLOBAL HK LIMITED,,,,,,China,,,APAPA PORT,9022140000,"Apparatus based on the use of X-rays or of alpha, betaused for medical, surgical .",,0.0,,73.0,0.0,,,
2024-02-27,尼日利亚,中国,RCCG NATIONAL HEADQUARTER,MR GLOBAL HK LIMITED,,,,,,China,,,APAPA PORT,9022140000,"Apparatus based on the use of X-rays or of alpha, betaused for medical, surgical .",,0.0,,73.0,0.0,,,
2024-02-27,尼日利亚,中国,RCCG NATIONAL HEADQUARTER,MR GLOBAL HK LIMITED,,,,,,China,,,APAPA PORT,9022140000,"Apparatus based on the use of X-rays or of alpha, betaused for medical, surgical .",,0.0,,73.0,0.0,,,
2024-02-27,尼日利亚,中国,RCCG NATIONAL HEADQUARTER,MR GLOBAL HK LIMITED,,,,,,China,,,APAPA PORT,9022140000,"Apparatus based on the use of X-rays or of alpha, betaused for medical, surgical .",,0.0,,73.0,0.0,,,
2024-02-27,尼日利亚,中国,RCCG NATIONAL HEADQUARTER,MR GLOBAL HK LIMITED,,,,,,China,,,APAPA PORT,9022140000,"Apparatus based on the use of X-rays or of alpha, betaused for medical, surgical .",,0.0,,73.0,0.0,,,
2024-02-27,尼日利亚,中国,RCCG NATIONAL HEADQUARTER,MR GLOBAL HK LIMITED,,,,,,China,,,APAPA PORT,9022140000,"Apparatus based on the use of X-rays or of alpha, betaused for medical, surgical .",,0.0,,73.0,0.0,,,
2024-02-27,尼日利亚,中国,RCCG NATIONAL HEADQUARTER,MR GLOBAL HK LIMITED,,,,,,China,,,APAPA PORT,9022140000,"Apparatus based on the use of X-rays or of alpha, betaused for medical, surgical .",,0.0,,73.0,0.0,,,
2024-02-27,尼日利亚,中国,RCCG NATIONAL HEADQUARTER,MR GLOBAL HK LIMITED,,,,,,China,,,APAPA PORT,9022140000,"Apparatus based on the use of X-rays or of alpha, betaused for medical, surgical .",,0.0,,73.0,0.0,,,
2024-02-27,尼日利亚,中国,RCCG NATIONAL HEADQUARTER,MR GLOBAL HK LIMITED,,,,,,China,,,APAPA PORT,9022140000,"Apparatus based on the use of X-rays or of alpha, betaused for medical, surgical .",,0.0,,73.0,0.0,,,
2024-02-27,印度,中国,SIEMENS HEALTHCARE PRIVATE LIMITED,SIEMENS HEALTHINEERS AG,"UNIT NO.9, 9TH FLOOR, NORTH WING  GODREJ ONE, PIROJSHAH NAGAR,",,,,,CHINA ,,Shanghai,NHAVA SHEVA SEA (INNSA1),90221490,IMAGE INTENSIFIER CIOS SELECT SYSTEM COMPLETE WITH ACCESORIES ( AS PER INV) CIOS SELECT VA21 FD,,1.0,SET ,0.0,47527.19,16EKVHSJAO3X3,,
2024-02-27,尼日利亚,中国,RCCG NATIONAL HEADQUARTER,MR GLOBAL HK LIMITED,,,,,,China,,,APAPA PORT,9022140000,"Apparatus based on the use of X-rays or of alpha, betaused for medical, surgical .",,0.0,,73.0,0.0,,,
2024-02-27,尼日利亚,中国,RCCG NATIONAL HEADQUARTER,MR GLOBAL HK LIMITED,,,,,,China,,,APAPA PORT,9022140000,"Apparatus based on the use of X-rays or of alpha, betaused for medical, surgical .",,0.0,,73.0,0.0,,,
2024-02-27,尼日利亚,中国,RCCG NATIONAL HEADQUARTER,MR GLOBAL HK LIMITED,,,,,,China,,,APAPA PORT,9022140000,"Apparatus based on the use of X-rays or of alpha, betaused for medical, surgical .",,0.0,,73.0,0.0,,,
2024-02-27,尼日利亚,中国,RCCG NATIONAL HEADQUARTER,MR GLOBAL HK LIMITED,,,,,,China,,,APAPA PORT,9022140000,"Apparatus based on the use of X-rays or of alpha, betaused for medical, surgical .",,0.0,,73.0,0.0,,,
2024-02-27,尼日利亚,中国,RCCG NATIONAL HEADQUARTER,MR GLOBAL HK LIMITED,,,,,,China,,,APAPA PORT,9022140000,"Apparatus based on the use of X-rays or of alpha, betaused for medical, surgical .",,0.0,,73.0,0.0,,,
2024-02-27,尼日利亚,中国,RCCG NATIONAL HEADQUARTER,MR GLOBAL HK LIMITED,,,,,,China,,,APAPA PORT,9022140000,"Apparatus based on the use of X-rays or of alpha, betaused for medical, surgical .",,0.0,,73.0,0.0,,,
2024-02-27,尼日利亚,中国,RCCG NATIONAL HEADQUARTER,MR GLOBAL HK LIMITED,,,,,,China,,,APAPA PORT,9022140000,"Apparatus based on the use of X-rays or of alpha, betaused for medical, surgical .",,0.0,,73.0,0.0,,,
2024-02-27,尼日利亚,中国,RCCG NATIONAL HEADQUARTER,MR GLOBAL HK LIMITED,,,,,,China,,,APAPA PORT,9022140000,"Apparatus based on the use of X-rays or of alpha, betaused for medical, surgical .",,0.0,,73.0,0.0,,,
2024-02-27,尼日利亚,中国,RCCG NATIONAL HEADQUARTER,MR GLOBAL HK LIMITED,,,,,,China,,,APAPA PORT,9022140000,"Apparatus based on the use of X-rays or of alpha, betaused for medical, surgical .",,0.0,,73.0,0.0,,,
2024-02-27,尼日利亚,中国,RCCG NATIONAL HEADQUARTER,MR GLOBAL HK LIMITED,,,,,,China,,,APAPA PORT,9022140000,"Apparatus based on the use of X-rays or of alpha, betaused for medical, surgical .",,0.0,,73.0,0.0,,,
2024-02-27,尼日利亚,中国,RCCG NATIONAL HEADQUARTER,MR GLOBAL HK LIMITED,,,,,,China,,,APAPA PORT,9022140000,"Apparatus based on the use of X-rays or of alpha, betaused for medical, surgical .",,0.0,,73.0,0.0,,,
2024-02-27,巴基斯坦,中国,BIOS,SHENZHEN BROWINER TECH CO LTD,"2nd Floor, Building No. 2C, 12 Commercial, Phase II Ext., D.H.A. Karachi, Karachi South Saddar Town",,,,,China,,,KAPW,90221400,MOBILE C-ARM X RAY SYSTEM COMPAX  500C WIT STD ACCESSORIES,,1.0,u,0.0,14000.0,,,
2024-02-27,尼日利亚,中国,RCCG NATIONAL HEADQUARTER,MR GLOBAL HK LIMITED,,,,,,China,,,APAPA PORT,9022140000,"Apparatus based on the use of X-rays or of alpha, betaused for medical, surgical .",,0.0,,73.0,0.0,,,
2024-02-27,尼日利亚,中国,RCCG NATIONAL HEADQUARTER,MR GLOBAL HK LIMITED,,,,,,China,,,APAPA PORT,9022140000,"Apparatus based on the use of X-rays or of alpha, betaused for medical, surgical .",,0.0,,73.0,0.0,,,
2024-02-27,尼日利亚,中国,RCCG NATIONAL HEADQUARTER,MR GLOBAL HK LIMITED,,,,,,China,,,APAPA PORT,9022140000,"Apparatus based on the use of X-rays or of alpha, betaused for medical, surgical .",,0.0,,73.0,0.0,,,
2024-02-27,尼日利亚,中国,RCCG NATIONAL HEADQUARTER,MR GLOBAL HK LIMITED,,,,,,China,,,APAPA PORT,9022140000,"Apparatus based on the use of X-rays or of alpha, betaused for medical, surgical .",,0.0,,73.0,0.0,,,
2024-02-27,尼日利亚,中国,RCCG NATIONAL HEADQUARTER,MR GLOBAL HK LIMITED,,,,,,China,,,APAPA PORT,9022140000,"Apparatus based on the use of X-rays or of alpha, betaused for medical, surgical .",,0.0,,73.0,0.0,,,
2024-02-27,尼日利亚,中国,RCCG NATIONAL HEADQUARTER,MR GLOBAL HK LIMITED,,,,,,China,,,APAPA PORT,9022140000,"Apparatus based on the use of X-rays or of alpha, betaused for medical, surgical .",,0.0,,73.0,0.0,,,
2024-02-27,尼日利亚,中国,RCCG NATIONAL HEADQUARTER,MR GLOBAL HK LIMITED,,,,,,China,,,APAPA PORT,9022140000,"Apparatus based on the use of X-rays or of alpha, betaused for medical, surgical .",,0.0,,73.0,0.0,,,
2024-02-27,尼日利亚,中国,RCCG NATIONAL HEADQUARTER,MR GLOBAL HK LIMITED,,,,,,China,,,APAPA PORT,9022140000,"Apparatus based on the use of X-rays or of alpha, betaused for medical, surgical .",,0.0,,73.0,0.0,,,
2024-02-27,尼日利亚,中国,RCCG NATIONAL HEADQUARTER,MR GLOBAL HK LIMITED,,,,,,China,,,APAPA PORT,9022140000,"Apparatus based on the use of X-rays or of alpha, betaused for medical, surgical .",,0.0,,73.0,0.0,,,
2024-02-27,尼日利亚,中国,RCCG NATIONAL HEADQUARTER,MR GLOBAL HK LIMITED,,,,,,China,,,APAPA PORT,9022140000,"Apparatus based on the use of X-rays or of alpha, betaused for medical, surgical .",,0.0,,73.0,0.0,,,
2024-02-27,尼日利亚,中国,RCCG NATIONAL HEADQUARTER,MR GLOBAL HK LIMITED,,,,,,China,,,APAPA PORT,9022140000,"Apparatus based on the use of X-rays or of alpha, betaused for medical, surgical .",,0.0,,73.0,0.0,,,
2024-02-27,尼日利亚,中国,RCCG NATIONAL HEADQUARTER,MR GLOBAL HK LIMITED,,,,,,China,,,APAPA PORT,9022140000,"Apparatus based on the use of X-rays or of alpha, betaused for medical, surgical .",,0.0,,73.0,0.0,,,
2024-02-27,尼日利亚,中国,RCCG NATIONAL HEADQUARTER,MR GLOBAL HK LIMITED,,,,,,China,,,APAPA PORT,9022140000,"Apparatus based on the use of X-rays or of alpha, betaused for medical, surgical .",,0.0,,73.0,0.0,,,
2024-02-27,尼日利亚,中国,RCCG NATIONAL HEADQUARTER,MR GLOBAL HK LIMITED,,,,,,China,,,APAPA PORT,9022140000,"Apparatus based on the use of X-rays or of alpha, betaused for medical, surgical .",,0.0,,73.0,0.0,,,
2024-02-27,尼日利亚,中国,RCCG NATIONAL HEADQUARTER,MR GLOBAL HK LIMITED,,,,,,China,,,APAPA PORT,9022140000,"Apparatus based on the use of X-rays or of alpha, betaused for medical, surgical .",,0.0,,73.0,0.0,,,
2024-02-27,尼日利亚,中国,RCCG NATIONAL HEADQUARTER,MR GLOBAL HK LIMITED,,,,,,China,,,APAPA PORT,9022140000,"Apparatus based on the use of X-rays or of alpha, betaused for medical, surgical .",,0.0,,73.0,0.0,,,
2024-02-27,尼日利亚,中国,RCCG NATIONAL HEADQUARTER,MR GLOBAL HK LIMITED,,,,,,China,,,APAPA PORT,9022140000,"Apparatus based on the use of X-rays or of alpha, betaused for medical, surgical .",,0.0,,73.0,0.0,,,
2024-02-27,尼日利亚,中国,RCCG NATIONAL HEADQUARTER,MR GLOBAL HK LIMITED,,,,,,China,,,APAPA PORT,9022140000,"Apparatus based on the use of X-rays or of alpha, betaused for medical, surgical .",,0.0,,73.0,0.0,,,
2024-02-27,尼日利亚,中国,RCCG NATIONAL HEADQUARTER,MR GLOBAL HK LIMITED,,,,,,China,,,APAPA PORT,9022140000,"Apparatus based on the use of X-rays or of alpha, betaused for medical, surgical .",,0.0,,73.0,0.0,,,
2024-02-27,尼日利亚,中国,RCCG NATIONAL HEADQUARTER,MR GLOBAL HK LIMITED,,,,,,China,,,APAPA PORT,9022140000,"Apparatus based on the use of X-rays or of alpha, betaused for medical, surgical .",,0.0,,73.0,0.0,,,
2024-02-27,尼日利亚,中国,RCCG NATIONAL HEADQUARTER,MR GLOBAL HK LIMITED,,,,,,China,,,APAPA PORT,9022140000,"Apparatus based on the use of X-rays or of alpha, betaused for medical, surgical .",,0.0,,73.0,0.0,,,
2024-02-27,尼日利亚,中国,RCCG NATIONAL HEADQUARTER,MR GLOBAL HK LIMITED,,,,,,China,,,APAPA PORT,9022140000,"Apparatus based on the use of X-rays or of alpha, betaused for medical, surgical .",,0.0,,73.0,0.0,,,
2024-02-27,尼日利亚,中国,RCCG NATIONAL HEADQUARTER,MR GLOBAL HK LIMITED,,,,,,China,,,APAPA PORT,9022140000,"Apparatus based on the use of X-rays or of alpha, betaused for medical, surgical .",,0.0,,73.0,0.0,,,
2024-02-27,尼日利亚,中国,RCCG NATIONAL HEADQUARTER,MR GLOBAL HK LIMITED,,,,,,China,,,APAPA PORT,9022140000,"Apparatus based on the use of X-rays or of alpha, betaused for medical, surgical .",,0.0,,73.0,0.0,,,
2024-02-27,尼日利亚,中国,RCCG NATIONAL HEADQUARTER,MR GLOBAL HK LIMITED,,,,,,China,,,APAPA PORT,9022140000,"Apparatus based on the use of X-rays or of alpha, betaused for medical, surgical .",,0.0,,68.0,0.0,,,
2024-02-27,尼日利亚,中国,RCCG NATIONAL HEADQUARTER,MR GLOBAL HK LIMITED,,,,,,China,,,APAPA PORT,9022140000,"Apparatus based on the use of X-rays or of alpha, betaused for medical, surgical .",,0.0,,73.0,0.0,,,
2024-02-27,尼日利亚,中国,RCCG NATIONAL HEADQUARTER,MR GLOBAL HK LIMITED,,,,,,China,,,APAPA PORT,9022140000,"Apparatus based on the use of X-rays or of alpha, betaused for medical, surgical .",,0.0,,73.0,0.0,,,
2024-02-27,尼日利亚,中国,RCCG NATIONAL HEADQUARTER,MR GLOBAL HK LIMITED,,,,,,China,,,APAPA PORT,9022140000,"Apparatus based on the use of X-rays or of alpha, betaused for medical, surgical .",,0.0,,73.0,0.0,,,
2024-02-27,尼日利亚,中国,RCCG NATIONAL HEADQUARTER,MR GLOBAL HK LIMITED,,,,,,China,,,APAPA PORT,9022140000,"Apparatus based on the use of X-rays or of alpha, betaused for medical, surgical .",,0.0,,73.0,0.0,,,
2024-02-27,尼日利亚,中国,RCCG NATIONAL HEADQUARTER,MR GLOBAL HK LIMITED,,,,,,China,,,APAPA PORT,9022140000,"Apparatus based on the use of X-rays or of alpha, betaused for medical, surgical .",,0.0,,73.0,0.0,,,
2024-02-27,尼日利亚,中国,RCCG NATIONAL HEADQUARTER,MR GLOBAL HK LIMITED,,,,,,China,,,APAPA PORT,9022140000,"Apparatus based on the use of X-rays or of alpha, betaused for medical, surgical .",,0.0,,73.0,0.0,,,
2024-02-27,尼日利亚,中国,RCCG NATIONAL HEADQUARTER,MR GLOBAL HK LIMITED,,,,,,China,,,APAPA PORT,9022140000,"Apparatus based on the use of X-rays or of alpha, betaused for medical, surgical .",,0.0,,73.0,0.0,,,
2024-02-27,尼日利亚,中国,RCCG NATIONAL HEADQUARTER,MR GLOBAL HK LIMITED,,,,,,China,,,APAPA PORT,9022140000,"Apparatus based on the use of X-rays or of alpha, betaused for medical, surgical .",,0.0,,73.0,0.0,,,
2024-02-27,尼日利亚,中国,RCCG NATIONAL HEADQUARTER,MR GLOBAL HK LIMITED,,,,,,China,,,APAPA PORT,9022140000,"Apparatus based on the use of X-rays or of alpha, betaused for medical, surgical .",,0.0,,73.0,0.0,,,
2024-02-26,印度,中国,WIPRO GE MEDICAL DEVICE MANUFACTURING PRIVATE LIMI,GE HUALUN MEDICAL SYSTEMS CO LTD,"No.4, Kadugodi Industrial Area, Sad  Whitefield, Bangalore",,,,,CHINA ,,Tianjin,BANGALORE,90221490,5521321-4 - SYSTEM GANTRY HLA FOR OPTIMA IGS 320 - INDIA SEMI FINISHED (PARTS FOR MANUFACTURING OF IGS 320/OPTIMA IGS 32,,1.0,PCS ,0.0,83593.65,HV6DABQ1UW064,,
2024-02-26,厄瓜多尔,中国,GOMEZ NARANJO JHONATHAN ALEXANDER,NANJING PERLOVE MEDICAL EQUIPMENT CO LTD,,,,,,CHINA,,CNSHA-,,9022140000,High Frequency Mobile,,1.0,NUMERO DE UNIDADES,607.0,22018.0,CEC2024COSU0003,,SM
2024-02-26,印度,中国,CANCER TREATMENT SERVICES HYDERABAD PRIVATE LIMITE,SIEMENS HEALTHINEERS INTERNATIONAL AG,"1-100/1/CCH, NALLAGANDLA VILLAGE,  SERILINGAMPALLY MANDAL, Contact No:",,,,,CHINA ,,Xingang,TUGHLAKABAD,90221490,LINEAR ACCELERATOR HALCYON INCL. COMPONENT PARTS AND STANDARD ACCESSORIES FOR MEDICAL APPLICATION/CUSTOM BUILT AS PER S/,,1.0,NOS ,0.0,1450000.0,AYY8C5XSNW16N,,
2024-02-26,巴拿马,中国,CAIPRO INTERNACIONAL S A,NANJING PERLOVE MEDICAL EQUIPMENT CO LTD,,,,,,CHINA,,,COCOSOLITO,902214000000,EQUIPO MEDICO PARA DIAGNOSITO X-RAY SYSTEM,,7.0,Package (Bulto),1077.0,29400.0,,,
2024-02-26,乌拉圭,中国,APESUR SOCIEDAD ANONIMA,,,,,,,CHINA,,,,9022141990,"LOS DEMAS. DE DIAGNOSTICO. LOS DEMAS, PARA USO MEDICO, QUIRURGICO O VETERINARIO. APARATOS DE RAYOS X Y APARATOS QUE UTILICEN RADIACIONES ALFA, BETA GAMMA O DEMAS RADIACIONES IONIZANTES, INCLUSO PARA USO MEDICO, QUIRURGICO, ODONTOLOGICO O VETERINA",,1.0,UNIDAD (C/U),358.9,17951.87,,,
2024-02-23,墨西哥,中国,GE SISTEMAS MEDICOS DE MEXICO SA DE CV,GE HUALUN MEDICAL SYSTEMS CO LTD,"ANTONIO DOVALI JAIME 70 TORRE B PISO 4 AVENIDA JAVIER BARROS SIERRA Y AVENIDA SANTA FE

Ciudad de Mexico
01210","YONG CHANG NORTH ROAD
BEIJINGCHINA

100176",,,,CHINA,,,NUEVO LAREDO NUEVO LAREDO TAMAULIPAS.,9022149101,OPTIMA IGS 330 SISTEMA DE RAYOS X ANGIOGRAFICO CON SUS ACCESORIOS,,1.0,PIECE,4572.58,246743.02,,,
2024-02-23,墨西哥,中国,GE SISTEMAS MEDICOS DE MEXICO SA DE CV,GE HUALUN MEDICAL SYSTEMS CO LTD,"ANTONIO DOVALI JAIME 70 TORRE B PISO 4 AVENIDA JAVIER BARROS SIERRA Y AVENIDA SANTA FE

Ciudad de Mexico
01210","YONG CHANG NORTH ROAD
BEIJINGCHINA

100176",,,,CHINA,,,NUEVO LAREDO NUEVO LAREDO TAMAULIPAS.,9022149101,SISTEMA RADIOGRAFICO XR6000,,1.0,PIECE,881.0,20031.71,,,
2024-02-23,印度,中国,PHILIPS INDIA LIMITED,PHILIPS ELECTRONICS SINGAPORE PTE LTD,"3RD FLOOR TOWER A DLF PARK 08,MAJO  R ARTERIAL RD NEW TOWN RAJARHAT",,,,,CHINA ,,Singapore,SAHAR AIR CARGO ACC (INBOM4),90221490,459801258192 FLOAT MAGNET BRAKE ASSEMBLY PACK (PARTS FOR IXRMACHINE),,2.0,NOS ,0.0,349.84,IZVYAWX2IJGA1,,
2024-02-22,俄罗斯,中国,ROENTGEN COMPLETE LTD,SHENZHEN BROWINER TECH CO LTD,"MUNICIPAL DISTRICT NIZHEGORODSKY, PODYEMNAYA STR.14, B.36","ROOM 501, BUILDING C GANGHONGJI HIGH-TECH INTELLIGENT INDUSTRIAL PARK NO.1008, SONGBAI ROAD YANGGUANG COMMUNITY, XILI STREET, NANSHAN DISTRICT",,,,,Russia (RU),,,902214,"The x-ray generator - 1 piece, the X-ray collimator - 1 piece, the handle - 1 piece, the 8-inch touch screen - 1 piece, p rovodny influence - 1 piece",,5.0,PCE; NMB,42.0,4459.0698,,,
2024-02-21,乌兹别克斯坦,中国,ООО SABA DARMON,SHENZHEN ANGELL TECHNOLOGY CO LTD,,,,,,0,,,,9022140000,"1. Digital Medical X-ray Radiographic System Angell-DR-B1-L with accessories/Система рентгенографическая медицинская цифровая Angell-DR-B1-L с принадлежностями в разобранном виде, новый, 2023 год выпуска, сер.№Angell-DR-B1-L23110125, производитель Shenzhen Angell Technology Co LTD (Китай) - кол. 1 шт, вес: 725 кг 2. мест 3, 3 ящик 8. 000 9. 024 10. 2023/напряжение 220, частота 50/60Hz 11. 02 Общее кол. мест: 3",,1.0,Piece,725.0,33000.0,,,
2024-02-20,尼日利亚,中国,GE MEDICAL TECHNOLOGIES NIGERIA LTD,GE HEALTHCARE TRADE & DEVELOPMENT LLC,,,,,,China,,,MUHAMMED MURTALA CARGO,9022140000,"Apparatus based on the use of X-rays or of alpha, betaused for medical, surgical .",,0.0,,505.0,0.0,,,
2024-02-20,哈萨克斯坦,中国,LTD LIABILITY PARTNERSHIP TENGRI LLC,TENGRI HEALTHCARE DMCC,"Kazakhstan, Almaty region, Almaty, st. Microdistrict KALKAMAN, 4|6",XUAR,,,,,Kazakhstan (KZ),,,902214,DIGITAL MEDICAL RADIOGRAPHY SYSTEM uDR 266i,,1140.0,KG,1140.0,50000.0,,,
2024-02-20,波兰,中国,DB CARGO EURASIA GMBH P P GE HEALTHCARE GMBH,GE HANGWEI MEDICAL SYSTEMS CO LTD,UL. VIJSKA 2|11,NO.1 NORTH YONG CHANG STREET BEIJING ECONOMIC & TECHNOLOGICAL DEVELOPMENT AREA,,,,,Poland (PL),,,902214,MOBILE X-RAY MACHINE,,316.0,KG,316.0,29338.1728,,,
2024-02-20,哈萨克斯坦,中国,LTD LIABILITY PARTNERSHIP QAZNA LTD,TENGRI HEALTHCARE DMCC,"Kazakhstan, Almaty region, Almaty, st. Microdistrict KALKAMAN, 4|6",XUAR,,,,,Kazakhstan (KZ),,,902214,digital radiographic system model:SONTU100-RAD(d)-I,,1003.0,KG,1003.0,33000.0,,,
2024-02-20,秘鲁,中国,TECNO IMAGEN PERU S A C,NO DISPONIBLE,,,,,,CHINA,,Shekou,,9022140000,"EQUIPO BIOMEDICO,S/M,BEATLE-05P, PORTABLE DIGITAL RADIOGRAPHY SYSTEM/UNIDADES RADIOGRAFICAS/FLUOROSCOPICAS MOVILES DISPOSITIVO MEDICO DE LA CLASE III(DE ALTO RIESGO),REGISTRO DBC0712E/DATE OF MANUFACTURE;2 DE RAYOS X PORTATIL / INCLUIDO ACCESORIOS / PRESEN,,,,",,2.0,U,143.0,27322.223,,,
2024-02-19,波兰,中国,DB CARGO EURASIA GMBH P P GE HEALTHCARE GMBH,GE MEDICAL SYSTEM CHINA CO LTD,ST. OF VIYEYSK 2 | 11,"NO. 19, CHANG JIANG ROAD, WUXI NATIONAL HI-TECH DEVELOPMENT ZONE WUXI",,,,,Poland (PL),,,902214,SYSTEM OF THE X-RAY CAMERA | EQUIPMENT FOR USE OF THE X-RAY DEVICE,,2526.0,KG,2526.0,73196.08,,,
2024-02-19,俄罗斯,中国,ООО ИСТ МЕДИКАЛ ГРУПП,BIKANG TIANCHENG SHANGHAI INFORMATION TECHNOLOGY CO LTD,"124482, , МОСКВА,Г.ЗЕЛЕНОГРАД, САВЕЛКИНСКИЙ ПРОЕЗД, Д.4,ЭТ.22,",", FENGXIAN DISTRICT, SНANGНAI, ROOM 248A, BLD 3, NO 900, LANFENG ROAD, .,..",,,LIAONING KAMPO MEDICAL SYSTEM CO LTD,China,,,,9022140000,"АППАРАТУРА, ОСНОВАННАЯ НА ИСПОЛЬЗОВАНИИ РЕНТГЕНОВСКОГО ИЗЛУЧЕНИЯ, ДЛЯ ВЕТЕРИНАРНОГО ИСПОЛЬЗОВАНИЯ, НЕ СОДЕРЖИТ ИСТОЧНИКОВ РАДИОАКТИВНОГО ИЗЛУЧЕНИЯ:",,5.0,ШТ,895.5,81106.63,,,ОТСУСТВУЕТ
2024-02-19,波兰,中国,DB CARGO EURASIA GMBH P P GE MEDICAL SYSTEMS SCS,BEIJING GE HUALUN MEDICAL EQUIPMENT CO LTD,ST. OF VIYEYSK 2 | 11,No. 1 NORTH YONG CHANG STREET BEIJING ECONOMIC & TECHNOLOGICAL DEVELOPMENT AREA,,,,,Poland (PL),,,902214,MOBILE X-RAY DEVICE,,301.0,KG,301.0,28276.2409,,,
2024-02-17,越南,中国,CÔNG TY TNHH DỊCH VỤ VÀ THIẾT BỊ Y TẾ SGMED,HEFEI DREAM PLUS CO LTD,261/27B Chu Van An - Ward 12 - Binh Thanh District - Ho Chi Minh City.,"BUILDING 2,AT THE INTERSECTION OF, YONGHE ROAD AND NINGXI ROAD, BAIYAN, SCIENCE AND TECHNOLOGY PARK, HIGH-TECH ZONE,HEFEI,ANHUI PROVINCE, CN",,,,China,,,,90221400,"Máy X quang dùng cho thú y kèm phụ kiện tiêu chuẩn. Model: SGVET02-DR-S1717KC. HSX: HEFEI DREAM PLUS CO.,LTD. Mới 100%,X-ray machine for veterinary use with standard accessories. Model: SGVET02-DR-S1717KC. HSX: HEFEI DREAM PLUS CO.,LTD. 100% New",,1.0,Set,0.0,11549.0,,,
2024-02-17,越南,中国,CÔNG TY TNHH THƯƠNG MẠI DỊCH VỤ Y TẾ HẢI NAM,SHANGHAI PZ MEDICAL TECHNOLOGY CO LTD,"25/19/8 Pham Dang Giang Street, Binh Hung Hoa Ward, Binh Tan District, Ho Chi Minh City, Vietnam","5F, BUILDING 13 NO.2 SUIDE ROAD, 200331 SHANGHAI, PEOPLES REPUBLIC OF CHINA, CHINA, CN",,,,China,,,,90221400,"Bộ chuyển đổi X-quang số hóa, model 4343ZF, dùng trong quá trình chụp X-quang chẩn đoán hình ảnh trong y tế, nhà sản xuất: Shanghai PZ Medical Technology Co., Ltd. Hàng mới 100%,Digital X-ray converter, model 4343ZF, used in medical diagnostic X-ray imaging, manufacturer: Shanghai PZ Medical Technology Co., Ltd. New 100%",,1.0,Pieces,0.0,10100.0,,,
2024-02-17,越南,中国,CÔNG TY TNHH DỊCH VỤ VÀ THIẾT BỊ Y TẾ SGMED,HEFEI DREAM PLUS CO LTD,261/27B Chu Van An - Ward 12 - Binh Thanh District - Ho Chi Minh City.,"BUILDING 2,AT THE INTERSECTION OF, YONGHE ROAD AND NINGXI ROAD, BAIYAN, SCIENCE AND TECHNOLOGY PARK, HIGH-TECH ZONE,HEFEI,ANHUI PROVINCE, CN",,,,China,,,,90221400,"Máy X quang dùng cho thú y kèm phụ kiện tiêu chuẩn. Model: SGVET01-DR-S1717KC. HSX: HEFEI DREAM PLUS CO.,LTD. Mới 100%,X-ray machine for veterinary use with standard accessories. Model: SGVET01-DR-S1717KC. HSX: HEFEI DREAM PLUS CO.,LTD. 100% New",,1.0,Set,0.0,11549.0,,,
2024-02-17,印度,中国,MGM INSTITUTE OF HEALTH SCIENCES,SIEMENS HEALTHINEERS INTERNATIONAL AG,"MGM CAMPUS, PLOT NO. 01 & 02,,SECT  OR-01, KAMOTHE,",,,,,CHINA ,,Xingang,NHAVA SHEVA SEA (INNSA1),90221490,PARTIAL SHIPMENT CONSISTING OF LINEAR ACCELERATOR HALCYON FOR MEDICAL APPLICATION S/N 2072,,1.0,NOS ,0.0,770962.0,0ABKTTYS8C1LE,,
2024-02-16,波兰,中国,CARGO DB EURASIA GMBH P P GE HEALTHCARE GMBH,BEIJING GE HUALUN MEDICAL EQUIPMENT CO LTD,UL.VIEYSKA 2 | 11,No. 1 NORTH YONG CHANG STREET BEIJING ECONOMIC & TECHNOLOGICAL DEVELOPMENT AREA,,,,,Poland (PL),,,902214,MOBILE X-RAY DEVICE S-DUGI,,1213.0,KG,1213.0,111833.3413,,,
2024-02-16,乌拉圭,中国,UDELAR HOSPITAL DE CLINICAS DR MANUEL QUINTELA,,,,,,,CHINA,,,,9022141910,"EQUIPO RADIOLOGICO <<ARCO EN C>> (PARA USO HUMANO). LOS DEMAS. DE DIAGNOSTICO. LOS DEMAS, PARA USO MEDICO, QUIRURGICO O VETERINARIO. APARATOS DE RAYOS X Y APARATOS QUE UTILICEN RADIACIONES ALFA, BETA GAMMA O DEMAS RADIACIONES IONIZANTES, INCLUSO PA",,1.0,UNIDAD (C/U),423.5,78000.0,,,
2024-02-16,智利,中国,,,,,,,,CHINA,,Shanghai,Valparaiso,90221419,LOS DEMAS,,1.0,UNIDADES,720.0,10550.0,(M)HDMUSHAZ40408900(H)OTW23120,,
2024-02-16,哥伦比亚,中国,BIOCLINICOS DE COLOMBIA LTDA,SINO MEDICAL DEVICE TECHNOLOGY CO LTD,CR 64 # 96 65,"6TH FLOOR,BUILDING 15,NO.1008.SONGB",,,,CHINA,,,,9022140000,"DO: BOG24000169.- PEDIDO: I255-24.- DECLARACION: 1/1.- ITEM 1: PRODUCTO: DETECTOR DE PANEL PLANO DE RAYOS X PARA MAMOGRAFÃA DIGITAL, USO O DESTINO: PARTE DESTIANADA AL MAMOGRAFO REFERENCIA Y MODELO NAVIGATOR DR CARE, MARCA:SINO MEDICAL, REFERENCIA: MAMMO1012F, SERIAL: AI3211L22C001, CANTIDAD: 1 UNIDAD.- REGISTRO DE IMPORTACION REG-50026635-20240214N DEL 2024-02-14.- VISTO BUENO DEL INVIMA: VINVIMA-24-0019328 DE 2024-02-14.- MERCANCIA NUEVA ENBODEGA TAESCOL.-",,1.0,NUMERO DE ARTICULOS,4.5,1143.06,,,
2024-02-16,美国,中国,AUTHORITY MEDICAL GROUP LLC,JIAXING HAOYI TEXTILE CO LTD, 5950 NE JACOBSON STREET BUILDING 11 SUITE 190 HILLSBORO OREGON 97124 USA , HONGXI DEVELOPMENT ZONE TIANNING JIASHAN ZHEJIANG CHINA 314109 ,AUTHORITY MEDICAL GROUP LLC, 5950 NE JACOBSON STREET BUILDING 11 SUITE 190 HILLSBORO OREGON 97124 USA ,,"CN, CHINA",,SHANGHAI,"PORTLAND,OR",902214,"FOR MEDICAL USE ONLY,SILDER TUBE MATERIAL",NO MARKS,122.0,PKG,3991.0,0.0,HNLTSH23A13985,CAIU6878741,
2024-02-16,哥伦比亚,中国,MARQUETINGNET S A S,SHENZHEN SONTU MEDICAL IMAGING EQUIPMENT CO LTD,KM 3 5 VIA SIBERIA TERM DE CARGA TERREST MD 4 BDG 43,101 102 202 BUILDING NO.1 SHENZHEN,,,,CHINA,,,,9022140000,"DO 200100212524-001 DECLARACION(1-1) MERCANCIA NUEVA//NO REQUIERE REGISTRO DE IMPORTACION SEGUN DECRETO 0925 DE 2013/. PRODUCTO: DETECTOR DE PANTALLA PLANA INALAMBRICO, MARCA: SONTU MEDICAL IMAGING / SONTU, MODELO: TUTOM50-4343 W-C, REFERENCIA: 180203020005, USO O DESTINO: VETERINARIO, TECNICA DE DIAGNOSTICO: RAYOS X, SERIAL: WC117175302212070055, WC117175302401030145, DESCRIPCION SEGUN INSPECCION: REFERENCIA.180203020005. MARCA. SONTU MEDICAL IMAGING SONTU. MODELO: TUTOM50-4343W-C. VETERINARY WIRELESS DIGITAL DETECTOR, CON SUS ACCESORIOS PARA SU NORMAL FUNCIOANMIENTO E INSTALACION // DESCRIPCION SEGUN FACTURA: VETERINARY WIRELESS DIGITAL DETECTOR. MODEL: TUTOM50-4343W-C // PAIS DE ORIGEN: CHINA CANT (2) U (ITEM 1). PRODUCTO: GENERADOR DE FRECUENCIA PORTATIL, SISTEMA DR (DIGITAL RADIOGRAPHY), MARCA: SONTU MEDICAL IMAGING, MODELO: TUTOM50E-8A, REFERENCIA: 181302010008, USO O DESTINO: VETERINARIO, TECNICA DE DIAGNOSTICO: RAYOS X, SERIAL: PP131240122029002, PP131240122029001, DESCRIPCION",,4.0,NUMERO DE ARTICULOS,49.0,20185.9,,,
2024-02-15,墨西哥,中国,INVYRTE SA DE CV,IRAY TECHNOLOGY COMPANY LIMITED,"DEL ROSAL 108 AV. AZTECAS Y EJE 10 SUR
Cuajimalpa de Morelos
Ciudad de Mexico
04330","RUIQING ROAD
SHANGHAI PUDONG

201201",,,,CHINA,,,AEROPUERTO INTERNACIONAL FELIPE ANGELES SANTA LUCIA ZUMPANGO ESTADO DE MEXICO,9022149199,EQUIPO DE RAYOS X DE USO VETERINARIO CON ACCESORIOS,,4.0,PIECE,213.6,18107.1,,,
2024-02-15,墨西哥,中国,INVYRTE SA DE CV,IRAY TECHNOLOGY COMPANY LIMITED,"DEL ROSAL 108 AV. AZTECAS Y EJE 10 SUR
Cuajimalpa de Morelos
Ciudad de Mexico
04330","RUIQING ROAD
SHANGHAI PUDONG

201201",,,,CHINA,,,AEROPUERTO INTERNACIONAL FELIPE ANGELES SANTA LUCIA ZUMPANGO ESTADO DE MEXICO,9022149199,EQUIPO DE RAYOS X DE USO VETERINARIO CON ACCESORIOS,,1.0,PIECE,213.6,2775.9,,,
2024-02-15,乌拉圭,中国,MARE LTDA,,,,,,,CHINA,,,,9022141910,"EQUIPO RADIOLOGICO <<ARCO EN C>> (PARA USO HUMANO). LOS DEMAS. DE DIAGNOSTICO. LOS DEMAS, PARA USO MEDICO, QUIRURGICO O VETERINARIO. APARATOS DE RAYOS X Y APARATOS QUE UTILICEN RADIACIONES ALFA, BETA GAMMA O DEMAS RADIACIONES IONIZANTES, INCLUSO PA",,1.0,UNIDAD (C/U),498.0,51210.81,,,
2024-02-15,印度,中国,EPSILON HEALTHCARE SOLUTIONS PRIVATE LIMITED,LIAONING DTKL TECHNOLOGY CO LTD,"G 1 -57 RIICO INDUSTRIAL AREA,EXTE  NSION  PHASE.2 BAGRU",,,,,CHINA ,,SHENZHEN,DELHI AIR CARGO ACC (INDEL4),90221410,"DTKL65H WITH SINGLE TUBE ATTACHMENT 65KW GENERATOR, 380V FYSOFTWARE WITH LIFELONG UPGRATING (X-RAY GENERATOR)",,3.0,NOS ,0.0,8400.0,TA8JXAOKC5ECG,,
2024-02-15,墨西哥,中国,INVYRTE SA DE CV,IRAY TECHNOLOGY COMPANY LIMITED,"DEL ROSAL 108 AV. AZTECAS Y EJE 10 SUR
Cuajimalpa de Morelos
Ciudad de Mexico
04330","RUIQING ROAD
SHANGHAI PUDONG

201201",,,,CHINA,,,AEROPUERTO INTERNACIONAL FELIPE ANGELES SANTA LUCIA ZUMPANGO ESTADO DE MEXICO,9022149199,EQUIPO DE RAYOS X DE USO VETERINARIO CON ACCESORIOS,,2.0,PIECE,213.6,6931.27,,,
2024-02-15,乌干达,中国,FAST CFS CARGO SERVICES SMC LIMITED,EVER BELIEVE SUPPLY CHAIN LIMITEDROOM 511 5 F MING SANG IND BLDG 19 21 HING YIP STREET KWUN TONGKLN HONGKONG,,,,,,CHINA,UGANDA,,,90221400000,X-RAY MACHINE WITH ACCESSORIES,,1.0,Number,822.0,6199.0,,,
2024-02-15,墨西哥,中国,INVYRTE SA DE CV,IRAY TECHNOLOGY COMPANY LIMITED,"DEL ROSAL 108 AV. AZTECAS Y EJE 10 SUR
Cuajimalpa de Morelos
Ciudad de Mexico
04330","RUIQING ROAD
SHANGHAI PUDONG

201201",,,,CHINA,,,AEROPUERTO INTERNACIONAL FELIPE ANGELES SANTA LUCIA ZUMPANGO ESTADO DE MEXICO,9022149199,EQUIPO DE RAYOS X PARA SU VETERINARIO CON ACCESORIOS,,1.0,PIECE,213.6,4785.71,,,
2024-02-15,印度,中国,EPSILON HEALTHCARE SOLUTIONS PRIVATE LIMITED,LIAONING DTKL TECHNOLOGY CO LTD,"G 1 -57 RIICO INDUSTRIAL AREA,EXTE  NSION  PHASE.2 BAGRU",,,,,CHINA ,,SHENZHEN,DELHI AIR CARGO ACC (INDEL4),90221410,"DTKL65HF WITH DUAL TUBE ATTACHMENT 65KW GENERATOR, 380V FY SOFTWARE WITH LIFELONG UPGRATING (X-RAY GENERATOR)",,1.0,NOS ,0.0,4400.0,TA8JXAOKC5ECG,,
2024-02-15,菲律宾,中国,EVERYDAY ENTERPRISE,SHENZHEN LANMAGE MEDICAL TECHNOLOGY,"ANGUS COMPLEX,81 A MCARTHUR HIGHWAY BRGY. MATINA CROSSING TALOMO DIST.,DAVAO CITY",,,,,CHINA,,,,90221400000,MOBILE DIGITAL X-RAY RADIOGRAPHY SYSTEM (NJ86Y),,2.0,PIECE,1187.0,3030.0,LLLMNN24130569,,
2024-02-14,印度,中国,SIEMENS HEALTHCARE PRIVATE LIMITED,SIEMENS HEALTHINEERS AG,"UNIT NO.9, 9TH FLOOR, NORTH WING  GODREJ ONE, PIROJSHAH NAGAR,",,,,,CHINA ,,Shanghai,CHENNAI AIR CARGO ACC (INMAA4),90221490,IMAGE INTENSIFIER CIOS SELECT SYSTEM COMPLETE WITH ACCESORIES ( AS PER INV ) CIOS SELECT VA21,,1.0,SET ,0.0,36950.05,8T35ILVVH7ULZ,,
2024-02-14,土耳其,中国,ÖZEL MEDİKAL TIBBİ CİHAZLAR SANAYİ VE TİCARET LİMİTED ŞİRKETİ,GE HEALTHCARE TRADE AND DEVELOPMENT LLC,,,,,,China,,,MURATBEY GÜMRÜK MÜDÜRLÜĞÜ,902214000000,GE MARKA OEC BRIVO 785 MODEL C KOLLU FLORSKOPİ SİSTEMİ (BİRİNCİL ÜRÜN NO: 00840682115438) KULLANIMI +İÇİN GEREKLİ TEFERRUATLARIYLA BİRLİKTE KOMPLEDİR.,,1.0,ADET(UNIT),492.8,33000.0,24341300IM00031080,,
2024-02-14,印度,中国,SIEMENS HEALTHCARE PRIVATE LIMITED,SIEMENS HEALTHINEERS AG,"UNIT NO.9, 9TH FLOOR, NORTH WING  GODREJ ONE, PIROJSHAH NAGAR,",,,,,CHINA ,,Shanghai,CHENNAI AIR CARGO ACC (INMAA4),90221490,IMAGE INTENSIFIER CIOS SELECT SYSTEM COMPLETE WITH ACCESORIES ( AS PER INV ) CIOS SELECT VA21,,1.0,SET ,0.0,36950.05,8T35ILVVH7ULZ,,
2024-02-14,土耳其,中国,ÖZEL MEDİKAL TIBBİ CİHAZLAR SANAYİ VE TİCARET LİMİTED ŞİRKETİ,GE HEALTHCARE TRADE AND DEVELOPMENT LLC,,,,,,China,,,MURATBEY GÜMRÜK MÜDÜRLÜĞÜ,902214000000,GE MARKA OEC BRIVO 785 MODEL C KOLLU FLORSKOPİ SİSTEMİ (BİRİNCİL ÜRÜN NO: 00840682115438) KULLANIMI +İÇİN GEREKLİ TEFERRUATLARIYLA BİRLİKTE KOMPLEDİR.,,1.0,ADET(UNIT),492.8,35000.0,24341300IM00031080,,
2024-02-14,美国,中国,HONGYU BIOTECH SHENZHEN CO LTD,HONGYU BIOTECH SHENZHEN CO LTD, C/O LAX 911263 OLEANDER AVE , ROOM201 BUILDING A NO 1 QIANWAN 1 ST ROAD SZ-HK COOPERATION ZONE QIA ,GOLDEN STATE FC LLC,11263 OLEANDER AVE ,,"CN, CHINA",,NINGBO,"OAKLAND, CA",902214,SILICONE BORDERED FOAM DRESSING NON-WOVEN SURGICAL TAPE 2.5CM X 9.14M NON-WOVEN SURGICAL TAPE 5CM X 9.14M WASHABLE UNDERPAD M WASHABLE UNDERPAD M CALCIUM ALGINATE DRESSING,N/W N/W N/W N/W N/W N/W,1072.0,CTN,14030.0,0.0,AMZDCN24GFDCRQQT,TCLU7834024,
2024-02-14,菲律宾,中国,MEDEV MEDICAL DEVICES CORP,SHENZHEN LANMAGE MEDICAL TECHNOLOGY CO LTD,"RED FLOWER MJ46 COMPOUND STA.ANA DRIVE,SUNVALLEY,PARANAQUE CITY",,,,,CHINA,,,,90221400000,INTERFACE BOARD FOR EX20,,1.0,PIECE,0.09,174.6,7477241236,,
2024-02-14,厄瓜多尔,中国,SIEMENS HEALTHCARE CIA LTDA,SIEMENS SHANGHAI MEDICAL EQUIPMENT LTD,,,,,,CHINA,,CNSHA-,,9022140000,EQUIPO TIPO ARCO EN C MODELO CIOS SELECT,,1.0,NUMERO DE UNIDADES,395.0,52150.71,CEC2023WHLU5702,,SIEMENS
2024-02-14,菲律宾,中国,GENERAL ELECTRIC PHILS INC,BEIJING GE HUALUN MEDICAL EQUIPMENT,"12F ORE CENTRAL, 31ST STREET COR 9TH AVE, BONIFACIO,GLOBAL CITY TAGUIG CITY",,,,,CHINA,,,,90221400000,1 EA XR6000 GEN4 50KW STANDARD MAIN SYSTEM [S39224JS],,1.0,,690.0,17352.3,42K0043609,,
2024-02-14,土耳其,中国,MONDE TIBBİ MALZEME GIDA HAYVANCILIK İNSAN KAYNAKLARI İNŞAAT İTHALAT İHRACAT SANAYİ VE TİCARET LİMİTED ŞİRKETİ,ÇEŞİTLİ,,,,,,China,,,İSTANBUL HAVALİMANI GÜMRÜK MÜDÜRLÜĞÜ,902214000000,VETERİNER TEŞHİS CİHAZI (VETERİNER AMAÇL/I) TAREKS KAPSAMDIŞI NO: 18160099282013015773484),,2.0,ADET(UNIT),75.0,5252.31,24341453IM00094459,,
2024-02-14,加纳,中国,LEFORT MEDICAL SUPPLIES,NEUSOFT MEDICAL SYSTEMS CO LTD,,,,,,China,,,,9022140000,LAT PANEL DETECTOR 4343R L06,,0.0,,30.0,13000.0,071-50853644,,
2024-02-14,印度,中国,SIEMENS HEALTHCARE PRIVATE LIMITED,SIEMENS HEALTHINEERS AG,"UNIT NO.9, 9TH FLOOR, NORTH WING  GODREJ ONE, PIROJSHAH NAGAR,",,,,,CHINA ,,Shanghai,CHENNAI AIR CARGO ACC (INMAA4),90221490,IMAGE INTENSIFIER CIOS SELECT SYSTEM COMPLETE WITH ACCESORIES ( AS PER INV ) CIOS SELECT VA21,,1.0,SET ,0.0,37898.76,8T35ILVVH7ULZ,,
2024-02-14,菲律宾,中国,MEDEV MEDICAL DEVICES CORP,SHENZHEN LANMAGE MEDICAL TECHNOLOGY CO LTD,"RED FLOWER MJ46 COMPOUND STA.ANA DRIVE,SUNVALLEY,PARANAQUE CITY",,,,,CHINA,,,,90221400000,PORTABLE XRAY SYSTEM KEEN RAY DR50M ANALOGUE VERSION,,1.0,PIECE,1.91,3818.7,7477241236,,
2024-02-14,印度,中国,SIEMENS HEALTHCARE PRIVATE LIMITED,SIEMENS HEALTHINEERS AG,"UNIT NO.9, 9TH FLOOR, NORTH WING  GODREJ ONE, PIROJSHAH NAGAR,",,,,,CHINA ,,Shanghai,CHENNAI AIR CARGO ACC (INMAA4),90221490,IMAGE INTENSIFIER CIOS SELECT SYSTEM COMPLETE WITH ACCESORIES ( AS PER INV ) CIOS SELECT VA21,,1.0,SET ,0.0,37898.76,8T35ILVVH7ULZ,,
2024-02-14,土耳其,中国,VEGA MEDİKAL BİLGİSAYAR İTHALAT İHRACAT PAZARLAMA LİMİTED ŞİRKETİ,WALEETA ANIMAL MEDICAL CO LTD,,,,,,China,,,HAYDARPAŞA GÜMRÜK MÜDÜRLÜĞÜ,902214000000,VETERİNER RÖNTGEN TEŞİS CİHAZI * TEFERRU/ATI İLE BİRLİKTE KOMPLE *,,5.0,ADET(UNIT),150.0,13462.93,24340900IM00000632,,
2024-02-13,斯里兰卡,中国,DELMEGE FORSYTH AND CO,SHENZHEN ANGELL TECHNOLOGY CO LTD,"101, VINAYALANKARA MAWATHA, COLOMBO-10.","ROOM 408, BUILDING A, HUAHAN INNOVALION PARK LANGSHAN ROAD, NANSHAN DISTRICT SHENZHEN 518057 CHINA",,,,CHINA,,,,90221400,"WIRELESS FPD 17""X17""(TCQ-III ANGELL),",,1.0,NIU,15.0,8850.0,,,
2024-02-13,波兰,中国,CARGO DB EURASIA GMBH P P GE MEDICAL SYSTEMS SCS,BEIJING GE HUALUN MEDICAL EQUIPMENT CO LTD,UL.VIEYSKA 2 | 11,No. 1 NORTH YONG CHANG STREET BEIJING ECONOMIC & TECHNOLOGICAL DEVELOPMENT AREA,,,,,Poland (PL),,,902214,"MOBILE X-RAY DEVICE S-DUGI, SISTEMA OF THE X-RAY CAMERA | EQUIPMENT FOR USE OF THE X-RAY DEVICE",,3111.5,KG,3111.5,143099.9544,,,
2024-02-13,俄罗斯,中国,ООО ДЖИИ ХЭЛСКЕА,GE HEALTHCARE C O BOVIS,"123112, , МОСКВА, ПРЕСНЕНСКАЯ НАБ., 10","95470, ZI DE LA GUEРELLE, SAINT-WITZ, BATIMENT B, .,..",,,GE HUALUN MEDICAL SYSTEMS CO LTD,China,,,,9022140000,"АППАРАТУРА НА ОСНОВЕ РЕНТГЕНОВСКОГО ИЗЛУЧЕНИЯ ДЛЯ ИСПОЛЬЗОВАНИЯ В МЕДИЦИНЕ, ПРЕДНАЗНАЧЕНА ДЛЯ ДИАГНОСТИЧЕСКИХ ИССЛЕДОВАНИЙ, (НЕ СОДЕРЖИТ РАДИОАКТИВНЫХ ИЗОТОПОВ, РАДИОАКТИВНЫХ ВЕЩЕСТВ И РАДИОИЗОТОПНЫХ ИЗДЕЛИЙ),НЕ ЯВЛЯЕТСЯ РАДИОЭЛЕКТРОННЫМ СРЕДСТВОМ И",,1.0,ШТ,3258.0,277693.09,,,GE
2024-02-12,马拉维,中国,MRS WEZZIE MWASE MEDICAL WORLD,GUANGZHOU YUESHEN MEDICAL EQUIPMENT CO LTD,"PO Box 51484, Blantyre (Malawi),Blantyre,",CHINA,,,,CHINA,,,,90221400,YSDR650-B165KW DIGITAL X-RAY MACHINE,,1.0, Pieces,195.0,21130.0,,,
2024-02-12,哥伦比亚,中国,INVERSIONES RODRIGUEZ CASTANEDA SAS,TOOTOO MEDITECH CO LTD,CL 148 N 7 B 14,ROOM 2401 BUILDING 3A INTELLIGENT,,,,CHINA,,,,9022140000,"DO BOGI24026411. PEDIDO TRAMITE: VVG-24 / 038. DECLARACION(3-6). MERCANCIA NUEVA, NOS ACOGEMOS AL DECRETO 0925 DE MAYO 09 DE 2013, NO REQUIERE PRESENTACION DE REGISTRO DE IMPORTACION, NOS ACOGEMOS AL DECRETO 272 / 2018 ARANCEL 0%.. PRODUCTO: EQUIPO PORTATIL DE RAYOS X. MARCA: TOOTOO MEDITECH. MODELO: CANIS 5C. REFERENCIA: NO TIENE. SERIAL: CA5101210HA3123001, CA5101210HA3123002, CA5101210HA3123004, CA5101210HC1523004, CA5101210HA3123005. USO O DESTINO: VETERINARIO. TECNICA DE DIAGNOSTICO: RAYOS X. VETERINARY X-RAY MACHINE CANIS5C PO: CHINA (CN) CANT (5) UND (ITEM 5)",,5.0,NUMERO DE ARTICULOS,3.66,13643.83,,,
2024-02-12,墨西哥,中国,GE SISTEMAS MEDICOS DE MEXICO SA DE CV,GE HUALUN MEDICAL SYSTEMS CO LTD,"ANTONIO DOVALI JAIME 70 TORRE B PISO 4 AVENIDA JAVIER BARROS SIERRA Y AVENIDA SANTA FE

Ciudad de Mexico
01210","YONG CHANG NORTH ROAD
BEIJINGCHINA

100176",,,,CHINA,,,NUEVO LAREDO NUEVO LAREDO TAMAULIPAS.,9022149199,SISTEMA DE RAYOS X CON BRAZO EN C MOVIL,,1.0,PIECE,503.0,50209.91,,,
2024-02-12,俄罗斯,中国,ООО БАЛЬФ,SHANGHAI SHINE LINK INTERNATIONAL LOGISTICS CO LTD,"191167, Г., САНКТ-ПЕТЕРБУРГ, УЛ. КРЕМЕНЧУГСКАЯ, Д. 17 К. 2, ЛИТ. А, ПОМЕЩ. 22-Н","200131, РILOT FREE TRADE ZONE, SHANGHAI, NO.68 RI JING ROAD, .,..",,,SHANGHAI CHANGLIAN IMPORTS & EXPORTS CO LTD,China,,,,9022140000,"АППАРАТУРА, ОСНOВАННАЯ НА ИСПОЛЬЗОВАНИИ РЕНТГЕНОВСКОГО ИЗЛУЧЕНИЯ ДЛЯ ВЕТЕРИНАРНОГО ИСПОЛЬЗОВАНИЯ. НЕ ДЛЯ ПРИМЕНЕНИЯ В МЕДИЦИНЕ. НЕ СОДЕРЖИТ РАДИОАКТИВНЫХ ИСТОЧНИКОВ. НЕ СОДЕРЖИТ РАДИОЭЛЕКТРОННЫХ И ВЫСОКОЧАСТОТНЫХ УСТРОЙСТВ.",,10.0,ШТ,179.92,32947.93,,,ОТСУТСТВУЕТ
2024-02-10,印度,中国,PHILIPS INDIA LIMITED,PHILIPS ELECTRONICS SINGAPORE PTE LTD,"3RD FLOOR TOWER A DLF PARK 08,MAJO  R ARTERIAL RD NEW TOWN RAJARHAT",,,,,CHINA ,,Singapore,SAHAR AIR CARGO ACC (INBOM4),90221490,459801323421 FLOAT TABLE TOP BOX ASSEMBLY PACK FIXED (PARTSFOR IXR MACHINE),,1.0,NOS ,0.0,363.63,QC825NY15GPGF,,
2024-02-09,巴拿马,中国,SYSTEMAX CAPITAL S A,SHENZHEN ANKE HIGH TECH CO LTD,,,,,,CHINA,,,PUERTO DE,902214000000,APARATO DE RADIOGRAFIA PARA USO MEDICO COMPLETO CON SUS PARTES Y ACCESORIOS,,3.0,Package (Bulto),2535.0,101905.0,,,
2024-02-09,厄瓜多尔,中国,UCICORP S A,,,,,,,CHINA,,-,,9022140000,RAYOS X,,2.0,NUMERO DE UNIDADES,1640.0,34371.0,,,LANMAGE
2024-02-09,菲律宾,中国,ARCORP MEDICAL ENTERPRISES,SHENZHEN BROWINER TECH CO LTD,"CORNER SATURN, BAYANIHAN ST. BRGY. TORIL,DAVAO CITY",,,,,CHINA,,,,90221400000,DIGITAL RADIOGRAPHY SYSTEM,,1.0,PIECE,100.0,7640.0,LGZMNN24116337PH,,
2024-02-08,俄罗斯,中国,ООО ОБЛТРАНСТЕРМИНАЛ,BIKANG TIANCHENG SHANGHAI INFORMATION TECHNOLOGY CO LTD,"142455, МОСКОВСКАЯ ОБЛАСТЬ, ГО БОГОРОДСКИЙ, ТЕР. НОСОВИХИНСКОЕ ШОССЕ, УЛ. 26-КИЛ",", , SHANGHAI, JIANCHUAN ROAD, МINHANG DISTRICT, LANE950..,,",,,LIAONING KAMPO MEDICAL SYSTEM CO LTD,China,,,,9022140000,"АППАРАТУРА, ОСНОВАННАЯ НА ИСПОЛЬЗОВАНИИ РЕНТГЕНОВСКОГО ИЗЛУЧЕНИЯ, ПРЕДНАЗНАЧЕННАЯ ДЛЯ ВЕТЕРИНAРНОГО ИСПОЛЬЗОВАНИЯ: АППАРАТ РЕНТГЕНОВСКИЙ ВЕТЕРИНАРНЫЙ ZOOMED VX-400, ПРЕДНАЗНАЧЕН ДЛЯ ДИАГНОСТИКИ СОСТОЯНИЯ ВНУТРЕННИХ ОРГАНОВ И СИСТЕМ У ЖИВОТНОГО В",,5.0,ШТ,1850.0,93553.71,,,ZOOMED
2024-02-08,土耳其,中国,HASVET MEDİKAL YAZILIM SAĞLIK HİZMETLERİ SANAYİ VE TİCARET ANONİM ŞİRKETİ,MEDINCN CORP LTD,,,,,,China,,,AMBARLI GÜMRÜK MÜDÜRLÜĞÜ,902214000000,VETERİNERLİK AMAÇLI -X-RAY CİHAZI,,15.0,ADET(UNIT),2399.05,30962.41,24343100IM00025077,,
2024-02-08,印度,中国,SIEMENS HEALTHCARE PRIVATE LIMITED,SIEMENS HEALTHINEERS AG,"UNIT NO.9, 9TH FLOOR, NORTH WING  GODREJ ONE, PIROJSHAH NAGAR,",,,,,CHINA ,,Shekou,NHAVA SHEVA SEA (INNSA1),90221490,(CARDIAC AND VASCULAR ANGIOGRAPHY SYSTEM COMPLETE WITH ACCESSORIES (AS PER INV.) ARTIS ONE,,1.0,SET ,0.0,278313.47,4H4ZDTSD2EDB5,,
2024-02-08,印度,中国,WIPRO GE MEDICAL DEVICE MANUFACTURING PRIVATE LIMI,GE HUALUN MEDICAL SYSTEMS CO LTD,"No.4, Kadugodi Industrial Area, Sad  Whitefield, Bangalore",,,,,CHINA ,,Tianjin,BANGALORE,90221490,5521321-4 - SYSTEM GANTRY HLA FOR OPTIMA IGS 320 - INDIA SEMI FINISHED (PARTS FOR MANUFACTURING OF IGS 320/OPTIMA IGS 32,,1.0,PCS ,0.0,88095.35,NME9SXWYBDRGO,,
2024-02-08,印度,中国,WIPRO GE MEDICAL DEVICE MANUFACTURING PRIVATE LIMI,GE HUALUN MEDICAL SYSTEMS CO LTD,"No.4, Kadugodi Industrial Area, Sad  Whitefield, Bangalore",,,,,CHINA ,,Tianjin,BANGALORE,90221490,5521321-4 - SYSTEM GANTRY HLA FOR OPTIMA IGS 320 - INDIA SEMI FINISHED - (PARTS FOR MANUFACTURING OF IGS 320/OPTIMA IGS,,1.0,PCS ,0.0,88095.35,0QCTXFWL2QBMM,,
2024-02-08,土耳其,中国,MVM MEDİKAL VETERİNER MALZEMELER SANAYİ VE TİCARET ANONİM ŞİRKETİ,NANNING YOLONG TECHNOLOGY CO LTD,,,,,,China,,,İSTANBUL HAVALİMANI GÜMRÜK MÜDÜRLÜĞÜ,902214000000,VETERİNER RÖNTGEN CİHAZI (PORTABLE X-RAY/ MACHINE (18 SET = 18 ADET),,18.0,SET,396.0,44702.5,24341453IM00079252,,
2024-02-08,菲律宾,中国,BAJ PHARMACEUTICALS,SHINVA MEDICAL INSTRUMENT CO LTD,"UNIT 503 5F CEDAR EXECUTIVE BLDG II 26 TIMOG AVE COR SCOUT TOBIAS ST,QUEZON CITY",,,,,CHINA,,,,90221400000,"1 UNIT DIGITAL MEDICAL RADIOGRAPHY SYSTEM (MODEL DR200, BRAND SHINVA)",,1.0,PIECE,1075.0,17080.0,HDMUTAOA29356600,,
2024-02-08,土耳其,中国,MLP SAĞLIK HİZMETLERİ ANONİM ŞİRKETİ,A VE A SAĞLIK ANONİM ŞİRKETİ,,,,,,China,,,ERENKÖY GÜMRÜK MÜDÜRLÜĞÜ,902214000000,TIPTA VE CERRAHİDE KULLANILAN DIJITAL RA/DIOGRAPHY SYSTEM(TEF.İLE BİRLİKTE)(SET HALİNDE),,1.0,ADET(UNIT),877.0,73946.59,24341200IM00028661,,
2024-02-08,尼日利亚,中国,GIJUWIE BIO MEDICAL ELECTRONICS CO LTD,SHENZHEN SONTU MEDICAL IMAGING EQUIPMENT CO LTD,,,,,,China,,,APAPA PORT,9022140000,"Apparatus based on the use of X-rays or of alpha, betaused for medical, surgical .",,0.0,,6890.0,0.0,,,
2024-02-08,巴西,中国,KERRY LOGISTICS DO BRASIL TRANSPORTES INTERNACIONAIS LTDA,KERRY EAS LOGISTICS SHENZHEN LTD,",,",,,,,China (CN),Brazil (BR),Shekou,Santos,902214,"XRAY,ALPHA,BETA,GAMA RADIATION, OTHER, FOR MEDICAL, SURGICAL OR VETERINARY USES",,258.0,CT,7478.67,0.0,HKGE11618800,,
2024-02-07,乌拉圭,中国,MARE LTDA,,,,,,,CHINA,,,,9022141910,"EQUIPO RADIOLOGICO <<ARCO EN C>> (PARA USO HUMANO). LOS DEMAS. DE DIAGNOSTICO. LOS DEMAS, PARA USO MEDICO, QUIRURGICO O VETERINARIO. APARATOS DE RAYOS X Y APARATOS QUE UTILICEN RADIACIONES ALFA, BETA GAMMA O DEMAS RADIACIONES IONIZANTES, INCLUSO PA",,1.0,UNIDAD (C/U),498.0,51210.81,,,
2024-02-07,孟加拉国,中国,ATOMS POWER,ANGELL TECHNOLOGY CHONGQING CO LT,"Israt Tower (4th Floor), 6, Purana",,,,,China,,,,90221400,BR.N.MEDICAL X-RAY RADIOGRAPHIC SYSTEM WITH ST.ACC.MO: MTP50-B,,1.0,,1170.0,7285.24,,,
2024-02-07,孟加拉国,中国,ATOMS POWER,ANGELL TECHNOLOGY CHONGQING CO LT,"Israt Tower (4th Floor), 6, Purana",,,,,CN,,,,90221400,BR.N.MEDICAL X-RAY RADIOGRAPHIC SYSTEM WITH ST.ACC.MO: MTP50-B,,1.0,NMB,1170.0,7285.2408,N/A,,
2024-02-07,乌干达,中国,FAST CFS CARGO SERVICES SMC LIMITED,EVER BELIEVE SUPPLY CHAIN LIMITEDROOM 511 5 F MING SANG IND BLDG 19 21 HING YIP STREET KWUN TONGKLN HONGKONG,,,,,,CHINA,UGANDA,,,90221400000,X-RAY MACHINE WITH ACCESSORIES,,1.0,Number,822.0,6198.9999,,,
2024-02-07,哥伦比亚,中国,CMR DE COLOMBIA SAS,SHENZHEN BROWINER TECH CO LTD,CR 7 74 09,"7F, BUILDING C, LONGJING JINGU PION",,,,CHINA,,,,9022140000,"DO 2240107-001 CODIGO / RESOLUCION OEA DECLARANTE: RESOLUCION 009264 DE 02-11-2023; PEDIDO TRAMITE: OC 002-2024 DECLARACION(1-1) MERCANCIA NUEVA, MERCANCÃA UBICADA EN DEPOSITO LAAX SERVICE SAS MZ 12 BOD 2, NOS ACOGEMOS VISTOBUENO INVIMA NO. VINVIMA-23-0085656 CON FECHA DE APROBACION DEL DIA 24 DE JULIO DEL 2023. NUEMERO DE FACTURA COMPLETO: BWXS-MX20-202401-01007. FLAT PANEL PROTECTOR, REG SAN INVIMA 2021EBC-0023632 VIG HASTA 2031/05/26; PRODUCTO: FLAT PANEL DETECTOR (WITH SOFTWARE AND PC WORKSTATION 500GB / WINDOWS), MARCA: RAY TECHNOLOGY, MODELO: MARS1417V-TSI, REFERENCIA: SIN REFERENCIA, USO O DESTINO: ABSORBER EL IMPACTO Y AUMENTAR LA CAPACIDAD DE PESO, TECNICADE DIAGNOSTICO: NO APLICA, SERIAL: HV30Z011TC08230019X, CON ACCESORIOS PARA SU DEBIDO FUNCIONAMINETO, PAIS DE ORIIGEN CHINA-15 CANT (1) UNIDADES (ITEM 1). FLAT PANEL PROTECTOR, REG SAN INVIMA 2021EBC-0023632 VIG HASTA 2031/05/26; PRODUCTO: FLAT PANEL PROTECTOR, MARCA: BROWINER - CMR, MODELO: NO TIENE, REFERENCIA: SIN REFEREN",,2.0,NUMERO DE ARTICULOS,23.4,9850.0,,,
2024-02-07,孟加拉国,中国,ATOMS POWER,ANGELL TECHNOLOGY CHONGQING CO LT,"Israt Tower (4th Floor), 6, Purana",,,,,CN,,,,90221400,BR.N.MEDICAL X-RAY RADIOGRAPHIC SYSTEM WITH ST.ACC.MO: MTP50-A,,2.0,NMB,1062.0,9046.2286,N/A,,
2024-02-07,孟加拉国,中国,ATOMS POWER,ANGELL TECHNOLOGY CHONGQING CO LT,"Israt Tower (4th Floor), 6, Purana",,,,,China,,,,90221400,BR.N.MEDICAL X-RAY RADIOGRAPHIC SYSTEM WITH ST.ACC.MO: MTP50-A,,2.0,,1062.0,9046.23,,,
2024-02-06,哥伦比亚,中国,LO MEJOR DE CADA COSA SAS,MEDSINGLONG CO LTD,CL 168 # 8G-61 BL 4 AP 503,"FLOOR 1ST,4TH,5TH. NO 85TH,87TH,89T",,,,CHINA,,,,9022140000,"DO BOG140 BK 00017 PEDIDO 690 // MERCANCIA NUEVA // REGISTRO DE IMPORTACION NO. REG-50018347-20240201N CON FECHA DE APROBACION 2024-02-01 // NO REQUIERE VISTO BUENO INVIMA AL NO SER DISPOSITIVOS MÃ‰DICOS DE USO HUMANO. PRODUCTO: EQUIPO DE RAYOS X PORTATILY DE ALTRA FRECUENCIA, MARCA: EGRETMED, MODELO: MSLPX15, REFERENCIA: NO TIENE, USO O DESTINO: PARA USO VETERINARIO, TECNICA DE DIAGNOSTICO: RAYOS X, SERIAL: NO TIENE, DESCRIPCION SEGUN FACTURA: PORTABLE AND HIGH FREQUENCY X-RAY THE EQUIPMENT IS FOR VETERINARY USE, DTXR-5ZRA2308006 - 00423FA1934, CONTIENE ACCESORIOS PARA SU NORMAL FUNCIONAMIENTO, CANT: 1 UNIDAD, (ITEM 1) //",,1.0,NUMERO DE ARTICULOS,11.66,2636.1,,,
2024-02-06,越南,中国,CÔNG TY CỔ PHẦN THIẾT BỊ Y TẾ BÁCH VIỆT,SHENZHEN LIM2VET BIOLOGICAL TECHNOLOGY CO LTD,"456-458 Hai Ba Trung, Tan Dinh Ward, District 1, Ho Chi Minh City.","RM 5C02, BLD 1, ZHONGCHENG, BIOMEDICAL INDUSTRIAL PARK, NO.21, LINHUI RD, PINGSHAN DISTRICT, SHENZHEN,GUANGDONG",,,,China,,,,90221400,"Máy X-quang dùng cho thú y. Model: SMART-20. HSX: Shenzhen Lim2Vet Biological Technology Co.,LTD. Hàng mới 100%. Bao gồm máy chính và phụ kiện.,X-ray machine for veterinary use. Model: SMART-20. HSX: Shenzhen Lim2Vet Biological Technology Co.,LTD. New 100%. Including main machine and accessories.",,4.0,Set,0.0,40000.0,,,
2024-02-06,俄罗斯,中国,ООО НПО ТЕХНОМЕД,ORIENT INTERNATIONAL HOLDING SHANGHAI FOREIGN TRADE CO LTD,"197375, ВН.ТЕР.Г. МУНИЦИПАЛЬНЫЙ ОКРУГ КОЛОМЯГИ, САНКТ-ПЕТЕРБУРГ, УЛ ЩЕРБАКОВА,Д.","200336, ., SHANGHAI, FLOOR 6-12,SUITE B,85 LOU SHAN GUAN ROAD, ..,,.",,,DT IMAGING TECHNOLOGY SHANGHAI CO LTD,China,,,,9022140000,"АППАРАТУРА, ОСНОВАННАЯ НА ИСПОЛЬЗОВАНИИ РЕНТГЕНОВСКОГО ИЗЛУЧЕНИЯ, ПРЕДНАЗНАЧЕННАЯ ДЛЯ ВЕТЕРИНАРНОГО ИСПОЛЬЗОВАНИЯ, БЕЗ РЭС И ВЧУ, НЕ ДЛЯ НЕГЛАСНОГО ПОЛУЧЕНИЯ ИНФОРMАЦИИ, НЕ СОДЕРЖИТ ИСТОЧНИКА РАДИОАКТИВНОГО ИЗЛУЧЕНИЯ:",,1.0,ШТ,7.0,5924.23,,,DETECTION TECHNOLOGY.
2024-02-06,越南,中国,CÔNG TY CỔ PHẦN THIẾT BỊ Y TẾ BÁCH VIỆT,SHENZHEN LIM2VET BIOLOGICAL TECHNOLOGY CO LTD,"456-458 Hai Ba Trung, Tan Dinh Ward, District 1, Ho Chi Minh City.","RM 5C02, BLD 1, ZHONGCHENG, BIOMEDICAL INDUSTRIAL PARK, NO.21, LINHUI RD, PINGSHAN DISTRICT, SHENZHEN,GUANGDONG",,,,China,,,,90221400,"Máy X-quang dùng cho thú y. Model: INFI-32 PLUS. HSX: Shenzhen Lim2Vet Biological Technology Co.,LTD. Hàng mới 100%. Bao gồm máy chính và phụ kiện.,X-ray machine for veterinary use. Model: INFI-32 PLUS. HSX: Shenzhen Lim2Vet Biological Technology Co.,LTD. New 100%. Including main machine and accessories.",,1.0,Set,0.0,15000.0,,,
2024-02-05,哥伦比亚,中国,MEDICALBIO SAS,HEBEI RUIGE INTERNATIONAL TRADING CO LTD,CL 86 # 87A-44,"KAIJIA BUILDING, QIAOXI ZONE, SHIJI",,,,HONG KONG,,,,9022140000,"DO BOG074-24 DECLARACION(2-2) NOS ACOGEMOS AL DECRETO 0925 DE 2013, MERCANCÃA NO REQUIERE REGISTRO DE IMPORTACIÃ“N // MERCANCÃA NUEVA // USO EXCLUSIVO EN MEDICINA VETERINARIA; PRODUCTO: DETECTOR PANEL PLANO DE RAYOS X (VENU1717XV), MARCA: IRAY TECHNOLOGY TAICANG LTD, MODELO: 1717XV, REFERENCIA: VENU1717XV, USO O DESTINO: PARA USO EXCLUSIVO EN MEDICINA VETERINARIA EN BOVINOS, CABRINOS CANINOS Y FELINOS, TECNICA DE DIAGNOSTICO: EQUIPOS DE SISTEMAS DE RADIOGRAFIA DE GAMA ALTA Y RAYOS X, SERIAL: VW300114TB17230015X, SEGÃšN FACTURA: FLAT PANEL DETECTOR (VENU1717XV) CANT (1) UNIDADES O ARTICULOS // PRODUCTO: MÃQUINA DE RAYOS X PORTÃTIL, MARCA: YIAN MEDICAL TECHNOLOGY (HAINING) CO., LTD., MODELO: 5C, REFERENCIA: CANIS 5C, USO O DESTINO: PRÃCTICAS MÃ‰DICAS, HOSPITALES Y MEDICINA DE EMERGENCIA. VETERINARIA, TECNICA DE DIAGNOSTICO: RAYOS X, INCLUYE PARTES Y ACCESORIOS PARA SU NORMAL FUNCIONAMIENTO Y ENSAMBLE, SERIAL: CA5101210HA3123003 CANT (1) UNIDADES O ARTICULOS //",,2.0,NUMERO DE ARTICULOS,31.53,9067.04,,,
2024-02-05,波兰,中国,CARGO DB EURASIA GMBH P P GE MEDICAL SYSTEMS SCS,BEIJING GE HANGWEI MEDICAL EQUIPMENT CO LTD,ST. OF VIYEYSK 2 | 11,No. 1 NORTH YONG CHANG STREET BEIJING ECONOMIC & TECHNOLOGICAL DEVELOPMENT AREA,,,,,Poland (PL),,,902214,MOBILE X-RAY DEVICE S-DUGI,,594.0,KG,594.0,56178.7838,,,
2024-02-05,波兰,中国,CARGO DB EURASIA GMBH P P GE MEDICAL SYSTEMS SCS,GE HUALUN MEDICAL SYSTEMS CO LTD,ST. OF VIYEYSK 2 | 11,No. 1 YONG CHANG STREET BEIJING ECONOMIC & TECHNOLOGICAL DEVELOPMENT AREA,,,,,Poland (PL),,,902214,"MOBILE X-RAY DEVICE S-DUGOY, SYSTEM X-RAY CAMERAS | EQUIPMENT FOR YSE OF THE X-RAY DEVICE",,4068.5,KG,4068.5,195994.8101,,,
2024-02-05,波兰,中国,CARGO DB EURASIA GMBH P P GE HEALTHCARE GMBH,GE HUALUN MEDICAL SYSTEMS CO LTD,ST. OF VIYEYSK 2 | 11,No. 1 NORTH YONG CHANG STREET BEIJING ECONOMIC & TECHNOLOGICAL DEVELOPMENT AREA,,,,,Poland (PL),,,902214,MOBILE X-RAY DEVICE,,1196.0,KG,1196.0,101831.54,,,
2024-02-04,印度,中国,WIPRO GE MEDICAL DEVICE MANUFACTURING PRIVATE LIMI,GE HUALUN MEDICAL SYSTEMS CO LTD,"No.4, Kadugodi Industrial Area, Sad  Whitefield, Bangalore",,,,,CHINA ,,Tianjin,BANGALORE,90221490,5521321-4 - SYSTEM GANTRY HLA FOR OPTIMA IGS 320 - INDIA SEMI FINISHED (PARTS FOR MANUFACTURING OF IGS 320/OPTIMA IGS 32,,1.0,PCS ,0.0,88095.35,KL32HPXYVBHQ8,,
2024-02-03,印度,中国,PHILIPS INDIA LIMITED,PHILIPS ELECTRONICS SINGAPORE PTE LTD,"3RD FLOOR TOWER A DLF PARK 08,MAJO  R ARTERIAL RD NEW TOWN RAJARHAT",,,,,CHINA ,,Singapore,SAHAR AIR CARGO ACC (INBOM4),90221490,459800372031 PIVOT BASE COVER (PARTS FOR IXR MACHINE),,1.0,NOS ,0.0,306.65,3BBJ48BHB9OWR,,
2024-02-02,南苏丹,中国,SSBANK OF SOUTH SUDANPLOT,CNBEIJING COMTRUST TRADING CO LTD,,,,,,CHINA,SOUTH SUDAN,,,90221400000,X RAY SAFETY INSPECTION EQUIPMENT,,27.0,Number,1480.0,3908.4009,,,
2024-02-02,坦桑尼亚,中国,MINISTERE DE LA SANTE PUBLIQUE ET,INTERTRADE FOCUS,",,",,,,,China (CN),Tanzania (TZ),Shanghai,DAR ES SALAAM,902214,APPARATUS BASED ON THE USE OF X-RAYS FOR MEDICAL SURGICAL,,35.0,PACKAGE(S),19013.4,0.0,CHN0852236,,
2024-02-02,印度,中国,WIPRO GE MEDICAL DEVICE MANUFACTURING PRIVATE LIMI,GE HUALUN MEDICAL SYSTEMS CO LTD,"No.4, Kadugodi Industrial Area, Sad  Whitefield, Bangalore",,,,,CHINA ,,Tianjin,BANGALORE,90221490,5521321-4 - SYSTEM GANTRY HLA FOR OPTIMA IGS 320 - INDIA SEMI FINISHED (PARTS FOR MANUFACTURING OF IGS 320/OPTIMA IGS 32,,1.0,PCS ,0.0,88095.35,BEG6F9EXHVHLH,,
2024-02-02,坦桑尼亚,中国,MINISTERE DE LA SANTE PUBLIQUE ET,INTERTRADE FOCUS,",,",,,,,China (CN),Tanzania (TZ),Shanghai,DAR ES SALAAM,902214,APPARATUS BASED ON THE USE OF X-RAYS FOR MEDICAL SURGICAL,,162.0,PACKAGE(S),19013.4,0.0,CHN0852236,,
2024-02-02,坦桑尼亚,中国,MINISTERE DE LA SANTE PUBLIQUE ET,INTERTRADE FOCUS,",,",,,,,China (CN),Tanzania (TZ),Shanghai,DAR ES SALAM,902214,APPARATUS BASED ON THE USE OF X-RAYS FOR MEDICAL SURGICAL,,162.0,PACKAGE(S),19013.4,0.0,CHN0852236,,
2024-02-02,坦桑尼亚,中国,MINISTERE DE LA SANTE PUBLIQUE ET,INTERTRADE FOCUS,",,",,,,,China (CN),Tanzania (TZ),Shanghai,DAR ES SALAM,902214,APPARATUS BASED ON THE USE OF X-RAYS FOR MEDICAL SURGICAL,,35.0,PACKAGE(S),19013.4,0.0,CHN0852236,,
2024-02-01,哈萨克斯坦,中国,MEDIVIDE LTD LIABILITY COMPANY,SHENZHEN LANMAGE MEDICAL TECHNOLOGY CO LTD,"st. of Navoiy, 68, sq. (office) 85", ,,,,,Kazakhstan (KZ),,,902214,Digital x-ray system,,922.0,KG,922.0,24000.0,,,
2024-02-01,委内瑞拉,中国,SERVICIOS HOSPITALARIOS MCG C A,,,,,,,CHINA,,Manzanillo,,9022149000,Los demas,,0.0,,2000.0,32851.0,3624,,
2024-02-01,印度,中国,PHILIPS INDIA LIMITED,PHILIPS ELECTRONICS SINGAPORE PTE LTD,"3RD FLOOR TOWER A DLF PARK 08,MAJO  R ARTERIAL RD NEW TOWN RAJARHAT",,,,,CHINA ,,Singapore,SAHAR AIR CARGO ACC (INBOM4),90221490,459800202852 KIT JOYSTICKS GEO_IMAG_ELASTOMER (PARTS FOR IXRMACHINE),,1.0,NOS ,0.0,335.74,C69BQEBAUMN3K,,
2024-02-01,土耳其,中国,HASVET MEDİKAL YAZILIM SAĞLIK HİZMETLERİ SANAYİ VE TİCARET ANONİM ŞİRKETİ,KROLL INTERNATIONALE SPEDITION,,,,,,China,,,MURATBEY GÜMRÜK MÜDÜRLÜĞÜ,902214000000,200.01.05.00006*HASVET838 UHF100 100 MA RÖNTGEN CİHAZI,,1.0,ADET(UNIT),36.59,3329.47,24341300IM00018391,,
2024-02-01,印度,中国,PHILIPS INDIA LIMITED,PHILIPS ELECTRONICS SINGAPORE PTE LTD,"3RD FLOOR TOWER A DLF PARK 08,MAJO  R ARTERIAL RD NEW TOWN RAJARHAT",,,,,CHINA ,,Singapore,SAHAR AIR CARGO ACC (INBOM4),90221490,459800202852 KIT JOYSTICKS GEO_IMAG_ELASTOMER (PARTS FOR IXRMACHINE),,1.0,NOS ,0.0,335.74,474ANEQ6WMC85,,
2024-02-01,秘鲁,中国,VAYOLETSQ SOCIEDAD ANONIMA CERRADA,NO DISPONIBLE,,,,,,CHINA,,Shanghai,,9022140000,"DISPOSITIVO LASER, VIO, APRD30 DISPOSITIVO LASER PARA ALIVIO DEL DOLOR TERAPEUTICO LASER PAIN RELIEF DEVICE REGISTRO SANITARIO. DB8157E,,,,",,9.0,U,36.955,715.0,,,
2024-02-01,印度,中国,PHILIPS INDIA LIMITED,PHILIPS ELECTRONICS SINGAPORE PTE LTD,"3RD FLOOR TOWER A DLF PARK 08,MAJO  R ARTERIAL RD NEW TOWN RAJARHAT",,,,,CHINA ,,Singapore,SAHAR AIR CARGO ACC (INBOM4),90221490,459801083343 FLASHLITE INTUIS SPECIFIC FIRMWARE_PACK (PARTSFOR IXR MACHINE),,1.0,NOS ,0.0,5421.07,474ANEQ6WMC85,,
2024-02-01,委内瑞拉,中国,INSTITUTO VENEZOLANO DE LOS SEGUROS,,,,,,,CHINA,,Colon Free Zone,,9022141900,Los demas,,0.0,,482.0,255560.0,5001,,
2024-02-01,乌干达,中国,KYADONDO HOSPITAL SMC LIMITED,ZHAOQING HIGH TECH ZONE ONEBEST TRADE CO LTD,,,,,,CHINA,UGANDA,,,90221400000,X-RAY MACHINE,,1.0,Number,630.0,11616.2401,,,
2024-02-01,乌拉圭,中国,SIEMENS S A,,,,,,,CHINA,,,,9022141910,"EQUIPO RADIOLOGICO <<ARCO EN C>> (PARA USO HUMANO). LOS DEMAS. DE DIAGNOSTICO. LOS DEMAS, PARA USO MEDICO, QUIRURGICO O VETERINARIO. APARATOS DE RAYOS X Y APARATOS QUE UTILICEN RADIACIONES ALFA, BETA GAMMA O DEMAS RADIACIONES IONIZANTES, INCLUSO PA",,1.0,UNIDAD (C/U),600.0,38177.35,,,
2024-02-01,土耳其,中国,HASVET MEDİKAL YAZILIM SAĞLIK HİZMETLERİ SANAYİ VE TİCARET ANONİM ŞİRKETİ,KROLL INTERNATIONALE SPEDITION,,,,,,China,,,MURATBEY GÜMRÜK MÜDÜRLÜĞÜ,902214000000,200.01.05.00005*HASVET838 HF50 50 MA RÖNTGEN CİHAZI,,1.0,ADET(UNIT),32.93,2996.53,24341300IM00018391,,
2024-01-31,土耳其,中国,MONDE TIBBİ MALZEME GIDA HAYVANCILIK İNSAN KAYNAKLARI İNŞAAT İTHALAT İHRACAT SANAYİ VE TİCARET LİMİTED ŞİRKETİ,ÇEŞİTLİ,,,,,,China,,,MURATBEY GÜMRÜK MÜDÜRLÜĞÜ`,902214000000,VETERİNER TEŞHİS CİHAZI (VETERİNER AMAÇLI) TAREKS KAPSAMDIŞI NO: 18160099282013015773484),,6.0,ADET(UNIT),132.0,14082.14,24341300IM00019792,,
2024-01-31,土耳其,中国,MEDİSAN REKLAM MEDİKAL VE METAL SANAYİ LİMİTED ŞİRKETİ,MEDSINGLONG CO LIMITED,,,,,,China,,,İSTANBUL HAVALİMANI GÜMRÜK MÜDÜRLÜĞÜ`,902214000000,TAŞINABİLİR TIBBİ X-RAY RADYOGRAFİ SİSTEMİ,,3.0,ADET(UNIT),63.0,8050.0,24341453IM00061454,,
2024-01-31,哈萨克斯坦,中国,ТОО MEDICAL CARE SERVICE,SHENZHEN ANKE HIGHTECH CO LTD, , ,,,"SHENZHEN ANKE HIGH-TECH CO., LTD",China,Kazakhstan,,,9022140000,"1. СИСТЕМА ЦИФРОВОЙ МАММОГРАФИИ ASR-4000,    СИСТЕМА ЦИФРОВОЙ МАММОГРАФИИ ASR-4000",,1.0,ШТ,992.0,55716.85,,,SHENZHEN ANKE
2024-01-31,土耳其,中国,MONDE TIBBİ MALZEME GIDA HAYVANCILIK İNSAN KAYNAKLARI İNŞAAT İTHALAT İHRACAT SANAYİ VE TİCARET LİMİTED ŞİRKETİ,ÇEŞİTLİ,,,,,,China,,,MURATBEY GÜMRÜK MÜDÜRLÜĞÜ`,902214000000,VETERİNER TEŞHİS CİHAZI (VETERİNER AMAÇLI) (TAREKS KAPSAMDIŞI NO: 18160099282013015773484),,2.0,ADET(UNIT),9.5,11774.4,24341300IM00019792,,
2024-01-31,乌兹别克斯坦,中国,OOO EQUIMED,S L INTERNATIONAL TRADING SHANGHAI CO LTD,,,,,,,,,,9022140000,"1. X-ray diagnostic equipment model XVISION-525 / Оборудование рентгеновское  для диагностики, модель: XVISION-525 с принадлежностями; Кол-во; 2 шт. Производитель: Gemss Healthcare Co., Ltd.  (Корея) - кол. 2 шт, вес: 1520 кг 2. мест 4, 4 дерев.ящик. 3. MAGU2230516/часть - Возвратный 8. 000 9. 024 10. 2023/Новый 11. 02 Общее кол. мест: 4 G31MARKA марка БЕЗ МАРКИ YEAR10 год производ 2023 PARAM10 Характеристика товара Новый",,2.0,Piece,1520.0,110000.0,,,
2024-01-30,乌克兰,中国,ТОВ ЕКНА УКРАЇНА,SHENZHEN LANMAGE MEDICAL TECHNOLOGY CO LTD,,,,,,China,,,,9022140000,"1.Апаратура, що використовує рентгенівське випромінювання, призначена для медичного використання:Апарат рентгенівський діагностичниймобільний.Торговельна назва: Система мобільнарентгенівська радіографічна Keen Ray DR50M - 1комплект.До комплекту входить:-Моноблок, що складається з портативногорентгенівського високочастотного генератора 5,6кВт та рентгенівської трубки (вип ромінювача) на кронштейні, щоскладаєтьс я та кріпиться до мобільного візка -1шт;-Ручний рентгенівський коліматор з індикацією поля зору- 1шт;-Цифровий плоскопанельний детектор рентг енографічного зображення 17""х17"",бездротовий із захисною кришкою-1шт;-Мобільний візок з чотирма колесами та отворами для кріплення-1шт;-Станція візуалізації - робоча станція з ноутбуком (15 дюймів) та професійнимпрограмним забезпеченням -1шт;-Кейс для транспортування рентгена -1шт. Serial Number - DP1223B00392.Номінальна напруга - 220 В змінного струму, 50/60 Гц. Призначення виробів таспосіб дії: для дослідження внутрішніх органів і систем",,1.0,шт,150.0,16500.0,,,
2024-01-30,波兰,中国,CARGO DB EURASIA GMBH P P GE HEALTHCARE GMBH,GE MEDICAL SYSTEM CHINA CO LTD,UL.VIEYSKA 2 | 11,"NO. 19, CHANG JIANG ROAD, WUXI NATIONAL HI-TECH DEVELOPMENT ZONE",,,,,Poland (PL),,,902214,MOBILE X-RAY DEVICE S-DUGI,,2819.0,KG,2819.0,244726.5083,,,
2024-01-30,巴基斯坦,中国,RADIANT MEDICAL PVT LTD,VITRACE INTERNATIONAL FZC,"6-SHERSHAH BLOCK, NEW GARDEN TOWN, LAHORE, Lahore Gulberg Town"," ELOBE OFFICE NO. E21F, PO BOX 54015 HAMRIYAH FREE ZONE UAE",,,,China (CN),,,KAPW,90221400,DRX-RISE MOBILE X-RAY MACHINE WITH STANDARD ACCESSORIES AS PER INVOICE,,3.0,u,1.395,38400.0,HZYHH2023121217,,
2024-01-30,巴基斯坦,中国,RADIANT MEDICAL PVT LTD,VITRACE INTERNATIONAL FZC,"6-SHERSHAH BLOCK, NEW GARDEN TOWN, LAHORE, Lahore Gulberg Town",,,,,China,,,KAPW,90221400,DRX-RISE MOBILE X-RAY MACHINE WITH STANDARD ACCESSORIES AS PER INVOICE,,3.0,u,0.0,38400.0,,,
2024-01-30,土耳其,中国,DENTEM SAĞLIK HİZMETLERİ VE TİCARET LİMİTED ŞİRKETİ,SHENZHEN LANMAGE MEDICAL TECHNOLOGY CO LTD,,,,,,China,,,İSTANBUL HAVALİMANI GÜMRÜK MÜDÜRLÜĞÜ`,902214000000,"SEYYAR RÖNTGEN CİHAZI
ÜTS KAYDI VARDIR.8681863007515",,5.0,ADET(UNIT),128.0,15000.0,24341453IM00056147,,
2024-01-30,墨西哥,中国,GRUPO IMPOTRADE SA DE CV,MINDRAY ANIMAL MEDICAL TECHNOLOGY CO LIMITED,SAN EDUARDO 399 AVENIDA INGLATERRA Y AVENIDA AVIACION,,,,,CHINA,,,,90221491,SISTEMA DE RADIOGRAFIA DIGITAL DE USO VETERINARIO MINDRAY ANIMAL CARE VETIX P8,,1.0,Piece,3383.64,16838.17,,,
2024-01-30,土耳其,中国,METEKS MÜHENDİSLİK HİZMETLERİ VE TİCARET LİMİTED ŞİRKETİ,ANGEL ISK TRADING LIMITED,,,,,,China,,,MURATBEY GÜMRÜK MÜDÜRLÜĞÜ`,902214000000,X-RAY MEDİKAL GÖRÜNTÜLEME CİHAZI -1  SETTİR ( AKSAM VE AKSESUARLARI  İLE BİRLİKTE,,1.0,ADET(UNIT),945.0,41400.0,24341300IM00017962,,
2024-01-30,乌干达,中国,ELBOW ENGINEERING CO LIMITED,GTC INTERNATIONAL LOGISTICS LTD,,,,,,CHINA,UGANDA,,,90221400000,X-RAY MACHINE WITH CR-SYSTEM AND X-RAY PRINTER,,1.0,Number,600.0,2798.6402,,,
2024-01-30,波兰,中国,CARGO DB EURASIA GMBH P P GE MEDICAL SYSTEMS SCS,BEIJING GE HANGWEI MEDICAL EQUIPMENT CO LTD,UL.VIEYSKA 2 | 11,No. 1 NORTH YONG CHANG STREET BEIJING ECONOMIC & TECHNOLOGICAL DEVELOPMENT AREA,,,,,Poland (PL),,,902214,"MOBILE X-RAY DEVICE C-ARM, SYSTEM OF X-RAY CAMERAS | EQUIPMENT FOR USE OF X-RAY DEVICES",,3686.5,KG,3686.5,168149.328,,,
2024-01-30,波兰,中国,CARGO DB EURASIA GMBH P P GE MEDICAL SYSTEMS SCS C O BOVIS ZI,BEIJING GE HANGWEI MEDICAL EQUIPMENT CO LTD,UL.VIEYSKA 2 | 11,No. 1 NORTH YONG CHANG STREET BEIJING ECONOMIC & TECHNOLOGICAL DEVELOPMENT AREA,,,,,Poland (PL),,,902214,X-RAY DEVICE,,3162.5,KG,3162.5,129584.9683,,,
2024-01-30,哈萨克斯坦,中国,ТОО MEDICAL CARE SERVICE,SHENZHEN ANKE HIGHTECH CO LTD, , ,,,"SHENZHEN ANKE HIGH-TECH CO., LTD",China,Kazakhstan,,,9022140000,"1. СИСТЕМА ЦИФРОВОЙ МАММОГРАФИИ ASR-4000,    СИСТЕМА ЦИФРОВОЙ МАММОГРАФИИ ASR-4000",,1.0,ШТ,992.0,55717.09,,,SHENZHEN ANKE
2024-01-29,巴基斯坦,中国,FUJIFILM PAKISTAN PVT LTD,FUJIFILM HEALTHCARE ASIA PACIFIC PTE LTD,37-D BLOCK-6 P.E.C.H.S.  ,,,,,China,,,KAPW,90221400,(MEDICAL X-RAY EQUIPMENT). FDR SE LITE SINGLE SYSTEM FDR SE LITE SINGLE FPD SYSTEM G35 MARS 14X17XF-GSI DETECTOR WITH ACCESSORIES SE CONSOLE. (QTY. 2UNITS).,,2.0,u,0.0,32980.0,,,
2024-01-29,越南,中国,CÔNG TY TNHH SUPERWELL TECHNOLOGY VIỆT NAM,LIUYANG VOLITION MEDICAL EQUIPMENT CO LTD,"T16, Nam Cuong Building, Duong Noi Urban Area, Km4 To Huu Street, La Khe Ward, Ha Dong District, Hanoi, Vietnam","76 JIANSHOU AVE, ECONOMIC AND TECHNOLOGICAL, DEVELOPMENT ZONE, LIUYANG, HUNAN, CHINA, CN",,,,China,,,,90221400,"Hệ thống X-quang chẩn đoán  và phụ kiện đi kèm (không gồm tấm nhận ảnh và máy tính), Mã: Picke 1800 DR/500, Hãng sx: Liu Yang Volition Medical Equipment Co.,Ltd,Mới 100%,Diagnostic X-ray system and accompanying accessories (excluding image recognition plate and computer), Code: Picke 1800 DR/500, Manufacturer: Liu Yang Volition Medical Equipment Co.,Ltd,100% new",,3.0,Set,0.0,25500.0,,,
2024-01-29,孟加拉国,中国,TECHNO MEDICAL SYSTEM,TRIUP INTERNATIONAL CORP CHINA,"House- 16,(2nd floor), Road-02,",,,,,China,,,,90221400,X-RAY UNIT M; TR300A,,8.0,,4400.0,49280.0,,,
2024-01-29,菲律宾,中国,GENERAL ELECTRIC PHILS INC,BEIJING GE HUALUN MEDICAL EQUIPMENT,"12F ORE CENTRAL, 31ST STREET COR 9TH AVE, BONIFACIO,GLOBAL CITY TAGUIG CITY",,,,,CHINA,,,,90221400000,1 EA OEC ONE CFD21 VASCULAR 25 [S20205GS],,1.0,,403.2,42755.9,42K0043587,,
2024-01-29,墨西哥,中国,GE SISTEMAS MEDICOS DE MEXICO SA DE CV,GE HUALUN MEDICAL SYSTEMS CO LTD,"ANTONIO DOVALI JAIME 70 TORRE B PISO 4 AVENIDA JAVIER BARROS SIERRA Y AVENIDA SANTA FE

Ciudad de Mexico
01210","YONG CHANG NORTH ROAD
BEIJINGCHINA

100176",,,,CHINA,,,NUEVO LAREDO NUEVO LAREDO TAMAULIPAS.,9022149199,OEC ONE SISTEMA DE RAYOS X CON BRAZO EN C MOVIL,,1.0,PIECE,507.0,23196.22,,,
2024-01-29,巴基斯坦,中国,FUJIFILM PAKISTAN PVT LTD,FUJIFILM HEALTHCARE ASIA PACIFIC PTE LTD,37-D BLOCK-6 P.E.C.H.S.  , 10-NEW INDUSTRIAL ROAD FUJIFILM BUILDING SINGAPORE 536201,,,,China (CN),,,KAPW,90221400,(MEDICAL X-RAY EQUIPMENT). FDR SE LITE SINGLE SYSTEM FDR SE LITE SINGLE FPD SYSTEM G35 MARS 14X17XF-GSI DETECTOR WITH ACCESSORIES SE CONSOLE. (QTY. 2UNITS).,,2.0,u,0.085,32980.0,SSINS2327751,,
2024-01-29,巴基斯坦,中国,PATIENTS AID FOUNDATION,SHENZHEN BROWINER TECH CO LTD,RAFIQUE SHAHEED ROAD  , ROOM 501 BUILDING C GANGHONGJI HIGH-TECH INTELLIGENT INDUSTRIAL PARK NO 1008 SONGBAI ROAD YANGGUANG COMMUNITY XILI STREET NANSHAN DISTRICT 518055 SHENZHEN,,,,China (CN),,,KAPW,90221400,1. MOBILE DIGITAL RADIOGRAPHY SYSTEM WITH ALL STD ACCESSORIES  MODEL:BEATLE-06P2  S/N:BRW149202311001  QTY=01 SET  NET WT=140 KGS APPROX,,1.0,u,0.14,28000.0,LGZKHI23C25319PH,,
2024-01-29,孟加拉国,中国,TECHNO MEDICAL SYSTEM,TRIUP INTERNATIONAL CORP CHINA,"House- 16,(2nd floor), Road-02,",,,,,China,,,,90221400,X-RAY UNIT M; TR300A,,8.0,NMB,4400.0,49280.0,,,
2024-01-29,巴基斯坦,中国,PATIENTS AID FOUNDATION,SHENZHEN BROWINER TECH CO LTD,RAFIQUE SHAHEED ROAD  ,,,,,China,,,KAPW,90221400,MOBILE DIGITAL RADIOGRAPHY SYSTEM WITH ACCESSORIES XSDD001148 (01-UNIT) FOR PATIENTS AID FOUNDATION.,,1.0,u,0.0,28000.0,,,
2024-01-29,印度,中国,EPSILON HEALTHCARE SOLUTIONS PRIVATE LIMITED,LIAONING DTKL TECHNOLOGY CO LTD,"G 1 -57 RIICO INDUSTRIAL AREA,EXTE  NSION  PHASE.2 BAGRU",,,,,CHINA ,,Shanghai,DELHI AIR CARGO ACC (INDEL4),90221410,"65KW GENERATOR, 380V FY SOFTWARE WITH LIFELONG UPGRATING (DTKL65HF) (X-RAY GENERATOR)",,2.0,NOS ,0.0,8800.0,LBOYNX8ZSMDEN,,
2024-01-27,印度,中国,PHILIPS INDIA LIMITED,PHILIPS ELECTRONICS SINGAPORE PTE LTD,"3RD FLOOR TOWER A DLF PARK 08,MAJO  R ARTERIAL RD NEW TOWN RAJARHAT",,,,,CHINA ,,Singapore,SAHAR AIR CARGO ACC (INBOM4),90221490,459801258192 FLOAT MAGNET BRAKE ASSEMBLY PACK (PARTS FOR IXRMACHINE),,1.0,NOS ,0.0,174.92,GCEMOI4GH7QEO,,
2024-01-27,印度,中国,SHRI JAIPAL SINGH SHARMA TRUST,SIEMENS HEALTHINEERS INTERNATIONAL AG,"40-ADDL SIHANI GATE SCHEME,  ",,,,,CHINA ,,Xingang,NHAVA SHEVA SEA (INNSA1),90221490,LINEAR ACCELERATOR HALCYON FOR MEDICAL APPLICATION,,1.0,SET ,0.0,867351.0,R9EWAMGXOVQ59,,
2024-01-27,波兰,中国,CARGO DB EURASIA GMBH P P GE MEDICAL SYSTEMS SCS,BEIJING GE HANGWEI MEDICAL EQUIPMENT CO LTD,UL.VIEYSKA 2 | 11,No. 1 NORTH YONG CHANG STREET BEIJING ECONOMIC & TECHNOLOGICAL DEVELOPMENT AREA,,,,,Poland (PL),,,902214,"MEDICAL (MOBILE X-RAY DEVICE, SYSTEM OF THE X-RAY CAMERA | EQUIPMENT FOR USE OF THE X-RAY DEVICE)",,3272.5,KG,3272.5,145164.2197,,,
2024-01-27,印度,中国,PHILIPS INDIA LIMITED,PHILIPS ELECTRONICS SINGAPORE PTE LTD,"3RD FLOOR TOWER A DLF PARK 08,MAJO  R ARTERIAL RD NEW TOWN RAJARHAT",,,,,CHINA ,,Singapore,SAHAR AIR CARGO ACC (INBOM4),90221490,459800669934 JOYSTICKHEAD KIT (PARTS FOR IXR MACHINE),,1.0,NOS ,0.0,103.54,GCEMOI4GH7QEO,,
2024-01-27,印度,中国,PHILIPS INDIA LIMITED,PHILIPS ELECTRONICS SINGAPORE PTE LTD,"3RD FLOOR TOWER A DLF PARK 08,MAJO  R ARTERIAL RD NEW TOWN RAJARHAT",,,,,CHINA ,,Singapore,SAHAR AIR CARGO ACC (INBOM4),90221490,459801264572 BALANCER UNIT CLEA3 PACKED (PARTS FOR IXR MACHINE),,1.0,NOS ,0.0,846.77,GCEMOI4GH7QEO,,
2024-01-27,印度,中国,PHILIPS INDIA LIMITED,PHILIPS ELECTRONICS SINGAPORE PTE LTD,"3RD FLOOR TOWER A DLF PARK 08,MAJO  R ARTERIAL RD NEW TOWN RAJARHAT",,,,,CHINA ,,Singapore,SAHAR AIR CARGO ACC (INBOM4),90221490,459800932361 NEW LONG TRAVEL BRAKE ASSY-TABLE PACK (PARTS FOR MEDICAL EQUIPMENT),,1.0,NOS ,0.0,172.3,GCEMOI4GH7QEO,,
2024-01-26,俄罗斯,中国,ООО РЕН ИНН МЕД,SINO MEDICAL DEVICE TECHNOLOGY CO LTD,"125362, , Г. МОСКВА, СВОБОДЫ УЛИЦА, ДОМ 35,СТР.11,ЭТАЖ 1.ПОМ. I. КОМ. 1,","518053, NANSHAN DISTRICT, SHENZHEN, 6TH FLOOR, BUILDING 15, NO.1008 SONGBAI ROAD.",,,SINO MEDICAL DEVICE TECHNOLOGY CO LTD,China,Russia,,,9022140000,ААППАРАТУРА НА ОСНОВЕ РЕНТГЕНОВСКОГО ИЗЛУЧЕНИЯ РАДИОАКТИВНЫЙ ИСТОЧНИК ОТСУТСВУЕТ:МАМОГРАФ В РАЗОБРАННОМ\НЕЗАВЕРШЕННОМ ВИДЕ:,,2.0,ШТ,809.6,85729.81,,,SINO
2024-01-26,墨西哥,中国,GE SISTEMAS MEDICOS DE MEXICO SA DE CV,GE HUALUN MEDICAL SYSTEMS CO LTD,"ANTONIO DOVALI JAIME 70 TORRE B PISO 4 AVENIDA JAVIER BARROS SIERRA Y AVENIDA SANTA FE

Ciudad de Mexico
01210","YONG CHANG NORTH ROAD
BEIJINGCHINA

100176",,,,CHINA,,,NUEVO LAREDO NUEVO LAREDO TAMAULIPAS.,9022149199,OEC ONE SISTEMA DE RAYOS X CON BRAZO EN C MOVIL,,1.0,PIECE,502.0,30396.27,,,
2024-01-25,厄瓜多尔,中国,ORIMEC ORIENTAL MEDICAL DEL ECUADOR C A,BEIJING GE HUALUN MEDICAL EQUIPMENT CO LTD,,,,,,ESTADOS UNIDOS,,CNTXG-,,9022140000,EQUIPOS DE RAYOS X / MODELO BRIVO 785 NEW CONFING3-2016 / ITEM S20002HW - 251658,,1.0,NUMERO DE UNIDADES,622.0,39078.298,CEC2024MAEU0012,,GE
2024-01-25,哥伦比亚,中国,PROMED COLOMBIA S A S,NANJING PERLOVE MEDICAL EQUIPMENT CO LTD,CR 24 # 22 23,NO.168 KAIYUAN ROAD JIANGNING DISTR,,,,CHINA,,,,9022140000,"DO 3I231158 PEDIDO TRAMITE: IMP-200 DECLARACION(2-4) // MERCANCIA NUEVA // NOS ACOGEMOS AL DECRETO 1881 DEL 2021, GRAVAM",,3.0,NUMERO DE ARTICULOS,710.0,279573.15,,,
2024-01-25,厄瓜多尔,中国,ORIMEC ORIENTAL MEDICAL DEL ECUADOR C A,BEIJING GE HUALUN MEDICAL EQUIPMENT CO LTD,,,,,,ESTADOS UNIDOS,,CNTXG-,,9022140000,EQUIPOS DE RAYOS X / MODELO BRIVO 785 NEW CONFING3-2016 / ITEM S20002HW - 251659,,1.0,NUMERO DE UNIDADES,622.0,39078.298,CEC2024MAEU0012,,GE
2024-01-25,厄瓜多尔,中国,ORIMEC ORIENTAL MEDICAL DEL ECUADOR C A,BEIJING GE HUALUN MEDICAL EQUIPMENT CO LTD,,,,,,ESTADOS UNIDOS,,CNTXG-,,9022140000,EQUIPOS DE RAYOS X / MODELO BRIVO 785 NEW CONFING3-2016 / ITEM S20002HW - 251661,,1.0,NUMERO DE UNIDADES,622.0,39078.298,CEC2024MAEU0012,,GE
2024-01-25,厄瓜多尔,中国,ORIMEC ORIENTAL MEDICAL DEL ECUADOR C A,BEIJING GE HUALUN MEDICAL EQUIPMENT CO LTD,,,,,,ESTADOS UNIDOS,,CNTXG-,,9022140000,EQUIPOS DE RAYOS X / MODELO BRIVO 785 NEW CONFING3-2016 / ITEM S20002HW - 251660,,1.0,NUMERO DE UNIDADES,622.0,39078.298,CEC2024MAEU0012,,GE
2024-01-25,印度,中国,MIDORI SOLUTIONS PRIVATE LIMITED,MEKITEC OY,"23-A, Ground floor, KH.No. 77/11,Bl  near DS sainik model school,",,,,,CHINA ,,Qingdao,NHAVA SHEVA SEA (INNSA1),90221490,MIDMEKI FOOD INSPECTION SYSTEM,,1.0,NOS ,0.0,32252.0,15MW4VR9BJEXP,,
2024-01-25,印度,中国,MIDORI SOLUTIONS PRIVATE LIMITED,MEKITEC OY,"23-A, Ground floor, KH.No. 77/11,Bl  near DS sainik model school,",,,,,CHINA ,,Qingdao,NHAVA SHEVA SEA (INNSA1),90221490,MEKI FOOD INSPECTION SYSTEM,,1.0,NOS ,0.0,20500.0,15MW4VR9BJEXP,,
2024-01-25,乌干达,中国,KAATIS U LIMITED,EVERBELIEVE SUPPLY CHAIN LTD,,,,,,CHINA,UGANDA,,,90221400000,ANALOG XRAY MACHINE,,1.0,Number,694.0,3723.9999,,,
2024-01-25,厄瓜多尔,中国,ORIMEC ORIENTAL MEDICAL DEL ECUADOR C A,BEIJING GE HUALUN MEDICAL EQUIPMENT CO LTD,,,,,,ESTADOS UNIDOS,,CNTXG-,,9022140000,EQUIPOS DE RAYOS X / MODELO BRIVO 785 NEW CONFING3-2016 / ITEM S20002HW - 251662,,1.0,NUMERO DE UNIDADES,622.0,39078.298,CEC2024MAEU0012,,GE
2024-01-25,哥伦比亚,中国,PERSONA NATURAL,ARI MEDICAL TECHNOLOGY CO LTD,,"BLOCK C, CC PARK, NO.728 LANZHOU RO",,,,CHINA,,,,9022140000,DO BUNI0212424-001 DECLARACION(1-6) MERCANCIA NUEVA // REGISTRO DE IMPORTACION REG-50011144-20240122N DE FECHA DE APROBA,,1.0,NUMERO DE ARTICULOS,225.0,9664.9,,,
2024-01-25,智利,中国,,,,,,,,CHINA,,Shanghai,San Antonio,90221490,LOS DEMAS APARATOS PARA USO VETERINARIO,,1.0,UNIDADES,378.0,13003.36,(M)371212380(H)CCFSHVAP2300099,,
2024-01-24,墨西哥,中国,GE SISTEMAS MEDICOS DE MEXICO SA DE CV,GE HUALUN MEDICAL SYSTEMS CO LTD,"ANTONIO DOVALI JAIME 70 TORRE B PISO 4 AVENIDA JAVIER BARROS SIERRA Y AVENIDA SANTA FE

Ciudad de Mexico
01210","YONG CHANG NORTH ROAD
BEIJINGCHINA

100176",,,,CHINA,,,NUEVO LAREDO NUEVO LAREDO TAMAULIPAS.,9022149199,OEC ONE SISTEMA DE RAYOS X CON BRAZO EN C MOVIL,,1.0,PIECE,502.0,30492.38,,,
2024-01-24,菲律宾,中国,ELAN VITA DIAGNOSTIC SOLUTIONS,SHENZHEN ANGELL TECHNOLOGY CO LTD,"NO. 78 BAYANIHAN VILLAGE, QUIOT PARDO CEBU CITY,CEBU CITY",,,,,CHINA,,,,90221400000,DIGITAL MEDICAL X-RAY RADIOGRAPHIC SYSTEM DM156A,,1.0,PIECE,646.0,76798.8,EGLV149308240197,,
2024-01-24,秘鲁,中国,VETERINARIA VIOLETA E I R L,NO DISPONIBLE,,,,,,CHINA,,Huangpu,,9022140000,"MÁQUINA VETERINARIA, YSENMED, YSDR- VET200 MÁQUINA VETERINARIA DE RAYOS X DIGITAL 20KW/320MA, NÚMERO DEL ARTÍCULO: YSDR- VET200 MÁQUINA DE USO VETERINARIO PARA TOMA DE RADIOGRAFÍAS DIGITAL EN ANIMALES MENORES. MÁQUINA VETERINARIA DE RAYOS X DIGITAL METAL,,,,,",,1.0,U,275.0,8913.732,,,
2024-01-23,哥伦比亚,中国,RAYOS X TECNOLOGIA RADIOLOGICA S A,SHENZHEN ANGELL TECHNOLOGY CO LTD,CL 30A # 81 67,"ROOM 408, BLOCK A, HUAHAN INNOVATIO",,,,CHINA,,,,9022140000,DO IMA240011 PEDIDO ANGELL GUIA WJL2312133 DECLARACION 1 DE 3FACTURA(S):H20231030-COLOMBIA-ZSIX01//MERCANCIA NUEVA. NO,,16.0,NUMERO DE ARTICULOS,335.41,31697.27,,,
2024-01-23,越南,中国,CÔNG TY TNHH THIẾT BỊ Y TẾ TẤT THÀNH,TRIUP INTERNATIONAL CORP,"No. 82A Yen Binh Street, Phuc La Ward, Ha Dong District, Hanoi City, Vietnam","8 FLOOR, FENGHUANG CULTURE, BUILDING B, 215 JIANGDONG MIDDLE, ROAD, NINJING, CHINA, CN",,,,China,,,,90221400,"Máy chụp X-Quang Model: TR300A dùng trong y tế, nhà sản xuất Triup International Corp, mới 100%,X-ray machine Model: TR300A for medical use, manufacturer Triup International Corp, 100% new",,8.0,Set,0.0,47600.0,,,
2024-01-22,波兰,中国,CARGO DB EURASIA GMBH P P GE HEALTHCARE GMBH,GE HANGWEI MEDICAL SYSTEMS CO LTD,ST. OF VIYEYSK 2 | 11,No. 1 NORTH YONG CHANG STREET BEIJING ECONOMIC & TECHNOLOGICAL DEVELOPMENT AREA,,,,,Poland (PL),,,902214,MOBILE X-RAY DEVICE,,297.0,KG,297.0,28202.0804,,,
2024-01-22,斯里兰卡,中国,S Q MARKETING,NINGBO FUCHUN CO LTD,52 YASODARA MW DEHIWALA EREG COMP,18/F.. NO 151 YAOHANG STREET NINGBO CHINA,,,,CHINA,,,,90221400,"X-RAY FILM VIEWER,",,15.0,NIU,112.0,524.73,,,
2024-01-22,土耳其,中国,HASVET MEDİKAL YAZILIM SAĞLIK HİZMETLERİ SANAYİ VE TİCARET ANONİM ŞİRKETİ,SMART BEE INTERNATIONAL LIMITED,,,,,,China,,,İSTANBUL HAVALİMANI GÜMRÜK MÜDÜRLÜĞÜ`,902214000000,VETERİNERLİK AMAÇLI RÖNTGEN CİHAZI,,14.0,ADET(UNIT),280.0,30569.72,24341453IM00037487,,
2024-01-22,波兰,中国,CARGO DB EURASIA GMBH P P GE HEALTHCARE GMBH,GE HANGWEI MEDICAL SYSTEMS CO LTD,ST. OF VIYEYSK 2 | 11,No. 1 NORTH YONG CHANG STREET BEIJING ECONOMIC & TECHNOLOGICAL DEVELOPMENT AREA,,,,,Poland (PL),,,902214,X-RAY EQUIPMENT,,617.0,KG,617.0,22116.0313,,,
2024-01-22,乌干达,中国,SURGIMED UGANDA LIMITED,ELEKTRO GENESIS MIDDLE EAST LLCUAE,,,,,,CHINA,UGANDA,,,90221400000,X RAY ACCESSORIES,,212.0001,Number,1298.0001,40929.9999,,,
2024-01-22,土耳其,中国,HASVET MEDİKAL YAZILIM SAĞLIK HİZMETLERİ SANAYİ VE TİCARET ANONİM ŞİRKETİ,SMART BEE INTERNATIONAL LIMITED,,,,,,China,,,İSTANBUL HAVALİMANI GÜMRÜK MÜDÜRLÜĞÜ`,902214000000,RÖNTGEN CİHAZI,,1.0,ADET(UNIT),20.0,2183.55,24341453IM00037487,,
2024-01-22,俄罗斯,中国,ООО ПЕРОБЕЛЛ,JSC AVIACIJOS PASLAUGU CENTRAS ON BEHALF OF CJSC ALLIANCE SOLUTIONS,"143409, МОСКОВСКАЯ, КРАСНОГОРСК, УЛ. УСПЕНСКАЯ, Д.5, ПОМ14, ОФИС 501-1,","LT-54459, , KAUNAS REGION, РIEVIJ STR.L, KARMELAVA, .,..",,,GE HUALUN MEDICAL SYSTEMS CO LTD,China,Russia,,,9022140000,"АППАРАТУРА НА ОСНОВЕ РЕНТГЕНОВСКОГО ИЗЛУЧЕНИЯ ДЛЯ МЕДИЦИНСКОГО,ХИРУРГИЧЕСКОГО ИЛИ ВЕТЕРИНАРНОГО ИСПОЛЬЗОВАНИЯ,ПРОЧАЯ:",,1.0,ШТ,1320.0,100555.03,,,GE
2024-01-22,乌兹别克斯坦,中国,ООО AZZA MED,SHENZHEN BROWINER TECH CO LTD,,,,,,,,,,9022140000,"1. Медицинское оборудование: Портативная рентгенографическая система Beatle-05P с принадлежностями, новая 2023 год вып, Производитель: Shenzhen Browiner Tech Co., Ltd/Китай-Вес 174 кг.  Кол. 2 шт  2. Всего мест-8 (8 дерев. ящик) 8. Код инвестиционных проектов:000 9. Код основных сфер 001 10. 2023 г. / Медицинское оборудование: Портативная рентгенографическая система Beatle-05P с принадлежностями, новая 2023 год вып, Производитель: Shenzhen Browiner Tech Co., Ltd/Китай 11. Код государственны G31MARKA марка Browiner YEAR10 год производ 2023 PARAM10 Характеристика товара Медицинское оборудование: Портативная рентгенографическая система Beatle-05P с принадлежностями, новая 2023 год вып, Производитель: Shenzhen Browiner Tech Co., Ltd/Китай",,2.0,Piece,174.0,30000.0,,,
2024-01-21,哈萨克斯坦,中国,MEDIKAL SERVICE KAZAKHSTAN LTD LIABILITY COMPANY,MEDI FUTURE INC,"Zharokov St., 39, sq. (office) 121", ,,,,,Kazakhstan (KZ),,,902214,system x-ray digital,,870.0,KG,870.0,60000.0,,,
2024-01-20,印度,中国,WIPRO GE HEALTHCARE PRIVATE LIMITED,GE HEALTHCARE GLOBAL PARTS COMPANY INC,"NO4, KADUGODI INDUSTRIAL AREA,  ",,,,,CHINA ,,Singapore,BANGALORE ACC (INBLR4),90221410,5495657-2 FRU DJINN TONIX GENERATOR (FOR COMPUTED TOMOGRAPHYSCANNER),,1.0,NOS ,0.0,5383.38,0V7IVV4F48SNF,,
2024-01-19,厄瓜多尔,中国,ORIMEC ORIENTAL MEDICAL DEL ECUADOR C A,BEIJING GE HUALUN MEDICAL EQUIPMENT CO LTD,,,,,,ESTADOS UNIDOS,,CNTXG-,,9022140000,EQUIPOS DE RAYOS X / MODELO BRIVO 785 NEW CONFING3-2016 / ITEM S20002HW - 251510,,1.0,NUMERO DE UNIDADES,622.0,38293.998,CEC2024MAEU0008,,GE
2024-01-19,厄瓜多尔,中国,ORIMEC ORIENTAL MEDICAL DEL ECUADOR C A,BEIJING GE HUALUN MEDICAL EQUIPMENT CO LTD,,,,,,ESTADOS UNIDOS,,CNTXG-,,9022140000,EQUIPOS DE RAYOS X / MODELO BRIVO 785 NEW CONFING3-2016 / ITEM S20002HW - 251509,,1.0,NUMERO DE UNIDADES,622.0,38293.998,CEC2024MAEU0008,,GE
2024-01-19,波兰,中国,DB CARGO EURASIA GMBH P P GE MEDICAL SYSTEMS SCS,BEIJING GE HANGWEI MEDICAL EQUIPMENT CO LTD,ST. OF VIYEYSK 2 | 11,No. 1 NORTH YONG CHANG STREET BEIJING ECONOMIC & TECHNOLOGICAL DEVELOPMENT AREA,,,,,Poland (PL),,,902214,MOBILE X-RAY DEVICE S-DUGI,,1308.0,KG,1308.0,75913.201,,,
2024-01-19,越南,中国,CÔNG TY TNHH SUPERWELL TECHNOLOGY VIỆT NAM,LIUYANG VOLITION MEDICAL EQUIPMENT CO LTD,"T16, Nam Cuong Building, Duong Noi Urban Area, Km4 To Huu Street, La Khe Ward, Ha Dong District, Hanoi, Vietnam","76 JIANSHOU AVE, ECONOMIC AND TECHNOLOGICAL, DEVELOPMENT ZONE, LIUYANG, HUNAN, CHINA, CN",,,,China,,,,90221400,"Hệ thống X-quang chẩn đoán  và phụ kiện đi kèm (không gồm tấm nhận ảnh và máy tính), Mã: Picke 1800 DR/400, Hãng sx: Liu Yang Volition Medical Equipment Co.,Ltd,Mới 100%,Diagnostic X-ray system and accompanying accessories (excluding image recognition plate and computer), Code: Picke 1800 DR/400, Manufacturer: Liu Yang Volition Medical Equipment Co., Ltd, 100% new",,2.0,Set,0.0,17000.0,,,
2024-01-19,厄瓜多尔,中国,ORIMEC ORIENTAL MEDICAL DEL ECUADOR C A,BEIJING GE HUALUN MEDICAL EQUIPMENT CO LTD,,,,,,ESTADOS UNIDOS,,CNTXG-,,9022140000,EQUIPOS DE RAYOS X / MODELO BRIVO 785 NEW CONFING3-2016 / ITEM S20002HW - 251507,,1.0,NUMERO DE UNIDADES,622.0,38293.998,CEC2024MAEU0008,,GE
2024-01-19,厄瓜多尔,中国,ORIMEC ORIENTAL MEDICAL DEL ECUADOR C A,BEIJING GE HUALUN MEDICAL EQUIPMENT CO LTD,,,,,,ESTADOS UNIDOS,,CNTXG-,,9022140000,EQUIPOS DE RAYOS X / MODELO BRIVO 785 NEW CONFING3-2016 / ITEM S20002HW - 251511,,1.0,NUMERO DE UNIDADES,622.0,38293.998,CEC2024MAEU0008,,GE
2024-01-19,厄瓜多尔,中国,ORIMEC ORIENTAL MEDICAL DEL ECUADOR C A,BEIJING GE HUALUN MEDICAL EQUIPMENT CO LTD,,,,,,ESTADOS UNIDOS,,CNTXG-,,9022140000,EQUIPOS DE RAYOS X / MODELO BRIVO 785 NEW CONFING3-2016 / ITEM S20002HW - 251508,,1.0,NUMERO DE UNIDADES,622.0,38293.998,CEC2024MAEU0008,,GE
2024-01-19,厄瓜多尔,中国,ORIMEC ORIENTAL MEDICAL DEL ECUADOR C A,BEIJING GE HUALUN MEDICAL EQUIPMENT CO LTD,,,,,,ESTADOS UNIDOS,,CNTXG-,,9022140000,EQUIPOS DE RAYOS X / MODELO BRIVO 785 NEW CONFING3-2016 / ITEM S20002HW - 251512,,1.0,NUMERO DE UNIDADES,622.0,38293.998,CEC2024MAEU0008,,GE
2024-01-19,智利,中国,,,,,,,,CHINA,,other ports of china,San Antonio,90221411,APARATOS DE RAYOS X PARA RADIOTERAPIA,,1.0,UNIDADES,164.0,1279.14,)025D768135(H)LGZVPR23B28271SZ,,
2024-01-18,坦桑尼亚,中国,QIRO GROUP COMPANY LIMITED,NUCTECH JIANGSU CO LTD,,,,,,China,Zanzibar,,,902214000000,XRAY GENERATOR,,2.0,NMB,90.0,200.5,3743066014,,
2024-01-18,乌兹别克斯坦,中国,ООО AZZA MED,SHENZHEN BROWINER TECH CO LTD,,,,,,,,,,9022140000,"1. Портативная рентгенографическая система Beatle-05P с принадлежностями, новая 2023 год вып, Производитель: Shenzhen Browiner Tech Co., Ltd/Китай-Вес 87 кг.  Кол. 1 шт  2. Всего мест-2 (2 дерев. ящик) 8. Код инвестиционных проектов:000 9. Код основных сфер 001 10. 2023 г. / Портативная рентгенографическая система Beatle-05P с принадлежностями, новая 2023 год вып, Производитель: Shenzhen Browiner Tech Co., Ltd/Китай 11. Код государственных закупок 02 G31MARKA марка Browiner YEAR10 год производ 2023 PARAM10 Характеристика товара Портативная рентгенографическая система Beatle-05P с принадлежностями, новая 2023 год вып, Производитель: Shenzhen Browiner Tech Co., Ltd/Китай",,1.0,Piece,87.0,15000.0,,,
2024-01-18,印度,中国,WIPRO GE MEDICAL DEVICE MANUFACTURING PRIVATE LIMI,GE HUALUN MEDICAL SYSTEMS CO LTD,"No.4, Kadugodi Industrial Area, Sad  Whitefield, Bangalore",,,,,CHINA ,,Tianjin,BANGALORE,90221490,5521321-4 - SYSTEM GANTRY HLA FOR OPTIMA IGS 320 - INDIA SEMI FINISHED (PARTS FOR MANUFACTURING OF IGS 320/OPTIMA IGS 32,,1.0,PCS ,0.0,88095.4,9I0CT57XF9UQS,,
2024-01-18,孟加拉国,中国,TECHNO MEDICAL SYSTEM,TRIUP INTERNATIONAL CORP CHINA,"House- 16,(2nd floor), Road-02,",,,,,China,,,,90221400,X-RAY MEDICAL EQUIPMENT M: TR-50N,,1.0,,620.0,10000.0,,,
2024-01-18,孟加拉国,中国,A S F SYNDICATE,HONGKONG WANDEFUL TRADING CO LTD HO,"720,(2ND floor) HAJI CAMP ROAD,",,,,,China,,,,90221400,X-RAY GENERATOR,,2.0,NMB,100.0,100.0,,,
2024-01-18,孟加拉国,中国,TECHNO MEDICAL SYSTEM,TRIUP INTERNATIONAL CORP CHINA,"House- 16,(2nd floor), Road-02,",,,,,China,,,,90221400,X-RAY MEDICAL EQUIPMENT M: TR-50N,,1.0,NMB,620.0,10000.0,,,
2024-01-18,乌兹别克斯坦,中国,ООО AZZA MED,SHENZHEN BROWINER TECH CO LTD,,,,,,,,,,9022140000,"1. ЦИФРОВАЯ РЕНТГЕНОГРАФИЧЕСКАЯ СИСТЕМА, МОБИЛЬНАЯ СИСТЕМА C-ARM, МОДЕЛЬ COMPAX 500C, новая 2023 год вып, Производитель: Shenzhen Browiner Tech Co., Ltd-Вес 538 кг.  Кол. 1 шт  2. Всего мест-2 (2 дерев. ящик) 8. Код инвестиционных проектов:000 9. Код основных сфер 001 10. 2023 г. / ЦИФРОВАЯ РЕНТГЕНОГРАФИЧЕСКАЯ СИСТЕМА, МОБИЛЬНАЯ СИСТЕМА C-ARM, МОДЕЛЬ COMPAX 500C, новая 2023 год вып, Производитель: Shenzhen Browiner Tech Co., Ltd 11. Код государственных закупок 02 G31MARKA марка Browiner YEAR10 год производ 2023 PARAM10 Характеристика товара ЦИФРОВАЯ РЕНТГЕНОГРАФИЧЕСКАЯ СИСТЕМА, МОБИЛЬНАЯ СИСТЕМА C-ARM, МОДЕЛЬ COMPAX 500C, новая 2023 год вып, Производитель: Shenzhen Browiner Tech Co., Ltd",,1.0,Piece,538.0,30000.0,,,
2024-01-18,乌兹别克斯坦,中国,ООО AZZA MED,SHENZHEN BROWINER TECH CO LTD,,,,,,,,,,9022140000,"1. ЦИФРОВАЯ РЕНТГЕНОГРАФИЧЕСКАЯ СИСТЕМА МОДЕЛЬ: PERFOX3000A, новая 2023 год вып, Производитель: Shenzhen Browiner Tech Co., Ltd-Вес 850 кг.  Кол. 1 шт  2. Всего мест-4 (4 дерев. ящик) 8. Код инвестиционных проектов:000 9. Код основных сфер 001 10. 2023 г. / ЦИФРОВАЯ РЕНТГЕНОГРАФИЧЕСКАЯ СИСТЕМА МОДЕЛЬ: PERFOX3000A, новая 2023 год вып, Производитель: Shenzhen Browiner Tech Co., Ltd 11. Код государственных закупок 02 G31MARKA марка Browiner YEAR10 год производ 2023 PARAM10 Характеристика товара ЦИФРОВАЯ РЕНТГЕНОГРАФИЧЕСКАЯ СИСТЕМА МОДЕЛЬ: PERFOX3000A, новая 2023 год вып, Производитель: Shenzhen Browiner Tech Co., Ltd",,1.0,Piece,850.0,29000.0,,,
2024-01-18,喀麦隆,中国,HOPITAL ADVENTISTE DE KOZA,SHENGGUANG IMP & EXP CO LTD,,,,,,Chine,Cameroun,,,902214000000,Mat�riel medical,,5.0,KGM,38.0,2192.8019,,,
2024-01-18,巴拉圭,中国,ALTAS TECNOLOGIAS SOCIEDAD ANONIMA,,,,,,,CHINA,,,,90221419,"1) UNIDAD DE SISTEMA DIGITAL DE ALTA FRECUENCIA PARA RADIOGRAFIAS (CONFIGURACION STD, DOBLE DETECTOR, FUNCION DAP, 0.1-10000MS TIEMPO DE EXPOSICION), MODELO PLD5600B, MARCA PERLOVE, ORIGEN CHINA",,1.0,UNIDAD,990.0,39566.2,SZSASC311150905,,
2024-01-18,孟加拉国,中国,A S F SYNDICATE,HONGKONG WANDEFUL TRADING CO LTD,"720,(2ND floor) HAJI CAMP ROAD,", HO,,,,China,,,,90221400,X-RAY GENERATOR,,2.0,,100.0,100.0,,,
2024-01-18,坦桑尼亚,中国,QIRO GROUP COMPANY LIMITED,NUCTECH JIANGSU CO LTD,,,,,,China,Zanzibar,,,902214000000,XRAY GENERATOR,,2.0,NMB,90.0,200.5,3743066014,,
2024-01-17,印度,中国,BOSTON IVY HEALTHCARE SOLUTIONS PRIVATE LIMITED,UNITED IMAGING HEALTHCARE HONG KONG LIMITED,"TECHNOPOLIS KNOWLEDGE PARK UNIT NO  ,17/18/19/21 C WING MAHAKALI CAVES",,,,,CHINA ,,Shanghai,Chennai  ,90221490,DIGITAL MEDICAL X-RAY IMAGING SYSTEM MODEL: UDR 596I,,1.0,PCS ,0.0,70500.0,KHNAE3RRRAOYN,,
2024-01-17,乌干达,中国,B M TAMALE ESTABLISHEMNTKAMPALA KAMPALA CENTRAL DIVI KAMPALA CENTRAL DIVISIONKAMPALAWILLIAM STREET48 9576 KAMPALA,ZHAOQING HIGH TECH ZONE ONEBEST TRADE CO LTD,,,,,,CHINA,UGANDA,,,90221400000,X-RAY MACHINE,,1.0,Number,630.0,11616.24,,,
2024-01-17,乌兹别克斯坦,中国,OOO HITECH ORIENT MEDBUSINESS,SHENZHEN LANMAGE MEDICAL TECHNOLOGY CO LTD,,,,,,,,,,9022140000,"1. Цифровой,высокочастотный,рентгеновский аппарат Х-RAY модель:6100А с принадлежностями.В комплекте: Генератор, Трубка, Колиматор, Дитектор, Стол пациента, компуютер и их принадлежности, с/н:DB1223B00036,DB1223B00037.Рег.Удос: ТТ/Х/ТО05231/05/22.Новое 2023г. Всего 2 шт.Производитель:Shenzhen Lanmage Medical Technology, Китай - кол. 2 шт, вес: 1704 кг 2. мест 8, 8 дерев.ящик. 3. HNKU6002871/часть 6. /коды № DB1223B00037, DB1223B00036/ 8. 000 9. 024 10. 2023/AC380V, 50Hz 11. 02 Общее кол. мест: 8 G31MARKA марка LANDWIND YEAR10 год производ 2023 PARAM10 Характеристика товара AC380V, 50Hz",,2.0,Piece,1704.0,66000.0,,,
2024-01-17,博茨瓦纳,中国,LEADING EDGE MARKETS PROPRIETARY LIMITED,SIEMENS HEALTHCARE PTY LTD,,,,,,CHINA,,,Tlokweng Gate,90221400,"Other, for medical surgical or veterinary uses",,1.0,EA,4.92,512.61,,,
2024-01-17,美国,中国,JORGENSEN LABORATORIES INC,UNION MEDICARE CO LTD,1450 NORTH VAN BUREN AVENUE LOVELAND CO 80538 UNITED STATES LOVELAND CO80538US , RM 2303 JINRI GE GOLDEN EAGLE INT LNO 100-1 SHINGU ROAD NANJING JS CHINA NANJING JS CN ,CHARLES M SCHAYER & CO,2396 EAST PACIFICA PLACE STE 280 RANCHO DOMINGUEZ CA 90220 US RANCHO DOMINGUEZ CA90220 US ,,"CN, CHINA",,SHANGHAI,LOS ANGELES,902214,"VETERINARY SUPPLIES AS PER PURCHASE ORDER 2 4608-00SUCTION HOSE, SUCTION HANDLE, AMBE R PLASTIC GRADUATION OVALS,CENTRIFUGE TUBE VETERINARY SUPPLIES AS PER PURCHASE ORDER 24998-00 IV SET FUNNEL STYLE, HYPO NEEDLE, COTTON TIP APPLICATOR, DISP.TRANSFER PIPETT E, UNIVERSAL IV SET, IV EXTENSION, BLEEDIN G TIME DEVICE, SODA LIME, PENROSE TUBING ST ERILE, POLYSPUN GOWN, EQUINE LEG WRAP, ELA STIC ADHESIVEBANDAGE, IV FLUID LINE WARMER, DUO DRAPE, POROUS TAPE, COTTON ROLL ENDO TRACH TUBE VETERINARY SUPPLIES AS PER PURC HASE ORDER 25774-00 MICROSCOPE SLIDES, MICR OSCOPE COVER SLIPS, ABSORBENT KENNEL PADS V ETERINARY SUPPLIES AS PER PURCHASEORDER 24 198-00 COTTON ROLL, EQUINE LEG WRAP, ENEMA OR ORAL CLAF FEEDER BAG, ENDOTRACH TUBE, P ILL SPLITTER, DUODRAPE, ADHESIVE SURGICAL DRAPE VETERINARY USE ONLYVETERINARY SUPPLIES AS PER PURCHASE ORDER 2 4608-00 SUCTION HOSE, SUCTION HANDLE, AMBE R PLASTIC GRADUATION OVALS, CENTRIFUGE TUBE VETERINARY SUPPLIES AS PER PURCHASE ORDER 24998-00 IV SET FUNNEL STYL",NO MARKSNO MARKSNO MARKSNO MARKSNO MARKSNO MARKSNO MARKSNO MARKS,10104.0,CTN,142576.0,0.0,PPILS0CM757145,"CAGU8281866,CAGU8281737,CAGU8281716,CAGU8281871,CDDU9838572,NEWU6003795,CMAU5280531,NEWU6003820",
2024-01-17,俄罗斯,中国,ООО КОМПАНИЯ НЕОРЕНТГЕН,SHANGHAI CHANGLIAN IMPORTS & EXPORTS CO LTD,"117638, , Г.МОСКВА, КРИВОРОЖСКАЯ УЛИЦА, Д.15",", , SHANGHAI, 68 RI JING ROAD,PILOT FREE TRADE ZONE, ,,...",,,IRAY TECHNOLOGY CO LTD,China,Russia,,,9022140000,"АППАРАТУРА НА ОСНОВЕ РЕНТГЕНОВСКОГО ИЗЛУЧЕНИЯ ВЕТЕРИНАРНОГО ИСПОЛЬЗОВАНИЯ:ПОРТАТИВНЫЙ РЕНТГЕНОВСКИЙ АППАРАТ ПРИМЕНЯЮТСЯ В ВЕТЕРИНАРИИ; ДЛЯ ДИАГНОСТИКИ АНАТОМИИ ЖИВОТНЫХ, РАДИОАКТИВНЫЙ ИСТОЧНИК ОТСУТСТВУЕТ",,5.0,ШТ,96.6,11500.54,,,IRAY TECHNOLOGY.
2024-01-17,乌干达,中国,CODE CLINIC UGANDA LIMITED,LINKERMANDY ZHANGZHONGYUANQU TONGBAILU QIHELUYINTIANHUAYUAN 38 1LOUZHENGZHOUCN CHINA,,,,,,CHINA,UGANDA,,,90221400000,XRAY SENSOR,,2.0,Number,2.0,1015.0,,,
2024-01-16,哥伦比亚,中国,DDIGITAL SAS,MEDSINGLONG CO LTD,CL 70 52 19,"FLOOR 1ST, 4TH, 5TH, NO 85TH, 87TH,",,,,CHINA,,,,9022140000,"DO AC-015-24 ,PEDIDO ,FORMATO 1 DE 1 FACTURA(S)...S26412 29/12/2023MERCANCIA QUE NO REQUIERE REGISTRO DE IMPORTACION",,1.0,NUMERO DE ARTICULOS,8.55,1340.33,,,
2024-01-16,墨西哥,中国,MINDRAY MEDICAL MEXICO S DE RL DE CV,MR GLOBAL HK LIMITED,INSURGENTES SUR 1602 PISO 1 CALLE HERMES Y AVENIDA BARRANCA DEL MUERTO,,,,,CHINA,,,,90221491,SISTEMA DE RADIOLOGIA DIGITAL RAYOS X,,5.0,Piece,7869.64,148014.44,,,
2024-01-16,坦桑尼亚,中国,ANUDHA LTD,NEUSOFT MEDICAL SYSTEMS CO LTD,,,,,,China,United Republic of Tanzania,,,902214000000,NEUVISION 460 SYSTEM,,2739.4,NMB,2739.4,158096.0613,1.443E+11,,
2024-01-16,孟加拉国,中国,PHULHAR AND COMPANY,TRIUP INTERNATIONAL CORP CHINA,"33, Topkhana Road, Meherba Plaza",,,,,China,,,,90221400,MEDICAL EQUIP: 200MA X-RAY MACHINE TR200B WITH STD. ACC.,,10.0,,4950.0,51500.0,,,
2024-01-16,墨西哥,中国,MINDRAY MEDICAL MEXICO S DE RL DE CV,MR GLOBAL HK LIMITED,INSURGENTES SUR 1602 PISO 1 CALLE HERMES Y AVENIDA BARRANCA DEL MUERTO,,,,,CHINA,,,,90221491,SISTEMA DE RADIOLOGIA DIGITAL RAYOS X,,5.0,Piece,6241.6,149190.52,,,
2024-01-16,孟加拉国,中国,PHULHAR AND COMPANY,TRIUP INTERNATIONAL CORP CHINA,"33, Topkhana Road, Meherba Plaza",,,,,China,,,,90221400,MEDICAL EQUIP: 200MA X-RAY MACHINE TR200B WITH STD. ACC.,,10.0,NMB,4950.0,51500.0,,,
2024-01-16,坦桑尼亚,中国,ANUDHA LTD,NEUSOFT MEDICAL SYSTEMS CO LTD,,,,,,China,United Republic of Tanzania,,,902214000000,NEUVISION 460 SYSTEM,,2739.4,NMB,2739.4,158096.0613,1.443E+11,,
2024-01-15,菲律宾,中国,GENERAL ELECTRIC PHILS INC,BEIJING GE HUALUN MEDICAL EQUIPMENT,"12F ORE CENTRAL, 31ST STREET COR 9TH AVE, BONIFACIO,GLOBAL CITY TAGUIG CITY",,,,,CHINA,,,,90221400000,1 EA OEC ONE VAS 25 MAIN SYS [S10005GS],,1.0,,403.2,25848.3,42K0043567,,
2024-01-15,乌兹别克斯坦,中国,ООО PROTEK MED,GUANGZHOU DINHONG TRADING CO LTD,,,,,,,,,,9022140000,"1. Аппарат высококачественный мобильный рентгеновский типа С-Дуга модель CompaX 500C серия BRW135202308001 кол-во 1 шт разборным виде с комплектующими частями для дальнейшей сборки, для медицинского учреждения рентгенографическая система мобильная. Рентгеновская машина цифровая новая 2023 года согласно бирке и сертификата производителя  (комплект) для -Вес 553 кг.  Кол. 1 шт ; собственных нужд медицинском исследований.  аппаратура, основанная на использовании рентгеновского, альфа-, бета- и гам G31MARKA марка Comen YEAR10 год производ 2023 PARAM10 Характеристика товара Аппарат высококачественный мобильный рентгеновский CompaX 500C",,1.0,Piece,553.0,32000.0,,,
2024-01-15,哥伦比亚,中国,MARQUETINGNET S A S,SHENZHEN BROWINER TECH CO LTD,KM 3 5 VIA SIBERIA TERM DE CARGA TERREST MD 4 BDG 43,"ROOM 501, BUILDING C, GANGHONGJI HI",,,,CHINA,,,,9022140000,"DO 200100100824-001 DECLARACION(1-1) NO. FACTURA:BWXS-BJX-202311-08002// MERCANCIA NUEVA, NO REQUIERE REGISTRO DE IMPORT",,3.0,NUMERO DE ARTICULOS,48.5,14820.25,,,
2024-01-15,乌兹别克斯坦,中国,ООО PROTEK MED,GUANGZHOU DINHONG TRADING CO LTD,,,,,,,,,,9022140000,"1. Портативная рентгенографическая система модел Beatle-05P серия BRW012202308001. BRW012202308002 кол-во  2 шт. 6 места. разоборным виде с комплектующими частями для далнейшей сборки , для медицинского узчреждения рентгенографическая система мобильная -Вес 164 кг.  Кол. 2 шт ; портативная рентгеновская машина цифровая новая 2023 года согластно бирке и сертификата производителя   для медицинских учриждений детских клиник  для собственых нужд произведено  Shenzhen Browiner Tech Co.,Ltd Китай - G31MARKA марка Comen YEAR10 год производ 2023 PARAM10 Характеристика товара Портативная рентгенографическая система модел Beatle-05P",,2.0,Piece,164.0,32000.0,,,
2024-01-15,乌兹别克斯坦,中国,ООО PROTEK MED,GUANGZHOU DINHONG TRADING CO LTD,,,,,,,,,,9022140000,"1. Система для рентгенографии модель PERFOX 3000A  серия. BRW116202308003 кол-во  1 шт. 4 места. разоборным виде с комплектующими частями для далнейшей сборки , для медицинского узчреждения. Напольная система представляет собой полностью цифровое решение для рентгенографии. для многофункциональной радиографии. со столом. генератор высокой -Вес 850 кг.  Кол. 1 шт ; мощности 50/65 кВт, Автоматический контроль.   новая 2023 года согластно бирке и сертификата производителя   для медицинских учрижде G31MARKA марка Comen YEAR10 год производ 2023 PARAM10 Характеристика товара Система для рентгенографии модель PERFOX 3000A",,1.0,Piece,850.0,32000.0,,,
2024-01-15,波兰,中国,DB CARGO EURASIA GMBH P P GE HEALTHCARE GMBH,GE HANGWEI MEDICAL SYSTEMS CO LTD,UL.VIEYSKA 2 | 11,No. 1 NORTH YONG CHANG STREET BEIJING ECONOMIC & TECHNOLOGICAL DEVELOPMENT AREA,,,,,Poland (PL),,,902214,MOBILE X-RAY DEVICE,,2427.0,KG,2427.0,119634.183,,,
2024-01-15,波兰,中国,DB CARGO EURASIA GMBH P P GE MEDICAL SYSTEMS SCS,BEIJING GE HANGWEI MEDICAL EQUIPMENT CO LTD,UL.VIEYSKA 2 | 11,No. 1 NORTH YONG CHANG STREET BEIJING ECONOMIC & TECHNOLOGICAL DEVELOPMENT AREA,,,,,Poland (PL),,,902214,"MOBILE X-RAY DEVICE S-DUGI, SYSTEM OF DETECTION OF X-RAY RADIATION (X-RAY DEVICE)",,1118.0,KG,1118.0,48493.9773,,,
2024-01-14,印度,中国,PHILIPS INDIA LIMITED,SPELLMAN HIGH VOLTAGE ELECTRONICS SUZHOU INDUSTRI,"3RD FLOOR TOWER A DLF PARK 08,MAJO  R ARTERIAL RD NEW TOWN RAJARHAT",,,,,CHINA ,,SHANGHAI - PU DONG,SAHAR AIR CARGO ACC (INBOM4),90221410,"409085-001,HV GENERTOAR (FOR R&D PURPOSE)",,15.0,NOS ,0.0,22935.0,O8ZV1PF9KLQ00,,
2024-01-14,美国,中国,GE PRECISION HEALTHCARE LLC,GE HANGWEI MEDICAL SYSTEMS CO LTD,10205 NW 19TH ST GEHC LATAM - EXPEDITORS INTERNATIONAL , NO 1 NORTH YONG CHANG STREET ECON TECH ZONE ,GE PRECISION HEALTHCARE LLC,NUCLEAR W160 S6471 COMMERCE DR ,,"CN, CHINA",,Pusan,Savannah,902214,OEC ONE MAIN SYSTEM V2 HS:902214,PO# 5335566.1 DELIVERY NUM 954583430,3.0,PKG,502.0,0.0,DMALBJSA14870,APZU3278247,
2024-01-13,印度,中国,SHRI JAIPAL SINGH SHARMA TRUST,SIEMENS HEALTHINEERS INTERNATIONAL AG,"40-ADDL SIHANI GATE SCHEME,  ",,,,,CHINA ,,Xingang,NHAVA SHEVA SEA (INNSA1),90221490,LINEAR ACCELERATOR HALCYON FOR MEDICAL APPLICATION,,1.0,SET ,0.0,867351.0,P1YQSBKQFKL89,,
2024-01-12,乌兹别克斯坦,中国,ООО AZZA MED,SHENZHEN BROWINER TECH CO LTD,,,,,,,,,,9022140000,"1. Система цифровой рентгенографии модель: Perfox 3000A  с принадлежностями, новая 2023 год вып, Производитель: Shenzhen Browiner Tech Co., Ltd/Китай-Вес 1260 кг.  Кол. 1 шт  2. Всего мест-2 (2 дерев. ящик) 8. Код инвестиционных проектов:000 9. Код основных сфер 001 10. 2023 г. / Система цифровой рентгенографии модель: Perfox 3000A  с принадлежностями, новая 2023 год вып, Производитель: Shenzhen Browiner Tech Co., Ltd/Китай 11. Код государственных закупок 02 G31MARKA марка Browiner YEAR10 год производ 2023 PARAM10 Характеристика товара Система цифровой рентгенографии модель: Perfox 3000A  с принадлежностями, новая 2023 год вып, Производитель: Shenzhen Browiner Tech Co., Ltd/Китай",,1.0,Piece,1260.0,45500.0,,,
2024-01-12,哈萨克斯坦,中国,MEDICAL CARE SERVICE LTD LIABILITY COMPANY,SHENZHEN ANKE HIGH TECH CO LTD,"DOSTYK Avenue St., 210",TANGTOU NO 1 ROAD,,,,,Kazakhstan (KZ),,,902214,SYSTEM OF DIGITAL MAMMOGRAPHY ASR-400,,2083.0,KG,2083.0,110700.0,,,
2024-01-12,哈萨克斯坦,中国,ТОО НЕОМЕДИКАЛ,SHENZHEN ANGELL TECHNOLOGY CO LTD, , ,,,SHENZHEN ANGELL TECHNOLOGY CO.LTD,China,Kazakhstan,,,9022140000,"1. ЦИФРОВАЯ МЕДИЦИНСКАЯ РЕНТГЕНОГРАФИЧЕСКАЯ И ФЛЮОРОГРАФИЧЕСКАЯ СИСТЕМА,    : DFM818 - 4,61(Д*Ш*В КВ.М.)",,1.0,ШТ,765.0,27237.73,,,SHENZHEN
2024-01-12,乌兹别克斯坦,中国,ООО AZZA MED,SHENZHEN BROWINER TECH CO LTD,,,,,,,,,,9022140000,"1. Портативная рентгенографическая система Beatle-05P с принадлежностями, новая 2023 год вып, Производитель: Shenzhen Browiner Tech Co., Ltd/Китай-Вес 280 кг.  Кол. 2 шт  2. Всего мест-3 (3 дерев. ящик) 8. Код инвестиционных проектов:000 9. Код основных сфер 001 10. 2023 г. / Портативная рентгенографическая система Beatle-05P с принадлежностями, новая 2023 год вып, Производитель: Shenzhen Browiner Tech Co., Ltd/Китай 11. Код государственных закупок 02 G31MARKA марка Browiner YEAR10 год производ 2023 PARAM10 Характеристика товара Портативная рентгенографическая система Beatle-05P с принадлежностями, новая 2023 год вып, Производитель: Shenzhen Browiner Tech Co., Ltd/Китай",,2.0,Piece,280.0,30000.0,,,
2024-01-11,哥伦比亚,中国,ROYAL PLUS TECHNOLOGIES S A S,IRAY TECHNOLOGY COMPANIA LTD,CR 20B # 72-44 P 2,"RM 202, BUILDING 7, NO 590",,,,CHINA,,,,9022140000,"DO 2414887. DECLARACION(1-1). MERCANCIA NUEVA. NOS ACOGEMOS AL DECRETO NMERO 1881 DE 2021, MINISTERIO DE COMERCIO, INDU",,1.0,NUMERO DE ARTICULOS,6.0,6241.34,,,
2024-01-11,哥伦比亚,中国,C MEDICAL S A S,ANGELL TECHNOLOGY CHONGQING CO LTD,CR 72 A 48 50,THE FIRST AND THIRD FLOOR OF BUILDI,,,,CHINA,,,,9022140000,DO 2240003-001 CODIGO / RESOLUCION OEA DECLARANTE: RESOLUCION 009264 DE 02-11-2023 PEDIDO TRAMITE: GENERADOR DECLARACIO,,1.0,NUMERO DE ARTICULOS,100.0,6929.28,,,
2024-01-11,印度,中国,ZOLRON HEALTHCARE PRIVATE LIMITED,SUZHOU POWERSITE ELECTRIC CO LTD,,,,,,CHINA ,,Shanghai,ICD PATPARGANJ,90221410,"40KW(SINGLE PHASE) X-RAY INVERTER COMPONENT ELECTRONICS,PCBS POWER SUPPLY WITH ACC.AS PER INVOICE(USED IN X-RAY MACHINE)",,5.0,SET ,0.0,11600.0,48GQ4QSVXPJLM,,
2024-01-10,孟加拉国,中国,ATOMS POWER,ANGELL TECHNOLOGY CHONGQING CO LT,"Israt Tower (4th Floor), 6, Purana",,,,,China,,,,90221400,BR.N.MEDICAL X-RAY RADIOGRAPHIC SYSTEM WITH ST.ACC.MO: MTP50-B,,1.0,,1170.0,7339.58,,,
2024-01-10,孟加拉国,中国,ATOMS POWER,ANGELL TECHNOLOGY CHONGQING CO LT,"Israt Tower (4th Floor), 6, Purana",,,,,China,,,,90221400,BR.N.MEDICAL X-RAY RADIOGRAPHIC SYSTEM WITH ST.ACC.MO: MTP50-A,,2.0,,1722.0,14777.6,,,
2024-01-10,乌兹别克斯坦,中国,OOO EQUIMED,BEIJING WANDONG MEDICAL TECHNOLOGY CO LTD,,,,,,0,,,,9022140000,"1. Medical X-ray Radiography Unit Model New Oriental 1000MC / Цифровая радиографическая система New Oriental 1000MC с принадлежностями, Кол-во; 1 шт, Новый 2023г не бывщий в употребления, Производитель: Beijing Wandong Medical Technology Co Ltd. China. - кол. 1 шт, вес: 1030 кг 2. мест 3, 3 дерев.ящик. 8. 000 9. 024 10. 2023/Новый 11. 02 Общее кол. мест: 3 G31MARKA марка New Oriental 1000MC YEAR10 год производ 2023 PARAM10 Характеристика товара Новый",,1.0,Piece,1030.0,55000.0,,,
2024-01-10,孟加拉国,中国,ATOMS POWER,ANGELL TECHNOLOGY CHONGQING CO LT,"Israt Tower (4th Floor), 6, Purana",,,,,China,,,,90221400,BR.N.MEDICAL X-RAY RADIOGRAPHIC SYSTEM WITH ST.ACC.MO: MTP50-B,,1.0,NMB,1170.0,7339.581,,,
2024-01-10,孟加拉国,中国,ATOMS POWER,ANGELL TECHNOLOGY CHONGQING CO LT,"Israt Tower (4th Floor), 6, Purana",,,,,China,,,,90221400,BR.N.MEDICAL X-RAY RADIOGRAPHIC SYSTEM WITH ST.ACC.MO: MTP50-A,,2.0,NMB,1722.0,14777.5855,,,
2024-01-10,乌干达,中国,SURGIMED UGANDA LIMITED,ELEKTRO GENESIS MIDDLE EAST LLCUAE,,,,,,CHINA,UGANDA,,,90221400000,X RAY ACCESSORIES,,212.0,Number,1298.0,40929.9999,,,
2024-01-10,印度,中国,PHILIPS INDIA LIMITED,PHILIPS ELECTRONICS SINGAPORE PTE LTD,"3RD FLOOR TOWER A DLF PARK 08,MAJO  R ARTERIAL RD NEW TOWN RAJARHAT",,,,,CHINA ,,Singapore,SAHAR AIR CARGO ACC (INBOM4),90221410,459801656541 KIT PAN KNOB CONTROL MODULE (PARTS FOR IXR MACHINE),,1.0,NOS ,0.0,105.89,6MS9YXV4OUUW9,,
2024-01-10,乌兹别克斯坦,中国,OOO EQUIMED,BEIJING WANDONG MEDICAL TECHNOLOGY CO LTD,,,,,,,,,,9022140000,"1. Medical X-ray Radiography Unit Model New Oriental 1000MC / Цифровая радиографическая система New Oriental 1000MC с принадлежностями, Кол-во; 1 шт, Новый 2023г не бывщий в употребления, Производитель: Beijing Wandong Medical Technology Co Ltd. China. - кол. 1 шт, вес: 1030 кг 2. мест 3, 3 дерев.ящик. 8. 000 9. 024 10. 2023/Новый 11. 02 Общее кол. мест: 3 G31MARKA марка БЕЗ МАРКИ YEAR10 год производ 2023 PARAM10 Характеристика товара Новый",,1.0,Piece,1030.0,55000.0,,,
2024-01-10,斯里兰卡,中国,NORTHERN CENTRAL HOSPITALS PVT LTD,WIPRO GE HEALTHCARE PVT LTD,342 PALALY RD JAFFNA IMPORT ONLY,"BRANCH OFFICE 11, N. BUONA VISTA DR., HEX 11-07 METROPOLIS, SINGAPORE",,,,CHINA,,,,90221400,"OEC ONE MOBILE C-ARM SYSTEM WITH ACCESSORIES,",,1.0,NIU,497.0,65000.0,,,
2024-01-09,哈萨克斯坦,中国,NEOMEDIKAL LTD LIABILITY COMPANY,SHENZHEN ANGELL TECHNOLOGY CO LTD,"KENESARY St., 9, sq. (office) 109", ,,,,,Kazakhstan (KZ),,,902214,digital medical radiographic and fluorographic DFM818 system,,1005.0,KG,1005.0,27000.0,,,
2024-01-09,印度,中国,M V X RAY EQUIPMENTS CO,DANDONG AOLONG RADIATIVE INSTRUMENT,"PLOT NO.6,MUNICIPAL INDUS.ESTATE,  SAI NAGAR,KANDIVLI WEST,",,,,,CHINA ,,,SAHAR AIR CARGO ACC (INBOM4),90221490,XXQ - 2005 MODEL FLAW DETECTOR ( FOR INDUSTRIAL NON DESTRUCTIVE TEST PURPOSE ),,2.0,PCS ,0.0,4700.0,1Z3O4K67IN0DM,,
2024-01-09,乌干达,中国,B M TAMALE ESTABLISHEMNTKAMPALA KAMPALA CENTRAL DIVI KAMPALA CENTRAL DIVISIONKAMPALAWILLIAM STREET48 9576 KAMPALA,ZHAOQING HIGH TECH ZONE ONEBEST TRADE CO LTD,,,,,,CHINA,UGANDA,,,90221400000,X-RAY MACHINE,,1.0,Number,630.0,11616.2399,,,
2024-01-09,哥伦比亚,中国,TECNOVET SAS,TOOTOO MEDITECH CO LTD,CL 55 73 A 10,"OFFICE BUILDING607, BLOCK B, BUILDI",,,,CHINA,,,,9022140000,DO 32400083 DECLARACION(1-4) FACTURA: TT231128968 FECHA: 2023-11-28 CANT (1) U PRODUCTO: SISTEMA DE RADIOGRAFA MDICA D,,1.0,NUMERO DE ARTICULOS,11.56,6466.77,,,
2024-01-09,印度,中国,M V X RAY EQUIPMENTS CO,DANDONG AOLONG RADIATIVE INSTRUMENT,"PLOT NO.6,MUNICIPAL INDUS.ESTATE,  SAI NAGAR,KANDIVLI WEST,",,,,,CHINA ,,,SAHAR AIR CARGO ACC (INBOM4),90221490,XXQ-2505 model flaw detector ( FOR INDUSTRIAL NON DESTRUCTIVE TEST PURPOSE ),,2.0,PCS ,0.0,4900.0,1Z3O4K67IN0DM,,
2024-01-09,印度,中国,M V X RAY EQUIPMENTS CO,DANDONG AOLONG RADIATIVE INSTRUMENT,"PLOT NO.6,MUNICIPAL INDUS.ESTATE,  SAI NAGAR,KANDIVLI WEST,",,,,,CHINA ,,,SAHAR AIR CARGO ACC (INBOM4),90221490,XXG-3005 MODEL FLAW DETECTOR ( FOR INDUSTRIAL NON DESTRUCTIVE TEST PURPOSE ),,2.0,PCS ,0.0,9500.0,1Z3O4K67IN0DM,,
2024-01-09,土耳其,中国,ECOMAX MEDİKAL SANAYİ VE TİCARET LİMİTED ŞİRKETİ,DHD INDUSTRIAL CO LIMITED,,,,,,China,,,İSTANBUL HAVALİMANI GÜMRÜK MÜDÜRLÜĞÜ`,902214000000,VETERİNER TAŞINABİLİR X- IŞINI ÜNİTESİ,,5.0,ADET(UNIT),98.0,7218.58,24341453IM00010767,,
2024-01-08,乌兹别克斯坦,中国,ООО SUPER STAR MEDICAL HEALTH,SHENZHEN BROWINER TECH CO LTD,,,,,,,,,,9022140000,"1. Медицинское Оборудование: Система цифровой рентгенографии с принадлежностями,  модель Perfox 3000A, новая 2023 год вып, Производитель: Shenzhen Browiner Tech Co., Ltd. /Китай-Вес 2190 кг.  Кол. 3 шт  2. Всего мест-16 (16 дерев. ящик) 8. Код инвестиционных проектов:000 9. Код основных сфер 001 10. 2023 г. / Медицинское Оборудование: Система цифровой рентгенографии с принадлежностями,  модель Perfox 3000A, новая 2023 год вып, Производитель: Shenzhen Browiner Tech Co., Ltd. /Китай 11. Код г G31MARKA марка Browiner YEAR10 год производ 2023 PARAM10 Характеристика товара Медицинское Оборудование: Система цифровой рентгенографии с принадлежностями,  модель Perfox 3000A, новая 2023 год вып, Производитель: Shenzhen Browiner Tech Co., Ltd. /Китай",,3.0,Piece,2190.0,64500.0,,,
2024-01-08,秘鲁,中国,GAMEL S R L,CARERAY DIGISTAL MEDICAL TECHNOLOGY CO LTD,AV. PETIT THOUARS NRO. 2488 (CDRA 28 AV PETTIT THOUARS),,,,,CHINA,,,,9022140000,"X-RAY FLAT PANEL DETECTOR,CARERAY,1800CWE, SISTEMAS DIGITALIZADORES DE IMAGENES, PARA IMAGENES RADIOGRAFICAS INSTANTANEAS INCLUYE ACCESORIOS PARA SU CORRECTO FUNCIONAMIENTO FLAT PANEL DETECTOR CAREVIEW 1800CWE / COD. 80010074 / R.S. DB7480E ACCESORIO PARA,,,,",,15.0,U,135.0,125969.73,,,
2024-01-08,卢旺达,中国,ILSE JOHANNA ELISABETH FLINK,DEKADA TRADING FZE,,,,,,China,Rwanda,,,90221400,",-- OTHER APPARATUS BASED ON THE USE OF XRAYSÃ , FOR MEDICAL,",,1.0,NMB,45.0,220.008,,,
2024-01-08,菲律宾,中国,PHILIPS PHILIPPINES INC,PHILIPS HEALTHCARE SUZHOU LTD,"10TH FLOOR SUNLIFE CENTRE 5TH AVE. COR RIZAL DR.GLOBAL CITY,TAGUIG CITY",,,,,CHINA,,,,90221400000,1 PCE DURADIAGNOST F30 1.1 (PHILIPS),,1.0,PIECE,1146.0,21696.3,292288120,,
2024-01-08,菲律宾,中国,PHILIPS PHILIPPINES INC,PHILIPS HEALTHCARE SUZHOU LTD,"10TH FLOOR SUNLIFE CENTRE 5TH AVE. COR RIZAL DR.GLOBAL CITY,TAGUIG CITY",,,,,CHINA,,,,90221400000,1 PCE DURADIAGNOST F30 1.1 (PHILIPS),,1.0,PIECE,1145.0,21696.3,292288120,,
2024-01-08,波兰,中国,CARGO DB EURASIA GMBH P P GE HEALTHCARE GMBH,GE HANGWEI MEDICAL SYSTEMS CO LTD,UL.VIEYSKA 2 | 11,BEIJING ECONOMIC & TECHNOLOGICAL DEVELOPMENT AREA,,,,,Poland (PL),,,902214,"MOBILE X-RAY DEVICE S-DUGI, OSNOVNAYA SISTEMA | X-RAY EQUIPMENT",,2248.0,KG,2248.0,148425.2064,,,
2024-01-07,印度,中国,PHILIPS INDIA LIMITED,PHILIPS ELECTRONICS SINGAPORE PTE LTD,"3RD FLOOR TOWER A DLF PARK 08,MAJO  R ARTERIAL RD NEW TOWN RAJARHAT",,,,,CHINA ,,Singapore,SAHAR AIR CARGO ACC (INBOM4),90221490,459800867771 BR16-D ADM ASSY FRU (PARTS FOR CT SCAN MACHINE),,1.0,NOS ,0.0,1426.7,5797S48UYYSHJ,,
2024-01-06,哥伦比亚,中国,MEDICALBIO SAS,HEBEI RUIGE INTERNATIONAL TRADING CO LTD,CL 86 # 87A-44,"KAIJIA BUILDING, QIAOXI ZONE, SHIJI",,,,CHINA,,,,9022140000,"DO BOG008-24 DECLARACION(1-1) NOS ACOGEMOS AL DECRETO 0925 DE 2013, MERCANCIA NO REQUIERE REGISTRO DE IMPORTACION MER",,2.0,NUMERO DE ARTICULOS,29.7,3510.0,,,
2024-01-06,乌干达,中国,GTC INTERNATIONAL LOGISTICS LTD,GUANGZHOU YANLANG INTERNATIONALIMPORT & EXPORT TRADE CO LTD,,,,,,CHINA,UGANDA,,,90221400000,X-RAY MACHINE WITH CR-SYSTEM AND X-RAY PRINTER,,1.0,Number,600.0,1840.0001,,,
2024-01-05,哈萨克斯坦,中国,ТОО RUBIN GROUP РУБИН ГРУПП,NANJING PERLOVE MEDICAL EQUIPMENT CO LTD, , ,,,"NANJING PERLOVE MEDICAL EQUIPMENT CO., LTD",China,Kazakhstan,,,9022140000,"1. PLX7000B ВЫСОКОЧАСТОТНАЯ МОБИЛЬНАЯ ЦИФРОВАЯ СИСТЕМА ТИПА С-ДУГА,    PLX7000B ВЫСОКОЧАСТОТНАЯ МОБИЛЬНАЯ ЦИФРОВАЯ СИСТЕМА ТИПА С-ДУГА",,1.0,ШТ,750.0,43378.31,,,"NANJING PERLOVE MEDICAL EQUIPMENT CO., LTD"
2024-01-05,莱索托,中国,MINISTRY OF HEALTH PROJECT ACCOUNTING UNIT,SHANGHAI CONSTRUCTION GROUP CO LTD,"CORNER OF LINARE AND CONSTITUTION ROAD,HEALTH HEADQUARTERS","
681XIAOMUQIAO ROAD",,,,China,,,Maseru Bridge,90221400,COMPUTERIZED TOMOGRAPHY EQUIPMENT,,0.0,kg,3600.0,994879.912,,,
2024-01-05,乌兹别克斯坦,中国,ООО FORTEK,SHENZHEN SONTU MEDICAL IMAGING EQUIPMENT CO LTD КИТАЙ,,,,,,,,,,9022140000,"1) Цифровая диагностическая рентгенографическая система / SONTU100-Polaris50 E / Digital Diagnostic Radiography System SONTU100-Polaris50 E /в компл./Новый,2023г.в./Сер№20230920000003, 20230920000002/ Пр-ль.:""Shenzhen SONTU Medical Imaging Equipment Co., LTD"", Китай:  вес: 1056,8 кг, кол. 2 шт; 2) Вид и количество упаковки:4 карт.короб.; ; 8) Код инвестпрограммы:000; 9) Код технологического оборудования:024; 10) Год изготовления и технические параметры:2023/Диапазон времени экспозиции: 1-10000 м G31MARKA марка SONTU YEAR10 год производ 2023 PARAM10 Характеристика товара Диапазон времени экспозиции: 1-10000 мс  Детектор: FPD  Анод: фиксированный",,2.0,Piece,1056.8,47195.0,,,
2024-01-05,乌兹别克斯坦,中国,ООО FORTEK,SHENZHEN SONTU MEDICAL IMAGING EQUIPMENT CO LTD КИТАЙ,,,,,,,,,,9022140000,"1) Система рентгенографическая диагностическая цифровая SONTU100-Polaris50E/Digital Diagnostic Radiography System SONTU100-Polaris50 E/в комп./Новый,2023г.в./Пр-ль.:""Shenzhen SONTU Medical Imaging Equipment Co., LTD"", Китай:  вес: 2113,6 кг, кол. 4 шт; 2) Вид и количество упаковки:8 карт.короб.; 6) АИК:20231010000008,20231010000009,20231010000010,20231010000011; 8) Код инвестпрограммы:000; 9) Код технологического оборудования:000; 10) Год изготовления и технические параметры:2023/Диапазон G31MARKA марка SONTU YEAR10 год производ 2023 PARAM10 Характеристика товара Диапазон времени экспозиции: 1-10000 мс. Детектор: FPD, Анод: фиксированный",,4.0,Piece,2113.6,88000.0,,,
2024-01-05,喀麦隆,中国,STE DE TRANSFORMATION INDUSTRIELLE DU CAMEROUN,SOAPTEC SRL,,,,,,Chine,Cameroun,,,902214000000,MEDICAL DEVICE,,1.0,KGM,12.0,62.6519,,,
2024-01-05,阿根廷,中国,LABORATORIOS FARKIM S R L,,,,,,,China,,,,90221419000,"LOS DEMAS. LOS DEMAS, PARA USO MEDICO, QUIRURGICO 1744234",,1.0,Unidades,0.0,11940.0,,,CARESTREAM
2024-01-04,乌干达,中国,FAST CFS CARGO SERVICES SMC LIMITED,EVER BELIEVE SUPPLY CHAIN LIMITEDROOM 511 5 F MING SANG INDBLDG 19 21 HING YIP STREET KWUN,,,,,,CHINA,UGANDA,,,90221400000,ANALOG XRAY MACHINE,,1.0,Number,694.0,3723.9999,,,
2024-01-03,美国,中国,PHILIPS HEALTHCARE,PHILIPS HEALTHCARE SUZHOU COMPANY,13560 MORRIS ROAD ALPHARETTA GA 30004 UNITED STATES, 258 ZHONGYUAN ROAD SUZHOU JS 215000 CHINA ,FEDEX TRADE NETWORKS TRANSPORT & BR,SUITE C D AND E 2600 ELLSMERE AVENUNORFOLK VA 23513 UNITED STATES ,,"CN, CHINA",,57037,"NEW YORK,NY",902214,DURADIAGNOST-HS:9022140090,NO MARKS,9.0,PKG,1916.0,0.0,COSU6370294700,CSLU1613606,
2024-01-03,巴基斯坦,中国,FUJIFILM PAKISTAN PVT LTD,FUJIFILM CORPORATION,37-D BLOCK-6 P.E.C.H.S.  ,,,,,China,,,KAPW,90221400,"(MEDICAL EQUIPMENT). FCR PRIMA T2 PNTM,CR IR 392 RU2 PNTM A = : E. QTY:10SET",,10.0,u,0.0,47003.3,,,
2024-01-03,巴基斯坦,中国,FUJIFILM PAKISTAN PVT LTD,FUJIFILM CORPORATION,37-D BLOCK-6 P.E.C.H.S.  , 26-30 NISHIAZABU 2-CHOME MINATO-KU TOKYO 106-8620 JAPAN,,,,China (CN),,,KAPW,90221400,(MEDICAL EQUIPMENT). MAIN UNIT DRYPIX SMART : E. QTY:10SET,,10.0,u,1.475,16500.0,QYSEA231115,,
2024-01-03,巴基斯坦,中国,FUJIFILM PAKISTAN PVT LTD,FUJIFILM CORPORATION,37-D BLOCK-6 P.E.C.H.S.  , 26-30 NISHIAZABU 2-CHOME MINATO-KU TOKYO 106-8620 JAPAN,,,,China (CN),,,KAPW,90221400,"(MEDICAL EQUIPMENT). FCR PRIMA T2 PNTM,CR IR 392 RU2 PNTM A = : E. QTY:10SET",,10.0,u,1.475,47003.3,QYSEA231115,,
2024-01-03,菲律宾,中国,PATIENT CARE CORP,RAYCO SHANGHAI MEDICAL PRODUCTS,"AMHSCO BLDG., MACARTHUR HIGHWAY, DOLORES,SAN FERNANDO, PAMPANGA",,,,,CHINA,,,,90221400000,DRX-RISE MOBILE X-RAY SYSTEM (CARESTREAM),,1.0,PIECE,450.0,24959.9,6040534642,,
2024-01-03,巴基斯坦,中国,FUJIFILM PAKISTAN PVT LTD,FUJIFILM CORPORATION,37-D BLOCK-6 P.E.C.H.S.  ,,,,,China,,,KAPW,90221400,(MEDICAL EQUIPMENT). MAIN UNIT DRYPIX SMART : E. QTY:10SET,,10.0,u,0.0,16500.0,,,
2024-01-03,秘鲁,中国,IMAGEN TOTAL S A C,NO DISPONIBLE,JR. SAN DIEGO NRO. 338 DPTO. 03 (ALT.PUENTE RICARDO PALMA),,,,,CHINA,,Shanghai,,9022140000,"SISTEMA DE RADIOGRAFIA DIGITAL,DAWEI,RV-20A, CAJA DE MADERA CON ACCESORIOS PARA SU NORMAL FUNCIONAMIENTO , CONTIENE SET DE ACCESORIOS NRO. 1036-23-IPEN/OTAN FECHA 29/12/2023 VIGENTE HASTA 28/03/2024 RADIOGRAFIA VEYERINARIA  SERIE : 906A005923K / 906A006123,,,,",,2.0,U,763.0,26572.7,,,
2024-01-02,纳米比亚,中国,CMED DIANOSTIC IMAGING CC,NANJING PERLOVE MEDICAL EQUIPMENT CO LTD,nUNIT 4B KAISERKRONE nPOST STREET nWINDHOEK nNAMIBIA,"nNO 97&99 WANGXI RD nDISTRICT,NANJIN  ",,,,,Namibia,,,90221400,MEDICAL DIANOSTIC X-RAY SYSTEM,,0.0,,568.0,23071.6754,,,
2024-01-02,印度,中国,SIEMENS HEALTHCARE PRIVATE LIMITED,SIEMENS HEALTHINEERS AG,"UNIT NO.9, 9TH FLOOR, NORTH WING  GODREJ ONE, PIROJSHAH NAGAR,",,,,,CHINA ,,Shanghai,NHAVA SHEVA SEA (INNSA1),90221490,IMAGE INTENSIFIER CIOS SELECT SYSTEM COMPLETE WITH ACCESORIES ( AS PER INV ) CIOS SELECT VA21,,1.0,SET ,0.0,27034.9,OWXI4Y2XQF3A1,,
2024-01-02,秘鲁,中国,TECNOLOGIA ELECTROMEDICA S A C,SHENZHEN BROWINER TECH CO LTD,AV. TOMAS MARSANO NRO. 1915 URB. JORGE CHAVEZ,,,,,CHINA,,Shekou,,9022140000,"PORTABLE DIGITAL RADIOGRAPHY SYSTEM,BROWINER,BEATLE-05P, 8 PANTALLA TÁCTIL DE PULGADAS, COLIMADOR BRC-05, CONTROL REMOTO, BATERIA. PARA RAYOS X. Y COMPONENTES: CONSOLA DE CONTROL. PANEL DE OPERACION. PANEL LATERAL. PANEL POSTERIOR. BRAZO WITH MS-10 INCLUYE,,,,",,3.0,U,355.691,20320.96,,,
2024-01-02,墨西哥,中国,GE SISTEMAS MEDICOS DE MEXICO SA DE CV,GE HUALUN MEDICAL SYSTEMS CO LTD,"ANTONIO DOVALI JAIME 70 TORRE B PISO 4 AVENIDA JAVIER BARROS SIERRA Y AVENIDA SANTA FE

Ciudad de Mexico
01210","YONG CHANG NORTH ROAD
BEIJINGCHINA

100176",,,,CHINA,,,NUEVO LAREDO NUEVO LAREDO TAMAULIPAS.,9022149101,SISTEMA RADIOGRAFICO XR6000,,1.0,PIECE,867.0,24252.93,,,
2024-01-02,秘鲁,中国,TECNOLOGIA ELECTROMEDICA S A C,SHENZHEN BROWINER TECH CO LTD,AV. TOMAS MARSANO NRO. 1915 URB. JORGE CHAVEZ,,,,,CHINA,,Shekou,,9022140000,"PORTABLE DIGITAL RADIOGRAPHY SYSTEM,BROWINER,BEATLE-05P, 8 PANTALLA TÁCTIL DE PULGADAS, COLIMADOR BRC-05, CONTROL REMOTO, BATERIA. PARA RAYOS X. Y COMPONENTES: CONSOLA DE CONTROL. PANEL DE OPERACION. PANEL LATERAL. PANEL POSTERIOR. BRAZO WITH MS-05 INCLUYE,,,,",,1.0,U,109.443,6252.603,,,
