date,buyer_country,supplier_country,buyer,supplier,buyer_address,supplier_address,notify_party,notify_address,manufacturer,origin_country,destination_country,port_of_loading,port_of_discharge,hs_code,product_description,shipping_marks,quantity,quantity_unit,weight_kg,amount_usd,bill_number,container_number,brand
2025-09-16,阿根廷,中国,INVAP SOCIEDAD DEL ESTADO,,,,,,,China,,,,90221490200,"LOS DEMAS ACELERADORES LINEALES. LOS DEMAS, PARA USO MEDICO, QUIRURGICO O VETERINARIO. APARATOS DE RAYOS X Y APARATOS QUE UTILICEN RADIACIONES ALFA, BETA GAMMA O DEMAS RADIACIONES IONIZANTES, INCLUSO PARA USO MEDICO, QUIRURGICO, ODONTOLOGICO O VETERINARIO, INCLUIDOS LOS APARATOS DE RADIOGRAFIA O RADIOTERAPIA, TUBOS DE RAYOS X Y DEMAS DISPOSITIVOS GENERADORES DE RAYOS X, GENERADORES DE TENSION, CONSOLAS DE MANDO, PANTALLAS, MESAS, SILLONES Y SOPORTES SIMILARES PARA EXAMEN O TRATAMIENTO. INSTRUMENTOS Y APARATOS DE OPTICA, FOTOGRAFIA O CINEMATOGRAFIA, DE MEDIDA, CONTROL O PRECISION; INSTRUMENTOS Y APARATOS MEDICOQUIRURGICOS; PARTES Y ACCESORIOS DE ESTOS INSTRUMENTOS O APARATOS. ELEKTA EVO",,1.0,Unidades,12956.6,2528186.3,,,ELEKTA
2025-05-14,埃塞俄比亚,中国,ETHIOPIAN PHARMACEUTICALS SUPPLY SE,,,,,,,China,,,,90221400,"-- Other, for medical, surgical or veterinary uses",,33.0,UNT,71280.0,2217309.65,,,
2025-01-31,肯尼亚,中国,RUAI FAMILY HOSPITAL LIMITED,ELEKTA SOLUTIONS AB,,7593 SWEDEN,,,,China,Kenya,,,9022140000,H; ELEKTA HARMONY WITH MOSAIQ; ELEKTA HARMONY WITH MOSAIQ; 2030; ELEKTA SOLUTION,,1.0,UNT,0.0,1957793.6446,,,
2025-08-13,乌拉圭,中国,SANATORIO AMERICANO S A,,,,,,,Republica Popular de China,,,,9022149090,"LOS DEMAS. LOS DEMAS, PARA USO MEDICO, QUIRURGICO O VETERINARIO. APARATOS DE RAYOS X Y APARATOS QUE UTILICEN RADIACIONES ALFA, BETA GAMMA O DEMAS RADIACIONES IONIZANTES, INCLUSO PARA USO MEDICO, QUIRURGICO, ODONTOLOGICO O VETERINARIO, INCLUIDOS LO",,1.0,Unidad (C/U),7932.0,1900461.3,,,
2025-01-24,菲律宾,中国,BASEMED KARE INC,ELEKTA PTE LTD,"UNIT 303 1920 M ADRIATICO ST BRGY 702 ZONE 077 MALATE, MANILA CITY",,,,,CHINA,,,,90221400000,ONE SET BUNDLE LINAC HARMONY PRO DETAILS AS PER SCOPE OF SUPPLY AS EXHIBIT A. AS PER CONTRACT NO.HK2023100602 (2023-406832-DR)(ELEKTA HARMONY PRO MEDICAL LINEAR ACCELERATOR) (ELEKTA PTE LTD),,1.0,PIECE,9415.65,1882280.0,EF24120086,,
2025-08-23,印度,中国,SHALBY LIMITED,ELEKTA SOLUTIONS AB,"OPP- KARNAVATI CLUB,  S.G. HIGHWAY ROAD, ","HAGAPLAN 4 SDNF 113 68 STOCKHOLM, SWEDEN",,,,China (CN),,Tianjin,,90221490,ONE SET OF ELEKTA INFINITY - DIGITAL LINEAR ACCELERATOR WITHTRIPLE PHOTON ENERGIES - AS PER INVOICETREATMENT PLANNING SYSTEM,,1.0,UNT,0.0,1620000.0,,,
2025-08-23,印度,中国,SHALBY LIMITED,ELEKTA SOLUTIONS AB,"OPP- KARNAVATI CLUB,  S.G. HIGHWAY ROAD, ","HAGAPLAN 4 113 68 STOCKHOLM, SDNF SWEDEN",,,,China (CN),,Tianjin,,90221490,ONE SET OF ELEKTA INFINITY - DIGITAL LINEAR ACCELERATOR WITHTRIPLE PHOTON ENERGIES (AS PER INVOICE)TREATMENT PLANNING SYSTEM,,1.0,UNT,0.0,1620000.0,,,
2025-05-13,印度,中国,SMT NANDAMURI BASAVA TARAKA RAMA RAO MEMORIAL CAN,SIEMENS HEALTHINEERS INTERNATIONAL AG,"ROAD.NO,14,BANJARA HILLS,  N/A",,,,,CHINA,,Xingang,NHAVA SHEVA SEA (INNSA1),90221490,(PARTIAL SHIPMENT) LINEAR ACCELERATOR HALCYON FOR MEDICAL APPLICATION (AS PER INV)(PARTIAL SHIPMENT) LINEAR ACCELERATOR HALCYON FOR MEDICAL AP,,1.0,SET,0.0,1493822.5524,48ZR2T4CBB02D,,
2025-03-07,印度,中国,CANCER TREATMENT SERVICES HYDERABAD PRIVATE LIMITE,SIEMENS HEALTHINEERS INTERNATIONAL AG,"1-111/4/2/1,VIDYUTH NAGAR, BACKSIDE OF APARNA TOWERS, KOTHAGUDA POST, ",,,,,CHINA,,Tianjin,TUGHLAKABAD,90221490,LINEAR ACCELERATOR HALCYON INCL. COMPONENT PARTS AND STANDARD ACCESSORIES FOR MEDICAL APPLICATIONLINEAR ACCELERATOR HALCYON INCL. COMPONENT PARTS AND STANDAR,,1.0,SET,0.0,1470557.81,XN4LDL7GDFKOY,,
2025-09-23,印度,中国,STATE GOVERNMENT AND AGENCIES,SIEMENS HEALTHINEERS INTERNATIONAL AG,SANJAY GANDHI ZOOLIGCAL GARDEN ZOO Contact No:,HINTERBERGSTRASSE 14 CH-6312 STEINHAUSEN SDNF CH,,,,China (CN),,Xingang,,90221490,(PARTIAL SHIPMENT) LINEAR ACCELERATOR HALCYON INCL COMPONENTS PARTS AND STANDARD ACCESSORIES FOR MEDICAL APPLICATION.(PARTIAL SHIPMENT) LINEAR ACCELERATOR HALCYON INCL COMPONENT,,1.0,SET,0.0,1403900.0,,,
2025-08-13,乌拉圭,中国,SANATORIO AMERICANO S A,,,,,,,Republica Popular de China,,,,9022149090,"LOS DEMAS. LOS DEMAS, PARA USO MEDICO, QUIRURGICO O VETERINARIO. APARATOS DE RAYOS X Y APARATOS QUE UTILICEN RADIACIONES ALFA, BETA GAMMA O DEMAS RADIACIONES IONIZANTES, INCLUSO PARA USO MEDICO, QUIRURGICO, ODONTOLOGICO O VETERINARIO, INCLUIDOS LO",,1.0,Unidad (C/U),7850.0,1395338.69,,,
2025-08-28,印度,中国,HYDERABAD INSTITUTE OF ONCOLOGY PRIVATE LIMITED,ELEKTA SOLUTIONS AB,"6-3-1090/1/A, 31, PANCOM CHAMBERS,  RAJBHAVAN ROAD, SOMAJIGUDA, ",HAGAPLAN 4 113 68 STOCKHOLM SWEDEN,,,,China (CN),,Tianjin,,90221490,ELEKTA INFINITY - DIGITAL LINEAR ACCELERATOR WITH ACCESSORIES - (MEDICAL EQUIPMENT FOR CANCER TREATMENT)ELEKTA INFINITY - DIGITAL LINEAR ACCELERATOR WITH ACCESSORIE,,1.0,SET,0.0,1373000.0,,,
2025-09-10,菲律宾,中国,SIEMENS HEALTHCARE INC,SIEMENS HEALTHINEERS AG,10TH FLR. M1 TOWER 141 H.V. DELA COSTA ST. SALCEDO VILL. BRGY. BEL-AIRMAKATI CITY 1227PHILIPPINES,,,,,CHINA,,,,90221400000,1 PCE: MAGNETOM VIDA MAGNETIC RESONANCE IMAGING SYSTEM,,1.0,UNKNOWN,8724.1,1361795.4802,HKGC54121,,
2025-07-17,肯尼亚,中国,LIFECARE HOSPITALS K LIMITED,KING EMPIRE GROUP LIMITED,,,,,,China,Kenya,,,90221400,"H; FULLY DIGITAL X-RAY SYSTEM WITH ADDITIONAL ACCESSORIES; MOTORIZED VERTICAL BUCKY; 6 way seamless floating system; KING EMPIRE GROUP LTD; AEC , APR SYSTEM; 25; 1; 65KW GENERATOR; 1-800 MA RANGE; 1000; 1;",,25.0,UNT,0.0,1356250.0,,,
2025-07-17,肯尼亚,中国,LIFECARE HOSPITALS K LIMITED,KING EMPIRE GROUP LIMITED,,,,,,China,Kenya,,,90221400,"H; FULLY DIGITAL X-RAY SYSTEM WITH ADDITIONAL ACCESSORIES; MOTORIZED VERTICAL BUCKY; 6 way seamless floating system; KING EMPIRE GROUP LTD; AEC , APR SYSTEM; 25; 1; 65KW GENERATOR; 1-800 MA RANGE; 1000; 1;",,25.0,UNT,0.0,1356250.0,,,
2025-07-17,肯尼亚,中国,LIFECARE HOSPITALS K LIMITED,KING EMPIRE GROUP LIMITED,,,,,,China,Kenya,,,90221400,"H; FULLY DIGITAL X-RAY SYSTEM WITH ADDITIONAL ACCESSORIES; MOTORIZED VERTICAL BUCKY; 6 way seamless floating system; KING EMPIRE GROUP LTD; AEC , APR SYSTEM; 25; 1; 65KW GENERATOR; 1-800 MA RANGE; 1000; 1;",,25.0,UNT,0.0,1346250.0,,,
2025-11-08,印度,中国,HCG RAJKOT HOSPITALS LLP,ELEKTA SOLUTIONS AB,,HAGAPLAN 4 113 68 STOCKHOLM SWEDEN,,,,China (CN),,Tianjin,NHAVA SHEVA SEA (INNSA1),90221490,ELEKTA INFINITY DIGITAL LINEAR ACCELERATOR WITH ACCESSORIES- (MEDICAL EQUIPMENT FOR CANCER TREATMENT)ELEKTA INFINITY DIGITAL LINEAR ACCELERATOR WITH ACCESSORIES,,1.0,SET,0.0,1300709.09,,,
2025-11-03,印度,中国,HYDERABAD INSTITUTE OF ONCOLOGY PRIVATE LIMITED,ELEKTA SOLUTIONS AB,,HAGAPLAN 4 113 68 STOCKHOLM SWEDEN,,,,China (CN),,Tianjin,NHAVA SHEVA SEA (INNSA1),90221490,ELEKTA SYNERGY DIGITAL LINEAR ACCELERATOR WITH ACCESSORIES -(MEDICAL EQUIPMENT FOR CANCER TREATMENT)ELEKTA SYNERGY DIGITAL LINEAR ACCELERATOR WITH ACCESSORIES -,,1.0,SET,0.0,1279050.87,,,
2025-07-19,印度,中国,NARAYANA HRUDAYALAYA LIMITED,SIEMENS HEALTHINEERS INTERNATIONAL,"258/A BOMMASANDRA INL.AREA  ANEKAL. T.Q, HOSUR ROAD, ",,,,,CHINA,,Rotterdam,NHAVA SHEVA SEA (INNSA1),90221490,LINEAR ACCELERATOR HALCYON INCL.COMPONENT PARTS AND STANDARDACCESSORIES -Customs built as S/N 2007LINEAR ACCELERATOR HALCYON INCL.COMPONEN,,1.0,NOS,0.0,1234810.29,5IEJ24PU2NT5E,,
2025-07-25,印度,中国,SIEMENS HEALTHCARE PRIVATE LIMITED,VARIAN MEDICAL SYSTEMS PALO ALTO,"130, PANDURANG BUDHKAR MARG,  N/A",,,,,CHINA,,Zhengzhou,CHENNAI AIR CARGO ACC (INMAA4),90221490,PARTIAL SHIPMENT CONSISTING OF LINEAR ACCELERATOR ETHOS FORMEDICAL APPLICATION ( AS PER INV/PL)PARTIAL SHIPMENT CONSISTING OF LINEAR ACCELERATOR ETHOS FOR,,1.0,SET,0.0,1167457.8281,S72AB5AZUEU6A,,
2025-09-17,菲律宾,中国,ELEKTA PHILIPPINES INC,ELEKTA PTE LTD,"7/F ASCOTT MAKATI, GLORIETTA 4, AYALA CENTER, SAN LORENZOMAKATI CITY 1223PHILIPPINES",,,,,CHINA,,,,90221400000,1 SET: ELEKTA HARMONY PRO MEDICAL LINEAR ACCELERATOR,,1.0,PIECE,9909.93,1094422.4754,EF25080029,,
2025-03-18,印度,中国,SIEMENS HEALTHCARE PRIVATE LIMITED,VARIAN MEDICAL SYSTEMS PALO ALTO,"130, PANDURANG BUDHKAR MARG,  N/A",,,,,CHINA,,Zhengzhou,CHENNAI AIR CARGO ACC (INMAA4),90221490,PARTIAL SHIPMENT CONSISTING OF LINEAR ACCELERATOR HALCYON FOR MEDICAL APPLICATION ( AS PER INV / PL)PARTIAL SHIPMENT CONSISTING OF LINEAR ACCELERATOR HALCYON FO,,1.0,SET,0.0,1051092.4627,ZEYBGTY6MQPY4,,
2025-06-02,印度,中国,SILVERLINE CANCER & MULTI SPECIALITY HOSPITAL PRIV,SIEMENS HEALTHINEERS INTERNATIONAL AG,N/A N/A,,,,,CHINA,,Xingang,NHAVA SHEVA SEA (INNSA1),90221490,(PARTIAL SHIPMENT) LINEAR ACCELERATOR HALCYON FOR MEDICAL APPLICATION (AS PER INV)(PARTIAL SHIPMENT) LINEAR ACCELERATOR HALCYON FOR MEDICAL AP,,1.0,SET,0.0,1015414.5317,NRAZ4HFGTSVFR,,
2025-07-17,肯尼亚,中国,LIFECARE HOSPITALS K LIMITED,KING EMPIRE GROUP LIMITED,,,,,,China,Kenya,,,90221400,"H; FULLY DIGITAL X-RAY SYSTEM WITH ADDITIONAL ACCESSORIES; MOTORIZED VERTICAL BUCKY; 6 way seamless floating system; KING EMPIRE GROUP LTD; AEC , APR SYSTEM; 10; 1; 65KW GENERATOR; 1-800 MA RANGE; 40; 1;",,10.0,UNT,0.0,978000.0,,,
2025-10-15,印度,中国,JEEVAN JYOT CHARITABLE TRUST,SIEMENS HEALTHINEERS INTERNATIONAL AG,,HINTERBERGSTRASSE 14 CH-6312 STEINHAUSEN SDNF CH,,,,China (CN),,Xingang,,90221490,(PARTIAL SHIPMENT) LINEAR ACCELERATOR HALCYON INCL COMPONENTS PARTS AND STANDARD ACCESSORIES FOR MEDICAL APPLICATION.(PARTIAL SHIPMENT) LINEAR ACCELERATOR HALCYON INCL COMPONENT,,1.0,SET,0.0,936214.13,,,
2025-07-02,印度,中国,PARAS HEALTHCARE LIMITED,SIEMENS HEALTHINEERS INTERNATIONAL AG,"PARAS HOSPITAL, C-1, SECTOR-43  SUSHANT LOK, PHASE-I ",,,,,CHINA,,Xingang,NHAVA SHEVA SEA (INNSA1),90221490,(PARTIAL SHIPMENT) LINEAR ACCELERATOR HALCYON FOR MEDICAL APPLICATION (AS PER INV)(PARTIAL SHIPMENT) LINEAR ACCELERATOR HALCYON FOR MEDICAL AP,,1.0,SET,0.0,927126.1631,A5IQJHLLL5K25,,
2025-07-14,印度,中国,SHANKUS HOSPITALS PRIVATE LIMITED,SIEMENS HEALTHINEERS INTERNATIONAL AG,"C/O KESHAV HOLIDAY RESORT PVT LTD AHMEDABAD-MEHSANA HIGHWAY, AMIPURA",,,,,CHINA,,Xingang,NHAVA SHEVA SEA (INNSA1),90221490,(PARTIAL SHIPMENT) LINEAR ACCELERATOR HALCYON INCL COMPONENTS PARTS AND STANDARD ACCESSORIES (AS PER INV)(PARTIAL SHIPMENT) LINEAR ACCELERATOR HALCYON INCL COMPONENT,,1.0,SET,0.0,909894.7122,7LTSPMFCX7LQS,,
2025-08-21,印度,中国,PARAS HEALTHCARE LIMITED,SIEMENS HEALTHINEERS INTL AG,"PARAS HOSPITAL, C-1, SECTOR-43  SUSHANT LOK, PHASE-I ",HINTERBERGSTRASSE 14 CH-6312 STEINHAUSEN SDNF SWITZERLAND,,,,China (CN),,Xingang,,90221490,PARTIAL SHIPMENT LINEAR ACCELERATOR HALCYON INCL COMPONENT PARTS AND STANDARD ACCESSORIES FOR MEDICAL APPLICATIONPARTIAL SHIPMENT LINEAR ACCELERATOR HALCYON INCL COMPONENT P,,1.0,SET,0.0,906942.15,,,
2025-04-10,印度,中国,SIEMENS HEALTHCARE PRIVATE LIMITED,VARIAN MEDICAL SYSTEMS PALO ALTO,"130, PANDURANG BUDHKAR MARG,  N/A",,,,,CHINA,,Tianjin,NHAVA SHEVA SEA (INNSA1),90221490,(PARTIAL SHIPMENT) LINEAR ACCELERATOR HALCYON FOR MEDICAL APPLICATION (AS PER INV)(PARTIAL SHIPMENT) LINEAR ACCELERATOR HALCYON FOR MEDICAL AP,,1.0,SET,0.0,888635.5414,VAGDVNNJXOXGZ,,
2025-08-20,印度,中国,KIMS NAGERCOIL INSTITUTE OF MEDICAL SCIENCES PRIVA,SIEMENS HEALTHINEERS INTERNATIONAL AG,N/A N/A,HINTERBERGSTRASSE 14 CH-6312 STEINHAUSEN SDNF CH,,,,China (CN),,Xingang,,90221490,(PARTIAL SHIPMENT ) LINEAR ACCELERATOR HALCYON INCL COMPONENTS PARTS AND STANDARD ACCESSORIES (AS PER INV)(PARTIAL SHIPMENT ) LINEAR ACCELERATOR HALCYON INCL COMPONEN,,1.0,SET,0.0,878931.56,,,
2025-05-12,印度,中国,SHRI BALAJI INSTITUTE OF MEDICAL SCIENCE PRIVATE L,SIEMENS HEALTHINEERS INTERNATIONAL AG,"HOUSE NO 477 NEAR FOOTBALL HOUSE,R OAD NO  32 SUNDER NAGAR",,,,,CHINA,,Xingang,NHAVA SHEVA SEA (INNSA1),90221490,(PARTIAL SHIPMENT) LINEAR ACCELERATOR HALCYON FOR MEDICAL APPLICATION (AS PER INV)(PARTIAL SHIPMENT) LINEAR ACCELERATOR HALCYON FOR MEDICAL AP,,1.0,SET,0.0,870166.4166,6GF55HNRPYPJ2,,
2025-10-27,印度,中国,SIEMENS HEALTHCARE PRIVATE LIMITED,VARIAN MEDICAL SYSTEMS PALO ALTO,,3100 HASEN WAY PALO ALTO CA 94304 - 1028 SDNF US,,,,China (CN),,Xingang,TUGHLAKABAD,90221490,PARTIAL SHIPMENT LINEAR ACCELERATOR HALCYON FOR MEDICAL APPLICATIONPARTIAL SHIPMENT LINEAR ACCELERATOR HALCYON FOR MEDICAL APPL,,1.0,SET,0.0,865516.42,,,
2025-03-07,印度,中国,GAWAR CONSTRUCTION LIMITED,SIEMENS HEALTHINEERS INTERNATIONAL AG,"DSS-378,SECTOR-16-17  N/A",,,,,CHINA,,Tianjin,TUGHLAKABAD,90221490,PARTIAL SHIPMENT LINEAR ACCELERATOR HALCYON DRIVE FOR MEDICAL APPLICATION INCL COMPONENT PARTS AND STANDARD ACCESSORIESPARTIAL SHIPMENT LINEAR ACCELERATOR HALCYON DRIVE FOR MEDICA,,1.0,SET,0.0,852993.1126,OPA6WUUF96C0F,,
2025-07-18,印度,中国,ASHA NURSING HOME,SIEMENS HEALTHINEERS INTERNATIONAL AG,N/A N/A,,,,,CHINA,,Xiangang,Kolkata,90221490,PARTIAL SHIPMENT LINEAR ACCELERATOR HALCYON BOLD INCL. COMPONENT PARTS AND STANDARD ACCESSORIES FOR MEDICAL APPLICATION-PARTIAL SHIPMENT LINEAR ACCELERATOR HALCYON BOLD INCL. COMPO,,1.0,SET,0.0,822200.1956,UY5HVKBJ1EJYT,,
2025-01-06,印度,中国,SAMARPAN AAYUSH HOSPITAL LLP,SIEMENS HEALTHINEERS INTERNATIONAL AG,N/A N/A,,,,,CHINA,,Tianjin,NHAVA SHEVA SEA (INNSA1),90221490,(PARTIAL SHIPMENT) LINEAR ACCELERATOR HALCYON FOR MEDICAL APPLICATION(COMP./PARTS AND STANDARD ACESSORIES)-(AS PER INV)(PARTIAL SHIPMENT) LINEAR ACCELERATOR HALCYON FOR MEDICAL AP,,1.0,SET,0.0,814965.3997,03MMCRZQ24GSN,,
2025-03-17,乌兹别克斯坦,中国,O'ZBEKISTON RESPUBLIKASI SOG'LIQNI SAQLASH VAZIRLIGI HUZURIDAGI XARIDLAR MARKAZI DM,BEIJING WANDONG MEDICAL TECHOLOGY CO LTD,,,,,,,,,,9022140000,"1. Прямая цифровая радиологическая система,с комплектующими и принадлежностями.Модель:New Oriental 1000NA -14шт.(Стационарный рентгенодиагностический цифровой аппарат).Производитель: Beijing Wandong Medical Technology Co., Ltd.,Китай, г/вып.2025г.
2. Мес",,14.0,шт,12880.0,813680.0,,,
2025-04-26,印度,中国,SRI RAM KRISHNA SEVA TRUST,SIEMENS HEALTHINEERS,"DARBHANGA,DONAR P.O DMC VIP ROAD  N/A",,,,,CHINA,,Xingang,Kolkata,90221490,(PARTIAL SHIPMENT) LINEAR ACCELERATOR HALCYON FOR MEDICAL APPLICATION(PARTIAL SHIPMENT) LINEAR ACCELERATOR HALCYON FOR MEDICAL AP,,1.0,NOS,0.0,796104.4829,TM5YOHQ2CN4GP,,
2025-06-03,乌兹别克斯坦,中国,РЕСПУБЛИКАНСКИМ НАУЧНЫМ ЦЕНТРОМ ЭКСТРЕННОЙ МЕДИЦИНСКОЙ ПОМОЩИ,SHENZHEN ELEPHANT SUPPLY CHAIN MANAGEMENT CO LTD,ул. Кичик Халка Йули 2.,КНР,,,,,,,,9022140000,"1. Стационарная рентгенодиагностическая система Тип №1. Модель: YW-F-9000. - 3 шт. Кредит № 6210 UZ ""Совершенствование служб экстренной медицинской помощи"".  Производитель: Shenzhen Browiner Tech Co., Ltd. Китай.
1. Рентгенодиагностическая передвижная си",,21.0,шт,15646.87,756475.74,,,БЕЗМАРКИ
2025-02-21,埃塞俄比亚,中国,XIANDENG LI,,,,,,,China,,,,90221400,"-- Other, for medical, surgical or veterinary uses",,1.0,UNT,4809.0,741405.93,,,
2025-05-09,厄瓜多尔,中国,MINISTERIO DE SALUD PUBLICA,SHENZHEN MINDRAY BIO MEDICAL ELECTRONICS CO LTD,,,,,,CHINA,,,,9022140000,PORTABLE X-RAY MACHINE,,12.0,U,3737.454,724170.0,,,MINDRAY
2025-05-09,厄瓜多尔,中国,MINISTERIO DE SALUD PUBLICA,SHENZHEN MINDRAY BIO MEDICAL ELECTRONICS CO LTD,,,,,,CHINA,,,,9022140000,PORTABLE X-RAY MACHINE,,12.0,U,3426.0,724170.0,,,MINDRAY
2025-05-09,厄瓜多尔,中国,MINISTERIO DE SALUD PUBLICA,SHENZHEN MINDRAY BIO MEDICAL ELECTRONICS CO LTD,,,,,,CHINA,,,,9022140000,PORTABLE X-RAY MACHINE,,12.0,U,3426.0,724170.0,,,MINDRAY
2025-05-09,厄瓜多尔,中国,MINISTERIO DE SALUD PUBLICA,SHENZHEN MINDRAY BIO MEDICAL ELECTRONICS CO LTD,,,,,,CHINA,,,,9022140000,PORTABLE X-RAY MACHINE,,12.0,U,3426.0,724170.0,,,MINDRAY
2025-05-09,厄瓜多尔,中国,MINISTERIO DE SALUD PUBLICA,SHENZHEN MINDRAY BIO MEDICAL ELECTRONICS CO LTD,,,,,,CHINA,,,,9022140000,PORTABLE X-RAY MACHINE,,12.0,U,3737.455,724170.0,,,MINDRAY
2025-07-31,厄瓜多尔,中国,MINISTERIO DE SALUD PUBLICA,AMEX,,,,,,CHINA,,,,9022140000,PORTABLE C-ARM SYSTEM,,6.0,U,4326.0,655379.304,,,AMEX
2025-08-22,厄瓜多尔,中国,MINISTERIO DE SALUD PUBLICA,AMEX,,,,,,CHINA,,,,9022140000,PORTABLE C-ARM SYSTEM,,6.0,U,4350.0,655379.304,,,AMEX
2025-09-23,印度,中国,BK CANCER CENTER PRIVATE LIMITED,SIEMENS HEALTHINEERS INTERNATIONAL AG,N/A N/A,HINTERBERGSTRASSE 14 CH-6312 STEINHAUSEN SDNF CH,,,,China (CN),,Xingang,,90221490,(PARTIAL SHIPMENT) LINEAR ACCELERATOR HALCYON INCL COMPONENTS PARTS AND STANDARD ACCESSORIES FOR MEDICAL APPLICATION.(PARTIAL SHIPMENT) LINEAR ACCELERATOR HALCYON INCL COMPONENT,,1.0,SET,0.0,629923.79,,,
2025-06-26,乌兹别克斯坦,中国,OOO SAMIRA SHIFO MARKAZI,ROBOMANCO LTD,"Кашкадарьинская область, QARSHI SHAHAR ARAL MFY JAYHUN KO'CHASI","306,3F,171 Gasan Digital 1-ro  Geumcheon -gu Seoul , Republic Korea",,,,,,,,9022140000,"1)Медицинское оборудование : Система магнитно-резонансной томографии Magnetic Resonance Imaging System  модель Supernova 1.5T , год выпуска 2025 года, новое , без следов эксплуатации, завод изготовитель : Kuanteng (Liaoning) Medical Devices Co., LTD Кита",,1.0,шт,17337.0,500000.0,,,Kuanteng
2025-08-12,乌兹别克斯坦,中国,OOO SAMIRA SHIFO MARKAZI,ROBOMANCO LTD,"Кашкадарьинская область, QARSHI SHAHAR ARAL MFY JAYHUN KO'CHASI","306,3F,171 Gasan Digital 1-ro  Geumcheon -gu Seoul , Republic Korea",,,,,,,,9022140000,"1)Медицинское оборудование : Система магнитно-резонансной томографии Magnetic Resonance Imaging System  модель Supernova 1.5T , год выпуска 2025 года, новое , без следов эксплуатации, завод изготовитель : Kuanteng (Liaoning) Medical Devices Co., LTD Кита",,1.0,шт,17337.0,500000.0,,,Kuanteng
2025-02-10,孟加拉国,中国,D G CENTRAL MEDICAL STORES DEPT,ORICH MEDICAL EQUIPMENT TIANJIN C,"30. SHAHID TAJUDDIN AHMED SARANI,",,,,,CN,,,,90221400,DIGITAL X-RAY MACHINE W.STD.ACC.,,20.0,,14000.0,486500.0,,,
2025-02-10,孟加拉国,中国,D G CENTRAL MEDICAL STORES DEPT,ORICH MEDICAL EQUIPMENT TIANJIN C,"30. SHAHID TAJUDDIN AHMED SARANI,",,,,,China,,,,90221400,DIGITAL X-RAY MACHINE W.STD.ACC.,,20.0,NMB,14000.0,486500.0,,,
2025-06-14,乌兹别克斯坦,中国,РЕСПУБЛИКАНСКИМ НАУЧНЫМ ЦЕНТРОМ ЭКСТРЕННОЙ МЕДИЦИНСКОЙ ПОМОЩИ,SHENZHEN ELEPHANT SUPPLY CHAIN MANAGEMENT CO LTD,ул. Кичик Халка Йули 2.,КНР,,,,,,,,9022140000,"1. Стационарная рентгенодиагностическая система Тип №1. Модель: YW-F-9000. - 6 шт. Кредит № 6210 UZ ""Совершенствование служб экстренной медицинской помощи"".  Производитель: Shenzhen Browiner Tech Co., Ltd. Китай.
2. Мест: 6 дер яш.",,6.0,шт,6025.13,483747.48,,,БЕЗМАРКИ
2025-07-11,肯尼亚,中国,THE NAIROBI WEST HOSPITAL LIMITED,UNITED IMAGING HEALTHCARE HONG KONG LIMITED,,,,,,China,Kenya,,,90221400,H; uAngio AVIVA CX; Digital Medical X-ray ImagingSystemModel: uAngio AVIVA CX; medicines; UNITED; uAngio AVIVA CX; 1; 1; 1; steel; 4500; 1;,,1.0,UNT,0.0,469925.12,,,
2025-05-26,印度,中国,BOSTON IVY HEALTHCARE SOLUTIONS PRIVATE LIMITED,SHANGHAI UNITED IMAGING HEALTHCARE CO LTD,"B-301, B-WING, GIRNAR HEIGHTS,  BHAKTI PARK, WADALA EAST, MUMBAI, ",,,,,CHINA,,Shanghai,Chennai  ,90221490,ANGIOGRAPHY X-RAY SYSTEM (MODEL NO:UANGIO AVIVA CX) S/NO:11XR810015 - NO COMMERCIAL SALE ONLY FOR DEMONSTARTION/TESTINGANGIOGRAPHY X-RAY SYSTEM (MODEL NO:UANGIO AVIVA CX) S/NO:11X,,1.0,SET,0.0,456334.56,EFNEIG55NII65,,
2025-06-02,乌兹别克斯坦,中国,ЧП SOGLOM HAYO,NEUSOFT MEDICAL SYSTEMS CO LTD,"Навоиская обл, Хатирчи район, махалля Думарык, ул. Ахмада Яссавий дом №61.","177-1 Chuangxin Road, Hunnan District,
Shenyang, Liaoning, China 110167",,,,,,,,9022140000,"1. Digital Angiographic Systems. Медицинская ангиографическая система  рентгеновского излучения, Модель ""NeuAngio 30F"" с принадлежностями. 1 комплект Производитель ?NEUSOFT MEDICAL SYSTEMS CO., LTD?. Произведено 2025 году.  - кол. 1 шт, вес: 5323 кг
2. м",,1.0,шт,5323.0,450000.0,,,БЕЗ МАРКИ
2025-04-24,乌兹别克斯坦,中国,ЧП SOGLOM HAYO,NEUSOFT MEDICAL SYSTEMS CO LTD,,,,,,,,,,9022140000,1. Digital Angiographic Systems. Медицинская ангио,,1.0,шт,5323.0,450000.0,,,
2025-05-14,乌兹别克斯坦,中国,O ZBEKISTON RESPUBLIKASI SOGLIQNI SAQLASH VAZIRLIGI HUZURIDAGI XARIDLAR MARKAZI DAVLAT MUASSASASI,SHENZHEN TAMIRLAN INTERNATIONAL LOGISTICS CO LTD,,,,,,,,,,9022140000,"1. Система интервенционной ангиографии с принадлежностями Модель: ""CGO-2100""-1шт. Товар новый год выпуска 2025г.
Интервенционный рентгенологический метод, используемый для четкой визуализации кровеносных сосудов в тканях. Пименяется в медицине.
Производи",,1.0,шт,5338.0,433300.0,,,
2025-10-17,亚美尼亚,中国,T MED CJSC,DYHO GROUP,,,,,,"Hong Kong,China (HK)",Armenia (AM),,,90221400000,DIGITAL X-RAY EQUIPMENT/ DTP576 / IN DAMAGED CONDITION/,,4.0,ՀԱՏ,8160.0,432848.0,,,
2025-02-28,菲律宾,中国,ELAN VITA DIAGNOSTIC SOLUTIONS,SHENZHEN ANGELL TECHNOLOGY CO LTD,"NO. 78 BAYANIHAN VILLAGE, QUIOT PARDO CEBU CITY, CEBU CITY",,,,,CHINA,,,,90221400000,DIGITAL MEDICAL X-RAY RADIOGRAPHIC SYSTEM DM156A DTP571 DP326B-3,,20.0,PIECE,5140.0,382382.2,CMZ1552674,,
2025-07-01,巴西,中国,HOSPCOM EQUIPAMENTOS HOSPITALARES LTDA,MR GLOBAL HK LTD,,,,,,,,,Sao Paulo,90221419,"APARELHOS DE RAIOS X E APARELHOS QUE UTILIZEM AS RADIAçõES ALFA, BETA OU GAMA, MESMO PARA USOS MéDICOS, CIRúRGICOS, ODONTOLóGICOS OU VETERINáRIOS, INCLUíDOS OS APARELHOS DE RADIOFOTOGRAFIA OU DE RADIOTERAPIA, OS TUBOS DE RAIOS X E OUTROS DISPOSITIVOS GERA",,6.0,UNITY,3971.58,378948.02,,,
2025-04-03,埃塞俄比亚,中国,DARYEEL AL HUSSEIN PARTNERSHIP,,,,,,,China,,,,90221400,"-- Other, for medical, surgical or veterinary uses",,5.0,UNT,759.0,359488.84,,,
2025-10-16,厄瓜多尔,中国,SIEMENSHEALTHCARE CIA LTDA,SIEMENS HEALTHINEERS AG,,,,,,CHINA,,,,9022140000,EQUIPO ANGIOGRAFIA ARTIS ZEE FLOOR CON SUS PARTES Y ACCESORIOS PARA SU CORRECTO FUNCIONAMIENTO,,1.0,PZA,2845.0,345906.401,,,SIEMENS
2025-11-21,美国,中国,,,N/A,N/A,N/A,N/A,,"CN, CHINA",,NINGBO,"OAKLAND, CA",902214,"CANNULA, FOR MEDICAL OR SURGICAL USE CANNULA, FOR MEDICAL OR SURGICAL USE SHIPPER LOAD AND COUNTCANNULA, OXYGEN CANNULA, FOR MEDICAL OR SURGICAL USE SHIPPER LOAD AND COUNT",NO MARKSNO MARKS,4368.0,CTN,16086.0,321720.0,HDMUNBOZ51N96500,"HMMU5447727,HMMU5499607",
2025-01-31,秘鲁,中国,NEUSOFT MEDICAL PERU SOCIEDAD ANONIMA CERRADA,,CHINCHON NRO. 875 INT. 101,,,,,CHINA,,Dalian,,9022140000,"SISTEMA DE TC DE CUERPO COMPLETO,NEUSOFT,NEUVIZ PRIME,",,1.0,UNIDAD,3785.0,308934.0,,,
2025-05-09,厄瓜多尔,中国,MINISTERIO DE SALUD PUBLICA,SHENZHEN MINDRAY BIO MEDICAL ELECTRONICS CO LTD,,,,,,CHINA,,,,9022140000,PORTABLE X-RAY MACHINE,,5.0,U,1557.273,301737.5,,,MINDRAY
2025-05-01,巴西,中国,UNIVEN HEALTHCARE S A,SHANTOU INSTITUTE OF ULTRASONIC INSTRUMENTS HK CO LTD,SC,,,,,,,,ITAJAI,90221419,"APARELHOS DE RAIOS X E APARELHOS QUE UTILIZEM AS RADIAçõES ALFA, BETA OU GAMA, MESMO PARA USOS MéDICOS, CIRúRGICOS, ODONTOLóGICOS OU VETERINáRIOS, INCLUíDOS OS APARELHOS DE RADIOFOTOGRAFIA OU DE RADIOTERAPIA, OS TUBOS DE RAIOS X E OUTROS DISPOSITIVOS GERA|BENS DE CAPITAL (EXCETO EQUIPAMENTOS DE TRANSPORTE)|PRODUTOS MANUFATURADOS|FABRICAçãO DE EQUIPAMENTOS DE IRRADIAçãO, ELETROMéDICOS E ELETROTERAPêUTICOS|APARELHOS DE RAIOS X P/USO MEDICO,CIRURGICO OU VETERIN.",,2465.0,UNID.,8320.0,301601.71,,,
2025-06-01,巴西,中国,HOSPCOM EQUIPAMENTOS HOSPITALARES LTDA,CHINA ISOTOPE RADIATION CORPORATION,,,,,,,,,Sao Paulo,90221419,"APARELHOS DE RAIOS X E APARELHOS QUE UTILIZEM AS RADIAçõES ALFA, BETA OU GAMA, MESMO PARA USOS MéDICOS, CIRúRGICOS, ODONTOLóGICOS OU VETERINáRIOS, INCLUíDOS OS APARELHOS DE RADIOFOTOGRAFIA OU DE RADIOTERAPIA, OS TUBOS DE RAIOS X E OUTROS DISPOSITIVOS GERA|BENS DE CAPITAL (EXCETO EQUIPAMENTOS DE TRANSPORTE)|PRODUTOS MANUFATURADOS|FABRICAçãO DE EQUIPAMENTOS DE IRRADIAçãO, ELETROMéDICOS E ELETROTERAPêUTICOS|APARELHOS DE RAIOS X P/USO MEDICO,CIRURGICO OU VETERIN.",,1.0,UNITY,1960.22,276458.78,,,
2025-03-06,印度,中国,SIEMENS HEALTHCARE PRIVATE LIMITED,SIEMENS HEALTHINEERS AG,"130, PANDURANG BUDHKAR MARG,  N/A",,,,,CHINA,,Shekou,NHAVA SHEVA SEA (INNSA1),90221490,(CARDIAC AND VASCULAR ANGIOGRAPHY INCL DSA COMPLETE WITH ACCESSORIES AS PER INV ) ARTIS ONE(CARDIAC AND VASCULAR ANGIOGRAPHY INCL DSA COMPLETE WITH ACC,,1.0,SET,0.0,274147.4585,98MSW9QD3Y0WQ,,
2025-10-24,埃塞俄比亚,中国,DARYEEL AL HUSSEIN PARTNERSHIP,,,,,,,China,,,,90221400,"-- Other, for medical, surgical or veterinary uses",,5.0,UNT,1850.0,274054.97,,,
2025-03-11,印度,中国,SIEMENS HEALTHCARE PRIVATE LIMITED,SIEMENS HEALTHINEERS AG,"130, PANDURANG BUDHKAR MARG,  N/A",,,,,CHINA,,Shekou,NHAVA SHEVA SEA (INNSA1),90221490,( CARDIAC AND VASCULAR ANGIOGRAPHY INCL DSA COMPLETE WITH ACCESSORIES AS PER INV ) ARTIS ONE( CARDIAC AND VASCULAR ANGIOGRAPHY INCL DSA COMPLETE WITH AC,,1.0,SET,0.0,272636.7085,1GB7OOT7F3X08,,
2025-07-21,印度,中国,SIEMENS HEALTHCARE PRIVATE LIMITED,SIEMENS HEALTHINEERS AG,"130, PANDURANG BUDHKAR MARG,  N/A",,,,,CHINA,,Shekou,NHAVA SHEVA SEA (INNSA1),90221490,( CARDIAC AND VASCULAR ANGIOGRAPHY INCL DSA COMPLETE WITH ACCESORIES ( AS PER INV ) ) ARTIS ONE( CARDIAC AND VASCULAR ANGIOGRAPHY INCL DSA COMPLETE WITH AC,,1.0,SET,0.0,271201.8378,ZN3QH94R7OEZG,,
2025-05-27,印度,中国,SIEMENS HEALTHCARE PRIVATE LIMITED,SIEMENS HEALTHINEERS AG,"130, PANDURANG BUDHKAR MARG,  N/A",,,,,CHINA,,Shekou,NHAVA SHEVA SEA (INNSA1),90221490,( CARDIAC AND VASCULAR ANGIOGRAPHY INCL DSA COMPLETE WITH ACCESSORIES AS PER INV ) ARTIS ONE( CARDIAC AND VASCULAR ANGIOGRAPHY INCL DSA COMPLETE WITH AC,,1.0,SET,0.0,270546.7511,D9OGNRGHMB4R5,,
2025-05-17,印度,中国,SIEMENS HEALTHCARE PRIVATE LIMITED,SIEMENS HEALTHINEERS AG,"130, PANDURANG BUDHKAR MARG,  N/A",,,,,CHINA,,Shekou,NHAVA SHEVA SEA (INNSA1),90221490,( CARDIAC AND VASCULAR ANGIOGRAPHY INCL DSA COMPLETE WITH ACCESSORIES ( AS PER INV ) ) ARTIS ONE( CARDIAC AND VASCULAR ANGIOGRAPHY INCL DSA COMPLETE WITH AC,,1.0,SET,0.0,270546.7511,0R1VX3S7LJ8PO,,
2025-05-27,印度,中国,SIEMENS HEALTHCARE PRIVATE LIMITED,SIEMENS HEALTHINEERS AG,"130, PANDURANG BUDHKAR MARG,  N/A",,,,,CHINA,,Shekou,NHAVA SHEVA SEA (INNSA1),90221490,( CARDIAC AND VASCULAR ANGIOGRAPHY INCL DSA COMPLETE WITH ACCESSORIES AS PER INV ) ARTIS ONE( CARDIAC AND VASCULAR ANGIOGRAPHY INCL DSA COMPLETE WITH AC,,1.0,SET,0.0,270546.7511,5AY79YGSQWV1J,,
2025-05-27,印度,中国,SIEMENS HEALTHCARE PRIVATE LIMITED,SIEMENS HEALTHINEERS AG,"130, PANDURANG BUDHKAR MARG,  N/A",,,,,CHINA,,Shekou,NHAVA SHEVA SEA (INNSA1),90221490,( CARDIAC AND VASCULAR ANGIOGRAPHY INCL DSA COMPLETE WITH ACCESSORIES AS PER INV ) ARTIS ONE( CARDIAC AND VASCULAR ANGIOGRAPHY INCL DSA COMPLETE WITH AC,,1.0,SET,0.0,270546.7511,T5P9M8C1QODAK,,
2025-05-17,印度,中国,SIEMENS HEALTHCARE PRIVATE LIMITED,SIEMENS HEALTHINEERS AG,"130, PANDURANG BUDHKAR MARG,  N/A",,,,,CHINA,,Shekou,NHAVA SHEVA SEA (INNSA1),90221490,( CARDIAC AND VASCULAR ANGIOGRAPHY INCL DSA COMPLETE WITH ACCESSORIES ( AS PER INV ) ) ARTIS ONE( CARDIAC AND VASCULAR ANGIOGRAPHY INCL DSA COMPLETE WITH AC,,1.0,SET,0.0,270546.7511,3KJES388GW8VL,,
2025-05-27,印度,中国,SIEMENS HEALTHCARE PRIVATE LIMITED,SIEMENS HEALTHINEERS AG,"130, PANDURANG BUDHKAR MARG,  N/A",,,,,CHINA,,Shekou,NHAVA SHEVA SEA (INNSA1),90221490,( CARDIAC AND VASCULAR ANGIOGRAPHY INCL DSA COMPLETE WITH ACCESSORIES AS PER INV ) ARTIS ONE( CARDIAC AND VASCULAR ANGIOGRAPHY INCL DSA COMPLETE WITH AC,,1.0,SET,0.0,270546.7511,OE3H0QVK9GR0T,,
2025-05-27,印度,中国,SIEMENS HEALTHCARE PRIVATE LIMITED,SIEMENS HEALTHINEERS AG,"130, PANDURANG BUDHKAR MARG,  N/A",,,,,CHINA,,Shekou,NHAVA SHEVA SEA (INNSA1),90221490,( CARDIAC AND VASCULAR ANGIOGRAPHY INCL DSA COMPLETE WITH ACCESSORIES AS PER INV ) ARTIS ONE( CARDIAC AND VASCULAR ANGIOGRAPHY INCL DSA COMPLETE WITH AC,,1.0,SET,0.0,270546.7511,5K63HNG15TO0T,,
2025-06-17,哥伦比亚,中国,NEUSOFT MEDICAL COLOMBIA SAS,NEUSOFT MEDICAL SYSTEMS CO LTD,AV 15 NO. 100 69,"NO. 177-1 CHUANGXIN ROAD, HUNNAN DI",,,,CHINA,,,,9022140000,"DO DLICTG2500000-001 PEDIDO TRAMITE: NMS010 DECLARACION(1-1) MERCANCIA NUEVA // CON VOBO INVIMA NO. VINVIMA-25-0018526 DE 2025-02-10 / VOBO SIC NO. VSIC-2508426 DE 2025-02-12. FACTURA: NMS24-SC403/NMS-NMC-240731 FECHA: 2024-09-04 (ITEM 1) CANT (1) SET PRODUCTO: MEDICAL ANGIOGRAPHY X-RAY SYSTEM-EQUIPO DE RAYOS XDE ANGIOGRAFÍA MEDICA, MARCA: NEUSOFT, MODELO: NEUANGIO 33F, REFERENCIA: NO TIENE, USO O DESTINO: NEUANGIO 30C ESTA INDICADO PARA SU USO EN LA GENERACION DE IMAGENES DE RAYOS X DE LA ANATOMÍA HUMANAPARA EL EXAMEN CARDIOVASCULAR, CEREBROVASCULAR, VASCULAR PERIFERICO Y NO VASCULAR PARA EXAMENES DE ANGIOGRAFÍA Y DIAGNOSTICO CLÍNICO DURANTE PROCEDIMIENTOS INTERVENCIONISTAS, TECNICA DE DIAGNOSTICO: RAYOS X, SERIAL: N33F240001 //",,1.0,NUMERO DE ARTICULOS,3618.0,270399.0,,,
2025-05-14,印度,中国,SIEMENS HEALTHCARE PRIVATE LIMITED,SIEMENS HEALTHINEERS AG,"130, PANDURANG BUDHKAR MARG,  N/A",,,,,CHINA,,Shekou,NHAVA SHEVA SEA (INNSA1),90221490,( CARDIAC AND VASCULAR ANGIOGRAPHY INCL DSA COMPLETE WITH ACCESSORIES AS PER INV ) ARTIS ONE( CARDIAC AND VASCULAR ANGIOGRAPHY INCL DSA COMPLETE WITH AC,,1.0,SET,0.0,270238.4104,42EH70HVHRW1I,,
2025-05-01,印度,中国,SIEMENS HEALTHCARE PRIVATE LIMITED,SIEMENS HEALTHINEERS AG,"130, PANDURANG BUDHKAR MARG,  N/A",,,,,CHINA,,Shekou,NHAVA SHEVA SEA (INNSA1),90221490,( CARDIAC AND VASCULAR ANGIOGRAPHY INCL DSA COMPLETE WITH ACCESSORIES AS PER INV ) ARTIS ONE( CARDIAC AND VASCULAR ANGIOGRAPHY INCL DSA COMPLETE WITH AC,,1.0,SET,0.0,270238.4104,8L2ZN2M3WFW1J,,
2025-04-22,印度,中国,SIEMENS HEALTHCARE PRIVATE LIMITED,SIEMENS HEALTHINEERS AG,"130, PANDURANG BUDHKAR MARG,  N/A",,,,,CHINA,,Shekou,NHAVA SHEVA SEA (INNSA1),90221490,( CARDIAC AND VASCULAR ANGIOGRAPHY INCL DSA COMPLETE WITH ACCESSORIES AS PER INV ) ARTIS ONE( CARDIAC AND VASCULAR ANGIOGRAPHY INCL DSA COMPLETE WITH AC,,1.0,SET,0.0,269524.6578,GVZFPMIZQFWDU,,
2025-07-21,印度,中国,SIEMENS HEALTHCARE PRIVATE LIMITED,SIEMENS HEALTHINEERS AG,"130, PANDURANG BUDHKAR MARG,  N/A",,,,,CHINA,,Shekou,NHAVA SHEVA SEA (INNSA1),90221490,CARDIAC AND VASCULAR ANGIOGRAPHY INCL DSA COMPLETE WITH ACCESSORIES ( AS PER INV ) ARTIS ONECARDIAC AND VASCULAR ANGIOGRAPHY INCL DSA COMPLETE WITH ACCE,,1.0,SET,0.0,268927.7554,3LXRMTSNPOYUP,,
2025-07-18,印度,中国,SIEMENS HEALTHCARE PRIVATE LIMITED,SIEMENS HEALTHINEERS AG,"130, PANDURANG BUDHKAR MARG,  N/A",,,,,CHINA,,Shekou,NHAVA SHEVA SEA (INNSA1),90221490,CARDIAC AND VASCULAR ANGIOGRAPHY INCL DSA COMPLETE WITH ACCESSORIES ( AS PER INV ) ARTIS ONECARDIAC AND VASCULAR ANGIOGRAPHY INCL DSA COMPLETE WITH ACCE,,1.0,SET,0.0,268927.7554,WVCVLDE0VH4BK,,
2025-07-21,印度,中国,SIEMENS HEALTHCARE PRIVATE LIMITED,SIEMENS HEALTHINEERS AG,"130, PANDURANG BUDHKAR MARG,  N/A",,,,,CHINA,,Shekou,NHAVA SHEVA SEA (INNSA1),90221490,( CARDIAC AND VASCULAR ANGIOGRAPHY INCL DSA COMPLETE WITH ACCESSORIES AS PER INV ) ARTIS ONE( CARDIAC AND VASCULAR ANGIOGRAPHY INCL DSA COMPLETE WITH AC,,1.0,SET,0.0,268927.7554,I3E0F1CW1PDXY,,
2025-03-24,印度,中国,SIEMENS HEALTHCARE PRIVATE LIMITED,SIEMENS HEALTHINEERS AG,"130, PANDURANG BUDHKAR MARG,  N/A",,,,,CHINA,,Shekou,NHAVA SHEVA SEA (INNSA1),90221490,( CARDIAC AND VASCULAR ANGIOGRAPHY INCL DSA COMPLETE WITH ACCESSORIES AS PER INV ) ARTIS ONE( CARDIAC AND VASCULAR ANGIOGRAPHY INCL DSA COMPLETE WITH AC,,1.0,SET,0.0,268784.8386,CYZ418WSUCD0D,,
2025-09-05,印度,中国,SIEMENS HEALTHCARE PRIVATE LIMITED,SIEMENS HEALTHINEERS AG,"130, PANDURANG BUDHKAR MARG,  N/A",SIEMENSSTR. 3 91301 FORCHHEIM SDNF DE,,,,China (CN),,Shekou,,90221490,( CARDIAC AND VASCULAR ANGIOGRAPHY INCL DSA COMPLETE WITH ACCESSORIES AS PER INV ) ARTIS ONE( CARDIAC AND VASCULAR ANGIOGRAPHY INCL DSA COMPLETE WITH AC,,1.0,SET,0.0,268461.2,,,
2025-09-15,印度,中国,SIEMENS HEALTHCARE PRIVATE LIMITED,SIEMENS HEALTHINEERS AG,"130, PANDURANG BUDHKAR MARG,  N/A",SIEMENSSTR. 3 91301 FORCHHEIM SDNF DE,,,,China (CN),,Shekou,,90221490,( CARDIAC AND VASCULAR ANGIOGRAPHY INCL DSA COMPLETE WITH ACCESSORIES AS PER INV ) ARTIS ONE( CARDIAC AND VASCULAR ANGIOGRAPHY INCL DSA COMPLETE WITH AC,,1.0,SET,0.0,268461.2,,,
2025-05-08,印度,中国,SIEMENS HEALTHCARE PRIVATE LIMITED,SIEMENS HEALTHINEERS AG,"130, PANDURANG BUDHKAR MARG,  N/A",,,,,CHINA,,Shekou,NHAVA SHEVA SEA (INNSA1),90221490,( CARDIAC AND VASCULAR ANGIOGRAPHY INCL DSA COMPLETE WITH ACCESSOIRES AS PER INV ) ARTIS ONE( CARDIAC AND VASCULAR ANGIOGRAPHY INCL DSA COMPLETE WITH AC,,1.0,SET,0.0,268270.6283,DM1TI00EC5IWI,,
2025-05-08,印度,中国,SIEMENS HEALTHCARE PRIVATE LIMITED,SIEMENS HEALTHINEERS AG,"130, PANDURANG BUDHKAR MARG,  N/A",,,,,CHINA,,Shekou,NHAVA SHEVA SEA (INNSA1),90221490,CARDIAC AND VASCULAR ANGIOGRAPHY INCL DSA COMPLETE WITH ACCESSORIES ( AS PER INV ) ARTIS ONECARDIAC AND VASCULAR ANGIOGRAPHY INCL DSA COMPLETE WITH ACCE,,1.0,SET,0.0,267579.8149,8DB4LYVU02LGL,,
2025-08-21,印度,中国,SIEMENS HEALTHCARE PRIVATE LIMITED,SIEMENS HEALTHINEERS AG,"130, PANDURANG BUDHKAR MARG,  N/A",SIEMENSSTR. 3 91301 FORCHHEIM SDNF DE,,,,China (CN),,Shekou,,90221490,( CARDIAC AND VASCULAR ANGIOGRAPHY INCL DSA COMPLETE WITH ACCESORIES (AS PER INV ) ) ARTIS ONE( CARDIAC AND VASCULAR ANGIOGRAPHY INCL DSA COMPLETE WITH AC,,1.0,SET,0.0,266791.18,,,
2025-08-21,印度,中国,SIEMENS HEALTHCARE PRIVATE LIMITED,SIEMENS HEALTHINEERS AG,"130, PANDURANG BUDHKAR MARG,  N/A",SIEMENSSTR. 3 91301 FORCHHEIM SDNF DE,,,,China (CN),,Shekou,,90221490,( CARDIAC AND VASCULAR ANGIOGRAPHY INCL DSA COMPLETE WITH ACCESORIES ( AS PER INV ) ) ARTIS ONE( CARDIAC AND VASCULAR ANGIOGRAPHY INCL DSA COMPLETE WITH AC,,1.0,SET,0.0,266791.18,,,
2025-03-21,印度,中国,SIEMENS HEALTHCARE PRIVATE LIMITED,SIEMENS HEALTHINEERS AG,"130, PANDURANG BUDHKAR MARG,  N/A",,,,,CHINA,,Shekou,NHAVA SHEVA SEA (INNSA1),90221490,( CARDIAC AND VASCULAR ANGIOGRAPHY INCL DSA COMPLETE WITH ACCESSORIES ( AS PER INV ) ) ARTIS ONE( CARDIAC AND VASCULAR ANGIOGRAPHY INCL DSA COMPLETE WITH AC,,1.0,SET,0.0,265622.213,PCVHFYQCBA9RG,,
2025-05-01,巴西,中国,FIRST S A,ISOTOPE&RADIATION CORPORATION,SC,,,,,,,,ITAJAI,90221419,DIGIEYE IMAGENS ALTA PRECISÃO EFICIÊNCIA MINDRAY  RADIOGRAFIA,,8.0,UNID.,5092.0,259201.17,,,
2025-07-07,亚美尼亚,中国,AR MEDTECHNIKA LLC,NANJING PERLOVE MEDICAL EQUIPMENT CO LTD,,,,,,China (CN),Armenia (AM),,,90221400000,X-RAY SYSTEM PLD9600A,,2.0,ՀԱՏ,4590.0,247918.0,,,
2025-07-07,哥伦比亚,中国,NEUSOFT MEDICAL COLOMBIA SAS,NEUSOFT MEDICAL SYSTEMS CO LTD,AV 15 NO. 100 69,"NO. 177-1 CHUANGXIN ROAD, HUNNAN DI",,,,CHINA,,,,9022140000,DO DLICTG2500026-001 PEDIDO TRAMITE: NMC014 DECLARACION(1-1) MERCANCIA NUEVA. FACTURA: NMS24-SC401NMS-NMC-250210 FECHA:,,1.0,NUMERO DE ARTICULOS,3518.0,241950.0,,,
2025-05-09,厄瓜多尔,中国,MINISTERIO DE SALUD PUBLICA,SHENZHEN MINDRAY BIO MEDICAL ELECTRONICS CO LTD,,,,,,CHINA,,,,9022140000,PORTABLE X-RAY MACHINE,,4.0,U,1245.818,241390.0,,,MINDRAY
2025-09-10,印度,中国,WIPRO GE HEALTHCARE PRIVATE LIMITED,GE HUALUN MEDICAL SYSTEMS CO LTD,"A-1,GOLDEN ENCLAVE  AIRPORT ROAD, ","BEIJING GE HUALUN MEDICAL EQUIPMENT CO., LTD No.1 NORTH YONG CHANG STR EET BEIJING ECONOMIC & TECHNOLOGICA China",,,,China (CN),,Shanghai,,90221490,S18932AB OPTIMA IGS 330 SYSTEM FINISHED GOOD (X-RAY ANGIOGRAPHY EQUIPMENT) [MEDICAL EQUIPMENT]S18932AB OPTIMA IGS 330 SYSTEM FINISHED GOOD (X-RAY ANGIOGRA,,1.0,NOS,0.0,234031.76,,,
2025-07-31,亚美尼亚,中国,SION LLC,BEIJING WANDONG MEDICAL TECHNOLOGY CO LTD,,,,,,China (CN),Armenia (AM),,,90221400000,MEDICAL DIGITAL X-RAY SYSTEM DRF-3,,2.0,ՀԱՏ,2760.0,227619.0,,,
2025-05-29,斯里兰卡,中国,DELMEGE FORSYTH AND CO,ANGELL TECHNOLOGY HK CO LIMITED,"101, VINAYALANKARA MAWATHA, COLOMBO-10.",FLAT/RM 1205 12/FTAISANG BANK BUIL 130-132 DES VOEUX ROAD CENTRAL HONG KONG,,,,CHINA,,,,90221400,"DIGITAL MEDICAL X - RAY RADIOGRAPHIC SYSTEM&#10;(MOBILE C- ARM),(5 UNIT)",,5.0,NIU,3730.0,220000.0,,,
2025-01-22,孟加拉国,中国,D G CENTRAL MEDICAL STORES DEPT,ORICH MEDICAL EQUIPMENT TIANJIN T,"30. SHAHID TAJUDDIN AHMED SARANI,",,,,,China,,,,90221400,DIGITAL X-RAY MACHINE WITH STD.ACC. M: DF 211H,,10.0,NMB,7000.0,218719.43,,,
2025-01-22,孟加拉国,中国,D G CENTRAL MEDICAL STORES DEPT,ORICH MEDICAL EQUIPMENT TIANJIN T,"30. SHAHID TAJUDDIN AHMED SARANI,",,,,,CN,,,,90221400,DIGITAL X-RAY MACHINE WITH STD.ACC. M: DF 211H,,10.0,,7000.0,218719.43,,,
2025-04-01,巴西,中国,GE HEALTHCARE DO BRASIL COMERCIO E SERVICOS PARA EQUIPA,BEIJING GE HUALUN MEDICAL EQUIPMENT CO LTD,MG,,,,,China (CN),,,,90221419,"APARELHOS DE RAIOS X E APARELHOS QUE UTILIZEM AS RADIAçõES ALFA, BETA OU GAMA, MESMO PARA USOS MéDICOS, CIRúRGICOS, ODONTOLóGICOS OU VETERINáRIOS, INCLUíDOS OS APARELHOS DE RADIOFOTOGRAFIA OU DE RADIOTERAPIA, OS TUBOS DE RAIOS X E OUTROS DISPOSITIVOS GERA|BENS DE CAPITAL (EXCETO EQUIPAMENTOS DE TRANSPORTE)|PRODUTOS MANUFATURADOS|FABRICAçãO DE EQUIPAMENTOS DE IRRADIAçãO, ELETROMéDICOS E ELETROTERAPêUTICOS|APARELHOS DE RAIOS X P/USO MEDICO,CIRURGICO OU VETERIN.",,716.0,UNID.,3651.0,210555.0,,,
2025-06-26,秘鲁,中国,GAMEL S R L,CARERAY DIGISTAL MEDICAL TECHNOLOGY CO LTD,AV. PETIT THOUARS NRO. 2488 (CDRA 28 AV PETTIT THOUARS) ,,,,,"CHINA, PEOPLE'S REPUBLIC OF",,SHANGHAI,,9022140000,"SISTEMAS DIGITALIZADORES DE IMAGEN,S/M,CAREVIEW 1800CWE, COD. 80010074 /R.S. DB7480E / FABRICANTE: CARERAY DIGITAL MEDICAL TECHNOLOGY CO., LTD. PARA IMAGENES RADIOGRAFICAS INSTANTANEAS FLAT PANEL DETECTOR CAREVIEW 1800CWE INCLUYE ACCESORIOS PARA SU CORRECTO FUNCIONAMIENTO",,30.0,UNITS,270.0,195900.0,,,
2025-07-22,智利,中国,PHILIPS CHILENA S A,,,,,,,CHINA,,Shanghai,San Antonio,90221419,LOS DEMAS,,1.0,UNIDADES,3210.0,195304.49,CHN2423509,,
2025-06-18,印度,中国,GLOBAL HEALTH LIMITED,SIEMENS HEALTHINEERS AG,"E - 18, DEFENCE COLONY  N/A",,,,,CHINA,,Shanghai,DELHI AIR CARGO ACC (INDEL4),90221490,"MULTIX IMPACT, CORE XL, BUCKY WALL STAND WITH CORE STATIC, TABLE (ADJUST) FOR CORE XL, PATIENT HANDLE, LATERIAL. TABLE BMULTIX IMPACT FLOOR MOUNTED RADIOGRAPHY SYSTEM WITH ACCESS",,1.0,SET,0.0,191217.5771,UXRB2UBUUOWZT,,
2025-09-19,秘鲁,中国,INTERNATIONAL DIAGNOSTIC IMAGING SAC,SHENZHEN LANDWIND MEDICAL CO LTD,AV. JOSE GALVEZ BARRENECHEA NRO. 1091,,,,,"CHINA, PEOPLE'S REPUBLIC OF",,SHEKOU PT,,9022140000,"SISTEMA DE IMAGEN DIGITAL DE RADIOG,MINDRAY,DIGIEYE 330, INCLUYE COMPONENTES SEGUN FACTURA:GRID[1.0M,1.8M],STANDARD 23.8""MONITOR[IAD-004]AL TUBE AS SERIAL:ED4-57000615,ED4-57000616,ED4-57000617,ED4-57000618,ED4-57000619,ED4-57000620,ED4-5 SISTEMA DE IMAGEN DIGITAL DE RADIOGRAFIA DE PROPOSITO GENERAL/N?DIGEMID:DBC1160E 25/10/24 ED4-57000623 /YEAR OF MANUFACTURER : 2025/ DR16B-CTO-S01 DIGIEYE 330 DIGITAL RADIOGRAPHY S",,1.0,UNITS,7548.0,187657.0,,,
2025-06-01,巴西,中国,OPUS MEDICAL E ELETRONICS LTDA,NANJING PERLOVE MEDICAL EQUIPAMENT CO LTD,,,,,,,,,ITAJAI,90221419,"APARELHOS DE RAIOS X E APARELHOS QUE UTILIZEM AS RADIAçõES ALFA, BETA OU GAMA, MESMO PARA USOS MéDICOS, CIRúRGICOS, ODONTOLóGICOS OU VETERINáRIOS, INCLUíDOS OS APARELHOS DE RADIOFOTOGRAFIA OU DE RADIOTERAPIA, OS TUBOS DE RAIOS X E OUTROS DISPOSITIVOS GERA|BENS DE CAPITAL (EXCETO EQUIPAMENTOS DE TRANSPORTE)|PRODUTOS MANUFATURADOS|FABRICAçãO DE EQUIPAMENTOS DE IRRADIAçãO, ELETROMéDICOS E ELETROTERAPêUTICOS|APARELHOS DE RAIOS X P/USO MEDICO,CIRURGICO OU VETERIN.",,10.0,UNITY,3020.0,187133.98,,,
2025-01-21,孟加拉国,中国,BIO TRADE INTERNATIONAL,CARESTREAM HEALTH SINGAPORE PTE LTD,"15/2, TOPKHANA ROAD, B.M.A BHABAN,",,,,,CN,,,,90221400,MEDICAL X-RAY FMT SYSTEM WITH ACCESSORIES,,3.0,,4416.65,186455.0,,,
2025-01-21,孟加拉国,中国,BIO TRADE INTERNATIONAL,CARESTREAM HEALTH SINGAPORE PTE LTD,"15/2, TOPKHANA ROAD, B.M.A BHABAN,",,,,,China,,,,90221400,MEDICAL X-RAY FMT SYSTEM WITH ACCESSORIES,,3.0,NMB,4416.65,186455.0,,,
2025-05-19,菲律宾,中国,ELAN VITA DIAGNOSTIC SOLUTIONS,CHINA ISOTOPE & RADIATION CORPORATION,"NO. 78 BAYANIHAN VILLAGE, QUIOT PARDO CEBU CITYCEBU CITY 6000PHILIPPINES",,,,,CHINA,,,,90221400000,DIGITAL MEDICAL X-RAY RADIOGRAPHIC SYSTEM DTP571 DTP580B-3,,2.0,PIECE,3326.0,184382.36,CMZ1600811,,
2025-03-03,印度,中国,WIPRO GE MEDICAL DEVICE MANUFACTURING PRIVATE LIMI,BEIJING GE HUALUN MEDICAL EQUIPMENT CO LTD,"No.4, Kadugodi Industrial Area, Sadarmangala Whitefield, Bangalore",,,,,CHINA,,Tianjin,BANGALORE,90221490,5521321-4 - SYSTEM GANTRY HLA FOR OPTIMA IGS 320 - INDIA SEMI FINISHED-(PARTS FOR MANUFACTURING OF IGS 320/OPTIMA IGS5521321-4 - SYSTEM GANTRY HLA FOR OPTIMA IGS 320 - INDIA SEM,,2.0,PCS,0.0,176738.7657,26DVU5YQMZJLV,,
2025-02-01,巴西,中国,GE HEALTHCARE DO BRASIL COMERCIO E SERVICOS PARA EQUIPAMENTOS MEDICO HOSPITALARES LTDA,GE HANGWEL MEDICAL SYSTEMS CO LD,,,,,,China,,,,90221419,"Outros aparelhos de raios X, para diagnóstico médico, cirúrgico, etc.",,805.0,UNID.,2875.0,171938.0,,,
2025-02-10,阿根廷,中国,PHILIPS ARGENTINA SOCIEDAD ANONIMA,,,,,,,China,,,,90221419000,"LOS DEMAS. LOS DEMAS, PARA USO MEDICO, QUIRURGICO O VETERINARIO. APARATOS DE RAYOS X Y APARATOS QUE UTILICEN RADIACIONES ALFA, BETA GAMMA O DEMAS RADIACIONES IONIZANTES, INCLUSO PARA USO MEDICO, QUIRURGICO, ODONTOLOGICO O VETERINARIO, INCLUIDOS LOS APARATOS DE RADIOGRAFIA O RADIOTERAPIA, TUBOS DE RAYOS X Y DEMAS DISPOSITIVOS GENERADORES DE RAYOS X, GENERADORES DE TENSION, CONSOLAS DE MANDO, PANTALLAS, MESAS, SILLONES Y SOPORTES SIMILARES PARA EXAMEN O TRATAMIENTO. INSTRUMENTOS Y APARATOS DE OPTICA, FOTOGRAFIA O CINEMATOGRAFIA, DE MEDIDA, CONTROL O PRECISION; INSTRUMENTOS Y APARATOS MEDICOQUIRURGICOS; PARTES Y ACCESORIOS DE ESTOS INSTRUMENTOS O APARATOS. 712204 DIG.DIAG.C50",,1.0,Unidades,0.0,166799.49,,,PHILIPS
2025-02-13,秘鲁,中国,INTERNATIONAL DIAGNOSTIC IMAGING SAC,SHENZHEN MINDRAY ANIMAL MEDICAL TECHNOLOGY CO LT,AV. JOSE GALVEZ BARRENECHEA NRO. 1091,,,,,CHINA,,Shekou,,9022140000,"SISTEMA DE IMAGEN DIGITAL DE RADIOGRAF?A DE PROP?SITO GENERAL, MINDRAY, DIGIEYE 280",,6.0,UNIDAD,4092.0,160969.0,,,
2025-11-05,巴基斯坦,中国,ZIAUDDIN UNIVERSITY,SHENZHEN BROWINER TECH CO LTD,"4/B, Shahre-e-Ghalib, Block-6, Clifton, Karachi South",ROOM NO. 501  BUILDING C  GANGHONGJI HIGH-TECH INTELLIGENT CHINA,,,,China,,Shekou,KAPW,90221400,DIGITAL FLUOROSCOPY SYSTEM. MODEL: PERFOX 7500A.,,2.0,u,2520.0,153104.3778,LGZKHI25919251PH,,
2025-07-15,菲律宾,中国,ELAN VITA DIAGNOSTIC SOLUTIONS,SHENZHEN ANGELL TECHNOLOGY CO LTD,"NO. 78 BAYANIHAN VILLAGE, QUIOT PARDO CEBU CITYCEBU CITY 6000PHILIPPINES",,,,,CHINA,,,,90221400000,DIGITAL MEDICAL X-RAY RADIOGRAPHIC SYSTEM (DTP576 MODEL) - QTY. 2 UNITS (ANGELL),,2.0,PIECE,3332.0,152589.93,ANSMN0B5192512,,
2025-06-01,巴西,中国,IMAGEM HEALTHCARE SOLUTIONS LTDA,CARESTREAM HEALTH HK HOLDING LTD,,,,,,,,,ITAJAI,90221419,"APARELHOS DE RAIOS X E APARELHOS QUE UTILIZEM AS RADIAçõES ALFA, BETA OU GAMA, MESMO PARA USOS MéDICOS, CIRúRGICOS, ODONTOLóGICOS OU VETERINáRIOS, INCLUíDOS OS APARELHOS DE RADIOFOTOGRAFIA OU DE RADIOTERAPIA, OS TUBOS DE RAIOS X E OUTROS DISPOSITIVOS GERA|BENS DE CAPITAL (EXCETO EQUIPAMENTOS DE TRANSPORTE)|PRODUTOS MANUFATURADOS|FABRICAçãO DE EQUIPAMENTOS DE IRRADIAçãO, ELETROMéDICOS E ELETROTERAPêUTICOS|APARELHOS DE RAIOS X P/USO MEDICO,CIRURGICO OU VETERIN.",,2.0,UNITY,3294.63,152000.0,,,
2025-04-03,埃塞俄比亚,中国,DARYEEL AL HUSSEIN PARTNERSHIP,,,,,,,China,,,,90221400,"-- Other, for medical, surgical or veterinary uses",,2.0,UNT,293.0,149901.51,,,
2025-06-03,秘鲁,中国,ELVIMEDIC GROUP SAC,,,,,,,"CHINA, PEOPLE'S REPUBLIC OF",,SHANGHAI,,9022140000,"EQUIPO ESCANER MULTICORTE, SINOVISION, INSITUMCT 338 SERIE: C1006340 INCLUYE ACCESORIOS PARA SU NORMAL FUNCIONAMIENTO MULTI SLICE CT SCANNER INSITUMCT 338 WITH IVW WORKLSTATION WITH VESSEL ANALYSISI. LUNG NOD REG. SANITARIO DIGEMID: DBC1109E - VCTO PERMISO: 15/04/2029,MEDIO DE PAGO MIXTO, DIFERENCI",,1.0,UNITS,2500.0,147640.0,,,
2025-03-25,厄瓜多尔,中国,MEDICA ECUADOR EQUIPOS E INSUMOS MEDICOS MEDECU C A,MR GLOBAL HK LIMITED,,,,,,HONG KONG,,Shanghai,,9022140000,RADIOGRAPHY SYSTEM MOBIEYE 700 MOBILE,,2.0,NUMERO DE UNIDADES,832.0,142013.95,CEC2025ONEU0007,,SIN MARCA
2025-10-25,亚美尼亚,中国,TELIA MED CJSC,XINDRAY MEDICAL INTERNATIONAL CO LTD,,,,,,China (CN),Armenia (AM),,,90221400000,X-RAY MEDICAL EQUIPMENT RX630S (5 SETS),,5.0,ՀԱՏ,4710.0,139862.0,,,
2025-01-22,哥伦比亚,中国,TAICHI HOLDINGS S A S,SHENZHEN ANKE HIGH TECH CO LTD,KR 15 93A 62 OF 304 305,"BLOCK B, LINGYA INDL ZONE, TA",,,,CHINA,,,,9022140000,DO-PEL.202410687 SUB-DO.40241480 DIM 1/1 // (1 UND) PRODUCTO. TOMOGRAFO VETERINARIO . MARCA COMERCIAL. ANKE. REFERENCIA.,,1.0,NUMERO DE ARTICULOS,2416.5,133491.66,,,
2025-06-18,乌兹别克斯坦,中国,OOO ENDO ART TECHNOLOGY,KUANTENG LIAONING MEDICAL DEVICES CO LTD,Ферганская область г Фергана ул А.Навоий дом 30,No.9 Yaodu Street Benxi Economic Devolopment Area Liaoning P.R.,,,,,,,,9022140000,"1. Медицинское оборудование: Мультиспиральный компьютерный тамограф/Система рентгеновская для компьютерной томографии (с принадлежностями), Модель - QUANTUM CT Q560а, Production №-G01000113, 1 комлект. Новый, 2025 года выпуска. Производитель - Kuanteng (",,1.0,шт,4168.0,132000.0,,,БЕЗ БРЕНДА
2025-02-23,乌兹别克斯坦,中国,OOO ENDO ART TECHNOLOGY,KUANTENG LIAONING MEDICAL DEVICES CO LTD,,,,,,,,,,9022140000,"1. Медицинское оборудование: Мультиспиральный компьютерный тамограф (с пирнадлежностями), Модель - QUANTUM CT Q650A, Production №-G01000113, 1 комлект. Новый, 2025 года выпуска. Производитель - Kuanteng (Beijing) Medical tehnology.Co.Ltd- Китай, Упакован",,1.0,шт,4168.0,132000.0,,,
2025-04-02,菲律宾,中国,ELAN VITA DIAGNOSTIC SOLUTIONS,SHENZHEN ANGELL TECHNOLOGY CO LTD,"NO. 78 BAYANIHAN VILLAGE, QUIOT PARDO CEBU CITY, CEBU CITY",,,,,CHINA,,,,90221400000,DIGITAL MEDICAL X-RAY RADIOGRAPHIC SYSTEM MTP50-A MTP50-B,,10.0,PIECE,3766.0,131878.2,025F574157,,
2025-04-16,秘鲁,中国,GAMEL S R L,,AV. PETIT THOUARS NRO. 2488 (CDRA 28 AV PETTIT THOUARS) ,,,,,"CHINA, PEOPLE'S REPUBLIC OF",,QINGDAO JIAODONG INTERNATIONAL APT,,9022140000,"MOBILE RADIOGRAPHIC X-RAY MACHINE,WDM,M40-1A, R.S DBC0841E // AUT. IPEN NO 0314-25-IPEN/OTAN //SERIES: Y25-058-3-1, Y25-058-3-2, Y25-058 SISTEMA DE RADIOGRAFIA DE DIAGNOSTICO DIGITAL, INC. ACCESORIOS PARA SU FUNCIONAMIENTO MOBILE DIGITAL X-RAY UNIT M40-1A FABRICANTE: BEIJING WANDONG MEDICAL TECHNOLOGY CO., LTD.",,3.0,UNITS,750.0,129700.0,,,
2025-03-04,印度,中国,SIEMENS HEALTHCARE PRIVATE LIMITED,SIEMENS HEALTHINEERS AG,"130, PANDURANG BUDHKAR MARG,  N/A",,,,,CHINA,,Shanghai,SAHAR AIR CARGO ACC (INBOM4),90221490,( IMAGE INTENSIFIER SYSTEM COMPLETE WITH ACCESSORIES ( AS PER INV ) ) cios select va21 FD( IMAGE INTENSIFIER SYSTEM COMPLETE WITH ACCESSORIES ( AS PE,,2.0,SET,0.0,127911.5094,P0O0DXVB5MNTZ,,
2025-10-29,巴拿马,中国,CAJA DE SEGURO SOCIAL,SIEMENS HEALTHINEERS,,,,,,CHINA,,,PUERTO MANZANILLO COLON,902214000000,SISTEMA DE RADIOGRAFIA AVANZADOS INCLUYE SUS PARTES Y ACCESORIOS // CONTRATO CONTRATO.R12-2011,,1.0,Unidad,2087.0,126903.5,,,
2025-09-18,巴拿马,中国,HORACIO ICAZA Y COMPAIA S A,SIEMENS HEALTHINEERS,,,,,,CHINA,,,PUERTO MANZANILLO COLON,902214000000,SISTEMA DE RADIOGRAFIA AVANZADOS INCLUYE SUS PARTES Y ACCESORIOS,,1.0,Unidad,2087.0,126903.5,,,
2025-01-02,埃塞俄比亚,中国,DROGA PHARMA PLC,,,,,,,China,,,,90221400,"-- Other, for medical, surgical or veterinary uses",,5.0,UNT,4174.0,126814.61,,,
2025-10-03,埃塞俄比亚,中国,ZIAD ABDURAHAMAN SEID,,,,,,,China,,,,90221400,"-- Other, for medical, surgical or veterinary uses",,4.0,UNT,2950.0,126621.29,,,
2025-09-27,印度,中国,SIEMENS HEALTHCARE PRIVATE LIMITED,SIEMENS HEALTHINEERS AG,"130, PANDURANG BUDHKAR MARG,  N/A",SIEMENSSTR. 3 91301 FORCHHEIM SDNF DE,,,,China (CN),,Shanghai,,90221490,(MAMMOGRAPHY UNIT COMPLETE WITH ACCESSORIES AS PER INV ) MULTIX IMPACT C(MAMMOGRAPHY UNIT COMPLETE WITH ACCESSORIES AS PER INV ) MUL,,1.0,SET,0.0,125677.94,,,
2025-03-07,哥伦比亚,中国,G AND C MEDICALS S A S,CHINA ISOTOPE AND RADIATION CORPORATION,CL 53 4 69 OF 504,"NO 66 CHANGWA MIDDLE STREET, HAIDIA",,,,CHINA,,,,9022140000,"DO I30764-24 PEDIDO PEDIDO 24INCI/417COL DECLARACION 1 DE 1NOS ACOGEMOS AL DECRETO NÚMERO 1343 DE 2017, MINISTERIO DE C",,3.0,NUMERO DE ARTICULOS,2028.5,125020.0,,,
2025-02-01,巴西,中国,GE HEALTHCARE DO BRASIL COMERCIO E SERVICOS PARA EQUIPA,BEIJING GE HUALUN MEDICAL EQUIPMENT CO LIMITED,,,,,,China,,,,90221419,"Outros aparelhos de raios X, para diagnóstico médico, cirúrgico, etc.",,577.0,UNID.,2060.0,123221.0,,,
2025-01-17,智利,中国,,,,,,,,CHINA,,other ports of korea,San Antonio,90221419,"PARA DIAGNOSTICO MEDICO, SERIE NO. GMA-B11005-50322",,3.0,UNIDADES,1654.0,122850.0,(M)SZBV40395500(H)KYVAPP240087,,LANMAGE-F
2025-04-01,巴西,中国,OPUS MEDICAL E ELETRONICS LTDA,NANJING PERLOVE MEDICAL EQUIPAMENT CO LTD,SC,,,,,China (CN),,,,90221419,ARCO REG. ANVISA 81906420001 RAIO ANVISA 220V APARELHO 60HZ  120KV PERLOVE IMAGEM,,7.0,UNID.,2135.0,122130.34,,,
2025-01-29,阿根廷,中国,EURO SWISS S A,,,,,,,China,,,,90221419000,"LOS DEMAS. LOS DEMAS, PARA USO MEDICO, QUIRURGICO O VETERINARIO. APARATOS DE RAYOS X Y APARATOS QUE UTILICEN RADIACIONES ALFA, BETA GAMMA O DEMAS RADIACIONES IONIZANTES, INCLUSO PARA USO MEDICO, QUIRURGICO, ODONTOLOGICO O VETERINARIO, INCLUIDOS LOS APARATOS DE RADIOGRAFIA O RADIOTERAPIA, TUBOS DE RAYOS X Y DEMAS DISPOSITIVOS GENERADORES DE RAYOS X, GENERADORES DE TENSION, CONSOLAS DE MANDO, PANTALLAS, MESAS, SILLONES Y SOPORTES SIMILARES PARA EXAMEN O TRATAMIENTO. INSTRUMENTOS Y APARATOS DE OPTICA, FOTOGRAFIA O CINEMATOGRAFIA, DE MEDIDA, CONTROL O PRECISION; INSTRUMENTOS Y APARATOS MEDICOQUIRURGICOS; PARTES Y ACCESORIOS DE ESTOS INSTRUMENTOS O APARATOS. SONTU100_POLARIS50E",,6.0,Unidades,0.0,120000.0,,,SONTU
2025-08-05,坦桑尼亚,中国,CINA HOSPITAL CO LIMITED,HENAN RENZE JIUDE MEDICAL SERVICES CO LTD,,,,,,China,"Tanzania, United Republic of",,,902214000000,X-RAY EQIPMENT,,3.0,NMB,2845.0,118470.082,NGRI50456600,,
2025-03-15,俄罗斯,中国,IST MEDIKAL GRUPP OOO,KUANTENG LIAONING MEDICAL DEVICES CO LTD,"124482, МОСКВА, ЗЕЛЕНОГРАД, САВЕЛКИНСКИЙ ПРОЕЗД, Д. 4, ЭТ.22, ПОМ. ХХХ",", LIAONING, BENXI, NO.9 YAODU STREET, BENXI ECONOMIC DEVELOPMENTAREA, ..,,",,,"LIAONING KAMPO MEDICAL SYSTEM CO.,LTD",China (CN),Russia,,,9022140000,X-RAY BASED EQUIPMENT INTENDED FOR VETERINARY USE: ZOOMED VX-400 VETERINARY X-RAY MACHINE IS DESIGNED FOR DIAGNOSTICS OF THE STATE OF INTERNAL ORGANS AND SYSTEMS IN AN ANIMAL UNDER CONDITIONS,,7.0,PC,2590.0,117782.34,,,ZOOMED
2025-02-10,阿根廷,中国,PHILIPS ARGENTINA SOCIEDAD ANONIMA,,,,,,,China,,,,90221419000,"LOS DEMAS. LOS DEMAS, PARA USO MEDICO, QUIRURGICO O VETERINARIO. APARATOS DE RAYOS X Y APARATOS QUE UTILICEN RADIACIONES ALFA, BETA GAMMA O DEMAS RADIACIONES IONIZANTES, INCLUSO PARA USO MEDICO, QUIRURGICO, ODONTOLOGICO O VETERINARIO, INCLUIDOS LOS APARATOS DE RADIOGRAFIA O RADIOTERAPIA, TUBOS DE RAYOS X Y DEMAS DISPOSITIVOS GENERADORES DE RAYOS X, GENERADORES DE TENSION, CONSOLAS DE MANDO, PANTALLAS, MESAS, SILLONES Y SOPORTES SIMILARES PARA EXAMEN O TRATAMIENTO. INSTRUMENTOS Y APARATOS DE OPTICA, FOTOGRAFIA O CINEMATOGRAFIA, DE MEDIDA, CONTROL O PRECISION; INSTRUMENTOS Y APARATOS MEDICOQUIRURGICOS; PARTES Y ACCESORIOS DE ESTOS INSTRUMENTOS O APARATOS. 712204 DIGITAL DIAG.C50",,1.0,Unidades,0.0,116609.06,,,PHILIPS
2025-02-06,埃塞俄比亚,中国,DARYEEL AL HUSSEIN PARTNERSHIP,,,,,,,China,,,,90221400,"-- Other, for medical, surgical or veterinary uses",,4.0,UNT,880.99,115630.6,,,
2025-06-23,菲律宾,中国,SIEMENS HEALTHCARE INC,SIEMENS SHANGHAI MEDICAL EQUI,"10/F M1 TOWER 141 H.V. DELA COSTA ST. SALCEDO VILLAGE BRGY. BEL-AIR, MAKATI CITY",,,,,CHINA,,,,90221400000,1 PCE: MULTIX IMPACT E (X-RAY MACHINE),,1.0,,1241.0,115455.3,SHAH63112,,
2025-08-18,乌兹别克斯坦,中国,АССОЦИАЦИЯ ФУТБОЛА УЗБЕКИСТАНА,SHENZHEN ANGELL TECHNOLOGY CO LTD,"г. Ташкент, ул. Ислама Каримова, 98А","Room 408, Building A, Huahan Innovation Park, Langshan Road, Nanshan District, Shenzhen",,,,,,,,9022140000,"1. Radiographic medical digital system model DTP 576 with accessories/ Система рентгенографическая медицинская цифровая модель DTP 576 с принадлежностями, производитель: SHENZHEN ANGELL TECHNOLOGY CO. LTD. (Китай). - кол. 1 шт, вес: 1245 кг
2. мест 4, 4",,1.0,шт,1245.0,110000.0,,,Angell
2025-09-09,埃塞俄比亚,中国,GILANDO BIOMEDICAL SOLUTION PLC,,,,,,,China,,,,90221400,"-- Other, for medical, surgical or veterinary uses",,4.0,UNT,2631.2,109444.95,,,
2025-05-27,哥伦比亚,中国,INVS PROMEDCO S A S,CHINA ISOTOPE AND RADIATION CORPORATION,CL 110 9 25 OF 816 TO PACIFIC,"NO 66, CHANGWA MIDDLE STREET, HAIDI",,,,CHINA,,,,9022140000,"DIM 1 1 PEDIDO NO. SZSD25031678 D.O. RIAL-1782-25 REG-50087543-20250515N FECHA APROBACI N 2025-05-15 N MERO VISTO BUENO: VINVIMA-25-0067120 FECHA APROBACI N O NEGACI N: 2025-05-15 MERCANCIA NUEVA 4 U PRODUCTO: DIGITAL RADIOGRAPHY SYSTEM - SISTEMA DE RADIOGRAF A DIGITAL, TECNICA DEDIAGNOSTICO: RAYOS X, USO: VISUALIZAR SISTEMA OSEO EN HUMANOS, R.S. INVIMA2024EBC-0028452, P N DR16B-CTO-S01, SERIALES: ED4-49000240 ED4-49000241 ED4-49000242 ED4-49000243, DIGIEYE 330 SISTEMA DERADIOGRAFIA, ACCESORIOS: 024-000258-00 X RAY TUBE SERIALES 24G0547 24G0541 24G0747 24G0545, ETECTOR SERIALES EPX3543RTBPW493801 EPX3543RTBPW493815 EPX3543RTBPW493816 EPX3543RTBPW483789, COLLIMADOR SERIALES 00924BA0232 00923LA0182 00924BA0220 00923LA0205, GENERADOR SERIALES C5N49146533 C5N49146535 C5N49146536 C5N49146537, COLUMNA SERIALES ED4-449000240 ED4-449000241 ED4-449000242 ED4-449000243, BUCKY SERIALES ED4-449000240 ED4-449000241 ED4-449000242 ED4-449000243, Y DEMAS ACCESORIOS PARA SU NORMAL FUNCIONAMIENTO E INST",,4.0,NUMERO DE ARTICULOS,2900.0,108963.67,,,
2025-01-16,秘鲁,中国,MEDICA INNOVADORA S A C,,,,,,,CHINA,,Shanghai,,9022140000,"EQUIPO DE RAYOS X DIGITAL FLUROSCOPICO, PERLOVE, PLD9600D",,1.0,UNIDAD,1746.02,108358.55,,,
2025-02-01,巴西,中国,IMX INDUSTRIA E COMERCIO LTDA,APELEM,,,,,,França,,,,90221413,IMEX,,8.0,UNID.,2238.0,107931.0,,,
2025-05-08,哥伦比亚,中国,TECNICA ELECTRO MEDICA S A,CHINA ISOTOPE AND RADIATION CORPORATION,CL 47 5 26 P 2 KR 57B 68 25 CL 70A 57B 23,NO. 66 CHANGWA MIDDLE STREET HAIDIA,,,,CHINA,,,,9022140000,"DO BUN25767 PEDIDO PEDIDO IMPORT-1381 MINDRAY DECLARACION 2 DE 2;NOS ACOGEMOS EN EL DECRETO 1881 DEL 2021; ARANCEL DEL 0 DECLARACION DE PRIMERA PARTE TEM01 2024 DE FECHA 30 05 2024 FACTURA:25INCI 009COL, FECHA:19-03-2025, VISTO BUENO NO. VSIC-2523887 DE 2025-04-24 VISTO BUENO NO. VINVIMA-25-0055807 DE 2025-04-24 , PRODUCTO: EQUIPO DE RAYOS X PORTATIL MINDRAY 30 KW, MARCA: MINDRAY, MODELO: MOBIEYE 700, REFERENCIA: MOBIEYE 700, SERIAL: C8-52001796, C8-52001797, USO O DESTINO: MAQUINA DE RAYOS X MOVIL ESTA DESTINADA A TOMAR EXPOSICIONES RADIOGR FICAS EN EL CR NEO, LA COLUMNA VERTEBRAL, EL PECHO, EL ABDOMEN, LAS EXTREMIDADES Y OTRAS PARTES DEL CUERPO DEL PACIENTE, SENTADO, DE PIE O ACOSTADO. SE PUEDE UTILIZAR PARA LOS PACIENTES QUE NO PUEDEN SER CAPACES DE SER MOVIDOS O EN LOS CASOS EN QUE NO ES SEGURO O POCO PR CTICO PARA MOVERLOS A UNA SALA RADIOGR FICA FIJA TRADICIONAL. SU MOVILIDAD PERMITE A LOS PROCEDIMIENTOS RADIOGR FICOS DE PROP SITO GENERAL EN TODO EL ENTORNO CL NICO, O SEG N SEA N",,2.0,NUMERO DE ARTICULOS,799.0,107413.94,,,
2025-11-21,美国,中国,,,N/A,N/A,N/A,N/A,,"CN, CHINA",,SHANGHAI,"OAKLAND, CA",902214,"PIPE FITTINGS, OF PLASTICS AND CONNECTOR, TRANSITION SPIKE SET WITH FEEDING BAG, FOR SURGICAL OR MEDICAL USE ENTERAL FEEDING SET, FOR MEDICAL OR SURGICAL USE",NO MARKS,1498.0,CTN,5354.0,107080.0,ONEYSH5EU8411900,TCLU9685676,
2025-08-29,埃塞俄比亚,中国,FRANSIBEKAN TRADING P L C,,,,,,,China,,,,90221400,"-- Other, for medical, surgical or veterinary uses",,4.0,UNT,3871.0,106636.65,,,
2025-06-20,印度,中国,GLOBAL HEALTH LIMITED,SIEMENS HEALTHINEERS AG,"E - 18, DEFENCE COLONY  N/A",,,,,CHINA,,CHENGDU,DELHI AIR CARGO ACC (INDEL4),90221490,"CIOS SELECT VA21 FD, VASCUALR SOFTWARE ESSENTIAL, POWER CABLE ROW, 2X HIGH BRIGHT TFT MONITOR, EXTERNAL MONITOR CONNECTIC-ARM IMAGE INTENSIFER SYSTEM WITH ACCESS",,1.0,SET,0.0,104353.2326,Z1ITJBNEQGW9E,,
2025-04-30,埃塞俄比亚,中国,ABH PARTNERS PLC,,,,,,,China,,,,90221400,"-- Other, for medical, surgical or veterinary uses",,4.0,UNT,2800.0,103433.87,,,
2025-10-29,乌拉圭,中国,SIEMENS S A,,,,,,,Republica Popular de China,,,,9022141990,"LOS DEMAS. DE DIAGNOSTICO. LOS DEMAS, PARA USO MEDICO, QUIRURGICO O VETERINARIO. APARATOS DE RAYOS X Y APARATOS QUE UTILICEN RADIACIONES ALFA, BETA GAMMA O DEMAS RADIACIONES IONIZANTES, INCLUSO PARA USO MEDICO, QUIRURGICO, ODONTOLOGICO O VETERINA",,1.0,Unidad (C/U),1000.0,103135.01,,,
2025-01-14,哥伦比亚,中国,MINISTERIO DE SALUD Y PROTECCION SOCIAL,QINGDAO HAIKE REFRIGERATION CO LTDA,KR 13 32 76,"NO 31 LONGCHENG ROAD, SHIBEI DISTRI",,,,CHINA,,,,9022140000,"DO M00643-24 PEDIDO PEDIDO DONACION MAMOGRAFO DECLARACION 1 DE 1NOS ACOGEMOS AL DECRETO 218 DE 2019, AL ARTICULO 1 DECR",,1.0,NUMERO DE ARTICULOS,756.0,102039.01,,,
2025-02-01,巴西,中国,HOSPCOM EQUIPAMENTOS HOSPITALARES LTDA,ISOTOPE & RADIATION CORPORATION,,,,,,China,,,,90221490,"Outros aparelhos de raios X, para uso médico, cirúrgico, veterinário",,2.0,UNID.,809.0,101928.0,,,
2025-08-01,亚美尼亚,中国,MEDPRO LLC,SHENZHEN SONTU MEDICAL IMAGING EQUIPMENT CO LTD,,,,,,China (CN),Armenia (AM),,,90221400000,MEDICAL X-RAY DEVICE - PORTABLE X-RAY SYSTEM SONTU100-POR /1-ASSEMBLY/,,4.0,ՀԱՏ,724.0,101510.0,,,
2025-06-05,菲律宾,中国,ELAN VITA DIAGNOSTIC SOLUTIONS,MR GLOBAL HK LIMITED,"NO. 78 BAYANIHAN VILLAGE, QUIOT PARDO CEBU CITY, CEBU CITY",,,,,HONG KONG,,,,90221400000,DR60B CTO S01 MOBIEYE 700 MOBILE RADIOGRAPHY SYSTEM,,2.0,Piece,792.0,100003.7,CMZ1622703,,
2025-02-04,乌兹别克斯坦,中国,ООО SHENZHEN BROWINER DISTRIBUTOR,SHENZHEN BROWINER TECH CO LTD,,,,,,,,,,9022140000,"1. Медицинское Оборудование: ""ЦИФРОВАЯ РЕНТГЕНОГРАФИЧЕСКАЯ СИСТЕМА, модели  PERFOX3000A с принадлежностями, 5 комплект. новая 2024 г вып, завод Производитель Shenzhen Browiner Tech Co., Ltd/ Китай.-Вес 3550 кг.  Кол. 5 шт 
2. Всего мест-15. 15 дерев. ящи",,5.0,шт,3550.0,100000.0,,,
2025-01-16,哈萨克斯坦,中国,ТОО ТАУ СУНКАР ПЛЮС,SHENZHEN ANKE HIGH TECH CO LTD,АУЭЗОВСКИЙ Р-ОН УЛ.АКТЮБИНСКАЯ 14А,"SHIYAN SUB-DISTRICT,BAO'AN DISTRICT B, LINGYA INDUSTRIAL ZONE, TANGTOU, NO. 1 ROAD,",,,"SHENZHEN ANKE HIGH-TECH CO., LTD.,",China,Kazakhstan,,,9022140000,ASR-6850P DIGITAL RADIOGRAPHY SYSTEM/ЦИФРОВАЯ РЕНТГЕНОГРАФИЧЕСКАЯ СИСТЕМА ASR-6850P,,3.0,ШТ,1995.0,100000.0,,,"SHENZHEN ANKE HIGH-TECH CO., LTD.,"
2025-02-15,乌兹别克斯坦,中国,ООО SHENZHEN BROWINER DISTRIBUTOR,SHENZHEN BROWINER TECH CO LTD,,,,,,,,,,9022140000,"1. Медицинское Оборудование: ""ЦИФРОВАЯ РЕНТГЕНОГРАФИЧЕСКАЯ СИСТЕМА, модели  PERFOX3000A с принадлежностями, 5 комплект. новая 2024 г вып, завод Производитель Shenzhen Browiner Tech Co., Ltd/ Китай.-Вес 3550 кг.  Кол. 5 шт 
2. Всего мест-15. 15 дерев. ящи",,5.0,шт,3550.0,100000.0,,,
2025-09-15,乌兹别克斯坦,中国,ООО SHENZHEN BROWINER DISTRIBUTOR,SHENZHEN BROWINER TECH CO LTD,"Харезмская обл, Янгиарикский район, ул. Амударя, 100/10","Room 501, Building C, Ganghongji High-Tech Intelligent Industrial Park, No.1008, Songbai Road, Yangg",,,,,,,,9022140000,"1. Медицинское Оборудование:Система цифровой рентгенографии модель PerfoX 3000A   с принадлежностями, 5 комплект. новая 2025 г вып, завод Производитель:  Shenzhen Browiner Tech Co., Ltd / Китай.-Вес 3525 кг.  Кол. 5 шт 
2. Всего мест-20. 20 дерев. ящик
8",,5.0,шт,3525.0,100000.0,,,Browiner
2025-03-18,亚美尼亚,中国,AVEMED LLC,ORICH MEDICAL EQUIPMENT TIANJIN CO LTD,,,,,,China (CN),Armenia (AM),,,90221400000,Medical X-ray equipment DF-625H-1,,3.0,Հատ,6618.0,99367.6,,,
2025-03-15,埃塞俄比亚,中国,THE ETHIOPIAN CATHOLC CHURCH SOCIAL,,,,,,,China,,,,90221400,"-- Other, for medical, surgical or veterinary uses",,1.0,UNT,415.5,96644.7,,,
2025-04-22,智利,中国,PV EQUIP SA,,,,,,,CHINA,,Other Ports Of United States,Aeropuerto comodoro arturo merino ,90221419,LOS DEMAS,,1.0,UNIDADES,505.0,96596.66,F621545,,
2025-10-22,巴拿马,中国,HOSPIMED SA,UNITED IMAGING HEALTHCERE HONG KONG LIMITED,,,,,,CHINA,,,CO BLB,902214000000,EQUIPO DE RAYOS X DIGITAL MOD. UDR 266i CON SUS PARTES Y ACCESORIOS (THE PANAMA CLINIC),,1.0,UNIT (UNIDAD),1140.0,96000.0,,,
2025-04-24,厄瓜多尔,中国,FIBA MEDICAL CIA LTDA,,,,,,,CHINA,,,,9022140000,DRX RAY DIGITAL COMPASS,,2.0,U,3500.0,93219.97,,,CARESTREAM
2025-04-07,厄瓜多尔,中国,FIBA MEDICAL CIA LTDA,RAYCO SHANGAHI MEDICAL PRODUCTS,,,,,,CHINA,,,,9022140000,DRX RAY DIGITAL COMPASS,,2.0,U,3500.0,93219.97,,,CARESTREAM
2025-01-13,孟加拉国,中国,OMNICARE DIAGNOSTIC LIMITED,ANGELL TECHNOLOGY HK CO LTD,"220/A-220/A, 1/1-220/A, 1/2, Begum",. HONG,,,,CN,,,,90221400,DIGITAL MEDICAL X-RAY RADIOGRAPHIC SYS. WITH ACC. MODEL: DTP880,,1.0,,1352.0,93000.0,,,
2025-01-13,孟加拉国,中国,OMNICARE DIAGNOSTIC LIMITED,ANGELL TECHNOLOGY HK CO LTD HONG,"220/A-220/A, 1/1-220/A, 1/2, Begum",,,,,China,,,,90221400,DIGITAL MEDICAL X-RAY RADIOGRAPHIC SYS. WITH ACC. MODEL: DTP880,,1.0,NMB,1352.0,93000.0,,,
2025-05-08,厄瓜多尔,中国,DREI SOLUCIONES EQUIPOS E IMAGENESMEDICAS CIA LTDA,BEIJING WANDONG MEDICAL TECHNOLOGY CO LTD,,,,,,CHINA,,,,9022140000,TOMOGRAFO,,1.0,U,6417.39,92388.81,,,BEIJING WANDONG MEDICAL TECHNOLOGY CO LTD
2025-09-04,厄瓜多尔,中国,DREI SOLUCIONES EQUIPOS E IMAGENESMEDICAS CIA LTDA,,,,,,,CHINA,,,,9022140000,TOMOGRAFO,,1.0,U,6418.0,92388.81,,,BEIJING WANDONG MEDICAL TECHNOLOGY CO LTD
2025-09-30,厄瓜多尔,中国,DREI SOLUCIONES EQUIPOS E IMAGENESMEDICAS CIA LTDA,,,,,,,CHINA,,,,9022140000,TOMOGRAFO,,1.0,U,4400.0,92202.16,,,SINOVISION
2025-01-24,厄瓜多尔,中国,DREI SOLUCIONES EQUIPOS E IMAGENESMEDICAS CIA LTDA,SINOVISION HEALTHCARE YANGZHOU CO LTD,,,,,,CHINA,,Shanghai,,9022140000,TOMOGRAFO,,1.0,NUMERO DE UNIDADES,4400.0,92202.16,CEC2025PCIU0002,,SINOVISION
2025-05-19,厄瓜多尔,中国,DREI SOLUCIONES EQUIPOS E IMAGENESMEDICAS CIA LTDA,,,,,,,CHINA,,,,9022140000,TOMOGRAFO,,1.0,U,2895.0,92202.16,,,SINOVISION
2025-01-24,厄瓜多尔,中国,DREI SOLUCIONES EQUIPOS E IMAGENESMEDICAS CIA LTDA,SINOVISION HEALTHCARE YANGZHOU CO LTD,,,,,,CHINA,,Shanghai,,9022140000,TOMOGRAFO,,1.0,NUMERO DE UNIDADES,4400.0,92202.16,CEC2025PCIU0002,,SINOVISION
2025-01-24,厄瓜多尔,中国,DREI SOLUCIONES EQUIPOS E IMAGENESMEDICAS CIA LTDA,SINOVISION HEALTHCARE YANGZHOU CO LTD,,,,,,CHINA,,,,9022140000,TOMOGRAFO,,1.0,NUMERO DE UNIDADES,4400.0,92202.16,CEC2025PCIU0002,,SINOVISION
2025-01-24,厄瓜多尔,中国,DREI SOLUCIONES EQUIPOS E IMAGENESMEDICAS CIA LTDA,SINOVISION HEALTHCARE YANGZHOU CO LTD,,,,,,CHINA,,,,9022140000,TOMOGRAFO,,1.0,NUMERO DE UNIDADES,4400.0,92202.16,CEC2025PCIU0002,,SINOVISION
2025-06-17,乌兹别克斯坦,中国,ООО SHENZHEN BROWINER DISTRIBUTOR,SHENZHEN BROWINER TECH CO LTD,"Харезмская обл, Янгиарикский район, ул. Амударя, 100/10","Room 501, Building C, Ganghongji High-Tech Intelligent Industrial Park, No.1008, Songbai Road, Yangg",,,,,,,,9022140000,"1. Медицинское Оборудование: Система цифровой рентгенографии и рентгеноскопии модель YW-F-9000  с комплектующими, 2 комплект. новая 2025 г вып, завод Производитель:  Shenzhen Browiner Tech Co., Ltd / Китай.-Вес 2520 кг.  Кол. 2 шт 
2. Всего мест-2. 2 дер",,2.0,шт,2520.0,91000.0,,,Browiner
2025-07-14,乌兹别克斯坦,中国,ООО SHENZHEN BROWINER DISTRIBUTOR,SHENZHEN BROWINER TECH CO LTD,"Харезмская обл, Янгиарикский район, ул. Амударя, 100/10","Room 501, Building C, Ganghongji High-Tech Intelligent Industrial Park, No.1008, Songbai Road, Yangg",,,,,,,,9022140000,"1. Медицинское Оборудование: Система цифровой рентгенографии и рентгеноскопии модель YW-F-9000  с комплектующими, 2 комплект. новая 2025 г вып, завод Производитель:  Shenzhen Browiner Tech Co., Ltd / Китай.-Вес 2520 кг.  Кол. 2 шт 
2. Всего мест-2. 2 дер",,2.0,шт,2520.0,91000.0,,,Browiner
2025-11-21,乌拉圭,中国,MARE LTDA,,,,,,,"China, República Popular de",,,,9022141910,"Equipo radiológico «arco en c» (para uso humano). Los demás. De diagnóstico. Los demás, para uso médico, quirúrgico o veterinario. Aparatos de rayos X y aparatos que utilicen radiaciones alfa, beta gamma o demás radiaciones ionizantes, incluso para uso médico, quirúrgico, odontológico o veterinario, incluidos los aparatos de radiografía o radioterapia, tubos de rayos X y demás dispositivos generadores de rayos X, generadores de tensión, consolas de mando, pantallas, mesas, sillones y soportes similares para examen o tratamiento. Instrumentos y aparatos de óptica, fotografía o cinematografía, de medida, control o precisión; instrumentos y aparatos medicoquirúrgicos; partes y accesorios de estos instrumentos o aparatos.",,2.0,Unidad,1004.0,89913.03,,,
2025-11-14,乌拉圭,中国,MARE LTDA,,,,,,,"China, República Popular de",,,,9022141910,"Equipo radiológico «arco en c» (para uso humano). Los demás. De diagnóstico. Los demás, para uso médico, quirúrgico o veterinario. Aparatos de rayos X y aparatos que utilicen radiaciones alfa, beta gamma o demás radiaciones ionizantes, incluso para uso médico, quirúrgico, odontológico o veterinario, incluidos los aparatos de radiografía o radioterapia, tubos de rayos X y demás dispositivos generadores de rayos X, generadores de tensión, consolas de mando, pantallas, mesas, sillones y soportes similares para examen o tratamiento. Instrumentos y aparatos de óptica, fotografía o cinematografía, de medida, control o precisión; instrumentos y aparatos medicoquirúrgicos; partes y accesorios de estos instrumentos o aparatos.",,2.0,Unidad,1004.0,89913.03,,,
2025-02-11,印度,中国,WIPRO GE MEDICAL DEVICE MANUFACTURING PRIVATE LIMI,GE HUALUN MEDICAL SYSTEMS CO LTD,"No.4, Kadugodi Industrial Area, Sadarmangala Whitefield, Bangalore",,,,,CHINA,,Shanghai,Chennai  ,90221490,5521321-4 - SYSTEM GANTRY HLA FOR OPTIMA IGS 320 - INDIA SEMI FINISHED (PARTS FOR MANUFACTURING OF IGS 320/OPTIMA IGS 325521321-4 - SYSTEM GANTRY HLA FOR OPTIMA IGS 320 - INDIA SEM,,1.0,PCS,0.0,89409.7552,4PBFL6NEQ5IIM,,
2025-10-10,印度,中国,WIPRO GE MEDICAL DEVICE MANUFACTURING PRIVATE LIMI,GE HUALUN MEDICAL SYSTEMS CO LTD,,"BEIJING GE HUALUN MEDICAL EQUIPMENT CO., LTD,NO.1 NORTH YONG CHANG STR EET,BEIJING ECONOMIC &,TECHNOLOGICA CHINA",,,,China (CN),,Shanghai,,90221490,5521321-4 - YSTEM GANTRY HLA FOR OPTIMA IGS 320 - INDIA SEMIFINISHED (PARTS FOR MANUFACTURING OF IGS 320/OPTIMA IGS 3205521321-4 - YSTEM GANTRY HLA FOR OPTIMA IGS 320 - INDIA SEMI,,1.0,PCS,0.0,89279.2,,,
2025-02-18,印度,中国,WIPRO GE MEDICAL DEVICE MANUFACTURING PRIVATE LIMI,BEIJING GE HUALUN MEDICAL EQUIPMENT CO LTD,"No.4, Kadugodi Industrial Area, Sadarmangala Whitefield, Bangalore",,,,,CHINA,,Shanghai,Chennai  ,90221490,5521321-4 - SYSTEM GANTRY HLA FOR OPTIMA IGS 320 - INDIA SEMI FINISHED (PARTS FOR MANUFACTURING OF IGS 320/OPTIMA IGS 325521321-4 - SYSTEM GANTRY HLA FOR OPTIMA IGS 320 - INDIA SEM,,1.0,PCS,0.0,89219.5362,KIZ8EEYY3OM1P,,
2025-10-15,印度,中国,WIPRO GE MEDICAL DEVICE MANUFACTURING PRIVATE LIMI,GE HUALUN MEDICAL SYSTEMS CO LTD,,"BEIJING GE HUALUN MEDICAL EQUIPMENT CO., LTD,NO.1 NORTH YONG CHANG STR EET,BEIJING ECONOMIC &,TECHNOLOGICA CHINA",,,,China (CN),,Shanghai,,90221490,5521321-4 - SYSTEM GANTRY HLA FOR OPTIMA IGS 320 - INDIA SEMI FINISHED (PARTS FOR MANUFACTURING OF IGS 320/OPTIMA IGS 35521321-4 - SYSTEM GANTRY HLA FOR OPTIMA IGS 320 - INDIA SEM,,1.0,PCS,0.0,89175.62,,,
2025-06-26,印度,中国,WIPRO GE MEDICAL DEVICE MANUFACTURING PRIVATE LIMI,GE HUALUN MEDICAL SYSTEMS CO LTD,"No.4, Kadugodi Industrial Area, Sadarmangala Whitefield, Bangalore",,,,,CHINA,,Shanghai,Chennai  ,90221490,5521321-4 - SYSTEM GANTRY HLA FOR OPTIMA IGS 320 INDIA SEMIFINISHED-(PARTS FOR MANUFACTURING OF IGS 320/OPTIMA IGS 3205521321-4 - SYSTEM GANTRY HLA FOR OPTIMA IGS 320 INDIA SEMI,,1.0,PCS,0.0,89167.8505,WJX7OZVOKYCPK,,
2025-10-09,印度,中国,WIPRO GE MEDICAL DEVICE MANUFACTURING PRIVATE LIMI,GE HUALUN MEDICAL SYSTEMS CO LTD,,"BEIJING GE HUALUN MEDICAL EQUIPMENT CO., LTD,NO.1 NORTH YONG CHANG STR EET,BEIJING ECONOMIC &,TECHNOLOGICA CHINA",,,,China (CN),,Shanghai,,90221490,5521321-4 - SYSTEM GANTRY HLA FOR OPTIMA IGS 320 - INDIA SEMI FINISHED (PARTS FOR MANUFACTURING OF IGS 320/OPTIMA IGS 325521321-4 - SYSTEM GANTRY HLA FOR OPTIMA IGS 320 - INDIA SEM,,1.0,PCS,0.0,88896.01,,,
2025-03-19,印度,中国,WIPRO GE MEDICAL DEVICE MANUFACTURING PRIVATE LIMI,GE HUALUN MEDICAL SYSTEMS CO LTD,"No.4, Kadugodi Industrial Area, Sadarmangala Whitefield, Bangalore",,,,,CHINA,,Shanghai,Chennai  ,90221490,5521321-4 - SYSTEM GANTRY HLA FOR OPTIMA IGS 320 - INDIA SEMI FINISHED (PARTS FOR MANUFACTURING OF IGS 320/OPTIMA IGS 325521321-4 - SYSTEM GANTRY HLA FOR OPTIMA IGS 320 - INDIA SEM,,1.0,PCS,0.0,88571.3799,6DH8S5LTEV4RR,,
2025-05-30,印度,中国,WIPRO GE MEDICAL DEVICE MANUFACTURING PRIVATE LIMI,GE HUALUN MEDICAL SYSTEMS CO LTD,"No.4, Kadugodi Industrial Area, Sadarmangala Whitefield, Bangalore",,,,,CHINA,,Shanghai,Chennai  ,90221490,5521321-4 - SYSTEM GANTRY HLA FOR OPTIMA IGS 320 INDIA SEMIFINISHED-(PARTS FOR MANUFACTURING OF IGS 320/OPTIMA IGS 3205521321-4 - SYSTEM GANTRY HLA FOR OPTIMA IGS 320 INDIA SEMI,,1.0,PCS,0.0,88449.0157,IJPTXDGI5UCX5,,
2025-04-09,印度,中国,WIPRO GE MEDICAL DEVICE MANUFACTURING PRIVATE LIMI,GE HUALUN MEDICAL SYSTEMS CO LTD,"No.4, Kadugodi Industrial Area, Sadarmangala Whitefield, Bangalore",,,,,CHINA,,Shanghai,Chennai  ,90221490,5521321-4 - SYSTEM GANTRY HLA FOR OPTIMA IGS 320 - INDIA SEMI FINISHED (PARTS FOR MANUFACTURING OF IGS 320/OPTIMA IGS 325521321-4 - SYSTEM GANTRY HLA FOR OPTIMA IGS 320 - INDIA SEM,,1.0,PCS,0.0,88444.5309,0MQB7EY7EBQX7,,
2025-05-30,印度,中国,WIPRO GE MEDICAL DEVICE MANUFACTURING PRIVATE LIMI,GE HUALUN MEDICAL SYSTEMS CO LTD,"No.4, Kadugodi Industrial Area, Sadarmangala Whitefield, Bangalore",,,,,CHINA,,Shanghai,Chennai  ,90221490,5521321-4 - SYSTEM GANTRY HLA FOR OPTIMA IGS 320 INDIA SEMIFINISHED (PARTS FOR MANUFACTURING OF IGS 320/OPTIMA IGS 3205521321-4 - SYSTEM GANTRY HLA FOR OPTIMA IGS 320 INDIA SEMI,,1.0,PCS,0.0,88435.7584,P0U8AM5CDX42T,,
2025-02-21,印度,中国,WIPRO GE MEDICAL DEVICE MANUFACTURING PRIVATE LIMI,BEIJING GE HUALUN MEDICAL EQUIPMENT CO LTD,"No.4, Kadugodi Industrial Area, Sadarmangala Whitefield, Bangalore",,,,,CHINA,,Shanghai,Chennai  ,90221490,5521321-4 - SYSTEM GANTRY HLA FOR OPTIMA IGS 320 - INDIA SEMI FINISHED (PARTS FOR MANUFACTURING OF IGS 320/OPTIMA IGS 325521321-4 - SYSTEM GANTRY HLA FOR OPTIMA IGS 320 - INDIA SEM,,1.0,PCS,0.0,88389.2316,LUSBUCDQBXEHA,,
2025-02-22,印度,中国,WIPRO GE MEDICAL DEVICE MANUFACTURING PRIVATE LIMI,BEIJING GE HUALUN MEDICAL EQUIPMENT CO LTD,"No.4, Kadugodi Industrial Area, Sadarmangala Whitefield, Bangalore",,,,,CHINA,,Shanghai,Chennai  ,90221490,5521321-4 - SYSTEM GANTRY HLA FOR OPTIMA IGS 320 - INDIA SEMI FINISHED (PARTS FOR MANUFACTURING OF IGS 320/OPTIMA IGS 325521321-4 - SYSTEM GANTRY HLA FOR OPTIMA IGS 320 - INDIA SEM,,1.0,PCS,0.0,88389.2316,OLE020V7HIGOZ,,
2025-07-28,印度,中国,WIPRO GE MEDICAL DEVICE MANUFACTURING PRIVATE LIMI,GE HUALUN MEDICAL SYSTEMS CO LTD,"No.4, Kadugodi Industrial Area, Sadarmangala Whitefield, Bangalore",,,,,CHINA,,Shanghai,Chennai  ,90221490,5521321-4 - SYSTEM GANTRY HLA FOR OPTIMA IGS 320 INDIA SEMIFINISHED (PARTS FOR MANUFACTURING OF IGS 320/OPTIMA IGS 3205521321-4 - SYSTEM GANTRY HLA FOR OPTIMA IGS 320 INDIA SEMI,,1.0,PCS,0.0,88371.3897,OAT0DIBRNT1LL,,
2025-11-07,印度,中国,WIPRO GE MEDICAL DEVICE MANUFACTURING PRIVATE LIMI,GE HUALUN MEDICAL SYSTEMS CO LTD,,"BEIJING GE HUALUN MEDICAL EQUIPMENT CO., LTD,NO.1 NORTH YONG CHANG STR EET,BEIJING ECONOMIC &,TECHNOLOGICA CHINA",,,,China (CN),,Shanghai,Chennai  ,90221490,5521321-4 - SYSTEM GANTRY HLA FOR OPTIMA IGS 320 - INDIA SEMI FINISHED (PARTS FOR MANUFACTURING OF IGS 320/OPTIMA IGS 325521321-4 - SYSTEM GANTRY HLA FOR OPTIMA IGS 320 - INDIA SEM,,1.0,PCS,0.0,88288.52,,,
2025-07-28,印度,中国,WIPRO GE MEDICAL DEVICE MANUFACTURING PRIVATE LIMI,GE HUALUN MEDICAL SYSTEMS CO LTD,"No.4, Kadugodi Industrial Area, Sadarmangala Whitefield, Bangalore",,,,,CHINA,,Shanghai,Chennai  ,90221490,5521321-4 - SYSTEM GANTRY HLA FOR OPTIMA IGS 320 INDIA SEMIFINISHED-(PARTS FOR MANUFACTURING OF IGS 320/OPTIMA IGS 3205521321-4 - SYSTEM GANTRY HLA FOR OPTIMA IGS 320 INDIA SEMI,,1.0,PCS,0.0,88284.0702,B8CPGV2EXS4RV,,
2025-07-04,印度,中国,WIPRO GE MEDICAL DEVICE MANUFACTURING PRIVATE LIMI,GE HUALUN MEDICAL SYSTEMS CO LTD,"No.4, Kadugodi Industrial Area, Sadarmangala Whitefield, Bangalore",,,,,CHINA,,Shanghai,Chennai  ,90221490,5521321-4 - SYSTEM GANTRY HLA FOR OPTIMA IGS 320 INDIA SEMIFINISHED-(PARTS FOR MANUFACTURING OF IGS 320/OPTIMA IGS 3205521321-4 - SYSTEM GANTRY HLA FOR OPTIMA IGS 320 INDIA SEMI,,1.0,PCS,0.0,88227.0047,F976S976GZJKF,,
2025-04-28,印度,中国,WIPRO GE MEDICAL DEVICE MANUFACTURING PRIVATE LIMI,GE HUALUN MEDICAL SYSTEMS CO LTD,"No.4, Kadugodi Industrial Area, Sadarmangala Whitefield, Bangalore",,,,,CHINA,,Shanghai,Chennai  ,90221490,5521321-4 - SYSTEM GANTRY HLA FOR OPTIMA IGS 320 - INDIA SEMI FINISHED-(PARTS FOR MANUFACTURING OF IGS 320/OPTIMA IGS5521321-4 - SYSTEM GANTRY HLA FOR OPTIMA IGS 320 - INDIA SEM,,1.0,PCS,0.0,88127.3702,CIDTOCBPBV3NO,,
2025-02-27,印度,中国,WIPRO GE MEDICAL DEVICE MANUFACTURING PRIVATE LIMI,BEIJING GE HUALUN MEDICAL EQUIPMENT CO LTD,"No.4, Kadugodi Industrial Area, Sadarmangala Whitefield, Bangalore",,,,,CHINA,,Shanghai,Chennai  ,90221490,5521321-4 - SYSTEM GANTRY HLA FOR OPTIMA IGS 320 - INDIA SEMI FINISHED (PARTS FOR MANUFACTURING OF IGS 320/OPTIMA IGS 325521321-4 - SYSTEM GANTRY HLA FOR OPTIMA IGS 320 - INDIA SEM,,1.0,PCS,0.0,88085.5682,FRAA4M6L9NYNP,,
2025-10-24,印度,中国,WIPRO GE MEDICAL DEVICE MANUFACTURING PRIVATE LIMI,GE HUALUN MEDICAL SYSTEMS CO LTD,,"BEIJING GE HUALUN MEDICAL EQUIPMENT CO., LTD,NO.1 NORTH YONG CHANG STR EET,BEIJING ECONOMIC &,TECHNOLOGICA CHINA",,,,China (CN),,Shanghai,Chennai  ,90221490,5521321-4 - SYSTEM GANTRY HLA FOR OPTIMA IGS 320 - INDIA SEMI FINISHED (PARTS FOR MANUFACTURING OF IGS 320/OPTIMA IGS 325521321-4 - SYSTEM GANTRY HLA FOR OPTIMA IGS 320 - INDIA SEM,,1.0,PCS,0.0,88061.39,,,
2025-09-04,印度,中国,WIPRO GE MEDICAL DEVICE MANUFACTURING PRIVATE LIMI,GE HUALUN MEDICAL SYSTEMS CO LTD,"No.4, Kadugodi Industrial Area, Sadarmangala Whitefield, Bangalore","BEIJING GE HUALUN MEDICAL EQUIPMENT CO., LTD,NO.1 NORTH YONG CHANG STR EET,BEIJING ECONOMIC &,TECHNOLOGICA CHINA",,,,China (CN),,Shanghai,,90221490,5521321-4 - SYSTEM GANTRY HLA FOR OPTIMA IGS 320 INDIA SEMIFINISHED-(PARTS FOR MANUFACTURING OF IGS 320/OPTIMA IGS 3205521321-4 - SYSTEM GANTRY HLA FOR OPTIMA IGS 320 INDIA SEMI,,1.0,PCS,0.0,87741.72,,,
2025-05-11,印度,中国,WIPRO GE MEDICAL DEVICE MANUFACTURING PRIVATE LIMI,GE HUALUN MEDICAL SYSTEMS CO LTD,"No.4, Kadugodi Industrial Area, Sadarmangala Whitefield, Bangalore",,,,,CHINA,,Shanghai,Chennai  ,90221490,5521321-4 - SYSTEM GANTRY HLA FOR OPTIMA IGS 320 INDIA SEMIFINISHED (PARTS FOR MANUFACTURING OF IGS 320/OPTIMA IGS 3205521321-4 - SYSTEM GANTRY HLA FOR OPTIMA IGS 320 INDIA SEMI,,1.0,PCS,0.0,87736.1785,74TTMK72FRBCK,,
2025-05-14,印度,中国,WIPRO GE MEDICAL DEVICE MANUFACTURING PRIVATE LIMI,GE HUALUN MEDICAL SYSTEMS CO LTD,"No.4, Kadugodi Industrial Area, Sadarmangala Whitefield, Bangalore",,,,,CHINA,,Shanghai,Chennai  ,90221490,5521321-4 - SYSTEM GANTRY HLA FOR OPTIMA IGS 320 INDIA SEMIFINISHED (PARTS FOR MANUFACTURING OF IGS 320/OPTIMA IGS 3205521321-4 - SYSTEM GANTRY HLA FOR OPTIMA IGS 320 INDIA SEMI,,1.0,PCS,0.0,87722.5653,3THRC2NZVBE4V,,
2025-05-15,印度,中国,WIPRO GE MEDICAL DEVICE MANUFACTURING PRIVATE LIMI,GE HUALUN MEDICAL SYSTEMS CO LTD,"No.4, Kadugodi Industrial Area, Sadarmangala Whitefield, Bangalore",,,,,CHINA,,Shanghai,Chennai  ,90221490,5521321-4 - SYSTEM GANTRY HLA FOR OPTIMA IGS 320 INDIA SEMIFINISHED-(PARTS FOR MANUFACTURING OF IGS 320/OPTIMA IGS 3205521321-4 - SYSTEM GANTRY HLA FOR OPTIMA IGS 320 INDIA SEMI,,1.0,PCS,0.0,87722.5653,RTVGRAXT2K193,,
2025-09-05,印度,中国,WIPRO GE MEDICAL DEVICE MANUFACTURING PRIVATE LIMI,GE HUALUN MEDICAL SYSTEMS CO LTD,"No.4, Kadugodi Industrial Area, Sadarmangala Whitefield, Bangalore","BEIJING GE HUALUN MEDICAL EQUIPMENT CO., LTD,NO.1 NORTH YONG CHANG STR EET,BEIJING ECONOMIC &,TECHNOLOGICA CHINA",,,,China (CN),,Shanghai,,90221490,5521321-4 - SYSTEM GANTRY HLA FOR OPTIMA IGS 320 INDIA SEMIFINISHED (PARTS FOR MANUFACTURING OF IGS 320/OPTIMA IGS 3205521321-4 - SYSTEM GANTRY HLA FOR OPTIMA IGS 320 INDIA SEMI,,1.0,PCS,0.0,87670.8,,,
2025-05-11,印度,中国,WIPRO GE MEDICAL DEVICE MANUFACTURING PRIVATE LIMI,GE HUALUN MEDICAL SYSTEMS CO LTD,"No.4, Kadugodi Industrial Area, Sadarmangala Whitefield, Bangalore",,,,,CHINA,,Shanghai,Chennai  ,90221490,5521321-4 - SYSTEM GANTRY HLA FOR OPTIMA IGS 320 INDIA SEMIFINISHED (PARTS FOR MANUFACTURING OF IGS 320/OPTIMA IGS 3205521321-4 - SYSTEM GANTRY HLA FOR OPTIMA IGS 320 INDIA SEMI,,1.0,PCS,0.0,87635.3229,224BG47BS3DY6,,
2025-08-25,印度,中国,WIPRO GE MEDICAL DEVICE MANUFACTURING PRIVATE LIMI,GE HUALUN MEDICAL SYSTEMS CO LTD,"No.4, Kadugodi Industrial Area, Sadarmangala Whitefield, Bangalore","BEIJING GE HUALUN MEDICAL EQUIPMENT CO., LTD,NO.1 NORTH YONG CHANG STR EET,BEIJING ECONOMIC &,TECHNOLOGICA CHINA",,,,China (CN),,Shanghai,,90221490,5521321-4 - SYSTEM GANTRY HLA FOR OPTIMA IGS 320 INDIA SEMIFINISHED (PARTS FOR MANUFACTURING OF IGS 320/OPTIMA IGS 3205521321-4 - SYSTEM GANTRY HLA FOR OPTIMA IGS 320 INDIA SEMI,,1.0,PCS,0.0,87619.1,,,
2025-08-25,印度,中国,WIPRO GE MEDICAL DEVICE MANUFACTURING PRIVATE LIMI,GE HUALUN MEDICAL SYSTEMS CO LTD,"No.4, Kadugodi Industrial Area, Sadarmangala Whitefield, Bangalore","BEIJING GE HUALUN MEDICAL EQUIPMENT CO., LTD,NO.1 NORTH YONG CHANG STR EET,BEIJING ECONOMIC &,TECHNOLOGICA CHINA",,,,China (CN),,Shanghai,,90221490,5521321-4 - SYSTEM GANTRY HLA FOR OPTIMA IGS 320 INDIA SEMIFINISHED (PARTS FOR MANUFACTURING OF IGS 320/OPTIMA IGS 3205521321-4 - SYSTEM GANTRY HLA FOR OPTIMA IGS 320 INDIA SEMI,,1.0,PCS,0.0,87619.1,,,
2025-08-28,印度,中国,WIPRO GE MEDICAL DEVICE MANUFACTURING PRIVATE LIMI,GE HUALUN MEDICAL SYSTEMS CO LTD,"No.4, Kadugodi Industrial Area, Sadarmangala Whitefield, Bangalore","BEIJING GE HUALUN MEDICAL EQUIPMENT CO., LTD,NO.1 NORTH YONG CHANG STR EET,BEIJING ECONOMIC &,TECHNOLOGICA CHINA",,,,China (CN),,Shanghai,,90221490,5521321-4 - SYSTEM GANTRY HLA FOR OPTIMA IGS 320 INDIA SEMIFINISHED-(PARTS FOR MANUFACTURING OF IGS 320/OPTIMA IGS 3205521321-4 - SYSTEM GANTRY HLA FOR OPTIMA IGS 320 INDIA SEMI,,1.0,PCS,0.0,87614.26,,,
2025-09-29,阿根廷,中国,INTEC S R L,,,,,,,China,,,,90221411000,"PARA MAMOGRAFIA. LOS DEMAS, PARA USO MEDICO, QUIRURGICO O VETERINARIO. APARATOS DE RAYOS X Y APARATOS QUE UTILICEN RADIACIONES ALFA, BETA GAMMA O DEMAS RADIACIONES IONIZANTES, INCLUSO PARA USO MEDICO, QUIRURGICO, ODONTOLOGICO O VETERINARIO, INCLUIDOS LOS APARATOS DE RADIOGRAFIA O RADIOTERAPIA, TUBOS DE RAYOS X Y DEMAS DISPOSITIVOS GENERADORES DE RAYOS X, GENERADORES DE TENSION, CONSOLAS DE MANDO, PANTALLAS, MESAS, SILLONES Y SOPORTES SIMILARES PARA EXAMEN O TRATAMIENTO. INSTRUMENTOS Y APARATOS DE OPTICA, FOTOGRAFIA O CINEMATOGRAFIA, DE MEDIDA, CONTROL O PRECISION; INSTRUMENTOS Y APARATOS MEDICOQUIRURGICOS; PARTES Y ACCESORIOS DE ESTOS INSTRUMENTOS O APARATOS. SENOGRAPHE CRYSTAL",,1.0,Unidades,848.67,87597.12,,,GENERAL ELECTRIC
2025-08-28,印度,中国,WIPRO GE MEDICAL DEVICE MANUFACTURING PRIVATE LIMI,GE HUALUN MEDICAL SYSTEMS CO LTD,"No.4, Kadugodi Industrial Area, Sadarmangala Whitefield, Bangalore","BEIJING GE HUALUN MEDICAL EQUIPMENT CO., LTD,NO.1 NORTH YONG CHANG STR EET,BEIJING ECONOMIC &,TECHNOLOGICA CHINA",,,,China (CN),,Shanghai,,90221490,5521321-4 - SYSTEM GANTRY HLA FOR OPTIMA IGS 320 - INDIA SEMI FINISHED (PARTS FOR MANUFACTURING OF IGS 320/OPTIMA IGS 325521321-4 - SYSTEM GANTRY HLA FOR OPTIMA IGS 320 - INDIA SEM,,1.0,PCS,0.0,87566.66,,,
2025-04-11,印度,中国,WIPRO GE MEDICAL DEVICE MANUFACTURING PRIVATE LIMI,GE HUALUN MEDICAL SYSTEMS CO LTD,"No.4, Kadugodi Industrial Area, Sadarmangala Whitefield, Bangalore",,,,,CHINA,,Tianjin,BANGALORE,90221490,5521321-4 - SYSTEM GANTRY HLA FOR OPTIMA IGS 320 - INDIA SEMI FINISHED (PARTS FOR MANUFACTURING OF IGS 320/OPTIMA IGS 325521321-4 - SYSTEM GANTRY HLA FOR OPTIMA IGS 320 - INDIA SEM,,1.0,PCS,0.0,87559.9521,P8GU7C2GH6DD4,,
2025-04-12,印度,中国,WIPRO GE MEDICAL DEVICE MANUFACTURING PRIVATE LIMI,GE HUALUN MEDICAL SYSTEMS CO LTD,"No.4, Kadugodi Industrial Area, Sadarmangala Whitefield, Bangalore",,,,,CHINA,,Tianjin,BANGALORE,90221490,5521321-4 - SYSTEM GANTRY HLA FOR OPTIMA IGS 320 INDIA SEMIFINISHED (PARTS FOR MANUFACTURING OF IGS 320/OPTIMA IGS 3205521321-4 - SYSTEM GANTRY HLA FOR OPTIMA IGS 320 INDIA SEMI,,1.0,PCS,0.0,87559.9521,NZUTE90K8GT7J,,
2025-09-04,印度,中国,WIPRO GE MEDICAL DEVICE MANUFACTURING PRIVATE LIMI,GE HUALUN MEDICAL SYSTEMS CO LTD,"No.4, Kadugodi Industrial Area, Sadarmangala Whitefield, Bangalore","BEIJING GE HUALUN MEDICAL EQUIPMENT CO., LTD,NO.1 NORTH YONG CHANG STR EET,BEIJING ECONOMIC &,TECHNOLOGICA CHINA",,,,China (CN),,Shanghai,,90221490,5521321-4 - SYSTEM GANTRY HLA FOR OPTIMA IGS 320 INDIA SEMIFINISHED-(PARTS FOR MANUFACTURING OF IGS 320/OPTIMA IGS 3205521321-4 - SYSTEM GANTRY HLA FOR OPTIMA IGS 320 INDIA SEMI,,1.0,PCS,0.0,87551.87,,,
2025-08-11,乌兹别克斯坦,中国,ООО SHENZHEN BROWINER DISTRIBUTOR,SHENZHEN BROWINER TECH CO LTD,"Харезмская обл, Янгиарикский район, ул. Амударя, 100/10","Room 501, Building C, Ganghongji High-Tech Intelligent Industrial Park, No.1008, Songbai Road, Yangg",,,,,,,,9022140000,"1. Медицинское Оборудование: Система рентгенографическая цифровая модель Beatle-06P1  с принадлежностями, 7 комплект. новая 2025 г вып, завод Производитель:  Shenzhen Browiner Tech Co., Ltd / Китай.-Вес 653 кг.  Кол. 7 шт 
2. Всего мест-13. 13 дерев. ящи",,7.0,шт,653.0,87500.0,,,Browiner
2025-06-25,乌兹别克斯坦,中国,ООО SHENZHEN BROWINER DISTRIBUTOR,SHENZHEN BROWINER TECH CO LTD,"Харезмская обл, Янгиарикский район, ул. Амударя, 100/10","Room 501, Building C, Ganghongji High-Tech Intelligent Industrial Park, No.1008, Songbai Road, Yangg",,,,,,,,9022140000,"1. Медицинское Оборудование: Система рентгенографическая цифровая модель Beatle-06P1  с принадлежностями, 7 комплект. новая 2025 г вып, завод Производитель:  Shenzhen Browiner Tech Co., Ltd / Китай.-Вес 653 кг.  Кол. 7 шт 
2. Всего мест-13. 13 дерев. ящи",,7.0,шт,653.0,87500.0,,,Browiner
2025-01-30,孟加拉国,中国,PROJONMA COMMUNICATION,SHANGHAI ROCHAIN MEDICAL CO,"28/F, Toynobee Circular Road(Ground",.,,,,CN,,,,90221400,DIGITAL X-RAY MACHINE WITH STANDARD ACC. MO.NO.SHO-DDX03,,10.0,,5527.0,87500.0,,,
2025-01-30,孟加拉国,中国,PROJONMA COMMUNICATION,SHANGHAI RO CHAIN MEDICAL CO LTD,"28/F, Toynobee Circular Road(Ground",,,,,China,,,,90221400,DIGITAL X-RAY MACHINE WITH STANDARD ACC. MO.NO.SHO-DDX03,,10.0,NMB,5527.0,87500.0,,,
2025-02-28,印度,中国,WIPRO GE MEDICAL DEVICE MANUFACTURING PRIVATE LIMI,BEIJING GE HUALUN MEDICAL EQUIPMENT CO LTD,"No.4, Kadugodi Industrial Area, Sadarmangala Whitefield, Bangalore",,,,,CHINA,,Tianjin,BANGALORE,90221490,5521321-4 - SYSTEM GANTRY HLA FOR OPTIMA IGS 320 - INDIA SEMI FINISHED-(PARTS FOR MANUFACTURING OF IGS 320/OPTIMA IGS5521321-4 - SYSTEM GANTRY HLA FOR OPTIMA IGS 320 - INDIA SEM,,1.0,PCS,0.0,87442.6596,H4F8AYMM04FSD,,
2025-08-12,印度,中国,WIPRO GE MEDICAL DEVICE MANUFACTURING PRIVATE LIMI,GE HUALUN MEDICAL SYSTEMS CO LTD,"No.4, Kadugodi Industrial Area, Sadarmangala Whitefield, Bangalore","BEIJING GE HUALUN MEDICAL EQUIPMENT CO., LTD,NO.1 NORTH YONG CHANG STR EET,BEIJING ECONOMIC &,TECHNOLOGICA CHINA",,,,China (CN),,Shanghai,,90221490,5521321-4 - SYSTEM GANTRY HLA FOR OPTIMA IGS 320 INDIA SEMIFINISHED (PARTS FOR MANUFACTURING OF IGS 320/OPTIMA IGS 3205521321-4 - SYSTEM GANTRY HLA FOR OPTIMA IGS 320 INDIA SEMI,,1.0,PCS,0.0,87418.64,,,
2025-08-11,印度,中国,WIPRO GE MEDICAL DEVICE MANUFACTURING PRIVATE LIMI,GE HUALUN MEDICAL SYSTEMS CO LTD,"No.4, Kadugodi Industrial Area, Sadarmangala Whitefield, Bangalore","BEIJING GE HUALUN MEDICAL EQUIPMENT CO., LTD,NO.1 NORTH YONG CHANG STR EET,BEIJING ECONOMIC &,TECHNOLOGICA CHINA",,,,China (CN),,Shanghai,,90221490,5521321-4 - SYSTEM GANTRY HLA FOR OPTIMA IGS 320 INDIA SEMIFINISHED (PARTS FOR MANUFACTURING OF IGS 320/OPTIMA IGS 3205521321-4 - SYSTEM GANTRY HLA FOR OPTIMA IGS 320 INDIA SEMI,,1.0,PCS,0.0,87249.91,,,
2025-01-13,印度,中国,WIPRO GE MEDICAL DEVICE MANUFACTURING PRIVATE LIMI,GE HUALUN MEDICAL SYSTEMS CO LTD,"No.4, Kadugodi Industrial Area, Sadarmangala Whitefield, Bangalore",,,,,CHINA,,Shanghai,Chennai  ,90221490,5521321-4 - SYSTEM GANTRY HLA FOR OPTIMA IGS 320 - INDIA SEMI FINISHED (PARTS FOR MANUFACTURING OF IGS 320/OPTIMA IGS 325521321-4 - SYSTEM GANTRY HLA FOR OPTIMA IGS 320 - INDIA SEM,,1.0,PCS,0.0,87020.9161,3532207SFMTOY,,
2025-01-16,印度,中国,WIPRO GE MEDICAL DEVICE MANUFACTURING PRIVATE LIMI,GE HUALUN MEDICAL SYSTEMS CO LTD,"No.4, Kadugodi Industrial Area, Sadarmangala Whitefield, Bangalore",,,,,CHINA,,Shanghai,Chennai  ,90221490,5521321-4 - SYSTEM GANTRY HLA FOR OPTIMA IGS 320 - INDIA SEMI FINISHED (PARTS FOR MANUFACTURING OF IGS 320/OPTIMA IGS 325521321-4 - SYSTEM GANTRY HLA FOR OPTIMA IGS 320 - INDIA SEM,,1.0,PCS,0.0,87020.9161,8MIAM7UCZFJ5N,,
2025-05-02,哥伦比亚,中国,MINDRAY MEDICAL COLOMBIA SAS,MR GLOBAL HK LTD,AC 100 54 OF 1002,"FLAT/RM 1115-6 BLOCK 1, 11/F, GRAND",,,,CHINA,,,,9022140000,"DO 220100309225-001 CODIGO RESOLUCION USUARIO TRAMITE SIMPLIFICADO UTS : U00853; PEDIDO TRAMITE: IMPO 40SEA25 DECLARACION 2-19 REG-50035131-20250225N DE 2025-02-25, VMJD-2025-02455 DE 2025-02-25 FACTURA 755103127 755103128 755103129 755103182 DE 2025-03-05. PRODUCTO: DIGITAL RADIOGRAPHY SYSTEM - SISTEMA DE RADIOGRAF A DIGITAL, MARCA: MINDRAY, MODELO: DIGIEYE 350, REFERENCIA: DR16B-CTO-S01, USO O DESTINO: EL SISTEMA DE RADIOGRAF A DIGITAL EST CONCEBIDO PARA LA REALIZACI N DE RADIOGRAF AS EN TODOS LOSPACIENTES PEDI TRICOS Y ADULTOS, TECNICA DE DIAGNOSTICO: RAYOS X, SERIAL: ED4-52000413, ED4-52000414, ED4-52000415, REGISTRO SANITARIO INVIMA 2024EBC-0028452, VENCIMIENTO: 2034 03 07, EXPEDIENTE: 20262395, VIDA UTIL: 10 A OS, PRESENTACION COMERCIAL: UNIDAD, FABRICANTE: SHENZHEN MINDRAY BIO-MEDICAL ELECTRONICS CO., LTD. PAIS DE ORIGEN: CHINA, MERCANCIA NUEVA Y DE PRIMERA CALIDAD, MES Y A O DE FABRICACION: JUNIO 2024 DIGIEYE 330 DIGITAL RADIOGRAPHY SYSTEM CANT 3 U ITEM 2 .",,3.0,NUMERO DE ARTICULOS,2391.0,86956.39,,,
2025-02-28,阿根廷,中国,INTEC S R L,,,,,,,China,,,,90221490900,"LOS DEMAS. LOS DEMAS, PARA USO MEDICO, QUIRURGICO O VETERINARIO. APARATOS DE RAYOS X Y APARATOS QUE UTILICEN RADIACIONES ALFA, BETA GAMMA O DEMAS RADIACIONES IONIZANTES, INCLUSO PARA USO MEDICO, QUIRURGICO, ODONTOLOGICO O VETERINARIO, INCLUIDOS LOS APARATOS DE RADIOGRAFIA O RADIOTERAPIA, TUBOS DE RAYOS X Y DEMAS DISPOSITIVOS GENERADORES DE RAYOS X, GENERADORES DE TENSION, CONSOLAS DE MANDO, PANTALLAS, MESAS, SILLONES Y SOPORTES SIMILARES PARA EXAMEN O TRATAMIENTO. INSTRUMENTOS Y APARATOS DE OPTICA, FOTOGRAFIA O CINEMATOGRAFIA, DE MEDIDA, CONTROL O PRECISION; INSTRUMENTOS Y APARATOS MEDICOQUIRURGICOS; PARTES Y ACCESORIOS DE ESTOS INSTRUMENTOS O APARATOS. OEC ONE",,2.0,Unidades,0.0,86898.64,,,GENERAL ELECTRIC
2025-01-22,印度,中国,WIPRO GE MEDICAL DEVICE MANUFACTURING PRIVATE LIMI,GE HUALUN MEDICAL SYSTEMS CO LTD,"No.4, Kadugodi Industrial Area, Sadarmangala Whitefield, Bangalore",,,,,CHINA,,Tianjin,BANGALORE,90221490,5521321-4 - SYSTEM GANTRY HLA FOR OPTIMA IGS 320 - INDIA SEMI FINISHED-(PARTS FOR MANUFACTURING OF IGS 320/OPTIMA IGS5521321-4 - SYSTEM GANTRY HLA FOR OPTIMA IGS 320 - INDIA SEM,,1.0,PCS,0.0,86334.5252,8PHIMX7NN8E6B,,
2025-07-15,菲律宾,中国,ELAN VITA DIAGNOSTIC SOLUTIONS,SHENZHEN ANGELL TECHNOLOGY CO LTD,"NO. 78 BAYANIHAN VILLAGE, QUIOT PARDO CEBU CITYCEBU CITY 6000PHILIPPINES",,,,,CHINA,,,,90221400000,DIGITAL MEDICAL X-RAY RADIOGRAPHIC SYSTEM (ALC-280B3 MODEL) - QTY. 2 UNITS (ANGELL),,2.0,PIECE,1376.0,86173.38,ANSMN0B5192512,,
2025-09-22,印度,中国,SUPERHEALTH HOSPITALS PRIVATE LIMITED,UNITED IMAGING HEALTHCARE HONG KONG LIMITED,N/A N/A,9B CHEONG TAI COMMERCIAL BUILDING 6 6 WING LOK STREET SHEUNG WAN SDNF HK,,,,China (CN),,Shanghai,,90221490,DIGITAL MAMMOGRAPHICS IMAGING SYSTEM MODEL:UMAMMO 590I SERIAL NO: 312259 (MEDICAL USE)DIGITAL MAMMOGRAPHICS IMAGING SYSTEM MODEL:UMAMMO 590I SER,,1.0,NOS,0.0,85791.76,,,
2025-10-02,巴基斯坦,中国,SINDH INSTITUTE OF UROLOGY & TRANSPLANTATION,ATLAS GLOBAL FZE,"SIUT, DEWAN FAROOQ MEDICAL COMPLEX,, NEAR CIVIL HOSITAL, SADDAR, Karachi South Saddar Town","OFFICE 708A, JAFZA BUILDING NO. 18,SHEIKH ZAYED ROAD, P.O BOX NO. 17442 DUBAI, UAE",,,,China,,JEBEL ALI,KAPW,90221400,"GE C ARM WITH ACCESSORIES, 2 SET, PANRA NOC NO. RNSD-III/MLRG-443.2/2025, DT: 
23.09.2025,",,2.0,u,830.0,85522.4291,MFS/KHI/252299,,
2025-10-24,博茨瓦纳,中国,GILDA AGENCY PROPRIETY LIMITED,AVOMA GROUP PTY LTD,,,,,,CHINA,,,Tlokweng Gate,90221400,SIEMENS MULTIX IMPACT E-DIGITAL XRAY MEDICAL,,1.0,EA,1390.78,85386.2265,,,
2025-10-02,巴基斯坦,中国,SINDH INSTITUTE OF UROLOGY & TRANSPLANTATION,ATLAS GLOBAL FZE,"SIUT, DEWAN FAROOQ MEDICAL COMPLEX,, NEAR CIVIL HOSITAL, SADDAR, Karachi South Saddar Town","OFFICE 708A, JAFZA BUILDING NO. 18,SHEIKH ZAYED ROAD, P.O BOX NO. 17442 DUBAI, UAE",,,,China,,JEBEL ALI,KAPW,90221400,"GE C ARM WITH ACCESSORIES, 2 SET, PANRA NOC NO. RNSD-III/MLRG-443.2/2025, DT: 
23.09.2025,",,2.0,u,830.0,85305.1833,MFS/KHI/252299,,
2025-10-22,厄瓜多尔,中国,SIEMENSHEALTHCARE CIA LTDA,SIEMENS SHANGHAI MEDICAL EQUIPMENT LTD,,,,,,CHINA,,,,9022140000,EQUIPO DE RAYOS X TELECOMANDADO MODELO MULTI IMPACT CON TODAS SUS PARTES Y ACCESORIOS PARA SU CORREC,,1.0,PZA,1241.0,84926.592,,,SIEMENS
2025-10-02,哥斯达黎加,中国,LATIN AMERICAN BIOPHARMA LABSA SOCIEDAD,BEIJING WANDONG MEDICAL TECHNO,,,,,,CHINA,,,,902214000020,MAQUINA DE RAYOS X DE USO VETERINARIO MOD 1000N1-VET,,7.0,Unidad (c/u),1416.81,84324.66,,,SM                                                                    
2025-07-23,乌兹别克斯坦,中国,ООО SHENZHEN BROWINER DISTRIBUTOR,SHENZHEN BROWINER TECH CO LTD,"Харезмская обл, Янгиарикский район, ул. Амударя, 100/10","Room 501, Building C, Ganghongji High-Tech Intelligent Industrial Park, No.1008, Songbai Road, Yangg",,,,,,,,9022140000,"1. Медицинское Оборудование: Мобильная рентгеновская система с С-дугой модель CompaX 500C (Mobile C-arm X-ray System) с принадлежностями (Генератор высокго напряжения (дополнительно), Цифровой детектор (опционально), Коллиматор, Мобильная стойка, с С-дуг",,3.0,шт,1425.0,84000.0,,,Browiner
2025-07-15,乌兹别克斯坦,中国,ООО SHENZHEN BROWINER DISTRIBUTOR,SHENZHEN BROWINER TECH CO LTD,"Харезмская обл, Янгиарикский район, ул. Амударя, 100/10","Room 501, Building C, Ganghongji High-Tech Intelligent Industrial Park, No.1008, Songbai Road, Yangg",,,,,,,,9022140000,"1. Медицинское Оборудование: Мобильная рентгеновская система с С-дугой модель CompaX 500C (Mobile C-arm X-ray System) с принадлежностями (Генератор высокго напряжения (дополнительно), Цифровой детектор (опционально), Коллиматор, Мобильная стойка, с С-дуг",,3.0,шт,1425.0,84000.0,,,Browiner
2025-06-30,印度,中国,PROGNOSYS MEDICAL SYSTEMS PRIVATE LIMITED,NEUSOFT MEDICAL SYSTEMS CO LTD,"NO.249, 4TH MAIN ROAD,  CHAMARAJPET, ",,,,,CHINA,,Shanghai,BANGALORE,90221410,DIAGNOSTIC X-RAY HIGH VOLTAGE GENERATOR(LUNAR-80RF) (FOR MANUFACTURE OF X-RAY MACHINE)X-RAY GENERATOR,,14.0,NOS,0.0,82736.0023,BJAEJEXC35LQA,,
2025-06-15,孟加拉国,中国,MEDITEL PVT LTD,SUZHOU SHOIMAGE MEDICAL EQUIPMENT,"21, Hazaribag,Dhaka-1209.;",,,,,CN,,,,90221400,FLOOR-MOUNTED DIGITAL RAD. X-RAY SYS. WTH ST.AC.M: SHO-DDX05,,10.0,,6760.0,82710.0,,,
2025-02-05,俄罗斯,中国,SHTEIMAN KRAFT OOO,SHENZHEN SONTU MEDICAL IMAGING EQUIPMENT CO LTD,"129226, , Г. МОСКВА, УЛ. ДОКУКИНА, Д.8, СТР. 2, ПОМ.3.1, ЭТ.6,","518122, SHENZHEN, PINGSHAN NEW DISTRICT, JINHUI ROAD, SHENZHEN BIOMEDICINE I, 10",,,"SHENZHEN SONTU MEDICAL IMAGING EQUIPMENT CO., LTD",China (CN),Russia,,,9022140000,"X-RAY EQUIPMENT FOR MEDICAL USE, NO RADIOACTIVE SOURCES, SUPPLIED PARTIALLY DISASSEMBLED FOR CONVENIENCE OF TRANSPORTATION, CODE OKPD2-26.60.11.113:",,4.0,PC,2452.0,82679.42,,,SONTU
2025-06-27,乌兹别克斯坦,中国,ООО ANGIOMED DAVOLASH MASKANI,HNV INTERNATIONAL COMPANY LIMITED,"1714229811 - Наманганская обл, Уйчинский р-н, Жийдакапа КФЙ, Кумтепа МФЙ, ул. Андижан, дом-б/н",Flat 1318-19 13/F Hollywood Plaza 610 Nathan Road Mongkok KL HongKong,,,,,,,,9022140000,"1. Новое Медицинское Оборудование: год выпуска 2025г. Система рентгеновская медицинская диагностическая модель ""PLD 6000"" с принадлежностями. Производитель: ""Zhuhai Perlead Medical Equipment Co., Ltd., Китай для Nanjing Perlove Medical Equipment Co., Ltd",,1.0,шт,1254.0,82000.0,,,Nanjing
2025-02-19,哥伦比亚,中国,MINDRAY MEDICAL COLOMBIA SAS,MR GLOBAL HK LTD,AC 100 54 OF 1002,"FLAT/RM 1115-6 BLOCK 1, 11/F, GRAND",,,,CHINA,,,,9022140000,DO 220100106025-001 CODIGO / RESOLUCION USUARIO TRAMITE SIMPLIFICADO (UTS): U00853 PEDIDO TRAMITE: IMPO 11SEA25 DECLARA,,3.0,NUMERO DE ARTICULOS,2335.0,81442.59,,,
2025-03-03,乌兹别克斯坦,中国,ООО FORTEK,SHENZHEN SONTU MEDICAL IMAGING EQUIPMENT CO LTD КИТАЙ,,,,,,,,,,9022140000,"1) Система рентгенографическая диагностическая цифровая SONTU100-Polaris50E / Digital Diagnostic Radiography System SONTU100-Polaris50 E / в комп./Новый,2025г.в./Сер№20241225000002, -003, -009, -0010/Пр-ль.:""Shenzhen SONTU Medical Imaging Equipment Co.,",,4.0,шт,2113.6,81240.0,,,
2025-03-11,乌兹别克斯坦,中国,ООО FORTEK,SHENZHEN SONTU MEDICAL IMAGING EQUIPMENT CO LTD КИТАЙ,,,,,,,,,,9022140000,"1) Система рентгенографическая диагностическая цифровая SONTU100-Polaris50E / Digital Diagnostic Radiography System SONTU100-Polaris50 E / в комп./Новый,2025г.в./Сер№20241225000002, -003, -009, -0010/Пр-ль.:""Shenzhen SONTU Medical Imaging Equipment Co.,",,4.0,шт,2113.6,81240.0,,,
2025-02-11,哥伦比亚,中国,MINDRAY MEDICAL COLOMBIA SAS,MR GLOBAL HK LTD,AC 100 54 OF 1002,"FLAT/RM 1115-6 BLOCK 1, 11/F, GRAND",,,,CHINA,,,,9022140000,DO 220100101125-001 CODIGO / RESOLUCION USUARIO TRAMITE SIMPLIFICADO (UTS): U00853 PEDIDO TRAMITE: IMPO 258SEA24 DECLAR,,2.0,NUMERO DE ARTICULOS,1344.0,80887.21,,,
2025-06-03,尼日利亚,中国,ABUJA CLINICS NIGERIA LIMITED,SINO MEDICAL DEVICE TECHNOLOGY CO L,,,,,,China,,,ABUJA AIRPORT,9022140000,"Apparatus based on the use of X-rays or of alpha, betaused for medical, surgical .",,0.0,,653.0,80314.1,,,
2025-10-09,巴基斯坦,中国,FUJIFILM PAKISTAN PRIVATE LIMITED,FUJIFILM HEALTHCARE ASIA PACIFIC PTE LTD,"37-D, Block 6, PECHS Society, Karachi, Karachi East","10 NEW INDUSTRIAL ROAD, FUJIFILM BUILDING SINGAPORE 536201 , CNSHA ,",,,,China,,Shanghai,KAPS,90221400,"MEDICAL EQUIPMENT AND ACCESSORIES (FCR PRIMA T2 PNTM, CR IR 392 RU2 PNTM A) QTY: 30SET, NET WT: 1158KGS",,30.0,u,1240.0,80214.14,QDAS25080080,,
2025-08-21,巴基斯坦,中国,FUJIFILM PAKISTAN PRIVATE LIMITED,FUJIFILM HEALTHCARE ASIA PACIFIC PTE LTD,"37-D, Block 6, PECHS Society, Karachi, Karachi East",10 NEW INDUSTRIAL ROAD FUJIFILM BUILDINGSINGAPORE,,,,China,,Shanghai,KAPW,90221400,"MEDICAL EQUIPMENT FCR PRIMA  T2 PNTM,CR IR 392 RUN PNTM QTY: 30 SET",,30.0,u,1240.0,80203.7271,QYSEA250707,,
2025-10-09,巴基斯坦,中国,FUJIFILM PAKISTAN PRIVATE LIMITED,FUJIFILM HEALTHCARE ASIA PACIFIC PTE LTD,"37-D, Block 6, PECHS Society, Karachi, Karachi East","10 NEW INDUSTRIAL ROAD, FUJIFILM BUILDING SINGAPORE 536201 , CNSHA ,",,,,China,,Shanghai,KAPS,90221400,"MEDICAL EQUIPMENT AND ACCESSORIES (FCR PRIMA T2 PNTM, CR IR 392 RU2 PNTM A) QTY: 30SET, NET WT: 1158KGS",,30.0,u,1240.0,80010.3785,QDAS25080080,,
2025-01-16,厄瓜多尔,中国,SIEMENSHEALTHCARE CIA LTDA,SIEMENS SHANGHAI MEDICAL EQUIPMENT LTD,,,,,,CHINA,,Shanghai,,9022140000,EQUIPO DE RAYOS X TELECOMANDADO MODELO MULTI IMPACT,,1.0,NUMERO DE UNIDADES,1342.0,79679.79,CEC2024WHLU5762,,SIEMENS
2025-01-16,厄瓜多尔,中国,SIEMENSHEALTHCARE CIA LTDA,SIEMENS SHANGHAI MEDICAL EQUIPMENT LTD,,,,,,CHINA,,Shanghai,,9022140000,EQUIPO DE RAYOS X TELECOMANDADO MODELO MULTI IMPACT,,1.0,NUMERO DE UNIDADES,1342.0,79679.77,CEC2024WHLU5762,,SIEMENS
2025-05-08,哥伦比亚,中国,TECNICA ELECTRO MEDICA S A,CHINA ISOTOPE AND RADIATION CORPORATION,CL 47 5 26 P 2 KR 57B 68 25 CL 70A 57B 23,NO. 66 CHANGWA MIDDLE STREET HAIDIA,,,,CHINA,,,,9022140000,"DO BUN25767 PEDIDO PEDIDO IMPORT-1381 MINDRAY DECLARACION 1 DE 2;NOS ACOGEMOS EN EL DECRETO 1881 DEL 2021; ARANCEL DEL 0 DECLARACION DE PRIMERA PARTE TEM02 2025 DE FECHA 15 04 2025 FACTURA:25INCI 009COL, FECHA:19-03-2025, VISTO BUENO NO. VINVIMA-25-0057156 DE 2025-04-25 VISTO BUENO NO. VSIC-2524277 DE 2025-04-25 , PRODUCTO: EQUIPO DE RAYOS X MINDRAY 50 KW MONITOR 24 DETECTOR 14 X 17 , MARCA: MINDRAY, MODELO: DIGIEYE 350, REFERENCIA: DIGIEYE 350, SERIAL: ED8-52000137, ED8-52000138, USO O DESTINO: EL SISTEMA DE RADIOGRAF A DIGITAL EST CONCEBIDO PARA LA REALIZACI N DE RADIOGRAF AS EN TODOS LOS PACIENTES PEDI TRICOSY ADULTOS., T CNICA DE DIAGN STICO: RAYOS X, NOMBRE DEL PRODUCTO EN RS: DIGITAL RADIOGRAPHY SYSTEM - SISTEMA DE RADIOGRAF A DIGITAL. REFERENCIA MODELO FAMILIA EN RS: DIGIEYE 350. N MERO DEL REGISTRO SANITARIO: INVIMA 2024EBC-0028452 VIGENCIA: 2034 03 07 EXPEDIENTE: 20262395. FABRICANTE: SHENZHEN MINDRAY BIO-MEDICAL ELECTRONICS CO., LTD. CONDOMICILIO EN: CHINA MARCA EN RS: MINDRA",,2.0,NUMERO DE ARTICULOS,1702.0,79508.56,,,
2025-02-01,巴西,中国,IMX INDUSTRIA E COMERCIO LTDA,APELEM,,,,,,China,,,,90221419,"Outros aparelhos de raios X, para diagnóstico médico, cirúrgico, etc.",,16.0,UNID.,1307.0,78689.0,,,
2025-06-09,菲律宾,中国,SIEMENS HEALTHCARE INC,SIEMENS SHANGHAI MEDICAL EQUIPMENT,"10/F M1 TOWER 141 H.V. DELA COSTA ST. SALCEDO VILLAGE BRGY. BEL-AIR, MAKATI CITY",,,,,CHINA,,,,90221400000,1 PCE: MULTIX IMPACT E (X-RAY MACHINE),,1.0,,1159.0,78665.6,SHAH61539,,
2025-01-21,哥伦比亚,中国,L A S ELECTROMEDICINA SAS,MR GLOBAL HK LTD,CL 26 96 J 66 LC 23 Y 24,FLAT/RM 1115-6 BLOCK 1 11/F CENTURY,,,,CHINA,,,,9022140000,DO 2025-00595 PEDIDO 30834 DECLARACION 1 DE 1VISTO BUENO SUPERINTENDENCIA NO VSIC-2503204 CON FECHA: 2025-01-20. VISTO,,2.0,NUMERO DE ARTICULOS,1454.0,77070.99,,,
2025-08-26,马拉维,中国,UNITED NATION DEV PROGRAMME,CASFUTURE BEIJING TECHNOLOGY CO LTD,P.O. BOX 30135,101 3/F. NO.9 ZHICHUN ROAD HAIDIAN DISTRICT BEIJING,,,,CHINA,,,,90221400,MEDICAL DIAGONOSTIC X-RAY SYSTEM,,1.0, Pieces,1436.0,75716.6,,,
2025-02-06,科特迪瓦,中国,INTERMEDIC COTE D'IVOIRE,PHILIPS P C INTER MEIDC INTERNATION OFFSHORE S A,01 BP 7527 ABIDJAN (VILLE,,,,,Chine,COTE D'IVOIRE,,,9022140000,"9022140000 - -- Appareils à rayons X pour usages médicaux, ch",,8.0,,1060.0,75704.023,,,
2025-06-27,尼加拉瓜,中国,SUNLINE INTERNACIONAL SOCIEDAD ANONIMA,SIEMENS HEALTHINEERS AG,,,,,,CHINA,,,,90221400,EQUIPO DE RAYOS X.,,1.0,UND,1237.0,75494.94,,,
2025-11-10,厄瓜多尔,中国,MENA SALAZAR WILLIAM RODRIGO,BEIJING WANDONG MEDICAL TECHNOLOGY CO LTD,,,,,,CHINA,,,,9022140000,SISTEMA RADIOGRAFICO DIGITAL CON SUS ACCESORIOS,,3.0,U,2820.0,75024.53,,,WANDONG
2025-02-04,孟加拉国,中国,OMNICARE DIAGNOSTIC LIMITED,ANGELL TECHNOLOGY HK CO LTD HONG K,"220/A-220/A, 1/1-220/A, 1/2, Begum",,,,,China,,,,90221400,DIGITAL MEDICAL X-RAY RADIOGRAPHIC SYSTEM W.STD.ACC. M: DM156A,,1.0,NMB,802.0,75000.0,,,
2025-02-04,孟加拉国,中国,OMNICARE DIAGNOSTIC LIMITED,ANGELL TECHNOLOGY HK CO LTD,"220/A-220/A, 1/1-220/A, 1/2, Begum", HONG K,,,,CN,,,,90221400,DIGITAL MEDICAL X-RAY RADIOGRAPHIC SYSTEM W.STD.ACC. M: DM156A,,1.0,,802.0,75000.0,,,
2025-10-23,秘鲁,中国,MEDICA INNOVADORA S A C,,CAL. MONTE ROSA NRO. 255 INT. 703 URB. CHACARILLA DEL ESTANQUE,,,,,"CHINA, PEOPLE'S REPUBLIC OF",,SHANGHAI,,9022140000,"SISTEMA DE RADIOGRAFIA DIGITAL MOVIL, PERLOVE , PLX5200A MOBILE DIGITAL RADIOGRAPHY SISTEM USO DIAGNOSTICO MEDICO DE RADIOGRAFIA DIGITAL SISTEMA DE RADIOGRAFIA DIGITAL MOVIL METAL/SE ADJUNTA PERMISO DE IPEM: DR: 2025693218/NO. 0883-25-IPEN/OTON",,1.0,UNITS,477.0,73196.0,,,
2025-06-13,菲律宾,中国,GENERAL ELECTRIC PHILS INC,GE HUALUN MEDICAL SYSTEMS CO LTD,"27TH FLOOR MENARCO TOWER, 32ND STREET, BONIFACIO, GLOBAL CITY, TAGUIG CITY",,,,,CHINA,,,,90221400000,1 EA Senographe Crystal Nova EVA1.8 Core System (S30432AG),,1.0,,668.24,71885.5,BJSA25044317,,
2025-06-10,阿富汗,中国,AL SAYED AFGHAN LTD,EVERX PTY LTD,"OFFICE # 228, ANSARI SQUARE, SHAHR E NAW KABUL, AFGHANISTAN",UNIT 3 185 BRIENS ROAD NORTHMEAD NSW 2152 AUSTRALIA (B/A PAK AFGHAN CLEARING AGENCY),,,,China                         ,,,,90221400,TOSHIBA APLIO ULTRASOUND WITH 50 PROBES,,20.0,u,14.66,71314.77,S00005100,,
2025-07-30,菲律宾,中国,GE HEALTHCARE PHILIPPINES INC,GE HUA LUN MEDICAL SYSTEMS CO LTD,"27TH FLOOR MENARCO TOWER, 32ND STREET, BONIFACIOGLOBAL CITY, TAGUIG CITY 1634PHILIPPINES",,,,,CHINA,,,,90221400000,1 EA Senographe Crystal Nova EVA1.8 Core System (S30432AG),,1.0,UNKNOWN,654.64,71155.3,YLC06250646,,
2025-08-31,孟加拉国,中国,D G CENTRAL MEDICAL STORES DEPT,ORICH MEDICAL EQUIPMENT TIANJIN C,"30. SHAHID TAJUDDIN AHMED SARANI,",,,,,CN,,,,90221400,DIGITAL X-RAY MACHINE MOD: DF-211H WITH STD.ACC.,,5.0,,3500.0,70065.0,,,
2025-05-05,厄瓜多尔,中国,MEDICA ECUADOR EQUIPOS E INSUMOS MEDICOS MEDECU C A,CHINA ISOTOPE & RADIATION CORPORATION,,,,,,CHINA,,,,9022140000,Mobile Radiography System,,1.0,U,573.0,69995.295,,,SIN MARCA
2025-04-29,菲律宾,中国,IDS MEDICAL SYSTEMS PHILIPPINES INC,UNITED IMAGING HEALTHCARE HONG KONG,"UNIT 1010 BTTC CENTRE 288 ORTIGAS AVE GREENHILLS, SAN JUAN CITY",,,,,CHINA,,,,90221400000,STC 1 UN OF DIGITAL MEDICAL X-RAY IMAGING SYSTEM MODEL: uDR 380i PRO,,1.0,PIECE,372.0,69752.8,SHA09018393,,
2025-09-05,巴基斯坦,中国,SHIRAZI TRADING COMPANY PVT LTD,ATLAS GLOBAL FZE,"114-C, Al-Murtaza Commercial Lane 3 (Zulfiqar & Al-Murtaza Commercial Area), Khayaban-e-Shaheen, Off Khayaban-e-Iqbal, DHA Phase 8, Karachi South Saddar Town","OFFICE 708A, JAFZA BUILDING NO. 18,SHEIKH ZAYED ROAD, P.O BOX NO. 17442 DUBAI, UAE",,,,China,,JEBEL ALI,KAPW,90221400,MEDICAL EQUIPMENT ( C-ARM IMAGE INTENSIFIER WITH ACCESSORIES ) MODEL: OEC ONE  QTY: 2 NOS,,2.0,u,810.0,69552.2542,MFS/KHI/252300,,
2025-01-13,多民族玻利维亚国,中国,DYNAMICA DIAGNÓSTICO S R L,SHENZHEN ANGELL TECHNOLOGY CO,"CONSTITUCION, 834, NORESTE CENTRAL, COCHABAMBA, COCHABAMBA, BOLIVIA, 4663400, alex.encinas@gmail.com",,,,,CHINA,,,COCHABAMBA,9022140000,EQUIPO DE MAMOGRAFIA DIGITAL,,1.0,,453.5,69518.17,,,"SHENZHEN ANGELL TECHNOLOGY CO., LTD.  RADAR"
2025-02-07,哈萨克斯坦,中国,ТОВАРИЩЕСТВО С ОГРАНИЧЕННОЙ ОТВЕТСТВЕННОСТЬЮ MEDSYST МЕДСИСТ,SHENZHEN ANGELL TECHNOLOGY CO LTD,"Г.АЛМАТЫ, АЛМАЛИНСКИЙ РАЙОН УЛ.НАУРЫЗБАЙ БАТЫРА, ЗДАНИЕ 102, КВ.8",ROOM 408 BLOCK A HUAHAN INNOVATION PARK LANGSHAN,,,"SHENZHEN ANGELL TECHNOLOGY CO.,LTD.",China,Kazakhstan,,,9022140000,"ЦИФРОВАЯ МЕДИЦИНСКАЯ РЕНТГЕНОГРАФИЧЕСКАЯ И ФЛЮОРОГРАФИЧЕСКАЯ СИСТЕМА DTP576: 1. ЦИФРОВАЯ МЕДИЦИНСКАЯ РЕНТГЕНОГРАФИЧЕСКАЯ И ФЛЮОРОГРАФИЧЕСКАЯ СИСТЕМА DTP576 2. ВЫСОКОЧАСТОТНЫЙ ГЕНЕРАТ ВЫСОКОГО НАПРЯЖЕНИЯ 6. ДИНАМИЧЕСКИЙ ПЛОСКОПАНЕЛЬНЫ ДЕТЕКТОР 4. УЗЕЛ  РЕНТГЕНОВСКОЙ ТРУБКИ 5. ДИНАМИЧЕСКАЯ ДИСТАНЦИОННЫЙ СТОЛ 9. ПУЛЬТ УПРАВЛЕНИЯ 10. МОБИЛЬНЫЙ ПУЛЬТ ДИСТАНЦИОННОГО УПРАВЛЕНИЯ (ОПЦИЯ) 12. ФИЛЬТРУЮЩАЯ СЕТКА (ОПЦИЯ) 15. КОЛЛИМАТОР 7. СИСТЕМА ОБРАБОТКИ ИЗОБРАЖЕНИ (КОМПЬЮТЕР ГЛАВНОГО УПРАВЛЕНИЯ, МОНИТОР) 1 7. ПРОГРАММНОЕ ОБЕСПЕЧЕНИЕ",,1.0,ШТ,1245.0,69488.63,,,"SHENZHEN ANGELL TECHNOLOGY CO.,LTD."
2025-02-07,乌干达,中国,RADIOTECH CONSULT LTD,XINDRAY MEDICAL INTERNATIONAL CO LTD,,,,,,CHINA,UGANDA,,,90221400000,X-RAY RADIOGRAPHY SYSTEMS,,4.0,Number,3717.0,69366.8001,,,
2025-02-05,乌干达,中国,RADIOTECH CONSULT LTD,XINDRAY MEDICAL INTERNATIONAL CO LTD,,,,,,CHINA,UGANDA,,,90221400000,X-RAY RADIOGRAPHY SYSTEMS,,4.0,Number,3717.0,69366.8001,,,
2025-01-24,乌干达,中国,RADIOTECH CONSULT LTD,XINDRAY MEDICAL INTERNATIONAL CO LTD,,,,,,CHINA,UGANDA,,,90221400000,X-RAY RADIOGRAPHY SYSTEMS,,4.0,Number,3717.0,69366.8001,,,
2025-08-25,哥伦比亚,中国,RAYOS X TECNOLOGIA RADIOLOGICA S A,CHINA MEHECO CORPORATION,CL 30A 81 67 BELEN,"NO.18,GUANGMING ZHONGJIE,DONGCHENG",,,,CHINA,,,,9022140000,"DO I-1151/25 PEDIDO DOM25-7359 // OF-038829 DECLARACION 1 DE 1;0% ARANCEL SEGUN DECRETO 1881 DE 2021 //FACTURA:25M6416Y-1, FECHA:21-07-2025 CANTIDAD: 1 UNIDAD, REFERENCIA: AO20250304-902009, MODELO: ALC-200, MARCA: ANGELL, PRODUCTO: SISTEMA DE RAYOS X - ARCO EN C, CODIGO DEL PRODUCTO: MOBILE C-ARM X-RAY SYSTEM, SERIAL: DX0372503012939, USOO DESTINO: CIRUGIA ORTOPEDICA Y FLUOROSCOPIA, TECNICA DE DIAGNOSTICO: RAYOS X, MOBILE C-ARM X-RAY SYSTEM DIGITAL MEDICAL X-RAY RADIOGRAPHICSYSTEM (MOBILE C-ARM) MODEL: ALC-200 SN.: DX0372503012939 REFERENCE NO.: AO20250304-902009 APPLICATION: ORTHOPEDIC SURGEY AND FLUOROSCOPY. DEMAS ACCESORIOS PARA SU INSTALACION Y PARA SU CORRECTO FUNCIONAMIENTO: 1 ESTABILIZADOR DE VOLTAJE CON NUMERO DE MODELO: AVR-10KVA Y CON CODIGO DEBARRAS 20250527005. 1 CONSOLA DE CONTROL MOVIL CON PART MODEL: AYC-1, CON NUMERO DE SERIAL: DX0372503012939 Y AYC-12503012939 1 PARTE MECUNICA CON PART MODEL ALC-1, CON NUMERO DE SERIAL: ALC-12503012939 Y DX0372503012939 1 GENERADOR DE",,1.0,NUMERO DE ARTICULOS,882.0,69220.02,,,
2025-06-09,厄瓜多尔,中国,SIEMENS HEALTHCARE CIA LTDA,SIEMENS SHANGHAI MEDICAL EQUIPMENT LTD,,,,,,CHINA,,,,9022140000,EQUIPO DE RAYOS X TELECOMANDADO MODELO MULTIX IMPACT,,1.0,PZA,1241.0,68998.48,,,MULTIX
2025-01-03,巴拿马,中国,HORACIO ICAZA Y COMPAIA S A,SIEMENS HEALTHINEERS AG,,,,,,CHINA,,,PANAMA CITY,902214000000,EQUIPO DE RAYOS X (DETECTOR PLANO INHALAMBRICO) DE USO MÉDICO COMPLETO CON SUS PARTES Y ACCESORIOS,,1.0,Unidad,1746.0,68854.73,,,
2025-06-10,乌兹别克斯坦,中国,OOO INTERTEHNOMED,NANJING PERLOVE MEDICAL EQUIPMENT CO LTD,"Toshkent viloyati, Qibray tumani, Salar shaharchasi, Islomobod mahallasi, Fazokorlar ko'chasi, 46-uy","NO.97 WANGXI ROAD JIANGNING DISTRICT, NANJING, 21122, CHINA КИТАЙ",,,,,,,,9022140000,"1. Система рентгеновская диагностическая, модель PLX119C с комплектующими: 1. Интегрированная рама С-дуги. 2. Высокочастотный и высоковольтный генератор рентгеновского излучения и высокочастотный инверторный источник питания. 3. Органичетель луча 4. Импо",,1.0,шт,310.0,67745.0,,,Perlove
2025-03-27,乌兹别克斯坦,中国,ООО INTERTEHNOMED,NANJING PERLOVE MEDICAL EQUIPMENT CO LTD,,,,,,,,,,9022140000,"1) Мобильная цифровая система FPD C-дуги, модель PLX119C с принадлежностями: 1. Интегрированная рама С-дуги. 2. Высокочастотный и высоковольтный генератор рентгеновского излучения и высокочастотный инверторный источник питания. 3. Органичетель луча 4. Им",,1.0,шт,310.0,67745.0,,,
2025-03-05,阿根廷,中国,GE HEALTHCARE ARGENTINA S A,,,,,,,China,,,,90221419000,"LOS DEMAS. LOS DEMAS, PARA USO MEDICO, QUIRURGICO O VETERINARIO. APARATOS DE RAYOS X Y APARATOS QUE UTILICEN RADIACIONES ALFA, BETA GAMMA O DEMAS RADIACIONES IONIZANTES, INCLUSO PARA USO MEDICO, QUIRURGICO, ODONTOLOGICO O VETERINARIO, INCLUIDOS LOS APARATOS DE RADIOGRAFIA O RADIOTERAPIA, TUBOS DE RAYOS X Y DEMAS DISPOSITIVOS GENERADORES DE RAYOS X, GENERADORES DE TENSION, CONSOLAS DE MANDO, PANTALLAS, MESAS, SILLONES Y SOPORTES SIMILARES PARA EXAMEN O TRATAMIENTO. INSTRUMENTOS Y APARATOS DE OPTICA, FOTOGRAFIA O CINEMATOGRAFIA, DE MEDIDA, CONTROL O PRECISION; INSTRUMENTOS Y APARATOS MEDICOQUIRURGICOS; PARTES Y ACCESORIOS DE ESTOS INSTRUMENTOS O APARATOS. OEC ONE",,3.0,Unidades,0.0,67424.91,,,GENERAL ELECTRIC
2025-08-22,阿根廷,中国,INTEMED S A,,,,,,,China,,,,90221419000,"LOS DEMAS. LOS DEMAS, PARA USO MEDICO, QUIRURGICO O VETERINARIO. APARATOS DE RAYOS X Y APARATOS QUE UTILICEN RADIACIONES ALFA, BETA GAMMA O DEMAS RADIACIONES IONIZANTES, INCLUSO PARA USO MEDICO, QUIRURGICO, ODONTOLOGICO O VETERINARIO, INCLUIDOS LOS APARATOS DE RADIOGRAFIA O RADIOTERAPIA, TUBOS DE RAYOS X Y DEMAS DISPOSITIVOS GENERADORES DE RAYOS X, GENERADORES DE TENSION, CONSOLAS DE MANDO, PANTALLAS, MESAS, SILLONES Y SOPORTES SIMILARES PARA EXAMEN O TRATAMIENTO. INSTRUMENTOS Y APARATOS DE OPTICA, FOTOGRAFIA O CINEMATOGRAFIA, DE MEDIDA, CONTROL O PRECISION; INSTRUMENTOS Y APARATOS MEDICOQUIRURGICOS; PARTES Y ACCESORIOS DE ESTOS INSTRUMENTOS O APARATOS. CIOS SELECT 51673/74",,2.0,Unidades,1342.0,67373.66,,,SIEMENS
2025-01-16,秘鲁,中国,MEDICA INNOVADORA S A C,,,,,,,CHINA,,Shanghai,,9022140000,"SISTEMA DE RADIOGRAFIA DIGITAL MOVIL, PERLOVE, PLX5200A",,1.0,UNIDAD,1078.33,66921.44,,,
2025-04-15,阿根廷,中国,GE HEALTHCARE ARGENTINA S A,,,,,,,China,,,,90221419000,"LOS DEMAS. LOS DEMAS, PARA USO MEDICO, QUIRURGICO O VETERINARIO. APARATOS DE RAYOS X Y APARATOS QUE UTILICEN RADIACIONES ALFA, BETA GAMMA O DEMAS RADIACIONES IONIZANTES, INCLUSO PARA USO MEDICO, QUIRURGICO, ODONTOLOGICO O VETERINARIO, INCLUIDOS LOS APARATOS DE RADIOGRAFIA O RADIOTERAPIA, TUBOS DE RAYOS X Y DEMAS DISPOSITIVOS GENERADORES DE RAYOS X, GENERADORES DE TENSION, CONSOLAS DE MANDO, PANTALLAS, MESAS, SILLONES Y SOPORTES SIMILARES PARA EXAMEN O TRATAMIENTO. INSTRUMENTOS Y APARATOS DE OPTICA, FOTOGRAFIA O CINEMATOGRAFIA, DE MEDIDA, CONTROL O PRECISION; INSTRUMENTOS Y APARATOS MEDICOQUIRURGICOS; PARTES Y ACCESORIOS DE ESTOS INSTRUMENTOS O APARATOS. OEC ONE",,3.0,Unidades,0.0,66790.74,,,GENERAL ELECTRIC
2025-08-05,印度,中国,SUPERHEALTH HOSPITALS PRIVATE LIMITED,UNITED IMAGING HEALTHCARE HONG KONG LIMITED,N/A N/A,9B CHEONG TAI COMMERCIAL  BUILDING 66 WING LOK STREET SHEUNG WAN SDNF HONG KONG,,,,China (CN),,Shanghai,,90221490,X-RAY IMAGING SYSTEM MODEL:uDR 566i-B SERIAL NO:294189 X-RAY IMAGING SYSTEM MODEL:uDR 566i-B SERIAL NO:294189,,1.0,NOS,0.0,66697.18,,,
2025-02-07,哥伦比亚,中国,PROMED COLOMBIA S A S,NANJING PERLOVE MEDICAL EQUIPMENT CO LTD,CL 42 19 91 BR CENTRO,"NO 168 KAIYUAN ROAD, JIANGNING DIST",,,,CHINA,,,,9022140000,"DO 3I240800 PEDIDO TRAMITE: IMP-214 DECLARACION(1-2) MERCANCIA NUEVA // NOS ACOGEMOS AL DECRETO 272 DEL 2018, GRAVAMEN 0",,2.0,NUMERO DE ARTICULOS,727.0,66561.17,,,
2025-09-15,乌兹别克斯坦,中国,ООО SHENZHEN BROWINER DISTRIBUTOR,SHENZHEN BROWINER TECH CO LTD,"Харезмская обл, Янгиарикский район, ул. Амударя, 100/10","Room 501, Building C, Ganghongji High-Tech Intelligent Industrial Park, No.1008, Songbai Road, Yangg",,,,,,,,9022140000,"1. Медицинское Оборудование: Система рентгенографическая цифровая модель Beatle-06P1  с принадлежностями, 5 комплект. новая 2025 г вып, завод Производитель:  Shenzhen Browiner Tech Co., Ltd / Китай.-Вес 355 кг.  Кол. 5 шт 
2. Всего мест-15. 15 дерев. ящи",,5.0,шт,355.0,66500.0,,,Browiner
2025-09-30,肯尼亚,中国,MEDIGLOBE SOLUTIONS LIMITED,TRIUP INTERNATIONAL CORP,,,,,,China,Kenya,,,90221400,"H; TRIUP; X-RAY MACHINE WITH ACCESSORIES WITH CANON X-RAY TUBE, IRAY DR, 220V; MEDICAL INSTITUTIONS; TRIUP INTERNATIONAL CORP.; MODEL:TR50H-DR; 10; 3; TR25721; MODEL:TR50H-DR; 2000; 1;",,3.0,UNT,0.0,66250.05,,,
2025-01-08,乌兹别克斯坦,中国,ООО FORTEK,DRTECH CORPORATION КОРЕЯ,,,,,,0,,,,9022140000,"1) Система рентгеновская мобильная флюроскопическая С-дуга модели EXTRON 5, с принадлежностями / Mobile Fluoroscopic X-ray system model EXTRON 5 /в компл./Новый,2024г.в./Сер№T5KG10724/ Пр-ль.:""DRTECH Corporation"", Южная Корея/: вес: 655,5 кг, кол. 1 шт;
2) Вид и количество упаковки:2 дерев.ящики;
8) Код инвестпрограммы:000;
9) Код технологического оборудования:024;
10) Год изготовления и технические параметры:2024/это высокопроизводительная хирургическая рентгеновская система типа C-дуга с ведущ G31MARKA марка DRTECH YEAR10 год производ 2024 PARAM10 Характеристика товара это высокопроизводительная хирургическая рентгеновская система типа C-дуга с ведущей в отрасли технологией низкой дозы, снижающей ненужную радиационную нагрузку на врачей, операторов и пациентов.",,1.0,Piece,655.5,65709.0,,,
2025-05-15,美国,中国,TOLL GLOBAL FORWARDING HK LTD,,14/F TOWER 1 EVER GAIN PLAZA 88 CO N T HONG KONG 852-2798-1909 TERRY SHEK@TOLLGROUP ,N/A,N/A,N/A,,"CN, CHINA",,CAUCEDO,SAN JUAN,902214,PLASTIC COMPONENTS FOR MEDICAL USES,NO MARKS,13.0,PKG,3270.91,64899.0,MAEU253378389,MRSU5745522,
2025-01-22,孟加拉国,中国,D G CENTRAL MEDICAL STORES DEPT,ORICH MEDICAL EQUIPMENT TIANJIN C,"30. SHAHID TAJUDDIN AHMED SARANI,",,,,,China,,,,90221400,DIGITAL X-RAY MACH. W.STD.ACC. M: DF211H,,3.0,NMB,2100.0,64051.89,,,
2025-01-22,孟加拉国,中国,D G CENTRAL MEDICAL STORES DEPT,ORICH MEDICAL EQUIPMENT TIANJIN C,"30. SHAHID TAJUDDIN AHMED SARANI,",,,,,CN,,,,90221400,DIGITAL X-RAY MACH. W.STD.ACC. M: DF211H,,3.0,,2100.0,64051.89,,,
2025-10-20,孟加拉国,中国,MEDITEL PVT LTD,SUZHOU SHOIMAGE MEDICAL EQUIPMENT C,"21, Hazaribag,Dhaka-1209.;",,,,,CN,,,,90221400,"FLOOR MOUNTED DIGITAL RADIO, X-RAY SYSTEM W.STD. ACC. MDL: SHO-DDX05",,8.0,,5360.0,63580.0,,,
2025-01-15,乌兹别克斯坦,中国,BOLALAR ONKOLOGIYASI GEMATOLOGIYASI VA IMMUNOLOGIYASI ILMIY AMALIY TIBBIYOT MARKAZI DM,NANJING PERLOVE MEDICAL EQUIPMENT CO LTD,,,,,,0,,,,9022140000,"1. НОВЫЕ МЕДИЦИНСКИЕ РЕНТГЕНОВСКИЕ АППАРАТЫ, 2024 ГОДА ВЫПУСКА, РАНЕЕ НЕ ИСПОЛЬЗОВАННОЕ: Мобильная цифровая рентгеновская система C-дуга, PLX118F с принадлежностям/ Intraoperative X-ray machine based on C-ARM/Model: PLX118F/(Интраоперационный рентген аппарат на базе C-ДУГИ), Изг: NANJING PERLOVE MEDICAL EQUIPMENT Co., LTD КИТАЙ. - кол. 1 шт, вес: 388 кг
2. мест 1, 1 упаковок
8. 000
9. 024
10. 2024/2024
11. 02
Общее кол. мест: 1 G31MARKA марка БЕЗ БРЕНДА YEAR10 год производ 2024 PARAM10 Характеристика товара 2024",,1.0,Piece,388.0,63500.0,,,
2025-08-05,印度,中国,SIEMENS HEALTHCARE PRIVATE LIMITED,SIEMENS HEALTHINEERS AG,"130, PANDURANG BUDHKAR MARG,  N/A",SIEMENSSTR. 3 91301 FORCHHEIM SDNF DE,,,,China (CN),,Shanghai,,90221490,(IMAGE INTENSIFIER SIEMENS CIOS SELECT VA21 FD SYSTEM COMPLETE WITH ACCESSR.(AS PER INV.)CIOS SELECT(IMAGE INTENSIFIER SIEMENS CIOS SELECT VA21 FD SYSTEM COMPLE,,1.0,SET,0.0,63020.23,,,
2025-08-19,乌兹别克斯坦,中国,ООО SHENZHEN BROWINER DISTRIBUTOR,SHENZHEN BROWINER TECH CO LTD,"Харезмская обл, Янгиарикский район, ул. Амударя, 100/10","Room 501, Building C, Ganghongji High-Tech Intelligent Industrial Park, No.1008, Songbai Road, Yangg",,,,,,,,9022140000,"1. Медицинское Оборудование: Система рентгенографическая цифровая модель Beatle-06P1  с принадлежностями, 5 комплект. новая 2025 г вып, завод Производитель:  Shenzhen Browiner Tech Co., Ltd / Китай.-Вес 515 кг.  Кол. 5 шт 
2. Всего мест-20. 20 дерев. ящи",,5.0,шт,515.0,62500.0,,,Browiner
2025-08-28,乌兹别克斯坦,中国,ООО SHENZHEN BROWINER DISTRIBUTOR,SHENZHEN BROWINER TECH CO LTD,"Харезмская обл, Янгиарикский район, ул. Амударя, 100/10","Room 501, Building C, Ganghongji High-Tech Intelligent Industrial Park, No.1008, Songbai Road, Yangg",,,,,,,,9022140000,"1. Медицинское Оборудование: Система рентгенографическая цифровая модель Beatle-06P1  с принадлежностями, 5 комплект. новая 2025 г вып, завод Производитель:  Shenzhen Browiner Tech Co., Ltd / Китай.-Вес 515 кг.  Кол. 5 шт 
2. Всего мест-20. 20 дерев. ящи",,5.0,шт,515.0,62500.0,,,Browiner
2025-06-25,乌克兰,中国,ТОВ ЕКНА УКРАЇНА,SHENZHEN LANMAGE MEDICAL TECHNOLOGY CO LTD,02141 МІСТО КИЇВ ВУЛ ЛАРИСИ РУДЕНКО 6А, 1ST FLOOR BUILDING B JINGCHENGDA INDUSTRIAL PARK NO 4 KEJI ROAD,,,,КИТАЙ,,,,9022140000,"АПАРАТУРА, ЩО ВИКОРИСТОВУЄ РЕНТГЕНІВСЬКЕ, АЛЬФА-, БЕТА- АБО ГАММА-ВИПРОМІНЮВАННЯ, ПРИЗНАЧЕНА АБО НЕ ПРИЗНАЧЕНА ДЛЯ МЕДИЧНОГО, ХІРУРГІЧНОГО, СТОМАТОЛОГІЧНОГО АБО ВЕТЕРИНАРНОГО ВИКОРИСТАННЯ, ВКЛЮЧАЮЧИ РЕНТГЕНОГРАФІЧНУ ТА РАДІОТЕРАПЕВТИЧНУ АПАРАТУРУ, РЕНТГЕНІВСЬКІ ТРУБКИ ТА ІНШІ ГЕНЕРАТОРИ РЕНТГЕНІВСЬКИХ ПРОМЕНІВ, ГЕНЕРАТОРИ ВИСОКОЇ НАПРУГИ, ЩИТИ ТА ПУЛЬТИ КЕРУВАННЯ, ЕКРАНИ, СТОЛИ, КРІСЛА ТА ПОДІБНІ ВИРОБИ ДЛЯ ОБСТЕЖЕННЯ АБО ЛІКУВАННЯ: - АПАРАТУРА, ЩО ВИКОРИСТОВУЄ РЕНТГЕНІВСЬКЕ ВИПРОМІНЮВАННЯ, ПРИЗНАЧЕНА АБО НЕ ПРИЗНАЧЕНА ДЛЯ МЕДИЧНОГО, ХІРУРГІЧНОГО, СТОМАТОЛОГІЧНОГО АБО ВЕТЕРИНАРНОГО ВИКОРИСТАННЯ, ВКЛЮЧАЮЧИ РЕНТГЕНОГРАФІЧНУ АБО РАДІОТЕРАПЕВТИЧНУ АПАРАТУРУ: - - ІНША ДЛЯ МЕДИЧНОГО, ХІРУРГІЧНОГО АБО ВЕТЕРИНАРНОГО ВИКОРИСТАННЯ",,1640.0,КГ,1640.0,62000.0,,,
2025-04-03,菲律宾,中国,SIEMENS HEALTHCARE INC,SIEMENS SHANGHAI MEDICAL EQUIPMENT,"10/F M1 TOWER 141 H.V. DELA COSTA ST. SALCEDO VILLAGE BRGY. BEL-AIR, MAKATI CITY",,,,,CHINA,,,,90221400000,1 PCE: 14455058 CIOS SELECT VA21 (FD SYSTEM),,1.0,,415.0,61816.4,SHAH33059,,
2025-05-06,乌兹别克斯坦,中国,ООО EDANMEDSERVIS,NANJING PERLOVE MEDICAL EQUIPMENT CO LTD,,,,,,,,,,9022140000,"1. Медицинская диагностическая рентгеновская система PLD6000 с принадлежностями - кол. 1 шт, вес: 1298 кг
2. мест 4, 4 дерев.ящик
8. 000
9. 000
10. 2024/Новый
11. 02
Общее кол. мест: 4",,1.0,шт,1298.0,61100.0,,,
2025-01-25,乌兹别克斯坦,中国,ООО EDANMEDSERVIS,NANJING PERLOVE MEDICAL EQUIPMENT CO LTD,,,,,,0,,,,9022140000,"1. Медицинская диагностическая рентгеновская система PLD6000 с принадлежностями - кол. 1 шт, вес: 1298 кг
2. мест 4, 4 дерев.ящик
8. 000
9. 000
10. 2024/Новый
11. 02
Общее кол. мест: 4 G31MARKA марка PERLOVE MEDICAL YEAR10 год производ 2024 PARAM10 Характеристика товара Новый",,1.0,Piece,1298.0,61100.0,,,
2025-06-27,厄瓜多尔,中国,FIBA MEDICAL CIA LTDA,RAYCO SHANGHAI MEDICAL PRODUCTS,,,,,,CHINA,,,,9022140000,X  RAY COMPASS SYSTEM DIGITAL DILEVERY 277399140,,1.0,U,800.0,60934.63,,,CARESTREAM
2025-05-21,厄瓜多尔,中国,SIEMENS HEALTHCARE CIA LTDA,SIEMENS SHANGHAI MEDICAL EQUIPMENT LTD,,,,,,CHINA,,,,9022140000,EQUIPO DE RAYOS X TELECOMANDADO,,1.0,PZA,1342.0,60489.16,,,SIEMENS
2025-02-03,哥伦比亚,中国,NEUSOFT MEDICAL COLOMBIA SAS,NEUSOFT MEDICAL SYSTEMS CO LTD,AV 15 NO. 100 69,"NO. 177 CHUANGXIN ROAD, HUNNAN DIST",,,,CHINA,,,,9022140000,DO DLICTG2400081-001 DECLARACION(1-1) MERCANCIA NUEVA // VOBO INVIMA NO.:VINVIMA-25-0007647 DE FECHA: 2025-01-20 // VSIC,,1.0,NUMERO DE ARTICULOS,428.8,60364.65,,,
2025-07-24,乌兹别克斯坦,中国,ООО PROTEK MED,GUANGZHOU DINGHONG TRADING CO LTD,"Республика Узбекистан, Наманганская обл., г. Наманган Орзу  МФЙ, ул. Ижодкор. 11 дом.","ROOM 320, NO. 1, JIANGXIA NORTH MIDDLE ROAD, BAIYUN DISTRICT, GUANGZHOU, CHINA",,,,,,,,9022140000,"1. Аппарат высококачественный мобильный рентгеновский типа С-Дуга модель CompaX 500C серия  кол-во 2 шт 4 места разборным виде с комплектующими частями для дальнейшей сборки, для медицинского учреждения рентгенографичеcкая система мобильная. Рентгеновска",,2.0,шт,1106.0,60000.0,,,Browiner
2025-07-18,秘鲁,中国,INTERNATIONAL DIAGNOSTIC IMAGING SAC,,AV. JOSE GALVEZ BARRENECHEA NRO. 1091,,,,,"CHINA, PEOPLE'S REPUBLIC OF",,HANG ZHOU,,9022140000,"DETECTOR DE RAYOS X DE PANEL PLANO INDIR, IRAY TECHNOLOGY, MARS1717V-VSI DETECTOR DE RAYOS X DE PANEL PLANO INDIRECTO USO MEDICO SERIES:FV36Z011H430250050X,FV36Z011H430250009X,FV36Z011H430250017XFV36Z011H4302500,33XFV36 SERIE:FV36Z011H430250027X,FV36Z011H430250012X,FV36Z011H430250048X,FV36Z011H430250038X,FV36",,11.0,UNITS,86.42,60000.0,,,
2025-09-17,秘鲁,中国,INTERNATIONAL DIAGNOSTIC IMAGING SAC,SHENZHEN SANTU MERICAL IMAGING EQUIPMENT CO LTD,AV. JOSE GALVEZ BARRENECHEA NRO. 1091,,,,,"CHINA, PEOPLE'S REPUBLIC OF",,JIXIAN,,9022140000,"DETECTOR DE RAYOS X DE PANEL PLANO INDIR, IRAY TECHNOLOGY, MARS1717V-VSI MARS1717V-VSI USO MEDICO DETECTOR DE RAYOS X DE PANEL PLANO INDIRECTO UNIAD",,1.0,UNITS,100.0,60000.0,,,
2025-05-09,哥伦比亚,中国,MARQUETINGNET S A S,SHENZHEN SONTU MEDICAL IMAGING EQUIPMENT CO LTD,KM 3 5 AUTO MEDELIN TER CARGA MOD 5 BOD 52,EDIF 1 PARQUE INDL N 14 C,,,,CHINA,,,,9022140000,"DO 25320401. DECLARACION 1-1 . MERCANCIA NUEVA NO APLICA REGLAMENTO T CNICO POR SU USO NO REQUIERE VISTO BUENO INVIMA PORQUE NO SON DISPOSITIVOS M DICOS DE USO HUMANO NI APARATOLOG A DE USO EN EST TICA NO REQUIERE REGISTRO O LICENCIA DE IMPORTACI NDE CONFORMIDAD CON EL DECRETO 925 DEL 2013. PRODUCTO: EQUIPO DE RAYOS X PORTATIL. MARCA: SONTU MEDICAL IMAGING. MODELO: TUTOM50-4343W-C. REFERENCIA: TUTOM50-4343W-C. SERIAL: WC117175302503030236 WC1I7175302503030237 WC117175302503030238 WC117175302503170242 WC117I75302503170243 WC117175302503170244. USO O DESTINO: VETERINARIO. TECNICA DE DIAGNOSTICO: RAYOS X. VETERINARY WIRELESS DIGITAL DETECTOR DETECTOR, CON SUS ACCESORIOS PARA SU NORMAL FUNCIONAMIENTO E INSTALACION CON BASE INALAMBRICA, MANUAL DE INSTRUCCION CON USB DE INFORMACION, CABLES DE CONEXION A PUERTOS, CABLES DE PARED, CONECTORES HEMBRA Y MACHO CANT 6 UNIDADES PRODUCTO: EQUIPO DIGITAL DE IMAGEN ULTRASONIDO VETERINARIO. MARCA: SONTU MEDICAL IMAGING. MODELO: TUTOM50E-8A. REFERENCIA:",,12.0,NUMERO DE ARTICULOS,186.0,59487.5,,,
2025-09-26,厄瓜多尔,中国,SIEMENSHEALTHCARE CIA LTDA,SIEMENS SHANGHAI MEDICAL EQUIPMENT LTD,,,,,,CHINA,,,,9022140000,EQUIPO TIPO ARCO EN C MODELO CIOS SELECT CON TODAS SUS PARTES Y ACCESORIOS PARA SU CORRECTO FUNCIONA,,1.0,PZA,415.0,58691.33,,,SIEMENS
2025-09-17,哈萨克斯坦,中国,ТОО DDN GROUP,NANJING PERLOVE MEDICAL EQUIPMENT CO LTD,"КАЗАХСТАН, Г.АЛМАТЫ, МИКРОРАЙОН САМАЛ-1, 10","КИТАЙ, NANJING 2111 22, № 97, WANGXI ROAD, JIANGNING DISTRICT",,,"NANJING PERLOVE MEDICAL EQUIPMENT CO., LTD;
",China,Kazakhstan,,,9022140000,"1. ВЫСОКОЧАСТОТНАЯ ЦИФРОВАЯ РЕНТГЕНОГРАФИЧЕСКАЯ И РЕНТГЕНОСКОПИЧЕСКАЯ СИСТЕМА PLD9600A,    ВЫСОКОЧАСТОТНАЯ ЦИФРОВАЯ РЕНТГЕНОГРАФИЧЕСКАЯ И РЕНТГЕНОСКОПИЧЕСКАЯ СИСТЕМА PLD9600A; ПРОИЗВОДИТЕЛЬ: NANJING PERLOVE MEDICAL EQUIPMENT CO., LTD; ТОВАРНЫЙ ЗНАК: PERLOVE MEDICAL; МАРКА ТОВАРА: PERLOVE MEDICAL; , КОЛИЧЕСТВО: 1.00 ШТ;",,1.0,ШТ,1476.0,58401.58,,,"PERLOVE MEDICAL;
"
2025-09-29,孟加拉国,中国,ABC MEDICAL SYSTEM,TRIUP INTERNATIONAL CORP,"28,KAZI NAZRUL ISLAM AVENUE, LEVEL",CHINA,,,,CN,,,,90221400,"MEDICAL EQUIPMENT X-RAY UNIT, MODEL: TR300A",,10.0,,5500.0,58000.0,,,
2025-05-16,菲律宾,中国,SIEMENS HEALTHCARE INC,SIEMENS SHANGHAI MEDICAL EQUIPMENT,10/F M1 TOWER 141 H.V. DELA COSTA ST. SALCEDO VILLAGE BRGY. BEL-AIRMAKATI CITY 1227PHILIPPINES,,,,,CHINA,,,,90221400000,1 PCE: 14455058 CIOS SELECT VA21 FD SYSTEM,,1.0,UNKNOWN,415.0,57974.0,SHAH55965,,
2025-11-18,巴拿马,中国,HORACIO ICAZA Y COMPAIA S A,SIEMENS SHANGHAI MEDICAL EQUIPMENT LTD,,,,,,CHINA,,,PUERTO MANZANILLO COLON,902214000000,APARATO DE RAYOS X (SISTEMA AVANZADO DE RADIOGRAFÍA DE SUELO CON INTELIGENCIA INTEGRADA COMPLETO CON SUS PARTES Y ACCESORIOS),,1.0,PIECES,1159.0,57770.76,,,
2025-05-08,多民族玻利维亚国,中国,RODRIGO JAVIER RIVERA ZAPATA,NANJING PERLOVE MEDICAL EQUIPMENT CO LTD,"BIODOM CONSULTING TECHNOLOGY-FRANCISCO  VIEDMA, 1176, CALA CALA, COCHABAMBA, COCHABAMBA, BOLIVIA, 4243627,",,,,,CHINA,,,LA PAZ,9022140000,MEDICAL DIAGNOSTIC X-RAY EQUIPMENT,,1.0,,1177.0,57431.78,,,PERLOVE MEDICAL  WELLPLUS
2025-02-28,哥伦比亚,中国,L A S ELECTROMEDICINA SAS,MR GLOBAL HK LTD,CL 26 96 J 66 LC 23 Y 24,FLAT/RM 1115-6 BLOCK 1 11/F CENTURY,,,,CHINA,,,,9022140000,DO 2025-00595-2 PEDIDO 30849 DECLARACION 1 DE 1 VISTO BUENO SUPERINTENDENCIA NO VSIC-2503204 CON FECHA: 2025-01-20. VIS,,2.0,NUMERO DE ARTICULOS,1454.0,57369.68,,,
2025-06-23,菲律宾,中国,SIEMENS HEALTHCARE INC,SIEMENS SHANGHAI MEDICAL EQUI LTD,"10/F M1 TOWER 141 H.V. DELA COSTA ST. SALCEDO VILLAGE BRGY. BEL-AIR, MAKATI CITY",,,,,CHINA,,,,90221400000,1 PCE: CIOS SELECT VA21 FD (X-RAY MACHINE SYSTEM),,1.0,,415.0,56851.4,SHAH63110,,
2025-11-17,厄瓜多尔,中国,ORIMEC ORIENTAL MEDICAL DEL ECUADOR C A,GE PRECISION HEALTHCARE LLC,,,,,,CHINA,,,,9022140000,OEC ONE,,1.0,U,398.4,56762.0,,,GE HEALTHCARE
2025-08-25,阿根廷,中国,GEMED S R L,,,,,,,China,,OTROS,,90221411000,"PARA MAMOGRAFIA. LOS DEMAS, PARA USO MEDICO, QUIRURGICO O VETERINARIO. APARATOS DE RAYOS X Y APARATOS QUE UTILICEN RADIACIONES ALFA, BETA GAMMA O DEMAS RADIACIONES IONIZANTES, INCLUSO PARA USO MEDICO, QUIRURGICO, ODONTOLOGICO O VETERINARIO, INCLUIDOS LOS APARATOS DE RADIOGRAFIA O RADIOTERAPIA, TUBOS DE RAYOS X Y DEMAS DISPOSITIVOS GENERADORES DE RAYOS X, GENERADORES DE TENSION, CONSOLAS DE MANDO, PANTALLAS, MESAS, SILLONES Y SOPORTES SIMILARES PARA EXAMEN O TRATAMIENTO. INSTRUMENTOS Y APARATOS DE OPTICA, FOTOGRAFIA O CINEMATOGRAFIA, DE MEDIDA, CONTROL O PRECISION; INSTRUMENTOS Y APARATOS MEDICOQUIRURGICOS; PARTES Y ACCESORIOS DE ESTOS INSTRUMENTOS O APARATOS. NAVIGATOR DR CARE",,1.0,Unidades,635.0,56705.0,,,SINO MEDICAL DEVICE
2025-02-05,俄罗斯,中国,SHTEIMAN KRAFT OOO,SHENZHEN SONTU MEDICAL IMAGING EQUIPMENT CO LTD,"129226, , Г. МОСКВА, УЛ. ДОКУКИНА, Д.8, СТР. 2, ПОМ.3.1, ЭТ.6,","518122, SHENZHEN, PINGSHAN NEW DISTRICT, JINHUI ROAD, SHENZHEN BIOMEDICINE I, 10",,,"SHENZHEN SONTU MEDICAL IMAGING EQUIPMENT CO., LTD",China (CN),Russia,,,9022140000,"X-RAY EQUIPMENT FOR VETERINARY USE WITH ACCESSORIES, NO RADIOACTIVE SOURCES, SUPPLIED PARTIALLY DISASSEMBLED FOR EASY TRANSPORTATION:",,10.0,PC,103.0,56352.22,,,ШTEIMAN
2025-06-19,孟加拉国,中国,PHULHAR AND COMPANY,TRIUP INTERNATIONAL CORP,"33, Topkhana Road, Meherba Plaza",CHINA,,,,CN,,,,90221400,X-RAY UNIT MODEL:TR300A,,10.0,,5500.0,56000.0,,,
2025-01-06,菲律宾,中国,SIEMENS HEALTHCARE INC,SIEMENS SHANGHAI MEDICAL EQUIPMENT,"10/F M1 TOWER 141 H.V. DELA COSTA ST. SALCEDO VILLAGE BRGY. BEL-AIR, MAKATI CITY",,,,,CHINA,,,,90221400000,1 PCE: 14455058 CIOS SELECT VA21 FD SYSTEM,,1.0,,415.0,55371.3,SHAH16076,,
2025-09-16,乌拉圭,中国,TERA INGENIEROS S R L,,,,,,,Republica Popular de China,,,,9022141300,"PARA DENSITOMETRIA OSEA, COMPUTARIZADO. DE DIAGNOSTICO. LOS DEMAS, PARA USO MEDICO, QUIRURGICO O VETERINARIO. APARATOS DE RAYOS X Y APARATOS QUE UTILICEN RADIACIONES ALFA, BETA GAMMA O DEMAS RADIACIONES IONIZANTES, INCLUSO PARA USO MEDICO, QUIRUR",,1.0,Unidad (C/U),680.39,55287.25,,,
2025-02-05,俄罗斯,中国,SHTEIMAN KRAFT OOO,SHENZHEN SONTU MEDICAL IMAGING EQUIPMENT CO LTD,"129226, , Г. МОСКВА, УЛ. ДОКУКИНА, Д.8, СТР. 2, ПОМ.3.1, ЭТ.6,","518122, SHENZHEN, PINGSHAN NEW DISTRICT, JINHUI ROAD, SHENZHEN BIOMEDICINE I, 10",,,"SHENZHEN SONTU MEDICAL IMAGING EQUIPMENT CO., LTD",China (CN),Russia,,,9022140000,"X-RAY EQUIPMENT FOR MEDICAL USE, NO RADIOACTIVE SOURCES, SUPPLIED PARTIALLY DISASSEMBLED FOR CONVENIENCE OF TRANSPORTATION, CODE OKPD2-26.60.11.113:",,1.0,PC,1075.0,55218.28,,,SONTU
2025-06-09,菲律宾,中国,SIEMENS HEALTHCARE INC,SIEMENS SHANGHAI MEDICAL EQUIPMENT,"10/F M1 TOWER 141 H.V. DELA COSTA ST. SALCEDO VILLAGE BRGY. BEL-AIR, MAKATI CITY",,,,,GERMANY,,,,90221400000,1 PCE: CIOS SELECT VA21 FD (X-RAY SYSTEM),,1.0,,415.0,55087.0,SHAH61539,,
2025-06-27,乌兹别克斯坦,中国,OOO EQUIMED,BEIJING WANDONG MEDICAL TECHNOLOGY CO LTD,"Чилонзарский р-н, ул Чилонзор 83","ADD; Building 3, No 9 jiuxiangiaodong Road,",,,,,,,,9022140000,"1. Medical X-ray Radiography Unit model; New Oriental 1000 NA /Система прямая цифровая радиологическая New Oriental 1000 NA с принадлежностями; Кол-во; 1 шт,  Производитель: Beijing Wandong Medical Technology Co., Ltd  (Китай) - кол. 1 шт, вес: 1150 кг
2",,1.0,шт,1150.0,55000.0,,,1000 NA
2025-04-09,哈萨克斯坦,中国,ТОО НҰР ОРТОХИРУРГИЯЛЫҚ МЕДИЦИНАЛЫҚ ОРТАЛЫҒЫ,SHENZHEN BROWINER TECH CO LTD,"КАЗАХСТАН, Г. ТАЛДЫКОРГАН, ЕСКЕЛДИ БИ, 36  ","КИТАЙ, ROOM 501, BUILDING C, SONGBAI ROAD,, YANGGUANG COMMUNITY, XILI STREET, NANSHAN DISTRICT  ",,,"SHENZHEN BROWINER TECH CO., LTD,;
",China,Kazakhstan,,,9022140000,"1. МОБИЛЬНАЯ ЦИФРОВАЯ РЕНТГЕНОВСКАЯ СИСТЕМА C-ARM X-RAY COMPAX С С-ДУГОЙ В ВАРИАНТАХ ИСПОЛНЕНИЯХ:  COMPAX 500 В,,    КОМПЛЕКТЕ С ПРИНАДЛЕЖНОСТЯМИ; ПРОИЗВОДИТЕЛЬ: SHENZHEN BROWINER TECH CO., LTD,; ТОВАРНЫЙ ЗНАК: НЕ УКАЗАН; МАРКА ТОВАРА: XSDD001800; , КОЛИЧЕСТВО: 1.00 ШТ;",,1.0,ШТ,475.0,55000.0,,,"XSDD001800;
"
2025-09-17,乌兹别克斯坦,中国,OOO EQUIMED,BEIJING WANDONG MEDICAL TECHNOLOGY CO LTD,"Чилонзарский р-н, ул Чилонзор 83","ADD; Building 3, No 9 jiuxiangiaodong Road,",,,,,,,,9022140000,"1. Medical X-ray Radiography Unit model; New Oriental 1000 NA /Система прямая цифровая радиологическая New Oriental 1000 NA с принадлежностями; Кол-во; 1 шт,  Производитель: Beijing Wandong Medical Technology Co., Ltd - кол. 1 шт, вес: 1150 кг
2. мест 1,",,1.0,шт,1150.0,55000.0,,,1000 NA
2025-06-13,哈萨克斯坦,中国,ТОО RENOVA ENGINEERING,BEIJING WANDONG MEDICAL TECHNOLOGY CO LTD,"КАЗАХСТАН, Г.АЛМАТЫ,МЕДЕУСКИЙ РАЙОН, ЖАНГЕЛЬДИНА, Д. 31","КИТАЙ, BEIJING 100015, BUILDING 3, № 9 JIUNXIANQIAODONG ROAD CHAOYANG DIS",,,"BEIJING WANDONG MEDICAL TECHNOLOGY CO., LTD.,;
",China,Kazakhstan,,,9022140000,"1. МЕДИЦИНСКАЯ РЕНТГЕНОГРАФИЧЕСКАЯ СИСТЕМА NEWORIENTAL 1000 ND,    МЕДИЦИНСКАЯ РЕНТГЕНОГРАФИЧЕСКАЯ СИСТЕМА NEWORIENTAL 1000 ND; ПРОИЗВОДИТЕЛЬ: BEIJING WANDONG MEDICAL TECHNOLOGY CO., LTD.,; ТОВАРНЫЙ ЗНАК: BEIJING; МАРКА ТОВАРА: BEIJING; , КОЛИЧЕСТВО: 1.00 ШТ;",,1.0,ШТ,1056.0,55000.0,,,"BEIJING;
"
2025-07-29,厄瓜多尔,中国,FIBA MEDICAL CIA LTDA,RAYCO SHANGHAI MEDICAL PRODUCTS,,,,,,CHINA,,,,9022140000,DRX RAY DIGITAL COMPASS,,1.0,U,1595.6,54124.2,,,SIN MARCA
2025-10-22,孟加拉国,中国,MEDITRUST SOLUTION,MR GLOBAL HK LIMITED,"Ka-93/4/B, Kuratoly; Khilkhet PS;", ADDRESS: FLA,,,,CN,,,,90221400,DIGITAL RADIOGRAPHY SYSTEM WITH STD.ACC. M: DIGIEYE 330,,3.0,,1959.6,53958.0,,,
2025-01-06,菲律宾,中国,SIEMENS HEALTHCARE INC,SIEMENS SHANGHAI MEDICAL EQUIPMENT,"10/F M1 TOWER 141 H.V. DELA COSTA ST. SALCEDO VILLAGE BRGY. BEL-AIR, MAKATI CITY",,,,,CHINA,,,,90221400000,1 PCE: 14455058 CIOS SELECT VA21 FD SYSTEM,,1.0,,415.0,53927.5,SHAH16076,,
2025-02-14,俄罗斯,中国,IST MEDIKAL GRUPP OOO,KUANTENG LIAONING MEDICAL DEVICES CO LTD,"124482, МОСКВА, ЗЕЛЕНОГРАД, САВЕЛКИНСКИЙ ПРОЕЗД, Д. 4, ЭТ.22, ПОМ. ХХХ",", LIAONING, BENXI, NO.9 YAODU STREET, BENXI ECONOMIC DEVELOPMENT AREA, .,..",,,"LIAONING KAMPO MEDICAL SYSTEM CO.,LTD",China (CN),Russia,,,9022140000,X-RAY BASED EQUIPMENT INTENDED FOR VETERINARY USE: ZOOMED VX-400 VETERINARY X-RAY MACHINE IS DESIGNED FOR DIAGNOSTICS OF THE STATE OF INTERNAL ORGANS AND SYSTEMS IN AN ANIMAL UNDER CONDITIONS,,3.0,PC,1110.0,53684.84,,,ZOOMED
2025-04-08,哈萨克斯坦,中国,ТОО DDN GROUP,SHENZHEN ANGELL TECHNOLOGY CO LTD,"КАЗАХСТАН, Г.АЛМАТЫ, МИКРОРАЙОН САМАЛ-1, 10  ","КИТАЙ, NANSHAN SHENZHEN, LANGSHAN RD, ROOM 408, BLOCK A, HUAHAN INNOVATION PARK  ",,,"SHENZHEN ANGELL TECHNOLOGY CO.,LTD;
",China,Kazakhstan,,,9022140000,"1. ЦИФРОВАЯ МЕДИЦИНСКАЯ РЕНТГЕНОВСКАЯ МАММОГРАФИЧЕСКАЯ СИСТЕМА DM156A,    ЦИФРОВАЯ МЕДИЦИНСКАЯ РЕНТГЕНОВСКАЯ МАММОГРАФИЧЕСКАЯ СИСТЕМА DM156A; ПРОИЗВОДИТЕЛЬ: SHENZHEN ANGELL TECHNOLOGY CO.,LTD; ТОВАРНЫЙ ЗНАК: SHENZHEN; МАРКА ТОВАРА: SHENZHEN; , КОЛИЧЕСТВО: 1.00 ШТ;",,1.0,ШТ,493.0,53523.36,,,"SHENZHEN;
"
2025-04-08,哈萨克斯坦,中国,ТОО DDN GROUP,SHENZHEN ANGELL TECHNOLOGY CO LTD,"КАЗАХСТАН, Г.АЛМАТЫ, МИКРОРАЙОН САМАЛ-1, 10  ","КИТАЙ, NANSHAN SHENZHEN, LANGSHAN RD, ROOM 408, BLOCK A, HUAHAN INNOVATION PARK  ",,,"SHENZHEN ANGELL TECHNOLOGY CO.,LTD;
",China,Kazakhstan,,,9022140000,"1. ЦИФРОВАЯ МЕДИЦИНСКАЯ РЕНТГЕНОВСКАЯ МАММОГРАФИЧЕСКАЯ СИСТЕМА DM156A,    ЦИФРОВАЯ МЕДИЦИНСКАЯ РЕНТГЕНОВСКАЯ МАММОГРАФИЧЕСКАЯ СИСТЕМА DM156A; ПРОИЗВОДИТЕЛЬ: SHENZHEN ANGELL TECHNOLOGY CO.,LTD; ТОВАРНЫЙ ЗНАК: SHENZHEN; МАРКА ТОВАРА: SHENZHEN; , КОЛИЧЕСТВО: 1.00 ШТ;",,1.0,ШТ,493.0,53523.36,,,"SHENZHEN;
"
2025-01-13,尼日利亚,中国,STANDARD ELECTROMEDICAL EQUIPMENT COMPANY,SHENZHEN ANKE,,,,,,China,,,TIN CAN ISLAND,9022140000,"Apparatus based on the use of X-rays or of alpha, betaused for medical, surgical .",,0.0,,4311.0,53521.8,,,
2025-09-08,肯尼亚,中国,GE HEALTHCARE KENYA LIMITED,GE HEALTHCARE TRADE AND DEVELOPMENT LLC,,,,,,China,Kenya,,,90221400,"H; OEC One ASD, Main System; OEC One ASD, Main System (Unassembled with Accessories).; N; GE Healthcare Trade and Development LLC; OEC One BBASB2500214HL/BBASB2500215HL; 4; 2; BBASB2500214HL/BBASB2500215HL; N; 790.4; 1;",,2.0,UNT,0.0,53478.08,,,
2025-10-13,菲律宾,中国,BAJ PHARMACEUTICALS,MR GLOBAL HK LIMITED,UNIT 503 5F CEDAR EXECUTIVE BLDG II 26 TIMOG AVE COR SCOUT TOBIAS STQUEZON CITY 1103PHILIPPINES,,,,,CHINA,,,,90221400000,"1 SET DR60B-CTO-S01 MOBIEYE 700 MOBILE RADIOGRAPHY SYSTEM SERIAL NO./ BATCH NO. C8-59001951 (MINDRAY MOBILE RADIOGRAPHY SYSTEM MOBIEYE 700) SAID TO CONTAIN 1 PC OF STANDARD WORKSTATION, 1 PC OF 700 (40KW+EPX3543R), 1 PC OF MAIN UNIT (40KW, US), ETC.",,1.0,PIECE,393.7,53200.2345,CMZ1697484,,
2025-05-29,印度,中国,PROGNOSYS MEDICAL SYSTEMS PRIVATE LIMITED,NEUSOFT MEDICAL SYSTEMS CO LTD,"NO.249, 4TH MAIN ROAD,  CHAMARAJPET, ",,,,,CHINA,,Shanghai,BANGALORE,90221410,DIAGNOSTIC X-RAY HIGH VOLTAGE GENERATOR (LUNAR-80-RF) (FOR MANUFACTURE OF X-RAY MACHINE)DIAGNOSTIC X-RAY HIGH VOLTAGE GENERATOR (LUNAR-80-RF) (FOR M,,9.0,NOS,0.0,53051.4858,JQ3XK52KWXGOY,,
2025-07-03,乌兹别克斯坦,中国,ООО TESLAMED SYSTEM,HNV INTERNATIONAL COMPANY LIMITED,"г. Ташкент, Шайхантахурский р-н, Янгиобод МФЙ, Устазода, пр. 1 улица, дом-12",Flat 1318-19 13/F Hollywood Plaza 610 Nathan Road Mongkok KL HongKong,,,,,,,,9022140000,"1. Новое Медицинское Оборудование: год выпуска 2025г. Система рентгеновская медицинская диагностическая модель ""PLD 6500A"" с принадлежностями. Производитель: ""Zhuhai Perlead Medical Equipment Co., Ltd"" Китай. - кол. 1 шт, вес: 806 кг
2. мест 5, 5 карт. к",,1.0,шт,806.0,53000.0,,,Zhuhai
2025-05-06,埃塞俄比亚,中国,ETHIOPIAN PHARMACEUTICALS SUPPLY SE,,,,,,,China,,,,90221400,"-- Other, for medical, surgical or veterinary uses",,1.0,UNT,520.0,52999.45,,,
2025-09-26,墨西哥,中国,SUMINISTRO PARA USO MEDICO Y HOSPITALARIO SA DE CV,SHENZHEN LANMAGE MEDICAL TECHNOLOGY CO LTD,"AVENIDA LINCOLN 5644 A CALLE GORRION Y CANAL DEL AGUILA
Monterrey
Nuevo Leon
64117","BAGUANG SERVICE CENTERBAISHA BAY ROAD
BAGUANG COMMUNITY KUICHONG SUBDISTRICT DAPENG NEW DISTRICTSHENZHEN GUANGDONG

518119",,,,CHINA,,,AEROPUERTO INTERNACIONAL FELIPE ANGELES SANTA LUCIA ZUMPANGO ESTADO DE MEXICO,9022149199,SISTEMA DE RADIOGRAFIA DIGITAL,,1.0,PIECE,577.0,52881.41,,,
2025-07-17,秘鲁,中国,CORPORACION TECNOMEDICAL SAC,,,,,,,"CHINA, PEOPLE'S REPUBLIC OF",,SHANGHAI,,9022140000,"MOBILE DIGITAL RADIOGRAPHY SYSTEM,PERLOVE,PLX5200A, MOBILE DIGITAL RADIOGRAPHY SYSTEM PLX5200A 100AM STATIC FLAT PANEL DETECTOR X 1 SERIAL NO: 5200A25302 SISTEMA DE RADIOGRAF-A DIGITAL, MOVIL USO: MEDICO",,1.0,UNITS,700.0,52600.0,,,
2025-07-15,菲律宾,中国,ELAN VITA DIAGNOSTIC SOLUTIONS,SHENZHEN ANGELL TECHNOLOGY CO LTD,"NO. 78 BAYANIHAN VILLAGE, QUIOT PARDO CEBU CITYCEBU CITY 6000PHILIPPINES",,,,,CHINA,,,,90221400000,DIGITAL MEDICAL X-RAY RADIOGRAPHIC SYSTEM (M32 MODEL) - QTY. 2 UNITS (ANGELL),,2.0,PIECE,580.0,52544.74,ANSMN0B5192512,,
2025-05-23,菲律宾,中国,GENERAL ELECTRIC PHILIPPINES INC,GE HUALUN MEDICAL SYSTEMS CO LTD,27TH FLR. MENARCO TOWER 32ND ST. BONIFACIO GLOBAL CITYTAGUIG 1634PHILIPPINES,,,,,CHINA,,,,90221400000,1 EA OEC One CFD31 Vascular 25 (S20205KC),,1.0,UNKNOWN,403.2,51578.15,BJSA25044117,,
2025-09-23,菲律宾,中国,GE HEALTHCARE PHILIPPINES INC,GE HUA LUN MEDICAL SYSTEMS CO LTD,27TH FLR. MENARCO TOWER 32ND ST. BONIFACIO GLOBAL CITYTAGUIG CITY 1634PHILIPPINES,,,,,CHINA,,,,90221400000,1 EA OEC One CFD31 Vascular 25 (S20205KC),,1.0,UNKNOWN,403.2,51470.3815,YLC06322466,,
2025-11-03,巴基斯坦,中国,MEDEQUIPS SMC PVT LTD,NANJING PERLOVE MEDICAL EQUIPMENT CO LTD,"30, Shahrah-e, Quaid-e-Azam, Lahore",NO.97 AND 99 WANGXI ROAD JIANGNING DISTRICT NANJING 211112,,,,China,,Shanghai,KAPW,90221400,2 SETS MOBILE DIGITAL FPD C-ARM SYSTEM PLX118F WITH ACCESSORIE,,2.0,u,1200.0,51034.7938,SHKHI25172063,,
2025-02-05,俄罗斯,中国,SHTEIMAN KRAFT OOO,SHENZHEN SONTU MEDICAL IMAGING EQUIPMENT CO LTD,"129226, , Г. МОСКВА, УЛ. ДОКУКИНА, Д.8, СТР. 2, ПОМ.3.1, ЭТ.6,","518122, SHENZHEN, PINGSHAN NEW DISTRICT, JINHUI ROAD, SHENZHEN BIOMEDICINE I, 10",,,"SHENZHEN SONTU MEDICAL IMAGING EQUIPMENT CO., LTD",China (CN),Russia,,,9022140000,"X-RAY EQUIPMENT FOR MEDICAL USE, NO RADIOACTIVE SOURCES, SUPPLIED PARTIALLY DISASSEMBLED FOR CONVENIENCE OF TRANSPORTATION, CODE OKPD2-26.60.11.113:",,2.0,PC,1296.0,50518.39,,,SONTU
2025-08-25,印度,中国,BOSTON IVY HEALTHCARE SOLUTIONS PRIVATE LIMITED,UNITED IMAGING HEALTHCARE HONG KONG LTD,"B-301, B-WING, GIRNAR HEIGHTS,  BHAKTI PARK, WADALA EAST, MUMBAI, ",9B CHEONG TAI COMMERCIAL BUILDING 66 WING LOK STREET SHEUNG HONG KONG HONG KONG,,,,China (CN),,Shanghai,,90221490,DIGITAL MEDICAL X-RAY IMAGING SYSTEM UDR 566I-B SN.294190 DIGITAL MEDICAL X-RAY IMAGING SYSTEM UDR 566I-B SN.294190 (N,,1.0,SET,0.0,50500.0,,,
2025-08-25,印度,中国,BOSTON IVY HEALTHCARE SOLUTIONS PRIVATE LIMITED,UNITED IMAGING HEALTHCARE HONG KONG LTD,"B-301, B-WING, GIRNAR HEIGHTS,  BHAKTI PARK, WADALA EAST, MUMBAI, ",9B CHEONG TAI COMMERCIAL BUILDING 66 WING LOK STREET SHEUNG HONG KONG HONG KONG,,,,China (CN),,Shanghai,,90221490,DIGITAL MEDICAL X-RAY IMAGING SYSTEM UDR 566I-B SN.294191 DIGITAL MEDICAL X-RAY IMAGING SYSTEM UDR 566I-B SN.294191 (N,,1.0,SET,0.0,50500.0,,,
2025-10-17,巴基斯坦,中国,ALAM MEDIX,SHENZHEN BROWINER TECH CO LTD,"DR.RAMZAN MEDICAL CENTRE, MAYO HOSPITAL ROAD, ., Lahore Data Gunj Bukhsh Town",ROOM 501  BUILDING C  GANGHONGJI HIGH-TECH INTELLIGENT INDUSTRIAL PARK  NO.1008  SONGBAI ROAD  YANGGUANG COMMUNITY  XILI STREET NANSHAN DISTRICT 518055 SHENZHEN  PEOPLE''S REPUBLIC OF CHINA,,,,China                         ,,Shekou,KAPS,90221400,1 DIGITAL RADIOGRAPHY X-RAY SYSTEM  MODEL NO : MX-40  220VAC  50/60HZ  S/NO: 032202507003  BRAND: HUESTIS  I/O: CHINA  WITH ALL STD ACCEESSORIES  QTY: 05 PKGS  NET WEIGHT: 2900 KGS APPROX.,,5.0,u,3020.0,50361.3641,CNSHEFFI0077,,
2025-04-01,印度,中国,SIEMENS HEALTHCARE PRIVATE LIMITED,SIEMENS HEALTHINEERS AG,"130, PANDURANG BUDHKAR MARG,  N/A",,,,,CHINA,,Shanghai,NHAVA SHEVA SEA (INNSA1),90221490,( IMAGE INTENSIFIER COMPLETE WITH ACCESSORIES AS PER INV ) CIOS SELECT VA21 FD( IMAGE INTENSIFIER COMPLETE WITH ACCESSORIES AS PER INV ) C,,1.0,NOS,0.0,50281.7,95H3CTCZEOMX5,,
2025-06-24,印度,中国,SIEMENS HEALTHCARE PRIVATE LIMITED,SIEMENS HEALTHINEERS AG,"130, PANDURANG BUDHKAR MARG,  N/A",,,,,CHINA,,Shanghai,NHAVA SHEVA SEA (INNSA1),90221490,( IMAGE INTENSIFIER COMPLETE WITH ACCESSORIES AS PER INV ) CIOS SELECT VA21 FD( IMAGE INTENSIFIER COMPLETE WITH ACCESSORIES AS PER INV ) C,,1.0,NOS,0.0,50075.1689,65219Q9O3LHMC,,
2025-06-17,乌兹别克斯坦,中国,ООО FIRST MEDICAL,IMAAL GLOBAL FZ LLC,"100100, Республика Узбекистан, г. Ташкент, Яккасарайский р-н., ул. Обид Акрамхужаев, 1А","Compass building, Al Shohada road, Al Hamra Industrial Zone-FZ, Ras Al Khaimah, UAE",,,,,,,,9022140000,"1. Медицинская рентгеновская радиографическая установка. Модель: New Oriеntal 1000NA. Проиводитель: Beijing Wandong Medical Technology Co., Ltd. Китай. Новая. Дата выпуска: 19.03.2025. Серийный номер: Y25-052-1-1 - кол. 1 шт, вес: 820 кг
2. мест 4, 4 дер",,1.0,шт,820.0,50000.0,,,БЕЗ БРЕНДА
2025-06-12,乌兹别克斯坦,中国,ООО FIRST MEDICAL,IMAAL GLOBAL FZ LLC,"100100, Республика Узбекистан, г. Ташкент, Яккасарайский р-н., ул. Обид Акрамхужаев, 1А","Compass building, Al Shohada road, Al Hamra Industrial Zone-FZ, Ras Al Khaimah, UAE",,,,,,,,9022140000,"1. Медицинская рентгеновская радиографическая установка. Модель: New Oriеntal 1000NA. Проиводитель: Beijing Wandong Medical Technology Co., Ltd. Китай. Новая. Дата выпуска: 19.03.2025. Серийный номер: Y25-052-1-1 - кол. 1 шт, вес: 820 кг
2. мест 4, 4 дер",,1.0,шт,820.0,50000.0,,,БЕЗ БРЕНДА
2025-03-24,印度,中国,SIEMENS HEALTHCARE PRIVATE LIMITED,SIEMENS HEALTHINEERS AG,"130, PANDURANG BUDHKAR MARG,  N/A",,,,,CHINA,,Shanghai,NHAVA SHEVA SEA (INNSA1),90221490,(IMAGE INTENSIFIER CIOS SYSTEM COMPLETE WITH ACCESSORIES ( AS PER INV) CIOS SELECT VA21 FD(IMAGE INTENSIFIER CIOS SYSTEM COMPLETE WITH ACCESSORIES ( A,,1.0,SET,0.0,49700.8315,292ROEBZNPAK8,,
2025-05-08,多民族玻利维亚国,中国,RODRIGO JAVIER RIVERA ZAPATA,NANJING PERLOVE MEDICAL EQUIPMENT CO LTD,"BIODOM CONSULTING TECHNOLOGY-FRANCISCO  VIEDMA, 1176, CALA CALA, COCHABAMBA, COCHABAMBA, BOLIVIA, 4243627,",,,,,CHINA,,,LA PAZ,9022140000,MEDICAL DIAGNOSTIC X-RAY EQUIPMENT,,1.0,,1131.0,49529.23,,,PERLOVE MEDICAL  WELLPLUS
2025-01-23,乌干达,中国,SURGIMED UGANDA LIMITED,ELEKTRO GENESISUAE,,,,,,CHINA,UGANDA,,,90221400000,50KW TABLE XRAY MACHINE,,0.9999,Number,680.0001,49192.0002,,,
2025-01-18,乌干达,中国,SURGIMED UGANDA LIMITED,ELEKTRO GENESISUAE,,,,,,CHINA,UGANDA,,,90221400000,50KW TABLE XRAY MACHINE,,1.0,Number,680.0,49192.0001,,,
2025-03-01,安哥拉,中国,,MR GLOBAL HK LIMITED,,"FLAT/RM 1115-6 BLOCK 1, 11/F, GRAND CENTURY PLACE 193 PRINCE EDWARD WEST ROAD, MONGKOK, KL,",,,,China,,Shekou,Luanda,90221400000,"Aparelhos de raios X e aparelhos que utilizem radiações alfa, beta ou gama, mesmo para usos médicos, cirúrgicos, odontológicos ou veterinários, incluindo os aparelhos de radiofotografia ou de radioterapia, os tubos de raios X e outros dispositivos geradores de raios X, os geradores de tensão, as mesas de comando, as telas de visualização, as mesas, poltronas e suportes semelhantes para exame ou tratamento --Outros, para usos médicos, cirúrgicos ou veterinários",,0.0,,0.0,49070.0,251498146,,
2025-10-30,巴基斯坦,中国,BIOS,UNITED IMAGING HEALTHCARE HONG KONG LIMITED,"2nd Floor, Building No. 2C, 12 Commercial, Phase II Ext., D.H.A. Karachi, Karachi South Saddar Town",9B CHEONG TAI COMMERCIAL BUILDING 66 WING LOK STREET SHEUNG WAN HK,,,,China,,Shanghai,KAPW,90221400,"Digital Medical X-ray
Imaging System
Model: uDR 380i with all std accessories PNRA NOC NO.RNSD-III/IM.RG-495.1/2025 DATED 20/01/2026",,1.0,u,500.0,49063.4569,YXALN25095035,,
2025-03-06,亚美尼亚,中国,ACBA LEASING CREDIT ORGANIZATION CJSC,NANJING PERLOVE MEDICAL EQUIPMENT CO LTD LTD,,,,,,China (CN),Armenia (AM),,,90221400000,Medical X-ray machine PLD5600 in a dismantled condition,,1.0,Հատ,1478.0,48899.2,,,
2025-05-21,乌兹别克斯坦,中国,O ZBEKISTON RESPUBLIKASI SOGLIQNI SAQLASH VAZIRLIGI HUZURIDAGI XARIDLAR MARKAZI DAVLAT MUASSASASI,HNV INTERNATIONAL FREIGHT CO LTD,,,,,,,,,,9022140000,"1. Система рентгеновская медицинская диагностическая с принадлежностями.Модель: PLD 6500A - 1комп.(Рентгеноскопическая система с плоскопанельным детектором с принадлежностями предназначена для проведения рентгенографических исследований, направленных на",,1.0,шт,1282.0,48650.0,,,
2025-06-05,斯里兰卡,中国,DELMEGE FORSYTH AND CO,ANGELL TECHNOLOGY HK CO LIMITED," 101, VINAYALANKARA MAWATHA, COLOMBO-10.", FLAT/RM 1205 12/FTAISANG BANK BUIL 130-132 DES VOEUX ROAD CENTRAL HONG KONG,,,,CHINA,,,,90221400,"DIGITAL MEDICAL X - RAY RADIOGRAPHIC SYSTEM&#10;(MOBILE C- ARM),(1 UNIT)",,1.0,NIU,753.0,48500.0,,,
2025-08-18,乌拉圭,中国,MARE LTDA,,,,,,,Republica Popular de China,,,,9022141910,"EQUIPO RADIOLOGICO <<ARCO EN C>> (PARA USO HUMANO). LOS DEMAS. DE DIAGNOSTICO. LOS DEMAS, PARA USO MEDICO, QUIRURGICO O VETERINARIO. APARATOS DE RAYOS X Y APARATOS QUE UTILICEN RADIACIONES ALFA, BETA GAMMA O DEMAS RADIACIONES IONIZANTES, INCLUSO PA",,1.0,Unidad (C/U),500.0,48017.14,,,
2025-10-14,乌拉圭,中国,MARE LTDA,,,,,,,Republica Popular de China,,,,9022141910,"EQUIPO RADIOLOGICO <<ARCO EN C>> (PARA USO HUMANO). LOS DEMAS. DE DIAGNOSTICO. LOS DEMAS, PARA USO MEDICO, QUIRURGICO O VETERINARIO. APARATOS DE RAYOS X Y APARATOS QUE UTILICEN RADIACIONES ALFA, BETA GAMMA O DEMAS RADIACIONES IONIZANTES, INCLUSO PA",,1.0,Unidad (C/U),502.0,48017.13,,,
2025-05-01,巴西,中国,UNIVEN HEALTHCARE S A,SHANTOU INSTITUTE OF ULTRASONIC INSTRUMENTS HK CO LTD,SC,,,,,,,,AEROPORTO INTERNACIONAL DE SAO PAULO/GUARULHOS,90221419,"APARELHOS DE RAIOS X E APARELHOS QUE UTILIZEM AS RADIAçõES ALFA, BETA OU GAMA, MESMO PARA USOS MéDICOS, CIRúRGICOS, ODONTOLóGICOS OU VETERINáRIOS, INCLUíDOS OS APARELHOS DE RADIOFOTOGRAFIA OU DE RADIOTERAPIA, OS TUBOS DE RAIOS X E OUTROS DISPOSITIVOS GERA|BENS DE CAPITAL (EXCETO EQUIPAMENTOS DE TRANSPORTE)|PRODUTOS MANUFATURADOS|FABRICAçãO DE EQUIPAMENTOS DE IRRADIAçãO, ELETROMéDICOS E ELETROTERAPêUTICOS|APARELHOS DE RAIOS X P/USO MEDICO,CIRURGICO OU VETERIN.",,44.0,UNID.,150.0,48000.19,,,
2025-09-15,厄瓜多尔,中国,MENA SALAZAR WILLIAM RODRIGO,BEIJING WANDONG MEDICAL TECHNOLOGY CO LTD,,,,,,CHINA,,,,9022140000,SISTEMA RADIOGRAFICO DIGITAL CON SUS ACCESORIOS,,1.0,U,1109.5,47879.0,,,WANDONG
2025-09-18,肯尼亚,中国,NAIROBI ENTERPRISES LIMITED,CHINA MEHECO CORPORATION,,,,,,China,Kenya,,,90221400,"H; Fixed Digital X-ray Machine; Fixed Digital X-ray Machine; captures digital radiographic image; Shanghai Ro-China International Co.,Ltd; DJF0DR-UH; 9; 1; 1; DJF50DR-UH; 2070; 1; 3;",,3.0,UNT,0.0,47745.0,,,
2025-07-18,肯尼亚,中国,NAIROBI ENTERPRISES LIMITED,CHINA MEHECO CORPORATION,,,,,,China,Kenya,,,90221400,"H; Fixed Digital X-ray Machine; Fixed Digital X-ray Machine; captures digital radiographic image; Shanghai Ro-China International Co.,Ltd; DJF0DR-UH; 9; 1; 1; DJF50DR-UH; 2070; 1;",,3.0,UNT,0.0,47745.0,,,
2025-06-26,赞比亚,中国,ENSUREMED EQUIPMENTS LTD,HUBEI YINKANG MEDICAL EQUIPMENT CO LTD,,,,,,China,Zambia,,,902214000000,"DIGITAL X-RAY MACHINE (INCLUDING 65KW GENERATOR, X-RAY TUBES, 1 WIRRED DERECTOR AND 1WIRELESS DETECTOR, 6WAY FLOATING TABLE 2 LOIZATION CHAMBERS)",,1.0,NMB,1260.0,47666.5054,111550012976,,
2025-06-26,赞比亚,中国,ENSUREMED EQUIPMENTS LTD,HUBEI YINKANG MEDICAL EQUIPMENT CO LTD,,,,,,China,Zambia,,,902214000000,"DIGITAL X-RAY MACHINE (INCLUDING 65KW GENERATOR, X-RAY TUBES, 1 WIRRED DERECTOR AND 1WIRELESS DETECTOR, 6WAY FLOATING TABLE 2 LOIZATION CHAMBERS)",,1.0,NMB,1260.0,47666.5054,111550012976,,
2025-01-23,斯里兰卡,中国,MEDIQUIPMENT LTD,SHENZHEN LANMAGE MEDICAL TECHNOLOG,"01 LAKE CRESCENT,COLOMBO 02","1ST FLOOR BUILDING B, JINGCHENGDA  NO.4, KEJI ROAD, LANGXIN COMMUNIT GUANGDONG PROVINCE 518000, P.R,CH",,,,CHINA,,,,90221400,"LANMAGE DIGITAL X RAY SYSTEM,,",,2.0,NIU,1884.0,47600.0,,,
2025-07-02,哥伦比亚,中国,MINDRAY MEDICAL COLOMBIA SAS,MR GLOBAL HK LTD,AC 100 54 OF 1002,"FLAT/RM 1115-6 BLOCK 1, 11/F, GRAND",,,,CHINA,,,,9022140000,DO 220100410725-001 CODIGO / RESOLUCION USUARIO TRAMITE SIMPLIFICADO (UTS): U00853 PEDIDO TRAMITE: IMPO 82SEA25 DECLARA,,1.0,NUMERO DE ARTICULOS,396.0,46565.13,,,
2025-02-28,阿根廷,中国,INTEC S R L,,,,,,,China,,,,90221490900,"LOS DEMAS. LOS DEMAS, PARA USO MEDICO, QUIRURGICO O VETERINARIO. APARATOS DE RAYOS X Y APARATOS QUE UTILICEN RADIACIONES ALFA, BETA GAMMA O DEMAS RADIACIONES IONIZANTES, INCLUSO PARA USO MEDICO, QUIRURGICO, ODONTOLOGICO O VETERINARIO, INCLUIDOS LOS APARATOS DE RADIOGRAFIA O RADIOTERAPIA, TUBOS DE RAYOS X Y DEMAS DISPOSITIVOS GENERADORES DE RAYOS X, GENERADORES DE TENSION, CONSOLAS DE MANDO, PANTALLAS, MESAS, SILLONES Y SOPORTES SIMILARES PARA EXAMEN O TRATAMIENTO. INSTRUMENTOS Y APARATOS DE OPTICA, FOTOGRAFIA O CINEMATOGRAFIA, DE MEDIDA, CONTROL O PRECISION; INSTRUMENTOS Y APARATOS MEDICOQUIRURGICOS; PARTES Y ACCESORIOS DE ESTOS INSTRUMENTOS O APARATOS. OEC ONE",,1.0,Unidades,0.0,46480.66,,,GENERAL ELECTRIC
2025-05-30,越南,中国,CÔNG TY TNHH THIẾT BỊ Y TẾ TẤT THÀNH,TRIUP INTERNATIONAL CORP,"No. 82A Yen Binh Street, Phuc La Ward, Ha Dong District, Hanoi City, Vietnam","8 FLOOR, FENGHUANG CULTURE, BUILDING B, 215 JIANGDONG MIDDLE, ROAD, NINJING, CHINA, CN",,,,China,,,,90221400,"Máy chụp X-Quang Model: TR300A dùng trong y tế, nhà sản xuất Triup International Corp, mới 100% (Ordered 2025/03/03),X-Ray Machine Model: TR300A for medical use, manufacturer Triup International Corp, 100% new (Ordered 2025/03/03)",,8.0,Set,0.0,46400.0,,,
2025-04-22,尼日利亚,中国,ABUJA CLINICS NIGERIA LIMITED,NANING PERLOVE MEDICAL EQUIPMENT,,,,,,China,,,TIN CAN ISLAND,9022140000,"Apparatus based on the use of X-rays or of alpha, betaused for medical, surgical .",,0.0,,820.0,46052.9,,,
2025-02-04,墨西哥,中国,GE SISTEMAS MEDICOS DE MEXICO SA DE CV,GE HUALUN MEDICAL SYSTEMS CO LTD,"ANTONIO DOVALI JAIME 70 TORRE B PISO 4 AVENIDA JAVIER BARROS SIERRA Y AVENIDA SANTA FE

Ciudad de Mexico
01210","YONG CHANG NORTH ROAD
BEIJINGCHINA

100176",,,,CHINA,,,NUEVO LAREDO NUEVO LAREDO TAMAULIPAS.,9022149101,SISTEMA RADIOGRAFICO XR6000 CON SUS ACCESORIOS,,1.0,PIECE,919.0,45789.37,,,
2025-08-20,坦桑尼亚,中国,NOVOMED LIMITED,DONGGUAN RUIJITONG TRADING CO LTD,,,,,,China,"Tanzania, United Republic of",,,902214000000,"DR60B-CTO-S01 MobiEye 700 Mobile Radiography system, equipped with Solar backup�system�of�50kw",,734.4,NMB,734.4,45421.4613,HUA502971300,,
2025-08-20,坦桑尼亚,中国,NOVOMED LIMITED,DONGGUAN RUIJITONG TRADING CO LTD,,,,,,China,"Tanzania, United Republic of",,,902214000000,"DR60B-CTO-S01 MobiEye 700 Mobile Radiography system, equipped with Solar backup�system�of�50kw",,734.4,NMB,734.4,45421.4613,HUA502971300,,
2025-08-20,坦桑尼亚,中国,NOVOMED LIMITED,DONGGUAN RUIJITONG TRADING CO LTD,,,,,,China,"Tanzania, United Republic of",,,902214000000,"DR60B-CTO-S01 MobiEye 700 Mobile Radiography system, equipped with Solar backup�system�of�50kw",,734.4,NMB,734.4,45421.4613,HUA502971300,,
2025-05-08,埃塞俄比亚,中国,DARYEEL AL HUSSEIN PARTNERSHIP,,,,,,,China,,,,90221400,"-- Other, for medical, surgical or veterinary uses",,2.0,UNT,157.13,45296.06,,,
2025-08-19,亚美尼亚,中国,MEDITEK GROUP LL,MR GLOBAL HK LTD MINDRAY,,,,,,China (CN),Armenia (AM),,,90221400000,X-RAY SYSTEM DR15B-CTO-S01 DIGIEYE 280,,1.0,ՀԱՏ,964.5,45266.8,,,
2025-07-26,亚美尼亚,中国,UNIMED JV LL,SHENZHEN SONTU MEDICAL IMAGING EQUIPMENT CO LTD,,,,,,China (CN),Armenia (AM),,,90221400000,DIGITAL PORTABLE X-RAY 8KW (SONTU100-POR),,2.0,ՀԱՏ,347.0,45193.9,,,
2025-07-25,亚美尼亚,中国,UNIMED JV LL,SHENZHEN SONTU MEDICAL IMAGING EQUIPMENT CO LTD,,,,,,China (CN),Armenia (AM),,,90221400000,DIGITAL PORTABLE X-RAY 8KW (SONTU100-POR),,2.0,ՀԱՏ,347.0,45193.9,,,
2025-04-03,乌兹别克斯坦,中国,ООО INTERMED INNOVATION,SHENZHEN ANGELL TECHNOLOGY CO LTD,,,,,,,,,,9022140000,1. Digitall Medical X-ray Radiographic System DTP5,,1.0,шт,800.0,45000.0,,,
2025-09-19,阿根廷,中国,EL PANTA S A,,,,,,,China,,,,90221419000,"LOS DEMAS. LOS DEMAS, PARA USO MEDICO, QUIRURGICO O VETERINARIO. APARATOS DE RAYOS X Y APARATOS QUE UTILICEN RADIACIONES ALFA, BETA GAMMA O DEMAS RADIACIONES IONIZANTES, INCLUSO PARA USO MEDICO, QUIRURGICO, ODONTOLOGICO O VETERINARIO, INCLUIDOS LOS APARATOS DE RADIOGRAFIA O RADIOTERAPIA, TUBOS DE RAYOS X Y DEMAS DISPOSITIVOS GENERADORES DE RAYOS X, GENERADORES DE TENSION, CONSOLAS DE MANDO, PANTALLAS, MESAS, SILLONES Y SOPORTES SIMILARES PARA EXAMEN O TRATAMIENTO. INSTRUMENTOS Y APARATOS DE OPTICA, FOTOGRAFIA O CINEMATOGRAFIA, DE MEDIDA, CONTROL O PRECISION; INSTRUMENTOS Y APARATOS MEDICOQUIRURGICOS; PARTES Y ACCESORIOS DE ESTOS INSTRUMENTOS O APARATOS. PLX112B",,2.0,Unidades,1130.0,45000.0,,,PERLOVE
2025-02-25,孟加拉国,中国,BANGLADESH SCIENCE HOUSE,SUZHOU SHOIMAGE MEDICAL EQUIPMENT C,"H-27, Bir Uttam Ziaur Rahman Sarak,",,,,,CN,,,,90221400,DIGITAL X-RAY MACHINE MOD: SHO-DDX03 WITH STANDARD ACC.,,5.0,,2763.5,45000.0,,,
2025-02-25,孟加拉国,中国,BANGLADESH SCIENCE HOUSE,SUZHOU SHOIMAGE MEDICAL EQUIPMENT C,"H-27, Bir Uttam Ziaur Rahman Sarak,",,,,,China,,,,90221400,DIGITAL X-RAY MACHINE MOD: SHO-DDX03 WITH STANDARD ACC.,,5.0,NMB,2763.5,45000.0,,,
2025-02-04,墨西哥,中国,GE SISTEMAS MEDICOS DE MEXICO SA DE CV,GE HUALUN MEDICAL SYSTEMS CO LTD,"ANTONIO DOVALI JAIME 70 TORRE B PISO 4 AVENIDA JAVIER BARROS SIERRA Y AVENIDA SANTA FE

Ciudad de Mexico
01210","YONG CHANG NORTH ROAD
BEIJINGCHINA

100176",,,,CHINA,,,NUEVO LAREDO NUEVO LAREDO TAMAULIPAS.,9022149101,SISTEMA RADIOGRAFICO XR6000 CON SUS ACCESORIOS,,1.0,PIECE,925.0,44842.41,,,
2025-04-23,巴基斯坦,中国,PATEL FOUNDATION,ATLAS GLOBAL FZE,ST-18 BLOCK-4 GULSHA-E-IQBAL,"OFFICE 708A, JAFZA BUILDING NO. 18,SHEIKH ZAYED ROAD, P.O BOX NO. 17442 DUBAI,UAE",,,,China                         ,,JEBEL ALI,KAPW,90221400,01 COMPLETE UNIT OF SURGICAL C- ARM SYSTEM 9 INCH 1.1/ FPD MODEL :  OEC ONE COMPLETE WITH ALL STANDARD ACCESSORIES AND PARTS.,,1.0,u,400.0,44660.6872,MFS/KHI/252187,,
2025-01-23,墨西哥,中国,GE SISTEMAS MEDICOS DE MEXICO SA DE CV,GE HUALUN MEDICAL SYSTEMS CO LTD,"ANTONIO DOVALI JAIME 70 TORRE B PISO 4 AVENIDA JAVIER BARROS SIERRA Y AVENIDA SANTA FE

Ciudad de Mexico
01210","YONG CHANG NORTH ROAD
BEIJINGCHINA

100176",,,,CHINA,,,NUEVO LAREDO NUEVO LAREDO TAMAULIPAS.,9022149101,SISTEMA RADIOGRAFICO XR6000 CON SUS ACCESORIOS,,1.0,PIECE,919.0,44530.62,,,
2025-09-18,肯尼亚,中国,NAIROBI ENTERPRISES LIMITED,CHINA MEHECO CORPORATION,,,,,,China,Kenya,,,90221400,"H; Fixed Digital X-ray Machine; Fixed Digital X-ray Machine; designed for high-quality imaging; Shanghai Ro-china international Trading Co.,Ltd; DJF0DR-UH; 9; 1; 2; DJF50DR-UH; 2280; 1; 3;",,3.0,UNT,0.0,44520.0,,,
2025-07-18,肯尼亚,中国,NAIROBI ENTERPRISES LIMITED,CHINA MEHECO CORPORATION,,,,,,China,Kenya,,,90221400,"H; Fixed Digital X-ray Machine; Fixed Digital X-ray Machine; designed for high-quality imaging; Shanghai Ro-china international Trading Co.,Ltd; DJF0DR-UH; 9; 1; 2; DJF50DR-UH; 2280; 1;",,3.0,UNT,0.0,44520.0,,,
2025-01-20,墨西哥,中国,GE SISTEMAS MEDICOS DE MEXICO SA DE CV,GE HUALUN MEDICAL SYSTEMS CO LTD,"ANTONIO DOVALI JAIME 70 TORRE B PISO 4 AVENIDA JAVIER BARROS SIERRA Y AVENIDA SANTA FE

Ciudad de Mexico
01210","YONG CHANG NORTH ROAD
BEIJINGCHINA

100176",,,,CHINA,,,NUEVO LAREDO NUEVO LAREDO TAMAULIPAS.,9022149101,SISTEMA RADIOGRAFICO XR6000 CON SUS ACCESORIOS,,1.0,PIECE,925.0,44297.6,,,
2025-02-04,墨西哥,中国,GE SISTEMAS MEDICOS DE MEXICO SA DE CV,GE HUALUN MEDICAL SYSTEMS CO LTD,"ANTONIO DOVALI JAIME 70 TORRE B PISO 4 AVENIDA JAVIER BARROS SIERRA Y AVENIDA SANTA FE

Ciudad de Mexico
01210","YONG CHANG NORTH ROAD
BEIJINGCHINA

100176",,,,CHINA,,,NUEVO LAREDO NUEVO LAREDO TAMAULIPAS.,9022149101,SISTEMA RADIOGRAFICO XR6000 CON SUS ACCESORIOS,,1.0,PIECE,925.0,44201.52,,,
2025-02-04,墨西哥,中国,GE SISTEMAS MEDICOS DE MEXICO SA DE CV,GE HUALUN MEDICAL SYSTEMS CO LTD,"ANTONIO DOVALI JAIME 70 TORRE B PISO 4 AVENIDA JAVIER BARROS SIERRA Y AVENIDA SANTA FE

Ciudad de Mexico
01210","YONG CHANG NORTH ROAD
BEIJINGCHINA

100176",,,,CHINA,,,NUEVO LAREDO NUEVO LAREDO TAMAULIPAS.,9022149101,SISTEMA RADIOGRAFICO XR6000 CON SUS ACCESORIOS,,1.0,PIECE,925.0,44116.63,,,
2025-11-12,厄瓜多尔,中国,MENA SALAZAR WILLIAM RODRIGO,BEIJING WANDONG MEDICAL TECHNOLOGY CO LTD,,,,,,CHINA,,,,9022140000,SISTEMA RADIOGRAFICO MOVIL COMPLETO CON SUS ACCESORIOS,,1.0,U,404.0,44068.25,,,WANDONG
2025-11-12,厄瓜多尔,中国,MENA SALAZAR WILLIAM RODRIGO,BEIJING WANDONG MEDICAL TECHNOLOGY CO LTD,,,,,,CHINA,,,,9022140000,SISTEMA RADIOGRAFICO MOVIL COMPLETO CON SUS ACCESORIOS,,1.0,U,350.0,44068.25,,,WANDONG
2025-02-04,墨西哥,中国,GE SISTEMAS MEDICOS DE MEXICO SA DE CV,GE HUALUN MEDICAL SYSTEMS CO LTD,"ANTONIO DOVALI JAIME 70 TORRE B PISO 4 AVENIDA JAVIER BARROS SIERRA Y AVENIDA SANTA FE

Ciudad de Mexico
01210","YONG CHANG NORTH ROAD
BEIJINGCHINA

100176",,,,CHINA,,,NUEVO LAREDO NUEVO LAREDO TAMAULIPAS.,9022149101,SISTEMA RADIOGRAFICO XR6000 CON SUS ACCESORIOS,,1.0,PIECE,919.0,44059.37,,,
2025-07-15,乌兹别克斯坦,中国,OOO MEDSPACE SOLUTIONS,SHENZHEN BROWINER TECH CO LTD,"г.Ташкент, Мирзо Улугбекский р-он, ул.Темура Малика, 39а","Room 501, Building C, Ganghongji High-Tech Intelligent Industrial Park, No.1008, Songbai Road,",,,,,,,,9022140000,"1. Система цифровой рентгенографии модель PerfoX 3000A (Digital Radiography System) с принадлежностями, является новым, произведено в 2025г, Производитель Shenzhen Browiner Tech Co.,Ltd (Китай). - кол. 2 шт, вес: 1418 кг
2. мест 6, 6 картон.короб.
8. 000",,2.0,шт,1418.0,44000.0,,,PerfoX
2025-07-31,乌兹别克斯坦,中国,OOO MEDSPACE SOLUTIONS,SHENZHEN BROWINER TECH CO LTD,"г.Ташкент, Мирзо Улугбекский р-он, ул.Темура Малика, 39а","Room 501, Building C, Ganghongji High-Tech Intelligent Industrial Park, No.1008, Songbai Road,",,,,,,,,9022140000,"1. Система цифровой рентгенографии модель PerfoX 3000A (Digital Radiography System) с принадлежностями, является новым, произведено в 2025г, Производитель Shenzhen Browiner Tech Co.,Ltd (Китай). С/Н: BRW118202506002, BRW118202506003 - кол. 2 шт, вес: 141",,2.0,шт,1418.0,44000.0,,,PerfoX
2025-01-24,墨西哥,中国,GE SISTEMAS MEDICOS DE MEXICO SA DE CV,GE HUALUN MEDICAL SYSTEMS CO LTD,"ANTONIO DOVALI JAIME 70 TORRE B PISO 4 AVENIDA JAVIER BARROS SIERRA Y AVENIDA SANTA FE

Ciudad de Mexico
01210","YONG CHANG NORTH ROAD
BEIJINGCHINA

100176",,,,CHINA,,,NUEVO LAREDO NUEVO LAREDO TAMAULIPAS.,9022149101,SISTEMA RADIOGRAFICO XR6000 CON SUS ACCESORIOS,,1.0,PIECE,874.99,43878.97,,,
2025-04-25,喀麦隆,中国,DISPRESSO CAMEROUB SARL,HAINAN FOSUN TRADING CO LTD,,,,,,Chine,Cameroun,,,902214000000,HIGH FREQUENCY MOBILE C-ARM SYSTEM,,550.0,KGM,550.0,43820.9313,,,
2025-03-24,乌拉圭,中国,MARE LTDA,,,,,,,Republica Popular de China,,,,9022141910,"EQUIPO RADIOLOGICO <<ARCO EN C>> (PARA USO HUMANO). LOS DEMAS. DE DIAGNOSTICO. LOS DEMAS, PARA USO MEDICO, QUIRURGICO O VETERINARIO. APARATOS DE RAYOS X Y APARATOS QUE UTILICEN RADIACIONES ALFA, BETA GAMMA O DEMAS RADIACIONES IONIZANTES, INCLUSO PA",,1.0,Unidad (C/U),499.8,43712.76,,,
2025-01-23,墨西哥,中国,GE SISTEMAS MEDICOS DE MEXICO SA DE CV,GE HUALUN MEDICAL SYSTEMS CO LTD,"ANTONIO DOVALI JAIME 70 TORRE B PISO 4 AVENIDA JAVIER BARROS SIERRA Y AVENIDA SANTA FE

Ciudad de Mexico
01210","YONG CHANG NORTH ROAD
BEIJINGCHINA

100176",,,,CHINA,,,NUEVO LAREDO NUEVO LAREDO TAMAULIPAS.,9022149101,SISTEMA RADIOGRAFICO XR6000 CON SUS ACCESORIOS,,1.0,PIECE,919.0,43700.12,,,
2025-04-04,墨西哥,中国,INVYRTE SA DE CV,BEIJING WANDONG MEDICAL TECHNOLOGY CO LTD,"DEL ROSAL 108 AV. AZTECAS Y EJE 10 SUR
Cuajimalpa de Morelos
Ciudad de Mexico
04330","


",,,,CHINA,,,MANZANILLO MANZANILLO COLIMA.,9022149199,MAQUINA DE RAYOS X RADIOGRAFIA DIGITAL,,1.0,PIECE,1980.0,43659.85,,,
2025-01-31,墨西哥,中国,INVYRTE SA DE CV,BEIJING WANDONG MEDICAL TECHNOLOGY CO LTD,"DEL ROSAL 108 AV. AZTECAS Y EJE 10 SUR
Cuajimalpa de Morelos
Ciudad de Mexico
04330","


",,,,CHINA,,,MANZANILLO MANZANILLO COLIMA.,9022149199,MAQUINA DE RAYOS X RADIOGRAFIA DIGITAL,,1.0,PIECE,2200.0,43659.84,,,
2025-01-23,墨西哥,中国,GE SISTEMAS MEDICOS DE MEXICO SA DE CV,GE HUALUN MEDICAL SYSTEMS CO LTD,"ANTONIO DOVALI JAIME 70 TORRE B PISO 4 AVENIDA JAVIER BARROS SIERRA Y AVENIDA SANTA FE

Ciudad de Mexico
01210","YONG CHANG NORTH ROAD
BEIJINGCHINA

100176",,,,CHINA,,,NUEVO LAREDO NUEVO LAREDO TAMAULIPAS.,9022149101,SISTEMA RADIOGRAFICO XR6000 CON SUS ACCESORIOS,,1.0,PIECE,919.0,43637.51,,,
2025-06-01,巴西,中国,IMX INDUSTRIA E COMERCIO LTDA,SHENZHEN BROWINER TECH CO LTD,,,,,,,,,ITAJAI,90221419,"APARELHOS DE RAIOS X E APARELHOS QUE UTILIZEM AS RADIAçõES ALFA, BETA OU GAMA, MESMO PARA USOS MéDICOS, CIRúRGICOS, ODONTOLóGICOS OU VETERINáRIOS, INCLUíDOS OS APARELHOS DE RADIOFOTOGRAFIA OU DE RADIOTERAPIA, OS TUBOS DE RAIOS X E OUTROS DISPOSITIVOS GERA|BENS DE CAPITAL (EXCETO EQUIPAMENTOS DE TRANSPORTE)|PRODUTOS MANUFATURADOS|FABRICAçãO DE EQUIPAMENTOS DE IRRADIAçãO, ELETROMéDICOS E ELETROTERAPêUTICOS|APARELHOS DE RAIOS X P/USO MEDICO,CIRURGICO OU VETERIN.",,3.0,UNITY,840.0,43635.0,,,
2025-02-04,哈萨克斯坦,中国,ИП BULL MARK,VEDAL GROUP CO LIMITED,"Г.ШЫМКЕНТ, МКР. НУРСАТ 3 ДОМ 98, КВ. 11","8 CONNAUGHT ROAD CENTRAL, ADD:18/F, 20/F, 22-29/F, CHATER HOUSE",,,"SHENZHEN ANGELL TECHNOLOGY CO.,LTD.,",China,Kazakhstan,,,9022140000,"1. ЦИФРОВАЯ РЕНТГЕНОВСКАЯ СИСТЕМА DTP580B-3 В КОМПЛЕКТЕ,",,1.0,ШТ,942.0,43600.0,,,НЕИЗВЕСТЕН
2025-01-20,墨西哥,中国,GE SISTEMAS MEDICOS DE MEXICO SA DE CV,GE HUALUN MEDICAL SYSTEMS CO LTD,"ANTONIO DOVALI JAIME 70 TORRE B PISO 4 AVENIDA JAVIER BARROS SIERRA Y AVENIDA SANTA FE

Ciudad de Mexico
01210","YONG CHANG NORTH ROAD
BEIJINGCHINA

100176",,,,CHINA,,,NUEVO LAREDO NUEVO LAREDO TAMAULIPAS.,9022149101,SISTEMA RADIOGRAFICO XR6000 CON SUS ACCESORIOS,,1.0,PIECE,925.0,43487.04,,,
2025-01-20,墨西哥,中国,GE SISTEMAS MEDICOS DE MEXICO SA DE CV,GE HUALUN MEDICAL SYSTEMS CO LTD,"ANTONIO DOVALI JAIME 70 TORRE B PISO 4 AVENIDA JAVIER BARROS SIERRA Y AVENIDA SANTA FE

Ciudad de Mexico
01210","YONG CHANG NORTH ROAD
BEIJINGCHINA

100176",,,,CHINA,,,NUEVO LAREDO NUEVO LAREDO TAMAULIPAS.,9022149101,SISTEMA RADIOGRAFICO XR6000 CON SUS ACCESORIOS,,1.0,PIECE,925.0,43487.04,,,
2025-08-06,巴基斯坦,中国,FUJIFILM PAKISTAN PRIVATE LIMITED,FUJIFILM CORPORATION,37-D BLOCK-6 P.E.C.H.S.  ,"26-30, NISHIAZABU 2-CHOME, MINATO-KU, TOKYO 106-8620, JAPAN",,,,China,,Shanghai,KAPS,90221400,(MEDICAL EQUIPMENT) MAIN UNIT DRYPIX SMART QTY: 20SET,,20.0,u,2640.0,43377.4386,QYSEA250704,,
2025-05-19,菲律宾,中国,GENERAL ELECTRIC PHILIPPINES INC,GE HUA LUN MEDICAL SYSTEMS,27TH FLR. MENARCO TOWER 32ND ST. BONIFACIO GLOBAL CITYTAGUIG 1634PHILIPPINES,,,,,CHINA,,,,90221400000,1 EA DEFINIUM PACE SELECT BASE SYSTEM UHL MAKE (S2601BS),,1.0,UNKNOWN,946.08,43218.68,YLC06167416,,
2025-09-15,蒙古,中国,САММИТМЕДИКАЛ СЕРВИС ХХК,SHENZHEN LANMAGE MEDICAL TECHNOLOGY CO LTD,,,,,"Shenzhen Lanmage Medical Technology Co.,Ltd",БНХАУ,,,Zamiin-Uud,90221400,"дижитал, суурин, хүчин чадал: 71кВт, 150kv, 800mA, 380V, иж бүрдэлдээ: удирдлагын компьютер, детектор, босоо детекторын суурь, өвчтөний ширээ бусад дагалдах хэрэгслийн хамт, үе мөч ясны, хүн эмнэлгийн",,1.0,Pieces/item [Number],0.0,43034.795,,,
2025-02-27,乌干达,中国,JOINT MEDICAL STORE UPMB UCMB KAMPALA MAKINDYE DIVISION WEST MAKINDYE DIVISIONNSAMBYA ESTATEGOGONYA RD1828 4501 KAMPALA,XIAMEN SUPERTRANS LOGISTICS CO LTD,,,,,,CHINA,UGANDA,,,90221400000,DIRECT DIGITAL RADIOLOGY SYSTEM,,2.0001,Number,1239.9999,42999.9999,,,
2025-02-19,乌干达,中国,JOINT MEDICAL STORE UPMB UCMB KAMPALA MAKINDYE DIVISION WEST MAKINDYE DIVISIONNSAMBYA ESTATEGOGONYA RD1828 4501 KAMPALA,XIAMEN SUPERTRANS LOGISTICS CO LTD,,,,,,CHINA,UGANDA,,,90221400000,DIRECT DIGITAL RADIOLOGY SYSTEM,,2.0,Number,1240.0,43000.0,,,
2025-07-29,菲律宾,中国,GE HEALTHCARE PHILIPPINES INC,GE HUA LUN MEDICAL SYSTEMS CO LTD,"27TH FLOOR MENARCO TOWER, 32ND STREET, BONIFACIOGLOBAL CITY, TAGUIG CITY 1634PHILIPPINES",,,,,CHINA,,,,90221400000,1 EA Definium Pace Select Base System UHL Make (S2601BS),,1.0,UNKNOWN,942.88,42968.28,YLC06264230,,
2025-01-21,阿根廷,中国,INTEC S R L,,,,,,,China,,,,90221419000,"LOS DEMAS. LOS DEMAS, PARA USO MEDICO, QUIRURGICO O VETERINARIO. APARATOS DE RAYOS X Y APARATOS QUE UTILICEN RADIACIONES ALFA, BETA GAMMA O DEMAS RADIACIONES IONIZANTES, INCLUSO PARA USO MEDICO, QUIRURGICO, ODONTOLOGICO O VETERINARIO, INCLUIDOS LOS APARATOS DE RADIOGRAFIA O RADIOTERAPIA, TUBOS DE RAYOS X Y DEMAS DISPOSITIVOS GENERADORES DE RAYOS X, GENERADORES DE TENSION, CONSOLAS DE MANDO, PANTALLAS, MESAS, SILLONES Y SOPORTES SIMILARES PARA EXAMEN O TRATAMIENTO. INSTRUMENTOS Y APARATOS DE OPTICA, FOTOGRAFIA O CINEMATOGRAFIA, DE MEDIDA, CONTROL O PRECISION; INSTRUMENTOS Y APARATOS MEDICOQUIRURGICOS; PARTES Y ACCESORIOS DE ESTOS INSTRUMENTOS O APARATOS. DEFINIUM XR6000",,1.0,Unidades,0.0,42817.4,,,GENERAL ELECTRIC
2025-02-04,印度,中国,SIEMENS HEALTHCARE PRIVATE LIMITED,SIEMENS HEALTHINEERS AG,"130, PANDURANG BUDHKAR MARG,  N/A",,,,,CHINA,,Shanghai,NHAVA SHEVA SEA (INNSA1),90221490,( IMAGE INTENSIFIER CIOS SYSTEM COMPLETE WITH ACCESSORIES (AS PER INV)) CIOS SELECT VA21( IMAGE INTENSIFIER CIOS SYSTEM COMPLETE WITH ACCESSORIES (,,1.0,NOS,0.0,42643.7267,8AT4PA3G5THY4,,
2025-03-11,乌兹别克斯坦,中国,ООО FORTEK,SHENZHEN SONTU MEDICAL IMAGING EQUIPMENT CO LTD КИТАЙ,,,,,,,,,,9022140000,"1) Система цифровая рентгенографическая модель: SONTU100-RAD(S)-D / Digital radiography X-ray System SONTU100-RAD(S)-D / в комп./Новый,2025г.в./Сер№20241230000011, 0012/Пр-ль.:""SHENZHEN SONTU MEDICAL IMAGING EQUIPMENT CO. LTD"", Китай./Комплект состоит из",,2.0,шт,1186.0,42570.0,,,
2025-03-03,乌兹别克斯坦,中国,ООО FORTEK,SHENZHEN SONTU MEDICAL IMAGING EQUIPMENT CO LTD КИТАЙ,,,,,,,,,,9022140000,"1) Система цифровая рентгенографическая модель: SONTU100-RAD(S)-D / Digital radiography X-ray System SONTU100-RAD(S)-D / в комп./Новый,2025г.в./Сер№20241230000011, 0012/Пр-ль.:""SHENZHEN SONTU MEDICAL IMAGING EQUIPMENT CO. LTD"", Китай./Комплект состоит из",,2.0,шт,1186.0,42570.0,,,
2025-03-25,菲律宾,中国,MEDILIFE MEDICAL EQUIPMENT AND SUPP,NEUSOFT MEDICAL SYSTEMS CO LTD,"SIRE BLDG.,NINOY AQUINO ROAD,BRGY.POBLACION, KIDAPAWAN CITY",,,,,CHINA,,,,90221400000,NEUCARE MAMMO DR HD SYSTEM,,6.0,PIECE,549.0,42500.0,EGLV144500039738,,
2025-08-24,孟加拉国,中国,TELERAD MEDICAL SYSTEMS LTD,SUZHOU SHOIMAGE MEDICAL EQUIPMENT C,"Road# 27/F, Flat# 5A, Sangsad",,,,,CN,,,,90221400,X-RAY MACHINE W/STAD. ACCESS.FIXED TABLE 320MA M#SHO-DDX03,,6.0,,4020.0,42153.0,,,
2025-02-28,菲律宾,中国,GENERAL ELECTRIC PHILS INC,BEIJING GE HUALUN MEDICAL EQUIPMENT,"27TH FLOOR MENARCO TOWER, 32ND STREET, BONIFACIO, GLOBAL CITY, TAGUIG CITY",,,,,CHINA,,,,90221400000,1 EA DEFINIUM PACE SELECT BASE SYSTEM UHL MAKE (S2601BS),,1.0,,953.28,42121.9,6380247342,,
2025-04-22,菲律宾,中国,GENERAL ELECTRIC PHILS INC,BEIJING GE HUALUN MEDICAL EQUIPMENT,"27TH FLOOR MENARCO TOWER, 32ND STREET, BONIFACIO, GLOBAL CITY, TAGUIG CITY",,,,,CHINA,,,,90221400000,1 EA Definium Pace Select Base System UHL Make [S2601BS],,1.0,,951.68,42116.6,6380248714,,
2025-02-14,俄罗斯,中国,IST MEDIKAL GRUPP OOO,KUANTENG LIAONING MEDICAL DEVICES CO LTD,"124482, МОСКВА, ЗЕЛЕНОГРАД, САВЕЛКИНСКИЙ ПРОЕЗД, Д. 4, ЭТ.22, ПОМ. ХХХ",", LIAONING, BENXI, NO.9 YAODU STREET, BENXI ECONOMIC DEVELOPMENT AREA, .,..",,,"LIAONING KAMPO MEDICAL SYSTEM CO.,LTD",China (CN),Russia,,,9022140000,X-RAY BASED EQUIPMENT INTENDED FOR VETERINARY USE: ZOOMED VX-400 (PREMIUM) VETERINARY X-RAY MACHINE IS INTENDED FOR DIAGNOSTICS OF THE STATE OF INTERNAL ORGANS AND SYSTEMS OF ANIMAL,,2.0,PC,898.0,42066.82,,,ZOOMED
2025-03-27,菲律宾,中国,ELAN VITA DIAGNOSTIC SOLUTIONS,SHANDONG LEWIN MEDICAL EQUIPMENT CO LTD,"NO. 78 BAYANIHAN VILLAGE, QUIOT PARDO CEBU CITY, CEBU CITY",,,,,CHINA,,,,90221400000,X-RAY RADIOGRAPHIC SYSTEM (DENTAL DXR-780E) - QTY. 1 SET (RYDERTECH),,1.0,PIECE,290.0,42031.3,SITTAGMS451637,,
2025-01-13,印度,中国,SIEMENS HEALTHCARE PRIVATE LIMITED,SIEMENS HEALTHINEERS AG,"130, PANDURANG BUDHKAR MARG,  N/A",,,,,CHINA,,Shanghai,NHAVA SHEVA SEA (INNSA1),90221490,( IMAGE INTENSIFIER SYSTEM COMPLETE WITH ACCESSORIES ( AS PER INV)) CIOS SELECT VA21 II( IMAGE INTENSIFIER SYSTEM COMPLETE WITH ACCESSORIES ( AS PE,,1.0,SET,0.0,41259.6664,C6LKFPXR6OHCN,,
2025-10-13,印度,中国,BOSTON IVY HEALTHCARE SOLUTIONS PRIVATE LIMITED,UNITED IMAGING HEALTHCARE HONG KONG LTD,,9B CHEONG TAI COMMERCIAL BUILDING 66 WING LOK STREET SHEUNG HONG KONG HONG KONG,,,,China (CN),,Shanghai,,90221490,DIGITAL MEDICAL X-RAY IMAGING SYSTEM MODEL: UDR 566I-B SERIAL NO. 294192DIGITAL MEDICAL X-RAY IMAGING SYSTEM MODEL: UDR 566I-B SERIA,,1.0,SET,0.0,41139.42,,,
2025-10-13,印度,中国,BOSTON IVY HEALTHCARE SOLUTIONS PRIVATE LIMITED,UNITED IMAGING HEALTHCARE HONG KONG LTD,,9B CHEONG TAI COMMERCIAL BUILDING 66 WING LOK STREET SHEUNG HONG KONG HONG KONG,,,,China (CN),,Shanghai,,90221490,DIGITAL MEDICAL X-RAY IMAGING SYSTEM MODEL: UDR 566I-B SERIAL NO. 294193DIGITAL MEDICAL X-RAY IMAGING SYSTEM MODEL: UDR 566I-B SERIA,,1.0,SET,0.0,41139.42,,,
2025-02-20,孟加拉国,中国,OMEGA MEDICAL COMPLEX LIMITED,NANJING PERLOVE MEDICAL EQUIPMENT C,"House No-1, Mokka Tower, Kamarpara,",,,,,CN,,,,90221400,C-ARM SYSTEM MODEL: PLX7000C,,1.0,,615.0,41000.0,,,
2025-02-20,孟加拉国,中国,OMEGA MEDICAL COMPLEX LIMITED,NANJING PERLOVE MEDICAL EQUIPMENT C,"House No-1, Mokka Tower, Kamarpara,",,,,,China,,,,90221400,C-ARM SYSTEM MODEL: PLX7000C,,1.0,NMB,615.0,41000.0,,,
2025-09-05,哥伦比亚,中国,ET SERVICES S A S,YANGZHOU KINDSWAY BIOTECH CO LTD,CL 59 A SUR 74 61,CHENGBEI INDL PARK XIANNV TOW,,,,CHINA,,,,9022140000,"DO 352025409 DECLARACION(1-1) MERCANCIA NUEVA, VISTO BUENO INVIMA NB0 VINVIMA-25-0103281 FECHA 2025-07-25.. PRODUCTO: SI",,1.0,NUMERO DE ARTICULOS,738.0,40958.55,,,
2025-04-21,巴基斯坦,中国,ALAM MEDIX,BNG MEDICAL INSTRUMENTS CO LTD 3RD FLOOR BLOC,"DR.RAMZAN MEDICAL CENTRE, MAYO HOSPITAL ROAD, ., Lahore Data Gunj Bukhsh Town","K 3, NO.14, ZHONGXIN
G ROAD, XIUXIN COMMUNITY KENGZI STR
EET, PINGSHAN DISTRICT, SHENZHEN, C
HINA",,,,China                         ,,Shekou,KAPW,90221400,MOBILE X-RAY MACHINE MX-40 HUESTIS WITH STD ACCESSORIES PNRA NOC NO.RNSD-I/IM.RG-128.2/2025,,4.0,u,11740.0,40853.0872,HS25030334,,
2025-07-16,印度,中国,SIEMENS HEALTHCARE PRIVATE LIMITED,SIEMENS HEALTHINEERS AG,"130, PANDURANG BUDHKAR MARG,  N/A",,,,,CHINA,,Shanghai,NHAVA SHEVA SEA (INNSA1),90221490,( IMAGE INTENSIFIER CIOS SELECT VA21 II SYSTEM COMPLETE WITHACCESSORIES ( AS PER INV ) ) CIOS SELECT( IMAGE INTENSIFIER CIOS SELECT VA21 II SYSTEM COMPLETE WITH,,1.0,SET,0.0,40287.152,2PMPA5SZZ2T0A,,
2025-01-24,印度,中国,SIEMENS HEALTHCARE PRIVATE LIMITED,SIEMENS HEALTHINEERS AG,"130, PANDURANG BUDHKAR MARG,  N/A",,,,,CHINA,,Shanghai,NHAVA SHEVA SEA (INNSA1),90221490,( IMAGE INTENSIFIER SYSTEM COMPLETE WITH ACCESSORIES (AS PERINV) CIOS SELECT VA21 II( IMAGE INTENSIFIER SYSTEM COMPLETE WITH ACCESSORIES (AS PER,,1.0,SET,0.0,40220.5282,GFTZNVDZ7T24V,,
2025-01-10,印度,中国,MIDORI SOLUTIONS PRIVATE LIMITED,CR TECHNOLOGY INTERNATIONAL LTD,"23-A, Ground floor, KH.No. 77/11,Block-C, Swarn Park, near DS sainik model school,",,,,,CHINA,,Shanghai,NHAVA SHEVA SEA (INNSA1),90221490,FOOD INSPECTION SYSTEM - MEKI FOOD INSPECTION SYSTEM - MEKI,,2.0,SET,0.0,40126.7056,9TLFQET0TQJ4R,,
2025-06-23,哈萨克斯坦,中国,ТОО АЛЬЯНС,BEIJING WANDONG MEDICAL TECHNOLOGY CO LTD,"КАЗАХСТАН, Г.УСТЬ-КАМЕНОГОРСК, УЛ.КРАСИНА 12/2","КИТАЙ, BEIJING, BUILDING 3,№9 JIUXIANGIAODONG ROAD",,,"BEIJING WANDONG MEDICAL TECHNOLOGY CO LTD,КИТАЙ;
",China,Kazakhstan,,,9022140000,"1. МEДИЦИНСКАЯ РЕНТГЕНОГРАФИЧЕСКАЯ СИСТЕМА NEW ORIENTAL 1000NA,    МЕДИЦИНСКОЕ РЕНТГЕНОВСКОЕ ОБОРУДОВАНИЕ; ПРОИЗВОДИТЕЛЬ: BEIJING WANDONG MEDICAL TECHNOLOGY CO LTD,КИТАЙ; , КОЛИЧЕСТВО: 2.00 ШТ;",,2.0,ШТ,1240.0,40000.0,,,";
"
2025-06-17,乌兹别克斯坦,中国,ООО SHENZHEN BROWINER DISTRIBUTOR,SHENZHEN BROWINER TECH CO LTD,"Харезмская обл, Янгиарикский район, ул. Амударя, 100/10","Room 501, Building C, Ganghongji High-Tech Intelligent Industrial Park, No.1008, Songbai Road, Yangg",,,,,,,,9022140000,"1. Медицинское Оборудование: Система цифровой рентгенографии модель PerfoX 3000A  с принадлежностями, 2 комплект. новая 2025 г вып, завод Производитель:  Shenzhen Browiner Tech Co., Ltd / Китай.-Вес 1420 кг.  Кол. 2 шт 
2. Всего мест-6. 6 дерев. ящик
8.",,2.0,шт,1420.0,40000.0,,,Browiner
2025-08-06,孟加拉国,中国,BIOTECH INTERNATIONAL,SUZHOU SHOIMAGE MEDICALEQUIPMENT CO,"1, 1/1, Naya Paltan Rupayan Taj",,,,,CN,,,,90221400,DIGITAL X-RAY MACHINE WITH STANDERD ACCESSORIESMODEL NO-SHO-DDX04,,5.0,,3000.0,40000.0,,,
2025-09-23,孟加拉国,中国,SMART MEDICAL SYSTEMS,SUZHOU SHOIMAGE MEDICAL EQUIPMENT C,"NEW-18, OLD-30, NAYA PALTAN; Paltan",,,,,CN,,,,90221400,DIGITAL X-RAY MACHINE WITH STANDERD ACCESSORIES,,5.0,,3000.0,40000.0,,,
2025-07-14,乌兹别克斯坦,中国,ООО SHENZHEN BROWINER DISTRIBUTOR,SHENZHEN BROWINER TECH CO LTD,"Харезмская обл, Янгиарикский район, ул. Амударя, 100/10","Room 501, Building C, Ganghongji High-Tech Intelligent Industrial Park, No.1008, Songbai Road, Yangg",,,,,,,,9022140000,"1. Медицинское Оборудование: Система цифровой рентгенографии модель PerfoX 3000A  с принадлежностями, 2 комплект. новая 2025 г вып, завод Производитель:  Shenzhen Browiner Tech Co., Ltd / Китай.-Вес 1420 кг.  Кол. 2 шт 
2. Всего мест-6. 6 дерев. ящик
8.",,2.0,шт,1420.0,40000.0,,,Browiner
2025-06-19,亚美尼亚,中国,SIUN LLC,SHENZHEN SONTU MEDICAL IMAGING EQUIPMENT CO LTD,,,,,,China (CN),Armenia (AM),,,90221400000,MOBILE DIGITAL X-RAY SYSTEM SONTU100-POR,,2.0,ՀԱՏ,335.0,39632.9,,,
2025-02-24,菲律宾,中国,GENERAL ELECTRIC PHILS INC,BEIJING GE HUALUN MEDICAL EQUIPMENT,"27TH FLOOR MENARCO TOWER, 32ND STREET, BONIFACIO, GLOBAL CITY, TAGUIG CITY",,,,,CHINA,,,,90221400000,1 EA OEC ONE CFD21 VASCULAR 25 (S20205GS),,1.0,,404.0,38997.4,BJS38219972,,
2025-03-11,阿根廷,中国,MEDIFY EQUIPAMIENTO MEDICO S A,,,,,,,China,,,,90221419000,"LOS DEMAS. LOS DEMAS, PARA USO MEDICO, QUIRURGICO O VETERINARIO. APARATOS DE RAYOS X Y APARATOS QUE UTILICEN RADIACIONES ALFA, BETA GAMMA O DEMAS RADIACIONES IONIZANTES, INCLUSO PARA USO MEDICO, QUIRURGICO, ODONTOLOGICO O VETERINARIO, INCLUIDOS LOS APARATOS DE RADIOGRAFIA O RADIOTERAPIA, TUBOS DE RAYOS X Y DEMAS DISPOSITIVOS GENERADORES DE RAYOS X, GENERADORES DE TENSION, CONSOLAS DE MANDO, PANTALLAS, MESAS, SILLONES Y SOPORTES SIMILARES PARA EXAMEN O TRATAMIENTO. INSTRUMENTOS Y APARATOS DE OPTICA, FOTOGRAFIA O CINEMATOGRAFIA, DE MEDIDA, CONTROL O PRECISION; INSTRUMENTOS Y APARATOS MEDICOQUIRURGICOS; PARTES Y ACCESORIOS DE ESTOS INSTRUMENTOS O APARATOS. RV 32B",,3.0,Unidades,0.0,38985.0,,,DAWEI
2025-07-01,哥伦比亚,中国,INVERSIONES RODRIGUEZ CASTANEDA SAS,TOOTOO MEDITECH CO LTD,KR 7 180 75 LC 21 22 MOD 3,ROOM 2401 BUILDING 3A INTELLIGENT,,,,CHINA,,,,9022140000,"DO BOGI25034730. PEDIDO TRAMITE: PED VVG-25 /327. DECLARACION(1-1). MERCANCIA NUEVA, NOS ACOGEMOS AL DECRETO 0925 DE MAY",,13.0,NUMERO DE ARTICULOS,307.8,38778.55,,,
2025-08-18,菲律宾,中国,GE HEALTHCARE PHILIPPINES INC,GE HUALUN MEDICAL SYSTEMS CO LTD,27TH FLR. MENARCO TOWER 32ND ST. BONIFACIO GLOBAL CITYTAGUIG CITY 1634PHILIPPINES,,,,,CHINA,,,,90221400000,1 EA OEC One CFD21 Vascular 25 (S20205GS),,1.0,UNKNOWN,404.0,38587.0358,YLC06278333,,
2025-04-14,菲律宾,中国,GENERAL ELECTRIC PHILS INC,GE HUALUN MEDICAL SYSTEMS CO LTD,"27TH FLOOR MENARCO TOWER, 32ND STREET, BONIFACIO, GLOBAL CITY, TAGUIG CITY",,,,,CHINA,,,,90221400000,1 EA OEC ONE CFD21 VASCULAR 25 [S20205GS],,1.0,,402.4,38506.7,BJS38221031,,
2025-10-08,菲律宾,中国,ELAN VITA DIAGNOSTIC SOLUTIONS,CHONGQING DONGEN TECHNOLOGY CO LTD,"NO. 78 BAYANIHAN VILLAGE, QUIOT PARDO CEBU CITYCEBU CITY 6000PHILIPPINES",,,,,CHINA,,,,90221400000,"DIGITAL MEDICAL X-RAY RADIOGRAPHICSYSTEM  MODEL MTP50-A - QTY. 2 UNITS (CHONGQING DONGEN TECHNOLOGY CO.,LTD)",,2.0,PIECE,1510.0,37798.2828,712510764777,,
2025-05-05,乌拉圭,中国,SIEMENS S A,,,,,,,Republica Popular de China,,,,9022141910,"EQUIPO RADIOLOGICO <<ARCO EN C>> (PARA USO HUMANO). LOS DEMAS. DE DIAGNOSTICO. LOS DEMAS, PARA USO MEDICO, QUIRURGICO O VETERINARIO. APARATOS DE RAYOS X Y APARATOS QUE UTILICEN RADIACIONES ALFA, BETA GAMMA O DEMAS RADIACIONES IONIZANTES, INCLUSO PA",,1.0,Unidad (C/U),415.0,37659.81,,,
2025-07-01,肯尼亚,中国,GE HEALTHCARE KENYA LIMITED,GE HEALTHCARE TRADE AND DEVELOPMENT LLC,,,,,,China,Kenya,,,90221400,H; OEC One CFD; OEC One CFD (Complete with Accessories Unassembled); MEDICAL; GE Healthcare Trade and Development LLC; S20205AA; 2; 1; S20205AA; METALLIC; 401; 1; 1;,,1.0,UNT,0.0,37515.82,,,
2025-01-06,越南,中国,CÔNG TY TNHH THIẾT BỊ Y TẾ PHƯƠNG ĐÔNG,CARESTREAM HEALTH SINGAPORE PTE LTD,"4th Floor, Building D1, Land Lot Ct2, Kim Van-Kim Lu New Urban Area, Dai Kim Ward, Hoang Mai District, Hanoi City, Vietnam","315 ALEXANDRA ROAD,  #04-01, SINGAPORE 159944,159944, SG",,,,China,,,,90221400,"Máy X-quang kỹ thuật số: DRX-Compass X-ray System, code: 8621617; HSX: Rayco (Shanghai) Medical Products Company Limited, S/N: S1702G2; Hàng mới 100%,Digital X-ray machine: DRX-Compass X-ray System, code: 8621617; Manufacturer: Rayco (Shanghai) Medical Products Company Limited, S/N: S1702G2; 100% new",,1.0,Set,0.0,37500.0,,,
2025-07-21,智利,中国,,,,,,,,CHINA,,other ports of china,Aeropuerto comodoro arturo merino ,90221490,"PARA DIAGNOSTICO, USO VETRINARIO",,10.0,UNIDADES,256.0,37127.79,FN2507039,,LANMAGE-F
2025-02-10,印度,中国,SIEMENS HEALTHCARE PRIVATE LIMITED,SIEMENS HEALTHINEERS AG,"130, PANDURANG BUDHKAR MARG,  N/A",,,,,CHINA,,Shanghai,NHAVA SHEVA SEA (INNSA1),90221490,( IMAGE INTENSIFIER COMPLETE WITH ACCESSORIES AS PER INV ) CIOS SELECT VA21( IMAGE INTENSIFIER COMPLETE WITH ACCESSORIES AS PER INV ) C,,1.0,SET,0.0,37020.2549,8QOTY2SZZ82WG,,
2025-06-05,乌兹别克斯坦,中国,ООО INTERMED INNOVATION TRADE,SHENZHEN ANGELL TECHNOLOGY CO LTD,"г. Ташкент, ул.Чинабад, 10а","ADD: Room 408, Building A, Huahan Innovation Park, Langshan",,,,,,,,9022140000,"1. Digital Medical X-ray Radiographic System Angell-DR-B1-L with accessories / Система рентгенографическая медицинская цифровая Angell-DR-B1-L с принадлежностями, сер.№ Angell DR-B1-L25020013, новая год выпуска-2024г., производителя: Shenzhen Angell Tech",,1.0,шт,725.0,37000.0,,,Angell
2025-02-20,乌兹别克斯坦,中国,ООО SHERXON MZF,HNV INTERNATIONAL COMPANY LIMITED,,,,,,,,,,9022140000,"1. Новое Медицинское Оборудование: год выпуска 2025г. Система рентгеновская хирургическая мобильная С-дугой модель Garion с принадлежностями. Производитель: ""SG Healthcare Co., Ltd"" Корея. - кол. 1 шт, вес: 310 кг
2. мест 2, 2 карт. кор на паллете
8. 000",,1.0,шт,310.0,37000.0,,,
2025-07-01,巴西,中国,UNIVEN HEALTHCARE S A,SHANTOU INSTITUTE OF ULTASONIC INSTRUMENTS HK CO LTD,,,,,,,,,ITAJAI,90221419,"APARELHOS DE RAIOS X E APARELHOS QUE UTILIZEM AS RADIAçõES ALFA, BETA OU GAMA, MESMO PARA USOS MéDICOS, CIRúRGICOS, ODONTOLóGICOS OU VETERINáRIOS, INCLUíDOS OS APARELHOS DE RADIOFOTOGRAFIA OU DE RADIOTERAPIA, OS TUBOS DE RAIOS X E OUTROS DISPOSITIVOS GERA",,5.0,UNITY,245.0,36625.0,,,
2025-07-01,巴西,中国,UNIVEN HEALTHCARE S A,SHANTOU INSTITUTE OF ULTASONIC INSTRUMENTS HK CO LTD,,,,,,,,,ITAJAI,90221419,"APARELHOS DE RAIOS X E APARELHOS QUE UTILIZEM AS RADIAçõES ALFA, BETA OU GAMA, MESMO PARA USOS MéDICOS, CIRúRGICOS, ODONTOLóGICOS OU VETERINáRIOS, INCLUíDOS OS APARELHOS DE RADIOFOTOGRAFIA OU DE RADIOTERAPIA, OS TUBOS DE RAIOS X E OUTROS DISPOSITIVOS GERA",,15.0,UNITY,245.0,36625.0,,,
2025-07-04,智利,中国,,,,,,,,CHINA,,Busan,Valparaiso,90221411,DE USO VETERINARIO  PARAMASCOTAS  DIGITALES,,3.0,UNIDADES,600.0,36364.47,(M)HLCUSEL250563511(H)WJXG2505,,BEIJING WANDONGMEDICAL-F
2025-02-05,俄罗斯,中国,SHTEIMAN KRAFT OOO,SHENZHEN SONTU MEDICAL IMAGING EQUIPMENT CO LTD,"129226, , Г. МОСКВА, УЛ. ДОКУКИНА, Д.8, СТР. 2, ПОМ.3.1, ЭТ.6,","518122, SHENZHEN, PINGSHAN NEW DISTRICT, JINHUI ROAD, SHENZHEN BIOMEDICINE I, 10",,,"SHENZHEN SONTU MEDICAL IMAGING EQUIPMENT CO., LTD",China (CN),Russia,,,9022140000,"X-RAY EQUIPMENT FOR VETERINARY USE WITH ACCESSORIES, NO RADIOACTIVE SOURCES, SUPPLIED PARTIALLY DISASSEMBLED FOR EASY TRANSPORTATION:",,10.0,PC,200.0,36027.59,,,ШTEIMAN
2025-03-01,巴西,中国,BUSCH DO BRASIL LTDA,BUSCH PRODUKTIONS GMBH,GO,,,,,"Hong Kong,China (HK)",,,,90221419,"APARELHOS DE RAIOS X E APARELHOS QUE UTILIZEM AS RADIAçõES ALFA, BETA OU GAMA, MESMO PARA USOS MéDICOS, CIRúRGICOS, ODONTOLóGICOS OU VETERINáRIOS, INCLUíDOS OS APARELHOS DE RADIOFOTOGRAFIA OU DE RADIOTERAPIA, OS TUBOS DE RAIOS X E OUTROS DISPOSITIVOS GERA",,2.0,UNID.,520.0,35921.0,,,
2025-06-25,乌兹别克斯坦,中国,ООО SHENZHEN BROWINER DISTRIBUTOR,SHENZHEN BROWINER TECH CO LTD,"Харезмская обл, Янгиарикский район, ул. Амударя, 100/10","Room 501, Building C, Ganghongji High-Tech Intelligent Industrial Park, No.1008, Songbai Road, Yangg",,,,,,,,9022140000,"1. Медицинское Оборудование: Мобильная рентгеновская система с С-дугой модель CompaX 500C (Mobile C-arm X-ray System) с принадлежностями, 1 комплект. новая 2025 г вып, завод Производитель:  Shenzhen Browiner Tech Co., Ltd / Китай.-Вес 475 кг.  Кол. 1 шт",,1.0,шт,475.0,35500.0,,,Browiner
2025-06-27,乌兹别克斯坦,中国,ООО TESLAMED SYSTEM,HNV INTERNATIONAL COMPANY LIMITED,"г. Ташкент, Шайхантахурский р-н, Янгиобод МФЙ, Устазода, пр. 1 улица, дом-12",Flat 1318-19 13/F Hollywood Plaza 610 Nathan Road Mongkok KL HongKong,,,,,,,,9022140000,"1. Новое Медицинское Оборудование: год выпуска 2025г. Мобильная цифровая рентгеновская система С-дуга PLX 118F с принадлежностями. Производитель: ""Nanjing Perlove Medical Equipment Co., Ltd"" Китай. - кол. 1 шт, вес: 370 кг
2. мест 1, 1 палетта
8. 000
9.",,1.0,шт,370.0,35500.0,,,Nanjing
2025-08-11,乌兹别克斯坦,中国,ООО SHENZHEN BROWINER DISTRIBUTOR,SHENZHEN BROWINER TECH CO LTD,"Харезмская обл, Янгиарикский район, ул. Амударя, 100/10","Room 501, Building C, Ganghongji High-Tech Intelligent Industrial Park, No.1008, Songbai Road, Yangg",,,,,,,,9022140000,"1. Медицинское Оборудование: Мобильная рентгеновская система с С-дугой модель CompaX 500C (Mobile C-arm X-ray System) с принадлежностями, 1 комплект. новая 2025 г вып, завод Производитель:  Shenzhen Browiner Tech Co., Ltd / Китай.-Вес 475 кг.  Кол. 1 шт",,1.0,шт,475.0,35500.0,,,Browiner
2025-06-17,乌兹别克斯坦,中国,ООО SHENZHEN BROWINER DISTRIBUTOR,SHENZHEN BROWINER TECH CO LTD,"Харезмская обл, Янгиарикский район, ул. Амударя, 100/10","Room 501, Building C, Ganghongji High-Tech Intelligent Industrial Park, No.1008, Songbai Road, Yangg",,,,,,,,9022140000,"1. Медицинское Оборудование: Мобильная рентгеновская система с С-дугой модель CompaX 500C (Mobile C-arm X-ray System) с принадлежностями, 1 комплект. новая 2025 г вып, завод Производитель:  Shenzhen Browiner Tech Co., Ltd / Китай.-Вес 475 кг.  Кол. 1 шт",,1.0,шт,475.0,35500.0,,,Browiner
2025-07-14,乌兹别克斯坦,中国,ООО SHENZHEN BROWINER DISTRIBUTOR,SHENZHEN BROWINER TECH CO LTD,"Харезмская обл, Янгиарикский район, ул. Амударя, 100/10","Room 501, Building C, Ganghongji High-Tech Intelligent Industrial Park, No.1008, Songbai Road, Yangg",,,,,,,,9022140000,"1. Медицинское Оборудование: Мобильная рентгеновская система с С-дугой модель CompaX 500C (Mobile C-arm X-ray System) с принадлежностями, 1 комплект. новая 2025 г вып, завод Производитель:  Shenzhen Browiner Tech Co., Ltd / Китай.-Вес 475 кг.  Кол. 1 шт",,1.0,шт,475.0,35500.0,,,Browiner
2025-07-11,秘鲁,中国,CORPORACION TECNOMEDICAL SAC,,,,,,,"CHINA, PEOPLE'S REPUBLIC OF",,SHANGHAI,,9022140000,"LOS DEMAS, PARA USO MEDICO, QUIRURGICO O VETERINARIO. LOS DEMAS, PARA USO MEDICO, QUIRURGICO O VETERINARIO. APARATOS DE RAYOS X Y APARATOS QUE UTILICEN RADIACIONES ALFA, BETA O GAMMA, INCLUSO PARA USO MEDICO, QUIRURGICO, ODONTOLOGICO",,1.0,UNITS,1300.0,35483.2,,,
2025-03-27,厄瓜多尔,中国,MENA SALAZAR WILLIAM RODRIGO,BEIJING WANDONG MEDICAL TECHNOLOGY CO LTD,,,,,,CHINA,,Qingdao,,9022140000,SISTEMA RADIOGRAFICO DIGITAL CON SUS ACCESORIOS,,1.0,NUMERO DE UNIDADES,1186.0,35350.0,CEC2025HLCU0048,,WANDONG
2025-06-02,乌兹别克斯坦,中国,ООО GLOBALMED,SHENZHEN HONGSHITONG TRADING CO LTD,"г. Ташкент, Алмазарский р-н, ул. Чимбой тор талант, дом-3",Shenzhen China,,,,,,,,9022140000,"1. Новое Медицинское Оборудование: год выпуска 2025г. Система рентгеновская хирургическая мобильная С-дугой модель Garion с принадлежностями. Производитель: ""SG Healthcare Co., Ltd"" Корея. - кол. 1 шт, вес: 401 кг
2. мест 2, 2 карт. кор на паллете
8. 000",,1.0,шт,401.0,35000.0,,,SG Healthcare
2025-02-21,乌兹别克斯坦,中国,ХК NEURO MED CENTER,HNV INTERNATIONAL COMPANY LIMITED,,,,,,,,,,9022140000,"1. Новое Медицинское Оборудование: год выпуска 2025г. Система рентгеновская хирургическая мобильная С-дугой модель Garion с принадлежностями/ X-ray surgical mobile C-arm model Garion with accessories.
Производитель: ""SG Healthcare Co., Ltd"" Korea/Корея -",,1.0,шт,310.0,35000.0,,,
2025-08-10,美国,中国,DRTECH NORTH AMERICA INC,, 11350 OLD ROSWELL ROAD SUITE 700ALPHARETTA GA 30009 USAATTN MS HEEYEON ,N/A,N/A,N/A,,"CN, CHINA",,Pusan,"NEW YORK,NY",902214,MEDICAL X RAYS APPARATUS,NO MARKS,5.0,CTN,1750.0,35000.0,TWMFTWSC25061509,HLBU1336566,
2025-06-25,印度,中国,KIMS HOSPITAL BENGALURU PRIVATE LIMITED,WIPRO GE HEALTHCARE PVT LTD,N/A N/A,,,,,CHINA,,Singapore,BANGALORE ACC (INBLR4),90221420,C-ARM OEC ONE (1 SET) (MEDICAL EQUIPMENT) (EPCG LIC#0731014017 DT:25-03-2025)C-ARM OEC ONE (1 SET) (MEDICAL EQUIPMENT) (EPCG LIC#07310140,,1.0,NOS,0.0,34836.4345,P60HM8KUCCCJL,,
2025-06-25,印度,中国,KIMS HOSPITAL BENGALURU PRIVATE LIMITED,WIPRO GE HEALTHCARE PVT LTD,N/A N/A,,,,,CHINA,,Singapore,BANGALORE ACC (INBLR4),90221420,C-ARM OEC ONE (1 SET) (MEDICAL EQUIPMENT) (EPCG LIC#0731014017 DT:25-03-2025)C-ARM OEC ONE (1 SET) (MEDICAL EQUIPMENT) (EPCG LIC#07310140,,1.0,NOS,0.0,34836.4345,P60HM8KUCCCJL,,
2025-11-21,秘鲁,中国,TECNO IMAGEN PERU S A C,SHENZHEN BROWINER TECH CO LTD,,,,,,"CHINA, PEOPLE'S REPUBLIC OF",,SHANGHAI,,9022140000,"RAYOS X ESTACIONARIO, ANGELL, MTP50-B DIGITAL MEDICAL X-RAY RADIOGRAPHIC SYSTEM USO DIAGNOSTICO MEDICO DE RADIOGRAFIA DIGITAL SISTEMA DE RADIOGRAFIA DIGITAL METAL/SE ADJUNTA PERMISO DE IPEM: DR: 2025759588 / NO. 00959-2025-IPEN/OTAN",,1.0,UNITS,850.0,34793.1,,,
2025-06-01,巴西,中国,CARESTREAM DO BRASIL COMERCIO E SERVICOS DE PRODUTOS ME,CARESTREAM HEALTH HK HOLDING LTD,,,,,,,,,VARGINHA,90221419,"APARELHOS DE RAIOS X E APARELHOS QUE UTILIZEM AS RADIAçõES ALFA, BETA OU GAMA, MESMO PARA USOS MéDICOS, CIRúRGICOS, ODONTOLóGICOS OU VETERINáRIOS, INCLUíDOS OS APARELHOS DE RADIOFOTOGRAFIA OU DE RADIOTERAPIA, OS TUBOS DE RAIOS X E OUTROS DISPOSITIVOS GERA|BENS DE CAPITAL (EXCETO EQUIPAMENTOS DE TRANSPORTE)|PRODUTOS MANUFATURADOS|FABRICAçãO DE EQUIPAMENTOS DE IRRADIAçãO, ELETROMéDICOS E ELETROTERAPêUTICOS|APARELHOS DE RAIOS X P/USO MEDICO,CIRURGICO OU VETERIN.",,1.0,UNITY,446.9,34716.69,,,
2025-10-02,哥斯达黎加,中国,LATIN AMERICAN BIOPHARMA LABSA SOCIEDAD,BEIJING WANDONG MEDICAL TECHNO,,,,,,CHINA,,,,902214000020,MAQUINA DE RAYOS X MODELO ORIENTAL 1000N6 VETERINARIO,,2.0,Unidad (c/u),583.19,34709.9,,,SM                                                                    
2025-04-25,乌拉圭,中国,SIEMENS S A,,,,,,,Republica Popular de China,,,,9022141910,"EQUIPO RADIOLOGICO <<ARCO EN C>> (PARA USO HUMANO). LOS DEMAS. DE DIAGNOSTICO. LOS DEMAS, PARA USO MEDICO, QUIRURGICO O VETERINARIO. APARATOS DE RAYOS X Y APARATOS QUE UTILICEN RADIACIONES ALFA, BETA GAMMA O DEMAS RADIACIONES IONIZANTES, INCLUSO PA",,1.0,Unidad (C/U),415.0,34401.04,,,
2025-09-04,乌拉圭,中国,TERA INGENIEROS S R L,,,,,,,Republica Popular de China,,,,9022141300,"PARA DENSITOMETRIA OSEA, COMPUTARIZADO. DE DIAGNOSTICO. LOS DEMAS, PARA USO MEDICO, QUIRURGICO O VETERINARIO. APARATOS DE RAYOS X Y APARATOS QUE UTILICEN RADIACIONES ALFA, BETA GAMMA O DEMAS RADIACIONES IONIZANTES, INCLUSO PARA USO MEDICO, QUIRUR",,1.0,Unidad (C/U),521.63,34308.82,,,
2025-08-26,孟加拉国,中国,FOCUS HEALTH CARE,TRIUP INTERNATIONAL CORP,"House: 2/8, N.S Road, Block- A,",CHINA,,,,CN,,,,90221400,X-RAY MACHINE MODEL TR-50N.TR-20N.TR300A,,5.0,,2840.0,34200.0,,,
2025-02-01,巴西,中国,GE HEALTHCARE DO BRASIL COMERCIO E SERVICOS PARA EQUIPA,,,,,,,China,,,,90221419,"Outros aparelhos de raios X, para diagnóstico médico, cirúrgico, etc.",,8.0,UNID.,26.8,34156.91,,,
2025-09-01,哥伦比亚,中国,INVERSIONES RODRIGUEZ CASTANEDA SAS,TOOTOO MEDITECH CO LTD,KR 7 180 75 LC 21 22 MOD 3,ROOM 2401 BUILDING 3A INTELLIGENT,,,,CHINA,,,,9022140000,"DO BOGI25035903. PEDIDO TRAMITE: VVG-25 554. DECLARACION(1-1). MERCANCIA NUEVA, NOS ACOGEMOS AL DECRETO 0925 DE MAYO 0",,12.0,NUMERO DE ARTICULOS,293.4,34113.9,,,
2025-05-08,尼日利亚,中国,AFALOG MEDICAL DIAGNOSTIC CENTER LIMITED,NEUSOFT MEDICAL SYSTEMS CO LTD,,,,,,China,,,APAPA PORT,9022140000,"Apparatus based on the use of X-rays or of alpha, betaused for medical, surgical .",,0.0,,2000.0,33792.8,,,
2025-08-20,墨西哥,中国,XRG ESPECIALIDADES MEDICAS SA DE CV,BEIJING WANDONG MEDICAL TECHNOLOGY CO LTD,"SANTA MARGARITA 425 CALLE SANTA ROSALIA Y CALLE CALIFORNIA
Coyoacan
Ciudad de Mexico
03100","


",,,,CHINA,,,MANZANILLO MANZANILLO COLIMA.,9022149199,APARATO DE RAYOS X DE USO VETERINARIO,,3.0,PIECE,600.0,33537.15,,,
2025-07-01,巴西,中国,SENIOR COMERCIAL IMPORTACAO E DISTRIBUICAO LTDA,HEBEI RUIGE INTERNATIONAL TRADING CO LTD,,,,,,,,,IRF - AEROPORTO INTERNACIONAL DE FLORIANÓPOLIS,90221419,"APARELHOS DE RAIOS X E APARELHOS QUE UTILIZEM AS RADIAçõES ALFA, BETA OU GAMA, MESMO PARA USOS MéDICOS, CIRúRGICOS, ODONTOLóGICOS OU VETERINáRIOS, INCLUíDOS OS APARELHOS DE RADIOFOTOGRAFIA OU DE RADIOTERAPIA, OS TUBOS DE RAIOS X E OUTROS DISPOSITIVOS GERA",,4.0,UNITY,133.0,33500.0,,,
2025-09-04,秘鲁,中国,GAMA MEDICAL PERU SAC,,,,,,,"CHINA, PEOPLE'S REPUBLIC OF",,SHANGHAI,,9022140000,"SISTEMA MOVIL DE RAYOS X, S/M, COMPAX 500C REGISTRO SANITARIO:DBC1227E,COLIMADOR,DETECTOR DIGITAL,SISTEMA DE PROCESAMIENTO DE IMAGENE SE UTILIZA PARA OBTENER IMAGENES RADIOLOGICAS EN TIEMPO REAL DURANTE PROCEDIMIENTOS QUIRUR SISTEMA MOVIL DE RAYOS X CON ARCO EN C CAJA DE MADERA CONTENIENDO 01 EQUIPO BIOMEDICO",,1.0,UNITS,475.0,33492.4,,,
2025-03-04,哈萨克斯坦,中国,ТОВАРИЩЕСТВО С ОГРАНИЧЕННОЙ ОТВЕТСТВЕННОСТЬЮ MEDSYST МЕДСИСТ,NANJIN PERLOVE MEDICAL EQUIPMENT CO LTD,"КАЗАХСТАН, Г.АЛМАТЫ,  УЛ. КЕРЕЙ-ЖАНИБЕК ХАНДАР, Д. 117 А  ","КИТАЙ, NO.97&99 WANGXI ROAD, JIANGNING DISTRICT, NANJING 211100  ",,,"NANJING PERLOVE MEDICAL EQUIPMENT CO., LTD;
",China,Kazakhstan,,,9022140000,"1. МОБИЛЬНАЯ ЦИФРОВАЯ СИСТЕМА C-ДУГИ HF,    МОБИЛЬНАЯ ЦИФРОВАЯ СИСТЕМА C-ДУГИ HF; ПРОИЗВОДИТЕЛЬ: NANJING PERLOVE MEDICAL EQUIPMENT CO., LTD; ТОВАРНЫЙ ЗНАК: NANJING PERLOVE MEDICAL EQUIPMENT CO., LTD; МАРКА ТОВАРА: NANJING PERLOVE MEDICAL EQUIPMENT CO., LTD; , КОЛИЧЕСТВО: 1.00 ШТ;",,1.0,ШТ,370.0,33440.22,,,"NANJING PERLOVE MEDICAL EQUIPMENT CO., LTD;
"
2025-03-14,印度,中国,PROGNOSYS MEDICAL SYSTEMS PRIVATE LIMITED,NEUSOFT MEDICAL SYSTEMS CO LTD,"NO.249, 4TH MAIN ROAD,  CHAMARAJPET, ",,,,,CHINA,,Beijing,BANGALORE ACC (INBLR4),90221410,DIAGNOSTIC X-RAY HIGH VOLTAGE GENERATOR (VENUS-32-R) (FOR MANUFACTUREOF X-RAY MACHINE)X RAY GENERATOR,,10.0,NOS,0.0,33355.69,1SIY26JQ58ZNO,,
2025-01-22,哈萨克斯坦,中国,ПРОИЗВОДСТВЕННЫЙ КООПЕРАТИВ НУРБОЛАТ,NANJING PERLOVE MEDICAL EQUIPMENT CO LTD,"Г.АБАЙ КЕЛЕССКИЙ Р-Н,Д.КОНАЕВА,20",NANJING WANGХI ROAD 97,,,"NANJING PERLOVE MEDICAL EQUIPMENT CO., LTD",China,Kazakhstan,,,9022140000,МОБИЛЬНАЯ ЦИФРОВАЯ СИСТЕМА С-ДУГИ HF PLX118F,,1.0,ШТ,370.0,33217.44,,,
2025-09-22,阿根廷,中国,MEDIFY EQUIPAMIENTO MEDICO S A,,,,,,,China,,,,90221419000,"LOS DEMAS. LOS DEMAS, PARA USO MEDICO, QUIRURGICO O VETERINARIO. APARATOS DE RAYOS X Y APARATOS QUE UTILICEN RADIACIONES ALFA, BETA GAMMA O DEMAS RADIACIONES IONIZANTES, INCLUSO PARA USO MEDICO, QUIRURGICO, ODONTOLOGICO O VETERINARIO, INCLUIDOS LOS APARATOS DE RADIOGRAFIA O RADIOTERAPIA, TUBOS DE RAYOS X Y DEMAS DISPOSITIVOS GENERADORES DE RAYOS X, GENERADORES DE TENSION, CONSOLAS DE MANDO, PANTALLAS, MESAS, SILLONES Y SOPORTES SIMILARES PARA EXAMEN O TRATAMIENTO. INSTRUMENTOS Y APARATOS DE OPTICA, FOTOGRAFIA O CINEMATOGRAFIA, DE MEDIDA, CONTROL O PRECISION; INSTRUMENTOS Y APARATOS MEDICOQUIRURGICOS; PARTES Y ACCESORIOS DE ESTOS INSTRUMENTOS O APARATOS. RV 32A",,3.0,Unidades,1168.4581,33060.72,,,DAWEI
2025-05-06,亚美尼亚,中国,AVEMED LLC,ORICH MEDICAL EQUIPMENT TIANJIN CO LTD,,,,,,China (CN),Armenia (AM),,,90221400000,MEDICAL X-RAY EQUIPMENT OX-C500,,1.0,Հատ,600.0,32611.38,,,
2025-07-30,智利,中国,,,,,,,,CHINA,,Busan,San Antonio,90221411,APARATOS DE RAYOS X PARA RADIOTERAPIA,,1.0,UNIDADES,980.0,32581.8,YTSNF24406900(H)TJWDSNT2558104,,
2025-09-18,菲律宾,中国,SIEMENS HEALTHCARE INC,SIEMENS HEALTHINEERS AG,10TH FLR. M1 TOWER 141 H.V. DELA COSTA ST. SALCEDO VILL. BRGY. BEL-AIRMAKATI CITY 1227PHILIPPINES,,,,,CHINA,,,,90221400000,1 PCE: CIOS SELECT VA21 II (FD SYSTEM),,1.0,UNKNOWN,415.0,32266.546,SHAI02618,,
2025-07-23,哈萨克斯坦,中国,ТОО BESTEQUIP,SHENZHEN ANKE HIGH TECH CO LTD,"КАЗАХСТАН, Г. АЛМАТЫ, АЛМАЛИНСКИЙ Р-Н, УЛ. ЖЕЛТОКСАН , Д.111А, ОФ.6","КИТАЙ, BAO'AN DISTRICT,SHIYAN SUB-DISTRICT, TANGTOU NO 1 ROAD, LINGYA INDUSTRIAL ZONE, B",,,"SHENZHEN ANKE HIGH-TECH CO., LTD.;
",China,Kazakhstan,,,9022140000,"1. ASR-6850P ЦИФРОВАЯ РЕНТГЕНОГРАФИЧЕСКАЯ СИСТЕМА,    ASR-6850P ЦИФРОВАЯ РЕНТГЕНОГРАФИЧЕСКАЯ СИСТЕМА; ПРОИЗВОДИТЕЛЬ: SHENZHEN ANKE HIGH-TECH CO., LTD.; ТОВАРНЫЙ ЗНАК: ОТСУТСТВУЕТ; МАРКА ТОВАРА: ОТСУТСТВУЕТ; , КОЛИЧЕСТВО: 1.00 ШТ;",,1.0,ШТ,665.0,32203.12,,,"ОТСУТСТВУЕТ;
"
2025-07-23,乌拉圭,中国,SIEMENS S A,,,,,,,Republica Popular de China,,,,9022141910,"EQUIPO RADIOLÓGICO «ARCO EN C» (PARA USO HUMANO). LOS DEMÁS. DE DIAGNÓSTICO. LOS DEMÁS, PARA USO MÉDICO, QUIRÚRGICO O VETERINARIO. APARATOS DE RAYOS X Y APARATOS QUE UTILICEN RADIACIONES ALFA, BETA GAMMA O DEMÁS RADIACIONES IONIZANTES, INCLUSO PA",,1.0,Unidad (C/U),415.0,31903.4,,,
2025-09-18,印度,中国,TRIVITRON HEALTHCARE PRIVATE LIMITED,HOLOGIC INC,"NO.15,4TH STREET,  ABHIRAMAPURAM, ","36 APPLE RIDGE ROAD, DANBURY, CT US A-06819 USA SDNF United States",,,,China (CN),,CHICAGO,,90221490,HORIZON-WI ECCN-EAR99 HORIZON-WI,,1.0,NOS,0.0,31688.39,,,
2025-05-08,尼日利亚,中国,AFALOG MEDICAL DIAGNOSTIC CENTER LIMITED,NEUSOFT MEDICAL SYSTEMS CO LTD,,,,,,China,,,APAPA PORT,9022140000,"Apparatus based on the use of X-rays or of alpha, betaused for medical, surgical .",,0.0,,4000.0,31541.6,,,
2025-04-17,孟加拉国,中国,MEDINOVA MEDICAL SERVICES LTD,MR GLOBAL HK LTD,"Medinova Medical Services Limited,",FLAT/ROOM 11,,,,CN,,,,90221400,DIGIEYE 330 DIGITAL RADIOGRAPHY SYSTEM WITH STD. ACC.,,1.0,,784.0,31445.0,,,
2025-04-17,孟加拉国,中国,MEDINOVA MEDICAL SERVICES LTD,MR GLOBAL HK LTD,"Medinova Medical Services Limited,",,,,,China,,,,90221400,DIGIEYE 330 DIGITAL RADIOGRAPHY SYSTEM WITH STD. ACC.,,1.0,NMB,784.0,31445.0,,,
2025-10-13,菲律宾,中国,BAJ PHARMACEUTICALS,MR GLOBAL HK LIMITED,UNIT 503 5F CEDAR EXECUTIVE BLDG II 26 TIMOG AVE COR SCOUT TOBIAS STQUEZON CITY 1103PHILIPPINES,,,,,CHINA,,,,90221400000,"1 SET DR16B-CTO-S01 DIGIEYE 350 DIGITAL RADIOGRAPHY SYSTEM SERIAL NO./ BATCH NO. 25A0236 ED8-59000196 (MINDRAY DIGITAL RADIOGRAPHY SYSTEM) SAID TO CONTAIN 1 PC OF GRID (1.0M, 1.8M), 1 PC OF STANDARD 23.8 INCHES MONITOR (IAD-004), 1 PC OF M DAP, ETC.",,1.0,PIECE,763.6,31433.3433,CMZ1697484,,
2025-03-13,菲律宾,中国,EVERYDAY ENTERPRISE,SHENZHEN LANMAGE MEDICAL TECHNOLOGY,"ANGUS COMPLEX,81 A MCARTHUR HIGHWAY BRGY. MATINA TALOMO DIST., DAVAO CITY",,,,,CHINA,,,,90221400000,"XRAY RADIOGRAPHY SYSTEM,MAMMOGRAPHY SYSTEMHAND-HELD XRAY SYSTEM KEEN RAY DR50M (NJ86Y)",,12.0,PIECE,3857.0,31283.6,025F560574,,
2025-01-03,肯尼亚,中国,HARLEYS LTD,CANDOMED INTERNATIONAL LIMITED,42718 NAIROBI,"KOWLOON, HONG KONG",,,,China,Kenya,,,9022140000,H; X ray machine ; QTY 1; X ray machine ; QTY 1; diagnose diseases; NANJING PERL,,1.0,UNT,0.0,31251.8064,,,
2025-04-24,印度,中国,PROGNOSYS MEDICAL SYSTEMS PRIVATE LIMITED,NEUSOFT MEDICAL SYSTEMS CO LTD,"NO.249, 4TH MAIN ROAD,  CHAMARAJPET, ",,,,,CHINA,,Beijing,BANGALORE ACC (INBLR4),90221410,DIAGNOSTIC X-RAY HIGH VOLTAGEGENERATOR ( LUNAR-80-RF ) (FORMANUFACTUREOF X-RAY MACHINE)X RAY GENERATOR,,5.0,NOS,0.0,31245.758,2CVCJLX7HA8PZ,,
2025-07-28,哥伦比亚,中国,MEDICALBIO SAS,IRAY GROUP,CL 86 87 A 44,"NO 999, HUANQIAO ROAD, PUDONG NEW A",,,,CHINA,,,,9022140000,"DO BOGI0238115-001 PEDIDO TRAMITE: IRAY DECLARACION(1-1) MEDICALBIO SAS,. MERCANCIA NUEVA, NO APLICA REGISTRO DE IMPORTA",,7.0,NUMERO DE ARTICULOS,66.0,31000.0,,,
2025-07-02,哥伦比亚,中国,MINDRAY MEDICAL COLOMBIA SAS,MR GLOBAL HK LTD,AC 100 54 OF 1002,"FLAT/RM 1115-6 BLOCK 1, 11/F, GRAND",,,,CHINA,,,,9022140000,DO 220100410725-001 CODIGO / RESOLUCION USUARIO TRAMITE SIMPLIFICADO (UTS): U00853 PEDIDO TRAMITE: IMPO 82SEA25 DECLARA,,1.0,NUMERO DE ARTICULOS,677.4,30981.84,,,
2025-10-03,菲律宾,中国,MEDILIFE MEDICAL EQUIPMENT AND SUPP,NEUSOFT MEDICAL SYSTEMS CO LTD,"LIES TRADING 2ND FLOOR SIRE BLDG.,NINOY AQUINO ROAD,POBLACIONKIDAPAWAN CITY 9400PHILIPPINES",,,,,CHINA,,,,90221400000,NEUCARE MAMMO DR HD,,6.0,PIECE,876.5,30916.7373,CEM0135499,,
2025-06-26,科特迪瓦,中国,ENTREPR DE COMMERCE GENERAL ET,SHENZHEN BROWINER TECH CO LTD,05 BP 509 ABIDJAN (,ROOM 501 BUILDING C,,,,Chine,COTE D'IVOIRE,,,9022140000,"9022140000 - -- Appareils à rayons X pour usages médicaux, ch",,1.0,,280.0,30864.9291,,,
2025-06-12,印度,中国,TRIVITRON HEALTHCARE PRIVATE LIMITED,HOLOGIC INC,"NO.15,4TH STREET,  ABHIRAMAPURAM, ",,,,,CHINA,,DALLAS,SAHAR AIR CARGO ACC (INBOM4),90221490,HORIZON-WI 309993M HORIZON-WI 309993M,,1.0,NOS,0.0,30717.6525,T2POWN4P1EO4K,,
2025-06-19,坦桑尼亚,中国,KAIRUKI HOSPITAL,MEDSINGLONG CO LTD,,,,,,China,"Tanzania, United Republic of",,,902214000000,DYNAMIC FLUOROSCOPY X-RAY MACHINE,,1.0,NMB,1634.0,30637.4599,COSU6416053460,,
2025-06-19,坦桑尼亚,中国,KAIRUKI HOSPITAL,MEDSINGLONG CO LTD,,,,,,China,"Tanzania, United Republic of",,,902214000000,DYNAMIC FLUOROSCOPY X-RAY MACHINE,,1.0,NMB,1634.0,30637.4599,COSU6416053460,,
2025-06-19,坦桑尼亚,中国,KAIRUKI HOSPITAL,MEDSINGLONG CO LTD,,,,,,China,"Tanzania, United Republic of",,,902214000000,DYNAMIC FLUOROSCOPY X-RAY MACHINE,,1.0,NMB,1634.0,30637.4599,COSU6416053460,,
2025-06-19,坦桑尼亚,中国,KAIRUKI HOSPITAL,MEDSINGLONG CO LTD,,,,,,China,"Tanzania, United Republic of",,,902214000000,DYNAMIC FLUOROSCOPY X-RAY MACHINE,,1.0,NMB,1634.0,30637.4599,COSU6416053460,,
2025-04-24,乌兹别克斯坦,中国,ООО FORTEK,SHENZHEN SONТU MEDICAL IMAGING EQUIPMENT КИТАЙ,,,,,,,,,,9022140000,1) Система мобильная рентгеноскопическая типа С-ду,,1.0,шт,480.0,30577.0,,,
2025-05-27,巴基斯坦,中国,INDUS HOSPITAL & HEALTH NETWORK,GUANGZHOU MAYA MEDICAL,"Plot # C-76, Sector 31-5 Korangi Crossing","** EQUIPMENT CO LTD. ROOM 102 FIRST FLOOR, NO.2BUILDING,BOHO INDUSTRIAL PARK NO.773 XINGNAN AVENUE,NANCUN TOWNPANYU DISTRICT GUANGZHOU CHINA",,,,China,,Guangzhou,KAPW,90221400,(DONATION FOR INDUS HOSPITAL & HEALTH NETWORK) MEDICAL X-RAY WITH PROTECTOR AND ANALYSER EQUIPMENT (01-UNIT) . OTHER DETAILS AS PER INVOICE.,,1.0,u,3370.0,30576.5299,GZMIL2504174,,
2025-07-03,哈萨克斯坦,中国,ТОО LIFE MEDICAL SOLUTIONS,SHENZHEN BROWINER TECH CO LTD,"КАЗАХСТАН, Алмалинский, ПРОСПЕКТ СЕЙФУЛЛИНА 404/67","КИТАЙ, NANSHAN DISTRICT, SONGBAI ROAD, ROOM 501, BUILDING C",,,"SHENZHEN BROWINER TECH CO.,LTD;
",China,Kazakhstan,,,9022140000,"1. СИСТЕМА ЦИФРОВОЙ РЕНТГЕНОГРАФИИ PERFOX В ВАРИАНТАХ ИСПОЛНЕНИЯХ: PERFOX 3000А В КОМПЛЕКТЕ С  ПРИНАДЛЕЖНОСТЯМИ (ДЛЯ МЕДИЦИНЫ),    СИСТЕМА ЦИФРОВОЙ РЕНТГЕНОГРАФИИ PERFOX В ВАРИАНТАХ ИСПОЛНЕНИЯХ: PERFOX 3000А В КОМПЛЕКТЕ С ПРИНАДЛЕЖНОСТЯМИ (ДЛЯ МЕДИЦИНЫ); ПРОИЗВОДИТЕЛЬ: SHENZHEN BROWINER TECH CO.,LTD; ТОВАРНЫЙ ЗНАК: BROWINER; МАРКА ТОВАРА: BROWINER; , КОЛИЧЕСТВО: 1.00 ШТ;",,1.0,ШТ,850.0,30469.29,,,"BROWINER;
"
2025-04-23,哈萨克斯坦,中国,ТОО АЛАШKZ,SHENZHEN BROWINER TECH CO LTD,"КАЗАХСТАН, Г. ПАВЛОДАР, УЛ. ЛУНАЧАРСКОГО, ДОМ 44/2, ОФИС 13","КИТАЙ, SONGBAI ROAD,NO.1008, GANGHONGJI HIGH-TECH INTEL.IND.PARK,BUILD. C,R.501",,,"SHENZHEN BROWINER TECH CO., LTD;
",China,Kazakhstan,,,9022140000,"1. МОБИЛЬНАЯ РЕНТГЕНОВСКАЯ СИСТЕМА COMPAX С С-ДУГОЙ В ВАРИАНТАХ ИСПОЛНЕНИЯX: COMPAX 500C В  КОМПЛЕКТЕ С ПРИНАДЛЕЖНОСТЯМИ,    :; ПРОИЗВОДИТЕЛЬ: SHENZHEN BROWINER TECH CO., LTD; ТОВАРНЫЙ ЗНАК: BROWINER; , КОЛИЧЕСТВО: 1.00 ШТ;",,1.0,ШТ,475.0,30256.34,,,";
"
2025-06-13,哈萨克斯坦,中国,ТОО RENOVA ENGINEERING,BEIJING WANDONG MEDICAL INTERNATIONAL LIMITED,"КАЗАХСТАН, Г.АЛМАТЫ,МЕДЕУСКИЙ РАЙОН, ЖАНГЕЛЬДИНА, Д. 31","КИТАЙ, SAN PO KONG, KOWLOON, HONGKONG, UNIT D3, L L/F, LUK HOP INDUSTRIAL BUILDING, NO.8",,,"BEIJING WANDONG MEDICAL TECHNOLOGY CO., LTD.;
",China,Kazakhstan,,,9022140000,"1. МЕДИЦИНСКАЯ РЕНТГЕНОГРАФИЧЕСКАЯ СИСТЕМА NEWORIENTAL 1000 NA,    МЕДИЦИНСКАЯ РЕНТГЕНОГРАФИЧЕСКАЯ СИСТЕМА NEWORIENTAL 1000 NA; ПРОИЗВОДИТЕЛЬ: BEIJING WANDONG MEDICAL TECHNOLOGY CO., LTD.; ТОВАРНЫЙ ЗНАК: BEIJING; МАРКА ТОВАРА: BEIJING; , КОЛИЧЕСТВО: 1.00 ШТ;",,1.0,ШТ,696.0,30000.0,,,"BEIJING;
"
2025-05-08,乌兹别克斯坦,中国,ООО INTERMED INNOVATION TRADE,SHENZHEN MINDRAY BIO MEDICAL ELECTRONICS CO LTD,,,,,,,,,,9022140000,"1. Digital Radiography DigiEye 330 System with accessories/Система рентгенографии модели DigiEye 330 с комплектующими, новые, 2024 год выпуска, сер.№ED4-4B000324, производитель Shenzhen Mindray Bio-Medical Electronics Сo., Ltd (Китай) - кол. 1 шт, вес: 7",,1.0,шт,742.0,30000.0,,,
2025-07-24,乌兹别克斯坦,中国,ООО PROTEK MED,GUANGZHOU DINGHONG TRADING CO LTD,"Республика Узбекистан, Наманганская обл., г. Наманган Орзу  МФЙ, ул. Ижодкор. 11 дом.","ROOM 320, NO. 1, JIANGXIA NORTH MIDDLE ROAD, BAIYUN DISTRICT, GUANGZHOU, CHINA",,,,,,,,9022140000,"1. Портативная рентгенографическая система модел Beatle-06P серия BRW012202407004-005.  кол-во  2 шт. 6 места. разоборным виде с комплектующими частями для далнейшей сборки , для медицинского узчреждения рентгенографическая система мобильная в Shenzhen B",,2.0,шт,144.0,30000.0,,,Browiner
2025-05-01,巴西,中国,KONIMAGEM COMERCIAL LTDA,MINDRAY ANIMAL MEDICAL TECHNOLOGY CO,SC,,,,,,,,ITAJAI,90221419,"APARELHOS DE RAIOS X E APARELHOS QUE UTILIZEM AS RADIAçõES ALFA, BETA OU GAMA, MESMO PARA USOS MéDICOS, CIRúRGICOS, ODONTOLóGICOS OU VETERINáRIOS, INCLUíDOS OS APARELHOS DE RADIOFOTOGRAFIA OU DE RADIOTERAPIA, OS TUBOS DE RAIOS X E OUTROS DISPOSITIVOS GERA|BENS DE CAPITAL (EXCETO EQUIPAMENTOS DE TRANSPORTE)|PRODUTOS MANUFATURADOS|FABRICAçãO DE EQUIPAMENTOS DE IRRADIAçãO, ELETROMéDICOS E ELETROTERAPêUTICOS|APARELHOS DE RAIOS X P/USO MEDICO,CIRURGICO OU VETERIN.",,26.0,UNID.,87.0,29743.0,,,
2025-01-21,哥伦比亚,中国,C MEDICAL S A S,SHENZHEN ANGELL TECHNOLOGY CO LTD,KR 72A 48 50,"ROOM 201,BUILDING G3,TCL INTERNATIO",,,,CHINA,,,,9022140000,DO 2241406-001 CODIGO / RESOLUCION OEA DECLARANTE: RESOLUCION 009264 DE 02-11-2023 PEDIDO TRAMITE: RX FIJO DECLARACION(,,1.0,NUMERO DE ARTICULOS,765.0,29609.64,,,
2025-01-27,厄瓜多尔,中国,MENA SALAZAR WILLIAM RODRIGO,BEIJING WANDONG MEDICAL TECHNOLOGY CO LTD,,,,,,CHINA,,,,9022140000,SISTEMA RADIOGRAFICO DIGITAL CON SUS ACCESORIOS,,1.0,NUMERO DE UNIDADES,1253.0,29542.5,CEC2024ZIMU5458,,WANDONG
2025-01-27,厄瓜多尔,中国,MENA SALAZAR WILLIAM RODRIGO,BEIJING WANDONG MEDICAL TECHNOLOGY CO LTD,,,,,,CHINA,,Tianjin,,9022140000,SISTEMA RADIOGRAFICO DIGITAL CON SUS ACCESORIOS,,1.0,NUMERO DE UNIDADES,1253.0,29542.5,CEC2024ZIMU5458,,WANDONG
2025-02-05,孟加拉国,中国,MONIR NEURO SPINE SURGICAL MART,NANJING PERLOVE MEDICAL EQUIPMENT C,"House-02,Bashbari (Muhammadpur);",,,,,CN,,,,90221400,MOBILE DIGITAL FPD C-ARM SYSTEM MODEL: PLX118WF,,1.0,,370.0,29500.0,,,
2025-02-05,孟加拉国,中国,MONIR NEURO SPINE SURGICAL MART,NANJING PERLOVE MEDICAL EQUIPMENT C,"House-02,Bashbari (Muhammadpur);",,,,,China,,,,90221400,MOBILE DIGITAL FPD C-ARM SYSTEM MODEL: PLX118WF,,1.0,NMB,370.0,29500.0,,,
2025-05-01,巴西,中国,IMX INDUSTRIA E COMERCIO LTDA,SUZHOU LONWIN MODICAL SYSTEM CO LTD,SC,,,,,,,,ITAJAI,90221419,"APARELHOS DE RAIOS X E APARELHOS QUE UTILIZEM AS RADIAçõES ALFA, BETA OU GAMA, MESMO PARA USOS MéDICOS, CIRúRGICOS, ODONTOLóGICOS OU VETERINáRIOS, INCLUíDOS OS APARELHOS DE RADIOFOTOGRAFIA OU DE RADIOTERAPIA, OS TUBOS DE RAIOS X E OUTROS DISPOSITIVOS GERA|BENS DE CAPITAL (EXCETO EQUIPAMENTOS DE TRANSPORTE)|PRODUTOS MANUFATURADOS|FABRICAçãO DE EQUIPAMENTOS DE IRRADIAçãO, ELETROMéDICOS E ELETROTERAPêUTICOS|APARELHOS DE RAIOS X P/USO MEDICO,CIRURGICO OU VETERIN.",,19.0,UNID.,64.0,29339.0,,,
2025-05-01,巴西,中国,IMX INDUSTRIA E COMERCIO LTDA,SUZHOU LONWIN MEDICAL SYSTEM CO LTD,SC,,,,,,,,ITAJAI,90221419,"APARELHOS DE RAIOS X E APARELHOS QUE UTILIZEM AS RADIAçõES ALFA, BETA OU GAMA, MESMO PARA USOS MéDICOS, CIRúRGICOS, ODONTOLóGICOS OU VETERINáRIOS, INCLUíDOS OS APARELHOS DE RADIOFOTOGRAFIA OU DE RADIOTERAPIA, OS TUBOS DE RAIOS X E OUTROS DISPOSITIVOS GERA|BENS DE CAPITAL (EXCETO EQUIPAMENTOS DE TRANSPORTE)|PRODUTOS MANUFATURADOS|FABRICAçãO DE EQUIPAMENTOS DE IRRADIAçãO, ELETROMéDICOS E ELETROTERAPêUTICOS|APARELHOS DE RAIOS X P/USO MEDICO,CIRURGICO OU VETERIN.",,19.0,UNID.,64.0,29339.0,,,
2025-07-01,坦桑尼亚,中国,ANUDHA LTD,SHENZHEN BROWINER TECH CO LTD,,,,,,China,"Tanzania, United Republic of",,,902214000000,DIGITAL RADIOGRAPHY,,193.0,NMB,193.0,29250.3133,LLLDAR25424264,,
2025-06-19,科特迪瓦,中国,ENTREPR DE COMMERCE GENERAL ET,SHENZHEN BROWINER TECH CO LTD ROO,05 BP 509 ABIDJAN (,"M 501,BUILDING",,,,Chine,COTE D'IVOIRE,,,9022140000,"9022140000 - -- Appareils à rayons X pour usages médicaux, ch",,2.0,,280.0,29207.233,,,
2025-04-26,印度,中国,PANACEA MEDICAL TECHNOLOGIES PRIVATE LIMITED,IRAY IMAGING TECHNOLOGY HAINING LIMITED,"H.NO.1-10-1/27,1ST FLOOR, STREET NO 5,ASHOK NAGAR,HYDERABAD ",,,,,CHINA,,SHENZHEN,BANGALORE ACC (INBLR4),90221410,FORNAX50RT PLUS HV GENERATOR MODEL:FORNAX50RT PLUS [PART OFLINEAR ACCELERATOR MACHINE]FORNAX50RT PLUS HV GENERATOR MODEL:FORNAX50RT PLUS [PART OF,,4.0,NOS,0.0,29142.4574,HQS023LPGO823,,
2025-04-10,印度,中国,PANACEA MEDICAL TECHNOLOGIES PRIVATE LIMITED,IRAY IMAGING TECHNOLOGY HAINING LIMITED,"H.NO.1-10-1/27,1ST FLOOR, STREET NO 5,ASHOK NAGAR,HYDERABAD ",,,,,CHINA,,SHENZHEN,BANGALORE ACC (INBLR4),90221410,FORNAX50RT PLUS HV GENERATOR  [PART OF LINEAR ACCELERATOR MACHINE]FORNAX50RT PLUS HV GENERATOR  [PART OF LINEAR ACCELERATOR MA,,4.0,NOS,0.0,29132.6271,TMNNIX1NUUS2P,,
2025-03-23,孟加拉国,中国,D G CENTRAL MEDICAL STORES DEPT,ORICH MEDICAL EQUIPMENT TIANJIN C,"30. SHAHID TAJUDDIN AHMED SARANI,",,,,,China,,,,90221400,DIGITAL X-RAY MACHINE WITH STA.ACC. M: DF-211H,,2.0,NMB,1400.0,29000.0,,,
2025-03-23,孟加拉国,中国,D G CENTRAL MEDICAL STORES DEPT,ORICH MEDICAL EQUIPMENT TIANJIN C,"30. SHAHID TAJUDDIN AHMED SARANI,",,,,,CN,,,,90221400,DIGITAL X-RAY MACHINE WITH STA.ACC. M: DF-211H,,2.0,,1400.0,29000.0,,,
2025-07-01,巴西,中国,SENIOR COMERCIAL IMPORTACAO E DISTRIBUICAO LTDA,SHENZHEN BROWINER TECH CO LTD,,,,,,,,,IRF - AEROPORTO INTERNACIONAL DE FLORIANÓPOLIS,90221419,"APARELHOS DE RAIOS X E APARELHOS QUE UTILIZEM AS RADIAçõES ALFA, BETA OU GAMA, MESMO PARA USOS MéDICOS, CIRúRGICOS, ODONTOLóGICOS OU VETERINáRIOS, INCLUíDOS OS APARELHOS DE RADIOFOTOGRAFIA OU DE RADIOTERAPIA, OS TUBOS DE RAIOS X E OUTROS DISPOSITIVOS GERA",,10.0,UNITY,100.0,29000.0,,,
2025-02-24,厄瓜多尔,中国,SIEMENSHEALTHCARE CIA LTDA,SIEMENS SHANGHAI MEDICAL EQUIPMENT LTD,,,,,,CHINA,,Shanghai,,9022140000,EQUIPO TIPO ARCO EN C,,1.0,NUMERO DE UNIDADES,395.0,28878.6,CEC2025PCIU0001,,SIEMENS
2025-02-05,印度,中国,PANACEA MEDICAL TECHNOLOGIES PRIVATE LIMITED,IRAY IMAGING TECHNOLOGY HAINING LIMITED,"H.NO.1-10-1/27,1ST FLOOR, STREET NO 5,ASHOK NAGAR,HYDERABAD ",,,,,CHINA,,SHENZHEN,BANGALORE ACC (INBLR4),90221410,FORNAX50RT PLUS HV GENERATOR  [PART OF LINEAR ACCELERATOR MACHINE]FORNAX50RT PLUS HV GENERATOR  [PART OF LINEAR ACCELERATOR MA,,4.0,NOS,0.0,28852.5199,VWCHQ9EBJO7IL,,
2025-05-14,乌克兰,中国,ТОВ ЕКНА УКРАЇНА,SHENZHEN LANMAGE MEDICAL TECHNOLOGY CO LTD,02141 МІСТО КИЇВ ВУЛ ЛАРИСИ РУДЕНКО 6А,1ST FLOOR BUILDING B JINGCHENGDA INDUSTRIAL PARK NO 4 KEJI ROAD,,,,КИТАЙ,,,,9022140000,"АПАРАТУРА, ЩО ВИКОРИСТОВУЄ РЕНТГЕНІВСЬКЕ, АЛЬФА-, БЕТА- АБО ГАММА-ВИПРОМІНЮВАННЯ, ПРИЗНАЧЕНА АБО НЕ ПРИЗНАЧЕНА ДЛЯ МЕДИЧНОГО, ХІРУРГІЧНОГО, СТОМАТОЛОГІЧНОГО АБО ВЕТЕРИНАРНОГО ВИКОРИСТАННЯ, ВКЛЮЧАЮЧИ РЕНТГЕНОГРАФІЧНУ ТА РАДІОТЕРАПЕВТИЧНУ АПАРАТУРУ, РЕНТГЕНІВСЬКІ ТРУБКИ ТА ІНШІ ГЕНЕРАТОРИ РЕНТГЕНІВСЬКИХ ПРОМЕНІВ, ГЕНЕРАТОРИ ВИСОКОЇ НАПРУГИ, ЩИТИ ТА ПУЛЬТИ КЕРУВАННЯ, ЕКРАНИ, СТОЛИ, КРІСЛА ТА ПОДІБНІ ВИРОБИ ДЛЯ ОБСТЕЖЕННЯ АБО ЛІКУВАННЯ: - АПАРАТУРА, ЩО ВИКОРИСТОВУЄ РЕНТГЕНІВСЬКЕ ВИПРОМІНЮВАННЯ, ПРИЗНАЧЕНА АБО НЕ ПРИЗНАЧЕНА ДЛЯ МЕДИЧНОГО, ХІРУРГІЧНОГО, СТОМАТОЛОГІЧНОГО АБО ВЕТЕРИНАРНОГО ВИКОРИСТАННЯ, ВКЛЮЧАЮЧИ РЕНТГЕНОГРАФІЧНУ АБО РАДІОТЕРАПЕВТИЧНУ АПАРАТУРУ: - - ІНША ДЛЯ МЕДИЧНОГО, ХІРУРГІЧНОГО АБО ВЕТЕРИНАРНОГО ВИКОРИСТАННЯ",,781.0,КГ,781.0,28850.0,,,
2025-05-20,厄瓜多尔,中国,UCICORP S A,SHENZHEN LANMAGE MEDICAL TECHNOLOGY CO LTD,,,,,,CHINA,,,,9022140000,RAYOS X,,1.0,SET,1146.0,28785.0,,,LANMAGE
2025-07-11,阿富汗,中国,AL SAYED AFGHAN LTD,SHENZHEN MINDRAY BIO MEDICAL ELECTRONICS CO LTD,"OFFICE # 228, ANSARI SQUARE, SHAHR E NAW KABUL, AFGHANISTAN","MINDRAY BUILDING, KEJI 12TH RO AD SOUTH,HIGH-TECH INDUSTRIAL PARK, NANSHAN, SHENZHEN 51 8057, P.R.CHINA , CNSHK , (B/A PAK AFGHAN CLEARING AGENCY)",,,,China                         ,,,,90221400,Z60 DIAGNOSTIC ULTRASOUND MACHINE WITH ACCESSOREIS,,7.0,u,0.99,28630.9852,KMTCSHK9816201,,
2025-04-24,哈萨克斯坦,中国,ТОО LIFE MEDICAL SOLUTIONS,SHENZHEN BROWINER TECH CO LTD,"КАЗАХСТАН, АЛМАТЫ, АЛМАЛИНСКИЙ РАЙОН, ПР.СЕЙФУЛЛИНА 404/67","КИТАЙ, SHENZHEN 518055, INTELLIGENT INDUST.PARK, NO.1008",,,"SHENZHEN BROWINER TECH CO., LTD;
",China,Kazakhstan,,,9022140000,"1. МОБИЛЬНАЯ ЦИФРОВАЯ РЕНТГЕНОГРАФИЧЕСКАЯ СИСТЕМА MOBILE COOPER,    МОБИЛЬНАЯ ЦИФРОВАЯ РЕНТГЕНОГРАФИЧЕСКАЯ СИСТЕМА MOBILE COOPER; ПРОИЗВОДИТЕЛЬ: SHENZHEN BROWINER TECH CO., LTD; ТОВАРНЫЙ ЗНАК: SHENZHEN BROWINER TECH; МАРКА ТОВАРА: MOBILE COOPER; , КОЛИЧЕСТВО: 1.00 ШТ;",,1.0,ШТ,280.0,28453.36,,,"MOBILE COOPER;
"
2025-02-03,哈萨克斯坦,中国,ТОО DDN GROUP,NANJING PERLOVE MEDICAL EQUIPMENT CO LTD,"Г.АЛМАТЫ МИКРОРАЙОН САМАЛ-1, 10","NANJING, 211122 NO. 97 WANGXI ROAD JIANGNING DISTRICT",,,"NANJING PERLOVE MEDICAL EQUIPMENT CO., LTD",China,Kazakhstan,,,9022140000,МЕДИЦИНСКОЕ ДИАГНОСТИЧЕСКОЕ РЕНТГЕНОВСКОЕ ОБОРУДОВАНИЕ PLD6500F 65KW,,1.0,ШТ,723.0,28276.81,,,PERLOVE MEDICAL
2025-05-21,哈萨克斯坦,中国,ТОО ESS ADRON,NANJING PERLOVE MEDICAL EQUIPMENT CO LTD,"КАЗАХСТАН, Г. АЛМАТЫ, МКР. АКСАЙ-4, 96,26","КИТАЙ, NANJING, WANGXI ROAD 97",,,"NANJING PERLOVE MEDICAL EQUIPMENT CO., LTD;
",China,Kazakhstan,,,9022140000,"1. PLX118F МОБИЛЬНАЯ ЦИФРОВАЯ СИСТЕМА С-ДУГИ HF,    (ОСНОВНАЯ РАМА С-ДУГА-1 КОМПЛЕКТ, ГЕНЕРАТОР ВЫСОКОЙ ЧАСТОТЫ - 1 КОМПЛЕКТ, 19-ДЮЙМОВЫЙ ЖК-МОНИТОР-3 КОМПЛЕКТА, РЕНТГЕНОВСКАЯ ТРУБКА - 1 КОМПЛЕКТ, СЕТКА- 1 КОМПЛЕКТ, КОЛЛИМАТОР С РЕГУЛИРУЕМЫМ И ЭЛЕКТРИЧЕСКИМ УПРАВЛЕНИЕМ - 1 КОМПЛЕКТ, ДИНАМИЧЕСКИЙ ДЕТЕК ТОР -1 КОМПЛЕКТ, РУЧНОЙ КОНТРОЛЛЕР - 1 КОМПЛЕКТ, ЛОКАТОР КРАСНОГО КРЕСТА - 2 КОМПЛЕКТА, РАБОЧАЯ СТАНЦИЯ ДЛЯ СБОРА И ОБРАБОТКИ ЦИФРОВЫХ ИЗОБРАЖЕНИЙ - 1 КОМПЛЕКТ; ПРИМЕНЯЕТСЯ В ОТДЕЛЕНИЯХ НЕОТЛОЖНОЙ ПОМОЩИ, ОБЩЕЙ ХИРУРГИИ, ХИРУРГИИ ПОЗВОНОЧНИКА, ОРТОПЕ ДИИ, ТРАВМАТОЛОГИИ, ОБЕЗБОЛИВАНИЕ, ПЛАСТИЧЕСКАЯХИРУРГИЯ И Т.Д. ); ПРОИЗВОДИТЕЛЬ: NANJING PERLOVE MEDICAL EQUIPMENT CO., LTD; ТОВАРНЫЙ ЗНАК: НЕ ПРЕДУСМОТРЕН; МАРКА ТОВАРА: НЕ ПРЕДУСМОТРЕНА; , КОЛИЧЕСТВО: 1.00 ШТ;",,1.0,ШТ,370.0,28177.36,,,"НЕ ПРЕДУСМОТРЕНА;
"
2025-05-19,菲律宾,中国,GENERAL ELECTRIC PHILIPPINES INC,GE HUALUN MEDICAL SYSTEMS CO LTD,27TH FLR. MENARCO TOWER 32ND ST. BONIFACIO GLOBAL CITYTAGUIG 1634PHILIPPINES,,,,,CHINA,,,,90221400000,"1 EA OEC One ASD, PM care (S10006AE)",,1.0,UNKNOWN,397.6,28171.18,BJSA25044072,,
2025-06-15,孟加拉国,中国,TELERAD MEDICAL SYSTEMS LTD,SUZHOU SHOIMAGE MEDICAL EQUIPMENT C,"Road# 27/F, Flat# 5A, Sangsad",,,,,CN,,,,90221400,MEDICAL DIAGNOSTICS X-RAY SYSTEM M#SHO-DDX03,,4.0,,2360.0,28126.0,,,
2025-10-16,孟加拉国,中国,TELERAD MEDICAL SYSTEMS LTD,SUZHOU SHOIMAGE MEDICAL EQUIPMENT C,"Road# 27/F, Flat# 5A, Sangsad",,,,,CN,,,,90221400,X-RAY MACHINE WITH STD/ACC M# SHO-DDX03,,4.0,,2440.0,28050.0,,,
2025-09-23,菲律宾,中国,GE HEALTHCARE PHILIPPINES INC,GE HUA LUN MEDICAL SYSTEMS CO LTD,27TH FLR. MENARCO TOWER 32ND ST. BONIFACIO GLOBAL CITYTAGUIG CITY 1634PHILIPPINES,,,,,CHINA,,,,90221400000,"1 EA OEC One ASD, PM care (S10006AE)",,1.0,UNKNOWN,396.8,27962.3793,YLC06322470,,
2025-08-28,菲律宾,中国,ELAN VITA DIAGNOSTIC SOLUTIONS,ANGELL TECHNOLOGY CHONGQING CO LTD,"NO. 78 BAYANIHAN VILLAGE, QUIOT PARDO CEBU CITYCEBU CITY 6000PHILIPPINES",,,,,CHINA,,,,90221400000,DIGITAL MEDICAL X-RAY RADIOGRAPHIC SYSTEM MODE NO.  MTCZ50-C - QTY. 1 UNIT (ANGELL),,1.0,PIECE,320.0,27875.9825,GZMNN25033796,,
2025-02-06,肯尼亚,中国,NAIROBI ENTERPRISES LIMITED,WUJIANG EVERGREEN EX IM CO LTD,42367 NAIROBI.,,,,,China,Kenya,,,9022140000,H; Mobile digital C-arm x-ray machine; Mobile digital C-arm x-ray machine - 1 Se,,1.0,UNT,0.0,27850.2136,,,
2025-04-24,哈萨克斯坦,中国,ТОО LIFE MEDICAL SOLUTIONS,SHENZHEN BROWINER TECH CO LTD,"КАЗАХСТАН, АЛМАТЫ, АЛМАЛИНСКИЙ РАЙОН, ПР.СЕЙФУЛЛИНА 404/67","КИТАЙ, SHENZHEN 518055, INTELLIGENT INDUST.PARK, NO.1008",,,"SHENZHEN BROWINER TECH CO., LTD;
",China,Kazakhstan,,,9022140000,"1. МОБИЛЬНАЯ РЕНТГЕНОВСКАЯ СИСТЕМА COMPAX С С-ДУГОЙ В ВАРИАНТАХ ИСПОЛНЕНИЯХ: COMPAX 500B, В  КОМПЛЕКТЕ С ПРИНАДЛЕЖНОСТЯМИ,    МОБИЛЬНАЯ РЕНТГЕНОВСКАЯ СИСТЕМА COMPAX С С-ДУГОЙ В ВАРИАНТАХ ИСПОЛНЕНИЯХ: COMPAX 500B, В КОМПЛЕКТЕ С ПРИНАДЛЕЖНОСТЯМИ; ПРОИЗВОДИТЕЛЬ: SHENZHEN BROWINER TECH CO., LTD; ТОВАРНЫЙ ЗНАК: SHENZHEN BROWINER TECH; МАРКА ТОВАРА: COMPAX С; , КОЛИЧЕСТВО: 1.00 ШТ;",,1.0,ШТ,455.0,27616.64,,,"COMPAX С;
"
2025-10-27,菲律宾,中国,GE HEALTHCARE PHILIPPINES INC,GE HUA LUN MEDICAL SYSTEMS CO LTD,27TH FLR. MENARCO TOWER 32ND ST. BONIFACIO GLOBAL CITYTAGUIG CITY 1634PHILIPPINES,,,,,CHINA,,,,90221400000,"1 EA OEC One ASD, PM care (S10006AE)",,1.0,UNKNOWN,395.2,27496.3232,YLC06355274,,
2025-09-05,秘鲁,中国,TECNOLOGIA ELECTROMEDICA S A C,IMD CHINA CO LTD,AV. TOMAS MARSANO NRO. 1915 URB. JORGE CHAVEZ,,,,,"CHINA, PEOPLE'S REPUBLIC OF",,SHENZHEN,,9022140000,"MAMMOGRAPHY,S/M,NAVIGATOR PLATINUM, COLUMNA DE BRAZO C, MASCARA PROTECTORA, MANIJA DEL PACIENTE, COMPRESOR, PANEL DE CONTROL P PORTA VISTA, SOPORTE DE BRAZO EN C, PANEL DE CONTROL DE BRAZO EN C, COLUMAN DE ELEVACION, UNIDAD PRINICIPAL COMPUESTA POR: PANEL DE CONTROL DE ROTACION DEL BRAZO EN C, TUBO DE RAYO COLUMNA FIJA,COLIMADOR,REJILLA,DISPADOR DE MANO,MONITOR,FRENO DE PEDAL,RACK, GENERADOR, Y",,1.0,UNITS,506.76,27454.45,,,
2025-04-23,越南,中国,CÔNG TY CỔ PHẦN THIẾT BỊ Y TẾ THUẬN CƯỜNG,XINGAOYI MEDICAL EQUIPMENT CO LTD,"House No. 59C, Lane 879, De La Thanh Street, Ngoc Khanh Ward, Ba Dinh District, Hanoi City, Vietnam","555 YESHAN RD., YUYAO, ZHEJIANG, CHINA 315400, CN",,,,China,,,,90221400,"Máy chụp X-quang, model: MDR-01, điện áp AC220V/50HZ. Nhà sx: Xingaoyi Medical Equipment Co.,LTD, hàng mới 100%,X-ray machine, model: MDR-01, voltage AC220V/50HZ. Manufacturer: Xingaoyi Medical Equipment Co.,LTD, 100% new",,1.0,Set,0.0,27400.0,,,
2025-05-05,菲律宾,中国,GENERAL ELECTRIC PHILIPPINES INC,GE HUALUN MEDICAL SYSTEMS CO LTD,27TH FLR. MENARCO TOWER 32ND ST. BONIFACIO GLOBAL CITYTAGUIG 1634PHILIPPINES,,,,,CHINA,,,,90221400000,"1 EA OEC ONE ASD, PM CARE (S10006AE)",,1.0,UNKNOWN,396.0,27186.83,BJS38221468,,
2025-09-11,哥伦比亚,中国,L A S ELECTROMEDICINA SAS,CHINA ISOTOPE AND RADIATION CORPORATION,CL 26 96 J 66 LC 23 Y 24,NO 66 CHABGWA MIDDLE STREET HAIDIAN,,,,CHINA,,,,9022140000,"DO 2025-10543 PEDIDO 31287 DECLARACION 3 DE 3VISTO BUENO INVIMA NO VINVIMA-25-0123595 CON FECHA: 2025-09-04 , VISTO BUE",,1.0,NUMERO DE ARTICULOS,774.02,27152.09,,,
2025-04-14,印度,中国,SIEMENS HEALTHCARE PRIVATE LIMITED,SIEMENS HEALTHINEERS AG,"130, PANDURANG BUDHKAR MARG,  N/A",,,,,CHINA,,Shanghai,NHAVA SHEVA SEA (INNSA1),90221490,( IMAGE INTENSIFIER COMPLETE WITH ACCESSORIES AS PER INV ) CIOS SELECT VA21( IMAGE INTENSIFIER COMPLETE WITH ACCESSORIES AS PER INV ) C,,1.0,SET,0.0,27029.6332,JLB97OFA8HG9Y,,
2025-08-18,菲律宾,中国,GE HEALTHCARE PHILIPPINES INC,GE HUALUN MEDICAL SYSTEMS CO LTD,27TH FLR. MENARCO TOWER 32ND ST. BONIFACIO GLOBAL CITYTAGUIG CITY 1634PHILIPPINES,,,,,CHINA,,,,90221400000,"1 EA  OEC One ASD, PM care (S10006AE)",,1.0,UNKNOWN,396.0,26975.9684,YLC06277353,,
2025-03-14,墨西哥,中国,INVYRTE SA DE CV,IRAY GROUP,"DEL ROSAL 108 AV. AZTECAS Y EJE 10 SUR
Cuajimalpa de Morelos
Ciudad de Mexico
04330","CAOHEJING RD
HAICHANG ST HAINING CITY JIAXING CITY ZHEJIANG PROVINCE

314499",,,,CHINA,,,AEROPUERTO INTERNACIONAL FELIPE ANGELES SANTA LUCIA ZUMPANGO ESTADO DE MEXICO,9022149199,EQUIPO DE RAYOS X DE USO VETERINARIO CON ACCESORIOS,,6.0,PIECE,196.0,26909.1,,,
2025-04-09,印度,中国,MIDORI SOLUTIONS PRIVATE LIMITED,CR TECHNOLOGY INTERNATIONAL LTD,"23-A, Ground floor, KH.No. 77/11,Block-C, Swarn Park, near DS sainik model school,",,,,,CHINA,,Xingang,NHAVA SHEVA SEA (INNSA1),90221490,FOOD INSPECTION SYSTEM - MEKI FOOD INSPECTION SYSTEM - MEKI,,1.0,SET,0.0,26415.0019,8DC2EY11BASZX,,
2025-02-01,巴西,中国,OPUS MEDICAL E ELETRONICS LTDA,NANJING PERLOVE MEDICAL EQUIPAMENT CO LTD,,,,,,China,,,,90221419,"SISTEMA DE IMAGEM DE RAIO X ARCO C, MODELO PRODUTO MEDICO: PLX118F, NOME TECNICO: APARELHO MOVEL PARA RAIO X, REGISTRO ANVISA NR 81906420001, VENCIMENTO: 03/10/2032. TENSAO 220V, FREQUENCIA 50/60HZ, 120KV. PRODUTO NOVO. NUMEROS DE SERIE: 18F/A24237, ANODE FABRICACAO: 2024, MARCA: PERLOVE, ACOMPANHADOS DE ACESSORIOS PARA SEU PERFEITO FUNCIONAMENTO. CODIGO: PLX118F.",,1.0,UNID.,500.0,26338.87,,,
2025-01-27,孟加拉国,中国,METH INTERNATIONAL,HENGSHUI JUNRUI GENERAL TRADING CO,"15/2, Topkhana Road, BMA Bhaban",,,,,China,,,,90221400,400MA X-RAY MACHINE M: Z-400HF INCLUDING TABLE STD. ACC.,,4.0,NMB,1274.0,26338.67,,,
2025-01-27,孟加拉国,中国,METH INTERNATIONAL,HENGSHUI JUNRUI GENERAL TRADING CO,"15/2, Topkhana Road, BMA Bhaban",,,,,CN,,,,90221400,400MA X-RAY MACHINE M: Z-400HF INCLUDING TABLE STD. ACC.,,4.0,,1274.0,26338.67,,,
2025-07-10,巴基斯坦,中国,MEDICAL EQUIPMENT SYSTEMS,NANJING PERLOVE MEDICAL EQUIPMENT CO LTD,"60/61 FCC SYED MARATIB ALI ROAD GULBERG IV  ,LAHORE",NO 97 AND 99 WANGXI ROAD JIANGNING DISTRICT NANJING,,,,China,,Shanghai,KAPW,90221400,"MEDICAL EQUIPMENT 
MOBILE DIGITAL FPC CARM SYSTEM PLX 118F 
WITH ALL STANDRAD ACCESSORIES
1 SET",,1.0,u,600.0,26321.0361,SHKHI25084026,,
2025-04-01,巴西,中国,GE HEALTHCARE DO BRASIL COMERCIO E SERVICOS PARA EQUIPA,,MG,,,,,China (CN),,,,90221419,"APARELHOS DE RAIOS X E APARELHOS QUE UTILIZEM AS RADIAçõES ALFA, BETA OU GAMA, MESMO PARA USOS MéDICOS, CIRúRGICOS, ODONTOLóGICOS OU VETERINáRIOS, INCLUíDOS OS APARELHOS DE RADIOFOTOGRAFIA OU DE RADIOTERAPIA, OS TUBOS DE RAIOS X E OUTROS DISPOSITIVOS GERA|BENS DE CAPITAL (EXCETO EQUIPAMENTOS DE TRANSPORTE)|PRODUTOS MANUFATURADOS|FABRICAçãO DE EQUIPAMENTOS DE IRRADIAçãO, ELETROMéDICOS E ELETROTERAPêUTICOS|APARELHOS DE RAIOS X P/USO MEDICO,CIRURGICO OU VETERIN.",,49.0,UNID.,248.14,26315.41,,,
2025-01-22,哈萨克斯坦,中国,ПРОИЗВОДСТВЕННЫЙ КООПЕРАТИВ НУРБОЛАТ,NANJING PERLOVE MEDICAL EQUIPMENT CO LTD,"Г.АБАЙ КЕЛЕССКИЙ Р-Н,Д.КОНАЕВА,20",NANJING WANGХI ROAD 97,,,"NANJING PERLOVE MEDICAL EQUIPMENT CO., LTD",China,Kazakhstan,,,9022140000,МЕДИЦИНСКОЕ ДИАГНОСТИЧЕСКОЕ РЕНТГЕНОВСКОЕ ОБОРУДОВАНИЕ PLD6500F,,1.0,ШТ,742.0,26269.65,,,
2025-06-30,乌兹别克斯坦,中国,ООО EDANMEDSERVIS,NANJING PERLOVE MEDICAL EQUIPMENT CO LTD,"140007, Самаркандаская обл., Джамбайский район, село. Саричашма, здания 444, тел.:(+99897) 929 37 77","NO.97 WANGXI ROAD JIANGNING DISTRICT, NANJING, 211122, CHINA",,,,China,,,,9022140000,"1. Mobile Digital FPD C-arm System PLX118F/ Мобильная цифровая рентгеновская система С-дуга PLX118F с принадлежностями. Производитель: Nanjing Perlove Medical Equipment Co., Ltd, Китай. - кол. 1 шт, вес: 590 кг
2. мест 1, 1 спец.упаковка
8. 000
9. 000
10",,1.0,шт,590.0,26000.0,,,Perlove
2025-06-18,乌兹别克斯坦,中国,ООО EDANMEDSERVIS,NANJING PERLOVE MEDICAL EQUIPMENT CO LTD,"140007, Самаркандаская обл., Джамбайский район, село. Саричашма, здания 444, тел.:(+99897) 929 37 77","NO.97 WANGXI ROAD JIANGNING DISTRICT, NANJING, 211122, CHINA",,,,China,,,,9022140000,"1. Mobile Digital FPD C-arm System PLX118F/ Мобильная цифровая рентгеновская система С-дуга PLX118F с принадлежностями. Производитель: Nanjing Perlove Medical Equipment Co., Ltd, Китай. - кол. 1 шт, вес: 590 кг
2. мест 1, 1 спец.упаковка
8. 000
9. 000
10",,1.0,шт,590.0,26000.0,,,Perlove
2025-05-08,厄瓜多尔,中国,DREI SOLUCIONES EQUIPOS E IMAGENESMEDICAS CIA LTDA,BEIJING WANDONG MEDICAL TECHNOLOGY CO LTD,,,,,,CHINA,,,,9022140000,TOMOGRAFO,,1.0,U,1782.61,25663.56,,,BEIJING WANDONG MEDICAL TECHNOLOGY CO LTD
2025-07-15,厄瓜多尔,中国,DREI SOLUCIONES EQUIPOS E IMAGENESMEDICAS CIA LTDA,,,,,,,CHINA,,,,9022140000,TOMOGRAFO,,1.0,U,1782.61,25663.56,,,BEIJING WANDONG MEDICAL TECHNOLOGY CO LTD
2025-03-07,哈萨克斯坦,中国,ТОО DOBRO MEDICAL GROUP,NANJING PERLOVE MEDICAL EQUIPMENT CO LTD,"КАЗАХСТАН, Сарыаркинский, УЛ. БЕЙБІТШІЛІК, ЗДАНИЕ 8  ","КИТАЙ, NANJING 211122, NO.97, WANGXI ROAD, JIANGNING DISTRICT  ",,,"NANJING PERLOVE MEDICAL EQUIPMENT CO., LTD;
",China,Kazakhstan,,,9022140000,"1. МОБИЛЬНАЯ ЦИФРОВАЯ СИСТЕМА FPD C-ДУГA PLX118F/ PLX118F С-ДОҒАНЫҢ МОБИЛЬДІ ЦИФРЛЫҚ ЖҮЙЕСІ HF,    МОБИЛЬНАЯ ЦИФРОВАЯ СИСТЕМА FPD C-ДУГA PLX118F/ PLX118F С-ДОҒАНЫҢ МОБИЛЬДІ ЦИФРЛЫҚ ЖҮЙЕСІ HF; ПРОИЗВОДИТЕЛЬ: NANJING PERLOVE MEDICAL EQUIPMENT CO., LTD; ТОВАРНЫЙ ЗНАК: NANJING PERLOVE MEDICAL EQUIPMENT CO., LTD; МАРКА ТОВАРА: NANJING PERLOVE MEDICAL EQUIPMENT CO., LTD; , КОЛИЧЕСТВО: 1.00 ШТ;",,1.0,ШТ,370.0,25637.46,,,"NANJING PERLOVE MEDICAL EQUIPMENT CO., LTD;
"
2025-09-08,越南,中国,CÔNG TY TNHH THƯƠNG MẠI QUỐC TẾ LIWIN,LIUYANG VOLITION MEDICAL EQUIPMENT CO LTD,"No. 75, Lane 197 Tran Phu Street, Van Quan Ward, Ha Dong District, Hanoi","76 JIANSHOU AVE, ECONOMIC AND, TECHNOLOGICAL DEVELOPMENT ZONE, LIUYANG,HUNAN,CHINA, CN",,,,China,,,,90221400,"Hệ thống X-quang chẩn đoán,dùng để chụp ảnh tia X kỹ thuật số thông thường trên cơ thể người,thu lại hình ảnh kỹ thuật số để chẩn đoán lâm sàng.Mã:Picke 1800 DR/400. Mới 100%,X-ray system,diagnostic, used to take pictures X-rays digital usually on the human body,recover digital photos to clinical diagnosis.Code:Picke 1800 DR/400. New 100%",,2.0,Set,0.0,25600.0,,,
2025-07-29,越南,中国,CÔNG TY TNHH THƯƠNG MẠI QUỐC TẾ LIWIN,LIUYANG VOLITION MEDICAL EQUIPMENT CO LTD,"No. 75, Lane 197 Tran Phu Street, Van Quan Ward, Ha Dong District, Hanoi","76 JIANSHOU AVE, ECONOMIC AND, TECHNOLOGICAL DEVELOPMENT ZONE, LIUYANG,HUNAN,CHINA, CN",,,,China,,,,90221400,"Hệ thống X-quang chẩn đoán, dùng để chụp ảnh tia X kỹ thuật số thông thường trên cơ thể người, thu lại hình ảnh kỹ thuật số để chẩn đoán lâm sàng. Mã: Picke 1800 DR/400, Mới 100%,Diagnostic X-ray system, used to take conventional digital X-ray images on the human body, capturing digital images for clinical diagnosis. Code: Picke 1800 DR/400, 100% New",,2.0,Set,0.0,25600.0,,,
2025-03-18,越南,中国,CÔNG TY TNHH THƯƠNG MẠI QUỐC TẾ LIWIN,LIUYANG VOLITION MEDICAL EQUIPMENT CO LTD,"No. 75, Lane 197 Tran Phu Street, Van Quan Ward, Ha Dong District, Hanoi"," 76 JIANSHOU AVE, ECONOMIC AND, TECHNOLOGICAL DEVELOPMENT ZONE, LIUYANG,HUNAN,CHINA, CN",,,,China,,,,90221400,"Hệ thống X-quang chẩn đoán , dùng để chụp ảnh tia X kỹ thuật số thông thường trên cơ thể người, thu lại hình ảnh kỹ thuật số để chẩn đoán lâm sàng. Mã: Picke 1800 DR/500, Mới 100%,Diagnostic X-ray system, used to take conventional digital X-ray images on the human body, capturing digital images for clinical diagnosis. Code: Picke 1800 DR/500, 100% New",,3.0,Set,0.0,25500.0,,,
2025-01-13,阿根廷,中国,INTEC S R L,,,,,,,China,,,,90221490900,"LOS DEMAS. LOS DEMAS, PARA USO MEDICO, QUIRURGICO O VETERINARIO. APARATOS DE RAYOS X Y APARATOS QUE UTILICEN RADIACIONES ALFA, BETA GAMMA O DEMAS RADIACIONES IONIZANTES, INCLUSO PARA USO MEDICO, QUIRURGICO, ODONTOLOGICO O VETERINARIO, INCLUIDOS LOS APARATOS DE RADIOGRAFIA O RADIOTERAPIA, TUBOS DE RAYOS X Y DEMAS DISPOSITIVOS GENERADORES DE RAYOS X, GENERADORES DE TENSION, CONSOLAS DE MANDO, PANTALLAS, MESAS, SILLONES Y SOPORTES SIMILARES PARA EXAMEN O TRATAMIENTO. INSTRUMENTOS Y APARATOS DE OPTICA, FOTOGRAFIA O CINEMATOGRAFIA, DE MEDIDA, CONTROL O PRECISION; INSTRUMENTOS Y APARATOS MEDICOQUIRURGICOS; PARTES Y ACCESORIOS DE ESTOS INSTRUMENTOS O APARATOS. PLX118F",,1.0,Unidades,0.0,25500.0,,,PERLOVE
2025-05-17,越南,中国,CÔNG TY TNHH THƯƠNG MẠI QUỐC TẾ LIWIN,LIUYANG VOLITION MEDICAL EQUIPMENT CO LTD,"No. 75, Lane 197 Tran Phu Street, Van Quan Ward, Ha Dong District, Hanoi","76 JIANSHOU AVE, ECONOMIC AND, TECHNOLOGICAL DEVELOPMENT ZONE, LIUYANG,HUNAN,CHINA, CN",,,,China,,,,90221400,"Hệ thống X-quang chẩn đoán , dùng để chụp ảnh tia X kỹ thuật số thông thường trên cơ thể người, thu lại hình ảnh kỹ thuật số để chẩn đoán lâm sàng. Mã: Picke 1800 DR/500, Mới 100%,Diagnostic X-ray system, used to take conventional digital X-ray images on the human body, capturing digital images for clinical diagnosis. Code: Picke 1800 DR/500, 100% New",,3.0,Set,0.0,25500.0,,,
2025-08-21,墨西哥,中国,DISTRIBUIDORA DE EQUIPO Y SERVICIO GONZALEZ SA DE CV,SHENZHEN LIM2VET BIOLOGICAL TECHNOLOGY CO LTD,"FUENTE DE LA RANA 58 CALLE FUENTE DE LA SOTERRAAA Y CALLE FUENTE DE SAN FRANCISCO
Morelia
Michoacan
58088","ZHONGCHENG BIOMEDICAL INDUSTRIAL PARK LINHUI RD
PINGSHAN DISTRICT SHENZHEN GUANGDONG

518118",,,,CHINA,,,MANZANILLO MANZANILLO COLIMA.,9022149101,DIGITALIZADOR DE IMAGENES POR RAYOS X PARA USO VETERINARIO,,5.0,PIECE,6245.0,25394.73,,,
2025-10-21,哈萨克斯坦,中国,ТОО DOBRO MEDICAL GROUP,NANJING PERLOVE MEDICAL EQUIPMENT CO LTD,"КАЗАХСТАН Нура УЛ. БЕЙБІТШІЛІК, ЗДАНИЕ 8","КИТАЙ NANJING 211122 NO.97, WANGXI ROAD, JIANGNING DISTRICT",,,"NANJING PERLOVE MEDICAL EQUIPMENT CO., LTD",China,Kazakhstan,,,9022140000,"1. МОБИЛЬНАЯ ЦИФРОВАЯ СИСТЕМА C-ДУГИ FPD PLX118F/ PLX118F С-ДОҒАНЫҢ МОБИЛЬДІ ЦИФРЛЫҚ ЖҮЙЕСІ HF, МОБИЛЬНАЯ ЦИФРОВАЯ СИСТЕМА C-ДУГИ FPD PLX118F/ PLX118F С-ДОҒАНЫҢ МОБИЛЬДІ ЦИФРЛЫҚ ЖҮЙЕСІ HF",,1.0,ШТ,370.0,25324.83,,,"NANJING PERLOVE MEDICAL EQUIPMENT CO., LTD"
2025-10-09,印度,中国,WIPRO GE HEALTHCARE PRIVATE LIMITED,GE HUALUN MEDICAL SYSTEMS CO LTD,,"No.1 NORTH YONG CHANG STREET BEIJIN G ECONOMIC & TECHNOLOGICAL DEVELOPM ENT AREA, BEIJING,CHINA CHINA - 100 China",,,,China (CN),,Shanghai,,90221420,S10005GN OEC ONE ESP MAIN SYS (MOBILE DIAGNOSTIC X-RAY AND FLUOROSCOPIC SYSTEM) (MEDICAL EQUIPMENT)S10005GN OEC ONE ESP MAIN SYS (MOBILE DIAGNOSTIC X-RAY AND F,,1.0,NOS,0.0,25245.84,,,
2025-02-17,乌兹别克斯坦,中国,ООО ВАYMED INNOVАTION,PERLONG MEDICAL EQUIPMENT CO LTD,,,,,,,,,,9022140000,"1. Мобильная цифровая рентгеновская система С-дуга PLX 118F Mobile digital x ray system C-arm PLX 118F. Производиель Nanjing Perlove Medical Equipment Co., Ltd. - кол. 1 шт, вес: 680 кг
2. мест 1, дерев.ящик.
8. 000
9. 024
10. 2025/Мобильная цифровая рен",,1.0,шт,680.0,25200.0,,,
2025-03-25,乌兹别克斯坦,中国,ООО ВАYMED INNOVАTION,PERLONG MEDICAL EQUIPMENT CO LTD,,,,,,,,,,9022140000,"1. Мобильная цифровая рентгеновская система С-дуга PLX 118F Mobile digital x ray system C-arm PLX 118F. Производиель Nanjing Perlove Medical Equipment Co., Ltd. - кол. 1 шт, вес: 680 кг
2. мест 1, дерев.ящик.
8. 000
9. 024
10. 2025/Мобильная цифровая рен",,1.0,шт,680.0,25200.0,,,
2025-07-16,阿根廷,中国,GE HEALTHCARE ARGENTINA S A,,,,,,,China,,,,90221419000,"LOS DEMAS. LOS DEMAS, PARA USO MEDICO, QUIRURGICO O VETERINARIO. APARATOS DE RAYOS X Y APARATOS QUE UTILICEN RADIACIONES ALFA, BETA GAMMA O DEMAS RADIACIONES IONIZANTES, INCLUSO PARA USO MEDICO, QUIRURGICO, ODONTOLOGICO O VETERINARIO, INCLUIDOS LOS APARATOS DE RADIOGRAFIA O RADIOTERAPIA, TUBOS DE RAYOS X Y DEMAS DISPOSITIVOS GENERADORES DE RAYOS X, GENERADORES DE TENSION, CONSOLAS DE MANDO, PANTALLAS, MESAS, SILLONES Y SOPORTES SIMILARES PARA EXAMEN O TRATAMIENTO. INSTRUMENTOS Y APARATOS DE OPTICA, FOTOGRAFIA O CINEMATOGRAFIA, DE MEDIDA, CONTROL O PRECISION; INSTRUMENTOS Y APARATOS MEDICOQUIRURGICOS; PARTES Y ACCESORIOS DE ESTOS INSTRUMENTOS O APARATOS. OEC ONE ASD",,1.0,Unidades,500.0,25196.11,,,GENERAL ELECTRIC
2025-05-07,印度,中国,PROGNOSYS MEDICAL SYSTEMS PRIVATE LIMITED,NEUSOFT MEDICAL SYSTEMS CO LTD,"NO.249, 4TH MAIN ROAD,  CHAMARAJPET, ",,,,,CHINA,,Shanghai,BANGALORE,90221410,DIAGNOSTIC X-RAY HIGH VOLTAGE GENERATOR(VENUS-32-R) (FOR MANUFACTURE OF X-RAY MACHINE)X-RAY GENERATOR,,8.0,NOS,0.0,25173.9392,GHOL6M8NET815,,
2025-09-11,科特迪瓦,中国,ENTREPR DE COMMERCE GENERAL ET,SHENZHEN BROWINER TECH CO LTD,05 BP 509 ABIDJAN (,ROOM 501 BUILDING C,,,,Chine,COTE D'IVOIRE,,,9022140000,"9022140000 - -- Appareils à rayons X pour usages médicaux, ch",,4.0,,347.0,25126.4621,,,
2025-05-02,乌兹别克斯坦,中国,ЧП ERGASH OTA,SINO MEDICAL DEVICE TECHNOLOGY CO LTD,,,,,,,,,,9022140000,1. Mammography Navigator 3000A (with Tomo) / Цифровой маммограф Navigator 3000A - это послойное сканирование тканей молочной железы в ходе рентгенологического исследования в разобранном состояние кол-во 1 комплект в комплекте с акссесурами состоящий из:,,1.0,шт,512.0,25000.0,,,
2025-03-17,乌兹别克斯坦,中国,ООО BYORK,SHENZHEN ANKE HIGH TECH CO LTD,,,,,,,,,,9022140000,"1. DIGITAL X-RAY / Система Цифровая рентгенографическая молель: ASR-6850P с принадлежностями. Сер. Номер: 04933010725. В комплекте: Высокочастотный генератор, Стол пациента, Стойка для Детектора, Сборка Рентгенографии, Консоль, Детектор, Источник беспере",,1.0,шт,1919.0,25000.0,,,
2025-07-29,越南,中国,CÔNG TY TNHH THƯƠNG MẠI QUỐC TẾ LIWIN,LIUYANG VOLITION MEDICAL EQUIPMENT CO LTD,"No. 75, Lane 197 Tran Phu Street, Van Quan Ward, Ha Dong District, Hanoi","76 JIANSHOU AVE, ECONOMIC AND, TECHNOLOGICAL DEVELOPMENT ZONE, LIUYANG,HUNAN,CHINA, CN",,,,China,,,,90221400,"Hệ thống X-quang chẩn đoán, dùng để chụp ảnh tia X kỹ thuật số thông thường trên cơ thể người, thu lại hình ảnh kỹ thuật số để chẩn đoán lâm sàng. Mã: Picke 1800 DR/400, Mới 100%,Diagnostic X-ray system, used to take conventional digital X-ray images on the human body, capturing digital images for clinical diagnosis. Code: Picke 1800 DR/400, 100% New",,2.0,Set,0.0,25000.0,,,
2025-03-12,乌兹别克斯坦,中国,ООО BYORK,SHENZHEN ANKE HIGH TECH CO LTD,,,,,,,,,,9022140000,"1. DIGITAL X-RAY / Система Цифровая рентгенографическая молель: ASR-6850P с принадлежностями. Сер. Номер: 04933010725. В комплекте: Высокочастотный генератор, Стол пациента, Стойка для Детектора, Сборка Рентгенографии, Консоль, Детектор, Источник беспере",,1.0,шт,1919.0,25000.0,,,
2025-05-14,乌兹别克斯坦,中国,ООО ALMAZMEDLINE CENTR,SHENZHEN BROWINER TECH CO LTD,,,,,,,,,,9022140000,"1. Digital radiography system Beatle-06P with accessories / Портативная рентгенографическая система Beatle-06P с принадлежностями, сер.№BRW146202410001, новый год выпуска-2024, производитель: Shenzhen browiner tech co LTD (Китай)  - кол. 1 шт, вес: 140 к",,1.0,шт,140.0,25000.0,,,
2025-06-10,哥伦比亚,中国,PROMED COLOMBIA S A S,SHENZHEN ANGELL TECHNOLOGY CO LTD,CL 42 19 91 BR CENTRO,"ROOM 408, BUILDING A, HUAHAN INNOVA",,,,CHINA,,,,9022140000,"DO 3I250331 PEDIDO TRAMITE: IMP-231 DECLARACION(1-1) MERCANCIA NUEVA // NOS ACOGEMOS AL DECRETO 1881 DEL 2021, GRAVAMEN 0% // REGISTRO DE IMPORTACION REG-50090754-20250521N FECHA DE APROBACION 2025-05-21 FECHA VIGENCIA 2025-11-19, VISTO BUENO SUPERINTENDENCIA DE INDUSTRIA Y COMERCIO VSIC-2529278 FECHA 2025-05-20, VISTO BUENO DEL INVIMA VIMVINA-25-0069798 FECHA 2025-05-20. MOBILE DIGITAL MEDICAL X-RAY RADIOGRAPHIC SYSTEM; PRODUCTO: SISTEMA MEDICO RADIOGRAFICO DIGITAL DE RAYOS X - ACCESORIOS Y REPUESTOS - SISTEMA PARA DIAGNOSTICO RADIOGRAFICO POR RAYOS X, MARCA: ANGELL, PROMED COLOMBIA, MODELO: DP326A-1, REFERENCIA: NO TIENE, USO O DESTINO: ESTE EQUIPO SE UTILIZA PARA TRANSFERIR RAYOS X DESDE EL TUBO, ENERGIZADO POR EL GENERADOR DE ALTA FRECUENCIA Y ALTO VOLTAJE, GENERANDO UNA IMAGEN VISIBLE MEDIANTE UN DETECTOR DE PANEL DIGITAL, Y ASI PRESENTAR IMAGENES MEDICAS DIGITALES PARA EL DIAGNOSTICO CLÍNICO, TECNICA DE DIAGNOSTICO: RAYOS X, SERIAL: M32D24080015, INCLUYE ACCESORIOS PARA SU NORMAL",,1.0,NUMERO DE ARTICULOS,220.0,24978.69,,,
2025-10-27,菲律宾,中国,GE HEALTHCARE PHILIPPINES INC,GE HUA LUN MEDICAL SYSTEMS CO LTD,27TH FLR. MENARCO TOWER 32ND ST. BONIFACIO GLOBAL CITYTAGUIG CITY 1634PHILIPPINES,,,,,CHINA,,,,90221400000,1 EA OEC One Main System V2 (S10005EZ),,1.0,UNKNOWN,404.0,24941.1254,YLC06355274,,
2025-04-22,菲律宾,中国,GENERAL ELECTRIC PHILS INC,GE HUALUN MEDICAL SYSTEMS CO LTD,"27TH FLOOR MENARCO TOWER, 32ND STREET, BONIFACIO, GLOBAL CITY, TAGUIG CITY",,,,,CHINA,,,,90221400000,1 EA OEC One VAS 25 Main Sys (S10005GS),,1.0,,404.8,24670.1,BJS38221115,,
2025-11-10,印度,中国,WIPRO GE HEALTHCARE PRIVATE LIMITED,GE HUALUN MEDICAL SYSTEMS CO LTD,,"No.1 NORTH YONG CHANG STREET BEIJIN G ECONOMIC & TECHNOLOGICAL DEVELOPM ENT AREA, BEIJING,CHINA CHINA - 100 China",,,,China (CN),,SHENZHEN,BANGALORE ACC (INBLR4),90221420,S10005GN OEC ONE ESP MAIN SYS (MOBILE DIAGNOSTIC X-RAY AND FLUOROSCOPIC SYSTEM) (MEDICA EQUIPMENT)S10005GN OEC ONE ESP MAIN SYS (MOBILE DIAGNOSTIC X-RAY AND F,,1.0,NOS,0.0,24654.23,,,
2025-11-10,印度,中国,WIPRO GE HEALTHCARE PRIVATE LIMITED,GE HUALUN MEDICAL SYSTEMS CO LTD,,"No.1 NORTH YONG CHANG STREET BEIJIN G ECONOMIC & TECHNOLOGICAL DEVELOPM ENT AREA, BEIJING,CHINA CHINA - 100 China",,,,China (CN),,SHENZHEN,BANGALORE ACC (INBLR4),90221420,S10005GN OEC ONE ESP MAIN SYS (MOBILE DIAGNOSTIC X-RAY AND FLUOROSCOPIC SYSTEM) (MEDICA EQUIPMENT)S10005GN OEC ONE ESP MAIN SYS (MOBILE DIAGNOSTIC X-RAY AND F,,1.0,NOS,0.0,24654.23,,,
2025-03-17,孟加拉国,中国,TECHNO MEDICAL SYSTEM,TRIUP INTERNATIONAL CORP CHINA,"House- 16,(2nd floor), Road-02,",,,,,China,,,,90221400,MEDICAL EQUIP: X-RAY UNTI (TR300A),,4.0,NMB,2200.0,24640.0,,,
2025-03-17,孟加拉国,中国,TECHNO MEDICAL SYSTEM,TRIUP INTERNATIONAL CORP CHINA,"House- 16,(2nd floor), Road-02,",,,,,CN,,,,90221400,MEDICAL EQUIP: X-RAY UNTI (TR300A),,4.0,,2200.0,24640.0,,,
2025-01-12,孟加拉国,中国,TECHNO MEDICAL SYSTEM,TRIUP INTERNATIONAL CORP CHINA,"House- 16,(2nd floor), Road-02,",,,,,China,,,,90221400,X-RAY UNTI (TR300A),,4.0,NMB,2200.0,24600.0,,,
2025-01-12,孟加拉国,中国,TECHNO MEDICAL SYSTEM,TRIUP INTERNATIONAL CORP CHINA,"House- 16,(2nd floor), Road-02,",,,,,CN,,,,90221400,X-RAY UNTI (TR300A),,4.0,,2200.0,24600.0,,,
2025-10-22,印度,中国,WIPRO GE HEALTHCARE PRIVATE LIMITED,GE HUALUN MEDICAL SYSTEMS COLTD,,"No.1 NORTH YONG CHANG STREET, BEIJI NG ECONOMIC & TECHNOLOGICAL DEVELOP MENT AREA, BEIJING CHINA Beijing, B China",,,,China (CN),,Beijing,BANGALORE ACC (INBLR4),90221420,S10005GN OEC ONE ESP MAIN SYS (MOBILE DIAGNOSTIC X-RAY AND FLUOROSCOPIC SYSTEM) (MEDICA EQUIPMENT)S10005GN OEC ONE ESP MAIN SYS (MOBILE DIAGNOSTIC X-RAY AND F,,1.0,NOS,0.0,24461.13,,,
2025-02-24,阿根廷,中国,MEDIFY EQUIPAMIENTO MEDICO S A,,,,,,,China,,,,90221419000,"LOS DEMAS. LOS DEMAS, PARA USO MEDICO, QUIRURGICO O VETERINARIO. APARATOS DE RAYOS X Y APARATOS QUE UTILICEN RADIACIONES ALFA, BETA GAMMA O DEMAS RADIACIONES IONIZANTES, INCLUSO PARA USO MEDICO, QUIRURGICO, ODONTOLOGICO O VETERINARIO, INCLUIDOS LOS APARATOS DE RADIOGRAFIA O RADIOTERAPIA, TUBOS DE RAYOS X Y DEMAS DISPOSITIVOS GENERADORES DE RAYOS X, GENERADORES DE TENSION, CONSOLAS DE MANDO, PANTALLAS, MESAS, SILLONES Y SOPORTES SIMILARES PARA EXAMEN O TRATAMIENTO. INSTRUMENTOS Y APARATOS DE OPTICA, FOTOGRAFIA O CINEMATOGRAFIA, DE MEDIDA, CONTROL O PRECISION; INSTRUMENTOS Y APARATOS MEDICOQUIRURGICOS; PARTES Y ACCESORIOS DE ESTOS INSTRUMENTOS O APARATOS. RV 32A",,2.0,Unidades,0.0,24380.0,,,DAWEI
2025-09-12,哥伦比亚,中国,INVERSIONES RODRIGUEZ CASTANEDA SAS,TOOTOO MEDITECH CO LTD,KR 7 180 75 LC 21 22 MOD 3,ROOM 2401 BUILDING 3A INTELLIGENT,,,,CHINA,,,,9022140000,"DO BOGI25036117. PEDIDO TRAMITE: VVG-25 / 595. DECLARACION(1-10). MERCANCIA NUEVA, LOCALIZADA EN ABC STORAGE ZONA FRANCA",,9.0,NUMERO DE ARTICULOS,167.29,24366.46,,,
2025-07-29,印度,中国,WIPRO GE HEALTHCARE PRIVATE LIMITED,GE HUALUN MEDICAL SYSTEMS COLTD,"A-1,GOLDEN ENCLAVE  AIRPORT ROAD, ",,,,,CHINA,,Beijing,DELHI AIR CARGO ACC (INDEL4),90221420,S10005GN OEC ONE ESP MAIN SYS  (MOBILE C-ARM SYSTEM)  (MEDICAL EQUIPMENT)S10005GN OEC ONE ESP MAIN SYS  (MOBILE C-ARM SYSTEM)  (MEDIC,,1.0,SET,0.0,24338.6981,23FPMDYYWHBYH,,
2025-02-18,印度,中国,WIPRO GE HEALTHCARE PRIVATE LIMITED,BEIJING GE HUALUN MEDICAL EQUIPMENT CO LTD,"A-1,GOLDEN ENCLAVE  AIRPORT ROAD, ",,,,,CHINA,,Beijing,DELHI AIR CARGO ACC (INDEL4),90221420,S10005GN OEC ONE ESP MAIN SYS  (MOBILE C-ARM SYSTEM)  (MEDICAL EQUIPMENT)S10005GN OEC ONE ESP MAIN SYS  (MOBILE C-ARM SYSTEM)  (MEDIC,,1.0,SET,0.0,24331.1329,715YQLU9C76N0,,
2025-02-18,印度,中国,WIPRO GE HEALTHCARE PRIVATE LIMITED,BEIJING GE HUALUN MEDICAL EQUIPMENT CO LTD,"A-1,GOLDEN ENCLAVE  AIRPORT ROAD, ",,,,,CHINA,,Beijing,DELHI AIR CARGO ACC (INDEL4),90221420,S10005GN OEC ONE ESP MAIN SYS  (MOBILE C-ARM SYSTEM)  (MEDICAL EQUIPMENT)S10005GN OEC ONE ESP MAIN SYS  (MOBILE C-ARM SYSTEM)  (MEDIC,,1.0,SET,0.0,24331.1329,NE6KKO49A41EZ,,
2025-08-27,印度,中国,WIPRO GE HEALTHCARE PRIVATE LIMITED,GE HUALUN MEDICAL SYSTEMS COLTD,"A-1,GOLDEN ENCLAVE  AIRPORT ROAD, ","BEIJING GE HUALUN MEDICAL EQUIPMENT CO.,LTD. No.1 NORTH YONG CHANG STR EET, BEIJING ECONOMIC & TECHNOLOGIC China",,,,China (CN),,Beijing,,90221420,S10005GN OEC ONE ESP MAIN SYS (MOBILE DIAGNOSTIC X-RAY AND FLUOROSCOPIC SYSTEM) (MEDICA EQUIPMENT)S10005GN OEC ONE ESP MAIN SYS (MOBILE DIAGNOSTIC X-RAY AND F,,1.0,NOS,0.0,24327.37,,,
2025-03-17,菲律宾,中国,GENERAL ELECTRIC PHILS INC,BEIJING GE HUALUN MEDICAL EQUIPMENT,"27TH FLOOR MENARCO TOWER, 32ND STREET, BONIFACIO, GLOBAL CITY, TAGUIG CITY",,,,,CHINA,,,,90221400000,1 EA OEC ONE VAS 25 MAIN SYS (S10005GS),,1.0,,403.2,24310.5,BJS38220412,,
2025-10-31,印度,中国,TRIVITRON HEALTHCARE PRIVATE LIMITED,SUZHOU POWERSITE ELECTRIC CO LTD,,"BUILDING 5, NO.188 FUCHUNJIANG RD, SND, SUZHOU, PEOPLE'S REPUBLIC OF C HINA CHINA",,,,China (CN),,CHENGDU,SAHAR AIR CARGO ACC (INBOM4),90221410,"PSG-HR50SE MEDICAL X-RAY HIGH FREQUENCY HIGH VOLTAGE GENERATOR ASSEMBLY WITH 1PC OF  TOUCH SCREEN CONSOLE CS-20, 1 PC OFPSG-HR50SE MEDICAL X-RAY HIGH FREQUENCY HIGH VOLTAGE GENERAT",,10.0,PCS,0.0,24307.01,,,
2025-10-24,哥斯达黎加,中国,BIOCIENTIFICA INTERNACIONAL S D R L LIMI,TOOTOO MEDITECH CO LTD,,,,,,CHINA,,,,902214000020,MAQUINA DE RAYOS X X-RAY DTR-40 TOOTOO DTR-40,,2.0,Unidad (c/u),690.62,24299.18,,,TOOTOO                                                                
2025-01-13,菲律宾,中国,GENERAL ELECTRIC PHILS INC,BEIJING GE HUALUN MEDICAL EQUIPMENT,"27TH FLOOR MENARCO TOWER, 32ND STREET, BONIFACIO, GLOBAL CITY, TAGUIG CITY",,,,,CHINA,,,,90221400000,1 EA OEC One VAS 25 Main Sys (S10005GS),,1.0,,403.2,24261.6,BJS38219206,,
2025-01-13,菲律宾,中国,GENERAL ELECTRIC PHILS INC,BEIJING GE HUALUN MEDICAL EQUIPMENT,"27TH FLOOR MENARCO TOWER, 32ND STREET, BONIFACIO, GLOBAL CITY, TAGUIG CITY",,,,,CHINA,,,,90221400000,1 EA OEC One VAS 25 Main Sys (S10005GS),,1.0,,403.2,24261.6,BJS38219207,,
2025-01-13,菲律宾,中国,GENERAL ELECTRIC PHILS INC,BEIJING GE HUALUN MEDICAL EQUIPMENT,"27TH FLOOR MENARCO TOWER, 32ND STREET, BONIFACIO, GLOBAL CITY, TAGUIG CITY",,,,,CHINA,,,,90221400000,1 EA OEC One VAS 25 Main Sys (S10005GS),,1.0,,403.2,24261.6,BJS38219208,,
2025-11-08,印度,中国,ISHITVA ROBOTIC SYSTEMS PRIVATE LIMITED,VJ X RAY LLC,,"95 Carlough Rd, Bohemia, NY 11716-2 903 SDNF CHINA",,,,China (CN),,Shanghai,SAHAR AIR CARGO ACC (INBOM4),90221410,"IXS160SE1K2P511,  160KV,1.2kW,X-Ray Generator IXS160SE1K2P511,  160KV,1.2kW,X-Ray Generator",,1.0,NOS,0.0,24238.36,,,
2025-09-06,印度,中国,WIPRO GE HEALTHCARE PRIVATE LIMITED,GE HUALUN MEDICAL SYSTEMS CO LTD,"A-1,GOLDEN ENCLAVE  AIRPORT ROAD, ","BEIJING GE HUALUN MEDICAL EQUIPMENT CO., LTD No.1 NORTH YONG CHANG STR EET BEIJING ECONOMIC & TECHNOLOGICA China",,,,China (CN),,CHENGDU,,90221420,S10005GN OEC ONE ESP MAIN SYS [MOBILE C-ARM SYSTEM) (MEDICALEQUIPMENT]S10005GN OEC ONE ESP MAIN SYS [MOBILE C-ARM SYSTEM) (MEDICAL,,1.0,NOS,0.0,24218.13,,,
2025-08-23,印度,中国,TRIVITRON HEALTHCARE PRIVATE LIMITED,SUZHOU POWERSITE ELECTRIC CO LTD,"NO.15,4TH STREET,  ABHIRAMAPURAM, ","BUILDING 5, NO.188 FUCHUNJIANG ROAD , SUZHOU NEW DISTRICT 215151 SUZHOU , PEOPLE'S REPUBLIC OF CHINA CHINA",,,,China (CN),,Zhengzhou,,90221410,"PSG-HR50SE MEDICAL X-RAY HIGH FREQUENCY HIGH VOLTAGE GENERATOR ASSEMBLY WITH 1 PC TOUCH SCREEN CONSOLE CS-20, 1 PC OF USPSG-HR50SE MEDICAL X-RAY HIGH FREQUENCY HIGH VOLTAGE GENERAT",,10.0,NOS,0.0,24190.46,,,
2025-05-15,印度,中国,WIPRO GE HEALTHCARE PRIVATE LIMITED,GE HUALUN MEDICAL SYSTEMS COLTD,"A-1,GOLDEN ENCLAVE  AIRPORT ROAD, ",,,,,CHINA,,Beijing,DELHI AIR CARGO ACC (INDEL4),90221420,S10005GN OEC ONE ESP MAIN SYS  (MOBILE C-ARM SYSTEM)  (MEDICAL EQUIPMENT)S10005GN OEC ONE ESP MAIN SYS  (MOBILE C-ARM SYSTEM)  (MEDIC,,1.0,SET,0.0,24181.69,TJ6TRA64KIV80,,
2025-07-08,巴拿马,中国,SYSTEMAX CAPITAL S A,SHENZHEN ANKE HIGH TECH CO LTD,,,,,,CHINA,,,PCT PANAMA INC,902214000000,"SISTEMA PARA MAMOGRAFIA, COMPLETO CON SUS PARTES Y ACCESORIOS.",,1.0,UNIT (UNIDAD),933.5,24109.71,,,
2025-05-20,印度,中国,WIPRO GE HEALTHCARE PRIVATE LIMITED,BEIJING GE HUALUN MEDICAL EQUIPMENT CO LTD,"A-1,GOLDEN ENCLAVE  AIRPORT ROAD, ",,,,,CHINA,,SHENZHEN,BANGALORE ACC (INBLR4),90221420,S10005GN OEC ONE ESP MAIN SYS (MOBILE DIAGNOSTIC X-RAY AND FLUOROSCOPIC SYSTEM) (MEDICA EQUIPMENT)S10005GN OEC ONE ESP MAIN SYS (MOBILE DIAGNOSTIC X-RAY AND F,,1.0,NOS,0.0,24096.3265,070NVX52D2PLR,,
2025-05-20,印度,中国,WIPRO GE HEALTHCARE PRIVATE LIMITED,BEIJING GE HUALUN MEDICAL EQUIPMENT CO LTD,"A-1,GOLDEN ENCLAVE  AIRPORT ROAD, ",,,,,CHINA,,SHENZHEN,BANGALORE ACC (INBLR4),90221420,S10005GN OEC ONE ESP MAIN SYS (MOBILE DIAGNOSTIC X-RAY AND FLUOROSCOPIC SYSTEM) (MEDICA EQUIPMENT)S10005GN OEC ONE ESP MAIN SYS (MOBILE DIAGNOSTIC X-RAY AND F,,1.0,NOS,0.0,24096.3265,JHK8AYVX2PGA5,,
2025-05-20,印度,中国,WIPRO GE HEALTHCARE PRIVATE LIMITED,BEIJING GE HUALUN MEDICAL EQUIPMENT CO LTD,"A-1,GOLDEN ENCLAVE  AIRPORT ROAD, ",,,,,CHINA,,SHENZHEN,BANGALORE ACC (INBLR4),90221420,S10005GN OEC ONE ESP MAIN SYS (MOBILE DIAGNOSTIC X-RAY AND FLUOROSCOPIC SYSTEM) (MEDICA EQUIPMENT)S10005GN OEC ONE ESP MAIN SYS (MOBILE DIAGNOSTIC X-RAY AND F,,1.0,NOS,0.0,24096.3265,C798TNBX5ODRK,,
2025-05-20,印度,中国,WIPRO GE HEALTHCARE PRIVATE LIMITED,BEIJING GE HUALUN MEDICAL EQUIPMENT CO LTD,"A-1,GOLDEN ENCLAVE  AIRPORT ROAD, ",,,,,CHINA,,SHENZHEN,BANGALORE ACC (INBLR4),90221420,S10005GN OEC ONE ESP MAIN SYS (MOBILE DIAGNOSTIC X-RAY AND FLUOROSCOPIC SYSTEM) (MEDICA EQUIPMENT)S10005GN OEC ONE ESP MAIN SYS (MOBILE DIAGNOSTIC X-RAY AND F,,1.0,NOS,0.0,24096.3265,J90NDNAZKSOAI,,
2025-10-04,印度,中国,STAR NUKE CONSULTING ENGINEERING SERVICES PRIVATE,SUZHOU POWERSITE ELECTRIC CO LTD,,"BUILDING 5 NO. 188 FUCHUNJIANG RD SND SUZHOU, CHINA",,,,China (CN),,Shanghai,,90221410,X-RAY GENERATOR MODEL: PSG-HRS40 WITH ACCESSORIES (PART FORX-RAY EQUIPMENT)X-RAY,,13.0,PCS,0.0,24075.23,,,
2025-06-29,孟加拉国,中国,TECHNO MEDICAL SYSTEM,TRIUP INTERNATIONAL CORP CHINA,"House- 16,(2nd floor), Road-02,",,,,,CN,,,,90221400,M/E X-RAY UNIT MODEL: TR300A,,4.0,,2200.0,24000.0,,,
2025-09-08,越南,中国,CÔNG TY TNHH THƯƠNG MẠI QUỐC TẾ LIWIN,LIUYANG VOLITION MEDICAL EQUIPMENT CO LTD,"No. 75, Lane 197 Tran Phu Street, Van Quan Ward, Ha Dong District, Hanoi","76 JIANSHOU AVE, ECONOMIC AND, TECHNOLOGICAL DEVELOPMENT ZONE, LIUYANG,HUNAN,CHINA, CN",,,,China,,,,90221400,"Hệ thống X-quang chẩn đoán,dùng để chụp ảnh tia X kỹ thuật số thông thường trên cơ thể người,thu lại hình ảnh kỹ thuật số để chẩn đoán lâm sàng.Mã: Picke 1800 DR/400, Mới 100%,X-ray system,diagnostic, used to take pictures X-rays digital usually on the human body,recover digital photos to clinical diagnosis.Code: Picke 1800 DR/400, 100% New",,3.0,Set,0.0,24000.0,,,
2025-07-21,菲律宾,中国,MEDILIFE MEDICAL EQUIPMENT AND SUPP,NEUSOFT MEDICAL SYSTEMS CO LTD,"LIES TRADING 2ND FLOOR SIRE BLDG.,NINOY AQUINO ROAD,POBLACIONKIDAPAWAN CITY 9400PHILIPPINES",,,,,CHINA,,,,90221400000,NEUCARE MAMMO DR HD SYSTEM,,6.0,PIECE,533.8,24000.0,CEM0134608,,
2025-07-24,印度,中国,WIPRO GE HEALTHCARE PRIVATE LIMITED,GE HUALUN MEDICAL SYSTEMS COLTD,"A-1,GOLDEN ENCLAVE  AIRPORT ROAD, ",,,,,CHINA,,Beijing,DELHI AIR CARGO ACC (INDEL4),90221420,S10005GN OEC ONE ESP MAIN SYS  (MOBILE C-ARM SYSTEM)  (MEDICAL EQUIPMENT)S10005GN OEC ONE ESP MAIN SYS  (MOBILE C-ARM SYSTEM)  (MEDIC,,1.0,SET,0.0,23799.212,82WM7JQE7M3LA,,
2025-07-24,印度,中国,WIPRO GE HEALTHCARE PRIVATE LIMITED,GE HUALUN MEDICAL SYSTEMS COLTD,"A-1,GOLDEN ENCLAVE  AIRPORT ROAD, ",,,,,CHINA,,Beijing,DELHI AIR CARGO ACC (INDEL4),90221420,S10005GN OEC ONE ESP MAIN SYS  (MOBILE C-ARM SYSTEM)  (MEDICAL EQUIPMENT)S10005GN OEC ONE ESP MAIN SYS  (MOBILE C-ARM SYSTEM)  (MEDIC,,1.0,SET,0.0,23799.212,82WM7JQE7M3LA,,
2025-05-20,印度,中国,WIPRO GE HEALTHCARE PRIVATE LIMITED,GE HUALUN MEDICAL SYSTEMS COLTD,"A-1,GOLDEN ENCLAVE  AIRPORT ROAD, ",,,,,CHINA,,Beijing,DELHI AIR CARGO ACC (INDEL4),90221420,S10005GN OEC ONE ESP MAIN SYS  (MOBILE C-ARM SYSTEM)  (MEDICAL EQUIPMENT)S10005GN OEC ONE ESP MAIN SYS  (MOBILE C-ARM SYSTEM)  (MEDIC,,1.0,SET,0.0,23792.9768,0NG7WT5R8G4MY,,
2025-05-20,印度,中国,WIPRO GE HEALTHCARE PRIVATE LIMITED,GE HUALUN MEDICAL SYSTEMS COLTD,"A-1,GOLDEN ENCLAVE  AIRPORT ROAD, ",,,,,CHINA,,Beijing,DELHI AIR CARGO ACC (INDEL4),90221420,S10005GN OEC ONE ESP MAIN SYS  (MOBILE C-ARM SYSTEM)  (MEDICAL EQUIPMENT)S10005GN OEC ONE ESP MAIN SYS  (MOBILE C-ARM SYSTEM)  (MEDIC,,1.0,SET,0.0,23792.9768,0NG7WT5R8G4MY,,
2025-06-15,亚美尼亚,中国,UNIMED JSC JSC,PERLONG MEDICAL EQUIPMENT CO LTD,,,,,,China (CN),Armenia (AM),,,90221400000,MEDICAL X-RAY EQUIPMENT XM-112B,,1.0,ՀԱՏ,575.0,23694.9,,,
2025-09-23,阿根廷,中国,MEDIFY EQUIPAMIENTO MEDICO S A,,,,,,,China,,,,90221419000,"LOS DEMAS. LOS DEMAS, PARA USO MEDICO, QUIRURGICO O VETERINARIO. APARATOS DE RAYOS X Y APARATOS QUE UTILICEN RADIACIONES ALFA, BETA GAMMA O DEMAS RADIACIONES IONIZANTES, INCLUSO PARA USO MEDICO, QUIRURGICO, ODONTOLOGICO O VETERINARIO, INCLUIDOS LOS APARATOS DE RADIOGRAFIA O RADIOTERAPIA, TUBOS DE RAYOS X Y DEMAS DISPOSITIVOS GENERADORES DE RAYOS X, GENERADORES DE TENSION, CONSOLAS DE MANDO, PANTALLAS, MESAS, SILLONES Y SOPORTES SIMILARES PARA EXAMEN O TRATAMIENTO. INSTRUMENTOS Y APARATOS DE OPTICA, FOTOGRAFIA O CINEMATOGRAFIA, DE MEDIDA, CONTROL O PRECISION; INSTRUMENTOS Y APARATOS MEDICOQUIRURGICOS; PARTES Y ACCESORIOS DE ESTOS INSTRUMENTOS O APARATOS. RV 32B",,2.0,Unidades,734.585,23666.2,,,DAWEI
2025-05-21,哈萨克斯坦,中国,ТОО IMPEX GLOBAL,SHENZHEN SONTU MEDICAL IMAGING EQUIPMENT CO LTD,"КАЗАХСТАН, 050034 Г. АЛМАТЫ, ПР. РАЙЫМБЕКА Д. 212/17","КИТАЙ, SHENZHEN,KENGZI ST.PINGSHAN NEW DIS, 101,202,B1 ,S.B.I. IND PARK, #14 JINHUI ROAD.",,,"SHENZHEN SONTU MEDICAL IMAGING EQUIPMENT CO. LTD , КИТАЙ,;
",China,Kazakhstan,,,9022140000,"1. ЦИФРОВАЯ РЕНТГЕНОГРАФИЧЕСКАЯ СИСТЕМА SONTU100-RAD(D)-I,    ЦИФРОВАЯ РЕНТГЕНОГРАФИЧЕСКАЯ СИСТЕМА SONTU100-RAD(D)-I; ПРОИЗВОДИТЕЛЬ: SHENZHEN SONTU MEDICAL IMAGING EQUIPMENT CO. LTD , КИТАЙ,; МАРКА ТОВАРА: SONTU; , КОЛИЧЕСТВО: 1.00 ШТ;",,1.0,ШТ,593.0,23580.45,,,"SONTU;
"
2025-08-14,印度,中国,WIPRO GE HEALTHCARE PRIVATE LIMITED,BEIJING GE HUALUN MEDICAL EQUIPMENT CO LTD,"A-1,GOLDEN ENCLAVE  AIRPORT ROAD, ","No.1 NORTH YONG CHANG STREET, BEIJI NG ECONOMIC & TECHNOLOGICAL DEVELOP MENT AREA BEIJING Beijing - 100176, China",,,,China (CN),,Beijing,,90221420,S10005GN OEC ONE ESP MAIN SYS (MOBILE DIAGNOSTIC X-RAY AND FLUOROSCOPIC SYSTEM) (MEDICA EQUIPMENT)S10005GN OEC ONE ESP MAIN SYS (MOBILE DIAGNOSTIC X-RAY AND F,,1.0,NOS,0.0,23498.74,,,
2025-03-12,印度,中国,WIPRO GE HEALTHCARE PRIVATE LIMITED,BEIJING GE HUALUN MEDICAL EQUIPMENT CO LTD,"A-1,GOLDEN ENCLAVE  AIRPORT ROAD, ",,,,,CHINA,,Beijing,BANGALORE ACC (INBLR4),90221420,S10005GN OEC ONE ESP MAIN SYS (MOBILE DIAGNOSTIC X-RAY AND FLUOROSCOPIC SYSTEM) (MEDICA EQUIPMENT)S10005GN OEC ONE ESP MAIN SYS (MOBILE DIAGNOSTIC X-RAY AND F,,1.0,NOS,0.0,23457.3671,2CD9B0XOHZNNI,,
2025-02-15,俄罗斯,中国,BALF LLC,JIAXING HONGYUE IMPORT&EXPORT TRADING CO LTD,"191167, , Г. САНКТ-ПЕТЕРБУРГ, УЛ. КРЕМЕНЧУГСКАЯ, Д.17., К.2., ЛИТ.А.,","34100, ZHEJIANG PROVINCE, HAINING CITY, JIAXING CITY,, ROOM 10303, BUILDING 1. N",,,IRAY TECHNOLOGY TAICANG LTD.,China (CN),Russia,,,9022140000,X-RAY EQUIPMENT FOR VETERINARY USE. NOT FOR MEDICAL USE. DOES NOT CONTAIN RADIOACTIVE RADIATION SOURCES. DOES NOT CONTAIN RADIOELECTRONIC OR HIGH-FREQUENCY DEVICES.,,10.0,PC,195.88,23339.07,,,IRAY
2025-08-05,秘鲁,中国,BARUCH MEDICAL SOCIEDAD ANONIMA CERRADA,ZHUHAI PERLEAD MEDICAL EQUIPMENT CO,,,,,,"CHINA, PEOPLE'S REPUBLIC OF",,SHENZHEN,,9022140000,"FIXED DIGITAL RADIOGRAPHY SYSTEM,LANMAGE,6600, CONTIENE: GENERADOR DE ALTO VOLTAJE,CONJUNTO DE TUBO RAYOS X,COLIMADOR, [220V SINGLE PHASE MESA,DETECTOR,DETECTOR DE PANEL DE PLANO,COLUMNA DE CONTROL DE SOPORTE,COLUMNA FIXED DIGITAL RADIOGRAPHY SYSTEM 6600EXP/ SISTEMA DE RADIOGRAFIA DIGITAL DE RAYOS X MATERIAL:METAL POLIETIELNO D ALT DENS,PART ELCTRICS Y ELCTRNICS INTRNS N?SERIE FM1624C0001",,1.0,UNITS,1015.28,23297.61,,,
2025-07-25,哈萨克斯坦,中国,ТОВАРИЩЕСТВО С ОГРАНИЧЕННОЙ ОТВЕТСТВЕННОСТЬЮ MEDSYST МЕДСИСТ,ANGELL TECHNOLOGY CHONGQING CO LTD,"КАЗАХСТАН, МЕДЕУСКИЙ РАЙОН, УЛ.КЕРЕЙ-ЖАНИБЕК ХАНДАР, ДОМ 117А","КИТАЙ, THE THIRD FLOOR OF BUILDING 8 AND, 10NO26, JIULONGYUAN ROAD JIULONGPO",,,"SHENZHEN ANGELL TECHNOLOGY CO.,LTD;
",China,Kazakhstan,,,9022140000,"1. ЦИФРОВАЯ МЕДИЦИНCКАЯ РЕНТГЕНОГРАФИЧЕСКАЯ И ФЛЮОРОГРАФИЧЕСКАЯ СИСТЕМА DFM818: РЕНТГЕНОВСКИЙ  ВЫСОКОВОЛЬТНЫЙ ГЕНЕРАТОР. . ПЛОСКИЙ РЕНТГЕНОВСКИЙ ДЕТЕКТОР . СБОРКА РЕНТГЕНОВСКОЙ ТРУБКИ .  КОЛЛИМАТОР . КОНСОЛЬ . СИСТЕМА ОБРАБОТКИ ИЗОБРАЖЕНИЙ (КОМПЬЮТЕР  ГЛАВНОГО УПРАВЛЕНИЯ, МОНИТОР) .  ФОТОГРАФИЧЕСКАЯ КРОВАТЬ . БАКИ СТЕНД,    ЦИФРОВАЯ МЕДИЦИНСКАЯ РЕНТГЕНОГРАФИЧЕСКАЯ И ФЛЮОРОГРАФИЧЕСКАЯ СИСТЕМА DFM818; ПРОИЗВОДИТЕЛЬ: SHENZHEN ANGELL TECHNOLOGY CO.,LTD; ТОВАРНЫЙ ЗНАК: SHENZHEN ANGELL TECHNOLOGY CO.,LTD; МАРКА ТОВАРА: SHENZHEN ANGELL TECHNOLOGY CO.,LTD; , КОЛИЧЕСТВО: 1.00 ШТ;",,1.0,ШТ,730.0,22871.89,,,"SHENZHEN ANGELL TECHNOLOGY CO.,LTD;
"
2025-04-04,墨西哥,中国,INVYRTE SA DE CV,BEIJING WANDONG MEDICAL TECHNOLOGY CO LTD,"DEL ROSAL 108 AV. AZTECAS Y EJE 10 SUR
Cuajimalpa de Morelos
Ciudad de Mexico
04330","


",,,,CHINA,,,MANZANILLO MANZANILLO COLIMA.,9022149199,MAQUINA DE RAYOS X RADIOGRAFIA DIGITAL,,1.0,PIECE,1980.0,22869.48,,,
2025-01-31,墨西哥,中国,INVYRTE SA DE CV,BEIJING WANDONG MEDICAL TECHNOLOGY CO LTD,"DEL ROSAL 108 AV. AZTECAS Y EJE 10 SUR
Cuajimalpa de Morelos
Ciudad de Mexico
04330","


",,,,CHINA,,,MANZANILLO MANZANILLO COLIMA.,9022149199,MAQUINA DE RAYOS X RADIOGRAFIA DIGITAL,,1.0,PIECE,2200.0,22869.44,,,
2025-02-27,哈萨克斯坦,中国,ТОО АЛЬЯНС,BEIJING WANDONG MEDICAL TECHNOLOGY CO LTD,Г.УСТЬ-КАМЕНОГОРСК УЛ.КРАСИНА 12/2,"BEIJING BUILDING 3,№9 JIUXIANGIAODONG ROAD",,,BEIJING WANDONG MEDICAL TECHNOLOGY CO LTD,China,Kazakhstan,,,9022140000,МЕДИЦИНСКОЕ РЕНТГЕНОВСКОЕ ОБОРУДОВАНИЕ,,1.0,ШТ,670.0,22800.0,,,
2025-08-05,秘鲁,中国,BARUCH MEDICAL SOCIEDAD ANONIMA CERRADA,ZHUHAI PERLEAD MEDICAL EQUIPMENT CO,,,,,,"CHINA, PEOPLE'S REPUBLIC OF",,SHENZHEN,,9022140000,"FIXED DIGITAL RADIOGRAPHY SYSTEM,LANMAGE,6600, CONTIENE: GENERADOR DE ALTO VOLTAJE,CONJUNTO DE TUBO RAYOS X,COLIMADOR, [380V THREE PHASE] MESA,DETECTOR,DETECTOR DE PANEL DE PLANO,COLUMNA DE CONTROL DE SOPORTE,COLUMNA FIXED DIGITAL RADIOGRAPHY SYSTEM 6600EXP/ SISTEMA DE RADIOGRAFIA DIGITAL DE RAYOS X MATERIAL:METAL POLIETIELNO D ALT DENS,PART ELCTRICS Y ELCTRNICS INTRNS N?SERIE FM162550004",,1.0,UNITS,992.72,22779.89,,,
2025-07-17,乌干达,中国,JOINT MEDICAL STORE UPMB UCMB,XIAMEN SUPERTRANS LOGISTICS CO LTD,,,,,,China (CN),,,,90221400000,"X-rays apparatus, medical/surgical/veterinary use nes",,1.0,Number,620.0,22700.0,,,
2025-08-01,乌干达,中国,JOINT MEDICAL STORE UPMB UCMB,XIAMEN SUPERTRANS LOGISTICS CO LTD,,,,,,China (CN),,,,90221400000,"X-rays apparatus, medical/surgical/veterinary use nes",,1.0,Number,620.0,22700.0,,,
2025-01-08,孟加拉国,中国,SMART MEDICAL SERVICES,SHANGHAI RO CHAIN MEDICAL CO LTD,"House-79/A, Road-7, Sector-4;",,,,,China,,,,90221400,X-RAY MACHINE MODEL: SHO-DDX02,,1.0,NMB,710.0,22621.0,,,
2025-01-08,孟加拉国,中国,SMART MEDICAL SERVICES,SHANGHAI ROCHAIN MEDICAL CO,"House-79/A, Road-7, Sector-4;",.,,,,CN,,,,90221400,X-RAY MACHINE MODEL: SHO-DDX02,,1.0,,710.0,22621.0,,,
2025-07-23,印度,中国,WIPRO GE HEALTHCARE PRIVATE LIMITED,GE HUALUN MEDICAL SYSTEMS CO LTD,"A-1,GOLDEN ENCLAVE  AIRPORT ROAD, ",,,,,CHINA,,EZHOU HUAHU,BANGALORE ACC (INBLR4),90221420,A5011DC - MOBILE DR-AMX EXPLORER SYSTEM UHL MAKE (MEANT FORR&D PURPOSE)A5011DC - MOBILE DR-AMX EXPLORER SYSTEM UHL MAKE (MEANT FOR,,1.0,PCS,0.0,22608.9774,BK11OP4NXS37U,,
2025-01-13,阿根廷,中国,INTEC S R L,,,,,,,China,,,,90221490900,"LOS DEMAS. LOS DEMAS, PARA USO MEDICO, QUIRURGICO O VETERINARIO. APARATOS DE RAYOS X Y APARATOS QUE UTILICEN RADIACIONES ALFA, BETA GAMMA O DEMAS RADIACIONES IONIZANTES, INCLUSO PARA USO MEDICO, QUIRURGICO, ODONTOLOGICO O VETERINARIO, INCLUIDOS LOS APARATOS DE RADIOGRAFIA O RADIOTERAPIA, TUBOS DE RAYOS X Y DEMAS DISPOSITIVOS GENERADORES DE RAYOS X, GENERADORES DE TENSION, CONSOLAS DE MANDO, PANTALLAS, MESAS, SILLONES Y SOPORTES SIMILARES PARA EXAMEN O TRATAMIENTO. INSTRUMENTOS Y APARATOS DE OPTICA, FOTOGRAFIA O CINEMATOGRAFIA, DE MEDIDA, CONTROL O PRECISION; INSTRUMENTOS Y APARATOS MEDICOQUIRURGICOS; PARTES Y ACCESORIOS DE ESTOS INSTRUMENTOS O APARATOS. PLX112B",,1.0,Unidades,0.0,22500.0,,,PERLOVE
2025-10-15,孟加拉国,中国,SMART MEDICAL SERVICES,SUZHOU SHOIMAGE MEDICAL EQUIPMENT C,"House-79/A, Road-7, Sector-4;",,,,,CN,,,,90221400,C-ARM MACHINE MODEL: SHOC-5KW,,1.0,,400.8,22209.0,,,
2025-06-04,乌拉圭,中国,APESUR SOCIEDAD ANONIMA,,,,,,,Republica Popular de China,,,,9022141990,"LOS DEMAS. DE DIAGNOSTICO. LOS DEMAS, PARA USO MEDICO, QUIRURGICO O VETERINARIO. APARATOS DE RAYOS X Y APARATOS QUE UTILICEN RADIACIONES ALFA, BETA GAMMA O DEMAS RADIACIONES IONIZANTES, INCLUSO PARA USO MEDICO, QUIRURGICO, ODONTOLOGICO O VETERINA",,2.0,Unidad (C/U),700.0,22156.48,,,
2025-08-05,哈萨克斯坦,中国,ТОО DOBRO MEDICAL GROUP,NANJING PERLOVE MEDICAL EQUIPMENT CO LTD,"КАЗАХСТАН, Г. АСТАНА, РАЙОН НҰРА, ПРОСПЕКТ ТҰРАН, ЗДАНИЕ 46/1, 203","КИТАЙ, NANJING 211122, NO.97, WANGXI ROAD, JIANGNING DISTRICT",,,"NANJING PERLOVE MEDICAL EQUIPMENT CO., LTD;
",China,Kazakhstan,,,9022140000,"1. МОБИЛЬНАЯ ЦИФРОВАЯ СИСТЕМА C-ДУГИ FPD PLX118F/ С-ДОҒАНЫҢ МОБИЛЬДІ ЦИФРЛЫҚ ЖҮЙЕСІ HF,    МОБИЛЬНАЯ ЦИФРОВАЯ СИСТЕМА C-ДУГИ FPD PLX118F/ С-ДОҒАНЫҢ МОБИЛЬДІ ЦИФРЛЫҚ ЖҮЙЕСІ HF; ПРОИЗВОДИТЕЛЬ: NANJING PERLOVE MEDICAL EQUIPMENT CO., LTD; ТОВАРНЫЙ ЗНАК: NANJING PERLOVE MEDICAL EQUIPMENT CO., LTD; МАРКА ТОВАРА: NANJING PERLOVE MEDICAL EQUIPMENT CO., LTD; , КОЛИЧЕСТВО: 1.00 ШТ;",,1.0,ШТ,370.0,22079.34,,,"NANJING PERLOVE MEDICAL EQUIPMENT CO., LTD;
"
2025-08-26,多民族玻利维亚国,中国,MEDIDENT S R L,LIVERMORETECH INC,"SIMON BOLIVAR, 1922, MIRAFLORES, LA PAZ, LA PAZ, BOLIVIA, 2222761,",,,,,CHINA,,,LA PAZ,9022140000,MEDICAL X-RAY DIAGNOSTIC SYSTEM,,1.0,,1064.0,22063.88,,,LIVERMORETECH INC HENDRIX GENETICS RAINBOW-CLOMA 48% EC
2025-01-29,尼加拉瓜,中国,SCIENTIFIC INSTRUMENTS SOCIEDAD ANONIMA,TOOTOO MEDITECH CO LTD,,,,,,CHINA,,,,90221400,MAQUINA DE RAYOS X - USO VET.,,7.0,UND,558.42,21894.01,,,
2025-02-06,尼日利亚,中国,VICKHEN DYNAMICS RESOURCES,NINGBO YINZHOU NETRUE INTERNATIONAL CO LTD,,,,,,China,,,APAPA PORT,9022140000,"Apparatus based on the use of X-rays or of alpha, betaused for medical, surgical .",,0.0,,6248.0,21782.4,,,
2025-06-24,孟加拉国,中国,MEDITRUST SOLUTION,MR GLOBAL HK LTD,"Ka-93/4/B, Kuratoly; Khilkhet PS;",FLAT/ROOM 1,,,,CN,,,,90221400,DIGITAL RADIOGRAPHY SYSTEM WITH STD.ACC. M:DIGIEYE-330,,1.0,,749.0,21690.0,,,
2025-03-27,俄罗斯,中国,ИП КРЕМНЕВ ВАСИЛИЙ ЛЕОНИДОВИЧ,SHENZHEN MEDCONCEPT TECHNOLOGY LTD,"150003, ЯРОСЛАВСКАЯ ОБЛАСТЬ,, Г. ЯРОСЛАВЛЬ,, ФЛОТСКИЙ СПУСК, Д. 1 А, КВ. 29,","518057, NANSHAN, SHENZHEN, B301,LANGUANG TECHNOLOGY PARK, NO.27,GAOXIN NORTH , ,",,,"SHENZHEN BIZVET BIO-TECH CO., LTD",China (CN),Russia,,,9022140000,"EQUIPMENT FOR X-RAY EXAMINATION OF ANIMALS, FOR VETERINARY MEDICINE, WITHOUT A SOURCE OF RADIATION, NEW",,1.0,PC,300.0,21688.85,,,BIZVET
2025-07-10,科特迪瓦,中国,STE INTERNATIONALE DE PROT MED,CHINA CARE &CAN CARE MEDICAL EQUIPMENT CO LTD,01 BP 1018 ABIDJAN,ROO,,,,Chine,COTE D'IVOIRE,,,9022140000,"9022140000 - -- Appareils à rayons X pour usages médicaux, ch",,0.0,,275.0,21632.7137,,,
2025-02-11,印度,中国,PHILIPS INDIA LIMITED,SPELLMAN HIGH VOLTAGE ELECTRONICS SUZHOU INDUSTRI,"7 JUSTICE CHANDRA MADHAB ROAD,KOLK  ATA ",,,,,CHINA,,SHANGHAI - PU DONG,SAHAR AIR CARGO ACC (INBOM4),90221410,"459801732292,HF GENERATOR MMB 409085-001 (FOR C-ARM IMAGE INTENSIFIER SYSTEM)459801732292,HF GENERATOR MMB 409085-001 (FOR C-ARM IMAGE IN",,10.0,NOS,0.0,21438.9905,1G3FQZR28THRP,,
2025-03-18,印度,中国,PHILIPS INDIA LIMITED,SPELLMAN HIGH VOLTAGE ELECTRONICS SUZHOU INDUSTRI,"7 JUSTICE CHANDRA MADHAB ROAD,KOLK  ATA ",,,,,CHINA,,SHANGHAI - PU DONG,SAHAR AIR CARGO ACC (INBOM4),90221410,"459801732292,HF GENERATOR MMB 409085-001 (FOR C-ARM IMAGE INTENSIFIER SYSTEM)459801732292,HF GENERATOR MMB 409085-001 (FOR C-ARM IMAGE IN",,10.0,NOS,0.0,21402.7978,8QIAQT6UZJQEE,,
2025-03-02,印度,中国,PHILIPS INDIA LIMITED,SPELLMAN HIGH VOLTAGE ELECTRONICS SUZHOU INDUSTRI,"7, JUSTICE CHANDRA MADHAB ROAD,  KOLKATA, ",,,,,CHINA,,SHANGHAI - PU DONG,SAHAR AIR CARGO ACC (INBOM4),90221410,"459801732292,HF GENERATOR MMB 409085-001 (FOR C-ARM IMAGE INTENSIFIER SYSTEM)459801732292,HF GENERATOR MMB 409085-001 (FOR C-ARM IMAGE IN",,10.0,NOS,0.0,21393.4172,TDZWE0NQM9FPJ,,
2025-01-28,印度,中国,PHILIPS INDIA LIMITED,SPELLMAN HIGH VOLTAGE ELECTRONICS SUZHOU INDUSTRI,"7 JUSTICE CHANDRA MADHAB ROAD,KOLK  ATA ",,,,,CHINA,,SHANGHAI - PU DONG,SAHAR AIR CARGO ACC (INBOM4),90221410,"459801732292,HF GENERATOR MMB 409085-001 (FOR C-ARM IMAGE INTENSIFIER SYSTEM)459801732292,HF GENERATOR MMB 409085-001 (FOR C-ARM IMAGE IN",,10.0,NOS,0.0,21314.876,RIUWSR97RI5P9,,
2025-01-09,智利,中国,,,,,,,,CHINA,,Callao,Valparaiso,90221411,APARATOS DE RAYOS X PARA RADIOTERAPIA,,1.0,UNIDADES,571.5,21302.11,(M)025E825911,,
2025-02-21,印度,中国,PHILIPS INDIA LIMITED,SPELLMAN HIGH VOLTAGE ELECTRONICS SUZHOU INDUSTRI,"7, JUSTICE CHANDRA MADHAB ROAD,  KOLKATA, ",,,,,CHINA,,SHANGHAI - PU DONG,SAHAR AIR CARGO ACC (INBOM4),90221410,"459801732292,HF GENERATOR MMB 409085-001 (FOR C-ARM IMAGE INTENSIFIER SYSTEM)459801732292,HF GENERATOR MMB 409085-001 (FOR C-ARM IMAGE IN",,10.0,NOS,0.0,21284.1443,47IDQW7EGYUSN,,
2025-03-31,印度,中国,PHILIPS INDIA LIMITED,SPELLMAN HIGH VOLTAGE ELECTRONICS SUZHOU INDUSTRI,"7 JUSTICE CHANDRA MADHAB ROAD,KOLK  ATA ",,,,,CHINA,,SHANGHAI - PU DONG,SAHAR AIR CARGO ACC (INBOM4),90221410,"459801732292,HF GENERATOR MMB 409085-001 (FOR C-ARM IMAGE INTENSIFIER SYSTEM)459801732292,HF GENERATOR MMB 409085-001 (FOR C-ARM IMAGE IN",,10.0,NOS,0.0,21280.914,K6YB2UEUB7HDB,,
2025-07-30,印度,中国,PHILIPS INDIA LIMITED,SPELLMAN HIGH VOLTAGE ELECTRONICS SUZHOU INDUSTRI,"7, JUSTICE CHANDRA MADHAB ROAD,  KOLKATA, ",,,,,CHINA,,SHANGHAI - PU DONG,SAHAR AIR CARGO ACC (INBOM4),90221410,"(IGCRD SR NO:20) 459801732292,HF GENERATOR MMB (FOR C-ARM IMAGE INTENSIFIER SYSTEM)(IGCRD SR NO:20) 459801732292,HF GENERATOR MMB (FOR C-ARM IM",,10.0,NOS,0.0,21276.5675,UHLAIP3FHZ250,,
2025-01-22,印度,中国,PHILIPS INDIA LIMITED,SPELLMAN HIGH VOLTAGE ELECTRONICS SUZHOU INDUSTRI,"7 JUSTICE CHANDRA MADHAB ROAD,KOLK  ATA ",,,,,CHINA,,SHANGHAI - PU DONG,SAHAR AIR CARGO ACC (INBOM4),90221410,"459801732292,HF GENERATOR MMB 409085-001 (FOR C-ARM IMAGE INTENSIFIER SYSTEM)459801732292,HF GENERATOR MMB 409085-001 (FOR C-ARM IMAGE IN",,10.0,NOS,0.0,21275.9259,X17QJHA4PJMS6,,
2025-01-10,印度,中国,PHILIPS INDIA LIMITED,SPELLMAN HIGH VOLTAGE ELECTRONICS SUZHOU INDUSTRI,"7, JUSTICE CHANDRA MADHAB ROAD,  KOLKATA, ",,,,,CHINA,,SHANGHAI - PU DONG,SAHAR AIR CARGO ACC (INBOM4),90221410,"459801732292,HF GENERATOR MMB 409085-001 (FOR C-ARM IMAGE INTENSIFIER SYSTEM)459801732292,HF GENERATOR MMB 409085-001 (FOR C-ARM IMAGE IN",,10.0,NOS,0.0,21256.0733,4ABDP99ES8L1N,,
2025-08-14,印度,中国,PHILIPS INDIA LIMITED,SPELLMAN HIGH VOLTAGE ELECTRONICS SUZHOU INDUSTRI,"7, JUSTICE CHANDRA MADHAB ROAD,  KOLKATA, ","AL PARK) CO.,LTD 86 JINJIANG ROAD, SUZHOU CHINA SDNF China",,,,China (CN),,SHANGHAI - PU DONG,,90221410,"(IGCRD SR NO:20) 459801732292,HF GENERATOR MMB (FOR C-ARM IMAGE INTENSIFIER SYSTEM)(IGCRD SR NO:20) 459801732292,HF GENERATOR MMB (FOR C-ARM IM",,10.0,NOS,0.0,21084.42,,,
2025-08-14,印度,中国,PHILIPS INDIA LIMITED,SPELLMAN HIGH VOLTAGE ELECTRONICS SUZHOU INDUSTRI,"7 JUSTICE CHANDRA MADHAB ROAD,KOLK  ATA ","AL PARK) CO.,LTD 86 JINJIANG ROAD, SUZHOU CHINA SDNF China",,,,China (CN),,SHANGHAI - PU DONG,,90221410,"(IGCRD SR NO:20) 459801732292,HF GENERATOR MMB (FOR C-ARM IMAGE INTENSIFIER SYSTEM)(IGCRD SR NO:20) 459801732292,HF GENERATOR MMB (FOR C-ARM IM",,10.0,NOS,0.0,21084.42,,,
2025-05-02,乌兹别克斯坦,中国,JSC UZKABEL JV,EARL BRIDGE INTERNATIONAL TRADING COMPANY,,,,,,,,,,9022140000,"1. Digital X-ray Radiography System SY-D047A/ Цифровая рентгеновская радиографическая система, Модель:  SY-D047A. Серийные номер:F50DR230160, новый 2023г кол-во-1шт,Производитель: ""Sunny Medical Equipment Limited"", Китай - кол. 1 шт, вес: 750 кг
2. мест",,1.0,шт,750.0,20940.0,,,
2025-06-24,哥伦比亚,中国,MINDRAY MEDICAL COLOMBIA SAS,MR GLOBAL HK LTD,AC 100 54 OF 1002,"FLAT/RM 1115-6 BLOCK 1, 11/F, GRAND",,,,CHINA,,,,9022140000,DO 220100413325-001 CODIGO / RESOLUCION USUARIO TRAMITE SIMPLIFICADO (UTS): U00853 PEDIDO TRAMITE: IMPO 91SEA25 DECLARA,,1.0,NUMERO DE ARTICULOS,649.3,20817.26,,,
2025-04-03,尼日利亚,中国,AFALOG MEDICAL DIAGNOSTIC CENTER LIMITED,NEUSOFT MEDICAL SYSTEMS CO LTD,,,,,,China,,,APAPA PORT,9022140000,"Apparatus based on the use of X-rays or of alpha, betaused for medical, surgical .",,0.0,,885.0,20731.8,,,
2025-05-07,印度,中国,PROGNOSYS MEDICAL SYSTEMS PRIVATE LIMITED,NEUSOFT MEDICAL SYSTEMS CO LTD,"NO.249, 4TH MAIN ROAD,  CHAMARAJPET, ",,,,,CHINA,,Shanghai,BANGALORE,90221410,DIAGNOSTIC X-RAY HIGH VOLTAGE GENERATOR(LUNAR-65RF) (FOR MANUFACTURE OF X-RAY MACHINE)X-RAY GENERATOR,,4.0,NOS,0.0,20707.5952,GHOL6M8NET815,,
2025-07-11,秘鲁,中国,ROCA S A C,,AV. SAN BORJA SUR NRO. 848 (CRUCE DE AV SAN BORJA SUR C SAN LUIS),,,,,"CHINA, PEOPLE'S REPUBLIC OF",,XIGAZE,,9022140000,"ARCO EN C, GE MEDICAL SYSTEMS, OEC ONE EQUIPO MEDICO UTILIZADO PRINCIPALMENTE PARA LA OBTENCIEN DE IM-GENES RADIOLEGICAS DE ALTA CALIDAD A TIEMPO REAL, EN SALA DE OPERACIONES LO QUE PERMITE MOSTRAR LA CIRUG-A EN PROCEDI S10005EZ / OEC ONE MAIN SYSTEM V2 / ITEM SERIAL NO:130 RS. DBC0817E VIGENCIA: 05-01-2021 AL 05-01-2026/ RD. 050-2021/DIGEMID",,1.0,UNITS,439.33,20653.7,,,
2025-03-22,印度,中国,STAR NUKE CONSULTING ENGINEERING SERVICES PRIVATE,SUZHOU POWERSITE ELECTRIC CO LTD,"PLOT NO 25,NAVKAR NAGAR,NEW SANGANER ROAD,KALYANPURA SANGANER CONTACT NO-919950041555",,,,,CHINA,,Shanghai,TUGHLAKABAD,90221410,X-RAY GENERATOR MODEL: PSG-HRS40 WITH ACCESSORIES(PART FOR X-RAY EQUIPMENT)X RAY,,10.0,PCS,0.0,20407.8884,LD2K6UFBAAFMD,,
2025-09-05,哥伦比亚,中国,ET SERVICES S A S,NANJING PERLOVE MEDICAL EQUIPMENT CO LTD,CL 59 A SUR 74 61,NO. 97 WANGXI ROAD JIANGNING DISTRI,,,,CHINA,,,,9022140000,"DO 352025386 DECLARACION(1-1) MERCANCIA NUEVA, VISTO BUENO INVIMA NB0 VINVIMA-25-0103286 FECHA 2025-07-25.. PRODUCTO: SI",,1.0,NUMERO DE ARTICULOS,432.0,20354.4,,,
2025-07-15,哈萨克斯坦,中国,ТОО АЛЬЯНС,BEIJING WANDONG MEDICAL TECHNOLOGY CO LTD,"КАЗАХСТАН, Г.УСТЬ-КАМЕНОГОРСК, УЛ.КРАСИНА 12/2","КИТАЙ, BEIJING, BUILDING 3,№9 JIUXIANGIAODONG ROAD",,,"BEIJING WANDONG MEDICAL TECHNOLOGY CO LTD,КИТАЙ;
",China,Kazakhstan,,,9022140000,"1. МЕДИЦИНСКАЯ РЕНТГЕНОГРАФИЧЕСКАЯ СИСТЕМА NEW ORIENTAL 1000NA,    МЕДИЦИНСКОЕ РЕНТГЕНОВСКОЕ ОБОРУДОВАНИЕ; ПРОИЗВОДИТЕЛЬ: BEIJING WANDONG MEDICAL TECHNOLOGY CO LTD,КИТАЙ; , КОЛИЧЕСТВО: 1.00 ШТ;",,1.0,ШТ,840.0,20200.0,,,";
"
2025-05-09,哥伦比亚,中国,ET SERVICES S A S,NANJING PERLOVE MEDICAL EQUIPMENT CO LTD,CL 59 A SUR 74 61,NO. 97 WANGXI ROAD JIANGNING DISTRI,,,,CHINA,,,,9022140000,"DO 352025130 DECLARACION 1-1 MERCANCIA NUEVA, VISTO BUENO INVIMA N VINVIMA-25-0060639 FECHA 2025-05-05.. PRODUCTO: SISTEMA DE ARCO EN C M VIL DE ALTA FRECUENCIA - SISTEMA DE ARCO EN C, MARCA: PERLOVE, MODELO: PLX112D, REFERENCIA: PLX112D, USO ODESTINO:ES UN SISTEMA DE RAYOS X FLUOROSC PICO DE DIAGN STICO DE PROP SITO GENERAL M VIL DENTRO DE UNA INSTALACI N DE IM GENES QUE UTILIZA UN ARCO EN C Y T CNICAS DIGITALES PARA LA CAPTURA, VISUALIZACI N Y MANIPULACI N DE IM GENES Y EST DISE ADO PARA USARSE ENUNA VARIEDAD DE APLICACIONES DE PROP SITO GENERAL QUE REQUIEREN CAPACIDADES DE IMAGEN FLUOROSC PICA EN TIEMPO REAL. INCLUYE CAPACIDADES DE PEL CULA PUNTUAL ADEM S DE LAS FUNCIONES FLUOROSC PICAS Y EST DESTINADO A OPTIMIZAR LA CAPACIDAD DE LOS USUARIOS PARA EVALUAR VISUAL Y CUANTITATIVAMENTE LA ANATOM A Y LA FUNCI N FISIOL GICA DE VARIAS REAS ESPEC FICAS DEL CUERPO EN TIEMPO REAL. SE UTILIZA CON FRECUENCIA JUNTO CON UN MEDIO DE CONTRASTE DE RAYOS X INGERIDO O INYECTADO. LAS IM GENES PUEDEN SE",,1.0,NUMERO DE ARTICULOS,290.0,20139.8,,,
2025-07-03,智利,中国,,,,,,,,CHINA,,other ports of china,San Antonio,90221490,LOS DEMAS APARATOS PARA USO VETERINARIO,,1.0,UNIDADES,1008.0,19998.13,SHH31725124(H)LGZSTA25429322SZ,,
2025-09-29,哥伦比亚,中国,MEDICALBIO SAS,IRAY GROUP,CL 86 87 A 44,"NO 999, HUANQIAO ROAD, PUDONG NEW A",,,,CHINA,,,,9022140000,"DO BOGI0240852-001 PEDIDO TRAMITE: IRAY DECLARACION(1-1) MEDICALBIO SAS,. MERCANCIA NUEVA, NO APLICA REGISTRO DE IMPORTA",,4.0,NUMERO DE ARTICULOS,50.0,19600.0,,,
2025-04-10,墨西哥,中国,DISTRIBUIDORA DE EQUIPO Y SERVICIO GONZALEZ SA DE CV,SHENZHEN BROWINER TECH CO LTD,"FUENTE DE LA RANA 58 CALLE FUENTE DE LA SOTERRAAA Y CALLE FUENTE DE SAN FRANCISCO
Morelia
Michoacan
58088","SONGBAI ROAD BUILDING C GANGHONGJI HIGH-TECH INTELLIGENT INDUSTRIAL PARK
YANGGUANG COMMUNITY XILI STREET NANSHAN DISTRICT SHENZHEN

518055",,,,CHINA,,,MANZANILLO MANZANILLO COLIMA.,9022149199,VETERINARY DIGITAL RADIOGRAPHY SYSTEM MODEL XV40 DRF APARATO DE RAYOS X PORTATIL PARA USO VETERINARIO CON ACCESORIOS,,1.0,PIECE,1033.0,19584.6,,,
2025-07-25,墨西哥,中国,DISTRIBUIDORA DE EQUIPO Y SERVICIO GONZALEZ SA DE CV,SHENZHEN BROWINER TECH CO LTD,"FUENTE DE LA RANA 58 CALLE FUENTE DE LA SOTERRAAA Y CALLE FUENTE DE SAN FRANCISCO
Morelia
Michoacan
58088","BUILDING C SONGBAI ROAD XILI STREET
GANGHONGJI HIGH-TECH INTELLIGENT INDUSTRIAL PARK YANGGUANG COMMUNITY NANSHAN

518055",,,,CHINA,,,MANZANILLO MANZANILLO COLIMA.,9022149199,APARATO DE RAYOS X PORTATIL PARA USO VETERINARIO CON ACCESORIOS,,1.0,SET,579.5,19499.96,,,
2025-08-06,菲律宾,中国,CORBRIDGE GROUP PHILS INC,UNITED IMAGING HEALTHCARE HONG KONG,"5TH FLR JAFER BLDG, 118 WEST AVE.,QUEZON CITY 1104PHILIPPINES",,,,,CHINA,,,,90221400000,DIGITAL MEDICAL X-TRAY IMAGING SYSTEM)MODEL UMAMMO 590U),,1.0,PIECE,705.0,19467.7,HANF25070335,,
2025-06-12,墨西哥,中国,DISTRIBUIDORA DE EQUIPO Y SERVICIO GONZALEZ SA DE CV,SHENZHEN LIM2VET BIOLOGICAL TECHNOLOGY CO LTD,"FUENTE DE LA RANA 58 CALLE FUENTE DE LA SOTERRAAA Y CALLE FUENTE DE SAN FRANCISCO
Morelia
Michoacan
58088","ZHONGCHENG BIOMEDICAL INDUSTRIAL PARK LINHUI RD
PINGSHAN DISTRICT SHENZHEN GUANGDONG

518118",,,,CHINA,,,MANZANILLO MANZANILLO COLIMA.,9022149199,MESA PARA RAYOS X CON ACCESORIOS PARA USO VETERINARIO,,2.0,PIECE,1440.0,18845.08,,,
2025-10-21,孟加拉国,中国,GOLDEN DREAM INTERNATIONAL,TRIUP INTERNATIONAL CORP,"59/ D/ A, Darus Salam Shopping",CHINA,,,,CN,,,,90221400,X-RAY MACHINE MODEL:TR300A,,3.0,,1650.0,18600.0,,,
2025-08-22,哥伦比亚,中国,BIOPLUS MEDICAL CARE SAS,IRAY INVESTMENT LTD,CL 5A 7A 16,"ROOM B, 17/F., LOYONG COURT, 212-22",,,,CHINA,,,,9022140000,"DO 32025076 PEDIDO TRAMITE: IRAY DECLARACION(1-1) MERCANCIA NUEVA Y EN BUEN ESTADO//LA MERCANCIA NO CONTIENE PLOMO PARA SU FABRICACION NI PARA SU USO// CUMPLE CON REGISTRO DE IMPORTACION NO. REG-50040805-20250305N CON FECHA DE APROBACION 2025-03-05 CON VISTO BUENO INVIMA NO. VINVIMA-25-0030783 DEL 2025-03-05, SEGUN DECRETO 925 DE 2013, MINISTERIO DE COMERCIO, INDUSTRIA Y TURISMO, CIRCULAR NUMERO 04 DE 2024, MINISTERIO DE COMERCIO, INDUSTRIA Y TURISMO// LOCALIZACION ZONA FRANCA BOGOTA EN LAS BODEGAS DE ALBROKERS ZF SAS, FMM INGRESO NO. 9194582543 DEL 2025-08-08 FMM INGRESO NO. 9194583684 DEL 2025-08-12, FMM SALIDA NO. 9194587224 DEL 2025-08-15//. FACTURA: IRAY20250224001 FECHA: 2025-02-24 WIRELESS DIGITAL FLAT PANEL DETECTOR MARS1417X (WITH SHOCK SENSOR, SOFTWARE SUPER DOG USB DONGLE, & PROTECTOR FOR MARS1417 SERIES); PRODUCTO: DIGITAL FLAT PANEL DETECTOR - DETECTOR DIGITAL DE PANEL PLANO, MARCA: IRAY TECHNOLOGY, MODELO: MARS 1417X, REFERENCIA: MARS 1417X, USO O DESTINO: ES UN DETECTOR",,2.0,NUMERO DE ARTICULOS,16.65,18587.5,,,
2025-09-12,哈萨克斯坦,中国,ТОО VETMED,SHENZHEN BIZVET BIO TECH CO LTD,"КАЗАХСТАН, Г.АЛМАТЫ, УЛ. САТПАЕВА, 40 А","КИТАЙ, SHENZHEN, GUANGDONG PROVINCE, 5TH FLOOR, BUILDING F, XINHUI INDUSTRIAL ZONE",,,"SHENZHEN BIZVET BIO-TECH CO., LTD;
",China,Kazakhstan,,,9022140000,"1. ВЕТЕРИНАРНАЯ РЕНТГЕНОГРАФИЧЕСКАЯ СИСТЕМА SUPERRAY DRF40 В КОМПЛЕКТЕ,    ПРИМЕНЯЕТСЯ В ВЕТЕРИНАРИИ; ПРОИЗВОДИТЕЛЬ: SHENZHEN BIZVET BIO-TECH CO., LTD; ТОВАРНЫЙ ЗНАК: SHENZHEN BIZVET BIO-TECH; МАРКА ТОВАРА: SHENZHEN BIZVET BIO-TECH; , КОЛИЧЕСТВО: 1.00 ШТ;",,1.0,ШТ,250.0,18503.75,,,"SHENZHEN BIZVET BIO-TECH;
"
2025-05-12,乌兹别克斯坦,中国,ООО NOVOTECHNIK,NANJING HUAPU MEDICAL CO LTD КИТАЙ,,,,,,,,,,9022140000,"1) Рентген мобильный с плоской C-дугой, модель DG3310C с принадлежностями / High Frequency Mobile Digital C-arm X-ray system model DG3310C /Новый,2025г.в./Сер№2025032101/ Пр-ль.:""Nanjing Huadong Electronics Group Medical Equipment Co.Ltd"", Китай/: вес: 3",,1.0,шт,354.0,18500.0,,,
2025-05-26,乌兹别克斯坦,中国,ООО NOVOTECHNIK,NANJING HUAPU MEDICAL CO LTD КИТАЙ,,,,,,,,,,9022140000,"1) Рентген мобильный с плоской C-дугой, модель DG3310C с принадлежностями / High Frequency Mobile Digital C-arm X-ray system model DG3310C /Новый,2025г.в./Сер№2025032101/ Пр-ль.:""Nanjing Huadong Electronics Group Medical Equipment Co.Ltd"", Китай/: вес: 3",,1.0,шт,354.0,18500.0,,,
2025-07-21,厄瓜多尔,中国,EGRET MEDICAL S A,FNS INC LIMITED,,,,,,CHINA,,,,9022140000,FLAT PANEL DETECTOR RAYOS X,,9.0,PZA,89.7,18325.44,,,CAREVIEW
2025-03-01,巴西,中国,IMX INDUSTRIA E COMERCIO LTDA,SHENZHEN BROWINER TECH CO LTD,SC,,,,,China (CN),,,,90221419,"APARELHOS DE RAIOS X E APARELHOS QUE UTILIZEM AS RADIAçõES ALFA, BETA OU GAMA, MESMO PARA USOS MéDICOS, CIRúRGICOS, ODONTOLóGICOS OU VETERINáRIOS, INCLUíDOS OS APARELHOS DE RADIOFOTOGRAFIA OU DE RADIOTERAPIA, OS TUBOS DE RAIOS X E OUTROS DISPOSITIVOS GERA",,11.0,UNID.,396.0,18228.0,,,
2025-09-16,阿根廷,中国,MEDIFY EQUIPAMIENTO MEDICO S A,,,,,,,China,,,,90221419000,"LOS DEMAS. LOS DEMAS, PARA USO MEDICO, QUIRURGICO O VETERINARIO. APARATOS DE RAYOS X Y APARATOS QUE UTILICEN RADIACIONES ALFA, BETA GAMMA O DEMAS RADIACIONES IONIZANTES, INCLUSO PARA USO MEDICO, QUIRURGICO, ODONTOLOGICO O VETERINARIO, INCLUIDOS LOS APARATOS DE RADIOGRAFIA O RADIOTERAPIA, TUBOS DE RAYOS X Y DEMAS DISPOSITIVOS GENERADORES DE RAYOS X, GENERADORES DE TENSION, CONSOLAS DE MANDO, PANTALLAS, MESAS, SILLONES Y SOPORTES SIMILARES PARA EXAMEN O TRATAMIENTO. INSTRUMENTOS Y APARATOS DE OPTICA, FOTOGRAFIA O CINEMATOGRAFIA, DE MEDIDA, CONTROL O PRECISION; INSTRUMENTOS Y APARATOS MEDICOQUIRURGICOS; PARTES Y ACCESORIOS DE ESTOS INSTRUMENTOS O APARATOS. CANIS 2",,4.0,Unidades,51.3632,18023.4,,,IRAY
2025-07-03,菲律宾,中国,ARCORP MEDICAL ENTERPRISES,SHENZHEN BROWINER TECH CO LTD,"CORNER SATURN,BAYANIHAN ST. BRGY. TORIL,DAVAO CITYDAVAO CITY 8000PHILIPPINES",,,,,CHINA,,,,90221400000,PORTABLE RADIOGRAPHY SYSTEM MOBILE COPPER WITH PATIENT MONITOR,,1.0,PIECE,222.0,17920.0,254200230,,
2025-02-13,哥伦比亚,中国,EQUIVET INTERNATIONAL COMPANY SAS,GUANGZHOU YSENMED EQUIPMENT CO LTD,KR 69 12A 42 TO 2,"2NF FLOOR, BLOCK C, WANLIMA INDUSTR",,,,CHINA,,,,9022140000,DO 173-25 PEDIDO TRAMITE: RAYOS X DECLARACION(1-1) NOS ACOGEMOS AL DECRETO 0925 DE 2013 DEL MINISTERIO DE INDUSTRIA Y TU,,2.0,NUMERO DE ARTICULOS,154.8,17695.6,,,
2025-06-03,印度,中国,TRIVITRON HEALTHCARE PRIVATE LIMITED,SUZHOU POWERSITE ELECTRIC CO LTD,"NO.15,4TH STREET,  ABHIRAMAPURAM, ",,,,,CHINA,,Zhengzhou,SAHAR AIR CARGO ACC (INBOM4),90221410,"PSG-HR50E MEDICAL X-RAY HIGH FREQUENCY HIGH VOLTAGE GENERATOR ASSEMBLY WITH I PC TOUCH SCREEN CONSOLE CS-14, 1 PC OF USBPSG-HR50E MEDICAL X-RAY HIG FREQUENCY HIG VOLTAGE GENERATRO",,7.0,SET,0.0,17575.5411,W8S6UQJXT3VS5,,
2025-01-29,加纳,中国,CROWN HEALTHCARE 2024 LTD,SHANGHAI CHANNELMED IMPORT & EXPORT CO LTD,,,,,,China,,,,9022140000,URINE BAGS 2 L,,0.0,,5600.0,17500.0,ONEYSH4FD3149600,,
2025-07-09,肯尼亚,中国,NAIROBI ENTERPRISES LIMITED,WUJIANG EVERGREEN EX IM CO LTD,,,,,,China,Kenya,,,90221400,H; Floor mounted digital radiography system; Floor mounted digital radiography system; deliver high-quality radiological images and X-rays; WUJIANG EVERGREEN; INF-50KW-A with AEC; 2; 1; 1; INF-50KW-A with AEC; 570; 1; 1;,,1.0,UNT,0.0,17490.0,,,
2025-04-16,巴拿马,中国,HOSPITALAR S A,YIAN MEDICAL TECHNOLOGY HAINING CO LTD,,,,,,CHINA,,,COCOSOLITO,902214000000,RAYOS X DIGITAL FOTOGRAFICO VETERINARIO MODELO VDR632V CON SUS ACCESORIOS,,1.0,UNIT (UNIDAD),388.2,17333.34,,,
2025-09-11,亚美尼亚,中国,SIUN LLC,SHENZHEN LANMAGE MEDICAL TECHNOLOGY CO LTD,,,,,,China (CN),Armenia (AM),,,90221400000,DIGITAL X-RAY SYSTEM FOR VETERINARY MEDICINE KEEN RAY DR50M VET (SN;DP0221500033) - 1 SET,,1.0,ՀԱՏ,148.0,17314.0,,,
2025-08-13,哥伦比亚,中国,J TECHMED SAS,PIXXGEN CORP,KR 5 45 25 LC 103,"5F, SMART BAY, 123, BEOLMAL-RO, DON",,,,COREA DEL SUR,,,,9022140000,"DIM (1-1) FACTURA: CI250716-001 FECHA: 2025-07-16. NOS ACOGEMOS AL DECRETO 1881 DEL 30 DE DICIEMBRE DEL 2021. NOS ACOGEMOS AL DECRETO 272 DEL 13 DE FEBRERO DE 2018 PARA LA EXCLUSION TOTAL DEL GRAVAMEN. REGISTRO DE IMPORTACIONNUMERO REG-50096141-20250528N CON FECHA 2025-05-28, VISTO BUENO INVIMA: VINVIMA-25-0073775 CON FECHA: 20-05-28. MERCANCIA UBICADA EN ZONA FRANCA BOGOTA, DREAMS STORAGE S.A.S. REGISTRO SANITARIO: INVIMA 2022DM-0025781. VENCIMIENTO: 2032/08/05. EXPEDIENTE: 20225403. CANT. (3) U PRODUCTO: FLAT PANEL DIGITAL XRAY DETECTOR DETECTOR DIGITAL DE RAYOS X, PARTES, REPUESTOS Y ACCESORIOS, MARCA: PIXXGEN, MODELO: PRUDENT1717, REFERENCIA: PRUDENT 1717, SERIAL: K124258G3, K124258G8, K124258G9, USO O DESTINO: PIXX ES UN DISPOSITIVO DIGITAL DE ALTA RESOLUCION PARA LA OBTENCION DE IMAGENES DE RAYOS X, COMINMENTE CONOCIDO COMO DETECTOR DE PANEL PLANO. UN SENSOR DIGITAL INCORPORADO DETIPO PANEL PLANO TFT ASIRECIBE LOS RAYOS X Y LOS CONVIERTE EN IMAGEN DIGITAL. LOS FOTONES DE LOS RAYO",,3.0,NUMERO DE ARTICULOS,25.5,17090.0,,,
2025-02-15,肯尼亚,中国,NAIROBI ENTERPRISES LIMITED,WUJIANG EVERGREEN EX IM CO LTD,42367 NAIROBI.,,,,,China,Kenya,,,9022140000,H; Floor-mounted Digital Radiography System; Floor-mounted Digital Radiography S,,1.0,UNT,0.0,17052.7533,,,
2025-07-08,巴拿马,中国,SYSTEMAX CAPITAL S A,SHENZHEN ANKE HIGH TECH CO LTD,,,,,,CHINA,,,PCT PANAMA INC,902214000000,"SISTEMA PARA RADIOLOGIA, COMPLETO CON SUS PARTES Y ACCESORIOS.",,1.0,UNIT (UNIDAD),923.5,17030.29,,,
2025-10-10,博茨瓦纳,中国,NUCLEAR TECHNOLOGIES PROPRIETARY LIMITED,HUNAN ZETOP MEDICAL CO LTD,,,,,,CHINA,,,Tlokweng Gate,90221400,DIGITAL X-RAY MACHINE,,1.0,EA,788.0,17023.9874,,,
2025-02-06,肯尼亚,中国,NAIROBI ENTERPRISES LIMITED,WUJIANG EVERGREEN EX IM CO LTD,42367 NAIROBI.,,,,,China,Kenya,,,9022140000,H; Mobile digital radiography system; Mobile digital radiography system - 1 Set;,,1.0,UNT,0.0,17021.7183,,,
2025-09-16,哥伦比亚,中国,L A S ELECTROMEDICINA SAS,MR GLOBAL HK LTD,CL 26 96 J 66 LC 23 Y 24,FLAT/RM 1115-6 BLOCK 1 11/F CENTURY,,,,CHINA,,,,9022140000,DO 2025-10515 PEDIDO 31271 DECLARACION 1 DE 1VISTO BUENO SIC NB0 VSIC-2554089 CON FECHA: 2025-09-03. VISTO BUENO INVIMA,,2.0,NUMERO DE ARTICULOS,51.84,17007.34,,,
2025-04-29,孟加拉国,中国,MONIR NEURO SPINE SURGICAL MART,QINGDAO NOVALUCK SUPPLIES CO LTD,"House-02,Bashbari (Muhammadpur);",CH,,,,CN,,,,90221400,PERLOVE C-ARM MACHINE,,1.0,,370.0,17000.0,,,
2025-09-03,越南,中国,CÔNG TY TNHH THƯƠNG MẠI QUỐC TẾ LIWIN,LIUYANG VOLITION MEDICAL EQUIPMENT CO LTD,"No. 75, Lane 197 Tran Phu Street, Van Quan Ward, Ha Dong District, Hanoi","76 JIANSHOU AVE, ECONOMIC AND, TECHNOLOGICAL DEVELOPMENT ZONE, LIUYANG,HUNAN,CHINA, CN",,,,China,,,,90221400,"Hệ thống X-quang chẩn đoán , dùng để chụp ảnh tia X kỹ thuật số thông thường trên cơ thể người, thu lại hình ảnh kỹ thuật số để chẩn đoán lâm sàng. Mã: Picke 1800 DR/500, Mới 100%,X-ray system , diagnostic, used to take pictures X-rays digital usually on the human body, recover digital photos to clinical diagnosis. Code: Picke 1800 DR/500, 100% New",,2.0,Set,0.0,17000.0,,,
2025-04-29,孟加拉国,中国,MONIR NEURO SPINE SURGICAL MART,QINGDAO NOVALUCK SUPPLIES CO LTD,"House-02,Bashbari (Muhammadpur);",,,,,China,,,,90221400,PERLOVE C-ARM MACHINE,,1.0,NMB,370.0,17000.0,,,
2025-04-23,越南,中国,CÔNG TY TNHH THƯƠNG MẠI QUỐC TẾ LIWIN,LIUYANG VOLITION MEDICAL EQUIPMENT CO LTD,"No. 75, Lane 197 Tran Phu Street, Van Quan Ward, Ha Dong District, Hanoi","76 JIANSHOU AVE, ECONOMIC AND, TECHNOLOGICAL DEVELOPMENT ZONE, LIUYANG,HUNAN,CHINA, CN",,,,China,,,,90221400,"Hệ thống X-quang chẩn đoán,dùng để chụp ảnh tia X kỹ thuật số thông thường trên cơ thể người,thu lại hình ảnh kỹ thuật số để chẩn đoán lâm sàng.Mã:Picke 1800 DR/500( ko tấm nhận ảnh& máytính).Mới 100%,Diagnostic X-ray system, used to take conventional digital X-ray images on the human body, capturing digital images for clinical diagnosis. Code: Picke 1800 DR/500 (without image receiver & computer). 100% new",,2.0,Set,0.0,17000.0,,,
2025-07-11,秘鲁,中国,MAGNUS MEDIC SAC,,,,,,,"CHINA, PEOPLE'S REPUBLIC OF",,SHEKOU PT,,9022140000,"M-QUINA DE RAYOS X, YSENMED, YSF50DR-B3 M-QUINA DE RAYOS X DE 50KW DIGITALES PERMISO DE IPEM:NRO. 0409-25-IPEN/OTAN-2025442656//F. INICIO:10/07/2025//FV. 21/08/2025 MEDICAL SCANNER -",,1.0,UNITS,547.81,16936.98,,,
2025-01-28,乌克兰,中国,ТОВ ТАЙГЕРС ТМ,DAWEI VETERINARY MEDICAL JIANGSU CO LTD,03170 М КИЇВ БУЛЬВАР РОМЕНА РОЛЛАНА 13 Б КВАРТИРА 39,28 JINQIAO ROAD ECONOMIC DEVELOPM ZONE XUZHOU JIANGSU CHINA 22100,,,,КИТАЙ,,,,9022140000,РЕНТГЕНОСКОПІЧНА АПАРАТУРА ДЛЯ ВИКОРИСТАННЯ У ВЕТЕРЕНАРІЙ ХІРУРГІЇ АРТ RV 32B ВЕТЕРИНАРНИЙ ЦИФРОВИЙ РЕНТГЕН АПАРАТ 1 ШТ ТОРГОВЕЛЬНА МАРКА DAWEI КРАЇНА ВИРОБНИЦТВА CN ВИРОБНИК DAWEI VETERINARY MEDICAL JIANGSU CO LTD,,1.0,ШТ,390.0,16900.0,,,
2025-06-19,坦桑尼亚,中国,KAIRUKI HOSPITAL,MEDSINGLONG CO LTD,,,,,,China,"Tanzania, United Republic of",,,902214000000,MOBILE DIGITAL X-RAY MACHINE,,1.0,NMB,346.0,16720.7832,COSU6416053460,,
2025-06-19,坦桑尼亚,中国,KAIRUKI HOSPITAL,MEDSINGLONG CO LTD,,,,,,China,"Tanzania, United Republic of",,,902214000000,MOBILE DIGITAL X-RAY MACHINE,,1.0,NMB,346.0,16720.7832,COSU6416053460,,
2025-06-19,坦桑尼亚,中国,KAIRUKI HOSPITAL,MEDSINGLONG CO LTD,,,,,,China,"Tanzania, United Republic of",,,902214000000,MOBILE DIGITAL X-RAY MACHINE,,1.0,NMB,346.0,16720.7832,COSU6416053460,,
2025-06-19,坦桑尼亚,中国,KAIRUKI HOSPITAL,MEDSINGLONG CO LTD,,,,,,China,"Tanzania, United Republic of",,,902214000000,MOBILE DIGITAL X-RAY MACHINE,,1.0,NMB,346.0,16720.7832,COSU6416053460,,
2025-01-10,布隆迪,中国,TZAZA HYDROPOWER LIMITED,GANGI KAVENYA,,,,,,CHINA,,,,90221400,MEDICAL EQUIPMENT,,1.05,NMB,102.8,16526.5776,,,
2025-07-15,孟加拉国,中国,PRECISE PETLAB DIAGNOSTICS AND,SHANGHAI TOEX INTERNATIONALTRADING,Hospital Ltd.,,,,,CN,,,,90221400,VET DYNAMIC DIGITAL RADIOGRAPHY,,1.0,,300.0,16390.0,,,
2025-09-26,厄瓜多尔,中国,EGRET MEDICAL S A,HK BEIHANG YUAN CO LTD,,,,,,CHINA,,,,9022140000,FLAT PANEL DETECTOR CareView 1800Cwe,,8.0,PZA,73.757,16281.205,,,SM
2025-08-05,印度,中国,EPSILON HEALTHCARE SOLUTIONS PRIVATE LIMITED,SUZHOU POWERSITE ELECTRIC CO LTD,J-4/3B FIRST FLOOR DDA FLATS  KALKAJI ,BUILDING 5 NO NO 188 FUCHUNJIANG RD SND SUZHOU PEOPLE S REPUBLIC OF CHINA CN,,,,China (CN),,Shanghai,,90221410,X-RAY GENERATOR WITHOUT X-RAY TUBE 80KW MODEL NO PGS-HR80L (PART FOR MFR. OF MEDICAL X-RAY MACHINE)PART FOR MFR. OF MEDICAL X-RAY MACHINE,,5.0,NOS,0.0,16250.0,,,
2025-08-27,孟加拉国,中国,OCEANENTERPRISE,SUZHOU SHOIMAGE MEDICAL EQUIPMENT C,M/S OCEANENTERPRISE; Serajganj,,,,,CN,,,,90221400,ANALOG X-RAY MACHINE W.STD.ACC.M:SHO-DDX04,,2.0,,1300.0,16238.0,,,
2025-05-12,肯尼亚,中国,NAIROBI ENTERPRISES LIMITED,WUJIANG EVERGREEN EX IM CO LTD,,,,,,China,Kenya,,,90221400,"H; Mobile digital radiography system; Mobile digital radiography system; directly capture X-ray images; WUJIANG EVERGREEN EX/IM CO.,LTD; INW-32KW; 1; 1; 1; INW-32KW; 300; 1; 0;",,1.0,UNT,0.0,16218.0,,,
2025-01-17,乌干达,中国,ST JUDE ELECRTICAL AND MEDICAL EQUIPMENT WORKSHOP LTD,PERLONG MEDICAL EQUIPEMENT CO LTD,,,,,,CHINA,UGANDA,,,90221400000,C-ARM X-RAY AND ACCESSORIES,,1.0,Number,320.0,16179.0001,,,
2025-06-27,印度,中国,WIDE MOBILITY MECHATRONICS PRIVATE LIMITED,VJ XRAY LLC,"242 11TH CROSS 1ST MAIN,BEML LAYOU  T, BASAVESHWARA NAGAR ",,,,,CHINA,,SHENZHEN,BANGALORE ACC (INBLR4),90221490,"IXS100BP320P523 160KV,400W,X-RAY GENERATOR NA",,2.0,PCS,0.0,16126.0604,6B288OW8UFUKY,,
2025-08-20,墨西哥,中国,DIFARVET SA DE CV,SUPER VETERINARY CO LIMITED,"CALLE INDUSTRIA METALURGICA 114 CALLE INDUSTRIA DEL PLASTICO Y CALLE INDUSTRIA GALLETERA
Zapopan
Jalisco
45130","


",,,,CHINA,,,MANZANILLO MANZANILLO COLIMA.,9022149199,EQUIPO PARA RAYOS X DE USO VETERINARIO CON SUS PARTES Y ACCESORIOS PARA SU BUEN FUNCIONAMIENTO SUPER VETERINARY SUPERRAY DYNAMIC,,1.0,PIECE,1068.0,16116.02,,,
2025-07-02,孟加拉国,中国,K S MEDITRADE,SHENZHEN BROWINER TECH CO LTD,"Plot no: 22, Section- 07, Main",SHEN,,,,CN,,,,90221400,MOBILE C-ARM X-RAY SYSTEM (MODEL: COMPAX 500C),,1.0,,475.0,16100.0,,,
2025-06-25,哈萨克斯坦,中国,ТОВАРИЩЕСТВО С ОГРАНИЧЕННОЙ ОТВЕТСТВЕННОСТЬЮ АКТЮБИНСКАЯ ЖЕЛЕЗНОДОРОЖНАЯ БОЛЬНИЦА,HEALICOM MEDICAL EQUIPMENT CO LTD,"КАЗАХСТАН, АКТОБЕ, УЛ. ХИУАЗ ДОСПАНОВОЙ, Д. 36А","КИТАЙ, NANJING, NO.30, YUFENGZHAN ROAD",,,"SHENZHEN ANGELL TECHNOLOGY CO.,LTD.;
",China,Kazakhstan,,,9022140000,"1. ЦИФРОВАЯ РЕНТГЕНОГРАФИЧЕСКАЯ СИСТЕМА (), ПРЕДНАЗНАЧЕН ДЛЯ МЕДИЦИНСКИХ ЦЕЛЕЙ,    ЦИФРОВАЯ РЕНТГЕНОГРАФИЧЕСКАЯ СИСТЕМА, ПРЕДНАЗНАЧЕН ДЛЯ МЕДИЦИНСКИХ ЦЕЛЕЙ; ПРОИЗВОДИТЕЛЬ: SHENZHEN ANGELL TECHNOLOGY CO.,LTD.; ТОВАРНЫЙ ЗНАК: SHENZHEN ANGELL TECHNOLOGY CO.,LTD.; МАРКА ТОВАРА: ОТСУТСТВУЕТ; , КОЛИЧЕСТВО: 1.00 ШТ;",,1.0,ШТ,742.0,16078.0,,,"ОТСУТСТВУЕТ;
"
2025-07-01,巴西,中国,PRODOSUL IMPORTACAO E EXPORTACAO COMERCIO E MANUTENCAO,NANNING YOLONG TECHNOLOGY CO LTD,,,,,,,,,IRF - AEROPORTO INTERNACIONAL DE FLORIANÓPOLIS,90221419,"APARELHOS DE RAIOS X E APARELHOS QUE UTILIZEM AS RADIAçõES ALFA, BETA OU GAMA, MESMO PARA USOS MéDICOS, CIRúRGICOS, ODONTOLóGICOS OU VETERINáRIOS, INCLUíDOS OS APARELHOS DE RADIOFOTOGRAFIA OU DE RADIOTERAPIA, OS TUBOS DE RAIOS X E OUTROS DISPOSITIVOS GERA",,6.0,UNITY,67.0,16000.0,,,
2025-08-07,越南,中国,CÔNG TY TNHH THƯƠNG MẠI QUỐC TẾ LIWIN,LIUYANG VOLITION MEDICAL EQUIPMENT CO LTD,"No. 75, Lane 197 Tran Phu Street, Van Quan Ward, Ha Dong District, Hanoi","76 JIANSHOU AVE, ECONOMIC AND, TECHNOLOGICAL DEVELOPMENT ZONE, LIUYANG,HUNAN,CHINA, CN",,,,China,,,,90221400,"Hệ thống X-quang chẩn đoán, dùng để chụp ảnh tia X kỹ thuật số thông thường trên cơ thể người, thu lại hình ảnh kỹ thuật số để chẩn đoán lâm sàng. Mã: Picke 1800 DR/400, Mới 100%,X-ray system, diagnostic, used to take pictures X-rays digital usually on the human body, recover digital photos to clinical diagnosis. Code: Picke 1800 DR/400, 100% New",,2.0,Set,0.0,16000.0,,,
2025-09-02,哥伦比亚,中国,MEDICALBIO SAS,IRAY GROUP,CL 86 87 A 44,"NO 999, HUANQIAO ROAD, PUDONG NEW A",,,,CHINA,,,,9022140000,"DO BOGI0239640-001 PEDIDO TRAMITE: 022IRAY DECLARACION(1-1) MEDICALBIO SAS,. MERCANCIA NUEVA, NO APLICA REGISTRO DE IMPO",,4.0,NUMERO DE ARTICULOS,70.0,16000.0,,,
2025-06-01,巴西,中国,B F BRASIL LTDA,SHENZHEN BROWINER TECH,,,,,,,,,PORTO DE SANTOS,90221419,"APARELHOS DE RAIOS X E APARELHOS QUE UTILIZEM AS RADIAçõES ALFA, BETA OU GAMA, MESMO PARA USOS MéDICOS, CIRúRGICOS, ODONTOLóGICOS OU VETERINáRIOS, INCLUíDOS OS APARELHOS DE RADIOFOTOGRAFIA OU DE RADIOTERAPIA, OS TUBOS DE RAIOS X E OUTROS DISPOSITIVOS GERA|BENS DE CAPITAL (EXCETO EQUIPAMENTOS DE TRANSPORTE)|PRODUTOS MANUFATURADOS|FABRICAçãO DE EQUIPAMENTOS DE IRRADIAçãO, ELETROMéDICOS E ELETROTERAPêUTICOS|APARELHOS DE RAIOS X P/USO MEDICO,CIRURGICO OU VETERIN.",,1.0,UNITY,475.0,15650.0,,,
2025-06-09,哥伦比亚,中国,INVERSIONES RODRIGUEZ CASTANEDA SAS,SHENZHEN BROWINER TECH CO LTD,KR 7 180 75 LC 21 22 MOD 3,"ROOM 501, BUILDING C, GANGHONGJI",,,,CHINA,,,,9022140000,"DO BOGI25034394. PEDIDO TRAMITE: PED VVG-25 /276. DECLARACION(1-1). MERCANCIA NUEVA, NUMERO DE FACTURA COMERCIAL: BWXS-PX05-202505-01003 CON FECHA 27 MAYO 2025// NOS ACOGEMOS AL DECRETO 0925 DE MAYO 09 DE 2013, NO REQUIERE PRESENTACION DE REGISTRO DE IMPORTACION.. PRODUCTO: SISTEMA DE RADIOGRAFIA DIGITAL PORTATIL (GENERADOR DE RAYOS X). MARCA: BROWINER. MODELO: BEATLE-02P. REFERENCIA: BEATLE-02P SERIES. SERIAL: BRW210202505003//BRW210202505004//BRW210202505005//BRW210202505006//BRW210202505007. USO O DESTINO: VETERINARIO. TECNICA DE DIAGNOSTICO: RAYOS X. OTROS DATOS:VETERINARY PORTABLE DIGITAL RADIOGRAPHY SYSTEM (VET) // INCLUYE TODOS LOS ACCESORIOS PARA NORMAL INSTALACION Y FUNCIONAMIENTO PO: CHINA (CN) CANT (5) UNDS (ITEM 1)",,5.0,NUMERO DE ARTICULOS,50.0,15642.37,,,
2025-05-15,哥伦比亚,中国,MEDICALBIO SAS,HEBEI RUIGE INTERNATIONAL TRADING CO LTD,CL 86 87 A 44,"KAIJIA BUILDING, QIAOXI ZONE, SHIJI",,,,CHINA,,,,9022140000,"DO BOG305-25 DECLARACION 1-1 NOS ACOGEMOS AL DECRETO 0925 DE 2013, MERCANC A NO REQUIERE REGISTRO DE IMPORTACI N NOS ACOGEMOS AL DECRETO N MERO 1343 DE 2017, MINISTERIO DE COMERCIO, INDUSTRIA Y TURISMO, GRAVAMEN ARANCELARIO 0 NOS ACOGEMOS AL DECRETO N MERO 272 DE 2018, MINISTERIO DE COMERCIO, INDUSTRIA Y TURISMO, GRAVAMEN ARANCELARIO 0 NOS ACOGEMOS AL DECRETO N MERO 2367 DE 2019, MINISTERIO DE COMERCIO, INDUSTRIA Y TURISMO, CUMPLIMIENTO DE COMPROMISOS ARANCELARIOS ADQUIRIDOS POR COLOMBIA EN ELACUERDO DE PRODUCTOS DE TECNOLOG A DE LA INFORMACI N DE LA OMC. NOS ACOGEMOS AL DECRETO N MERO 1881 DE 2021, MINISTERIO DE COMERCIO, INDUSTRIA Y TURISMO ART CULO 2 GRAV MENES ESTABLECIDOS EN DECRETOS ANTERIORES SEGUIR N APLIC NDOSE SEG N LO DISPUESTOMERCANC A NUEVA USO EXCLUSIVO EN MEDICINA VETERINARIA ; PRODUCTO: DETECTOR PANEL PLANO DE RAYOS X VENU1717XV DETECTOR DE PANTALLA PLANA, MARCA: IRAY TECHNOLOGY, MODELO: VENU17X17 XV, REFERENCIA: VENU17X17 XV, USO O DESTINO: USO VETERINARIO, TECNICA DE",,4.0,NUMERO DE ARTICULOS,61.2,15600.0,,,
2025-11-11,哥斯达黎加,中国,ELECTRONICA INDUSTRIAL Y MEDICA SOCIEDAD ANONIMA,SHENZHEN SONTU MEDICAL IMAGING,,,,,,CHINA,,,,902214000020,EQUIPO DE RAYOS X: EQUIPO DE RAYOS X DE USO VETERINARIO,,1.0,Unidad (c/u),170.0,15559.1,,,SONTU                                                                 
2025-01-07,孟加拉国,中国,SMART MEDICAL SERVICES,SHANGHAI RO CHAIN MEDICAL CO LTD,"House-79/A, Road-7, Sector-4;",,,,,China,,,,90221400,C-ARM MACHINE MODEL:RCC-5KW,,1.0,NMB,480.0,15044.0,,,
2025-01-07,孟加拉国,中国,SMART MEDICAL SERVICES,SHANGHAI ROCHAIN MEDICAL CO,"House-79/A, Road-7, Sector-4;",.,,,,CN,,,,90221400,C-ARM MACHINE MODEL:RCC-5KW,,1.0,,480.0,15044.0,,,
2025-04-10,秘鲁,中国,INNOVALITY S A C,,,,,,,"CHINA, PEOPLE'S REPUBLIC OF",,JIXIAN,,9022140000,"EQUIPO DE RAYOS X PORTATIL,IRAY TECHNOLOGY,CANIS 5C, SERIES: CA5201210H20525012 / CA5201210H20525008/ CA5201210H20525019 / CA5201210H20525013 CA5201210H22025028 / IPEN N¦0280-25-IPEN/OTAN FECHAS:02/04/2025 AL 01/07/2025 PORTABLE X-RAY MACHINE,CANIS 5C , X-RAY EQUIPMENT FOR VETERINARY X-RAY TUBE,MODEL: KL10SB, S/N:NI05829,NH03085,NI04041,NL05821,NI06726",,5.0,UNITS,90.01,15041.92,,,
2025-09-15,蒙古,中国,САММИТМЕДИКАЛ СЕРВИС ХХК,SHENZHEN LANMAGE MEDICAL TECHNOLOGY CO LTD,,,,,"Shenzhen Lanmage Medical Technology Co.,Ltd",БНХАУ,,,Zamiin-Uud,90221400,"дижитал, зөөврийн, хүчин чадал: 5.6kw, 100mA, 220V, иж бүрдэлдээ: зөөврийн компьютер детектор, тог баригч, босоо детекторын суурь, батарейн хамт, үе мөч ясны, хүн эмнэлгийн",,1.0,Pieces/item [Number],0.0,15007.543,,,
2025-05-28,肯尼亚,中国,DIMETRICA LIMITED,PERLOVE MEDICAL EQUIPMENT CO LTD,,,,,,China,Kenya,,,90221400,0; 0; MEDICAL DIAGNOSTIC X RAY SYSTEM PLD5600A; 0; 0; 0; 1; 1; 0; 0; 1; 1;,,1.0,UNT,0.0,15000.0,,,
2025-07-19,肯尼亚,中国,KHAIRAT MEDICAL CENTRE LIMITED,NANJING PERLOVE MEDICAL EQUIPMENT CO LTD,,,,,,China,Kenya,,,90221400,N; PERLOVE; MOBILE DIGITAL FPD C-ARM SYSTEM; N; PERLOVE; PLX118WF; 1; 1; 1; N; 30000; 0;,,1.0,UNT,0.0,15000.0,,,
2025-04-10,墨西哥,中国,DISTRIBUIDORA DE EQUIPO Y SERVICIO GONZALEZ SA DE CV,SHENZHEN BROWINER TECH CO LTD,"FUENTE DE LA RANA 58 CALLE FUENTE DE LA SOTERRAAA Y CALLE FUENTE DE SAN FRANCISCO
Morelia
Michoacan
58088","SONGBAI ROAD BUILDING C GANGHONGJI HIGH-TECH INTELLIGENT INDUSTRIAL PARK
YANGGUANG COMMUNITY XILI STREET NANSHAN DISTRICT SHENZHEN

518055",,,,CHINA,,,MANZANILLO MANZANILLO COLIMA.,9022149199,VETERINARY DIGITAL RADIOGRAPHY SYSTEM MODEL XV40 APARATO DE RAYOS X PARA USO VETERINARIO CON ACCESORIOS,,1.0,PIECE,1033.0,14946.14,,,
2025-10-20,埃塞俄比亚,中国,XIANDENG LI,,,,,,,China,,,,90221400,"-- Other, for medical, surgical or veterinary uses",,1.0,UNT,844.19,14930.19,,,
2025-02-07,哥伦比亚,中国,INVERSIONES RODRIGUEZ CASTANEDA SAS,TOOTOO MEDITECH CO LTD,KR 7 180 75 LC 21 22 MOD 3,ROOM 2401 BUILDING 3A INTELLIGENT,,,,CHINA,,,,9022140000,"DO BOGI25032265. PEDIDO TRAMITE: PED VVG-25 / 045. DECLARACION(1-4). MERCANCIA NUEVA, NOS ACOGEMOS AL DECRETO 0925 DE MA",,5.0,NUMERO DE ARTICULOS,105.0,14915.16,,,
2025-04-22,哥伦比亚,中国,INVERSIONES RODRIGUEZ CASTANEDA SAS,TOOTOO MEDITECH CO LTD,KR 7 180 75 LC 21 22 MOD 3,ROOM 2401 BUILDING 3A INTELLIGENT,,,,CHINA,,,,9022140000,"DO BOGI25033515. PEDIDO TRAMITE: PED VVG-25 166. DECLARACION(1-3). MERCANCIA NUEVA, NOS ACOGEMOS AL DECRETO 0925 DE MA",,5.0,NUMERO DE ARTICULOS,102.68,14772.59,,,
2025-06-27,厄瓜多尔,中国,EGRET MEDICAL S A,XIN GANG TRANSPORTATION COMPANY LTD,,,,,,CHINA,,,,9022140000,DETECTOR DE PANEL PLANO,,7.0,PZA,70.3,14705.6,,,MEDMSL LIMITED
2025-03-03,印度,中国,PANACEA MEDICAL TECHNOLOGIES PRIVATE LIMITED,IRAY IMAGING TECHNOLOGY HAINING LIMITED,"H.NO.1-10-1/27,1ST FLOOR, STREET NO 5,ASHOK NAGAR,HYDERABAD ",,,,,CHINA,,SHENZHEN,BANGALORE ACC (INBLR4),90221410,FORNAX50RT PLUS HV GENERATOR  [PART OF LINEAR ACCELERATOR MACHINE]FORNAX50RT PLUS HV GENERATOR  [PART OF LINEAR ACCELERATOR MA,,2.0,NOS,0.0,14629.3938,ES2YCVX3RN3G9,,
2025-09-22,阿根廷,中国,MEDIFY EQUIPAMIENTO MEDICO S A,,,,,,,China,,,,90221419000,"LOS DEMAS. LOS DEMAS, PARA USO MEDICO, QUIRURGICO O VETERINARIO. APARATOS DE RAYOS X Y APARATOS QUE UTILICEN RADIACIONES ALFA, BETA GAMMA O DEMAS RADIACIONES IONIZANTES, INCLUSO PARA USO MEDICO, QUIRURGICO, ODONTOLOGICO O VETERINARIO, INCLUIDOS LOS APARATOS DE RADIOGRAFIA O RADIOTERAPIA, TUBOS DE RAYOS X Y DEMAS DISPOSITIVOS GENERADORES DE RAYOS X, GENERADORES DE TENSION, CONSOLAS DE MANDO, PANTALLAS, MESAS, SILLONES Y SOPORTES SIMILARES PARA EXAMEN O TRATAMIENTO. INSTRUMENTOS Y APARATOS DE OPTICA, FOTOGRAFIA O CINEMATOGRAFIA, DE MEDIDA, CONTROL O PRECISION; INSTRUMENTOS Y APARATOS MEDICOQUIRURGICOS; PARTES Y ACCESORIOS DE ESTOS INSTRUMENTOS O APARATOS. RV 32D",,1.0,Unidades,510.2021,14435.82,,,DAWEI
2025-09-25,阿根廷,中国,CENTURION ORNELA ALEJANDRA,,,,,,,China,,,,90221490900,"LOS DEMAS. LOS DEMAS, PARA USO MEDICO, QUIRURGICO O VETERINARIO. APARATOS DE RAYOS X Y APARATOS QUE UTILICEN RADIACIONES ALFA, BETA GAMMA O DEMAS RADIACIONES IONIZANTES, INCLUSO PARA USO MEDICO, QUIRURGICO, ODONTOLOGICO O VETERINARIO, INCLUIDOS LOS APARATOS DE RADIOGRAFIA O RADIOTERAPIA, TUBOS DE RAYOS X Y DEMAS DISPOSITIVOS GENERADORES DE RAYOS X, GENERADORES DE TENSION, CONSOLAS DE MANDO, PANTALLAS, MESAS, SILLONES Y SOPORTES SIMILARES PARA EXAMEN O TRATAMIENTO. INSTRUMENTOS Y APARATOS DE OPTICA, FOTOGRAFIA O CINEMATOGRAFIA, DE MEDIDA, CONTROL O PRECISION; INSTRUMENTOS Y APARATOS MEDICOQUIRURGICOS; PARTES Y ACCESORIOS DE ESTOS INSTRUMENTOS O APARATOS. DTXR 5ZR",,7.0,Unidades,145.0001,14430.01,,,DTKL
2025-10-16,孟加拉国,中国,TELERAD MEDICAL SYSTEMS LTD,SUZHOU SHOIMAGE MEDICAL EQUIPMENT C,"Road# 27/F, Flat# 5A, Sangsad",,,,,CN,,,,90221400,X-RAY MACHINE WITH STD/ACC M# SHO-DDX03,,2.0,,1220.0,14372.0,,,
2025-05-19,秘鲁,中国,ALTA TECNOLOGIA MEDICA S A C,,JR. ANTONIO KETIN VIDAL HERRE MZA. F1 LOTE. 15 URB. HONOR Y LEALTAD ,,,,,"CHINA, PEOPLE'S REPUBLIC OF",,SHANGHAI,,9022140000,"SISTEMA DIGITAL DE RAYOS X VETERINA,DAWEI,RV-32B, PARA OBTENER RADIOGRAFIAS DIGITALES DE DISTINTAS PARTES DEL CUERPO EN ANIMALES IPEN 0393-2 METAL, ALUMINIO , POLIETILENO DE ALTA DENSIDAD , PARTES ELECTRICAS Y ELECTRONICAS INTERNAS SISTEMA DIGITAL ESTACIONARIO DE RAYOS X VETERINARIO RV-32B SERIE : CZ1125D9010010001 EN CAJA DE MADERA CON COMPONENTES , ACCESORIOS Y VESTIMENTA DE PLOMO PARA PROTECCION RADIO",,1.0,UNITS,250.29,14355.49,,,
2025-05-17,越南,中国,CÔNG TY TNHH THƯƠNG MẠI QUỐC TẾ LIWIN,LIUYANG VOLITION MEDICAL EQUIPMENT CO LTD,"No. 75, Lane 197 Tran Phu Street, Van Quan Ward, Ha Dong District, Hanoi","76 JIANSHOU AVE, ECONOMIC AND, TECHNOLOGICAL DEVELOPMENT ZONE, LIUYANG,HUNAN,CHINA, CN",,,,China,,,,90221400,"Hệ thống X-quang chẩn đoán , dùng để chụp ảnh tia X kỹ thuật số thông thường trên cơ thể người, thu lại hình ảnh kỹ thuật số để chẩn đoán lâm sàng. Mã: Picke 1800 DR/500, Mới 100%,Diagnostic X-ray system, used to take conventional digital X-ray images on the human body, capturing digital images for clinical diagnosis. Code: Picke 1800 DR/500, 100% New",,1.0,Set,0.0,14200.0,,,
2025-04-23,越南,中国,CÔNG TY TNHH THƯƠNG MẠI QUỐC TẾ LIWIN,LIUYANG VOLITION MEDICAL EQUIPMENT CO LTD,"No. 75, Lane 197 Tran Phu Street, Van Quan Ward, Ha Dong District, Hanoi","76 JIANSHOU AVE, ECONOMIC AND, TECHNOLOGICAL DEVELOPMENT ZONE, LIUYANG,HUNAN,CHINA, CN",,,,China,,,,90221400,"Hệ thống X-quang chẩn đoán, dùng để chụp ảnh tia X kỹ thuật số thông thường trên cơ thể người, thu lại hình ảnh kỹ thuật số để chẩn đoán lâm sàng. Mã: Picke 1800 DR/500, Mới 100%,Diagnostic X-ray system, used to take conventional digital X-ray images on the human body, capturing digital images for clinical diagnosis. Code: Picke 1800 DR/500, 100% New",,1.0,Set,0.0,14200.0,,,
2025-07-22,越南,中国,CÔNG TY TNHH THƯƠNG MẠI QUỐC TẾ LIWIN,LIUYANG VOLITION MEDICAL EQUIPMENT CO LTD,"No. 75, Lane 197 Tran Phu Street, Van Quan Ward, Ha Dong District, Hanoi","76 JIANSHOU AVE, ECONOMIC AND, TECHNOLOGICAL DEVELOPMENT ZONE, LIUYANG,HUNAN,CHINA, CN",,,,China,,,,90221400,"Hệ thống X-quang chẩn đoán , dùng để chụp ảnh tia X kỹ thuật số thông thường trên cơ thể người, thu lại hình ảnh kỹ thuật số để chẩn đoán lâm sàng. Mã: Picke 1800 DR/500, Mới 100%,Diagnostic X-ray system, used to take conventional digital X-ray images on the human body, capturing digital images for clinical diagnosis. Code: Picke 1800 DR/500, 100% New",,1.0,Set,0.0,14200.0,,,
2025-04-28,秘鲁,中国,,,,,,,,"CHINA, PEOPLE'S REPUBLIC OF",,NINGBO LISHE INTERNATIONAL APT,,9022140000,"EQUIPO DE RAYOS X PORT-TIL, GENRAY, DR-VET M INCLUYE 3 PIEZAS : EQUIPO DE RAYOS X PORT-TIL, SOPORTE CON RUEDAS, DIGITALIZADOR PARA DIAGNOSTICO VETERINARIO VET X-RAY MACHINE SERIES N¦ 083125020104 - 083125020105 NRO AUTORIZACION 0326-25-IPEN/OTAN",,2.0,SET OF PARTS,142.5,14070.0,,,
2025-10-11,印度,中国,Y K ANALYTICAL CORPORATION,JIANGSU SKYRAY INSTRUMENT CO LTD,,"SKYRAY INSTRUMENT PARK, NO.1888, WE ST ZHONGHUAYUAN RD,KUNSHAN CITY KUN SHAN 215300 CHINA Kunshan - 215300, CHINA",,,,China (CN),,Shanghai,,90221490,SKYRAY  INSTRUMENT EXPLORER 6000 SPECTROMETER WITH ACCESSORIESSKYRAY  INSTRUMENT EXPLORER 6000 SPECTROMETER WITH ACCESSORI,,1.0,UNT,0.0,14007.6,,,
2025-03-05,孟加拉国,中国,MEDINVEST LIMITED,ANGELL TECHNOLOGY CHONGQING CO L,"Kha-151, Middle Badda (Link Road);",,,,,China,,,,90221400,"MEDICAL X-RAY RADIOGRAPHIC SYSTEM WT,ACC. M: MTP50-B",,2.0,NMB,1530.0,14000.0,,,
2025-03-05,孟加拉国,中国,MEDINVEST LIMITED,ANGELL TECHNOLOGY CHONGQING CO L,"Kha-151, Middle Badda (Link Road);",,,,,CN,,,,90221400,"MEDICAL X-RAY RADIOGRAPHIC SYSTEM WT,ACC. M: MTP50-B",,2.0,,1530.0,14000.0,,,
2025-08-06,乌干达,中国,DIASURGE HEALTHCARE SMC LTD,SUZHOU SHOIMAGE MEDICAL EQUIPMENT CO LTD,,,,,,China (CN),,,,90221400000,"X-rays apparatus, medical/surgical/veterinary use nes",,1.0,Number,690.0,13992.0,,,
2025-05-08,菲律宾,中国,ALLIED HOSPITAL SUPPLY INTL CORP,MR GLOBAL HK LIMITED,NO 6 LEONARD WOOD LOOPBAGUIO CITY 2600PHILIPPINES,,,,,CHINA,,,,90221400000,DR16B CTO S01 DIGIEYE 330 DIGITAL RADIOGRAPHY SYSTEM GRID 1 0M 1 8M STANDARD 23 8 MONITOR IAD 004 30KW GENERATOR 3 PHASE M DAP FUNCTION MD FPD HANDLE FPD EPX3543R WIRELESS,,1.0,PIECE,633.0,13799.0,721510586197,,
2025-08-26,多民族玻利维亚国,中国,MEDIDENT S R L,LIVERMORETECH INC,"SIMON BOLIVAR, 1922, MIRAFLORES, LA PAZ, LA PAZ, BOLIVIA, 2222761,",,,,,CHINA,,,LA PAZ,9022140000,MEDICAL DIAGNOSTIC SYSTEM C-ARM,,1.0,,370.0,13789.92,,,LIVERMORETECH INC. HENDRIX GENETICS RAINBOW-CLOMA 48% EC
2025-03-20,菲律宾,中国,BIOSITE MEDICAL INSTRUMENTS,SHENZHEN FEIYA BIOMEDICAL,"GRND. FLR. 555 MANGA ST. COR. LUISA ST JUNA SUBD MATINA CROSSING, TALOMO DIST. DAVAO CITY",,,,,CHINA,,,,90221400000,DIGITAL RADIOGRAPHY X-RAY SYSTEM,,3.0,PIECE,1244.0,13617.0,025F557750,,
2025-02-01,巴西,中国,PHILIPS MEDICAL SYSTEMS LTDA,PHILIPS HEALTHCARE SUZHOU CO,,,,,,China,,,,90221419,"Outros aparelhos de raios X, para diagnóstico médico, cirúrgico, etc.",,83.0,UNID.,295.43,13530.75,,,
2025-07-01,巴西,中国,VILUX VITORIA LUX INDUSTRIAL LTDA,MEDSINGLONG CO LTD,,,,,,,,,PORTO DE VITORIA,90221490,"Other apparatus of x-rays,f/medical,surgical,veter.uses",,3.0,UNITY,69.0,13525.0,,,
2025-09-01,哥伦比亚,中国,INVERSIONES RODRIGUEZ CASTANEDA SAS,SHENZHEN BROWINER TECH CO LTD,KR 7 180 75 LC 21 22 MOD 3,"ROOM 501, BUILDING C, GANGHONGJI",,,,CHINA,,,,9022140000,"DO BOGI25035904. PEDIDO TRAMITE: VVG-25 555. DECLARACION(1-1). MERCANCIA NUEVA, NOS ACOGEMOS AL DECRETO 0925 DE MAYO 0",,4.0,NUMERO DE ARTICULOS,43.0,13500.0,,,
2025-01-27,秘鲁,中国,MAGNUS MEDIC S A C,,,,,,,CHINA,,Shekou,,9022140000,"MAMOGRAF?A DE ALTA FRECUENCIA, YSENMED, BTX-9800B",,1.0,UNIDAD,436.53,13496.65,,,
2025-03-25,印度,中国,TRIVITRON HEALTHCARE PRIVATE LIMITED,SUZHOU POWERSITE ELECTRIC CO LTD,"NO.15,4TH STREET,  ABHIRAMAPURAM, ",,,,,CHINA,,Tianjin,SAHAR AIR CARGO ACC (INBOM4),90221410,PSG-HR50E MEDICAL X-RAY HIG FREQUENCY HIG VOLTAGE GENERATROASSEMBLYPSG-HR50E MEDICAL X-RAY HIG FREQUENCY HIG VOLTAGE GENERATRO,,5.0,NOS,0.0,13195.2333,MZXXP1LXFF0MC,,
2025-06-16,乌兹别克斯坦,中国,ООО SMART RAY SERVICE,NANJING GREENLIFE MEDICAL EQUIPMENT CO LTD,"100067 г. Ташкент, Яшнабадский р-н, ул. Баку 158","Room 105, Building 2, No.6 Jiangjun Dadao, Nanjing, China.",,,,,,,,9022140000,"1. Система рентгеновская радиографическая цифровая портативная DJP05DR с комплектующими (Приложение), Новый год/вып 2023г. Производитель: Guangxi Daoji Medical Equipment Co.,Ltd. Китай - кол. 1 шт, вес: 145 кг
2. мест 2, 2 дерев.ящик.
3. TTNU9970781/част",,1.0,шт,145.0,13190.0,,,Daoji Medical
2025-10-21,秘鲁,中国,LEBENS MEDICAL SAC,,,,,,,"CHINA, PEOPLE'S REPUBLIC OF",,YANTIAN PT,,9022140000,"SISTEMA DIGITAL DE RADIOGRAF-A DE RAYOS-X VETERINARIO, TUTOM, TUTOM200E-8S VETERINARY DIGITAL RADIOGRAPHY SYSTEM// EL SISTEMA CONTIENE:GENERADOR,TUBO DE RAYOS-X, MES DETECTOR, PC ESTACIEN DE TRABAJO, DROC SOFTWARE.//PARA RADIOGRAF-A DIGITAL EN ANIMALES DE SISTEMA DIGITAL DE RADIOGRAF-A DE RAYOS-X VETERINARIO// SERIE: 20250812000011 NO. 0785-25-IPEN/OTAN//METAL , POLIETILENO DE ALTA DENSIDAD, PARTES ELECTRICAS INTERNAS, P",,1.0,PIECES,180.0,13180.0,,,
2025-09-11,印度,中国,EPSILON HEALTHCARE SOLUTIONS PRIVATE LIMITED,IMD CHINA CO LTD,J-4/3B FIRST FLOOR DDA FLATS  KALKAJI ,1-2 FLOOR BUILDING 12 NO 28 YUHUA ROAD AREA B BEIJING TIANZHU AIRPORT INDUSTRIAL ZONE BEIJING CHINA CN,,,,China (CN),,Qingdao,,90221490,ATLAS 100-30 30KW X-RAY GENERATOR (02.05.006.002) (PART FORMFR. OF MEDICAL X-RAY MACHINE)PART FOR MFR. OF MEDICAL X-RAY MACHINE,,2.0,NOS,0.0,13125.25,,,
2025-09-30,喀麦隆,中国,S D BIOMEDICALS,NANJING ARCHMED MEDICAL EQUIPMENT CO LTD,,,,,,Chine,Cameroun,,,902214000000,MOBILE DIGITAL X-RAY MACHINE,,375.0,KGM,375.0,13108.3286,,,
2025-02-25,印度,中国,TRIVITRON HEALTHCARE PRIVATE LIMITED,SUZHOU POWERSITE ELECTRIC CO LTD,"NO.15,4TH STREET,  ABHIRAMAPURAM, ",,,,,CHINA,,Tianjin,SAHAR AIR CARGO ACC (INBOM4),90221410,PSG-HR50E MEDICAL X-RAY HIGH FREQUENCY HIGH VOLTAGE GENERATOR ASSEMBLY WITH I PC TOUCH  SCREEN CONSOLE CS-14 1 PC USB TOPSG-HR50E MEDICAL X-RAY HIGH FREQUENCY HIGH VOLTAGE GENERATO,,5.0,NOS,0.0,13095.4048,3GLYI7IWMLAEF,,
2025-08-08,越南,中国,CÔNG TY TNHH THIẾT BỊ Y TẾ HUÊ LỢI,SHENZHEN BROWINER TECH CO LTD,"National Highway 1A, Thanh Ha Commune, Thanh Liem District, Ha Nam Province, Vietnam","ROOM 501, BUILDING C, GANGHONGJI, HIGH-TECH INTELLIGENT INDUSTRIAL, PARK, NO.1008, SONGBAI ROAD, YANGGUANG COMMUNITY, XILI STREET",,,,China,,,,90221400,"Máy x-quang thú y di động, model: Beatle-06P1, kèm tấm nhận DR và phụ kiện: chân đế, hộp đựng, nút an toàn. Hãng sản xuất: SHENZHEN BROWINER TECH CO.,LTD. Hàng mới 100%,X-ray machine, veterinary, mobile model: Beatle-06P1 with plates get DR and accessories: stand, carrying case, safety button. Manufacturer: SHENZHEN BROWINER TECH CO.,LTD. 100% brand new",,1.0,Set,0.0,13000.0,,,
2025-08-05,印度,中国,BOSTON IVY HEALTHCARE SOLUTIONS PRIVATE LIMITED,SHANGHAI UNITED IMAGING HEALTHCARE CO LTD,"B-301, B-WING, GIRNAR HEIGHTS,  BHAKTI PARK, WADALA EAST, MUMBAI, ",NO 2258 CHENGBEI ROAD JIADING INDUSTRIAL DISTRICT 201807 SHANGHAI CHINA CHINA,,,,China (CN),,Shanghai,,90221490,ACCESSORICE MEDICAL LINEAR ACCELERATOR SYSTEM :URT- LINAC 506C S/L:100067(NO COMMERCIAL SALE ONLY DEMONSTARTION/TESTING)ACCESSORIES OF MEDICAL LINEAR ACCELERATOR SYSTEM (MODEL NO:U,,1.0,SET,0.0,13000.0,,,
2025-07-12,印度,中国,EPSILON HEALTHCARE SOLUTIONS PRIVATE LIMITED,LIAONING DTKL TECHNOLOGY CO LTD,J-4/3B FIRST FLOOR DDA FLATS  KALKAJI ,,,,,CHINA,,Shenyang,DELHI AIR CARGO ACC (INDEL4),90221410,X-RAY GENERATOR 65KW WITHOUT X-RAY TUBE DTKL65HF (DUAL TUBEATTACHMENT) (PART FOR MFR. OF MEDICAL X-RAY MACHINE)PART FOR MFR. OF MEDICAL X-RAY MACHINE,,3.0,NOS,0.0,12972.5226,TSSD55X4KFDCG,,
2025-09-30,印度,中国,VISI CONSULT PRIVATE LIMITED,VJ X RAY LLC,"S. No. 122, Village Nandoshi Off Pune Sinhagad Road Pune","95 Carlough Rd, Bohemia, NY 11716-2 903 SDNF UNITED STATES",,,,China (CN),,Shanghai,,90221490,"HVG160SE1K8P437, 160KV,1.8KW,X-Ray Generator HVG160SE1K8P437, 160KV,1.8KW,X-Ray Generator",,1.0,NOS,0.0,12950.0,,,
2025-10-21,乌干达,中国,NAMUTUMBA COMMUNITY HOSPITAL LTD,GAUNGZHOU YSENMED EQUIPMENT CO LTD,,,,,,China (CN),,,,90221400000,"X-rays apparatus, medical/surgical/veterinary use nes",,1.0,Number,635.0,12841.0,,,
2025-06-12,墨西哥,中国,DISTRIBUIDORA DE EQUIPO Y SERVICIO GONZALEZ SA DE CV,SHENZHEN LIM2VET BIOLOGICAL TECHNOLOGY CO LTD,"FUENTE DE LA RANA 58 CALLE FUENTE DE LA SOTERRAAA Y CALLE FUENTE DE SAN FRANCISCO
Morelia
Michoacan
58088","ZHONGCHENG BIOMEDICAL INDUSTRIAL PARK LINHUI RD
PINGSHAN DISTRICT SHENZHEN GUANGDONG

518118",,,,CHINA,,,MANZANILLO MANZANILLO COLIMA.,9022149199,MESA PARA RAYOS X CON ACCESORIOS PARA USO VETERINARIO,,1.0,PIECE,1440.0,12563.42,,,
2025-03-18,越南,中国,CÔNG TY TNHH THƯƠNG MẠI QUỐC TẾ LIWIN,LIUYANG VOLITION MEDICAL EQUIPMENT CO LTD,"No. 75, Lane 197 Tran Phu Street, Van Quan Ward, Ha Dong District, Hanoi"," 76 JIANSHOU AVE, ECONOMIC AND, TECHNOLOGICAL DEVELOPMENT ZONE, LIUYANG,HUNAN,CHINA, CN",,,,China,,,,90221400,"Hệ thống X-quang chẩn đoán , dùng để chụp ảnh tia X kỹ thuật số thông thường trên cơ thể người, thu lại hình ảnh kỹ thuật số để chẩn đoán lâm sàng. Mã: Picke 1800 DR/400, Mới 100%,Diagnostic X-ray system, used to take conventional digital X-ray images on the human body, capturing digital images for clinical diagnosis. Code: Picke 1800 DR/400, 100% New",,1.0,Set,0.0,12500.0,,,
2025-04-23,越南,中国,CÔNG TY TNHH THƯƠNG MẠI QUỐC TẾ LIWIN,LIUYANG VOLITION MEDICAL EQUIPMENT CO LTD,"No. 75, Lane 197 Tran Phu Street, Van Quan Ward, Ha Dong District, Hanoi","76 JIANSHOU AVE, ECONOMIC AND, TECHNOLOGICAL DEVELOPMENT ZONE, LIUYANG,HUNAN,CHINA, CN",,,,China,,,,90221400,"Hệ thống X-quang chẩn đoán, dùng để chụp ảnh tia X kỹ thuật số thông thường trên cơ thể người, thu lại hình ảnh kỹ thuật số để chẩn đoán lâm sàng. Mã: Picke 1800 DR/400, Mới 100%,Diagnostic X-ray system, used to take conventional digital X-ray images on the human body, capturing digital images for clinical diagnosis. Code: Picke 1800 DR/400, 100% New",,1.0,Set,0.0,12500.0,,,
2025-08-07,越南,中国,CÔNG TY TNHH THƯƠNG MẠI QUỐC TẾ LIWIN,LIUYANG VOLITION MEDICAL EQUIPMENT CO LTD,"No. 75, Lane 197 Tran Phu Street, Van Quan Ward, Ha Dong District, Hanoi","76 JIANSHOU AVE, ECONOMIC AND, TECHNOLOGICAL DEVELOPMENT ZONE, LIUYANG,HUNAN,CHINA, CN",,,,China,,,,90221400,"Hệ thống X-quang chẩn đoán, dùng để chụp ảnh tia X kỹ thuật số thông thường trên cơ thể người, thu lại hình ảnh kỹ thuật số để chẩn đoán lâm sàng. Mã: Picke 1800 DR/400, Mới 100%,X-ray system, diagnostic, used to take pictures X-rays digital usually on the human body, recover digital photos to clinical diagnosis. Code: Picke 1800 DR/400, 100% New",,1.0,Set,0.0,12500.0,,,
2025-03-27,南苏丹,中国,MBARUSHIMANA JOSEPH,SERVO BALANS AFRICA,,,,,,CHINA,SOUTH SUDAN,,,90221400,X-RAY UNIT(RAY 68M),,1.239,NMB,101.598,12480.5257,,,
2025-03-26,越南,中国,CÔNG TY CỔ PHẦN THƯƠNG MẠI VÀ ĐẦU TƯ QUỐC TẾ CƯỜNG THỊNH,MEDSINGLONG CO LTD,"No. 15, Lane 32B Son Tay, Dien Bien Ward, Ba Dinh District, Hanoi City, Vietnam","BAIYUN ROAD NO.85, FUDU STREET, SHIQIAO TOWN, PANYU DISTRICT, GUANGZHOU,511405, CHINA, CN",,,,China,,,,90221400,"Máy chụp X quang cao tần chuyên dùng cho thú y, Model: MSLGX01 mới 100% SX năm 2024 hãngSX Medsinglong, 8kW 220V, Gồm máy chính, giá treo, bàn chụp, bảng hứng ảnh, găng tay, yếm cổ, tạp dể chuyên dụng,High frequency X-ray machine for veterinary use, Model: MSLGX01 100% new, manufactured in 2024 by Medsinglong, 8kW 220V, including main machine, hanger, shooting table, photo board, gloves, neck cover, specialized apron",,1.0,Set,0.0,12445.0,,,
2025-06-11,印度,中国,MQS TECHNOLOGIES PRIVATE LIMITED,VJ XRAY LLC,"3rd Floor, B-35/1, KK House, Industrial Estate, Sanathnagar",,,,,CHINA,,NEW YORK,HYDERABAD ACC (INHYD4),90221410,"(INDUSTRIAL X-RAY MONO-BLOCK) 200KV,500W,X-RAY GENERATOR (IXS200BP500P011) (SL NO.Z25011-B00005)(INDUSTRIAL X-RAY MONO-BLOCK) 200KV,500W,X-RAY GENERATOR (IX",,1.0,NOS,0.0,12440.388,KQ1DLVV4VEE2K,,
2025-03-14,印度,中国,PROGNOSYS MEDICAL SYSTEMS PRIVATE LIMITED,NEUSOFT MEDICAL SYSTEMS CO LTD,"NO.249, 4TH MAIN ROAD,  CHAMARAJPET, ",,,,,CHINA,,Beijing,BANGALORE ACC (INBLR4),90221410,DIAGNOSTIC X-RAY HIGH VOLTAGE GENERATOR (LUNAR-80-RF) (FOR MANUFACTUREOF X-RAY MACHINE)X RAY GENERATOR,,2.0,NOS,0.0,12373.885,1SIY26JQ58ZNO,,
2025-01-13,哥斯达黎加,中国,INVERSIONES DOCTOR JIMMY SOCIEDAD ANONIMA,HEFEI MT MEDICAL CO LTD,,,,,,CHINA,,,,902214000020,EQUIPO DE RAYOS X VETERINARIO. MOD MX-VDR320C20.,,466.69,Unidad (c/u),466.69,12225.02,,,SIN MARCA                                                             
2025-09-03,厄瓜多尔,中国,EGRET MEDICAL S A,VAUDEL INTERNATIONAL LTD,,,,,,CHINA,,,,9022140000,FLAT PANEL DETECTOR,,6.0,PZA,64.0,12210.9,,,CARERAY
2025-10-31,厄瓜多尔,中国,EGRET MEDICAL S A,FNS INC LIMITED,,,,,,CHINA,,,,9022140000,FLAT PANEL DETECTOR CareView 1800Cwe,,6.0,PZA,60.471,12210.898,,,SM
2025-02-24,乌拉圭,中国,APESUR SOCIEDAD ANONIMA,,,,,,,Republica Popular de China,,,,9022141990,"LOS DEMAS. DE DIAGNOSTICO. LOS DEMAS, PARA USO MEDICO, QUIRURGICO O VETERINARIO. APARATOS DE RAYOS X Y APARATOS QUE UTILICEN RADIACIONES ALFA, BETA GAMMA O DEMAS RADIACIONES IONIZANTES, INCLUSO PARA USO MEDICO, QUIRURGICO, ODONTOLOGICO O VETERINA",,1.0,Unidad (C/U),350.0,12190.0,,,
2025-03-11,阿根廷,中国,MEDIFY EQUIPAMIENTO MEDICO S A,,,,,,,China,,,,90221419000,"LOS DEMAS. LOS DEMAS, PARA USO MEDICO, QUIRURGICO O VETERINARIO. APARATOS DE RAYOS X Y APARATOS QUE UTILICEN RADIACIONES ALFA, BETA GAMMA O DEMAS RADIACIONES IONIZANTES, INCLUSO PARA USO MEDICO, QUIRURGICO, ODONTOLOGICO O VETERINARIO, INCLUIDOS LOS APARATOS DE RADIOGRAFIA O RADIOTERAPIA, TUBOS DE RAYOS X Y DEMAS DISPOSITIVOS GENERADORES DE RAYOS X, GENERADORES DE TENSION, CONSOLAS DE MANDO, PANTALLAS, MESAS, SILLONES Y SOPORTES SIMILARES PARA EXAMEN O TRATAMIENTO. INSTRUMENTOS Y APARATOS DE OPTICA, FOTOGRAFIA O CINEMATOGRAFIA, DE MEDIDA, CONTROL O PRECISION; INSTRUMENTOS Y APARATOS MEDICOQUIRURGICOS; PARTES Y ACCESORIOS DE ESTOS INSTRUMENTOS O APARATOS. RV 32A",,1.0,Unidades,0.0,12075.0,,,DAWEI
2025-09-08,哈萨克斯坦,中国,ТОВАРИЩЕСТВО С ОГРАНИЧЕННОЙ ОТВЕТСТВЕННОСТЬЮ МЕДТЕХСЕРВИС,IRAY GROUP,"КАЗАХСТАН, Г. УСТЬ-КАМЕНОГОРСК, УЛ. ДОБРОЛЮБОВА 39/2","КИТАЙ, TAICANG,KUNSHAN, NO.33 XINGANG ROAD, TAICANG PORT ECONOMIC AND TECH",,,"IRAY GROUP;
",China,Kazakhstan,,,9022140000,"1. ДЕТЕКТОР РЕНТГЕНОВСКИЙ ПЛОСКОПАНЕЛЬНЫЙ,    В КОМПЛЕКТЕ С ПРИНАДЛЕЖНОСТЯМИ, ПРИМЕНЯЕТСЯ В СОСТАВЕ МЕДИЦИНСКИХ РЕНТГЕНОВСКИХ УСТАНОВКАХ, ПРЕДНАЗНАЧЕН ДЛЯ ПРВЕДЕНИЯ ВЫСТАВОК МЕДИЦИНСКИЙХ ИЗДЕЛИЙ, РАЗМЕР ПАНЕЛИ 10 Х12 ДЮЙМОВ; ПРОИЗВОДИТЕЛЬ: IRAY GROUP; ТОВАРНЫЙ ЗНАК: IRAY; МАРКА ТОВАРА: IRAY; , КОЛИЧЕСТВО: 1.00 ШТ;",,1.0,ШТ,2.65,12045.26,,,"IRAY;
"
2025-08-26,阿根廷,中国,MEDIFY EQUIPAMIENTO MEDICO S A,,,,,,,China,,,,90221419000,"LOS DEMAS. LOS DEMAS, PARA USO MEDICO, QUIRURGICO O VETERINARIO. APARATOS DE RAYOS X Y APARATOS QUE UTILICEN RADIACIONES ALFA, BETA GAMMA O DEMAS RADIACIONES IONIZANTES, INCLUSO PARA USO MEDICO, QUIRURGICO, ODONTOLOGICO O VETERINARIO, INCLUIDOS LOS APARATOS DE RADIOGRAFIA O RADIOTERAPIA, TUBOS DE RAYOS X Y DEMAS DISPOSITIVOS GENERADORES DE RAYOS X, GENERADORES DE TENSION, CONSOLAS DE MANDO, PANTALLAS, MESAS, SILLONES Y SOPORTES SIMILARES PARA EXAMEN O TRATAMIENTO. INSTRUMENTOS Y APARATOS DE OPTICA, FOTOGRAFIA O CINEMATOGRAFIA, DE MEDIDA, CONTROL O PRECISION; INSTRUMENTOS Y APARATOS MEDICOQUIRURGICOS; PARTES Y ACCESORIOS DE ESTOS INSTRUMENTOS O APARATOS. CANIS 5C",,4.0,Unidades,71.7015,12026.68,,,IRAY TECHNOLOGY
2025-05-13,哥伦比亚,中国,GSMED S A S,IRAY GROUP,KR 69 25 B 44 OF 614,"999, HUANQIAO ROAD, PUDONG NEW AREA",,,,CHINA,,,,9022140000,"DO N208-25 DECLARACION 1-1 LA IMPORTACION DE LAS MERCANCIAS CLASIFICABLES POR ESTA SUBPARTIDA NO ESTA SUJETA A REQUISITO, PERMISO O AUTORIZACION Y POR LO TANTO, NO REQUIERE REGISTRO O LICENCIA DE IMPORTACION DE CONFORMIDAD CON EL DECRETO 0925 DEL 9DE MAYO DE 2013, MERCANCIA NUEVA.. PRODUCTO: MAQUINA DE RAYOS X PARA USO VETERINARIO, MARCA: EN FISICO NO APLICA, MODELO: CANIS2, REFERENCIA: NO APLICA, USO O DESTINO: ES UN EQUIPO DE USO UNICO Y EXCLUSIVO VETERINARIO, EN LA DETECCION DE IM GENES INALAMBRICAS DE RAYOS X, TECNICA DE DIAGNOSTICO: POR GENERACION DE RAYOS X PARA EL PROCESAMIENTO DE IM GENES, SERIAL: HA07031100418252001, ESTE PRODUCTO NO REQUIERE DE REGISTRO SANITARIO NI VISTO BUENO DEL INVIMA, NO PUEDE SER USADO EN HUMANOS ES DE USO UNICO Y EXCLUSIVO VETERINARIO, INFORMACION ADICIONAL IMPRESA EN EL EQUIPO: ADVANCED, INCLUYE SUS DEMAS PARTES Y ACCESORIOS PARA SU NORMAL USO E INSTALACION, MERCANCIA NUEVA, PAIS DE ORIGEN: CHINA CANT 1 UNIDAD PRODUCTO: DETECTOR DE PANEL PLANO INALAMB",,2.0,NUMERO DE ARTICULOS,25.2,12017.11,,,
2025-06-02,加纳,中国,RHEMA HEALTH CO LTD,FOSHAN YIFENG MEIDA FURNITURE CO LTD,,,,,,China,,,,9022140000,"380V 50KW DOUBLE COLUMN HIGH
FREQUENCY X- RAY MACHINE(INCLUDING FOUR WAY FLOATING PHOTOGRAPHY FLAT TABLE)",,0.0,,166.0,12000.0,MEDUGZ109687,,
2025-02-03,阿根廷,中国,MEDIFY EQUIPAMIENTO MEDICO S A,,,,,,,China,,,,90221419000,"LOS DEMAS. LOS DEMAS, PARA USO MEDICO, QUIRURGICO O VETERINARIO. APARATOS DE RAYOS X Y APARATOS QUE UTILICEN RADIACIONES ALFA, BETA GAMMA O DEMAS RADIACIONES IONIZANTES, INCLUSO PARA USO MEDICO, QUIRURGICO, ODONTOLOGICO O VETERINARIO, INCLUIDOS LOS APARATOS DE RADIOGRAFIA O RADIOTERAPIA, TUBOS DE RAYOS X Y DEMAS DISPOSITIVOS GENERADORES DE RAYOS X, GENERADORES DE TENSION, CONSOLAS DE MANDO, PANTALLAS, MESAS, SILLONES Y SOPORTES SIMILARES PARA EXAMEN O TRATAMIENTO. INSTRUMENTOS Y APARATOS DE OPTICA, FOTOGRAFIA O CINEMATOGRAFIA, DE MEDIDA, CONTROL O PRECISION; INSTRUMENTOS Y APARATOS MEDICOQUIRURGICOS; PARTES Y ACCESORIOS DE ESTOS INSTRUMENTOS O APARATOS. RV32A",,1.0,Unidades,0.0,11755.5,,,DAWEI
2025-09-22,阿根廷,中国,MEDIFY EQUIPAMIENTO MEDICO S A,,,,,,,China,,,,90221419000,"LOS DEMAS. LOS DEMAS, PARA USO MEDICO, QUIRURGICO O VETERINARIO. APARATOS DE RAYOS X Y APARATOS QUE UTILICEN RADIACIONES ALFA, BETA GAMMA O DEMAS RADIACIONES IONIZANTES, INCLUSO PARA USO MEDICO, QUIRURGICO, ODONTOLOGICO O VETERINARIO, INCLUIDOS LOS APARATOS DE RADIOGRAFIA O RADIOTERAPIA, TUBOS DE RAYOS X Y DEMAS DISPOSITIVOS GENERADORES DE RAYOS X, GENERADORES DE TENSION, CONSOLAS DE MANDO, PANTALLAS, MESAS, SILLONES Y SOPORTES SIMILARES PARA EXAMEN O TRATAMIENTO. INSTRUMENTOS Y APARATOS DE OPTICA, FOTOGRAFIA O CINEMATOGRAFIA, DE MEDIDA, CONTROL O PRECISION; INSTRUMENTOS Y APARATOS MEDICOQUIRURGICOS; PARTES Y ACCESORIOS DE ESTOS INSTRUMENTOS O APARATOS. RV 32B",,1.0,Unidades,414.3394,11723.45,,,DAWEI
2025-01-17,巴拿马,中国,CEDI MEDICAL PANAMA S A,ENDOFLEX GMBH,,,,,,CHINA,,,DHL PANAMA - BODEGA,902214000000,INSTRUMENTOS DE USO MEDICO,,125.0,Unidad,103.27,11718.32,,,
2025-07-21,肯尼亚,中国,CROWN SOLUTIONS LIMITED,SHANGHAI CHANNELMED IMPORT AND EXPORT CO LTD,,,,,,China,Kenya,,,90221400,H; SHANGHAI; LAP SPONGES X RAY 45CMX45CM-12PLY P/25; medicines; SHANGHAI; SHANGHAI; 1800; 1800; 2; steel; 2175; 1;,,1800.0,UNT,0.0,11700.0,,,
2025-05-28,哥伦比亚,中国,INVERSIONES RODRIGUEZ CASTANEDA SAS,TOOTOO MEDITECH CO LTD,KR 7 180 75 LC 21 22 MOD 3,ROOM 2401 BUILDING 3A INTELLIGENT,,,,CHINA,,,,9022140000,"DO BOGI25034045. PEDIDO TRAMITE: PED VVG-25 222. DECLARACION 1-6 . MERCANCIA NUEVA, LOCALIZADA EN ABC STORAGE S.A.S, ZONA FRANC A BOGOTA, NOS ACOGEMOS AL DECRETO 0925 DE MAYO 09 D E 2013, NO REQUIERE PRESENTACION DE REGISTRO DE IMPORTACION. PRODUCTO: EQUIPO PORTATIL DE RAYOS X. MARCA: MEDITECH TOOTOO MEDITECH. MODELO: CANIS 5C. REFERENCIA: NO TIENE. SERIAL: CA5101210H22125012 CA5101210H22125011 CA5101210H42525001 CA5101210H22125008. USO O DESTINO: VETERINARIO. TECNICA DE DIAGNOSTICO: RAYOS X. OTROS DATOS: VETERINARY X RAY MACHINE CANIS 5C CON TODOS SUS ACCESORIOS PARA SU NORMAL FUNCIONAMIENTO PO: CHINA CN CANT 4 UND ITEM 1",,4.0,NUMERO DE ARTICULOS,62.5,11675.56,,,
2025-03-01,巴西,中国,COMERCIO E REPRESENTACOES NMP LTDA,KARNASCH PROFESSIONAL TOOLS GMBH,MG,,,,,China (CN),,,,90221419,CARESTREAM,,102.0,UNID.,400.0,11665.0,,,
2025-07-30,孟加拉国,中国,ISLAM TRADING,NANJING PERLOVE MEDICAL EQUIPMENT C,"1, F/7,Pollabi, Mirpur,",,,,,CN,,,,90221400,MOBILE DIGITAL FPD C-ARM SYSTEM 5 KW WITH ALL STD.ACC.MO:PLX118F,,1.0,,428.0,11600.0,,,
2025-08-06,哥伦比亚,中国,MEDITOR S A S,SHENZHEN LITRA TECHNOLOGY CO LTD,CL 51 SUR 48 57 LC 8029,"615 WANJUNHUI BUS. APT., NO. 782 XI",,,,CHINA,,,,9022140000,"DO 12-5496 PEDIDO BGT-07-262-25 DECLARACION 1 DE 1; //FACTURA:PI-A250710, FECHA:10-07-2025. PARA ESTA IMPORTACION NOS ACOGEMOS AL DECRETO NUMERO 4406 DE DICIEMBRE 30 DE 2004 & 0925 DE MAYO 09 DE 2013 DEL MINISTERIO DE COMERCIO INDUSTRIA Y TURISMO. ANEXO 20 DE LA CIRCULAR 77/02 DEL MINISTERIO DE COMERCIO EXTERIOR /// NOS ACOGEMOS AL DECRETO 272DE 2018. MODIFICADO POR EL DECRETO 1881 DE 2021. MERCANCIA NUEVA. PRODUCTO: PANEL DE RADIOGRAFIA (PANEL DETECTOR), MARCA: NO TIENE, MODELO: LIT-C1417-VET, REFERENCIA: LIT-C1417-VET (SEGUN FACTURA), SERIAL: UPB2025040019, UPB2025040023, USO O DESTINO: VETERINARIO, TECNICA DE DIAGNOSTICO: RAYOS X; VET-FLAT PANEL DETECTOR, VOLT:AC100 - 240V, FREQUENCY:50/60HZ, POWER:160VA, CADA UNO INCLUYE:(1) BATERIA, LI-ION BATTERY, NOMINAL PARAMETER:7 - 4V/6.000 MAH/44.4WH, MODELO:19359-CT-7.4V6AH, VOLT:8.4V, S/N:2025010151/2025010152; (1) BATERIA DE REPUESTO, LI-ION BATTERY, MODELO:19359-CT-7.4V6AH, S/N:2025010150/2025010154; (1) TARJETA DE RED USB (ANTENA) INALA",,2.0,NUMERO DE ARTICULOS,16.65,11380.0,,,
2025-03-31,哥伦比亚,中国,INVERSIONES RODRIGUEZ CASTANEDA SAS,TOOTOO MEDITECH CO LTD,KR 7 180 75 LC 21 22 MOD 3,ROOM 2401 BUILDING 3A INTELLIGENT,,,,CHINA,,,,9022140000,"DO BOGI25033003. PEDIDO TRAMITE: PED VVG-25 /118. DECLARACION(9-10). MERCANCIA NUEVA, LOCALIZADA EN ABC STORAGE S.A.S, Z",,5.0,NUMERO DE ARTICULOS,84.91,11226.61,,,
2025-09-23,阿根廷,中国,MEDIFY EQUIPAMIENTO MEDICO S A,,,,,,,China,,,,90221419000,"LOS DEMAS. LOS DEMAS, PARA USO MEDICO, QUIRURGICO O VETERINARIO. APARATOS DE RAYOS X Y APARATOS QUE UTILICEN RADIACIONES ALFA, BETA GAMMA O DEMAS RADIACIONES IONIZANTES, INCLUSO PARA USO MEDICO, QUIRURGICO, ODONTOLOGICO O VETERINARIO, INCLUIDOS LOS APARATOS DE RADIOGRAFIA O RADIOTERAPIA, TUBOS DE RAYOS X Y DEMAS DISPOSITIVOS GENERADORES DE RAYOS X, GENERADORES DE TENSION, CONSOLAS DE MANDO, PANTALLAS, MESAS, SILLONES Y SOPORTES SIMILARES PARA EXAMEN O TRATAMIENTO. INSTRUMENTOS Y APARATOS DE OPTICA, FOTOGRAFIA O CINEMATOGRAFIA, DE MEDIDA, CONTROL O PRECISION; INSTRUMENTOS Y APARATOS MEDICOQUIRURGICOS; PARTES Y ACCESORIOS DE ESTOS INSTRUMENTOS O APARATOS. RV 32A",,1.0,Unidades,345.2613,11123.32,,,DAWEI
2025-02-13,智利,中国,,,,,,,,CHINA,,other ports of china,San Antonio,90221419,LOS DEMAS,,1.0,UNIDADES,500.0,11082.29,(M)ZIMUSHH31571622(N)SYNCAN24S,,
2025-07-11,秘鲁,中国,BIOMEDIC TECHNOLOGY IMPORT S A C,SHENZHEN BROWINER TECH CO LTD,CAL. LOMA UMBROSA NRO. 528 URB. PROLONG.BENAVIDES,,,,,"CHINA, PEOPLE'S REPUBLIC OF",,SHEKOU PT,,9022140000,"LOS DEMAS, PARA USO MEDICO, QUIRURGICO O VETERINARIO. LOS DEMAS, PARA USO MEDICO, QUIRURGICO O VETERINARIO. APARATOS DE RAYOS X Y APARATOS QUE UTILICEN RADIACIONES ALFA, BETA O GAMMA, INCLUSO PARA USO MEDICO, QUIRURGICO, ODONTOLOGICO",,2.0,UNITS,190.0,11060.0,,,
2025-09-30,印度,中国,VISI CONSULT PRIVATE LIMITED,VJ X RAY LLC,"S. No. 122, Village Nandoshi Off Pune Sinhagad Road Pune","95 Carlough Rd, Bohemia, NY 11716-2 903 SDNF UNITED STATES",,,,China (CN),,Shanghai,,90221490,"HVG160SE1K8P437, 160KV,1.8KW,X-Ray Generator HVG160SE1K8P437, 160KV,1.8KW,X-Ray Generator",,1.0,NOS,0.0,11000.0,,,
2025-05-13,乌兹别克斯坦,中国,ООО FORTEK,SHENZHEN SONTU MEDICAL IMAGING EQUIPMENT CO LTD КИТАЙ,,,,,,,,,,9022140000,"1) Портативная цифровая рентгенографическая система SONTU100-POR-I Новый,2024г.в./Пр-ль.:""SHENZHEN SONTU MEDICAL IMAGING EQUIPMENT CO. LTD"", Китай / Сер.№20240930000002/Portable Digital X-ray Radiography System SONTU100-POR-I/ Комплект состоит из:портати",,1.0,шт,73.8,11000.0,,,
2025-02-27,印度,中国,PHILIPS INDIA LIMITED,SPELLMAN HIGH VOLTAGE ELECTRONICS SUZHOU INDUSTRI,"7, JUSTICE CHANDRA MADHAB ROAD,  KOLKATA, ",,,,,CHINA,,SHANGHAI - PU DONG,SAHAR AIR CARGO ACC (INBOM4),90221410,"459801732292,HF GENERATOR MMB 409085-001 (FOR C-ARM IMAGE INTENSIFIER SYSTEM)459801732292,HF GENERATOR MMB 409085-001 (FOR C-ARM IMAGE IN",,5.0,NOS,0.0,10754.0654,UG3N70QBE8OIQ,,
2025-03-25,孟加拉国,中国,BELAL & BROTHERS,HANLIN SOLUTIONS CO LTD,"46/1, East Tejturi Bazar, Tejgaon,",. CN,,,,CN,,,,90221400,500MA X-RAY MACHINE BR-UMAV,,4.0,,2034.0,10700.0,,,
2025-03-25,孟加拉国,中国,BELAL & BROTHERS,HANLIN SOLUTIONS CO LTD CN,"46/1, East Tejturi Bazar, Tejgaon,",,,,,China,,,,90221400,500MA X-RAY MACHINE BR-UMAV,,4.0,NMB,2034.0,10700.0,,,
2025-01-10,印度,中国,PHILIPS INDIA LIMITED,SPELLMAN HIGH VOLTAGE ELECTRONICS SUZHOU INDUSTRI,"7 JUSTICE CHANDRA MADHAB ROAD,KOLK  ATA ",,,,,CHINA,,SHANGHAI - PU DONG,SAHAR AIR CARGO ACC (INBOM4),90221410,"459801732292,HF GENERATOR MMB 409085-001 (FOR C-ARM IMAGE INTENSIFIER SYSTEM)459801732292,HF GENERATOR MMB 409085-001 (FOR C-ARM IMAGE IN",,5.0,NOS,0.0,10628.0317,4ABDP99ES8L1N,,
2025-03-28,秘鲁,中国,ELVIMEDIC GROUP SAC,,,,,,,"CHINA, PEOPLE'S REPUBLIC OF",,SHANGHAI,,9022140000,"RAYOS X PORTATIL VETERINARIO CON MUEBLE PORTATIL, GUANGZHOU YSENMED EQUIPMENT, YSF056-A SERIES: KPS562025-1, KPS562025-2, KPS562025-3 VETERINARIO // MATERIAL: METAL/PLASTICO/ELECTRICO RAYOS X PORTATIL VETERINARIO CON MUEBLE PORTATIL IPEN N¦ 0229-2025-IPEN/OTAN",,3.0,UNITS,136.0,10595.28,,,
2025-07-29,博茨瓦纳,中国,NUCLEAR TECHNOLOGIES PROPRIETARY LIMITED,HUNAN ZETOP MEDICAL CO LTD,,,,,,CHINA,,,Gaborone Longroom,90221400,OTHER FOR MEDICAL SURGICAL OR VETERINARY USES,,1.0,EA,770.0,10470.7874,,,
2025-08-21,阿根廷,中国,CENTURION ORNELA ALEJANDRA,,,,,,,China,,,,90221490900,"LOS DEMAS. LOS DEMAS, PARA USO MEDICO, QUIRURGICO O VETERINARIO. APARATOS DE RAYOS X Y APARATOS QUE UTILICEN RADIACIONES ALFA, BETA GAMMA O DEMAS RADIACIONES IONIZANTES, INCLUSO PARA USO MEDICO, QUIRURGICO, ODONTOLOGICO O VETERINARIO, INCLUIDOS LOS APARATOS DE RADIOGRAFIA O RADIOTERAPIA, TUBOS DE RAYOS X Y DEMAS DISPOSITIVOS GENERADORES DE RAYOS X, GENERADORES DE TENSION, CONSOLAS DE MANDO, PANTALLAS, MESAS, SILLONES Y SOPORTES SIMILARES PARA EXAMEN O TRATAMIENTO. INSTRUMENTOS Y APARATOS DE OPTICA, FOTOGRAFIA O CINEMATOGRAFIA, DE MEDIDA, CONTROL O PRECISION; INSTRUMENTOS Y APARATOS MEDICOQUIRURGICOS; PARTES Y ACCESORIOS DE ESTOS INSTRUMENTOS O APARATOS. DTXR 5ZR",,5.0,Unidades,104.0,10430.0,,,DTKL
2025-04-03,尼日利亚,中国,AFALOG MEDICAL DIAGNOSTIC CENTER LIMITED,NEUSOFT MEDICAL SYSTEMS CO LTD,,,,,,China,,,APAPA PORT,9022140000,"Apparatus based on the use of X-rays or of alpha, betaused for medical, surgical .",,0.0,,500.0,10365.9,,,
2025-04-25,智利,中国,,,,,,,,CHINA,,other ports of china,Valparaiso,90221419,PARA USOVETERINARIOS,,3.0,UNIDADES,700.5,10326.72,SZX500560100(H)CCFSZSAO2500042,,SHENZHEN SONTU-F
2025-09-03,越南,中国,CÔNG TY TNHH DỊCH VỤ VÀ THIẾT BỊ Y TẾ SGMED,HEFEI MT MEDICAL TECH CO LTD,"261/27B Chu Van An, Binh Thanh Ward, Ho Chi Minh City, Vietnam","B508,ZHAOSHENG SCIENCE & TECHNOLOGY, PARK,NO.2562 LIANHUA ROAD,JINXIU, COMMUNITY,ECONOMIC & TECHNOLOGICAL, DEVELOPMENT ZONE, HEFEI",,,,China,,,,90221400,"Máy X quang dùng cho thú y kèm phụ kiện tiêu chuẩn. Model: MT-DR PET360. Điện áp: 40~150 kV. HSX: HEFEI MT MEDICAL TECH CO.,LTD.. Mới 100%,X-ray machine for veterinary with standard accessories. Model: MT-DR PET360. Voltage: 40~150 kV. PUBLISHER: HEFEI MT MEDICAL TECH CO.,LTD.. New 100%",,1.0,Pieces,0.0,10142.0,,,
2025-07-19,越南,中国,CÔNG TY TNHH DỊCH VỤ VÀ THIẾT BỊ Y TẾ SGMED,HEFEI MT MEDICAL TECH CO LTD,261/27B Chu Van An - Ward 12 - Binh Thanh District - Ho Chi Minh City.,"B508,ZHAOSHENG SCIENCE & TECHNOLOGY, PARK,NO.2562 LIANHUA ROAD,JINXIU, COMMUNITY,ECONOMIC & TECHNOLOGICAL, DEVELOPMENT ZONE, HEFEI",,,,China,,,,90221400,"Máy X quang dùng cho thú y kèm phụ kiện tiêu chuẩn. Model: MT-DR PET360. Điện áp: 40~150 kV. HSX: HEFEI DREAM PLUS CO.,LTD. Mới 100%,Veterinary X-ray machine with standard accessories. Model: MT-DR PET360. Voltage: 40~150 kV. Manufacturer: HEFEI DREAM PLUS CO.,LTD. 100% new",,1.0,Set,0.0,10131.0,,,
2025-08-12,越南,中国,CÔNG TY TNHH DỊCH VỤ VÀ THIẾT BỊ Y TẾ SGMED,HEFEI MT MEDICAL TECH CO LTD,"261/27B Chu Van An, Ward 12, Binh Thanh District, Ho Chi Minh City, Vietnam","B508,ZHAOSHENG SCIENCE & TECHNOLOGY, PARK,NO.2562 LIANHUA ROAD,JINXIU, COMMUNITY,ECONOMIC & TECHNOLOGICAL, DEVELOPMENT ZONE, HEFEI",,,,China,,,,90221400,"Máy X quang dùng cho thú y kèm phụ kiện tiêu chuẩn. Model: MT-DR PET360. Điện áp: 40~150 kV. HSX: HEFEI MT MEDICAL TECH CO.,LTD.. Mới 100%,X-ray machine for veterinary with standard accessories. Model: MT-DR PET360. Voltage: 40~150 kV. PUBLISHER: HEFEI MT MEDICAL TECH CO.,LTD.. New 100%",,1.0,Pieces,0.0,10109.0,,,
2025-09-03,越南,中国,CÔNG TY TNHH DỊCH VỤ VÀ THIẾT BỊ Y TẾ SGMED,HEFEI MT MEDICAL TECH CO LTD,"261/27B Chu Van An, Binh Thanh Ward, Ho Chi Minh City, Vietnam","B508,ZHAOSHENG SCIENCE & TECHNOLOGY, PARK,NO.2562 LIANHUA ROAD,JINXIU, COMMUNITY,ECONOMIC & TECHNOLOGICAL, DEVELOPMENT ZONE, HEFEI",,,,China,,,,90221400,"Máy X quang dùng cho thú y kèm phụ kiện tiêu chuẩn. Model: MT-DR PET360. Điện áp: 40~150 kV. HSX: HEFEI MT MEDICAL TECH CO.,LTD.. Mới 100%,X-ray machine for veterinary with standard accessories. Model: MT-DR PET360. Voltage: 40~150 kV. PUBLISHER: HEFEI MT MEDICAL TECH CO.,LTD.. New 100%",,1.0,Pieces,0.0,10081.0,,,
2025-01-12,孟加拉国,中国,TECHNO MEDICAL SYSTEM,TRIUP INTERNATIONAL CORP CHINA,"House- 16,(2nd floor), Road-02,",,,,,China,,,,90221400,X-RAY MEDICAL EQUIPMENT (TR-50N),,1.0,NMB,650.0,10030.0,,,
2025-01-12,孟加拉国,中国,TECHNO MEDICAL SYSTEM,TRIUP INTERNATIONAL CORP CHINA,"House- 16,(2nd floor), Road-02,",,,,,CN,,,,90221400,X-RAY MEDICAL EQUIPMENT (TR-50N),,1.0,,650.0,10030.0,,,
2025-07-17,哥伦比亚,中国,MEDICALBIO SAS,HEBEI RUIGE INTERNATIONAL TRADING CO LTD,CL 86 87 A 44,"KIAJIA BUILDING, QIAOXI ZONE, SHIJI",,,,CHINA,,,,9022140000,"DO BOGI0237578-001 PEDIDO TRAMITE: PARC1 DECLARACION(1-1) MEDICALBIO SAS,. MERCANCIA NUEVA, NO APLICA REGISTRO DE IMPORT",,2.0,NUMERO DE ARTICULOS,20.0,10013.31,,,
2025-04-03,秘鲁,中国,DROGUERIA BIOMED MEDICAL E I R L BIOM,,CAL. 6 MZA. Y LOTE. 21 RES. LOS SAUCES ,,,,,"CHINA, PEOPLE'S REPUBLIC OF",,SHANGHAI,,9022140000,"MAQUINA DE RAYOS X VETERINARIO DIGI, SHOIMAGE,SHO-PX01V, CON GRADO DE ATENUACION BAJO PARA DIAGNOSTICO CLINICO MAQUINA DE RAYOS X DIGITAL PORTATIL USO VETERINARIO MAQUINA DE RAYOS X VETERINARIO DIGITAL PORTATIL INCLUYE PANEL FLAT",,1.0,UNITS,227.47,10010.38,,,
2025-03-17,孟加拉国,中国,TECHNO MEDICAL SYSTEM,TRIUP INTERNATIONAL CORP CHINA,"House- 16,(2nd floor), Road-02,",,,,,CN,,,,90221400,MEDICAL EQUIP: X-RAY UNTI (TR-50N),,1.0,,650.0,9990.0,,,
2025-03-17,孟加拉国,中国,TECHNO MEDICAL SYSTEM,TRIUP INTERNATIONAL CORP CHINA,"House- 16,(2nd floor), Road-02,",,,,,China,,,,90221400,MEDICAL EQUIP: X-RAY UNTI (TR-50N),,1.0,NMB,650.0,9990.0,,,
2025-09-30,哥伦比亚,中国,INVERSIONES RODRIGUEZ CASTANEDA SAS,TOOTOO MEDITECH CO LTD,KR 7 180 75 LC 21 22 MOD 3,ROOM 2401 BUILDING 3A INTELLIGENT,,,,CHINA,,,,9022140000,"DO BOGI25036309. PEDIDO TRAMITE: VVG-25 / 659. DECLARACION(4-4). MERCANCIA NUEVA,NOS ACOGEMOS AL DECRETO 0925 DE MAYO 09",,3.0,NUMERO DE ARTICULOS,119.28,9974.16,,,
2025-08-25,厄瓜多尔,中国,MENA SALAZAR WILLIAM RODRIGO,BEIJING WANDONG MEDICAL TECHNOLOGY CO LTD,,,,,,CHINA,,,,9022140000,X RAY TUBE ASSEMBLY,,1.0,U,22.6,9897.59,,,WANDONG
2025-06-30,印度,中国,PROGNOSYS MEDICAL SYSTEMS PRIVATE LIMITED,NEUSOFT MEDICAL SYSTEMS CO LTD,"NO.249, 4TH MAIN ROAD,  CHAMARAJPET, ",,,,,CHINA,,Shanghai,BANGALORE,90221410,DIAGNOSTIC X-RAY HIGH VOLTAGE GENERATOR(VENUS 32-R) (FOR MANUFACTURE OF X-RAY MACHINE)X-RAY GENERATOR,,3.0,NOS,0.0,9866.6537,BJAEJEXC35LQA,,
2025-09-17,厄瓜多尔,中国,SAGNAY MALAN LUIS ALFREDO,DAWEI MEDICAL JIANGSU CO LTD,,,,,,CHINA,,,,9022140000,SISTEMA DE RADIOGRAFIA DIGITAL PARA ANIMALES,,1.0,PZA,400.0,9855.405,,,SIN MARCA
2025-05-31,越南,中国,CÔNG TY TNHH DỊCH VỤ VÀ THIẾT BỊ Y TẾ SGMED,HEFEI MT MEDICAL TECH CO LTD,261/27B Chu Van An - Ward 12 - Binh Thanh District - Ho Chi Minh City.,"B508,ZHAOSHENG SCIENCE & TECHNOLOGY, PARK,NO.2562 LIANHUA ROAD,JINXIU, COMMUNITY,ECONOMIC & TECHNOLOGICAL, DEVELOPMENT ZONE, HEFEI",,,,China,,,,90221400,"Máy X quang dùng cho thú y kèm phụ kiện tiêu chuẩn. Model: MT DR PET360. Điện áp: 40~150 kV. HSX: HEFEI DREAM PLUS CO.,LTD. Mới 100%,Veterinary X-ray machine with standard accessories. Model: MT DR PET360. Voltage: 40~150 kV. Manufacturer: HEFEI DREAM PLUS CO.,LTD. 100% new",,1.0,Set,0.0,9810.0,,,
2025-08-28,越南,中国,CÔNG TY TNHH DỊCH VỤ VÀ THIẾT BỊ Y TẾ SGMED,HEFEI MT MEDICAL TECH CO LTD,"261/27B Chu Van An, Ward 12, Binh Thanh District, Ho Chi Minh City, Vietnam","B508,ZHAOSHENG SCIENCE & TECHNOLOGY, PARK,NO.2562 LIANHUA ROAD,JINXIU, COMMUNITY,ECONOMIC & TECHNOLOGICAL, DEVELOPMENT ZONE, HEFEI",,,,China,,,,90221400,"Máy X quang dùng cho thú y kèm phụ kiện tiêu chuẩn. Model: MT-DR PET360. Điện áp: 40~150 kV. HSX: HEFEI MT MEDICAL TECH CO.,LTD.. Mới 100%,X-ray machine for veterinary with standard accessories. Model: MT-DR PET360. Voltage: 40~150 kV. PUBLISHER: HEFEI MT MEDICAL TECH CO.,LTD.. New 100%",,1.0,Pieces,0.0,9810.0,,,
2025-06-29,孟加拉国,中国,TECHNO MEDICAL SYSTEM,TRIUP INTERNATIONAL CORP CHINA,"House- 16,(2nd floor), Road-02,",,,,,CN,,,,90221400,M/E X-RAY UNIT MODEL: TR-50N,,1.0,,550.0,9800.0,,,
2025-05-06,智利,中国,CARDIOTEC VASCULAR LIMITADA,,,,,,,CHINA,,MIAMI,Aeropuerto comodoro arturo merino ,90221419,LOS DEMAS,,1.0,UNIDADES,74.7,9733.25,J449X2GCCQX,,
2025-10-14,印度,中国,TRIVITRON HEALTHCARE PRIVATE LIMITED,SUZHOU POWERSITE ELECTRIC CO LTD,,"BUILDING 5, NO.188 FUCHUNJIANG RD, SND, SUZHOU, PEOPLE'S REPUBLIC OF C HINA CHINA",,,,China (CN),,Zhengzhou,,90221410,"PSG-HR80L MEDICAL X-RAY HIGH FREQUENCY HIGH VOLTAGE GENERATOR ASSEMBLY WITH 1 PC TOUCH SCREEN CONSOLE CS-14, 1 PC OF USBPSG-HR80L MEDICAL X-RAY HIGH FREQUENCY HIGH VOLTAGE GENERATO",,3.0,SET,0.0,9717.1,,,
2025-02-07,菲律宾,中国,SPEED CURE PHARMA OPC,JIANGSU MEDWISH TECHNOLOGY CO LTD,"10TH FLOOR, AMH MEDICAL ARTS, PULMONES ST, SAN PEDRO DISTRICT, PAGADIAN CITY",,,,,CHINA,,,,90221400000,DIGITAL SYSTEM,,1.0,PIECE,600.0,9513.3,SITGSHCYK85346,,
2025-09-23,越南,中国,CÔNG TY TNHH DỊCH VỤ VÀ THIẾT BỊ Y TẾ SGMED,HEFEI MT MEDICAL TECH CO LTD,"261/27B Chu Van An, Binh Thanh Ward, Ho Chi Minh City, Vietnam","B508,ZHAOSHENG SCIENCE & TECHNOLOGY, PARK,NO.2562 LIANHUA ROAD,JINXIU, COMMUNITY,ECONOMIC & TECHNOLOGICAL, DEVELOPMENT ZONE, HEFEI",,,,China,,,,90221400,"Máy X quang dùng cho thú y kèm phụ kiện tiêu chuẩn. Model: MT-DR PET360. Điện áp: 40~150 kV. HSX: HEFEI MT MEDICAL TECH CO.,LTD.. Mới 100%,X-ray machine for veterinary with standard accessories. Model: MT-DR PET360. Voltage: 40~150 kV. PUBLISHER: HEFEI MT MEDICAL TECH CO.,LTD.. New 100%",,1.0,Pieces,0.0,9480.0,,,
2025-10-10,秘鲁,中国,INTERNACIONAL VET PERU SAC,DHL EXPRESS PERU S A C,,,,,,"CHINA, PEOPLE'S REPUBLIC OF",,Hong Kong,,9022140000,"GENERADOR DE RAYOS X, MEDITECH, CANIS5VET PARA USO VETERINARIO INCLUYE ACCESORIOS GENERADOR DE RAYOS X S/N CA5201210H70725001 - CA5201210H70725002 - CA5201210H70725003.,PAGO AL CREDITO A 15 DIA",,3.0,UNITS,61.46,9417.9,,,
2025-06-03,印度,中国,TRIVITRON HEALTHCARE PRIVATE LIMITED,SUZHOU POWERSITE ELECTRIC CO LTD,"NO.15,4TH STREET,  ABHIRAMAPURAM, ",,,,,CHINA,,Zhengzhou,SAHAR AIR CARGO ACC (INBOM4),90221410,PSG-HR80L (THREE PHASE) MEDICAL X-RAY HIGH FREQUENCY HIGH VOLTAGE GENERATOR ASSEMBLYPSG-HR50E MEDICAL X-RAY HIG FREQUENCY HIG VOLTAGE GENERATRO,,3.0,SET,0.0,9415.4684,W8S6UQJXT3VS5,,
2025-06-11,印度,中国,MQS TECHNOLOGIES PRIVATE LIMITED,VJ XRAY LLC,"3rd Floor, B-35/1, KK House, Industrial Estate, Sanathnagar",,,,,CHINA,,NEW YORK,HYDERABAD ACC (INHYD4),90221410,"(INDUSTRIAL X-RAY MONO-BLOCK) 160KV,500W,X-RAY GENERATOR (IXS160BP500P685) (SL NO.Z25685-B00009)(INDUSTRIAL X-RAY MONO-BLOCK) 160KV,500W,X-RAY GENERATOR (IX",,1.0,NOS,0.0,9226.6211,KQ1DLVV4VEE2K,,
2025-09-04,多民族玻利维亚国,中国,IMMEDICA S R L,IRAY GROUP,"CHICHAPI, 2010, FLEIG, SANTA CRUZ DE LA SIERRA, SANTA CRUZ, BOLIVIA, 3404013, immedicabolivia@gmail.com",,,,,CHINA,,,SANTA CRUZ DE LA SIERRA,9022140000,MÁQUINA DE RAYOS X PORTÁTIL,,2.0,,36.0,9209.45,,,"IRAY  BBB INTL CO.,LTD"
2025-05-08,乌兹别克斯坦,中国,MADERNA MEDIC XUSUSIY KORXONASI,GUANGZHOU YSENMED EQUIPMENT CO LTD,,,,,,,,,,9022140000,"1. Цифравой медицинский рентгеновский аппарат 5,6 кВт/100 мА/5.6KW/100 mA Digital Medical  X ray Machine, unit+ wired flat panel detector+ laptop+trolley 10 inch touch screen. 1 штук - кол. 1 шт, вес: 54 кг
2. мест 3, 3 картон.короб.
8. 000
9. 024
10. 20",,1.0,шт,54.0,9155.0,,,
2025-06-20,乌兹别克斯坦,中国,MADERNA MEDIC XUSUSIY KORXONASI,GUANGZHOU YSENMED EQUIPMENT CO LTD,"Farg'ona viloyati, Bog'dod tumani, Bog'dod shaharchasi Islomobod ko'chasi","2nd Floor, Building C, Wanlima Ind Park. No188, Xinye Road, Haizhu District, Chuangzhou, 5100. CHINA",,,,,,,,9022140000,"1. Цифравой медицинский рентгеновский аппарат 5,6 кВт/100 мА/5.6KW/100 mA Digital Medical  X ray Machine, unit+ wired flat panel detector+ laptop+trolley 10 inch touch screen. Модель: YSF056DR-A, г.выпуск 2025, новый, 1 штук - кол. 1 шт, вес: 54 кг
2. ме",,1.0,шт,54.0,9155.0,,,БЕЗ БРЕНДА
2025-09-18,阿根廷,中国,MEDIFY EQUIPAMIENTO MEDICO S A,,,,,,,China,,,,90221419000,"LOS DEMAS. LOS DEMAS, PARA USO MEDICO, QUIRURGICO O VETERINARIO. APARATOS DE RAYOS X Y APARATOS QUE UTILICEN RADIACIONES ALFA, BETA GAMMA O DEMAS RADIACIONES IONIZANTES, INCLUSO PARA USO MEDICO, QUIRURGICO, ODONTOLOGICO O VETERINARIO, INCLUIDOS LOS APARATOS DE RADIOGRAFIA O RADIOTERAPIA, TUBOS DE RAYOS X Y DEMAS DISPOSITIVOS GENERADORES DE RAYOS X, GENERADORES DE TENSION, CONSOLAS DE MANDO, PANTALLAS, MESAS, SILLONES Y SOPORTES SIMILARES PARA EXAMEN O TRATAMIENTO. INSTRUMENTOS Y APARATOS DE OPTICA, FOTOGRAFIA O CINEMATOGRAFIA, DE MEDIDA, CONTROL O PRECISION; INSTRUMENTOS Y APARATOS MEDICOQUIRURGICOS; PARTES Y ACCESORIOS DE ESTOS INSTRUMENTOS O APARATOS. CANIS 5C",,3.0,Unidades,39.1372,9014.28,,,IRAY
2025-08-01,阿根廷,中国,MEDIFY EQUIPAMIENTO MEDICO S A,,,,,,,China,,,,90221419000,"LOS DEMAS. LOS DEMAS, PARA USO MEDICO, QUIRURGICO O VETERINARIO. APARATOS DE RAYOS X Y APARATOS QUE UTILICEN RADIACIONES ALFA, BETA GAMMA O DEMAS RADIACIONES IONIZANTES, INCLUSO PARA USO MEDICO, QUIRURGICO, ODONTOLOGICO O VETERINARIO, INCLUIDOS LOS APARATOS DE RADIOGRAFIA O RADIOTERAPIA, TUBOS DE RAYOS X Y DEMAS DISPOSITIVOS GENERADORES DE RAYOS X, GENERADORES DE TENSION, CONSOLAS DE MANDO, PANTALLAS, MESAS, SILLONES Y SOPORTES SIMILARES PARA EXAMEN O TRATAMIENTO. INSTRUMENTOS Y APARATOS DE OPTICA, FOTOGRAFIA O CINEMATOGRAFIA, DE MEDIDA, CONTROL O PRECISION; INSTRUMENTOS Y APARATOS MEDICOQUIRURGICOS; PARTES Y ACCESORIOS DE ESTOS INSTRUMENTOS O APARATOS. CANIS 2",,2.0,Unidades,22.8746,9012.16,,,IRAY TECHNOLOGY
2025-03-31,越南,中国,CÔNG TY TNHH THƯƠNG MẠI QUỐC TẾ LIWIN,LIUYANG VOLITION MEDICAL EQUIPMENT CO LTD,"No. 75, Lane 197 Tran Phu Street, Van Quan Ward, Ha Dong District, Hanoi","76 JIANSHOU AVE, ECONOMIC AND, TECHNOLOGICAL DEVELOPMENT ZONE, LIUYANG,HUNAN,CHINA, CN",,,,China,,,,90221400,"Hệ thống X-quang chẩn đoán, dùng để chụp ảnh tia X kỹ thuật số thông thường trên cơ thể người, thu lại hình ảnh kỹ thuật số để chẩn đoán lâm sàng. Mã: Picke 1800 DR/500, Mới 100%,Diagnostic X-ray system, used to take conventional digital X-ray images on the human body, capturing digital images for clinical diagnosis. Code: Picke 1800 DR/500, 100% New",,1.0,Set,0.0,9000.0,,,
2025-03-25,孟加拉国,中国,ANYOOR INTERNATIONAL,GENRAY TECHNOLOGY SUZHOU CO LTD,"Sec-07 Main road-3, Plot-22; Mirpur",,,,,China,,,,90221400,MOBILE X-RAY MACHINE,,2.0,NMB,520.0,9000.0,,,
2025-03-25,孟加拉国,中国,ANYOOR INTERNATIONAL,GENRAY TECHNOLOGY SUZHOU CO,"Sec-07 Main road-3, Plot-22; Mirpur",.,,,,CN,,,,90221400,MOBILE X-RAY MACHINE,,2.0,,520.0,9000.0,,,
2025-04-28,亚美尼亚,中国,PAUS LLC,GUANGZHOU YUESHEN MEDICAL EQUIPMENT CO LTD,,,,,,China (CN),Armenia (AM),,,90221400000,X-RAY DEVICE VETERINARY YSX200VET 16KW,,1.0,Հատ,216.7,8991.73,,,
2025-03-04,肯尼亚,中国,FUJI KENYA LIMITED,FUJIFILM MIDDLE EAST FZE,,,,,,China,Kenya,,,9022140000,H; FCR PRIMA T CR IR 392 RU PNTM COMPLETE WITH ACCESSORIES; FCR PRIMA T CR IR 39,,1.0,UNT,0.0,8937.862,,,
2025-01-08,孟加拉国,中国,SMART MEDICAL SERVICES,SHANGHAI ROCHAIN MEDICAL CO,"House-79/A, Road-7, Sector-4;",.,,,,CN,,,,90221400,PORTABLE DR X-RAY MACHINE MODEL: SHO-PXS03,,1.0,,140.0,8934.0,,,
2025-01-08,孟加拉国,中国,SMART MEDICAL SERVICES,SHANGHAI RO CHAIN MEDICAL CO LTD,"House-79/A, Road-7, Sector-4;",,,,,China,,,,90221400,PORTABLE DR X-RAY MACHINE MODEL: SHO-PXS03,,1.0,NMB,140.0,8934.0,,,
2025-05-16,刚果共和国[刚果（布）],中国,ARAUPHAR SARL,ESTRELA INTERNATIONAL TRADING CO LIMITED,,,,,,China,"Congo, Democratic Republic of the",,,902214000000,MOBILE X-RAY,,7918.0,NMB,7918.0,8882.0101,GOSUGZH0519495,,
2025-05-16,刚果共和国[刚果（布）],中国,ARAUPHAR SARL,ESTRELA INTERNATIONAL TRADING CO LIMITED,,,,,,China,"Congo, Democratic Republic of the",,,902214000000,MOBILE X-RAY,,7918.0,NMB,7918.0,8882.0101,GOSUGZH0519495,,
2025-07-31,肯尼亚,中国,NAIROBI ENTERPRISES LIMITED,WUJIANG EVERGREEN EX IM CO LTD,,,,,,China,Kenya,,,90221400,"H; Floor-mounted Analog X-ray system; Floor-mounted Analog X-ray system; used in medical imaging; WUJIANG EVERGREEN EX/IM CO.,LTD; INF-50KW-M; 2; 1; 6; INF-50KW-M; 1; 1; 8827;",,1.0,UNT,0.0,8827.0,,,
2025-09-26,印度,中国,EPSILON HEALTHCARE SOLUTIONS PRIVATE LIMITED,LIAONING DTKL TECHNOLOGY CO LTD,J-4/3B FIRST FLOOR DDA FLATS  KALKAJI ,1ST DOOR NO 77-9 ROAD 13 SHENYANG ECONOMIC AND TECHNOLOGICAL DEV ZONE LIAONING PROVINCE CHINA CN,,,,China (CN),,Shanghai,,90221410,X-RAY GENERATOR 65KW WITHOUT X-RAY TUBE DTKL65HF (DUAL TUBEATTACHMENT) (PART FOR MFR. OF MEDICAL X-RAY MACHINE)PART FOR MFR. OF MEDICAL X-RAY MACHINE,,2.0,NOS,0.0,8701.56,,,
2025-06-29,印度,中国,EPSILON HEALTHCARE SOLUTIONS PRIVATE LIMITED,LIAONING DTKL TECHNOLOGY CO LTD,J-4/3B FIRST FLOOR DDA FLATS  KALKAJI ,,,,,CHINA,,Shenyang,DELHI AIR CARGO ACC (INDEL4),90221410,X-RAY GENERATOR 65KW WITHOUT X-RAY TUBE DTKL65HF (DUAL TUBEATTACHMENT) (PART FOR MFR. OF MEDICAL X-RAY MACHINE)PART FOR MFR. OF MEDICAL X-RAY MACHINE,,2.0,NOS,0.0,8689.2427,9KMS2X5H1LNIJ,,
2025-06-24,尼日利亚,中国,BETTER MEDICAL TECHNOLOGY CO LTD,CHAOZHOU RONGZHOU MEDICAL EQUIPMENT FACTORY,,,,,,China,,,PORT HARCOURT(3) Onne,9022140000,"Apparatus based on the use of X-rays or of alpha, betaused for medical, surgical .",,0.0,,5000.0,8648.07,,,
2025-08-13,智利,中国,,,,,,,,CHINA,,MIAMI,Aeropuerto comodoro arturo merino ,90221490,LOS DEMAS APARATOS PARA USO VETERINARIO,,1.0,UNIDADES,10.0,8636.59,A749A8PFXX9,,
2025-10-22,孟加拉国,中国,BIO MASS INTERNATIONAL LIMITED,SUZHOU SHOIMAGE MEDICAL EQUIPMENT C,"37 Bir Uttam C.R. Datta Road, Nahar",,,,,CN,,,,90221400,MEDICAL DIAGNOSTIC X-RAY SYSTEM MODEL: SHO-DDX04,,1.0,,622.0,8532.17,,,
2025-05-17,越南,中国,CÔNG TY TNHH THƯƠNG MẠI QUỐC TẾ LIWIN,LIUYANG VOLITION MEDICAL EQUIPMENT CO LTD,"No. 75, Lane 197 Tran Phu Street, Van Quan Ward, Ha Dong District, Hanoi","76 JIANSHOU AVE, ECONOMIC AND, TECHNOLOGICAL DEVELOPMENT ZONE, LIUYANG,HUNAN,CHINA, CN",,,,China,,,,90221400,"Hệ thống X-quang chẩn đoán , dùng để chụp ảnh tia X kỹ thuật số thông thường trên cơ thể người, thu lại hình ảnh kỹ thuật số để chẩn đoán lâm sàng. Mã: Picke 1800 DR/500, Mới 100%,Diagnostic X-ray system, used to take conventional digital X-ray images on the human body, capturing digital images for clinical diagnosis. Code: Picke 1800 DR/500, 100% New",,1.0,Set,0.0,8500.0,,,
2025-03-24,孟加拉国,中国,GOLDEN DREAM INTERNATIONAL,FATAL MEDICAL TECHNOLOGY FOSHAN C,"59/ D/ A, Darus Salam Shopping",,,,,CN,,,,90221400,M/E 500MA X-RAY MACHINE W.STD.ACC. M: YSF50-B1,,1.0,,654.0,8399.29,,,
2025-03-24,孟加拉国,中国,GOLDEN DREAM INTERNATIONAL,FATAL MEDICAL TECHNOLOGY FOSHAN C,"59/ D/ A, Darus Salam Shopping",,,,,China,,,,90221400,M/E 500MA X-RAY MACHINE W.STD.ACC. M: YSF50-B1,,1.0,NMB,654.0,8399.29,,,
2025-04-16,智利,中国,,,,,,,,CHINA,,MIAMI,Aeropuerto comodoro arturo merino ,90221490,LOS DEMAS APARATOS PARA USO VETERINARIO,,1.0,UNIDADES,7.8,8310.21,8710920665,,
2025-03-18,哥伦比亚,中国,ROYAL PLUS TECHNOLOGIES S A S,IRAY GROUP,KR 27 68 60,NO. 2 CAOHEJING RD.,,,,CHINA,,,,9022140000,"DO 2515448. DECLARACION(1-1). MERCANCIA NUEVA. PRIMER PARCIAL. NOS ACOGEMOS AL DECRETO 1881 DE 2021, MINISTERIO DE COMER",,2.0,NUMERO DE ARTICULOS,31.8,8268.15,,,
2025-08-29,秘鲁,中国,,,,,,,,"CHINA, PEOPLE'S REPUBLIC OF",,NINGBO LISHE INTERNATIONAL APT,,9022140000,"EQUIPO DE RAYOS X, DAWEI, RV-20A N/SERIE: CZ2725DAWEIF9060010001 DIAGNOSTICOVETERINARIO EQUIPO DE RAYOS X METAL Y PLASTICO / INCLUYEN ACCESORIO: FLAT PANNEL",,1.0,UNITS,382.97,8213.25,,,
2025-01-31,马拉维,中国,MCDONALD ABUBAKAR THEWE TEXT INVESTMENTS,MEDSINGLONG CO LTD,"Post office Box 42
Dedza,Dedza,",CHINA,,,,CHINA,,,,90221400,X-RAY MACHINERY AND  FLAT PANEL DETECTOR,,1.0, Pieces,117.0,8168.0,,,
2025-02-20,喀麦隆,中国,KWANKEU TATNKE R,SHENZHEN HORIZON TECHNOLOGY,,,,,,Chine,Cameroun,,,902214000000,APPAREIL DE RADIOGRAPHIE ET SES ACCESOIRES,,1.0,KGM,30.0,8165.6339,,,
2025-03-01,巴西,中国,NUTRIEX INDUSTRIA DE NUTRACEUTICOS LTDA,XINDRAY MEDICAL INTERNATIONAL CO LTD,GO,,,,,China (CN),,,,90221419,RAIO PAINEL PORTÁTIL COMPOSTO LAPTOP CÂMERA HANDHELD,,1.0,UNID.,10.0,8031.24,,,
2025-09-11,哥伦比亚,中国,ROYAL PLUS TECHNOLOGIES S A S,IRAY GROUP,KR 27 68 60,NO. 2 CAOHEJING RD.,,,,CHINA,,,,9022140000,"DO 2515657. DECLARACION(1-1). MERCANCIA NUEVA. NOS ACOGEMOS AL DECRETO 1881 DE 2021, MINISTERIO DE COMERCIO, INDUSTRIA Y",,2.0,NUMERO DE ARTICULOS,34.2,8000.0,,,
2025-01-23,加纳,中国,CROWN HEALTHCARE 2024 LTD,SHANGHAI CHANNELMED IMPORT & EXPORT CO LTD,,,,,,China,,,,9022140000,Auto Hematology Analyzer,,0.0,,30.0,8000.0,ONEYCANE89808400,,
2025-05-30,越南,中国,CÔNG TY TNHH THIẾT BỊ Y TẾ TẤT THÀNH,TRIUP INTERNATIONAL CORP,"No. 82A Yen Binh Street, Phuc La Ward, Ha Dong District, Hanoi City, Vietnam","8 FLOOR, FENGHUANG CULTURE, BUILDING B, 215 JIANGDONG MIDDLE, ROAD, NINJING, CHINA, CN",,,,China,,,,90221400,"Máy chụp X-Quang Model: TR300A dùng trong y tế, nhà sản xuất Triup International Corp, mới 100%  (Ordered 2025/05/15),X-Ray Machine Model: TR300A for medical use, manufacturer Triup International Corp, 100% new (Ordered 2025/05/15)",,1.0,Set,0.0,8000.0,,,
2025-10-01,厄瓜多尔,中国,IX BIOTRON DEL ECUADOR CIA LTDA,BEIJING WANDONG MEDICAL TECHNOLOGY CO LTD,,,,,,CHINA,,,,9022140000,DIGTAL DETECTOR,,1.0,U,6.1,7984.14,,,DRGEM
2025-07-28,智利,中国,,,,,,,,CHINA,,Other Ports Of United States,Aeropuerto comodoro arturo merino ,90221490,DE LOS UTILIZADOS EN USO MEDICO.,,2.0,UNIDADES,22.31,7949.76,9619699316,, MEDSINGLONG-F
2025-03-12,喀麦隆,中国,FOKAM SERGE,GUANGZHOU TAIJINGJU IMPORT AND EXPORT CO LTD,,,,,,China,Cameroon,,,902214000000,X-RAY MACHINE,,500.0,KGM,500.0,7898.6402,,,
2025-02-21,印度,中国,PROGNOSYS MEDICAL SYSTEMS PRIVATE LIMITED,NEUSOFT MEDICAL SYSTEMS CO LTD,"NO.249, 4TH MAIN ROAD,  CHAMARAJPET, ",,,,,CHINA,,SHENZHEN,BANGALORE ACC (INBLR4),90221410,DIAGNOSTIC X-RAY HIGH VOLTAGE GENERATOR (VENUS-50-R) PARTS FOR MFG OF DIAGNOSTIC X-RAY HIGH VOLTAGE GENERATOR (VE,,2.0,NOS,0.0,7877.8432,HSP8LLZOQISDS,,
2025-02-04,乌干达,中国,SHIP EXPRESS W U GUANGZHOU INTERNATIONAL U LIMITED,A & W TRADE HK CO LIMITED,,,,,,CHINA,UGANDA,,,90221400000,TR300 ANALOG XRAY MACHINE,,1.0,Number,1340.0,7859.9999,,,
2025-01-28,乌干达,中国,SHIP EXPRESS W U GUANGZHOU INTERNATIONAL U LIMITED,A & W TRADE HK CO LIMITED,,,,,,CHINA,UGANDA,,,90221400000,TR300 ANALOG XRAY MACHINE,,1.0,Number,1340.0,7860.0001,,,
2025-03-07,秘鲁,中国,,,,,,,,"CHINA, PEOPLE'S REPUBLIC OF",,SHANGHAI,,9022140000,"RAYOS X VETERINARIO, DAWEI, RV-20A SERIE: 906A013925A - RAYOS X VETERINARIO -",,1.0,UNITS,661.4,7776.95,,,
2025-10-16,孟加拉国,中国,TELERAD MEDICAL SYSTEMS LTD,SUZHOU SHOIMAGE MEDICAL EQUIPMENT C,"Road# 27/F, Flat# 5A, Sangsad",,,,,CN,,,,90221400,X-RAY MACHINE WITH STD/ACC M# SHO-DDX03,,1.0,,610.0,7700.0,,,
2025-10-09,巴基斯坦,中国,FUJIFILM PAKISTAN PRIVATE LIMITED,FUJIFILM HEALTHCARE ASIA PACIFIC PTE LTD,"37-D, Block 6, PECHS Society, Karachi, Karachi East","10 NEW INDUSTRIAL ROAD, FUJIFILM BUILDING SINGAPORE 536201 , CNSHA ,",,,,China,,Shanghai,KAPS,90221400,"MEDICAL EQUIPMENT AND ACCESSORIES (IP CASSETTE, IP CAS-CC BW-PB 35.4x43CM1:E) QTY: 30SET NET WT:54KGS",,30.0,u,1240.0,7567.3732,QDAS25080080,,
2025-10-09,巴基斯坦,中国,FUJIFILM PAKISTAN PRIVATE LIMITED,FUJIFILM HEALTHCARE ASIA PACIFIC PTE LTD,"37-D, Block 6, PECHS Society, Karachi, Karachi East","10 NEW INDUSTRIAL ROAD, FUJIFILM BUILDING SINGAPORE 536201 , CNSHA ,",,,,China,,Shanghai,KAPS,90221400,"MEDICAL EQUIPMENT AND ACCESSORIES (IP CASSETTE, IP CAS-CC BW-PB 35.4x43CM1:E) QTY: 30SET NET WT:54KGS",,30.0,u,1240.0,7548.1504,QDAS25080080,,
2025-01-27,孟加拉国,中国,METH INTERNATIONAL,HENGSHUI JUNRUI GENERAL TRADING CO,"15/2, Topkhana Road, BMA Bhaban",,,,,China,,,,90221400,400MA X-RAY MACHINE M: Z-400HF (WITHOUT TABLE) STD. ACC.,,2.0,NMB,350.0,7533.33,,,
2025-01-27,孟加拉国,中国,METH INTERNATIONAL,HENGSHUI JUNRUI GENERAL TRADING CO,"15/2, Topkhana Road, BMA Bhaban",,,,,CN,,,,90221400,400MA X-RAY MACHINE M: Z-400HF (WITHOUT TABLE) STD. ACC.,,2.0,,350.0,7533.33,,,
2025-08-24,孟加拉国,中国,TELERAD MEDICAL SYSTEMS LTD,SUZHOU SHOIMAGE MEDICAL EQUIPMENT C,"Road# 27/F, Flat# 5A, Sangsad",,,,,CN,,,,90221400,X-RAY MACHINE W/STAD. ACCESS.FIXED TABLE 500MA M#SHO-DDX03,,1.0,,670.0,7427.0,,,
2025-01-29,加纳,中国,CROWN HEALTHCARE 2024 LTD,SHANGHAI CHANNELMED IMPORT & EXPORT CO LTD,,,,,,China,,,,9022140000,"SCALP VEIN SETS LUER SLIP 21G-200,000PCS;23G-150,000PCS;25G-20,000PCS",,0.0,,1110.0,7400.0,SHWL40473700,,
2025-01-29,加纳,中国,CROWN HEALTHCARE 2024 LTD,SHANGHAI CHANNELMED IMPORT & EXPORT CO LTD,,,,,,China,,,,9022140000,"SURGICAL BLADES B/100	 
10/15/22 EACH 500BOXES;	 
11/12 EACH 200BOXES;23/24 EACH 1,000BOXES",,0.0,,570.0,7293.0,ONEYSH4FD3149600,,
2025-05-28,智利,中国,,,,,,,,CHINA,,other ports of colombia,Aeropuerto comodoro arturo merino ,90221411,"PARA RADIO TERAPIA, USO VETERINARIO,CON SUS ACCES.PARA SU NORMAL FUNCIONAMIENTO",,1.0,UNIDADES,744.0,7214.24,729-49118521,,DAWEI-F
2025-06-26,哥伦比亚,中国,ROYAL PLUS TECHNOLOGIES S A S,PROBESOUND CO LTDA,KR 27 68 60,"ROOM 2401,BUILDING 3A,INTELLIGENT H",,,,CHINA,,,,9022140000,"DO 2515580. DECLARACION(1-1). MERCANCIA NUEVA, NOS ACOGEMOS AL DECRETO NUMERO 1881 DE 2021,ART 2.. PRODUCTO: VETERINARY PORTABLE DIGITAL COLOR DOPPLER / SISTEMA ULTRSSONIDO. MARCA: SONOSCAPE. MODELO: X3V. REFERENCIA: X3V. SERIAL: 0487564136. USO ODESTINO:UNICAMENTE DE USO VETERINARIO. TECNICA DE DIAGNOSTICO: ULTRASONIDO. X3V MAIN UNIT PROBRES (L741+C613+7P-B) +SUITCASE+ COVER+ PROTECTORS (FULL CARDIOLOGY MODULE); MICRO CURVED ARRAY C613 S/N: D197230392;;L 471 LINEAR ARRAY S/N:D133772121;PHASED ARRAY S/N: D181848805;VETERINARY PORTABLE S/N: 0487564136; BATERIA RECARGABLE S/N: KL4S2P31B-2-A06935;ADAPTADOR S/N: KPED519015Z;CARGADOR. CANT (1) UND (ITEM 1)",,1.0,NUMERO DE ARTICULOS,14.4,7160.0,,,
2025-06-19,乌干达,中国,GTC INTERNATIONAL LOGISTICS LTD,GUANGZHOU YANLANG INTERNATIONALIMPORT&EXPORT TRADE CO LTD,,,,,,China (CN),,,,90221400000,"X-rays apparatus, medical/surgical/veterinary use nes",,1.0,Number,350.0,7105.0,,,
2025-07-14,乌干达,中国,GOD'S GRACE BIOMED SUPPLY LTD,GUANGZHOU YANLANG INTERNATIONAL IMPORT&EXPORT TRADE CO LTD,,,,,,China (CN),,,,90221400000,"X-rays apparatus, medical/surgical/veterinary use nes",,0.9999,Number,350.0001,7105.0,,,
2025-06-24,乌干达,中国,GTC INTERNATIONAL LOGISTICS LTD,GUANGZHOU YANLANG INTERNATIONALIMPORT&EXPORT TRADE CO LTD,,,,,,China (CN),,,,90221400000,"X-rays apparatus, medical/surgical/veterinary use nes",,1.0,Number,350.0,7105.0,,,
2025-10-04,乌兹别克斯坦,中国,PANDA 7777 LLC,HORGAS SHENGHE TRADE CO LTD,,,,,,China,,,,9022140000,"1. Цифровой высокочастотный рентгеновский аппарат мощностью 32 кВт для ветеринарногоприменения - бренд ICEN это ветеринарный техника. Производителъ: ""ICEN TECHNOLOGY COMPANY LIMITED"" - кол. 1 шт, вес: 300 кг
2. мест 1, 1 картон.короб.
8. 000
9. 000
10. 2025/Цифровой
высокочастотный рентгеновский аппарат мощностью 32 кВт для ветеринарного применения 

11. 02",,1.0,Piece,300.0,7020.0,,,
2025-02-04,哥伦比亚,中国,TECNOVET SAS,TOOTOO MEDITECH CO LTD,CL 55 73A 10,"ROOM 2401, BUILDING 3A, INTELLIGENT",,,,CHINA,,,,9022140000,DO 32501738 DECLARACION(2-2) LEGALIZACION VOLUNTARIA POR DIFERENCIA EN DESCRIPCION Y PESO EN DOCUMENTO DE TRANSPORTE SEG,,1.0,NUMERO DE ARTICULOS,17.9,6938.55,,,
2025-09-08,哈萨克斯坦,中国,ТОВАРИЩЕСТВО С ОГРАНИЧЕННОЙ ОТВЕТСТВЕННОСТЬЮ МЕДТЕХСЕРВИС,IRAY GROUP,"КАЗАХСТАН, Г. УСТЬ-КАМЕНОГОРСК, УЛ. ДОБРОЛЮБОВА 39/2","КИТАЙ, TAICANG,KUNSHAN, NO.33 XINGANG ROAD, TAICANG PORT ECONOMIC AND TECH",,,"IRAY GROUP;
",China,Kazakhstan,,,9022140000,"1. ДЕТЕКТОР РЕНТГЕНОВСКИЙ ПЛОСКОПАНЕЛЬНЫЙ,    В КОМПЛЕКТЕ С ПРИНАДЛЕЖНОСТЯМИ, ПРИМЕНЯЕТСЯ В СОСТАВЕ МЕДИЦИНСКИХ РЕНТГЕНОВСКИХ УСТАНОВКАХ, ПРЕДНАЗНАЧЕН ДЛЯ ПРВЕДЕНИЯ ВЫСТАВОК МЕДИЦИНСКИЙХ ИЗДЕЛИЙ, РАЗМЕР ПАНЕЛИ 14Х17 ДЮЙМОВ; ПРОИЗВОДИТЕЛЬ: IRAY GROUP; ТОВАРНЫЙ ЗНАК: IRAY; МАРКА ТОВАРА: IRAY; , КОЛИЧЕСТВО: 1.00 ШТ;",,1.0,ШТ,5.02,6933.02,,,"IRAY;
"
2025-04-17,坦桑尼亚,中国,REAL CARE HOSPITAL SMC PRIVATE LTD,NANJING PERLOVE MEDICAL EQUIPMENT CO LTD,,,,,,China,"Tanzania, United Republic of",,,902214000000,MOBILE DIGITAL FPD C-ARM SYSTEM,,1.0,NMB,612.0,6893.2721,PSLSHADAR00348,,
2025-04-17,坦桑尼亚,中国,REAL CARE HOSPITAL SMC PRIVATE LTD,NANJING PERLOVE MEDICAL EQUIPMENT CO LTD,,,,,,China,"Tanzania, United Republic of",,,902214000000,MOBILE DIGITAL FPD C-ARM SYSTEM,,1.0,NMB,612.0,6893.2721,PSLSHADAR00348,,
2025-04-17,坦桑尼亚,中国,REAL CARE HOSPITAL SMC PRIVATE LTD,NANJING PERLOVE MEDICAL EQUIPMENT CO LTD,,,,,,China,"Tanzania, United Republic of",,,902214000000,MOBILE DIGITAL FPD C-ARM SYSTEM,,1.0,NMB,612.0,6893.2721,PSLSHADAR00348,,
2025-04-14,秘鲁,中国,INTERNACIONAL VET PERU SAC,,,,,,,"CHINA, PEOPLE'S REPUBLIC OF",,Hong Kong,,9022140000,"GENERADOR DE RAYOS X, BROWINER, BEATLE-02P PARA USO VETERINARIO INCLUYE ACCESORIOS /// XSDD001967 DIGITAL RADIOGRAPHY SYSTEM FOR VETERINARY USE ONLY S/N: BRW210202503001, BRW210202503002,PAGO AL CONTADO CON SWIFT N230944001",,2.0,UNITS,57.0,6880.0,,,
2025-06-09,秘鲁,中国,INTERNACIONAL VET PERU SAC,,,,,,,"CHINA, PEOPLE'S REPUBLIC OF",,Hong Kong,,9022140000,"GENERADOR DE RAYOS X, BROWINER, BEATLE-02P VETERINARY PARA USO VETERINARIO INCLUYE ACCESORIOS VETERINARY PORTABLE DIGITAL RADIOGRAPHY SYSTEM S/N: BRW210202505008, BRW210202505009",,2.0,UNITS,20.0,6880.0,,,
2025-03-10,哥伦比亚,中国,INVERSIONES RODRIGUEZ CASTANEDA SAS,SHENZHEN BROWINER TECH CO LTD,KR 7 180 75 LC 21 22 MOD 3,"ROOM 501, BUILDING C, GANGHONGJI",,,,CHINA,,,,9022140000,"DO BOGI25032793. PEDIDO TRAMITE: PED VVG-25 /099. DECLARACION(1-1). MERCANCIA NUEVA, NUMERO DE FACTURA COMERCIAL: BWXS-P",,2.0,NUMERO DE ARTICULOS,20.0,6866.86,,,
2025-09-08,哈萨克斯坦,中国,ТОВАРИЩЕСТВО С ОГРАНИЧЕННОЙ ОТВЕТСТВЕННОСТЬЮ МЕДТЕХСЕРВИС,IRAY GROUP,"КАЗАХСТАН, Г. УСТЬ-КАМЕНОГОРСК, УЛ. ДОБРОЛЮБОВА 39/2","КИТАЙ, TAICANG,KUNSHAN, NO.33 XINGANG ROAD, TAICANG PORT ECONOMIC AND TECH",,,"IRAY GROUP;
",China,Kazakhstan,,,9022140000,"1. ДЕТЕКТОР РЕНТГЕНОВСКИЙ ПЛОСКОПАНЕЛЬНЫЙ,    В КОМПЛЕКТЕ С ПРИНАДЛЕЖНОСТЯМИ, ПРИМЕНЯЕТСЯ В СОСТАВЕ МЕДИЦИНСКИХ РЕНТГЕНОВСКИХ УСТАНОВКАХ, ПРЕДНАЗНАЧЕН ДЛЯ ПРВЕДЕНИЯ ВЫСТАВОК МЕДИЦИНСКИЙХ ИЗДЕЛИЙ, РАЗМЕР ПАНЕЛИ 17Х17 ДЮЙМОВ; ПРОИЗВОДИТЕЛЬ: IRAY GROUP; ТОВАРНЫЙ ЗНАК: IRAY; МАРКА ТОВАРА: IRAY; , КОЛИЧЕСТВО: 1.00 ШТ;",,1.0,ШТ,7.875,6862.99,,,"IRAY;
"
2025-01-29,加纳,中国,CROWN HEALTHCARE 2024 LTD,SHANGHAI CHANNELMED IMPORT & EXPORT CO LTD,,,,,,China,,,,9022140000,"FOLEYS CATHETERS 2 WAY PLASTIC VAVLE FG14-4,000PCS;FG20-5,000PCS",,0.0,,756.0,6835.5,ONEYSH4FD3149600,,
2025-07-15,肯尼亚,中国,CROWN SOLUTIONS LIMITED,SHANGHAI CHANNELMED IMPORT AND EXPORT CO LTD,,,,,,China,Kenya,,,90221400,H; SHANGHAI; X-RAY LEAD SHEET 2000MMX1000MMX1.5MM; HUMAN; SHANGHAI; SHANGHAI; 100; 100; 24; steel; 1844; 1;,,100.0,UNT,0.0,6700.0,,,
2025-04-01,巴西,中国,VILUX VITORIA LUX INDUSTRIAL LTDA,MEDSINGLONG CO LTD,AL,,,,,China (CN),,,,90221490,"APARELHOS DE RAIOS X E APARELHOS QUE UTILIZEM AS RADIAçõES ALFA, BETA OU GAMA, MESMO PARA USOS MéDICOS, CIRúRGICOS, ODONTOLóGICOS OU VETERINáRIOS, INCLUíDOS OS APARELHOS DE RADIOFOTOGRAFIA OU DE RADIOTERAPIA, OS TUBOS DE RAIOS X E OUTROS DISPOSITIVOS GERA|BENS DE CAPITAL (EXCETO EQUIPAMENTOS DE TRANSPORTE)|PRODUTOS MANUFATURADOS|FABRICAçãO DE EQUIPAMENTOS DE IRRADIAçãO, ELETROMéDICOS E ELETROTERAPêUTICOS|APARELHOS DE RAIOS X P/USO MEDICO,CIRURGICO OU VETERIN.",,5.0,UNID.,105.0,6491.0,,,
2025-01-15,印度,中国,PROGNOSYS MEDICAL SYSTEMS PRIVATE LIMITED,NEUSOFT MEDICAL SYSTEMS CO LTD,"NO.249, 4TH MAIN ROAD,  CHAMARAJPET, ",,,,,CHINA,,SHENZHEN,BANGALORE ACC (INBLR4),90221410,DIAGNOSTIC X-RAY HIGH VOLTAGE GENERATOR(LUNAR-80RF) (FOR MANUFACTURE OF X-RAY MACHINE)X-RAY GENERATOR,,1.0,NOS,0.0,6478.0753,GTLT17C4ODS14,,
2025-07-16,秘鲁,中国,NEODIAGNOSTICA S A C,,,,,,,"CHINA, PEOPLE'S REPUBLIC OF",,Hong Kong,,9022140000,"DETECTOR DE RAYOS X DE PANEL PLANO INDIRECTO, S/M, MARS1717V-VSI DIGITAL FLAT PANEL DETECTOR FOR DIGITAL MEDICAL X-RAY RADIOGRAPHIC SYSTEM SE UTILIZA PARA RECIBIR IM-GENES DE RAYOS X Y AYUDAR EN EL DIAGNESTICO M+DICO DETECTOR DE RAYOS X DE PANEL PLANO INDIRECTO INCLUYE ACCESORIOS PARA SU NORMAL FUNCIONAMIENTO",,1.0,UNITS,58.61,6457.87,,,
2025-08-29,秘鲁,中国,,,,,,,,"CHINA, PEOPLE'S REPUBLIC OF",,NINGBO LISHE INTERNATIONAL APT,,9022140000,"EQUIPO DE RAYOS X PORTATIL, GENRAY, DR-VET M N/SERIE 08312506004 DIAGNOSTICO VETERINARIO EQUIPO DE RAYOS X PORTATIL INCLUYE 3 PIEZAS : EQUIPO DE RAYOS X PORTATIL, SOPORTE CON RUEDAS, DIGITALIZADOR",,1.0,SET OF PARTS,298.42,6399.94,,,
2025-06-04,印度,中国,PANACEA MEDICAL TECHNOLOGIES PRIVATE LIMITED,IRAY IMAGING TECHNOLOGY HAINING LIMITED,"H.NO.1-10-1/27,1ST FLOOR, STREET NO 5,ASHOK NAGAR,HYDERABAD ",,,,,CHINA,,Guangzhou,BANGALORE ACC (INBLR4),90221410,CETUS40R01 X-RAY HIGH VOLTAGE GENERATOR MODEL: CETUS40R01 CETUS40R01 X-RAY HIGH VOLTAGE GENERATOR MODEL: CETUS40R01,,2.0,NOS,0.0,6315.6477,80F01KLWY1RXU,,
2025-07-17,哥伦比亚,中国,MEDICALBIO SAS,HEBEI RUIGE INTERNATIONAL TRADING CO LTD,CL 86 87 A 44,"KIAJIA BUILDING, QIAOXI ZONE, SHIJI",,,,CHINA,,,,9022140000,"DO BOGI0237579-001 PEDIDO TRAMITE: PARC2 DECLARACION(1-1) MEDICALBIO SAS,. MERCANCIA NUEVA, NO APLICA REGISTRO DE IMPORT",,2.0,NUMERO DE ARTICULOS,50.0,6312.93,,,
2025-06-09,秘鲁,中国,INTERNACIONAL VET PERU SAC,DHL EXPRESS PERU S A C,,,,,,"CHINA, PEOPLE'S REPUBLIC OF",,Hong Kong,,9022140000,"GENERADOR DE RAYOS X, TOOTOO MEDITECH, CANIS 5C PARA USO VETERINARIO INCLUYE ACCESORIOS GENERADOR DE RAYOS X S/N: CA5201210HB1124006 / CA5201210HB1124007",,2.0,UNITS,43.39,6282.57,,,
2025-07-02,巴基斯坦,中国,FUJIFILM PAKISTAN PRIVATE LIMITED,FUJIFILM CORPORATION,"37-D, Block 6, PECHS Society, Karachi, Karachi East",26 30 NISHIAZABU 2 CHOME MINATO KU,,,,China,,shanghai,KPAF,90221400,(MEDICAL EQUIPMENT) FCR PRIMA TM PNTM  CR IR WITH ACCESSOIES QTY: 1 SET,,1.0,u,56000.0,6245.296,DRM250601349,,
2025-10-27,亚美尼亚,中国,KARAPETYAN HARUTYUN MHERI,GUANGZHOU MEDMSL LTD,,,,,,China (CN),Armenia (AM),,,90221400000,"X-RAY EQUIPMENT PORTABLE MACHINE BETALE-05P WITHOUT TABLE, PAD AND SYSTEM",,1.0,ՀԱՏ,33.0,6197.42,,,
2025-08-21,厄瓜多尔,中国,MONTOYA BERSOSA TAILY LUISANA,VAUDEL INTERNATIONAL LTD,,,,,,CHINA,,,,9022140000,WIRELESS FLAT PANEL DETECTOR,,1.0,U,7.0,6163.86,,,YSENMED
2025-10-21,菲律宾,中国,CGD MEDICAL DEPOT INC,TSG MEDICAL SUPPLY LIMITED,1331 4/F RIZAL AVE. BRGY. 333 STA. CRUZMANILA CITY 1014PHILIPPINES,,,,,CHINA,,,,90221400000,3 PCS STATIONARY DIGITAL RADIOGRAPHY SYSTEM MODEL: MX-300DR BRAND: MED,,3.0,PIECE,1900.0,6153.2736,712510791148,,
2025-10-15,孟加拉国,中国,ABC MEDICAL SYSTEM,SUZHOU SHOIMAGE MEDICAL EQUIPMENT C,"28,KAZI NAZRUL ISLAM AVENUE, LEVEL",,,,,CN,,,,90221400,"MEDI.EQUIP:PORATABLE DIGITAL X-RAY MACH.UPGRADED MO:ANALOG, 3 SET",,3.0,,396.0,6150.0,,,
2025-03-26,秘鲁,中国,INTERNACIONAL VET PERU SAC,URIT MEDICAL,,,,,,"CHINA, PEOPLE'S REPUBLIC OF",,Hong Kong,,9022140000,"GENERADOR DE RAYOS X, TOOTOO MEDITECH, CANIS 5C PARA USO VETERINARIO INCLUYE ACCESORIOS GENERADOR DE RAYOS X S/N: CA5201210HB1124001 / CA5201210HB1124005,ADELANTO CON OP N203636001 Y SALDO A 30 DIAS",,2.0,UNITS,39.85,6149.32,,,
2025-07-30,尼日利亚,中国,KINGS SCIENCEWARE NIG LTD,NANJING PERLOVE MEDICAL EQUIPMENT C,,,,,,China,,,ABUJA AIRPORT,9022140000,"Apparatus based on the use of X-rays or of alpha, betaused for medical, surgical .",,0.0,,1039.0,6061.32,,,
2025-07-18,秘鲁,中国,INTERNACIONAL VET PERU SAC,DHL EXPRESS PERU S A C,,,,,,"CHINA, PEOPLE'S REPUBLIC OF",,Hong Kong,,9022140000,"GENERADOR DE RAYOS X, TOOTOO MEDITECH, CANIS 5C PARA USO VETERINARIO INCLUYE ACCESORIOS GENERADOR DE RAYOS X S/N: CA5201210H30525008 - CA5201210H30525009",,2.0,UNITS,35.98,6036.93,,,
2025-04-23,阿根廷,中国,MEDIFY EQUIPAMIENTO MEDICO S A,,,,,,,China,,,,90221419000,"LOS DEMAS. LOS DEMAS, PARA USO MEDICO, QUIRURGICO O VETERINARIO. APARATOS DE RAYOS X Y APARATOS QUE UTILICEN RADIACIONES ALFA, BETA GAMMA O DEMAS RADIACIONES IONIZANTES, INCLUSO PARA USO MEDICO, QUIRURGICO, ODONTOLOGICO O VETERINARIO, INCLUIDOS LOS APARATOS DE RADIOGRAFIA O RADIOTERAPIA, TUBOS DE RAYOS X Y DEMAS DISPOSITIVOS GENERADORES DE RAYOS X, GENERADORES DE TENSION, CONSOLAS DE MANDO, PANTALLAS, MESAS, SILLONES Y SOPORTES SIMILARES PARA EXAMEN O TRATAMIENTO. INSTRUMENTOS Y APARATOS DE OPTICA, FOTOGRAFIA O CINEMATOGRAFIA, DE MEDIDA, CONTROL O PRECISION; INSTRUMENTOS Y APARATOS MEDICOQUIRURGICOS; PARTES Y ACCESORIOS DE ESTOS INSTRUMENTOS O APARATOS. CANIS 5C",,2.0,Unidades,0.0,6013.78,,,IRAY TECHNOLOGY
2025-07-10,阿根廷,中国,MEDIFY EQUIPAMIENTO MEDICO S A,,,,,,,China,,,,90221419000,"LOS DEMAS. LOS DEMAS, PARA USO MEDICO, QUIRURGICO O VETERINARIO. APARATOS DE RAYOS X Y APARATOS QUE UTILICEN RADIACIONES ALFA, BETA GAMMA O DEMAS RADIACIONES IONIZANTES, INCLUSO PARA USO MEDICO, QUIRURGICO, ODONTOLOGICO O VETERINARIO, INCLUIDOS LOS APARATOS DE RADIOGRAFIA O RADIOTERAPIA, TUBOS DE RAYOS X Y DEMAS DISPOSITIVOS GENERADORES DE RAYOS X, GENERADORES DE TENSION, CONSOLAS DE MANDO, PANTALLAS, MESAS, SILLONES Y SOPORTES SIMILARES PARA EXAMEN O TRATAMIENTO. INSTRUMENTOS Y APARATOS DE OPTICA, FOTOGRAFIA O CINEMATOGRAFIA, DE MEDIDA, CONTROL O PRECISION; INSTRUMENTOS Y APARATOS MEDICOQUIRURGICOS; PARTES Y ACCESORIOS DE ESTOS INSTRUMENTOS O APARATOS. CANIS 5C",,2.0,Unidades,17.754,6007.5,,,IRAY TECHNOLOGY
2025-05-29,阿根廷,中国,MEDIFY EQUIPAMIENTO MEDICO S A,,,,,,,China,,,,90221419000,"LOS DEMAS. LOS DEMAS, PARA USO MEDICO, QUIRURGICO O VETERINARIO. APARATOS DE RAYOS X Y APARATOS QUE UTILICEN RADIACIONES ALFA, BETA GAMMA O DEMAS RADIACIONES IONIZANTES, INCLUSO PARA USO MEDICO, QUIRURGICO, ODONTOLOGICO O VETERINARIO, INCLUIDOS LOS APARATOS DE RADIOGRAFIA O RADIOTERAPIA, TUBOS DE RAYOS X Y DEMAS DISPOSITIVOS GENERADORES DE RAYOS X, GENERADORES DE TENSION, CONSOLAS DE MANDO, PANTALLAS, MESAS, SILLONES Y SOPORTES SIMILARES PARA EXAMEN O TRATAMIENTO. INSTRUMENTOS Y APARATOS DE OPTICA, FOTOGRAFIA O CINEMATOGRAFIA, DE MEDIDA, CONTROL O PRECISION; INSTRUMENTOS Y APARATOS MEDICOQUIRURGICOS; PARTES Y ACCESORIOS DE ESTOS INSTRUMENTOS O APARATOS. CANIS 5C",,2.0,Unidades,0.0,6006.64,,,IRAY TECHNOLOGY
2025-06-01,巴西,中国,SENIOR COMERCIAL IMPORTACAO E DISTRIBUICAO LTDA,SHENZHEN BROWINER TECH CO LTD,,,,,,,,,IRF - AEROPORTO INTERNACIONAL DE FLORIANÓPOLIS,90221419,"APARELHOS DE RAIOS X E APARELHOS QUE UTILIZEM AS RADIAçõES ALFA, BETA OU GAMA, MESMO PARA USOS MéDICOS, CIRúRGICOS, ODONTOLóGICOS OU VETERINáRIOS, INCLUíDOS OS APARELHOS DE RADIOFOTOGRAFIA OU DE RADIOTERAPIA, OS TUBOS DE RAIOS X E OUTROS DISPOSITIVOS GERA|BENS DE CAPITAL (EXCETO EQUIPAMENTOS DE TRANSPORTE)|PRODUTOS MANUFATURADOS|FABRICAçãO DE EQUIPAMENTOS DE IRRADIAçãO, ELETROMéDICOS E ELETROTERAPêUTICOS|APARELHOS DE RAIOS X P/USO MEDICO,CIRURGICO OU VETERIN.",,2.0,UNITY,20.0,6000.0,,,
2025-10-04,乌兹别克斯坦,中国,PANDA 7777 LLC,HORGAS SHENGHE TRADE CO LTD,,,,,,China,,,,9022140000,"1. Портативный рентгеновский аппарат для лошадей - 5,6 кВт Цифровой рентгеновский аппарат на колесах, с проводным детектором, программным обеспечением для ноутбука или рабочей станции. Корпус из алюминиевого сплава.это ветеринарный техника. Производителъ: ""ICEN TECHNOLOGY COMPANY LIMITED""
  - кол. 1 шт, вес: 40 кг
2. мест 1, 1 картон.короб.
8. 000
9. 000
10. 2025/Портативный рентгеновский аппарат для лошадей мощностью 5,6 кВт
11. 02",,1.0,Piece,40.0,6000.0,,,
2025-02-07,加纳,中国,COSTLESS VENTURES,NINGBO JOYCARE MEDICAL SUPPLIER,,,,,,China,,,,9022140000,DIGITAL FRIDGE THERMOMETER,,0.0,,74.5,6000.0,MEDUGS946762,,
2025-07-30,肯尼亚,中国,PULONG TECHNOLOGY LIMITED,JIANGSU SIN0WISE TECHNOLOGY CO LTD,,,,,,China,Kenya,,,90221400,1; 1; X-RAY MACHINE & ACCESSORIES; 1; 1; 1; 1; 1; 1; 1; 1; 1;,,4.0,UNT,0.0,6000.0,,,
2025-07-04,智利,中国,,,,,,,,CHINA,,other ports of china,Valparaiso,90221490,LOS DEMAS APARATOS PARA USO VETERINARIO,,1.0,UNIDADES,1358.0,5925.04,(M)SZTS50219400(N)CZC25040030,,
2025-06-07,哥伦比亚,中国,MEDICALBIO SAS,HEBEI RUIGE INTERNATIONAL TRADING CO LTD,CL 86 87 A 44,"KIAJIA BUILDING, QIAOXI ZONE, SHIJI",,,,CHINA,,,,9022140000,"DO BOGI0235746-001 PEDIDO TRAMITE: FLAT PANEL DECLARACION(1-1) MEDICALBIO SAS,. MERCANCIA NUEVA, NO APLICA REGISTRO DE IMPORTACION SEGUN DECRETO 0925 DEL 2013 ,; FACTURA: RG-CO20250524 FECHA: 2025-06-03 DETECTOR PLANO DE RAYOS X IRAY TECHNOLOGY TAICANG LTD REFERENCIA: SIN REFERENCIA PRODUCTO: DETECTOR PLANO DE RAYOS X / MARCA COMERCIAL: IRAY TECHNOLOGY / MODELO: MARS1717V-VSI, SERIAL: FV36Z011H403250022X, USO O DESTINO: EQUIPOS DE RADIOGRAFIA DE GAMA ALTA Y RAYOS X PARA USO EXCLUSIVO EN MEDICINA VETERINARIA, TECNICA DE DIAGNOSTICO: RAYOS X, VIENE CON PARTES Y ACCESORIOS PARA NORMAL INSTALACION YFUNCIONAMIENTO: VET SOFTWARE / CANT (1) UNIDADES (ITEM 1)",,1.0,NUMERO DE ARTICULOS,8.0,5900.0,,,
2025-08-14,印度,中国,MQS TECHNOLOGIES PRIVATE LIMITED,VJ XRAY LLC,"3rd Floor, B-35/1, KK House, Industrial Estate, Sanathnagar","95 CARLOUGH RD, BOHEMIA, NY 11716-2 903 SDNF United States",,,,China (CN),,NEW YORK,,90221410,"(INDUSTRIAL X-RAY MONO-BLOCK) 80KV,56W,X-RAY GENERATOR (IXS080BP056P228) (SL NO.Z24228-B00798)(INDUSTRIAL X-RAY MONO-BLOCK) 80KV,56W,X-RAY GENERATOR (IXS0",,1.0,NOS,0.0,5877.9,,,
2025-08-13,哥伦比亚,中国,MEDICALBIO SAS,IRAY GROUP,CL 86 87 A 44,"NO 999, HUANQIAO ROAD, PUDONG NEW A",,,,CHINA,,,,9022140000,"MEDICALBIO SAS,. MERCANCIA NUEVA , NO APLICA REGISTRO DE IMPORTACION SEGUN DECRETO 0925 DEL 2013. MAQUINA DE RAYOS X IRAY TECHNOLOGY REFERENCIA: SIN REFERENCIA PRODUCTO: MAQUINA DE RAYOS X / MARCA COMERCIAL: IRAY TECHNOLOGY / MODELO: CANIS 5C, SERIALES: CA5101210H40725014, CA5101210H40725020, USO O DESTINO: PARA USO EXCLUSIVO EN MEDICINA VETERINARIA EN BOVINOS, CABRINOS CANINOS Y FELINOS, TECNICA DE DIAGNOSTICO: RAYOS X, VIENE CON PARTES Y ACCESORIOS PARA NORMAL INSTALACION Y FUNCIONAMIENTO / CANT (2) UNIDADES",,2.0,NUMERO DE ARTICULOS,45.0,5861.0,,,
2025-08-21,菲律宾,中国,PHARMAGEM INC,GUANGZHOU MAO RONG SUPPLY CHAIN,SF05 2ND FLOOR SANTANA GROVE DR A SANTOS AVENUE SAN ANTONIOPARANAQUE 1707PHILIPPINES,,,,,CHINA,,,,90221400000,1 UNIT OF XRAY MACHINE WITH PATS AND ACCESSORIES- GUANGZHOU MAO,,2.0,PIECE,2542.0,5842.8155,NSAMNSG225082,,
2025-04-03,印度,中国,INSPECTION TECHNOLOGY,HUIDELIN NDT LIMITED,"504,URMILA SAHAR RD.,  ANDHERI (E) ",,,,,CHINA,,Dalian,NHAVA SHEVA SEA (INNSA1),90221490,INDUSTRIAL FLAW DETECTOR MACHINE & PARTS: NDT Flaw DetectorZY-2503/ 2 SETSINDUSTRIAL FLAW DETECTOR MACHINE & PARTS,,2.0,NOS,0.0,5832.2103,HSUMHTVG4HWZJ,,
2025-03-31,菲律宾,中国,CGD MEDICAL DEPOT INC,TSG MEDICAL SUPPLY LIMITED,"1612 BAMBANG ST. BRGY 321 ZONE 32 STA. CRUZ, MANILA",,,,,CHINA,,,,90221400000,"1 PC, STATIONARY DIGITAL RADIOGRAPHY SYSTEM MODEL MX-300DR MEDX BRAND",,1.0,PIECE,670.0,5812.5,285538309,,
2025-07-14,哥伦比亚,中国,MEDICALBIO SAS,HEBEI RUIGE INTERNATIONAL TRADING CO LTD,CL 86 87 A 44,"KIAJIA BUILDING, QIAOXI ZONE, SHIJI",,,,CHINA,,,,9022140000,"DO BOGI0237408-001 PEDIDO TRAMITE: FEDEX DECLARACION(1-1) MEDICALBIO SAS,. MERCANCIA NUEVA, NO APLICA REGISTRO DE IMPORT",,1.0,NUMERO DE ARTICULOS,9.0,5800.0,,,
2025-07-29,哥伦比亚,中国,ROYAL PLUS TECHNOLOGIES S A S,IRAY GROUP,KR 27 68 60,NO. 2 CAOHEJING RD.,,,,CHINA,,,,9022140000,"DO 2515613. DECLARACION(1-1). MERCANCIA NUEVA. NOS ACOGEMOS AL DECRETO 1881 DE 2021, MINISTERIO DE COMERCIO, INDUSTRIA Y",,1.0,NUMERO DE ARTICULOS,6.0,5800.0,,,
2025-04-04,印度,中国,INSPECTION TECHNOLOGY,HUIDELIN NDT LIMITED,"504,URMILA SAHAR RD.,  ANDHERI (E) ",,,,,CHINA,,Dalian,NHAVA SHEVA SEA (INNSA1),90221490,INDUSTRIAL FLAW DETECTOR MACHINE & PARTS: NDT Flaw DetectorZY-2503/ 2 SETSINDUSTRIAL FLAW DETECTOR MACHINE & PARTS,,2.0,NOS,0.0,5758.4271,J0197B2VH0DVW,,
2025-03-26,哥伦比亚,中国,ROYAL PLUS TECHNOLOGIES S A S,PROBESOUND CO LTDA,KR 27 68 60,"ROOM 2401,BUILDING 3A,INTELLIGENT H",,,,CHINA,,,,9022140000,"DO 2515455. DECLARACION(1-1). MERCANCIA NUEVA. NOS ACOGEMOS AL DECRETO 1881 DE 2021, MINISTERIO DE COMERCIO, INDUSTRIA Y",,1.0,NUMERO DE ARTICULOS,1.5,5754.45,,,
2025-06-19,哥伦比亚,中国,MEDICALBIO SAS,HEBEI RUIGE INTERNATIONAL TRADING CO LTD,CL 86 87 A 44,"KIAJIA BUILDING, QIAOXI ZONE, SHIJI",,,,CHINA,,,,9022140000,"DO BOGI0235487-001 PEDIDO TRAMITE: HEBEI2 DECLARACION(1-1) MEDICALBIO SAS,. MERCANCIA NUEVA, NO APLICA REGISTRO DE IMPORTACION SEGUN DECRETO 0925 DEL 2013 ,; FACTURA: RG-CO20250519. FECHA: 2025-05-23 MAQUINA DE RAYOS X IRAY TECHNOLOGY REFERENCIA: SIN REFERENCIA PRODUCTO: DETECTOR PLANO DE RAYOS X / MARCA COMERCIAL: IRAY TECHNOLOGY TAICANG LTD / MODELO: MARS1717V-VSI, SERIAL: FV36Z011H816240115X, USO O DESTINO: EQUIPOS DE RADIOGRAFIA DE GAMA ALTA Y RAYOS X PARA USO EXCLUSIVO EN MEDICINA VETERINARIA, TECNICA DE DIAGNOSTICO: RAYOS X, VIENE CON PARTES Y ACCESORIOS PARA NORMAL INSTALACION YFUNCIONAMIENTO: VET SOFTWARE / CANT (1) UNIDADES (ITEM 1)",,1.0,NUMERO DE ARTICULOS,5.0,5740.0,,,
2025-06-18,秘鲁,中国,IMAGEN TOTAL S A C,,JR. ANTONIO KETIN VIDAL HERRE MZA. F1 LOTE. 15 URB. HONOR Y LEALTAD (JR ANTONIO KETIN VIDAL HERRERA) ,,,,,"CHINA, PEOPLE'S REPUBLIC OF",,Hong Kong,,9022140000,"EQUIPO DE RAYOS X VETERINARIO,SIUI,SR-8210S VET, X RAY UNIT WITH SMART X IPEN 0441-25-IPEN/OTAN VIGENCIA 03/09/2025 EQUIPO DE RAYOS X PARA USO VETERINARIO SERIE XAM32P250204R CON ACCESORIOS PARA SU FUNCIONA EQUIPO DE RAYOS X PARA USO VETERINARIO CON SUS ACCESORIOS POLIETILENO DE ALTA DENSIDAD FIBRA DE VIDRIO , CABLES, PARTES INTERNAS ELECTRONICAS",,1.0,UNITS,21.8,5737.5,,,
2025-05-09,印度,中国,CARESTREAM HEALTH INDIA PRIVATE LIMITED,CARESTREAM HEALTH HK HOLDING LTD,"SUNTECK CENTRE,1ST FLOOR,NR.GARWARE SUBHASH ROAD,VILE PARLE(E) ",,,,,CHINA,,Shanghai,SAHAR AIR CARGO ACC (INBOM4),90221490,6709554 DR LLI AUTO-STITCHING FOR INDIA (FOR DRX-EVOLUTION SYSTEM)6709554 DR LLI AUTO-STITCHING FOR INDIA (FOR DRX-EVOLUTION S,,50.0,NOS,0.0,5686.2102,RJJDBYKEOG66A,,
2025-05-20,厄瓜多尔,中国,VASCONEZ ZAMBRANO JUAN FRANCISCO,MEDSINGLONG CO LTD,,,,,,CHINA,,,,9022140000,MAQUINA DE RAYOS X VETERINARIO PORTATIL,,2.0,U,30.0,5446.518,,,MEDSINGLONG CO LTD
2025-09-13,卢旺达,中国,SYGNIFIC COMPANY LIMITED,MAJESTIC WORKSHOPS AND TOOLS TRADING,,,,,,China,Rwanda,,,90221400,"OTHER APPARATUS BASED ON THE USE OF XRAYS????, FOR MEDICAL,""",,1.0,NMB,232.0,5444.7264,,,
2025-01-30,亚美尼亚,中国,MARG PHARMACY LLC,SHENZHEN LANMAGE MEDICAL TECHNOLOGY CO LTD,,,,,,China (CN),Armenia (AM),,,90221400000,DIGITAL X-RAY SYSTEM (KEEN RAY DR50M) PART WITHOUT MARK,,1.0,ՀԱՏ,25.0,5403.21,,,
2025-07-31,菲律宾,中国,ALTA GLOBAL SERVICES INC,TDS SEAEVER EXHIBITION SERVICE CO,3 STA. AGUEDA AVE. PASCOR DRIVE STO. NINOPARANAQUE CITY 1700PHILIPPINES,,,,,CHINA,,,,90221400000,VETERINARY DIGITAL X RAY MACHINE BRAND YSENMED MODEL YSDR-VET320 SN 20250528 (EXHIBITION GOODS DISPLAY FOR PHIL MEDICAL EXPO 2025) QTY1,,1.0,UNKNOWN,183.0,5317.39,NSAMNN5817996V,,
2025-03-31,印度,中国,TRIVITRON HEALTHCARE PRIVATE LIMITED,SUZHOU POWERSITE ELECTRIC CO LTD,"NO.15,4TH STREET,  ABHIRAMAPURAM, ",,,,,CHINA,,HANG ZHOU,SAHAR AIR CARGO ACC (INBOM4),90221410,PSG-HRS40 ENERGY STORAGE X-RAY HIG FREQUENCY HIG VOLTAGE GENERATOR ASSEMBLYPSG-HRS40 ENERGY  STORAGE X-RAY HIG FREQUENCY HIG VOLTAGE G,,2.0,SET,0.0,5306.7697,ZS7C5W61DG77N,,
2025-05-29,印度,中国,PROGNOSYS MEDICAL SYSTEMS PRIVATE LIMITED,NEUSOFT MEDICAL SYSTEMS CO LTD,"NO.249, 4TH MAIN ROAD,  CHAMARAJPET, ",,,,,CHINA,,Shanghai,BANGALORE,90221410,DIAGNOSTIC X-RAY HIGH VOLTAGE GENERATOR (LUNAR-65-RF) DIAGNOSTIC X-RAY HIGH VOLTAGE GENERATOR (LUNAR-65-RF),,1.0,NOS,0.0,5228.2624,JQ3XK52KWXGOY,,
2025-08-21,厄瓜多尔,中国,MONTOYA BERSOSA TAILY LUISANA,VAUDEL INTERNATIONAL LTD,,,,,,CHINA,,,,9022140000,WIRELESS FLAT PANEL DETECTOR,,1.0,U,7.0,5153.39,,,YSENMED
2025-02-13,哥伦比亚,中国,GSMED S A S,IRAY TECHNOLOGY COMPANIA LTD,KR 69 25 B 44 OF 614,"NO. 2, CAOHEJING RD. HAICHANG STREE",,,,CHINA,,,,9022140000,DO N068-25 DECLARACION(1-1) // NO REQUIERE REGISTRO DE IMPORTACION SEGUN DECRETO 925 DE 2013 // ESTOS PRODUCTOS NO REQUI,,1.0,NUMERO DE ARTICULOS,8.0,5149.02,,,
2025-01-21,尼日利亚,中国,ELOO BUSINESS ENTERPRISES,BEING TECHNOLOGY CO LTD,,,,,,China,,,PORT HARCOURT(3) Onne,9022140000,"Apparatus based on the use of X-rays or of alpha, betaused for medical, surgical .",,0.0,,651.0,5148.58,,,
2025-04-12,秘鲁,中国,IMAGEN TOTAL S A C,,JR. ANTONIO KETIN VIDAL HERRE MZA. F1 LOTE. 15 URB. HONOR Y LEALTAD (JR ANTONIO KETIN VIDAL HERRERA) ,,,,,"CHINA, PEOPLE'S REPUBLIC OF",,Hong Kong,,9022140000,"EQUIPO DE RAYOS X VETERINARIO,SIUI,SR-8210S VET, X RAY UNIT WITH SMART X IPEN 0304-25-IPEN/OTAN VIGENCIA 09/07/2025 EQUIPO DE RAYOS X PARA USO VETERINARIO SERIE XAM32P250203R CON ACCESORIOS PARA SU FUNCIONA EQUIPO DE RAYOS X PARA USO VETERINARIO CON SUS ACCESORIOS POLIETILENO DE ALTA DENSIDAD FIBRA DE VIDRIO , CABLES, PARTES INTERNAS ELECTRONICAS",,1.0,UNITS,18.02,5109.84,,,
2025-05-02,菲律宾,中国,PRINCE VALIANT INTERNATIONAL CORP,GUANGZHOU YUESHEN MEDICAL EQUIPMENT,PVIC BLDG LOT 4E LUCKY HOMES SUBD BRGY BALABAGO JAROILOILO 5000PHILIPPINES,,,,,CHINA,,,,90221400000,YSDR Veterinary digital X ray machine,,1.0,PIECE,226.0,5105.18,CMNL2504111,,
2025-04-21,哥伦比亚,中国,ROYAL PLUS TECHNOLOGIES S A S,IRAY GROUP,KR 27 68 60,NO. 2 CAOHEJING RD.,,,,CHINA,,,,9022140000,"DO 2515448-2. DECLARACION(1-1). MERCANCIA NUEVA. NOS ACOGEMOS AL DECRETO 1881 DE 2021, MINISTERIO DE COMERCIO, INDUSTRIA",,1.0,NUMERO DE ARTICULOS,9.8,5028.66,,,
2025-04-01,巴西,中国,GE HEALTHCARE DO BRASIL COMERCIO E SERVICOS PARA EQUIPA,BEIJING GE HUALUN MEDICAL EQUIPMENT CO LTD,MG,,,,,China (CN),,,,90221419,"APARELHOS DE RAIOS X E APARELHOS QUE UTILIZEM AS RADIAçõES ALFA, BETA OU GAMA, MESMO PARA USOS MéDICOS, CIRúRGICOS, ODONTOLóGICOS OU VETERINáRIOS, INCLUíDOS OS APARELHOS DE RADIOFOTOGRAFIA OU DE RADIOTERAPIA, OS TUBOS DE RAIOS X E OUTROS DISPOSITIVOS GERA|BENS DE CAPITAL (EXCETO EQUIPAMENTOS DE TRANSPORTE)|PRODUTOS MANUFATURADOS|FABRICAçãO DE EQUIPAMENTOS DE IRRADIAçãO, ELETROMéDICOS E ELETROTERAPêUTICOS|APARELHOS DE RAIOS X P/USO MEDICO,CIRURGICO OU VETERIN.",,7.0,UNID.,36.0,4996.0,,,
2025-09-29,乌干达,中国,FIRM MEDICAL SUPPLIES LTD,YIWU WAKANDA MEDICAL INSTRUMENT CO LTD,,,,,,China (CN),,,,90221400000,"X-rays apparatus, medical/surgical/veterinary use nes",,4.0,Number,2491.0,4978.4,,,
2025-10-03,乌干达,中国,FIRM MEDICAL SUPPLIES LTD,YIWU WAKANDA MEDICAL INSTRUMENT CO LTD,,,,,,China (CN),,,,90221400000,"X-rays apparatus, medical/surgical/veterinary use nes",,4.0,Number,2491.0,4968.0,,,
2025-08-23,印度,中国,TRIVITRON HEALTHCARE PRIVATE LIMITED,SUZHOU POWERSITE ELECTRIC CO LTD,"NO.15,4TH STREET,  ABHIRAMAPURAM, ","BUILDING 5, NO.188 FUCHUNJIANG ROAD , SUZHOU NEW DISTRICT 215151 SUZHOU , PEOPLE'S REPUBLIC OF CHINA CHINA",,,,China (CN),,Zhengzhou,,90221410,PSG-RF80L  DYNAMIC DR HIGH VOLTAGE GENERATOR PSG-RF80L  DYNAMIC DR HIGH VOLTAGE GENERATOR,,1.0,NOS,0.0,4948.05,,,
2025-02-18,哥伦比亚,中国,MEDICALBIO SAS,HEBEI RUIGE INTERNATIONAL TRADING CO LTD,CL 86 87 A 44,"KIAJIA BUILDING, QIAOXI ZONE, SHIJI",,,,CHINA,,,,9022140000,"DO BOGI0230798-001 PEDIDO TRAMITE: 002-25 DECLARACION(1-1) MEDICALBIO SAS,. MERCANCIA NUEVA, NO APLICA REGISTRO DE IMPOR",,1.0,NUMERO DE ARTICULOS,10.0,4905.0,,,
2025-08-06,印度,中国,ALLENGERS MEDICAL SYSTEMS LIMITED,WEANSA SOLUTIONS SDN BHD,"SCO-212-214, SECTOR 34-A,  N/A","T1-LG-C, BOULEVARD SUBANG JAYA JALAN SS12/1 WANGSA BAIDURI 47500 SUBAN JAYA SELANGOR MALAYSIA ,K/ATT MALAYSIA",,,,"Taiwan,China (TW)",,KUALA LUMPUR,,90221490,RE-IMPORT AFTER REJECTION FLAT PANEL DETECTOR (SR.NO.-BA0124A017) (PARTS OF THE FLY DR MACHINE) (FOC)RE-IMPORT AFTER REJECTION - HF 59R C-ARM MACHINE FLAT PANEL,,1.0,NOS,0.0,4900.59,,,
2025-07-01,巴西,中国,IMX INDUSTRIA E COMERCIO LTDA,YIAN MEDICAL TECHNOLOGY HAINING CO LTD,,,,,,,,,ITAJAI,90221419,"APARELHOS DE RAIOS X E APARELHOS QUE UTILIZEM AS RADIAçõES ALFA, BETA OU GAMA, MESMO PARA USOS MéDICOS, CIRúRGICOS, ODONTOLóGICOS OU VETERINáRIOS, INCLUíDOS OS APARELHOS DE RADIOFOTOGRAFIA OU DE RADIOTERAPIA, OS TUBOS DE RAIOS X E OUTROS DISPOSITIVOS GERA",,1.0,UNITY,185.0,4900.0,,,
2025-05-06,智利,中国,CARDIOTEC VASCULAR LIMITADA,,,,,,,CHINA,,MIAMI,Aeropuerto comodoro arturo merino ,90221419,LOS DEMAS,,1.0,UNIDADES,74.7,4866.62,J449X2GCCQX,,
2025-02-10,加纳,中国,COSTLESS VENTURES,NINGBO JOYCARE MEDICAL SUPPLIER,,,,,,China,,,,9022140000,OXYGEN CONCENTRATOR,,0.0,,1700.0,4820.0,MEDUYP894668,,
2025-06-23,埃塞俄比亚,中国,ABDU KASSAW MOHAMMED,,,,,,,China,,,,90221400,"-- Other, for medical, surgical or veterinary uses",,300.0,UNT,1921.0,4766.02,,,
2025-03-10,智利,中国,,,,,,,,CHINA,,Other Ports Of United States,Aeropuerto comodoro arturo merino ,90221490,DE LOS UTILIZADOS ENUSO MEDICO.,,7.0,UNIDADES,60.46,4738.15,4977858314,,INHALANBRICO PARA SISTEMA DE RAYOS X
2025-10-04,印度,中国,STAR NUKE CONSULTING ENGINEERING SERVICES PRIVATE,SUZHOU POWERSITE ELECTRIC CO LTD,,"BUILDING 5 NO. 188 FUCHUNJIANG RD SND SUZHOU, CHINA",,,,China (CN),,Shanghai,,90221410,X-RAY GENERATOR MODEL: PSG-HRS50RS5 WITH ACCESSORIES (PART FOR X-RAY EQUIPMENT)X-RAY,,2.0,PCS,0.0,4732.74,,,
2025-06-17,哥伦比亚,中国,MEDICALBIO SAS,HEBEI RUIGE INTERNATIONAL TRADING CO LTD,CL 86 87 A 44,"KIAJIA BUILDING, QIAOXI ZONE, SHIJI",,,,CHINA,,,,9022140000,"DO BOGI0235486-001 PEDIDO TRAMITE: HEBEI1 DECLARACION(1-1) MEDICALBIO SAS,. MERCANCIA NUEVA, NO APLICA REGISTRO DE IMPOR",,1.0,NUMERO DE ARTICULOS,16.0,4610.0,,,
2025-06-17,哥伦比亚,中国,MEDICALBIO SAS,HEBEI RUIGE INTERNATIONAL TRADING CO LTD,CL 86 87 A 44,"KIAJIA BUILDING, QIAOXI ZONE, SHIJI",,,,CHINA,,,,9022140000,"DO BOGI0235486-001 PEDIDO TRAMITE: HEBEI1 DECLARACION(1-1) MEDICALBIO SAS,. MERCANCIA NUEVA, NO APLICA REGISTRO DE IMPORTACION SEGUN DECRETO 0925 DEL 2013 ,; FACTURA: RG-CO20250519 FECHA: 2025-05-23 MAQUINA DE RAYOS X IRAYTECHNOLOGY REFERENCIA: SIN REFERENCIA PRODUCTO: MAQUINA DE RAYOS X / MARCA COMERCIAL: IRAY TECHNOLOGY / MODELO: NO APLICA, SERIAL: HA07031100521252002, USO O DESTINO: PARA USO EXCLUSIVO EN MEDICINA VETERINARIA EN BOVINOS, CABRINOS CANINOS Y FELINOS, TECNICA DE DIAGNOSTICO: RAYOS X / CANT (1) UNIDADES (ITEM 1)",,1.0,NUMERO DE ARTICULOS,16.0,4610.0,,,
2025-07-31,阿根廷,中国,DLFL IMPORT S R L S R L,,,,,,,China,,,,90221490900,"LOS DEMAS. LOS DEMAS, PARA USO MEDICO, QUIRURGICO O VETERINARIO. APARATOS DE RAYOS X Y APARATOS QUE UTILICEN RADIACIONES ALFA, BETA GAMMA O DEMAS RADIACIONES IONIZANTES, INCLUSO PARA USO MEDICO, QUIRURGICO, ODONTOLOGICO O VETERINARIO, INCLUIDOS LOS APARATOS DE RADIOGRAFIA O RADIOTERAPIA, TUBOS DE RAYOS X Y DEMAS DISPOSITIVOS GENERADORES DE RAYOS X, GENERADORES DE TENSION, CONSOLAS DE MANDO, PANTALLAS, MESAS, SILLONES Y SOPORTES SIMILARES PARA EXAMEN O TRATAMIENTO. INSTRUMENTOS Y APARATOS DE OPTICA, FOTOGRAFIA O CINEMATOGRAFIA, DE MEDIDA, CONTROL O PRECISION; INSTRUMENTOS Y APARATOS MEDICOQUIRURGICOS; PARTES Y ACCESORIOS DE ESTOS INSTRUMENTOS O APARATOS. 1717XV",,1.0,Unidades,11.0,4560.0,,,VENU
2025-04-10,喀麦隆,中国,ADVENTIS & COMPANY SARL,YUANYUAN IMPORT & EXPORT CO LTD,,,,,,Chine,Cameroun,,,902214000000,DIGITAL X-RAY SYSTEM,,1.0,KGM,450.0,4516.4924,,,
2025-02-07,加纳,中国,COSTLESS VENTURES,NINGBO JOYCARE MEDICAL SUPPLIER,,,,,,China,,,,9022140000,VITAL SIGNS  MONITOR,,0.0,,475.0,4500.0,MEDUGS946762,,
2025-01-27,孟加拉国,中国,METH INTERNATIONAL,HENGSHUI JUNRUI GENERAL TRADING CO,"15/2, Topkhana Road, BMA Bhaban",,,,,CN,,,,90221400,MOBILE X-RAY 300MA M: Z-300MB STD. ACC.,,1.0,,130.0,4500.0,,,
2025-02-20,加纳,中国,J PHARMA SERVICES LIMITED,MINFOUND MEDICAL SYSTEMS CO LTD,,,,,,China,,,,9022140000,CKD X-RAY COMPUTED TOMOGRAPHY SYSTEM INJECTOR WITH ACCESSORIES,,0.0,,5474.0,4500.0,247106411,,
2025-01-27,孟加拉国,中国,METH INTERNATIONAL,HENGSHUI JUNRUI GENERAL TRADING CO,"15/2, Topkhana Road, BMA Bhaban",,,,,China,,,,90221400,MOBILE X-RAY 300MA M: Z-300MB STD. ACC.,,1.0,NMB,130.0,4500.0,,,
2025-10-23,亚美尼亚,中国,HAIK MELIKYAN PERSONAL ID,NANJING AUTO MEDICAL EQUIPMENT CO LTD,,,,,,China (CN),Armenia (AM),,,90221400000,VETERINARY X-RAY DEVICE X01,,1.0,ՀԱՏ,20.8,4476.58,,,
2025-06-22,亚美尼亚,中国,YERMED LLC,SHANGHAI BOJIN ELECTRIC INSTRUMENT&DEVICE CO LTD,,,,,,China (CN),Armenia (AM),,,90221400000,Portable medical X-ray machine BJI-2J2,,1.0,ՀԱՏ,13.0,4457.16,,,
2025-03-14,乌拉圭,中国,APESUR SOCIEDAD ANONIMA,,,,,,,Republica Popular de China,,,,9022141990,"LOS DEMAS. DE DIAGNOSTICO. LOS DEMAS, PARA USO MEDICO, QUIRURGICO O VETERINARIO. APARATOS DE RAYOS X Y APARATOS QUE UTILICEN RADIACIONES ALFA, BETA GAMMA O DEMAS RADIACIONES IONIZANTES, INCLUSO PARA USO MEDICO, QUIRURGICO, ODONTOLOGICO O VETERINA",,1.0,Unidad (C/U),56.0,4430.0,,,
2025-03-24,智利,中国,,,,,,,,CHINA,,Callao,Valparaiso,90221490,LOS DEMAS APARATOS PARA USO VETERINARIO,,2.0,UNIDADES,1044.0,4375.75,)025F517097(H)LGZSTA25109302SZ,,
2025-07-31,菲律宾,中国,ALTA GLOBAL SERVICES INC,TDS SEAEVER EXHIBITION SERVICE CO,3 STA. AGUEDA AVE. PASCOR DRIVE STO. NINOPARANAQUE CITY 1700PHILIPPINES,,,,,CHINA,,,,90221400000,MOBLIE X RAY MACHINE BRAND YSENMED MODEL YSX-MDR32B SN CE032A010H21925015 (EXHIBITION GOODS DISPLAY FOR PHIL MEDICAL EXPO 2025) QTY 1,,1.0,UNKNOWN,250.0,4253.91,NSAMNN5817996V,,
2025-01-29,加纳,中国,CROWN HEALTHCARE 2024 LTD,SHANGHAI CHANNELMED IMPORT & EXPORT CO LTD,,,,,,China,,,,9022140000,ULTRASOUND GEL 5LTR,,0.0,,5000.0,4250.0,SHWL40475600,,
2025-09-23,秘鲁,中国,,,,,,,,"CHINA, PEOPLE'S REPUBLIC OF",,MIAMI,,9022140000,"EQUIPO DE RAYOS X, EGRETMED, MSLAB1127 APLICACION: USO VETERINARIO, PRODUCCION: JULIO DE 2025, DURACION: DIEZ ANOS PORTATIL VETERINARIO * 5,6 KW, SN: 08462507014",,1.0,SET OF PARTS,32.86,4240.82,,,
2025-09-23,秘鲁,中国,,,,,,,,"CHINA, PEOPLE'S REPUBLIC OF",,MIAMI,,9022140000,"EQUIPO DE RAYOS X, EGRETMED, MSLPX15 APLICACION: USO VETERINARIO, PRODUCCION: AGOSTO DE 2025, DURACION: DIEZ ANOS PORTATIL VETERINARIO * 5,3 KW, SN: DTXR-5ZREB2507KMK",,1.0,SET OF PARTS,32.86,4240.82,,,
2025-09-23,秘鲁,中国,,,,,,,,"CHINA, PEOPLE'S REPUBLIC OF",,MIAMI,,9022140000,"EQUIPO DE RAYOS X, EGRETMED, MSLAB1127 APLICACION: USO VETERINARIO, PRODUCCION: JULIO DE 2025, DURACION: DIEZ ANOS PORTATIL VETERINARIO * 5,6 KW, SN: 08462507009 CREDITO 90 DIAS FECHA DE FACTURA",,1.0,SET OF PARTS,32.86,4240.82,,,
2025-07-14,哥伦比亚,中国,INVERSIONES RODRIGUEZ CASTANEDA SAS,TOOTOO MEDITECH CO LTD,KR 7 180 75 LC 21 22 MOD 3,ROOM 2401 BUILDING 3A INTELLIGENT,,,,CHINA,,,,9022140000,"DO BOGI25034985. PEDIDO TRAMITE: PED VVG-25 390. DECLARACION(6-7). MERCANCIA NUEVA, NOS ACOGEMOS AL DECRETO 0925 DE MA",,1.0,NUMERO DE ARTICULOS,65.0,4234.65,,,
2025-03-01,巴西,中国,PHILCO ELETRONICOS SA,GD TCL INTELLIGENT HEATING VENTILATING EQUIPMENT CO LTD,SC,,,,,China (CN),,,,90221419,"APARELHOS DE RAIOS X E APARELHOS QUE UTILIZEM AS RADIAçõES ALFA, BETA OU GAMA, MESMO PARA USOS MéDICOS, CIRúRGICOS, ODONTOLóGICOS OU VETERINáRIOS, INCLUíDOS OS APARELHOS DE RADIOFOTOGRAFIA OU DE RADIOTERAPIA, OS TUBOS DE RAIOS X E OUTROS DISPOSITIVOS GERA",,3.0,UNID.,92.0,4210.0,,,
2025-08-12,哥伦比亚,中国,INVERSIONES RODRIGUEZ CASTANEDA SAS,SHENZHEN BROWINER TECH CO LTD,KR 7 180 75 LC 21 22 MOD 3,"ROOM 501, BUILDING C, GANGHONGJI",,,,CHINA,,,,9022140000,"DO BOGI25035348. PEDIDO TRAMITE: VVG-25 / 452. DECLARACION(1-1). MERCANCIA NUEVA, LOCALIZADA EN ABC STORAGE S.A.S, ZONA FRANCA BOGOTA, NOS ACOGEMOS AL DECRETO 0925 DE MAYO 09 DE 2013, NO REQUIERE PRESENTACION DE REGISTRO DE IMPORTACION. FACTURA COMERCIAL:BWXS-PX05-202507-01003-LO1 CON FECHA 2025-07-15. PRODUCTO: SISTEMA DE RADIOGRAFIA DIGITAL PORTATIL (GENERADOR DE RAYOS X). MARCA: BROWINER. MODELO: BEATLE-06P1. REFERENCIA: BEATLE-06P1 VET-S. SERIAL: BRW148202507001. USO O DESTINO: VETERINARIO. TECNICA DE DIAGNOSTICO: RAYOS X. OTROS DATOS: VETERINARY PORTABLE DIGITAL RADIOGRAPHY SYSTEM.//INCLUYE TODOS LOS ACCESORIOS PARA NORMAL INSTALACION Y FUNCIONAMIENTO. CANT (1) UNIDADES PEDIDO ITEM: VVG-25 / 452. (ITEM 1)",,1.0,NUMERO DE ARTICULOS,20.0,4200.0,,,
2025-02-07,菲律宾,中国,VETERINARY ANIMAL IDENTIFICATION DEVICE,SHENZHEN LOHAS MEDICAL DEVICES,"DEVICE INC. GF AMAREMCA BLDG 107A KALAYAAN AVENUE BRGY. CENTRAL, QUEZON CITY",,,,,CHINA,,,,90221400000,"VETERINARY DIGITAL RADIOGRAPHY SYSTEM, 1 SET",,1.0,PIECE,360.0,4173.4,SITSKMSG593035,,
2025-09-18,乌干达,中国,FIRM MEDICAL SUPPLIES LTD,YIWU WAKANDA MEDICAL INSTRUMENT CO LTD,,,,,,China (CN),,,,90221400000,"X-rays apparatus, medical/surgical/veterinary use nes",,4.0,Number,2491.0,4064.0,,,
2025-07-11,秘鲁,中国,INGENIERIA Y EQUIPAMIENTO TECNOLOGICO SAC,,,,,,,"CHINA, PEOPLE'S REPUBLIC OF",,SHANGHAI,,9022140000,"EQUIPO DE RAYOS X PORTATIL VETERINARIO, GUANGXI DAOJI MEDICAL, PX19VET VETERINARY X-RAY UNIT PX19VET // SERIE: F056RE5F7F SISTEMA PARA LA VISUALIZACION DE IMAGENES RADIOGRAFICAS VETERINARIAS EQUIPO GENERADOR VETERINARIO DE RAYOS X PORTATIL EQUIPO ELECTRONICO//AUTORIZACION DE IMPORTACION NRO:0526-25-IPEN/OTAN,INCLUYE ACCESORIOS P",,1.0,UNITS,54.99,4018.76,,,
2025-10-09,巴基斯坦,中国,FUJIFILM PAKISTAN PRIVATE LIMITED,FUJIFILM HEALTHCARE ASIA PACIFIC PTE LTD,"37-D, Block 6, PECHS Society, Karachi, Karachi East","10 NEW INDUSTRIAL ROAD, FUJIFILM BUILDING SINGAPORE 536201 , CNSHA ,",,,,China,,Shanghai,KAPS,90221400,"MEDICAL EQUIPMENT AND ACCESSORIES (IP CASSETE, IP CAS-CC BW -PB 24x30CM) QTY: 30SET NET WT: 27.30KGS",,30.0,u,1240.0,3935.033,QDAS25080080,,
2025-10-26,亚美尼亚,中国,DIEN LLC,SHENZHEN LANMAGE MEDICAL TECHNOLOGY CO LTD,,,,,,China (CN),Armenia (AM),,,90221400000,X-RAY DEVICE KEEN RAY DR 50M,,1.0,ՀԱՏ,30.0,3933.98,,,
2025-10-09,巴基斯坦,中国,FUJIFILM PAKISTAN PRIVATE LIMITED,FUJIFILM HEALTHCARE ASIA PACIFIC PTE LTD,"37-D, Block 6, PECHS Society, Karachi, Karachi East","10 NEW INDUSTRIAL ROAD, FUJIFILM BUILDING SINGAPORE 536201 , CNSHA ,",,,,China,,Shanghai,KAPS,90221400,"MEDICAL EQUIPMENT AND ACCESSORIES (IP CASSETE, IP CAS-CC BW -PB 24x30CM) QTY: 30SET NET WT: 27.30KGS",,30.0,u,1240.0,3925.0371,QDAS25080080,,
2025-06-20,哥斯达黎加,中国,SADRAC VARGAS RIOS,,,,,,,TAIWAN,,,,902214000020,APARATO DE RAYOS X PARA USO VETERINARIO,,1.0,Unidad (c/u),382.29,3862.63,,,YSENMED                                                               
2025-08-01,印度,中国,ALLENGERS MEDICAL SYSTEMS LIMITED,OOO NEOM TECHNOMED ALLIANCE,"SCO-212-214, SECTOR 34-A,  N/A","KHUSNI OBOD MF J 2 MAVZESI 1AUJ,UZ TASHKENT, , UZBEKISTAN",,,,China (CN),,TASHKENT,,90221490,RE-IMPORT AFTER REJECTION FLAT PANEL DETECTOR (FPD-2K23030867) (PARTS HF 59R C-ARM MACHINE) (FOC)RE-IMPORT AFTER REJECTION - HF 59R C-ARM MACHINE FLAT PANEL,,1.0,NOS,0.0,3800.46,,,
2025-01-06,孟加拉国,中国,MEDINVEST LIMITED,MEDI THAILAND CO LTD BANGKOK,"Kha-151, Middle Badda (Link Road);",,,,,China,,,,90221400,X-RAY SYSTEM WITH STA: ACC:,,1.0,NMB,620.0,3800.0,,,
2025-01-06,孟加拉国,中国,MEDINVEST LIMITED,MEDI THAILAND CO LTD,"Kha-151, Middle Badda (Link Road);",. BANGKOK.,,,,CN,,,,90221400,X-RAY SYSTEM WITH STA: ACC:,,1.0,,620.0,3800.0,,,
2025-04-03,印度,中国,INSPECTION TECHNOLOGY,HUIDELIN NDT LIMITED,"504,URMILA SAHAR RD.,  ANDHERI (E) ",,,,,CHINA,,Dalian,NHAVA SHEVA SEA (INNSA1),90221490,INDUSTRIAL FLAW DETECTOR MACHINE & PARTS: Magnetic Pilot & Detetion Head/ 3SETSINDUSTRIAL FLAW DETECTOR MACHINE & PARTS:,,3.0,NOS,0.0,3742.5781,HSUMHTVG4HWZJ,,
2025-04-04,印度,中国,INSPECTION TECHNOLOGY,HUIDELIN NDT LIMITED,"504,URMILA SAHAR RD.,  ANDHERI (E) ",,,,,CHINA,,Dalian,NHAVA SHEVA SEA (INNSA1),90221490,INDUSTRIAL FLAW DETECTOR MACHINE & PARTS: Magnetic Pilot & Detetion Head/ 3SETSINDUSTRIAL FLAW DETECTOR MACHINE & PARTS:,,3.0,NOS,0.0,3695.2309,J0197B2VH0DVW,,
2025-01-29,加纳,中国,CROWN HEALTHCARE 2024 LTD,SHANGHAI CHANNELMED IMPORT & EXPORT CO LTD,,,,,,China,,,,9022140000,POLYGLACTIN SUTURES 2 RB 40MM 1/2 CIRCLE,,0.0,,70.0,3690.0,ONEYSH4FD3149600,,
2025-01-30,加纳,中国,CROWN HEALTHCARE 2024 LTD,SHANGHAI CHANNELMED IMPORT & EXPORT CO LTD,,,,,,China,,,,9022140000,BLOOD PRESSURE MACHINE ANEROID PRECISION,,0.0,,380.0,3690.0,MEDUYP829466,,
2025-04-03,印度,中国,INSPECTION TECHNOLOGY,HUIDELIN NDT LIMITED,"504,URMILA SAHAR RD.,  ANDHERI (E) ",,,,,CHINA,,Dalian,NHAVA SHEVA SEA (INNSA1),90221490,INDUSTRIAL FLAW DETECTOR MACHINE & PARTS: Pipeline Flaw Detector XXHA-1605/ 1SETINDUSTRIAL FLAW DETECTOR MACHINE & PARTS:,,1.0,NOS,0.0,3663.3702,HSUMHTVG4HWZJ,,
2025-07-11,多民族玻利维亚国,中国,IMMEDICA S R L,IRAY GROUP,"CHICHAPI, 2010, FLEIG, SANTA CRUZ DE LA SIERRA, SANTA CRUZ, BOLIVIA, 3404013, immedicabolivia@gmail.com",,,,,CHINA,,,SANTA CRUZ DE LA SIERRA,9022140000,EQUIPO DE RAYOS X PORTÁTL,,1.0,,18.0,3619.33,,,IRAY OTIS LUHE
2025-04-04,印度,中国,INSPECTION TECHNOLOGY,HUIDELIN NDT LIMITED,"504,URMILA SAHAR RD.,  ANDHERI (E) ",,,,,CHINA,,Dalian,NHAVA SHEVA SEA (INNSA1),90221490,INDUSTRIAL FLAW DETECTOR MACHINE & PARTS: Pipeline Flaw Detector XXHA-1605/ 1SETINDUSTRIAL FLAW DETECTOR MACHINE & PARTS:,,1.0,NOS,0.0,3617.0249,J0197B2VH0DVW,,
2025-01-23,加纳,中国,CROWN HEALTHCARE 2024 LTD,SHANGHAI CHANNELMED IMPORT & EXPORT CO LTD,,,,,,China,,,,9022140000,Auto Hematology Analyzer,,0.0,,15.0,3600.0,ONEYCANE89808400,,
2025-01-23,加纳,中国,CROWN HEALTHCARE 2024 LTD,SHANGHAI CHANNELMED IMPORT & EXPORT CO LTD,,,,,,China,,,,9022140000,ventilator Standard Configuration with trolley,,0.0,,25.0,3600.0,ONEYCANE89808400,,
2025-03-22,印度,中国,STAR NUKE CONSULTING ENGINEERING SERVICES PRIVATE,SUZHOU POWERSITE ELECTRIC CO LTD,"PLOT NO 25,NAVKAR NAGAR,NEW SANGANER ROAD,KALYANPURA SANGANER CONTACT NO-919950041555",,,,,CHINA,,Shanghai,TUGHLAKABAD,90221410,X-RAY GENERATOR MODEL: PSG-HR80L WITH ACCESSORIES(PART FOR X-RAY EQUIPMENT)X-RAY,,1.0,PCS,0.0,3571.3805,LD2K6UFBAAFMD,,
2025-08-15,阿富汗,中国,ADHAM ELTIAM TRADING COMPANY,TRIUP INTERNATIONAL CORP,"Adham Plaza Ansari Square, Central Kabul, Kabul",,,,,China,,,,90221400,MINI MEDICAL EQUIPMENTS  X-RAY SMALL UNIT MODEL TR200B (CONTAINER IS SHIPPING COMPANY PROPERTY AND ITS RETURN BACK DESTUFF AFTER AT AFGHANISTAN),,5.0,u,6.01,3566.2427,OOLU2310476960,,
2025-08-15,阿富汗,中国,ADHAM ELTIAM TRADING COMPANY,TRIUP INTERNATIONAL CORP,"Adham Plaza Ansari Square, Central Kabul, Kabul",,,,,China,,,,90221400,MINI MEDICAL EQUIPMENTS  X-RAY UNIT MODEL TR30N-DR,,5.0,u,6.01,3566.2427,OOLU2310476960,,
2025-04-03,印度,中国,INSPECTION TECHNOLOGY,HUIDELIN NDT LIMITED,"504,URMILA SAHAR RD.,  ANDHERI (E) ",,,,,CHINA,,Dalian,NHAVA SHEVA SEA (INNSA1),90221490,INDUSTRIAL FLAW DETECTOR MACHINE & PARTS: Pipeline Flaw Detector XXHA-1005/ 1SETINDUSTRIAL FLAW DETECTOR MACHINE & PARTS:,,1.0,NOS,0.0,3559.149,HSUMHTVG4HWZJ,,
2025-01-29,加纳,中国,CROWN HEALTHCARE 2024 LTD,SHANGHAI CHANNELMED IMPORT & EXPORT CO LTD,,,,,,China,,,,9022140000,POLYGLACTIN SUTURES 1 RB 40MM 1/2 CIRCLE,,0.0,,70.0,3530.0,ONEYSH4FD3149600,,
2025-04-04,印度,中国,INSPECTION TECHNOLOGY,HUIDELIN NDT LIMITED,"504,URMILA SAHAR RD.,  ANDHERI (E) ",,,,,CHINA,,Dalian,NHAVA SHEVA SEA (INNSA1),90221490,INDUSTRIAL FLAW DETECTOR MACHINE & PARTS: Pipeline Flaw Detector XXHA-1005/ 1SETINDUSTRIAL FLAW DETECTOR MACHINE & PARTS:,,1.0,NOS,0.0,3514.1224,J0197B2VH0DVW,,
2025-01-29,加纳,中国,CROWN HEALTHCARE 2024 LTD,SHANGHAI CHANNELMED IMPORT & EXPORT CO LTD,,,,,,China,,,,9022140000,POLYGLACTIN SUTURES 2/0 RC 40MM 1/2 CIRCLE,,0.0,,70.0,3380.0,ONEYSH4FD3149600,,
2025-06-03,智利,中国,,,,,,,,CHINA,,Hong Kong,Aeropuerto comodoro arturo merino ,90221490,DE LOS UTILIZADOS EN USO MEDICO.,,7.0,UNIDADES,81.77,3328.85,045-15206483,, MEDSINGLONG-F
2025-04-21,哥伦比亚,中国,ROYAL PLUS TECHNOLOGIES S A S,IRAY GROUP,KR 27 68 60,NO. 2 CAOHEJING RD.,,,,CHINA,,,,9022140000,"DO 2515448-1. DECLARACION(1-1). MERCANCIA NUEVA. SEGUNDO Y ULTIMO PARCIAL. NOS ACOGEMOS AL DECRETO 1881 DE 2021, MINISTE",,1.0,NUMERO DE ARTICULOS,22.0,3300.24,,,
2025-02-28,乌干达,中国,GTC INTERNATIONAL LOGISTICS LTD,GUANGZHOU YANLANG INTERNATIONALIMPORT AND EXPORT TRADE CO LTD,,,,,,CHINA,UGANDA,,,90221400000,CR COMPLETE SYSTEM,,3.0,Number,270.0,3259.0001,,,
2025-03-07,乌干达,中国,GTC INTERNATIONAL LOGISTICS LTD,GUANGZHOU YANLANG INTERNATIONALIMPORT AND EXPORT TRADE CO LTD,,,,,,CHINA,UGANDA,,,90221400000,CR COMPLETE SYSTEM,,3.0,Number,270.0,3259.0001,,,
2025-04-22,乌干达,中国,EQUACARE PHARMACEUTICALS LTD,GUANGZHOU YANLANG INTERNATIONAL IMPORT & EXPORT TRADE CO LTD,,,,,,CHINA,UGANDA,,,90221400000,CR COMPLETE SYSTEM,,3.0,Number,270.0,3258.0003,,,
2025-09-17,印度,中国,PROGNOSYS MEDICAL SYSTEMS PRIVATE LIMITED,NANNING YOLONG TECHNOLOGY CO LTD,"NO.249, 4TH MAIN ROAD,  CHAMARAJPET, ",NO.2 STAND PLANT KAIDE INDUSTRIAL PARK KEYUAN EAS 12TH ROAD HIGH TECH ZONE CN,,,,China (CN),,Guangzhou,,90221410,XRAY GENERATOR 50KW POWER THREE PHASE 400V MODEL NO QF50 (TESTING PURPOSE)X RAY GENERATOR,,1.0,UNT,0.0,3257.9,,,
2025-01-30,加纳,中国,CROWN HEALTHCARE 2024 LTD,SHANGHAI CHANNELMED IMPORT & EXPORT CO LTD,,,,,,China,,,,9022140000,AUTOCLAVE LCD DISPLY WITH DRY FUNCTION  LS-100HD,,0.0,,525.0,3250.0,MEDUYP829466,,
2025-01-22,秘鲁,中国,MEDICAL IMPORT PERU S A C,,,,,,,CHINA,,MIAMI,,9022140000,"ESCANER PORTATIL,MED SING LONG,MSLFP06,",,1.0,UNIDAD,19.09,3213.49,,,
2025-01-22,秘鲁,中国,MEDICAL IMPORT PERU S A C,,,,,,,CHINA,,MIAMI,,9022140000,"ESCANER PORTATIL,MED SING LONG,MSLFP03,",,1.0,UNIDAD,19.09,3213.49,,,
2025-01-22,秘鲁,中国,MEDICAL IMPORT PERU S A C,,,,,,,CHINA,,MIAMI,,9022140000,"ESCANER PORTATIL,MED SING LONG,MSLFP06,",,1.0,UNIDAD,19.09,3213.49,,,
2025-08-04,秘鲁,中国,MEDICAL IMPORT PERU S A C,,MZA. A LOTE. 17 COO. COOPERATIVA DE VIVIENDA N,,,,,"CHINA, PEOPLE'S REPUBLIC OF",,MIAMI,,9022140000,"SCANNER PORTATIL,MED SING LONG,MSLFP06, NUMERO DE SERIE : FV36Z011H522250035X PERMISO: NO REQUIERE [CONSULTA TECNICA N? 2025001325]/SIRVE PARA ADQUIRIR IMAGENES ESCANER PORTATIL USO VETERINARIO [NUEVO] Y ENVIARLAS A UNA COMPUTADORA Y SER VISUALIZADAS Y ANALIZADAS POR VETERINARIOS",,1.0,UNITS,23.08,3208.81,,,
2025-02-10,加纳,中国,COSTLESS VENTURES,NINGBO JOYCARE MEDICAL SUPPLIER,,,,,,China,,,,9022140000,MAYO TROLLEY,,0.0,,1055.0,3200.0,MEDUYP894668,,
2025-06-30,印度,中国,PROGNOSYS MEDICAL SYSTEMS PRIVATE LIMITED,NEUSOFT MEDICAL SYSTEMS CO LTD,"NO.249, 4TH MAIN ROAD,  CHAMARAJPET, ",,,,,CHINA,,Shanghai,BANGALORE,90221410,DIAGNOSTIC X-RAY HIGH VOLTAGE GENERATOR(VENUS 32-R) (FOR MANUFACTURE OF X-RAY MACHINE)X-RAY GENERATOR,,1.0,NOS,0.0,3186.107,BJAEJEXC35LQA,,
2025-04-28,巴拿马,中国,CEDI MEDICAL PANAMA S A,ENDOFLEX GMBH,,,,,,CHINA,,,DHL PANAMA - BODEGA,902214000000,INSTRUMENTOS DE USO MEDICO,,21.0,Box (Caja),12.13,3160.67,,,
2025-08-13,哥伦比亚,中国,MEDICALBIO SAS,IRAY GROUP,CL 86 87 A 44,"NO 999, HUANQIAO ROAD, PUDONG NEW A",,,,CHINA,,,,9022140000,"MEDICALBIO SAS,. MERCANCIA NUEVA , NO APLICA REGISTRO DE IMPORTACION SEGUN DECRETO 0925 DEL 2013. MAQUINA DE RAYOS X IRAY TECHNOLOGY REFERENCIA: SIN REFERENCIA PRODUCTO: MAQUINA DE RAYOS X / MARCA COMERCIAL: IRAY TECHNOLOGY / MODELO: CANIS 5C, SERIALES: CA5101210H40725030, USO O DESTINO: PARA USO EXCLUSIVO EN MEDICINA VETERINARIA EN BOVINOS, CABRINOS CANINOS Y FELINOS, TECNICA DE DIAGNOSTICO: RAYOS X, VIENE CON PARTES Y ACCESORIOS PARA NORMALINSTALACION Y FUNCIONAMIENTO / CANT (1) UNIDAD",,1.0,NUMERO DE ARTICULOS,20.0,3139.0,,,
2025-04-10,秘鲁,中国,INNOVALITY S A C,,,,,,,"CHINA, PEOPLE'S REPUBLIC OF",,JIXIAN,,9022140000,"EQUIPO DE RAYOS X PORTATIL,IRAY TECHNOLOGY,CANIS 5C, SERIES:CA5201210H22025021 / / IPEN N¦0280-25-IPEN/OTAN FECHAS:02/04/2025 AL 01/07/2025 X-RAY TUBE,MODEL: KL10SB, S/N:NL05748 PORTABLE X-RAY MACHINE,CANIS 5C , X-RAY EQUIPMENT FOR VETERINARY -",,1.0,UNITS,17.99,3008.08,,,
2025-05-05,阿根廷,中国,MEDIFY EQUIPAMIENTO MEDICO S A,,,,,,,China,,,,90221419000,"LOS DEMAS. LOS DEMAS, PARA USO MEDICO, QUIRURGICO O VETERINARIO. APARATOS DE RAYOS X Y APARATOS QUE UTILICEN RADIACIONES ALFA, BETA GAMMA O DEMAS RADIACIONES IONIZANTES, INCLUSO PARA USO MEDICO, QUIRURGICO, ODONTOLOGICO O VETERINARIO, INCLUIDOS LOS APARATOS DE RADIOGRAFIA O RADIOTERAPIA, TUBOS DE RAYOS X Y DEMAS DISPOSITIVOS GENERADORES DE RAYOS X, GENERADORES DE TENSION, CONSOLAS DE MANDO, PANTALLAS, MESAS, SILLONES Y SOPORTES SIMILARES PARA EXAMEN O TRATAMIENTO. INSTRUMENTOS Y APARATOS DE OPTICA, FOTOGRAFIA O CINEMATOGRAFIA, DE MEDIDA, CONTROL O PRECISION; INSTRUMENTOS Y APARATOS MEDICOQUIRURGICOS; PARTES Y ACCESORIOS DE ESTOS INSTRUMENTOS O APARATOS. CANIS 5C",,1.0,Unidades,0.0,3004.2,,,IRAY TECHNOLOGY
2025-06-13,加纳,中国,FINNEY HOSPITAL AND FERTILITY CENTRE LIMITED,JIANGSU MEDWISH NETWORK TECHNOLOGY CO LTD,,,,,,China,,,,9022140000,"30 PCS  5 function electric hospital  
bed",,0.0,,20.0,3000.0,MEDUHJ190956,,
2025-02-18,哥伦比亚,中国,MEDICALBIO SAS,HEBEI RUIGE INTERNATIONAL TRADING CO LTD,CL 86 87 A 44,"KIAJIA BUILDING, QIAOXI ZONE, SHIJI",,,,CHINA,,,,9022140000,"DO BOGI0230799-001 PEDIDO TRAMITE: 002-25A DECLARACION(1-1) MEDICALBIO SAS,. MERCANCIA NUEVA, NO APLICA REGISTRO DE IMPO",,1.0,NUMERO DE ARTICULOS,20.0,2995.0,,,
2025-03-13,秘鲁,中国,SALMED EIRL,,,,,,,"CHINA, PEOPLE'S REPUBLIC OF",,MIAMI,,9022140000,"TALADRO CANULADO DE DOBLE FUNCIEN,BARDALES MEDICAL,BJJZ-1, MATERIAL ALUMINIO PARA TRAUMATOLOGIA TALADRO CANULADO DE DOBLE FUNCIËN PART NUMBER: 1103B/D",,7.0,UNITS,17.72,2989.77,,,
2025-04-10,墨西哥,中国,DISTRIBUIDORA DE EQUIPO Y SERVICIO GONZALEZ SA DE CV,SHENZHEN BROWINER TECH CO LTD,"FUENTE DE LA RANA 58 CALLE FUENTE DE LA SOTERRAAA Y CALLE FUENTE DE SAN FRANCISCO
Morelia
Michoacan
58088","SONGBAI ROAD BUILDING C GANGHONGJI HIGH-TECH INTELLIGENT INDUSTRIAL PARK
YANGGUANG COMMUNITY XILI STREET NANSHAN DISTRICT SHENZHEN

518055",,,,CHINA,,,MANZANILLO MANZANILLO COLIMA.,9022149199,VETERINARY DIGITAL RADIOGRAPHY SYSTEM MODEL XVET30 APARATO DE RAYOS X PARA USO VETERINARIO CON ACCESORIOS,,1.0,PIECE,1033.0,2989.23,,,
2025-05-29,哥伦比亚,中国,INVERSIONES RODRIGUEZ CASTANEDA SAS,TOOTOO MEDITECH CO LTD,KR 7 180 75 LC 21 22 MOD 3,ROOM 2401 BUILDING 3A INTELLIGENT,,,,CHINA,,,,9022140000,"DO BOGI25034045-2. PEDIDO TRAMITE: PED VVG-25 222. DECLARACION 1-4 . MERCANCIA NUEVA, NOS ACOGEMOS AL DECRETO 0925 DE MAYO 09 D E 2013, NO REQUIERE PRESENTACION DE REGISTRO DE IMPORTACION. PRODUCTO: EQUIPO PORTATIL DE RAYOS X. MARCA: MEDITECH TOOTOO MEDITECH. MODELO: CANIS 5C. REFERENCIA: NO TIENE. SERIAL: CA5101210H22125009 . USO O DESTINO: VETERINARIO. TECNICA DE DIAGNOSTICO: RAYOS X. OTROS DATOS: VETERINARY X RAY MACHINE CANIS 5C CON TODOS SUS ACCESORIOS PARA SU NORMAL FUNCIONAMIENTO PO: CHINACN CANT 1 UND ITEM 1",,1.0,NUMERO DE ARTICULOS,23.09,2980.43,,,
2025-10-14,菲律宾,中国,BIOSITE MEDICAL INSTRUMENTS,SHENZHEN FEIYA BIOMEDICAL TECHNOLOGY CO LTD,GRND. FLR. 555 MANGA ST. COR. LUISA ST JUNA SUBD MATINA CROSSINGTALOMO DIST. DAVAO CITY 8000PHILIPPINES,,,,,CHINA,,,,90221400000,1 UNIT VOLITION DIGITAL RADIOGRAPHY X-RAY SYSTEM PICKE 1800 DR/100 WIRED,,1.0,PIECE,228.0,2912.4501,025F780252,,
2025-01-30,加纳,中国,CROWN HEALTHCARE 2024 LTD,SHANGHAI CHANNELMED IMPORT & EXPORT CO LTD,,,,,,China,,,,9022140000,STETHOSCOPE DUAL HEAD HS-30B,,0.0,,330.0,2880.0,MEDUYP829466,,
2025-09-05,印度,中国,HOUSTON SYSTEMS PRIVATE LIMITED,SPELLMAN HIGH VOLTAGE ELECTRONICS,"L-96, GROUND FLOOR,ST. NO.-7 MAHIP  AL PUR ","(SUZHOU INDUSTRIAL PARK) CO LTD 86 JINJIANG ROAD SUZHOU , CHINA",,,,China (CN),,Shanghai,,90221410,MONOBLOCK X-RAY GENERATOR XRB160PN192X6481 (NON MEDICAL USE)(FOR BAGGAGE)MONOBLOCK X-RAY GENERATOR XRB160PN192X6481 (NON MEDICAL USE),,1.0,PCS,0.0,2839.41,,,
2025-02-10,加纳,中国,COSTLESS VENTURES,NINGBO JOYCARE MEDICAL SUPPLIER,,,,,,China,,,,9022140000,FEEDING TUBE,,0.0,,728.0,2839.08,MEDUYP894668,,
2025-02-07,加纳,中国,COSTLESS VENTURES,NINGBO JOYCARE MEDICAL SUPPLIER,,,,,,China,,,,9022140000,OXYGEN REGULATOR,,0.0,,700.0,2800.0,MEDUGS946762,,
2025-01-21,厄瓜多尔,中国,VASCONEZ ZAMBRANO JUAN FRANCISCO,MEDSINGLONG CO LTD,,,,,,CHINA,,DA CHAN BAY,,9022140000,MAQUINA DE RAYOS X VETERINARIO PORTATIL,,1.0,NUMERO DE UNIDADES,15.0,2783.22,CEC2024ZIMU5436,,MEDSINGLONG
2025-01-23,加纳,中国,CROWN HEALTHCARE 2024 LTD,SHANGHAI CHANNELMED IMPORT & EXPORT CO LTD,,,,,,China,,,,9022140000,Ecg machine Standard Configuration,,0.0,,25.0,2750.0,ONEYCANE89808400,,
2025-04-05,巴拿马,中国,CEDI MEDICAL PANAMA S A,ENDOFLEX GMBH,,,,,,CHINA,,,DHL PANAMA - BODEGA,902214000000,INTRUMENTOS MEDICOS,,43.0,Unidad,13.81,2684.03,,,
2025-07-01,巴西,中国,HOSPITAL VETERINARIO IPET LTDA,GUANGZHOU YUESHEN MEDICAL EQUIPMENT CO LTD,,,,,,,,,AEROPORTO INTERNACIONAL DE VIRACOPOS,90221490,"Other apparatus of x-rays,f/medical,surgical,veter.uses",,1.0,UNITY,15.0,2650.0,,,
2025-03-16,印度,中国,EPSILON HEALTHCARE SOLUTIONS PRIVATE LIMITED,LIAONING DTKL TECHNOLOGY CO LTD,J-4/3B FIRST FLOOR DDA FLATS  KALKAJI ,,,,,CHINA,,Beijing,DELHI AIR CARGO ACC (INDEL4),90221410,"HT TANK(PART OF 65KW GENERATOR) SR NO 65 HFD2401001,65HFD2401002,65HFD2401003 EXPORT VIDE S/B NO. 6894354 DT. 30.12.24HT TANK(PART OF 65KW GENERATOR)",,3.0,NOS,0.0,2632.1748,UBZHKXEXU6NSG,,
2025-05-28,哥伦比亚,中国,DDIGITAL SAS,MEDSINGLONG CO LTD,CL 70 52 19,"FLOOR 1ST, 4TH, 5TH, NO 85TH, 87TH,",,,,CHINA,,,,9022140000,"DO AC-187-25 ,AA GLOBAL 2025-03795,FORMATO 1 DE 1; FACTURA S ...S36919 28 04 2025;MERCANCIA NUEVA UBICADA EN GRUPO AYC INDUSTRIAL SAS ZONA FRANCA BOGOTA. MERCANCIA QUE NO REQUIERE REGISTRO DE IMPORTACION SEGUN DECRETO 0925DE 2013. 2.00 UNIDAD PRODUCTO DETECTOR DE RAYOS X PORTATIL VETERINARIO, MARCA SIN MARCA, PROVEEDOR MEDSINGLONG CO. LTD , MODELO SIN MODELO,REFERENCIA SIN REFERENCIA, USO O DESTINO LA RECEPCION DE IMAGENES SELECCIONADAS O GRAFICOS BODYPART, ESTABLECE CONDICIONES DE EXPOSICION, PUEDE SELECCIONAR DIFERENTES TAMA OS DEL CUERPO, CONTROL DE LA AEC, CONTROL DE FOCO, PANTALLA DE ESTADO, GENERADOR ADMITIR UNA VARIEDAD DE METODOS SINCRONICOSDE GENERADOR Y EL DETECTOR PARA USO VETERINARIO, TECNICA DE DIAGN STICO RAYOS X. - DETECTOR DE RAYOS X PORTATILINFORMACION EN PRODUCTO 0326030 MXP, SERIALES: CA5101210H31725006, CA5101210H31725005. INCLUYE PARTES Y ACCESORIOS PARA SU NORMAL FUNCIONAMIENTO. PAIS DE ORIGEN CHINA.",,2.0,NUMERO DE ARTICULOS,43.0,2547.15,,,
2025-10-07,厄瓜多尔,中国,VASCONEZ ZAMBRANO JUAN FRANCISCO,SHENZHEN VETOO MEDICAL TECHNOLOGY CO LTD,,,,,,CHINA,,,,9022140000,MAQUINA DE RAYOS X VETERINARIO PORTATIL,,1.0,U,15.0,2538.181,,,N/A
2025-10-07,厄瓜多尔,中国,VASCONEZ ZAMBRANO JUAN FRANCISCO,SHENZHEN VETOO MEDICAL TECHNOLOGY CO LTD,,,,,,CHINA,,,,9022140000,MAQUINA DE RAYOS X VETERINARIO PORTATIL,,1.0,U,15.0,2538.181,,,N/A
2025-01-23,加纳,中国,CROWN HEALTHCARE 2024 LTD,SHANGHAI CHANNELMED IMPORT & EXPORT CO LTD,,,,,,China,,,,9022140000,Anesthesia machine Standard Configuration,,0.0,,50.0,2500.0,ONEYCANE89808400,,
2025-03-07,加纳,中国,COSTLESS VENTURES,NANJING GREENLIFE MEDICAL EQUIPMENT ANNAN MEDICAL EQUIPMENT,,,,,,China,,,,9022140000,ESP-01 Electrosurgical Pencil,,0.0,,893.33,2500.0,ONEYSHAF00598400,,
2025-04-24,哥斯达黎加,中国,ALFA MEDICA SOCIEDAD ANONIMA,SHENZHEN CREATIVE INDUSTRY CO,,,,,,CHINA,,,,902214000010,LOS DEMAS ARTICULOS DE USO MEDICO MONITOR DE SIGNOS VITALES AIVIEW NA AIVIEW,,3.0,Unidad (c/u),16.966,2489.61,,,AIVIEW                                                                
2025-04-24,哥斯达黎加,中国,ALFA MEDICA SOCIEDAD ANONIMA,SHENZHEN CREATIVE INDUSTRY CO,,,,,,CHINA,,,,902214000010,LOS DEMAS ARTICULOS DE USO MEDICO MONITOR DE SIGNOS VITALES AIVIEW NA PC-900,,5.0,Unidad (c/u),16.966,2489.61,,,AIVIEW                                                                
2025-09-16,科特迪瓦,中国,ABB BATMED SERVICES,MINDRAY,"07 BP 116 ABIDJAN (VILLE) 07,Y",MONGKOK CHINE,,,,Chine,COTE D'IVOIRE,,,9022140000,"9022140000 - -- Appareils à rayons X pour usages médicaux, ch",,0.0,,396.0,2482.4719,,,
2025-01-30,加纳,中国,CROWN HEALTHCARE 2024 LTD,SHANGHAI CHANNELMED IMPORT & EXPORT CO LTD,,,,,,China,,,,9022140000,FIRST AID MEDICAL KIT FS-033,,0.0,,285.0,2475.0,MEDUYP829466,,
2025-01-29,加纳,中国,CROWN HEALTHCARE 2024 LTD,SHANGHAI CHANNELMED IMPORT & EXPORT CO LTD,,,,,,China,,,,9022140000,"ENDOTRACHEAL TUBES SILICONIED WITH CUFF 
3.0/3.5/4.5/5.0/5.5/6.0 EACH 500PCS 
6.5/7.0/7.5 EACH 2,000PCS",,0.0,,175.5,2421.0,ONEYSH4FD3149600,,
2025-02-25,布隆迪,中国,NICOLAS IRADUKUNDA,MAJESTIC WORKSHOPS AND TOOLS TRADING,,,,,,China,,,,90221400,OTHERAPPARATUSBASEDONTHEUSEOFXRAYS????FORMEDICAL,,1.05,NMB,200.0,2420.4469,,,
2025-01-23,加纳,中国,CROWN HEALTHCARE 2024 LTD,SHANGHAI CHANNELMED IMPORT & EXPORT CO LTD,,,,,,China,,,,9022140000,E2 Ultrasound with 2 probes :Convex Probe 3C-A . Cardi,,0.0,,100.0,2400.0,ONEYCANE89808400,,
2025-02-10,加纳,中国,COSTLESS VENTURES,NINGBO JOYCARE MEDICAL SUPPLIER,,,,,,China,,,,9022140000,UNDERPAD,,0.0,,3800.0,2400.0,MEDUYP894668,,
2025-06-01,巴西,中国,KOM IMPORTACOES LTDA,NANNING YOLONG TECHNOLOGY CO LTD,,,,,,,,,AEROPORTO INTERNACIONAL DE VIRACOPOS,90221419,"APARELHOS DE RAIOS X E APARELHOS QUE UTILIZEM AS RADIAçõES ALFA, BETA OU GAMA, MESMO PARA USOS MéDICOS, CIRúRGICOS, ODONTOLóGICOS OU VETERINáRIOS, INCLUíDOS OS APARELHOS DE RADIOFOTOGRAFIA OU DE RADIOTERAPIA, OS TUBOS DE RAIOS X E OUTROS DISPOSITIVOS GERA|BENS DE CAPITAL (EXCETO EQUIPAMENTOS DE TRANSPORTE)|PRODUTOS MANUFATURADOS|FABRICAçãO DE EQUIPAMENTOS DE IRRADIAçãO, ELETROMéDICOS E ELETROTERAPêUTICOS|APARELHOS DE RAIOS X P/USO MEDICO,CIRURGICO OU VETERIN.",,2.0,UNITY,19.0,2400.0,,,
2025-03-13,秘鲁,中国,SALMED EIRL,,,,,,,"CHINA, PEOPLE'S REPUBLIC OF",,MIAMI,,9022140000,"PIEZA DE MANO MULTIFUNCIEN,BARDALES MEDICAL,BJJZ-1, MATERIAL ALUMINIO PARA TRAUMATOLOGIA PIEZA DE MANO MULTIFUNCIËN PART NUMBER: BJ4200",,2.0,UNITS,13.91,2346.17,,,
2025-04-24,哥斯达黎加,中国,ALFA MEDICA SOCIEDAD ANONIMA,SHENZHEN CREATIVE INDUSTRY CO,,,,,,CHINA,,,,902214000010,LOS DEMAS ARTICULOS DE USO MEDICO MONITOR DE SIGNOS VITALES AIVIEW NA AIVIEW,,3.0,Unidad (c/u),15.835,2323.64,,,AIVIEW                                                                
2025-01-23,加纳,中国,CROWN HEALTHCARE 2024 LTD,SHANGHAI CHANNELMED IMPORT & EXPORT CO LTD,,,,,,China,,,,9022140000,Anesthesia machine Standard Configuration,,0.0,,40.0,2300.0,ONEYCANE89808400,,
2025-01-15,印度,中国,EPSILON HEALTHCARE SOLUTIONS PRIVATE LIMITED,SUZHOU POWERSITE ELECTRIC CO LTD,J-4/3B FIRST FLOOR DDA FLATS  KALKAJI ,,,,,CHINA,,SHENZHEN,ICD PATPARGANJ,90221490,"PSM-PD5, 6ES2 COMBINED HIGH FREQUENCY X-RAY SOURCE ASSEMBLYKL10-0.6/1.8-125 (TESTING PURPOSE) AERB NO 24-PROC-1233651 DPSM-PD5, 6ES2 COMBINED HIGH FREQUENCY X-RAY SOURCE ASSEMBLY",,1.0,NOS,0.0,2284.8997,NPHNISYNDB6O0,,
2025-01-29,加纳,中国,CROWN HEALTHCARE 2024 LTD,SHANGHAI CHANNELMED IMPORT & EXPORT CO LTD,,,,,,China,,,,9022140000,Baby Incubator A200 Air/Humidity/Skin Temp /Cabinet (YP-90A),,0.0,,75.0,2250.0,SHWL40473700,,
2025-01-29,加纳,中国,CROWN HEALTHCARE 2024 LTD,SHANGHAI CHANNELMED IMPORT & EXPORT CO LTD,,,,,,China,,,,9022140000,STETHOSCOPES NURSE TYPE PRECISION,,0.0,,550.0,2250.0,SHWL40473700,,
2025-01-30,加纳,中国,CROWN HEALTHCARE 2024 LTD,SHANGHAI CHANNELMED IMPORT & EXPORT CO LTD,,,,,,China,,,,9022140000,ULTRASOUND PAPER UPP-110HG,,0.0,,150.0,2250.0,MEDUYP829466,,
2025-06-11,印度,中国,PD ENGINEERING INSPECTION SERVICES,DANDONG AOLONG RADIATIVE INSTRUMENT,N/A N/A,,,,,CHINA,,Hong Kong,DELHI AIR CARGO ACC (INDEL4),90221410,X RAY  DETECTOR MODEL NO XXQ 2005 ( INDUSTRIAL METAL DETECTOR)X RAY,,1.0,SET,0.0,2219.7746,58VRHR48175QQ,,
2025-01-23,加纳,中国,CROWN HEALTHCARE 2024 LTD,SHANGHAI CHANNELMED IMPORT & EXPORT CO LTD,,,,,,China,,,,9022140000,Ecg machine Standard Configuration,,0.0,,10.0,2200.0,ONEYCANE89808400,,
2025-10-07,乌干达,中国,RAZA MEDIPAK INVESTMENTS LTD,GUANGZHOU YANLANG INTERNATIONAL EXPORT,,,,,,China (CN),,,,90221400000,"X-rays apparatus, medical/surgical/veterinary use nes",,2.0,Number,867.0,2200.0,,,
2025-01-23,加纳,中国,CROWN HEALTHCARE 2024 LTD,SHANGHAI CHANNELMED IMPORT & EXPORT CO LTD,,,,,,China,,,,9022140000,HD350 ENDOSCOPY SYSTEM with:HD-350 Image Processor,,0.0,,100.0,2200.0,ONEYCANE89808400,,
2025-10-13,乌干达,中国,RAZA MEDIPAK INVESTMENTS LTD,GUANGZHOU YANLANG INTERNATIONAL EXPORT,,,,,,China (CN),,,,90221400000,"X-rays apparatus, medical/surgical/veterinary use nes",,2.0,Number,867.0,2200.0,,,
2025-09-30,乌干达,中国,RAZA MEDIPAK INVESTMENTS LTD,GUANGZHOU YANLANG INTERNATIONAL EXPORT,,,,,,China (CN),,,,90221400000,"X-rays apparatus, medical/surgical/veterinary use nes",,2.0,Number,867.0,2200.0,,,
2025-02-10,加纳,中国,COSTLESS VENTURES,NINGBO JOYCARE MEDICAL SUPPLIER,,,,,,China,,,,9022140000,LAPAROTOMY PACK,,0.0,,2250.0,2178.0,MEDUYP894668,,
2025-01-07,印度,中国,PHILIPS INDIA LIMITED,SPELLMAN HIGH VOLTAGE ELECTRONICS SUZHOU INDUSTRI,"7, JUSTICE CHANDRA MADHAB ROAD,  KOLKATA, ",,,,,CHINA,,SHANGHAI - PU DONG,SAHAR AIR CARGO ACC (INBOM4),90221410,"459801732292,HF GENERATOR MMB 409085-001 (FOR C-ARM IMAGE INTENSIFIER SYSTEM)459801732292,HF GENERATOR MMB 409085-001 (FOR C-ARM IMAGE IN",,1.0,NOS,0.0,2170.386,APPS7XHA7N2PZ,,
2025-02-10,加纳,中国,COSTLESS VENTURES,NINGBO JOYCARE MEDICAL SUPPLIER,,,,,,China,,,,9022140000,KNEE BRACE,,0.0,,1308.0,2159.02,MEDUYP894668,,
2025-01-30,加纳,中国,CROWN HEALTHCARE 2024 LTD,SHANGHAI CHANNELMED IMPORT & EXPORT CO LTD,,,,,,China,,,,9022140000,FIRST AID BOX SMALL FS-009,,0.0,,225.0,2135.0,MEDUYP829466,,
2025-07-31,菲律宾,中国,ALTA GLOBAL SERVICES INC,TDS SEAEVER EXHIBITION SERVICE CO,3 STA. AGUEDA AVE. PASCOR DRIVE STO. NINOPARANAQUE CITY 1700PHILIPPINES,,,,,CHINA,,,,90221400000,HIGH FREQUENCY X RAY UNIT BRAND YSENMED MODEL YSX056-PF SN 20250528B (EXHIBITION GOODS DISPLAY FOR PHIL MEDICAL EXPO 2025) QTY 1,,1.0,UNKNOWN,118.0,2126.96,NSAMNN5817996V,,
2025-06-04,印度,中国,PANACEA MEDICAL TECHNOLOGIES PRIVATE LIMITED,IRAY IMAGING TECHNOLOGY HAINING LIMITED,"H.NO.1-10-1/27,1ST FLOOR, STREET NO 5,ASHOK NAGAR,HYDERABAD ",,,,,CHINA,,Guangzhou,BANGALORE ACC (INBLR4),90221410,GEMINI012 INTEGRATED X-RAY GENERATOR GEMINI012 GEMINI012 INTEGRATED X-RAY SOURCE GEMINI012,,1.0,NOS,0.0,2105.216,80F01KLWY1RXU,,
2025-05-07,乌干达,中国,ST JUDE ELECRTICAL AND MEDICAL EQUIPMENT WORKSHOP LTD,MARINE TIME CARGO PTY LIMITED,,,,,,CHINA,UGANDA,,,90221400000,LEAD SHIELD FOR XRAY PA01,,10.0,Number,452.0,2104.0001,,,
2025-01-23,加纳,中国,CROWN HEALTHCARE 2024 LTD,SHANGHAI CHANNELMED IMPORT & EXPORT CO LTD,,,,,,China,,,,9022140000,P15 Trolley Color Doppler with 3 probes: Convex 3C-A,,0.0,,500.0,2100.0,ONEYCANE89808400,,
2025-10-29,乌干达,中国,FUTURE MEDICAL EQUIPMENT LTD,BIO TECH HEALTH MEDICAL SUPPLIES TIANJIN CO LTD,,,,,,China (CN),,,,90221400000,"X-rays apparatus, medical/surgical/veterinary use nes",,120.0,Number,180.0,2097.0,,,
2025-03-24,智利,中国,,,,,,,,CHINA,,Callao,Valparaiso,90221490,LOS DEMAS APARATOS PARA USO VETERINARIO,,1.0,UNIDADES,1044.0,2083.69,)025F517097(H)LGZSTA25109302SZ,,
2025-01-24,哥伦比亚,中国,CMR DE COLOMBIA SAS,SINO MEDICAL DEVICE TECHNOLOGY CO LTD,KR 15 88 64 OF 813,"BUILDING 15, NO. 1008 SONGBAI ROAD,",,,,CHINA,,,,9022140000,DO 2250095-001 CODIGO / RESOLUCION OEA DECLARANTE: RESOLUCION 009264 DE 02-11-2023 PEDIDO TRAMITE: OC 035-2024 DECLARAC,,1.0,NUMERO DE ARTICULOS,9.0,2040.0,,,
2025-01-29,加纳,中国,CROWN HEALTHCARE 2024 LTD,SHANGHAI CHANNELMED IMPORT & EXPORT CO LTD,,,,,,China,,,,9022140000,MANUAL HYDRAULIC OPERATION TABLE KELING  MODEL:3008C,,0.0,,1840.0,2040.0,SHWL40473700,,
2025-01-29,加纳,中国,CROWN HEALTHCARE 2024 LTD,SHANGHAI CHANNELMED IMPORT & EXPORT CO LTD,,,,,,China,,,,9022140000,X-RAY VIEWER FIXED LUMINANCE 1 CONNECTOR PD-HA LED,,0.0,,300.0,2018.5,SHWL40475600,,
2025-02-07,加纳,中国,COSTLESS VENTURES,NINGBO JOYCARE MEDICAL SUPPLIER,,,,,,China,,,,9022140000,MERCURY-FREE SPHYGMOMANOMETER,,0.0,,588.0,2016.0,MEDUGS946762,,
2025-03-13,秘鲁,中国,SALMED EIRL,,,,,,,"CHINA, PEOPLE'S REPUBLIC OF",,MIAMI,,9022140000,"TALADRO ESEO,BARDALES MEDICAL,BJJZ-1, MATERIAL ALUMINIO PARA TRAUMATOLOGIA TALADRO ËSEO PART NUMBER: 1102",,4.0,UNITS,11.93,2012.68,,,
2025-06-10,乌干达,中国,FIRM MEDICAL SUPPLIES LTD,YIWU WAKANDA MEDICAL INSTRUMENT CO LTD,,,,,,China (CN),,,,90221400000,"X-rays apparatus, medical/surgical/veterinary use nes",,2000.0,Number,155.0,2000.0,,,
2025-05-20,肯尼亚,中国,FASTGATE CARGO SERVICES LIMITED,ZHONG LONG INTERNATIONAL TRADE GUANGDONG CO LTD,,,,,,China,Kenya,,,90221400,"N; OK; N; N; 50KW DIGITAL X-RAY SYSTEM; ZHONG-LONG INTERNATIONAL TRADE CO., LTD; 25; 100; N; N; 20; 1;",,25.0,UNT,0.0,2000.0,,,
2025-01-30,加纳,中国,CROWN HEALTHCARE 2024 LTD,SHANGHAI CHANNELMED IMPORT & EXPORT CO LTD,,,,,,China,,,,9022140000,CORD CLAMPS UMBILICAL,,0.0,,350.0,2000.0,MEDUYP829466,,
2025-04-23,乌干达,中国,MARINE TIME CARGO PTY LIMITED,HANGZHOU LINGLU NEW MATERIALTECHNOLOGY CO LTD,,,,,,CHINA,UGANDA,,,90221400000,LEAD SHIELD FOR X-RAY DOOR PA01,,10.0,Number,452.0,1999.8,,,
2025-01-30,加纳,中国,CROWN HEALTHCARE 2024 LTD,SHANGHAI CHANNELMED IMPORT & EXPORT CO LTD,,,,,,China,,,,9022140000,AUTOCLAVE ELECTRIC 75 LITER MODEL LS-HD DIGITAL DISPLAY,,0.0,,465.0,1975.0,MEDUYP829466,,
2025-02-10,加纳,中国,COSTLESS VENTURES,NINGBO JOYCARE MEDICAL SUPPLIER,,,,,,China,,,,9022140000,CAESAREAN SECTION PACK,,0.0,,2235.1,1953.0,MEDUYP894668,,
2025-04-23,乌干达,中国,GTC INTERNATIONAL LOGISTICS LTD,GUANGZHOU YANLANG INTERNATIONALIMPORT AND EXPORT TRADE CO LTD,,,,,,CHINA,UGANDA,,,90221400000,CR SYSTEM,,1.0,Number,150.0,1949.7038,,,
2025-01-29,加纳,中国,CROWN HEALTHCARE 2024 LTD,SHANGHAI CHANNELMED IMPORT & EXPORT CO LTD,,,,,,China,,,,9022140000,CHROMIC CATGUT 2/0 RB 40MM 1/2 CIRCLE,,0.0,,70.0,1920.0,ONEYSH4FD3149600,,
2025-01-29,加纳,中国,CROWN HEALTHCARE 2024 LTD,SHANGHAI CHANNELMED IMPORT & EXPORT CO LTD,,,,,,China,,,,9022140000,Baby Resusitaire/Warmer IR 200 (HKN-9010),,0.0,,327.0,1920.0,SHWL40473700,,
2025-01-29,加纳,中国,CROWN HEALTHCARE 2024 LTD,SHANGHAI CHANNELMED IMPORT & EXPORT CO LTD,,,,,,China,,,,9022140000,CHROMIC CATGUT 2/0 RC 40MM 1/2 CIRCLE,,0.0,,70.0,1920.0,ONEYSH4FD3149600,,
2025-10-04,秘鲁,中国,CEREZZA MEDICAL S A C,,MZA. D LOTE. 1 COO. LA UNION,,,,,"CHINA, PEOPLE'S REPUBLIC OF",,MIAMI,,9022140000,"EQUIPO L-SER CO2 FRACCIONAL,S/M,S-300, TARJETAS ELECTRENICAS, POLIETILENO DE ALTA DENSIDAD, RUEDAS - PARA TRATAMIENTOS DE LA PIEL -",,1.0,UNITS,60.0,1915.0,,,
2025-01-02,菲律宾,中国,VETAID DISTRIBUTION COMPANY,GUANGZHOU LETY MEDICAL LIMITED,"281C ROOSEVELT AVE SAN ANTONIO, QUEZON CITY",,,,,CHINA,,,,90221400000,2 CASES OF VETERINARY XRAY UNIT,,2.0,PIECE,340.0,1906.0,AMIGL240540749A,,
2025-01-23,加纳,中国,CROWN HEALTHCARE 2024 LTD,SHANGHAI CHANNELMED IMPORT & EXPORT CO LTD,,,,,,China,,,,9022140000,Defbrilator Standard configuration,,0.0,,15.0,1900.0,ONEYCANE89808400,,
2025-01-29,加纳,中国,CROWN HEALTHCARE 2024 LTD,SHANGHAI CHANNELMED IMPORT & EXPORT CO LTD,,,,,,China,,,,9022140000,"OXYGEN NEBULIZER MASK TRANSPARENT COLOR 
PEDIATRIC-2,500PCS;ADULT-4,000PCS",,0.0,,456.0,1885.0,ONEYSH4FD3149600,,
2025-01-29,加纳,中国,CROWN HEALTHCARE 2024 LTD,SHANGHAI CHANNELMED IMPORT & EXPORT CO LTD,,,,,,China,,,,9022140000,"SCAPEL DISPOSABLE BLADES B/10 
15G-1,000BOXES;23G-1,500BOXES",,0.0,,290.0,1880.0,ONEYSH4FD3149600,,
2025-01-29,加纳,中国,CROWN HEALTHCARE 2024 LTD,SHANGHAI CHANNELMED IMPORT & EXPORT CO LTD,,,,,,China,,,,9022140000,POLYGLACTIN SUTURES 2 RC 40MM 1/2 CIRCLE,,0.0,,35.0,1845.0,ONEYSH4FD3149600,,
2025-01-23,加纳,中国,CROWN HEALTHCARE 2024 LTD,SHANGHAI CHANNELMED IMPORT & EXPORT CO LTD,,,,,,China,,,,9022140000,BP machines,,0.0,,1024.0,1843.2,ONEYCANE89808400,,
2025-05-23,秘鲁,中国,AHD PERU SAC,,,,,,,"CHINA, PEOPLE'S REPUBLIC OF",,Hong Kong,,9022140000,"RAYOS X DENTALES, TOOTOO MEDITECH CO., LTD, TT-52X VETERINARY DENTAL X-RAY MACHINE TT-52X DE USO VETERINARIO RAYOS X DENTALES SERIE TT-52X25042901 - TT-52X25042902",,2.0,UNITS,9.42,1804.11,,,
2025-01-23,加纳,中国,CROWN HEALTHCARE 2024 LTD,SHANGHAI CHANNELMED IMPORT & EXPORT CO LTD,,,,,,China,,,,9022140000,Color Doppler Ultrasound System S11plus with 2 probes(,,0.0,,100.0,1800.0,ONEYCANE89808400,,
2025-04-11,乌干达,中国,MARINE TIME CARGO PTY LIMITED,HANGZHOU LINGLU NEW MATERIALTECHNOLOGY CO LTD,,,,,,CHINA,UGANDA,,,90221400000,LEAD SHIELD FOR X-RAY DOOR PA01,,10.0,Number,452.0,1800.0,,,
2025-01-23,加纳,中国,CROWN HEALTHCARE 2024 LTD,SHANGHAI CHANNELMED IMPORT & EXPORT CO LTD,,,,,,China,,,,9022140000,"Anesthesia machine Standard Configuration; Gas 
Supply: O2, Air; O2 cell",,0.0,,50.0,1800.0,ONEYCANE89808400,,
2025-01-10,加纳,中国,J PHARMA SERVICES LIMITED,UZZ MEDICAL TECHNOLOGY CO LTD,,,,,,China,,,,9022140000,CKD DIGITAL MOBILE X-RAY MACHINE WITH BED AND ACCESSORIES,,0.0,,550.0,1800.0,247208119,,
2025-02-18,尼日利亚,中国,SOLID GOLD MEDICS VENTURES LTD,NINGBO CLAND MEDICAL INSTRUMENTS CO LTD,,,,,,China,,,APAPA PORT,9022140000,"Apparatus based on the use of X-rays or of alpha, betaused for medical, surgical .",,0.0,,521.0,1790.31,,,
2025-01-29,加纳,中国,CROWN HEALTHCARE 2024 LTD,SHANGHAI CHANNELMED IMPORT & EXPORT CO LTD,,,,,,China,,,,9022140000,POLYGLACTIN SUTURES 1 RC 40MM 1/2 CIRCLE,,0.0,,35.0,1765.0,ONEYSH4FD3149600,,
2025-02-10,加纳,中国,COSTLESS VENTURES,NINGBO JOYCARE MEDICAL SUPPLIER,,,,,,China,,,,9022140000,ANTI-DECUBITUS MATTRESS,,0.0,,2655.3,1753.5,MEDUYP894668,,
2025-01-30,加纳,中国,CROWN HEALTHCARE 2024 LTD,SHANGHAI CHANNELMED IMPORT & EXPORT CO LTD,,,,,,China,,,,9022140000,AUTOCLAVE ELECTRIC 50 MODEL LS-HD DIGITAL DISPLAY,,0.0,,370.0,1725.0,MEDUYP829466,,
2025-01-30,加纳,中国,CROWN HEALTHCARE 2024 LTD,SHANGHAI CHANNELMED IMPORT & EXPORT CO LTD,,,,,,China,,,,9022140000,AUTOCLAVE LCD DISPLY WITH DRY FUNCTION LS-150LD,,0.0,,222.0,1700.0,MEDUYP829466,,
2025-03-07,加纳,中国,COSTLESS VENTURES,NANJING GREENLIFE MEDICAL EQUIPMENT ANNAN MEDICAL EQUIPMENT,,,,,,China,,,,9022140000,MEDICAL SODA LIME,,0.0,,4500.0,1700.0,ONEYSHAF00598400,,
2025-01-29,加纳,中国,CROWN HEALTHCARE 2024 LTD,SHANGHAI CHANNELMED IMPORT & EXPORT CO LTD,,,,,,China,,,,9022140000,POLYGLACTIN SUTURES 2/0 RB 40MM 1/2 CIRCLE,,0.0,,35.0,1690.0,ONEYSH4FD3149600,,
2025-04-22,厄瓜多尔,中国,IX BIOTRON DEL ECUADOR CIA LTDA,DRGEM CORP,,,,,,CHINA,,,,9022140000,KIT PARA EQUIPO DE RAYOS X GXR 4032S WORKSTATION TRANSFORMER,,1.0,U,58.52,1637.49,,,DRGEM CORP
2025-01-29,加纳,中国,CROWN HEALTHCARE 2024 LTD,SHANGHAI CHANNELMED IMPORT & EXPORT CO LTD,,,,,,China,,,,9022140000,"OXYGEN MASK WITH TUBINGS AND NON 
REBREATING BAG TRANSPARENT COLOR 
ADULT/PEDIATRIC EACH 2,500PCS",,0.0,,347.5,1625.0,ONEYSH4FD3149600,,
2025-03-18,巴拿马,中国,CEDI MEDICAL PANAMA S A,MEDIGLOBE GMBH,,,,,,CHINA,,,DHL PANAMA - BODEGA,902214000000,INSTRUMENTOS DE USO MEDICO,,10.0,PIECES,3.49,1617.86,,,
2025-05-07,菲律宾,中国,VETAID DISTRIBUTION COMPANY,GUANGZHOU LETY MEDICAL LIMITED,281C ROOSEVELT AVE SAN ANTONIOQUEZON CITY 1105PHILIPPINES,,,,,CHINA,,,,90221400000,1 UNIT OF VETERINARY X-RAY UNIT,,1.0,PIECE,324.5,1605.0,AMIGL250138192A,,
2025-02-10,加纳,中国,COSTLESS VENTURES,NINGBO JOYCARE MEDICAL SUPPLIER,,,,,,China,,,,9022140000,ELECTRODE PENCIL,,0.0,,900.0,1600.0,MEDUYP894668,,
2025-09-11,印度,中国,EPSILON HEALTHCARE SOLUTIONS PRIVATE LIMITED,IMD CHINA CO LTD,J-4/3B FIRST FLOOR DDA FLATS  KALKAJI ,1-2 FLOOR BUILDING 12 NO 28 YUHUA ROAD AREA B BEIJING TIANZHU AIRPORT INDUSTRIAL ZONE BEIJING CHINA CN,,,,China (CN),,Qingdao,,90221490,S22 BOARD FOR ATLAS 100-30 (05.01.001.001) INCLUDING S22 BASE BOARD MPU AND EPROM (PART FOR MFR. OF MEDICAL X-RAYMACHIPART FOR MFR. OF MEDICAL X-RAY MACHINE,,2.0,NOS,0.0,1587.73,,,
2025-06-16,乌干达,中国,GTC INTERNATIONAL LOGISTICS LTD,GUANGZHOU YANLANG INTERNATIONALIMPORT&EXPORT TRADE CO LTD,,,,,,China (CN),,,,90221400000,"X-rays apparatus, medical/surgical/veterinary use nes",,1.0,Number,393.0,1579.5,,,
2025-01-29,加纳,中国,CROWN HEALTHCARE 2024 LTD,SHANGHAI CHANNELMED IMPORT & EXPORT CO LTD,,,,,,China,,,,9022140000,Phototheraphy Lights AS 20 (XHZ-90),,0.0,,50.0,1500.0,SHWL40473700,,
2025-01-23,加纳,中国,CROWN HEALTHCARE 2024 LTD,SHANGHAI CHANNELMED IMPORT & EXPORT CO LTD,,,,,,China,,,,9022140000,ventilator Standard configuration with Trolley,,0.0,,10.0,1500.0,ONEYCANE89808400,,
2025-06-09,乌干达,中国,GTC INTERNATIONAL LOGISTICS LTD,GUANGZHOU YANLANG INTERNATIONALIMPORT&EXPORT TRADE CO LTD,,,,,,China (CN),,,,90221400000,"X-rays apparatus, medical/surgical/veterinary use nes",,1.0,Number,393.0,1500.0,,,
2025-06-10,乌干达,中国,FIRM MEDICAL SUPPLIES LTD,YIWU WAKANDA MEDICAL INSTRUMENT CO LTD,,,,,,China (CN),,,,90221400000,"X-rays apparatus, medical/surgical/veterinary use nes",,1.0,Number,679.0,1499.62,,,
2025-02-10,加纳,中国,COSTLESS VENTURES,NINGBO JOYCARE MEDICAL SUPPLIER,,,,,,China,,,,9022140000,SURGICAL SUTURE,,0.0,,228.0,1440.0,MEDUYP894668,,
2025-02-10,加纳,中国,COSTLESS VENTURES,NINGBO JOYCARE MEDICAL SUPPLIER,,,,,,China,,,,9022140000,YANKAUER SUCTION SET,,0.0,,1500.0,1440.0,MEDUYP894668,,
2025-04-24,哥斯达黎加,中国,ALFA MEDICA SOCIEDAD ANONIMA,SHENZHEN CREATIVE INDUSTRY CO,,,,,,CHINA,,,,902214000010,LOS DEMAS ARTICULOS DE USO MEDICO MONITOR DE PACIENTES AIVIEW NA K12,,3.0,Unidad (c/u),9.727,1427.37,,,AIVIEW                                                                
2025-02-10,加纳,中国,COSTLESS VENTURES,NINGBO JOYCARE MEDICAL SUPPLIER,,,,,,China,,,,9022140000,ESR TUBE,,0.0,,198.6,1400.0,MEDUYP894668,,
2025-11-18,秘鲁,中国,MEDICAL IMPORT PERU S A C,,MZA. A LOTE. 17 COO. COOPERATIVA DE VIVIENDA N,,,,,"CHINA, PEOPLE'S REPUBLIC OF",,Hong Kong,,9022140000,"MAQUINA PORTATIL DE RAYOS X, GUANGZHOU UMY MEDICAL EQUIPMENT CO.,LTD. [UMY], UMYXR-07 NUMERO DE SERIE:UMXR-25XROC251023 PARA TOMAR RADIOGRAFIAS E IMAGENES RAYOS X EN ANIMALES, DE USO VETERINARIO PORTABLE MACHINE FOR VETERINARY USE AURORIZACION DE IMPORTACION NO.0920-25-IPEN/OTAN",,1.0,SET OF PARTS,20.0,1391.81,,,
2025-04-03,印度,中国,INSPECTION TECHNOLOGY,HUIDELIN NDT LIMITED,"504,URMILA SAHAR RD.,  ANDHERI (E) ",,,,,CHINA,,Dalian,NHAVA SHEVA SEA (INNSA1),90221490,INDUSTRIAL FLAW DETECTOR MACHINE & PARTS: 9 Pin Connector (4pcs)/12 SETSINDUSTRIAL FLAW DETECTOR MACHINE & PARTS:,,12.0,NOS,0.0,1375.718,HSUMHTVG4HWZJ,,
2025-04-04,印度,中国,INSPECTION TECHNOLOGY,HUIDELIN NDT LIMITED,"504,URMILA SAHAR RD.,  ANDHERI (E) ",,,,,CHINA,,Dalian,NHAVA SHEVA SEA (INNSA1),90221490,INDUSTRIAL FLAW DETECTOR MACHINE & PARTS: 9 Pin Connector (4pcs)/12 SETSINDUSTRIAL FLAW DETECTOR MACHINE & PARTS:,,12.0,NOS,0.0,1358.3138,J0197B2VH0DVW,,
2025-01-23,加纳,中国,CROWN HEALTHCARE 2024 LTD,SHANGHAI CHANNELMED IMPORT & EXPORT CO LTD,,,,,,China,,,,9022140000,E1EXP Ultrasound with 2 probes :Convex Probe C361,,0.0,,100.0,1350.0,ONEYCANE89808400,,
2025-01-29,加纳,中国,CROWN HEALTHCARE 2024 LTD,SHANGHAI CHANNELMED IMPORT & EXPORT CO LTD,,,,,,China,,,,9022140000,Baby Incubator Air/Humidity A100 (YP-100),,0.0,,10.0,1350.0,SHWL40473700,,
2025-02-10,加纳,中国,COSTLESS VENTURES,NINGBO JOYCARE MEDICAL SUPPLIER,,,,,,China,,,,9022140000,WHEELCHAIR TRICYCLE,,0.0,,1400.0,1320.0,MEDUYP894668,,
2025-01-23,加纳,中国,CROWN HEALTHCARE 2024 LTD,SHANGHAI CHANNELMED IMPORT & EXPORT CO LTD,,,,,,China,,,,9022140000,Ecg machine Standard Configuration,,0.0,,15.0,1300.0,ONEYCANE89808400,,
2025-01-23,加纳,中国,CROWN HEALTHCARE 2024 LTD,SHANGHAI CHANNELMED IMPORT & EXPORT CO LTD,,,,,,China,,,,9022140000,"patient monitor Standard Configuration with 
EtCO2",,0.0,,50.0,1300.0,ONEYCANE89808400,,
2025-01-25,秘鲁,中国,,,,,,,,CHINA,,Ningbo,,9022140000,"MAQUINA DE CUIDADO A PELAJE,S/M,S/M,",,1.0,UNIDAD,125.8,1281.86,,,
2025-01-29,加纳,中国,CROWN HEALTHCARE 2024 LTD,SHANGHAI CHANNELMED IMPORT & EXPORT CO LTD,,,,,,China,,,,9022140000,X-RAY VIEWER FIXED LUMINANCE 2 CONNECTOR PD-HA LED,,0.0,,190.0,1281.0,SHWL40475600,,
2025-01-30,加纳,中国,CROWN HEALTHCARE 2024 LTD,SHANGHAI CHANNELMED IMPORT & EXPORT CO LTD,,,,,,China,,,,9022140000,HME BACTERIAL FILTER ADULT,,0.0,,67.2,1280.0,MEDUYP829466,,
2025-06-19,秘鲁,中国,MEDICAL IMPORT PERU S A C,,MZA. A LOTE. 17 COO. COOPERATIVA DE VIVIENDA N ,,,,,"CHINA, PEOPLE'S REPUBLIC OF",,Macao,,9022140000,"RADIOGRAFIA PORTATIL VETERINARIA,EGRETMED,MSLAB-1127, NUMERO DE SERIE: 08462504014 PERMISO IPEN N娄 0433-25-IPEN/OTAN; VIGENCIA: 02/06/2025 AL 01/09/2025 VETERINARY PORTABLE X-RAY 5.6KW USO VETERINARIO",,1.0,UNITS,28.64,1275.01,,,
2025-06-19,秘鲁,中国,MEDICAL IMPORT PERU S A C,,MZA. A LOTE. 17 COO. COOPERATIVA DE VIVIENDA N ,,,,,"CHINA, PEOPLE'S REPUBLIC OF",,Macao,,9022140000,"RADIOGRAFIA PORTATIL VETERINARIA,EGRETMED,MSLAB-1384, NUMERO DE SERIE: 08552505003 PERMISO IPEN N娄 0433-25-IPEN/OTAN; VIGENCIA: 02/06/2025 AL 01/09/2025 VETERINARY PORTABLE X-RAY 10 KW USO VETERINARIO",,1.0,UNITS,28.64,1275.01,,,
2025-06-19,秘鲁,中国,MEDICAL IMPORT PERU S A C,,MZA. A LOTE. 17 COO. COOPERATIVA DE VIVIENDA N ,,,,,"CHINA, PEOPLE'S REPUBLIC OF",,Macao,,9022140000,"RADIOGRAFIA PORTATIL VETERINARIA,EGRETMED,MSLAB-1384, NUMERO DE SERIE: 08552505002 PERMISO IPEN N娄 0433-25-IPEN/OTAN; VIGENCIA: 02/06/2025 AL 01/09/2025 VETERINARY PORTABLE X-RAY 10 KW USO VETERINARIO",,1.0,UNITS,28.64,1275.01,,,
2025-06-19,秘鲁,中国,MEDICAL IMPORT PERU S A C,,MZA. A LOTE. 17 COO. COOPERATIVA DE VIVIENDA N ,,,,,"CHINA, PEOPLE'S REPUBLIC OF",,Macao,,9022140000,"RADIOGRAFIA PORTATIL VETERINARIA,EGRETMED,MSLAB-1127, NUMERO DE SERIE: 08462504011 PERMISO IPEN N娄 0433-25-IPEN/OTAN; VIGENCIA: 02/06/2025 AL 01/09/2025 VETERINARY PORTABLE X-RAY 5.6KW USO VETERINARIO",,1.0,UNITS,28.64,1275.01,,,
2025-01-23,加纳,中国,CROWN HEALTHCARE 2024 LTD,SHANGHAI CHANNELMED IMPORT & EXPORT CO LTD,,,,,,China,,,,9022140000,Hematology Analyzer lyse LYE-1 lyse:500mL,,0.0,,150.0,1275.0,ONEYCANE89808400,,
2025-01-30,加纳,中国,CROWN HEALTHCARE 2024 LTD,SHANGHAI CHANNELMED IMPORT & EXPORT CO LTD,,,,,,China,,,,9022140000,AUTOCLAVE ELECTRIC 50L MODEL LS-HD DIGITAL D35PLAY,,0.0,,315.0,1250.0,MEDUYP829466,,
2025-01-23,加纳,中国,CROWN HEALTHCARE 2024 LTD,SHANGHAI CHANNELMED IMPORT & EXPORT CO LTD,,,,,,China,,,,9022140000,E1EXP Ultrasound with 2 probes :Convex Probe C361,,0.0,,500.0,1250.0,ONEYCANE89808400,,
2025-01-29,加纳,中国,CROWN HEALTHCARE 2024 LTD,SHANGHAI CHANNELMED IMPORT & EXPORT CO LTD,,,,,,China,,,,9022140000,CHROMIC CATGUT  2 RB 40MM 1/2 CIRCLE,,0.0,,35.0,1245.0,ONEYSH4FD3149600,,
2025-01-29,加纳,中国,CROWN HEALTHCARE 2024 LTD,SHANGHAI CHANNELMED IMPORT & EXPORT CO LTD,,,,,,China,,,,9022140000,"FOLEYS CATHETERS 2 WAY PLASTIC VAVLE FG6/FG8 EACH 2,000PCS",,0.0,,96.0,1180.0,ONEYSH4FD3149600,,
2025-01-29,加纳,中国,CROWN HEALTHCARE 2024 LTD,SHANGHAI CHANNELMED IMPORT & EXPORT CO LTD,,,,,,China,,,,9022140000,"VAGINAL DISPOSABLE SPECULUM 
S-1,500PCS;M-5,000PCS;L-2,500PCS",,0.0,,360.0,1170.0,ONEYSH4FD3149600,,
2025-06-26,肯尼亚,中国,SKYWING LOGISTICS LIMITED,HAPPY SET TRADING LIMITED,,,,,,China,Kenya,,,90221400,N; C-ARM MACHINE; C-ARM MACHINE; 1; CN; 1; 1; 1; 1; 1; 518; 1;,,1.0,UNT,0.0,1158.0,,,
2025-01-23,加纳,中国,CROWN HEALTHCARE 2024 LTD,SHANGHAI CHANNELMED IMPORT & EXPORT CO LTD,,,,,,China,,,,9022140000,Hematology Analyzer Diluent DIL-E Diluent:20L,,0.0,,210.0,1155.0,ONEYCANE89808400,,
2025-01-29,加纳,中国,CROWN HEALTHCARE 2024 LTD,SHANGHAI CHANNELMED IMPORT & EXPORT CO LTD,,,,,,China,,,,9022140000,X RAY LEAD GLASS 35X35CMX2MMPB,,0.0,,60.0,1150.0,SHWL40475600,,
2025-02-10,加纳,中国,COSTLESS VENTURES,NINGBO JOYCARE MEDICAL SUPPLIER,,,,,,China,,,,9022140000,OCYGEN CYLINDER WITH TROLLEY,,0.0,,6300.0,1126.4,MEDUYP894668,,
2025-01-23,加纳,中国,CROWN HEALTHCARE 2024 LTD,SHANGHAI CHANNELMED IMPORT & EXPORT CO LTD,,,,,,China,,,,9022140000,E1BW Ultrasound with 2 probes :Convex Probe C361,,0.0,,200.0,1100.0,ONEYCANE89808400,,
2025-02-07,加纳,中国,COSTLESS VENTURES,NINGBO JOYCARE MEDICAL SUPPLIER,,,,,,China,,,,9022140000,NASG,,0.0,,60.0,1100.0,MEDUGS946762,,
2025-01-29,加纳,中国,CROWN HEALTHCARE 2024 LTD,SHANGHAI CHANNELMED IMPORT & EXPORT CO LTD,,,,,,China,,,,9022140000,SECA 334 BABY WEIGHT SCALE DIGITAL SPECIALIST,,0.0,,100.0,1100.0,SHWL40473700,,
2025-01-30,加纳,中国,CROWN HEALTHCARE 2024 LTD,SHANGHAI CHANNELMED IMPORT & EXPORT CO LTD,,,,,,China,,,,9022140000,TONGUE DEPRESSOR WOODEN B/100,,0.0,,520.0,1080.0,MEDUYP829466,,
2025-01-30,加纳,中国,CROWN HEALTHCARE 2024 LTD,SHANGHAI CHANNELMED IMPORT & EXPORT CO LTD,,,,,,China,,,,9022140000,UPP-110S,,0.0,,70.0,1075.0,MEDUYP829466,,
2025-02-18,秘鲁,中国,MEDICAL IMPORT PERU S A C,,,,,,,CHINA,,MIAMI,,9022140000,"RADIOGRAFIA PORTATIL VETERINARIA,MED SING LONG,MSLAB-1127,",,1.0,UNIDAD,7.08,1067.31,,,
2025-02-18,秘鲁,中国,MEDICAL IMPORT PERU S A C,,,,,,,CHINA,,MIAMI,,9022140000,"RADIOGRAFIA PORTATIL VETERINARIA,MED SING LONG,MSLAB1384,",,1.0,UNIDAD,7.08,1067.31,,,
2025-02-18,秘鲁,中国,MEDICAL IMPORT PERU S A C,,,,,,,CHINA,,MIAMI,,9022140000,"RADIOGRAFIA PORTATIL VETERINARIA,MED SING LONG,MSLAB1384,",,1.0,UNIDAD,7.08,1067.31,,,
2025-04-05,秘鲁,中国,MEDICAL IMPORT PERU S A C,,MZA. A LOTE. 17 COO. COOPERATIVA DE VIVIENDA N ,,,,,"CHINA, PEOPLE'S REPUBLIC OF",,MIAMI,,9022140000,"RADIOGRAFIA PORTATIL VETERINARIA,MED SING LONG,MSLAB-1127, NUMERO DE SERIE: 08312502021 PERMISO IPEN N¦ 0279-25-IPEN/OTAN; VIGENCIA: 02/04/2025 AL 01/07/2025 VETERINARY PORTABLE X-RAY 5.6KW USO VETERINARIO",,1.0,UNITS,6.76,1064.06,,,
2025-06-10,乌干达,中国,FIRM MEDICAL SUPPLIES LTD,YIWU WAKANDA MEDICAL INSTRUMENT CO LTD,,,,,,China (CN),,,,90221400000,"X-rays apparatus, medical/surgical/veterinary use nes",,2.0,Number,312.0,1060.02,,,
2025-05-23,秘鲁,中国,MEDICAL IMPORT PERU S A C,,MZA. A LOTE. 17 COO. COOPERATIVA DE VIVIENDA N ,,,,,"CHINA, PEOPLE'S REPUBLIC OF",,Hong Kong,,9022140000,"RADIOGRAFIA PORTATIL,EGRETMED,MSLAB1127, NUMERO DE SERIE:08462503008/PERMISO IPEN N¦0384-25-IPEN/OTAN VIGENCIA 14 DE MAYO DEL 2025 AL 13 DE AGOSTO DEL 2025 RADIOGRTAFIA PORTATIL PARA VETERINARIA SIRVE PARA TOMAR RADIOGRAFIAS A LOS ANIMALES",,1.0,UNITS,4.45,1052.38,,,
2025-03-06,秘鲁,中国,MEDICAL IMPORT PERU S A C,,MZA. A LOTE. 17 COO. COOPERATIVA DE VIVIENDA N ,,,,,"CHINA, PEOPLE'S REPUBLIC OF",,Hong Kong,,9022140000,"RADIOGRAFIA PORTATIL VETERINARIA,MEDSINGLONG,MSLAB-1127, NUMERO DE SERIE: 08462412009 PERMISO IPEN N¦0135-25-IPEN/OTAN; VIGENCIA:26/02/2025 AL 25/05/2025 VETERINARY PORTABLE X-RAY 10KW USO VETERINARIO",,1.0,UNITS,7.12,1046.49,,,
2025-03-06,秘鲁,中国,MEDICAL IMPORT PERU S A C,,MZA. A LOTE. 17 COO. COOPERATIVA DE VIVIENDA N ,,,,,"CHINA, PEOPLE'S REPUBLIC OF",,Hong Kong,,9022140000,"RADIOGRAFIA PORTATIL VETERINARIA,MEDSINGLONG,MSLAB-1127, NUMERO DE SERIE: 08462412004 PERMISO IPEN N¦0135-25-IPEN/OTAN; VIGENCIA:26/02/2025 AL 25/05/2025 VETERINARY PORTABLE X-RAY 5.6KW USO VETERINARIO",,1.0,UNITS,7.12,1046.49,,,
2025-03-06,秘鲁,中国,MEDICAL IMPORT PERU S A C,,MZA. A LOTE. 17 COO. COOPERATIVA DE VIVIENDA N ,,,,,"CHINA, PEOPLE'S REPUBLIC OF",,Hong Kong,,9022140000,"RADIOGRAFIA PORTATIL VETERINARIA,MEDSINGLONG,MSLAB-1127, NUMERO DE SERIE: 08462412011 PERMISO IPEN N¦0135-25-IPEN/OTAN; VIGENCIA:26/02/2025 AL 25/05/2025 VETERINARY PORTABLE X-RAY 10KW USO VETERINARIO",,1.0,UNITS,7.12,1046.49,,,
2025-06-02,尼日利亚,中国,BEGOOD MEDICAL EQUIPMENT NIGERIA LTD,SHANGHAI BAI YUN SANITIVE M,,,,,,China,,,MUHAMMED MURTALA CARGO,9022140000,"Apparatus based on the use of X-rays or of alpha, betaused for medical, surgical .",,0.0,,169.0,1045.61,,,
2025-04-03,印度,中国,INSPECTION TECHNOLOGY,HUIDELIN NDT LIMITED,"504,URMILA SAHAR RD.,  ANDHERI (E) ",,,,,CHINA,,Dalian,NHAVA SHEVA SEA (INNSA1),90221490,INDUSTRIAL FLAW DETECTOR MACHINE & PARTS: Controller of Pipeline Generator Controller 160kvINDUSTRIAL FLAW DETECTOR MACHINE & PARTS:,,1.0,NOS,0.0,1040.1261,HSUMHTVG4HWZJ,,
2025-09-13,卢旺达,中国,SYGNIFIC COMPANY LIMITED,MAJESTIC WORKSHOPS AND TOOLS TRADING,,,,,,China,Rwanda,,,90221400,"OTHER APPARATUS BASED ON THE USE OF XRAYS????, FOR MEDICAL,""",,1.0,NMB,209.0,1032.7587,,,
2025-04-04,印度,中国,INSPECTION TECHNOLOGY,HUIDELIN NDT LIMITED,"504,URMILA SAHAR RD.,  ANDHERI (E) ",,,,,CHINA,,Dalian,NHAVA SHEVA SEA (INNSA1),90221490,INDUSTRIAL FLAW DETECTOR MACHINE & PARTS: Controller of Pipeline Generator Controller 160kvINDUSTRIAL FLAW DETECTOR MACHINE & PARTS:,,1.0,NOS,0.0,1026.9675,J0197B2VH0DVW,,
2025-04-20,印度,中国,ECDM TECHNOLOGY PRIVATE LIMITED,SHENZHEN ZOAN GAOKE ELECTRONICS CO LTD,"347B ,UDYOG KENDRA-2,,ECOTECH-3, G  REATER NOIDA, ",,,,,CHINA,,SHENZHEN,DELHI AIR CARGO ACC (INDEL4),90221410,80KV X-RAY GENERATOR ZA6550A (SPARE PARTS OF X RAY BAGGAGE SCANNER)80KV X-RAY GENERATOR ZA6550A (SPARE PARTS OF X RAY BAGGAGE S,,1.0,NOS,0.0,1025.9983,XNAA6P9ZYY0TA,,
2025-06-21,巴基斯坦,中国,CONFIANCE CO,IQ GENERAL TRADING L L C,"Plot No, 523/11, 1st Floor, Sector6A, Mehran Town, KARACHI, Korangi Korangi Town","ZABEEL BUSINESS CENTER KARMA DUBAI, UAE",,,,China                         ,,JEBEL ALI,KAPW,90221400,EXAMINED THE GOODS IN THE LIGHT OF GD AND FOUND DESCRIPTION: MEDICAL RADIOGRAPHY SYSTEM IN DISMANTLED CONDITION CONSISTING OF: X-RAY TUBE ASSEMBLY  AND ALL STANDARD ACCESSORIES AND ATTACHMENTS  MODEL: KAINSTAR-X-ONE  QTY: 1 SETS  NET WT: 334 KGS APPROX,,1.0,u,330.0,1023.51,DXB/KHI/09324,,
2025-01-29,加纳,中国,CROWN HEALTHCARE 2024 LTD,SHANGHAI CHANNELMED IMPORT & EXPORT CO LTD,,,,,,China,,,,9022140000,BEDPAN PLASTIC WITH LED 1800ML PP,,0.0,,205.0,1020.0,SHWL40473700,,
2025-05-22,乌干达,中国,FIRM MEDICAL SUPPLIES LIMITED,YIWU WAKANDA MEDICALINSTRUMENT CO LTD,,,,,,CHINA,UGANDA,,,90221400000,X RAY MACHINE,,1.0,Number,679.0,1016.0,,,
2025-06-02,乌干达,中国,FIRM MEDICAL SUPPLIES LTD,YIWU WAKANDA MEDICAL INSTRUMENT CO LTD,,,,,,China (CN),,,,90221400000,"X-rays apparatus, medical/surgical/veterinary use nes",,1.0,Number,679.0,1016.0,,,
2025-06-24,刚果共和国[刚果（布）],中国,MUYUMBA KALUNGA FYSS,GUANGZHOU ZANXUAN TRADING CO LTD,,,,,,China,"Congo, Democratic Republic of the",,,902214000000,MEDICAL SUPPLIES(X-RAY MACHINE),,4.0,NMB,951.57,1000.8416,HUA501853300,,
2025-06-24,刚果共和国[刚果（布）],中国,MUYUMBA KALUNGA FYSS,GUANGZHOU ZANXUAN TRADING CO LTD,,,,,,China,"Congo, Democratic Republic of the",,,902214000000,MEDICAL SUPPLIES(X-RAY MACHINE),,4.0,NMB,951.57,1000.8416,HUA501853300,,
2025-07-15,美国,中国,KT MEDICAL INC,BOSTON SCIENTIFIC DE COSTA RICA SRL,2F NO 9 LU-KE 1 RD LUZHU DIST , 2546 FIRST STREET PROPARK EL COYOL ,N/A,N/A,,"CN, CHINA",,Puerto Limon,PORT EVERGLADES,902214,"METAL WIRE, FOR MEDICAL USE",.,8.0,PKG,425.0,1000.0,ECUW619525497,SEGU5273901,
2025-06-10,乌干达,中国,CAREMEAD SYSTEMS LTD,GUANGZHOU YANLANG INTERNATIONAL EXPORT,,,,,,China (CN),,,,90221400000,"X-rays apparatus, medical/surgical/veterinary use nes",,2.0,Number,129.0,1000.0,,,
2025-01-23,加纳,中国,CROWN HEALTHCARE 2024 LTD,SHANGHAI CHANNELMED IMPORT & EXPORT CO LTD,,,,,,China,,,,9022140000,ECG,,0.0,,85.0,1000.0,ONEYCANE89808400,,
2025-02-10,加纳,中国,COSTLESS VENTURES,NINGBO JOYCARE MEDICAL SUPPLIER,,,,,,China,,,,9022140000,DISPOSABLE PAP SMEAR KIT,,0.0,,210.0,1000.0,MEDUYP894668,,
2025-06-12,乌干达,中国,CAREMEAD SYSTEMS LTD,GUANGZHOU YANLANG INTERNATIONAL EXPORT,,,,,,China (CN),,,,90221400000,"X-rays apparatus, medical/surgical/veterinary use nes",,2.0,Number,129.0,1000.0,,,
2025-05-28,乌干达,中国,CAREMEAD SYSTEMS LTD,GUANGZHOU YANLANG INTERNATIONAL EXPORTCHINA,,,,,,CHINA,UGANDA,,,90221400000,CR SYSTEMS,,2.0,Number,129.0,1000.0,,,
2025-03-05,肯尼亚,中国,MICROARRAY LIMITED,SICHUAN MRK CO LTD,1038 00100 NAIROBI,,,,,China,Kenya,,,9022140000,Medical; N; 1; Portable Dental X- ray unit; Sichuan; 1; 1; 1; 1; 1; 1; 0;,,1.0,UNT,0.0,987.5345,,,
2025-01-29,加纳,中国,CROWN HEALTHCARE 2024 LTD,SHANGHAI CHANNELMED IMPORT & EXPORT CO LTD,,,,,,China,,,,9022140000,PA07 LEAD EQUIVALENT 0.5MMPB,,0.0,,119.0,980.0,SHWL40475600,,
2025-02-10,加纳,中国,COSTLESS VENTURES,NINGBO JOYCARE MEDICAL SUPPLIER,,,,,,China,,,,9022140000,SUCTION CATHETER,,0.0,,560.0,980.0,MEDUYP894668,,
2025-07-23,博茨瓦纳,中国,SABLE SCIENTIFIC PROPRIETARY LIMITED,EREZ LABMED S A,,,,,,CHINA,,,Pioneer Gate,90221400,"Other, for medical surgical or veterinary uses",,200.0,EA,80.0,971.5004,,,
2025-04-03,印度,中国,INSPECTION TECHNOLOGY,HUIDELIN NDT LIMITED,"504,URMILA SAHAR RD.,  ANDHERI (E) ",,,,,CHINA,,Dalian,NHAVA SHEVA SEA (INNSA1),90221490,INDUSTRIAL FLAW DETECTOR MACHINE & PARTS: Controller of Pipeline Generator Controller 100kvINDUSTRIAL FLAW DETECTOR MACHINE & PARTS: Controller of Pipe,,1.0,NOS,0.0,961.9603,HSUMHTVG4HWZJ,,
2025-01-29,加纳,中国,CROWN HEALTHCARE 2024 LTD,SHANGHAI CHANNELMED IMPORT & EXPORT CO LTD,,,,,,China,,,,9022140000,AMBU BAG SILICON INFANT,,0.0,,80.0,960.0,SHWL40475600,,
2025-01-29,加纳,中国,CROWN HEALTHCARE 2024 LTD,SHANGHAI CHANNELMED IMPORT & EXPORT CO LTD,,,,,,China,,,,9022140000,AMBU BAG SILICON CHILD,,0.0,,80.0,960.0,SHWL40475600,,
2025-01-29,加纳,中国,CROWN HEALTHCARE 2024 LTD,SHANGHAI CHANNELMED IMPORT & EXPORT CO LTD,,,,,,China,,,,9022140000,AMBU BAG SILICON ADULT,,0.0,,80.0,960.0,SHWL40475600,,
2025-01-29,加纳,中国,CROWN HEALTHCARE 2024 LTD,SHANGHAI CHANNELMED IMPORT & EXPORT CO LTD,,,,,,China,,,,9022140000,"OXYGEN NASAL CANNULA TRANSPARENT COLOR 
PEDIATRIC-2,000PCS;ADULT-5,000PCS",,0.0,,315.0,959.0,ONEYSH4FD3149600,,
2025-04-07,哥斯达黎加,中国,ALFA MEDICA SOCIEDAD ANONIMA,CHANGSHA JINDE TECHNOLOGY CO L,,,,,,CHINA,,,,902214000010,LOS DEMAS ARTICULOS DE USO MEDICO MONITOR PACIENTE YAGSH NA PI967,,8.0,Unidad (c/u),4.78,958.42,,,YAGSH                                                                 
2025-04-04,印度,中国,INSPECTION TECHNOLOGY,HUIDELIN NDT LIMITED,"504,URMILA SAHAR RD.,  ANDHERI (E) ",,,,,CHINA,,Dalian,NHAVA SHEVA SEA (INNSA1),90221490,INDUSTRIAL FLAW DETECTOR MACHINE & PARTS: Controller of Pipeline Generator Controller 100kvINDUSTRIAL FLAW DETECTOR MACHINE & PARTS: Controller of Pipe,,1.0,NOS,0.0,949.7906,J0197B2VH0DVW,,
2025-07-29,喀麦隆,中国,ETIC MEDICAL LTD CO,SHENZHEN BROWINER TECH CO LTD,,,,,,Chine,Cameroun,,,902214000000,DIGITAL RADIOGRAPHY,,1.0,KGM,100.0,948.7243,,,
2025-01-29,加纳,中国,CROWN HEALTHCARE 2024 LTD,SHANGHAI CHANNELMED IMPORT & EXPORT CO LTD,,,,,,China,,,,9022140000,NYLON SUTURES 2/0 RC 40MM 1/2 CIRCLE,,0.0,,70.0,940.0,ONEYSH4FD3149600,,
2025-07-01,印度,中国,TRIVITRON HEALTHCARE PRIVATE LIMITED,SUZHOU POWERSITE ELECTRIC CO LTD,"NO.15,4TH STREET,  ABHIRAMAPURAM, ",,,,,CHINA,,Guangzhou,SAHAR AIR CARGO ACC (INBOM4),90221410,PS-ESU40 PSG-HRS ENERGY STORAGE UNIT 620*295*540mm*1 PS-ESU40 PSG-HRS ENERGY STORAGE UNIT 620*295*540mm*1,,1.0,PCS,0.0,939.3512,YBU8VC4ZPA4LD,,
2025-04-03,秘鲁,中国,DROGUERIA BIOMED MEDICAL E I R L BIOM,,CAL. 6 MZA. Y LOTE. 21 RES. LOS SAUCES ,,,,,"CHINA, PEOPLE'S REPUBLIC OF",,SHANGHAI,,9022140000,"MESA FOTOGRAFICA VETERINARIA,SHOIMAGE,NKPIVAY, PERMITE QUE LOS RAYOS X PASEN POR ELLA DE USO VETERINARIO PARTE DEL EQUIPO DE RAYOS X MATERIAL: FIBRA DE CARBONO",,1.0,UNITS,20.53,903.54,,,
2025-01-23,加纳,中国,CROWN HEALTHCARE 2024 LTD,SHANGHAI CHANNELMED IMPORT & EXPORT CO LTD,,,,,,China,,,,9022140000,Syringe Pump,,0.0,,25.0,900.0,ONEYCANE89808400,,
2025-01-23,加纳,中国,CROWN HEALTHCARE 2024 LTD,SHANGHAI CHANNELMED IMPORT & EXPORT CO LTD,,,,,,China,,,,9022140000,Infusion Pump,,0.0,,25.0,900.0,ONEYCANE89808400,,
2025-10-02,乌干达,中国,GTC INTERNATIONAL LOGISTICS LTD,GUANGZHOU YANLANG INTERNATIONALIMPORT&EXPORT TRADE CO LTD,,,,,,China (CN),,,,90221400000,"X-rays apparatus, medical/surgical/veterinary use nes",,1.0,Number,298.0,900.0,,,
2025-09-13,乌干达,中国,GTC INTERNATIONAL LOGISTICS LTD,GUANGZHOU YANLANG INTERNATIONALIMPORT&EXPORT TRADE CO LTD,,,,,,China (CN),,,,90221400000,"X-rays apparatus, medical/surgical/veterinary use nes",,1.0,Number,298.0,900.0,,,
2025-02-07,加纳,中国,COSTLESS VENTURES,NINGBO JOYCARE MEDICAL SUPPLIER,,,,,,China,,,,9022140000,HANDHELD PULSE OXIMETER,,0.0,,55.0,900.0,MEDUGS946762,,
2025-04-07,哥斯达黎加,中国,ALFA MEDICA SOCIEDAD ANONIMA,CHANGSHA JINDE TECHNOLOGY CO L,,,,,,CHINA,,,,902214000010,LOS DEMAS ARTICULOS DE USO MEDICO MONITOR PACIENTE YAGSH NA PI967,,5.0,Unidad (c/u),4.48,898.53,,,YAGSH                                                                 
2025-01-29,加纳,中国,CROWN HEALTHCARE 2024 LTD,SHANGHAI CHANNELMED IMPORT & EXPORT CO LTD,,,,,,China,,,,9022140000,"OXYGEN MASK WITH TUBINGS TRANSPARENT COLOR 
ADULT/PEDIATRIC EACH 2,000PCS",,0.0,,226.0,880.0,ONEYSH4FD3149600,,
2025-01-23,加纳,中国,CROWN HEALTHCARE 2024 LTD,SHANGHAI CHANNELMED IMPORT & EXPORT CO LTD,,,,,,China,,,,9022140000,Termometer Infared,,0.0,,250.0,875.0,ONEYCANE89808400,,
2025-11-11,哥斯达黎加,中国,ELECTRONICA INDUSTRIAL Y MEDICA SOCIEDAD ANONIMA,SHENZHEN SONTU MEDICAL IMAGING,,,,,,CHINA,,,,902214000020,ACCESORIOS EQUIPO DE RAYOS X : COMPUTADORA PARA EQUIPO DE RAYOS X USO VETERINARIO,,1.0,Unidad (c/u),9.76,871.31,,,SONTU                                                                 
2025-01-23,加纳,中国,CROWN HEALTHCARE 2024 LTD,SHANGHAI CHANNELMED IMPORT & EXPORT CO LTD,,,,,,China,,,,9022140000,Ecg machine Standard Configuration,,0.0,,5.0,850.0,ONEYCANE89808400,,
2025-01-23,加纳,中国,CROWN HEALTHCARE 2024 LTD,SHANGHAI CHANNELMED IMPORT & EXPORT CO LTD,,,,,,China,,,,9022140000,ECG,,0.0,,80.0,840.0,ONEYCANE89808400,,
2025-05-26,美国,中国,CRANE WORLD LOGISTICSSFO,PRINCES CRUISES,26533 DANTI COURT HAYWARD ,24305 TOWN CENTER DRIVE ,N/A,N/A,,"CN, CHINA",,VICTORIA,SAN FRANCISCO,902214,EMPTY CO2 CYLINDER C9 20 LB FILLING NOTE: NON-MEDICAL USE. NEEDED FOR SODA DISPEN,ON BOARD HOTEL INVETORY MANAGER - MARLON PUZAWILHELMSEN SHIP SERVICES INC. 3232 UNDERHILL AVE HOTE MICHELE TOLLER 12818423804 MICHELE.TOLLER@WILHELMSEN.COM,15.0,BOX,360.0,819.0,PNSSRUR513SFO11,NC,
2025-03-13,秘鲁,中国,SALMED EIRL,,,,,,,"CHINA, PEOPLE'S REPUBLIC OF",,MIAMI,,9022140000,"ACCESORIO DE TALADRO PARA ALAMBRE K,BARDALES MEDICAL,BJJZ-1, MATERIAL ALUMINIO PARA TRAUMATOLOGIA ACCESORIO DE TALADRO PARA ALAMBRE K PART NUMBER: BJ4213B",,2.0,UNITS,4.79,807.41,,,
2025-03-13,秘鲁,中国,SALMED EIRL,,,,,,,"CHINA, PEOPLE'S REPUBLIC OF",,MIAMI,,9022140000,"ACCESORIO DE TALADRO PARA ALAMBRE K,BARDALES MEDICAL,BJJZ-1, MATERIAL ALUMINIO PARA TRAUMATOLOGIA ACCESORIO DE TALADRO PARA ALAMBRE K PART NUMBER: BJ4213A",,2.0,UNITS,4.79,807.41,,,
2025-03-13,秘鲁,中国,SALMED EIRL,,,,,,,"CHINA, PEOPLE'S REPUBLIC OF",,MIAMI,,9022140000,"ACCESORIO DE TALADRO CANULADO,BARDALES MEDICAL,BJJZ-1, MATERIAL ALUMINIO PARA TRAUMATOLOGIA ACCESORIO DE TALADRO CANULADO PART NUMBER: BJ4203B",,2.0,UNITS,4.79,807.41,,,
2025-03-13,秘鲁,中国,SALMED EIRL,,,,,,,"CHINA, PEOPLE'S REPUBLIC OF",,MIAMI,,9022140000,"ACCESORIO DE SIERRA SAGITAL,BARDALES MEDICAL,BJJZ-1, MATERIAL ALUMINIO PARA TRAUMATOLOGIA ACCESORIO DE SIERRA SAGITAL PART NUMBER: BJ4201",,2.0,UNITS,4.79,807.41,,,
2025-02-10,加纳,中国,COSTLESS VENTURES,NINGBO JOYCARE MEDICAL SUPPLIER,,,,,,China,,,,9022140000,OSTOMY BAG,,0.0,,95.9,800.4,MEDUYP894668,,
2025-03-03,加纳,中国,SAGE MEDICAL CENTER LTD,JIANGXI SANXIN MEDTEC CO LTD,,,,,,China,,,,9022140000,Bicarbonate 700g,,0.0,,1400.0,800.0,ONEYSH4FVW154400,,
2025-02-07,加纳,中国,COSTLESS VENTURES,NINGBO JOYCARE MEDICAL SUPPLIER,,,,,,China,,,,9022140000,VOLUMETRIC INFUSION PUMP,,0.0,,40.0,798.3,MEDUGS946762,,
2025-01-29,加纳,中国,CROWN HEALTHCARE 2024 LTD,SHANGHAI CHANNELMED IMPORT & EXPORT CO LTD,,,,,,China,,,,9022140000,X-RAY PROTECTIVE GLASS PC13 0.5MMPB,,0.0,,5.0,760.0,SHWL40475600,,
2025-05-20,加纳,中国,COSMIST ENTERPRISE,GOLDENGATE HOLDINGS LIMITED,,,,,,China,,,,9022140000,PGLA suture1/2 circle round bodiedneedles 40 mm,,0.0,,115.6,756.0,OOLU2757278110,,
2025-01-29,加纳,中国,CROWN HEALTHCARE 2024 LTD,SHANGHAI CHANNELMED IMPORT & EXPORT CO LTD,,,,,,China,,,,9022140000,ULTRASOUND NEBULIZER 402AI,,0.0,,87.5,750.0,SHWL40475600,,
2025-01-23,加纳,中国,CROWN HEALTHCARE 2024 LTD,SHANGHAI CHANNELMED IMPORT & EXPORT CO LTD,,,,,,China,,,,9022140000,Patient Monitor,,0.0,,100.0,750.0,ONEYCANE89808400,,
2025-01-29,加纳,中国,CROWN HEALTHCARE 2024 LTD,SHANGHAI CHANNELMED IMPORT & EXPORT CO LTD,,,,,,China,,,,9022140000,LEAD GLASS 500X500X10MM 2MMPB,,0.0,,60.0,750.0,SHWL40475600,,
2025-01-23,加纳,中国,CROWN HEALTHCARE 2024 LTD,SHANGHAI CHANNELMED IMPORT & EXPORT CO LTD,,,,,,China,,,,9022140000,Handheld Pluse Oximeter (Rechargable),,0.0,,70.0,750.0,ONEYCANE89808400,,
2025-01-23,加纳,中国,CROWN HEALTHCARE 2024 LTD,SHANGHAI CHANNELMED IMPORT & EXPORT CO LTD,,,,,,China,,,,9022140000,Trolley for the E2,,0.0,,500.0,750.0,ONEYCANE89808400,,
2025-05-25,刚果民主共和国[刚果（金）],中国,CDARAUPHAR SARL11 BLD DE MAKISO COMMUNE DEMARKISO KISANGANI RDCONGO EMAIL IMPORT@ARAUPHAR CO,CNESTRELA INTERNATIONAL TRADING CO LTD,,,,,,CHINA,DEMOCRATIC REPUBLIC OF CONGO,,,90221400000,MOBILE A-RAY,,4.0,Number,200.0,743.5794,,,
2025-01-29,加纳,中国,CROWN HEALTHCARE 2024 LTD,SHANGHAI CHANNELMED IMPORT & EXPORT CO LTD,,,,,,China,,,,9022140000,URINALS MALE/FEMALE 1000ML,,0.0,,100.0,740.0,SHWL40473700,,
2025-02-10,加纳,中国,COSTLESS VENTURES,NINGBO JOYCARE MEDICAL SUPPLIER,,,,,,China,,,,9022140000,VIDEO LARYNGOSCOPE,,0.0,,7.5,725.0,MEDUYP894668,,
2025-02-10,加纳,中国,COSTLESS VENTURES,NINGBO JOYCARE MEDICAL SUPPLIER,,,,,,China,,,,9022140000,NASAL OXYGEN CANNULA,,0.0,,310.0,720.0,MEDUYP894668,,
2025-02-10,加纳,中国,COSTLESS VENTURES,NINGBO JOYCARE MEDICAL SUPPLIER,,,,,,China,,,,9022140000,TENS ELECTRODE,,0.0,,28.0,720.0,MEDUYP894668,,
2025-01-29,加纳,中国,CROWN HEALTHCARE 2024 LTD,SHANGHAI CHANNELMED IMPORT & EXPORT CO LTD,,,,,,China,,,,9022140000,"FEEDING TUBES WIHTOUT X-RAY FG10/FG16 EACH 2,000PCS;FG18-5,000PCS",,0.0,,84.0,720.0,ONEYSH4FD3149600,,
2025-05-05,亚美尼亚,中国,ERNEST RUMYAN PRIVATE ENTERPRISE,SKY FURNITURE LTD,,,,,,China (CN),Armenia (AM),,,90221400000,MEDICAL X-RAY DEVICE FALCON BLX-8,,1.0,Հատ,5.7,699.61,,,
2025-09-11,印度,中国,EPSILON HEALTHCARE SOLUTIONS PRIVATE LIMITED,IMD CHINA CO LTD,J-4/3B FIRST FLOOR DDA FLATS  KALKAJI ,1-2 FLOOR BUILDING 12 NO 28 YUHUA ROAD AREA B BEIJING TIANZHU AIRPORT INDUSTRIAL ZONE BEIJING CHINA CN,,,,China (CN),,Qingdao,,90221490,S19/C SMD BOARD FOR ATLAS 100-30 (73.01.001.042) (PART FOR MFR. OF MEDICAL X-RAY MACHINE)PART FOR MFR. OF MEDICAL X-RAY MACHINE,,2.0,NOS,0.0,677.43,,,
2025-08-23,博茨瓦纳,中国,CHUBBS BOTSWANA PROPRIETARY LIMITED,EREZ LABMED S A,,,,,,CHINA,,,Pioneer Gate,90221400,"Other, for medical surgical or veterinary uses",,907.0,EA,52.0,632.9916,,,
2025-09-12,蒙古,中国,ОЮУДЕНТ ХХК,NINGBO RUNYES MEDICAL INSTRUMENT CO LTD,,,,,"Ningbo runyes medical instrument Co.,Ltd",БНХАУ,,,Zamiin-Uud,90221400,"шүдний дэлгэмэл болон хажуугийн, хүчдэл: 240V, чадал:16 бит, зураг авах хугацаа 10sec, шүдний эмнэлгийн",,2.0,Pieces/item [Number],0.0,628.498,,,
2025-05-27,乌干达,中国,KAATIS U LIMITED,SHIP EXPRESS W U GUANGZHOU INTERNATIONAL U LIMITED,,,,,,CHINA,UGANDA,,,90221400000,XRAY MACHINE,,1.0,Number,120.0,625.0001,,,
2025-04-16,乌干达,中国,SHIP EXPRESS W U GUANGZHOU INTERNATIONAL U LTD,A & W TRADE HK CO LIMITED,,,,,,CHINA,UGANDA,,,90221400000,XRAY MACHINE,,1.0,Number,120.0,624.9,,,
2025-10-16,印度,中国,PHILIPS INDIA LIMITED,SPELLMAN HIGH VOLTAGE ELECTRONICS SUZHOU INDUSTRI,,"AL PARK) CO.,LTD NO.86 JINJIANG ROA D, SUZHOU INDUSTRIAL PARK 215126 CH INA CHINA",,,,China (CN),,SHANGHAI - PU DONG,,90221490,(RE-IMPORT AFTER REWORK)409085-021 (R&D PURPOSE) (GENERATOR)S/N:162197046-A00002 (SB NO: 1059884 DATE: 18-APR-25)(RE-IMPORT AFTER REWORK)409085-021 (R&D PURPOSE) (GENERATOR),,1.0,NOS,0.0,621.95,,,
2025-07-17,菲律宾,中国,JOSMEF ENTERPRISES,SHENZHEN BROWINER TECH CO LTD,"JAVELLANO E LOPEZ ST., JAROILOILO 5000PHILIPPINES",,,,,CHINA,,,,90221400000,DIGITAL RADIOGRAPHY SYSTEM (SHENZHEN),,10.0,PIECE,884.12,620.0,LLLCBU25618404,,
2025-01-29,加纳,中国,CROWN HEALTHCARE 2024 LTD,SHANGHAI CHANNELMED IMPORT & EXPORT CO LTD,,,,,,China,,,,9022140000,"FEEDING TUBES WIHTOUT X-RAY 
FG5/FG6/FG8 EACH 5,000PCS",,0.0,,102.0,615.0,ONEYSH4FD3149600,,
2025-02-10,加纳,中国,COSTLESS VENTURES,NINGBO JOYCARE MEDICAL SUPPLIER,,,,,,China,,,,9022140000,MANUAL RESUSCITATOR,,0.0,,292.4,612.0,MEDUYP894668,,
2025-01-29,加纳,中国,CROWN HEALTHCARE 2024 LTD,SHANGHAI CHANNELMED IMPORT & EXPORT CO LTD,,,,,,China,,,,9022140000,THEATRE CLOGS ANTI STATIC WHITE 43/44 SIZE 9,,0.0,,206.0,600.0,SHWL40473700,,
2025-02-10,加纳,中国,COSTLESS VENTURES,NINGBO JOYCARE MEDICAL SUPPLIER,,,,,,China,,,,9022140000,HEIGHT MESSUREMENT,,0.0,,520.0,600.0,MEDUYP894668,,
2025-03-13,乌干达,中国,GTC INTERNATIONAL LOGISTICS LTD,GUANGZHOU YANLANG INTERNATIONALIMPORT AND EXPORT TRADE CO LTD,,,,,,CHINA,UGANDA,,,90221400000,GAMMA RAY MACHINE,,1.0,Number,340.0,600.0,,,
2025-04-01,乌干达,中国,KAATIS U LIMITED,GUANGZHOU YANLANG INTERNATIONALIMPORT AND EXPORT TRADE CO LTD,,,,,,CHINA,UGANDA,,,90221400000,GAMMA RAY MACHINE,,1.0,Number,340.0,600.0,,,
2025-01-29,加纳,中国,CROWN HEALTHCARE 2024 LTD,SHANGHAI CHANNELMED IMPORT & EXPORT CO LTD,,,,,,China,,,,9022140000,THEATRE CLOGS ANTI STATIC WHITE 41/42 SIZE 8,,0.0,,160.0,600.0,SHWL40473700,,
2025-01-29,加纳,中国,CROWN HEALTHCARE 2024 LTD,SHANGHAI CHANNELMED IMPORT & EXPORT CO LTD,,,,,,China,,,,9022140000,THEATRE CLOGS ANTI STATIC WHITE 45/46 SIZE 10,,0.0,,212.0,600.0,SHWL40473700,,
2025-01-29,加纳,中国,CROWN HEALTHCARE 2024 LTD,SHANGHAI CHANNELMED IMPORT & EXPORT CO LTD,,,,,,China,,,,9022140000,NEBULIZER NEBULISER MACHINE SCMW02,,0.0,,170.0,600.0,SHWL40475600,,
2025-01-29,加纳,中国,CROWN HEALTHCARE 2024 LTD,SHANGHAI CHANNELMED IMPORT & EXPORT CO LTD,,,,,,China,,,,9022140000,THEATRE CLOGS ANTI STATIC WHITE 39/40 SIZE 7,,0.0,,160.0,600.0,SHWL40473700,,
2025-09-26,喀麦隆,中国,HORIZON BIOMEDICAL,DAWEI MEDICAL CO LTD,,,,,,Chine,Cameroun,,,902214000000,DIGITAL X-RAY MACHINE,,1.0,KGM,100.0,591.4398,,,
2025-07-05,印度,中国,CARESTREAM HEALTH INDIA PRIVATE LIMITED,CARESTREAM HEALTH SA,"SUNTECK CENTRE,1ST FLOOR,NR.GARWARE SUBHASH ROAD,VILE PARLE(E) ",,,,,CHINA,,AMSTERDAM,SAHAR AIR CARGO ACC (INBOM4),90221490,SPAM4706 NEW INTERFACE BOARD FOR FMT TS FOR SP (FOR DRX MEDICAL EQUIPMENT)SPAM4706 NEW INTERFACE BOARD FOR FMT TS FOR SP (FOR DRX MEDI,,5.0,NOS,0.0,585.8851,CIRC4CZP5NML9,,
2025-10-10,秘鲁,中国,INTERNACIONAL VET PERU SAC,DHL EXPRESS PERU S A C,,,,,,"CHINA, PEOPLE'S REPUBLIC OF",,Hong Kong,,9022140000,"GENERADOR DE RAYOS X, MEDITECH, HP-X08 VET PARA USO VETERINARIO INCLUYE ACCESORIOS GENERADOR DE RAYOS X S/N HP-X08VET25091801",,1.0,UNITS,3.79,581.36,,,
2025-02-10,加纳,中国,COSTLESS VENTURES,NINGBO JOYCARE MEDICAL SUPPLIER,,,,,,China,,,,9022140000,MULTI SAMPLING NEEDLE,,0.0,,728.0,575.0,MEDUYP894668,,
2025-02-10,加纳,中国,COSTLESS VENTURES,NINGBO JOYCARE MEDICAL SUPPLIER,,,,,,China,,,,9022140000,UNDERCAST PADDING,,0.0,,1415.5,574.56,MEDUYP894668,,
2025-03-24,菲律宾,中国,BIOSITE MEDICAL INSTRUMENTS,SHENZHEN FEIYA BIOMEDICAL TECHNOLOGY CO LTD,"GRND. FLR. 555 MANGA ST. COR. LUISA ST JUNA SUBD MATINA CROSSING, TALOMO DIST. DAVAO CITY",,,,,CHINA,,,,90221400000,1 UNIT X-RAY IMAGING SYSTEM,,1.0,PIECE,250.0,574.1,025F561678,,
2025-05-20,加纳,中国,COSMIST ENTERPRISE,GOLDENGATE HOLDINGS LIMITED,,,,,,China,,,,9022140000,PGLA suture1/2 circle round bodiedneedles 36mm,,0.0,,89.5,567.0,OOLU2757278110,,
2025-01-29,加纳,中国,CROWN HEALTHCARE 2024 LTD,SHANGHAI CHANNELMED IMPORT & EXPORT CO LTD,,,,,,China,,,,9022140000,CHROMIC CATGUT 3/0 RC 25MM 1/2 CIRCLE,,0.0,,21.0,561.0,ONEYSH4FD3149600,,
2025-01-29,加纳,中国,CROWN HEALTHCARE 2024 LTD,SHANGHAI CHANNELMED IMPORT & EXPORT CO LTD,,,,,,China,,,,9022140000,CHROMIC CATGUT3/0 RB 25MM 1/2 CIRCLE,,0.0,,21.0,561.0,ONEYSH4FD3149600,,
2025-01-23,加纳,中国,CROWN HEALTHCARE 2024 LTD,SHANGHAI CHANNELMED IMPORT & EXPORT CO LTD,,,,,,China,,,,9022140000,Savoflorine Vaporizer,,0.0,,10.0,560.0,ONEYCANE89808400,,
2025-01-23,加纳,中国,CROWN HEALTHCARE 2024 LTD,SHANGHAI CHANNELMED IMPORT & EXPORT CO LTD,,,,,,China,,,,9022140000,Fingertip Pluse Oximeter Adult,,0.0,,200.0,560.0,ONEYCANE89808400,,
2025-01-23,加纳,中国,CROWN HEALTHCARE 2024 LTD,SHANGHAI CHANNELMED IMPORT & EXPORT CO LTD,,,,,,China,,,,9022140000,Isoflorine Vaporizer,,0.0,,10.0,560.0,ONEYCANE89808400,,
2025-01-30,加纳,中国,CROWN HEALTHCARE 2024 LTD,SHANGHAI CHANNELMED IMPORT & EXPORT CO LTD,,,,,,China,,,,9022140000,HME BACTERIAL FILTER CHILD,,0.0,,18.0,550.0,MEDUYP829466,,
2025-08-01,乌干达,中国,MRS CHRISTINE KATWESIGE,SAN CARGO IMPORT&EXPORT CO LTD,,,,,,China (CN),,,,90221400000,"X-rays apparatus, medical/surgical/veterinary use nes",,10.0,Number,150.0,549.0,,,
2025-09-08,乌干达,中国,FUTURE MEDICAL EQUIPMENT LTD,MRS CHRISTINE KATWESIGE,,,,,,China (CN),,,,90221400000,"X-rays apparatus, medical/surgical/veterinary use nes",,10.0,Number,150.0,549.0,,,
2025-07-08,斯里兰卡,中国,S Q MARKETING,NINGBO FUCHUN CO LTD,"52 YASODARA MW DEHIWALA,EREG COMP","18/F, NO.151,YAOHANG STREET,NINGBO,CHINA",,,,CHINA,,,,90221400,"X-RAY FILM VIEWER,",,18.0,NIU,40.0,540.58,,,
2025-05-20,加纳,中国,COSMIST ENTERPRISE,GOLDENGATE HOLDINGS LIMITED,,,,,,China,,,,9022140000,PGLA suture1/2 circle round bodiedneedle 40mm,,0.0,,89.5,540.0,OOLU2757278110,,
2025-01-23,加纳,中国,CROWN HEALTHCARE 2024 LTD,SHANGHAI CHANNELMED IMPORT & EXPORT CO LTD,,,,,,China,,,,9022140000,patient monitor Standard Configuration,,0.0,,55.0,540.0,ONEYCANE89808400,,
2025-01-29,加纳,中国,CROWN HEALTHCARE 2024 LTD,SHANGHAI CHANNELMED IMPORT & EXPORT CO LTD,,,,,,China,,,,9022140000,"ENDOTRACHEAL TUBES SILICONIED PLAIN 
2.5/3.0/3.5/4.0/4.5/5.0 EACH 500PCS",,0.0,,32.5,540.0,ONEYSH4FD3149600,,
2025-02-10,加纳,中国,COSTLESS VENTURES,NINGBO JOYCARE MEDICAL SUPPLIER,,,,,,China,,,,9022140000,DISTILLED WATER MACHINE,,0.0,,400.0,525.0,MEDUYP894668,,
2025-01-23,加纳,中国,CROWN HEALTHCARE 2024 LTD,SHANGHAI CHANNELMED IMPORT & EXPORT CO LTD,,,,,,China,,,,9022140000,Patient Monitor,,0.0,,210.0,525.0,ONEYCANE89808400,,
2025-01-02,菲律宾,中国,JEMB NON SPECIALIZED WHOLESALE TRADING,MR GLOBAL HK LIMITED,"ROOM 302 NO 8 FIL EM BLDG LUNA ST POBLACION SAN PEDRO LAGUNA, SAN PEDRO",,,,,CHINA,,,,90221400000,DIAGNOSTIC ULTRASOUND MODEL: 3401B-CTO-S01 (FOR SAMPLE ONLY),,1.0,PIECE,119.0,519.5,CWTMF241200965,,
2025-10-06,阿富汗,中国,MOHAMMAD QASAM AFGHAN S O MOHAMMAD ANWAR AFGHAN,SEVEN STAR FORTUNE LIMITED,2 japan Market manzel 1 Dokan number 37 Central Kandahar,,,,,China                         ,,,,90221400,MEDICAL EQUIPMENT (HIGH FREQUENCY MOBILE C-ARM SYSTEM) (1 SET) (570 KGS),,1.0,u,28.8,508.9732,SNKO03C250901272,,
2025-05-07,乌干达,中国,CANON HEALTHCARE SYSTEMS LTD,GUANGZHOU YANLANG INTERNATIONAL IMPORT&EXPORT TRAD,,,,,,CHINA,UGANDA,,,90221400000,CR SYSTEM,,1.0,Number,150.0,508.0,,,
2025-10-13,乌干达,中国,GTC INTERNATIONAL LOGISTICS LTD,GUANGZHOU YANLANG INTERNATIONALIMPORT&EXPORT TRADE CO LTD,,,,,,China (CN),,,,90221400000,"X-rays apparatus, medical/surgical/veterinary use nes",,1.0,Number,71.0,508.0,,,
2025-09-24,乌干达,中国,GTC INTERNATIONAL LOGISTICS LTD,GUANGZHOU YANLANG INTERNATIONALIMPORT&EXPORT TRADE CO LTD,,,,,,China (CN),,,,90221400000,"X-rays apparatus, medical/surgical/veterinary use nes",,1.0,Number,71.0,508.0,,,
2025-04-19,乌干达,中国,GTC INTERNATIONAL LOGISTICS LTD,GUANGZHOU YANLANG INTERNATIONALIMPORT AND EXPORT TRADE CO LTD,,,,,,CHINA,UGANDA,,,90221400000,CR SYSTEM,,1.0,Number,150.0,507.9999,,,
2025-07-07,尼日利亚,中国,BEGOOD MEDICAL EQUIPMENT NIGERIA LTD,SHANGHAI BAI YUN SAN HE SEN,,,,,,China,,,MUHAMMED MURTALA CARGO,9022140000,"Apparatus based on the use of X-rays or of alpha, betaused for medical, surgical .",,0.0,,74.0,507.235,,,
2025-08-04,乌干达,中国,GTC INTERNATIONAL LOGISTICS LTD,GUANGZHOU YANLANG INTERNATIONALIMPORT&EXPORT TRADE CO LTD,,,,,,China (CN),,,,90221400000,"X-rays apparatus, medical/surgical/veterinary use nes",,1.0,Number,150.0,500.5,,,
2025-02-07,加纳,中国,COSTLESS VENTURES,NINGBO JOYCARE MEDICAL SUPPLIER,,,,,,China,,,,9022140000,MULTI-PARAMETER PATIENT MONITOR,,0.0,,650.0,500.2,MEDUGS946762,,
2025-08-04,乌干达,中国,GTC INTERNATIONAL LOGISTICS LTD,GUANGZHOU YANLANG INTERNATIONALIMPORT&EXPORT TRADE CO LTD,,,,,,China (CN),,,,90221400000,"X-rays apparatus, medical/surgical/veterinary use nes",,1.0,Number,360.0,500.0,,,
2025-02-10,加纳,中国,COSTLESS VENTURES,NINGBO JOYCARE MEDICAL SUPPLIER,,,,,,China,,,,9022140000,HYPODERMIC  NEEDLE,,0.0,,300.0,500.0,MEDUYP894668,,
2025-01-23,加纳,中国,CROWN HEALTHCARE 2024 LTD,SHANGHAI CHANNELMED IMPORT & EXPORT CO LTD,,,,,,China,,,,9022140000,Isoflorine Vaporizer,,0.0,,27.0,500.0,ONEYCANE89808400,,
2025-06-13,加纳,中国,FINNEY HOSPITAL AND FERTILITY CENTRE LIMITED,JIANGSU MEDWISH NETWORK TECHNOLOGY CO LTD,,,,,,China,,,,9022140000,"1 PC  Hospital  
Hydraulic Stretcher",,0.0,,20.0,500.0,MEDUHJ190956,,
2025-01-29,加纳,中国,CROWN HEALTHCARE 2024 LTD,SHANGHAI CHANNELMED IMPORT & EXPORT CO LTD,,,,,,China,,,,9022140000,SECA 210 BABY HEIGHT MEASURING TAPE MAT (10-99 CM),,0.0,,210.0,500.0,SHWL40473700,,
2025-01-23,加纳,中国,CROWN HEALTHCARE 2024 LTD,SHANGHAI CHANNELMED IMPORT & EXPORT CO LTD,,,,,,China,,,,9022140000,Savoflorine  Vaporizer,,0.0,,27.0,500.0,ONEYCANE89808400,,
2025-01-29,加纳,中国,CROWN HEALTHCARE 2024 LTD,SHANGHAI CHANNELMED IMPORT & EXPORT CO LTD,,,,,,China,,,,9022140000,SECA 874+ WEIGHT SCALE DIGITAL FLOOR MOTHER,,0.0,,210.0,500.0,SHWL40473700,,
2025-01-29,加纳,中国,CROWN HEALTHCARE 2024 LTD,SHANGHAI CHANNELMED IMPORT & EXPORT CO LTD,,,,,,China,,,,9022140000,COOLER BOX 6L WITH TEMPRETURE,,0.0,,225.0,500.0,SHWL40473700,,
2025-09-02,乌干达,中国,TRONIC MEDICAL SUPPLIES LTD,GTC INTERNATIONAL LOGISTICS,,,,,,China (CN),,,,90221400000,"X-rays apparatus, medical/surgical/veterinary use nes",,1.0,Number,360.0,499.98,,,
2025-09-02,乌干达,中国,TRONIC MEDICAL SUPPLIES LTD,GTC INTERNATIONAL LOGISTICS,,,,,,China (CN),,,,90221400000,"X-rays apparatus, medical/surgical/veterinary use nes",,1.0,Number,150.0,499.89,,,
2025-07-21,哥伦比亚,中国,INVERSIONES RODRIGUEZ CASTANEDA SAS,TOOTOO MEDITECH CO LTD,KR 7 180 75 LC 21 22 MOD 3,ROOM 2401 BUILDING 3A INTELLIGENT,,,,CHINA,,,,9022140000,DO BOGI25035090. PEDIDO TRAMITE: VVG-25 / 424. DECLARACION(4-4). MERCANCIA NUEVA//NOS ACOGEMOS AL DECRETO 0925 DE MAYO 0,,1.0,NUMERO DE ARTICULOS,2.43,497.55,,,
2025-10-31,印度,中国,CARESTREAM HEALTH INDIA PRIVATE LIMITED,CARESTREAM HEALTH INC,,150 VERONA STREETROCHESTER NY 14608 E.I.N. 208190334 SDNF U.S.A.,,,,"Taiwan,China (TW)",,NEW YORK,SAHAR AIR CARGO ACC (INBOM4),90221490,"TLUNAP9228 METER, LIGHT, CA813, LCD (FOR MEDICAL EQUIPMENT) TLUNAP9228 METER, LIGHT, CA813, LCD (FOR MEDICAL EQUIPMENT)",,2.0,NOS,0.0,486.45,,,
2025-10-31,印度,中国,CARESTREAM HEALTH INDIA PRIVATE LIMITED,CARESTREAM HEALTH INC,,150 VERONA STREETROCHESTER NY 14608 E.I.N. 208190334 SDNF U.S.A.,,,,"Taiwan,China (TW)",,NEW YORK,SAHAR AIR CARGO ACC (INBOM4),90221490,"TLUNAP9228 METER, LIGHT, CA813, LCD (FOR MEDICAL EQUIPMENT) TLUNAP9228 METER, LIGHT, CA813, LCD (FOR MEDICAL EQUIPMENT)",,2.0,NOS,0.0,486.45,,,
2025-07-15,科特迪瓦,中国,COBATIMED,ZHANGJIAGANG MEDI MEDICAL,"25 BP 1897 ABIDJAN (VILLE) 25,riv. faya",EQUIPMENT CO LTD ADD 3,,,,Chine,COTE D'IVOIRE,,,9022140000,"9022140000 - -- Appareils à rayons X pour usages médicaux, ch",,0.0,,340.0,477.0218,,,
2025-01-19,布隆迪,中国,VIDAPHARMA LIMITED,KIMARO FASHION,,,,,,CHINA,,,,90221400,X-RAY UNIT(RAY 68M),,2.1,NMB,82.0,468.4259,,,
2025-02-25,布隆迪,中国,NICOLAS IRADUKUNDA,MAJESTIC WORKSHOPS AND TOOLS TRADING,,,,,,China,,,,90221400,OTHERAPPARATUSBASEDONTHEUSEOFXRAYS????FORMEDICAL,,1.05,NMB,180.0,459.1118,,,
2025-04-28,孟加拉国,中国,ORONNO INTERNATIONAL,HONG KONG HONGEN TRADING LTD,"30/1/A, Dhakeswari Road; Lalbagh",,,,,China,,,,90221400,X-RAY MACHINE,,1.0,NMB,665.82,452.0,,,
2025-04-28,孟加拉国,中国,ORONNO INTERNATIONAL,HONG KONG HONGEN TRADING LTD,"30/1/A, Dhakeswari Road; Lalbagh",HO,,,,CN,,,,90221400,X-RAY MACHINE,,1.0,,665.82,452.0,,,
2025-09-11,印度,中国,EPSILON HEALTHCARE SOLUTIONS PRIVATE LIMITED,IMD CHINA CO LTD,J-4/3B FIRST FLOOR DDA FLATS  KALKAJI ,1-2 FLOOR BUILDING 12 NO 28 YUHUA ROAD AREA B BEIJING TIANZHU AIRPORT INDUSTRIAL ZONE BEIJING CHINA CN,,,,China (CN),,Qingdao,,90221490,TR3 TOROIDAL TRANSFORMER 600VA (71.17.110.003) (PART FOR MFR. OF MEDICAL X-RAY MACHINE)PART FOR MFR. OF MEDICAL X-RAY MACHINE,,2.0,NOS,0.0,450.92,,,
2025-01-29,加纳,中国,CROWN HEALTHCARE 2024 LTD,SHANGHAI CHANNELMED IMPORT & EXPORT CO LTD,,,,,,China,,,,9022140000,SECA 217 TRANSPOTABLE STADIOMETER HEIGHT MEASUREMENT,,0.0,,100.0,450.0,SHWL40473700,,
2025-01-23,加纳,中国,CROWN HEALTHCARE 2024 LTD,SHANGHAI CHANNELMED IMPORT & EXPORT CO LTD,,,,,,China,,,,9022140000,Semi-auto Chemistry Analyzer,,0.0,,15.0,450.0,ONEYCANE89808400,,
2025-02-10,加纳,中国,COSTLESS VENTURES,NINGBO JOYCARE MEDICAL SUPPLIER,,,,,,China,,,,9022140000,ENTERAL  FEEDING BAG,,0.0,,300.0,450.0,MEDUYP894668,,
2025-01-23,加纳,中国,CROWN HEALTHCARE 2024 LTD,SHANGHAI CHANNELMED IMPORT & EXPORT CO LTD,,,,,,China,,,,9022140000,Trolley For Patient Monitor,,0.0,,300.0,450.0,ONEYCANE89808400,,
2025-05-20,加纳,中国,COSMIST ENTERPRISE,GOLDENGATE HOLDINGS LIMITED,,,,,,China,,,,9022140000,PGLA suture1/2 circle round bodiedneedle 20mm,,0.0,,66.0,432.0,OOLU2757278110,,
2025-01-23,加纳,中国,CROWN HEALTHCARE 2024 LTD,SHANGHAI CHANNELMED IMPORT & EXPORT CO LTD,,,,,,China,,,,9022140000,Hematology Analyzer Diluent  DIL-C Diluent:20L,,0.0,,100.0,425.0,ONEYCANE89808400,,
2025-01-23,加纳,中国,CROWN HEALTHCARE 2024 LTD,SHANGHAI CHANNELMED IMPORT & EXPORT CO LTD,,,,,,China,,,,9022140000,Fetal Doppler,,0.0,,70.0,420.0,ONEYCANE89808400,,
2025-08-14,哥斯达黎加,中国,PRODUCTOS MEDICOS CAMPOS PROMECA SOCIEDA,,,,,,,,,,,902214000010,PANEL TACTIL EQUIPO DE RAYOS X DE USO MEDICO SM SM,,1.0,,0.0,405.72,,,SM                                                                    
2025-09-11,印度,中国,EPSILON HEALTHCARE SOLUTIONS PRIVATE LIMITED,IMD CHINA CO LTD,J-4/3B FIRST FLOOR DDA FLATS  KALKAJI ,1-2 FLOOR BUILDING 12 NO 28 YUHUA ROAD AREA B BEIJING TIANZHU AIRPORT INDUSTRIAL ZONE BEIJING CHINA CN,,,,China (CN),,Qingdao,,90221490,S25 BOARD FOR ATLAS 100-30 (73.01.001.023) (PART FOR MFR. OFMEDICAL X-RAY MACHINE)PART FOR MFR. OF MEDICAL X-RAY MACHINE,,1.0,NOS,0.0,405.4,,,
2025-07-26,乌干达,中国,GTC INTERNATIONAL LOGISTICS LTD,GUANGZHOU YANLANG INTERNATIONALIMPORT&EXPORT TRADE CO LTD,,,,,,China (CN),,,,90221400000,"X-rays apparatus, medical/surgical/veterinary use nes",,1.0,Number,360.0,400.0,,,
2025-04-11,马拉维,中国,MCDONALD ABUBAKAR THEWE TEXT INVESTMENTS,MEDSING LONG CO LTD,"Post office Box 42
Dedza,Dedza,",CHINA,,,,CHINA,,,,90221400,MINDRAY ULTRASOUND MACHINE,,1.0, Pieces,96.0,400.0,,,
2025-05-12,肯尼亚,中国,RADWORKS TRADINGS TECHNOLOGIES LTDLTD,SHANGHAI ZC DETECTION ELECTRONIC TECHNOLOGY CO LTD,,,,,,China,Kenya,,,90221400,"LEAD CURTAIN ROLLS; LEAD CURTAIN; LEAD CURTAIN ROLLS; LEAD CURTAIN; Shanghai ZC Detection Electronic Technology Co.,Ltd; LEAD CURTAIN; 1; 1; 1; LEAD CURTAIN ROLLS; 1;",,4.0,UNT,0.0,400.0,,,
2025-07-02,乌干达,中国,PROMETRIC MEDTECH CONSULTANTS SMC LTD,GTC INTERNATIONAL LOGISTICS LTD,,,,,,China (CN),,,,90221400000,"X-rays apparatus, medical/surgical/veterinary use nes",,1.0,Number,393.0,400.0,,,
2025-01-29,加纳,中国,CROWN HEALTHCARE 2024 LTD,SHANGHAI CHANNELMED IMPORT & EXPORT CO LTD,,,,,,China,,,,9022140000,25L WITH TEMPRETURE,,0.0,,180.0,400.0,SHWL40473700,,
2025-06-13,加纳,中国,FINNEY HOSPITAL AND FERTILITY CENTRE LIMITED,JIANGSU MEDWISH NETWORK TECHNOLOGY CO LTD,,,,,,China,,,,9022140000,20 PCs High Strength ABS Material Hospital Over Bed Table,,0.0,,200.0,400.0,MEDUHJ190956,,
2025-02-10,加纳,中国,COSTLESS VENTURES,NINGBO JOYCARE MEDICAL SUPPLIER,,,,,,China,,,,9022140000,PATIENT MONITOR,,0.0,,35.0,400.0,MEDUYP894668,,
2025-02-11,卢旺达,中国,KBN INVESTMENT LTD,SHENZHEN JIYOULONG IMPORT AND EXPORT,,,,,,China,Rwanda,,,902214000000,STC SECURITY INSPIRATION MACHINES &ACC,,642.0,NMB,642.0,392.9175,HUUG40472200,,
2025-02-04,乌干达,中国,SHIP EXPRESS W U GUANGZHOU INTERNATIONAL U LIMITED,A & W TRADE HK CO LIMITED,,,,,,CHINA,UGANDA,,,90221400000,X-RAY FILM CASETTE,,1.0,Number,54.0,390.0001,,,
2025-03-10,乌干达,中国,KAATIS U LIMITED,SHIP EXPRESS W U GUANGZHOU INTERNATIONAL U LIMITED,,,,,,CHINA,UGANDA,,,90221400000,X-RAY FILM CASETTE,,1.0,Number,54.0,389.9999,,,
2025-01-28,乌干达,中国,SHIP EXPRESS W U GUANGZHOU INTERNATIONAL U LIMITED,A & W TRADE HK CO LIMITED,,,,,,CHINA,UGANDA,,,90221400000,X-RAY FILM CASETTE,,1.0,Number,54.0,389.9999,,,
2025-01-29,加纳,中国,CROWN HEALTHCARE 2024 LTD,SHANGHAI CHANNELMED IMPORT & EXPORT CO LTD,,,,,,China,,,,9022140000,NYLON SUTURES 1 RC 40MM 1/2 CIRCLE,,0.0,,28.0,376.0,ONEYSH4FD3149600,,
2025-01-23,加纳,中国,CROWN HEALTHCARE 2024 LTD,SHANGHAI CHANNELMED IMPORT & EXPORT CO LTD,,,,,,China,,,,9022140000,patient monitor Standard Configuration,,0.0,,55.0,375.0,ONEYCANE89808400,,
2025-05-20,加纳,中国,COSMIST ENTERPRISE,GOLDENGATE HOLDINGS LIMITED,,,,,,China,,,,9022140000,PGLA suture1/2 circle round bodiedneeedle 40mm,,0.0,,54.0,375.0,OOLU2757278110,,
2025-01-29,加纳,中国,CROWN HEALTHCARE 2024 LTD,SHANGHAI CHANNELMED IMPORT & EXPORT CO LTD,,,,,,China,,,,9022140000,POLYGLACTIN SUTURES 0 RB 40MM 1/2 CIRCLE,,0.0,,7.0,368.0,ONEYSH4FD3149600,,
2025-01-23,加纳,中国,CROWN HEALTHCARE 2024 LTD,SHANGHAI CHANNELMED IMPORT & EXPORT CO LTD,,,,,,China,,,,9022140000,Hematology Analyzer lyse  LYC-2 lyse:500mL,,0.0,,105.0,367.5,ONEYCANE89808400,,
2025-01-29,加纳,中国,CROWN HEALTHCARE 2024 LTD,SHANGHAI CHANNELMED IMPORT & EXPORT CO LTD,,,,,,China,,,,9022140000,18L WITH TEMPRETURE,,0.0,,162.5,350.0,SHWL40473700,,
2025-07-26,乌干达,中国,GTC INTERNATIONAL LOGISTICS LTD,GUANGZHOU YANLANG INTERNATIONALIMPORT&EXPORT TRADE CO LTD,,,,,,China (CN),,,,90221400000,"X-rays apparatus, medical/surgical/veterinary use nes",,1.0,Number,150.0,350.0,,,
2025-09-11,印度,中国,EPSILON HEALTHCARE SOLUTIONS PRIVATE LIMITED,IMD CHINA CO LTD,J-4/3B FIRST FLOOR DDA FLATS  KALKAJI ,1-2 FLOOR BUILDING 12 NO 28 YUHUA ROAD AREA B BEIJING TIANZHU AIRPORT INDUSTRIAL ZONE BEIJING CHINA CN,,,,China (CN),,Qingdao,,90221490,S62/A BOARD FOR ATLAS 100-30 (73.01.001.004) (PART FOR MFR.OF MEDICAL X-RAY MACHINE)PART FOR MFR. OF MEDICAL X-RAY MACHINE,,1.0,NOS,0.0,349.3,,,
2025-09-11,印度,中国,EPSILON HEALTHCARE SOLUTIONS PRIVATE LIMITED,IMD CHINA CO LTD,J-4/3B FIRST FLOOR DDA FLATS  KALKAJI ,1-2 FLOOR BUILDING 12 NO 28 YUHUA ROAD AREA B BEIJING TIANZHU AIRPORT INDUSTRIAL ZONE BEIJING CHINA CN,,,,China (CN),,Qingdao,,90221490,TR2 TOROIDAL TRANSFORMER 300VA (71.17.110.001) (PART FOR MFR. OF MEDICAL X-RAY MACHINE)PART FOR MFR. OF MEDICAL X-RAY MACHINE,,2.0,NOS,0.0,332.37,,,
2025-01-30,加纳,中国,CROWN HEALTHCARE 2024 LTD,SHANGHAI CHANNELMED IMPORT & EXPORT CO LTD,,,,,,China,,,,9022140000,PNELIGHT LED HS-401F8,,0.0,,10.0,326.0,MEDUYP829466,,
2025-01-29,加纳,中国,CROWN HEALTHCARE 2024 LTD,SHANGHAI CHANNELMED IMPORT & EXPORT CO LTD,,,,,,China,,,,9022140000,POLYGLACTIN SUTURES 3/0 RC 30MM 1/2 CIRCLE,,0.0,,7.0,323.0,ONEYSH4FD3149600,,
2025-04-23,乌干达,中国,MARINE TIME CARGO PTY LIMITED,HANGZHOU LINGLU NEW MATERIALTECHNOLOGY CO LTD,,,,,,CHINA,UGANDA,,,90221400000,X-RAY LEAD COLLAR FA11,,16.0,Number,32.0,319.8719,,,
2025-08-12,加纳,中国,YAKS ROOFING SYSTEMS LTD,LIEBTY EQUIPMENT PTE LTD,,,,,,China,,,,9022140000,HXP-D (X-Ray Film Processor) 1PC,,0.0,,180.0,316.6199,MEDUQV690357,,
2025-01-23,加纳,中国,CROWN HEALTHCARE 2024 LTD,SHANGHAI CHANNELMED IMPORT & EXPORT CO LTD,,,,,,China,,,,9022140000,Cleanser CLE-P Cleanser:50,,0.0,,150.0,315.0,ONEYCANE89808400,,
2025-07-24,乌干达,中国,MRS CHRISTINE KATWESIGE,SAN CARGO IMPORT&EXPORT CO LTD,,,,,,China (CN),,,,90221400000,"X-rays apparatus, medical/surgical/veterinary use nes",,10.0,Number,150.0,305.0,,,
2025-06-02,乌干达,中国,FIRM MEDICAL SUPPLIES LTD,YIWU WAKANDA MEDICAL INSTRUMENT CO LTD,,,,,,China (CN),,,,90221400000,"X-rays apparatus, medical/surgical/veterinary use nes",,2.0,Number,312.0,302.0,,,
2025-05-22,乌干达,中国,FIRM MEDICAL SUPPLIES LIMITED,YIWU WAKANDA MEDICALINSTRUMENT CO LTD,,,,,,CHINA,UGANDA,,,90221400000,CR SYSTEMS,,2.0,Number,312.0,301.9999,,,
2025-01-29,加纳,中国,CROWN HEALTHCARE 2024 LTD,SHANGHAI CHANNELMED IMPORT & EXPORT CO LTD,,,,,,China,,,,9022140000,12L WITH TEMPRETURE,,0.0,,115.0,300.0,SHWL40473700,,
2025-04-09,乌干达,中国,SHIP EXPRESS W U GUANGZHOU INTERNATIONAL U LTD,A & W TRADE HK CO LIMITED,,,,,,CHINA,UGANDA,,,90221400000,XRAY MACHINE,,1.0,Number,120.0,300.0,,,
2025-01-29,加纳,中国,CROWN HEALTHCARE 2024 LTD,SHANGHAI CHANNELMED IMPORT & EXPORT CO LTD,,,,,,China,,,,9022140000,X RAY LEAD SHEET 2000MMX1000MMX1.5MM,,0.0,,360.0,300.0,SHWL40475600,,
2025-01-23,加纳,中国,CROWN HEALTHCARE 2024 LTD,SHANGHAI CHANNELMED IMPORT & EXPORT CO LTD,,,,,,China,,,,9022140000,Patient Monitor (Etco2+IBP+Pinter+Touch Screen),,0.0,,150.0,300.0,ONEYCANE89808400,,
2025-01-23,加纳,中国,CROWN HEALTHCARE 2024 LTD,SHANGHAI CHANNELMED IMPORT & EXPORT CO LTD,,,,,,China,,,,9022140000,Hematology Analyzer lyse LYC-1 lyse:200mL,,0.0,,350.0,290.5,ONEYCANE89808400,,
2025-01-23,加纳,中国,CROWN HEALTHCARE 2024 LTD,SHANGHAI CHANNELMED IMPORT & EXPORT CO LTD,,,,,,China,,,,9022140000,Halothine Vaporizer,,0.0,,10.0,280.0,ONEYCANE89808400,,
2025-01-23,加纳,中国,CROWN HEALTHCARE 2024 LTD,SHANGHAI CHANNELMED IMPORT & EXPORT CO LTD,,,,,,China,,,,9022140000,Savoflorine Vaporizer,,0.0,,10.0,280.0,ONEYCANE89808400,,
2025-01-23,加纳,中国,CROWN HEALTHCARE 2024 LTD,SHANGHAI CHANNELMED IMPORT & EXPORT CO LTD,,,,,,China,,,,9022140000,Isoflorine Vaporizer,,0.0,,10.0,280.0,ONEYCANE89808400,,
2025-01-29,加纳,中国,CROWN HEALTHCARE 2024 LTD,SHANGHAI CHANNELMED IMPORT & EXPORT CO LTD,,,,,,China,,,,9022140000,SECA 876 WEIGHT SCALE DIGITAL FLOOR (250 KGS),,0.0,,100.0,275.0,SHWL40473700,,
2025-06-13,加纳,中国,FINNEY HOSPITAL AND FERTILITY CENTRE LIMITED,JIANGSU MEDWISH NETWORK TECHNOLOGY CO LTD,,,,,,China,,,,9022140000,5 PC Hospital Examination couch,,0.0,,220.0,250.0,MEDUHJ190956,,
2025-02-10,加纳,中国,COSTLESS VENTURES,NINGBO JOYCARE MEDICAL SUPPLIER,,,,,,China,,,,9022140000,WALL STAND,,0.0,,70.0,250.0,MEDUYP894668,,
2025-09-16,乌干达,中国,CAREMEAD SYSTEMS LTD,GUANGZHOU YANLANG INTERNATIONAL IMPORT&EXPORT TRADE CO LTD,,,,,,China (CN),,,,90221400000,"X-rays apparatus, medical/surgical/veterinary use nes",,1.0,Number,142.0,246.0,,,
2025-08-29,乌干达,中国,CAREMEAD SYSTEMS LTD,GUANGZHOU YANLANG INTERNATIONAL IMPORT&EXPORT TRADE CO LTD,,,,,,China (CN),,,,90221400000,"X-rays apparatus, medical/surgical/veterinary use nes",,1.0,Number,142.0,246.0,,,
2025-09-05,乌干达,中国,CAREMEAD SYSTEMS LTD,GUANGZHOU YANLANG INTERNATIONAL IMPORT&EXPORT TRADE CO LTD,,,,,,China (CN),,,,90221400000,"X-rays apparatus, medical/surgical/veterinary use nes",,1.0,Number,142.0,246.0,,,
2025-04-03,印度,中国,INSPECTION TECHNOLOGY,HUIDELIN NDT LIMITED,"504,URMILA SAHAR RD.,  ANDHERI (E) ",,,,,CHINA,,Dalian,NHAVA SHEVA SEA (INNSA1),90221490,INDUSTRIAL FLAW DETECTOR MACHINE & PARTS: H.V Coil 250kv(2503)INDUSTRIAL FLAW DETECTOR MACHINE & PARTS:,,1.0,NOS,0.0,244.9195,HSUMHTVG4HWZJ,,
2025-04-04,印度,中国,INSPECTION TECHNOLOGY,HUIDELIN NDT LIMITED,"504,URMILA SAHAR RD.,  ANDHERI (E) ",,,,,CHINA,,Dalian,NHAVA SHEVA SEA (INNSA1),90221490,INDUSTRIAL FLAW DETECTOR MACHINE & PARTS: H.V Coil 250kv(2503)INDUSTRIAL FLAW DETECTOR MACHINE & PARTS:,,1.0,NOS,0.0,241.821,J0197B2VH0DVW,,
2025-01-30,加纳,中国,CROWN HEALTHCARE 2024 LTD,SHANGHAI CHANNELMED IMPORT & EXPORT CO LTD,,,,,,China,,,,9022140000,ACTIVATOR 13X100MM 5.5ML HEPARIN LITHIUM GREEN 13X75MM 4.5ML,,0.0,,39.5,240.0,MEDUYP829466,,
2025-08-23,印度,中国,TRIVITRON HEALTHCARE PRIVATE LIMITED,SUZHOU POWERSITE ELECTRIC CO LTD,"NO.15,4TH STREET,  ABHIRAMAPURAM, ","BUILDING 5, NO.188 FUCHUNJIANG ROAD , SUZHOU NEW DISTRICT 215151 SUZHOU , PEOPLE'S REPUBLIC OF CHINA CHINA",,,,China (CN),,Zhengzhou,,90221410,PSG-CS04 CONTROL BOX WITH RS232-DB9 MALE TO FEMALE CABLE-8M PSG-CS04 CONTROL BOX WITH RS232-DB9 MALE TO FEMALE CABLE-8M,,1.0,NOS,0.0,219.91,,,
2025-09-08,乌干达,中国,FUTURE MEDICAL EQUIPMENT LTD,MRS CHRISTINE KATWESIGE,,,,,,China (CN),,,,90221400000,"X-rays apparatus, medical/surgical/veterinary use nes",,1.0,Number,300.0,219.24,,,
2025-08-01,乌干达,中国,MRS CHRISTINE KATWESIGE,SAN CARGO IMPORT&EXPORT CO LTD,,,,,,China (CN),,,,90221400000,"X-rays apparatus, medical/surgical/veterinary use nes",,1.0,Number,300.0,219.24,,,
2025-01-29,加纳,中国,CROWN HEALTHCARE 2024 LTD,SHANGHAI CHANNELMED IMPORT & EXPORT CO LTD,,,,,,China,,,,9022140000,CHROMIC CATGUT 0 RC 40MM 1/2 CIRCLE,,0.0,,7.0,217.0,ONEYSH4FD3149600,,
2025-05-20,加纳,中国,COSMIST ENTERPRISE,GOLDENGATE HOLDINGS LIMITED,,,,,,China,,,,9022140000,PGLA suture1/2 circle round bodiedneedle 50mm,,0.0,,32.5,216.0,OOLU2757278110,,
2025-02-10,加纳,中国,COSTLESS VENTURES,NINGBO JOYCARE MEDICAL SUPPLIER,,,,,,China,,,,9022140000,MCROSCOPE SLIDE,,0.0,,1300.0,210.0,MEDUYP894668,,
2025-04-03,印度,中国,INSPECTION TECHNOLOGY,HUIDELIN NDT LIMITED,"504,URMILA SAHAR RD.,  ANDHERI (E) ",,,,,CHINA,,Dalian,NHAVA SHEVA SEA (INNSA1),90221490,INDUSTRIAL FLAW DETECTOR MACHINE & PARTS: H.V Coil 160kv INDUSTRIAL FLAW DETECTOR MACHINE & PARTS:,,1.0,NOS,0.0,204.2733,HSUMHTVG4HWZJ,,
2025-07-24,乌干达,中国,MRS CHRISTINE KATWESIGE,SAN CARGO IMPORT&EXPORT CO LTD,,,,,,China (CN),,,,90221400000,"X-rays apparatus, medical/surgical/veterinary use nes",,1.0,Number,300.0,203.0,,,
2025-04-04,印度,中国,INSPECTION TECHNOLOGY,HUIDELIN NDT LIMITED,"504,URMILA SAHAR RD.,  ANDHERI (E) ",,,,,CHINA,,Dalian,NHAVA SHEVA SEA (INNSA1),90221490,INDUSTRIAL FLAW DETECTOR MACHINE & PARTS: H.V Coil 160kv INDUSTRIAL FLAW DETECTOR MACHINE & PARTS:,,1.0,NOS,0.0,201.689,J0197B2VH0DVW,,
2025-01-27,墨西哥,中国,LOGISTICA LASO SA DE CV,PROMED EXPORT SERVICES LLC,"CEDRO 314 PRIVADA GUAMUCHIL Y CALLE SABINO
Reynosa
Tamaulipas
88747","


",,,,FRANCE,,,CIUDAD REYNOSA CIUDAD REYNOSA TAMAULIPAS.,9022149199,CONSOLA DE MANDO PARTE PARA EQUIPO DE MASTOGRAFIA CON ACCESORIOS USADA MCA GE MEDICAL SYSTEMS SCS N P 5534787 S N 00852,,1.0,PIECE,10267.0,200.98,,,
2025-02-25,乌干达,中国,GTC INTERNATIONAL LOGISTICS LTD,GUANGZHOU YANLANG INTERNATIONALIMPORT AND EXPORT TRADE CO LTD,,,,,,CHINA,UGANDA,,,90221400000,GAMMA RAY MACHINE,,1.0,Number,340.0,200.0,,,
2025-03-13,乌干达,中国,GTC INTERNATIONAL LOGISTICS LTD,GUANGZHOU YANLANG INTERNATIONALIMPORT AND EXPORT TRADE CO LTD,,,,,,CHINA,UGANDA,,,90221400000,X RAY MACHINE,,1.0,Number,340.0,200.0,,,
2025-04-01,乌干达,中国,KAATIS U LIMITED,GUANGZHOU YANLANG INTERNATIONALIMPORT AND EXPORT TRADE CO LTD,,,,,,CHINA,UGANDA,,,90221400000,X RAY MACHINE,,1.0,Number,340.0,200.0,,,
2025-01-23,加纳,中国,CROWN HEALTHCARE 2024 LTD,SHANGHAI CHANNELMED IMPORT & EXPORT CO LTD,,,,,,China,,,,9022140000,Fingertip Pluse Oximeter Child,,0.0,,50.0,200.0,ONEYCANE89808400,,
2025-06-13,加纳,中国,FINNEY HOSPITAL AND FERTILITY CENTRE LIMITED,JIANGSU MEDWISH NETWORK TECHNOLOGY CO LTD,,,,,,China,,,,9022140000,2 PCs  Hospital ABS Handrail Manual Transfer Medical Stretcher,,0.0,,20.0,200.0,MEDUHJ190956,,
2025-02-25,乌干达,中国,GTC INTERNATIONAL LOGISTICS LTD,GUANGZHOU YANLANG INTERNATIONALIMPORT AND EXPORT TRADE CO LTD,,,,,,CHINA,UGANDA,,,90221400000,X RAY MACHINE,,1.0,Number,340.0,200.0,,,
2025-01-29,加纳,中国,CROWN HEALTHCARE 2024 LTD,SHANGHAI CHANNELMED IMPORT & EXPORT CO LTD,,,,,,China,,,,9022140000,CHROMIC CATGUT  4/0 RB 20MM 1/2 CIRCLE,,0.0,,7.0,192.0,ONEYSH4FD3149600,,
2025-01-29,加纳,中国,CROWN HEALTHCARE 2024 LTD,SHANGHAI CHANNELMED IMPORT & EXPORT CO LTD,,,,,,China,,,,9022140000,CHROMIC CATGUT  4/0 RC 20MM 1/2 CIRCLE,,0.0,,7.0,192.0,ONEYSH4FD3149600,,
2025-01-29,加纳,中国,CROWN HEALTHCARE 2024 LTD,SHANGHAI CHANNELMED IMPORT & EXPORT CO LTD,,,,,,China,,,,9022140000,NYLON SUTURES 1 RB 40MM 1/2 CIRCLE,,0.0,,14.0,188.0,ONEYSH4FD3149600,,
2025-01-29,加纳,中国,CROWN HEALTHCARE 2024 LTD,SHANGHAI CHANNELMED IMPORT & EXPORT CO LTD,,,,,,China,,,,9022140000,NYLON SUTURES 3/0 RC 26MM 1/2 CIRCLE,,0.0,,14.0,188.0,ONEYSH4FD3149600,,
2025-01-29,加纳,中国,CROWN HEALTHCARE 2024 LTD,SHANGHAI CHANNELMED IMPORT & EXPORT CO LTD,,,,,,China,,,,9022140000,NYLON SUTURES 2/0 RB 40MM 1/2 CIRCLE,,0.0,,14.0,188.0,ONEYSH4FD3149600,,
2025-01-29,加纳,中国,CROWN HEALTHCARE 2024 LTD,SHANGHAI CHANNELMED IMPORT & EXPORT CO LTD,,,,,,China,,,,9022140000,NYLON SUTURES 2 RB 40MM 1/2 CIRCLE,,0.0,,14.0,188.0,ONEYSH4FD3149600,,
2025-04-03,印度,中国,INSPECTION TECHNOLOGY,HUIDELIN NDT LIMITED,"504,URMILA SAHAR RD.,  ANDHERI (E) ",,,,,CHINA,,Dalian,NHAVA SHEVA SEA (INNSA1),90221490,INDUSTRIAL FLAW DETECTOR MACHINE & PARTS: H.V Coil 100kv INDUSTRIAL FLAW DETECTOR MACHINE & PARTS:,,1.0,NOS,0.0,182.3868,HSUMHTVG4HWZJ,,
2025-04-04,印度,中国,INSPECTION TECHNOLOGY,HUIDELIN NDT LIMITED,"504,URMILA SAHAR RD.,  ANDHERI (E) ",,,,,CHINA,,Dalian,NHAVA SHEVA SEA (INNSA1),90221490,INDUSTRIAL FLAW DETECTOR MACHINE & PARTS: H.V Coil 100kv INDUSTRIAL FLAW DETECTOR MACHINE & PARTS:,,1.0,NOS,0.0,180.0795,J0197B2VH0DVW,,
2025-01-30,加纳,中国,CROWN HEALTHCARE 2024 LTD,SHANGHAI CHANNELMED IMPORT & EXPORT CO LTD,,,,,,China,,,,9022140000,ACTIVATOR 13X100MM 5.5ML SODIUM FLOURIDE 4.5ML GRAY TOP,,0.0,,39.5,180.0,MEDUYP829466,,
2025-01-29,加纳,中国,CROWN HEALTHCARE 2024 LTD,SHANGHAI CHANNELMED IMPORT & EXPORT CO LTD,,,,,,China,,,,9022140000,SECA 310 WEIGHT SCALE BABY HANGING MECHANICAL DIAL TYPE (25 KG),,0.0,,100.0,180.0,SHWL40473700,,
2025-01-29,加纳,中国,CROWN HEALTHCARE 2024 LTD,SHANGHAI CHANNELMED IMPORT & EXPORT CO LTD,,,,,,China,,,,9022140000,SECA 232 BABY HEIGHT MEASURE ROAD ANALOG,,0.0,,100.0,180.0,SHWL40473700,,
2025-03-13,秘鲁,中国,SALMED EIRL,,,,,,,"CHINA, PEOPLE'S REPUBLIC OF",,MIAMI,,9022140000,"ESTUCHE,BARDALES MEDICAL,BJJZ-1, MATERIAL ALUMINIO PARA TRAUMATOLOGIA ESTUCHE PART NUMBER: BJXDH",,7.0,UNITS,0.97,163.82,,,
2025-01-29,加纳,中国,CROWN HEALTHCARE 2024 LTD,SHANGHAI CHANNELMED IMPORT & EXPORT CO LTD,,,,,,China,,,,9022140000,SECA 874U WEIGHT SCALE DIGITAL FLOOR MOTHER /C,,0.0,,20.0,160.0,SHWL40473700,,
2025-05-07,乌干达,中国,ST JUDE ELECRTICAL AND MEDICAL EQUIPMENT WORKSHOP LTD,MARINE TIME CARGO PTY LIMITED,,,,,,CHINA,UGANDA,,,90221400000,X-RAY LEAD COLLAR FA11,,16.0,Number,32.0,159.0,,,
2025-09-29,乌干达,中国,FIRM MEDICAL SUPPLIES LTD,YIWU WAKANDA MEDICAL INSTRUMENT CO LTD,,,,,,China (CN),,,,90221400000,"X-rays apparatus, medical/surgical/veterinary use nes",,5.0,Number,365.0,153.13,,,
2025-10-03,乌干达,中国,FIRM MEDICAL SUPPLIES LTD,YIWU WAKANDA MEDICAL INSTRUMENT CO LTD,,,,,,China (CN),,,,90221400000,"X-rays apparatus, medical/surgical/veterinary use nes",,5.0,Number,365.0,153.0,,,
2025-06-17,乌干达,中国,MR ALEX OKIRING MEDAN,MR ZHOU SANHEYUAN CO LTD,,,,,,China (CN),,,,90221400000,"X-rays apparatus, medical/surgical/veterinary use nes",,1.0,Number,6.0,152.0,,,
2025-06-03,智利,中国,,,,,,,,CHINA,,Hong Kong,Aeropuerto comodoro arturo merino ,90221490,DE LOS UTILIZADOS EN USO MEDICO.,,8.0,UNIDADES,3.73,151.77,045-15206483,, MEDSINGLONG-F
2025-06-13,加纳,中国,FINNEY HOSPITAL AND FERTILITY CENTRE LIMITED,JIANGSU MEDWISH NETWORK TECHNOLOGY CO LTD,,,,,,China,,,,9022140000,"3 PCS  Hospital Emergency Trolley  
Equipment",,0.0,,20.0,150.0,MEDUHJ190956,,
2025-06-13,加纳,中国,FINNEY HOSPITAL AND FERTILITY CENTRE LIMITED,JIANGSU MEDWISH NETWORK TECHNOLOGY CO LTD,,,,,,China,,,,9022140000,"3 PCS  Hospital ABS Utility Trolley With  
Drawers",,0.0,,20.0,150.0,MEDUHJ190956,,
2025-09-15,孟加拉国,中国,TRUST GLOBAL TRADING,GREEN MILE INTERNATIONAL LTD,"Plot -2492, Ainnusbag; Dakshin Khan",HO,,,,CN,,,,90221400,X-RAY MACHINE,,7.0,,45.0,140.0,,,
2025-04-11,乌干达,中国,MARINE TIME CARGO PTY LIMITED,HANGZHOU LINGLU NEW MATERIALTECHNOLOGY CO LTD,,,,,,CHINA,UGANDA,,,90221400000,X-RAY LEAD COLLAR FA11,,16.0,Number,32.0,136.0,,,
2025-03-10,乌干达,中国,KAATIS U LIMITED,SHIP EXPRESS W U GUANGZHOU INTERNATIONAL U LIMITED,,,,,,CHINA,UGANDA,,,90221400000,TR300 ANALOG XRAY MACHINE,,1.0,Number,1340.0,130.0001,,,
2025-09-18,乌干达,中国,FIRM MEDICAL SUPPLIES LTD,YIWU WAKANDA MEDICAL INSTRUMENT CO LTD,,,,,,China (CN),,,,90221400000,"X-rays apparatus, medical/surgical/veterinary use nes",,5.0,Number,365.0,125.0,,,
2025-04-24,乌干达,中国,DORAH MWIMA FOUNDATION LIMITED,YEPENG INTERNATIONAL LTD,,,,,,CHINA,UGANDA,,,90221400000,CTG MACHINE,,1.0,Number,30.0,120.0001,,,
2025-03-24,乌干达,中国,MARINE TIME CARGO PTY LIMITED,YEPENG INTERNATIONAL LTD,,,,,,CHINA,UGANDA,,,90221400000,CTG MACHINE,,1.0,Number,30.0,119.9999,,,
2025-03-14,乌干达,中国,MARINE TIME CARGO PTY LIMITED,YEPENG INTERNATIONAL LTD,,,,,,CHINA,UGANDA,,,90221400000,CTG MACHINE,,1.0,Number,30.0,119.9999,,,
2025-01-20,印度,中国,PHILIPS INDIA LIMITED,PHILIPS ELECTRONICS SINGAPORE PTE LTD,"7, JUSTICE CHANDRA MADHAB ROAD,  KOLKATA, ",,,,,CHINA,,Singapore,KOLKATA ACC (INCCU4),90221490,459800669934 JOYSTICKHEAD KIT (BATCH U) (FOR USE IN MEDICALEQUIPMENT)459800669934 JOYSTICKHEAD KIT (BATCH U) (FOR USE IN MEDICAL,,1.0,NOS,0.0,105.9906,23NJT8U68KZ4M,,
2025-07-04,肯尼亚,中国,DOFLOSHE ENTERPRISES LIMITED,GUANGZHOU SG MEDICAL DEVICE CO LTD,,,,,,China,Kenya,,,90221400,"N; LED examination lamp; LED examination lamp; LED examination lamp; Guangzhou SG-Medical Device CO,. Ltd; LED examination lamp; 1; 10; LED examination lamp; LED examination lamp; 69; 1;",,10.0,UNT,0.0,103.5,,,
2025-07-05,肯尼亚,中国,DOFLOSHE ENTERPRISES LIMITED,GUANGZHOU SG MEDICAL DEVICE CO LTD,,,,,,China,Kenya,,,90221400,"LED examination lamp; N; LED examination lamp; LED examination lamp; Guangzhou SG-Medical Device CO,. Ltd; LED examination lamp; LED examination lamp; 1; 10; LED examination lamp; 69; 1;",,10.0,UNT,0.0,103.5,,,
2025-01-22,阿富汗,中国,OMAR ARSALAN ANSARI LTD,STAR FORTUNE GLOBAL LIMITED,Khair Khana hesa 3 Hotel Parwan Nahya 11 Central Kabul,"FLAT/RM301 KAM ON BUILDING 176A QUEEN'S ROAD CENTRAL HONG KONG, B/AGENT HAJI MOHAMMAD ALI AND SONS CHAMAN",,,,China,,,,90221400,DIGITAL FPD C-ARM SYSTEM ALONG WITH RADIATION PROTECTIVE (GLASSES COLLAR OVERLAP) ACCESSORIES (1 SET) (600 KGS),,1.0,u,20.92,102.136,S226026490,,
2025-06-27,尼日利亚,中国,UPS NIG LTD,UPS NIG LTD,,,,,,United States,,,MUHAMMED MURTALA INTERNATIONAL,9022140000,"Apparatus based on the use of X-rays or of alpha, betaused for medical, surgical .",,0.0,,2.0,101.71,,,
2025-06-13,加纳,中国,FINNEY HOSPITAL AND FERTILITY CENTRE LIMITED,JIANGSU MEDWISH NETWORK TECHNOLOGY CO LTD,,,,,,China,,,,9022140000,"2 PCS  Stainless Steel Hospital Dressing  Trolley Treatment  
Trolley With Drawers",,0.0,,20.0,100.0,MEDUHJ190956,,
2025-06-13,加纳,中国,FINNEY HOSPITAL AND FERTILITY CENTRE LIMITED,JIANGSU MEDWISH NETWORK TECHNOLOGY CO LTD,,,,,,China,,,,9022140000,1 pc Medical Dialysis Chair,,0.0,,220.0,100.0,MEDUHJ190956,,
2025-06-13,加纳,中国,FINNEY HOSPITAL AND FERTILITY CENTRE LIMITED,JIANGSU MEDWISH NETWORK TECHNOLOGY CO LTD,,,,,,China,,,,9022140000,"10 PCS  Hospital  Stainless Steel IV  
Stan",,0.0,,20.0,100.0,MEDUHJ190956,,
2025-02-16,马拉维,中国,MIRRIAM CHIPINGA,HAKKA LIMITED,"P.O.BOX 149
LILONGWE,LILONGWE,",CHINA,,,,CHINA,,,,90221400,HAND HELD DIGITAL X-RAY MACHINE,,1.0, Pieces,35.0,100.0,,,
2025-06-13,加纳,中国,FINNEY HOSPITAL AND FERTILITY CENTRE LIMITED,JIANGSU MEDWISH NETWORK TECHNOLOGY CO LTD,,,,,,China,,,,9022140000,"2 PCS  ABS Hospital Medical Trolley  
Cart",,0.0,,20.0,100.0,MEDUHJ190956,,
2025-09-30,孟加拉国,中国,M M MEDICAL SUPPLY,NINGBO JUSTOP MEDICAL INSTRUMENTS C,"17/2, TOPKHANA ROAD, GAFUR TOWER",,,,,CN,,,,90221400,X-RAY PROTECTION LEAD APRON 0.35MMPB ADULT,,50.0,,125.0,100.0,,,
2025-06-13,加纳,中国,FINNEY HOSPITAL AND FERTILITY CENTRE LIMITED,JIANGSU MEDWISH NETWORK TECHNOLOGY CO LTD,,,,,,China,,,,9022140000,"2 PCS  Hospital ABS Anesthesia  
Trolley",,0.0,,20.0,100.0,MEDUHJ190956,,
2025-06-13,加纳,中国,FINNEY HOSPITAL AND FERTILITY CENTRE LIMITED,JIANGSU MEDWISH NETWORK TECHNOLOGY CO LTD,,,,,,China,,,,9022140000,"1 PCS  Hospital Computer Carts on Wheels for  
Hospitals",,0.0,,20.0,100.0,MEDUHJ190956,,
2025-09-30,孟加拉国,中国,M M MEDICAL SUPPLY,NINGBO JUSTOP MEDICAL INSTRUMENTS C,"17/2, TOPKHANA ROAD, GAFUR TOWER",,,,,CN,,,,90221400,X-RAY PROTECTION LEAD APRON 0.5MMPB ADULT,,50.0,,170.0,100.0,,,
2025-06-13,加纳,中国,FINNEY HOSPITAL AND FERTILITY CENTRE LIMITED,JIANGSU MEDWISH NETWORK TECHNOLOGY CO LTD,,,,,,China,,,,9022140000,"2 PCS  Hospital  Stainless Steel Surgical Instrumen 
t Trolley",,0.0,,20.0,100.0,MEDUHJ190956,,
2025-06-13,加纳,中国,FINNEY HOSPITAL AND FERTILITY CENTRE LIMITED,JIANGSU MEDWISH NETWORK TECHNOLOGY CO LTD,,,,,,China,,,,9022140000,"2 PCS  Hospital Stainless Steel Dirty  
Linen Cart",,0.0,,20.0,100.0,MEDUHJ190956,,
2025-01-22,巴基斯坦,中国,OMAR ARSALAN ANSARI LTD,STAR FORTUNE GLOBAL LIMITED,Khair Khana hesa 3 Hotel Parwan Nahya 11 Central Kabul,,,,,China,,,ITTK,90221400,DIGITAL FPD C-ARM SYSTEM ALONG WITH RADIATION PROTECTIVE (GLASSES COLLAR OVERLAP) ACCESSORIES (1 SET) (600 KGS),,1.0,u,0.0,100.0,,,
2025-01-29,加纳,中国,CROWN HEALTHCARE 2024 LTD,SHANGHAI CHANNELMED IMPORT & EXPORT CO LTD,,,,,,China,,,,9022140000,NYLON SUTURES 3/0 RB 26MM 1/2 CIRCLE,,0.0,,7.0,94.0,ONEYSH4FD3149600,,
2025-01-29,加纳,中国,CROWN HEALTHCARE 2024 LTD,SHANGHAI CHANNELMED IMPORT & EXPORT CO LTD,,,,,,China,,,,9022140000,NYLON SUTURES 0 RC 40MM 1/2 CIRCLE,,0.0,,7.0,94.0,ONEYSH4FD3149600,,
2025-01-29,加纳,中国,CROWN HEALTHCARE 2024 LTD,SHANGHAI CHANNELMED IMPORT & EXPORT CO LTD,,,,,,China,,,,9022140000,NYLON SUTURES 4/0 RC 18MM 1/2 CIRCLE,,0.0,,7.0,94.0,ONEYSH4FD3149600,,
2025-03-13,秘鲁,中国,SALMED EIRL,,,,,,,"CHINA, PEOPLE'S REPUBLIC OF",,MIAMI,,9022140000,"ESTUCHE,BARDALES MEDICAL,BJJZ-1, MATERIAL ALUMINIO PARA TRAUMATOLOGIA ESTUCHE PART NUMBER: BJXDH",,4.0,UNITS,0.56,93.61,,,
2025-02-04,乌干达,中国,SHIP EXPRESS W U GUANGZHOU INTERNATIONAL U LIMITED,A & W TRADE HK CO LIMITED,,,,,,CHINA,UGANDA,,,90221400000,X-RAY FILM VIEWER,,1.0,Number,19.0,90.0001,,,
2025-01-28,乌干达,中国,SHIP EXPRESS W U GUANGZHOU INTERNATIONAL U LIMITED,A & W TRADE HK CO LIMITED,,,,,,CHINA,UGANDA,,,90221400000,X-RAY FILM VIEWER,,1.0,Number,19.0,89.9999,,,
2025-03-10,乌干达,中国,KAATIS U LIMITED,SHIP EXPRESS W U GUANGZHOU INTERNATIONAL U LIMITED,,,,,,CHINA,UGANDA,,,90221400000,X-RAY FILM VIEWER,,1.0,Number,19.0,89.9999,,,
2025-05-28,印度,中国,CARESTREAM HEALTH INDIA PRIVATE LIMITED,CARESTREAM HEALTH SA,"SUNTECK CENTRE,1ST FLOOR,NR.GARWARE SUBHASH ROAD,VILE PARLE(E) ",,,,,CHINA,,AMSTERDAM,SAHAR AIR CARGO ACC (INBOM4),90221490,SPAJ2452 BOARD INTERFACE CAN BUS (FOR MEDICAL EQUIPMENT) SPAJ2452 BOARD INTERFACE CAN BUS (FOR MEDICAL EQUIPMENT),,1.0,NOS,0.0,81.1058,VYVGD3ZPFDHDT,,
2025-06-28,卢旺达,中国,TEC GLOBAL LIMITED,TRANSFER MULTISORT ELEKTRONIK SPP Z,,,,,,China,Rwanda,,,90221400,"OTHER APPARATUS BASED ON THE USE OF XRAYSÃ , FOR MEDICAL,""",,5.0,NMB,2.0,80.7603,,,
2025-06-13,印度,中国,CARESTREAM HEALTH INDIA PRIVATE LIMITED,CARESTREAM HEALTH INC,"SUNTECK CENTRE,1ST FLOOR,NR.GARWARE SUBHASH ROAD,VILE PARLE(E) ",,,,,CHINA,,NEW YORK,SAHAR AIR CARGO ACC (INBOM4),90221490,SPAJ2452 BOARD INTERFACE CAN BUS (FOR DRX MEDICAL EQUIPMENT) SPAJ2452 BOARD INTERFACE CAN BUS (FOR DRX MEDICAL EQUIPMENT),,1.0,NOS,0.0,78.7988,08QJKZEYSQF4K,,
2025-06-13,印度,中国,CARESTREAM HEALTH INDIA PRIVATE LIMITED,CARESTREAM HEALTH INC,"SUNTECK CENTRE,1ST FLOOR,NR.GARWARE SUBHASH ROAD,VILE PARLE(E) ",,,,,CHINA,,NEW YORK,SAHAR AIR CARGO ACC (INBOM4),90221490,SPAJ2452 BOARD INTERFACE CAN BUS (FOR DRX MEDICAL EQUIPMENT) SPAJ2452 BOARD INTERFACE CAN BUS (FOR DRX MEDICAL EQUIPMENT),,1.0,NOS,0.0,78.7988,08QJKZEYSQF4K,,
2025-06-13,印度,中国,CARESTREAM HEALTH INDIA PRIVATE LIMITED,CARESTREAM HEALTH INC,"SUNTECK CENTRE,1ST FLOOR,NR.GARWARE SUBHASH ROAD,VILE PARLE(E) ",,,,,CHINA,,NEW YORK,SAHAR AIR CARGO ACC (INBOM4),90221490,SPAJ2452 BOARD INTERFACE CAN BUS (FOR DRX MEDICAL EQUIPMENT) SPAJ2452 BOARD INTERFACE CAN BUS (FOR DRX MEDICAL EQUIPMENT),,1.0,NOS,0.0,78.7988,08QJKZEYSQF4K,,
2025-06-12,印度,中国,CARESTREAM HEALTH INDIA PRIVATE LIMITED,CARESTREAM HEALTH INC,"SUNTECK CENTRE,1ST FLOOR,NR.GARWARE SUBHASH ROAD,VILE PARLE(E) ",,,,,CHINA,,NEW YORK,SAHAR AIR CARGO ACC (INBOM4),90221490,SPAJ2452 BOARD INTERFACE CAN BUS (FOR DRX MEDICAL EQUIPMENT) SPAJ2452 BOARD INTERFACE CAN BUS (FOR DRX MEDICAL EQUIPMENT),,1.0,NOS,0.0,78.3237,MFY5A6BWS5EDP,,
2025-01-29,加纳,中国,CROWN HEALTHCARE 2024 LTD,SHANGHAI CHANNELMED IMPORT & EXPORT CO LTD,,,,,,China,,,,9022140000,SECA 410 SLING SEAT FOR BABY DIAL SCALE,,0.0,,121.0,75.0,SHWL40473700,,
2025-07-16,坦桑尼亚,中国,CHINA CIVIL ENGINEERING CONSTRUCTION CORPORATION,HONG KONG TRIUMPH TRADING CO LIMITED,,,,,,China,"Tanzania, United Republic of",,,902214000000,Sand filling cylinder instrument,,5.0,NMB,10.0,71.1199,GOSUXNG7005005,,
2025-02-18,尼日利亚,中国,SOLID GOLD MEDICS VENTURES LTD,NINGBO CLAND MEDICAL INSTRUMENTS CO LTD,,,,,,China,,,APAPA PORT,9022140000,"Apparatus based on the use of X-rays or of alpha, betaused for medical, surgical .",,0.0,,521.0,60.0119,,,
2025-09-25,喀麦隆,中国,GIMA BAMBOT HEALTH CARE LTD,MR GLOBAL HK LIMITED,,,,,,Chine,Cameroun,,,902214000000,041-004087-00 X-RAY COLLIMATOR DETECTOR,,1.0,KGM,3.0,55.6057,,,
2025-06-13,加纳,中国,FINNEY HOSPITAL AND FERTILITY CENTRE LIMITED,JIANGSU MEDWISH NETWORK TECHNOLOGY CO LTD,,,,,,China,,,,9022140000,"2 PCS  Hospital Dressing Operation 
Trolley",,0.0,,20.0,54.0,MEDUHJ190956,,
2025-06-13,加纳,中国,FINNEY HOSPITAL AND FERTILITY CENTRE LIMITED,JIANGSU MEDWISH NETWORK TECHNOLOGY CO LTD,,,,,,China,,,,9022140000,"1 PC  Hospital Treatment  
Trolley",,0.0,,20.0,50.0,MEDUHJ190956,,
2025-06-13,加纳,中国,FINNEY HOSPITAL AND FERTILITY CENTRE LIMITED,JIANGSU MEDWISH NETWORK TECHNOLOGY CO LTD,,,,,,China,,,,9022140000,"1 PC  Hospital Treatment  
Trolley",,0.0,,20.0,50.0,MEDUHJ190956,,
2025-03-13,孟加拉国,中国,AYRA INTERNATIONAL,GREEN MILE INTERNATIONAL LIMITED,"46, Ground Floor, South Mollartek;", CN,,,,CN,,,,90221400,PORTABLE X-RAY MACHINE,,2.0,,50.0,50.0,,,
2025-06-13,加纳,中国,FINNEY HOSPITAL AND FERTILITY CENTRE LIMITED,JIANGSU MEDWISH NETWORK TECHNOLOGY CO LTD,,,,,,China,,,,9022140000,"1 pc Hospital ABS Crash  
Trolle",,0.0,,20.0,50.0,MEDUHJ190956,,
2025-03-13,孟加拉国,中国,AYRA INTERNATIONAL,GREEN MILE INTERNATIONAL LIMITED,"46, Ground Floor, South Mollartek;",,,,,China,,,,90221400,PORTABLE X-RAY MACHINE,,2.0,NMB,50.0,50.0,,,
2025-06-13,加纳,中国,FINNEY HOSPITAL AND FERTILITY CENTRE LIMITED,JIANGSU MEDWISH NETWORK TECHNOLOGY CO LTD,,,,,,China,,,,9022140000,"1 pc Hospital Electric  
Examination Couch",,0.0,,220.0,50.0,MEDUHJ190956,,
2025-08-13,孟加拉国,中国,J M ENTERPRISE,HONGKONG WONDEFUL TRADING CO,26/1-2 Dr.Kudrat-E-Khuda,LIMI,,,,CN,,,,90221400,X-RAY MACHINE,,10.0,,98.0,50.0,,,
2025-03-13,秘鲁,中国,SALMED EIRL,,,,,,,"CHINA, PEOPLE'S REPUBLIC OF",,MIAMI,,9022140000,"ESTUCHE,BARDALES MEDICAL,BJJZ-1, MATERIAL ALUMINIO PARA TRAUMATOLOGIA ESTUCHE PART NUMBER: BJXDH",,2.0,UNITS,0.28,46.81,,,
2025-06-13,加纳,中国,FINNEY HOSPITAL AND FERTILITY CENTRE LIMITED,JIANGSU MEDWISH NETWORK TECHNOLOGY CO LTD,,,,,,China,,,,9022140000,"2 PCS  Hospital Instrumen t Mayo  
Trolley",,0.0,,20.0,46.0,MEDUHJ190956,,
2025-01-27,墨西哥,中国,LOGISTICA LASO SA DE CV,PROMED EXPORT SERVICES LLC,"CEDRO 314 PRIVADA GUAMUCHIL Y CALLE SABINO
Reynosa
Tamaulipas
88747","


",,,,CZECH REPUBLIC,,,CIUDAD REYNOSA CIUDAD REYNOSA TAMAULIPAS.,9022149199,PROCESADOR PARTE PARA EQUIPO DE MASTOGRAFIA CON ACCESORIOS USADO MCA HP INC MOD HP Z440 S N CZC80872D8,,1.0,PIECE,10267.0,45.2,,,
2025-08-19,刚果共和国[刚果（布）],中国,KAMWANKA KABEYA DIANE,POWER RICH INTERNATIONAL DEVELOPMENT LIMITED,,,,,,China,"Congo, Democratic Republic of the",,,902214000000,LTSG13 400W ELECTROSURGICAL GENERATOR,,1.0,NMB,765.27,44.8083,HUA502573700,,
2025-08-19,刚果共和国[刚果（布）],中国,KAMWANKA KABEYA DIANE,POWER RICH INTERNATIONAL DEVELOPMENT LIMITED,,,,,,China,"Congo, Democratic Republic of the",,,902214000000,LTSG13 400W ELECTROSURGICAL GENERATOR,,1.0,NMB,765.27,44.8083,HUA502573700,,
2025-01-27,墨西哥,中国,LOGISTICA LASO SA DE CV,PROMED EXPORT SERVICES LLC,"CEDRO 314 PRIVADA GUAMUCHIL Y CALLE SABINO
Reynosa
Tamaulipas
88747","


",,,,CHINA,,,CIUDAD REYNOSA CIUDAD REYNOSA TAMAULIPAS.,9022149199,MONITOR PARA CONSOLA PARTE PARA EQUIPO DE MASTOGRAFIA CON ACCESORIOS USADO MCA NEC DISPLAY SOLUTIONS LTD MOD EA193MI BK L3 S N 7Z717180TB,,1.0,PIECE,10267.0,40.2,,,
2025-06-13,加纳,中国,FINNEY HOSPITAL AND FERTILITY CENTRE LIMITED,JIANGSU MEDWISH NETWORK TECHNOLOGY CO LTD,,,,,,China,,,,9022140000,2 PCS  Hospital Tray Stand with One Post,,0.0,,20.0,40.0,MEDUHJ190956,,
2025-06-13,加纳,中国,FINNEY HOSPITAL AND FERTILITY CENTRE LIMITED,JIANGSU MEDWISH NETWORK TECHNOLOGY CO LTD,,,,,,China,,,,9022140000,"2 PCS  Hospital Trolley  
with Basket and Wheels",,0.0,,20.0,40.0,MEDUHJ190956,,
2025-06-02,乌干达,中国,FIRM MEDICAL SUPPLIES LTD,YIWU WAKANDA MEDICAL INSTRUMENT CO LTD,,,,,,China (CN),,,,90221400000,"X-rays apparatus, medical/surgical/veterinary use nes",,2000.0,Number,155.0,40.0,,,
2025-05-22,乌干达,中国,FIRM MEDICAL SUPPLIES LIMITED,YIWU WAKANDA MEDICALINSTRUMENT CO LTD,,,,,,CHINA,UGANDA,,,90221400000,MEDICAL X RAY FILMS,,2000.0,Number,155.0,39.9999,,,
2025-04-05,布隆迪,中国,NSINGA MICHEL ANGE,TRANSFER MULTISORT ELEKTRONIK SPP Z,,,,,,China,,,,90221400,OTHERAPPARATUSBASEDONTHEUSEOFXRAYSÃ FORMEDICAL,,4.2,NMB,2.0,35.6643,,,
2025-07-13,孟加拉国,中国,REGARD TRADING,JIAXIN TRADING CO LTD,"69/A, Dr. KUDRAT-E-KHUDA ROAD; New",HK,,,,CN,,,,90221400,WIRED FLAT PANEL DETECTOR,,3.0,,17.0,30.0,,,
2025-06-13,加纳,中国,FINNEY HOSPITAL AND FERTILITY CENTRE LIMITED,JIANGSU MEDWISH NETWORK TECHNOLOGY CO LTD,,,,,,China,,,,9022140000,"1 PCs  Hospital Hospital  
Transfusion Chair with IV Stand",,0.0,,7927.0,30.0,MEDUHJ190956,,
2025-08-20,加纳,中国,COSMIST ENTERPRISE,GOLDENGATE HOLDINGS LIMITED,,,,,,China,,,,9022140000,MOBILE DIGIAL C-ARM,,0.0,,610.0,21.6674,SHZ7346110,,
2025-06-13,加纳,中国,FINNEY HOSPITAL AND FERTILITY CENTRE LIMITED,JIANGSU MEDWISH NETWORK TECHNOLOGY CO LTD,,,,,,China,,,,9022140000,"1 PC  Hospital Stainless Steel Oxygen  
Bottle Cart",,0.0,,20.0,20.0,MEDUHJ190956,,
2025-07-20,孟加拉国,中国,F M TRADERS,HONGKONG WANDEFUL TRADING CO LTD,"House-115/1, Mosjid Road, Taltola;",,,,,CN,,,,90221400,PORTABLE X-RAY MACHINE,,4.0,,25.0,20.0,,,
2025-01-27,墨西哥,中国,LOGISTICA LASO SA DE CV,PROMED EXPORT SERVICES LLC,"CEDRO 314 PRIVADA GUAMUCHIL Y CALLE SABINO
Reynosa
Tamaulipas
88747","


",,,,FRANCE,,,CIUDAD REYNOSA CIUDAD REYNOSA TAMAULIPAS.,9022149199,JUEGO CON 6 PLATOS DE COMPRESION ACCESORIOS PARA EQUIPO DE MASTOGRAFIA USADOS MCA GE MEDICAL SYSTEMS SCS SIN MODELO SIN SERIE,,1.0,SET,10267.0,18.09,,,
2025-10-08,孟加拉国,中国,ANWAR ENTERPRISE,BANGLADROP LIMITED,"House- 453, Ashkona,; Dakshin Khan", HK,,,,CN,,,,90221400,WIRELESS FLAT PANEL DETECTOR,,2.0,,16.0,15.0,,,
2025-04-17,科特迪瓦,中国,TRIAD CO,INTEGRITY MEDICAL GROUP,"26 BP 1242 ABIDJAN (VILLE) 26,MARCORY -","ILE MAURICE,DR=(25030979)",,,,Chine,COTE D'IVOIRE,,,9022140000,"9022140000 - -- Appareils à rayons X pour usages médicaux, ch",,0.0,,1.0,12.4724,,,
2025-08-12,加纳,中国,YAKS ROOFING SYSTEMS LTD,LIEBTY EQUIPMENT PTE LTD,,,,,,China,,,,9022140000,HX-02 (X-Ray Cassette 8*10inch) 1PC,,0.0,,80.0,12.2534,MEDUQV690357,,
2025-01-30,孟加拉国,中国,AYRA INTERNATIONAL,GREEN MILE INTERNATIONAL LIMITED,"46, Ground Floor, South Mollartek;",,,,,China,,,,90221400,FLAT PANEL DETECTOR,,2.0,NMB,10.0,10.0,,,
2025-10-16,孟加拉国,中国,ANWAR ENTERPRISE,BANGLADROP LIMITED,"House- 453, Ashkona,; Dakshin Khan", HK,,,,CN,,,,90221400,WIRELESS FLAT PANEL DETECTOR,,2.0,,28.0,10.0,,,
2025-01-30,孟加拉国,中国,AYRA INTERNATIONAL,GREEN MILE INTERNATIONAL LIMITED,"46, Ground Floor, South Mollartek;", CN,,,,CN,,,,90221400,FLAT PANEL DETECTOR,,2.0,,10.0,10.0,,,
2025-01-27,墨西哥,中国,LOGISTICA LASO SA DE CV,PROMED EXPORT SERVICES LLC,"CEDRO 314 PRIVADA GUAMUCHIL Y CALLE SABINO
Reynosa
Tamaulipas
88747","


",,,,CHINA,,,CIUDAD REYNOSA CIUDAD REYNOSA TAMAULIPAS.,9022149199,TOPE FRENO ACCESORIO PARA EQUIPO DE RAYOS X ARCO EN C USADO SIN DATOS,,1.0,PIECE,10267.0,0.98,,,
2025-01-23,加纳,中国,CROWN HEALTHCARE 2024 LTD,SHANGHAI CHANNELMED IMPORT & EXPORT CO LTD,,,,,,China,,,,9022140000,Install kit   LYE-1 Lyse:200mL,,0.0,,0.1,0.1,ONEYCANE89808400,,
2025-01-23,加纳,中国,CROWN HEALTHCARE 2024 LTD,SHANGHAI CHANNELMED IMPORT & EXPORT CO LTD,,,,,,China,,,,9022140000,Install kit   LYE-1 Lyse:100mL,,0.0,,0.1,0.02,ONEYCANE89808400,,
2025-10-08,美国,中国,KCI IMPORT INC,KCI MANUFACTURING UNLIMITED,12930 W INTERSTATE 10 SAN ANTONIO TX 78249 US , COMPANY IDA BUSINESS & TECHNOLOGY PARK N37 XF22 ATHLONE CO WESTMEATH IE ,N/A,N/A,,"CN, CHINA",,LIVERPOOL,"NORFOLK,VA",902214,INSTRUMENTS FOR MEDICAL USE HTS:,NO MARKS,1485.0,PKG,1890.0,0.0,EXDO611726255,GCNU4884957,
2025-11-23,美国,中国,KCI IMPORT INC,KCI MANUFACTURING UNLIMITED,12930 W INTERSTATE 10 SAN ANTONIO TX 78249 US , COMPANY IDA BUSINESS & TECHNOLOGY PARK N37 XF22 ATHLONE CO WESTMEATH IE ,N/A,N/A,,"CN, CHINA",,CARTAGENA,LOS ANGELES,902214,INSTRUMENTS FOR MEDICAL USE HTS:,NO MARKS,2644.0,CTN,3851.0,0.0,EXDO611726326,FANU3811420,
2025-10-13,美国,中国,KCI IMPORT INC,KCI MANUFACTURING UNLIMITED,12930 W INTERSTATE 10 SAN ANTONIO TX 78249 US , COMPANY IDA BUSINESS & TECHNOLOGY PARK N37 XF22 ATHLONE CO WESTMEATH IE ,N/A,N/A,,"CN, CHINA",,LIVERPOOL,"NORFOLK,VA",902214,INSTRUMENTS FOR MEDICAL USE HTS:,NO MARKS,3360.0,CTN,2282.0,0.0,EXDO611726280,ACLU9799453,
2025-09-27,美国,中国,KCI IMPORT INC,KCI MANUFACTURING UNLIMITED,12930 W INTERSTATE 10 SAN ANTONIO TX 78249 US , COMPANY IDA BUSINESS & TECHNOLOGY PARK N37 XF22 ATHLONE CO WESTMEATH IE ,N/A,N/A,,"CN, CHINA",,LIVERPOOL,"NORFOLK,VA",902214,INSTRUMENTS FOR MEDICAL USE HTS:,NO MARKS,773.0,PKG,2279.0,0.0,EXDO611726212,GCNU4832300,
2025-08-07,美国,中国,,,N/A,N/A,N/A,N/A,,"CN, CHINA",,"SHENZHEN,YANTIAN","NEW YORK,NY",902214,COMPONENTS TO BE ASSEMBLED INTO SINGLE-USE ENDOMECHANICAL SURGICAL DEVICE,"DONGGUAN JSTAR ELECTRONICS CO.,LTD C/N:1 47",47.0,CTN,363.0,0.0,PEVHSGL25063316,EITU1662957,
2025-10-28,美国,中国,KCI IMPORT INC,KCI MANUFACTURING UNLIMITED,12930 W INTERSTATE 10 SAN ANTONIO TX 78249 US , COMPANY IDA BUSINESS & TECHNOLOGY PARK N37 XF22 ATHLONE CO WESTMEATH IE ,N/A,N/A,,"CN, CHINA",,LIVERPOOL,"NORFOLK,VA",902214,INSTRUMENTS FOR MEDICAL USE HTS:INSTRUMENTS FOR MEDICAL USE HTS:,NO MARKSNO MARKS,5649.0,CTN,7151.0,0.0,EXDO611726335,"ACLU9818907,ACLU9737261",
2025-10-08,美国,中国,KCI IMPORT INC,KCI MANUFACTURING UNLIMITED,12930 W INTERSTATE 10 SAN ANTONIO TX 78249 US , COMPANY IDA BUSINESS & TECHNOLOGY PARK N37 XF22 ATHLONE CO WESTMEATH IE ,N/A,N/A,,"CN, CHINA",,LIVERPOOL,"NORFOLK,VA",902214,INSTRUMENTS FOR MEDICAL USE HTS:,NO MARKS,2606.0,PKG,2634.0,0.0,EXDO611726258,GCNU4754700,
2025-09-06,美国,中国,KCI IMPORT INC,KCI MANUFACTURING UNLIMITED,12930 W INTERSTATE 10 SAN ANTONIO TX 78249 US , COMPANY IDA BUSINESS & TECHNOLOGY PARK N37 XF22 ATHLONE CO WESTMEATH IE ,N/A,N/A,,"CN, CHINA",,LIVERPOOL,"NORFOLK,VA",902214,INSTRUMENTS FOR MEDICAL USE HTS:INSTRUMENTS FOR MEDICAL USE HTS:INSTRUMENTS FOR MEDICAL USE HTS:,NO MARKSNO MARKSNO MARKS,6381.0,PKG,8168.0,0.0,EXDO611726091,"GCNU4736712,GCNU4877074,GCNU4832871",
2025-10-08,美国,中国,KCI IMPORT INC,KCI MANUFACTURING UNLIMITED,12930 W INTERSTATE 10 SAN ANTONIO TX 78249 US , COMPANY IDA BUSINESS & TECHNOLOGY PARK N37 XF22 ATHLONE CO WESTMEATH IE ,N/A,N/A,,"CN, CHINA",,LIVERPOOL,"NORFOLK,VA",902214,INSTRUMENTS FOR MEDICAL USE HTS:,NO MARKS,1512.0,PKG,1890.0,0.0,EXDO611726257,SEGU5463413,
2025-09-24,美国,中国,KCI IMPORT INC,KCI MANUFACTURING UNLIMITED,12930 W INTERSTATE 10 SAN ANTONIO TX 78249 US , COMPANY IDA BUSINESS & TECHNOLOGY PARK N37 XF22 ATHLONE CO WESTMEATH IE ,N/A,N/A,,"CN, CHINA",,LIVERPOOL,"NORFOLK,VA",902214,INSTRUMENTS FOR MEDICAL USE HTS:,NO MARKS,3360.0,PKG,3668.0,0.0,EXDO611726173,ACLU9767559,
2025-09-27,美国,中国,KCI IMPORT INC,KCI MANUFACTURING UNLIMITED,12930 W INTERSTATE 10 SAN ANTONIO TX 78249 US , COMPANY IDA BUSINESS & TECHNOLOGY PARK N37 XF22 ATHLONE CO WESTMEATH IE ,N/A,N/A,,"CN, CHINA",,LIVERPOOL,"NORFOLK,VA",902214,MEDICAL INSTRUMENTS FOR USE HTS:,NO MARKS,5040.0,CTN,2591.0,0.0,EXDO611726174,ACLU9760955,
2025-09-24,美国,中国,KCI IMPORT INC,KCI MANUFACTURING UNLIMITED,12930 W INTERSTATE 10 SAN ANTONIO TX 78249 US , COMPANY IDA BUSINESS & TECHNOLOGY PARK N37 XF22 ATHLONE CO WESTMEATH IE ,N/A,N/A,,"CN, CHINA",,LIVERPOOL,"NORFOLK,VA",902214,INSTRUMENTS FOR MEDICAL USE HTS:INSTRUMENTS FOR MEDICAL USE HTS:INSTRUMENTS FOR MEDICAL USE HTS:,NO MARKSNO MARKSNO MARKS,6549.0,PKG,7826.0,0.0,EXDO611726145,"ACLU9749920,GCNU4780844,ACLU9700600",
2025-10-13,美国,中国,KCI IMPORT INC,KCI MANUFACTURING UNLIMITED,12930 W INTERSTATE 10 SAN ANTONIO TX 78249 US , COMPANY IDA BUSINESS & TECHNOLOGY PARK N37 XF22 ATHLONE CO WESTMEATH IE ,N/A,N/A,,"CN, CHINA",,LIVERPOOL,"NORFOLK,VA",902214,MEDICAL INSTRUMENTS FOR USE HTS: MEDICAL INSTRUMENTS FOR USE HTS: MEDICAL INSTRUMENTS FOR USE HTS:,NO MARKS,3424.0,CTN,2012.0,0.0,EXDO611726276,GCNU4802136,
2025-11-23,美国,中国,KCI IMPORT INC,KCI MANUFACTURING UNLIMITED,12930 W INTERSTATE 10 SAN ANTONIO TX 78249 US , COMPANY IDA BUSINESS & TECHNOLOGY PARK N37 XF22 ATHLONE CO WESTMEATH IE ,N/A,N/A,,"CN, CHINA",,ROTTERDAM,"NORFOLK,VA",902214,INSTRUMENTS FOR MEDICAL USE HTS:,NO MARKS,2474.0,CTN,2652.0,0.0,EXDO611726434,UETU6521409,
2025-11-22,美国,中国,KCI IMPORT INC,KCI MANUFACTURING UNLIMITED,12930 W INTERSTATE 10 SAN ANTONIO TX 78249 US , COMPANY IDA BUSINESS & TECHNOLOGY PARK N37 XF22 ATHLONE CO WESTMEATH IE ,N/A,N/A,,"CN, CHINA",,LIVERPOOL,"NORFOLK,VA",902214,INSTRUMENTS FOR MEDICAL USE HTS:,NO MARKS,1134.0,CTN,2898.0,0.0,EXDO611726454,ACLU9698083,
2025-09-27,美国,中国,MEDICAL ACTION INDUSTRIES INC,ARCROYAL UC VIRGINIA,25 HEYWOOD ROAD ARDEN NC 28704 US ,MEATH IE ,N/A,N/A,,"CN, CHINA",,LIVERPOOL,"NORFOLK,VA",902214,INSTRUMENTS FOR MEDICAL USE HTS:,NO MARKS,2217.0,CTN,3017.0,0.0,EXDO611726190,GCNU4757417,
2025-09-06,美国,中国,KCI IMPORT INC,KCI MANUFACTURING UNLIMITED,12930 W INTERSTATE 10 SAN ANTONIO TX 78249 US , COMPANY IDA BUSINESS & TECHNOLOGY PARK N37 XF22 ATHLONE CO WESTMEATH IE ,N/A,N/A,,"CN, CHINA",,LIVERPOOL,"NORFOLK,VA",902214,INSTRUMENTS FOR MEDICAL USE HTS:INSTRUMENTS FOR MEDICAL USE HTS:INSTRUMENTS FOR MEDICAL USE HTS:,NO MARKSNO MARKSNO MARKS,11214.0,PKG,13314.0,0.0,EXDO611726090,"GCNU4826760,GAOU7632068,GCNU4746650",
2025-10-21,美国,中国,KCI IMPORT INC,KCI MANUFACTURING UNLIMITED,12930 W INTERSTATE 10 SAN ANTONIO TX 78249 US , COMPANY IDA BUSINESS & TECHNOLOGY PARK N37 XF22 ATHLONE CO WESTMEATH IE ,N/A,N/A,,"CN, CHINA",,Anvers,"NORFOLK,VA",902214,INSTRUMENTS FOR MEDICAL USE HTS:,NO MARKS,1512.0,PKG,1890.0,0.0,EXDO611726285,UETU5728840,
2025-11-17,美国,中国,KCI IMPORT INC,KCI MANUFACTURING UNLIMITED,12930 W INTERSTATE 10 SAN ANTONIO TX 78249 US , COMPANY IDA BUSINESS & TECHNOLOGY PARK N37 XF22 ATHLONE CO WESTMEATH IE ,N/A,N/A,,"CN, CHINA",,Anvers,"NORFOLK,VA",902214,INSTRUMENTS FOR MEDICAL USE HTS:,NO MARKS,2309.0,CTN,2464.0,0.0,EXDO611726320,TGCU5181256,
2025-09-26,美国,中国,AMICO CORP,HARDWARE PLASTIX CO LTD, 85 FULTON WAY RICHMOND HILL ON L4B 2N4 CA RICHMOND HILL ON L4B 2N4 CA RICHMOND HILL ONL4B 2N4 CA , 1F BLDG E 626 DADONG RD DAZHOU VIL QIAOTOU TN DONGGUAN 523000 CN DONGGUAN 523000 CN ,N/A,N/A,,"CN, CHINA",,"SHENZHEN,YANTIAN","TACOMA,WA",902214,A X-FRM-PLT-LCD FOR MEDICAL USE CTNS= P LTS,NO MARKS,43.0,CTN,370.0,0.0,AWOSASSZX2508797,OOCU6328615,
2025-10-21,美国,中国,KCI IMPORT INC,KCI MANUFACTURING UNLIMITED,12930 W INTERSTATE 10 SAN ANTONIO TX 78249 US , COMPANY IDA BUSINESS & TECHNOLOGY PARK N37 XF22 ATHLONE CO WESTMEATH IE ,N/A,N/A,,"CN, CHINA",,Anvers,"NORFOLK,VA",902214,INSTRUMENTS FOR MEDICAL USE HTS:,NO MARKS,2204.0,PKG,2382.0,0.0,EXDO611726286,FANU1935078,
2025-09-09,美国,中国,MEDICAL ACTION INDUSTRIES INC,ARCROYAL UC VIRGINIA,25 HEYWOOD ROAD ARDEN NC 28704 US ,MEATH IE ,N/A,N/A,,"CN, CHINA",,LIVERPOOL,"NORFOLK,VA",902214,INSTRUMENTS FOR MEDICAL USE HTS:,NO MARKS,3674.0,PKG,3977.0,0.0,EXDO611726101,GCNU4734155,
2025-11-22,美国,中国,KCI IMPORT INC,KCI MANUFACTURING UNLIMITED,12930 W INTERSTATE 10 SAN ANTONIO TX 78249 US , COMPANY IDA BUSINESS & TECHNOLOGY PARK N37 XF22 ATHLONE CO WESTMEATH IE ,N/A,N/A,,"CN, CHINA",,LIVERPOOL,"NORFOLK,VA",902214,INSTRUMENTS FOR MEDICAL USE HTS:INSTRUMENTS FOR MEDICAL USE HTS:INSTRUMENTS FOR MEDICAL USE HTS:,NO MARKSNO MARKSNO MARKS,5874.0,CTN,8200.0,0.0,EXDO611726418,"GCNU4751810,ACLU9753200,GCNU4800350",
2025-11-17,美国,中国,KCI IMPORT INC,KCI MANUFACTURING UNLIMITED,12930 W INTERSTATE 10 SAN ANTONIO TX 78249 US , COMPANY IDA BUSINESS & TECHNOLOGY PARK N37 XF22 ATHLONE CO WESTMEATH IE ,N/A,N/A,,"CN, CHINA",,Anvers,"NORFOLK,VA",902214,INSTRUMENTS FOR MEDICAL USE HTS:,NO MARKS,1268.0,CTN,1710.0,0.0,EXDO611726325,FANU1417633,
2025-10-21,美国,中国,KCI IMPORT INC,KCI MANUFACTURING UNLIMITED,12930 W INTERSTATE 10 SAN ANTONIO TX 78249 US , COMPANY IDA BUSINESS & TECHNOLOGY PARK N37 XF22 ATHLONE CO WESTMEATH IE ,N/A,N/A,,"CN, CHINA",,Anvers,"NORFOLK,VA",902214,INSTRUMENTS FOR MEDICAL USE HTS:,NO MARKS,756.0,PKG,2100.0,0.0,EXDO611726228,HLBU2028613,
2025-09-13,美国,中国,KCI IMPORT INC,KCI MANUFACTURING UNLIMITED,12930 W INTERSTATE 10 SAN ANTONIO TX 78249 US , COMPANY IDA BUSINESS & TECHNOLOGY PARK N37 XF22 ATHLONE CO WESTMEATH IE ,N/A,N/A,,"CN, CHINA",,Anvers,"HOUSTON,TX",902214,INSTRUMENTS FOR MEDICAL USE HTS:INSTRUMENTS FOR MEDICAL USE HTS:INSTRUMENTS FOR MEDICAL USE HTS:,NO MARKSNO MARKSNO MARKS,4995.0,PKG,7279.0,0.0,EXDO611726071,"MAGU5497173,SEGU5621294,TCNU5822839",
2025-10-10,美国,中国,HENRY SCHEIN INC,INMED GLOVES FACTORY,135 DURYEA ROAD MELVILLE NY 11747- PHONE 631 845-2857 FAX 631 843-55 , 10-2 XING AN RD EAST LINQU ,N/A,N/A,,"CN, CHINA",,SHANGHAI,"NEW YORK,NY",902214,- CRITERION POWDER FREE VINYL GLOVE FOR MEDICAL USEXLARGE - CRITERION POWDER FREE VINYL GLOVE FOR MEDICAL USE LARGE- CRITERION POWDER FREE VINYL GLOVE FOR MEDICAL USE MEDIUM - CRITERION POWDER FREE VINYL GLOVE FOR MEDICAL USE SMALLPO,NO MARKS,2976.0,PKG,19200.0,0.0,CHSL525256867TAO,CSNU7411580,
2025-07-18,美国,中国,AMICO BEDS CORP,NINGBO WWS INDUSTRIAL CO LTD,1351 RODICK ROAD , ROOM110 XINGNONG BUILDING BONDED AREA NINGBO ,N/A,N/A,,"CN, CHINA",,NINGBO,"TACOMA,WA",902214,CARBON STEEL PLATE FOR MEDICAL USE/CARBON STEEL BRACKET FOR MEDICAL USE,NO MARKS,1.0,PKG,1150.0,0.0,DFDSNGB7483276,TCNU6690608,
2025-10-13,美国,中国,KCI IMPORT INC,KCI MANUFACTURING UNLIMITED,12930 W INTERSTATE 10 SAN ANTONIO TX 78249 US , COMPANY IDA BUSINESS & TECHNOLOGY PARK N37 XF22 ATHLONE CO WESTMEATH IE ,N/A,N/A,,"CN, CHINA",,LIVERPOOL,"NORFOLK,VA",902214,INSTRUMENTS FOR MEDICAL USE HTS:INSTRUMENTS FOR MEDICAL USE HTS:INSTRUMENTS FOR MEDICAL USE HTS:,NO MARKSNO MARKSNO MARKS,2268.0,CTN,6741.0,0.0,EXDO611726278,"ACLU9735741,ACLU9793136,ACLU9742611",
2025-11-11,美国,中国,KCI IMPORT INC,KCI MANUFACTURING UNLIMITED,12930 W INTERSTATE 10 SAN ANTONIO TX 78249 US , COMPANY IDA BUSINESS & TECHNOLOGY PARK N37 XF22 ATHLONE CO WESTMEATH IE ,N/A,N/A,,"CN, CHINA",,LIVERPOOL,"NORFOLK,VA",902214,INSTRUMENTS FOR MEDICAL USE HTS:INSTRUMENTS FOR MEDICAL USE HTS:INSTRUMENTS FOR MEDICAL USE HTS:,NO MARKSNO MARKSNO MARKS,6006.0,CTN,8498.0,0.0,EXDO611726391,"ACLU9776503,ACLU9709172,ACLU9828633",
2025-09-29,美国,中国,KCI IMPORT INC,KCI MANUFACTURING UNLIMITED,12930 W INTERSTATE 10 SAN ANTONIO TX 78249 US , COMPANY IDA BUSINESS & TECHNOLOGY PARK N37 XF22 ATHLONE CO WESTMEATH IE ,N/A,N/A,,"CN, CHINA",,ROTTERDAM,"NORFOLK,VA",902214,INSTRUMENTS FOR MEDICAL USE HTS:INSTRUMENTS FOR MEDICAL USE HTS:INSTRUMENTS FOR MEDICAL USE HTS:,NO MARKSNO MARKSNO MARKS,6918.0,PKG,8717.0,0.0,EXDO611726123,"HLBU1635994,FBLU0164579,CAIU4263440",
2025-11-23,美国,中国,KCI IMPORT INC,KCI MANUFACTURING UNLIMITED,12930 W INTERSTATE 10 SAN ANTONIO TX 78249 US , COMPANY IDA BUSINESS & TECHNOLOGY PARK N37 XF22 ATHLONE CO WESTMEATH IE ,N/A,N/A,,"CN, CHINA",,ROTTERDAM,"NORFOLK,VA",902214,INSTRUMENTS FOR MEDICAL USE HTS:,NO MARKS,1011.0,CTN,1769.0,0.0,EXDO611726405,FANU1815431,
2025-01-26,美国,中国,CARDINAL HEALTH,CAREMAX REHABILITATION EQUIPMENT CO,7000 CARDINAL PL ,SHUGANG ROAD PINGNAN INDUSTRIAL AR EA NANHAI ,CARDINAL HEALTH,7000 CARDINAL PL ,,"CN, CHINA",,"SHENZHEN,YANTIAN","NEW YORK,NY",902214,"COMMODE BUCKET 7QT WITH LID FOR MEDICAL USE AXILLARY CRUTCH, TALL,H70-78,300LB, AXILLARY CRUTCH, ADULT,H62-70,300LB, AXILLARY CRUTCH, YOUTH,H52-62,300LB, AXILLARY CRUTCH, YOUTH,H48-52,300LB,",NO MARKS,355.0,CTN,3727.0,0.0,DMALSZXC71504,TLLU8093834,
2025-10-13,美国,中国,KCI IMPORT INC,KCI MANUFACTURING UNLIMITED,12930 W INTERSTATE 10 SAN ANTONIO TX 78249 US , COMPANY IDA BUSINESS & TECHNOLOGY PARK N37 XF22 ATHLONE CO WESTMEATH IE ,N/A,N/A,,"CN, CHINA",,CARTAGENA,LOS ANGELES,902214,INSTRUMENTS FOR MEDICAL USE HTS:INSTRUMENTS FOR MEDICAL USE HTS:,NO MARKSNO MARKS,6867.0,PKG,7807.0,0.0,EXDO611726099,"GCXU6175020,FANU3047749",
2025-10-13,美国,中国,KCI IMPORT INC,KCI MANUFACTURING UNLIMITED,12930 W INTERSTATE 10 SAN ANTONIO TX 78249 US , COMPANY IDA BUSINESS & TECHNOLOGY PARK N37 XF22 ATHLONE CO WESTMEATH IE ,N/A,N/A,,"CN, CHINA",,LIVERPOOL,"NORFOLK,VA",902214,MEDICAL INSTRUMENTS FOR USE HTS:MEDICAL INSTRUMENTS FOR USE HTS:MEDICAL INSTRUMENTS FOR USE HTS:,NO MARKSNO MARKSNO MARKS,5442.0,CTN,7143.0,0.0,EXDO611726274,"ACLU9707185,ACLU9828783,ACLU9688608",
2025-10-12,美国,中国,KCI IMPORT INC,KCI MANUFACTURING UNLIMITED,12930 W INTERSTATE 10 SAN ANTONIO TX 78249 US , COMPANY IDA BUSINESS & TECHNOLOGY PARK N37 XF22 ATHLONE CO WESTMEATH IE ,N/A,N/A,,"CN, CHINA",,ROTTERDAM,"HOUSTON,TX",902214,INSTRUMENTS FOR MEDICAL USE HTS:,NO MARKS,3360.0,PCS,3668.0,0.0,EXDO611726167,HAMU1411187,
2025-10-28,美国,中国,KCI IMPORT INC,KCI MANUFACTURING UNLIMITED,12930 W INTERSTATE 10 SAN ANTONIO TX 78249 US , COMPANY IDA BUSINESS & TECHNOLOGY PARK N37 XF22 ATHLONE CO WESTMEATH IE ,N/A,N/A,,"CN, CHINA",,LIVERPOOL,"NORFOLK,VA",902214,INSTRUMENTS FOR MEDICAL USE HTS:INSTRUMENTS FOR MEDICAL USE HTS:INSTRUMENTS FOR MEDICAL USE HTS:,NO MARKSNO MARKSNO MARKS,5620.0,PCS,6633.0,0.0,EXDO611726300,"GCNU4790056,GCNU4818092,ACLU9809910",
2025-10-08,美国,中国,KCI IMPORT INC,KCI MANUFACTURING UNLIMITED,12930 W INTERSTATE 10 SAN ANTONIO TX 78249 US , COMPANY IDA BUSINESS & TECHNOLOGY PARK N37 XF22 ATHLONE CO WESTMEATH IE ,N/A,N/A,,"CN, CHINA",,LIVERPOOL,"NORFOLK,VA",902214,INSTRUMENTS FOR MEDICAL USE HTS:,NO MARKS,2835.0,PKG,2751.0,0.0,EXDO611726254,ACLU9799026,
2025-05-17,美国,中国,SEDECAL USA INC,SEDECAL HUNGARY LTD,5481 SKYLAND BOULEVARD E 5481 SKYLAND BOULEVARD E COTTONDALE AL 35453 US ,DOZSA GYORGY U 86 2220 VECSES HU ,N/A,N/A,,"CN, CHINA",,BREMERHAVEN,Savannah,902214,VETERINARY X-RAY EQUIPMENT HTS: 902214,NO MARKS,40.0,PCS,5520.0,0.0,EXDO617534525,CMAU3920840,
2025-01-13,美国,中国,AKKAR DEPOT LLC,SHANTOU INSTITUTE OF ULTRASONIC INSTRUMENTS CO LTD,PROSESA MEDICA 1513 SAN PATRICIA DR SUITE B PHARR TX ZIP CODE 78577 USA US , 77 JINSHA ROAD SHANTOU GUANGDONG-515041 CHINA CN ,CANG LU LOGISTICS,PO BOX 1993 PHARR TX ZIP CODE 78577USA US ,,"CN, CHINA",,HULUTAO,LOS ANGELES,902214,X-RAY UNIT SR-2100 X-RAY UNIT SR-8210S HS CODE: 9022.14,PM241238 AKKAR USA C NO:1-30,30.0,PKG,704.0,0.0,CHKMSWAS24120621,EMCU1644155,
2025-09-18,美国,中国,LETSGETCHECKED INC,PRIVAPATH DIAGNOSTICS T A LETSGETCHECKED LTD,330 W 38TH STREET 405 STREET 405 NEW YORK NY 10018 US ,UNIT 3 ADELPHI HOUSE DUN LAOGHAIRE A96 NY82 IE ,N/A,N/A,,"CN, CHINA",,LIVERPOOL,"NEW YORK,NY",902214,INSTRUMENTS FOR MEDICAL USE HTS:,NO MARKS,21.0,PCS,7875.0,0.0,EXDO611726100,ACLU9741298,
2025-10-28,美国,中国,KCI IMPORT INC,KCI MANUFACTURING UNLIMITED,12930 W INTERSTATE 10 SAN ANTONIO TX 78249 US , COMPANY IDA BUSINESS & TECHNOLOGY PARK N37 XF22 ATHLONE CO WESTMEATH IE ,N/A,N/A,,"CN, CHINA",,LIVERPOOL,"NORFOLK,VA",902214,INSTRUMENTS FOR MEDICAL USE HTS:INSTRUMENTS FOR MEDICAL USE HTS:,NO MARKSNO MARKS,4620.0,PCS,5706.0,0.0,EXDO611726332,"GCNU4823376,ACLU9731983",
2025-09-27,美国,中国,KCI IMPORT INC,KCI MANUFACTURING UNLIMITED,12930 W INTERSTATE 10 SAN ANTONIO TX 78249 US , COMPANY IDA BUSINESS & TECHNOLOGY PARK N37 XF22 ATHLONE CO WESTMEATH IE ,N/A,N/A,,"CN, CHINA",,LIVERPOOL,"NORFOLK,VA",902214,INSTRUMENTS FOR MEDICAL USE HTS:,NO MARKS,3360.0,PKG,3668.0,0.0,EXDO611726202,SEGU5888716,
2025-10-28,美国,中国,MEDICAL ACTION INDUSTRIES INC,ARCROYAL UC VIRGINIA,25 HEYWOOD ROAD ARDEN NC 28704 US ,MEATH IE ,N/A,N/A,,"CN, CHINA",,LIVERPOOL,"NORFOLK,VA",902214,INSTRUMENTS FOR MEDICAL USE HTS:,NO MARKS,1157.0,PKG,3995.0,0.0,EXDO611726305,GCNU4752159,
2025-10-13,美国,中国,MEDICAL ACTION INDUSTRIES INC,ARCROYAL UC VIRGINIA,25 HEYWOOD ROAD ARDEN NC 28704 US ,MEATH IE ,N/A,N/A,,"CN, CHINA",,LIVERPOOL,"NORFOLK,VA",902214,INSTRUMENTS FOR MEDICAL USE HTS:,NO MARKS,1119.0,PKG,3517.0,0.0,EXDO611726270,ACLU9720700,
2025-06-13,美国,中国,STERIS CORP,STERIS MEXICO S DE R L DE C V, HEISLEY ROAD NO 5960 , AVE AVANTE 790 PARQUE INDUSTRIAL GU ,N/A,N/A,,"CN, CHINA",,Veracruz,"HOUSTON,TX",902214,STERILIZER CABINET FOR MEDICAL USE,NA,2.0,PKG,699.0,0.0,ECUWVERBEY10850,UACU4117029,
2025-09-09,美国,中国,KCI IMPORT INC,KCI MANUFACTURING UNLIMITED,12930 W INTERSTATE 10 SAN ANTONIO TX 78249 US , COMPANY IDA BUSINESS & TECHNOLOGY PARK N37 XF22 ATHLONE CO WESTMEATH IE ,N/A,N/A,,"CN, CHINA",,LIVERPOOL,"NORFOLK,VA",902214,MEDICAL INSTRUMENTS FOR USE HTS:MEDICAL INSTRUMENTS FOR USE HTS:,NO MARKSNO MARKS,4393.0,CTN,5214.0,0.0,EXDO611726112,"ACLU9696687,ACLU9742864",
2025-10-16,美国,中国,NOTIFY PARTY,YUHONG INDUSTRIAL LIMITED,N/A, NO 2 ZHUHAI ROAD CHANGSHU CITY SUZ HOU CITY 215500 ,NOTIFY PARTY,1 BUNZL INTERNATIONAL 11973 WESTLINE INDUSTRIAL DRIVE SU ITE 125 ST LOUIS MO 63146 TO BE C ONTINUED 2,,"CN, CHINA",,SHANGHAI,"NEW YORK,NY",902214,"HYBRID GLOVES NOT FOR MEDICAL USE LDPE GLOVESNOT FOR MEDICAL USE VINYL GLOVES NOT FOR MED ICAL USE PO# CUSTOMER PO# / ORDER# NO SOLID WOOD PACKING MATERIAL T O BE CONTINUED BUNZL EIN# = - AT TN= BARBARA HALL TEL= - - TO BE CONTI NUED TEL= - - FAX= - - IMPO RT.PAYMENTS@BUNZLUSA.COM NOTIFY PARTY LIVIN GSTON INT I E. PIERCE ROAD STE ITASCA , IL BIS@LIVINGSTONINTL.COM TEL= - - - ; FAX= - - - X HQ FCL CY TO CY",. . . . . . . . . . .,6048.0,CTN,18985.0,0.0,WHLC130F504808,WHSU5736840,
2025-10-13,美国,中国,KCI IMPORT INC,KCI MANUFACTURING UNLIMITED,12930 W INTERSTATE 10 SAN ANTONIO TX 78249 US , COMPANY IDA BUSINESS & TECHNOLOGY PARK N37 XF22 ATHLONE CO WESTMEATH IE ,N/A,N/A,,"CN, CHINA",,CARTAGENA,LOS ANGELES,902214,INSTRUMENTS FOR MEDICAL USE HTS:,NO MARKS,5040.0,PKG,5586.0,0.0,EXDO611726049,HLBU1319759,
2025-10-28,美国,中国,KCI IMPORT INC,KCI MANUFACTURING UNLIMITED,12930 W INTERSTATE 10 SAN ANTONIO TX 78249 US , COMPANY IDA BUSINESS & TECHNOLOGY PARK N37 XF22 ATHLONE CO WESTMEATH IE ,N/A,N/A,,"CN, CHINA",,LIVERPOOL,"NORFOLK,VA",902214,INSTRUMENTS FOR MEDICAL USE HTS:INSTRUMENTS FOR MEDICAL USE HTS:INSTRUMENTS FOR MEDICAL USE HTS:,NO MARKSNO MARKSNO MARKS,11272.0,CTN,13252.0,0.0,EXDO611726334,"ACLU9767184,GCNU4783782,ACLU9744403",
2025-06-05,美国,中国,CARDINAL HEALTH 200 LLC,,874 THOMAS PARKWAY JEFFERSON GA UNITED STATES ,N/A,N/A,N/A,,"CN, CHINA",,"SHENZHEN,YANTIAN",Savannah,902214,"AXILLARY CRUTCH,COMMODE BUCKET 7QT WITH LID FOR MEDICAL USE",. . . . . . . . . . . . . . . . .,339.0,CTN,3867.0,0.0,OOLU2157853040,CSNU1379877,
2025-11-10,美国,中国,KCI IMPORT INC,KCI MANUFACTURING UNLIMITED,12930 W INTERSTATE 10 SAN ANTONIO TX 78249 US , COMPANY IDA BUSINESS & TECHNOLOGY PARK N37 XF22 ATHLONE CO WESTMEATH IE ,N/A,N/A,,"CN, CHINA",,ROTTERDAM,"NORFOLK,VA",902214,INSTRUMENTS FOR MEDICAL USE HTS:,NO MARKS,1694.0,CTN,2177.0,0.0,EXDO611726345,HLBU3276717,
2025-10-13,美国,中国,KCI IMPORT INC,KCI MANUFACTURING UNLIMITED,12930 W INTERSTATE 10 SAN ANTONIO TX 78249 US , COMPANY IDA BUSINESS & TECHNOLOGY PARK N37 XF22 ATHLONE CO WESTMEATH IE ,N/A,N/A,,"CN, CHINA",,LIVERPOOL,"NORFOLK,VA",902214,INSTRUMENTS FOR MEDICAL USE HTS:,NO MARKS,756.0,PKG,2100.0,0.0,EXDO611726250,GCNU4779910,
2025-10-06,美国,中国,KCI IMPORT INC,KCI MANUFACTURING UNLIMITED,12930 W INTERSTATE 10 SAN ANTONIO TX 78249 US , COMPANY IDA BUSINESS & TECHNOLOGY PARK N37 XF22 ATHLONE CO WESTMEATH IE ,N/A,N/A,,"CN, CHINA",,ROTTERDAM,"NORFOLK,VA",902214,INSTRUMENTS FOR MEDICAL USE HTS:,NO MARKS,2732.0,PKG,3139.0,0.0,EXDO611726221,HLBU2414468,
2025-09-27,美国,中国,KCI IMPORT INC,KCI MANUFACTURING UNLIMITED,12930 W INTERSTATE 10 SAN ANTONIO TX 78249 US , COMPANY IDA BUSINESS & TECHNOLOGY PARK N37 XF22 ATHLONE CO WESTMEATH IE ,N/A,N/A,,"CN, CHINA",,Anvers,"HOUSTON,TX",902214,INSTRUMENTS FOR MEDICAL USE HTS:,NO MARKS,2192.0,PKG,2607.0,0.0,EXDO611726120,MTSU9667057,
2025-02-21,美国,中国,VARIAN MEDICAL SYSTEMS SAN JOSE,VARIAN MEDICAL SYSTEMS CHINA CO LT,6212 HELLYER AVE, NO 8 YUN CHENG STREET ,N/A,N/A,,"CN, CHINA",,Pusan,"OAKLAND, CA",902214,"MEDICAL EQUIPMENT BASE MODEL ASSY, ,MV HALCYON HS902214",HAL2389,5.0,PKG,7307.0,0.0,CHSL500486990BJS,TLLU8226367,
2025-10-28,美国,中国,KCI IMPORT INC,KCI MANUFACTURING UNLIMITED,12930 W INTERSTATE 10 SAN ANTONIO TX 78249 US , COMPANY IDA BUSINESS & TECHNOLOGY PARK N37 XF22 ATHLONE CO WESTMEATH IE ,N/A,N/A,,"CN, CHINA",,LIVERPOOL,"NORFOLK,VA",902214,INSTRUMENTS FOR MEDICAL USE HTS: INSTRUMENTS FOR MEDICAL USE HTS: INSTRUMENTS FOR MEDICAL USE HTS:,NO MARKS,2553.0,CTN,2949.0,0.0,EXDO611726304,ACLU9775180,
2025-04-21,美国,中国,,,N/A,N/A,N/A,N/A,,"CN, CHINA",,"SHENZHEN,YANTIAN","NEW YORK,NY",902214,WHITE BLOCK(PART ASSEMBLED INTO SINGLE-USE ENDOMECHANICAL SURGICAL DEVICE),103003/103004,56.0,CTN,107.0,0.0,PEVHSGL25030528,CSNU7118309,
2025-03-27,美国,中国,CARESTREAM HEALTH INC,APELEM,150 VERONA ST ,9 AV DU CANAL PHILIPPE LAMOUR ZAC POLE ACTIF ,N/A,N/A,,"CN, CHINA",,FOS SUR MER,"NEW YORK,NY",902214,MEDICAL INSTRUMENT HSC 902214,INVOICE APE-FAC25020185,9.0,PKG,3495.0,0.0,UEUR7155137341,TGHU8721696,
2025-05-19,美国,中国,AMICO CORP,NINGBO WWS INDUSTRIAL CO LTD, 85 FULTON WAY RICHMOND HILL ONTARI O L4B 2N4 CANADA , 1426# LINGQIAO SQUARE NO 31 YAOHAN G STREET NINGBO CHINA ,N/A,N/A,,"CN, CHINA",,NINGBO,"TACOMA,WA",902214,ZINC PLATE FOR MEDICAL USE CARBON STEEL BOX FOR MEDICAL USE CARBON STEEL PLATE FOR MEDICAL USE CARBON STEEL BRACKET FOR MEDICAL ALUM BRACKET FOR MEDICAL USE MAGNETIC DRILL,P/N# P/O# C/NO# QTY# MADE IN CHINA,18.0,PKG,9910.0,0.0,OOCONIN250287900,OOCU8328893,
2025-11-10,美国,中国,KCI IMPORT INC,KCI MANUFACTURING UNLIMITED,12930 W INTERSTATE 10 SAN ANTONIO TX 78249 US , COMPANY IDA BUSINESS & TECHNOLOGY PARK N37 XF22 ATHLONE CO WESTMEATH IE ,N/A,N/A,,"CN, CHINA",,Anvers,"NORFOLK,VA",902214,INSTRUMENTS FOR MEDICAL USE HTS:,NO MARKS,4755.0,CTN,4125.0,0.0,EXDO611726371,HAMU1853759,
2025-06-21,美国,中国,,,N/A,N/A,N/A,N/A,,"CN, CHINA",,"SHENZHEN,YANTIAN",LONG BEACH,902214,"AXILLARY CRUTCH,COMMODE BUCKET 7QT WITH LID FOR MEDICAL USE",. . . . . . . . . . . . . . . . . . .,1055.0,CTN,8936.0,0.0,OOLU2158736310,OOCU6514712,
2025-09-19,美国,中国,MILLPLEDGE NORTH AMERICA INC,MILLPLEDGE LTD,828 MITCHELL RD THOUSAND OAKS CA UNITED STATES ,WHINLEYS ESTATE CHURCH LANE RETFORD NOTTINGHAMSHIRE UNITED KINGDOM ,ALLROUND FORWARDING COMPANY INC, 6751 ENGLE RD SUITE B CLEVELAND OH UNITED STATES ,,"CN, CHINA",,Hamble,LOS ANGELES,902214,"VETERINARY SUPPLIES UN , FLAMMABLE GAS CLS . AERSOLS X ML METAL CANS IN FIBREBOARD BOXES X ML METAL CANS IN FIBREBOARD BOXES NON HAZ VETERINARY SUPPLIE HS CODE: , , , , , , , , , , , , , ,",MILPLEDGE LTD USA MILPLEDGE LTD USA,23.0,PKG,6625.0,0.0,OOLU2310441130,TEMU8041233,
2025-10-21,美国,中国,KCI IMPORT INC,KCI MANUFACTURING UNLIMITED,12930 W INTERSTATE 10 SAN ANTONIO TX 78249 US , COMPANY IDA BUSINESS & TECHNOLOGY PARK N37 XF22 ATHLONE CO WESTMEATH IE ,N/A,N/A,,"CN, CHINA",,Anvers,"NORFOLK,VA",902214,INSTRUMENTS FOR MEDICAL USE HTS:,NO MARKS,1311.0,CTN,1983.0,0.0,EXDO611726315,UASU1001926,
2025-09-27,美国,中国,KCI IMPORT INC,KCI MANUFACTURING UNLIMITED,12930 W INTERSTATE 10 SAN ANTONIO TX 78249 US , COMPANY IDA BUSINESS & TECHNOLOGY PARK N37 XF22 ATHLONE CO WESTMEATH IE ,N/A,N/A,,"CN, CHINA",,LIVERPOOL,"NORFOLK,VA",902214,INSTRUMENTS FOR MEDICAL USE HTS:,NO MARKS,756.0,PKG,2289.0,0.0,EXDO611726208,ACLU9827914,
2025-09-09,美国,中国,KCI IMPORT INC,KCI MANUFACTURING UNLIMITED,12930 W INTERSTATE 10 SAN ANTONIO TX 78249 US , COMPANY IDA BUSINESS & TECHNOLOGY PARK N37 XF22 ATHLONE CO WESTMEATH IE ,N/A,N/A,,"CN, CHINA",,ROTTERDAM,"NORFOLK,VA",902214,INSTRUMENTS FOR MEDICAL USE HTS:,NO MARKS,5040.0,PKG,5586.0,0.0,EXDO611726046,HLBU2220863,
2025-10-13,美国,中国,MEDICAL ACTION INDUSTRIES INC,ARCROYAL UC VIRGINIA,25 HEYWOOD ROAD ARDEN NC 28704 US ,MEATH IE ,N/A,N/A,,"CN, CHINA",,LIVERPOOL,"NORFOLK,VA",902214,INSTRUMENTS FOR MEDICAL USE HTS:,NO MARKS,1364.0,PKG,3014.0,0.0,EXDO611726237,ACLU9814141,
2025-09-24,美国,中国,KCI IMPORT INC,KCI MANUFACTURING UNLIMITED,12930 W INTERSTATE 10 SAN ANTONIO TX 78249 US , COMPANY IDA BUSINESS & TECHNOLOGY PARK N37 XF22 ATHLONE CO WESTMEATH IE ,N/A,N/A,,"CN, CHINA",,LIVERPOOL,"NORFOLK,VA",902214,INSTRUMENTS FOR MEDICAL USE HTS:,NO MARKS,756.0,PKG,2100.0,0.0,EXDO611726178,ACLU9812468,
2025-10-16,美国,中国,,LAKE REGION MEDICAL LTD,N/A,BUTLERSLAND Y34 K825 NEW ROSS CO WEXFORD IE ,N/A,N/A,,"CN, CHINA",,ROTTERDAM,City of New York,902214,INSTRUMENTS FOR MEDICAL USE HTS:,NO MARKS,19.0,PKG,214.0,0.0,EXDO611726131,TCLU8883050,
2025-06-16,美国,中国,AMICO CORP,NINGBO WWS INDUSTRIAL CO LTD, 85 FULTON WAY RICHMOND HILL ONTARI O L4B 2N4 CANADA TEL:905-764-0800 , 1426# LINGQIAO SQUARE NO 31 YAOHAN G STREET NINGBO CHINA TEL: 86-574-87308182 ,N/A,N/A,,"CN, CHINA",,NINGBO,"SEATTLE,WA",902214,ZINC PLATE FOR MEDICAL USE CARBON STEEL BOX FOR MEDICAL USE CARBON STEEL PLATE FOR MEDICAL USE ALUM PLATE FOR MEDICAL USE CARBON STEEL BRACKET FOR MEDICAL USE ALUM BRACKET FOR MEDICAL USE,P/N# P/O# C/NO# QTY# MADE IN CHINA,20.0,CTN,10828.0,0.0,OOCONIN250406100,OOLU9498118,
2025-10-08,美国,中国,KCI IMPORT INC,KCI MANUFACTURING UNLIMITED,12930 W INTERSTATE 10 SAN ANTONIO TX 78249 US , COMPANY IDA BUSINESS & TECHNOLOGY PARK N37 XF22 ATHLONE CO WESTMEATH IE ,N/A,N/A,,"CN, CHINA",,LIVERPOOL,"NORFOLK,VA",902214,INSTRUMENTS FOR MEDICAL USE HTS:,NO MARKS,1512.0,PKG,2100.0,0.0,EXDO611726256,ACLU9786570,
2025-09-24,美国,中国,KCI IMPORT INC,KCI MANUFACTURING UNLIMITED,12930 W INTERSTATE 10 SAN ANTONIO TX 78249 US , COMPANY IDA BUSINESS & TECHNOLOGY PARK N37 XF22 ATHLONE CO WESTMEATH IE ,N/A,N/A,,"CN, CHINA",,LIVERPOOL,"NORFOLK,VA",902214,INSTRUMENTS FOR MEDICAL USE HTS:,NO MARKS,2762.0,PKG,2710.0,0.0,EXDO611726176,GCNU4785147,
2025-10-13,美国,中国,KCI IMPORT INC,KCI MANUFACTURING UNLIMITED,12930 W INTERSTATE 10 SAN ANTONIO TX 78249 US , COMPANY IDA BUSINESS & TECHNOLOGY PARK N37 XF22 ATHLONE CO WESTMEATH IE ,N/A,N/A,,"CN, CHINA",,LIVERPOOL,"NORFOLK,VA",902214,INSTRUMENTS FOR MEDICAL USE HTS:,NO MARKS,1560.0,PKG,2028.0,0.0,EXDO611726275,GCNU4772936,
2025-09-06,美国,中国,MEDICAL ACTION INDUSTRIES INC,ARCROYAL UC VIRGINIA,25 HEYWOOD ROAD ARDEN NC 28704 US ,MEATH IE ,N/A,N/A,,"CN, CHINA",,LIVERPOOL,"NORFOLK,VA",902214,INSTRUMENTS FOR MEDICAL USE HTS:,NO MARKS,2460.0,PKG,3370.0,0.0,EXDO611726086,GCNU4901864,
2025-07-10,美国,中国,SEDECAL USA INC,SEDECAL HUNGARY LTD,5481 SKYLAND BOULEVARD E 5481 SKYLAND BOULEVARD E COTTONDALE AL 35453 US ,DOZSA GYORGY U 86 2220 VECSES HU ,N/A,N/A,,"CN, CHINA",,BREMERHAVEN,Savannah,902214,VETERINARY X-RAY EQUIPMENT HTS: 902214,NO MARKS,51.0,PCS,7788.0,0.0,EXDO617534832,CMAU7665255,
2025-08-01,美国,中国,SEDECAL USA INC,SEDECAL HUNGARY LTD,5481 SKYLAND BOULEVARD E 5481 SKYLAND BOULEVARD E COTTONDALE AL 35453 US ,DOZSA GYORGY U 86 2220 VECSES HU ,N/A,N/A,,"CN, CHINA",,BREMERHAVEN,Savannah,902214,VETERINARY X-RAY EQUIPMENT HTS: 902214,NO MARKS,52.0,PCS,8153.0,0.0,EXDO617534901,GCXU6118014,
2025-09-06,美国,中国,KCI IMPORT INC,KCI MANUFACTURING UNLIMITED,12930 W INTERSTATE 10 SAN ANTONIO TX 78249 US , COMPANY IDA BUSINESS & TECHNOLOGY PARK N37 XF22 ATHLONE CO WESTMEATH IE ,N/A,N/A,,"CN, CHINA",,LIVERPOOL,"NORFOLK,VA",902214,INSTRUMENTS FOR MEDICAL USE HTS:,NO MARKS,1593.0,PKG,2136.0,0.0,EXDO611726092,LEAU4908673,
2025-11-22,美国,中国,KCI IMPORT INC,KCI MANUFACTURING UNLIMITED,12930 W INTERSTATE 10 SAN ANTONIO TX 78249 US , COMPANY IDA BUSINESS & TECHNOLOGY PARK N37 XF22 ATHLONE CO WESTMEATH IE ,N/A,N/A,,"CN, CHINA",,LIVERPOOL,"NORFOLK,VA",902214,INSTRUMENTS FOR MEDICAL USE HTS:,NO MARKS,2160.0,CTN,2658.0,0.0,EXDO611726423,ACLU9797933,
2025-09-27,美国,中国,KCI IMPORT INC,KCI MANUFACTURING UNLIMITED,12930 W INTERSTATE 10 SAN ANTONIO TX 78249 US , COMPANY IDA BUSINESS & TECHNOLOGY PARK N37 XF22 ATHLONE CO WESTMEATH IE ,N/A,N/A,,"CN, CHINA",,LIVERPOOL,"NORFOLK,VA",902214,INSTRUMENTS FOR MEDICAL USE HTS:,NO MARKS,3225.0,PKG,3414.0,0.0,EXDO611726214,GCNU4789815,
2025-10-28,美国,中国,KCI IMPORT INC,KCI MANUFACTURING UNLIMITED,12930 W INTERSTATE 10 SAN ANTONIO TX 78249 US , COMPANY IDA BUSINESS & TECHNOLOGY PARK N37 XF22 ATHLONE CO WESTMEATH IE ,N/A,N/A,,"CN, CHINA",,LIVERPOOL,"NORFOLK,VA",902214,INSTRUMENTS FOR MEDICAL USE HTS:INSTRUMENTS FOR MEDICAL USE HTS:INSTRUMENTS FOR MEDICAL USE HTS:,NO MARKSNO MARKSNO MARKS,11592.0,PKG,13524.0,0.0,EXDO611726301,"BMOU5767194,ACLU9773398,DRYU9870339",
2025-10-22,美国,中国,KCI IMPORT INC,KCI MANUFACTURING UNLIMITED,12930 W INTERSTATE 10 SAN ANTONIO TX 78249 US , COMPANY IDA BUSINESS & TECHNOLOGY PARK N37 XF22 ATHLONE CO WESTMEATH IE ,N/A,N/A,,"CN, CHINA",,ROTTERDAM,"NORFOLK,VA",902214,INSTRUMENTS FOR MEDICAL USE HTS:,NO MARKS,1485.0,PKG,2980.0,0.0,EXDO611726227,UACU5914496,
2025-11-02,美国,中国,,,N/A,N/A,N/A,N/A,,"CN, CHINA",,NINGBO,"OAKLAND, CA",902214,"CANNULA, FOR MEDICAL OR SURGICAL USE (HTS , ) SHIPPER DECLARED THAT THIS SHIPMENT CONTAINS NO WOOD PACKAGING MATERIAL SERVICE CONTRACT : - FREIGHT COLLECT , ZHEJIANG, CHINA FAX : - -",N/A,3237.0,CTN,14229.0,0.0,CMDUNGP2879057,CMAU7258732,
2025-09-06,美国,中国,KCI IMPORT INC,KCI MANUFACTURING UNLIMITED,12930 W INTERSTATE 10 SAN ANTONIO TX 78249 US , COMPANY IDA BUSINESS & TECHNOLOGY PARK N37 XF22 ATHLONE CO WESTMEATH IE ,N/A,N/A,,"CN, CHINA",,LIVERPOOL,"NORFOLK,VA",902214,INSTRUMENTS FOR MEDICAL USE HTS:INSTRUMENTS FOR MEDICAL USE HTS:,NO MARKSNO MARKS,6674.0,PKG,7630.0,0.0,EXDO611726089,"ACLU9823729,ACLU9795397",
2025-07-17,美国,中国,SCANDINAVIA MEDICAL SOLUTIONS INC,SCANDINAVIAN MEDICAL SOLUTION APS,221 W DYER RD SANTA ANA CA 92707 UNITED STATES ,GASVAERKSVEJ 46 1ST FLOOR AALBORG 9000 DENMARK ,SCANDINAVIAN MEDICAL SOLUTION APS GASVAERKSVEJ,46 1ST FLOOR AALBORG 9000 DENMARK,,"CN, CHINA",,SINES,LOS ANGELES,902214,SIEMENS BIOGRAPH MCT 64 SMS-T70951 HOLOGIC SELENIA DIMENSIONS 2D SMS-T82929 HOLOGIC SELENIA DIMENSIONS SMS-T84493 HS 90221400,SCANDINAVIA MEDICAL SOLUTIONS INC SAME SAME,12.0,PKG,9100.0,0.0,MEDURA233861,BMOU5919424,
2025-04-27,美国,中国,BRIDGESGAP LIMITED,, C/O FBA 24208 SAN MICHELE RD ,N/A,N/A,N/A,,"CN, CHINA",,NINGBO,"OAKLAND, CA",902214,"FOAM DRESSING SILICONE ADHESIVE BORDER 7 X 7 IN,5DRESSINGS FOAM DRESSING SILICONE ADHESIVE BORDER 2 X 5IN,10DRESSINGS NON-WOVEN SURGICAL TAPE, 2.5CM X 9.14M,12ROLLS NON-WOVEN SURGICAL TAPE, 5CM X 9.14M,6ROLLS CLOTH SURGICAL TAPE, 2.5CM X 9.14M,4 ROLLS WASHABLE UNDERPAD XS,4 LAYER,3 PACK",NO MARKS,191.0,CTN,3005.0,0.0,AMZDCN25EPAR3HYO,MSDU6467306,
2025-10-08,美国,中国,KCI IMPORT INC,KCI MANUFACTURING UNLIMITED,12930 W INTERSTATE 10 SAN ANTONIO TX 78249 US , COMPANY IDA BUSINESS & TECHNOLOGY PARK N37 XF22 ATHLONE CO WESTMEATH IE ,N/A,N/A,,"CN, CHINA",,LIVERPOOL,"NORFOLK,VA",902214,INSTRUMENTS FOR MEDICAL USE HTS:,NO MARKS,5040.0,PKG,5712.0,0.0,EXDO611726252,GCNU4834719,
2025-11-11,美国,中国,KCI IMPORT INC,KCI MANUFACTURING UNLIMITED,12930 W INTERSTATE 10 SAN ANTONIO TX 78249 US , COMPANY IDA BUSINESS & TECHNOLOGY PARK N37 XF22 ATHLONE CO WESTMEATH IE ,N/A,N/A,,"CN, CHINA",,LIVERPOOL,"NORFOLK,VA",902214,INSTRUMENTS FOR MEDICAL USE HTS:,NO MARKS,756.0,CTN,1890.0,0.0,EXDO611726395,GCNU4741513,
2025-11-02,美国,中国,KCI IMPORT INC,KCI MANUFACTURING UNLIMITED,12930 W INTERSTATE 10 SAN ANTONIO TX 78249 US , COMPANY IDA BUSINESS & TECHNOLOGY PARK N37 XF22 ATHLONE CO WESTMEATH IE ,N/A,N/A,,"CN, CHINA",,Anvers,"HOUSTON,TX",902214,INSTRUMENTS FOR MEDICAL USE HTS:,NO MARKS,5040.0,CTN,5628.0,0.0,EXDO611726318,HLBU2818048,
2025-11-10,美国,中国,KCI IMPORT INC,KCI MANUFACTURING UNLIMITED,12930 W INTERSTATE 10 SAN ANTONIO TX 78249 US , COMPANY IDA BUSINESS & TECHNOLOGY PARK N37 XF22 ATHLONE CO WESTMEATH IE ,N/A,N/A,,"CN, CHINA",,ROTTERDAM,"NORFOLK,VA",902214,INSTRUMENTS FOR MEDICAL USE HTS:,NO MARKS,3045.0,CTN,3144.0,0.0,EXDO611726381,HAMU2712035,
2025-09-24,美国,中国,KCI IMPORT INC,KCI MANUFACTURING UNLIMITED,12930 W INTERSTATE 10 SAN ANTONIO TX 78249 US , COMPANY IDA BUSINESS & TECHNOLOGY PARK N37 XF22 ATHLONE CO WESTMEATH IE ,N/A,N/A,,"CN, CHINA",,LIVERPOOL,"NORFOLK,VA",902214,MEDICAL INSTRUMENTS FOR USE HTS: MEDICAL INSTRUMENTS FOR USE HTS:,NO MARKS,2406.0,CTN,1114.0,0.0,EXDO611726180,GCNU4783904,
2025-11-22,美国,中国,KCI IMPORT INC,KCI MANUFACTURING UNLIMITED,12930 W INTERSTATE 10 SAN ANTONIO TX 78249 US , COMPANY IDA BUSINESS & TECHNOLOGY PARK N37 XF22 ATHLONE CO WESTMEATH IE ,N/A,N/A,,"CN, CHINA",,LIVERPOOL,"NORFOLK,VA",902214,INSTRUMENTS FOR MEDICAL USE HTS:INSTRUMENTS FOR MEDICAL USE HTS:,NO MARKSNO MARKS,4644.0,CTN,5122.0,0.0,EXDO611726422,"GCNU4752884,GCNU4779062",
2025-09-27,美国,中国,KCI IMPORT INC,KCI MANUFACTURING UNLIMITED,12930 W INTERSTATE 10 SAN ANTONIO TX 78249 US , COMPANY IDA BUSINESS & TECHNOLOGY PARK N37 XF22 ATHLONE CO WESTMEATH IE ,N/A,N/A,,"CN, CHINA",,LIVERPOOL,"NORFOLK,VA",902214,INSTRUMENTS FOR MEDICAL USE HTS:,NO MARKS,756.0,PKG,2289.0,0.0,EXDO611726210,ACLU9719606,
2025-09-19,美国,中国,NOTIFY PARTY,YUHONG INDUSTRIAL LIMITED,N/A, NO 2 ZHUHAI ROAD CHANGSHU CITY SUZ HOU CITY 215500 ,NOTIFY PARTY,1 BUNZL INTERNATIONAL 11973 WESTLINE INDUSTRIAL DRIVE SU ITE 125 ST LOUIS MO 63146 TO BE C ONTINUED 2,,"CN, CHINA",,SHANGHAI,"NEW YORK,NY",902214,"HYBRID GLOVES NOT FOR MEDICAL USE HDPE GLOVESNOT FOR MEDICAL USE PO# CUSTOMER PO# / ORDER# NO SOLID WOOD PACKIN G MATERIAL TO BE CONTINUED BUNZL EIN# = - ATTN= BARBARA HALL TEL= - - TO BE CONTINUED TEL= - - FAX= - - IMPORT.PAYMENTS@BUNZLUSA.COM NOTIFY P ARTY LIVINGSTON INT I E. PIERCE ROAD ST E ITASCA, IL BIS@LIVINGSTONINTL.COM TEL= - - - ; FAX= - - - X HQ FCL CY TO CY",. . . . . . . . . .,6650.0,CTN,18558.0,0.0,WHLC130F504330,WHSU5281890,
2025-03-18,美国,中国,VARIAN MEDICAL SYSTEMS SAN JOSE,VARIAN MEDICAL SYSTEMS CHINA CO LT,6212 HELLYER AVE, NO 8 YUN CHENG STREET ,N/A,N/A,,"CN, CHINA",,Pusan,"OAKLAND, CA",902214,"MEDICAL EQUIPMENT BASE MODEL ASSY, ,MV HALCYON HS902214",HAL2411,7.0,PKG,8366.0,0.0,CHSL504935420BJS,NYKU0787615,
2025-11-12,美国,中国,ASO LLC,QIDONG FARJOY MEDICAL MATERIAL CO,300 SARASOTA CENTER BLVD SARASOTA FL 34240 ,NO 1858 NANYUAN WEST RD ECONOMIC DEVELOPMENT ZONE ,SEKO LOGISTICS,6302 ANDERSON RD TAMPA FL 33634,,"CN, CHINA",,SHANGHAI,Tampa,902214,SURGICAL TAPE CFS TO CY PART OF X HQ THIS S HIPMENT CONTAINS NO SOLID WOODEN PACKAGING MATERIALS(SWPM),. .,207.0,CTN,3225.0,0.0,MCLMSHTPA2510003,ZCSU6679389,
2025-03-08,美国,中国,AMICO CORP,EXCELSIOR HARDWARE & PLASTIC PRODUC, 120 FULTON WAY RICHMOND HILL ONTAR IO CANADA L4B 1J5 ,BLOCK D YUNSHENG INDUSTRIAL PARK TANGTOU 3RD INDUSTRIAL ZONE SHIYAN SHENZHEN SHENZHEN GUANGDONG CHI ,N/A,N/A,,"CN, CHINA",,"SHENZHEN,YANTIAN","SEATTLE,WA",902214,METAL ENCLOSURE FOR MEDICAL USE,NO MARKS,3.0,PKG,798.0,0.0,COSU640883633003,TXGU4393861,
2025-11-11,美国,中国,KCI IMPORT INC,KCI MANUFACTURING UNLIMITED,12930 W INTERSTATE 10 SAN ANTONIO TX 78249 US , COMPANY IDA BUSINESS & TECHNOLOGY PARK N37 XF22 ATHLONE CO WESTMEATH IE ,N/A,N/A,,"CN, CHINA",,LIVERPOOL,"NORFOLK,VA",902214,INSTRUMENTS FOR MEDICAL USE HTS:,NO MARKS,3015.0,CTN,3234.0,0.0,EXDO611726396,TCNU5215856,
2025-10-19,美国,中国,KCI IMPORT INC,KCI MANUFACTURING UNLIMITED,12930 W INTERSTATE 10 SAN ANTONIO TX 78249 US , COMPANY IDA BUSINESS & TECHNOLOGY PARK N37 XF22 ATHLONE CO WESTMEATH IE ,N/A,N/A,,"CN, CHINA",,CARTAGENA,LOS ANGELES,902214,INSTRUMENTS FOR MEDICAL USE HTS:INSTRUMENTS FOR MEDICAL USE HTS:,NO MARKSNO MARKS,3919.0,PKG,6541.0,0.0,EXDO611726124,"FFAU5376992,HAMU3574809",
2025-06-04,美国,中国,CARESTREAM HEALTH INC,APELEM,882 LINDEN AVE ,9 AV DU CANAL PHILIPPE LAMOUR ZAC POLE ACTIF ,CARESTREAM HEALTH INC,882 LINDEN AVE ,,"CN, CHINA",,FOS SUR MER,"NEW YORK,NY",902214,MEDICAL INSTRUMENT - HSC:902214MEDICAL INSTRUMENT - HSC:902214,CARESTREAM - USA ??REF:PO650281145 4?? PO6502811583????HBL N?7155138298CARESTREAM - USA ??REF:PO650281145 4?? PO6502811583????HBL N?7155138298,18.0,PKG,6990.0,0.0,UEUR7155138298,"SEGU6252919,MSNU1209314",
2025-06-21,美国,中国,,,N/A,N/A,N/A,N/A,,"CN, CHINA",,"SHENZHEN,YANTIAN",LONG BEACH,902214,"AXILLARY CRUTCH,COMMODE BUCKET 7QT WITH LID FOR MEDICAL USE",. . . . . . . . . . . . . . . . . . . . . . . .,975.0,CTN,9155.0,0.0,OOLU2158735860,GCXU5645999,
2025-01-03,美国,中国,OWEN MUMFORD INC,OWEN MUMFORD SDN BHD,1775 WEST OAK COMMONS COURT MARIETTA GA 30062 UNITED STATES , NO 19 & 21 JALAN BIOTEKNOLOGI 3K ISKANDAR PUTERI JOHOR79200 MALAYSIA ,OWEN MUMFORD INC,1775 WEST OAK COMMONS COURT MARIETTA GA 30062 UNITED STATES ,,"CN, CHINA",,SHANGHAI,LONG BEACH,902214,17 PACKAGES OF MEDICAL DEVICES (SINGLE USE LANCING DEVICE),.,17.0,PKG,5625.0,0.0,DWSDPKG06976281,SUDU8571129,
2025-10-21,美国,中国,KCI IMPORT INC,KCI MANUFACTURING UNLIMITED,12930 W INTERSTATE 10 SAN ANTONIO TX 78249 US , COMPANY IDA BUSINESS & TECHNOLOGY PARK N37 XF22 ATHLONE CO WESTMEATH IE ,N/A,N/A,,"CN, CHINA",,Anvers,"NORFOLK,VA",902214,INSTRUMENTS FOR MEDICAL USE HTS:,NO MARKS,3258.0,PKG,4048.0,0.0,EXDO611726223,HLXU8510614,
2025-02-06,美国,中国,CARDINAL HEALTH 200 LLC,,24101 S BRADLEY ST CHANNAHON IL UNITED STATES ,N/A,N/A,N/A,,"CN, CHINA",,"SHENZHEN,YANTIAN",LONG BEACH,902214,"AXILLARY CRUTCH, COMMODE BUCKET 7QT WITH LID FOR MEDICAL USE",. . . . . . . . . . . . . . . . . .,837.0,CTN,9907.0,0.0,OOLU2155222280,TGBU9260848,
2025-10-28,美国,中国,KCI IMPORT INC,KCI MANUFACTURING UNLIMITED,12930 W INTERSTATE 10 SAN ANTONIO TX 78249 US , COMPANY IDA BUSINESS & TECHNOLOGY PARK N37 XF22 ATHLONE CO WESTMEATH IE ,N/A,N/A,,"CN, CHINA",,LIVERPOOL,"NORFOLK,VA",902214,INSTRUMENTS FOR MEDICAL USE HTS:,NO MARKS,3360.0,PKG,3668.0,0.0,EXDO611726331,TEMU8403184,
2025-11-10,美国,中国,KCI IMPORT INC,KCI MANUFACTURING UNLIMITED,12930 W INTERSTATE 10 SAN ANTONIO TX 78249 US , COMPANY IDA BUSINESS & TECHNOLOGY PARK N37 XF22 ATHLONE CO WESTMEATH IE ,N/A,N/A,,"CN, CHINA",,ROTTERDAM,"NORFOLK,VA",902214,INSTRUMENTS FOR MEDICAL USE HTS:,NO MARKS,3012.0,CTN,3201.0,0.0,EXDO611726380,BEAU4563139,
2025-01-07,美国,中国,AMICO CORP,NINGBO WWS INDUSTRIAL CO LTD, 85 FULTON WAY RICHMOND HILL ONTARI O L4B 2N4 CANADA TEL:905-764-0800 , 1426# LINGQIAO SQUARE NO 31 YAOHAN G STREET NINGBO CHINA TEL: 86-574-87308182 ,N/A,N/A,,"CN, CHINA",,NINGBO,"SEATTLE,WA",902214,ZINC PLATE FOR MEDICAL USE CARBON STEEL BOX FOR MEDICAL USE CARBON STEEL PLATE FOR MEDICAL USE ALUM PLATE FOR MEDICAL USE CARBON STEEL BRACKET FOR MEDICAL USE ALUM BRACKET FOR MEDICAL USE,P/N# P/O# C/NO# QTY# MADE IN CHINA,11.0,PKG,7012.0,0.0,OOCONIN241175000,FFAU6232794,
2025-08-14,美国,中国,AKKAR DEPOT LLC,SHANTOU INSTITUTE OF ULTRASONIC,/ PROSESA MEDICA 1513 SAN PATRICIA DR SUITE B PHARR TX ZIP CODE 78577 USA ,3 LONGJIANG ROAD SHANTOU 515000 GUANGDONG CHINA,CANG LU LOGISTICS,PO BOX 1993 PHARR TX ZIP CODE 78577 USA ,,"CN, CHINA",,"SHENZHEN,YANTIAN",LOS ANGELES,902214,X-RAY UNIT SR-8210S STAND BXJJ-X004 WITH GZZJ-X001 HS CODE: 9022.14,PM250740 AKKAR USA C/NO:1-25,25.0,CTN,584.0,0.0,ECUWSWAS25070361,TXGU4084266,
2025-04-13,美国,中国,JSSK INC,WUJIANG CITY WORLDFUL TRADE CO LTD,7135 TELEGRAPH RD MONTEBELLO CA 90640 , NO 597 SANXING RD ECONOMIC DEVELOPMENT ZONE WUJIANG CN ,JSSK INC,7135 TELEGRAPH RD MONTEBELLO CA 90640 ,,"CN, CHINA",,NINGBO,LONG BEACH,902214,TRI-BEVELED NEEDLES(NON-MEDICAL USE ONLY),JSSK PO:CT25-PO-001-011725 NO.,11.0,PKG,100.0,0.0,CHKMNB25011139,EITU1752114,
2025-11-23,美国,中国,KCI IMPORT INC,KCI MANUFACTURING UNLIMITED,12930 W INTERSTATE 10 SAN ANTONIO TX 78249 US , COMPANY IDA BUSINESS & TECHNOLOGY PARK N37 XF22 ATHLONE CO WESTMEATH IE ,N/A,N/A,,"CN, CHINA",,ROTTERDAM,"NORFOLK,VA",902214,INSTRUMENTS FOR MEDICAL USE HTS:,NO MARKS,2505.0,CTN,2595.0,0.0,EXDO611726404,CAAU5553374,
2025-10-28,美国,中国,MEDICAL ACTION INDUSTRIES INC,ARCROYAL UC VIRGINIA,25 HEYWOOD ROAD ARDEN NC 28704 US ,MEATH IE ,N/A,N/A,,"CN, CHINA",,LIVERPOOL,"NORFOLK,VA",902214,INSTRUMENTS FOR MEDICAL USE HTS:,NO MARKS,1302.0,CTN,3543.0,0.0,EXDO611726346,GCNU4803786,
2025-11-22,美国,中国,KCI IMPORT INC,KCI MANUFACTURING UNLIMITED,12930 W INTERSTATE 10 SAN ANTONIO TX 78249 US , COMPANY IDA BUSINESS & TECHNOLOGY PARK N37 XF22 ATHLONE CO WESTMEATH IE ,N/A,N/A,,"CN, CHINA",,LIVERPOOL,"NORFOLK,VA",902214,INSTRUMENTS FOR MEDICAL USE HTS:,NO MARKS,4670.0,CTN,5304.0,0.0,EXDO611726399,GCNU4806065,
2025-11-22,美国,中国,KCI IMPORT INC,KCI MANUFACTURING UNLIMITED,12930 W INTERSTATE 10 SAN ANTONIO TX 78249 US , COMPANY IDA BUSINESS & TECHNOLOGY PARK N37 XF22 ATHLONE CO WESTMEATH IE ,N/A,N/A,,"CN, CHINA",,LIVERPOOL,"NORFOLK,VA",902214,INSTRUMENTS FOR MEDICAL USE HTS:,NO MARKS,3102.0,CTN,4016.0,0.0,EXDO611726458,ACLU9712915,
2025-09-27,美国,中国,KCI IMPORT INC,KCI MANUFACTURING UNLIMITED,12930 W INTERSTATE 10 SAN ANTONIO TX 78249 US , COMPANY IDA BUSINESS & TECHNOLOGY PARK N37 XF22 ATHLONE CO WESTMEATH IE ,N/A,N/A,,"CN, CHINA",,LIVERPOOL,"NORFOLK,VA",902214,INSTRUMENTS FOR MEDICAL USE HTS:,NO MARKS,756.0,PKG,2289.0,0.0,EXDO611726206,HYJU1004170,
2025-08-27,美国,中国,ASO LLC,QIDONG FARJOY MEDICAL MATERIAL CO,360B S AMERICAS AVE EL PASO TX 79907 ,NO 1858 NANYUAN WEST RD ECONOMIC DEVELOPMENT ZONE ,SEKO LOGISTICS,6302 ANDERSON RD TAMPA FL 33634,,"CN, CHINA",,SHANGHAI,LONG BEACH,902214,SURGICAL TAPE CFS TO CY PART OF X HQ THIS S HIPMENT CONTAINS NO SOLID WOODEN PACKAGING MATERIALS(SWPM),. .,431.0,CTN,5792.0,0.0,MCLMSHLGB2508037,MSNU7059361,
2025-11-10,美国,中国,KCI IMPORT INC,KCI MANUFACTURING UNLIMITED,12930 W INTERSTATE 10 SAN ANTONIO TX 78249 US , COMPANY IDA BUSINESS & TECHNOLOGY PARK N37 XF22 ATHLONE CO WESTMEATH IE ,N/A,N/A,,"CN, CHINA",,Anvers,"NORFOLK,VA",902214,INSTRUMENTS FOR MEDICAL USE HTS:,NO MARKS,1776.0,CTN,2251.0,0.0,EXDO611726385,FANU3170028,
2025-03-28,美国,中国,SEDECAL USA INC,SEDECAL HUNGARY LTD,5481 SKYLAND BOULEVARD E 5481 SKYLAND BOULEVARD E COTTONDALE AL 35453 US ,DOZSA GYORGY U 86 2220 VECSES HU ,N/A,N/A,,"CN, CHINA",,BREMERHAVEN,Savannah,902214,VETERINARY X-RAY EQUIPMENT HTS: 902214,NO MARKS,45.0,PCS,6148.0,0.0,EXDO617534410,TCNU1523697,
2025-10-19,美国,中国,KCI IMPORT INC,KCI MANUFACTURING UNLIMITED,12930 W INTERSTATE 10 SAN ANTONIO TX 78249 US , COMPANY IDA BUSINESS & TECHNOLOGY PARK N37 XF22 ATHLONE CO WESTMEATH IE ,N/A,N/A,,"CN, CHINA",,Anvers,"HOUSTON,TX",902214,INSTRUMENTS FOR MEDICAL USE HTS:,NO MARKS,3891.0,PKG,4151.0,0.0,EXDO611726268,HAMU3226125,
2025-11-11,美国,中国,MEDICAL ACTION INDUSTRIES INC,ARCROYAL UC VIRGINIA,25 HEYWOOD ROAD ARDEN NC 28704 US ,MEATH IE ,N/A,N/A,,"CN, CHINA",,LIVERPOOL,"NORFOLK,VA",902214,INSTRUMENTS FOR MEDICAL USE HTS:,NO MARKS,1732.0,CTN,4132.0,0.0,EXDO611726382,ACLU9677476,
2025-09-05,美国,中国,MYLAN PHARMACEUTICALS INC,KUEHNE NAGEL IRELAND,2898 MANUFACTURERS RD GREENSBORO DISTRIBUTION CENTRE GREENSBORO NC 27406-4600 US ,UNIT D2 HORIZON LOGISTICS PARK DUBLIN DUBLIN K67 A5W6 IE ,N/A,N/A,,"CN, CHINA",,RINGASKIDDY,Wilmington,902214,INSTRUMENTS FOR MEDICAL USE HTS:,WIXELA,1097.0,PKG,3553.0,0.0,EXDO611726106,TTNU8981210,
2025-09-30,美国,中国,AIR TITE PRODUCTS CO INC,SHANGHAI KLCARE MEDICAL DEVICES CO,565 CENTRAL DR ,NO 469 FENGJIN ROAD FENGXIAN DIST RICT SHANGHAI 201401 CHINA ,N/A,N/A,,"CN, CHINA",,SHANGHAI,"NORFOLK,VA",902214,DISPOSABLE SYRINGES VETERINARY & LABORATORY USE ONLYBULK SYRINGEVETERINARY & LABORATORY USE ONLYDISPOSABLE SYRINGES VETERINARY & LABORATORY USE ONLYBULK SYRINGEVETERINARY & LABORATORY USE ONLYBULK DISPENSERNON MEDICAL USE,NO MARKSNO MARKS,1805.0,CTN,18670.0,0.0,DFDSRAF0015499,"HAMU4057591,HLBU2680215",
2025-10-21,美国,中国,KCI IMPORT INC,KCI MANUFACTURING UNLIMITED,12930 W INTERSTATE 10 SAN ANTONIO TX 78249 US , COMPANY IDA BUSINESS & TECHNOLOGY PARK N37 XF22 ATHLONE CO WESTMEATH IE ,N/A,N/A,,"CN, CHINA",,Anvers,"NORFOLK,VA",902214,INSTRUMENTS FOR MEDICAL USE HTS:,NO MARKS,5040.0,PKG,5712.0,0.0,EXDO611726284,PRSU8863178,
2025-10-21,美国,中国,KCI IMPORT INC,KCI MANUFACTURING UNLIMITED,12930 W INTERSTATE 10 SAN ANTONIO TX 78249 US , COMPANY IDA BUSINESS & TECHNOLOGY PARK N37 XF22 ATHLONE CO WESTMEATH IE ,N/A,N/A,,"CN, CHINA",,Anvers,"NORFOLK,VA",902214,INSTRUMENTS FOR MEDICAL USE HTS:,NO MARKS,1127.0,CTN,2542.0,0.0,EXDO611726314,FANU3050254,
2025-11-23,美国,中国,KCI IMPORT INC,KCI MANUFACTURING UNLIMITED,12930 W INTERSTATE 10 SAN ANTONIO TX 78249 US , COMPANY IDA BUSINESS & TECHNOLOGY PARK N37 XF22 ATHLONE CO WESTMEATH IE ,N/A,N/A,,"CN, CHINA",,ROTTERDAM,"NORFOLK,VA",902214,INSTRUMENTS FOR MEDICAL USE HTS:,NO MARKS,2436.0,CTN,3582.0,0.0,EXDO611726433,FANU3764890,
2025-10-21,美国,中国,KCI IMPORT INC,KCI MANUFACTURING UNLIMITED,12930 W INTERSTATE 10 SAN ANTONIO TX 78249 US , COMPANY IDA BUSINESS & TECHNOLOGY PARK N37 XF22 ATHLONE CO WESTMEATH IE ,N/A,N/A,,"CN, CHINA",,Anvers,"NORFOLK,VA",902214,INSTRUMENTS FOR MEDICAL USE HTS:,NO MARKS,3955.0,PKG,4633.0,0.0,EXDO611726224,HLBU3154792,
2025-09-27,美国,中国,KCI IMPORT INC,KCI MANUFACTURING UNLIMITED,12930 W INTERSTATE 10 SAN ANTONIO TX 78249 US , COMPANY IDA BUSINESS & TECHNOLOGY PARK N37 XF22 ATHLONE CO WESTMEATH IE ,N/A,N/A,,"CN, CHINA",,LIVERPOOL,"NORFOLK,VA",902214,INSTRUMENTS FOR MEDICAL USE HTS:,NO MARKS,1512.0,PKG,1890.0,0.0,EXDO611726205,DRYU9919700,
2025-10-21,美国,中国,KCI IMPORT INC,KCI MANUFACTURING UNLIMITED,12930 W INTERSTATE 10 SAN ANTONIO TX 78249 US , COMPANY IDA BUSINESS & TECHNOLOGY PARK N37 XF22 ATHLONE CO WESTMEATH IE ,N/A,N/A,,"CN, CHINA",,Anvers,"NORFOLK,VA",902214,INSTRUMENTS FOR MEDICAL USE HTS:,NO MARKS,3360.0,PKG,3520.0,0.0,EXDO611726307,HAMU2126137,
2025-08-27,美国,中国,KCI IMPORT INC,KCI MANUFACTURING UNLIMITED,12930 W INTERSTATE 10 SAN ANTONIO TX 78249 US , COMPANY IDA BUSINESS & TECHNOLOGY PARK N37 XF22 ATHLONE CO WESTMEATH IE ,N/A,N/A,,"CN, CHINA",,LIVERPOOL,"NORFOLK,VA",902214,INSTRUMENTS FOR MEDICAL USE HTS:INSTRUMENTS FOR MEDICAL USE HTS:INSTRUMENTS FOR MEDICAL USE HTS:,NO MARKSNO MARKSNO MARKS,2770.0,PKG,4975.0,0.0,EXDO611726066,"CXDU2262227,FBLU0216646,ACLU9710255",
2025-03-19,美国,中国,OWEN MUMFORD INC,OWEN MUMFORD SDN BHD,1775 WEST OAK COMMONSCOURT MARIETTA GA 30062 UNITED STATES , NO 19 & 21 JALAN BIOTEKNOLOGI 3 ISKANDAR PUTERI JOHOR 79200 ,OWEN MUMFORD INC,1775 WEST OAK COMMONSCOURT MARIETTA GA 30062 UNITED STATES ,,"CN, CHINA",,SHANGHAI,Savannah,902214,19 PACKAGES OF MEDICAL DEVICES (SINGLE USE LANCING DEVICE),.,19.0,PKG,5488.0,0.0,DWSDPKG04945192,MRSU5516594,
2025-09-06,美国,中国,KCI IMPORT INC,KCI MANUFACTURING UNLIMITED,12930 W INTERSTATE 10 SAN ANTONIO TX 78249 US , COMPANY IDA BUSINESS & TECHNOLOGY PARK N37 XF22 ATHLONE CO WESTMEATH IE ,N/A,N/A,,"CN, CHINA",,Anvers,"NORFOLK,VA",902214,INSTRUMENTS FOR MEDICAL USE HTS:INSTRUMENTS FOR MEDICAL USE HTS:INSTRUMENTS FOR MEDICAL USE HTS:,NO MARKSNO MARKSNO MARKS,4317.0,PKG,9193.0,0.0,EXDO611726047,"TCNU7377440,HLXU8213766,UACU5442260",
2025-09-13,美国,中国,KCI IMPORT INC,KCI MANUFACTURING UNLIMITED,12930 W INTERSTATE 10 SAN ANTONIO TX 78249 US , COMPANY IDA BUSINESS & TECHNOLOGY PARK N37 XF22 ATHLONE CO WESTMEATH IE ,N/A,N/A,,"CN, CHINA",,ROTTERDAM,"NORFOLK,VA",902214,MEDICAL INSTRUMENTS FOR USE HTS:,NO MARKS,1512.0,CTN,1890.0,0.0,EXDO611726097,HLBU3204851,
2025-10-28,美国,中国,KCI IMPORT INC,KCI MANUFACTURING UNLIMITED,12930 W INTERSTATE 10 SAN ANTONIO TX 78249 US , COMPANY IDA BUSINESS & TECHNOLOGY PARK N37 XF22 ATHLONE CO WESTMEATH IE ,N/A,N/A,,"CN, CHINA",,LIVERPOOL,"NORFOLK,VA",902214,INSTRUMENTS FOR MEDICAL USE HTS:INSTRUMENTS FOR MEDICAL USE HTS:INSTRUMENTS FOR MEDICAL USE HTS:,NO MARKSNO MARKSNO MARKS,5628.0,CTN,8015.0,0.0,EXDO611726333,"ACLU9719817,GCNU4773700,ACLU9754994",
2025-10-28,美国,中国,KCI IMPORT INC,KCI MANUFACTURING UNLIMITED,12930 W INTERSTATE 10 SAN ANTONIO TX 78249 US , COMPANY IDA BUSINESS & TECHNOLOGY PARK N37 XF22 ATHLONE CO WESTMEATH IE ,N/A,N/A,,"CN, CHINA",,LIVERPOOL,"NORFOLK,VA",902214,INSTRUMENTS FOR MEDICAL USE HTS:INSTRUMENTS FOR MEDICAL USE HTS:,NO MARKSNO MARKS,7647.0,CTN,8916.0,0.0,EXDO611726336,"ACLU9677516,ACLU9773464",
2025-09-06,美国,中国,KCI IMPORT INC,KCI MANUFACTURING UNLIMITED,12930 W INTERSTATE 10 SAN ANTONIO TX 78249 US , COMPANY IDA BUSINESS & TECHNOLOGY PARK N37 XF22 ATHLONE CO WESTMEATH IE ,N/A,N/A,,"CN, CHINA",,LIVERPOOL,"NORFOLK,VA",902214,INSTRUMENTS FOR MEDICAL USE HTS:,NO MARKS,2649.0,PKG,3134.0,0.0,EXDO611726093,ACLU9668052,
2025-10-13,美国,中国,KCI IMPORT INC,KCI MANUFACTURING UNLIMITED,12930 W INTERSTATE 10 SAN ANTONIO TX 78249 US , COMPANY IDA BUSINESS & TECHNOLOGY PARK N37 XF22 ATHLONE CO WESTMEATH IE ,N/A,N/A,,"CN, CHINA",,LIVERPOOL,"NORFOLK,VA",902214,INSTRUMENTS FOR MEDICAL USE HTS:,NO MARKS,1670.0,CTN,2250.0,0.0,EXDO611726277,GCNU4763831,
2025-09-24,美国,中国,KCI IMPORT INC,KCI MANUFACTURING UNLIMITED,12930 W INTERSTATE 10 SAN ANTONIO TX 78249 US , COMPANY IDA BUSINESS & TECHNOLOGY PARK N37 XF22 ATHLONE CO WESTMEATH IE ,N/A,N/A,,"CN, CHINA",,LIVERPOOL,"NORFOLK,VA",902214,MEDICAL INSTRUMENTS FOR USE HTS:,NO MARKS,1134.0,CTN,858.0,0.0,EXDO611726177,ACLU9770188,
2025-11-23,美国,中国,AUTHORITY MEDICAL GROUP LLC,JIAXING MINGJI TEXTILE CO LTD, 5950 NE JACOBSON STREET BUILDING 11 SUITE 190 HILLSBORO OREGON 97124 USA , NO 285 CHENGKANG ROAD TIANNING TOWN JIAXING COUNTY ZHEJIANG CHINA 314000 ,AUTHORITY MEDICAL GROUP LLC, 5950 NE JACOBSON STREET BUILDING 11 SUITE 190 HILLSBORO OREGON 97124 USA ,,"CN, CHINA",,SHANGHAI,"PORTLAND,OR",902214,"FOR MEDICAL USE ONLY,SILDER TUBE MATERIAL . .","PO: MPU MATERIAL COMPOSITION: WIDTH: COLOR: QTY: FOR MEDICAL USE ONLY, SILDER TUBE MATERIAL MADE IN CHINA",175.0,ROL,6021.0,0.0,HNLTSH25TA0046,MMFU1011367,
2025-10-22,美国,中国,KCI IMPORT INC,KCI MANUFACTURING UNLIMITED,12930 W INTERSTATE 10 SAN ANTONIO TX 78249 US , COMPANY IDA BUSINESS & TECHNOLOGY PARK N37 XF22 ATHLONE CO WESTMEATH IE ,N/A,N/A,,"CN, CHINA",,ROTTERDAM,"NORFOLK,VA",902214,INSTRUMENTS FOR MEDICAL USE HTS:,NO MARKS,4860.0,PKG,5508.0,0.0,EXDO611726170,HLBU3163963,
2025-11-22,美国,中国,KCI IMPORT INC,KCI MANUFACTURING UNLIMITED,12930 W INTERSTATE 10 SAN ANTONIO TX 78249 US , COMPANY IDA BUSINESS & TECHNOLOGY PARK N37 XF22 ATHLONE CO WESTMEATH IE ,N/A,N/A,,"CN, CHINA",,LIVERPOOL,"NORFOLK,VA",902214,INSTRUMENTS FOR MEDICAL USE HTS:INSTRUMENTS FOR MEDICAL USE HTS:,NO MARKSNO MARKS,4494.0,CTN,7324.0,0.0,EXDO611726455,"GCNU4820314,GCNU4809969",
2025-10-19,美国,中国,KCI IMPORT INC,KCI MANUFACTURING UNLIMITED,12930 W INTERSTATE 10 SAN ANTONIO TX 78249 US , COMPANY IDA BUSINESS & TECHNOLOGY PARK N37 XF22 ATHLONE CO WESTMEATH IE ,N/A,N/A,,"CN, CHINA",,Anvers,"HOUSTON,TX",902214,INSTRUMENTS FOR MEDICAL USE HTS:,NO MARKS,2658.0,PKG,3108.0,0.0,EXDO611726220,HLBU1992775,
2025-02-07,美国,中国,VARIAN MEDICAL SYSTEMS SAN JOSE,VARIAN MEDICAL SYSTEMS CHINA CO LT,6212 HELLYER AVE, NO 8 YUN CHENG STREET ,N/A,N/A,,"CN, CHINA",,QINGDAO,"OAKLAND, CA",902214,"MEDICAL EQUIPMENT BASE MODEL ASSY, ,MV HALCYON HS902214",HAL2379,5.0,PKG,7307.0,0.0,CHSL498657907BJS,TGHU6570224,
2025-11-11,美国,中国,KCI IMPORT INC,KCI MANUFACTURING UNLIMITED,12930 W INTERSTATE 10 SAN ANTONIO TX 78249 US , COMPANY IDA BUSINESS & TECHNOLOGY PARK N37 XF22 ATHLONE CO WESTMEATH IE ,N/A,N/A,,"CN, CHINA",,LIVERPOOL,"NORFOLK,VA",902214,INSTRUMENTS FOR MEDICAL USE HTS:INSTRUMENTS FOR MEDICAL USE HTS:INSTRUMENTS FOR MEDICAL USE HTS:,NO MARKSNO MARKSNO MARKS,10542.0,CTN,12110.0,0.0,EXDO611726393,"GCNU4821727,GCNU4767740,ACLU9771590",
2025-11-22,美国,中国,KCI IMPORT INC,KCI MANUFACTURING UNLIMITED,12930 W INTERSTATE 10 SAN ANTONIO TX 78249 US , COMPANY IDA BUSINESS & TECHNOLOGY PARK N37 XF22 ATHLONE CO WESTMEATH IE ,N/A,N/A,,"CN, CHINA",,LIVERPOOL,"NORFOLK,VA",902214,INSTRUMENTS FOR MEDICAL USE HTS:,NO MARKS,4014.0,CTN,4824.0,0.0,EXDO611726383,GCNU4804627,
2025-10-17,美国,中国,ASO LLC,QIDONG FARJOY MEDICAL MATERIAL CO,360B S AMERICAS AVE EL PASO TX 79907 ,NO 1858 NANYUAN WEST RD ECONOMIC DEVELOPMENT ZONE ,SEKO LOGISTICS,6302 ANDERSON RD TAMPA FL 33634,,"CN, CHINA",,SHANGHAI,LONG BEACH,902214,SURGICAL TAPE CFS TO CY PART OF X HQ THIS S HIPMENT CONTAINS NO SOLID WOODEN PACKAGING MATERIALS(SWPM),. .,119.0,CTN,1386.0,0.0,MCLMSHLGB2510025,YMMU6927414,
2025-11-23,美国,中国,KCI IMPORT INC,KCI MANUFACTURING UNLIMITED,12930 W INTERSTATE 10 SAN ANTONIO TX 78249 US , COMPANY IDA BUSINESS & TECHNOLOGY PARK N37 XF22 ATHLONE CO WESTMEATH IE ,N/A,N/A,,"CN, CHINA",,CARTAGENA,LOS ANGELES,902214,INSTRUMENTS FOR MEDICAL USE HTS:,NO MARKS,3242.0,PKG,3974.0,0.0,EXDO611726296,FANU1884242,
2025-10-13,美国,中国,KCI IMPORT INC,KCI MANUFACTURING UNLIMITED,12930 W INTERSTATE 10 SAN ANTONIO TX 78249 US , COMPANY IDA BUSINESS & TECHNOLOGY PARK N37 XF22 ATHLONE CO WESTMEATH IE ,N/A,N/A,,"CN, CHINA",,LIVERPOOL,"NORFOLK,VA",902214,INSTRUMENTS FOR MEDICAL USE HTS:,NO MARKS,1098.0,PKG,2347.0,0.0,EXDO611726279,GCNU4760832,
2025-05-24,美国,中国,CARESTREAM HEALTH INC,APELEM,882 LINDEN AVE ,9 AV DU CANAL PHILIPPE LAMOUR ZAC POLE ACTIF ,CARESTREAM HEALTH INC,882 LINDEN AVE ,,"CN, CHINA",,FOS SUR MER,"NEW YORK,NY",902214,MEDICAL INSTRUMENT HSC:902214HBL N 7155138276MEDICAL INSTRUMENT HSC:902214HBL N 7155138276,CARESTREAM - USA????REF:PO N?6502811176?? PO N?6502809895?? PO N?6502809897 ?? P O N?6502810092?? PO N?6502810094?? PO N ?6502810095?? PO N?6502811177?? PO N?65 02810096?? PO N?6502810091CARESTREAM - USA????REF:PO N?6502811176?? PO N?6502809895?? PO N?6502809897 ?? P O N?6502810092?? PO N?6502810094?? PO N ?6502810095?? PO N?6502811177?? PO N?65 02810096?? PO N?6502810091,25.0,PKG,8670.0,0.0,UEUR7155138276,"CARU9993051,MEDU3072481",
2025-11-02,美国,中国,KCI IMPORT INC,KCI MANUFACTURING UNLIMITED,12930 W INTERSTATE 10 SAN ANTONIO TX 78249 US , COMPANY IDA BUSINESS & TECHNOLOGY PARK N37 XF22 ATHLONE CO WESTMEATH IE ,N/A,N/A,,"CN, CHINA",,Anvers,"HOUSTON,TX",902214,INSTRUMENTS FOR MEDICAL USE HTS:,NO MARKS,1836.0,PKG,2805.0,0.0,EXDO611726306,BEAU5073938,
2025-07-30,美国,中国,BRIDGESGAP LIMITED,, C/O FBA 24208 SAN MICHELE RD ,N/A,N/A,N/A,,"CN, CHINA",,NINGBO,LOS ANGELES,902214,"NON-WOVEN SURGICAL TAPE, 2.5CM X 9.14M,12ROLLS TRANSPARENT SURGICAL TAPE, 2.5CM X 9.14M, 12ROLLS TRANSPARENT SURGICAL TAPE, 5CM X 9.14M, 6ROLLS",NO MARKS,158.0,CTN,2539.0,0.0,AMZDCN25J7AQRODG,KOCU5124090,
2025-02-07,美国,中国,VARIAN MEDICAL SYSTEMS SAN JOSE,VARIAN MEDICAL SYSTEMS CHINA CO LT,6212 HELLYER AVE, NO 8 YUN CHENG STREET ,N/A,N/A,,"CN, CHINA",,QINGDAO,"OAKLAND, CA",902214,"MEDICAL EQUIPMENT BASE MODEL ASSY, ,MV HALCYON HS902214",HAL2383,5.0,PKG,7307.0,0.0,CHSL499493623BJS,CBHU8988178,
2025-08-02,美国,中国,HENRY SCHEIN INC,INMED GLOVES FACTORY,135 DURYEA ROAD MELVILLE NY 11747- PHONE 631 845-2857 FAX 631 843-55 , 10-2 XING AN RD EAST LINQU ,N/A,N/A,,"CN, CHINA",,SHANGHAI,"NEW YORK,NY",902214,570-0089 CRITERION POWDER FREE VINYL GLOVE FOR MEDICAL USE MEDIUM 570-0088 CRITERION POWDER FREE VINYL GLOVE FOR MEDICAL USE SMALL570-0090 CRITERION POWDER FREE VINYL GLOVE FOR MEDICAL USE LARGE 570-0091 CRITERION POWDER FREE VINYL GLOVE FOR MEDICAL USE XLARGE PO 24681241 24681242 24681243 24681244 24681245,NO MARKS,2976.0,PKG,19300.0,0.0,CHSL516074485TAO,OOLU6937475,
2025-10-21,美国,中国,KCI IMPORT INC,KCI MANUFACTURING UNLIMITED,12930 W INTERSTATE 10 SAN ANTONIO TX 78249 US , COMPANY IDA BUSINESS & TECHNOLOGY PARK N37 XF22 ATHLONE CO WESTMEATH IE ,N/A,N/A,,"CN, CHINA",,Anvers,"NORFOLK,VA",902214,INSTRUMENTS FOR MEDICAL USE HTS:,NO MARKS,3360.0,PKG,3520.0,0.0,EXDO611726313,FANU3526253,
2025-11-22,美国,中国,KCI IMPORT INC,KCI MANUFACTURING UNLIMITED,12930 W INTERSTATE 10 SAN ANTONIO TX 78249 US , COMPANY IDA BUSINESS & TECHNOLOGY PARK N37 XF22 ATHLONE CO WESTMEATH IE ,N/A,N/A,,"CN, CHINA",,LIVERPOOL,"NORFOLK,VA",902214,INSTRUMENTS FOR MEDICAL USE HTS:INSTRUMENTS FOR MEDICAL USE HTS:INSTRUMENTS FOR MEDICAL USE HTS:,NO MARKSNO MARKSNO MARKS,4199.0,CTN,7033.0,0.0,EXDO611726420,"GCNU4790708,ACLU9705053,ACLU9709296",
2025-09-27,美国,中国,KCI IMPORT INC,KCI MANUFACTURING UNLIMITED,12930 W INTERSTATE 10 SAN ANTONIO TX 78249 US , COMPANY IDA BUSINESS & TECHNOLOGY PARK N37 XF22 ATHLONE CO WESTMEATH IE ,N/A,N/A,,"CN, CHINA",,LIVERPOOL,"NORFOLK,VA",902214,INSTRUMENTS FOR MEDICAL USE HTS:,NO MARKS,756.0,PKG,2289.0,0.0,EXDO611726211,ACLU9723503,
2025-09-24,美国,中国,KCI IMPORT INC,KCI MANUFACTURING UNLIMITED,12930 W INTERSTATE 10 SAN ANTONIO TX 78249 US , COMPANY IDA BUSINESS & TECHNOLOGY PARK N37 XF22 ATHLONE CO WESTMEATH IE ,N/A,N/A,,"CN, CHINA",,LIVERPOOL,"NORFOLK,VA",902214,INSTRUMENTS FOR MEDICAL USE HTS:,NO MARKS,2835.0,PKG,2751.0,0.0,EXDO611726175,ACLU9709038,
2025-09-09,美国,中国,KCI IMPORT INC,KCI MANUFACTURING UNLIMITED,12930 W INTERSTATE 10 SAN ANTONIO TX 78249 US , COMPANY IDA BUSINESS & TECHNOLOGY PARK N37 XF22 ATHLONE CO WESTMEATH IE ,N/A,N/A,,"CN, CHINA",,LIVERPOOL,"NORFOLK,VA",902214,MEDICAL INSTRUMENTS FOR USE HTS:MEDICAL INSTRUMENTS FOR USE HTS:MEDICAL INSTRUMENTS FOR USE HTS:,NO MARKSNO MARKSNO MARKS,9094.0,CTN,9759.0,0.0,EXDO611726111,"ACLU9822492,ACLU9672387,GCNU4741160",
2025-05-17,美国,中国,CARESTREAM HEALTH INC,APELEM,882 LINDEN AVE ,9 AV DU CANAL PHILIPPE LAMOUR ZAC POLE ACTIF ,N/A,N/A,,"CN, CHINA",,FOS SUR MER,"NEW YORK,NY",902214,MEDICAL INSTRUMENT HSC 902214,PO 6502797738 6502806784 6502806746,12.0,PKG,3879.0,0.0,UEUR7155138177,MSNU5257590,
2025-01-08,美国,中国,CARDINAL HEALTH,,500 NEELYTOWN ROAD,N/A,N/A,N/A,,"CN, CHINA",,"SHENZHEN,YANTIAN","NEW YORK,NY",902214,"AXILLARY CRUTCH, TALL,H70-78,300LB,COMMODE BUCKET 7QT WITH LID FOR MEDICAL USE",NO MARKS,825.0,CTN,9296.0,0.0,DMALSZXC65208,HAMU2232782,
2025-07-08,美国,中国,UIH TECHNOLOGIES LLC,SHANGHAI UNITED IMAGING HEALTHCARE CO LTD,9380 KIRBY DRIVE HOUSTON TX 77054 UNITED STATES O HOUSTON TX77054 US , NO 2258 CHENGBEI RD JIADING DISTRICT SHANGHAI 201807 CHINA SHANGHAI 201807 CN ,UIH TECHNOLOGIES LLC,9380 KIRBY DRIVE HOUSTON TX 77054 UNITED STATES O HOUSTON TX77054 US ,,"CN, CHINA",,SHANGHAI,"HOUSTON,TX",902214,UDR AURORA CX H.S.CODE:902214,NO MARKS,8.0,PKG,2921.0,0.0,PPILS2CM250231,BEAU5945917,
2025-11-04,美国,中国,NOTIFY PARTY,YUHONG INDUSTRIAL LIMITED,N/A, NO 2 ZHUHAI ROAD CHANGSHU CITY SUZ HOU CITY 215500 ,NOTIFY PARTY,1 BUNZL INTERNATIONAL 11973 WESTLINE INDUSTRIAL DRIVE SU ITE 125 ST LOUIS MO 63146 TO BE CONTINUED 2,,"CN, CHINA",,SHANGHAI,"OAKLAND, CA",902214,"CAST POLY GLOVES NOT FOR MEDICAL USE VINYL GLOVES NOT FOR MEDICAL USE HDPE GLOVE NOT FOR MEDICAL USE PO# CUSTOMER PO# / ORDER# NO SOLID WOOD PACKING MATERIA L TO BE CONTINUED BUNZL EIN# = - ATTN= BARBARA HALL TEL= - - TO BE CO NTINUED TEL= - - FAX= - - I MPORT.PAYMENTS@BUNZLUSA.COM NOTIFY PARTY LI VINGSTON INT I E. PIERCE ROAD STE ITA SCA, IL BIS@LIVINGSTONINTL.COM TEL= - - - ; FAX= - - - X HQ F CL CY TO CY",. . . . . . . . . . .,3412.0,CTN,15874.0,0.0,WHLC130F505832,WHSU6642473,
2025-09-09,美国,中国,KCI IMPORT INC,KCI MANUFACTURING UNLIMITED,12930 W INTERSTATE 10 SAN ANTONIO TX 78249 US , COMPANY IDA BUSINESS & TECHNOLOGY PARK N37 XF22 ATHLONE CO WESTMEATH IE ,N/A,N/A,,"CN, CHINA",,LIVERPOOL,"NORFOLK,VA",902214,INSTRUMENTS FOR MEDICAL USE HTS:,NO MARKS,1428.0,PKG,3344.0,0.0,EXDO611726113,GCNU4796291,
2025-01-18,美国,中国,BRIDGESGAP LIMITED,, C/O FBA 4700 WILBUR AVE ,N/A,N/A,N/A,,"CN, CHINA",,NINGBO,"OAKLAND, CA",902214,"NON-WOVEN SURGICAL TAPE,2.5CM X 9.14M,12ROLLSNON-WOVEN SURGICAL TAPE,5CM X 9.14M,6ROLLS TRANSPARENT SURGICAL TAPE,2.5CM X 9.14M,12ROLLS TRANSPARENT SURGICAL TAPE,5CM X 9.14M,6ROLLS WASHABLE UNDERPAD M,4 PACK WASHABLE UNDERPAD WITH FLAP M,2 PACK WASHABLE UNDERPAD M,4 PACK WASHABLE UNDERPAD XS, 4 LAYER,3 PACK WASHABLE UNDERPAD WITH FLAP L,2 PACK",NO MARKS,994.0,CTN,15054.0,0.0,AMZDCN242TYDSB6Y,MSDU5321600,
2025-10-13,美国,中国,KCI IMPORT INC,KCI MANUFACTURING UNLIMITED,12930 W INTERSTATE 10 SAN ANTONIO TX 78249 US , COMPANY IDA BUSINESS & TECHNOLOGY PARK N37 XF22 ATHLONE CO WESTMEATH IE ,N/A,N/A,,"CN, CHINA",,LIVERPOOL,"NORFOLK,VA",902214,INSTRUMENTS FOR MEDICAL USE HTS:,NO MARKS,756.0,PKG,2247.0,0.0,EXDO611726251,GCNU4865155,
2025-06-26,美国,中国,SEDECAL USA INC,SEDECAL HUNGARY LTD,5481 SKYLAND BOULEVARD E 5481 SKYLAND BOULEVARD E COTTONDALE AL 35453 US ,DOZSA GYORGY U 86 2220 VECSES HU ,N/A,N/A,,"CN, CHINA",,BREMERHAVEN,Savannah,902214,VETERINARY X-RAY EQUIPMENT HTS: 902214,NO MARKS,52.0,PCS,7858.0,0.0,EXDO617534744,TGCU5435849,
2025-08-27,美国,中国,KCI IMPORT INC,KCI MANUFACTURING UNLIMITED,12930 W INTERSTATE 10 SAN ANTONIO TX 78249 US , COMPANY IDA BUSINESS & TECHNOLOGY PARK N37 XF22 ATHLONE CO WESTMEATH IE ,N/A,N/A,,"CN, CHINA",,LIVERPOOL,"NORFOLK,VA",902214,INSTRUMENTS FOR MEDICAL USE HTS:,NO MARKS,1512.0,PKG,2520.0,0.0,EXDO611726069,GCNU4754001,
2025-11-08,美国,中国,AMICO MOBILITY SOLUTIONS,PANASIAALUMINIUM HONG KONG LIMITED,CORPORATION 122B EAST BEAVER CREEK ROAD RECEIVING DOCK #18 RICHMOND HILL ON L4B 1G6 TEL: 905-764-0800 RICHMOND HILL ONL4B 1G6 CA , UNIT 1 26-F TOWER 2 THE MILLENNITY 98 HOW MING STREET KWUN TONG KOWLOON HONG KONG CN ,AMICO MOBILITY SOLUTIONS CORP, 122B EAST BEAVER CREEK ROAD RECEIVING DOCK #18 RICHMOND HILL ON L4B 1G6 TEL: 905-764-0800 RICHMOND HILL ONL4B 1G6 CA ,,"CN, CHINA",,QINGDAO,"SEATTLE,WA",902214,"CONNECTION ARMSOR POSTS FOR MEDICAL TESTING INSTRUMENTS (FOR MEDICAL USE) TARIFF CODE : . . . TOTAL N.W: , . KGS G .W: , . KGSCONNECTION ARMS OR POSTS FOR MEDICAL TESTING INSTRUMENTS (FOR MEDICAL USE) TARIFF CODE : . . . TOTAL N.W: , . KGS G .W: , . KGS",NO MARKSCS0484377-MO0306215-MO0306668,41.0,BDL,19190.0,0.0,AWOSASTAO2509273,"TGBU8048177,RFCU2245775",
2025-02-21,美国,中国,VARIAN MEDICAL SYSTEMS SAN JOSE,VARIAN MEDICAL SYSTEMS CHINA CO LT,6212 HELLYER AVE, NO 8 YUN CHENG STREET ,N/A,N/A,,"CN, CHINA",,Pusan,"OAKLAND, CA",902214,"MEDICAL EQUIPMENT BASE MODEL ASSY, ,MV HALCYON HS902214",HAL2390,5.0,PKG,7307.0,0.0,CHSL500933535BJS,FFAU1424243,
2025-11-11,美国,中国,KCI IMPORT INC,KCI MANUFACTURING UNLIMITED,12930 W INTERSTATE 10 SAN ANTONIO TX 78249 US , COMPANY IDA BUSINESS & TECHNOLOGY PARK N37 XF22 ATHLONE CO WESTMEATH IE ,N/A,N/A,,"CN, CHINA",,LIVERPOOL,"NORFOLK,VA",902214,INSTRUMENTS FOR MEDICAL USE HTS:INSTRUMENTS FOR MEDICAL USE HTS:INSTRUMENTS FOR MEDICAL USE HTS:,NO MARKSNO MARKSNO MARKS,7854.0,CTN,9226.0,0.0,EXDO611726389,"CXDU1748560,GCNU4801340,ACLU9725126",
2025-07-18,美国,中国,MINDRAY ANIMAL MEDICAL TECHNOLOGY N,MINDRAY ANIMAL MEDICAL TECHNOLOGY C,22000 OPPORTUNITY WAY RIVERSIDE CA USA ATTN: LUKE LIU TEL:6263608620 RIVERSIDE CA UNITED ,UNIT 2303-04 23/F WING ON CENTRE 111 CONNAUGHT ROAD CENTRAL HONGKONG HONG KONG ,MINDRAY ANIMAL MEDICAL TECHNOLOGY N,1200 MACARTHUR BLVD UNIT 302B MAHWAH NJ UNITED STATES 07430,,"CN, CHINA",,"SHENZHEN,YANTIAN",LOS ANGELES,902214,VETERINARY DIGITAL RADIOGRAPHY SYSTEM HTS CODE:9022140090 VETA 3X TROLLEY HTS CODE:9402900000 ROLLING STAND - STANDARD HTS CODE:9402900000 ANESTHESIA GAS FILTER CANISTER HTS CODE:9018909999 MT2 CART (FDA) HTS CODE:9402900000 ULTRASONIC PROBE HTS CODE:9402900000 WALL MOUNT KITS HTS CODE:8302490000,AS ADDRESSED,138.0,CTN,2996.0,0.0,KFUNA2507280050,EGHU9858760,
2025-08-31,美国,中国,MTC INDUSTRIES INC,HANGZHOU GREENSKY BIOLOGICAL TECH,255 OSER AVENUE HAUPPAUGE NY 11788 UNITED STATES ,902 THINK BLUE BUILDING 1 NO 533 DONGXIN ROAD HANGZHOU CHINA,N/A,N/A,,"CN, CHINA",,SHANGHAI,LONG BEACH,902214,GINKGO BILOBA E XTRACT(NO MEDICAL USE),PRODUCT NAME: LOT NO: MFG DATE : EXP DA TE: N.W.: G.W.:,120.0,DRM,3430.0,0.0,PSEAOLAX25080165,FSCU5914878,
2025-10-19,美国,中国,KCI IMPORT INC,KCI MANUFACTURING UNLIMITED,12930 W INTERSTATE 10 SAN ANTONIO TX 78249 US , COMPANY IDA BUSINESS & TECHNOLOGY PARK N37 XF22 ATHLONE CO WESTMEATH IE ,N/A,N/A,,"CN, CHINA",,Anvers,"HOUSTON,TX",902214,INSTRUMENTS FOR MEDICAL USE HTS:,NO MARKS,2856.0,PKG,3242.0,0.0,EXDO611726267,CAAU7577879,
2025-09-06,美国,中国,KCI IMPORT INC,KCI MANUFACTURING UNLIMITED,12930 W INTERSTATE 10 SAN ANTONIO TX 78249 US , COMPANY IDA BUSINESS & TECHNOLOGY PARK N37 XF22 ATHLONE CO WESTMEATH IE ,N/A,N/A,,"CN, CHINA",,LIVERPOOL,"NORFOLK,VA",902214,INSTRUMENTS FOR MEDICAL USE HTS:INSTRUMENTS FOR MEDICAL USE HTS:INSTRUMENTS FOR MEDICAL USE HTS:,NO MARKSNO MARKSNO MARKS,10960.0,PKG,12160.0,0.0,EXDO611726064,"ACLU9753175,ACLU9755100,ACLU9806300",
2025-10-13,美国,中国,KCI IMPORT INC,KCI MANUFACTURING UNLIMITED,12930 W INTERSTATE 10 SAN ANTONIO TX 78249 US , COMPANY IDA BUSINESS & TECHNOLOGY PARK N37 XF22 ATHLONE CO WESTMEATH IE ,N/A,N/A,,"CN, CHINA",,LIVERPOOL,"NORFOLK,VA",902214,INSTRUMENTS FOR MEDICAL USE HTS:,NO MARKS,756.0,PKG,2100.0,0.0,EXDO611726249,TCNU5649620,
2025-11-22,美国,中国,KCI IMPORT INC,KCI MANUFACTURING UNLIMITED,12930 W INTERSTATE 10 SAN ANTONIO TX 78249 US , COMPANY IDA BUSINESS & TECHNOLOGY PARK N37 XF22 ATHLONE CO WESTMEATH IE ,N/A,N/A,,"CN, CHINA",,LIVERPOOL,"NORFOLK,VA",902214,INSTRUMENTS FOR MEDICAL USE HTS:INSTRUMENTS FOR MEDICAL USE HTS:,NO MARKSNO MARKS,8772.0,CTN,9903.0,0.0,EXDO611726456,"GCNU4806321,ACLU9672915",
2025-09-13,美国,中国,KCI IMPORT INC,KCI MANUFACTURING UNLIMITED,12930 W INTERSTATE 10 SAN ANTONIO TX 78249 US , COMPANY IDA BUSINESS & TECHNOLOGY PARK N37 XF22 ATHLONE CO WESTMEATH IE ,N/A,N/A,,"CN, CHINA",,ROTTERDAM,"NORFOLK,VA",902214,MEDICAL INSTRUMENTS FOR USE HTS:MEDICAL INSTRUMENTS FOR USE HTS:MEDICAL INSTRUMENTS FOR USE HTS:,NO MARKSNO MARKSNO MARKS,6978.0,CTN,8194.0,0.0,EXDO611726070,"HAMU3876012,FANU3736603,TCLU6470801",
2025-05-17,美国,中国,LEXINGTON MEDICAL INC,DONGGUAN JSTAR ELECTRONICS CO LTD,23 CROSBY DRIVE BEDFORD MASSACHUSETTS 01730 US , NO 182 KUAIQING RD SINOPOL QINGXIE LECTRONIC INFORMATION INDUSTRIAL P ARK P1 DONGGUAN CN ,N/A,N/A,,"CN, CHINA",,"SHENZHEN,YANTIAN","NEW YORK,NY",902214,COMPONENTS TO BE ASSEMBLED INTO SINGLE-USE ENDOMECHANICAL SURGICAL DEVICE,"C/NO:1 16 JSING DONGGUAN JSTAR ELECTRONICS CO.,LTD",16.0,CTN,130.0,0.0,PEVHSGL25041241,TGBU4610223,
2025-04-14,美国,中国,LEXINGTON MEDICAL INC,SHENZHEN GOLDEN RAINBOW PRECISION M FULIDA INDUSTRIAL PARK HUANGUANZHO NG,23 CROSBY DRIVE BEDFORD MASSACHUSETTS 01730 US , NO 360GUANLAN LONGHUA DIS TRICT SHENZHEN CN ,N/A,N/A,,"CN, CHINA",,"SHENZHEN,YANTIAN","NEW YORK,NY",902214,WHITE BLOCK(PART ASSEMBLED INTO SINGLE-USE ENDOMECHANICAL SURGICAL DEVICE),101080,25.0,CTN,31.0,0.0,PEVHSGL25021906,EMCU8737542,
2025-08-27,美国,中国,KCI IMPORT INC,KCI MANUFACTURING UNLIMITED,12930 W INTERSTATE 10 SAN ANTONIO TX 78249 US , COMPANY IDA BUSINESS & TECHNOLOGY PARK N37 XF22 ATHLONE CO WESTMEATH IE ,N/A,N/A,,"CN, CHINA",,LIVERPOOL,"NORFOLK,VA",902214,INSTRUMENTS FOR MEDICAL USE HTS:INSTRUMENTS FOR MEDICAL USE HTS:INSTRUMENTS FOR MEDICAL USE HTS:,NO MARKSNO MARKSNO MARKS,4113.0,PKG,6871.0,0.0,EXDO611726067,"GCNU4739141,ACLU9668875,ACLU9766573",
2025-02-07,美国,中国,VARIAN MEDICAL SYSTEMS SAN JOSE,VARIAN MEDICAL SYSTEMS CHINA CO LT,6212 HELLYER AVE, NO 8 YUN CHENG STREET ,N/A,N/A,,"CN, CHINA",,QINGDAO,"OAKLAND, CA",902214,"MEDICAL EQUIPMENT BASE MODEL ASSY, ,MV HALCYON HS902214",HAL2380,5.0,PKG,7307.0,0.0,CHSL499295072BJS,CBHU9065827,
2025-02-02,美国,中国,AUTHORITY MEDICAL GROUP LLC,JIAXING HAOYI TEXTILE CO LTD, 5950 NE JACOBSON STREET BUILDING 11 SUITE 190 HILLSBORO OREGON 97124 USA , HONGXI DEVELOPMENT ZONE TIANNING JIASHAN JIAXING DIS ZHEJIANG 314100 CHINA ,AUTHORITY MEDICAL GROUP LLC, 5950 NE JACOBSON STREET BUILDING 11 SUITE 190 HILLSBORO OREGON 97124 USA ,,"CN, CHINA",,SHANGHAI,"PORTLAND,OR",902214,"FOR MEDICAL USE ONLY,SILDER TUBE MATERIAL . .","PO: MPU MATERIAL COMPOSITION: WIDTH: COLOR: QTY: FOR MEDICAL USE ONLY, SILDER TUBE MATERIAL MADE IN CHINA",237.0,ROL,7935.0,0.0,HNLTSH24QA1339,SMCU1239876,
2025-09-27,美国,中国,KCI IMPORT INC,KCI MANUFACTURING UNLIMITED,12930 W INTERSTATE 10 SAN ANTONIO TX 78249 US , COMPANY IDA BUSINESS & TECHNOLOGY PARK N37 XF22 ATHLONE CO WESTMEATH IE ,N/A,N/A,,"CN, CHINA",,LIVERPOOL,"NORFOLK,VA",902214,INSTRUMENTS FOR MEDICAL USE HTS:,NO MARKS,756.0,PKG,2289.0,0.0,EXDO611726209,ACLU9790184,
2025-11-22,美国,中国,KCI IMPORT INC,KCI MANUFACTURING UNLIMITED,12930 W INTERSTATE 10 SAN ANTONIO TX 78249 US , COMPANY IDA BUSINESS & TECHNOLOGY PARK N37 XF22 ATHLONE CO WESTMEATH IE ,N/A,N/A,,"CN, CHINA",,LIVERPOOL,"NORFOLK,VA",902214,INSTRUMENTS FOR MEDICAL USE HTS:,NO MARKS,1445.0,CTN,2168.0,0.0,EXDO611726401,ACLU9750197,
2025-11-11,美国,中国,KCI IMPORT INC,KCI MANUFACTURING UNLIMITED,12930 W INTERSTATE 10 SAN ANTONIO TX 78249 US , COMPANY IDA BUSINESS & TECHNOLOGY PARK N37 XF22 ATHLONE CO WESTMEATH IE ,N/A,N/A,,"CN, CHINA",,LIVERPOOL,"NORFOLK,VA",902214,INSTRUMENTS FOR MEDICAL USE HTS:INSTRUMENTS FOR MEDICAL USE HTS:INSTRUMENTS FOR MEDICAL USE HTS:,NO MARKSNO MARKSNO MARKS,4046.0,CTN,6060.0,0.0,EXDO611726394,"ACLU9668345,ACLU9686483,ACLU9781074",
2025-10-13,美国,中国,KCI IMPORT INC,KCI MANUFACTURING UNLIMITED,12930 W INTERSTATE 10 SAN ANTONIO TX 78249 US , COMPANY IDA BUSINESS & TECHNOLOGY PARK N37 XF22 ATHLONE CO WESTMEATH IE ,N/A,N/A,,"CN, CHINA",,LIVERPOOL,"NORFOLK,VA",902214,INSTRUMENTS FOR MEDICAL USE HTS:,NO MARKS,3990.0,PKG,4297.0,0.0,EXDO611726259,GCNU4846068,
2025-09-06,美国,中国,MEDICAL ACTION INDUSTRIES INC,ARCROYAL UC VIRGINIA,25 HEYWOOD ROAD ARDEN NC 28704 US ,MEATH IE ,N/A,N/A,,"CN, CHINA",,LIVERPOOL,"NORFOLK,VA",902214,INSTRUMENTS FOR MEDICAL USE HTS:,NO MARKS,1830.0,PCS,3748.0,0.0,EXDO611726085,ACLU9758120,
2025-10-10,美国,中国,KCI IMPORT INC,KCI MANUFACTURING UNLIMITED,12930 W INTERSTATE 10 SAN ANTONIO TX 78249 US , COMPANY IDA BUSINESS & TECHNOLOGY PARK N37 XF22 ATHLONE CO WESTMEATH IE ,N/A,N/A,,"CN, CHINA",,Anvers,"NORFOLK,VA",902214,INSTRUMENTS FOR MEDICAL USE HTS:,NO MARKS,300.0,PKG,1986.0,0.0,EXDO611726149,HAMU1444679,
2025-10-19,美国,中国,KCI IMPORT INC,KCI MANUFACTURING UNLIMITED,12930 W INTERSTATE 10 SAN ANTONIO TX 78249 US , COMPANY IDA BUSINESS & TECHNOLOGY PARK N37 XF22 ATHLONE CO WESTMEATH IE ,N/A,N/A,,"CN, CHINA",,CARTAGENA,LOS ANGELES,902214,INSTRUMENTS FOR MEDICAL USE HTS:,NO MARKS,3360.0,PCS,3668.0,0.0,EXDO611726171,UACU5377817,
2025-11-22,美国,中国,KCI IMPORT INC,KCI MANUFACTURING UNLIMITED,12930 W INTERSTATE 10 SAN ANTONIO TX 78249 US , COMPANY IDA BUSINESS & TECHNOLOGY PARK N37 XF22 ATHLONE CO WESTMEATH IE ,N/A,N/A,,"CN, CHINA",,LIVERPOOL,"NORFOLK,VA",902214,INSTRUMENTS FOR MEDICAL USE HTS:INSTRUMENTS FOR MEDICAL USE HTS:INSTRUMENTS FOR MEDICAL USE HTS:,NO MARKSNO MARKSNO MARKS,11760.0,CTN,13048.0,0.0,EXDO611726419,"ACLU9676926,GCNU4880360,GCNU4787427",
2025-09-27,美国,中国,KCI IMPORT INC,KCI MANUFACTURING UNLIMITED,12930 W INTERSTATE 10 SAN ANTONIO TX 78249 US , COMPANY IDA BUSINESS & TECHNOLOGY PARK N37 XF22 ATHLONE CO WESTMEATH IE ,N/A,N/A,,"CN, CHINA",,LIVERPOOL,"NORFOLK,VA",902214,INSTRUMENTS FOR MEDICAL USE HTS:,NO MARKS,3096.0,PKG,3414.0,0.0,EXDO611726213,ACLU9729902,
2025-11-23,美国,中国,KCI IMPORT INC,KCI MANUFACTURING UNLIMITED,12930 W INTERSTATE 10 SAN ANTONIO TX 78249 US , COMPANY IDA BUSINESS & TECHNOLOGY PARK N37 XF22 ATHLONE CO WESTMEATH IE ,N/A,N/A,,"CN, CHINA",,Anvers,"NORFOLK,VA",902214,INSTRUMENTS FOR MEDICAL USE HTS:,NO MARKS,4140.0,CTN,3790.0,0.0,EXDO611726403,HAMU1485683,
2025-09-27,美国,中国,KCI IMPORT INC,KCI MANUFACTURING UNLIMITED,12930 W INTERSTATE 10 SAN ANTONIO TX 78249 US , COMPANY IDA BUSINESS & TECHNOLOGY PARK N37 XF22 ATHLONE CO WESTMEATH IE ,N/A,N/A,,"CN, CHINA",,LIVERPOOL,"NORFOLK,VA",902214,INSTRUMENTS FOR MEDICAL USE HTS:,NO MARKS,1134.0,CTN,1890.0,0.0,EXDO611726204,TGBU7112190,
2025-10-19,美国,中国,MILLPLEDGE NORTH AMERICA INC,MILLPLEDGE LTD,828 MITCHELL RD THOUSAND OAKS CA UNITED STATES ,WHINLEYS ESTATE CHURCH LANE RETFORD NOTTINGHAMSHIRE UNITED KINGDOM ,ALLROUND FORWARDING COMPANY INC, 6751 ENGLE RD SUITE B CLEVELAND OH UNITED STATES ,,"CN, CHINA",,Hamble,LOS ANGELES,902214,X GP STC VETERINARY SUPPLIES UN CLS . LIMITED QUANTITIES MEDICAL EQUIPMENT PACKAGES = ALUMINIUM CRATES,MILLPLEDGE NORTH AMERICA INC,84.0,PKG,5875.0,0.0,OOLU2311303040,DRYU4549455,
2025-10-30,美国,中国,,LAKE REGION MEDICAL LTD,N/A,BUTLERSLAND Y34 K825 NEW ROSS CO WEXFORD IE ,N/A,N/A,,"CN, CHINA",,ROTTERDAM,City of New York,902214,INSTRUMENTS FOR MEDICAL USE HTS:,NO MARKS,33.0,PKG,325.0,0.0,EXDO611726242,TRHU8219041,
2025-11-22,美国,中国,KCI IMPORT INC,KCI MANUFACTURING UNLIMITED,12930 W INTERSTATE 10 SAN ANTONIO TX 78249 US , COMPANY IDA BUSINESS & TECHNOLOGY PARK N37 XF22 ATHLONE CO WESTMEATH IE ,N/A,N/A,,"CN, CHINA",,LIVERPOOL,"NORFOLK,VA",902214,INSTRUMENTS FOR MEDICAL USE HTS:INSTRUMENTS FOR MEDICAL USE HTS:,NO MARKSNO MARKS,3941.0,CTN,5473.0,0.0,EXDO611726453,"ACLU9816524,SEGU6288296",
2025-05-25,美国,中国,RENEX MEDICAL DEVICES AND SUPPLIES CO LTD,VILLA SISTEMI MEDICALI SPA, AL SA AH TOWER BUILDING ZUBERI STREET KENTAKI INTESECTION ,VIA DELLE AZALEE 3 20090 BUCCINASCO ITALY TEL:+3902488591 FAX:+390248859206 ,RENEX MEDICAL DEVICES AND SUPPLIES CO LTD, AL SA AH TOWER BUILDING ZUBERI STREET KENTAKI INTESECTION ,,"CN, CHINA",,GENOA,"NEW YORK,NY",902214,FREIGHT PREPAID MEDICAL DEVICES HS CODE: 90221400,NO MARKS,1.0,PKG,2607.0,0.0,CMDUGEN1850525,UETU3033381,
2025-06-28,美国,中国,PUSEN USA INC,ZHUHAI PUSEN MEDICAL TECHNOLOGY CO,2222 EAST BEAMER STREET WOODLAND CA 95776 WOODLAND 95776 US ,NO 33 KE JI SAN ROAD HIGH-TECH ZONEZHUHAI CITY GUANGDONG PROVINCE 51 9085 ZHUHAI CN ,N/A,N/A,,"CN, CHINA",,"SHENZHEN,YANTIAN","OAKLAND, CA",902214,MEDICAL VIDEO ENDOSCOPE - SINGLE USE FLEXIBLEVIDEO URETEROSCOPE PU3033A-S MEDICAL VIDEO E NDOSCOPE - SINGLE USE FLEXIBLE VIDEO URETEROSCOPE PU3033A-R SINGLE USE FLEXIBLE VIDEO URETEROSCOPE PU400A-S SINGLE USE GRASPING FORCEPSPGA SINGLE USE BIOPSY FORCEPS PGB HD MEDICAL VIDEO ENDOSCOPE IMAGE PROCESSOR PV300 MONIT OR E190DH1,PUSEN,931.0,CTN,4934.0,0.0,SXCOZSOE25050057,HMMU4024269,
2025-10-08,美国,中国,KCI IMPORT INC,KCI MANUFACTURING UNLIMITED,12930 W INTERSTATE 10 SAN ANTONIO TX 78249 US , COMPANY IDA BUSINESS & TECHNOLOGY PARK N37 XF22 ATHLONE CO WESTMEATH IE ,N/A,N/A,,"CN, CHINA",,LIVERPOOL,"NORFOLK,VA",902214,INSTRUMENTS FOR MEDICAL USE HTS:,NO MARKS,5040.0,PKG,5712.0,0.0,EXDO611726253,ACLU9706872,
2025-10-28,美国,中国,KCI IMPORT INC,KCI MANUFACTURING UNLIMITED,12930 W INTERSTATE 10 SAN ANTONIO TX 78249 US , COMPANY IDA BUSINESS & TECHNOLOGY PARK N37 XF22 ATHLONE CO WESTMEATH IE ,N/A,N/A,,"CN, CHINA",,LIVERPOOL,"NORFOLK,VA",902214,INSTRUMENTS FOR MEDICAL USE HTS:INSTRUMENTS FOR MEDICAL USE HTS:INSTRUMENTS FOR MEDICAL USE HTS:,NO MARKSNO MARKSNO MARKS,8466.0,PKG,9892.0,0.0,EXDO611726302,"ACLU9797949,GCNU4810023,ACLU9786409",
2025-11-22,美国,中国,LETSGETCHECKED INC,PRIVAPATH DIAGNOSTICS T A LETSGETCHECKED LTD,330 W 38TH STREET 405 STREET 405 NEW YORK NY 10018 US ,UNIT 3 ADELPHI HOUSE DUN LAOGHAIRE A96 NY82 IE ,N/A,N/A,,"CN, CHINA",,LIVERPOOL,"NORFOLK,VA",902214,INSTRUMENTS FOR MEDICAL USE HTS:,NO MARKS,21.0,PCS,7875.0,0.0,EXDO611726426,ACLU9722467,
2025-11-16,美国,中国,KCI IMPORT INC,KCI MANUFACTURING UNLIMITED,12930 W INTERSTATE 10 SAN ANTONIO TX 78249 US , COMPANY IDA BUSINESS & TECHNOLOGY PARK N37 XF22 ATHLONE CO WESTMEATH IE ,N/A,N/A,,"CN, CHINA",,Anvers,"HOUSTON,TX",902214,INSTRUMENTS FOR MEDICAL USE HTS:,NO MARKS,2970.0,CTN,3528.0,0.0,EXDO611726379,SEKU6735845,
2025-11-10,美国,中国,KCI IMPORT INC,KCI MANUFACTURING UNLIMITED,12930 W INTERSTATE 10 SAN ANTONIO TX 78249 US , COMPANY IDA BUSINESS & TECHNOLOGY PARK N37 XF22 ATHLONE CO WESTMEATH IE ,N/A,N/A,,"CN, CHINA",,ROTTERDAM,"NORFOLK,VA",902214,INSTRUMENTS FOR MEDICAL USE HTS:,NO MARKS,2832.0,CTN,3160.0,0.0,EXDO611726341,FANU3781829,
2025-07-26,美国,中国,,,N/A,N/A,N/A,N/A,,"CN, CHINA",,"SHENZHEN,YANTIAN",LONG BEACH,902214,"9681 NEXT GENERATION SURGICAL CLIPPER (3M),9680 SINGLE USE BLADE ASBY - 50 EA/CS (3M)",AS PER AIT HBL,2049.0,CTN,7855.0,0.0,AIWLHKG02334252,MSBU4120115,
2025-10-06,美国,中国,KCI IMPORT INC,KCI MANUFACTURING UNLIMITED,12930 W INTERSTATE 10 SAN ANTONIO TX 78249 US , COMPANY IDA BUSINESS & TECHNOLOGY PARK N37 XF22 ATHLONE CO WESTMEATH IE ,N/A,N/A,,"CN, CHINA",,ROTTERDAM,"NORFOLK,VA",902214,INSTRUMENTS FOR MEDICAL USE HTS:,NO MARKS,3360.0,PCS,3668.0,0.0,EXDO611726169,BMOU6632850,
2025-10-28,美国,中国,MEDICAL ACTION INDUSTRIES INC,ARCROYAL UC VIRGINIA,25 HEYWOOD ROAD ARDEN NC 28704 US ,MEATH IE ,N/A,N/A,,"CN, CHINA",,LIVERPOOL,"NORFOLK,VA",902214,INSTRUMENTS FOR MEDICAL USE HTS:,NO MARKS,1550.0,CTN,4114.0,0.0,EXDO611726329,ACLU9704740,
2025-03-19,美国,中国,AUTHORITY MEDICAL GROUP LLC,JIAXING HAOYI TEXTILE CO LTD, 5950 NE JACOBSON STREET BUILDING 11 SUITE 190 HILLSBORO OREGON 97124 USA , HONGXI DEVELOPMENT ZONE TIANNING JIASHAN ZHEJIANG CHINA 314100 ,AUTHORITY MEDICAL GROUP LLC, 5950 NE JACOBSON STREET BUILDING 11 SUITE 190 HILLSBORO OREGON 97124 USA ,,"CN, CHINA",,SHANGHAI,"PORTLAND,OR",902214,"FOR MEDICAL USE ONLY, SILDER TUBE MATERIAL . .","PO: MPU MATERIAL COMPOSITION: WIDTH: COLOR: QTY: FOR MEDICAL USE ONLY, SILDER TUBE MATERIAL MADE IN CHINA",293.0,ROL,9918.0,0.0,HNLTSH252A0479,CAAU8045192,
2025-10-21,美国,中国,,,N/A,N/A,N/A,N/A,,"CN, CHINA",,SINGAPORE,Charleston,902214,"SHIPPER S LOAD, COUNT SEAL X HQ CONTAINER , TOTAL CARTONS , CARTONS PART OFF NITRILE GLOVES REGULAR POWDER FREE INDUSTRIAL GRADE PO - NOT FOR MEDICAL USE, FOR INDUSTRIAL USE ONLY FREIGHT COLLECT",NO MARKS,2970.0,CTN,22440.0,0.0,CMDUAYN1264349,TCNU3471910,
2025-08-20,美国,中国,AUTHORITY MEDICAL GROUP LLC,JIAXING HAOYI TEXTILE CO LTD, 5950 NE JACOBSON STREET BUILDING 11 SUITE 190 HILLSBORO OREGON 97124 USA , HONGXI DEVELOPMENT ZONE TIANNING JIASHAN ZHEJIANG CHINA 314000 ,AUTHORITY MEDICAL GROUP LLC, 5950 NE JACOBSON STREET BUILDING 11 SUITE 190 HILLSBORO OREGON 97124 USA ,,"CN, CHINA",,SHANGHAI,"PORTLAND,OR",902214,"FOR MEDICAL USE ONLY,SILDER TUBE MATERIAL . .","PO: MPU MATERIAL COMPOSITION: WIDTH: COLOR: QTY: FOR MEDICAL USE ONLY, SILDER TUBE MATERIAL MADE IN CHINA",349.0,PKG,11884.0,0.0,HNLTSH256A1526,KOCU4919867,
2025-10-13,美国,中国,MEDICAL ACTION INDUSTRIES INC,ARCROYAL UC VIRGINIA,25 HEYWOOD ROAD ARDEN NC 28704 US ,MEATH IE ,N/A,N/A,,"CN, CHINA",,LIVERPOOL,"NORFOLK,VA",902214,INSTRUMENTS FOR MEDICAL USE HTS:,NO MARKS,2464.0,PKG,1949.0,0.0,EXDO611726236,GCNU4872220,
2025-09-24,美国,中国,KCI IMPORT INC,KCI MANUFACTURING UNLIMITED,12930 W INTERSTATE 10 SAN ANTONIO TX 78249 US , COMPANY IDA BUSINESS & TECHNOLOGY PARK N37 XF22 ATHLONE CO WESTMEATH IE ,N/A,N/A,,"CN, CHINA",,LIVERPOOL,"NORFOLK,VA",902214,INSTRUMENTS FOR MEDICAL USE HTS:INSTRUMENTS FOR MEDICAL USE HTS:,NO MARKSNO MARKS,3881.0,PKG,6714.0,0.0,EXDO611726146,"ACLU9743670,ACLU9715107",
2025-10-21,美国,中国,KCI IMPORT INC,KCI MANUFACTURING UNLIMITED,12930 W INTERSTATE 10 SAN ANTONIO TX 78249 US , COMPANY IDA BUSINESS & TECHNOLOGY PARK N37 XF22 ATHLONE CO WESTMEATH IE ,N/A,N/A,,"CN, CHINA",,Anvers,"NORFOLK,VA",902214,INSTRUMENTS FOR MEDICAL USE HTS:,NO MARKS,1092.0,PKG,1883.0,0.0,EXDO611726229,SEGU5764572,
2025-02-08,美国,中国,RIM LOGISTICS LTD,,N/A,N/A,RIM LOGISTICS LTD,200 N GARY AVENUE ROSELLE IL 60172 UNITED STATES ,,"CN, CHINA",,SHANGHAI,LOS ANGELES,902214,"GOWN,SURGI-LITE,X-LARGE STOCKINETTE NON WOVENGOWN FORCEP 9 INCH SURGICAL PACK ISOLATION G OWN SURGICAL DRAPE",SAME SAME,967.0,CTN,8819.0,0.0,MEDUYH438929,TLLU8968598,
2025-11-22,美国,中国,KCI IMPORT INC,KCI MANUFACTURING UNLIMITED,12930 W INTERSTATE 10 SAN ANTONIO TX 78249 US , COMPANY IDA BUSINESS & TECHNOLOGY PARK N37 XF22 ATHLONE CO WESTMEATH IE ,N/A,N/A,,"CN, CHINA",,LIVERPOOL,"NORFOLK,VA",902214,INSTRUMENTS FOR MEDICAL USE HTS:INSTRUMENTS FOR MEDICAL USE HTS:INSTRUMENTS FOR MEDICAL USE HTS:,NO MARKSNO MARKSNO MARKS,4521.0,CTN,6845.0,0.0,EXDO611726421,"ACLU9780761,GCNU4789707,GCNU4829440",
2025-09-24,美国,中国,KCI IMPORT INC,KCI MANUFACTURING UNLIMITED,12930 W INTERSTATE 10 SAN ANTONIO TX 78249 US , COMPANY IDA BUSINESS & TECHNOLOGY PARK N37 XF22 ATHLONE CO WESTMEATH IE ,N/A,N/A,,"CN, CHINA",,LIVERPOOL,"NORFOLK,VA",902214,INSTRUMENTS FOR MEDICAL USE HTS:,NO MARKS,756.0,PKG,2100.0,0.0,EXDO611726179,ACLU9806249,
2025-01-27,美国,中国,O M HALYARD INC,,9120 LOCKWOOD BLVD MECHANICSVILLE VIRGINIA 23116 USA ,N/A,O M HALYARD INC,HALYARD-DC SOUTHAVEN MS 228 ACCESS DRIVE SOUTHAVEN MISSISSIPPI 38671 ,,"CN, CHINA",,Pusan,Savannah,902214,"SYNTHETIC EXAM POWDER FREE CLEAR VINYL GLOVES FOR MEDICAL USE SIZE:SMALL/MEDIUM/LARGE/X-LARGE PO:18234167 FREIGHT COLLECT THIS SHIPMENT CONTAINS NO SOLID WOOD PACKING MATERIAL ALSO NOTIFY PARTY: O M HALYARD,INC HALYARD-DC SOUTHAVEN,MS 228 ACCESS DRIVE SOUTHAVEN MISSISSIPPI 38671 USA ATTN:JEANNINE FOX QA:JUDD BOYD TEL:(901) 619-3360 OM:RANDY HOOVER TEL:+1 (662) 772-1204",NO MARKS,3030.0,CTN,22490.0,0.0,CMDUQGD1413368,TEMU7538610,
2025-11-10,美国,中国,KCI IMPORT INC,KCI MANUFACTURING UNLIMITED,12930 W INTERSTATE 10 SAN ANTONIO TX 78249 US , COMPANY IDA BUSINESS & TECHNOLOGY PARK N37 XF22 ATHLONE CO WESTMEATH IE ,N/A,N/A,,"CN, CHINA",,Anvers,"NORFOLK,VA",902214,INSTRUMENTS FOR MEDICAL USE HTS:,NO MARKS,3360.0,CTN,3668.0,0.0,EXDO611726370,HAMU3204379,
2025-10-21,美国,中国,KCI IMPORT INC,KCI MANUFACTURING UNLIMITED,12930 W INTERSTATE 10 SAN ANTONIO TX 78249 US , COMPANY IDA BUSINESS & TECHNOLOGY PARK N37 XF22 ATHLONE CO WESTMEATH IE ,N/A,N/A,,"CN, CHINA",,Anvers,"NORFOLK,VA",902214,INSTRUMENTS FOR MEDICAL USE HTS:,NO MARKS,859.0,PKG,2070.0,0.0,EXDO611726295,FANU1538445,
2025-09-24,美国,中国,KCI IMPORT INC,KCI MANUFACTURING UNLIMITED,12930 W INTERSTATE 10 SAN ANTONIO TX 78249 US , COMPANY IDA BUSINESS & TECHNOLOGY PARK N37 XF22 ATHLONE CO WESTMEATH IE ,N/A,N/A,,"CN, CHINA",,LIVERPOOL,"NORFOLK,VA",902214,INSTRUMENTS FOR MEDICAL USE HTS:,NO MARKS,1260.0,PKG,2500.0,0.0,EXDO611726181,ACLU9687690,
2025-04-18,美国,中国,OWEN MUMFORD INC,OWEN MUMFORD SDN BHD,1775 WEST OAK COMMONS COURT MARIETTA GA 30062 UNITED STATES , NO 19 & 21 JALAN BIOTEKNOLOGI 3 ISKANDAR PUTERI JOHOR 79200 ,OWEN MUMFORD INC,1775 WEST OAK COMMONS COURT MARIETTA GA 30062 UNITED STATES ,,"CN, CHINA",,SHANGHAI,Savannah,902214,15 PACKAGES OF MEDICAL DEVICES (SINGLE USE LANCING DEVICE),.,15.0,PKG,5776.0,0.0,DWSDPKG03082012,MSKU0601727,
2025-11-22,美国,中国,KCI IMPORT INC,KCI MANUFACTURING UNLIMITED,12930 W INTERSTATE 10 SAN ANTONIO TX 78249 US , COMPANY IDA BUSINESS & TECHNOLOGY PARK N37 XF22 ATHLONE CO WESTMEATH IE ,N/A,N/A,,"CN, CHINA",,LIVERPOOL,"NORFOLK,VA",902214,INSTRUMENTS FOR MEDICAL USE HTS:,NO MARKS,2988.0,CTN,3455.0,0.0,EXDO611726400,ACLU9699074,
2025-09-24,美国,中国,KCI IMPORT INC,KCI MANUFACTURING UNLIMITED,12930 W INTERSTATE 10 SAN ANTONIO TX 78249 US , COMPANY IDA BUSINESS & TECHNOLOGY PARK N37 XF22 ATHLONE CO WESTMEATH IE ,N/A,N/A,,"CN, CHINA",,LIVERPOOL,"NORFOLK,VA",902214,MEDICAL INSTRUMENTS FOR USE HTS:,NO MARKS,1124.0,CTN,2070.0,0.0,EXDO611726182,ACLU9668643,
2025-07-10,美国,中国,,,N/A,N/A,N/A,N/A,,"CN, CHINA",,"SHENZHEN,YANTIAN",Savannah,902214,COMMODE BUCKET 7QT WITH LID FOR MEDICAL USE,. . . . . . . . . . . . . . . . . . . . . .,265.0,CTN,4204.0,0.0,OOLU2158738110,OOLU1841719,
2025-08-27,美国,中国,KCI IMPORT INC,KCI MANUFACTURING UNLIMITED,12930 W INTERSTATE 10 SAN ANTONIO TX 78249 US , COMPANY IDA BUSINESS & TECHNOLOGY PARK N37 XF22 ATHLONE CO WESTMEATH IE ,N/A,N/A,,"CN, CHINA",,LIVERPOOL,"NORFOLK,VA",902214,INSTRUMENTS FOR MEDICAL USE HTS:INSTRUMENTS FOR MEDICAL USE HTS:INSTRUMENTS FOR MEDICAL USE HTS:,NO MARKSNO MARKSNO MARKS,4866.0,PKG,7348.0,0.0,EXDO611726068,"ACLU9775180,ACLU9785531,ACLU9767266",
2025-10-13,美国,中国,MEDICAL ACTION INDUSTRIES INC,ARCROYAL UC VIRGINIA,25 HEYWOOD ROAD ARDEN NC 28704 US ,MEATH IE ,N/A,N/A,,"CN, CHINA",,LIVERPOOL,"NORFOLK,VA",902214,INSTRUMENTS FOR MEDICAL USE HTS:,NO MARKS,1274.0,PCS,4596.0,0.0,EXDO611726269,ACLU9730631,
2025-02-07,美国,中国,VARIAN MEDICAL SYSTEMS SAN JOSE,VARIAN MEDICAL SYSTEMS CHINA CO LT,6212 HELLYER AVE, NO 8 YUN CHENG STREET ,N/A,N/A,,"CN, CHINA",,QINGDAO,"OAKLAND, CA",902214,"MEDICAL EQUIPMENT BASE MODEL ASSY, ,MV HALCYON HS902214",HAL2365,5.0,PKG,7307.0,0.0,CHSL499493618BJS,CBHU9046534,
2025-07-02,美国,中国,PUSEN USA INC,ZHUHAI PUSEN MEDICAL TECHNOLOGY CO,2222 EAST BEAMER STREET WOODLAND CA 95776 WOODLAND 95776 US ,NO 33 KE JI SAN ROAD HIGH-TECH ZONEZHUHAI CITY GUANGDONG PROVINCE 51 9085 ZHUHAI CN ,N/A,N/A,,"CN, CHINA",,"SHENZHEN,YANTIAN","OAKLAND, CA",902214,MEDICAL VIDEO ENDOSCOPE - SINGLE USE FLEXIBLEVIDEO URETEROSCOPE PU3033A-R SINGLE USE CYST O-NEPHRO VIDEOSCOPE PC200-AR SINGLE USE CYSTO-NEPHRO VIDEOSCOPE PC200-AS TROLLEY TR700,PUSEN,832.0,CTN,6045.0,0.0,SXCOZSOE25050081,MSDU5975616,
2025-03-12,美国,中国,PROMED EXPORT SERVICES LLC,NANNING YOLONG TECHNOLOGY CO LTD,6324 S 23RD ST MCALLEN TX 78503 USAUS , BUILDING 2 KAIDE INDUSTRIAL PARK NO 3 ZHENHUA ROAD NANNING CITY CHINA CN ,N/A,N/A,,"CN, CHINA",,HULUTAO,"HOUSTON,TX",902214,MEDICAL X-RAY DIAGNOSTIC SYSTEM HS CODE: 9022140090 +++DDC COLLECT+++ +++THIS SHIPMENT CONTAINS NO SOLID WOODEN PACKING MATERIALS+++ AMS SCAC CODE:CHKM AMS NO.:HST25005823,MEDICALBUY #1-6,6.0,PKG,1790.0,0.0,CHKMHST25005823,ZCSU6608636,
2025-11-22,美国,中国,KCI IMPORT INC,KCI MANUFACTURING UNLIMITED,12930 W INTERSTATE 10 SAN ANTONIO TX 78249 US , COMPANY IDA BUSINESS & TECHNOLOGY PARK N37 XF22 ATHLONE CO WESTMEATH IE ,N/A,N/A,,"CN, CHINA",,LIVERPOOL,"NORFOLK,VA",902214,INSTRUMENTS FOR MEDICAL USE HTS:,NO MARKS,3957.0,CTN,4483.0,0.0,EXDO611726402,SEGU4671937,
2025-10-28,美国,中国,,,N/A,N/A,N/A,N/A,,"CN, CHINA",,NINGBO,"OAKLAND, CA",902214,"CANNULA, FOR MEDICAL OR SURGICAL USECANNULA, FOR MEDICAL OR SURGICAL USE",NO MARKSNO MARKS,8853.0,CTN,24434.0,0.0,COSU6429873520,"BMOU4943160,CCLU7454558",
2025-11-22,美国,中国,KCI IMPORT INC,KCI MANUFACTURING UNLIMITED,12930 W INTERSTATE 10 SAN ANTONIO TX 78249 US , COMPANY IDA BUSINESS & TECHNOLOGY PARK N37 XF22 ATHLONE CO WESTMEATH IE ,N/A,N/A,,"CN, CHINA",,LIVERPOOL,"NORFOLK,VA",902214,INSTRUMENTS FOR MEDICAL USE HTS:INSTRUMENTS FOR MEDICAL USE HTS:,NO MARKSNO MARKS,7962.0,CTN,9032.0,0.0,EXDO611726452,"GCNU4788125,SEGU6001976",
2025-11-11,美国,中国,KCI IMPORT INC,KCI MANUFACTURING UNLIMITED,12930 W INTERSTATE 10 SAN ANTONIO TX 78249 US , COMPANY IDA BUSINESS & TECHNOLOGY PARK N37 XF22 ATHLONE CO WESTMEATH IE ,N/A,N/A,,"CN, CHINA",,LIVERPOOL,"NORFOLK,VA",902214,INSTRUMENTS FOR MEDICAL USE HTS:,NO MARKS,2505.0,CTN,2818.0,0.0,EXDO611726390,FCIU7064970,
2025-09-24,美国,中国,KCI IMPORT INC,KCI MANUFACTURING UNLIMITED,12930 W INTERSTATE 10 SAN ANTONIO TX 78249 US , COMPANY IDA BUSINESS & TECHNOLOGY PARK N37 XF22 ATHLONE CO WESTMEATH IE ,N/A,N/A,,"CN, CHINA",,LIVERPOOL,"NORFOLK,VA",902214,INSTRUMENTS FOR MEDICAL USE HTS:,NO MARKS,3240.0,PKG,3537.0,0.0,EXDO611726172,ACLU9799746,
2025-02-06,美国,中国,CARDINAL HEALTH 200 LLC,,6275 LANCE DR RIVERSIDE CA UNITED STATES ,N/A,N/A,N/A,,"CN, CHINA",,"SHENZHEN,YANTIAN",LONG BEACH,902214,"AXILLARY CRUTCH,COMMODE BUCKET 7QT WITH LID FOR MEDICAL USE",. . . . . . . . . . . . . . . . . . . . . . .,805.0,CTN,10238.0,0.0,OOLU2155304310,FCIU9449353,
2025-09-05,美国,中国,MYLAN PHARMACEUTICALS INC,KUEHNE NAGEL IRELAND,2898 MANUFACTURERS RD GREENSBORO DISTRIBUTION CENTRE GREENSBORO NC 27406-4600 US ,UNIT D2 HORIZON LOGISTICS PARK DUBLIN DUBLIN K67 A5W6 IE ,N/A,N/A,,"CN, CHINA",,RINGASKIDDY,Wilmington,902214,INSTRUMENTS FOR MEDICAL USE HTS:,WIXELA,1179.0,PKG,3818.0,0.0,EXDO611726105,CAAU4026574,
2025-01-10,美国,中国,CARDINAL HEALTH,,500 NEELYTOWN ROAD,N/A,N/A,N/A,,"CN, CHINA",,"SHENZHEN,YANTIAN","NEW YORK,NY",902214,"AXILLARY CRUTCH, TALL,H70-78,300LB, AXILLARY CRUTCH, YOUTH,H52-62,300LB, COMMODE BUCKET 7QT WITH LID FOR MEDICAL USE",NO MARKS,830.0,CTN,9727.0,0.0,DMALSZXC68158,HLXU8071532,
2025-09-27,美国,中国,KCI IMPORT INC,KCI MANUFACTURING UNLIMITED,12930 W INTERSTATE 10 SAN ANTONIO TX 78249 US , COMPANY IDA BUSINESS & TECHNOLOGY PARK N37 XF22 ATHLONE CO WESTMEATH IE ,N/A,N/A,,"CN, CHINA",,LIVERPOOL,"NORFOLK,VA",902214,INSTRUMENTS FOR MEDICAL USE HTS:,NO MARKS,1134.0,PKG,2310.0,0.0,EXDO611726203,ACLU9686035,
2025-06-01,美国,中国,SEDECAL USA INC,SEDECAL HUNGARY LTD,5481 SKYLAND BOULEVARD E 5481 SKYLAND BOULEVARD E COTTONDALE AL 35453 US ,DOZSA GYORGY U 86 2220 VECSES HU ,N/A,N/A,,"CN, CHINA",,BREMERHAVEN,Savannah,902214,VETERINARY X-RAY EQUIPMENT HTS: 902214,NO MARKS,61.0,PCS,7909.0,0.0,EXDO617534691,TRHU5447156,
2025-09-20,美国,中国,KCI IMPORT INC,KCI MANUFACTURING UNLIMITED,12930 W INTERSTATE 10 SAN ANTONIO TX 78249 US , COMPANY IDA BUSINESS & TECHNOLOGY PARK N37 XF22 ATHLONE CO WESTMEATH IE ,N/A,N/A,,"CN, CHINA",,Anvers,"HOUSTON,TX",902214,INSTRUMENTS FOR MEDICAL USE HTS:INSTRUMENTS FOR MEDICAL USE HTS:,NO MARKSNO MARKS,10080.0,PKG,11424.0,0.0,EXDO611726098,"UACU5399708,FANU3146567",
2025-10-22,美国,中国,KCI IMPORT INC,KCI MANUFACTURING UNLIMITED,12930 W INTERSTATE 10 SAN ANTONIO TX 78249 US , COMPANY IDA BUSINESS & TECHNOLOGY PARK N37 XF22 ATHLONE CO WESTMEATH IE ,N/A,N/A,,"CN, CHINA",,ROTTERDAM,"NORFOLK,VA",902214,INSTRUMENTS FOR MEDICAL USE HTS:,NO MARKS,1228.0,PKG,1836.0,0.0,EXDO611726225,FANU3212437,
2025-10-28,美国,中国,,,N/A,N/A,N/A,N/A,,"CN, CHINA",,NINGBO,"OAKLAND, CA",902214,"CANNULA, FOR MEDICAL OR SURGICAL USE",NO MARKS,4431.0,CTN,12185.0,0.0,COSU6430213590,SORU9000724,
2025-11-01,美国,中国,NOTIFY PARTY,YUHONG INDUSTRIAL LIMITED,N/A, NO 2 ZHUHAI ROAD CHANGSHU CITY SUZ HOU CITY 215500 ,NOTIFY PARTY,1 BUNZL INTERNATIONAL 11973 WESTLINE INDUSTRIAL DRIVE SU ITE 125 ST LOUIS MO 63146 TO BE C ONTINUED 2,,"CN, CHINA",,SHANGHAI,"NORFOLK,VA",902214,"CAST POLY GLOVES NOT FOR MEDICAL USE VINYL GLOVES NOT FOR MEDICAL USE HDPE GLOVE NOT FOR MEDICAL USE PO# CUSTOMER PO# / ORDER# NO SOLID WOOD PACKING MATERIA L TO BE CONTINUED BUNZL EIN# = - ATTN= BARBARA HALL TEL= - - TO BE CO NTINUED TEL= - - FAX= - - I MPORT.PAYMENTS@BUNZLUSA.COM NOTIFY PARTY LI VINGSTON INT I E. PIERCE ROAD STE ITA SCA, IL BIS@LIVINGSTONINTL.COM TEL= - - - ; FAX= - - - X HQ F CL CY TO CY",. . . . . . . . . . .,3477.0,CTN,16783.0,0.0,WHLC130F505167,WHSU5666911,
2025-10-22,美国,中国,KCI IMPORT INC,KCI MANUFACTURING UNLIMITED,12930 W INTERSTATE 10 SAN ANTONIO TX 78249 US , COMPANY IDA BUSINESS & TECHNOLOGY PARK N37 XF22 ATHLONE CO WESTMEATH IE ,N/A,N/A,,"CN, CHINA",,ROTTERDAM,"NORFOLK,VA",902214,INSTRUMENTS FOR MEDICAL USE HTS:,NO MARKS,1446.0,PKG,1811.0,0.0,EXDO611726226,CXDU1810687,
2025-02-07,美国,中国,VARIAN MEDICAL SYSTEMS SAN JOSE,VARIAN MEDICAL SYSTEMS CHINA CO LT,6212 HELLYER AVE, NO 8 YUN CHENG STREET ,N/A,N/A,,"CN, CHINA",,QINGDAO,"OAKLAND, CA",902214,"MEDICAL EQUIPMENT BASE MODEL ASSY, ,MV HALCYON HS902214",HAL2378,5.0,PKG,7307.0,0.0,CHSL498657905BJS,DFSU6868684,
2025-11-02,美国,中国,KCI IMPORT INC,KCI MANUFACTURING UNLIMITED,12930 W INTERSTATE 10 SAN ANTONIO TX 78249 US , COMPANY IDA BUSINESS & TECHNOLOGY PARK N37 XF22 ATHLONE CO WESTMEATH IE ,N/A,N/A,,"CN, CHINA",,ROTTERDAM,"HOUSTON,TX",902214,INSTRUMENTS FOR MEDICAL USE HTS:,NO MARKS,1485.0,CTN,1826.0,0.0,EXDO611726340,HLBU2911910,
2025-10-13,美国,中国,AIR TITE PRODUCTS CO INC,SHANGHAI KLCARE MEDICAL DEVICES CO,565 CENTRAL DR ,NO 469 FENGJIN ROAD FENGXIAN DIST RICT SHANGHAI 201401 CHINA ,N/A,N/A,,"CN, CHINA",,SHANGHAI,"NORFOLK,VA",902214,DISPOSABLE SYRINGES VETERINARY & LABORATORY USE ONLY BULK DISPENSERNON MEDICAL USE,NO MARKS,740.0,CTN,8399.0,0.0,DFDSRAF0017729,HAMU1699962,
